Date,Open,High,Low,Close,Volume,Dividends,Stock Splits,Symbol
2021-10-04,719.2080845035614,727.6281531173735,716.4825327356028,724.4158935546875,3414151,0.0,0.0,ADANIPORTS
2021-10-05,724.3672413889334,733.7606662669162,722.2743740871288,724.1725463867188,3270764,0.0,0.0,ADANIPORTS
2021-10-06,727.8228294120134,729.0882577632673,702.660001423776,704.7528686523438,3615568,0.0,0.0,ADANIPORTS
2021-10-07,710.5934260292734,719.1594718851932,707.2351301470306,716.5799560546875,3237419,0.0,0.0,ADANIPORTS
2021-10-08,720.0355296072917,727.141451589034,714.0003410181479,720.230224609375,2878232,0.0,0.0,ADANIPORTS
2021-10-11,724.1238793362115,726.1680283050171,716.9205802233847,717.8453369140625,2118247,0.0,0.0,ADANIPORTS
2021-10-12,718.0399981797937,721.2522575852465,709.4738938818264,717.3099365234375,2152513,0.0,0.0,ADANIPORTS
2021-10-13,720.9115181679742,744.2734909014229,719.4513948721337,738.8223876953125,9083125,0.0,0.0,ADANIPORTS
2021-10-14,745.7336210919078,795.961898580747,743.9328261087496,791.192138671875,19754735,0.0,0.0,ADANIPORTS
2021-10-18,799.0769014140689,807.8376419413454,785.5464006124676,789.0020141601562,8883845,0.0,0.0,ADANIPORTS
2021-10-19,793.3336805281634,798.2007583228147,764.1312137602556,771.1884765625,5543852,0.0,0.0,ADANIPORTS
2021-10-20,770.9450766536734,781.5553293776965,756.8305518917058,773.7680053710938,5467049,0.0,0.0,ADANIPORTS
2021-10-21,777.7590486080601,781.5553931360068,754.6890874739674,758.6314086914062,4607499,0.0,0.0,ADANIPORTS
2021-10-22,759.556161781977,766.3700708113906,733.8580262328745,741.5479736328125,3860760,0.0,0.0,ADANIPORTS
2021-10-25,744.662871755075,745.1982384078101,718.9160194046899,732.05712890625,2973109,0.0,0.0,ADANIPORTS
2021-10-26,732.00850438885,738.3843644528079,720.3761765123907,729.96435546875,3093933,0.0,0.0,ADANIPORTS
2021-10-27,733.6146615647152,736.4375310450425,723.880505951371,726.02197265625,3246881,0.0,0.0,ADANIPORTS
2021-10-28,705.0935022460977,714.9736934564385,663.0419996640784,669.8071899414062,18160551,0.0,0.0,ADANIPORTS
2021-10-29,678.4706274695899,690.7356394378718,668.7364721256932,674.5769653320312,7612968,0.0,0.0,ADANIPORTS
2021-11-01,686.2579146842228,688.204745647866,671.6566824568989,685.6738891601562,3233662,0.0,0.0,ADANIPORTS
2021-11-02,688.2047505140648,695.9920744237007,682.023585925818,683.6783447265625,3028354,0.0,0.0,ADANIPORTS
2021-11-03,683.3377701152017,700.664556392303,683.3377701152017,690.3463745117188,3036191,0.0,0.0,ADANIPORTS
2021-11-04,694.0452818080431,697.4035773122089,694.0452818080431,694.7266845703125,453287,0.0,0.0,ADANIPORTS
2021-11-08,697.9389814728703,715.5577799737532,690.2489745089072,711.0314331054688,3227351,0.0,0.0,ADANIPORTS
2021-11-09,711.5667598894174,724.7078696821768,708.4518182782493,717.7479248046875,3456614,0.0,0.0,ADANIPORTS
2021-11-10,716.8232628483056,725.2432720379027,710.6906971131625,718.2833862304688,2751881,0.0,0.0,ADANIPORTS
2021-11-11,715.4117625744423,721.8362813695433,709.1332204627115,715.5577392578125,2325810,0.0,0.0,ADANIPORTS
2021-11-12,718.0886261615514,735.4154101773257,714.7303308043698,730.3536376953125,4585484,0.0,0.0,ADANIPORTS
2021-11-15,733.8580439987782,736.3889007916581,720.8629101019696,729.8670043945312,2434426,0.0,0.0,ADANIPORTS
2021-11-16,732.6899265395946,741.4506668503608,723.6858323313071,726.6060791015625,3378779,0.0,0.0,ADANIPORTS
2021-11-17,724.6105517508776,725.1945773098577,713.513590829699,715.9957885742188,2444025,0.0,0.0,ADANIPORTS
2021-11-18,719.7921442569722,721.5929392692686,697.1115737007482,706.7483520507812,2202581,0.0,0.0,ADANIPORTS
2021-11-22,705.7262820797367,713.9029965612751,685.2845552884615,695.9921264648438,3557560,0.0,0.0,ADANIPORTS
2021-11-23,695.0186942920809,714.0976150762475,686.4526494382218,709.86328125,3487221,0.0,0.0,ADANIPORTS
2021-11-24,716.093218398991,751.8175238126773,712.5402276518178,742.7647705078125,11647665,0.0,0.0,ADANIPORTS
2021-11-25,744.4681667354334,753.7156140378269,735.4154144166565,742.1806640625,6140941,0.0,0.0,ADANIPORTS
2021-11-26,730.0617006982085,745.6363503131035,694.2886773639963,698.0850219726562,7219931,0.0,0.0,ADANIPORTS
2021-11-29,688.2048051852607,695.9921297135239,664.5021599173881,683.9217529296875,5930351,0.0,0.0,ADANIPORTS
2021-11-30,685.2845121087649,693.7045799501282,661.6305273375241,665.670166015625,6190734,0.0,0.0,ADANIPORTS
2021-12-01,676.5238338854043,692.1471421954951,664.5994929284313,689.1295776367188,5582125,0.0,0.0,ADANIPORTS
2021-12-02,691.1250470088809,722.5663576874749,683.6297353207774,719.451416015625,8478638,0.0,0.0,ADANIPORTS
2021-12-03,719.3541191922353,726.6547360987871,714.4870412545341,717.8453369140625,5578503,0.0,0.0,ADANIPORTS
2021-12-06,719.3541300286298,724.7079158407508,702.3193569900628,704.217529296875,3537411,0.0,0.0,ADANIPORTS
2021-12-07,709.6200112858075,730.0130811058231,706.5050693126001,724.9026489257812,3993342,0.0,0.0,ADANIPORTS
2021-12-08,731.2297797870011,744.0788770480286,728.3095331100662,741.1586303710938,4621331,0.0,0.0,ADANIPORTS
2021-12-09,746.3176547495789,755.1757117855052,739.7957592004303,749.2865600585938,4687479,0.0,0.0,ADANIPORTS
2021-12-10,748.4105299423704,773.8167117195391,742.7160726783446,747.2911376953125,10049545,0.0,0.0,ADANIPORTS
2021-12-13,754.3970640838952,758.0960313543085,730.1589927115261,738.2870483398438,4985928,0.0,0.0,ADANIPORTS
2021-12-14,735.8047711844184,745.6362435814984,730.5483039267815,743.3973999023438,2919015,0.0,0.0,ADANIPORTS
2021-12-15,743.3974488644313,746.2690365477787,723.1990767060252,725.6812744140625,4673906,0.0,0.0,ADANIPORTS
2021-12-16,732.008510109892,736.3402212876044,719.6947793596371,725.3406372070312,3303620,0.0,0.0,ADANIPORTS
2021-12-17,724.7079019933655,724.7079019933655,702.0273307779008,704.7042236328125,4973404,0.0,0.0,ADANIPORTS
2021-12-20,697.9389616264839,697.9389616264839,667.2763712621404,683.0457153320312,4559002,0.0,0.0,ADANIPORTS
2021-12-21,691.1251035688239,708.6465850677519,683.0457656490556,706.3103637695312,6943546,0.0,0.0,ADANIPORTS
2021-12-22,707.6731212426669,710.4960501680858,698.1823194103202,703.6334228515625,3626585,0.0,0.0,ADANIPORTS
2021-12-23,713.3188267819448,727.6280457173609,709.473823888618,711.8587036132812,6641505,0.0,0.0,ADANIPORTS
2021-12-24,713.0268462162513,715.363067156594,694.4346341277211,703.1953735351562,3946754,0.0,0.0,ADANIPORTS
2021-12-27,697.9389934550093,707.0891239682635,694.0453310089562,703.9741821289062,2663285,0.0,0.0,ADANIPORTS
2021-12-28,707.7704140777902,719.2567649588913,705.9209602027058,709.86328125,3604123,0.0,0.0,ADANIPORTS
2021-12-29,709.6199188179642,714.6816914382741,700.9564968670932,703.5360717773438,2396416,0.0,0.0,ADANIPORTS
2021-12-30,703.6821285858828,706.6996930418321,697.4035863726251,704.9962158203125,3654532,0.0,0.0,ADANIPORTS
2021-12-31,705.7262853592094,715.4604410193365,705.7262853592094,710.8853759765625,2538092,0.0,0.0,ADANIPORTS
2022-01-03,712.5401954550268,719.0134327443394,711.0800721036845,717.0178833007812,2377227,0.0,0.0,ADANIPORTS
2022-01-04,723.2477815980882,727.141443948549,713.1729540312999,719.5974731445312,4068551,0.0,0.0,ADANIPORTS
2022-01-05,719.3540899213003,738.6277058878279,714.5356710765259,734.8314208984375,5409002,0.0,0.0,ADANIPORTS
2022-01-06,728.9909914445301,728.9909914445301,710.6907300109118,720.1328735351562,5440633,0.0,0.0,ADANIPORTS
2022-01-07,724.90259865053,727.8228454080216,711.0800854492215,716.5311889648438,2590751,0.0,0.0,ADANIPORTS
2022-01-10,717.5045916031924,723.2477672209851,714.5843448983969,719.2080688476562,2173107,0.0,0.0,ADANIPORTS
2022-01-11,719.0134587433205,748.4592807267948,709.1332666102824,744.76025390625,8959781,0.0,0.0,ADANIPORTS
2022-01-12,749.0432995100001,754.299767482117,733.9553578044705,743.25146484375,5775798,0.0,0.0,ADANIPORTS
2022-01-13,742.7160737369804,755.3704760418045,739.7958270512519,751.6715087890625,4049411,0.0,0.0,ADANIPORTS
2022-01-14,748.556501140194,773.8653035194463,743.348752107951,759.3613891601562,9627761,0.0,0.0,ADANIPORTS
2022-01-17,762.6710664523653,768.4142418345837,753.3263011453537,758.33935546875,3187871,0.0,0.0,ADANIPORTS
2022-01-18,759.2641429842611,768.9982986635465,739.7958316256903,742.6674194335938,4300929,0.0,0.0,ADANIPORTS
2022-01-19,741.4993252671027,741.4993252671027,716.4338738386447,724.4158935546875,5843870,0.0,0.0,ADANIPORTS
2022-01-20,724.2211695725356,731.7164811939051,715.460429618029,718.3806762695312,4741333,0.0,0.0,ADANIPORTS
2022-01-21,712.5400977945222,714.1462570258876,695.4566688077809,704.6554565429688,9244367,0.0,0.0,ADANIPORTS
2022-01-24,704.655532017264,705.9696192290846,670.6833059618605,683.7757568359375,5349759,0.0,0.0,ADANIPORTS
2022-01-25,677.4972491691888,693.8992780600518,671.6567556418682,692.19580078125,4482325,0.0,0.0,ADANIPORTS
2022-01-27,681.1962696466499,693.3639654441841,672.630223687701,690.2490234375,4749083,0.0,0.0,ADANIPORTS
2022-01-28,694.0453288833494,713.3189460497691,688.6915430364231,691.2711181640625,3543413,0.0,0.0,ADANIPORTS
2022-01-31,700.5672050977703,704.6555624179728,695.5540910936717,697.257568359375,2152066,0.0,0.0,ADANIPORTS
2022-02-01,701.8326518050709,724.5132235384482,701.491980108059,719.1107788085938,6052108,0.0,0.0,ADANIPORTS
2022-02-02,704.6555428230753,726.9953822420204,702.3193217300469,725.3892822265625,6167378,0.0,0.0,ADANIPORTS
2022-02-03,724.2697926383377,725.1945492480802,710.009291176503,713.02685546875,2689612,0.0,0.0,ADANIPORTS
2022-02-04,715.4604340309423,721.4469634684745,704.7528629093908,707.6244506835938,2453595,0.0,0.0,ADANIPORTS
2022-02-07,709.4252707619263,710.4960635594546,694.3859880000805,696.13818359375,2610637,0.0,0.0,ADANIPORTS
2022-02-08,699.885761878706,703.7794239753887,684.3111134919754,698.7176513671875,3207780,0.0,0.0,ADANIPORTS
2022-02-09,702.8059799389939,715.849771198733,699.9343923766746,713.9515991210938,3186942,0.0,0.0,ADANIPORTS
2022-02-10,717.30999555135,721.836342545692,708.6952316498915,711.615478515625,4752601,0.0,0.0,ADANIPORTS
2022-02-11,708.5491724481664,714.3896654995455,700.323799518294,704.4608154296875,3621116,0.0,0.0,ADANIPORTS
2022-02-14,695.7973989109759,695.7973989109759,672.6301215141316,677.2538452148438,6219506,0.0,0.0,ADANIPORTS
2022-02-15,681.0988875007218,703.2440917601391,671.6567445713351,701.4432373046875,3319096,0.0,0.0,ADANIPORTS
2022-02-16,705.6290034467289,730.8890911391004,702.9033921932473,721.0576171875,9382605,0.0,0.0,ADANIPORTS
2022-02-17,721.3981716327638,725.1945156812216,711.9073709241841,714.681640625,3407347,0.0,0.0,ADANIPORTS
2022-02-18,710.4960722860909,719.548825510092,706.2130198685164,708.1598510742188,2151557,0.0,0.0,ADANIPORTS
2022-02-21,703.48745724828,707.4297784967068,690.68701850254,692.19580078125,2805791,0.0,0.0,ADANIPORTS
2022-02-22,679.4439989996307,692.1957179092394,666.7895978721305,686.7932739257812,6112926,0.0,0.0,ADANIPORTS
2022-02-23,692.0985171488749,700.2752322557483,686.2580233332726,687.912841796875,2978284,0.0,0.0,ADANIPORTS
2022-02-24,663.8694185940952,669.7099120128116,634.6182926045383,637.441162109375,9547717,0.0,0.0,ADANIPORTS
2022-02-25,656.5688054476915,684.3111493398475,652.4317892532472,676.6698608398438,5738223,0.0,0.0,ADANIPORTS
2022-02-28,671.6566960095516,690.7843343783288,666.3029107515046,688.6914672851562,4288186,0.0,0.0,ADANIPORTS
2022-03-02,684.262412292221,698.8149853613406,679.0546039123512,691.4169921875,4448558,0.0,0.0,ADANIPORTS
2022-03-03,699.6911472266428,705.3369460325433,684.3111920614051,687.912841796875,7533817,0.0,0.0,ADANIPORTS
2022-03-04,681.2935113668218,691.8063865626048,670.731917867476,681.536865234375,7941457,0.0,0.0,ADANIPORTS
2022-03-07,671.6566866950471,673.3115049070989,645.9098351558904,659.781005859375,4890958,0.0,0.0,ADANIPORTS
2022-03-08,661.5819167551604,673.6035752948889,652.7724583054229,670.5372924804688,3831397,0.0,0.0,ADANIPORTS
2022-03-09,678.4705859426483,698.9123109136607,674.284911283478,695.115966796875,5351552,0.0,0.0,ADANIPORTS
2022-03-10,708.5492490514328,718.0400512860012,701.4432675406196,710.9827880859375,5850213,0.0,0.0,ADANIPORTS
2022-03-11,710.1066422933254,712.2968272764097,703.0980384649416,710.0579833984375,2864685,0.0,0.0,ADANIPORTS
2022-03-14,706.6510353482366,714.0003109196329,704.7528631299444,711.1287231445312,1905433,0.0,0.0,ADANIPORTS
2022-03-15,713.5136697851601,716.4339167283464,697.2089576857039,702.1246948242188,4228582,0.0,0.0,ADANIPORTS
2022-03-16,706.6996926064398,710.10664704738,701.8326148336682,704.5581665039062,2693057,0.0,0.0,ADANIPORTS
2022-03-17,711.0800394332811,724.0264540045149,710.155282804071,720.4248046875,4957379,0.0,0.0,ADANIPORTS
2022-03-21,721.3009638763878,730.4997532334395,706.115704191388,715.6065063476562,6662688,0.0,0.0,ADANIPORTS
2022-03-22,715.4604844960056,724.1239073250008,703.8281558927733,719.5001831054688,5010054,0.0,0.0,ADANIPORTS
2022-03-23,728.0661648917239,731.0350704056644,712.3454801585849,714.24365234375,4698808,0.0,0.0,ADANIPORTS
2022-03-24,713.5135502704744,722.5663023954856,711.5667193011144,713.9515991210938,2914647,0.0,0.0,ADANIPORTS
2022-03-25,717.4073023585971,727.0441406329212,710.6420520074362,723.4911499023438,4003497,0.0,0.0,ADANIPORTS
2022-03-28,727.1413816040537,729.7696153477866,707.235022661563,717.4072265625,5691095,0.0,0.0,ADANIPORTS
2022-03-29,721.3009026346087,746.5123884485381,718.4293149588804,741.6939697265625,11423551,0.0,0.0,ADANIPORTS
2022-03-30,748.3618305360757,755.3217751820769,741.8399347511108,746.9990844726562,6913983,0.0,0.0,ADANIPORTS
2022-03-31,746.9990726667053,760.2374995989197,745.1495594660346,753.6182861328125,5468951,0.0,0.0,ADANIPORTS
2022-04-01,753.910342171281,769.6796859365254,753.910342171281,764.8612670898438,6816743,0.0,0.0,ADANIPORTS
2022-04-04,769.9716604642281,800.2935770528462,762.8170803045874,796.7892456054688,13743062,0.0,0.0,ADANIPORTS
2022-04-05,817.6690824272222,838.0134916954996,804.0412643867685,825.5050659179688,21090646,0.0,0.0,ADANIPORTS
2022-04-06,830.2747648188587,839.7169070765202,817.6690221777712,827.2571411132812,8785541,0.0,0.0,ADANIPORTS
2022-04-07,827.4032461383355,842.97789547741,791.970895126912,795.669921875,11662093,0.0,0.0,ADANIPORTS
2022-04-08,801.1210090893879,822.3414564998855,795.6699056965784,816.9876708984375,5777924,0.0,0.0,ADANIPORTS
2022-04-11,817.6690905265194,837.1374022057223,816.9876877352328,831.832275390625,6030153,0.0,0.0,ADANIPORTS
2022-04-12,831.1995212598333,836.1639165570192,812.8019444995472,822.4387817382812,5597246,0.0,0.0,ADANIPORTS
2022-04-13,827.3058915636782,832.1729692657528,814.2620995570903,818.15576171875,2955807,0.0,0.0,ADANIPORTS
2022-04-18,809.2490602332355,824.2396847002242,799.5636222448223,820.29736328125,3969878,0.0,0.0,ADANIPORTS
2022-04-19,826.4298018588569,827.6465712962228,785.5463487633658,797.5193481445312,4472320,0.0,0.0,ADANIPORTS
2022-04-20,803.6519113882251,813.7267986937594,798.2008076861301,805.6474609375,3071216,0.0,0.0,ADANIPORTS
2022-04-21,810.8551809051891,836.0666682781944,810.173778114351,827.8899536132812,5539106,0.0,0.0,ADANIPORTS
2022-04-22,824.9210469574624,862.4462057660085,818.3504917780938,850.9112548828125,17864000,0.0,0.0,ADANIPORTS
2022-04-25,850.7165487851208,857.5304577711249,826.0891467610776,836.6993408203125,10145325,0.0,0.0,ADANIPORTS
2022-04-26,844.9247837496564,888.7284879763091,842.3939268260359,885.321533203125,21010788,0.0,0.0,ADANIPORTS
2022-04-27,889.7504749473262,900.0687154637446,856.6056872274596,863.7116088867188,20793885,0.0,0.0,ADANIPORTS
2022-04-28,875.10057549597,876.3173449279722,853.4907385010972,863.5169067382812,8778304,0.0,0.0,ADANIPORTS
2022-04-29,868.9680909742108,875.0032793890075,829.4473831959153,833.6331176757812,11543840,0.0,0.0,ADANIPORTS
2022-05-02,827.4031929535408,839.9115586349287,815.7708655936215,833.779052734375,5760499,0.0,0.0,ADANIPORTS
2022-05-04,837.6240717914021,841.2257211702881,784.3782298949548,791.192138671875,7969164,0.0,0.0,ADANIPORTS
2022-05-05,799.0769286810782,813.2887733674722,784.573011770416,789.78076171875,6597383,0.0,0.0,ADANIPORTS
2022-05-06,776.688296718391,799.1255134253931,769.1929850467543,789.8294067382812,6150326,0.0,0.0,ADANIPORTS
2022-05-09,785.9843698212965,785.9843698212965,762.1843485863731,771.5291137695312,4768026,0.0,0.0,ADANIPORTS
2022-05-10,774.0600509240644,782.5774369170392,744.7115485661004,748.6538696289062,5344522,0.0,0.0,ADANIPORTS
2022-05-11,750.5033749653219,764.0825335154962,729.136892161292,739.698486328125,8985117,0.0,0.0,ADANIPORTS
2022-05-12,738.8224464770102,738.8224464770102,686.5500164445409,694.3373413085938,10570456,0.0,0.0,ADANIPORTS
2022-05-13,707.6730767268695,716.3364985426107,683.142993959188,687.134033203125,7247809,0.0,0.0,ADANIPORTS
2022-05-16,695.9921326754386,708.7925711882741,685.2845614035087,693.55859375,5606071,0.0,0.0,ADANIPORTS
2022-05-17,700.8591979796072,727.4334306871532,696.3327918942941,724.9512329101562,4430294,0.0,0.0,ADANIPORTS
2022-05-18,732.6412496037057,746.8044342082076,722.274350059521,739.6011352539062,9020504,0.0,0.0,ADANIPORTS
2022-05-19,724.221112850491,727.4820309242405,710.5932962108311,713.31884765625,4445667,0.0,0.0,ADANIPORTS
2022-05-20,730.0130505840766,752.2555735679379,725.291949215214,747.1451416015625,5434279,0.0,0.0,ADANIPORTS
2022-05-23,754.2510749609467,759.1668714083017,731.2784899243595,733.517333984375,4787481,0.0,0.0,ADANIPORTS
2022-05-24,736.4861927500302,744.4682122659352,727.628134873125,732.154541015625,4653281,0.0,0.0,ADANIPORTS
2022-05-25,715.460471827004,724.1725534004735,686.6473935973678,689.0809326171875,7699306,0.0,0.0,ADANIPORTS
2022-05-26,693.0718765313168,700.1777982143626,650.3876281251397,682.8510131835938,13569693,0.0,0.0,ADANIPORTS
2022-05-27,695.1160182816074,695.1160182816074,678.4706361945174,684.408447265625,5815428,0.0,0.0,ADANIPORTS
2022-05-30,695.0186828053576,717.4072398144937,691.1250207168121,715.1683959960938,5546106,0.0,0.0,ADANIPORTS
2022-05-31,711.6640113019971,729.0881716115443,708.6464471738375,720.181396484375,6346866,0.0,0.0,ADANIPORTS
2022-06-01,720.1328059471393,723.9291503252189,709.6685888727019,717.3099365234375,3196984,0.0,0.0,ADANIPORTS
2022-06-02,717.407296981351,731.9112131819599,710.8367416833536,728.5529174804688,3536560,0.0,0.0,ADANIPORTS
2022-06-03,737.8490231653116,738.3357309642333,719.1107729068258,720.230224609375,2960614,0.0,0.0,ADANIPORTS
2022-06-06,718.8674186307704,725.194620013438,706.0183208634539,721.5443115234375,2753267,0.0,0.0,ADANIPORTS
2022-06-07,719.3541111006876,722.7610656187559,694.4346961049889,715.0223999023438,2488075,0.0,0.0,ADANIPORTS
2022-06-08,715.9957795858334,720.3274905670272,706.0669293198281,709.2305297851562,2839931,0.0,0.0,ADANIPORTS
2022-06-09,706.6996957453475,717.4072668930044,703.8767668595734,715.9471435546875,2604731,0.0,0.0,ADANIPORTS
2022-06-10,706.6996603239064,712.6861894759749,699.1070312277334,707.0890502929688,3377686,0.0,0.0,ADANIPORTS
2022-06-13,692.0984455590109,695.7000949219304,670.4886087940638,676.7671508789062,4535069,0.0,0.0,ADANIPORTS
2022-06-14,676.9132499800925,702.6113868549486,675.1123954247278,685.9660034179688,6144330,0.0,0.0,ADANIPORTS
2022-06-15,692.0012053883097,694.3373672873894,682.9483923650762,685.041259765625,2447673,0.0,0.0,ADANIPORTS
2022-06-16,693.0232129771895,698.0362674141161,659.0023276088142,663.577392578125,4301251,0.0,0.0,ADANIPORTS
2022-06-17,659.0023655855703,671.1214017687355,645.3745470948791,651.1663818359375,6103963,0.0,0.0,ADANIPORTS
2022-06-20,653.1617956659196,655.9847243600539,635.7376345798498,645.5205078125,3507676,0.0,0.0,ADANIPORTS
2022-06-21,652.6750745822887,673.1654584044097,649.3654382093881,670.7805786132812,3313116,0.0,0.0,ADANIPORTS
2022-06-22,666.692302347276,669.5638305535598,647.8566767003686,650.5335693359375,2964156,0.0,0.0,ADANIPORTS
2022-06-23,654.8166774178962,665.134858877596,648.4894761008455,657.3475341796875,2762533,0.0,0.0,ADANIPORTS
2022-06-24,664.8428898758294,669.6613092325546,659.0997137678012,668.1525268554688,2740927,0.0,0.0,ADANIPORTS
2022-06-27,679.444000299607,680.1254030133662,666.6922813656005,669.4664916992188,2711512,0.0,0.0,ADANIPORTS
2022-06-28,662.8960018708867,665.621553579031,652.431784513894,660.0244140625,4596840,0.0,0.0,ADANIPORTS
2022-06-29,657.0554543755895,666.2055837274762,649.2681304718789,659.781005859375,3332554,0.0,0.0,ADANIPORTS
2022-06-30,662.4579927868721,667.6658020366228,648.8788329135585,654.1839599609375,3502799,0.0,0.0,ADANIPORTS
2022-07-01,652.1883511180714,661.922505612371,638.560534826052,659.8783569335938,3151179,0.0,0.0,ADANIPORTS
2022-07-04,661.7765784749428,666.1082898205271,655.2060231096125,663.8694458007812,1874921,0.0,0.0,ADANIPORTS
2022-07-05,668.2011222322782,675.745092813108,658.953674423519,660.705810546875,2472875,0.0,0.0,ADANIPORTS
2022-07-06,659.9757320307342,677.7892244198464,659.1483525918886,675.8910522460938,2634839,0.0,0.0,ADANIPORTS
2022-07-07,682.3643458039022,688.2048394912395,676.523852116565,684.8952026367188,2896584,0.0,0.0,ADANIPORTS
2022-07-08,691.0277246260783,698.6690129497377,687.7667468769944,696.6735229492188,3880791,0.0,0.0,ADANIPORTS
2022-07-11,695.9921234349802,712.5401879082594,694.0939512158252,709.8146362304688,3814715,0.0,0.0,ADANIPORTS
2022-07-12,709.620003002139,723.1505041906669,707.0404277858663,712.4429321289062,5846548,0.0,0.0,ADANIPORTS
2022-07-13,717.4559786834276,719.3541510456979,705.0935882917375,707.4298095703125,2373553,0.0,0.0,ADANIPORTS
2022-07-14,714.5358831865735,716.3001573530673,702.3328921467454,710.076171875,2859869,5.0,0.0,ADANIPORTS
2022-07-15,723.0633237912552,723.7984430590739,711.6934432211646,716.3982543945312,4127381,0.0,0.0,ADANIPORTS
2022-07-18,722.3281377527803,727.7680078669551,718.0644104990677,725.0725708007812,2403691,0.0,0.0,ADANIPORTS
2022-07-19,722.3280748988394,736.8834098599732,719.4855903103719,734.1389770507812,2864129,0.0,0.0,ADANIPORTS
2022-07-20,741.9313341231747,741.9313341231747,727.1799537919716,728.7971801757812,2176017,0.0,0.0,ADANIPORTS
2022-07-21,732.8648827426632,741.8823573411123,726.4938493602158,739.284912109375,2639283,0.0,0.0,ADANIPORTS
2022-07-22,742.6174765775486,749.7726251806967,736.6384708933732,739.284912109375,2854708,0.0,0.0,ADANIPORTS
2022-07-25,741.9803604260408,742.2254001751908,731.2476074484416,735.0702514648438,1592179,0.0,0.0,ADANIPORTS
2022-07-26,735.0212355822526,738.5497839448283,730.2184326992663,734.237060546875,1803260,0.0,0.0,ADANIPORTS
2022-07-27,733.8450110540979,747.0771567569229,732.2277248718688,745.5579223632812,2539587,0.0,0.0,ADANIPORTS
2022-07-28,748.4984317623454,753.3501708718825,742.617477860694,749.33154296875,2696358,0.0,0.0,ADANIPORTS
2022-07-29,753.7421934821615,760.2602740914793,743.7935567256558,748.54736328125,3182798,0.0,0.0,ADANIPORTS
2022-08-01,754.7224475307138,788.0478543047972,749.8706484031845,785.3524169921875,6459641,0.0,0.0,ADANIPORTS
2022-08-02,784.9602273635613,794.3207926729046,779.2263217557737,786.3814697265625,4393310,0.0,0.0,ADANIPORTS
2022-08-03,786.8716028089732,793.8307673343758,779.5694065764978,791.184326171875,3326267,0.0,0.0,ADANIPORTS
2022-08-04,794.9579295652658,804.2204439004311,780.6966283567257,791.2333374023438,4641779,0.0,0.0,ADANIPORTS
2022-08-05,795.0069393436322,802.4561836228846,789.5180728845264,794.173828125,2807602,0.0,0.0,ADANIPORTS
2022-08-08,796.7712339827186,806.6708154430628,779.5693965595726,785.7444458007812,7519923,0.0,0.0,ADANIPORTS
2022-08-10,787.0676145703362,791.9684091816085,762.8576772258203,774.8646240234375,5541103,0.0,0.0,ADANIPORTS
2022-08-11,778.932379168038,784.0292179976699,772.6593375586206,777.0210571289062,2140171,0.0,0.0,ADANIPORTS
2022-08-12,777.7561556978354,783.8331533782642,769.914883806742,772.7083129882812,2281608,0.0,0.0,ADANIPORTS
2022-08-16,776.5799357485224,809.6113048229585,775.4527888336376,807.7980346679688,6820860,0.0,0.0,ADANIPORTS
2022-08-17,810.9345590116925,815.4433264968458,804.8576208140479,808.3861694335938,3694850,0.0,0.0,ADANIPORTS
2022-08-18,808.3860553733688,819.8539265050599,804.171384054652,816.5213623046875,3836669,0.0,0.0,ADANIPORTS
2022-08-19,820.6380836066836,866.3625227053533,817.403571025797,854.5025634765625,24506694,0.0,0.0,ADANIPORTS
2022-08-22,858.8152782284754,874.2037856056997,820.7360673803848,823.5785522460938,14693558,0.0,0.0,ADANIPORTS
2022-08-23,819.2169348257081,840.1923627531206,790.106198621011,815.982421875,13515300,0.0,0.0,ADANIPORTS
2022-08-24,813.7770201538628,821.5203002825211,800.8879052094168,819.7069702148438,6558722,0.0,0.0,ADANIPORTS
2022-08-25,823.8236492007386,825.6369194424273,796.183153110433,799.8097534179688,6287921,0.0,0.0,ADANIPORTS
2022-08-26,804.710496203354,828.2343109522949,801.4269876576428,821.0791625976562,8513113,0.0,0.0,ADANIPORTS
2022-08-29,798.9275585965945,827.8422484316142,798.8295666285112,819.8049926757812,6652807,0.0,0.0,ADANIPORTS
2022-08-30,827.2541270026944,843.5247411159773,822.059296700802,825.4408569335938,9490984,0.0,0.0,ADANIPORTS
2022-09-01,825.0978209956834,829.7535761709773,814.8551476452053,821.1771850585938,3888408,0.0,0.0,ADANIPORTS
2022-09-02,825.2938540224205,843.8188825138689,821.4222141200732,835.0464477539062,8840020,0.0,0.0,ADANIPORTS
2022-09-05,837.9869047245796,847.7394982239558,831.3708318242599,834.0172729492188,5434684,0.0,0.0,ADANIPORTS
2022-09-06,837.7418767932917,841.5154648673613,827.3031599182416,833.4781494140625,3380947,0.0,0.0,ADANIPORTS
2022-09-07,830.1946184280821,861.3146646324406,828.3322925208369,857.5410766601562,8930248,0.0,0.0,ADANIPORTS
2022-09-08,863.1279656741204,870.7732535049527,849.79782760218,867.4896850585938,7943521,0.0,0.0,ADANIPORTS
2022-09-09,871.165259679817,906.6470255077626,869.4009855409572,888.8571166992188,18369177,0.0,0.0,ADANIPORTS
2022-09-12,896.551379958762,923.3097066254328,892.9247799742774,919.879150390625,12571292,0.0,0.0,ADANIPORTS
2022-09-13,927.2304202619224,934.9737003438787,914.4883531758707,929.974853515625,9651873,0.0,0.0,ADANIPORTS
2022-09-14,922.3296358290318,939.7764543825388,920.3693177932633,929.043701171875,8500355,0.0,0.0,ADANIPORTS
2022-09-15,936.0518650429527,953.4006916792613,931.5431574760744,949.3330078125,8703534,0.0,0.0,ADANIPORTS
2022-09-16,950.9992897230577,957.0762876155194,907.7743008449017,919.585205078125,10712402,0.0,0.0,ADANIPORTS
2022-09-19,924.191939531702,953.3026137991982,916.7426952815225,940.560546875,7922869,0.0,0.0,ADANIPORTS
2022-09-20,954.8709075841145,968.2500420090648,947.8137508354,950.999267578125,7539047,0.0,0.0,ADANIPORTS
2022-09-21,954.6748929676694,956.7332029961495,898.9038203625843,914.390380859375,13178269,0.0,0.0,ADANIPORTS
2022-09-22,915.3705262935063,934.5816190212273,909.6365601721898,927.8675537109375,8855564,0.0,0.0,ADANIPORTS
2022-09-23,931.1510804485182,931.9841916960977,892.0917669509469,895.6693115234375,6646619,0.0,0.0,ADANIPORTS
2022-09-26,890.9645126596695,891.8466796711733,838.28096749415,846.269287109375,9880236,0.0,0.0,ADANIPORTS
2022-09-27,843.9169159128309,857.6391421878363,817.2565786137029,827.4502563476562,11598728,0.0,0.0,ADANIPORTS
2022-09-28,819.3148998455032,830.1946403884643,807.0138570193841,810.689453125,7040943,0.0,0.0,ADANIPORTS
2022-09-29,822.3533503320674,830.6847013187452,796.9182138843795,800.2017822265625,7476709,0.0,0.0,ADANIPORTS
2022-09-30,806.180762863197,813.9730387365539,785.1073447458002,804.3674926757812,10406215,0.0,0.0,ADANIPORTS
2022-10-03,804.7105258407312,817.8446801556141,757.8099423873501,768.8367309570312,12903551,0.0,0.0,ADANIPORTS
2022-10-04,788.0477721259211,809.9053040894588,774.4235392005506,806.7197875976562,10445528,0.0,0.0,ADANIPORTS
2022-10-06,816.3744089750778,818.4327188292981,805.9846882667043,807.7489624023438,6175752,0.0,0.0,ADANIPORTS
2022-10-07,804.7105224187823,809.6113173178005,790.3511694349965,800.69189453125,6086925,0.0,0.0,ADANIPORTS
2022-10-10,791.4783348225177,797.8003718766428,783.1469839296491,792.06640625,4642360,0.0,0.0,ADANIPORTS
2022-10-11,797.8494570714668,804.3184827937336,779.4714751057543,781.52978515625,6193388,0.0,0.0,ADANIPORTS
2022-10-12,785.1073441257516,790.4982185236189,770.7479911181337,787.9498291015625,5628537,0.0,0.0,ADANIPORTS
2022-10-13,790.9883482933956,795.6441037511324,761.5835769813734,769.1798095703125,7491563,0.0,0.0,ADANIPORTS
2022-10-14,788.047770319403,790.596159577342,762.8086781729793,764.6219482421875,4562526,0.0,0.0,ADANIPORTS
2022-10-17,766.5823254129903,774.2766094117422,756.3397117832089,770.6010131835938,4602870,0.0,0.0,ADANIPORTS
2022-10-18,775.7468796432225,798.8296129356097,774.8157165958276,793.8798217773438,7372253,0.0,0.0,ADANIPORTS
2022-10-19,797.8494000616682,807.1119142753726,785.2543812507993,789.0769653320312,5222275,0.0,0.0,ADANIPORTS
2022-10-20,785.1073413448753,805.9357196264965,779.2753834611901,803.7793579101562,4481441,0.0,0.0,ADANIPORTS
2022-10-21,807.8470181473003,807.8470181473003,783.5390881643938,785.7444458007812,5266210,0.0,0.0,ADANIPORTS
2022-10-24,791.9684638811298,793.9287818610335,786.0875099414184,789.51806640625,665021,0.0,0.0,ADANIPORTS
2022-10-25,790.6943217737582,796.6242720927291,781.2847589495905,784.4702758789062,4485050,0.0,0.0,ADANIPORTS
2022-10-27,789.0279230730356,807.6509423753805,779.2263339665382,804.9555053710938,7110289,0.0,0.0,ADANIPORTS
2022-10-28,807.6510143197869,818.2367195329332,801.0839370686173,804.0244140625,6898541,0.0,0.0,ADANIPORTS
2022-10-31,807.6509833993711,814.5120961224239,803.2402680774085,807.2098999023438,4487537,0.0,0.0,ADANIPORTS
2022-11-01,811.2775612865378,828.1363069088934,807.2098777825316,825.0977783203125,7769108,0.0,0.0,ADANIPORTS
2022-11-02,833.1351167745902,833.1351167745902,812.5517785954532,816.864501953125,11859603,0.0,0.0,ADANIPORTS
2022-11-03,808.6311589440863,821.177181930145,807.1609204732789,817.3055419921875,6632872,0.0,0.0,ADANIPORTS
2022-11-04,820.3930342825316,849.7978025363859,815.4922395735559,845.7791748046875,11128361,0.0,0.0,ADANIPORTS
2022-11-07,849.9939543007057,851.7582286552974,828.7734865846346,836.07568359375,7995787,0.0,0.0,ADANIPORTS
2022-11-09,842.4466461393584,883.1232439459709,841.9565666477125,873.1256103515625,20088415,0.0,0.0,ADANIPORTS
2022-11-10,876.2621589892532,880.1827950473706,858.9133324672516,875.7230834960938,9906420,0.0,0.0,ADANIPORTS
2022-11-11,887.0438664341985,889.788299580987,873.1255971175822,876.752197265625,8777095,0.0,0.0,ADANIPORTS
2022-11-14,877.2423248145061,889.494312591245,867.4407345931149,877.2913208007812,7653024,0.0,0.0,ADANIPORTS
2022-11-15,881.0649777444452,897.3355937450575,877.2423335901983,888.90625,10675723,0.0,0.0,ADANIPORTS
2022-11-16,896.8454373958186,897.8255963437922,857.0510080377534,869.7440185546875,11504802,0.0,0.0,ADANIPORTS
2022-11-17,868.4208136568573,879.8886851248316,863.0299395314479,873.174560546875,5190475,0.0,0.0,ADANIPORTS
2022-11-18,874.3507704304582,877.1442593038493,862.1477796630699,871.2633056640625,5384458,0.0,0.0,ADANIPORTS
2022-11-21,867.4406724399372,870.3811492956658,851.7581292093846,854.3065185546875,6108453,0.0,0.0,ADANIPORTS
2022-11-22,854.3065235942418,868.1757967752384,853.2283726704432,864.9412841796875,5466001,0.0,0.0,ADANIPORTS
2022-11-23,867.8818271662194,869.8911412177213,849.454849322721,856.2669067382812,5319949,0.0,0.0,ADANIPORTS
2022-11-24,856.5609714495255,864.9903148944715,851.0720451715646,859.2564086914062,5111180,0.0,0.0,ADANIPORTS
2022-11-25,859.5994985485762,863.5201348019334,854.7966952085488,862.1478881835938,5079099,0.0,0.0,ADANIPORTS
2022-11-28,858.6192741331666,867.6857447789793,856.1688766613255,861.1676635742188,4168244,0.0,0.0,ADANIPORTS
2022-11-29,860.5796520245539,874.1058350459846,857.2961431133502,860.7756958007812,3663099,0.0,0.0,ADANIPORTS
2022-11-30,861.4617705923356,866.60760535167,855.9728442878842,863.5200805664062,3797377,0.0,0.0,ADANIPORTS
2022-12-01,867.19564416781,878.7125120050201,864.5002070144203,872.8805541992188,4491806,0.0,0.0,ADANIPORTS
2022-12-02,876.2621195361356,885.6716217222975,866.7055695747516,870.5772094726562,6279538,0.0,0.0,ADANIPORTS
2022-12-05,873.9097827655809,878.7125860276888,861.1187191613541,875.4290771484375,3966501,0.0,0.0,ADANIPORTS
2022-12-06,876.0661288601466,884.397480613349,868.420900392628,878.66357421875,4836193,0.0,0.0,ADANIPORTS
2022-12-07,879.9866892059429,884.5934482141048,867.2446229158782,869.1559448242188,2867882,0.0,0.0,ADANIPORTS
2022-12-08,870.381217823933,880.6728876292835,869.7440905253666,875.1840209960938,2822061,0.0,0.0,ADANIPORTS
2022-12-09,878.2714296769943,893.9049771523295,864.6962519251218,873.0765991210938,6979639,0.0,0.0,ADANIPORTS
2022-12-12,874.3507958247037,877.0952289714814,861.1186497508752,863.8140869140625,3412185,0.0,0.0,ADANIPORTS
2022-12-13,867.3917223905272,880.1827854254757,863.8141180969409,877.0462646484375,3821073,0.0,0.0,ADANIPORTS
2022-12-14,879.398620359183,890.4744045098851,873.9587501610752,882.68212890625,4930906,0.0,0.0,ADANIPORTS
2022-12-15,882.3880776339281,888.9551544364676,862.8828909773407,866.4114990234375,3679459,0.0,0.0,ADANIPORTS
2022-12-16,865.4313847014784,873.2726565536706,837.4478577437984,843.3778076171875,7791763,0.0,0.0,ADANIPORTS
2022-12-19,843.3778326798573,878.2224735436841,842.5446616263087,875.1349487304688,5205837,0.0,0.0,ADANIPORTS
2022-12-20,876.3601700147651,877.5363728226049,854.012555962448,866.7056274414062,4023275,0.0,0.0,ADANIPORTS
2022-12-21,869.401066686555,875.2820209144236,834.6544168254003,840.6334228515625,4660583,0.0,0.0,ADANIPORTS
2022-12-22,847.5434824782774,856.9529847622484,828.7734140703766,839.8982543945312,5517570,0.0,0.0,ADANIPORTS
2022-12-23,836.0756273339741,837.0067903491777,774.5216540742177,778.34423828125,9112806,0.0,0.0,ADANIPORTS
2022-12-26,782.1668611315959,795.8890867654834,769.7188301988808,790.05712890625,7205540,0.0,0.0,ADANIPORTS
2022-12-27,794.0267213665276,804.9065213306253,782.264814264251,800.9368896484375,4872234,0.0,0.0,ADANIPORTS
2022-12-28,799.5646718660723,800.7898705664494,792.7525551271448,794.2717895507812,3624974,0.0,0.0,ADANIPORTS
2022-12-29,790.9883229999433,806.1807876920117,783.6861263927949,803.289306640625,5308353,0.0,0.0,ADANIPORTS
2022-12-30,806.1317081132963,810.3463794647021,799.4175836801497,801.8679809570312,3252956,0.0,0.0,ADANIPORTS
2023-01-02,806.6708644821331,810.3464607662254,800.1037871563898,805.9847412109375,2042294,0.0,0.0,ADANIPORTS
2023-01-03,805.9357219544968,810.0034056544375,801.5740025251504,804.1714477539062,2166531,0.0,0.0,ADANIPORTS
2023-01-04,804.5144769674604,805.6906797055844,790.4982155505521,793.9287719726562,3260112,0.0,0.0,ADANIPORTS
2023-01-05,797.8983865920703,805.298574748982,781.1866883481977,803.3382568359375,3119740,0.0,0.0,ADANIPORTS
2023-01-06,803.6323820961761,808.0430975636103,787.5577506851974,790.1061401367188,2892006,0.0,0.0,ADANIPORTS
2023-01-09,794.3698408638575,803.9753867042093,793.0465903737523,800.4468383789062,2040072,0.0,0.0,ADANIPORTS
2023-01-10,800.7898837986919,804.3674879925713,765.6021526127589,780.5986328125,4545808,0.0,0.0,ADANIPORTS
2023-01-11,784.1271352054562,787.1656039247162,773.394383077501,780.6475830078125,3618663,0.0,0.0,ADANIPORTS
2023-01-12,780.8926983529722,783.5881356412456,770.5029769109507,777.2171020507812,2670641,0.0,0.0,ADANIPORTS
2023-01-13,779.8144649933765,784.3722282059605,770.4049626615245,778.8833618164062,4059998,0.0,0.0,ADANIPORTS
2023-01-16,781.1867372592551,781.6768167682006,768.83675756349,771.4341430664062,3601251,0.0,0.0,ADANIPORTS
2023-01-17,772.708358198091,775.7468871281628,762.6617279998168,769.1798095703125,2948618,0.0,0.0,ADANIPORTS
2023-01-18,768.4446221392244,780.0594818477637,761.1914219291666,770.89501953125,5585785,0.0,0.0,ADANIPORTS
2023-01-19,768.3956234107967,768.3956234107967,756.4376722156056,760.65234375,5086667,0.0,0.0,ADANIPORTS
2023-01-20,760.6034020015937,770.9930637178281,757.1238494340729,759.0841674804688,3328697,0.0,0.0,ADANIPORTS
2023-01-23,762.9067264134889,762.9067264134889,747.273238372547,753.791259765625,4283589,0.0,0.0,ADANIPORTS
2023-01-24,753.8892602733861,758.643007124804,742.9604643418623,746.0969848632812,3011438,0.0,0.0,ADANIPORTS
2023-01-25,738.0596757173118,741.8823194813657,691.9922059182232,699.0003662109375,17085455,0.0,0.0,ADANIPORTS
2023-01-27,685.1311761477947,685.964287410871,526.3454100019538,585.10595703125,64194046,0.0,0.0,ADANIPORTS
2023-01-30,607.6985636188756,643.5723581221985,555.7011420353498,585.1549072265625,58256575,0.0,0.0,ADANIPORTS
2023-01-31,588.095350528978,614.4616493406883,576.4314354804922,600.494384765625,33272489,0.0,0.0,ADANIPORTS
2023-02-01,614.5596819121021,616.519999876734,450.3830523741801,485.3257141113281,46557720,0.0,0.0,ADANIPORTS
2023-02-02,499.88105040913814,523.4048645460388,415.6363790665322,453.2745056152344,115517458,0.0,0.0,ADANIPORTS
2023-02-03,449.89298873868654,496.9406215479609,387.26083354375584,488.95233154296875,89662866,0.0,0.0,ADANIPORTS
2023-02-06,488.1191893654145,537.8132633800986,467.2418143152195,534.6277465820312,38363919,0.0,0.0,ADANIPORTS
2023-02-07,539.0874022516196,586.5761135602518,532.2262898593262,542.1749267578125,46650736,0.0,0.0,ADANIPORTS
2023-02-08,552.8096277573529,592.996143250352,551.8294688428896,587.3602294921875,31111885,0.0,0.0,ADANIPORTS
2023-02-09,575.5983195626013,577.3135976541033,535.3628082953419,570.7465209960938,22494005,0.0,0.0,ADANIPORTS
2023-02-10,562.2191495438609,587.9973777768835,548.8890117593667,572.3638305664062,12527188,0.0,0.0,ADANIPORTS
2023-02-13,576.2355000595383,584.2727560006288,526.737470556972,542.7140502929688,19528545,0.0,0.0,ADANIPORTS
2023-02-14,540.0675401394466,569.7173461089898,527.6195104617836,553.8877563476562,17976429,0.0,0.0,ADANIPORTS
2023-02-15,556.5342617135759,567.3650065718273,550.7513595758359,557.7594604492188,9259895,0.0,0.0,ADANIPORTS
2023-02-16,568.4921747157747,579.0778791077206,561.925097974055,565.7477416992188,9909820,0.0,0.0,ADANIPORTS
2023-02-17,567.5120380541235,574.3731507767124,557.8084404168003,567.1690063476562,8880620,0.0,0.0,ADANIPORTS
2023-02-20,556.0441856892581,570.1095031567054,548.8890369932842,568.1981811523438,9507162,0.0,0.0,ADANIPORTS
2023-02-21,573.3929973253164,582.0183842946096,567.7080872653838,571.6287231445312,7702230,0.0,0.0,ADANIPORTS
2023-02-22,571.9227435566128,571.971739538959,529.2858295125466,536.2449340820312,10994235,0.0,0.0,ADANIPORTS
2023-02-23,528.7958162961718,547.075806813276,523.0619096876852,540.9007568359375,10711597,0.0,0.0,ADANIPORTS
2023-02-24,545.9485869744932,554.6720263872328,532.4224041453432,547.8109130859375,8631548,0.0,0.0,ADANIPORTS
2023-02-27,547.9088274864115,560.6018972615263,542.1258660215633,550.8493041992188,8484384,0.0,0.0,ADANIPORTS
2023-02-28,551.8294969629743,602.2586876467132,540.9987523710721,580.6951904296875,25360275,0.0,0.0,ADANIPORTS
2023-03-01,586.1350587127613,603.7779200118076,582.8024943155016,590.1536865234375,18661166,0.0,0.0,ADANIPORTS
2023-03-02,591.9669921131688,612.5993254287796,573.9810400240881,610.541015625,21080489,0.0,0.0,ADANIPORTS
2023-03-03,649.8454505921475,690.03197166949,637.6424584465126,671.06591796875,42832968,0.0,0.0,ADANIPORTS
2023-03-06,676.3096805866585,708.4098864405905,667.5862419363859,677.0447998046875,37435406,0.0,0.0,ADANIPORTS
2023-03-08,686.1112765935379,700.8136610919709,668.4684151954184,697.9221801757812,20232587,0.0,0.0,ADANIPORTS
2023-03-09,699.735503077304,702.3818844009168,672.3890442572942,683.4158325195312,17041388,0.0,0.0,ADANIPORTS
2023-03-10,671.2128887227102,687.8265961703894,667.1452646612283,683.9549560546875,12138642,0.0,0.0,ADANIPORTS
2023-03-13,689.7379037844095,696.4519690390068,663.7146941664504,667.684326171875,9693337,0.0,0.0,ADANIPORTS
2023-03-14,667.6843577574816,670.9678666499038,625.9295462746603,641.5140991210938,18147337,0.0,0.0,ADANIPORTS
2023-03-15,648.4241539958156,674.2023229164278,644.2094823938253,665.8709716796875,15514873,0.0,0.0,ADANIPORTS
2023-03-16,673.2712363415342,678.6130549950118,661.7543681717285,666.1160278320312,12992236,0.0,0.0,ADANIPORTS
2023-03-17,674.8394548363152,678.0249715076559,657.9807084877737,666.8511352539062,7625895,0.0,0.0,ADANIPORTS
2023-03-20,657.6866717343926,664.3027448107073,646.2187997706159,653.52099609375,5250369,0.0,0.0,ADANIPORTS
2023-03-21,658.1768189794367,661.0193042271067,648.0811924699756,651.6097412109375,5011027,0.0,0.0,ADANIPORTS
2023-03-22,656.6085384892152,658.5688564905872,641.1710342284108,644.1115112304688,4457720,0.0,0.0,ADANIPORTS
2023-03-23,642.0041351445726,654.1090746790861,639.1126541741282,641.9551391601562,4491324,0.0,0.0,ADANIPORTS
2023-03-24,645.1407170376002,647.5421187432839,621.3718593985625,625.3414916992188,6072701,0.0,0.0,ADANIPORTS
2023-03-27,625.3414815739018,632.0555472191294,613.089493298551,616.6180419921875,5621870,0.0,0.0,ADANIPORTS
2023-03-28,610.2469361514551,615.3437746380043,560.2098338982631,581.6263427734375,19860622,0.0,0.0,ADANIPORTS
2023-03-29,581.5773170726345,629.8011517008403,578.3918003316596,624.0182495117188,17057169,0.0,0.0,ADANIPORTS
2023-03-31,631.1243956365511,642.3962239866509,614.9027165429516,619.3624877929688,9466910,0.0,0.0,ADANIPORTS
2023-04-03,625.8805203331012,626.3216038499398,609.805948554452,615.3438110351562,6072184,0.0,0.0,ADANIPORTS
2023-04-05,614.4617293080045,627.1057450954041,612.648399180058,624.1162719726562,6622367,0.0,0.0,ADANIPORTS
2023-04-06,624.3612270159724,638.4264834751328,619.0193489801262,628.8699340820312,7094042,0.0,0.0,ADANIPORTS
2023-04-10,633.182766218127,643.9645161072901,630.2422889756278,639.063720703125,4254629,0.0,0.0,ADANIPORTS
2023-04-11,642.004069414784,647.1499035589483,634.5548858214635,640.9749145507812,3798770,0.0,0.0,ADANIPORTS
2023-04-12,642.9843067037249,648.865260728454,637.1033526789956,644.6995849609375,4271203,0.0,0.0,ADANIPORTS
2023-04-13,646.6108339547174,651.7076721653373,640.4358448909948,648.5221557617188,3306659,0.0,0.0,ADANIPORTS
2023-04-17,649.8454364353339,653.4720368086284,644.9446412887628,651.51171875,2731225,0.0,0.0,ADANIPORTS
2023-04-18,654.7460943940614,658.0786583251271,638.1323903633947,645.4835815429688,2964854,0.0,0.0,ADANIPORTS
2023-04-19,645.9248024468941,651.8057566421618,641.9061743431251,645.3367309570312,2683546,0.0,0.0,ADANIPORTS
2023-04-20,649.8453812942679,665.0378449595186,648.0811071560374,652.8838500976562,5009410,0.0,0.0,ADANIPORTS
2023-04-21,654.7461858099899,657.2945751783906,645.5817234562337,648.47314453125,1982614,0.0,0.0,ADANIPORTS
2023-04-24,651.9037152351876,659.4019553798722,642.9842924254124,657.980712890625,3357178,0.0,0.0,ADANIPORTS
2023-04-25,661.6073602879438,668.958553180032,655.5793581867671,658.1278076171875,4814190,0.0,0.0,ADANIPORTS
2023-04-26,657.6867086698478,658.2747801577725,648.9632693792873,651.51171875,3373385,0.0,0.0,ADANIPORTS
2023-04-27,654.6481702464035,654.9422059592118,644.1604577791187,646.6598510742188,3197568,0.0,0.0,ADANIPORTS
2023-04-28,652.9819112287809,669.448569794773,649.0122794049314,667.7822875976562,6162262,0.0,0.0,ADANIPORTS
2023-05-02,670.2327474081617,672.2911173106771,659.254954067229,667.9783935546875,5563089,0.0,0.0,ADANIPORTS
2023-05-03,661.6072908047781,671.2618325261193,643.7193899793156,656.3634643554688,5645727,0.0,0.0,ADANIPORTS
2023-05-04,656.70657170174,668.4684804486369,654.4522178234171,666.2631225585938,5124811,0.0,0.0,ADANIPORTS
2023-05-05,669.2525387405759,679.8382437464804,664.0577081179165,670.3307495117188,5193692,0.0,0.0,ADANIPORTS
2023-05-08,671.1148692729876,676.9468272009904,665.1358635675109,671.5068969726562,3671007,0.0,0.0,ADANIPORTS
2023-05-09,671.5068614812302,682.0926258234573,670.9187900507303,676.7997436523438,4029312,0.0,0.0,ADANIPORTS
2023-05-10,678.2700149381558,678.6621024602682,671.9479775450714,677.2898559570312,1794579,0.0,0.0,ADANIPORTS
2023-05-11,680.2302931917814,699.8334716699306,678.5150150749433,694.7366333007812,5979387,0.0,0.0,ADANIPORTS
2023-05-12,697.8731124441964,697.8731124441964,681.2594077041852,686.1112060546875,4025355,0.0,0.0,ADANIPORTS
2023-05-15,685.9152107512756,687.7775366574455,673.8592678155517,680.279296875,2616737,0.0,0.0,ADANIPORTS
2023-05-16,680.279371985214,684.9351274405309,671.7029803569985,673.3692626953125,1403759,0.0,0.0,ADANIPORTS
2023-05-17,673.6142297819478,678.2209887529265,669.007470810969,671.0167846679688,2295396,0.0,0.0,ADANIPORTS
2023-05-18,676.015648181171,676.015648181171,648.1791097255641,651.7567138671875,4405410,0.0,0.0,ADANIPORTS
2023-05-19,650.825520697048,680.3773359655885,646.4148055718421,674.4473266601562,6340270,0.0,0.0,ADANIPORTS
2023-05-22,685.0331017133082,738.451763523594,679.39718785259,715.2219848632812,30204070,0.0,0.0,ADANIPORTS
2023-05-23,729.5322239690422,770.0618285265244,715.5159643043485,719.485595703125,39497528,0.0,0.0,ADANIPORTS
2023-05-24,724.3374431329947,724.3374431329947,694.687635751705,703.9991455078125,12809164,0.0,0.0,ADANIPORTS
2023-05-25,702.7739907337765,712.5755805626995,691.6001543991417,710.1251831054688,7458008,0.0,0.0,ADANIPORTS
2023-05-26,714.6338855282048,715.8590842483013,706.3025342315489,712.4285278320312,4507617,0.0,0.0,ADANIPORTS
2023-05-29,716.4962151582362,725.3176459878177,713.6047341992643,722.8672485351562,4302323,0.0,0.0,ADANIPORTS
2023-05-30,725.3175528564628,727.6209022365501,713.2126149242611,719.485595703125,4785799,0.0,0.0,ADANIPORTS
2023-05-31,721.3970005579366,734.1390671438785,706.9886517613097,724.1904296875,13649365,0.0,0.0,ADANIPORTS
2023-06-01,716.0060952198478,730.1694036609643,714.5358568313061,717.5253295898438,3771760,0.0,0.0,ADANIPORTS
2023-06-02,723.3573539742539,729.2383080716055,719.4367179093528,721.985107421875,5554473,0.0,0.0,ADANIPORTS
2023-06-05,723.3573642329187,729.2383184136742,720.416887142541,724.1414794921875,5166097,0.0,0.0,ADANIPORTS
2023-06-06,728.1601371943361,732.1787651214307,725.3176521952594,730.6105346679688,5492469,0.0,0.0,ADANIPORTS
2023-06-07,735.1192801339286,736.0994391741071,727.2290118253231,728.9932861328125,2129238,0.0,0.0,ADANIPORTS
2023-06-08,730.1694094159085,734.1390411314279,718.4564981967112,721.7890625,2141709,0.0,0.0,ADANIPORTS
2023-06-09,723.3573318298563,727.2779677747336,718.4565368987597,720.3678588867188,1335172,0.0,0.0,ADANIPORTS
2023-06-12,720.6128548280433,731.7376347157071,718.9955686694316,727.3759155273438,4571836,0.0,0.0,ADANIPORTS
2023-06-13,726.2977907729498,727.6700372492816,720.4658329847732,723.2102661132812,3636359,0.0,0.0,ADANIPORTS
2023-06-14,721.7400649545659,728.0131065644888,721.2009894625003,724.6805419921875,3900945,0.0,0.0,ADANIPORTS
2023-06-15,722.6711530795144,733.8449885940194,722.3771173710594,724.8275146484375,6448934,0.0,0.0,ADANIPORTS
2023-06-16,726.2977597632156,734.8251543325536,726.1017160143733,732.57080078125,6800269,0.0,0.0,ADANIPORTS
2023-06-19,735.021220107508,735.021220107508,716.4961920336119,721.053955078125,5256363,0.0,0.0,ADANIPORTS
2023-06-20,723.357359687594,727.2779957834617,715.7121312654838,723.1613159179688,6753358,0.0,0.0,ADANIPORTS
2023-06-21,725.2196331255004,738.3047312160635,718.750548142357,734.5801391601562,9312613,0.0,0.0,ADANIPORTS
2023-06-22,740.0200369845554,742.9605139527059,726.2978111331862,730.8065185546875,10061086,0.0,0.0,ADANIPORTS
2023-06-23,726.2978208064861,726.2978208064861,689.0517787138458,700.1275634765625,15398550,0.0,0.0,ADANIPORTS
2023-06-26,695.9129077892283,711.8894879327969,691.1101046367937,710.0272216796875,5696079,0.0,0.0,ADANIPORTS
2023-06-27,709.9781617411037,715.9571676536727,701.7938578591418,705.9595336914062,6935089,0.0,0.0,ADANIPORTS
2023-06-28,708.6059140684741,743.940631712657,707.4787073634905,741.490234375,17910387,0.0,0.0,ADANIPORTS
2023-06-30,737.8636616274921,744.8228262181938,723.3573208171289,724.58251953125,6629272,0.0,0.0,ADANIPORTS
2023-07-03,729.7283922393478,732.6198733205075,718.1625277388683,722.769287109375,2808490,0.0,0.0,ADANIPORTS
2023-07-04,725.3667223614061,736.0994763583614,720.4169309232964,726.9840087890625,3263045,0.0,0.0,ADANIPORTS
2023-07-05,726.2977833576132,732.0807451034827,719.4856666770798,728.0130615234375,2212779,0.0,0.0,ADANIPORTS
2023-07-06,727.6700476715592,731.1006040873683,723.5533680077572,725.3666381835938,1949877,0.0,0.0,ADANIPORTS
2023-07-07,725.2686870280858,725.3176830148088,701.9899100394348,704.4403076171875,4248724,0.0,0.0,ADANIPORTS
2023-07-10,707.67476490742,715.5160365407432,693.9525395491044,705.8124389648438,5135483,0.0,0.0,ADANIPORTS
2023-07-11,709.5860721636052,717.9174231017771,704.783269457821,715.4180297851562,2716491,0.0,0.0,ADANIPORTS
2023-07-12,717.3293573928204,717.9174887013945,707.6748149413588,709.8311767578125,1349350,0.0,0.0,ADANIPORTS
2023-07-13,710.5662638259057,714.7809354709822,700.8136700195437,702.9700317382812,1378288,0.0,0.0,ADANIPORTS
2023-07-14,704.3912837765312,713.0166709443129,700.5196437919471,711.6934204101562,2043145,0.0,0.0,ADANIPORTS
2023-07-17,715.7121158280427,728.0620953339813,715.6140640332654,716.5452270507812,2683898,0.0,0.0,ADANIPORTS
2023-07-18,716.4961878489623,732.6688104201086,711.2033056232892,713.7027587890625,4464508,0.0,0.0,ADANIPORTS
2023-07-19,717.3784462335157,720.8579989621916,714.5359610049287,716.8883666992188,1039827,0.0,0.0,ADANIPORTS
2023-07-20,718.8975783624883,721.3479756847245,713.6536921984107,717.9174194335938,1423489,0.0,0.0,ADANIPORTS
2023-07-21,714.3398578877232,720.7598872888827,711.8894604197877,713.996826171875,1491198,0.0,0.0,ADANIPORTS
2023-07-24,715.5161064998334,725.562736762331,713.9968719371659,720.7109375,1919024,0.0,0.0,ADANIPORTS
2023-07-25,723.014274333223,737.079531354271,718.6035590525127,734.3840942382812,3210148,0.0,0.0,ADANIPORTS
2023-07-26,738.0107105316952,750.2137017078385,730.2184347331345,737.7166748046875,5868377,0.0,0.0,ADANIPORTS
2023-07-27,738.9418242364873,743.7935629689136,727.1799173474013,733.8939819335938,2243079,0.0,0.0,ADANIPORTS
2023-07-28,740.0612524168331,750.7181224063677,733.2526648040626,745.6857299804688,3257195,5.0,0.0,ADANIPORTS
2023-07-31,748.5965957405601,769.663647119252,744.4029156120257,767.5421142578125,5854918,0.0,0.0,ADANIPORTS
2023-08-01,768.6275762675554,770.6503981739614,751.5074576627171,755.207763671875,2590545,0.0,0.0,ADANIPORTS
2023-08-02,756.835938031663,763.6445253196139,741.5906649139196,751.3594970703125,3017482,0.0,0.0,ADANIPORTS
2023-08-03,751.3594774037994,769.1702715174681,743.4161659266601,763.1017456054688,4135776,0.0,0.0,ADANIPORTS
2023-08-04,766.1607335465535,769.5650272444443,758.5627595519527,764.9766235351562,2758619,0.0,0.0,ADANIPORTS
2023-08-07,766.7527239785388,784.119529503721,760.9802707436247,780.91259765625,4175164,0.0,0.0,ADANIPORTS
2023-08-08,783.2314788424304,794.3323974401972,754.1717287790091,773.8080444335938,11993737,0.0,0.0,ADANIPORTS
2023-08-09,782.1954106069334,796.1578632936958,773.610688119523,780.6165771484375,7007648,0.0,0.0,ADANIPORTS
2023-08-10,782.4914383138544,808.9362819392187,781.5046899679353,792.1615600585938,8064730,0.0,0.0,ADANIPORTS
2023-08-11,796.2072673990506,799.7102119949343,783.7248766858196,790.4347534179688,9040236,0.0,0.0,ADANIPORTS
2023-08-14,770.6504070897083,783.6754964379,760.8815750219807,776.7189331054688,17841454,0.0,0.0,ADANIPORTS
2023-08-16,775.5842013862948,775.5842013862948,762.2137733186056,765.8153686523438,11481440,0.0,0.0,ADANIPORTS
2023-08-17,767.6901689263708,802.818383928097,766.5553843033616,798.9207763671875,14011644,0.0,0.0,ADANIPORTS
2023-08-18,796.30588674171,838.3413406873545,793.6416542575297,824.8229370117188,22502392,0.0,0.0,ADANIPORTS
2023-08-21,828.9671614573325,852.6491189066228,827.3883883845795,846.7780151367188,17432300,0.0,0.0,ADANIPORTS
2023-08-22,852.4519110804259,857.4843035006537,842.0416679604228,843.1764526367188,8037324,0.0,0.0,ADANIPORTS
2023-08-23,847.1727131422645,851.0210554766179,809.2322302060062,814.758056640625,4748732,0.0,0.0,ADANIPORTS
2023-08-24,822.9480955858002,833.2103021632565,809.330980869576,811.4524536132812,4692796,0.0,0.0,ADANIPORTS
2023-08-25,812.093828578226,819.3957898880537,792.8522372571136,795.9111328125,4442243,0.0,0.0,ADANIPORTS
2023-08-28,805.1866250125385,813.0806115322692,787.9185295006274,796.7499389648438,5067265,0.0,0.0,ADANIPORTS
2023-08-29,798.7727343268675,819.7904606894599,789.4479510161416,812.6365356445312,5935085,0.0,0.0,ADANIPORTS
2023-08-30,817.0275770504535,821.961318457763,805.7786225512536,807.850830078125,8592012,0.0,0.0,ADANIPORTS
2023-08-31,793.2469936858284,800.1542318835733,777.2616589543516,781.7020263671875,9998925,0.0,0.0,ADANIPORTS
2023-09-01,769.663740948933,797.292695752228,769.3184031044285,788.9053344726562,11900199,0.0,0.0,ADANIPORTS
2023-09-04,796.8486176904999,800.9929728041725,785.0076374950579,790.4347534179688,12522148,0.0,0.0,ADANIPORTS
2023-09-05,794.332406425968,800.1542456691907,786.9317939437385,794.2830810546875,10483413,0.0,0.0,ADANIPORTS
2023-09-06,795.3191509121392,797.7860217276235,789.8427097470317,796.355224609375,6729598,0.0,0.0,ADANIPORTS
2023-09-07,798.9701187614555,802.1770507693939,794.3817150287936,799.16748046875,9787939,0.0,0.0,ADANIPORTS
2023-09-08,800.154255269513,817.8170144698836,799.4141940124107,814.0673828125,11683222,0.0,0.0,ADANIPORTS
2023-09-11,828.8685654321143,875.443096868329,823.9348239712089,870.7560424804688,20638175,0.0,0.0,ADANIPORTS
2023-09-12,877.7125647132574,877.7125647132574,841.7455791055419,847.3700561523438,8036897,0.0,0.0,ADANIPORTS
2023-09-13,847.6167491470917,855.708096865241,831.9768134308948,838.4400024414062,7180448,0.0,0.0,ADANIPORTS
2023-09-14,842.7323765790377,846.4820080871599,829.8553232633225,838.5386962890625,6234825,0.0,0.0,ADANIPORTS
2023-09-15,834.7890634010652,843.2750747068061,830.3486960425489,834.4437255859375,4013431,0.0,0.0,ADANIPORTS
2023-09-18,836.8118559132034,836.8118559132034,817.1756015326744,820.2344970703125,2801202,0.0,0.0,ADANIPORTS
2023-09-20,820.9745620566129,826.5003282876138,804.1998414376676,807.2094116210938,3016411,0.0,0.0,ADANIPORTS
2023-09-21,810.268389427118,831.2367907708463,809.1336047932758,820.0864868164062,6437320,0.0,0.0,ADANIPORTS
2023-09-22,822.8494722871077,827.5858523168409,811.2057935883245,816.0902099609375,3156509,0.0,0.0,ADANIPORTS
2023-09-25,817.7183104385341,820.6785552740353,808.0975147231554,814.708740234375,2395763,0.0,0.0,ADANIPORTS
2023-09-26,815.1527527026251,819.9878434997166,808.1468638101901,810.4656982421875,1569635,0.0,0.0,ADANIPORTS
2023-09-27,814.8567426845897,821.9613425647506,810.6137369951291,819.6918334960938,2463842,0.0,0.0,ADANIPORTS
2023-09-28,822.2080242583424,830.200661429725,808.2948972633175,812.1925048828125,5057959,0.0,0.0,ADANIPORTS
2023-09-29,815.5474791959737,821.4679690630951,811.4031242437212,814.2153930664062,1468496,0.0,0.0,ADANIPORTS
2023-10-03,815.0541033991603,825.6616477230599,813.3272938580604,820.382568359375,2453090,0.0,0.0,ADANIPORTS
2023-10-04,819.9384951343241,834.2463451912364,808.492178952993,813.672607421875,4096647,0.0,0.0,ADANIPORTS
2023-10-05,819.8398012336851,820.9745858695924,809.380293340785,814.2647094726562,2083505,0.0,0.0,ADANIPORTS
2023-10-06,819.001088677635,825.4149526251105,815.4488188895679,819.7411499023438,1877058,0.0,0.0,ADANIPORTS
2023-10-09,804.1998252650864,807.9494565768838,774.5973777093162,779.5804443359375,5994282,0.0,0.0,ADANIPORTS
2023-10-10,789.9413062120726,812.784552484428,789.9413062120726,808.6401977539062,7591327,0.0,0.0,ADANIPORTS
2023-10-11,816.4355580502312,816.4355580502312,801.5849481262406,804.0518188476562,3281387,0.0,0.0,ADANIPORTS
2023-10-12,807.7028436727777,812.3405729275927,801.7823536180366,804.1505737304688,2563606,0.0,0.0,ADANIPORTS
2023-10-13,801.2396211357527,813.8699873546942,795.1710949885863,802.9664306640625,3801000,0.0,0.0,ADANIPORTS
2023-10-16,807.6535078641522,807.6535078641522,792.6055958361396,794.9738159179688,2664794,0.0,0.0,ADANIPORTS
2023-10-17,801.2396176171226,803.6078376217964,793.3456312366583,794.4310302734375,2162192,0.0,0.0,ADANIPORTS
2023-10-18,798.2300316940634,798.3286824313492,784.8596045697388,788.0171508789062,2271927,0.0,0.0,ADANIPORTS
2023-10-19,786.1917263392438,786.7344258716187,777.0149789807399,782.3433837890625,2862500,0.0,0.0,ADANIPORTS
2023-10-20,781.3072920089312,792.3588850158138,778.1990709992789,783.1328125,2434862,0.0,0.0,ADANIPORTS
2023-10-23,783.1328140992986,785.2542868131391,759.6975419230141,761.2269897460938,2002377,0.0,0.0,ADANIPORTS
2023-10-25,762.2630493104717,772.9692441002205,750.9647694145834,758.9080810546875,2581498,0.0,0.0,ADANIPORTS
2023-10-26,753.8757128163295,761.5723376296579,744.5016038218855,760.1415405273438,3855358,0.0,0.0,ADANIPORTS
2023-10-27,764.6313088742937,775.9789147266788,762.8057883187589,772.0319213867188,2995404,0.0,0.0,ADANIPORTS
2023-10-30,775.4855096660223,783.8728701793085,769.466308926568,774.597412109375,3522068,0.0,0.0,ADANIPORTS
2023-10-31,779.3338361740844,780.6165969861032,772.1305852515108,774.3507690429688,2825760,0.0,0.0,ADANIPORTS
2023-11-01,774.3507157882107,780.0245184206187,757.0332954510845,758.9080810546875,2693768,0.0,0.0,ADANIPORTS
2023-11-02,766.604827485677,773.1173425924736,761.8190617881962,764.0392456054688,1741799,0.0,0.0,ADANIPORTS
2023-11-03,769.6636712837195,788.214527212983,766.9994388378548,784.859619140625,4310765,0.0,0.0,ADANIPORTS
2023-11-06,790.8787302557924,795.5657844899971,788.707872038894,791.865478515625,2270316,0.0,0.0,ADANIPORTS
2023-11-07,792.3588692757874,797.6873340812521,785.4516313119884,786.9810791015625,2394891,0.0,0.0,ADANIPORTS
2023-11-08,791.3721217324442,812.8832222230465,789.4479505383263,807.850830078125,5123208,0.0,0.0,ADANIPORTS
2023-11-09,814.067335206784,816.7315676218188,787.5237822470831,795.5164794921875,4982049,0.0,0.0,ADANIPORTS
2023-11-10,797.2926186709614,807.9494881623851,795.5164837934467,797.8846435546875,3903183,0.0,0.0,ADANIPORTS
2023-11-13,799.2661393659097,817.0276091295965,796.7992685653976,799.1181030273438,1050882,0.0,0.0,ADANIPORTS
2023-11-15,807.1600895498478,807.1600895498478,798.3286804367676,800.0061645507812,1694698,0.0,0.0,ADANIPORTS
2023-11-16,803.6078672583862,807.5548605941812,797.3913045734382,802.8184204101562,1689762,0.0,0.0,ADANIPORTS
2023-11-17,800.9436495944614,811.0578202053757,798.3287423703719,799.3154907226562,3218979,0.0,0.0,ADANIPORTS
2023-11-20,799.3154049336266,805.1865690448453,790.4839960832725,792.9508666992188,3227659,0.0,0.0,ADANIPORTS
2023-11-21,794.3323682159271,804.101200313092,788.7078909547212,790.730712890625,3643664,0.0,0.0,ADANIPORTS
2023-11-22,793.3456362446617,794.2830591785266,778.1003629058868,781.406005859375,3212329,0.0,0.0,ADANIPORTS
2023-11-23,784.4648726542329,794.0363428941489,780.9619283499118,782.5900268554688,3776615,0.0,0.0,ADANIPORTS
2023-11-24,785.3530274491379,792.3095911969071,774.5974464587296,785.0076293945312,4421350,0.0,0.0,ADANIPORTS
2023-11-28,795.3191270129415,843.0777686561142,795.3191270129415,826.5990600585938,15929818,0.0,0.0,ADANIPORTS
2023-11-29,838.736064199153,838.736064199153,822.2573553631493,824.4775390625,8057644,0.0,0.0,ADANIPORTS
2023-11-30,827.8818321667029,827.8818321667029,812.0938592052402,814.5607299804688,5998210,0.0,0.0,ADANIPORTS
2023-12-01,828.0792163615255,828.0792163615255,814.5607521008945,816.8302612304688,2932775,0.0,0.0,ADANIPORTS
2023-12-04,853.5372704487045,871.6440774711571,847.12340656672,867.0064086914062,11064795,0.0,0.0,ADANIPORTS
2023-12-05,872.2855006708385,1010.7263358927662,868.3385074551334,999.6746826171875,46564412,0.0,0.0,ADANIPORTS
2023-12-06,1031.1519788263563,1068.1550402674934,994.7409422777424,1004.46044921875,41008947,0.0,0.0,ADANIPORTS
2023-12-07,1015.3640310054946,1044.7197938066738,1008.1114548745621,1025.8729248046875,14840081,0.0,0.0,ADANIPORTS
2023-12-08,1034.1121974070068,1041.0194353667864,979.1503061674932,1009.3941650390625,12202462,0.0,0.0,ADANIPORTS
2023-12-11,1013.1931330086339,1034.112147350303,1002.1908661290208,1018.2255249023438,7889666,0.0,0.0,ADANIPORTS
2023-12-12,1023.3073637189292,1034.5561978781082,1009.6901891173189,1028.142333984375,4902289,0.0,0.0,ADANIPORTS
2023-12-13,1031.1520160483149,1060.7544662697976,1015.1667411097854,1049.4068603515625,8151639,0.0,0.0,ADANIPORTS
2023-12-14,1065.6881883138258,1075.4570207972376,1048.913466831108,1060.4583740234375,8004131,0.0,0.0,ADANIPORTS
2023-12-15,1064.7014348509792,1072.1020472340954,1052.909840634951,1064.2574462890625,11672787,0.0,0.0,ADANIPORTS
2023-12-18,1064.701408978922,1087.7913431436982,1058.5342321428532,1079.7987060546875,5448342,0.0,0.0,ADANIPORTS
2023-12-19,1080.4894150036007,1084.4364083004175,1054.4392351540746,1059.7677001953125,5993252,0.0,0.0,ADANIPORTS
2023-12-20,1063.7146554201738,1069.4871088196282,991.6820303314237,998.7373046875,8467564,0.0,0.0,ADANIPORTS
2023-12-21,982.9493551207912,1014.377264768462,976.1407676772384,1005.4472045898438,5352057,0.0,0.0,ADANIPORTS
2023-12-22,1020.2977138695636,1037.0230489090845,1005.4964897805467,1013.8838500976562,5252106,0.0,0.0,ADANIPORTS
2023-12-26,1020.3963888636916,1027.2049761970306,1012.5024024952226,1015.1173095703125,2176775,0.0,0.0,ADANIPORTS
2023-12-27,1023.2580170605294,1023.3074026580447,1004.50979881159,1010.8250122070312,2803997,0.0,0.0,ADANIPORTS
2023-12-28,1015.9066967487493,1017.5347349795326,1001.2041239100654,1003.4736328125,4865603,0.0,0.0,ADANIPORTS
2023-12-29,1008.2593776686986,1021.1858162367301,1004.1150228588997,1010.7755737304688,2429250,0.0,0.0,ADANIPORTS
2024-01-01,1012.9465658365621,1043.9303676326988,1009.4435610165765,1033.9642333984375,3989711,0.0,0.0,ADANIPORTS
2024-01-02,1033.9641667018282,1068.5497422840251,1017.4361329224016,1064.109375,6344621,0.0,0.0,ADANIPORTS
2024-01-03,1090.3568112166581,1128.8399927890107,1048.6666978466094,1079.749267578125,33060778,0.0,0.0,ADANIPORTS
2024-01-04,1102.1977609791013,1116.0122360495645,1088.9260456103289,1108.3155517578125,9771995,0.0,0.0,ADANIPORTS
2024-01-05,1114.1373604225446,1144.627903671215,1110.4864402901746,1138.9541015625,10622789,0.0,0.0,ADANIPORTS
2024-01-08,1144.6280194740193,1166.3364819123196,1136.7340331328191,1153.3607177734375,8760094,0.0,0.0,ADANIPORTS
2024-01-09,1166.3364533612573,1213.6017195127085,1162.8828344215242,1181.236328125,14701104,0.0,0.0,ADANIPORTS
2024-01-10,1203.832964664597,1203.832964664597,1181.1377530356742,1198.2578125,7036728,0.0,0.0,ADANIPORTS
2024-01-11,1204.8196436048022,1207.3851650289057,1184.0979298327293,1187.0087890625,3721202,0.0,0.0,ADANIPORTS
2024-01-12,1194.3600770931785,1202.5994006914857,1185.1340052686628,1191.103759765625,3912779,0.0,0.0,ADANIPORTS
2024-01-15,1197.9124409547885,1199.244527074541,1173.3423840967296,1187.1568603515625,2825654,0.0,0.0,ADANIPORTS
2024-01-16,1187.6501803965516,1195.938889862369,1171.0728819175852,1177.5360107421875,3173587,0.0,0.0,ADANIPORTS
2024-01-17,1164.3629710105886,1188.7356053583012,1144.0852456648868,1151.38720703125,5268593,0.0,0.0,ADANIPORTS
2024-01-18,1155.5315557432791,1168.6059697095482,1128.2972084023536,1138.7568359375,5918594,0.0,0.0,ADANIPORTS
2024-01-19,1146.8482827059372,1151.3380359300827,1134.760615282278,1137.1781005859375,2732559,0.0,0.0,ADANIPORTS
2024-01-23,1183.259275771914,1191.202527501505,1115.2722922177195,1122.031494140625,7201014,0.0,0.0,ADANIPORTS
2024-01-24,1122.9194426334334,1131.5534893144902,1103.5298165677282,1105.75,18373913,0.0,0.0,ADANIPORTS
2024-01-25,1107.2796237173911,1140.4343423506123,1096.8693810203808,1131.109619140625,4305042,0.0,0.0,ADANIPORTS
2024-01-29,1139.694268270278,1188.9330317432252,1135.7472751334112,1180.7923583984375,6768033,0.0,0.0,ADANIPORTS
2024-01-30,1184.097990998246,1201.0700140214835,1165.3497728074403,1171.6156005859375,4683729,0.0,0.0,ADANIPORTS
2024-01-31,1179.9535423293412,1198.1589983856375,1175.8585132206495,1191.646484375,5510242,0.0,0.0,ADANIPORTS
2024-02-01,1197.5176916337068,1223.0744962427461,1184.3940117471582,1202.6981201171875,7433628,0.0,0.0,ADANIPORTS
2024-02-02,1216.7099668237572,1270.4383603685692,1215.3777603361893,1244.7335205078125,10450227,0.0,0.0,ADANIPORTS
2024-02-05,1252.6770387065349,1274.1388154626334,1232.3006610521627,1241.8721923828125,5611298,0.0,0.0,ADANIPORTS
2024-02-06,1249.2233591437914,1267.5768535999189,1232.3006015545868,1256.229248046875,4408002,0.0,0.0,ADANIPORTS
2024-02-07,1263.0379189376922,1269.3037470231359,1235.5570008075922,1239.0106201171875,3359763,0.0,0.0,ADANIPORTS
2024-02-08,1247.299153108209,1247.7431416323502,1220.3608781445703,1228.6988525390625,3354609,0.0,0.0,ADANIPORTS
2024-02-09,1236.000945002778,1258.5975060502328,1215.772604058811,1254.6505126953125,3538164,0.0,0.0,ADANIPORTS
2024-02-12,1261.0643077576963,1262.7911172557995,1227.4162153423329,1232.7939453125,2204823,0.0,0.0,ADANIPORTS
2024-02-13,1233.3859979222837,1254.157097961808,1210.3948346450995,1248.039306640625,2245009,0.0,0.0,ADANIPORTS
2024-02-14,1245.2269889711124,1264.5673523233731,1232.1033086422785,1251.048828125,3382943,0.0,0.0,ADANIPORTS
2024-02-15,1258.1041225379527,1260.6203789640995,1245.3750449723273,1250.259521484375,3382824,0.0,0.0,ADANIPORTS
2024-02-16,1252.9730304433467,1293.6270119277415,1248.7793501987296,1289.531982421875,5476230,0.0,0.0,ADANIPORTS
2024-02-19,1295.995267046882,1309.4150201028417,1284.894348451436,1289.6800537109375,2700240,0.0,0.0,ADANIPORTS
2024-02-20,1293.626970020545,1295.5018158067608,1276.556176926163,1283.26611328125,1856718,0.0,0.0,ADANIPORTS
2024-02-21,1287.5092649340722,1297.5740496859266,1264.4685951421466,1273.89208984375,2770510,0.0,0.0,ADANIPORTS
2024-02-22,1278.8257978032464,1299.5475121195027,1264.0245732916349,1293.57763671875,2556009,0.0,0.0,ADANIPORTS
2024-02-23,1294.663209537012,1314.3487907672065,1280.7993471590346,1303.198486328125,2924829,0.0,0.0,ADANIPORTS
2024-02-26,1302.5076105225949,1325.2028188877612,1299.3006789057779,1320.4171142578125,2802425,0.0,0.0,ADANIPORTS
2024-02-27,1319.1344812659775,1321.4533157516382,1296.833993091818,1311.83251953125,2197456,0.0,0.0,ADANIPORTS
2024-02-28,1316.81560952868,1317.2103329401675,1277.987087920486,1282.2794189453125,2121625,0.0,0.0,ADANIPORTS
2024-02-29,1282.7727589720987,1312.276556518991,1275.9149066340467,1303.0010986328125,2672239,0.0,0.0,ADANIPORTS
2024-03-01,1317.3089104681967,1331.1233859337806,1295.0084241642871,1304.579833984375,3301090,0.0,0.0,ADANIPORTS
2024-03-04,1327.4231345931144,1338.5734384299365,1318.6904363337887,1324.8082275390625,2170214,0.0,0.0,ADANIPORTS
2024-03-05,1326.2391103832024,1336.9945705688128,1316.322241715446,1320.5653076171875,1815438,0.0,0.0,ADANIPORTS
2024-03-06,1324.9068380843828,1326.7816838654687,1286.7197286736778,1307.244140625,2758443,0.0,0.0,ADANIPORTS
2024-03-07,1312.1779495533742,1317.6543303969872,1297.574026398391,1307.885498046875,1640786,0.0,0.0,ADANIPORTS
2024-03-11,1313.36197935784,1324.5615484045793,1304.5306303073141,1309.3656005859375,2217673,0.0,0.0,ADANIPORTS
2024-03-12,1317.3089097347622,1329.100503105254,1276.309471891164,1284.0555419921875,3139768,0.0,0.0,ADANIPORTS
2024-03-13,1289.6799285350533,1290.6666767588752,1172.355540632112,1193.5213623046875,8670336,0.0,0.0,ADANIPORTS
2024-03-14,1193.9654621452044,1259.0908509894882,1179.8549130478727,1251.048828125,7195603,0.0,0.0,ADANIPORTS
2024-03-15,1256.920010854003,1271.77050023904,1239.9972537128795,1265.998046875,4024586,0.0,0.0,ADANIPORTS
2024-03-18,1233.435310780555,1253.2196613465421,1210.986788124349,1249.8153076171875,4858444,0.0,0.0,ADANIPORTS
2024-03-19,1254.2064865150046,1255.9825611998542,1220.8543454849619,1224.751953125,2311324,0.0,0.0,ADANIPORTS
2024-03-20,1231.4618838054141,1236.3462397307842,1213.897715807248,1228.8963623046875,2772098,0.0,0.0,ADANIPORTS
2024-03-21,1243.3028517722412,1251.8875137581708,1234.7181897863113,1245.7203369140625,3155563,0.0,0.0,ADANIPORTS
2024-03-22,1245.7203234123615,1272.0171892811563,1238.4184824702163,1264.6165771484375,3076926,0.0,0.0,ADANIPORTS
2024-03-26,1264.616626255786,1296.587296001144,1264.0246013527135,1286.9171142578125,3610644,0.0,0.0,ADANIPORTS
2024-03-27,1297.5739453717838,1325.2028962998522,1294.7123513637005,1305.2706298828125,4938400,0.0,0.0,ADANIPORTS
2024-03-28,1316.3222869182307,1340.694922760308,1296.5873200978674,1324.0682373046875,4188741,0.0,0.0,ADANIPORTS
2024-04-01,1338.8201239961445,1363.4394455759737,1332.3568745351608,1357.6669921875,3251462,0.0,0.0,ADANIPORTS
2024-04-02,1379.2767751371289,1406.0668942112914,1369.8038954163026,1385.5426025390625,5769001,0.0,0.0,ADANIPORTS
2024-04-03,1381.2994771964827,1383.4210099684935,1370.7905845209536,1378.6845703125,2727582,0.0,0.0,ADANIPORTS
2024-04-04,1389.9335556905464,1389.9335556905464,1344.1977985636631,1348.73681640625,4197697,0.0,0.0,ADANIPORTS
2024-04-05,1348.8849092328655,1363.5874828095518,1339.3627641664004,1357.3216552734375,1853120,0.0,0.0,ADANIPORTS
2024-04-08,1363.636721235615,1363.636721235615,1319.282434755313,1330.778076171875,14038860,0.0,0.0,ADANIPORTS
2024-04-09,1338.1787100425406,1346.8127575314466,1328.2618416027854,1338.5240478515625,1935801,0.0,0.0,ADANIPORTS
2024-04-10,1340.9909261040896,1341.8790236556201,1330.3339963910678,1334.3797607421875,3984001,0.0,0.0,ADANIPORTS
2024-04-12,1332.1102735766349,1340.3989838138698,1323.2295384194574,1326.3870849609375,2183230,0.0,0.0,ADANIPORTS
2024-04-15,1302.5078032021197,1317.3090282385074,1291.2588480839295,1298.1168212890625,3372368,0.0,0.0,ADANIPORTS
2024-04-16,1284.7463510161451,1304.4813180056406,1277.2470876506727,1287.065185546875,2696593,0.0,0.0,ADANIPORTS
2024-04-18,1298.5114053313944,1318.7891315167058,1273.8920828941768,1278.3818359375,6219274,0.0,0.0,ADANIPORTS
2024-04-19,1263.0378101145038,1298.5607485239743,1253.1703272229843,1292.6402587890625,3899281,0.0,0.0,ADANIPORTS
2024-04-22,1303.59326171875,1313.3620947787151,1297.5741206867094,1303.59326171875,8903130,0.0,0.0,ADANIPORTS
2024-04-23,1303.5930857368332,1320.8119149280365,1301.4222877733082,1304.579833984375,3847872,0.0,0.0,ADANIPORTS
2024-04-24,1313.3619555322025,1315.236801347388,1300.5836135373563,1303.0010986328125,2553035,0.0,0.0,ADANIPORTS
2024-04-25,1303.0011003805,1319.2330613635813,1299.3501799349815,1312.91796875,6097087,0.0,0.0,ADANIPORTS
2024-04-26,1322.242700594215,1323.8214737581216,1303.5931339355982,1307.0467529296875,2565490,0.0,0.0,ADANIPORTS
2024-04-29,1316.618172385951,1318.0489090959134,1289.679898325554,1299.7940673828125,2191564,0.0,0.0,ADANIPORTS
2024-04-30,1306.0108093436772,1316.963691791546,1298.807498304016,1307.3428955078125,2321071,0.0,0.0,ADANIPORTS
2024-05-02,1316.272890045226,1330.8274279505733,1289.2360820950619,1321.0587158203125,7991511,0.0,0.0,ADANIPORTS
2024-05-03,1335.0703292505164,1336.0570774613445,1293.0841446987126,1302.8037109375,3528822,0.0,0.0,ADANIPORTS
2024-05-06,1304.974538125741,1304.974538125741,1240.342528865071,1272.8558349609375,4000668,0.0,0.0,ADANIPORTS
2024-05-07,1273.9906591097797,1283.9075273405438,1248.2365535190122,1270.58642578125,3474340,0.0,0.0,ADANIPORTS
2024-05-08,1276.2108416916642,1276.5561794931348,1252.232931175538,1260.32421875,1627418,0.0,0.0,ADANIPORTS
2024-05-09,1262.0511726223533,1268.761109758729,1223.5679859669415,1228.0577392578125,2591646,0.0,0.0,ADANIPORTS
2024-05-10,1233.4353452795046,1261.7549726260538,1229.2416651055544,1249.96337890625,2022402,0.0,0.0,ADANIPORTS
2024-05-13,1250.210105298724,1295.6005274326953,1244.9310259454169,1289.0880126953125,2495810,0.0,0.0,ADANIPORTS
2024-05-14,1289.0879720072007,1322.1440392570541,1268.218221876834,1313.608642578125,2989543,0.0,0.0,ADANIPORTS
2024-05-15,1320.1212158203125,1336.0078396817635,1315.3355105588519,1320.1212158203125,2189768,0.0,0.0,ADANIPORTS
2024-05-16,1334.2809839598924,1348.6382197002356,1293.133628620566,1327.225830078125,4822618,0.0,0.0,ADANIPORTS
2024-05-17,1312.3752167554646,1325.499017104088,1303.6425185390171,1317.9996337890625,1945123,0.0,0.0,ADANIPORTS
2024-05-21,1326.1895976181884,1380.2634478449952,1315.3353672805397,1367.1396484375,4200578,0.0,0.0,ADANIPORTS
2024-05-22,1375.872409828788,1375.872409828788,1346.121925751402,1359.9364013671875,1878562,0.0,0.0,ADANIPORTS
2024-05-23,1365.6596566131225,1429.6009950749221,1351.7465295777577,1424.22314453125,7821034,0.0,0.0,ADANIPORTS
2024-05-24,1415.9837952756436,1425.801892574012,1363.8341722718799,1397.334228515625,19100263,0.0,0.0,ADANIPORTS
2024-05-27,1425.8512883228855,1437.7416534757822,1404.7348506890223,1412.67822265625,5517078,0.0,0.0,ADANIPORTS
2024-05-28,1418.944102517795,1418.944102517795,1379.474169207147,1381.9410400390625,4070886,0.0,0.0,ADANIPORTS
2024-05-29,1387.3680703886857,1408.9284960406785,1364.5742093967312,1391.3150634765625,3214475,0.0,0.0,ADANIPORTS
2024-05-30,1391.315213869658,1394.9168695421977,1355.446934396959,1365.1663818359375,3477661,0.0,0.0,ADANIPORTS
2024-05-31,1372.566904916366,1431.7718037625068,1372.566904916366,1418.35205078125,8238969,0.0,0.0,ADANIPORTS
2024-06-03,1528.4731551656719,1599.9137579740861,1514.6586786180155,1562.9599609375,23398347,0.0,0.0,ADANIPORTS
2024-06-04,1537.3537626040938,1537.3537626040938,1172.2569126916967,1232.399169921875,52109624,0.0,0.0,ADANIPORTS
2024-06-05,1264.0245220211837,1349.8716207064633,1145.2200073363092,1336.649169921875,20879925,0.0,0.0,ADANIPORTS
2024-06-06,1365.6595774244033,1385.3945424160854,1326.9790942217733,1335.02099609375,12153840,0.0,0.0,ADANIPORTS
2024-06-07,1339.7081300475213,1366.64640704618,1337.0933433925686,1360.577880859375,5884018,0.0,0.0,ADANIPORTS
2024-06-10,1385.3945640809804,1396.5941327983662,1362.9460410518905,1365.708984375,4843234,0.0,0.0,ADANIPORTS
2024-06-11,1372.5669598894049,1399.9986123011925,1365.7091070127979,1384.8519287109375,4122878,0.0,0.0,ADANIPORTS
2024-06-12,1393.041827987997,1395.706000055252,1372.1720786189471,1375.4776611328125,3258265,0.0,0.0,ADANIPORTS
2024-06-13,1384.9999110695233,1392.30187269225,1369.6560470403738,1385.838623046875,2839159,0.0,0.0,ADANIPORTS
2024-06-14,1396.2935912699802,1428.9959961755226,1382.8657372315797,1417.7978515625,5651491,6.0,0.0,ADANIPORTS
2024-06-18,1433.950958146356,1445.4463251856992,1421.117789597041,1431.968994140625,5651898,0.0,0.0,ADANIPORTS
2024-06-19,1432.9598760013764,1438.9057676030418,1407.640239209828,1435.3382568359375,4484742,0.0,0.0,ADANIPORTS
2024-06-20,1446.1400321134115,1463.4822165273074,1431.0770336407977,1456.14892578125,4905603,0.0,0.0,ADANIPORTS
2024-06-21,1466.603639668204,1485.3828195769331,1456.743417981898,1472.1036376953125,25891893,0.0,0.0,ADANIPORTS
2024-06-24,1461.5497334586025,1466.3064952997838,1437.122003717611,1447.0814208984375,3009931,0.0,0.0,ADANIPORTS
2024-06-25,1452.928129496523,1455.6533297076762,1424.0409830644053,1443.018310546875,3343186,0.0,0.0,ADANIPORTS
2024-06-26,1445.7435909439325,1461.202885168915,1437.9644068308926,1454.5633544921875,3217949,0.0,0.0,ADANIPORTS
2024-06-27,1462.2928925231724,1480.5269839897655,1445.8426168949584,1472.1036376953125,7803408,0.0,0.0,ADANIPORTS
2024-06-28,1466.6532756277668,1480.527022829651,1431.968907623056,1464.7703857421875,11534763,0.0,0.0,ADANIPORTS
2024-07-01,1469.6261046349132,1477.9503764882354,1458.3288871889379,1461.2027587890625,3372730,0.0,0.0,ADANIPORTS
2024-07-02,1466.1577728087577,1476.1666661582008,1441.9283128861898,1461.5496826171875,5368562,0.0,0.0,ADANIPORTS
2024-07-03,1466.4550875567104,1500.3466206931662,1457.5362503134882,1497.02685546875,4435563,0.0,0.0,ADANIPORTS
2024-07-04,1500.9907667765794,1506.2924957750513,1480.873785714953,1490.0899658203125,2980840,0.0,0.0,ADANIPORTS
2024-07-05,1494.400662691839,1495.8871354995565,1480.4278424931895,1486.918701171875,2111633,0.0,0.0,ADANIPORTS
2024-07-08,1482.5090056329577,1487.5135128967154,1455.7524928307585,1461.9957275390625,2177821,0.0,0.0,ADANIPORTS
2024-07-09,1466.6533507061908,1490.3873210680017,1461.6984407375887,1464.67138671875,2256634,0.0,0.0,ADANIPORTS
2024-07-10,1478.5450102058917,1480.972867498401,1446.8335890754704,1474.3829345703125,2082079,0.0,0.0,ADANIPORTS
2024-07-11,1481.5179785218438,1484.9864152608582,1464.57221179084,1470.468505859375,1765496,0.0,0.0,ADANIPORTS
2024-07-12,1476.563135569075,1483.500009360339,1467.7929693268725,1473.2928466796875,2018935,0.0,0.0,ADANIPORTS
2024-07-15,1480.5269255232722,1491.4277261797354,1471.9054315736746,1481.5675048828125,1913095,0.0,0.0,ADANIPORTS
2024-07-16,1482.5089508997316,1496.977262723976,1479.7837506223423,1485.531494140625,2170314,0.0,0.0,ADANIPORTS
2024-07-18,1476.5631246665619,1490.6846176373663,1458.923597339801,1480.427978515625,3263419,0.0,0.0,ADANIPORTS
2024-07-19,1479.0901346636576,1488.6530135556015,1452.2840249487683,1456.0498046875,2568243,0.0,0.0,ADANIPORTS
2024-07-22,1456.7434358765017,1461.69834552234,1429.5410303086383,1454.1173095703125,1721261,0.0,0.0,ADANIPORTS
2024-07-23,1454.7614769459317,1503.319591639631,1406.2033622522324,1493.756591796875,5987213,0.0,0.0,ADANIPORTS
2024-07-24,1494.4007668198958,1499.90076497947,1466.6532724757599,1471.4100341796875,2201442,0.0,0.0,ADANIPORTS
2024-07-25,1457.734498219596,1485.9278872718767,1453.6218987927894,1473.5902099609375,2211808,0.0,0.0,ADANIPORTS
2024-07-26,1482.4099222110824,1533.9409835767444,1476.5631045160833,1528.83740234375,4500728,0.0,0.0,ADANIPORTS
2024-07-29,1533.94105163548,1544.9409275673036,1526.1122696944499,1534.7337646484375,1928637,0.0,0.0,ADANIPORTS
2024-07-30,1540.580460929514,1542.8597677218982,1522.1482215036378,1532.3057861328125,2800881,0.0,0.0,ADANIPORTS
2024-07-31,1542.9588626396812,1563.6704091387587,1533.049043354905,1555.7425537109375,2622023,0.0,0.0,ADANIPORTS
2024-08-01,1566.692951570983,1590.4765196781407,1554.3552740031885,1575.81005859375,7160588,0.0,0.0,ADANIPORTS
2024-08-02,1565.7018682813878,1585.2737616034651,1536.2201555557267,1573.6793212890625,4313297,0.0,0.0,ADANIPORTS
2024-08-05,1526.1121350484927,1549.3506123534883,1458.2794719790932,1480.3782958984375,7147230,0.0,0.0,ADANIPORTS
2024-08-06,1511.148390901911,1525.864448579361,1474.6802069676226,1480.6260986328125,3159971,0.0,0.0,ADANIPORTS
2024-08-07,1506.292511708486,1533.8913338639873,1500.5447682102306,1529.8779296875,2258441,0.0,0.0,ADANIPORTS
2024-08-08,1524.1302934637815,1541.9679692000286,1500.148577806175,1505.3016357421875,2468123,0.0,0.0,ADANIPORTS
2024-08-09,1527.598652156923,1529.5806160260854,1505.301558628846,1519.9681396484375,1503033,0.0,0.0,ADANIPORTS
2024-08-12,1486.4729526128324,1510.5042653467399,1444.2075474663118,1487.8603515625,9230512,0.0,0.0,ADANIPORTS
2024-08-13,1492.270163703628,1503.7655302721664,1466.1578131914773,1470.0721435546875,2485446,0.0,0.0,ADANIPORTS
2024-08-14,1474.5811190005857,1474.5811190005857,1438.9057693473455,1448.7659912109375,2648057,0.0,0.0,ADANIPORTS
2024-08-16,1457.9325853737967,1483.6981158780118,1443.9102876634292,1479.98193359375,1985315,0.0,0.0,ADANIPORTS
2024-08-19,1487.4142525888553,1493.40974154489,1476.5630490390752,1482.954833984375,1343387,0.0,0.0,ADANIPORTS
2024-08-20,1491.3782897982014,1496.3827972097747,1472.896572555268,1479.0902099609375,990643,0.0,0.0,ADANIPORTS
2024-08-21,1485.5809396330228,1503.3195398075063,1479.0900807804667,1489.9412841796875,1551436,0.0,0.0,ADANIPORTS
2024-08-22,1493.409793453079,1495.8872483194575,1476.9595173342195,1478.8424072265625,1442064,0.0,0.0,ADANIPORTS
2024-08-23,1479.536061368304,1489.4458809354057,1472.6982616731084,1477.8514404296875,1181075,0.0,0.0,ADANIPORTS
2024-08-26,1482.0134653624316,1483.4999382464462,1466.6532455609488,1469.1802978515625,1087057,0.0,0.0,ADANIPORTS
2024-08-27,1471.509168844597,1483.4009526251941,1462.2929880268423,1465.0181884765625,910064,0.0,0.0,ADANIPORTS
2024-08-28,1466.0586904134077,1472.9955639185698,1453.7704902960832,1456.5452880859375,1225101,0.0,0.0,ADANIPORTS
2024-08-29,1458.7749639752253,1469.6261674645352,1439.500293310478,1462.7388916015625,3359850,0.0,0.0,ADANIPORTS
2024-08-30,1467.5946274059377,1473.5901164153224,1452.7794960758995,1468.5361328125,1996592,0.0,0.0,ADANIPORTS
2024-09-02,1476.5630423532118,1485.977370475598,1465.4640933756607,1481.0224609375,2054244,0.0,0.0,ADANIPORTS
2024-09-03,1481.0225292756702,1484.5900401138206,1463.2839281168806,1466.2073974609375,882478,0.0,0.0,ADANIPORTS
2024-09-04,1458.7253888923394,1461.8470061399098,1447.874185236398,1458.824462890625,1122071,0.0,0.0,ADANIPORTS
2024-09-05,1463.4325674095805,1463.4821648939476,1449.8065658508322,1452.3336181640625,959956,0.0,0.0,ADANIPORTS
2024-09-06,1452.383189987451,1455.5048074705608,1414.6763975994347,1429.3924560546875,3340767,0.0,0.0,ADANIPORTS
2024-09-09,1418.0950922532409,1428.5994761501117,1398.2754543461376,1422.950927734375,1621371,0.0,0.0,ADANIPORTS
2024-09-10,1426.0229275322806,1450.797474570715,1422.059000006131,1440.2930908203125,1542798,0.0,0.0,ADANIPORTS
2024-09-11,1441.829116365751,1444.702988168007,1412.2483298322027,1417.69873046875,1637596,0.0,0.0,ADANIPORTS
2024-09-12,1430.9778876662976,1461.6983270829564,1427.2121079951764,1459.3199462890625,4003674,0.0,0.0,ADANIPORTS
2024-09-13,1459.6668325261062,1462.3425564051672,1436.9238448862156,1439.0048828125,1683544,0.0,0.0,ADANIPORTS
2024-09-16,1441.9778058217273,1447.9732949844433,1425.8248726792326,1427.7076416015625,1673805,0.0,0.0,ADANIPORTS
2024-09-17,1429.7887204234603,1431.9688321954166,1407.293358920785,1413.7347412109375,1321316,0.0,0.0,ADANIPORTS
2024-09-18,1417.1041689983451,1426.270751909698,1402.2890374375158,1415.9150390625,1421406,0.0,0.0,ADANIPORTS
2024-09-19,1420.0771331488784,1425.0320428946875,1381.8747306209,1395.500732421875,2072872,0.0,0.0,ADANIPORTS
2024-09-20,1406.153693758502,1439.9462727266755,1396.4916204043132,1425.7255859375,4407151,0.0,0.0,ADANIPORTS
2024-09-23,1434.941783909018,1445.7929872710947,1430.8291848510203,1443.018310546875,1139915,0.0,0.0,ADANIPORTS
2024-09-24,1443.0183030004214,1452.6307789435223,1433.9507945150194,1443.5137939453125,1537307,0.0,0.0,ADANIPORTS
2024-09-25,1445.8425905243087,1450.7975000189087,1425.2301186389843,1439.4508056640625,1227806,0.0,0.0,ADANIPORTS
2024-09-26,1443.7119811015666,1462.4415635204562,1434.9418153329632,1459.3199462890625,2066994,0.0,0.0,ADANIPORTS
2024-09-27,1471.6080675515527,1471.6080675515527,1439.351559501273,1443.563232421875,2694100,0.0,0.0,ADANIPORTS
2024-09-30,1443.563361241317,1455.5047421519541,1430.9779388373936,1435.1400146484375,2042408,0.0,0.0,ADANIPORTS
2024-10-01,1435.1399914566257,1459.56772037512,1434.9418434571976,1454.2659912109375,1687795,0.0,0.0,ADANIPORTS
2024-10-03,1439.64901293661,1455.7524694571537,1401.4466107723915,1412.347412109375,3967953,0.0,0.0,ADANIPORTS
2024-10-04,1411.9510455616141,1433.356230196296,1391.536721847675,1400.9510498046875,2611371,0.0,0.0,ADANIPORTS
2024-10-07,1397.2844948178665,1411.0591675776957,1324.9428152989274,1342.9786376953125,4531821,0.0,0.0,ADANIPORTS
2024-10-08,1329.8978476626576,1411.5051913935151,1329.8978476626576,1405.757568359375,3031170,0.0,0.0,ADANIPORTS
2024-10-09,1411.9014470465902,1420.027450152596,1391.6853923071617,1395.451171875,1507508,0.0,0.0,ADANIPORTS
2024-10-10,1404.2214076640382,1417.1537703567087,1394.1629167885694,1404.4195556640625,1628495,0.0,0.0,ADANIPORTS
2024-10-11,1402.437568945337,1413.9825325413874,1392.5277497160187,1395.55029296875,1158809,0.0,0.0,ADANIPORTS
2024-10-14,1405.2124218981132,1413.140277592884,1394.460291805976,1397.5819091796875,762384,0.0,0.0,ADANIPORTS
2024-10-15,1403.180830999732,1411.8519229836586,1394.3115910153915,1407.49169921875,1018477,0.0,0.0,ADANIPORTS
2024-10-16,1405.2123981624236,1405.6088151343617,1379.4468675896287,1391.1405029296875,1450465,0.0,0.0,ADANIPORTS
2024-10-17,1391.1405916449028,1395.3026676919862,1375.0371340099634,1382.12255859375,1418861,0.0,0.0,ADANIPORTS
2024-10-18,1376.4739182825394,1397.8296275335324,1363.5911530286353,1392.9241943359375,1290065,0.0,0.0,ADANIPORTS
2024-10-21,1397.1853820484948,1400.15832769965,1358.9335055308575,1363.0955810546875,1644382,0.0,0.0,ADANIPORTS
2024-10-22,1362.3028040009544,1374.591004065672,1341.6904525412576,1350.5596923828125,2467299,0.0,0.0,ADANIPORTS
2024-10-23,1350.5102374913718,1358.4380930188363,1323.1590391460388,1328.3616943359375,1916219,0.0,0.0,ADANIPORTS
2024-10-24,1332.8706590075299,1346.7444056440393,1324.1499698767927,1342.1859130859375,1115993,0.0,0.0,ADANIPORTS
2024-10-25,1347.7354646345989,1355.6633203089202,1292.3891464021399,1306.807861328125,2078274,0.0,0.0,ADANIPORTS
2024-10-28,1314.8843691991415,1351.7984466411212,1291.39814549633,1340.0057373046875,2126411,0.0,0.0,ADANIPORTS
2024-10-29,1352.392945610162,1365.0279647890834,1310.0780670222687,1360.32080078125,3790528,0.0,0.0,ADANIPORTS
2024-10-30,1367.505430770117,1402.140320915167,1345.8030238364593,1383.60888671875,2526884,0.0,0.0,ADANIPORTS
2024-10-31,1395.2529248687915,1395.3025223518339,1359.7262477655884,1363.54150390625,1891761,0.0,0.0,ADANIPORTS
2024-11-01,1373.9964140533182,1385.3431085006616,1365.9694848005252,1381.8251953125,243881,0.0,0.0,ADANIPORTS
2024-11-04,1381.6269877730683,1382.4198217217029,1323.9518866094588,1337.0823974609375,1700308,0.0,0.0,ADANIPORTS
2024-11-05,1337.8256176403474,1340.8481609420655,1284.213518934729,1317.36181640625,4852958,0.0,0.0,ADANIPORTS
2024-11-06,1318.0059859004334,1369.5370470033074,1303.3394047372096,1357.645263671875,3645515,0.0,0.0,ADANIPORTS
2024-11-07,1360.568673365235,1360.568673365235,1337.8256851062217,1340.897705078125,1292794,0.0,0.0,ADANIPORTS
2024-11-08,1340.8976905164598,1354.9697071886708,1326.5284518324745,1349.8165283203125,1400491,0.0,0.0,ADANIPORTS
2024-11-11,1342.8796507417157,1345.7039251778594,1326.9744626173917,1335.74462890625,1269498,0.0,0.0,ADANIPORTS
2024-11-12,1335.8931913503516,1342.5823191386364,1308.096100820136,1314.0419921875,1038042,0.0,0.0,ADANIPORTS
2024-11-13,1310.0782292592078,1317.2628488977323,1273.2632230554927,1276.2857666015625,1437072,0.0,0.0,ADANIPORTS
2024-11-14,1278.3170843254316,1284.9567357971332,1249.2813865373355,1253.146240234375,2963013,0.0,0.0,ADANIPORTS
2024-11-18,1252.6012328595368,1277.2767085551754,1249.9256298796704,1267.7633056640625,1445637,0.0,0.0,ADANIPORTS
2024-11-19,1273.4118071943158,1309.5330509249943,1270.4388613409437,1278.0198974609375,2631778,0.0,0.0,ADANIPORTS
2024-11-21,1150.2326673423115,1150.2326673423115,986.6711738593333,1104.5980224609375,46926687,0.0,0.0,ADANIPORTS
2024-11-22,1062.927260322337,1145.476108635733,1044.4950194668188,1126.498779296875,27086168,0.0,0.0,ADANIPORTS
2024-11-25,1174.3136558257604,1180.6559647431038,1129.4221233798187,1156.27783203125,10532688,0.0,0.0,ADANIPORTS
2024-11-26,1161.4804136179332,1163.858673462424,1109.2555935872251,1118.669921875,5802555,0.0,0.0,ADANIPORTS
2024-11-27,1092.062147163934,1220.5924621946194,1092.062147163934,1189.1287841796875,24434211,0.0,0.0,ADANIPORTS
2024-11-28,1185.8585069621258,1215.8357092382626,1152.6606135323545,1157.0704345703125,15602469,0.0,0.0,ADANIPORTS
2024-11-29,1164.4037885338741,1204.6376314161282,1158.35882284687,1179.318115234375,9412850,0.0,0.0,ADANIPORTS
2024-12-02,1191.0611431342293,1209.889798812627,1178.6738696615992,1204.8358154296875,6941125,0.0,0.0,ADANIPORTS
2024-12-03,1215.8852709724474,1297.6908803962936,1208.9979947181964,1277.0289306640625,16753958,0.0,0.0,ADANIPORTS
2024-12-04,1289.2674054634192,1289.2674054634192,1250.6191127554457,1258.10107421875,4874025,0.0,0.0,ADANIPORTS
2024-12-05,1262.511025948818,1273.2136795801316,1242.8895346145694,1265.5335693359375,4369917,0.0,0.0,ADANIPORTS
2024-12-06,1267.4659651635454,1270.9344021284185,1244.772453399481,1247.6959228515625,2232531,0.0,0.0,ADANIPORTS
2024-12-09,1246.4571012884585,1266.0289941130634,1237.7364120471748,1255.4254150390625,2849557,0.0,0.0,ADANIPORTS
2024-12-10,1261.4208845366586,1261.4208845366586,1233.177900390403,1237.4886474609375,2406907,0.0,0.0,ADANIPORTS
2024-12-11,1242.790321002495,1247.0019938890946,1219.6509188664816,1222.6734619140625,2595435,0.0,0.0,ADANIPORTS
2024-12-12,1222.6735270619872,1256.5650599439812,1212.4167675337128,1232.781494140625,5457302,0.0,0.0,ADANIPORTS
2024-12-13,1230.74997157053,1250.6192078484642,1218.9077857794064,1248.587646484375,2818291,0.0,0.0,ADANIPORTS
2024-12-16,1246.6552664331932,1250.470522665187,1229.7589761593258,1231.939208984375,1337624,0.0,0.0,ADANIPORTS
2024-12-17,1223.9617431650058,1248.1417261667355,1217.9663751406483,1220.7906494140625,2684726,0.0,0.0,ADANIPORTS
2024-12-18,1224.8536272046147,1227.727498905704,1196.3628976074199,1199.1376953125,1931870,0.0,0.0,ADANIPORTS
2024-12-19,1176.7911159151322,1198.0972287506484,1174.3136609342582,1194.13330078125,1541271,0.0,0.0,ADANIPORTS
2024-12-20,1194.1331892515766,1204.9349161532236,1165.592862149726,1171.7864990234375,3045185,0.0,0.0,ADANIPORTS
2024-12-23,1179.2188328508528,1188.187267200411,1163.6604658132464,1181.05224609375,1540796,0.0,0.0,ADANIPORTS
2024-12-24,1187.1963816301002,1192.250365404747,1169.3587064470103,1171.538818359375,1380778,0.0,0.0,ADANIPORTS
2024-12-26,1176.2955606029886,1237.736440769278,1171.8857393659403,1232.73193359375,3827047,0.0,0.0,ADANIPORTS
2024-12-27,1237.1913700847701,1239.6688249657677,1214.696128153103,1219.6014404296875,2595142,0.0,0.0,ADANIPORTS
2024-12-30,1222.6239489530706,1247.4480945414875,1201.0700921022262,1207.511474609375,8312636,0.0,0.0,ADANIPORTS
2024-12-31,1210.979891565547,1225.6464721916088,1197.2548163337597,1219.997802734375,1717204,0.0,0.0,ADANIPORTS
2025-01-01,1211.9708652899408,1220.6915544091694,1195.4709924394012,1207.7095947265625,1937930,0.0,0.0,ADANIPORTS
2025-01-02,1212.7637357953904,1217.3222284850347,1197.2052468938014,1214.94384765625,3772207,0.0,0.0,ADANIPORTS
2025-01-03,1223.3671919219385,1226.4392117093787,1186.2053695670802,1188.732421875,3040564,0.0,0.0,ADANIPORTS
2025-01-06,1188.7323620423017,1190.070163385846,1147.606614039582,1152.5615234375,2298522,0.0,0.0,ADANIPORTS
2025-01-07,1152.5615165973086,1171.48924619113,1151.5705347236062,1163.4127197265625,2010913,0.0,0.0,ADANIPORTS
2025-01-08,1172.8767558148315,1172.8767558148315,1130.8094987202148,1141.9085693359375,2900996,0.0,0.0,ADANIPORTS
2025-01-09,1146.2686902060204,1146.2686902060204,1119.7599249623233,1122.1383056640625,1884725,0.0,0.0,ADANIPORTS
2025-01-10,1124.665406129551,1127.1428609315944,1096.3233473880682,1102.1700439453125,1902237,0.0,0.0,ADANIPORTS
2025-01-13,1090.9720143765414,1096.4718914229022,1049.4002504621649,1057.0308837890625,2273302,0.0,0.0,ADANIPORTS
2025-01-14,1069.1208204570687,1121.1969687534715,1065.35516174184,1107.02587890625,6277854,0.0,0.0,ADANIPORTS
2025-01-15,1114.854628847975,1131.65172353483,1108.4132465479643,1118.719482421875,3135942,0.0,0.0,ADANIPORTS
2025-01-16,1169.309059998768,1179.2684766134178,1135.070707482137,1140.3724365234375,3997547,0.0,0.0,ADANIPORTS
2025-01-17,1152.5120773544934,1163.0660599523674,1135.1698921836391,1153.007568359375,2464355,0.0,0.0,ADANIPORTS
2025-01-20,1161.430870708756,1161.430870708756,1136.1608304330962,1138.3409423828125,1312101,0.0,0.0,ADANIPORTS
2025-01-21,1139.62917637296,1143.8408494160774,1094.0440093180416,1096.22412109375,3134022,0.0,0.0,ADANIPORTS
2025-01-22,1105.440324810579,1107.9673770784818,1070.7063603451475,1092.309814453125,1906032,0.0,0.0,ADANIPORTS
2025-01-23,1092.309727102086,1104.2015091163526,1079.823380180999,1094.0439453125,1968815,0.0,0.0,ADANIPORTS
2025-01-24,1094.192655610952,1104.9447847031838,1078.4360196890043,1084.2828369140625,2400140,0.0,0.0,ADANIPORTS
2025-01-27,1075.314451382115,1083.737797656556,1057.9227913618638,1072.242431640625,2371555,0.0,0.0,ADANIPORTS
2025-01-28,1077.1974587641337,1086.760459477878,1051.679671677495,1070.9542236328125,2404643,0.0,0.0,ADANIPORTS
2025-01-29,1075.2154311036884,1092.9044349698859,1064.8101204801044,1087.0576171875,4603700,0.0,0.0,ADANIPORTS
2025-01-30,1093.94487426746,1108.413184896535,1001.6348919393589,1067.3370361328125,14097862,0.0,0.0,ADANIPORTS
2025-01-31,1075.2153472039086,1099.2466579593877,1064.314546448846,1089.4359130859375,4659891,0.0,0.0,ADANIPORTS
2025-02-01,1095.9269407941176,1107.4223069904594,1053.4137917949515,1074.323486328125,4919797,0.0,0.0,ADANIPORTS
2025-02-03,1074.2244619752403,1084.1342817351594,1045.4859846714746,1075.0667724609375,3961203,0.0,0.0,ADANIPORTS
2025-02-04,1090.0801133232626,1117.72853311872,1081.9045124733382,1114.9537353515625,4071098,0.0,0.0,ADANIPORTS
2025-02-05,1115.845657081993,1144.4850591530367,1113.4177997327927,1134.0301513671875,2979646,0.0,0.0,ADANIPORTS
2025-02-06,1145.178742063881,1158.8543416582816,1129.818521505733,1153.5526123046875,6263278,0.0,0.0,ADANIPORTS
2025-02-07,1149.5390777849175,1165.0479697092733,1122.5844167625794,1135.764404296875,4079540,0.0,0.0,ADANIPORTS
2025-02-10,1139.629213276966,1148.399379115681,1117.084374492574,1133.8814697265625,2415627,0.0,0.0,ADANIPORTS
2025-02-11,1133.8814831904763,1149.5390461726872,1104.0034745849296,1129.8184814453125,4901591,0.0,0.0,ADANIPORTS
2025-02-12,1129.7194420890714,1133.881517961608,1089.039583966406,1118.76904296875,2862155,0.0,0.0,ADANIPORTS
2025-02-13,1123.575348684808,1141.2643517534834,1096.0756004194682,1101.5260009765625,3763868,0.0,0.0,ADANIPORTS
2025-02-14,1109.8997684029591,1109.8997684029591,1032.7518488734877,1053.116455078125,4565339,0.0,0.0,ADANIPORTS
2025-02-17,1049.400189282397,1079.4765854236518,1030.6211314764532,1073.13427734375,2518527,0.0,0.0,ADANIPORTS
2025-02-18,1073.134304436907,1078.089213847947,1052.3731614229694,1075.364013671875,1715308,0.0,0.0,ADANIPORTS
2025-02-19,1052.0263516068176,1081.854882340958,1045.0400018548564,1073.084716796875,1792268,0.0,0.0,ADANIPORTS
2025-02-20,1064.5127382611415,1115.845650499624,1064.3145902634071,1101.674560546875,3714173,0.0,0.0,ADANIPORTS
2025-02-21,1101.6744640859808,1109.0077539021688,1070.2603881187977,1073.4810791015625,2360177,0.0,0.0,ADANIPORTS
2025-02-24,1073.4811637780076,1073.4811637780076,1056.0893827114242,1060.7470703125,1669749,0.0,0.0,ADANIPORTS
2025-02-25,1064.909275149498,1081.557821796151,1058.1210723747538,1070.607421875,1665355,0.0,0.0,ADANIPORTS
2025-02-27,1073.2333736255705,1078.138685532748,1059.4587013306655,1069.2198486328125,1819078,0.0,0.0,ADANIPORTS
2025-02-28,1064.314596214268,1073.1343596132904,1049.6480152157044,1059.756103515625,2849138,0.0,0.0,ADANIPORTS
2025-03-03,1065.2559967556765,1071.2514859296598,1031.2157910312703,1043.5535888671875,2274285,0.0,0.0,ADANIPORTS
2025-03-04,1038.4994822942688,1053.4138089746925,1027.1527873963016,1048.4093017578125,1788886,0.0,0.0,ADANIPORTS
2025-03-05,1047.269735125535,1108.56194231386,1045.4859192925078,1102.66552734375,3785743,0.0,0.0,ADANIPORTS
2025-03-06,1108.1159386552663,1138.3904848110446,1091.9134083972258,1125.95361328125,4020627,0.0,0.0,ADANIPORTS
2025-03-07,1125.9536344986027,1146.5165098021519,1123.8725966135844,1134.1788330078125,2211623,0.0,0.0,ADANIPORTS
2025-03-10,1135.6652814799934,1158.1110461848145,1126.6968467070437,1132.59326171875,2430740,0.0,0.0,ADANIPORTS
2025-03-11,1127.0438332665597,1135.5662539420543,1114.260141768579,1124.7645263671875,2399428,0.0,0.0,ADANIPORTS
2025-03-12,1128.728458642476,1144.7328415783172,1095.0350718173274,1118.125,2842848,0.0,0.0,ADANIPORTS
2025-03-13,1124.7644965591921,1129.1743177834626,1104.9944553378577,1109.10693359375,1358839,0.0,0.0,ADANIPORTS
2025-03-17,1104.746719351223,1138.192359954933,1101.1790875779134,1126.8951416015625,1489537,0.0,0.0,ADANIPORTS
2025-03-18,1126.8951416015625,1126.8951416015625,1126.8951416015625,1126.8951416015625,0,0.0,0.0,ADANIPORTS
2025-03-19,1149.5391016124308,1173.8181602240727,1148.3499716192446,1162.9173583984375,2416781,0.0,0.0,ADANIPORTS
2025-03-20,1174.3135044014568,1176.2458706411667,1150.728087739616,1166.83154296875,1919013,0.0,0.0,ADANIPORTS
2025-03-21,1171.3406203118502,1191.705346996939,1161.4803986724792,1178.079345703125,3127446,0.0,0.0,ADANIPORTS
2025-03-24,1185.2144295886715,1199.9304875681803,1175.3542074292995,1189.97119140625,2135192,0.0,0.0,ADANIPORTS
2025-03-25,1194.1331892515766,1198.1961908468375,1163.9578387906424,1171.7864990234375,2090037,0.0,0.0,ADANIPORTS
2025-03-26,1172.3316127507278,1191.3584172495102,1162.4713910228197,1170.9442138671875,1676081,0.0,0.0,ADANIPORTS
2025-03-27,1171.3406579260889,1201.0701162490861,1164.4037843173896,1185.9576416015625,2004036,0.0,0.0,ADANIPORTS
2025-03-28,1186.8989653496762,1194.133181559359,1164.6018727479454,1172.281982421875,1670913,0.0,0.0,ADANIPORTS
2025-04-01,1168.3676790025138,1191.160263071265,1157.516475409745,1164.156005859375,1584541,0.0,0.0,ADANIPORTS
2025-04-02,1171.73706979098,1188.1377483126712,1156.8227432094857,1184.6693115234375,1232853,0.0,0.0,ADANIPORTS
2025-04-03,1159.6965856683005,1194.9260411233895,1159.6965856683005,1189.0792236328125,1300511,0.0,0.0,ADANIPORTS
2025-04-04,1185.2143293658753,1189.2773308830187,1132.6922896866183,1137.9940185546875,1785093,0.0,0.0,ADANIPORTS
2025-04-07,1040.481476779421,1108.9088305748949,1032.1077274743102,1100.6341552734375,2192949,0.0,0.0,ADANIPORTS
2025-04-08,1124.764569429562,1145.22837191308,1101.030598929392,1121.1474609375,2423486,0.0,0.0,ADANIPORTS
2025-04-09,1123.6248241403819,1125.3590424978233,1101.9718934142218,1121.5933837890625,1537177,0.0,0.0,ADANIPORTS
2025-04-11,1152.5120252696177,1159.7462420017496,1137.647295794945,1154.048095703125,3536245,0.0,0.0,ADANIPORTS
2025-04-15,1189.1783281045812,1214.8447845467335,1168.367707362751,1199.8809814453125,3176522,0.0,0.0,ADANIPORTS
2025-04-16,1199.0881063676068,1224.3581449728745,1190.7638341625657,1221.7816162109375,1909731,0.0,0.0,ADANIPORTS
2025-04-17,1221.781702248719,1270.9343840581641,1207.6106116059316,1248.042724609375,4280765,0.0,0.0,ADANIPORTS
2025-04-21,1248.0425790781542,1248.6371440004518,1198.4934860622632,1231.8895263671875,6049182,0.0,0.0,ADANIPORTS
2025-04-22,1238.3309851312404,1244.2768766612905,1215.934817895279,1222.078857421875,2932537,0.0,0.0,ADANIPORTS
2025-04-23,1228.9166410886323,1231.5923648244664,1205.8268351918998,1227.9256591796875,2580999,0.0,0.0,ADANIPORTS
2025-04-24,1226.835669015694,1236.7454886361763,1220.49336026469,1225.2501220703125,2133285,0.0,0.0,ADANIPORTS
2025-04-25,1225.1510214918017,1232.1869690758235,1170.5478197918253,1182.241455078125,3628854,0.0,0.0,ADANIPORTS
2025-04-28,1177.385560068268,1203.7456541652364,1173.4216325057323,1198.989013671875,2646406,0.0,0.0,ADANIPORTS
2025-04-29,1201.0700753225194,1212.8627842493659,1191.6557471743643,1205.430419921875,2381980,0.0,0.0,ADANIPORTS
2025-04-30,1204.1420201632377,1215.439237432327,1193.043071845567,1205.5294189453125,1824334,0.0,0.0,ADANIPORTS
2025-05-02,1243.682299224485,1283.3215756937911,1231.4931733223846,1251.709228515625,10694521,0.0,0.0,ADANIPORTS
2025-05-05,1278.3667361609316,1364.5821672043435,1274.1054653192707,1334.9517822265625,14191797,0.0,0.0,ADANIPORTS
2025-05-06,1337.8256633044343,1344.06889812098,1303.1412942558009,1308.8890380859375,3604276,0.0,0.0,ADANIPORTS
2025-05-07,1287.0874855806908,1329.2042210909297,1286.9882906039031,1326.132080078125,3269847,0.0,0.0,ADANIPORTS
2025-05-08,1327.9158025246422,1354.5732409632485,1304.5286528830286,1321.0780029296875,5077662,0.0,0.0,ADANIPORTS
2025-05-09,1288.2765406902583,1312.9520155481441,1280.9432500339724,1294.519775390625,2979366,0.0,0.0,ADANIPORTS
2025-05-12,1347.735490359976,1362.600220033064,1333.366251675991,1349.8165283203125,3662785,0.0,0.0,ADANIPORTS
2025-05-13,1348.3299965452206,1379.347779498007,1334.9517404229377,1356.8524169921875,3356599,0.0,0.0,ADANIPORTS
2025-05-14,1367.5550806893814,1369.4379705740807,1349.7174057238676,1359.4290771484375,1557379,0.0,0.0,ADANIPORTS
2025-05-15,1363.1946553042483,1397.1853823099377,1359.5280707215913,1393.5186767578125,3706424,0.0,0.0,ADANIPORTS
2025-05-16,1398.17644460564,1412.0501917781996,1388.3656991968635,1394.7080078125,2777119,0.0,0.0,ADANIPORTS
2025-05-19,1394.8070487287769,1397.8790684787966,1379.4468290092059,1385.6900634765625,1317210,0.0,0.0,ADANIPORTS
2025-05-20,1386.3836890573036,1394.6088872800997,1368.9424316733503,1372.113525390625,2970441,0.0,0.0,ADANIPORTS
2025-05-21,1367.555032808491,1378.4558337946455,1357.8433617239466,1372.113525390625,1993690,0.0,0.0,ADANIPORTS
2025-05-22,1367.6542097027523,1395.3026312053335,1346.348097081364,1359.03271484375,3186493,0.0,0.0,ADANIPORTS
2025-05-23,1370.6271573929953,1385.8883041351078,1362.600227519323,1382.8162841796875,1715309,0.0,0.0,ADANIPORTS
2025-05-26,1383.2125304917827,1397.878989458419,1382.2215486304099,1387.57275390625,1024835,0.0,0.0,ADANIPORTS
2025-05-27,1384.4018432774305,1406.2034471085713,1372.906476360362,1391.536865234375,2571237,0.0,0.0,ADANIPORTS
2025-05-28,1392.3296210750632,1414.9240576198006,1390.3476572016466,1398.2755126953125,2035398,0.0,0.0,ADANIPORTS
2025-05-29,1408.1853290590905,1428.0049677509846,1397.7800187458458,1425.6265869140625,1662886,0.0,0.0,ADANIPORTS
2025-05-30,1428.9958912879047,1444.3561106464085,1415.9149786736118,1419.87890625,2575127,0.0,0.0,ADANIPORTS
2025-06-02,1419.8789590283293,1468.6352216424343,1412.4465945463332,1454.761474609375,3164701,0.0,0.0,ADANIPORTS
2025-06-03,1456.7433920699216,1458.7253558686562,1413.8338274395296,1419.3834228515625,3677200,0.0,0.0,ADANIPORTS
2025-06-04,1419.3835580156406,1428.104126978827,1410.2664510915818,1423.248291015625,1446972,0.0,0.0,ADANIPORTS
2025-06-05,1430.7796631560907,1454.4640329222568,1425.0319199590122,1443.563232421875,2019939,0.0,0.0,ADANIPORTS
2025-06-06,1443.5633712018198,1465.5632432720004,1440.5904253249962,1458.4281005859375,1269864,0.0,0.0,ADANIPORTS
2025-06-09,1468.6351611929726,1470.61712497326,1449.9055792753627,1453.8695068359375,1493331,0.0,0.0,ADANIPORTS
2025-06-10,1458.725339486821,1480.5269410280641,1456.545227720484,1460.5091552734375,2125187,0.0,0.0,ADANIPORTS
2025-06-11,1460.5092231316403,1462.6893349992695,1435.7346747746067,1443.26611328125,2192673,0.0,0.0,ADANIPORTS
2025-06-12,1446.6354657309594,1452.3830883271012,1427.1130491832112,1432.76171875,2192452,0.0,0.0,ADANIPORTS
2025-06-13,1399.103515625,1417.8246646708017,1391.2366459230511,1399.103515625,3380550,7.0,0.0,ADANIPORTS
2025-06-16,1383.170752193165,1405.2775363263931,1369.2295063107285,1394.7220458984375,2823300,0.0,0.0,ADANIPORTS
2025-06-17,1394.622447180459,1408.862482233283,1378.1916936078223,1386.4569091796875,1571621,0.0,0.0,ADANIPORTS
2025-06-18,1381.179068240472,1389.3446060336857,1359.470509388254,1366.8394775390625,1732093,0.0,0.0,ADANIPORTS
2025-06-19,1364.748371665966,1366.8395342062408,1326.0116004314837,1332.384765625,2950283,0.0,0.0,ADANIPORTS
2025-06-20,1332.3847041280987,1351.0061756597495,1328.9989488792505,1343.6373291015625,4541583,0.0,0.0,ADANIPORTS
2025-06-23,1335.3721246847103,1359.1718460730945,1330.0943189691652,1349.1142578125,3921155,0.0,0.0,ADANIPORTS
2025-06-24,1389.245052841755,1412.7459846055735,1379.2870206064074,1383.6685791015625,7635176,0.0,0.0,ADANIPORTS
2025-06-25,1393.8256947978061,1398.1076971944683,1379.6853379365639,1387.25341796875,1915989,0.0,0.0,ADANIPORTS
2025-06-26,1393.128748603831,1426.9860591488848,1389.34464762559,1423.3016357421875,2877806,0.0,0.0,ADANIPORTS
2025-06-27,1428.878077540092,1450.6861925658231,1421.0112077197398,1434.15576171875,2888390,0.0,0.0,ADANIPORTS
2025-06-30,1434.753316584131,1447.3999687543087,1426.6872133198979,1444.11376953125,1586196,0.0,0.0,ADANIPORTS
2025-07-01,1444.2134453127446,1453.6735758157788,1435.9482300395216,1440.92724609375,2134736,0.0,0.0,ADANIPORTS
2025-07-02,1451.8811334962572,1451.8811334962572,1433.9566750580318,1437.84033203125,1219600,0.0,0.0,ADANIPORTS
2025-07-03,1437.9398802634453,1445.0100589642184,1420.7124355678318,1425.093994140625,978007,0.0,0.0,ADANIPORTS
2025-07-04,1425.9901992383889,1433.857068922884,1410.654805465704,1418.422119140625,608462,0.0,0.0,ADANIPORTS
2025-07-07,1418.4221258410096,1431.7659132532112,1411.053157727584,1429.5750732421875,764520,0.0,0.0,ADANIPORTS
2025-07-08,1431.9650862894266,1443.815169381867,1423.9986602182753,1442.4210205078125,824935,0.0,0.0,ADANIPORTS
2025-07-09,1442.3214536661376,1449.6904220382373,1432.2638651384138,1436.944091796875,1008636,0.0,0.0,ADANIPORTS
2025-07-10,1437.9398262965901,1444.1137575369871,1431.1683158875026,1437.0435791015625,1035509,0.0,0.0,ADANIPORTS
2025-07-11,1437.9398343486107,1447.7983104331013,1422.305772584506,1425.69140625,819864,0.0,0.0,ADANIPORTS
2025-07-14,1425.9902807157187,1440.429428111234,1420.1150171190436,1426.986083984375,718442,0.0,0.0,ADANIPORTS
2025-07-15,1428.3802319755848,1443.2177249808533,1423.002870016613,1439.0352783203125,735108,0.0,0.0,ADANIPORTS
2025-07-16,1441.4252065608753,1467.8139927258928,1436.8445359155314,1450.5865478515625,2488981,0.0,0.0,ADANIPORTS
2025-07-17,1448.8936828508229,1457.8559118169105,1442.8193075298545,1446.4041748046875,1168071,0.0,0.0,ADANIPORTS
2025-07-18,1446.3045975201662,1450.3873663441714,1423.1023342482715,1437.0435791015625,1147990,0.0,0.0,ADANIPORTS
2025-07-21,1436.0478261400199,1447.0016617651274,1423.9986312640037,1444.41259765625,815780,0.0,0.0,ADANIPORTS
2025-07-22,1448.3958703767382,1448.3958703767382,1411.1528034029895,1414.7376708984375,976668,0.0,0.0,ADANIPORTS
2025-07-23,1423.9986213822021,1432.4629488519565,1413.0447858331083,1414.8372802734375,740816,0.0,0.0,ADANIPORTS
2025-07-24,1417.2270741277682,1420.0153717277162,1399.1035044021326,1405.67578125,598011,0.0,0.0,ADANIPORTS
2025-07-25,1405.7753355839777,1410.754351607946,1384.1664546631591,1390.4400634765625,744410,0.0,0.0,ADANIPORTS
2025-07-28,1390.440073553581,1398.207265672458,1367.735711696536,1370.2252197265625,790020,0.0,0.0,ADANIPORTS
2025-07-29,1370.2252395298626,1392.8299241459954,1367.8352874748944,1390.041748046875,782760,0.0,0.0,ADANIPORTS
2025-07-30,1392.9295621773863,1397.2114429945711,1385.6601502077824,1388.149658203125,627316,0.0,0.0,ADANIPORTS
2025-07-31,1376.2996314894044,1389.942208790375,1364.5492262110206,1367.33740234375,1412892,0.0,0.0,ADANIPORTS
2025-08-01,1365.2462551797876,1370.1257154143523,1337.1646521647217,1341.446533203125,1239941,0.0,0.0,ADANIPORTS
2025-08-04,1344.1352839823053,1391.1371490566469,1339.5544917568952,1383.0711669921875,1368323,0.0,0.0,ADANIPORTS
2025-08-05,1386.158145638577,1388.3488641995696,1340.3511954235091,1352.400390625,3000067,0.0,0.0,ADANIPORTS
2025-08-06,1368.2336153126946,1381.0795010781055,1352.4003199068627,1361.362548828125,2293293,0.0,0.0,ADANIPORTS
2025-08-07,1345.3301357698763,1352.2012022256765,1309.4812202349278,1339.753662109375,2857406,0.0,0.0,ADANIPORTS
2025-08-08,1339.7537420481892,1351.2054796384753,1312.1699185698212,1319.4393310546875,1561061,0.0,0.0,ADANIPORTS
2025-08-11,1319.4393391944216,1342.641604121953,1308.1867135652549,1333.7789306640625,2053173,0.0,0.0,ADANIPORTS
2025-08-12,1336.3679974486802,1343.9360780406607,1322.6258636058071,1324.916259765625,1260241,0.0,0.0,ADANIPORTS
2025-08-13,1329.5963953897128,1333.6792857910427,1311.0744800228842,1314.0618896484375,1205658,0.0,0.0,ADANIPORTS
2025-08-14,1319.240197259272,1323.4225222956916,1285.0840970824604,1294.843017578125,2298528,0.0,0.0,ADANIPORTS
2025-08-18,1316.3523206720638,1326.409909034068,1289.5651893386773,1321.6300048828125,10225114,0.0,0.0,ADANIPORTS
2025-08-19,1326.4098893531673,1365.9432285732971,1319.4392668115215,1363.6529541015625,3150673,0.0,0.0,ADANIPORTS
2025-08-20,1363.6529851223647,1368.8311133621767,1352.3008038418393,1364.847900390625,1594619,0.0,0.0,ADANIPORTS
2025-08-21,1365.3457356410547,1372.0176899788805,1349.6121181030621,1356.0848388671875,1227167,0.0,0.0,ADANIPORTS
2025-08-22,1358.2756521050576,1358.2756521050576,1332.58387927048,1335.5712890625,1210284,0.0,0.0,ADANIPORTS
2025-08-25,1335.6709054112523,1343.2389855591964,1326.9077884664684,1334.774658203125,1214246,0.0,0.0,ADANIPORTS
2025-08-26,1329.5964703777324,1334.2768186565386,1304.502276730999,1309.879638671875,1652272,0.0,0.0,ADANIPORTS
2025-08-28,1311.3733435688953,1333.1814593769936,1305.6971920254089,1309.879638671875,1785681,0.0,0.0,ADANIPORTS
2025-08-29,1312.468655510115,1317.3481156426576,1297.5316070786646,1307.29052734375,1592903,0.0,0.0,ADANIPORTS
2025-09-01,1312.7675112502025,1332.8826888615895,1310.5766711017232,1329.6961669921875,983914,0.0,0.0,ADANIPORTS
2025-09-02,1335.272633475556,1343.1395036462056,1322.6258589698741,1330.59228515625,1495993,0.0,0.0,ADANIPORTS
2025-09-03,1332.3847012296176,1339.1562117125832,1322.0283234854385,1326.8082275390625,1774676,0.0,0.0,ADANIPORTS
2025-09-04,1332.3847751606665,1342.342807859924,1320.4351359215575,1322.6258544921875,1350147,0.0,0.0,ADANIPORTS
2025-09-05,1324.4183457875586,1330.094375789156,1307.2905782096025,1316.2528076171875,1135666,0.0,0.0,ADANIPORTS
2025-09-08,1316.3523708446094,1357.6782066726748,1316.3523708446094,1342.6416015625,1445628,0.0,0.0,ADANIPORTS
2025-09-09,1349.0146181656876,1379.1875053536703,1342.641574593136,1375.104736328125,3515252,0.0,0.0,ADANIPORTS
2025-09-10,1394.1245433567553,1399.0040035701065,1379.1874946779328,1383.270263671875,2553605,0.0,0.0,ADANIPORTS
2025-09-11,1399.0039443888868,1417.127514062649,1382.1748459443888,1387.25341796875,4041646,0.0,0.0,ADANIPORTS
2025-09-12,1389.6433699678637,1400.5972052022933,1385.26181156249,1387.25341796875,1466190,0.0,0.0,ADANIPORTS
2025-09-15,1387.2534420409295,1403.0867375570433,1386.3571948309589,1389.3446044921875,1254831,0.0,0.0,ADANIPORTS
2025-09-16,1394.1245013208247,1406.6715975211102,1390.7387460774437,1402.2900390625,1636246,0.0,0.0,ADANIPORTS
2025-09-17,1404.0825093232602,1407.1694749257738,1390.3403765662551,1400.1988525390625,1062568,0.0,0.0,ADANIPORTS
2025-09-18,1404.0825519468433,1409.061568088499,1395.1203228918635,1406.870849609375,1416920,0.0,0.0,ADANIPORTS
2025-09-19,1441.7239253805822,1453.8726758293778,1419.0195637375778,1421.807861328125,8069167,0.0,0.0,ADANIPORTS
2025-09-22,1426.9860900527653,1455.5655953615296,1419.0196638696375,1438.1390380859375,5490489,0.0,0.0,ADANIPORTS
2025-09-23,1446.902108007672,1448.893714488068,1417.1275668141498,1435.5499267578125,2550337,0.0,0.0,ADANIPORTS
2025-09-24,1438.9357069057298,1446.3046753219019,1423.1024108018769,1425.5919189453125,2603193,0.0,0.0,ADANIPORTS
2025-09-25,1425.6914916141088,1433.857151354776,1398.207345701119,1401.2943115234375,1970560,0.0,0.0,ADANIPORTS
2025-09-26,1401.2942413625403,1410.754371944451,1384.465264205339,1386.1580810546875,1899079,0.0,0.0,ADANIPORTS
2025-09-29,1387.7513977387512,1395.4191557695617,1371.8185455912155,1377.39501953125,1978395,0.0,0.0,ADANIPORTS
2025-09-30,1383.867729789301,1402.090977912362,1381.3782216609054,1397.60986328125,1999250,0.0,0.0,ADANIPORTS
2025-10-01,1400.0993822437154,1420.911694669752,1386.8551502749608,1416.729248046875,1602493,0.0,0.0,ADANIPORTS
2025-10-03,1407.070033488263,1424.9944925135912,1406.5721318486706,1413.1444091796875,1576970,0.0,0.0,ADANIPORTS
2025-10-06,1413.1443524612716,1413.1443524612716,1389.145518707744,1394.6224365234375,1338654,0.0,0.0,ADANIPORTS
2025-10-07,1394.9211797051746,1409.061536608359,1391.435868483882,1393.6265869140625,1608151,0.0,0.0,ADANIPORTS
2025-10-08,1393.5270584680004,1405.1779075864208,1380.1832709309474,1388.448486328125,1704405,0.0,0.0,ADANIPORTS
2025-10-09,1388.6475607148059,1393.925366291604,1382.573185513779,1389.742919921875,1250770,0.0,0.0,ADANIPORTS
2025-10-10,1394.6224342954,1412.0489909538571,1389.8425301315895,1403.485107421875,1359246,0.0,0.0,ADANIPORTS
2025-10-13,1394.9212701956737,1435.8487603091337,1390.14136587319,1431.7659912109375,2245061,0.0,0.0,ADANIPORTS
2025-10-14,1433.9566430851994,1436.1473615555974,1416.0321850466344,1423.0028076171875,2640234,0.0,0.0,ADANIPORTS
2025-10-15,1423.9986161381216,1450.1882896595307,1423.9986161381216,1444.6116943359375,2675240,0.0,0.0,ADANIPORTS
2025-10-16,1447.897910935124,1484.2447291944993,1446.902107695141,1473.2908935546875,6512312,0.0,0.0,ADANIPORTS
2025-10-17,1473.290840188477,1482.7509706256453,1456.3621857219653,1473.1912841796875,3290072,0.0,0.0,ADANIPORTS
2025-10-20,1481.7552522686606,1482.7510555295937,1452.9765137160869,1460.8433837890625,2660484,0.0,0.0,ADANIPORTS
2025-10-21,1470.8013512980626,1475.28246577392,1463.8307287800624,1467.3160400390625,394024,0.0,0.0,ADANIPORTS
2025-10-23,1472.593925987526,1477.2741527386854,1444.213532759988,1447.001708984375,2999137,0.0,0.0,ADANIPORTS
2025-10-24,1456.860117245588,1457.3580188577703,1416.330974637148,1423.0028076171875,1907383,0.0,0.0,ADANIPORTS
2025-10-27,1423.0028330693174,1423.7995242862632,1404.0825714679759,1414.6380615234375,2280976,0.0,0.0,ADANIPORTS
2025-10-28,1419.915888949326,1428.9776742794954,1404.082592846055,1411.949462890625,2068057,0.0,0.0,ADANIPORTS
2025-10-29,1418.1233481416234,1458.6526123262342,1415.6338400795962,1448.694580078125,3578596,0.0,0.0,ADANIPORTS
2025-10-30,1451.8811722266473,1456.860188592308,1443.516400420734,1451.7816162109375,1380931,0.0,0.0,ADANIPORTS
2025-10-31,1451.7816125090228,1455.5655920024662,1436.9441194655851,1445.408447265625,1141853,0.0,0.0,ADANIPORTS
2025-11-03,1445.4083512336563,1451.2836144514092,1429.2763879450545,1438.6368408203125,1059573,0.0,0.0,ADANIPORTS
2025-11-04,1443.5163851783411,1460.146372598858,1425.9902720678808,1438.3382568359375,3554714,0.0,0.0,ADANIPORTS
2025-11-06,1446.0058582147567,1460.1463371352913,1428.2806335054838,1430.7701416015625,2745063,0.0,0.0,ADANIPORTS
2025-11-07,1428.977691720678,1457.855986535939,1419.0196590257603,1442.221923828125,2184538,0.0,0.0,ADANIPORTS
2025-11-10,1446.1054726399982,1457.7564439350754,1434.952524542266,1438.836181640625,1161695,0.0,0.0,ADANIPORTS
2025-11-11,1446.9020672222919,1469.8055411012408,1431.7659070211469,1468.2122802734375,2258827,0.0,0.0,ADANIPORTS
2025-11-12,1470.8013865256055,1508.6419096725067,1469.3076816645435,1500.575927734375,4641466,0.0,0.0,ADANIPORTS
2025-11-13,1508.6419588156427,1508.6419588156427,1481.556158409288,1492.7091064453125,2304918,0.0,0.0,ADANIPORTS
2025-11-14,1493.7049095556356,1517.2058424877075,1490.7174997365244,1506.3515625,2345593,0.0,0.0,ADANIPORTS
2025-11-17,1512.5255745207116,1512.6251305336998,1496.6922785991776,1501.27294921875,1750560,0.0,0.0,ADANIPORTS
2025-11-18,1512.5255516063608,1512.5255516063608,1483.9459259469772,1488.725830078125,1818617,0.0,0.0,ADANIPORTS
2025-11-19,1492.7090054040914,1493.2069070069613,1471.7971380835536,1477.9710693359375,1746304,0.0,0.0,ADANIPORTS
2025-11-20,1493.7048360916835,1498.6838522119892,1481.3568518017237,1484.8421630859375,1459401,0.0,0.0,ADANIPORTS
2025-11-21,1485.738472901926,1486.037262504938,1460.9429472664233,1473.5897216796875,1165365,0.0,0.0,ADANIPORTS
2025-11-24,1475.7804055422337,1483.9459435083984,1465.1253594695536,1479.6640625,2485518,0.0,0.0,ADANIPORTS
2025-11-25,1483.7468609404539,1486.1368130817598,1468.3119103736237,1477.6724853515625,1355333,0.0,0.0,ADANIPORTS
2025-11-26,1478.0707905760219,1516.608327153635,1478.0707905760219,1499.8787841796875,3986754,0.0,0.0,ADANIPORTS
2025-11-27,1505.4553431672812,1507.5465055989935,1494.7006198641752,1502.7666015625,861910,0.0,0.0,ADANIPORTS
2025-11-28,1503.6628689862628,1527.8609359646764,1496.7918024256505,1510.533935546875,2612938,0.0,0.0,ADANIPORTS
2025-12-01,1523.5790026620182,1542.499264786579,1516.608379774022,1524.076904296875,4059126,0.0,0.0,ADANIPORTS
2025-12-02,1521.6869142853648,1523.5789647623585,1503.6628998635042,1511.7288818359375,1974536,0.0,0.0,ADANIPORTS
2025-12-03,1507.6460697628966,1517.6041019277768,1482.3526437524984,1491.4144287109375,1958074,0.0,0.0,ADANIPORTS
2025-12-04,1491.414501962072,1502.7666834992024,1483.9459774715936,1499.2813720703125,1591805,0.0,0.0,ADANIPORTS
2025-12-05,1498.2855255284503,1507.6461002644157,1487.0330218892893,1503.0654296875,1141428,0.0,0.0,ADANIPORTS
2025-12-08,1503.065482016322,1504.5591869232765,1466.4198730091657,1474.2867431640625,1070689,0.0,0.0,ADANIPORTS
2025-12-09,1470.7017718608597,1492.9081103082397,1454.7689206449425,1490.91650390625,1327921,0.0,0.0,ADANIPORTS
2025-12-10,1493.7047945252918,1514.616661648646,1487.331629757049,1491.812744140625,1677388,0.0,0.0,ADANIPORTS
2025-12-11,1489.7216842326711,1508.641946265038,1488.7258809678099,1497.6881103515625,1451645,0.0,0.0,ADANIPORTS
2025-12-12,1505.654456375897,1520.9898501505868,1503.164948346175,1516.4091796875,1152570,0.0,0.0,ADANIPORTS
2025-12-15,1516.409219084965,1516.409219084965,1501.7708385550775,1506.251953125,850425,0.0,0.0,ADANIPORTS
2025-12-16,1506.25200664849,1506.25200664849,1487.9292021110068,1492.7091064453125,1122212,0.0,0.0,ADANIPORTS
2025-12-17,1487.8295701288316,1493.7048334520116,1473.091755373578,1480.0623779296875,964352,0.0,0.0,ADANIPORTS
2025-12-18,1480.1619544018824,1491.7132476286595,1469.8055764351811,1489.4228515625,683681,0.0,0.0,ADANIPORTS
2025-12-19,1488.7258462672744,1497.3892858464274,1484.4438437049728,1490.1199951171875,1276175,0.0,0.0,ADANIPORTS
2025-12-22,1491.215338567731,1508.641895111928,1491.215338567731,1502.3682861328125,1116833,0.0,0.0,ADANIPORTS
2025-12-23,1502.3682693490425,1507.4469630173096,1484.9417129995268,1487.3316650390625,928446,0.0,0.0,ADANIPORTS
2025-12-24,1496.6922480330122,1500.8745729572056,1485.7384125517326,1488.02880859375,1318023,0.0,0.0,ADANIPORTS
2025-12-26,1493.3065495823905,1495.0990440798362,1478.7678462473864,1480.8590087890625,876540,0.0,0.0,ADANIPORTS
2025-12-29,1480.8589821549176,1480.8589821549176,1444.9105093019439,1448.2962646484375,1568472,0.0,0.0,ADANIPORTS
2025-12-30,1443.914679431753,1464.3286455892364,1441.2260593415328,1455.067626953125,3463973,0.0,0.0,ADANIPORTS
2025-12-31,1462.3369990138367,1468.8097198130126,1455.1672645979527,1463.631591796875,707055,0.0,0.0,ADANIPORTS
2026-01-01,1466.6190613116441,1484.6430756540751,1464.229109222711,1474.8841552734375,981252,0.0,0.0,ADANIPORTS
2026-01-02,1473.888326754913,1488.7258190963043,1472.0959538874629,1483.2489013671875,1251176,0.0,0.0,ADANIPORTS
2026-01-05,1481.7552366774114,1490.5183539046232,1472.8925634367567,1486.7342529296875,790039,0.0,0.0,ADANIPORTS
2026-01-06,1483.7468776033782,1486.734287424056,1464.5278258004766,1467.017333984375,1675609,0.0,0.0,ADANIPORTS
2026-01-07,1467.0172609182068,1474.1871170655427,1452.876903761145,1459.1505126953125,2124534,0.0,0.0,ADANIPORTS
2026-01-08,1461.8392011009323,1482.7510697815314,1454.1715645412526,1459.0509033203125,1974347,0.0,0.0,ADANIPORTS
2026-01-09,1456.8601449490359,1456.8601449490359,1424.994441163411,1429.8739013671875,2280396,0.0,0.0,ADANIPORTS
2026-01-12,1429.8739360803484,1441.0268840528727,1398.0082315211173,1437.4420166015625,1539180,0.0,0.0,ADANIPORTS
2026-01-13,1437.4419848568211,1442.9189027069858,1414.0406085879363,1422.6044921875,919873,0.0,0.0,ADANIPORTS
2026-01-14,1423.0028539697607,1432.8613305237013,1417.02803442895,1423.9986572265625,1278819,0.0,0.0,ADANIPORTS
2026-01-15,1423.9986572265625,1423.9986572265625,1423.9986572265625,1423.9986572265625,0,0.0,0.0,ADANIPORTS
2026-01-16,1423.9985989257573,1441.9230568143332,1410.1569099113105,1415.9326171875,1556318,0.0,0.0,ADANIPORTS
2026-01-19,1415.0363967036317,1415.0363967036317,1389.742970227165,1397.1119384765625,1130162,0.0,0.0,ADANIPORTS
2026-01-20,1403.0867516844696,1406.9704085947726,1353.8940477893238,1361.8604736328125,1799611,0.0,0.0,ADANIPORTS
2026-01-21,1365.943264343529,1384.5648579843794,1339.3553662901932,1372.8143310546875,2141532,0.0,0.0,ADANIPORTS
2026-01-22,1394.1245352014298,1415.7334168738469,1382.6727979479895,1408.264892578125,1689638,0.0,0.0,ADANIPORTS
2026-01-23,1411.0531391167704,1411.0531391167704,1286.5777387006826,1302.908935546875,6380222,0.0,0.0,ADANIPORTS
2026-01-27,1328.700274621987,1362.557583835776,1316.4518464890891,1358.176025390625,3838632,0.0,0.0,ADANIPORTS
2026-01-28,1368.1340382818016,1378.4904158544048,1357.97677272563,1376.1004638671875,2938285,0.0,0.0,ADANIPORTS
2026-01-29,1379.087903275852,1423.0028009530747,1365.8436718306214,1411.849853515625,3918681,0.0,0.0,ADANIPORTS
2026-01-30,1411.8498242659207,1422.5048698727762,1401.095101092752,1413.8414306640625,2227414,0.0,0.0,ADANIPORTS
2026-02-02,1342.3428118280576,1400.0994016544873,1342.3428118280576,1397.2115478515625,2796673,0.0,0.0,ADANIPORTS
2026-02-03,1471.0004607739293,1530.5495416621943,1471.0004607739293,1524.3756103515625,11977119,0.0,0.0,ADANIPORTS
2026-02-04,1523.4794226363147,1565.701504918352,1502.1692086886906,1561.3199462890625,6632728,0.0,0.0,ADANIPORTS
2026-02-05,1561.4195109444256,1571.078753938669,1542.1009033979235,1563.6102294921875,3285127,0.0,0.0,ADANIPORTS
2026-02-06,1556.4404449257179,1568.8879852722127,1520.5915287278126,1544.1920166015625,4429173,0.0,0.0,ADANIPORTS
2026-02-09,1569.2863529911467,1577.2527789251758,1547.9761393060164,1555.1458740234375,1761025,0.0,0.0,ADANIPORTS
2026-02-10,1558.432115257871,1561.419525063477,1518.5999845164558,1548.17529296875,1643366,0.0,0.0,ADANIPORTS
2026-02-11,1548.1752085483877,1552.8555565900992,1532.7402587277409,1546.8807373046875,1359416,0.0,0.0,ADANIPORTS
2026-02-12,1535.6281746510722,1544.4908479288692,1526.0684877182412,1537.221435546875,1107584,0.0,0.0,ADANIPORTS
2026-02-13,1536.5243998383753,1536.5243998383753,1500.675483186281,1512.6251220703125,1838361,0.0,0.0,ADANIPORTS
2026-02-16,1511.1314670179104,1539.0139586663463,1489.024682977,1533.6365966796875,1644108,0.0,0.0,ADANIPORTS
2026-02-17,1538.516026647692,1569.883829132742,1529.2550077669953,1559.7266845703125,3168457,0.0,0.0,ADANIPORTS
2026-02-18,1558.4321057506072,1558.4321057506072,1533.537024189096,1544.291748046875,1326139,0.0,0.0,ADANIPORTS
2026-02-19,1543.495027084879,1544.2917183027087,1500.3766980276253,1506.9490966796875,984392,0.0,0.0,ADANIPORTS
2026-02-20,1506.9491106887112,1522.7822851576516,1498.8830070967435,1505.1566162109375,1126987,0.0,0.0,ADANIPORTS
2026-02-23,1504.6587175289292,1557.9341916439507,1504.4596055012378,1549.270751953125,3113728,0.0,0.0,ADANIPORTS
2026-02-24,1547.1794980230109,1557.4363203673065,1529.9521743194869,1548.8724365234375,1360612,0.0,0.0,ADANIPORTS
2026-02-25,1560.423612904462,1577.3522672882375,1512.1271577507503,1522.2843017578125,2153982,0.0,0.0,ADANIPORTS
2026-02-26,1531.1470867604953,1548.0757423849918,1519.59579311656,1544.092529296875,1353287,0.0,0.0,ADANIPORTS
2026-02-27,1538.5159765239769,1538.61553253448,1509.8367951345006,1514.61669921875,1596106,0.0,0.0,ADANIPORTS
2026-03-02,1455.8643012884174,1491.0162034242624,1423.9985983874399,1464.1295166015625,4207514,0.0,0.0,ADANIPORTS
2026-03-04,1428.977584558412,1444.4125340780324,1403.0867014932421,1428.380126953125,3386838,0.0,0.0,ADANIPORTS
2026-03-05,1441.126367626045,1499.1817438247958,1441.126367626045,1493.0078125,3236481,0.0,0.0,ADANIPORTS
2026-03-06,1482.7510538943527,1491.514171204107,1463.8307919574872,1471.29931640625,2576061,0.0,0.0,ADANIPORTS
2026-03-09,1399.1035635116878,1430.0730202144719,1399.1035635116878,1415.335205078125,4874245,0.0,0.0,ADANIPORTS
2026-03-10,1443.914742101281,1464.1295971139054,1410.5553325423894,1418.1234130859375,2706284,0.0,0.0,ADANIPORTS
2026-03-11,1419.0196299750269,1448.7941714348776,1399.8005786440895,1404.8792724609375,2212011,0.0,0.0,ADANIPORTS
2026-03-12,1396.6139914772727,1412.6463987255884,1369.528192993038,1385.66015625,2699173,0.0,0.0,ADANIPORTS
2026-03-13,1382.8718635896846,1384.1664563807262,1348.3175409636715,1357.4788818359375,2688559,0.0,0.0,ADANIPORTS
2026-03-16,1350.9065893154755,1377.2953739691077,1341.3469029601006,1368.134033203125,3322087,0.0,0.0,ADANIPORTS
2026-03-17,1373.2126304824812,1373.2126304824812,1345.529252542807,1359.769287109375,2605905,0.0,0.0,ADANIPORTS
2026-03-18,1361.362599812587,1405.177942846355,1361.362599812587,1396.0166015625,1956685,0.0,0.0,ADANIPORTS
2026-03-19,1371.221072306675,1373.810136439515,1344.8322862383186,1350.3092041015625,2160622,0.0,0.0,ADANIPORTS
2026-03-20,1359.171898173117,1387.651847187354,1352.300831345839,1359.6697998046875,4213342,0.0,0.0,ADANIPORTS
2026-03-23,1344.3343211514912,1344.3343211514912,1288.0714403032991,1298.1290283203125,3361416,0.0,0.0,ADANIPORTS
2026-03-24,1337.3638005115656,1355.2882594908717,1308.0871598670954,1338.5587158203125,3132212,0.0,0.0,ADANIPORTS
2026-03-25,1353.993646643555,1386.8551542877435,1349.1143079064364,1370.125732421875,1856531,0.0,0.0,ADANIPORTS
2026-03-27,1369.2295021250525,1369.2295021250525,1324.517910798602,1332.1856689453125,2667313,0.0,0.0,ADANIPORTS
2026-03-30,1319.4392930821211,1331.6877215580885,1301.6143907734092,1307.09130859375,2856500,0.0,0.0,ADANIPORTS
2026-04-01,1345.5292721208093,1399.501879975928,1343.0397640525293,1379.5858154296875,3684039,0.0,0.0,ADANIPORTS
2026-04-02,1348.7158955348632,1378.39075833725,1327.0073368757269,1371.8184814453125,3210456,0.0,0.0,ADANIPORTS
2026-04-06,1374.009395613466,1385.9590348103663,1342.4423591335112,1381.2786865234375,2519628,0.0,0.0,ADANIPORTS
2026-04-07,1369.2294044135533,1384.166452461701,1362.65712758397,1375.2042236328125,1812944,0.0,0.0,ADANIPORTS
2026-04-08,1458.7522212495726,1499.3809213607524,1442.9189250891652,1447.200927734375,7636467,0.0,0.0,ADANIPORTS
2026-04-09,1430.969305228993,1450.0886794731466,1409.2607452251377,1441.32568359375,3159307,0.0,0.0,ADANIPORTS
2026-04-10,1435.9482250780222,1471.8966965537413,1432.2638018338273,1469.1085205078125,4026881,0.0,0.0,ADANIPORTS
2026-04-13,1420.81208857276,1471.6976090056367,1415.0363812505739,1459.1505126953125,3629785,0.0,0.0,ADANIPORTS
2026-04-15,1478.0707343405247,1508.6418438737064,1474.6849791581835,1505.455322265625,4415637,0.0,0.0,ADANIPORTS
2026-04-16,1518.5003736352692,1549.2707178328321,1503.662881158592,1543.2958984375,7476052,0.0,0.0,ADANIPORTS
2026-04-17,1552.4572837315436,1571.875447318949,1542.6983631515902,1566.796875,6024587,0.0,0.0,ADANIPORTS
2026-04-20,1565.801059388024,1593.7831064867796,1559.5274502706811,1571.77587890625,2998603,0.0,0.0,ADANIPORTS
2026-04-21,1571.8754059597973,1605.1352583100802,1571.7758499479305,1587.409912109375,4276868,0.0,0.0,ADANIPORTS
2026-04-22,1582.2317729899871,1596.670919793333,1575.3607064064477,1581.9329833984375,1918773,0.0,0.0,ADANIPORTS
2026-04-23,1568.3900400404937,1604.2389552414193,1559.6269232570642,1596.1729736328125,2406876,0.0,0.0,ADANIPORTS
2026-04-24,1605.2347622924947,1612.0062726921178,1549.9676845584788,1578.4476318359375,2290223,0.0,0.0,ADANIPORTS
2026-04-27,1593.285135861222,1642.9757403474957,1586.3145133918292,1621.66552734375,3787783,0.0,0.0,ADANIPORTS
2026-04-28,1621.56607549571,1641.0837953521295,1617.6824184159796,1630.7274169921875,2500914,0.0,0.0,ADANIPORTS
2026-04-29,1638.096375876331,1664.9830641125989,1637.9968198611332,1654.1287841796875,2345365,0.0,0.0,ADANIPORTS
2026-04-30,1643.0753144269825,1669.9620013903332,1590.0986317001773,1650.3447265625,6313698,0.0,0.0,ADANIPORTS
2026-05-01,1650.3447265625,1650.3447265625,1650.3447265625,1650.3447265625,0,0.0,0.0,ADANIPORTS
2026-05-04,1694.8571549659032,1741.261562746786,1680.218895611437,1735.2867431640625,7171346,0.0,0.0,ADANIPORTS
2026-05-05,1742.4565895397595,1750.0246699892525,1711.4870109683363,1717.7606201171875,4357699,0.0,0.0,ADANIPORTS
2026-05-06,1742.6557075462674,1755.0036922999127,1711.387460824977,1740.962890625,3001204,0.0,0.0,ADANIPORTS
2026-05-07,1740.9629047796063,1748.5309853165925,1700.8319843934858,1725.5279541015625,3280485,0.0,0.0,ADANIPORTS
2026-05-08,1733.0960197411086,1784.479443696664,1720.4492453917082,1753.0120849609375,4984856,0.0,0.0,ADANIPORTS
2026-05-11,1749.7257909927673,1778.1061823968846,1725.8265140208791,1759.883056640625,4111229,0.0,0.0,ADANIPORTS
2026-05-12,1744.6472859130913,1758.4889753355342,1676.135974007454,1681.114990234375,3441070,0.0,0.0,ADANIPORTS
2026-05-13,1681.115018946763,1744.9461053124949,1680.9159069174907,1730.5069580078125,3018421,0.0,0.0,ADANIPORTS
2026-05-14,1753.6095348380502,1775.0193048545284,1738.0750283469993,1765.95751953125,3051398,0.0,0.0,ADANIPORTS
2026-05-15,1789.2593447254221,1816.2455887377118,1758.7876677479728,1787.56640625,5622212,0.0,0.0,ADANIPORTS
2026-05-18,1778.0066692099974,1785.4751934435874,1737.6766383486113,1780.1973876953125,2562978,0.0,0.0,ADANIPORTS
2026-05-19,1783.2844679007849,1797.4248251038823,1751.418764630245,1755.4019775390625,2274987,0.0,0.0,ADANIPORTS
2026-05-20,1741.6598348793439,1770.3390162895837,1736.9796083602193,1765.1607666015625,1283223,0.0,0.0,ADANIPORTS
2026-05-21,1773.9239646592268,1793.2425723562258,1769.3432939413033,1785.7740478515625,1628329,0.0,0.0,ADANIPORTS
2026-05-22,1785.7740441151645,1794.7362735020085,1773.0277136973355,1779.40087890625,1487044,0.0,0.0,ADANIPORTS
2026-05-25,1801.4081158712597,1805.6901185565152,1785.475263547357,1795.333740234375,1516143,0.0,0.0,ADANIPORTS
2026-05-26,1797.4248235028492,1812.8597735107683,1792.4458073712624,1803.5987548828125,2104926,0.0,0.0,ADANIPORTS
2026-05-27,1802.4038705488663,1835.0662655554984,1802.3043145361291,1816.843017578125,2102406,0.0,0.0,ADANIPORTS
2026-05-28,1816.843017578125,1816.843017578125,1816.843017578125,1816.843017578125,0,0.0,0.0,ADANIPORTS
2026-05-29,1828.6930806780401,1832.9749616434594,1788.860951373609,1797.0264892578125,3554087,0.0,0.0,ADANIPORTS
2026-06-01,1801.5075523637493,1807.2832595711752,1769.5422938212917,1776.0150146484375,1224826,0.0,0.0,ADANIPORTS
2026-06-02,1737.875795434644,1810.1712091368202,1737.875795434644,1806.885009765625,2256569,0.0,0.0,ADANIPORTS
2026-06-03,1821.7225197757552,1832.278010087482,1774.4218646240404,1796.22998046875,2967709,0.0,0.0,ADANIPORTS
2026-06-04,1786.7697885048615,1818.7350479530546,1778.7036850760737,1783.384033203125,1369988,0.0,0.0,ADANIPORTS
2026-06-05,1793.9395049306586,1820.2287343103535,1789.1596008405284,1816.544189453125,1640762,0.0,0.0,ADANIPORTS
2026-06-08,1798.022262305434,1825.108182712539,1784.081017282927,1797.4248046875,2574439,0.0,0.0,ADANIPORTS
2026-06-09,1820.3283683341967,1824.9090390413778,1784.877796413471,1818.735107421875,1776339,0.0,0.0,ADANIPORTS
2026-06-10,1818.3366667403968,1850.0032575335592,1804.5945337792864,1813.5567626953125,2933100,0.0,0.0,ADANIPORTS
2026-06-11,1806.9845651428636,1812.7602726544392,1774.222613688611,1779.5999755859375,2229041,0.0,0.0,ADANIPORTS
2026-06-12,1804.0,1818.0,1777.9000244140625,1812.9000244140625,2325897,7.5,0.0,ADANIPORTS
2026-06-15,1839.0,1840.300048828125,1798.9000244140625,1804.800048828125,1421741,0.0,0.0,ADANIPORTS
2026-06-16,1804.800048828125,1828.0,1797.0999755859375,1822.0,2215994,0.0,0.0,ADANIPORTS
2026-06-17,1824.0,1833.0,1806.300048828125,1828.5999755859375,2697924,0.0,0.0,ADANIPORTS
2026-06-18,1833.0,1849.5,1820.0,1842.0999755859375,1643528,0.0,0.0,ADANIPORTS
2026-06-19,1842.0999755859375,1849.0,1830.0,1835.300048828125,4382841,0.0,0.0,ADANIPORTS
2026-06-22,1835.300048828125,1836.800048828125,1808.0999755859375,1827.199951171875,1524494,0.0,0.0,ADANIPORTS
2026-06-23,1832.5999755859375,1842.0,1779.0999755859375,1784.0,3309685,0.0,0.0,ADANIPORTS
2026-06-24,1786.0,1818.0,1775.0,1813.300048828125,2141905,0.0,0.0,ADANIPORTS
2026-06-25,1813.300048828125,1831.4000244140625,1790.9000244140625,1796.0,1850390,0.0,0.0,ADANIPORTS
2026-06-26,1796.0,1796.0,1796.0,1796.0,0,0.0,0.0,ADANIPORTS
2026-06-29,1809.5,1809.5,1770.5,1776.0999755859375,1693498,0.0,0.0,ADANIPORTS
2026-06-30,1786.9000244140625,1816.300048828125,1782.5999755859375,1810.199951171875,2230098,0.0,0.0,ADANIPORTS
2026-07-01,1829.5,1881.699951171875,1815.4000244140625,1848.199951171875,4123193,0.0,0.0,ADANIPORTS
2026-07-02,1858.5,1888.0,1845.5,1883.199951171875,3089068,0.0,0.0,ADANIPORTS
2026-07-03,1885.0,1891.0999755859375,1865.0,1874.199951171875,1645113,0.0,0.0,ADANIPORTS
2026-07-06,1872.800048828125,1883.5,1859.300048828125,1864.4000244140625,1042695,0.0,0.0,ADANIPORTS
2026-07-07,1872.0,1880.5,1828.699951171875,1833.9000244140625,1818238,0.0,0.0,ADANIPORTS
2026-07-08,1824.9000244140625,1850.4000244140625,1783.199951171875,1791.699951171875,1413919,0.0,0.0,ADANIPORTS
2026-07-09,1795.300048828125,1821.0,1795.300048828125,1800.0999755859375,1106782,0.0,0.0,ADANIPORTS
2026-07-10,1800.0999755859375,1852.9000244140625,1800.0999755859375,1828.0999755859375,1489787,0.0,0.0,ADANIPORTS
2026-07-13,1811.0,1825.9000244140625,1807.0999755859375,1810.300048828125,1156618,0.0,0.0,ADANIPORTS
2026-07-14,1819.300048828125,1840.9000244140625,1808.5999755859375,1821.9000244140625,1636778,0.0,0.0,ADANIPORTS
2026-07-15,1826.0,1838.0,1817.199951171875,1829.0999755859375,917984,0.0,0.0,ADANIPORTS
2026-07-16,1828.5,1859.699951171875,1817.5,1826.4000244140625,1952268,0.0,0.0,ADANIPORTS
2026-07-17,1825.5999755859375,1841.5,1817.0999755859375,1837.4000244140625,962152,0.0,0.0,ADANIPORTS
2026-07-20,1836.0999755859375,1853.699951171875,1828.0,1844.0,754950,0.0,0.0,ADANIPORTS
2026-07-21,1840.0,1857.4000244140625,1833.0,1846.5,1372166,0.0,0.0,ADANIPORTS
2026-07-22,1837.0999755859375,1847.199951171875,1811.9000244140625,1819.4000244140625,1436881,0.0,0.0,ADANIPORTS
2026-07-23,1818.300048828125,1825.5,1769.0,1778.5,2592430,0.0,0.0,ADANIPORTS
2026-07-24,1764.9000244140625,1784.9000244140625,1755.199951171875,1768.300048828125,1685770,0.0,0.0,ADANIPORTS
2026-07-27,1784.0,1785.0,1752.0999755859375,1770.4000244140625,2266975,0.0,0.0,ADANIPORTS
2026-07-28,1770.4000244140625,1783.0,1758.9000244140625,1774.699951171875,1776549,0.0,0.0,ADANIPORTS
2026-07-29,1785.0,1792.0,1705.0999755859375,1719.699951171875,5088460,0.0,0.0,ADANIPORTS
2026-07-30,1726.699951171875,1727.699951171875,1658.4000244140625,1664.0999755859375,5395211,0.0,0.0,ADANIPORTS
2026-07-31,1674.0,1708.0999755859375,1650.0,1696.5,4703646,0.0,0.0,ADANIPORTS
2026-08-03,1713.4000244140625,1715.9000244140625,1692.800048828125,1701.0,1664693,0.0,0.0,ADANIPORTS
2026-08-04,1703.0999755859375,1713.9000244140625,1690.0,1706.699951171875,1099071,0.0,0.0,ADANIPORTS
2026-08-05,1708.199951171875,1710.699951171875,1688.0999755859375,1700.0,2333361,0.0,0.0,ADANIPORTS
2026-08-06,1704.0,1706.0,1685.800048828125,1695.0,1254956,0.0,0.0,ADANIPORTS
2026-08-07,1695.0,1702.300048828125,1676.699951171875,1693.5,2387389,0.0,0.0,ADANIPORTS
2026-08-10,1690.0,1690.0,1673.0999755859375,1681.0,2177216,0.0,0.0,ADANIPORTS
2026-08-11,1700.0,1703.4000244140625,1661.800048828125,1668.199951171875,2263466,0.0,0.0,ADANIPORTS
2026-08-12,1669.800048828125,1672.699951171875,1640.4000244140625,1665.0,1494540,0.0,0.0,ADANIPORTS
2026-08-13,1665.0,1669.9000244140625,1641.0999755859375,1658.0,1992956,0.0,0.0,ADANIPORTS
2026-08-14,1658.0,1700.0,1657.199951171875,1700.0,1978204,0.0,0.0,ADANIPORTS
2026-08-17,1700.0,1704.0,1678.0999755859375,1691.0,1594217,0.0,0.0,ADANIPORTS
2026-08-18,1691.5999755859375,1693.699951171875,1667.0,1682.4000244140625,1298165,0.0,0.0,ADANIPORTS
2026-08-19,1684.0,1684.0,1667.0,1681.9000244140625,1217074,0.0,0.0,ADANIPORTS
2026-08-20,1690.0,1698.5,1680.4000244140625,1696.0,1661649,0.0,0.0,ADANIPORTS
2026-08-21,1697.199951171875,1702.0,1684.9000244140625,1700.0,1113535,0.0,0.0,ADANIPORTS
2026-08-24,1700.0,1700.0,1672.0999755859375,1672.0999755859375,1061245,0.0,0.0,ADANIPORTS
2026-08-25,1674.0,1702.699951171875,1671.0,1702.699951171875,1300541,0.0,0.0,ADANIPORTS
2026-08-26,1711.9000244140625,1719.699951171875,1690.5,1691.5,1937255,0.0,0.0,ADANIPORTS
2026-08-27,1703.0,1719.0,1691.199951171875,1714.0,2044450,0.0,0.0,ADANIPORTS
2026-08-28,1712.0,1723.9000244140625,1699.199951171875,1707.5,3268356,0.0,0.0,ADANIPORTS
2026-08-31,1710.0,1711.4000244140625,1593.0999755859375,1593.0999755859375,9621819,0.0,0.0,ADANIPORTS
2026-09-01,1625.0,1655.5999755859375,1625.0,1647.5,3770354,0.0,0.0,ADANIPORTS
2026-09-02,1637.0999755859375,1676.699951171875,1632.0999755859375,1672.699951171875,2338937,0.0,0.0,ADANIPORTS
2026-09-03,1694.9000244140625,1710.800048828125,1681.800048828125,1706.5,3370497,0.0,0.0,ADANIPORTS
2026-09-04,1699.9000244140625,1716.9000244140625,1692.4000244140625,1707.300048828125,1281968,0.0,0.0,ADANIPORTS
2026-09-07,1714.0,1716.4000244140625,1685.9000244140625,1694.300048828125,1175225,0.0,0.0,ADANIPORTS
2026-09-08,1694.0,1713.0999755859375,1685.199951171875,1710.0,1217135,0.0,0.0,ADANIPORTS
2026-09-09,1719.0,1785.9000244140625,1706.0,1775.0,5527528,0.0,0.0,ADANIPORTS
2026-09-10,1779.9000244140625,1780.0,1750.4000244140625,1768.0,2777377,0.0,0.0,ADANIPORTS
2026-09-11,1755.0,1771.9000244140625,1750.800048828125,1764.5999755859375,1674823,0.0,0.0,ADANIPORTS
2026-09-14,1764.5999755859375,1764.5999755859375,1764.5999755859375,1764.5999755859375,0,0.0,0.0,ADANIPORTS
2026-09-15,1791.4000244140625,1791.4000244140625,1713.800048828125,1713.800048828125,1610729,0.0,0.0,ADANIPORTS
2026-09-16,1722.9000244140625,1737.9000244140625,1707.0,1723.800048828125,1060410,0.0,0.0,ADANIPORTS
2026-09-17,1731.0,1738.800048828125,1725.0999755859375,1738.300048828125,791353,0.0,0.0,ADANIPORTS
2026-09-18,1748.0,1824.0,1744.0,1824.0,4148803,0.0,0.0,ADANIPORTS
2026-09-21,1793.699951171875,1796.800048828125,1766.699951171875,1787.0999755859375,2317822,0.0,0.0,ADANIPORTS
2026-09-22,1796.0,1812.699951171875,1786.0999755859375,1795.0,871935,0.0,0.0,ADANIPORTS
2026-09-23,1799.0,1810.0999755859375,1790.5,1807.300048828125,1185484,0.0,0.0,ADANIPORTS
2026-09-24,1802.4000244140625,1802.4000244140625,1775.0,1785.300048828125,1589739,0.0,0.0,ADANIPORTS
2026-09-25,1791.800048828125,1800.5999755859375,1775.0,1788.0,895306,0.0,0.0,ADANIPORTS
2026-09-28,1788.0,1791.800048828125,1736.5999755859375,1743.699951171875,1262576,0.0,0.0,ADANIPORTS
2026-09-29,1755.199951171875,1822.0,1738.4000244140625,1822.0,4214197,0.0,0.0,ADANIPORTS
2026-09-30,1793.5,1803.199951171875,1775.4000244140625,1798.300048828125,3199507,0.0,0.0,ADANIPORTS
2026-10-01,1786.0,1786.0,1716.0,1737.800048828125,2157254,0.0,0.0,ADANIPORTS
