Date,Open,High,Low,Close,Volume,Dividends,Stock Splits,Symbol
2021-10-04,3054.3049609922627,3080.7206275945086,3030.654745239235,3053.16064453125,921241,0.0,0.0,ASIANPAINT
2021-10-05,3059.7885036727635,3108.85302400578,3043.6719173218157,3103.846435546875,909337,0.0,0.0,ASIANPAINT
2021-10-06,3110.760032243511,3127.9254769340027,3052.2543817949218,3063.316650390625,786378,0.0,0.0,ASIANPAINT
2021-10-07,3070.70751036291,3164.163825895694,3070.70751036291,3138.272705078125,1177283,0.0,0.0,ASIANPAINT
2021-10-08,3153.673825856242,3174.653815021297,3112.7629401128875,3153.578369140625,882436,0.0,0.0,ASIANPAINT
2021-10-11,3172.174663245944,3189.292615519364,3144.853085267518,3152.768310546875,460197,0.0,0.0,ASIANPAINT
2021-10-12,3127.925899674641,3180.3758766508927,3127.925899674641,3169.170654296875,564524,0.0,0.0,ASIANPAINT
2021-10-13,3188.004835725351,3203.1675535116015,3138.7971298168777,3169.408935546875,770144,0.0,0.0,ASIANPAINT
2021-10-14,3187.0512965519374,3197.493563481771,3137.4622279042114,3144.900634765625,648597,0.0,0.0,ASIANPAINT
2021-10-18,3101.700932968919,3131.6927370862536,3082.1513959586614,3091.2109375,1576121,0.0,0.0,ASIANPAINT
2021-10-19,3109.7110974112256,3117.5310977571094,3028.8429623588468,3036.13818359375,1042069,0.0,0.0,ASIANPAINT
2021-10-20,3042.0983653454655,3070.659712524819,2991.2217995551523,3022.644287109375,1205540,0.0,0.0,ASIANPAINT
2021-10-21,3045.913032262346,3047.2957577384127,2785.0458880226506,2862.81494140625,5103543,0.0,0.0,ASIANPAINT
2021-10-22,2837.0667228229418,2863.7207989151275,2777.1306150627,2844.12353515625,2855592,0.0,0.0,ASIANPAINT
2021-10-25,2813.2259450937318,2813.2259450937318,2724.776214108158,2782.75732421875,2161537,0.0,0.0,ASIANPAINT
2021-10-26,2782.7572528928363,2883.794928783824,2763.636806751165,2832.10791015625,1988263,0.0,0.0,ASIANPAINT
2021-10-27,2888.7537675330677,2999.184849246029,2888.7537675330677,2951.169189453125,4609951,0.0,0.0,ASIANPAINT
2021-10-28,2962.6265695943353,3005.2090492343314,2923.4813264898016,2975.324951171875,1791065,3.65,0.0,ASIANPAINT
2021-10-29,2983.6311457464594,3002.4399098700087,2943.8176183568553,2959.857666015625,1118903,0.0,0.0,ASIANPAINT
2021-11-01,2986.4954052559915,3000.1007631603707,2951.7897148368747,2980.575927734375,750393,0.0,0.0,ASIANPAINT
2021-11-02,2978.8576325892777,2997.7619680307203,2940.6671501201845,2962.9609375,881916,0.0,0.0,ASIANPAINT
2021-11-03,2961.767315345969,3038.9118990396364,2954.988411857351,3027.216064453125,879227,0.0,0.0,ASIANPAINT
2021-11-04,3035.1880905587263,3045.690471494916,3002.7261858468682,3016.33154296875,263595,0.0,0.0,ASIANPAINT
2021-11-08,3021.8217873801236,3037.097979670197,2955.131567175294,2996.043212890625,787824,0.0,0.0,ASIANPAINT
2021-11-09,2997.9526978155072,3012.274127900613,2978.8574577020327,3002.86962890625,668840,0.0,0.0,ASIANPAINT
2021-11-10,2990.314826333256,2994.7543767545576,2941.1445793485295,2967.68701171875,872975,0.0,0.0,ASIANPAINT
2021-11-11,2950.214522585737,2966.1112163378943,2913.933567291803,2924.913330078125,958143,0.0,0.0,ASIANPAINT
2021-11-12,2949.2598814453277,2986.495600246353,2936.6570693934505,2981.626220703125,682344,0.0,0.0,ASIANPAINT
2021-11-15,2984.5861988543797,3036.1433500821904,2984.5861988543797,3025.3544921875,696377,0.0,0.0,ASIANPAINT
2021-11-16,3021.8216719910965,3063.831199184654,2978.95295225251,3009.123291015625,1400107,0.0,0.0,ASIANPAINT
2021-11-17,3026.5954639915158,3093.3332328770184,3021.869438829441,3084.119873046875,1616452,0.0,0.0,ASIANPAINT
2021-11-18,3102.8333047719802,3112.524045601868,3068.6049946516573,3080.873779296875,1609821,0.0,0.0,ASIANPAINT
2021-11-22,3094.383841689824,3158.6871597779855,3069.607812810191,3113.7177734375,2146970,0.0,0.0,ASIANPAINT
2021-11-23,3113.7178254650726,3139.5441862824996,3028.075713726563,3041.4423828125,1482618,0.0,0.0,ASIANPAINT
2021-11-24,3041.9192297117106,3063.7353994956225,3007.500016239953,3014.183349609375,1056213,0.0,0.0,ASIANPAINT
2021-11-25,3013.7060877649924,3029.793919821408,2972.1739430421103,3002.01025390625,728825,0.0,0.0,ASIANPAINT
2021-11-26,2960.716541643409,3024.0650845877867,2951.168922998961,3000.912109375,1029110,0.0,0.0,ASIANPAINT
2021-11-29,2989.359481555049,3035.092482908243,2932.9329605427397,3002.057861328125,876651,0.0,0.0,ASIANPAINT
2021-11-30,2975.181544720609,3044.736050399219,2975.181544720609,3001.4375,2340489,0.0,0.0,ASIANPAINT
2021-12-01,3013.1333048095184,3054.9997117792304,2982.77205966382,2996.186279296875,1741820,0.0,0.0,ASIANPAINT
2021-12-02,3017.0478743124863,3049.509781820912,3009.6484689245362,3036.716064453125,939320,0.0,0.0,ASIANPAINT
2021-12-03,3040.917057725725,3043.256178073967,2965.4908575497966,2969.739501953125,1216263,0.0,0.0,ASIANPAINT
2021-12-06,2974.0837165365315,2974.0837165365315,2891.258110626565,2900.853515625,1107363,0.0,0.0,ASIANPAINT
2021-12-07,2902.4765438579784,2930.1646424671503,2879.99185164405,2893.26318359375,2056459,0.0,0.0,ASIANPAINT
2021-12-08,2894.742822897785,2981.721734586743,2893.8836303337876,2967.877685546875,1171484,0.0,0.0,ASIANPAINT
2021-12-09,3009.7913266857954,3039.054918840374,2970.2642771806813,3034.901611328125,1287243,0.0,0.0,ASIANPAINT
2021-12-10,3039.9621516767597,3143.076445766298,3034.9018665512763,3134.626708984375,2554394,0.0,0.0,ASIANPAINT
2021-12-13,3136.4885744550857,3189.8596742092195,3122.9785530080158,3131.47607421875,1265832,0.0,0.0,ASIANPAINT
2021-12-14,3125.890730134098,3155.488351586192,3102.0216805759574,3148.32763671875,863179,0.0,0.0,ASIANPAINT
2021-12-15,3129.8530332432915,3164.033560294496,3118.7301489110328,3152.576416015625,811946,0.0,0.0,ASIANPAINT
2021-12-16,3174.584044663833,3174.584044663833,3122.645078645265,3149.37841796875,502930,0.0,0.0,ASIANPAINT
2021-12-17,3126.845522739957,3144.3177138068713,3081.685233914429,3096.96142578125,1019403,0.0,0.0,ASIANPAINT
2021-12-20,3081.017311152858,3126.845892167837,3037.0982543468367,3092.904052734375,948872,0.0,0.0,ASIANPAINT
2021-12-21,3100.112533648769,3146.8958764725417,3093.4291989596586,3123.361083984375,712026,0.0,0.0,ASIANPAINT
2021-12-22,3127.5142388334702,3137.0140753354685,3094.3840397937074,3131.71533203125,619865,0.0,0.0,ASIANPAINT
2021-12-23,3141.166983854997,3158.257130437494,3102.9765038081277,3120.066650390625,1051596,0.0,0.0,ASIANPAINT
2021-12-24,3131.6194881713172,3150.7147289528493,3113.4790094288614,3136.202392578125,651404,0.0,0.0,ASIANPAINT
2021-12-27,3131.7148908958475,3136.1544409027324,3080.2530798714834,3124.363037109375,640701,0.0,0.0,ASIANPAINT
2021-12-28,3127.752550547927,3222.32177397066,3124.9360492462133,3215.829345703125,1211648,0.0,0.0,ASIANPAINT
2021-12-29,3219.6484007936842,3232.8241631398364,3194.8245885545716,3215.11328125,598421,0.0,0.0,ASIANPAINT
2021-12-30,3211.1032625564644,3236.6431457864905,3198.7391414064,3213.4423828125,691223,0.0,0.0,ASIANPAINT
2021-12-31,3236.6432281944662,3250.9646584077163,3209.336941349392,3229.912109375,570671,0.0,0.0,ASIANPAINT
2022-01-03,3229.9603454806806,3285.2409805907946,3229.9603454806806,3267.577880859375,696276,0.0,0.0,ASIANPAINT
2022-01-04,3278.6530658939723,3315.3636221820157,3260.5603706382326,3302.80859375,790886,0.0,0.0,ASIANPAINT
2022-01-05,3313.0243511371805,3379.8576953964316,3295.886418764228,3367.2548828125,1024506,0.0,0.0,ASIANPAINT
2022-01-06,3333.2171465188594,3377.5182416276302,3295.98142982077,3355.654052734375,1312743,0.0,0.0,ASIANPAINT
2022-01-07,3355.653923879295,3419.957233100261,3338.372872804807,3414.51513671875,964364,0.0,0.0,ASIANPAINT
2022-01-10,3418.0477736518574,3427.5953931313315,3367.4453904106426,3392.74658203125,657511,0.0,0.0,ASIANPAINT
2022-01-11,3389.97808555568,3402.771803249735,3336.941009287024,3378.6640625,734344,0.0,0.0,ASIANPAINT
2022-01-12,3395.9928379473918,3420.387053475454,3374.1288815572143,3383.485595703125,594543,0.0,0.0,ASIANPAINT
2022-01-13,3398.952548598553,3398.952548598553,3293.9287338946656,3299.89599609375,1153984,0.0,0.0,ASIANPAINT
2022-01-14,3305.3857848674315,3305.3857848674315,3194.6334015500943,3212.200927734375,1558978,0.0,0.0,ASIANPAINT
2022-01-17,3212.201281692422,3245.2361411812312,3170.764702813436,3225.806640625,1103159,0.0,0.0,ASIANPAINT
2022-01-18,3226.1888809575566,3242.8016480548126,3199.407757762593,3221.080810546875,558543,0.0,0.0,ASIANPAINT
2022-01-19,3217.547990483844,3217.547990483844,3119.9235744521015,3132.001220703125,1495218,0.0,0.0,ASIANPAINT
2022-01-20,3133.5288518493744,3212.6785275988063,3076.243132437137,3156.824951171875,3075678,0.0,0.0,ASIANPAINT
2022-01-21,3150.7621020598085,3174.535580488579,3095.0994358341486,3126.7021484375,1441694,0.0,0.0,ASIANPAINT
2022-01-24,3120.1619685821806,3122.071492430762,2993.1786326515103,3012.4169921875,1575665,0.0,0.0,ASIANPAINT
2022-01-25,2959.762063941243,3014.135710722476,2874.5495593584187,3004.7314453125,2699779,0.0,0.0,ASIANPAINT
2022-01-27,2998.048192235994,3000.8169087446904,2932.312736551744,2975.9453125,1834684,0.0,0.0,ASIANPAINT
2022-01-28,2988.4051818382013,3026.595663395239,2962.6266067872007,2970.12158203125,892060,0.0,0.0,ASIANPAINT
2022-01-31,2997.9526032992308,3048.9845842743707,2994.515366948694,3009.6484375,944530,0.0,0.0,ASIANPAINT
2022-02-01,3049.509744543166,3067.0297200021682,2999.480310350813,3051.657958984375,1008915,0.0,0.0,ASIANPAINT
2022-02-02,3059.8211394014547,3097.390882220039,3047.743260894317,3053.042236328125,667265,0.0,0.0,ASIANPAINT
2022-02-03,3067.5072824405274,3094.9566908130187,3045.8817825954366,3058.102783203125,899753,0.0,0.0,ASIANPAINT
2022-02-04,3043.7813886639815,3101.8309674133257,3032.37202888594,3090.23046875,705765,0.0,0.0,ASIANPAINT
2022-02-07,3087.700443516631,3104.122304018135,3000.9126671460635,3031.0830078125,860393,0.0,0.0,ASIANPAINT
2022-02-08,3035.1884227241644,3077.675332070256,3022.9674224053756,3070.848876953125,799206,0.0,0.0,ASIANPAINT
2022-02-09,3083.881416485207,3111.5695158901826,3076.959391633963,3082.30615234375,472725,0.0,0.0,ASIANPAINT
2022-02-10,3074.3338072293514,3101.06714468352,3032.32427694423,3092.235595703125,728666,0.0,0.0,ASIANPAINT
2022-02-11,3083.8331880978767,3083.8331880978767,3038.5297820360083,3070.80078125,587840,0.0,0.0,ASIANPAINT
2022-02-14,2997.952699728812,3038.72099077786,2978.857459603151,3001.24658203125,681236,0.0,0.0,ASIANPAINT
2022-02-15,2997.9525811106087,3122.071637016462,2991.12612627426,3116.916015625,676844,0.0,0.0,ASIANPAINT
2022-02-16,3131.6192035319987,3136.488582727182,3077.1977722511074,3105.697509765625,624320,0.0,0.0,ASIANPAINT
2022-02-17,3124.9358296325568,3145.8928075964054,3089.9914493899455,3118.109375,636735,0.0,0.0,ASIANPAINT
2022-02-18,3089.752707783453,3123.981016004737,3083.928799903495,3111.0439453125,423801,0.0,0.0,ASIANPAINT
2022-02-21,3088.655063782974,3130.1394259802337,3059.2005629037853,3104.5517578125,547472,0.0,0.0,ASIANPAINT
2022-02-22,2978.8572631223465,3090.373504720008,2978.8572631223465,3081.159912109375,1147209,0.0,0.0,ASIANPAINT
2022-02-23,3090.4688958864394,3147.7546135012853,3083.8811315992048,3090.75537109375,935896,0.0,0.0,ASIANPAINT
2022-02-24,2988.404851422289,3053.1377571234507,2913.456039653391,2930.212158203125,1823450,0.0,0.0,ASIANPAINT
2022-02-25,2964.5359324333454,2999.3369598035433,2943.57895370092,2978.093505859375,1239456,0.0,0.0,ASIANPAINT
2022-02-28,2950.2144067928257,3046.1679821593884,2878.6072609968833,3031.034912109375,1678348,0.0,0.0,ASIANPAINT
2022-03-02,2966.44548912315,2970.4554428432484,2855.78866823566,2891.92626953125,3014206,0.0,0.0,ASIANPAINT
2022-03-03,2891.97390639125,2912.9786689995717,2732.5286629553507,2741.980712890625,4406840,0.0,0.0,ASIANPAINT
2022-03-04,2734.247224738156,2734.247224738156,2541.6240079683075,2614.28125,6979253,0.0,0.0,ASIANPAINT
2022-03-07,2530.023449185323,2604.542661616918,2481.760421929842,2585.9248046875,3233760,0.0,0.0,ASIANPAINT
2022-03-08,2568.3097729942124,2613.1358021526985,2518.6621491296405,2600.19873046875,2611102,0.0,0.0,ASIANPAINT
2022-03-09,2625.595363200531,2759.2620362361945,2544.488382145627,2744.892822265625,4076068,0.0,0.0,ASIANPAINT
2022-03-10,2864.2862117963473,2902.4766946202985,2760.4080518959577,2781.031005859375,3971987,0.0,0.0,ASIANPAINT
2022-03-11,2785.0406311784564,2806.9523714929005,2751.9582225758822,2799.362060546875,1265493,0.0,0.0,ASIANPAINT
2022-03-14,2816.547799046922,2837.8868222205474,2785.3271293851976,2828.768798828125,1214217,0.0,0.0,ASIANPAINT
2022-03-15,2862.3763503274035,2894.8382569021637,2831.8239676688054,2852.01708984375,1857685,0.0,0.0,ASIANPAINT
2022-03-16,2905.340504101434,2912.0238374989726,2874.5494323770595,2904.3857421875,1287234,0.0,0.0,ASIANPAINT
2022-03-17,2972.65169016356,3020.1988876323744,2937.325493749219,2994.706787109375,2867519,0.0,0.0,ASIANPAINT
2022-03-21,2976.279575070127,2976.279575070127,2893.0243768040737,2907.96630859375,1259015,0.0,0.0,ASIANPAINT
2022-03-22,2887.200132506395,2924.1493732972117,2840.4167970259678,2913.121826171875,1515772,0.0,0.0,ASIANPAINT
2022-03-23,2921.5718454264866,2940.571516803688,2869.059933172089,2880.326171875,948403,0.0,0.0,ASIANPAINT
2022-03-24,2835.1657078363055,2901.473880920463,2817.0730148820467,2888.4892578125,1243917,0.0,0.0,ASIANPAINT
2022-03-25,2888.4893409829438,2925.915965165954,2855.6931726919856,2909.112060546875,1083275,0.0,0.0,ASIANPAINT
2022-03-28,2909.1122451471356,2920.235363130225,2860.1329042934576,2890.494384765625,680332,0.0,0.0,ASIANPAINT
2022-03-29,2930.1646081962754,2948.0186111610283,2876.411460423094,2904.958984375,1120936,0.0,0.0,ASIANPAINT
2022-03-30,2938.7575208391613,2954.367973228297,2917.657186791538,2942.14697265625,849545,0.0,0.0,ASIANPAINT
2022-03-31,2974.0833480308906,2987.688705240984,2927.3955838957754,2940.618896484375,1464862,0.0,0.0,ASIANPAINT
2022-04-01,2969.309559801304,2979.811940880987,2947.9705377327523,2973.271728515625,637392,0.0,0.0,ASIANPAINT
2022-04-04,2983.5833028257084,3000.8168026065887,2953.5560861799177,2976.94775390625,873264,0.0,0.0,ASIANPAINT
2022-04-05,2969.309836353182,3014.18365060032,2940.6669761954345,2998.716552734375,805874,0.0,0.0,ASIANPAINT
2022-04-06,2995.088624827228,3021.8219628875286,2972.1743350612564,3011.319580078125,736379,0.0,0.0,ASIANPAINT
2022-04-07,3011.319407902882,3063.78353422729,3003.2039307414443,3012.274169921875,1025244,0.0,0.0,ASIANPAINT
2022-04-08,3024.6856798245612,3074.33329830653,3008.645633388077,3061.205322265625,678898,0.0,0.0,ASIANPAINT
2022-04-11,3039.9622593978233,3076.2432160112394,3007.500350848977,3014.61328125,672652,0.0,0.0,ASIANPAINT
2022-04-12,3011.987562922743,3019.052941411897,2973.2719181271573,2987.115966796875,794265,0.0,0.0,ASIANPAINT
2022-04-13,2976.184196984238,2980.671531971868,2927.395996392794,2941.28759765625,1121350,0.0,0.0,ASIANPAINT
2022-04-18,2917.7523403862665,2919.6618641692417,2876.6975790522974,2884.86083984375,1032504,0.0,0.0,ASIANPAINT
2022-04-19,2892.9290925407417,2920.808098562486,2835.6433679359743,2855.88427734375,749782,0.0,0.0,ASIANPAINT
2022-04-20,2855.9793842212935,2949.7369583530776,2845.1905278822373,2943.531005859375,838182,0.0,0.0,ASIANPAINT
2022-04-21,2950.0237825841978,3030.796510893555,2946.4434249526785,3015.377197265625,1069035,0.0,0.0,ASIANPAINT
2022-04-22,2980.2893419081392,3029.746056126554,2972.4125560453354,3021.24853515625,681191,0.0,0.0,ASIANPAINT
2022-04-25,2992.224124923633,3012.36969647605,2955.0839761520497,2988.97802734375,1096774,0.0,0.0,ASIANPAINT
2022-04-26,2988.405016862899,3006.2590193859414,2965.2998234156566,2984.251708984375,1703441,0.0,0.0,ASIANPAINT
2022-04-27,2955.943164675322,3020.8669809537205,2946.347759914938,3005.925048828125,963536,0.0,0.0,ASIANPAINT
2022-04-28,3045.6907964989346,3120.1622329023567,3026.595556395493,3100.780517578125,2001838,0.0,0.0,ASIANPAINT
2022-04-29,3102.021608843906,3129.7097056910816,3075.5747491642887,3090.75537109375,1088970,0.0,0.0,ASIANPAINT
2022-05-02,3050.463983917236,3066.2175537872313,3011.366534404568,3055.23779296875,595522,0.0,0.0,ASIANPAINT
2022-05-04,3034.23352278176,3050.1780009675754,2942.0512085021774,2960.57373046875,1120002,0.0,0.0,ASIANPAINT
2022-05-05,2964.2972883730404,2985.4929579312343,2931.11930922143,2937.373046875,724601,0.0,0.0,ASIANPAINT
2022-05-06,2883.3811386241196,2914.3153330980376,2868.0093777260936,2879.80078125,923941,0.0,0.0,ASIANPAINT
2022-05-09,2865.097724300624,2901.330896635617,2840.4170326440444,2869.298583984375,998324,0.0,0.0,ASIANPAINT
2022-05-10,2912.978807026592,2996.7591709454987,2898.6573772968645,2946.729736328125,2460016,0.0,0.0,ASIANPAINT
2022-05-11,2950.5962913710687,2968.8801229079377,2844.235901421119,2915.5087890625,1883969,0.0,0.0,ASIANPAINT
2022-05-12,2904.385775362031,2938.757204656256,2852.828631420693,2902.428466796875,1254245,0.0,0.0,ASIANPAINT
2022-05-13,2935.320301045442,2975.277185365363,2897.989245412497,2925.390869140625,1121729,0.0,0.0,ASIANPAINT
2022-05-16,2950.119261126367,2950.119261126367,2850.155717855321,2864.190673828125,733044,0.0,0.0,ASIANPAINT
2022-05-17,2863.235497261657,2918.325447842723,2817.502493436219,2912.02392578125,1179081,0.0,0.0,ASIANPAINT
2022-05-18,2892.928758915767,2987.2592878389237,2889.1097110492115,2959.857666015625,1379763,0.0,0.0,ASIANPAINT
2022-05-19,2864.763105541926,2932.7421067862433,2864.715320827282,2909.06396484375,772390,0.0,0.0,ASIANPAINT
2022-05-20,2940.6668883070065,2983.631177259544,2931.119268539776,2969.261962890625,778957,0.0,0.0,ASIANPAINT
2022-05-23,3001.724160302517,3043.7814760624583,2988.4530607815054,3030.605712890625,813294,0.0,0.0,ASIANPAINT
2022-05-24,3031.1305137768595,3039.6278019298716,2931.1191990849543,2947.20703125,691307,0.0,0.0,ASIANPAINT
2022-05-25,2901.521731702443,2901.521731702443,2698.443899962646,2709.662353515625,3381427,0.0,0.0,ASIANPAINT
2022-05-26,2721.0714904015676,2730.6191096661346,2595.5680817880707,2711.6669921875,3212196,0.0,0.0,ASIANPAINT
2022-05-27,2738.257445132629,2739.212207142787,2655.1931502488987,2706.607177734375,1879534,0.0,0.0,ASIANPAINT
2022-05-30,2749.71444818038,2753.533496025075,2689.564444626434,2715.343017578125,2525482,0.0,0.0,ASIANPAINT
2022-05-31,2715.3427380530184,2747.8046413912048,2683.8355965777196,2730.28466796875,2408221,0.0,0.0,ASIANPAINT
2022-06-01,2730.2849508822956,2806.9045983184124,2703.9336605937515,2723.45849609375,1770795,0.0,0.0,ASIANPAINT
2022-06-02,2740.3579275008724,2786.950361109542,2719.1622570880354,2776.97314453125,1164197,0.0,0.0,ASIANPAINT
2022-06-03,2773.5835310402545,2787.3797949282575,2726.8001943721056,2756.30224609375,1228489,0.0,0.0,ASIANPAINT
2022-06-06,2741.217261598849,2742.0764541572885,2680.6852111584144,2689.994140625,1193698,0.0,0.0,ASIANPAINT
2022-06-07,2673.333540289964,2677.152588204664,2607.45496376139,2620.53515625,1403598,0.0,0.0,ASIANPAINT
2022-06-08,2646.5048481003514,2649.464703710546,2577.857549556207,2582.822265625,1743575,0.0,0.0,ASIANPAINT
2022-06-09,2573.507754972157,2590.4084966910477,2529.095540917134,2580.03759765625,1857501,15.5,0.0,ASIANPAINT
2022-06-10,2559.1036823661743,2627.282429626211,2546.620249769266,2601.115234375,1592920,0.0,0.0,ASIANPAINT
2022-06-13,2563.8568429289194,2576.3883351293102,2537.497642780172,2555.0224609375,1674206,0.0,0.0,ASIANPAINT
2022-06-14,2513.0111658627766,2560.4002932783574,2482.2827144651424,2530.679931640625,2296040,0.0,0.0,ASIANPAINT
2022-06-15,2544.6996441307256,2576.964608866053,2522.7096919251526,2555.406494140625,928842,0.0,0.0,ASIANPAINT
2022-06-16,2587.863663150263,2617.1517179031025,2535.097198278535,2551.853759765625,1280628,0.0,0.0,ASIANPAINT
2022-06-17,2544.7961906576734,2551.421919706857,2458.2762944860947,2477.673583984375,2043251,0.0,0.0,ASIANPAINT
2022-06-20,2496.6866261824057,2567.122090739149,2485.499643344724,2554.974609375,1595360,0.0,0.0,ASIANPAINT
2022-06-21,2568.658301374842,2602.3156035783895,2535.0971193531173,2571.92333984375,1042074,0.0,0.0,ASIANPAINT
2022-06-22,2581.1897694153754,2600.346990347362,2521.9895844395032,2560.400146484375,1871760,0.0,0.0,ASIANPAINT
2022-06-23,2568.658120267627,2657.9626715846475,2568.658120267627,2648.60009765625,1612872,0.0,0.0,ASIANPAINT
2022-06-24,2664.7326877152227,2674.143322112884,2617.6797501663773,2651.19287109375,2215583,0.0,0.0,ASIANPAINT
2022-06-27,2669.438045872529,2715.2906560988704,2655.130204729523,2708.85693359375,1295734,0.0,0.0,ASIANPAINT
2022-06-28,2669.534038387699,2674.1433526800024,2596.8420972518693,2618.159912109375,1838358,0.0,0.0,ASIANPAINT
2022-06-29,2598.9545919531333,2610.9578923039235,2571.587067153331,2590.600341796875,1066354,0.0,0.0,ASIANPAINT
2022-06-30,2606.973090025906,2618.5921449916746,2573.5077923090807,2588.103759765625,1291447,0.0,0.0,ASIANPAINT
2022-07-01,2597.418273912337,2669.5342016980285,2578.3091120716567,2662.956298828125,1477191,0.0,0.0,ASIANPAINT
2022-07-04,2664.8769065949273,2686.8190357412313,2635.733030913105,2679.425048828125,653147,0.0,0.0,ASIANPAINT
2022-07-05,2674.3355136792343,2700.550770449874,2650.3289112225084,2656.666748046875,1073043,0.0,0.0,ASIANPAINT
2022-07-06,2718.0754575687174,2754.997563457026,2693.684609999563,2747.699462890625,2085735,0.0,0.0,ASIANPAINT
2022-07-07,2786.1099645244653,2815.4941376357388,2762.487610036082,2776.50732421875,1469087,0.0,0.0,ASIANPAINT
2022-07-08,2765.560169964193,2773.242281547427,2727.6297440219755,2765.3681640625,1274148,0.0,0.0,ASIANPAINT
2022-07-11,2759.798564697369,2823.704176818593,2738.0486802231803,2816.502197265625,1081885,0.0,0.0,ASIANPAINT
2022-07-12,2803.9709626905833,2807.091820782619,2770.7457335349723,2778.23583984375,1115524,0.0,0.0,ASIANPAINT
2022-07-13,2831.81847506735,2850.9756945672507,2809.7804636294354,2824.328369140625,2153712,0.0,0.0,ASIANPAINT
2022-07-14,2834.7954697273544,2837.4361957474302,2796.672801085964,2822.35986328125,882479,0.0,0.0,ASIANPAINT
2022-07-15,2832.73066143187,2866.3879605872917,2823.6081536846073,2859.81005859375,1668006,0.0,0.0,ASIANPAINT
2022-07-18,2875.7509110020346,2904.798900002055,2869.653140196487,2897.93310546875,823390,0.0,0.0,ASIANPAINT
2022-07-19,2864.8995053161207,2902.877992362105,2859.810059367854,2899.133056640625,638171,0.0,0.0,ASIANPAINT
2022-07-20,2912.4811438525844,2923.716187430587,2880.792427153892,2886.986083984375,867436,0.0,0.0,ASIANPAINT
2022-07-21,2862.5468252164665,2962.366215591662,2862.5468252164665,2944.265380859375,1184060,0.0,0.0,ASIANPAINT
2022-07-22,2944.2655162384062,2969.856457819799,2926.8846442275476,2945.513671875,1268141,0.0,0.0,ASIANPAINT
2022-07-25,2947.5304640908957,2993.335011807055,2930.38965724001,2981.57177734375,985844,0.0,0.0,ASIANPAINT
2022-07-26,2972.9776557724786,3024.639911278126,2931.6862994423054,2984.98095703125,2876310,0.0,0.0,ASIANPAINT
2022-07-27,2995.0156484218815,3066.123251454533,2972.9776343574176,3059.449462890625,1976407,0.0,0.0,ASIANPAINT
2022-07-28,3070.9243698218784,3149.6660203301317,3055.560145332463,3142.367919921875,1332572,0.0,0.0,ASIANPAINT
2022-07-29,3154.85165349115,3221.062052272436,3144.8650003954585,3201.280517578125,1836550,0.0,0.0,ASIANPAINT
2022-08-01,3207.329893120167,3221.6857933591664,3182.7951004736087,3192.44580078125,1076122,0.0,0.0,ASIANPAINT
2022-08-02,3198.6395740523612,3269.4590482602152,3193.4542419200475,3261.20068359375,1650536,0.0,0.0,ASIANPAINT
2022-08-03,3268.738606522086,3310.990221882536,3237.2899609981146,3302.971923828125,1169005,0.0,0.0,ASIANPAINT
2022-08-04,3317.711956463458,3338.789703336604,3275.36422237508,3322.993408203125,981434,0.0,0.0,ASIANPAINT
2022-08-05,3336.917468181741,3353.1938964264195,3314.3993238095286,3335.861083984375,792478,0.0,0.0,ASIANPAINT
2022-08-08,3327.314678277156,3338.7897859074233,3299.9952150360455,3321.02490234375,724644,0.0,0.0,ASIANPAINT
2022-08-10,3304.268560133813,3312.7669906597243,3261.0566783535105,3276.084716796875,1089295,0.0,0.0,ASIANPAINT
2022-08-11,3312.910989834237,3339.7503232842764,3255.2951465327724,3269.89111328125,1410533,0.0,0.0,ASIANPAINT
2022-08-12,3263.9376446265273,3298.3151459650344,3248.57341917374,3291.641357421875,548472,0.0,0.0,ASIANPAINT
2022-08-16,3332.116819162159,3369.999195477701,3318.000982118739,3361.885009765625,911189,0.0,0.0,ASIANPAINT
2022-08-17,3378.1608547806704,3404.760121975189,3365.341470426292,3383.682373046875,817912,0.0,0.0,ASIANPAINT
2022-08-18,3384.9308021369548,3401.927429064047,3375.856353682949,3394.86962890625,599877,0.0,0.0,ASIANPAINT
2022-08-19,3380.1295675811148,3397.8944530925496,3326.3547790059606,3344.167724609375,581829,0.0,0.0,ASIANPAINT
2022-08-22,3324.5305443705797,3347.0486913726477,3200.752357121964,3216.644775390625,2336567,0.0,0.0,ASIANPAINT
2022-08-23,3200.560086696613,3249.4854932792246,3185.0519160259096,3223.222412109375,831446,0.0,0.0,ASIANPAINT
2022-08-24,3206.8977724799797,3250.4936646346,3170.791752030561,3244.588134765625,1182154,0.0,0.0,ASIANPAINT
2022-08-25,3240.8909952950744,3269.8428610772626,3218.0366652403623,3228.8876953125,615392,0.0,0.0,ASIANPAINT
2022-08-26,3245.0683760007423,3250.0136420289014,3174.2967287305933,3191.485595703125,1384783,0.0,0.0,ASIANPAINT
2022-08-29,3117.977415869429,3215.300272533534,3108.0866491221404,3210.40283203125,1031166,0.0,0.0,ASIANPAINT
2022-08-30,3198.6392098211386,3274.2599957032808,3198.6392098211386,3256.831298828125,1426459,0.0,0.0,ASIANPAINT
2022-09-01,3183.2753604873647,3336.341357951905,3183.2753604873647,3309.59814453125,1417762,0.0,0.0,ASIANPAINT
2022-09-02,3350.36161601801,3350.36161601801,3288.90471047913,3294.71435546875,740821,0.0,0.0,ASIANPAINT
2022-09-05,3288.9522242005055,3312.9107638511914,3270.227076404825,3288.712158203125,518438,0.0,0.0,ASIANPAINT
2022-09-06,3284.102960362823,3298.0748487926094,3249.533455516899,3260.33642578125,540937,0.0,0.0,ASIANPAINT
2022-09-07,3257.215831837169,3298.5071881959534,3251.4061871360022,3265.234130859375,682921,0.0,0.0,ASIANPAINT
2022-09-08,3312.910497548298,3346.1835483348577,3291.208439353803,3313.054443359375,1143090,0.0,0.0,ASIANPAINT
2022-09-09,3345.2723655520954,3345.2723655520954,3297.019089229476,3305.08544921875,702805,0.0,0.0,ASIANPAINT
2022-09-12,3305.0850484975267,3316.4159771961367,3286.9839766441028,3295.818359375,641280,0.0,0.0,ASIANPAINT
2022-09-13,3295.626210724424,3321.5533400045983,3278.965535726007,3286.215576171875,776044,0.0,0.0,ASIANPAINT
2022-09-14,3245.6925292662418,3311.4706175072884,3245.6925292662418,3302.300048828125,816678,0.0,0.0,ASIANPAINT
2022-09-15,3303.3083392497806,3321.313290226796,3254.430992773295,3260.48046875,590182,0.0,0.0,ASIANPAINT
2022-09-16,3276.805226256699,3284.1033274267747,3178.04220106488,3190.525634765625,1598265,0.0,0.0,ASIANPAINT
2022-09-19,3188.7008983535497,3209.298750904808,3102.901441454483,3184.475830078125,1013563,0.0,0.0,ASIANPAINT
2022-09-20,3203.0568514354177,3274.500402811891,3201.5203351832392,3258.367919921875,708184,0.0,0.0,ASIANPAINT
2022-09-21,3269.6989684048476,3288.8081285119597,3214.9639195945465,3222.694091796875,605378,0.0,0.0,ASIANPAINT
2022-09-22,3222.694221028939,3303.308341367142,3183.89941263525,3299.46728515625,829396,0.0,0.0,ASIANPAINT
2022-09-23,3298.506920715292,3301.3396526967185,3248.2850653984597,3260.33642578125,513370,0.0,0.0,ASIANPAINT
2022-09-26,3236.0892983530407,3330.1951592547016,3220.7250761650143,3301.435302734375,1429914,0.0,0.0,ASIANPAINT
2022-09-27,3317.56849340727,3360.924323403384,3294.7141611202323,3332.740478515625,1455383,0.0,0.0,ASIANPAINT
2022-09-28,3313.870870312994,3440.5295907343448,3284.1026880528657,3428.766357421875,1843428,0.0,0.0,ASIANPAINT
2022-09-29,3421.8528341669094,3421.8528341669094,3238.3943430955655,3250.3017578125,2624894,0.0,0.0,ASIANPAINT
2022-09-30,3266.8182924508837,3276.3248127536585,3154.7074648072503,3209.634521484375,2159720,0.0,0.0,ASIANPAINT
2022-10-03,3214.963760391074,3219.2849482410625,3155.18732846624,3171.65576171875,934543,0.0,0.0,ASIANPAINT
2022-10-04,3197.679047917759,3234.5052652634017,3180.4423563942,3205.12109375,994382,0.0,0.0,ASIANPAINT
2022-10-06,3205.1212687964157,3232.968925689561,3180.1063439062327,3196.6708984375,922770,0.0,0.0,ASIANPAINT
2022-10-07,3186.155978678127,3226.103055188391,3156.627860430884,3210.834716796875,774544,0.0,0.0,ASIANPAINT
2022-10-10,3149.666342258058,3167.9113607040654,3130.6530656211644,3147.69775390625,734377,0.0,0.0,ASIANPAINT
2022-10-11,3159.748928373845,3226.487281366394,3143.9045711885638,3167.623046875,1411316,0.0,0.0,ASIANPAINT
2022-10-12,3202.48060505567,3206.8017932783837,3078.6065426712075,3119.129638671875,1812549,0.0,0.0,ASIANPAINT
2022-10-13,3101.7489697094384,3128.7322485726286,3066.9872239061738,3081.4873046875,779890,0.0,0.0,ASIANPAINT
2022-10-14,3106.454213228766,3117.0171178177975,3053.639690283609,3058.921142578125,845765,0.0,0.0,ASIANPAINT
2022-10-17,3058.9212381569732,3090.1298208724347,3044.1332650460517,3070.54052734375,1067773,0.0,0.0,ASIANPAINT
2022-10-18,3090.129558417938,3120.858006481758,3084.3679744059714,3097.667724609375,1015424,0.0,0.0,ASIANPAINT
2022-10-19,3113.1758564812562,3116.7287863573947,3069.339899100846,3085.088134765625,943543,0.0,0.0,ASIANPAINT
2022-10-20,3070.9241841859925,3113.0318531576922,2978.5468369154414,3016.093017578125,2284352,0.0,0.0,ASIANPAINT
2022-10-21,3015.229419088349,3038.9959567069595,2950.5555350655472,2969.520751953125,1738731,0.0,0.0,ASIANPAINT
2022-10-24,3024.8317336757423,3033.474110057673,2992.182756232893,2997.608154296875,178709,0.0,0.0,ASIANPAINT
2022-10-25,3009.467664206715,3010.4279282986763,2957.5172830558186,2962.318603515625,1016316,0.0,0.0,ASIANPAINT
2022-10-27,2998.9046783439494,2998.9046783439494,2912.480912397438,2922.515625,2005709,0.0,0.0,ASIANPAINT
2022-10-28,2937.1592699948837,2949.54681549975,2919.202381182733,2932.06982421875,715736,0.0,0.0,ASIANPAINT
2022-10-31,2963.8046900108484,2993.615833875331,2943.658173612827,2988.51904296875,814364,4.4,0.0,ASIANPAINT
2022-11-01,2991.211265412566,3043.044088140507,2991.211265412566,3038.23583984375,939335,0.0,0.0,ASIANPAINT
2022-11-02,3036.889677806705,3038.7648477199714,3002.3665483380532,3011.79052734375,787012,0.0,0.0,ASIANPAINT
2022-11-03,2985.92239035997,3027.9945657474896,2985.92239035997,3020.830322265625,563798,0.0,0.0,ASIANPAINT
2022-11-04,3027.273611387166,3062.8546544689084,3006.0210566083083,3059.3447265625,609757,0.0,0.0,ASIANPAINT
2022-11-07,3063.8160497118465,3075.3558465092547,2978.6619188887526,2984.528076171875,1669943,0.0,0.0,ASIANPAINT
2022-11-09,3025.35049149269,3025.35049149269,2961.881600062773,2968.13232421875,1391333,0.0,0.0,ASIANPAINT
2022-11-10,2967.651162428984,2967.651162428984,2917.1645499767737,2928.36767578125,1375007,0.0,0.0,ASIANPAINT
2022-11-11,2972.1708931656667,2979.190983432732,2931.10849499773,2938.224609375,810288,0.0,0.0,ASIANPAINT
2022-11-14,2938.8015528981623,2959.909717358223,2924.424936497751,2936.10888671875,811702,0.0,0.0,ASIANPAINT
2022-11-15,2950.822387242243,2976.306106734477,2925.3386677500093,2961.208251953125,873840,0.0,0.0,ASIANPAINT
2022-11-16,2961.208510230493,2974.383066576614,2933.993771783139,2964.814697265625,770953,0.0,0.0,ASIANPAINT
2022-11-17,2973.421027790985,2977.7965811102035,2942.648235782799,2953.803466796875,706271,0.0,0.0,ASIANPAINT
2022-11-18,2976.30604034902,2995.3948822087336,2938.5612868486323,2976.786865234375,1258576,0.0,0.0,ASIANPAINT
2022-11-21,2985.922682835123,2991.0676032689976,2948.610622966843,2976.5947265625,612194,0.0,0.0,ASIANPAINT
2022-11-22,2984.961048093464,2999.8666203374873,2954.476795685438,2984.81689453125,764079,0.0,0.0,ASIANPAINT
2022-11-23,2991.692570205979,2995.346886453334,2971.4979241197284,2981.8837890625,488341,0.0,0.0,ASIANPAINT
2022-11-24,2998.37615909856,3000.588000750611,2973.421391978492,2995.827880859375,571872,0.0,0.0,ASIANPAINT
2022-11-25,2995.8275969277415,3000.1550209237853,2957.3134764073975,2988.95166015625,898769,0.0,0.0,ASIANPAINT
2022-11-28,2988.9515180546664,3037.8515007962537,2977.9406755882137,3030.3505859375,914689,0.0,0.0,ASIANPAINT
2022-11-29,3035.9284790749125,3047.4682769047827,3007.2231380619965,3014.8203125,877720,0.0,0.0,ASIANPAINT
2022-11-30,3019.4841681508233,3077.2312866490474,3013.1374202217985,3053.38232421875,2547283,0.0,0.0,ASIANPAINT
2022-12-01,3068.6247580171666,3074.394657280126,3040.01567417166,3057.421630859375,761717,0.0,0.0,ASIANPAINT
2022-12-02,3051.4589006841575,3052.5649387960807,3013.8104057676355,3022.89794921875,932259,0.0,0.0,ASIANPAINT
2022-12-05,3009.9639886960153,3047.1797904185837,2993.135116554744,3035.832275390625,926122,0.0,0.0,ASIANPAINT
2022-12-06,3005.155257517515,3047.467843543362,3005.155257517515,3040.44775390625,958365,0.0,0.0,ASIANPAINT
2022-12-07,3058.046225774349,3110.6484205011393,3054.584192739722,3102.762939453125,1832282,0.0,0.0,ASIANPAINT
2022-12-08,3106.1288911250795,3116.610780159248,3079.827674869609,3097.90673828125,851312,0.0,0.0,ASIANPAINT
2022-12-09,3110.9371286907362,3118.00534869022,3083.0492842604326,3103.19580078125,847879,0.0,0.0,ASIANPAINT
2022-12-12,3103.243888022317,3106.128837406906,3021.4073965683783,3044.919921875,1323816,0.0,0.0,ASIANPAINT
2022-12-13,3062.8547278406186,3062.8547278406186,3022.1287633725,3056.60400390625,886601,0.0,0.0,ASIANPAINT
2022-12-14,3057.0848200396545,3072.4712173723487,3005.155729041812,3025.30224609375,1103870,0.0,0.0,ASIANPAINT
2022-12-15,3021.5037296444852,3039.967359203624,2997.173942281542,3010.541015625,799124,0.0,0.0,ASIANPAINT
2022-12-16,2995.538915340986,2997.4622148050894,2933.3202246327955,2938.705322265625,1192821,0.0,0.0,ASIANPAINT
2022-12-19,2944.5717050127932,2969.5745999606484,2924.377059093372,2962.794921875,655594,0.0,0.0,ASIANPAINT
2022-12-20,2957.1214015794226,2970.199698599247,2902.259230989682,2963.948974609375,739257,0.0,0.0,ASIANPAINT
2022-12-21,2966.6896410373547,2993.0868811633136,2933.080027391856,2951.92822265625,616324,0.0,0.0,ASIANPAINT
2022-12-22,2956.111707169429,2974.8638796774976,2921.5404412190874,2970.103759765625,663202,0.0,0.0,ASIANPAINT
2022-12-23,2960.8719278450753,2968.4691029607498,2919.5691113836647,2940.629150390625,1230858,0.0,0.0,ASIANPAINT
2022-12-26,2940.6285204513683,2954.0916162364083,2912.644655079118,2938.849609375,536884,0.0,0.0,ASIANPAINT
2022-12-27,2942.6483287984115,3009.0021636634738,2939.090271565551,2993.231201171875,729041,0.0,0.0,ASIANPAINT
2022-12-28,2990.6828324571666,3023.234773011515,2985.9227127691793,3003.905517578125,972274,0.0,0.0,ASIANPAINT
2022-12-29,2982.0763415685096,3005.155939181423,2973.9504468645246,2995.68359375,596265,0.0,0.0,ASIANPAINT
2022-12-30,3010.6850586035557,3010.6850586035557,2953.515025950717,2969.478271484375,836220,0.0,0.0,ASIANPAINT
2023-01-02,2969.478422939694,2969.478422939694,2905.1441430766213,2930.387451171875,1015990,0.0,0.0,ASIANPAINT
2023-01-03,2930.1469002988783,2942.600218082039,2908.990604989861,2912.115966796875,860367,0.0,0.0,ASIANPAINT
2023-01-04,2918.6071704354563,2933.0319175710515,2886.4400312786356,2901.1533203125,836382,0.0,0.0,ASIANPAINT
2023-01-05,2922.9825931666237,2929.762270972399,2880.5256151315557,2889.132568359375,1113920,0.0,0.0,ASIANPAINT
2023-01-06,2894.5657159138805,2907.5479873972154,2838.790031022517,2864.177490234375,1045526,0.0,0.0,ASIANPAINT
2023-01-09,2878.506512291049,2901.922545022382,2837.8286771138987,2869.707275390625,808263,0.0,0.0,ASIANPAINT
2023-01-10,2869.7071456888607,2870.52464192682,2838.982481652939,2846.820068359375,864325,0.0,0.0,ASIANPAINT
2023-01-11,2860.81192823823,2860.81192823823,2822.4421946984185,2827.635009765625,890426,0.0,0.0,ASIANPAINT
2023-01-12,2826.2888784919887,2827.106374766739,2784.9379353905406,2804.122802734375,1558620,0.0,0.0,ASIANPAINT
2023-01-13,2812.8254942690755,2812.8254942690755,2761.617645527254,2797.583251953125,1507864,0.0,0.0,ASIANPAINT
2023-01-16,2812.8254681521257,2817.2491508336598,2784.93762590378,2804.21875,644073,0.0,0.0,ASIANPAINT
2023-01-17,2812.8253423605624,2831.914182612129,2799.5064002471713,2828.115478515625,716489,0.0,0.0,ASIANPAINT
2023-01-18,2834.8954797689826,2846.4834068096934,2817.008934363132,2832.299072265625,893808,0.0,0.0,ASIANPAINT
2023-01-19,2841.578839814053,2859.5618785147017,2734.547407167356,2756.232421875,2379947,0.0,0.0,ASIANPAINT
2023-01-20,2738.7787241581427,2738.7787241581427,2674.348185352456,2680.887451171875,3171005,0.0,0.0,ASIANPAINT
2023-01-23,2692.6192275092203,2692.6192275092203,2661.7022827901756,2677.66552734375,1402260,0.0,0.0,ASIANPAINT
2023-01-24,2687.8109148905974,2718.679964210641,2677.6654635872474,2702.812744140625,1061471,0.0,0.0,ASIANPAINT
2023-01-25,2703.101505302352,2703.1977641997464,2660.9814291359926,2668.578369140625,857953,0.0,0.0,ASIANPAINT
2023-01-27,2660.500538083602,2666.510849576437,2582.8473135961704,2618.23583984375,1801498,0.0,0.0,ASIANPAINT
2023-01-30,2619.5341466352997,2669.5399379807604,2592.848363753828,2660.11572265625,1171912,0.0,0.0,ASIANPAINT
2023-01-31,2654.153479571399,2673.3383463540486,2613.8123169370942,2621.313232421875,1961805,0.0,0.0,ASIANPAINT
2023-02-01,2644.3448841921777,2671.463363824032,2601.0706396377927,2638.52685546875,1176872,0.0,0.0,ASIANPAINT
2023-02-02,2635.882109756223,2635.882109756223,2590.6845690197974,2601.8876953125,1308570,0.0,0.0,ASIANPAINT
2023-02-03,2601.887757960862,2657.903860328701,2596.454530354754,2654.5380859375,1278409,0.0,0.0,ASIANPAINT
2023-02-06,2654.53762037345,2658.961302708585,2613.763768810826,2648.575439453125,1120284,0.0,0.0,ASIANPAINT
2023-02-07,2656.0763011472186,2668.096921626705,2642.757359744851,2652.27783203125,732250,0.0,0.0,ASIANPAINT
2023-02-08,2661.8464396483796,2677.2328352532836,2639.0553881141686,2659.53857421875,811956,0.0,0.0,ASIANPAINT
2023-02-09,2675.2616605871262,2712.1891544147215,2660.067546527856,2706.65966796875,946372,0.0,0.0,ASIANPAINT
2023-02-10,2721.4687783619997,2722.3822986642,2685.887737796843,2697.04296875,700072,0.0,0.0,ASIANPAINT
2023-02-13,2706.5633033479744,2720.5072251452902,2673.3863859681537,2683.72412109375,467228,0.0,0.0,ASIANPAINT
2023-02-14,2697.187493076675,2697.187493076675,2658.961910457975,2670.501708984375,524746,0.0,0.0,ASIANPAINT
2023-02-15,2670.50129187781,2690.984478018454,2648.38334815682,2679.30029296875,817717,0.0,0.0,ASIANPAINT
2023-02-16,2689.734346160864,2725.6520581731907,2683.099056808293,2698.341064453125,788964,0.0,0.0,ASIANPAINT
2023-02-17,2695.4562016045093,2736.711117998113,2678.6754599133274,2724.930908203125,840526,0.0,0.0,ASIANPAINT
2023-02-20,2735.893739318767,2742.625288062258,2704.2555541354754,2717.189697265625,646218,0.0,0.0,ASIANPAINT
2023-02-21,2728.20045763691,2729.8352153263954,2697.4276643184817,2709.063720703125,631934,0.0,0.0,ASIANPAINT
2023-02-22,2702.187706064364,2706.034305118468,2673.386342602315,2688.724609375,580270,0.0,0.0,ASIANPAINT
2023-02-23,2697.42773064746,2697.956685001184,2596.5507589810636,2602.17626953125,1790570,0.0,0.0,ASIANPAINT
2023-02-24,2608.090082478345,2656.076305601835,2606.0705243233065,2633.4775390625,1429040,0.0,0.0,ASIANPAINT
2023-02-27,2635.305244085024,2652.855354440603,2620.544059255369,2644.44091796875,561317,0.0,0.0,ASIANPAINT
2023-02-28,2644.5371292159634,2730.1239672160436,2622.8518778008324,2720.315185546875,1815923,0.0,0.0,ASIANPAINT
2023-03-01,2719.545495717463,2743.875281372328,2708.0538281490344,2731.95068359375,816598,0.0,0.0,ASIANPAINT
2023-03-02,2722.4305478092297,2739.740243980394,2703.197552063492,2725.21923828125,604523,0.0,0.0,ASIANPAINT
2023-03-03,2728.2487630910114,2742.625381441395,2702.8610660987893,2720.36328125,679295,0.0,0.0,ASIANPAINT
2023-03-06,2733.9704908218964,2773.3981341999115,2721.709455381172,2754.694091796875,1050267,0.0,0.0,ASIANPAINT
2023-03-08,2759.934935677179,2759.934935677179,2718.5839941321897,2749.8857421875,580250,0.0,0.0,ASIANPAINT
2023-03-09,2752.241616181735,2762.2908092293596,2728.0562186019392,2744.11572265625,774224,0.0,0.0,ASIANPAINT
2023-03-10,2734.931946597537,2734.931946597537,2699.350905098202,2721.6611328125,489978,0.0,0.0,ASIANPAINT
2023-03-13,2715.2181765951723,2740.1729416398443,2665.8854955119973,2677.42529296875,813217,0.0,0.0,ASIANPAINT
2023-03-14,2676.223389045294,2680.06998842509,2634.968704608099,2640.305908203125,1060450,0.0,0.0,ASIANPAINT
2023-03-15,2665.885484728586,2756.4249527751335,2659.153936239376,2718.968505859375,2170346,0.0,0.0,ASIANPAINT
2023-03-16,2740.7018601013674,2788.7843488750755,2720.218672928212,2782.293212890625,1755487,0.0,0.0,ASIANPAINT
2023-03-17,2811.8158787678335,2811.8158787678335,2745.558301623579,2752.86669921875,1848073,0.0,0.0,ASIANPAINT
2023-03-20,2803.209379826441,2803.209379826441,2722.478919942746,2745.654541015625,1074367,0.0,0.0,ASIANPAINT
2023-03-21,2748.5394568773695,2776.283149284106,2726.2773565017114,2730.22021484375,691891,0.0,0.0,ASIANPAINT
2023-03-22,2716.6608121405507,2743.731161366338,2706.9001601248624,2730.94140625,731807,0.0,0.0,ASIANPAINT
2023-03-23,2709.063794682569,2714.7374346944785,2661.6062822797176,2690.50390625,1016581,0.0,0.0,ASIANPAINT
2023-03-24,2690.503649959953,2707.668956699852,2666.5105362553586,2691.1767578125,784111,0.0,0.0,ASIANPAINT
2023-03-27,2691.176924563921,2711.8523949509586,2679.637127138598,2696.2255859375,791560,0.0,0.0,ASIANPAINT
2023-03-28,2683.9643799922264,2702.8128084958967,2658.961487165355,2677.66552734375,558581,0.0,0.0,ASIANPAINT
2023-03-29,2677.66594535249,2686.609336138417,2649.3454035118884,2664.2509765625,1087648,0.0,0.0,ASIANPAINT
2023-03-31,2650.3548923954786,2668.578108559637,2642.1327399162533,2655.739990234375,1967803,0.0,0.0,ASIANPAINT
2023-04-03,2641.6040832189547,2674.973287002234,2604.7728459666346,2670.501708984375,1035295,0.0,0.0,ASIANPAINT
2023-04-05,2654.1532019149454,2703.726291464235,2646.7004166559454,2700.793212890625,668643,0.0,0.0,ASIANPAINT
2023-04-06,2699.7836964777093,2716.6606975009267,2679.9257219274446,2702.091796875,627554,0.0,0.0,ASIANPAINT
2023-04-10,2702.2358860809027,2702.2358860809027,2649.4414069863765,2669.87646484375,1215461,0.0,0.0,ASIANPAINT
2023-04-11,2683.0028365455582,2683.0028365455582,2644.584975501115,2648.191162109375,1246379,0.0,0.0,ASIANPAINT
2023-04-12,2649.8742575624274,2698.5817279369294,2645.4987038447844,2679.877685546875,2235399,0.0,0.0,ASIANPAINT
2023-04-13,2679.829772105367,2705.4097537643725,2675.31006445886,2701.995849609375,602597,0.0,0.0,ASIANPAINT
2023-04-17,2716.6606950352148,2736.4707748995056,2698.3893487677215,2734.066650390625,754555,0.0,0.0,ASIANPAINT
2023-04-18,2738.7785059784774,2748.8276989763904,2721.5650692515896,2745.12548828125,717724,0.0,0.0,ASIANPAINT
2023-04-19,2727.575618880377,2743.29845290511,2693.2445317539655,2701.947509765625,799624,0.0,0.0,ASIANPAINT
2023-04-20,2711.8524004563715,2741.6635438656435,2705.2650055015974,2734.787841796875,761101,0.0,0.0,ASIANPAINT
2023-04-21,2737.9130599879204,2776.282790581209,2737.9130599879204,2771.57080078125,894930,0.0,0.0,ASIANPAINT
2023-04-24,2771.5707384994184,2786.8608750622575,2742.6249881565072,2780.2255859375,782967,0.0,0.0,ASIANPAINT
2023-04-25,2780.1776649172634,2790.4672706872534,2754.3091447686147,2786.861083984375,636120,0.0,0.0,ASIANPAINT
2023-04-26,2785.851302236011,2804.603473074043,2777.2927130466883,2798.40087890625,569221,0.0,0.0,ASIANPAINT
2023-04-27,2803.6900296720164,2808.0174538303168,2782.8704051326426,2788.736328125,599461,0.0,0.0,ASIANPAINT
2023-04-28,2807.9690838446318,2807.9690838446318,2737.4322169734214,2791.044189453125,1080665,0.0,0.0,ASIANPAINT
2023-05-02,2799.3145207722773,2821.192054366399,2782.0529533096164,2788.351806640625,663800,0.0,0.0,ASIANPAINT
2023-05-03,2806.0939597673378,2848.7911145929224,2785.8993150945776,2817.34521484375,1237193,0.0,0.0,ASIANPAINT
2023-05-04,2834.943443778619,2871.630287581268,2810.084703998557,2868.45703125,1008540,0.0,0.0,ASIANPAINT
2023-05-05,2857.0616682884906,2908.990759533048,2837.876800978699,2897.40283203125,1326561,0.0,0.0,ASIANPAINT
2023-05-08,2899.3740258368857,2919.280128909465,2878.217731120995,2903.6533203125,941879,0.0,0.0,ASIANPAINT
2023-05-09,2900.384104206165,2956.881033422681,2895.2873129978816,2918.4150390625,1025850,0.0,0.0,ASIANPAINT
2023-05-10,2926.251834421995,2939.7630593243916,2903.124112760278,2924.76123046875,751851,0.0,0.0,ASIANPAINT
2023-05-11,2935.003206480099,3035.110805954027,2915.241256892468,3019.33984375,3229605,0.0,0.0,ASIANPAINT
2023-05-12,3018.6189126444274,3057.8061444667464,2967.6514700288953,3011.02197265625,1998170,0.0,0.0,ASIANPAINT
2023-05-15,3014.002545347064,3046.506353268678,3001.356945272854,3011.886962890625,810281,0.0,0.0,ASIANPAINT
2023-05-16,3011.8872601091457,3044.294812344417,3002.6074331837185,3017.75341796875,822404,0.0,0.0,ASIANPAINT
2023-05-17,3015.733901438223,3027.225570082851,2957.602215504132,2973.85400390625,835371,0.0,0.0,ASIANPAINT
2023-05-18,2986.547632598307,3005.1556502960543,2974.6232688890464,2989.8173828125,498067,0.0,0.0,ASIANPAINT
2023-05-19,3004.1939406392653,3007.9924103500107,2950.389681903795,2966.16064453125,633262,0.0,0.0,ASIANPAINT
2023-05-22,2952.2650171141404,2986.4998454256697,2929.185420889144,2966.593505859375,659425,0.0,0.0,ASIANPAINT
2023-05-23,2968.613032270905,3007.992545947512,2966.6897326063304,3000.924560546875,581204,0.0,0.0,ASIANPAINT
2023-05-24,2995.539157196493,3012.9930073313226,2979.1911104316964,2982.556884765625,439465,0.0,0.0,ASIANPAINT
2023-05-25,2982.5570481882182,3009.0024194038156,2967.651475321245,3003.761474609375,500313,0.0,0.0,ASIANPAINT
2023-05-26,3003.232477696531,3016.647446131259,2992.4139168979127,3008.42529296875,568249,0.0,0.0,ASIANPAINT
2023-05-29,3026.504293400171,3034.005209018278,2996.548995152517,3017.080078125,535712,0.0,0.0,ASIANPAINT
2023-05-30,3026.215647926551,3034.0051051821883,3007.6078652479664,3023.8115234375,506026,0.0,0.0,ASIANPAINT
2023-05-31,3031.071631099044,3095.886959738623,3016.166061210611,3070.499267578125,2349066,0.0,0.0,ASIANPAINT
2023-06-01,3111.2735277350735,3125.2653433938262,3084.0106641548714,3116.418212890625,1104861,0.0,0.0,ASIANPAINT
2023-06-02,3115.168283246992,3125.3137356415245,3095.5507211434037,3113.100830078125,781973,0.0,0.0,ASIANPAINT
2023-06-05,3115.697338948614,3115.697338948614,3072.4712257793576,3077.0390625,492565,0.0,0.0,ASIANPAINT
2023-06-06,3084.7320343770366,3114.6873306524576,3072.470999870511,3089.540283203125,577698,0.0,0.0,ASIANPAINT
2023-06-07,3093.6275023410562,3105.4077127556284,3083.289766671126,3101.12841796875,470038,0.0,0.0,ASIANPAINT
2023-06-08,3096.5123562631334,3122.4769008653398,3070.547811660927,3089.0595703125,561161,0.0,0.0,ASIANPAINT
2023-06-09,3107.258684786185,3135.428904484276,3067.3264713156836,3078.943115234375,1239045,21.25,0.0,ASIANPAINT
2023-06-12,3083.4447367462963,3100.0470002532447,3050.482459509538,3092.689697265625,1029156,0.0,0.0,ASIANPAINT
2023-06-13,3107.4522826438792,3167.4716102214247,3102.7571278049513,3158.614013671875,1598821,0.0,0.0,ASIANPAINT
2023-06-14,3160.6956596914656,3184.8001047954876,3149.0790140815734,3165.7294921875,741615,0.0,0.0,ASIANPAINT
2023-06-15,3171.344272398189,3198.4497789998827,3168.7790243456043,3189.108154296875,806994,0.0,0.0,ASIANPAINT
2023-06-16,3186.5909166087754,3215.874542408856,3181.5570844006475,3210.88916015625,984671,0.0,0.0,ASIANPAINT
2023-06-19,3212.8251183202333,3238.091178097593,3197.7233860565066,3203.96728515625,516915,0.0,0.0,ASIANPAINT
2023-06-20,3209.09818003523,3220.569711504887,3172.4090374606176,3212.679931640625,866290,0.0,0.0,ASIANPAINT
2023-06-21,3212.680128176389,3226.5233449112575,3194.577569219067,3210.163330078125,742456,0.0,0.0,ASIANPAINT
2023-06-22,3218.7788000507817,3220.569794070018,3138.8659137015707,3144.287109375,871640,0.0,0.0,ASIANPAINT
2023-06-23,3160.6955194638426,3198.594729548173,3149.127324325479,3192.350830078125,1260659,0.0,0.0,ASIANPAINT
2023-06-26,3189.736985082562,3209.4369726832247,3166.8908229139124,3202.466796875,592801,0.0,0.0,ASIANPAINT
2023-06-27,3170.3758437018473,3237.655575346818,3168.7786496453305,3219.74658203125,914141,0.0,0.0,ASIANPAINT
2023-06-28,3224.586961895323,3248.0622647551136,3217.326558948996,3241.285888671875,713110,0.0,0.0,ASIANPAINT
2023-06-30,3245.884086196769,3339.3981690203527,3236.9295893887406,3254.64501953125,1436363,0.0,0.0,ASIANPAINT
2023-07-03,3257.5008855340484,3271.9732419028664,3230.588943877137,3251.402099609375,474224,0.0,0.0,ASIANPAINT
2023-07-04,3251.4024988624506,3278.79847076092,3224.587453824808,3240.75390625,473663,0.0,0.0,ASIANPAINT
2023-07-05,3244.287135345697,3291.3828572817706,3234.025670724728,3266.6005859375,632406,0.0,0.0,ASIANPAINT
2023-07-06,3301.0629769931534,3301.0629769931534,3260.2111598540346,3290.801513671875,693995,0.0,0.0,ASIANPAINT
2023-07-07,3276.8620156770744,3304.9355750432887,3230.54054818632,3236.88134765625,620761,0.0,0.0,ASIANPAINT
2023-07-10,3238.1396266941015,3264.3255265489183,3188.720438037892,3236.3486328125,548838,0.0,0.0,ASIANPAINT
2023-07-11,3242.9314718001674,3291.334157199478,3238.139653213883,3284.170654296875,772158,0.0,0.0,ASIANPAINT
2023-07-12,3299.1270593307404,3305.322508567636,3254.8386018881406,3297.9169921875,1025127,0.0,0.0,ASIANPAINT
2023-07-13,3315.583731386482,3315.583731386482,3276.232445286223,3289.978759765625,750126,0.0,0.0,ASIANPAINT
2023-07-14,3289.979143096942,3329.136870299061,3278.798074935423,3320.182373046875,832843,0.0,0.0,ASIANPAINT
2023-07-17,3320.1825170818715,3362.0508438881375,3315.5842615366746,3349.853271484375,817694,0.0,0.0,ASIANPAINT
2023-07-18,3349.4660689728107,3410.4534569338766,3345.2067268898095,3401.20849609375,962485,0.0,0.0,ASIANPAINT
2023-07-19,3407.549299437636,3417.229837220129,3371.247282753286,3402.3701171875,620289,0.0,0.0,ASIANPAINT
2023-07-20,3397.917255322178,3422.0701501319436,3383.299548546073,3413.357666015625,589848,0.0,0.0,ASIANPAINT
2023-07-21,3422.989735491216,3424.925843062171,3393.028518098936,3405.32275390625,857975,0.0,0.0,ASIANPAINT
2023-07-24,3393.9963651382586,3454.015696181776,3386.735962189446,3430.491943359375,680246,0.0,0.0,ASIANPAINT
2023-07-25,3434.557953840447,3434.557953840447,3242.9802029546445,3291.77001953125,2555630,0.0,0.0,ASIANPAINT
2023-07-26,3291.2374534662067,3303.9672650343723,3257.5006876181255,3265.2451171875,959076,0.0,0.0,ASIANPAINT
2023-07-27,3281.702010323553,3304.9352988922155,3243.947916399477,3261.760009765625,874078,0.0,0.0,ASIANPAINT
2023-07-28,3267.1812428253493,3290.4145316632184,3257.0166789587815,3282.379638671875,553750,0.0,0.0,ASIANPAINT
2023-07-31,3217.036288743724,3279.7662212351265,3216.9878387862577,3269.45654296875,933890,0.0,0.0,ASIANPAINT
2023-08-01,3264.2770362038286,3276.861734148861,3231.3632108091283,3236.155029296875,698667,0.0,0.0,ASIANPAINT
2023-08-02,3234.4610548979526,3264.228706906695,3224.248040842965,3255.4677734375,857218,0.0,0.0,ASIANPAINT
2023-08-03,3262.340779719136,3271.9728662070356,3211.9535402893544,3229.765869140625,711067,0.0,0.0,ASIANPAINT
2023-08-04,3231.5086126976757,3265.5358446749133,3216.8426925510153,3232.960693359375,519248,0.0,0.0,ASIANPAINT
2023-08-07,3210.1143704027854,3242.979744726621,3210.0659204517838,3236.203369140625,360358,0.0,0.0,ASIANPAINT
2023-08-08,3236.203566631201,3252.6120298189503,3226.1841161525476,3241.09228515625,500258,0.0,0.0,ASIANPAINT
2023-08-09,3226.087444584064,3249.7078606159043,3197.4814101316233,3224.5869140625,643222,0.0,0.0,ASIANPAINT
2023-08-10,3204.2577028446804,3213.938239711281,3126.8134079118786,3134.4609375,1253219,0.0,0.0,ASIANPAINT
2023-08-11,3134.46112306324,3145.1581642023552,3078.4109058238882,3083.590087890625,919023,0.0,0.0,ASIANPAINT
2023-08-14,3083.5898923349123,3107.3554211692062,3051.5472209051027,3100.288818359375,815534,0.0,0.0,ASIANPAINT
2023-08-16,3092.8349109351743,3106.3394501682233,3075.4099429867283,3092.01220703125,597686,0.0,0.0,ASIANPAINT
2023-08-17,3120.908419680373,3121.0053195927903,3060.9859865236986,3081.55712890625,873392,0.0,0.0,ASIANPAINT
2023-08-18,3073.473595808879,3083.735059559415,3054.209421726559,3062.486328125,592652,0.0,0.0,ASIANPAINT
2023-08-21,3058.9529056819197,3085.67128333055,3051.4504892283317,3080.637451171875,353330,0.0,0.0,ASIANPAINT
2023-08-22,3096.4164728200194,3096.4164728200194,3069.6980977731123,3078.1201171875,377068,0.0,0.0,ASIANPAINT
2023-08-23,3084.2193253080554,3093.8998630522738,3064.1322094888014,3067.56884765625,370811,0.0,0.0,ASIANPAINT
2023-08-24,3083.250882262249,3129.6205576662182,3069.601231229716,3122.553955078125,1167742,0.0,0.0,ASIANPAINT
2023-08-25,3121.876300953784,3160.6953490885794,3113.4542809824998,3155.177490234375,1363431,0.0,0.0,ASIANPAINT
2023-08-28,3160.646734815666,3167.471560354234,3127.829810435283,3155.564453125,707315,0.0,0.0,ASIANPAINT
2023-08-29,3156.823250714972,3183.928755474254,3151.0633782218733,3180.734130859375,533163,0.0,0.0,ASIANPAINT
2023-08-30,3195.835782269961,3197.336312799122,3171.7311029189345,3189.446533203125,599080,0.0,0.0,ASIANPAINT
2023-08-31,3194.625748003782,3196.513405502563,3117.1329999146737,3152.079833984375,1601967,0.0,0.0,ASIANPAINT
2023-09-01,3137.559133147277,3159.9210331776785,3114.325842928938,3155.419677734375,650131,0.0,0.0,ASIANPAINT
2023-09-04,3155.419814664049,3161.905727863209,3113.3579242742358,3132.1865234375,696213,0.0,0.0,ASIANPAINT
2023-09-05,3141.3343554018793,3145.0614568007177,3117.1330121399233,3120.32763671875,597022,0.0,0.0,ASIANPAINT
2023-09-06,3106.4845920721555,3126.8137215310257,3092.931839099575,3122.263916015625,754106,0.0,0.0,ASIANPAINT
2023-09-07,3122.2635363428894,3149.8046158734455,3098.9817984064134,3142.64111328125,923108,0.0,0.0,ASIANPAINT
2023-09-08,3146.706871922418,3158.8075426729606,3128.749429260367,3134.606201171875,395918,0.0,0.0,ASIANPAINT
2023-09-11,3138.4301298932432,3160.6953652379516,3138.4301298932432,3155.274169921875,359345,0.0,0.0,ASIANPAINT
2023-09-12,3155.855182938485,3175.022694201268,3139.3982694078245,3152.805908203125,554905,0.0,0.0,ASIANPAINT
2023-09-13,3141.3343265554686,3179.717562079966,3122.2637155084185,3173.0380859375,880907,0.0,0.0,ASIANPAINT
2023-09-14,3177.1523270231364,3188.962535205736,3120.2791706512267,3136.736083984375,1102554,0.0,0.0,ASIANPAINT
2023-09-15,3131.6537630414164,3136.4940316087136,3083.2510773684426,3094.52880859375,1568607,0.0,0.0,ASIANPAINT
2023-09-18,3097.771819930016,3126.7165308359936,3088.0912829927347,3103.87060546875,673602,0.0,0.0,ASIANPAINT
2023-09-20,3103.8704509632835,3124.8771678032576,3092.9313975004366,3111.663330078125,901084,0.0,0.0,ASIANPAINT
2023-09-21,3107.4524246734504,3157.0167276056013,3078.94329003932,3140.559814453125,845739,0.0,0.0,ASIANPAINT
2023-09-22,3131.6052289565273,3178.7011826558355,3118.246040801435,3170.230712890625,896521,0.0,0.0,ASIANPAINT
2023-09-25,3167.762424090462,3228.2657851977533,3166.6490204413353,3217.084716796875,1422084,0.0,0.0,ASIANPAINT
2023-09-26,3216.8421049743874,3218.681312273429,3156.193641618411,3187.60693359375,834560,0.0,0.0,ASIANPAINT
2023-09-27,3182.9606355967203,3203.2897637437795,3167.1813126714687,3196.31982421875,516326,0.0,0.0,ASIANPAINT
2023-09-28,3176.9588803402457,3183.9288201516833,3054.209616168611,3069.0693359375,2104381,0.0,0.0,ASIANPAINT
2023-09-29,3092.932031121297,3092.932031121297,3033.8807466460544,3060.066650390625,1550585,0.0,0.0,ASIANPAINT
2023-10-03,3064.9548679390614,3124.6837330611183,3060.9857532923543,3065.680908203125,1219145,0.0,0.0,ASIANPAINT
2023-10-04,3063.841482278708,3087.12322081715,3050.6760938849175,3068.63330078125,892584,0.0,0.0,ASIANPAINT
2023-10-05,3107.452711531433,3128.8467951410976,3072.8932379891953,3103.822509765625,1002610,0.0,0.0,ASIANPAINT
2023-10-06,3112.0507357565343,3114.228856654101,3088.091405883302,3093.65771484375,814257,0.0,0.0,ASIANPAINT
2023-10-09,3039.7371489803686,3061.9539347193313,3032.6218595592095,3052.079833984375,700012,0.0,0.0,ASIANPAINT
2023-10-10,3049.36920848703,3063.7931143335363,3039.737121271327,3050.8212890625,847367,0.0,0.0,ASIANPAINT
2023-10-11,3067.7623640227193,3083.2512241755635,3051.3539000665496,3062.8251953125,1025317,0.0,0.0,ASIANPAINT
2023-10-12,3084.2192624018194,3086.639396788513,3049.417777189421,3058.1787109375,992531,0.0,0.0,ASIANPAINT
2023-10-13,3049.36913669603,3070.6663179681927,3028.313968847415,3048.20751953125,854688,0.0,0.0,ASIANPAINT
2023-10-16,3024.1997863490087,3028.0720011842827,2997.1911824094673,3012.631591796875,853011,0.0,0.0,ASIANPAINT
2023-10-17,3036.784552949122,3036.784552949122,2993.0285715934306,3014.083740234375,792640,0.0,0.0,ASIANPAINT
2023-10-18,3010.647450272052,3015.68128298496,2991.286373421428,2997.5302734375,481985,0.0,0.0,ASIANPAINT
2023-10-19,2989.059575833664,3011.518376010426,2977.8302939159094,3002.709228515625,568124,0.0,0.0,ASIANPAINT
2023-10-20,2993.706270503575,3015.5843801454535,2966.6492150198205,3006.6298828125,711434,0.0,0.0,ASIANPAINT
2023-10-23,2997.1428236581655,3009.5821723902673,2966.1166540781655,2973.861083984375,374476,0.0,0.0,ASIANPAINT
2023-10-25,2994.5772075006626,3008.7108859932378,2954.4998790384043,2963.018798828125,669290,0.0,0.0,ASIANPAINT
2023-10-26,2953.629069400734,2957.404384717059,2846.0781967489866,2865.729736328125,1834111,0.0,0.0,ASIANPAINT
2023-10-27,2839.108279636039,2879.621190042339,2837.3657354984934,2860.744140625,1708185,0.0,0.0,ASIANPAINT
2023-10-30,2878.9917319181172,2896.3682487345804,2845.206751994645,2872.312255859375,878885,0.0,0.0,ASIANPAINT
2023-10-31,2874.151547624374,2916.503898654541,2871.2473864108765,2899.99853515625,1152306,0.0,0.0,ASIANPAINT
2023-11-01,2902.1770101648376,2912.7771526191905,2836.3977979215665,2840.802490234375,1029990,0.0,0.0,ASIANPAINT
2023-11-02,2866.4554851096987,2867.3750888659015,2840.2695849873585,2860.98583984375,900125,0.0,0.0,ASIANPAINT
2023-11-03,2867.531728482938,2892.647992174285,2852.9855749735552,2887.7509765625,715997,5.15,0.0,ASIANPAINT
2023-11-06,2907.2912655716914,2942.2505691345473,2893.5694885561225,2937.644287109375,620959,0.0,0.0,ASIANPAINT
2023-11-07,2937.6445123163226,2947.0024439201834,2911.3643644670146,2941.572021484375,757998,0.0,0.0,ASIANPAINT
2023-11-08,2965.47592786452,3005.1868809212315,2954.0329060373683,3001.598876953125,783400,0.0,0.0,ASIANPAINT
2023-11-09,3006.205366480828,3017.2603495786148,2981.0405656831485,2987.00439453125,849702,0.0,0.0,ASIANPAINT
2023-11-10,2977.112633231012,2991.6587861621083,2948.1173964232103,2983.367431640625,364232,0.0,0.0,ASIANPAINT
2023-11-13,3004.2656928154647,3004.2656928154647,2972.2641538022594,2992.240966796875,405941,0.0,0.0,ASIANPAINT
2023-11-15,2992.3378584785823,3024.4850017228996,2985.5496530986666,3021.9150390625,700017,0.0,0.0,ASIANPAINT
2023-11-16,3024.6302290903654,3045.867518812402,3003.8778111588204,3035.58837890625,675454,0.0,0.0,ASIANPAINT
2023-11-17,3054.692205142539,3130.5746384925087,3050.4737259672515,3073.020263671875,1430175,0.0,0.0,ASIANPAINT
2023-11-20,3073.02046361227,3075.9296944731177,3037.237018725364,3045.33447265625,406431,0.0,0.0,ASIANPAINT
2023-11-21,3061.3835608228896,3061.3835608228896,3032.388321082343,3038.44921875,409069,0.0,0.0,ASIANPAINT
2023-11-22,3044.994992506683,3061.4806341858593,3026.763764946007,3038.206787109375,489889,0.0,0.0,ASIANPAINT
2023-11-23,3052.75306370906,3075.4449708152783,3020.8968895466523,3028.4609375,792460,0.0,0.0,ASIANPAINT
2023-11-24,3023.660479212061,3044.800936584253,3016.872274159308,3041.26123046875,756329,0.0,0.0,ASIANPAINT
2023-11-28,3046.110429163813,3064.3901932141107,3041.261710503664,3053.0927734375,647883,0.0,0.0,ASIANPAINT
2023-11-29,3053.0927734375,3074.087630534408,3046.9348060375746,3053.0927734375,620725,0.0,0.0,ASIANPAINT
2023-11-30,3053.092324207333,3058.522746255366,3014.3025806336414,3025.5029296875,1793116,0.0,0.0,ASIANPAINT
2023-12-01,3051.7343641036796,3094.06381137529,3045.2371297827417,3077.384033203125,960196,0.0,0.0,ASIANPAINT
2023-12-04,3093.4823942173853,3107.4951432918356,3070.693417332085,3097.894775390625,1018189,0.0,0.0,ASIANPAINT
2023-12-05,3100.270495856136,3149.3879177686554,3083.7848535572452,3128.635498046875,1005550,0.0,0.0,ASIANPAINT
2023-12-06,3166.2129091169077,3189.4867559220547,3135.1325788451045,3154.1396484375,1229158,0.0,0.0,ASIANPAINT
2023-12-07,3184.638050755092,3200.105414156322,3148.6121699433556,3153.412353515625,1071725,0.0,0.0,ASIANPAINT
2023-12-08,3156.515775246195,3170.8680295013073,3130.138793691679,3134.211669921875,895852,0.0,0.0,ASIANPAINT
2023-12-11,3132.2716775428685,3146.817830844151,3089.11808941573,3135.180908203125,910426,0.0,0.0,ASIANPAINT
2023-12-12,3130.3323307523838,3158.503429592723,3112.8769460084113,3127.1806640625,1019030,0.0,0.0,ASIANPAINT
2023-12-13,3141.9693195614327,3156.4669392870414,3093.7731091399105,3145.5087890625,1052079,0.0,0.0,ASIANPAINT
2023-12-14,3156.5154701101264,3160.0066418292845,3120.6349563177837,3143.278564453125,923107,0.0,0.0,ASIANPAINT
2023-12-15,3151.667017343938,3225.7070433606123,3143.9090677627837,3213.633544921875,1631687,0.0,0.0,ASIANPAINT
2023-12-18,3212.760468379538,3234.8706692706105,3196.274827581937,3231.234130859375,911936,0.0,0.0,ASIANPAINT
2023-12-19,3235.015968052263,3252.422817530438,3200.2991013992273,3235.113037109375,780448,0.0,0.0,ASIANPAINT
2023-12-20,3235.113059213811,3258.2898356573664,3183.3286109210712,3197.389892578125,979762,0.0,0.0,ASIANPAINT
2023-12-21,3180.7588372225555,3219.5485791399037,3172.8555220084145,3203.014404296875,1585879,0.0,0.0,ASIANPAINT
2023-12-22,3209.754254538738,3249.4169099249393,3187.5472207476787,3240.204345703125,930563,0.0,0.0,ASIANPAINT
2023-12-26,3248.592598711836,3289.2732962982595,3243.9863165079832,3280.982177734375,600190,0.0,0.0,ASIANPAINT
2023-12-27,3278.751455158225,3306.7769488643426,3252.5198449553363,3301.443359375,837182,0.0,0.0,ASIANPAINT
2023-12-28,3301.976693939607,3316.4743122494647,3270.993435748112,3294.461181640625,779250,0.0,0.0,ASIANPAINT
2023-12-29,3306.8257125492332,3319.3838449572722,3281.5153096079625,3299.45556640625,615676,0.0,0.0,ASIANPAINT
2024-01-01,3300.0375718903215,3308.5713631824997,3286.606527917364,3293.346435546875,283951,0.0,0.0,ASIANPAINT
2024-01-02,3293.2492031873944,3296.0613648725757,3243.7922805246862,3288.739990234375,552394,0.0,0.0,ASIANPAINT
2024-01-03,3288.7398030628983,3296.158246338578,3263.1869664399283,3271.52685546875,379131,0.0,0.0,ASIANPAINT
2024-01-04,3269.975643794998,3298.34064604322,3262.023793079595,3277.68505859375,777127,0.0,0.0,ASIANPAINT
2024-01-05,3277.684842563503,3278.1211798339523,3246.7015818082987,3254.023193359375,416956,0.0,0.0,ASIANPAINT
2024-01-08,3253.489879088804,3274.339367136616,3195.1598944379634,3198.602294921875,545884,0.0,0.0,ASIANPAINT
2024-01-09,3209.8518045858837,3214.700523323929,3163.5465406375524,3168.6376953125,670704,0.0,0.0,ASIANPAINT
2024-01-10,3192.395940321496,3193.3656839242667,3159.6185591970807,3187.40185546875,691087,0.0,0.0,ASIANPAINT
2024-01-11,3187.4019256597185,3209.0755536066436,3171.740424077797,3188.7109375,537469,0.0,0.0,ASIANPAINT
2024-01-12,3195.2569864695392,3195.2569864695392,3145.848591849064,3178.6259765625,673004,0.0,0.0,ASIANPAINT
2024-01-15,3182.8924251624435,3187.7411432060017,3160.0066180491363,3174.843505859375,728116,0.0,0.0,ASIANPAINT
2024-01-16,3175.861879577069,3219.548877815052,3174.8436014065146,3197.147705078125,748215,0.0,0.0,ASIANPAINT
2024-01-17,3194.432472628765,3204.372344482611,3096.4398349530143,3144.19970703125,2239241,0.0,0.0,ASIANPAINT
2024-01-18,3159.3762703727252,3159.3762703727252,2956.3605797340883,3068.12353515625,1979174,0.0,0.0,ASIANPAINT
2024-01-19,3081.6511323319146,3104.682541882013,3053.3346677305535,3070.062744140625,936201,0.0,0.0,ASIANPAINT
2024-01-23,2994.131805729143,3014.9327579467185,2930.1287301342622,2962.275634765625,2365225,0.0,0.0,ASIANPAINT
2024-01-24,2962.566816246501,2962.566816246501,2886.0541378541334,2908.697509765625,2665932,0.0,0.0,ASIANPAINT
2024-01-25,2918.977015287565,2924.7469428406125,2853.2768808785954,2859.968017578125,2001961,0.0,0.0,ASIANPAINT
2024-01-29,2851.094361722136,2898.029851386732,2851.094361722136,2886.005126953125,1862723,0.0,0.0,ASIANPAINT
2024-01-30,2899.5334278678156,2914.0795821882225,2861.7619611665878,2864.7197265625,1273188,0.0,0.0,ASIANPAINT
2024-01-31,2876.259761621493,2881.9811546453716,2858.8529098754593,2868.3564453125,1771244,0.0,0.0,ASIANPAINT
2024-02-01,2871.4110428384333,2882.9026001734114,2831.603017335517,2840.71875,3006472,0.0,0.0,ASIANPAINT
2024-02-02,2860.7436922579327,2872.720120721962,2835.5788925530705,2847.458251953125,1881911,0.0,0.0,ASIANPAINT
2024-02-05,2860.743576323829,2875.289730101747,2823.893320086437,2829.08154296875,923435,0.0,0.0,ASIANPAINT
2024-02-06,2842.3185540630784,2857.8344520040573,2814.8262276973805,2842.27001953125,1471312,0.0,0.0,ASIANPAINT
2024-02-07,2867.531957555572,2912.091630681534,2847.2158755486116,2890.951171875,1134012,0.0,0.0,ASIANPAINT
2024-02-08,2908.98860613925,2908.98860613925,2831.4576462191317,2840.961181640625,1633654,0.0,0.0,ASIANPAINT
2024-02-09,2841.348894677715,2869.4714605294744,2822.4874280347994,2862.34375,1144765,0.0,0.0,ASIANPAINT
2024-02-12,2862.3433761692713,2875.2410123813715,2831.6996228818143,2864.428466796875,614469,0.0,0.0,ASIANPAINT
2024-02-13,2875.24149212852,2891.0483615482963,2856.5739261881245,2881.6904296875,717118,0.0,0.0,ASIANPAINT
2024-02-14,2880.0413932275264,2890.6117404107663,2847.215714758446,2886.3447265625,750339,0.0,0.0,ASIANPAINT
2024-02-15,2889.8360954529085,2932.9896881534637,2877.6657652169315,2925.2802734375,1068730,0.0,0.0,ASIANPAINT
2024-02-16,2943.1719934599305,2943.1719934599305,2909.2309655287613,2916.891845703125,1179473,0.0,0.0,ASIANPAINT
2024-02-19,2916.8917257612716,2927.365004157281,2897.1090507106633,2907.388427734375,560700,0.0,0.0,ASIANPAINT
2024-02-20,2907.3884834763026,2925.8136125202705,2882.175148995083,2920.5283203125,729371,0.0,0.0,ASIANPAINT
2024-02-21,2920.916435003258,2935.1716194376536,2893.230206192199,2910.9765625,927130,0.0,0.0,ASIANPAINT
2024-02-22,2892.7454042188574,2935.608027624536,2843.385545492719,2926.1044921875,2615821,0.0,0.0,ASIANPAINT
2024-02-23,2908.2609135999974,2914.079374914302,2876.4532777310383,2895.605712890625,1650523,0.0,0.0,ASIANPAINT
2024-02-26,2831.651216924156,2841.3486525985536,2761.635778705764,2781.660888671875,3524491,0.0,0.0,ASIANPAINT
2024-02-27,2768.618136594609,2783.1642914278555,2763.866487383944,2773.030517578125,1296180,0.0,0.0,ASIANPAINT
2024-02-28,2763.91447910018,2772.884606920704,2701.2206534128486,2709.802978515625,2472196,0.0,0.0,ASIANPAINT
2024-02-29,2700.736085004787,2752.132498830731,2692.7356998337673,2736.51953125,2284424,0.0,0.0,ASIANPAINT
2024-03-01,2747.1863994399687,2759.841600078365,2729.8766191792715,2746.0712890625,978174,0.0,0.0,ASIANPAINT
2024-03-04,2773.466544263706,2774.387753282545,2742.434750761455,2746.0712890625,971299,0.0,0.0,ASIANPAINT
2024-03-05,2748.2533046500116,2749.0776813942125,2720.1307408409607,2735.064697265625,736381,0.0,0.0,ASIANPAINT
2024-03-06,2742.3865863453034,2753.102301335999,2693.7055010694157,2741.75634765625,1723066,0.0,0.0,ASIANPAINT
2024-03-07,2739.5256418881363,2806.4379496015104,2739.5256418881363,2783.697509765625,1564364,0.0,0.0,ASIANPAINT
2024-03-11,2807.9410421784773,2808.910785748724,2766.7754749722667,2789.806884765625,866546,0.0,0.0,ASIANPAINT
2024-03-12,2792.861781675298,2812.1595860902044,2778.7519638650274,2789.128173828125,663186,0.0,0.0,ASIANPAINT
2024-03-13,2791.5042650706614,2799.892453240558,2749.223345722394,2773.6123046875,955841,0.0,0.0,ASIANPAINT
2024-03-14,2773.4667352542356,2810.365527107244,2755.0416065934555,2804.740966796875,1381741,0.0,0.0,ASIANPAINT
2024-03-15,2807.4077447632003,2809.298697447771,2763.7692824093683,2780.788330078125,1356226,0.0,0.0,ASIANPAINT
2024-03-18,2779.2849991217286,2779.2849991217286,2732.0100013174074,2760.375,940424,0.0,0.0,ASIANPAINT
2024-03-19,2754.071813817955,2754.071813817955,2716.251813557779,2729.92529296875,1199135,0.0,0.0,ASIANPAINT
2024-03-20,2729.92516938527,2751.210993012205,2712.90612268788,2739.428466796875,818910,0.0,0.0,ASIANPAINT
2024-03-21,2758.9207173597174,2759.308520122843,2721.100714555841,2735.792236328125,1167680,0.0,0.0,ASIANPAINT
2024-03-22,2735.7919907431437,2768.7632722790845,2723.0399574388525,2755.5263671875,1652689,0.0,0.0,ASIANPAINT
2024-03-26,2734.6772371744305,2758.0964528550826,2724.979800163174,2729.489013671875,1372390,0.0,0.0,ASIANPAINT
2024-03-27,2732.6888019003186,2756.835558458302,2732.446366011707,2744.859130859375,1156231,0.0,0.0,ASIANPAINT
2024-03-28,2749.271965810243,2781.224973859994,2733.707531837979,2760.617919921875,1864623,0.0,0.0,ASIANPAINT
2024-04-01,2774.388062120667,2799.1165253204863,2766.048408740865,2784.134033203125,558086,0.0,0.0,ASIANPAINT
2024-04-02,2787.091693705646,2804.8863470503106,2769.5877740434394,2787.237060546875,562473,0.0,0.0,ASIANPAINT
2024-04-03,2758.920341758575,2797.2737457056605,2758.920341758575,2782.53369140625,816676,0.0,0.0,ASIANPAINT
2024-04-04,2783.1642642313786,2854.197986306274,2764.981570867498,2830.0029296875,1831347,0.0,0.0,ASIANPAINT
2024-04-05,2835.5306752546503,2839.1672142533525,2792.861951003212,2796.20751953125,1155672,0.0,0.0,ASIANPAINT
2024-04-08,2820.014678490772,2820.935887654643,2786.8494913145837,2804.498779296875,570695,0.0,0.0,ASIANPAINT
2024-04-09,2805.468531437459,2828.2089739111684,2758.920833715718,2770.703125,1017670,0.0,0.0,ASIANPAINT
2024-04-10,2796.0617324305517,2811.383728459654,2771.5271723227,2809.104736328125,740495,0.0,0.0,ASIANPAINT
2024-04-12,2802.55895382428,2805.4681845721943,2758.9204926055627,2768.133056640625,1766311,0.0,0.0,ASIANPAINT
2024-04-15,2744.5683111682647,2767.16338457849,2727.258529823065,2758.338623046875,884519,0.0,0.0,ASIANPAINT
2024-04-16,2742.0955194544877,2755.4780290885446,2734.6770752815814,2744.37451171875,911249,0.0,0.0,ASIANPAINT
2024-04-18,2768.6179424797824,2772.6908181967674,2715.379114224338,2722.7490234375,1732434,0.0,0.0,ASIANPAINT
2024-04-19,2705.5846948592125,2736.713559705892,2682.456214862923,2723.573486328125,1337807,0.0,0.0,ASIANPAINT
2024-04-22,2760.4722489343744,2760.4722489343744,2728.907047146642,2755.865966796875,676040,0.0,0.0,ASIANPAINT
2024-04-23,2765.7087378212045,2790.8735368051066,2757.9507890475124,2787.915771484375,929062,0.0,0.0,ASIANPAINT
2024-04-24,2795.7224783730708,2795.868081976507,2773.466908399442,2780.982421875,718441,0.0,0.0,ASIANPAINT
2024-04-25,2778.3156843407432,2783.0673337415737,2743.453445879276,2774.873046875,1594152,0.0,0.0,ASIANPAINT
2024-04-26,2783.1641584056088,2791.1160086502914,2751.2111538332124,2758.09619140625,625507,0.0,0.0,ASIANPAINT
2024-04-29,2758.0960768479163,2786.9944825525513,2753.1019921694888,2781.41845703125,566219,0.0,0.0,ASIANPAINT
2024-04-30,2768.6179517009195,2823.8933363758592,2768.6179517009195,2788.885498046875,1290649,0.0,0.0,ASIANPAINT
2024-05-02,2788.1101426631776,2897.5941091820805,2788.1101426631776,2885.375244140625,2493406,0.0,0.0,ASIANPAINT
2024-05-03,2892.7938289667563,2906.321705470283,2821.226700580388,2841.1064453125,1594445,0.0,0.0,ASIANPAINT
2024-05-06,2860.7436116610656,2869.4713040356246,2823.117512739982,2843.43359375,768806,0.0,0.0,ASIANPAINT
2024-05-07,2857.8340717057695,2878.1501505179704,2816.1351015383625,2824.86279296875,629534,0.0,0.0,ASIANPAINT
2024-05-08,2812.2563863770683,2817.105104284615,2735.646643437831,2757.27197265625,1652877,0.0,0.0,ASIANPAINT
2024-05-09,2742.4347189378564,2767.599516338313,2621.99261915563,2628.10205078125,3547959,0.0,0.0,ASIANPAINT
2024-05-10,2617.3381206479758,2708.106221311954,2589.312623764945,2687.402099609375,2478584,0.0,0.0,ASIANPAINT
2024-05-13,2687.4019679044427,2807.4077391369824,2670.770959764447,2792.13427734375,2748823,0.0,0.0,ASIANPAINT
2024-05-14,2791.8917194148084,2800.619411486616,2756.0112075640454,2779.430419921875,999330,0.0,0.0,ASIANPAINT
2024-05-15,2779.4303847250108,2787.2854021916864,2721.2457716497734,2728.5673828125,1230520,0.0,0.0,ASIANPAINT
2024-05-16,2735.695187516133,2751.744491196891,2702.2390338372884,2728.906982421875,1534319,0.0,0.0,ASIANPAINT
2024-05-17,2729.44030833652,2752.326114213534,2701.802616981231,2724.88232421875,1325150,0.0,0.0,ASIANPAINT
2024-05-21,2729.82803915393,2780.2061682273447,2716.251629722969,2765.5146484375,921822,0.0,0.0,ASIANPAINT
2024-05-22,2765.514753233113,2807.4076279996534,2750.7746983574157,2798.4375,933846,0.0,0.0,ASIANPAINT
2024-05-23,2797.7101307744565,2832.863334324049,2790.2431528195093,2815.892822265625,1181894,0.0,0.0,ASIANPAINT
2024-05-24,2822.1473779348676,2822.1473779348676,2780.2545076949627,2787.77001953125,755822,0.0,0.0,ASIANPAINT
2024-05-27,2800.522879973813,2810.6083570227,2769.151811724258,2785.39501953125,817091,0.0,0.0,ASIANPAINT
2024-05-28,2788.8371385176015,2832.6209659706774,2777.345582519692,2823.117431640625,1084544,0.0,0.0,ASIANPAINT
2024-05-29,2808.377514160687,2833.2998777608673,2793.9284289723664,2812.40185546875,1758297,0.0,0.0,ASIANPAINT
2024-05-30,2788.255420566247,2822.778389095149,2788.012984654538,2796.44970703125,1344426,0.0,0.0,ASIANPAINT
2024-05-31,2796.4495054266863,2818.0748345428656,2769.199852967387,2794.025146484375,2520363,0.0,0.0,ASIANPAINT
2024-06-03,2860.743558948534,2860.743558948534,2773.515171340847,2779.721435546875,952701,0.0,0.0,ASIANPAINT
2024-06-04,2792.861362567273,2809.3470025546494,2691.76559970351,2771.1875,2683847,0.0,0.0,ASIANPAINT
2024-06-05,2777.8306159886206,2935.7049256130604,2777.8306159886206,2872.13818359375,2410576,0.0,0.0,ASIANPAINT
2024-06-06,2870.441427388883,2872.138478908454,2795.043852733651,2816.91162109375,1689408,0.0,0.0,ASIANPAINT
2024-06-07,2816.9113735429746,2854.0526023152343,2801.4440098317837,2839.118408203125,1600180,0.0,0.0,ASIANPAINT
2024-06-10,2839.409067913986,2862.5858436780236,2826.8024019703785,2848.670166015625,876867,0.0,0.0,ASIANPAINT
2024-06-11,2854.1535631056568,2859.3919851600476,2834.571034370798,2841.865478515625,855430,28.15,0.0,ASIANPAINT
2024-06-12,2848.2786644471253,2857.090801944555,2805.833439883359,2845.1455078125,1701770,0.0,0.0,ASIANPAINT
2024-06-13,2867.860968290244,2867.860968290244,2844.3619367986203,2849.257568359375,726380,0.0,0.0,ASIANPAINT
2024-06-14,2849.258004220651,2870.1624498007072,2844.4603801750054,2860.615966796875,982815,0.0,0.0,ASIANPAINT
2024-06-18,2860.6159540425224,2866.8822677531266,2844.3623592291096,2857.58056640625,741098,0.0,0.0,ASIANPAINT
2024-06-19,2857.0909166126817,2859.049169468482,2822.478701768596,2831.33984375,1018294,0.0,0.0,ASIANPAINT
2024-06-20,2824.7797107124097,2863.4552041519732,2812.442622250583,2854.64306640625,1129752,0.0,0.0,ASIANPAINT
2024-06-21,2863.9448853729464,2866.8822647425595,2819.982203092219,2830.5078125,1722379,0.0,0.0,ASIANPAINT
2024-06-24,2822.821473482917,2839.417618520189,2811.4635113745016,2835.59912109375,892125,0.0,0.0,ASIANPAINT
2024-06-25,2815.967406805361,2834.521803488446,2796.3848796370344,2798.78369140625,1217792,0.0,0.0,ASIANPAINT
2024-06-26,2800.49715152515,2813.8623696917093,2784.684356516693,2803.58154296875,960622,0.0,0.0,ASIANPAINT
2024-06-27,2801.0360153066595,2842.404108165772,2785.614773589949,2820.716552734375,1628022,0.0,0.0,ASIANPAINT
2024-06-28,2805.197308607119,2870.7987814436556,2802.455706709519,2856.160888671875,1206712,0.0,0.0,ASIANPAINT
2024-07-01,2828.9901543850715,2877.652692080206,2827.717242166599,2866.6865234375,1104110,0.0,0.0,ASIANPAINT
2024-07-02,2866.6862567847948,2874.7150452739984,2851.2160122063633,2864.5322265625,1064295,0.0,0.0,ASIANPAINT
2024-07-03,2868.5464330503564,2887.3946153750107,2855.132449802233,2864.483154296875,925189,0.0,0.0,ASIANPAINT
2024-07-04,2878.631824212755,2906.4879244986932,2861.986674208804,2873.63818359375,968666,0.0,0.0,ASIANPAINT
2024-07-05,2875.840851291771,2885.38733316446,2852.2930539080858,2874.616943359375,817429,0.0,0.0,ASIANPAINT
2024-07-08,2874.6170502293767,2874.6170502293767,2830.360585557512,2837.655029296875,828260,0.0,0.0,ASIANPAINT
2024-07-09,2848.229561839231,2852.390848846916,2829.675165225635,2844.362060546875,685431,0.0,0.0,ASIANPAINT
2024-07-10,2839.5156288199328,2951.5766000440462,2833.934656021691,2933.9033203125,2299950,0.0,0.0,ASIANPAINT
2024-07-11,2936.4003250199526,2966.753246018825,2910.943036440253,2958.96923828125,1968980,0.0,0.0,ASIANPAINT
2024-07-12,2961.8573882996466,2988.2938013522385,2908.886553935714,2936.546875,1879930,0.0,0.0,ASIANPAINT
2024-07-15,2936.399980049256,2936.399980049256,2871.3370806510006,2894.787109375,2425341,0.0,0.0,ASIANPAINT
2024-07-16,2897.235093361455,2952.99629549068,2880.1003809133895,2912.362548828125,2085611,0.0,0.0,ASIANPAINT
2024-07-18,2814.9882670425613,2896.157746150954,2782.677097368681,2870.35791015625,5384611,0.0,0.0,ASIANPAINT
2024-07-19,2863.944761097209,2917.796713869977,2856.3565313883187,2884.555419921875,2164746,0.0,0.0,ASIANPAINT
2024-07-22,2875.694374848,2911.2857168143782,2856.258619257172,2873.05078125,1616347,0.0,0.0,ASIANPAINT
2024-07-23,2873.05065164211,2885.7792948789406,2825.7587985763644,2836.627197265625,1906312,0.0,0.0,ASIANPAINT
2024-07-24,2840.4457720414903,2865.9030592090458,2825.954653075666,2851.99951171875,1476148,0.0,0.0,ASIANPAINT
2024-07-25,2831.682713411636,2847.985073277743,2825.0246057053882,2840.83740234375,1239922,0.0,0.0,ASIANPAINT
2024-07-26,2841.620518197821,2902.5711350519036,2840.151828635072,2888.569580078125,1359780,0.0,0.0,ASIANPAINT
2024-07-29,2891.4091952989465,2903.2077159502537,2874.7150427628258,2893.024658203125,854408,0.0,0.0,ASIANPAINT
2024-07-30,2911.4322458491706,2969.4944870930362,2908.005303572234,2942.32373046875,2144591,0.0,0.0,ASIANPAINT
2024-07-31,2942.3238649463924,3033.333616908847,2942.3238649463924,3020.06640625,3549501,0.0,0.0,ASIANPAINT
2024-08-01,3023.5423372686028,3063.63751572626,2998.8683996827003,3034.655517578125,1675122,0.0,0.0,ASIANPAINT
2024-08-02,3005.917917133954,3063.7353763457113,2996.1266535602276,3041.851806640625,1348780,0.0,0.0,ASIANPAINT
2024-08-05,3005.8691229684673,3079.3526090310406,2991.5250164488248,3028.82958984375,2019141,0.0,0.0,ASIANPAINT
2024-08-06,3036.956122827192,3069.561077778044,3021.632891214623,3037.005126953125,885743,0.0,0.0,ASIANPAINT
2024-08-07,3037.005455664756,3053.4058236448914,2996.175930651477,3036.711669921875,1907105,0.0,0.0,ASIANPAINT
2024-08-08,3015.709431867347,3025.206910515943,2927.9796073224807,2942.66650390625,1280109,0.0,0.0,ASIANPAINT
2024-08-09,2975.5648940630776,2989.0278809973875,2904.088672520924,2977.131591796875,1665414,0.0,0.0,ASIANPAINT
2024-08-12,2956.961800531541,3019.625891668633,2941.0019920111554,2989.46875,1736881,0.0,0.0,ASIANPAINT
2024-08-13,2991.1332140756795,2995.931076975215,2950.1079125688234,2960.437744140625,502260,0.0,0.0,ASIANPAINT
2024-08-14,2971.452830690008,2971.452830690008,2931.553430102686,2962.689697265625,454671,0.0,0.0,ASIANPAINT
2024-08-16,2990.25191061881,2990.25191061881,2940.3164661389283,2984.52392578125,514229,0.0,0.0,ASIANPAINT
2024-08-19,2990.203098698877,3023.395627942857,2974.928869891109,3012.086669921875,542858,0.0,0.0,ASIANPAINT
2024-08-20,3031.375142861841,3041.509196079331,3013.750868775435,3038.4248046875,668282,0.0,0.0,ASIANPAINT
2024-08-21,3036.270981564519,3104.41827496269,3019.6748368105364,3085.765869140625,1186536,0.0,0.0,ASIANPAINT
2024-08-22,3100.893498424877,3131.88275526211,3090.1721114981524,3120.08447265625,1540888,0.0,0.0,ASIANPAINT
2024-08-23,3123.4132395089528,3131.8338222301445,3083.0242752049576,3088.801025390625,779284,0.0,0.0,ASIANPAINT
2024-08-26,3089.144018599137,3111.1253600826362,3075.925811229537,3105.15283203125,472874,0.0,0.0,ASIANPAINT
2024-08-27,3088.1648125822408,3136.7783450382058,3084.2483067958333,3100.110107421875,1003501,0.0,0.0,ASIANPAINT
2024-08-28,3087.136492989098,3099.4245769505,3053.6994225027042,3060.259521484375,538366,0.0,0.0,ASIANPAINT
2024-08-29,3060.2595091315025,3078.3243430834277,3028.144115970009,3050.81103515625,849866,0.0,0.0,ASIANPAINT
2024-08-30,3064.714631498317,3100.648522515117,3045.768440069131,3061.532470703125,1567031,0.0,0.0,ASIANPAINT
2024-09-02,3082.289847640968,3117.5383973598614,3074.065281657704,3085.17822265625,702358,0.0,0.0,ASIANPAINT
2024-09-03,3098.886103691147,3108.2858129061433,3081.800395534344,3088.9970703125,577471,0.0,0.0,ASIANPAINT
2024-09-04,3089.633226870345,3184.1189205458286,3089.633226870345,3164.193603515625,2379110,0.0,0.0,ASIANPAINT
2024-09-05,3172.369721300085,3189.0148710723383,3149.8498127846833,3170.65625,1482119,0.0,0.0,ASIANPAINT
2024-09-06,3170.411203009902,3217.311260765833,3158.0253499809933,3205.365966796875,2131256,0.0,0.0,ASIANPAINT
2024-09-09,3205.3659101957087,3244.8247502297972,3189.993674184876,3212.268798828125,1272289,0.0,0.0,ASIANPAINT
2024-09-10,3221.3258716595565,3240.9083997547514,3202.6244617108327,3226.2705078125,928920,0.0,0.0,ASIANPAINT
2024-09-11,3245.8038069828517,3312.33539376957,3245.8038069828517,3297.158935546875,2561892,0.0,0.0,ASIANPAINT
2024-09-12,3299.656212908954,3322.1761217804396,3270.5762044794674,3312.629638671875,1643536,0.0,0.0,ASIANPAINT
2024-09-13,3285.5075063646877,3299.362048746183,3251.580634550987,3287.955322265625,1029400,0.0,0.0,ASIANPAINT
2024-09-16,3289.8647331560865,3324.0361492011148,3261.0785123587843,3266.169921875,1019280,0.0,0.0,ASIANPAINT
2024-09-17,3266.169808964826,3279.9753474232057,3232.8795122206266,3243.64990234375,586834,0.0,0.0,ASIANPAINT
2024-09-18,3243.6499578437183,3255.4484786711946,3183.6784663592844,3206.296142578125,410510,0.0,0.0,ASIANPAINT
2024-09-19,3225.242476472415,3250.6997637791187,3206.639074209824,3225.095703125,963456,0.0,0.0,ASIANPAINT
2024-09-20,3235.033500041011,3255.3993761794713,3197.8757024120955,3237.921875,1504277,0.0,0.0,ASIANPAINT
2024-09-23,3247.713335439624,3255.4973426803335,3204.876554506199,3209.037841796875,522775,0.0,0.0,ASIANPAINT
2024-09-24,3209.038155551577,3228.914471656944,3173.447050082935,3180.594482421875,1057933,0.0,0.0,ASIANPAINT
2024-09-25,3184.1191744837815,3184.1191744837815,3139.813703190611,3177.0205078125,740636,0.0,0.0,ASIANPAINT
2024-09-26,3182.1610652384893,3217.2628452220943,3159.739164427399,3208.646484375,951080,0.0,0.0,ASIANPAINT
2024-09-27,3222.2560711777446,3268.2750133045993,3208.6463094431497,3241.642822265625,1315996,0.0,0.0,ASIANPAINT
2024-09-30,3241.6427978407737,3287.906521226102,3236.1595942661793,3259.60986328125,1088162,0.0,0.0,ASIANPAINT
2024-10-01,3247.7622068074065,3259.4627192551634,3176.3349850997006,3208.93994140625,968660,0.0,0.0,ASIANPAINT
2024-10-03,3125.6651783140173,3158.5636811251156,3061.238614956061,3083.562744140625,1741363,0.0,0.0,ASIANPAINT
2024-10-04,3069.561119781072,3090.8571179805103,2990.7904524109053,3008.36572265625,1551818,0.0,0.0,ASIANPAINT
2024-10-07,3010.813695649262,3033.872170298019,2974.586018660962,2998.329833984375,909812,0.0,0.0,ASIANPAINT
2024-10-08,2994.1687544120314,3034.3129398047367,2982.0764468527505,3023.591552734375,817718,0.0,0.0,ASIANPAINT
2024-10-09,3030.9348596195773,3081.0170807545574,3007.6316028426045,3014.58349609375,1225598,0.0,0.0,ASIANPAINT
2024-10-10,3025.549519128867,3030.3961469022447,2979.481575128766,2995.24560546875,1161933,0.0,0.0,ASIANPAINT
2024-10-11,2995.3432698461725,3000.043124115832,2962.8363229681813,2973.802490234375,976017,0.0,0.0,ASIANPAINT
2024-10-14,2973.607131880365,2991.231408592201,2954.220379688435,2975.712158203125,716011,0.0,0.0,ASIANPAINT
2024-10-15,3010.813616059169,3032.15861893477,2984.034413970068,3003.07861328125,1242322,0.0,0.0,ASIANPAINT
2024-10-16,3023.542130633647,3038.767592992859,3002.0993594571282,3017.765380859375,764001,0.0,0.0,ASIANPAINT
2024-10-17,3018.5484078929285,3020.6046687633752,2973.606605845825,2992.063232421875,674481,0.0,0.0,ASIANPAINT
2024-10-18,2993.1893117782324,3004.938828213083,2918.384152760825,2929.69287109375,899318,0.0,0.0,ASIANPAINT
2024-10-21,2944.282162914504,2993.1894800145687,2937.917841154578,2985.55224609375,806970,0.0,0.0,ASIANPAINT
2024-10-22,2990.252141716124,2994.1196433373984,2932.72846348239,2944.08642578125,541838,0.0,0.0,ASIANPAINT
2024-10-23,2937.330235187458,2963.3260892643207,2910.0127038796236,2927.294189453125,624689,0.0,0.0,ASIANPAINT
2024-10-24,2927.2943578877484,2939.631447020562,2889.402211329176,2909.9638671875,571259,0.0,0.0,ASIANPAINT
2024-10-25,2913.3905711867183,2952.6046308847276,2890.381101039554,2896.255859375,1047769,0.0,0.0,ASIANPAINT
2024-10-28,2925.531669338662,2958.6261894041795,2901.2005217719843,2939.190673828125,504961,0.0,0.0,ASIANPAINT
2024-10-29,2956.961849342435,2964.794860863872,2879.70886883008,2930.378662109375,613459,0.0,0.0,ASIANPAINT
2024-10-30,2943.253803930463,2943.253803930463,2901.6899382407482,2934.098876953125,812725,0.0,0.0,ASIANPAINT
2024-10-31,2931.700212860588,2933.9522513847237,2858.0699555454726,2874.372314453125,1031171,0.0,0.0,ASIANPAINT
2024-11-01,2896.2559119507614,2903.8441416051287,2868.8403725543376,2878.48486328125,112249,0.0,0.0,ASIANPAINT
2024-11-04,2900.3191944222995,2900.3191944222995,2825.269250851829,2854.447265625,1146008,0.0,0.0,ASIANPAINT
2024-11-05,2834.570963847689,2857.8742202713024,2812.73639704265,2827.03173828125,935417,0.0,0.0,ASIANPAINT
2024-11-06,2830.164647076376,2847.1525844609255,2800.301294114663,2836.82275390625,1817087,0.0,0.0,ASIANPAINT
2024-11-07,2839.4664984128735,2844.3131261788453,2766.032020005644,2783.509521484375,1112489,0.0,0.0,ASIANPAINT
2024-11-08,2783.5096238329847,2787.5729028364462,2704.7387125294986,2711.6416015625,2060410,0.0,0.0,ASIANPAINT
2024-11-11,2511.508133350377,2544.504644081364,2453.6906736192004,2490.016357421875,8854840,0.0,0.0,ASIANPAINT
2024-11-12,2482.0852716971294,2482.0852716971294,2418.4420596023315,2423.19091796875,3445898,0.0,0.0,ASIANPAINT
2024-11-13,2418.442321542641,2445.857862029764,2399.9369273316497,2418.931884765625,1803766,0.0,0.0,ASIANPAINT
2024-11-14,2430.9750761395044,2449.5294736289966,2414.721482265574,2431.317626953125,1206967,0.0,0.0,ASIANPAINT
2024-11-18,2467.398289727899,2467.398289727899,2419.2253233087795,2431.85595703125,945471,0.0,0.0,ASIANPAINT
2024-11-19,2440.2421664298527,2455.1503504239377,2424.8926681984503,2436.024658203125,941508,4.25,0.0,ASIANPAINT
2024-11-21,2407.5811834490764,2418.6152360227406,2378.4513325454554,2381.540771484375,1377572,0.0,0.0,ASIANPAINT
2024-11-22,2383.3552103957572,2446.077617527462,2376.440489980919,2424.7451171875,3805843,0.0,0.0,ASIANPAINT
2024-11-25,2456.9156051788345,2459.8089309547604,2403.020438497,2412.485107421875,1857124,0.0,0.0,ASIANPAINT
2024-11-26,2412.6813837689556,2469.666232573915,2410.425724524224,2456.915771484375,1152258,0.0,0.0,ASIANPAINT
2024-11-27,2469.1760814482705,2469.3231063864,2432.3959014862803,2444.0673828125,864653,0.0,0.0,ASIANPAINT
2024-11-28,2452.01165097183,2457.896478934162,2406.2081212225285,2410.866943359375,1506133,0.0,0.0,ASIANPAINT
2024-11-29,2410.86678687779,2443.674652747488,2407.9243730876065,2432.003173828125,1030854,0.0,0.0,ASIANPAINT
2024-12-02,2432.0033576473265,2438.280411759127,2414.103672404123,2431.4638671875,914624,0.0,0.0,ASIANPAINT
2024-12-03,2446.126914769866,2446.126914769866,2416.2123715058397,2421.9990234375,1341985,0.0,0.0,ASIANPAINT
2024-12-04,2431.3168391870113,2431.5131917036847,2406.1102045861603,2412.240234375,1005012,0.0,0.0,ASIANPAINT
2024-12-05,2417.6834979870496,2419.5469310678895,2377.3723304944847,2405.129150390625,3190834,0.0,0.0,ASIANPAINT
2024-12-06,2420.6259015352716,2420.6259015352716,2380.4129104643857,2383.06103515625,1735948,0.0,0.0,ASIANPAINT
2024-12-09,2391.348808767617,2392.182588518261,2341.180745712624,2345.937744140625,2301281,0.0,0.0,ASIANPAINT
2024-12-10,2353.833040864897,2358.4918630654356,2339.2682351315643,2343.044189453125,1657888,0.0,0.0,ASIANPAINT
2024-12-11,2353.686000121601,2381.3937319700995,2346.7221912027503,2370.899169921875,1337700,0.0,0.0,ASIANPAINT
2024-12-12,2366.6817067560096,2368.643316127544,2335.0016675148786,2343.681884765625,1089028,0.0,0.0,ASIANPAINT
2024-12-13,2343.681662574433,2365.7006777915526,2308.814011410164,2361.43408203125,1150861,0.0,0.0,ASIANPAINT
2024-12-16,2373.4983795782646,2373.4983795782646,2340.3471315186207,2356.13818359375,987775,0.0,0.0,ASIANPAINT
2024-12-17,2342.1613819271274,2353.832860871112,2305.3812094722416,2310.775634765625,1258218,0.0,0.0,ASIANPAINT
2024-12-18,2311.560451235801,2327.1551494176,2296.0636898466246,2300.42822265625,855682,0.0,0.0,ASIANPAINT
2024-12-19,2280.3710029744066,2280.3710029744066,2221.866096464754,2247.857421875,2784409,0.0,0.0,ASIANPAINT
2024-12-20,2252.9082428785946,2273.505140179618,2232.3113455775715,2238.53955078125,1719502,0.0,0.0,ASIANPAINT
2024-12-23,2255.8507361549114,2258.3518359488926,2222.5524655707823,2235.449951171875,855647,0.0,0.0,ASIANPAINT
2024-12-24,2238.2942818784254,2250.946565484416,2233.4391075267267,2240.15771484375,601558,0.0,0.0,ASIANPAINT
2024-12-26,2240.1578889777365,2243.541617232668,2213.1857602794494,2218.972412109375,1267334,0.0,0.0,ASIANPAINT
2024-12-27,2226.6717309940805,2246.8273142100848,2216.6675715702577,2227.799560546875,821790,0.0,0.0,ASIANPAINT
2024-12-30,2236.47997820152,2254.6739537738313,2213.480155249782,2244.326416015625,1076940,0.0,0.0,ASIANPAINT
2024-12-31,2236.234655799564,2253.545762506832,2229.3690230843895,2237.558837890625,685486,0.0,0.0,ASIANPAINT
2025-01-01,2236.2346377260815,2278.605351392144,2236.2346377260815,2260.411376953125,1067328,0.0,0.0,ASIANPAINT
2025-01-02,2269.582212747053,2302.880486430423,2249.9661175634137,2298.270751953125,1342922,0.0,0.0,ASIANPAINT
2025-01-03,2299.0061211003162,2303.8610562723675,2277.5754435156923,2291.110595703125,1355319,0.0,0.0,ASIANPAINT
2025-01-06,2291.11050941616,2295.0828160270576,2213.3817431041325,2223.631103515625,1190987,0.0,0.0,ASIANPAINT
2025-01-07,2228.3881024312896,2271.543505823445,2228.3881024312896,2248.5927734375,740798,0.0,0.0,ASIANPAINT
2025-01-08,2243.1493945831817,2293.121345211807,2229.0747516227793,2289.54150390625,1439632,0.0,0.0,ASIANPAINT
2025-01-09,2296.9464313017265,2316.072122953004,2276.7419981529406,2305.087158203125,1362304,0.0,0.0,ASIANPAINT
2025-01-10,2290.767437419308,2303.8119477071496,2271.5435704883926,2276.202392578125,1214334,0.0,0.0,ASIANPAINT
2025-01-13,2247.759228497601,2257.7143006745455,2203.279638437558,2209.40966796875,1181928,0.0,0.0,ASIANPAINT
2025-01-14,2225.445792649132,2242.462849427957,2194.0600432596334,2196.953369140625,1316807,0.0,0.0,ASIANPAINT
2025-01-15,2205.829724693855,2210.488546922533,2177.386388981929,2186.900146484375,1308999,0.0,0.0,ASIANPAINT
2025-01-16,2196.0217797097066,2196.8555595078333,2165.420720174505,2173.071044921875,1936087,0.0,0.0,ASIANPAINT
2025-01-17,2182.9278242686637,2225.4948907413877,2170.030338602855,2217.599365234375,878848,0.0,0.0,ASIANPAINT
2025-01-20,2228.6334431540586,2243.002135992532,2207.791343619666,2236.774169921875,555716,0.0,0.0,ASIANPAINT
2025-01-21,2236.774120348776,2270.562793071887,2211.7145133378426,2216.9619140625,1410294,0.0,0.0,ASIANPAINT
2025-01-22,2226.426728351718,2226.426728351718,2201.8084339437387,2218.678466796875,835523,0.0,0.0,ASIANPAINT
2025-01-23,2218.678318741337,2257.6162158801017,2203.0833809637184,2232.65478515625,1142465,0.0,0.0,ASIANPAINT
2025-01-24,2239.177084297799,2252.467035601808,2211.7636413843934,2218.972412109375,543202,0.0,0.0,ASIANPAINT
2025-01-27,2212.0088439582323,2234.027861145955,2203.0834255834275,2208.28173828125,1097939,0.0,0.0,ASIANPAINT
2025-01-28,2216.6186643968203,2223.5333855549316,2191.215917962656,2198.76806640625,897501,0.0,0.0,ASIANPAINT
2025-01-29,2198.7679810454188,2203.6720044488325,2169.5890417951073,2180.475830078125,1281088,0.0,0.0,ASIANPAINT
2025-01-30,2180.47565563555,2215.882797557259,2172.482193909186,2206.663330078125,1155718,0.0,0.0,ASIANPAINT
2025-01-31,2211.714355687034,2260.7545853031547,2191.9512389334363,2256.63525390625,1292909,0.0,0.0,ASIANPAINT
2025-02-01,2267.6203918669285,2343.142351284642,2241.4329551285223,2306.018798828125,1318619,0.0,0.0,ASIANPAINT
2025-02-03,2306.01881117763,2319.0635612195833,2233.978755835528,2248.24951171875,1070382,0.0,0.0,ASIANPAINT
2025-02-04,2260.4115281362806,2372.174418827752,2220.29671040911,2309.15771484375,5373733,0.0,0.0,ASIANPAINT
2025-02-05,2225.445914083573,2251.4863273419555,2194.305364161954,2231.52685546875,3474642,0.0,0.0,ASIANPAINT
2025-02-06,2243.296570015997,2254.771937667948,2216.8639299685055,2219.953369140625,1285954,0.0,0.0,ASIANPAINT
2025-02-07,2222.503447209723,2232.6057834969856,2200.141052188956,2227.407470703125,1336756,0.0,0.0,ASIANPAINT
2025-02-10,2227.456598385804,2234.273143271832,2210.7338300854735,2226.57373046875,1181565,0.0,0.0,ASIANPAINT
2025-02-11,2235.2537830164815,2239.0788253452492,2183.271136899819,2197.836181640625,1607942,0.0,0.0,ASIANPAINT
2025-02-12,2198.8170667681698,2204.7998316412377,2143.744740335438,2185.47802734375,1181706,0.0,0.0,ASIANPAINT
2025-02-13,2185.4782166380246,2206.7616321381893,2177.3865773303783,2193.4716796875,921923,0.0,0.0,ASIANPAINT
2025-02-14,2193.4716872063455,2207.3502183450614,2160.712903739357,2188.4697265625,1380052,0.0,0.0,ASIANPAINT
2025-02-17,2188.469507921254,2216.6185540575925,2183.320283404085,2207.644287109375,923900,0.0,0.0,ASIANPAINT
2025-02-18,2204.8489546884357,2208.723085343409,2176.1604173554124,2194.648681640625,735853,0.0,0.0,ASIANPAINT
2025-02-19,2194.6486660146306,2206.614435319362,2183.3694121007593,2196.119873046875,645234,0.0,0.0,ASIANPAINT
2025-02-20,2196.119947164277,2213.774432147032,2188.2244212672454,2205.87890625,637442,0.0,0.0,ASIANPAINT
2025-02-21,2205.8787208845265,2222.3071985851752,2194.0599770955964,2214.2646484375,755585,0.0,0.0,ASIANPAINT
2025-02-24,2202.7892067893094,2215.6378442975797,2197.9833594824595,2203.08349609375,765042,0.0,0.0,ASIANPAINT
2025-02-25,2203.083378069052,2213.774292529145,2175.130445275953,2182.045166015625,947702,0.0,0.0,ASIANPAINT
2025-02-27,2171.501580547716,2185.6250722817654,2155.8087055302076,2171.158203125,1027196,0.0,0.0,ASIANPAINT
2025-02-28,2167.578276205342,2168.902458264366,2134.0348050707535,2137.908935546875,1701193,0.0,0.0,ASIANPAINT
2025-03-03,2137.909023945707,2151.2480635171437,2088.1331859068287,2124.815185546875,959068,0.0,0.0,ASIANPAINT
2025-03-04,2112.702197069112,2118.390911641438,2083.964574390805,2091.173583984375,2180989,0.0,0.0,ASIANPAINT
2025-03-05,2091.075382560136,2140.9003035438814,2083.9645492939253,2122.608154296875,1535212,0.0,0.0,ASIANPAINT
2025-03-06,2147.81539181609,2231.3308210508503,2141.1949597096755,2224.1708984375,1985096,0.0,0.0,ASIANPAINT
2025-03-07,2224.170859021657,2234.224107597683,2204.849053551762,2226.4267578125,921429,0.0,0.0,ASIANPAINT
2025-03-10,2226.426799709337,2248.985309133705,2218.433336716765,2234.86181640625,1072395,0.0,0.0,ASIANPAINT
2025-03-11,2230.3497452821425,2246.92524787127,2214.558694839471,2243.492431640625,601228,0.0,0.0,ASIANPAINT
2025-03-12,2243.4925997474033,2251.8785279157673,2203.8681852119953,2208.085693359375,749216,0.0,0.0,ASIANPAINT
2025-03-13,2211.959952863452,2213.8724742700488,2179.8385967138997,2188.4697265625,747470,0.0,0.0,ASIANPAINT
2025-03-17,2162.6743124205764,2196.2668726021657,2153.8961584537587,2176.945068359375,838015,0.0,0.0,ASIANPAINT
2025-03-18,2176.945068359375,2176.945068359375,2176.945068359375,2176.945068359375,0,0.0,0.0,ASIANPAINT
2025-03-19,2230.3497992399066,2244.031976370776,2224.3179463561214,2236.921142578125,663292,0.0,0.0,ASIANPAINT
2025-03-20,2246.0426876775055,2262.7163670183427,2225.2005885014587,2243.29638671875,1166849,0.0,0.0,ASIANPAINT
2025-03-21,2247.6608792387738,2270.072361261491,2234.1259666391193,2256.242919921875,1624115,0.0,0.0,ASIANPAINT
2025-03-24,2258.204674804942,2285.520181836148,2257.910624954544,2277.9189453125,1100353,0.0,0.0,ASIANPAINT
2025-03-25,2280.3708711612076,2299.4965623386884,2263.697191673147,2286.010498046875,1828005,0.0,0.0,ASIANPAINT
2025-03-26,2295.082805937436,2296.014522433612,2259.773839692245,2278.55615234375,1934287,0.0,0.0,ASIANPAINT
2025-03-27,2270.562798884561,2304.9891383988142,2246.53308459831,2293.219482421875,1497861,0.0,0.0,ASIANPAINT
2025-03-28,2298.956917947923,2318.6220982712343,2280.3707184774194,2295.72021484375,1281871,0.0,0.0,ASIANPAINT
2025-04-01,2297.04437666977,2316.366179428107,2261.490209866064,2271.54345703125,970583,0.0,0.0,ASIANPAINT
2025-04-02,2283.3130764292014,2283.7053024819415,2248.1511362359975,2262.372802734375,792693,0.0,0.0,ASIANPAINT
2025-04-03,2250.946809784164,2309.6969161401757,2245.846673182262,2304.302490234375,608846,0.0,0.0,ASIANPAINT
2025-04-04,2304.3026997244897,2318.573457445355,2258.597339749077,2310.8251953125,1163188,0.0,0.0,ASIANPAINT
2025-04-07,2147.9623364340778,2308.8143104866754,2147.9623364340778,2296.4072265625,1745817,0.0,0.0,ASIANPAINT
2025-04-08,2310.77598236216,2373.5474861275156,2310.77598236216,2348.24267578125,1876867,0.0,0.0,ASIANPAINT
2025-04-09,2353.931067722282,2382.8157156416073,2345.0056499754683,2364.866943359375,1186937,0.0,0.0,ASIANPAINT
2025-04-11,2392.6728893658283,2401.0097287015974,2334.5602151723765,2347.654052734375,968152,0.0,0.0,ASIANPAINT
2025-04-15,2368.5451423440904,2378.451365462363,2339.2191779908185,2369.329833984375,1141122,0.0,0.0,ASIANPAINT
2025-04-16,2358.9334902486225,2421.1164127236184,2357.560219989948,2412.681396484375,1166695,0.0,0.0,ASIANPAINT
2025-04-17,2412.68115105389,2428.8644270296563,2384.335993762884,2420.527587890625,885840,0.0,0.0,ASIANPAINT
2025-04-21,2418.566104331728,2423.4701276094634,2394.144164190312,2398.0673828125,541913,0.0,0.0,ASIANPAINT
2025-04-22,2398.067354904978,2402.971378125643,2367.172008614791,2385.31689453125,543647,0.0,0.0,ASIANPAINT
2025-04-23,2390.2209123739117,2409.4447791373664,2379.0398352376574,2406.011962890625,744684,0.0,0.0,ASIANPAINT
2025-04-24,2402.9714790163284,2443.1844711141525,2389.1420371717104,2417.094970703125,1203452,0.0,0.0,ASIANPAINT
2025-04-25,2416.9970704918337,2421.3125153908227,2367.3682568820964,2384.9248046875,702217,0.0,0.0,ASIANPAINT
2025-04-28,2373.4491118364936,2412.5833616225136,2358.835218117182,2405.129150390625,554920,0.0,0.0,ASIANPAINT
2025-04-29,2412.7796033071086,2424.549259908607,2394.7328922998554,2404.050537109375,1235066,0.0,0.0,ASIANPAINT
2025-04-30,2402.9712952336267,2414.9370635884297,2355.4022716341037,2379.1376953125,1479669,0.0,0.0,ASIANPAINT
2025-05-02,2378.451327881872,2397.969245058867,2351.969601757002,2363.7392578125,744673,0.0,0.0,ASIANPAINT
2025-05-05,2376.588132620112,2427.491804372511,2376.588132620112,2390.123046875,1229588,0.0,0.0,ASIANPAINT
2025-05-06,2395.125005452272,2402.8732665678112,2345.202143503626,2371.585693359375,702802,0.0,0.0,ASIANPAINT
2025-05-07,2342.1616652061393,2359.521860813671,2273.9957373452403,2289.29638671875,1711738,0.0,0.0,ASIANPAINT
2025-05-08,2277.4286394986984,2304.008544122107,2249.4757040009754,2258.401123046875,2292261,0.0,0.0,ASIANPAINT
2025-05-09,2203.4758490175027,2287.040358313372,2201.9064657768918,2255.45849609375,1503010,0.0,0.0,ASIANPAINT
2025-05-12,2285.2748219143054,2332.8438471773284,2276.4475801129197,2311.16796875,940135,0.0,0.0,ASIANPAINT
2025-05-13,2308.8143229020616,2312.73754180249,2270.661114877108,2279.978759765625,1220489,0.0,0.0,ASIANPAINT
2025-05-14,2274.4859609248783,2274.4859609248783,2233.3903422767617,2238.490478515625,1549845,0.0,0.0,ASIANPAINT
2025-05-15,2241.1387228905814,2290.6693598735023,2224.4650431141526,2285.1767578125,1675015,0.0,0.0,ASIANPAINT
2025-05-16,2289.0998322084342,2309.7949057015176,2270.562720466672,2308.421875,785113,0.0,0.0,ASIANPAINT
2025-05-19,2308.4222512773326,2333.236420919726,2281.9405219272385,2286.648193359375,552961,0.0,0.0,ASIANPAINT
2025-05-20,2302.438819676483,2302.634932707437,2247.415585328712,2251.53515625,1095824,0.0,0.0,ASIANPAINT
2025-05-21,2251.92759399425,2271.739801067979,2246.042765786948,2268.0126953125,469330,0.0,0.0,ASIANPAINT
2025-05-22,2264.8739640972276,2265.658655678356,2239.2751073744516,2255.06591796875,916504,0.0,0.0,ASIANPAINT
2025-05-23,2257.6162465132484,2284.294085755304,2250.946726839168,2271.05322265625,458035,0.0,0.0,ASIANPAINT
2025-05-26,2271.5436001154403,2293.1213027072104,2258.5970264512307,2282.528564453125,1258062,0.0,0.0,ASIANPAINT
2025-05-27,2268.69947425945,2306.4604556573113,2256.929817719857,2282.921142578125,2485428,0.0,0.0,ASIANPAINT
2025-05-28,2282.921282051625,2288.2175320363026,2256.1452638973333,2258.989501953125,774808,0.0,0.0,ASIANPAINT
2025-05-29,2258.989319887841,2264.678034995227,2242.609929413853,2250.26025390625,1414643,0.0,0.0,ASIANPAINT
2025-05-30,2252.4180854797987,2259.774121030027,2211.7146887685376,2215.736083984375,3610431,0.0,0.0,ASIANPAINT
2025-06-02,2215.7359694399283,2228.6825434481884,2214.55881224932,2223.18994140625,702789,0.0,0.0,ASIANPAINT
2025-06-03,2228.9766202482006,2243.3943999159437,2203.5736375438464,2212.40087890625,792587,0.0,0.0,ASIANPAINT
2025-06-04,2206.3202363485334,2217.599490724176,2197.8852199032976,2205.829833984375,768079,0.0,0.0,ASIANPAINT
2025-06-05,2207.889514094768,2217.5993846589804,2190.136853579612,2200.435302734375,996614,0.0,0.0,ASIANPAINT
2025-06-06,2205.92782084708,2209.360637101461,2196.0215981598762,2202.1025390625,822087,0.0,0.0,ASIANPAINT
2025-06-09,2197.002471273643,2212.499233024373,2193.0792525749403,2204.750732421875,1041851,0.0,0.0,ASIANPAINT
2025-06-10,2217.272486211869,2217.272486211869,2192.724063924676,2196.386474609375,1809051,20.55,0.0,ASIANPAINT
2025-06-11,2186.5870825870197,2203.3155154352885,2184.805297383034,2186.38916015625,1430888,0.0,0.0,ASIANPAINT
2025-06-12,2201.4350162837427,2240.0393173786465,2185.69643634893,2196.881591796875,3417373,0.0,0.0,ASIANPAINT
2025-06-13,2152.932151905266,2194.605096200665,2152.7342294653854,2191.734375,1786807,0.0,0.0,ASIANPAINT
2025-06-16,2191.7340611070726,2227.170872658067,2186.8838745386865,2222.023681640625,1301826,0.0,0.0,ASIANPAINT
2025-06-17,2208.3639365023105,2257.85662893849,2204.4045211074163,2241.821044921875,1540986,0.0,0.0,ASIANPAINT
2025-06-18,2234.1001045094,2260.826158041413,2232.120396840362,2258.25244140625,1131156,0.0,0.0,ASIANPAINT
2025-06-19,2246.9679887290563,2261.8157948219796,2241.028866291887,2244.98828125,524926,0.0,0.0,ASIANPAINT
2025-06-20,2243.9985712801026,2266.666126702171,2240.0391560683156,2262.5087890625,1945026,0.0,0.0,ASIANPAINT
2025-06-23,2238.257208868643,2249.7396088170535,2231.0312282974974,2241.1279296875,596186,0.0,0.0,ASIANPAINT
2025-06-24,2281.612964421652,2286.2652288580507,2245.8791462744125,2252.21435546875,1044179,0.0,0.0,ASIANPAINT
2025-06-25,2253.006327022203,2271.021617818927,2252.313236032559,2256.767578125,807368,0.0,0.0,ASIANPAINT
2025-06-26,2263.7954998714686,2269.3387774722814,2257.0644461171983,2266.567138671875,921519,0.0,0.0,ASIANPAINT
2025-06-27,2259.836183469298,2340.5092666724286,2253.9961428230686,2334.76806640625,1555059,0.0,0.0,ASIANPAINT
2025-06-30,2338.0347724395892,2345.854521118067,2302.49911621314,2317.346923828125,785414,0.0,0.0,ASIANPAINT
2025-07-01,2356.3471327824136,2375.6492832084828,2326.3545122491983,2345.458740234375,1232160,0.0,0.0,ASIANPAINT
2025-07-02,2316.2577601988805,2405.344597129607,2303.389661531109,2394.85205078125,1936030,0.0,0.0,ASIANPAINT
2025-07-03,2404.255888029121,2439.3956992426974,2400.395554730226,2406.235595703125,1547480,0.0,0.0,ASIANPAINT
2025-07-04,2406.2354877025405,2418.2128152580945,2387.527347688303,2399.603515625,602309,0.0,0.0,ASIANPAINT
2025-07-07,2398.7127436249625,2440.088680482908,2396.4360315695767,2418.014892578125,869054,0.0,0.0,ASIANPAINT
2025-07-08,2415.7382195225628,2462.7562754239448,2412.570735668228,2459.390869140625,1136367,0.0,0.0,ASIANPAINT
2025-07-09,2494.926593821461,2509.2794744445164,2467.6065312804385,2473.545654296875,2328636,0.0,0.0,ASIANPAINT
2025-07-10,2481.8604847719294,2486.512749306158,2420.2916266528655,2426.32958984375,932859,0.0,0.0,ASIANPAINT
2025-07-11,2422.6672511448596,2459.5888473703967,2410.7890051739755,2414.451416015625,1050411,0.0,0.0,ASIANPAINT
2025-07-14,2406.4338435041236,2423.7562862541863,2366.740606594277,2377.233154296875,891618,0.0,0.0,ASIANPAINT
2025-07-15,2385.448593665743,2390.4969447486355,2362.088188810415,2369.215087890625,610228,0.0,0.0,ASIANPAINT
2025-07-16,2356.842035799594,2397.8218888536676,2346.9434972200074,2386.042724609375,1200909,0.0,0.0,ASIANPAINT
2025-07-17,2379.707736082246,2389.507192526197,2369.7101155375785,2374.560302734375,526163,0.0,0.0,ASIANPAINT
2025-07-18,2376.2430711148772,2380.5983310634733,2348.230160923921,2358.2275390625,599552,0.0,0.0,ASIANPAINT
2025-07-21,2358.22756047867,2383.567914037501,2336.8468637229585,2351.298583984375,390931,0.0,0.0,ASIANPAINT
2025-07-22,2351.298608817401,2356.643964310425,2337.341815301031,2341.2021484375,411317,0.0,0.0,ASIANPAINT
2025-07-23,2339.0244937170323,2360.5042725166427,2328.7301110194885,2351.298583984375,368999,0.0,0.0,ASIANPAINT
2025-07-24,2351.298753078445,2355.8521774818505,2317.2478770945427,2328.2353515625,506960,0.0,0.0,ASIANPAINT
2025-07-25,2316.25783056356,2326.651295187884,2302.2019553090836,2312.496337890625,383636,0.0,0.0,ASIANPAINT
2025-07-28,2312.496455208657,2342.3899923596205,2296.46087159317,2335.6591796875,650364,0.0,0.0,ASIANPAINT
2025-07-29,2335.065004538179,2393.7633804542284,2301.409976918723,2377.1337890625,1742815,0.0,0.0,ASIANPAINT
2025-07-30,2384.5577642993003,2419.004724295606,2342.4889785032356,2391.288818359375,1685818,0.0,0.0,ASIANPAINT
2025-07-31,2377.0348502382585,2392.674588818769,2349.418025516724,2371.788818359375,1274735,0.0,0.0,ASIANPAINT
2025-08-01,2353.872223766583,2446.9184765142945,2353.872223766583,2406.33447265625,2225293,0.0,0.0,ASIANPAINT
2025-08-04,2418.4107160183803,2441.969284403293,2414.8473873951507,2424.94384765625,1165898,0.0,0.0,ASIANPAINT
2025-08-05,2436.920867898437,2438.70265299389,2384.65678285524,2412.07568359375,659094,0.0,0.0,ASIANPAINT
2025-08-06,2415.243360050098,2480.1778683627604,2415.243360050098,2465.923828125,2019109,0.0,0.0,ASIANPAINT
2025-08-07,2458.8959745801,2484.5330918907716,2441.8702955199838,2481.068603515625,1502806,0.0,0.0,ASIANPAINT
2025-08-08,2481.0685636610756,2486.215755117334,2443.454119049418,2450.482177734375,1178226,0.0,0.0,ASIANPAINT
2025-08-11,2438.9007055038905,2478.791862374858,2427.121541831701,2463.84521484375,721135,0.0,0.0,ASIANPAINT
2025-08-12,2463.8452548090927,2477.406203891745,2448.898365372008,2453.15478515625,608984,0.0,0.0,ASIANPAINT
2025-08-13,2454.639355735753,2478.9896127709208,2436.2279794842134,2474.832275390625,350844,0.0,0.0,ASIANPAINT
2025-08-14,2479.583726564812,2509.1802580128915,2472.357745615771,2503.043212890625,1088550,0.0,0.0,ASIANPAINT
2025-08-18,2524.127268472607,2568.6706908574174,2510.863323805654,2561.147705078125,1755615,0.0,0.0,ASIANPAINT
2025-08-19,2561.1475900561763,2568.670575497609,2535.2134691873252,2553.228759765625,698587,0.0,0.0,ASIANPAINT
2025-08-20,2551.8429412384953,2553.1297994329543,2537.3909799718176,2544.023193359375,308028,0.0,0.0,ASIANPAINT
2025-08-21,2548.7744310291314,2549.863366865174,2533.3328568800803,2540.558837890625,781082,0.0,0.0,ASIANPAINT
2025-08-22,2536.797392644195,2543.231442409305,2475.7234608988533,2479.0888671875,523774,0.0,0.0,ASIANPAINT
2025-08-25,2490.4721647945858,2496.9062145049056,2450.878012731079,2467.6064453125,766497,0.0,0.0,ASIANPAINT
2025-08-26,2455.9263817194274,2497.6981641187676,2442.9592001585233,2456.22314453125,7106393,0.0,0.0,ASIANPAINT
2025-08-28,2439.989602689333,2502.350391723584,2439.989602689333,2463.74609375,1485769,0.0,0.0,ASIANPAINT
2025-08-29,2465.725836660952,2505.913997946369,2464.7359828525773,2493.0458984375,1798653,0.0,0.0,ASIANPAINT
2025-09-01,2492.451991866285,2551.6453003711945,2489.581512369503,2544.122314453125,1314833,0.0,0.0,ASIANPAINT
2025-09-02,2542.9342742679623,2545.804753466854,2505.3198319082185,2514.228515625,1024054,0.0,0.0,ASIANPAINT
2025-09-03,2504.330139433277,2539.074104831537,2501.6575824788406,2527.987548828125,925847,0.0,0.0,ASIANPAINT
2025-09-04,2527.9875299885935,2556.792372311873,2527.0967582315957,2542.53857421875,933071,0.0,0.0,ASIANPAINT
2025-09-05,2538.9751511033596,2575.5997439262933,2538.9751511033596,2553.723876953125,1153436,0.0,0.0,ASIANPAINT
2025-09-08,2553.7237473782398,2563.3255226646506,2500.7665685510233,2505.1220703125,742880,0.0,0.0,ASIANPAINT
2025-09-09,2514.2287093319874,2525.711110339231,2499.1829795616045,2511.55615234375,702450,0.0,0.0,ASIANPAINT
2025-09-10,2511.5559946250305,2529.0763578516126,2499.4798270807123,2517.4951171875,520584,0.0,0.0,ASIANPAINT
2025-09-11,2515.21855988452,2533.5308555782876,2509.9722862990047,2529.96728515625,423961,0.0,0.0,ASIANPAINT
2025-09-12,2534.0257928242045,2542.241627907083,2511.4570772741577,2520.46484375,547539,0.0,0.0,ASIANPAINT
2025-09-15,2509.378500912947,2517.693176286382,2472.654827742631,2477.208251953125,583051,0.0,0.0,ASIANPAINT
2025-09-16,2469.6850616320035,2484.433785575144,2449.3930601236043,2455.72802734375,760790,0.0,0.0,ASIANPAINT
2025-09-17,2456.816916665378,2471.5656403296753,2455.629140541995,2468.29931640625,359627,0.0,0.0,ASIANPAINT
2025-09-18,2472.555681514996,2480.7715162918726,2444.246008163312,2453.550537109375,400796,0.0,0.0,ASIANPAINT
2025-09-19,2449.8880476944364,2484.038002298662,2443.4539982762494,2456.52001953125,3731525,0.0,0.0,ASIANPAINT
2025-09-22,2468.794488216161,2477.6040904741294,2448.9974119838466,2457.510009765625,872806,0.0,0.0,ASIANPAINT
2025-09-23,2447.017505402264,2458.598745723832,2403.364859193842,2422.072998046875,1332111,0.0,0.0,ASIANPAINT
2025-09-24,2421.182484191517,2449.8882454513505,2418.4108451164807,2432.268798828125,637749,0.0,0.0,ASIANPAINT
2025-09-25,2433.5554274370193,2437.7127648253804,2363.770738547733,2379.6083984375,1518215,0.0,0.0,ASIANPAINT
2025-09-26,2373.174495777403,2375.64913028812,2315.26804822663,2319.029541015625,1089446,0.0,0.0,ASIANPAINT
2025-09-29,2319.1283057695373,2339.7173125599843,2305.5673574257466,2318.83154296875,950369,0.0,0.0,ASIANPAINT
2025-09-30,2328.136201795213,2364.562870972334,2316.257955867686,2326.156494140625,778874,0.0,0.0,ASIANPAINT
2025-10-01,2329.52186805722,2333.0854384512804,2297.648623594792,2312.1005859375,648279,0.0,0.0,ASIANPAINT
2025-10-03,2318.435382251186,2338.727383927802,2312.397419433324,2333.877197265625,659872,0.0,0.0,ASIANPAINT
2025-10-06,2331.1056372658036,2335.2629747830006,2310.4177900590857,2330.90771484375,362107,0.0,0.0,ASIANPAINT
2025-10-07,2331.1056084583392,2347.339113482409,2322.1969246043586,2328.927978515625,498524,0.0,0.0,ASIANPAINT
2025-10-08,2336.0549055856777,2345.3594343916707,2296.4607546435473,2304.87451171875,701799,0.0,0.0,ASIANPAINT
2025-10-09,2304.8745875346162,2317.2477601110313,2300.2223229785895,2312.6943359375,587567,0.0,0.0,ASIANPAINT
2025-10-10,2315.168952276326,2333.8773340631014,2312.8924818709593,2316.455810546875,1117236,0.0,0.0,ASIANPAINT
2025-10-13,2316.4559538059325,2342.588240696399,2313.2884697880536,2318.732666015625,667732,0.0,0.0,ASIANPAINT
2025-10-14,2318.6335776566284,2331.105832918551,2284.5827016458666,2294.580322265625,353345,0.0,0.0,ASIANPAINT
2025-10-15,2306.359448255162,2359.8115556396165,2301.4101790528975,2351.001953125,753640,0.0,0.0,ASIANPAINT
2025-10-16,2352.88256042397,2396.238206630707,2342.8849400478784,2385.250732421875,715890,0.0,0.0,ASIANPAINT
2025-10-17,2396.4361084736693,2518.1881288546115,2396.4361084736693,2482.35546875,3719960,0.0,0.0,ASIANPAINT
2025-10-20,2482.3551717731507,2511.357933686202,2475.32711379647,2490.471923828125,714986,0.0,0.0,ASIANPAINT
2025-10-21,2487.5024187915164,2493.639463573223,2458.796660675737,2479.187744140625,107942,0.0,0.0,ASIANPAINT
2025-10-23,2493.342597184148,2520.1677313672517,2471.466973579269,2477.010009765625,811738,0.0,0.0,ASIANPAINT
2025-10-24,2469.6851302398836,2481.2663708946784,2461.073450863935,2476.21826171875,327596,0.0,0.0,ASIANPAINT
2025-10-27,2476.2184587966717,2504.3302111417024,2474.23875111988,2493.243896484375,550089,0.0,0.0,ASIANPAINT
2025-10-28,2489.4822059889902,2502.944313788174,2466.715569512749,2483.840087890625,1103957,0.0,0.0,ASIANPAINT
2025-10-29,2494.4316760614374,2524.9192226571176,2487.0077722636356,2512.94189453125,615292,0.0,0.0,ASIANPAINT
2025-10-30,2509.774486670996,2512.941970721386,2487.7997790959557,2497.896240234375,736486,0.0,0.0,ASIANPAINT
2025-10-31,2497.796963962423,2504.330095659989,2479.8807553117445,2485.324951171875,609128,0.0,0.0,ASIANPAINT
2025-11-03,2470.873032398037,2489.7793368360453,2469.6852561586425,2486.710693359375,425210,0.0,0.0,ASIANPAINT
2025-11-04,2484.5328786749587,2495.421269776721,2454.5402621255826,2461.46923828125,527087,0.0,0.0,ASIANPAINT
2025-11-06,2534.124927247066,2604.305468247461,2534.124927247066,2576.490478515625,4448622,0.0,0.0,ASIANPAINT
2025-11-07,2576.490234261984,2592.327894293041,2558.7719487676445,2587.27978515625,791663,0.0,0.0,ASIANPAINT
2025-11-10,2587.2800390438674,2639.7422930448206,2584.6074819840737,2623.508544921875,1706880,0.0,0.0,ASIANPAINT
2025-11-11,2623.5084476961592,2637.8613279758315,2606.6809328855093,2630.239501953125,776404,0.0,0.0,ASIANPAINT
2025-11-12,2633.0112636282392,2809.8980998107063,2615.292976226382,2741.697265625,2859196,0.0,0.0,ASIANPAINT
2025-11-13,2829.892812411752,2867.705419302586,2811.18467304877,2850.184814453125,5933630,0.0,0.0,ASIANPAINT
2025-11-14,2836.0303621406333,2880.375621287305,2832.9617185403913,2876.9111328125,2494076,0.0,0.0,ASIANPAINT
2025-11-17,2876.9109277310713,2897.2029302084065,2850.7788846207886,2858.5986328125,1230683,0.0,0.0,ASIANPAINT
2025-11-18,2861.1764220981377,2890.918380747806,2837.48209185684,2881.00439453125,1819066,4.5,0.0,ASIANPAINT
2025-11-19,2888.935498428825,2890.9182956137456,2862.365967742759,2868.81005859375,1387906,0.0,0.0,ASIANPAINT
2025-11-20,2872.4783482680073,2881.10371014527,2827.964645752369,2835.201904296875,1062883,0.0,0.0,ASIANPAINT
2025-11-21,2844.3226954020324,2870.693996016735,2829.550952496629,2851.857421875,857340,0.0,0.0,ASIANPAINT
2025-11-24,2851.2623873259877,2871.5860587238258,2839.8613033711026,2854.434814453125,5404326,0.0,0.0,ASIANPAINT
2025-11-25,2874.9567705789004,2883.4828955546254,2844.322649938532,2851.064208984375,972417,0.0,0.0,ASIANPAINT
2025-11-26,2855.228177192067,2871.288787280634,2833.020943741294,2849.27978515625,570376,0.0,0.0,ASIANPAINT
2025-11-27,2855.2280994648086,2889.4313527396475,2846.701974295966,2854.3359375,1158685,0.0,0.0,ASIANPAINT
2025-11-28,2855.227954340334,2865.0427036171095,2831.236156743247,2849.676025390625,748446,0.0,0.0,ASIANPAINT
2025-12-01,2852.947795413725,2862.663550417217,2823.5033044461416,2842.934814453125,499153,0.0,0.0,ASIANPAINT
2025-12-02,2842.339893028985,2936.522763568836,2836.589732524731,2928.988037109375,2102147,0.0,0.0,ASIANPAINT
2025-12-03,2943.462626521632,2943.66085784583,2907.3758120528328,2928.095947265625,1252456,0.0,0.0,ASIANPAINT
2025-12-04,2924.6258944441,2960.0187763517797,2908.763516711522,2931.763916015625,1466098,0.0,0.0,ASIANPAINT
2025-12-05,2929.5829155349925,2947.923789963892,2915.703334886096,2942.966796875,944978,0.0,0.0,ASIANPAINT
2025-12-08,2944.453821755753,2948.91511542508,2889.728667820144,2903.112548828125,983544,0.0,0.0,ASIANPAINT
2025-12-09,2884.9701320664567,2888.4400274143027,2764.515193562651,2771.95068359375,1839391,0.0,0.0,ASIANPAINT
2025-12-10,2785.830133839031,2799.709714577019,2772.644483729807,2780.37744140625,845073,0.0,0.0,ASIANPAINT
2025-12-11,2775.9160719797633,2787.416392522806,2739.4325551970373,2755.4931640625,777422,0.0,0.0,ASIANPAINT
2025-12-12,2770.9592338675175,2772.9420311726108,2722.3806998927384,2741.01904296875,977696,0.0,0.0,ASIANPAINT
2025-12-15,2749.2475920214038,2777.8989151364117,2734.9713067620355,2756.286376953125,1029674,0.0,0.0,ASIANPAINT
2025-12-16,2768.9763210091114,2783.847300176722,2752.2217812965405,2766.894287109375,916244,0.0,0.0,ASIANPAINT
2025-12-17,2775.916061967917,2782.360152826057,2748.156901348238,2761.739013671875,636499,0.0,0.0,ASIANPAINT
2025-12-18,2756.088086314156,2769.7694352946414,2731.6005894949667,2735.962646484375,417994,0.0,0.0,ASIANPAINT
2025-12-19,2742.6050408185665,2788.2093772598632,2735.9627184841656,2775.81689453125,3895542,0.0,0.0,ASIANPAINT
2025-12-22,2761.8383889023835,2798.817606705464,2756.3856963642547,2783.450927734375,463953,0.0,0.0,ASIANPAINT
2025-12-23,2773.9334147715076,2794.752786362001,2759.1616717450024,2783.649169921875,431068,0.0,0.0,ASIANPAINT
2025-12-24,2783.6490084418188,2800.403547790722,2758.070876420582,2761.540771484375,512144,0.0,0.0,ASIANPAINT
2025-12-26,2761.045313886708,2770.3643646289715,2719.406569476208,2722.87646484375,532078,0.0,0.0,ASIANPAINT
2025-12-29,2722.8762650599865,2769.769467423096,2711.475181117445,2751.527587890625,815529,0.0,0.0,ASIANPAINT
2025-12-30,2746.4717350000174,2768.3814999924343,2717.423706078166,2734.574951171875,4833527,0.0,0.0,ASIANPAINT
2025-12-31,2731.3031868660014,2772.74369741969,2731.2039501881377,2745.678466796875,1274705,0.0,0.0,ASIANPAINT
2026-01-01,2752.0234326268005,2758.764991896357,2722.479946307838,2728.3291015625,327945,0.0,0.0,ASIANPAINT
2026-01-02,2732.0964076433634,2774.92478028137,2732.0964076433634,2748.751953125,508884,0.0,0.0,ASIANPAINT
2026-01-05,2746.174205723587,2803.6753262766442,2745.182807093362,2791.382080078125,866733,0.0,0.0,ASIANPAINT
2026-01-06,2795.7441325994646,2823.899756834903,2787.4164809356535,2821.322265625,875891,0.0,0.0,ASIANPAINT
2026-01-07,2821.322161393437,2830.145512045567,2777.0066927411867,2785.235107421875,636748,0.0,0.0,ASIANPAINT
2026-01-08,2770.9591147468823,2780.575632855042,2746.2733861759625,2762.5322265625,620031,0.0,0.0,ASIANPAINT
2026-01-09,2765.902889951143,2832.1283656204937,2762.234763496008,2801.19677734375,1657381,0.0,0.0,ASIANPAINT
2026-01-12,2801.6924515836354,2875.0559481926903,2783.847276732784,2871.48681640625,1743901,0.0,0.0,ASIANPAINT
2026-01-13,2875.0559895993033,2889.4312695473,2846.1071983880256,2861.473876953125,1051986,0.0,0.0,ASIANPAINT
2026-01-14,2859.193674606754,2859.193674606754,2783.153447410751,2789.696533203125,958254,0.0,0.0,ASIANPAINT
2026-01-15,2789.696533203125,2789.696533203125,2789.696533203125,2789.696533203125,0,0.0,0.0,ASIANPAINT
2026-01-16,2763.9201248983854,2802.188208571498,2726.841913205698,2733.186767578125,1143463,0.0,0.0,ASIANPAINT
2026-01-19,2733.186726726262,2762.3339910381023,2701.263739943396,2730.311767578125,1342048,0.0,0.0,ASIANPAINT
2026-01-20,2716.432154439653,2716.531391115573,2646.340322074472,2652.586181640625,911151,0.0,0.0,ASIANPAINT
2026-01-21,2647.0342883114345,2664.879463288815,2625.223518894636,2638.2109375,914318,0.0,0.0,ASIANPAINT
2026-01-22,2642.374853390455,2706.4190605473364,2642.374853390455,2680.543701171875,1290346,0.0,0.0,ASIANPAINT
2026-01-23,2680.5435726133815,2758.9630563425376,2667.6553908637447,2680.4443359375,1786635,0.0,0.0,ASIANPAINT
2026-01-27,2696.5051440901416,2711.177892805429,2524.1010122974158,2600.240478515625,3818761,0.0,0.0,ASIANPAINT
2026-01-28,2513.195467623375,2526.5793488119016,2429.917984672541,2490.195068359375,3430002,0.0,0.0,ASIANPAINT
2026-01-29,2490.1950274985406,2493.2682179040366,2389.270602598885,2395.218994140625,3488159,0.0,0.0,ASIANPAINT
2026-01-30,2396.2104772047783,2423.969638711495,2379.8523998883206,2407.413330078125,2048843,0.0,0.0,ASIANPAINT
2026-02-02,2354.4725989007534,2408.603062968766,2351.597639580948,2381.339599609375,1183482,0.0,0.0,ASIANPAINT
2026-02-03,2503.2815202051024,2503.2815202051024,2370.434104875406,2405.133056640625,2233860,0.0,0.0,ASIANPAINT
2026-02-04,2409.098571916173,2442.6078926414953,2396.3096269309112,2431.603271484375,970973,0.0,0.0,ASIANPAINT
2026-02-05,2423.969609356947,2434.6767627880085,2381.9344049720994,2411.1806640625,1047405,0.0,0.0,ASIANPAINT
2026-02-06,2411.081385424528,2422.9781685762937,2365.576286685293,2380.447265625,1043982,0.0,0.0,ASIANPAINT
2026-02-09,2383.3222888664236,2405.3312898812637,2376.184267191432,2396.60693359375,669839,0.0,0.0,ASIANPAINT
2026-02-10,2398.1933923938204,2399.1847910678152,2366.3693981423053,2373.011962890625,1513620,0.0,0.0,ASIANPAINT
2026-02-11,2378.3652334566027,2385.0075556462834,2355.8605337198996,2371.921142578125,3177710,0.0,0.0,ASIANPAINT
2026-02-12,2377.3738747553025,2393.1370158909117,2356.5545038754603,2389.766357421875,607767,0.0,0.0,ASIANPAINT
2026-02-13,2388.180096666005,2391.055297957956,2339.8000364723516,2346.045654296875,675635,0.0,0.0,ASIANPAINT
2026-02-16,2339.700828939525,2384.413005156297,2336.5284016474056,2376.580810546875,683108,0.0,0.0,ASIANPAINT
2026-02-17,2378.8609048949324,2431.305793229297,2378.8609048949324,2416.434814453125,1004356,0.0,0.0,ASIANPAINT
2026-02-18,2419.0126162907773,2427.14203651116,2395.71474887978,2411.1806640625,551809,0.0,0.0,ASIANPAINT
2026-02-19,2399.184707815805,2407.115896932551,2370.5333839478317,2380.14990234375,971600,0.0,0.0,ASIANPAINT
2026-02-20,2357.7441514901498,2414.7495721840155,2355.6623596109553,2407.215087890625,790329,0.0,0.0,ASIANPAINT
2026-02-23,2403.8442762441377,2425.5560520661024,2390.7578623742984,2408.80126953125,634365,0.0,0.0,ASIANPAINT
2026-02-24,2392.245001597522,2420.4998638211146,2383.0249455164217,2392.34423828125,499660,0.0,0.0,ASIANPAINT
2026-02-25,2395.219015892177,2407.0165624074957,2379.356638303487,2395.615478515625,526764,0.0,0.0,ASIANPAINT
2026-02-26,2395.318382184249,2401.3657687427703,2361.5115913027257,2374.300537109375,588742,0.0,0.0,ASIANPAINT
2026-02-27,2364.4858313259697,2376.977551402081,2338.7094658691667,2355.761474609375,2531619,0.0,0.0,ASIANPAINT
2026-03-02,2280.2168323371657,2317.7907433233195,2263.8587550617035,2287.255859375,2528308,0.0,0.0,ASIANPAINT
2026-03-04,2241.254922068388,2271.1951134569463,2197.236917991508,2265.544189453125,1610358,0.0,0.0,ASIANPAINT
2026-03-05,2265.5440929266383,2293.105023152167,2234.315036191103,2268.121826171875,925040,0.0,0.0,ASIANPAINT
2026-03-06,2242.2461232483765,2288.0486893030497,2234.314934596808,2259.89306640625,979742,0.0,0.0,ASIANPAINT
2026-03-09,2181.077101186327,2210.8190616570496,2143.998887282437,2201.6982421875,2198153,0.0,0.0,ASIANPAINT
2026-03-10,2232.233312704302,2285.2731408487366,2232.233312704302,2260.785400390625,1192174,0.0,0.0,ASIANPAINT
2026-03-11,2270.3028787592407,2282.199662403394,2206.8533659904233,2212.8017578125,687786,0.0,0.0,ASIANPAINT
2026-03-12,2189.0080695446873,2230.547573323493,2182.068279469138,2202.094482421875,1384055,0.0,0.0,ASIANPAINT
2026-03-13,2185.736493312427,2200.6074726410466,2171.162981978515,2177.904541015625,949233,0.0,0.0,ASIANPAINT
2026-03-16,2166.602530791707,2208.637979123367,2156.3913182449023,2198.624755859375,1111587,0.0,0.0,ASIANPAINT
2026-03-17,2198.624813304225,2242.0481240756235,2198.1291139621785,2218.948486328125,875461,0.0,0.0,ASIANPAINT
2026-03-18,2215.8750606338967,2250.871236838399,2209.430969870703,2242.642822265625,844912,0.0,0.0,ASIANPAINT
2026-03-19,2200.9050648122998,2219.741639691324,2161.844053721548,2167.197509765625,889334,0.0,0.0,ASIANPAINT
2026-03-20,2191.883035494523,2205.366153071308,2166.205908950689,2176.516357421875,875920,0.0,0.0,ASIANPAINT
2026-03-23,2161.2490060531636,2161.2490060531636,2096.8080953222207,2103.053955078125,978398,0.0,0.0,ASIANPAINT
2026-03-24,2165.2146480848346,2205.3662933446494,2134.7787579873834,2198.228271484375,1561016,0.0,0.0,ASIANPAINT
2026-03-25,2205.9611632253836,2270.005368767247,2202.887730691226,2250.673095703125,1270855,0.0,0.0,ASIANPAINT
2026-03-27,2226.978883613762,2249.483585042764,2182.167712081868,2188.413330078125,1089010,0.0,0.0,ASIANPAINT
2026-03-30,2166.503380287283,2183.951850191729,2132.498360349631,2146.576171875,1513565,0.0,0.0,ASIANPAINT
2026-04-01,2205.6636307072044,2227.276168370157,2179.4905627154985,2206.655029296875,1209900,0.0,0.0,ASIANPAINT
2026-04-02,2166.206128976487,2166.305365661368,2123.972448135313,2150.34375,1854061,0.0,0.0,ASIANPAINT
2026-04-06,2150.3435162351893,2174.3353134208273,2127.4421122612302,2165.511962890625,2048228,0.0,0.0,ASIANPAINT
2026-04-07,2149.0548763211227,2179.7882354882618,2126.550174629453,2167.395751953125,1793007,0.0,0.0,ASIANPAINT
2026-04-08,2264.850100281215,2316.7992900724025,2225.8880869174877,2262.76806640625,2914767,0.0,0.0,ASIANPAINT
2026-04-09,2255.431824787587,2269.9063412266696,2232.629656888636,2250.078369140625,1980060,0.0,0.0,ASIANPAINT
2026-04-10,2248.1946997294717,2356.4553853234625,2248.1946997294717,2340.394775390625,3018178,0.0,0.0,ASIANPAINT
2026-04-13,2260.2896157134237,2342.1792384979185,2242.5436772411817,2332.166015625,1734562,0.0,0.0,ASIANPAINT
2026-04-15,2379.8523513508994,2405.1330157789134,2360.520078553006,2402.258056640625,1182431,0.0,0.0,ASIANPAINT
2026-04-16,2414.0555975912685,2425.5559181989383,2390.8569671041973,2419.31005859375,1496210,0.0,0.0,ASIANPAINT
2026-04-17,2404.1416069129846,2464.7161582374533,2396.706117407068,2442.80615234375,1286575,0.0,0.0,ASIANPAINT
2026-04-20,2448.7545957036955,2502.0918899615717,2435.3707143101733,2495.152099609375,1203157,0.0,0.0,ASIANPAINT
2026-04-21,2494.656448384103,2559.7912906799447,2492.0787151016143,2521.7216796875,1681872,0.0,0.0,ASIANPAINT
2026-04-22,2478.496591328449,2549.8772931587087,2478.496591328449,2540.85546875,1126584,0.0,0.0,ASIANPAINT
2026-04-23,2508.238527355777,2519.837842888377,2488.41055480751,2499.71240234375,1378614,0.0,0.0,ASIANPAINT
2026-04-24,2499.7124304630092,2517.061906637907,2449.4485678958704,2463.724853515625,436871,0.0,0.0,ASIANPAINT
2026-04-27,2481.470673800435,2498.1262185409096,2454.20721254214,2463.82373046875,452134,0.0,0.0,ASIANPAINT
2026-04-28,2453.711703700179,2477.5052717360595,2434.974365688199,2441.41845703125,556571,0.0,0.0,ASIANPAINT
2026-04-29,2448.6554645929264,2456.586653908799,2417.6248800271264,2426.25,603585,0.0,0.0,ASIANPAINT
2026-04-30,2405.8269334704287,2434.7757241733725,2364.9813595711516,2423.473876953125,823684,0.0,0.0,ASIANPAINT
2026-05-01,2423.473876953125,2423.473876953125,2423.473876953125,2423.473876953125,0,0.0,0.0,ASIANPAINT
2026-05-04,2438.8405150757653,2485.4362484938797,2421.292808558354,2427.04296875,581159,0.0,0.0,ASIANPAINT
2026-05-05,2409.0986328125,2433.7843614929498,2394.227653597608,2409.0986328125,327682,0.0,0.0,ASIANPAINT
2026-05-06,2438.840730371055,2507.24723866195,2419.4092196054808,2497.333251953125,1395987,0.0,0.0,ASIANPAINT
2026-05-07,2512.799090655162,2533.8166934225105,2489.699453926799,2508.83349609375,1053513,0.0,0.0,ASIANPAINT
2026-05-08,2518.1524303726387,2584.972598834762,2493.7639281283514,2577.537109375,2327900,0.0,0.0,ASIANPAINT
2026-05-11,2556.7177847784324,2585.468344538891,2533.0234547576356,2544.028076171875,1271257,0.0,0.0,ASIANPAINT
2026-05-12,2524.2990937915256,2533.717380591815,2478.496526391938,2483.94921875,628802,0.0,0.0,ASIANPAINT
2026-05-13,2532.0321540727255,2619.6716979847315,2532.0321540727255,2595.085205078125,3515018,0.0,0.0,ASIANPAINT
2026-05-14,2597.464479177054,2642.7713493560886,2587.5504926153094,2599.6455078125,1040916,0.0,0.0,ASIANPAINT
2026-05-15,2599.6455492931773,2617.2924940627995,2570.498525152845,2583.1884765625,796240,0.0,0.0,ASIANPAINT
2026-05-18,2557.907795315493,2596.869569262112,2534.0149906453235,2591.51611328125,898479,0.0,0.0,ASIANPAINT
2026-05-19,2606.3869513982067,2623.240727805118,2572.7786352618723,2578.330322265625,688639,0.0,0.0,ASIANPAINT
2026-05-20,2539.963249067585,2591.5159769955762,2539.963249067585,2576.24853515625,586190,0.0,0.0,ASIANPAINT
2026-05-21,2602.4213727320252,2625.5210089438397,2568.515588398281,2576.44677734375,1031843,0.0,0.0,ASIANPAINT
2026-05-22,2583.684151755406,2641.7799681669367,2577.8347544208896,2617.09423828125,1556434,0.0,0.0,ASIANPAINT
2026-05-25,2649.0172659355308,2661.013286747998,2630.378922392816,2634.939453125,815621,0.0,0.0,ASIANPAINT
2026-05-26,2627.2063736290493,2641.383422468467,2613.227556107807,2624.232177734375,486267,0.0,0.0,ASIANPAINT
2026-05-27,2622.0512104312984,2666.4659185712258,2619.275245789924,2648.91796875,858457,0.0,0.0,ASIANPAINT
2026-05-28,2648.91796875,2648.91796875,2648.91796875,2648.91796875,0,0.0,0.0,ASIANPAINT
2026-05-29,2653.081899183728,2724.56159325931,2608.964661335609,2648.62060546875,5062328,0.0,0.0,ASIANPAINT
2026-06-01,2709.095901351661,2754.8984680974218,2604.106644768003,2609.757568359375,2224344,0.0,0.0,ASIANPAINT
2026-06-02,2603.511962617927,2649.1162982589444,2585.468314449159,2637.814208984375,1026319,0.0,0.0,ASIANPAINT
2026-06-03,2629.288299864542,2652.982629371886,2602.1238332482144,2639.49951171875,958774,0.0,0.0,ASIANPAINT
2026-06-04,2640.9868104093725,2675.5867690885616,2622.15023574918,2638.706787109375,1840743,0.0,0.0,ASIANPAINT
2026-06-05,2643.0686735140903,2676.577994677205,2642.077274911872,2663.590576171875,1615011,0.0,0.0,ASIANPAINT
2026-06-08,2620.5640072762417,2651.9912949616705,2607.477593967183,2636.3271484375,1262904,0.0,0.0,ASIANPAINT
2026-06-09,2643.2668941356555,2695.6127885292044,2638.6073691322094,2684.806640625,1416560,0.0,0.0,ASIANPAINT
2026-06-10,2687.7809874156337,2720.397906312803,2676.7763655410236,2691.74658203125,1395772,0.0,0.0,ASIANPAINT
2026-06-11,2670.7285903296975,2683.4185408112085,2648.0256592178175,2667.75439453125,771558,0.0,0.0,ASIANPAINT
2026-06-12,2702.255252386737,2729.320483944781,2686.0954059806704,2723.7685546875,1078025,0.0,0.0,ASIANPAINT
2026-06-15,2796.041569265256,2808.3348153056413,2706.518225699372,2715.73828125,2752021,0.0,0.0,ASIANPAINT
2026-06-16,2717.423619460817,2747.1655780831534,2711.4752277363496,2724.462646484375,962931,0.0,0.0,ASIANPAINT
2026-06-17,2740.2258274031,2745.083583898793,2708.9967703976017,2714.449462890625,557209,0.0,0.0,ASIANPAINT
2026-06-18,2721.3892363671166,2741.2172089453834,2704.7336909932365,2731.30322265625,600888,0.0,0.0,ASIANPAINT
2026-06-19,2729.2212838160262,2729.2212838160262,2695.4147346165373,2709.393310546875,838991,0.0,0.0,ASIANPAINT
2026-06-22,2719.1090391012117,2732.790388930441,2647.034405385191,2651.0,1033475,0.0,0.0,ASIANPAINT
2026-06-23,2669.0,2695.39990234375,2650.10009765625,2661.199951171875,1182151,23.0,0.0,ASIANPAINT
2026-06-24,2662.0,2687.60009765625,2653.60009765625,2667.5,1264476,0.0,0.0,ASIANPAINT
2026-06-25,2690.0,2690.699951171875,2637.10009765625,2645.199951171875,2050810,0.0,0.0,ASIANPAINT
2026-06-26,2645.199951171875,2645.199951171875,2645.199951171875,2645.199951171875,0,0.0,0.0,ASIANPAINT
2026-06-29,2631.300048828125,2687.800048828125,2630.0,2656.89990234375,4752587,0.0,0.0,ASIANPAINT
2026-06-30,2658.0,2672.10009765625,2630.300048828125,2635.699951171875,1821479,0.0,0.0,ASIANPAINT
2026-07-01,2648.0,2723.0,2624.0,2716.39990234375,1097512,0.0,0.0,ASIANPAINT
2026-07-02,2720.0,2759.89990234375,2711.0,2744.5,1629567,0.0,0.0,ASIANPAINT
2026-07-03,2744.0,2762.39990234375,2730.0,2737.800048828125,472124,0.0,0.0,ASIANPAINT
2026-07-06,2724.0,2758.0,2722.0,2754.89990234375,504943,0.0,0.0,ASIANPAINT
2026-07-07,2750.0,2751.800048828125,2726.39990234375,2731.39990234375,489066,0.0,0.0,ASIANPAINT
2026-07-08,2676.60009765625,2713.10009765625,2653.300048828125,2665.89990234375,1481672,0.0,0.0,ASIANPAINT
2026-07-09,2658.0,2722.800048828125,2656.0,2673.800048828125,918568,0.0,0.0,ASIANPAINT
2026-07-10,2695.0,2728.199951171875,2672.89990234375,2677.800048828125,982095,0.0,0.0,ASIANPAINT
2026-07-13,2650.5,2664.39990234375,2630.10009765625,2652.10009765625,1107802,0.0,0.0,ASIANPAINT
2026-07-14,2604.0,2655.89990234375,2579.89990234375,2641.0,975301,0.0,0.0,ASIANPAINT
2026-07-15,2644.89990234375,2684.0,2644.89990234375,2670.0,809114,0.0,0.0,ASIANPAINT
2026-07-16,2688.0,2693.10009765625,2660.10009765625,2674.699951171875,455037,0.0,0.0,ASIANPAINT
2026-07-17,2665.0,2700.0,2665.0,2689.0,452284,0.0,0.0,ASIANPAINT
2026-07-20,2689.0,2708.5,2666.699951171875,2691.39990234375,571087,0.0,0.0,ASIANPAINT
2026-07-21,2695.0,2720.0,2680.5,2692.39990234375,1000078,0.0,0.0,ASIANPAINT
2026-07-22,2683.0,2700.0,2665.60009765625,2692.800048828125,528096,0.0,0.0,ASIANPAINT
2026-07-23,2671.10009765625,2693.39990234375,2656.0,2668.800048828125,584245,0.0,0.0,ASIANPAINT
2026-07-24,2620.10009765625,2657.10009765625,2620.10009765625,2637.89990234375,645563,0.0,0.0,ASIANPAINT
2026-07-27,2665.800048828125,2723.89990234375,2664.300048828125,2710.199951171875,715239,0.0,0.0,ASIANPAINT
2026-07-28,2712.0,2749.800048828125,2706.300048828125,2736.199951171875,1282146,0.0,0.0,ASIANPAINT
2026-07-29,2746.199951171875,2864.0,2718.5,2758.39990234375,3803474,0.0,0.0,ASIANPAINT
2026-07-30,2758.10009765625,2767.89990234375,2666.199951171875,2746.199951171875,2387024,0.0,0.0,ASIANPAINT
2026-07-31,2773.89990234375,2774.89990234375,2732.39990234375,2747.300048828125,891738,0.0,0.0,ASIANPAINT
2026-08-03,2770.89990234375,2810.0,2762.10009765625,2810.0,1040453,0.0,0.0,ASIANPAINT
2026-08-04,2774.89990234375,2807.300048828125,2732.39990234375,2775.0,820097,0.0,0.0,ASIANPAINT
2026-08-05,2787.0,2787.0,2748.699951171875,2760.0,688876,0.0,0.0,ASIANPAINT
2026-08-06,2788.0,2788.0,2741.60009765625,2755.0,797083,0.0,0.0,ASIANPAINT
2026-08-07,2755.0,2755.0,2695.0,2735.0,1067986,0.0,0.0,ASIANPAINT
2026-08-10,2724.699951171875,2761.5,2713.5,2750.0,977656,0.0,0.0,ASIANPAINT
2026-08-11,2742.10009765625,2747.60009765625,2720.0,2735.5,951134,0.0,0.0,ASIANPAINT
2026-08-12,2733.199951171875,2748.39990234375,2698.199951171875,2740.0,648174,0.0,0.0,ASIANPAINT
2026-08-13,2725.0,2755.5,2720.0,2755.5,579435,0.0,0.0,ASIANPAINT
2026-08-14,2751.0,2751.0,2690.300048828125,2696.300048828125,667311,0.0,0.0,ASIANPAINT
2026-08-17,2694.5,2714.60009765625,2687.5,2687.5,312900,0.0,0.0,ASIANPAINT
2026-08-18,2663.10009765625,2670.10009765625,2610.10009765625,2628.39990234375,1017022,0.0,0.0,ASIANPAINT
2026-08-19,2625.0,2634.89990234375,2601.0,2630.800048828125,742443,0.0,0.0,ASIANPAINT
2026-08-20,2635.10009765625,2641.800048828125,2607.0,2625.199951171875,476939,0.0,0.0,ASIANPAINT
2026-08-21,2620.199951171875,2644.0,2615.5,2640.0,330334,0.0,0.0,ASIANPAINT
2026-08-24,2640.39990234375,2642.699951171875,2622.0,2640.800048828125,355289,0.0,0.0,ASIANPAINT
2026-08-25,2631.0,2640.0,2605.199951171875,2639.800048828125,479480,0.0,0.0,ASIANPAINT
2026-08-26,2660.89990234375,2678.699951171875,2626.5,2626.5,339110,0.0,0.0,ASIANPAINT
2026-08-27,2637.89990234375,2655.89990234375,2627.89990234375,2631.0,525106,0.0,0.0,ASIANPAINT
2026-08-28,2645.0,2645.0,2583.800048828125,2608.699951171875,482544,0.0,0.0,ASIANPAINT
2026-08-31,2590.0,2653.60009765625,2561.10009765625,2653.60009765625,1381178,0.0,0.0,ASIANPAINT
2026-09-01,2645.300048828125,2645.300048828125,2545.199951171875,2575.5,1046523,0.0,0.0,ASIANPAINT
2026-09-02,2548.0,2548.0,2510.699951171875,2527.5,497889,0.0,0.0,ASIANPAINT
2026-09-03,2530.0,2544.0,2515.10009765625,2541.60009765625,589499,0.0,0.0,ASIANPAINT
2026-09-04,2540.0,2553.89990234375,2519.800048828125,2527.300048828125,399368,0.0,0.0,ASIANPAINT
2026-09-07,2511.10009765625,2523.5,2489.699951171875,2500.89990234375,240336,0.0,0.0,ASIANPAINT
2026-09-08,2499.0,2499.0,2474.10009765625,2481.60009765625,373248,0.0,0.0,ASIANPAINT
2026-09-09,2459.10009765625,2489.0,2457.39990234375,2489.0,432840,0.0,0.0,ASIANPAINT
2026-09-10,2485.10009765625,2498.10009765625,2468.60009765625,2498.10009765625,549332,0.0,0.0,ASIANPAINT
2026-09-11,2453.199951171875,2472.5,2442.800048828125,2472.5,653006,0.0,0.0,ASIANPAINT
2026-09-14,2472.5,2472.5,2472.5,2472.5,0,0.0,0.0,ASIANPAINT
2026-09-15,2472.5,2473.0,2402.800048828125,2402.800048828125,539643,0.0,0.0,ASIANPAINT
2026-09-16,2405.10009765625,2444.5,2397.39990234375,2416.60009765625,591671,0.0,0.0,ASIANPAINT
2026-09-17,2424.0,2454.0,2421.0,2454.0,486007,0.0,0.0,ASIANPAINT
2026-09-18,2455.699951171875,2474.0,2438.0,2451.300048828125,1000730,0.0,0.0,ASIANPAINT
2026-09-21,2450.0,2463.800048828125,2440.300048828125,2440.300048828125,268147,0.0,0.0,ASIANPAINT
2026-09-22,2475.10009765625,2475.10009765625,2435.60009765625,2448.5,414715,0.0,0.0,ASIANPAINT
2026-09-23,2469.0,2471.89990234375,2448.199951171875,2455.0,398823,0.0,0.0,ASIANPAINT
2026-09-24,2430.0,2437.800048828125,2391.0,2392.699951171875,259577,0.0,0.0,ASIANPAINT
2026-09-25,2401.89990234375,2451.0,2397.0,2444.0,426982,0.0,0.0,ASIANPAINT
2026-09-28,2437.89990234375,2441.60009765625,2412.89990234375,2420.0,1097754,0.0,0.0,ASIANPAINT
2026-09-29,2417.5,2425.300048828125,2381.0,2415.0,909789,0.0,0.0,ASIANPAINT
2026-09-30,2410.0,2430.5,2390.0,2402.60009765625,553695,0.0,0.0,ASIANPAINT
2026-10-01,2391.0,2420.0,2377.0,2407.0,1005439,0.0,0.0,ASIANPAINT
