Date,Open,High,Low,Close,Volume,Dividends,Stock Splits,Symbol
2021-10-04,767.3019725821903,777.3025205455175,766.5059250772994,775.1630859375,5845527,0.0,0.0,AXISBANK
2021-10-05,770.5857377617426,780.138428924145,767.4014871294321,778.7453002929688,3945224,0.0,0.0,AXISBANK
2021-10-06,778.3970761931395,790.2882293569943,772.1778601800911,775.1133422851562,5092479,0.0,0.0,AXISBANK
2021-10-07,786.1088857482473,786.2581712228975,770.2871762855782,773.2723999023438,6622698,0.0,0.0,AXISBANK
2021-10-08,778.0488301957745,781.133537067451,772.1778659418369,778.0985717773438,4295686,0.0,0.0,AXISBANK
2021-10-11,778.1483516747662,789.0941724783754,775.1631278192364,783.2730102539062,4417455,0.0,0.0,AXISBANK
2021-10-12,784.1188581820643,795.7612442385282,781.5814298615048,793.2238159179688,5098502,0.0,0.0,AXISBANK
2021-10-13,796.0099035794473,800.5374806643906,789.2931503234067,790.6862182617188,4381414,0.0,0.0,AXISBANK
2021-10-14,795.0645830420964,800.0399559021846,784.1187627499023,798.0995483398438,7157116,0.0,0.0,AXISBANK
2021-10-18,815.9612016623956,815.9612016623956,798.0995997961713,809.294189453125,11014585,0.0,0.0,AXISBANK
2021-10-19,815.9611942348522,822.9267166246619,794.5670897518652,797.7015991210938,10633732,0.0,0.0,AXISBANK
2021-10-20,796.6566732112312,809.7916696287677,788.099056237815,800.8359985351562,9023067,0.0,0.0,AXISBANK
2021-10-21,803.9704524606344,809.4931037752565,788.3975122798132,803.8211669921875,7405639,0.0,0.0,AXISBANK
2021-10-22,808.000505798863,820.936474487761,802.826106176398,812.6773681640625,10646970,0.0,0.0,AXISBANK
2021-10-25,826.0113813579374,862.6301743474236,821.3843210196172,840.9375,29193770,0.0,0.0,AXISBANK
2021-10-26,844.2212805348909,847.4552728531174,819.4438997106648,837.7532958984375,16771909,0.0,0.0,AXISBANK
2021-10-27,835.8626953125,836.6587428754142,781.7804130703211,783.6212768554688,39606414,0.0,0.0,AXISBANK
2021-10-28,783.6212563399381,785.1138682567761,750.9330796550001,754.6148071289062,19320926,0.0,0.0,AXISBANK
2021-10-29,758.2468284750885,758.2468284750885,710.4832487286262,738.3453369140625,21343427,0.0,0.0,AXISBANK
2021-11-01,751.2811976179454,756.2565697876007,736.3550811089797,748.6442260742188,11694854,0.0,0.0,AXISBANK
2021-11-02,748.7935389781171,757.5999237473717,744.3654454379194,752.1270141601562,11812106,0.0,0.0,AXISBANK
2021-11-03,755.7093388045353,758.8935893414657,744.8132609167634,746.9028930664062,10529505,0.0,0.0,AXISBANK
2021-11-04,753.2714338207311,753.32117540129,747.6990406384587,749.2413940429688,793433,0.0,0.0,AXISBANK
2021-11-08,757.2518353415219,757.2518353415219,737.8478789825735,747.350830078125,13872770,0.0,0.0,AXISBANK
2021-11-09,746.3060028595305,750.2365599548317,739.6887320070275,741.38037109375,12120207,0.0,0.0,AXISBANK
2021-11-10,739.0418485855507,749.6393556456709,728.3945392124522,745.6590576171875,10844883,0.0,0.0,AXISBANK
2021-11-11,744.3157993190823,744.3157993190823,731.4793127108088,734.414794921875,6195359,0.0,0.0,AXISBANK
2021-11-12,739.1413748972548,739.1413748972548,729.8871935876308,732.4246215820312,9372897,0.0,0.0,AXISBANK
2021-11-15,734.3649705066804,740.3354174213689,724.4142256488664,729.6383666992188,12849161,0.0,0.0,AXISBANK
2021-11-16,729.6384920975803,729.6882336835127,717.7473378019295,722.573486328125,8978763,0.0,0.0,AXISBANK
2021-11-17,717.4487274681433,721.3295423821014,703.268915586838,708.84130859375,18083445,0.0,0.0,AXISBANK
2021-11-18,711.4783301209263,712.473404708508,698.442877317419,702.8709106445312,13458109,0.0,0.0,AXISBANK
2021-11-22,709.4881859985854,709.4881859985854,674.0635547222029,683.0192260742188,16741079,0.0,0.0,AXISBANK
2021-11-23,677.6458278624389,689.2384716784227,674.0137811432237,682.27294921875,16575348,0.0,0.0,AXISBANK
2021-11-24,686.6014781705009,691.6763343675126,678.6906229055426,681.775390625,11463429,0.0,0.0,AXISBANK
2021-11-25,682.6211389362629,683.6162134828172,673.2176723244186,676.5512084960938,9760486,0.0,0.0,AXISBANK
2021-11-26,665.7048912610385,671.5758555525197,657.1970157842052,658.4906005859375,10252753,0.0,0.0,AXISBANK
2021-11-29,661.7743696225257,662.1724237677913,646.15168580615,647.89306640625,12084376,0.0,0.0,AXISBANK
2021-11-30,644.808249357439,674.1132043185054,644.808249357439,652.4205932617188,24699809,0.0,0.0,AXISBANK
2021-12-01,661.6250775468976,678.0438072486211,656.7491880689378,676.2526245117188,16184200,0.0,0.0,AXISBANK
2021-12-02,671.6753397196517,675.4566109667226,664.7595592600762,672.7698974609375,8612601,0.0,0.0,AXISBANK
2021-12-03,675.7551727907907,683.9645386808628,667.6950923925345,669.6852416992188,9505985,0.0,0.0,AXISBANK
2021-12-06,670.6801984125889,675.4068021847844,657.8935156595124,659.8338623046875,8022785,0.0,0.0,AXISBANK
2021-12-07,668.6900927947598,688.1437879605585,666.6999437090611,683.6162109375,15123987,0.0,0.0,AXISBANK
2021-12-08,691.5768106148467,698.0945367550302,684.2630369834516,693.6664428710938,11670826,0.0,0.0,AXISBANK
2021-12-09,694.7113075958792,696.4526880238368,684.6112768199132,690.531982421875,7021395,0.0,0.0,AXISBANK
2021-12-10,686.7009625765087,688.541887041733,680.3822631105389,684.6610717773438,5549743,0.0,0.0,AXISBANK
2021-12-13,695.5571586435492,708.393645521772,689.6861940979513,700.5325317382812,13634563,0.0,0.0,AXISBANK
2021-12-14,697.5472967067461,710.4832665458156,694.1640187627144,707.3985595703125,8612512,0.0,0.0,AXISBANK
2021-12-15,708.8911174270354,716.4536595394737,704.0649695296978,708.9906005859375,7692888,0.0,0.0,AXISBANK
2021-12-16,715.4586474682087,718.3941297264246,701.577344455959,706.1547241210938,7309187,0.0,0.0,AXISBANK
2021-12-17,704.0151970357239,704.5127342774452,681.7255043127964,685.5068359375,7844705,0.0,0.0,AXISBANK
2021-12-20,677.5960935693564,678.4916243116585,656.8487507219114,671.028564453125,9934646,0.0,0.0,AXISBANK
2021-12-21,679.6359265858462,679.6359265858462,659.23689804264,662.5703735351562,10116104,0.0,0.0,AXISBANK
2021-12-22,666.6999844072427,673.5162211480405,660.7295367856854,666.0531616210938,7489534,0.0,0.0,AXISBANK
2021-12-23,673.6654819300237,681.1285411833105,669.2871295409494,675.4566040039062,6884683,0.0,0.0,AXISBANK
2021-12-24,677.7950725458758,678.6408616426733,659.1871658055412,664.2122802734375,6028893,0.0,0.0,AXISBANK
2021-12-27,659.7842012056218,671.2773006856236,652.7191958413356,668.8394165039062,6996729,0.0,0.0,AXISBANK
2021-12-28,673.9640327114245,677.4965354903214,668.6901493353001,672.1231689453125,4645547,0.0,0.0,AXISBANK
2021-12-29,671.1778695080193,676.2527260659325,663.9635781011503,667.1975708007812,3969894,0.0,0.0,AXISBANK
2021-12-30,664.7098748927539,669.7847313803057,661.227113572208,665.5556640625,5119705,0.0,0.0,AXISBANK
2021-12-31,669.6354920444334,683.1187412878396,667.8941114220681,675.2078857421875,5586980,0.0,0.0,AXISBANK
2022-01-03,676.8994297965518,695.0595394529826,675.655586669399,692.9201049804688,8550860,0.0,0.0,AXISBANK
2022-01-04,697.5472833740464,707.5477707961971,696.6019503723534,705.6571655273438,9705906,0.0,0.0,AXISBANK
2022-01-05,708.3935841572154,727.30000027943,704.2640005524987,723.3197021484375,11312955,0.0,0.0,AXISBANK
2022-01-06,716.4040046217731,729.887253948627,715.4586715597312,726.7030029296875,7955578,0.0,0.0,AXISBANK
2022-01-07,730.3847427141682,737.2507816193269,721.6778401273167,727.00146484375,10454143,0.0,0.0,AXISBANK
2022-01-10,730.0364618061117,740.3354590188113,729.5886661154443,739.141357421875,9595787,0.0,0.0,AXISBANK
2022-01-11,739.2409205584365,743.3704435732272,733.6684665391983,739.5891723632812,7252279,0.0,0.0,AXISBANK
2022-01-12,745.9577052479186,747.7488273979735,739.4897202866678,743.1714477539062,5294563,0.0,0.0,AXISBANK
2022-01-13,745.3107412891412,745.3107412891412,733.4195898119226,737.0516357421875,5196538,0.0,0.0,AXISBANK
2022-01-14,731.1807771965603,732.3251372385288,712.5231291288003,718.1453247070312,16302342,0.0,0.0,AXISBANK
2022-01-17,715.4587147477342,717.050809986041,706.0055050257545,709.1400146484375,19680557,0.0,0.0,AXISBANK
2022-01-18,713.9660262183528,732.2754231705882,710.732033765099,721.6281127929688,24055886,0.0,0.0,AXISBANK
2022-01-19,721.6281168630272,728.3448704576684,715.1601319200394,726.0064086914062,7746270,0.0,0.0,AXISBANK
2022-01-20,727.4492493645716,733.5192406582008,718.593122167438,725.3098754882812,8505400,0.0,0.0,AXISBANK
2022-01-21,718.44380859375,721.677800806949,704.5625067932668,708.9906005859375,10689060,0.0,0.0,AXISBANK
2022-01-24,711.4782544706998,712.8713830389985,684.8102705059761,701.1294555664062,8812501,0.0,0.0,AXISBANK
2022-01-25,710.4832557816853,751.2813138867962,705.1098287130527,748.4951171875,38088158,0.0,0.0,AXISBANK
2022-01-27,740.3354997390122,773.1729614209846,734.4645353263007,770.0384521484375,34927774,0.0,0.0,AXISBANK
2022-01-28,774.267495457609,780.8350240334769,757.7492819569561,760.9335327148438,17765524,0.0,0.0,AXISBANK
2022-01-31,771.6305738251017,773.9689747294889,758.5950607476119,769.2423706054688,12319200,0.0,0.0,AXISBANK
2022-02-01,774.2674961832904,789.9897229273715,765.3118250815118,778.048828125,15457534,0.0,0.0,AXISBANK
2022-02-02,786.1088777349117,801.9305870362996,783.4719059398374,800.139404296875,13478899,0.0,0.0,AXISBANK
2022-02-03,798.2487881650928,807.9010231085285,789.1438320580597,795.61181640625,10802708,0.0,0.0,AXISBANK
2022-02-04,793.0246652867561,800.5374659025151,787.2532451126744,794.6167602539062,10776387,0.0,0.0,AXISBANK
2022-02-07,798.5473630430881,799.6419208045363,780.237966188536,785.7108764648438,10939179,0.0,0.0,AXISBANK
2022-02-08,790.0891832524512,797.0547050191605,772.3271270411545,794.6167602539062,12300670,0.0,0.0,AXISBANK
2022-02-09,797.0546869246041,805.5128203064506,796.2088978802308,799.890625,9399830,0.0,0.0,AXISBANK
2022-02-10,803.5724835104245,811.9311344694868,799.1443893801419,805.8114013671875,12848281,0.0,0.0,AXISBANK
2022-02-11,797.0050649171086,805.910995313961,794.5671198414453,799.8410034179688,9717894,0.0,0.0,AXISBANK
2022-02-14,786.1089094204632,799.0448788159898,766.157676461192,769.5408935546875,8617389,0.0,0.0,AXISBANK
2022-02-15,773.1729091984218,795.1640320002151,760.5354505305121,793.024658203125,7426563,0.0,0.0,AXISBANK
2022-02-16,791.0842548591696,804.3187340199705,785.4123178661035,793.1241455078125,7457765,0.0,0.0,AXISBANK
2022-02-17,793.0744065192533,798.04977920758,776.6556766477757,778.9443359375,6516308,0.0,0.0,AXISBANK
2022-02-18,777.3025125499324,786.6561769216155,775.1630779639219,783.521728515625,5466662,0.0,0.0,AXISBANK
2022-02-21,779.6907162036588,792.8754550852171,772.2773980441019,784.964599609375,5635224,0.0,0.0,AXISBANK
2022-02-22,762.3266061630229,783.1236890347601,762.3266061630229,775.3123779296875,6923558,0.0,0.0,AXISBANK
2022-02-23,779.6409672564297,781.6311165027766,768.446377745728,773.3720092773438,6303173,0.0,0.0,AXISBANK
2022-02-24,748.6941890803818,765.3616894261752,721.7276296921372,726.7030029296875,13085009,0.0,0.0,AXISBANK
2022-02-25,738.6437995499924,761.0827176924106,733.7679708724086,754.3162231445312,10066136,0.0,0.0,AXISBANK
2022-02-28,746.2064677119071,746.2064677119071,732.5739335289584,738.743408203125,14463418,0.0,0.0,AXISBANK
2022-03-02,725.1108429116514,752.7241619094854,721.4290548983672,746.5546875,11691602,0.0,0.0,AXISBANK
2022-03-03,752.2763788285255,755.7093982597685,728.7926431483262,734.0167846679688,8357181,0.0,0.0,AXISBANK
2022-03-04,719.4389292470225,728.8921378609184,706.5527011474894,711.4783325195312,11660648,0.0,0.0,AXISBANK
2022-03-07,689.5866841410719,701.5275791045538,652.3708705444075,664.2620239257812,20147061,0.0,0.0,AXISBANK
2022-03-08,661.724595437258,670.4314980088009,633.8625072083208,667.0980224609375,24828458,0.0,0.0,AXISBANK
2022-03-09,668.1925590342214,677.1482299669213,655.8536103442449,670.8792724609375,20438651,0.0,0.0,AXISBANK
2022-03-10,704.4133277180616,716.851760113602,684.8600876984586,691.527099609375,23224756,0.0,0.0,AXISBANK
2022-03-11,688.492203674366,703.1695553810623,684.0641091481498,687.4473266601562,14224356,0.0,0.0,AXISBANK
2022-03-14,691.278243548245,708.8910737400669,681.6260090829392,706.5526123046875,10720884,0.0,0.0,AXISBANK
2022-03-15,709.4881361088745,714.463508732359,691.5767946643307,694.7113037109375,12157425,0.0,0.0,AXISBANK
2022-03-16,707.4980446151534,722.4241636998613,705.6073785706101,720.2847290039062,10038170,0.0,0.0,AXISBANK
2022-03-17,733.3699080538499,743.0718844494063,732.8226292245959,735.6088256835938,13657428,0.0,0.0,AXISBANK
2022-03-21,741.3305457613991,745.708898110715,720.1354698214358,722.3246459960938,7495685,0.0,0.0,AXISBANK
2022-03-22,725.4093431853007,732.3748649991513,702.8708804509575,727.7975463867188,11117081,0.0,0.0,AXISBANK
2022-03-23,732.4744563005738,739.2410127920796,721.0808996677112,723.1705322265625,5886245,0.0,0.0,AXISBANK
2022-03-24,715.558117681946,726.8522507871422,715.4586345161604,718.692626953125,7559843,0.0,0.0,AXISBANK
2022-03-25,719.7374004194394,723.0709365588954,711.9758311782388,717.697509765625,5430894,0.0,0.0,AXISBANK
2022-03-28,722.4241323056428,734.2655438920685,711.5280537004077,732.3748779296875,7077669,0.0,0.0,AXISBANK
2022-03-29,737.9970892125369,737.9970892125369,727.3995206035019,734.166015625,6174137,0.0,0.0,AXISBANK
2022-03-30,743.3207037313955,762.0778350806039,737.6487665359363,746.7537231445312,16618114,0.0,0.0,AXISBANK
2022-03-31,759.2418645588108,759.2418645588108,747.5994804389848,757.4010009765625,20449544,0.0,0.0,AXISBANK
2022-04-01,756.2566028172704,771.9290258361809,751.4305158957337,770.7349243164062,9321859,0.0,0.0,AXISBANK
2022-04-04,776.1581337579926,781.6310436755168,763.2221648620259,780.2379150390625,10959783,0.0,0.0,AXISBANK
2022-04-05,772.1778538476467,792.0793449261943,772.1778538476467,779.2428588867188,7334134,0.0,0.0,AXISBANK
2022-04-06,773.1729551862172,776.1084373689016,765.4113855436096,769.8892211914062,9954921,0.0,0.0,AXISBANK
2022-04-07,765.7098862392803,791.0842879275216,765.4113760133839,788.1985473632812,9820244,0.0,0.0,AXISBANK
2022-04-08,790.9847412109375,796.7561611411729,785.1137773903797,790.9847412109375,8104237,0.0,0.0,AXISBANK
2022-04-11,785.5616225199867,790.3379682548853,780.1881956091438,782.1783447265625,6340427,0.0,0.0,AXISBANK
2022-04-12,776.2575591971532,797.0546396311519,773.968900094181,794.5172119140625,7672215,0.0,0.0,AXISBANK
2022-04-13,801.8310603779145,801.8310603779145,786.954683706007,789.1438598632812,7640132,0.0,0.0,AXISBANK
2022-04-18,776.1580925582873,797.7014792929784,772.177794647732,794.9152221679688,11478317,0.0,0.0,AXISBANK
2022-04-19,801.0350324818273,812.1798798632635,781.6808198606706,793.8704833984375,8711816,0.0,0.0,AXISBANK
2022-04-20,796.905438717401,798.4975944573869,784.7157753323884,790.7857666015625,6676491,0.0,0.0,AXISBANK
2022-04-21,791.1837573525702,800.0399452190815,786.656180257254,797.8507690429688,6851615,0.0,0.0,AXISBANK
2022-04-22,792.0793607180975,794.0695098656304,774.3670454519611,776.7551879882812,6255027,0.0,0.0,AXISBANK
2022-04-25,768.1975753399522,784.9148161279047,757.5005236108013,776.854736328125,8023525,0.0,0.0,AXISBANK
2022-04-26,787.1039935893397,792.6763869492565,765.2123528068296,771.1828002929688,11087204,0.0,0.0,AXISBANK
2022-04-27,761.8289925469195,769.1428263671797,745.3107805821666,762.1275634765625,11485697,0.0,0.0,AXISBANK
2022-04-28,773.0734267486648,781.5813018343358,762.5753418682125,775.9591064453125,11037317,0.0,0.0,AXISBANK
2022-04-29,761.2320934355623,763.0729572108406,721.4291081578859,725.0113525390625,34401710,0.0,0.0,AXISBANK
2022-05-02,718.4438314588808,734.5640514584655,714.9610705030552,723.7674560546875,16136040,0.0,0.0,AXISBANK
2022-05-04,729.3896471534548,731.5290817356436,700.5324851241912,703.7167358398438,14548684,0.0,0.0,AXISBANK
2022-05-05,712.473417661238,718.2448382272295,695.4576661980584,698.890625,12726146,0.0,0.0,AXISBANK
2022-05-06,686.6014658225797,689.0891522929513,664.8093080483108,670.083251953125,15511195,0.0,0.0,AXISBANK
2022-05-09,656.9482084279455,665.704852032741,645.604334637612,660.4309692382812,13999329,0.0,0.0,AXISBANK
2022-05-10,660.4309838228929,668.7895735115682,654.3112511129181,656.5004272460938,9523698,0.0,0.0,AXISBANK
2022-05-11,658.4408829357442,672.670437741052,652.2216666104756,669.0383911132812,9352398,0.0,0.0,AXISBANK
2022-05-12,663.7147141837374,663.7147141837374,640.8279999015396,646.4501953125,11166084,0.0,0.0,AXISBANK
2022-05-13,653.1670381876028,656.1522621999144,630.2803207598802,632.8177490234375,9618627,0.0,0.0,AXISBANK
2022-05-16,636.6985092863141,646.0024939789309,626.9467895756219,635.802978515625,6159695,0.0,0.0,AXISBANK
2022-05-17,639.7334244043911,654.261487902794,637.992044018338,651.7240600585938,8152237,0.0,0.0,AXISBANK
2022-05-18,651.5250419064256,667.0979824367175,647.0969481459518,656.201904296875,13013873,0.0,0.0,AXISBANK
2022-05-19,640.1314587318055,654.5102984151605,638.0418264286258,646.9974975585938,9216948,0.0,0.0,AXISBANK
2022-05-20,656.5004467690176,672.4216398698957,654.759066273609,669.78466796875,9708672,0.0,0.0,AXISBANK
2022-05-23,669.6851587185247,681.4270260261189,665.2570649129301,672.0235595703125,7919353,0.0,0.0,AXISBANK
2022-05-24,666.4014312821012,678.0935571217883,657.9432976959444,660.7792358398438,8088546,0.0,0.0,AXISBANK
2022-05-25,664.7097718661889,669.3368926258352,656.7989173744686,661.7245483398438,5169619,0.0,0.0,AXISBANK
2022-05-26,669.6354485958421,681.874853743418,664.7098172938391,679.8847045898438,10114633,0.0,0.0,AXISBANK
2022-05-27,685.6064154574395,690.3827615023986,680.8798109967388,684.9098510742188,5539060,0.0,0.0,AXISBANK
2022-05-30,691.6762689272873,694.5620093056062,686.7008963677916,690.2334594726562,3818060,0.0,0.0,AXISBANK
2022-05-31,685.6064056448789,692.5719279083247,679.6856995740432,681.8251342773438,10410424,0.0,0.0,AXISBANK
2022-06-01,679.6359331377445,689.0393999964396,677.1482467060544,682.6708984375,6966674,0.0,0.0,AXISBANK
2022-06-02,678.6408489407437,689.7359545625463,678.6408489407437,688.143798828125,6347433,0.0,0.0,AXISBANK
2022-06-03,693.8654805144114,694.5620448552986,669.8344662627871,673.9639892578125,8475726,0.0,0.0,AXISBANK
2022-06-06,673.6655061028346,680.6310283225093,666.9984941170961,668.88916015625,6756864,0.0,0.0,AXISBANK
2022-06-07,668.8891334514536,674.66055377043,657.8437693605109,662.5703735351562,8312778,0.0,0.0,AXISBANK
2022-06-08,666.699953347861,670.2324558791412,652.221630686989,655.3560791015625,9282494,0.0,0.0,AXISBANK
2022-06-09,653.7142356598122,659.4856558842811,646.7984554127238,658.0427856445312,5682743,0.0,0.0,AXISBANK
2022-06-10,652.2714007110823,660.4310245831314,648.9876666759194,657.44580078125,6758832,0.0,0.0,AXISBANK
2022-06-13,643.7635129454565,648.7886274374442,636.9472156183159,645.753662109375,6135431,0.0,0.0,AXISBANK
2022-06-14,641.8231208206277,652.4704312509155,639.9324547755594,647.5447998046875,5391833,0.0,0.0,AXISBANK
2022-06-15,650.7787202077128,653.1171209788685,644.0122257836513,647.2959594726562,4638336,0.0,0.0,AXISBANK
2022-06-16,654.261549862231,654.9581142295235,627.9418145307525,631.7728881835938,5960283,0.0,0.0,AXISBANK
2022-06-17,626.8969504234458,637.6437431409419,623.5136727463965,632.0713500976562,6849201,0.0,0.0,AXISBANK
2022-06-20,632.1211024758242,634.0117683984502,619.1353918564027,625.205322265625,5305222,0.0,0.0,AXISBANK
2022-06-21,628.8871544825216,642.1713762525396,625.0561415219719,633.364990234375,10333886,0.0,0.0,AXISBANK
2022-06-22,629.434386106133,630.5290045373313,618.1900559871955,623.7127075195312,5899024,0.0,0.0,AXISBANK
2022-06-23,624.3098361986519,637.6935411496282,615.2048792001374,626.2501831054688,8450777,0.0,0.0,AXISBANK
2022-06-24,631.2254490270881,639.2855884612593,628.5387966168886,630.877197265625,6918584,0.0,0.0,AXISBANK
2022-06-27,640.8280138253112,643.7137543304489,631.5738326048644,633.9619750976562,4552114,0.0,0.0,AXISBANK
2022-06-28,630.8772482098982,641.5245577635011,628.8870991619175,639.1860961914062,10711123,0.0,0.0,AXISBANK
2022-06-29,633.2156650541649,634.6585352973302,620.4289813914728,622.4688720703125,13620084,0.0,0.0,AXISBANK
2022-06-30,620.9265700474757,636.1511997623096,620.5783182202698,633.6635131835938,10563138,0.0,0.0,AXISBANK
2022-07-01,629.8821809667942,643.4151703556812,628.6880793772972,640.7782592773438,6549359,0.0,0.0,AXISBANK
2022-07-04,638.3900719367548,651.9231223959255,637.3452557954718,651.1270141601562,3933384,0.0,0.0,AXISBANK
2022-07-05,652.8683894716531,656.649721358026,642.8181607872133,645.3058471679688,5044787,0.0,0.0,AXISBANK
2022-07-06,648.7885840372777,656.1521597450092,647.793509521883,654.7092895507812,6684686,0.0,0.0,AXISBANK
2022-07-07,661.1871845726662,662.2335911743621,649.4274429745453,655.9052734375,11171714,1.0,0.0,AXISBANK
2022-07-08,664.725045547193,674.4916082638993,659.1441699453557,666.8677368164062,12669533,0.0,0.0,AXISBANK
2022-07-11,664.2765638766813,679.624062922121,663.080644590663,677.5311889648438,14864123,0.0,0.0,AXISBANK
2022-07-12,674.6909360086746,682.9127974888394,670.7045789273825,673.8936767578125,6446810,0.0,0.0,AXISBANK
2022-07-13,677.6806892816021,682.6636355263198,674.6411042377205,677.5810546875,9614674,0.0,0.0,AXISBANK
2022-07-14,676.2854385335281,678.1291651362578,663.3297783253994,665.9707641601562,8026311,0.0,0.0,AXISBANK
2022-07-15,667.7147901490255,671.9004771183407,656.851943112824,659.94140625,6015057,0.0,0.0,AXISBANK
2022-07-18,665.771498415932,685.653467973886,661.1872117689942,682.1654052734375,12464664,0.0,0.0,AXISBANK
2022-07-19,676.2854251871386,701.4493031717064,676.2854251871386,698.2103881835938,10171314,0.0,0.0,AXISBANK
2022-07-20,703.8909589906716,712.0630028189298,700.3032621036211,703.2930297851562,11620331,0.0,0.0,AXISBANK
2022-07-21,705.535321568989,715.9995079504253,701.9475640277394,713.109375,8036515,0.0,0.0,AXISBANK
2022-07-22,714.5545265492698,732.4931339103393,712.6609825525858,728.2576293945312,9713490,0.0,0.0,AXISBANK
2022-07-25,730.9981886231841,736.2800992931025,720.0357072668719,724.869140625,6230411,0.0,0.0,AXISBANK
2022-07-26,720.4344335917908,720.9825455446587,699.6555100668388,704.04052734375,14135744,0.0,0.0,AXISBANK
2022-07-27,705.5353818616858,718.092382261698,701.2001820655762,716.4978637695312,6106880,0.0,0.0,AXISBANK
2022-07-28,722.5271786792158,731.197516988762,720.583817550476,723.4241333007812,6964838,0.0,0.0,AXISBANK
2022-07-29,731.3968923577526,732.4432989298249,720.5340449427604,722.278076171875,6624854,0.0,0.0,AXISBANK
2022-08-01,723.5237570663771,729.8022568424667,717.9428818936258,728.307373046875,5493105,0.0,0.0,AXISBANK
2022-08-02,724.5203731412562,731.8452796805994,718.6404723296756,727.9586181640625,7275626,0.0,0.0,AXISBANK
2022-08-03,727.5101282431768,735.9811365857344,725.0186552012481,728.0084228515625,9458761,0.0,0.0,AXISBANK
2022-08-04,732.6925067186693,734.1873907527144,709.7709515299788,719.1388549804688,7466635,0.0,0.0,AXISBANK
2022-08-05,721.5306072248198,728.7060618930041,718.7401695280204,726.0152587890625,4583196,0.0,0.0,AXISBANK
2022-08-08,727.5101896498355,744.8009896894869,725.6166456473508,743.0071411132812,8191870,0.0,0.0,AXISBANK
2022-08-10,742.459027983339,745.2992831555691,733.6392370152699,736.4794921875,9069541,0.0,0.0,AXISBANK
2022-08-11,740.5156209586502,758.0556280395675,740.5156209586502,756.26171875,12384073,0.0,0.0,AXISBANK
2022-08-12,756.1123277448064,759.4010603288651,750.8304165247139,757.9559936523438,4614341,0.0,0.0,AXISBANK
2022-08-16,762.3907130301294,769.366837201647,755.8630661493188,762.0419311523438,7051498,0.0,0.0,AXISBANK
2022-08-17,768.7689279255965,771.1108881987047,763.6364692500905,769.4664916992188,7674390,0.0,0.0,AXISBANK
2022-08-18,769.3669204207018,773.3532775213273,759.5006622658611,762.4406127929688,9449924,0.0,0.0,AXISBANK
2022-08-19,769.3668020317656,770.0146092917265,747.6909886325546,754.916259765625,7553270,0.0,0.0,AXISBANK
2022-08-22,750.8303565131084,751.8767630479931,736.6787771629648,739.3197021484375,4994311,0.0,0.0,AXISBANK
2022-08-23,735.4828932845968,748.289041282675,731.2972061167675,744.5020141601562,6594634,0.0,0.0,AXISBANK
2022-08-24,742.4589718300164,749.4849136933476,739.4692041582177,747.5914306640625,6875820,0.0,0.0,AXISBANK
2022-08-25,751.3286401681897,756.0125608585573,737.4760256263093,740.8145751953125,6320890,0.0,0.0,AXISBANK
2022-08-26,745.4487161313889,752.4248404802121,738.771556374977,742.3593139648438,4613713,0.0,0.0,AXISBANK
2022-08-29,727.5100923266657,732.3934035785527,719.5871962790828,726.2145385742188,5904146,0.0,0.0,AXISBANK
2022-08-30,730.4998677774659,750.9797632284784,730.4998677774659,748.936767578125,9193270,0.0,0.0,AXISBANK
2022-09-01,730.9982382932499,752.3252732572747,730.9982382932499,741.6119384765625,9353805,0.0,0.0,AXISBANK
2022-09-02,746.4453161376152,751.9763740717708,737.72516057526,747.6412353515625,7767812,0.0,0.0,AXISBANK
2022-09-05,747.6412780027727,756.2119213422034,746.7941406322013,753.5211181640625,5894055,0.0,0.0,AXISBANK
2022-09-06,755.4146080729167,758.9524875416358,746.2459753346046,747.44189453125,7606181,0.0,0.0,AXISBANK
2022-09-07,740.6153289926856,755.4146550948194,736.5292765520527,752.8235473632812,10156460,0.0,0.0,AXISBANK
2022-09-08,759.1518479151847,779.532109886771,754.517683652912,777.0904541015625,13410790,0.0,0.0,AXISBANK
2022-09-09,785.2625590606332,785.2625590606332,777.3396618799218,782.173095703125,8732302,0.0,0.0,AXISBANK
2022-09-12,786.3089341295793,802.2543624515986,784.1164255699052,798.2680053710938,15521649,0.0,0.0,AXISBANK
2022-09-13,802.2543782903807,806.1909181504941,800.4107124350408,802.802490234375,9887516,0.0,0.0,AXISBANK
2022-09-14,791.6904533447475,808.582590951781,791.6904533447475,800.3109130859375,10494713,0.0,0.0,AXISBANK
2022-09-15,802.752676043933,803.7492653375939,784.9635814828774,787.3055419921875,5996899,0.0,0.0,AXISBANK
2022-09-16,783.3690557651937,789.896703920317,773.4529794487761,786.6079711914062,11467351,0.0,0.0,AXISBANK
2022-09-19,786.6078952792717,799.2645911195029,784.0167875191531,795.3778686523438,11427799,0.0,0.0,AXISBANK
2022-09-20,804.0481871266487,813.4161503188008,799.2645709373078,809.9779052734375,8274079,0.0,0.0,AXISBANK
2022-09-21,806.4898142497095,813.2167913843225,800.6099136086641,803.7990112304688,6567084,0.0,0.0,AXISBANK
2022-09-22,802.254337560139,806.0413645037225,781.6249281431966,786.5082397460938,7804275,0.0,0.0,AXISBANK
2022-09-23,786.3088364710402,786.3088364710402,761.6432550988497,765.9783935546875,10278805,0.0,0.0,AXISBANK
2022-09-26,756.4112263924375,760.8958779323136,738.472620232933,740.067138671875,11090327,0.0,0.0,AXISBANK
2022-09-27,743.8043484719426,751.5777931378958,728.0084334861625,734.9845581054688,11358306,0.0,0.0,AXISBANK
2022-09-28,731.3969039601302,731.3969039601302,705.2862524075028,714.0064086914062,13170668,0.0,0.0,AXISBANK
2022-09-29,719.7865835091667,728.3074094040037,708.5749544825442,716.5476684570312,12090981,0.0,0.0,AXISBANK
2022-09-30,717.5442290519848,735.2336874765301,711.9633538234826,730.69921875,9536017,0.0,0.0,AXISBANK
2022-10-03,728.5067120515447,739.4691933546459,718.5906372528893,720.2848510742188,6405645,0.0,0.0,AXISBANK
2022-10-04,730.8985770794079,741.9606933751628,729.503327804727,740.2664794921875,5438934,0.0,0.0,AXISBANK
2022-10-06,747.4419551684598,757.8065079442553,743.455598074228,752.5245361328125,9376433,0.0,0.0,AXISBANK
2022-10-07,751.2289536800355,754.9163460173976,739.7681774698704,753.1224975585938,7500540,0.0,0.0,AXISBANK
2022-10-10,745.4487424879654,776.0440439506614,742.4589748041901,774.2003173828125,14106654,0.0,0.0,AXISBANK
2022-10-11,777.3396083789139,792.786741622341,771.858367550601,782.8706665039062,15953495,0.0,0.0,AXISBANK
2022-10-12,786.8071863065097,808.03452444932,780.7778337130018,805.9417114257812,21228018,0.0,0.0,AXISBANK
2022-10-13,804.2475337078446,812.1704304989873,792.8863918005101,799.2645874023438,13024911,0.0,0.0,AXISBANK
2022-10-14,812.7683707735199,817.9008298687482,791.7403614092467,797.7697143554688,8220645,0.0,0.0,AXISBANK
2022-10-17,800.7594087772773,814.2133627517555,794.3812136734007,811.3731079101562,9463827,0.0,0.0,AXISBANK
2022-10-18,817.2031878991659,820.0933210652114,808.7819965413942,813.5656127929688,8470882,0.0,0.0,AXISBANK
2022-10-19,815.6584507568261,835.5902349486871,814.1137496473525,827.01953125,10868663,0.0,0.0,AXISBANK
2022-10-20,822.086492004441,829.0626167149702,814.1635953463724,823.033203125,11813817,0.0,0.0,AXISBANK
2022-10-21,857.1663260001511,902.9097935121881,852.9308220018875,897.3289184570312,58057724,0.0,0.0,AXISBANK
2022-10-24,912.8757922339014,915.3174481667359,901.9133100127519,906.34814453125,3085307,0.0,0.0,AXISBANK
2022-10-25,902.6108846710398,907.4941354391532,888.5589399245156,899.7705688476562,13187308,0.0,0.0,AXISBANK
2022-10-27,905.8996382375723,916.8123028107809,898.1760714649197,912.0286865234375,11967044,0.0,0.0,AXISBANK
2022-10-28,911.8791633658477,914.8191138175054,895.8341007783994,899.9699096679688,7320207,0.0,0.0,AXISBANK
2022-10-31,904.9030295534112,914.8689219493739,899.0231287090013,902.9098510742188,9038777,0.0,0.0,AXISBANK
2022-11-01,900.9166754418196,900.9166754418196,866.0360519457314,868.7766723632812,29191921,0.0,0.0,AXISBANK
2022-11-02,872.0156349094665,874.0088135035453,858.6613139983452,860.6046752929688,11029140,0.0,0.0,AXISBANK
2022-11-03,854.9739180531168,877.3971755525366,853.0803742001519,861.1029052734375,10185978,0.0,0.0,AXISBANK
2022-11-04,866.0360537722484,869.9227761579447,859.3588936663758,865.1390991210938,7323879,0.0,0.0,AXISBANK
2022-11-07,873.2613275640971,873.8094394844759,858.3623061580925,869.9725952148438,9931261,0.0,0.0,AXISBANK
2022-11-09,872.065402882393,877.7459737196048,865.5377555214042,870.7200317382812,10190209,0.0,0.0,AXISBANK
2022-11-10,840.8223266601562,853.7779863596132,838.1315236341042,840.8223266601562,18956575,0.0,0.0,AXISBANK
2022-11-11,844.1111304030767,851.7848801175921,841.2708752514038,847.7985229492188,19329819,0.0,0.0,AXISBANK
2022-11-14,847.5991175076656,850.9875451300805,844.4598371861053,848.097412109375,6985306,0.0,0.0,AXISBANK
2022-11-15,848.3465293022053,856.9171718166415,844.3103553369997,855.7213134765625,7124767,0.0,0.0,AXISBANK
2022-11-16,855.0735294516383,858.6612262234416,847.6987450766258,852.482421875,6521854,0.0,0.0,AXISBANK
2022-11-17,852.482511344821,858.4620471433763,849.7917080700744,855.27294921875,4909607,0.0,0.0,AXISBANK
2022-11-18,856.3691048060786,862.8469347377841,852.083783324346,856.2694702148438,7065304,0.0,0.0,AXISBANK
2022-11-21,857.0668091019095,867.979474243662,856.0702197890002,867.08251953125,7209207,0.0,0.0,AXISBANK
2022-11-22,871.9658314952989,874.0088274213658,865.3883055339074,867.08251953125,5535233,0.0,0.0,AXISBANK
2022-11-23,870.9194155283196,874.8060773107314,865.786956291167,871.7166748046875,5861417,0.0,0.0,AXISBANK
2022-11-24,875.0052938819715,877.7957314009379,870.1219826035483,875.5534057617188,4928778,0.0,0.0,AXISBANK
2022-11-25,879.9882472861958,888.7582199182167,877.8954343357848,884.7220458984375,7614047,0.0,0.0,AXISBANK
2022-11-28,884.6722734429534,896.4320142155716,882.2804349552773,888.6586303710938,7928147,0.0,0.0,AXISBANK
2022-11-29,891.3494027815202,898.8238217645038,886.9643859807123,889.5056762695312,5661158,0.0,0.0,AXISBANK
2022-11-30,891.9473428289702,902.0128695178131,882.4299280401573,898.176025390625,10452798,0.0,0.0,AXISBANK
2022-12-01,906.3979657738523,906.3979657738523,896.4320728021772,900.7672119140625,7053100,0.0,0.0,AXISBANK
2022-12-02,895.2360715833464,903.9064098409317,888.3596425581412,902.062744140625,7988851,0.0,0.0,AXISBANK
2022-12-05,903.9064405460773,904.205405152637,894.5384773606733,896.133056640625,5098164,0.0,0.0,AXISBANK
2022-12-06,894.4388764957206,903.8068400343795,892.6450279617385,901.5645141601562,5351099,0.0,0.0,AXISBANK
2022-12-07,899.7207159776931,914.8688839558654,896.780765677581,911.5303344726562,9103656,0.0,0.0,AXISBANK
2022-12-08,912.5269413357121,940.7304040255987,910.6333974916685,936.1460571289062,17466047,0.0,0.0,AXISBANK
2022-12-09,940.7802378141974,941.7768270491702,924.4361500298539,930.515380859375,8018981,0.0,0.0,AXISBANK
2022-12-12,926.7283912065303,937.9400205509244,918.8553116027852,935.4485473632812,7621788,0.0,0.0,AXISBANK
2022-12-13,936.9932176587412,946.0621554317456,933.4054598907215,941.378173828125,8136559,0.0,0.0,AXISBANK
2022-12-14,942.4247062763695,946.909358175862,935.2990683719378,939.185791015625,8573479,0.0,0.0,AXISBANK
2022-12-15,936.5447137238829,941.7269898013448,929.4190765140005,934.9501953125,7359261,0.0,0.0,AXISBANK
2022-12-16,929.070328463923,941.9761714189226,925.9310479951191,931.9105834960938,6926928,0.0,0.0,AXISBANK
2022-12-19,931.9105406211092,944.8662002771619,929.2197984310499,942.9727172851562,4842336,0.0,0.0,AXISBANK
2022-12-20,940.5310847439807,949.5003878037909,937.2423524541128,946.5106201171875,9511818,0.0,0.0,AXISBANK
2022-12-21,949.8492231848704,955.6294896993481,924.8348564626333,929.1201782226562,8368960,0.0,0.0,AXISBANK
2022-12-22,932.8075406279887,932.8075406279887,909.8361705161678,916.4136352539062,9202717,0.0,0.0,AXISBANK
2022-12-23,908.8893575177798,914.1214508587537,900.9166438553431,903.5077514648438,6371695,0.0,0.0,AXISBANK
2022-12-26,904.9030008962383,929.7679138021197,902.012867862144,925.5324096679688,4764440,0.0,0.0,AXISBANK
2022-12-27,929.269655124141,934.601383262467,919.4532145492958,929.0205078125,3346083,0.0,0.0,AXISBANK
2022-12-28,927.7747642872207,934.2525943412428,918.1576537993037,921.5460815429688,5956496,0.0,0.0,AXISBANK
2022-12-29,919.6525036318719,940.7802068840708,912.676379216418,931.3624267578125,12204113,0.0,0.0,AXISBANK
2022-12-30,938.0396662332926,940.2819921286709,927.1768186759997,930.5652465820312,3704449,0.0,0.0,AXISBANK
2023-01-02,929.0703424360158,941.7768555666773,928.621865101302,938.388427734375,3498198,0.0,0.0,AXISBANK
2023-01-03,941.5276931089132,962.3065546223346,939.3850018925066,959.017822265625,6927819,0.0,0.0,AXISBANK
2023-01-04,960.213739989154,966.6915700980585,951.742731385202,954.1843872070312,9059392,0.0,0.0,AXISBANK
2023-01-05,956.7256487849822,958.6191926289939,935.0498333046975,946.311279296875,6998980,0.0,0.0,AXISBANK
2023-01-06,943.3215570212211,947.7065741198771,931.1133385197832,936.6942749023438,5787783,0.0,0.0,AXISBANK
2023-01-09,943.5707263042906,956.7257170795307,938.1393025158903,955.47998046875,7025747,0.0,0.0,AXISBANK
2023-01-10,960.7120239414986,960.7120239414986,939.5345026668546,948.9024658203125,7140150,0.0,0.0,AXISBANK
2023-01-11,949.7495351110077,952.4901554903943,939.5843128111604,946.5106201171875,7100355,0.0,0.0,AXISBANK
2023-01-12,946.1119894438225,946.4608321809351,920.8484760391259,932.3590698242188,8661375,0.0,0.0,AXISBANK
2023-01-13,932.3092383369376,934.2525995293321,919.8518727792554,930.9638671875,9083608,0.0,0.0,AXISBANK
2023-01-16,937.242334692892,938.5378885004728,908.5903949059118,910.0354614257812,10008273,0.0,0.0,AXISBANK
2023-01-17,911.829325913297,916.5631247441648,903.6074647860002,914.5699462890625,6904960,0.0,0.0,AXISBANK
2023-01-18,918.7556366521252,922.4429681462949,910.1351154707211,920.8484497070312,5730939,0.0,0.0,AXISBANK
2023-01-19,920.4497682108009,934.8006771373034,917.6095132986909,925.5324096679688,7721730,0.0,0.0,AXISBANK
2023-01-20,928.073723261331,931.6614201694555,921.4962586541096,927.3760986328125,4511360,0.0,0.0,AXISBANK
2023-01-23,932.8075311636263,936.4949235269983,921.2969375758814,929.518798828125,5236124,0.0,0.0,AXISBANK
2023-01-24,931.8109832031279,931.8109832031279,900.6675679891196,907.0955810546875,18527897,0.0,0.0,AXISBANK
2023-01-25,901.91333677878,904.3549927840754,881.1842910381013,889.3064575195312,11921748,0.0,0.0,AXISBANK
2023-01-27,889.3063717030234,889.4558844177508,848.0974315288581,870.7698364257812,17300736,0.0,0.0,AXISBANK
2023-01-30,848.9944352226827,882.4798108284638,843.2640468406797,868.8763427734375,21233998,0.0,0.0,AXISBANK
2023-01-31,870.0223854634925,876.3008853581426,858.1629494637257,868.6271362304688,16856151,0.0,0.0,AXISBANK
2023-02-01,873.3111233597779,892.1466839925503,830.4577867997157,854.3261108398438,12409819,0.0,0.0,AXISBANK
2023-02-02,848.0476635998052,869.0258558679175,834.1950482179066,865.4879760742188,9567053,0.0,0.0,AXISBANK
2023-02-03,870.0223676634544,881.9814380093438,856.3192662254561,879.589599609375,7365732,0.0,0.0,AXISBANK
2023-02-06,868.8763137991926,896.083249001981,867.6305772359507,879.6395263671875,10129098,0.0,0.0,AXISBANK
2023-02-07,883.8251289861092,885.3698909449143,868.5275087282845,876.1015625,5055187,0.0,0.0,AXISBANK
2023-02-08,879.0913466949038,883.4265463970343,865.2886100136724,868.7766723632812,6572818,0.0,0.0,AXISBANK
2023-02-09,873.1616695915421,873.1616695915421,859.6080197009062,864.740478515625,5993312,0.0,0.0,AXISBANK
2023-02-10,869.0756696020493,869.7234769649492,862.1992400651038,864.2920532226562,4603464,0.0,0.0,AXISBANK
2023-02-13,864.29208813204,867.4811861227729,853.5787529375524,856.1698608398438,5707194,0.0,0.0,AXISBANK
2023-02-14,859.6080463082112,868.9261923015049,851.3363676900806,867.7800903320312,7527755,0.0,0.0,AXISBANK
2023-02-15,869.0258323587835,869.2251623756382,858.6612797521524,865.3384399414062,7322266,0.0,0.0,AXISBANK
2023-02-16,869.8230066464906,871.3178903864285,859.3090031743221,861.8004760742188,5843235,0.0,0.0,AXISBANK
2023-02-17,858.0634235859713,865.2886963165153,847.1009408223875,851.9842529296875,8420479,0.0,0.0,AXISBANK
2023-02-20,856.767781292412,858.2626651515379,839.6264342090392,843.8619384765625,5992322,0.0,0.0,AXISBANK
2023-02-21,846.10427152094,846.10427152094,834.5438605753566,841.171142578125,9677064,0.0,0.0,AXISBANK
2023-02-22,837.1349722556811,840.1247400137371,826.7206023997231,830.5076293945312,6984037,0.0,0.0,AXISBANK
2023-02-23,830.2086466297461,845.3568151047107,827.3683916524938,841.4700927734375,8437003,0.0,0.0,AXISBANK
2023-02-24,847.2005400329061,851.6851918852019,841.5698469812138,848.4961547851562,7763814,0.0,0.0,AXISBANK
2023-02-27,848.9445619324921,855.5220877394029,843.0647216206131,851.43603515625,8064267,0.0,0.0,AXISBANK
2023-02-28,853.0305661731592,854.6749019114627,837.1349557410143,841.220947265625,13012372,0.0,0.0,AXISBANK
2023-03-01,843.1642677855706,865.7868544499753,842.1676786005922,862.1991577148438,12345125,0.0,0.0,AXISBANK
2023-03-02,863.0463034801193,863.8435627267138,840.6230450178759,842.56640625,13900508,0.0,0.0,AXISBANK
2023-03-03,846.8516882252868,855.6714784761886,842.7158186386732,849.7418212890625,7977804,0.0,0.0,AXISBANK
2023-03-06,854.0271909606967,860.8039858619996,852.6817589439127,856.5684814453125,10781567,0.0,0.0,AXISBANK
2023-03-08,855.5718330502939,859.5581898728927,850.1404097141072,858.0134887695312,8785735,0.0,0.0,AXISBANK
2023-03-09,859.5582380054627,871.2681618275661,859.059943374735,864.8401489257812,14746065,0.0,0.0,AXISBANK
2023-03-10,856.6680731334445,858.66125158264,842.6161893974077,848.994384765625,11198583,0.0,0.0,AXISBANK
2023-03-13,842.7157930695566,854.0769341439188,825.6243249909841,829.510986328125,8315798,0.0,0.0,AXISBANK
2023-03-14,825.1759048131482,832.8496542576039,814.6120830195212,830.0093383789062,12573734,0.0,0.0,AXISBANK
2023-03-15,835.19156766045,840.622990970826,816.5553374379656,821.2393188476562,6652641,0.0,0.0,AXISBANK
2023-03-16,818.6980428258025,835.0421303365613,811.5225882887138,827.7171630859375,8791383,0.0,0.0,AXISBANK
2023-03-17,832.1520456835085,838.6298759792484,820.1929743682964,834.5438842773438,7762461,0.0,0.0,AXISBANK
2023-03-20,833.1485971970394,838.1315433525241,822.7342275666805,834.6932983398438,10744023,0.0,0.0,AXISBANK
2023-03-21,837.2346288723759,854.425793933386,835.8892576766549,852.6817626953125,11489951,0.0,0.0,AXISBANK
2023-03-22,852.681732533427,856.8674195221396,844.1609066656426,846.7520751953125,8018924,0.0,0.0,AXISBANK
2023-03-23,844.1110588183182,858.2128204363339,842.2175149931294,845.9049072265625,9857892,0.0,0.0,AXISBANK
2023-03-24,843.3636567920377,849.5923396339286,834.3943534997146,837.0353393554688,8078718,0.0,0.0,AXISBANK
2023-03-27,838.1813788056045,839.327480776985,826.3718204920756,830.5076293945312,10602508,0.0,0.0,AXISBANK
2023-03-28,834.5439080319325,834.5439080319325,823.2325829281377,829.6107788085938,11002402,0.0,0.0,AXISBANK
2023-03-29,829.6605471665011,845.5561578031353,827.169074051887,839.72607421875,17121194,0.0,0.0,AXISBANK
2023-03-31,851.9841415470137,857.9636768181534,844.6093570484835,855.5718383789062,12946752,0.0,0.0,AXISBANK
2023-04-03,861.0530717852805,863.8435093895595,853.5288354645894,861.6510009765625,13266882,0.0,0.0,AXISBANK
2023-04-05,868.0291889906623,868.0291889906623,854.076940258321,857.5650024414062,11890015,0.0,0.0,AXISBANK
2023-04-06,858.8606305796732,860.3056972031577,846.1042999426364,849.0442504882812,19677316,0.0,0.0,AXISBANK
2023-04-10,851.8844406128331,852.0339533244347,841.071472065005,844.4598388671875,15656078,0.0,0.0,AXISBANK
2023-04-11,845.3568238993734,852.7814259121615,841.1711369206824,850.3895874023438,23930907,0.0,0.0,AXISBANK
2023-04-12,851.9841829804615,853.7282141860258,843.7623215828012,848.1472778320312,13480335,0.0,0.0,AXISBANK
2023-04-13,850.7383996311652,864.740465803461,842.1178786725427,861.40185546875,23934570,0.0,0.0,AXISBANK
2023-04-17,878.9917525763007,878.9917525763007,858.0633775149602,861.6012573242188,22577380,0.0,0.0,AXISBANK
2023-04-18,862.3985130417266,869.0258561146786,854.1766514443113,860.4053344726562,17238709,0.0,0.0,AXISBANK
2023-04-19,862.0496470038056,871.5172442830382,859.6079913295556,870.4210205078125,23494247,0.0,0.0,AXISBANK
2023-04-20,871.8162791734077,872.61353842213,861.2026399691414,865.7869262695312,19444753,0.0,0.0,AXISBANK
2023-04-21,867.8299061208056,870.8694911657597,854.5752812705765,861.25244140625,15520786,0.0,0.0,AXISBANK
2023-04-24,865.0394358505833,881.3835232550492,857.5650167620126,879.2906494140625,18201632,0.0,0.0,AXISBANK
2023-04-25,881.9815301851463,892.7446824559073,871.4177079397109,875.3541870117188,36394389,0.0,0.0,AXISBANK
2023-04-26,874.4074574520372,886.4163460948365,872.214948873526,884.6224975585938,19468723,0.0,0.0,AXISBANK
2023-04-27,884.9712636188237,886.9644421404878,874.5070763800876,878.393798828125,15992383,0.0,0.0,AXISBANK
2023-04-28,882.0810759982311,887.0142047003216,850.7383943408122,857.0667114257812,23004117,0.0,0.0,AXISBANK
2023-05-02,867.032612604655,873.4108078787448,861.3022246477851,867.680419921875,12947953,0.0,0.0,AXISBANK
2023-05-03,860.9035319813389,863.8932994976165,851.1369702602273,856.9171752929688,15103015,0.0,0.0,AXISBANK
2023-05-04,857.0666812332491,864.192318088246,854.5752083226874,862.9963989257812,9756391,0.0,0.0,AXISBANK
2023-05-05,864.1922981848815,881.9813900257986,859.8072816324947,862.3485717773438,14343308,0.0,0.0,AXISBANK
2023-05-08,862.348624053753,878.3937466970889,862.348624053753,875.4537963867188,7007882,0.0,0.0,AXISBANK
2023-05-09,879.1910451750226,887.1637591447313,876.9985366679567,885.2203979492188,12117151,0.0,0.0,AXISBANK
2023-05-10,888.9575590656924,889.4558536615812,874.5568330791094,886.86474609375,11893027,0.0,0.0,AXISBANK
2023-05-11,887.9610360069609,896.9303394009706,885.9678574749587,892.8941650390625,13816121,0.0,0.0,AXISBANK
2023-05-12,892.1467505831944,910.4839571465301,890.9508312617417,907.5440673828125,10533272,0.0,0.0,AXISBANK
2023-05-15,907.5440543286596,916.3638451469153,906.0491704050921,912.6764526367188,7339579,0.0,0.0,AXISBANK
2023-05-16,913.0750982034878,919.3535984175281,908.8894111184669,914.6696166992188,12567615,0.0,0.0,AXISBANK
2023-05-17,914.570003878146,915.7659231919084,908.1419907902832,911.6798706054688,10248327,0.0,0.0,AXISBANK
2023-05-18,916.8621110610288,926.3297089469851,909.4873262717023,911.5802001953125,13614127,0.0,0.0,AXISBANK
2023-05-19,917.7590348551536,923.838204751964,905.8497815389638,920.8982543945312,8393002,0.0,0.0,AXISBANK
2023-05-22,919.8518948703927,924.5856938959987,911.2812514916671,914.4204711914062,9383158,0.0,0.0,AXISBANK
2023-05-23,914.420518141257,919.3536474392549,909.2881196409037,913.0253295898438,8273445,0.0,0.0,AXISBANK
2023-05-24,908.0422990139986,917.7091658596611,907.0955270824292,914.5699462890625,6248545,0.0,0.0,AXISBANK
2023-05-25,913.5733694330196,920.3999814033983,909.3378651585706,917.9085083007812,8149350,0.0,0.0,AXISBANK
2023-05-26,914.8689054147029,924.7351630391825,911.879137749949,923.7883911132812,4908462,0.0,0.0,AXISBANK
2023-05-29,927.8245813613808,934.5017414270144,924.8846309414025,926.628662109375,7133871,0.0,0.0,AXISBANK
2023-05-30,927.6252815270212,936.4949503720625,924.8846610310455,934.2526245117188,7804403,0.0,0.0,AXISBANK
2023-05-31,934.152934014655,936.6942853313651,907.0955716533429,911.7296752929688,34757004,0.0,0.0,AXISBANK
2023-06-01,918.8553145613342,927.7748007672122,912.9255961902546,916.5631713867188,11817533,0.0,0.0,AXISBANK
2023-06-02,919.5030999135525,927.3263012298903,917.1112613721726,922.9412841796875,11616991,0.0,0.0,AXISBANK
2023-06-05,924.4361127448595,950.6464572290907,924.4361127448595,947.6068115234375,14520005,0.0,0.0,AXISBANK
2023-06-06,947.8559927414005,967.438995450353,947.8559927414005,964.897705078125,14457988,0.0,0.0,AXISBANK
2023-06-07,969.6315520034975,977.9032308609246,964.7980574999955,973.4185791015625,15795824,0.0,0.0,AXISBANK
2023-06-08,969.7310840358085,971.5249323844282,956.6259728879411,958.8184204101562,10209982,0.0,0.0,AXISBANK
2023-06-09,963.7018480048971,978.3517228028397,960.0144554489956,971.4254150390625,12947464,0.0,0.0,AXISBANK
2023-06-12,969.6813999968548,974.5647119535321,965.2963826958801,970.8773193359375,7465375,0.0,0.0,AXISBANK
2023-06-13,970.9769544408156,986.3244541752177,970.9769544408156,982.487548828125,15233785,0.0,0.0,AXISBANK
2023-06-14,982.6370353482635,984.8295439414147,972.6711424948328,974.3653564453125,8644423,0.0,0.0,AXISBANK
2023-06-15,984.9789505278337,985.6267578642999,968.8840708061163,973.8171997070312,15978311,0.0,0.0,AXISBANK
2023-06-16,979.447884977415,982.0888707728268,973.8670096093874,978.2021484375,8860900,0.0,0.0,AXISBANK
2023-06-19,980.4943212217917,982.6370124661768,957.7222809127747,962.3564453125,11025846,0.0,0.0,AXISBANK
2023-06-20,962.6554768953591,973.6677768426657,955.2806915117136,971.5250854492188,7596593,0.0,0.0,AXISBANK
2023-06-21,974.963173797732,974.963173797732,959.8648843536728,962.7051391601562,7805855,0.0,0.0,AXISBANK
2023-06-22,958.9182053403447,970.1298345995613,955.4301429041441,963.3031616210938,10135883,0.0,0.0,AXISBANK
2023-06-23,956.7256830250307,962.2069239173616,951.2942594299611,955.1311645507812,6188008,0.0,0.0,AXISBANK
2023-06-26,956.2273971509471,960.2137542000391,949.8492015416074,957.2738037109375,5799528,0.0,0.0,AXISBANK
2023-06-27,963.7018588301519,972.6711625834831,957.5229929680157,969.9305419921875,6921886,0.0,0.0,AXISBANK
2023-06-28,975.6608456357774,980.6437917319764,963.7017750048997,974.8635864257812,10010996,0.0,0.0,AXISBANK
2023-06-30,973.7672963918446,986.4738088667332,972.6710725875475,984.08203125,7096350,0.0,0.0,AXISBANK
2023-07-03,986.6233232732941,986.6233232732941,974.6642526881633,978.750244140625,5562743,0.0,0.0,AXISBANK
2023-07-04,978.7503024276746,981.4909229333113,965.695007258889,967.3892211914062,7396806,0.0,0.0,AXISBANK
2023-07-05,965.6949642870135,972.1727942848107,958.8184742662522,963.2034912109375,8200047,0.0,0.0,AXISBANK
2023-07-06,957.7222801183558,982.7366462464298,957.7222801183558,977.604248046875,10221727,0.0,0.0,AXISBANK
2023-07-07,973.9130645384746,987.0814787156783,969.4737047169295,974.3619995117188,6236524,1.0,0.0,AXISBANK
2023-07-10,974.3620532040981,983.6397793098383,958.1010832290181,961.7423095703125,7138850,0.0,0.0,AXISBANK
2023-07-11,965.583097735668,969.4238573789243,948.324461185316,950.9182739257812,10616390,0.0,0.0,AXISBANK
2023-07-12,954.4098648389429,955.2578057543188,944.7330725097656,947.7258911132812,10141257,0.0,0.0,AXISBANK
2023-07-13,954.0108031066665,963.6875954876132,949.8707738830849,957.8516235351562,13079930,0.0,0.0,AXISBANK
2023-07-14,962.1413436836285,964.6852274002033,945.4813074131775,954.759033203125,5383514,0.0,0.0,AXISBANK
2023-07-17,957.7020391189277,966.5807594622152,948.1749112200871,962.5404052734375,8472444,0.0,0.0,AXISBANK
2023-07-18,961.6923995413861,977.6042309854672,949.0227883239745,961.34326171875,14457717,0.0,0.0,AXISBANK
2023-07-19,961.6924295201541,967.5783307784403,954.2103826099868,961.99169921875,7574544,0.0,0.0,AXISBANK
2023-07-20,961.5926560411982,977.5543554985788,955.3076881686135,975.5591430664062,15329753,0.0,0.0,AXISBANK
2023-07-21,969.274123186583,982.6420701204911,965.6827653569902,968.974853515625,6230317,0.0,0.0,AXISBANK
2023-07-24,971.1197827748352,982.5922542544857,966.4808895165734,969.1744384765625,9167788,0.0,0.0,AXISBANK
2023-07-25,975.3096804344035,975.3096804344035,951.5167371373285,960.1959228515625,13448045,0.0,0.0,AXISBANK
2023-07-26,964.535537018173,977.6540829976909,960.9940471606344,974.4617309570312,8298226,0.0,0.0,AXISBANK
2023-07-27,986.9816883223583,987.63015672027,953.4621437226243,957.6022338867188,17858061,0.0,0.0,AXISBANK
2023-07-28,957.6022192953338,967.4286160462416,939.9445773118847,947.676025390625,8504392,0.0,0.0,AXISBANK
2023-07-31,952.4147110158074,956.3053389062444,946.0300065799897,951.6166381835938,6601991,0.0,0.0,AXISBANK
2023-08-01,953.7115452773517,961.6923950286265,949.7211204017142,957.6022338867188,8409096,0.0,0.0,AXISBANK
2023-08-02,949.2223437293375,956.6046543104943,934.3579862979757,942.9873046875,9324465,0.0,0.0,AXISBANK
2023-08-03,941.8400068329499,944.3340223800016,924.9306301351812,933.3104858398438,17076611,0.0,0.0,AXISBANK
2023-08-04,944.7330873809358,952.5642718277866,932.412674958146,949.9705200195312,12376086,0.0,0.0,AXISBANK
2023-08-07,949.970568190003,952.7139854255214,942.2889877527402,945.1322021484375,10922609,0.0,0.0,AXISBANK
2023-08-08,947.7259360784058,957.6022622942126,941.7901667219988,950.6190185546875,11512735,0.0,0.0,AXISBANK
2023-08-09,949.721103515625,951.0179793993384,942.0395235887916,947.7258911132812,7701831,0.0,0.0,AXISBANK
2023-08-10,945.7307399740623,949.671296901765,935.0563407522403,937.50048828125,13590891,0.0,0.0,AXISBANK
2023-08-11,935.2558126509883,943.436195670119,930.7665847502635,934.95654296875,9558237,0.0,0.0,AXISBANK
2023-08-14,932.7617883498599,941.0419075552627,926.6764149419139,937.699951171875,7172522,0.0,0.0,AXISBANK
2023-08-16,933.7094884411482,937.7497811715781,929.0705954871806,930.81640625,7394623,0.0,0.0,AXISBANK
2023-08-17,933.7095050884316,940.7426163948037,929.4198107439744,934.3080444335938,9336994,0.0,0.0,AXISBANK
2023-08-18,932.6121582533107,943.6856239218536,928.821266763245,940.7925415039062,6648744,0.0,0.0,AXISBANK
2023-08-21,941.9397855724528,951.9657156977736,941.6903840226237,950.3196411132812,6822155,0.0,0.0,AXISBANK
2023-08-22,951.5666810794194,956.8041138031537,946.3791773785815,954.759033203125,10860061,0.0,0.0,AXISBANK
2023-08-23,959.697176619942,978.1030234221159,956.1058186098329,976.9058837890625,12677151,0.0,0.0,AXISBANK
2023-08-24,982.442608181207,991.8699992810248,976.7562404631382,979.0008544921875,11899556,0.0,0.0,AXISBANK
2023-08-25,971.6684508890794,985.834471283137,968.4760988315514,980.7466430664062,6228241,0.0,0.0,AXISBANK
2023-08-28,977.7538523475707,990.1241940903152,977.7538523475707,987.8297119140625,8451441,0.0,0.0,AXISBANK
2023-08-29,987.8297375619319,988.62781039756,975.1601257957769,978.3524780273438,8114141,0.0,0.0,AXISBANK
2023-08-30,980.6468949003569,995.6109879049402,977.6540762994402,980.9960327148438,9023083,0.0,0.0,AXISBANK
2023-08-31,979.4498589304843,992.3190046318973,966.2814435151199,971.1697387695312,21558300,0.0,0.0,AXISBANK
2023-09-01,971.9178957241338,990.6230130398408,966.6804628757358,988.7774658203125,10946742,0.0,0.0,AXISBANK
2023-09-04,991.3711528433405,992.1692256187629,977.654067709659,979.898681640625,6727188,0.0,0.0,AXISBANK
2023-09-05,983.0910106102176,983.8392152363522,975.5590962182727,979.1005859375,10548660,0.0,0.0,AXISBANK
2023-09-06,979.1006344891216,980.7965772369347,959.4976479567042,962.7398681640625,16351052,0.0,0.0,AXISBANK
2023-09-07,962.7398525327949,977.454544004202,960.7945082621547,975.8583984375,8686550,0.0,0.0,AXISBANK
2023-09-08,975.858420425993,984.9366127081339,970.1720527717824,977.953369140625,6439351,0.0,0.0,AXISBANK
2023-09-11,979.4497375011821,1001.5966069237196,976.6564523688461,998.0052490234375,7130484,0.0,0.0,AXISBANK
2023-09-12,1007.5822815964099,1007.5822815964099,995.660875096741,998.5040893554688,8958327,0.0,0.0,AXISBANK
2023-09-13,1000.5491956622612,1014.565551227565,991.3213378954422,1012.0216674804688,12254423,0.0,0.0,AXISBANK
2023-09-14,1012.0216046985313,1019.9525860325733,1006.6345069537728,1018.4561767578125,7855558,0.0,0.0,AXISBANK
2023-09-15,1018.5559813857484,1029.2802485746777,1012.1214088945802,1024.6912841796875,8986157,0.0,0.0,AXISBANK
2023-09-18,1019.1047057608484,1027.4347549170495,1016.5608218682338,1022.2970581054688,6397319,0.0,0.0,AXISBANK
2023-09-20,1009.8767878452892,1044.9925397848435,1009.8767878452892,1024.8409423828125,13619788,0.0,0.0,AXISBANK
2023-09-21,1024.1425468245343,1031.125790539965,1009.6772562711424,1012.0216674804688,8156588,0.0,0.0,AXISBANK
2023-09-22,1007.5822489565431,1024.7909556837712,1005.5870365823718,1015.8125,7108110,0.0,0.0,AXISBANK
2023-09-25,1012.7699017646486,1023.5440373483997,1002.7439708865614,1016.5109252929688,7123890,0.0,0.0,AXISBANK
2023-09-26,1016.5607167837618,1018.2566594998765,1008.5798671917402,1011.7223510742188,6387615,0.0,0.0,AXISBANK
2023-09-27,1007.5324757472272,1025.4893279174812,1001.5967061970333,1022.7459106445312,5158686,0.0,0.0,AXISBANK
2023-09-28,1024.5416840682083,1035.4654244908932,1022.7459439924806,1028.432373046875,15818489,0.0,0.0,AXISBANK
2023-09-29,1028.4322190332261,1038.5080169360645,1022.0475152267032,1034.21826171875,9528626,0.0,0.0,AXISBANK
2023-10-03,1032.52253853707,1042.199271104867,1030.1282590196217,1038.55810546875,11589322,0.0,0.0,AXISBANK
2023-10-04,1032.8715858941166,1034.5176605292681,986.4828961982525,993.1668701171875,22584212,0.0,0.0,AXISBANK
2023-10-05,997.606229461282,1006.7842189501363,986.5328246698826,1000.8484497070312,7950412,0.0,0.0,AXISBANK
2023-10-06,1002.5942480791412,1005.5870667301236,997.0076776195943,998.553955078125,5289753,0.0,0.0,AXISBANK
2023-10-09,992.4186321769971,997.3069268958444,985.8843237672277,993.8651733398438,6823214,0.0,0.0,AXISBANK
2023-10-10,997.5064314461529,1012.5203920923382,994.1145461203287,1009.8268432617188,5728499,0.0,0.0,AXISBANK
2023-10-11,1016.5607861898477,1023.1948922217821,1009.577542320045,1016.6605224609375,7396783,0.0,0.0,AXISBANK
2023-10-12,1019.5535749269535,1028.5320310662319,1012.5204631289959,1016.0120849609375,4920222,0.0,0.0,AXISBANK
2023-10-13,1006.5846966646947,1009.0288441317307,989.8747921363165,991.6704711914062,12173162,0.0,0.0,AXISBANK
2023-10-16,987.6301545262204,1007.0336076187124,987.6301545262204,1002.3947143554688,4646960,0.0,0.0,AXISBANK
2023-10-17,1006.434974625059,1012.2710073363514,1000.6987390656211,1005.6369018554688,6105067,0.0,0.0,AXISBANK
2023-10-18,1007.582298949754,1011.672460164127,986.9817058086751,990.4733276367188,7818946,0.0,0.0,AXISBANK
2023-10-19,977.3548502265622,996.60863857375,977.3548502265622,989.02685546875,4836625,0.0,0.0,AXISBANK
2023-10-20,986.6325530346243,990.523241653981,975.4094830430778,978.0032348632812,5664400,0.0,0.0,AXISBANK
2023-10-23,977.6541295951773,982.5424245987747,958.7993470259346,961.99169921875,5896695,0.0,0.0,AXISBANK
2023-10-25,957.7019377615809,971.6684243539373,949.1225489247531,953.162841796875,6957048,0.0,0.0,AXISBANK
2023-10-26,953.7115763735013,972.6660951507989,950.469356056332,969.72314453125,17540495,0.0,0.0,AXISBANK
2023-10-27,977.6540684991274,1002.3448217596922,970.970094832599,1000.349609375,13443016,0.0,0.0,AXISBANK
2023-10-30,1000.3496444881126,1000.3496444881126,976.8560300115275,986.8320922851562,5270567,0.0,0.0,AXISBANK
2023-10-31,995.6109984502658,995.6109984502658,975.6588742328256,979.4996337890625,7816805,0.0,0.0,AXISBANK
2023-11-01,975.5091991852343,976.9557403543356,965.6828024620821,969.4736938476562,5703984,0.0,0.0,AXISBANK
2023-11-02,975.6588222049864,985.9840215812912,971.6683975742911,980.5969848632812,5193982,0.0,0.0,AXISBANK
2023-11-03,983.6397567160894,989.026854790034,979.1505286174865,986.48291015625,4268048,0.0,0.0,AXISBANK
2023-11-06,992.6181502490323,1013.7674134673241,990.7226741492185,1006.9837036132812,6552178,0.0,0.0,AXISBANK
2023-11-07,1005.5870326392501,1019.7530526181287,1002.8436156355219,1018.4561767578125,6559859,0.0,0.0,AXISBANK
2023-11-08,1021.548754556056,1024.4916441513978,1013.1688380732181,1019.2542724609375,7643314,0.0,0.0,AXISBANK
2023-11-09,1022.2969496906434,1026.3871107399823,1014.2163638559787,1019.4537963867188,4407935,0.0,0.0,AXISBANK
2023-11-10,1015.4634502996684,1028.5320681288063,1014.216442457611,1026.736328125,3294063,0.0,0.0,AXISBANK
2023-11-13,1027.5843914030434,1029.3800096296538,1021.0500215960942,1022.8955688476562,5985481,0.0,0.0,AXISBANK
2023-11-15,1042.4985871681224,1042.4985871681224,1029.0808310971559,1038.8572998046875,7240388,0.0,0.0,AXISBANK
2023-11-16,1040.3038849672996,1041.5009638006536,1019.7032907817123,1023.8931884765625,6908825,0.0,0.0,AXISBANK
2023-11-17,1012.4705832200053,1017.5583506174719,989.4757109972611,991.9697265625,13268353,0.0,0.0,AXISBANK
2023-11-20,978.6517326742911,992.3688186317544,978.003264255226,986.3333129882812,8215656,0.0,0.0,AXISBANK
2023-11-21,987.5802951235795,995.112209948386,984.2882067571996,989.4258422851562,7061614,0.0,0.0,AXISBANK
2023-11-22,988.6277139119921,997.5064331756001,985.6348954036814,995.710693359375,6103988,0.0,0.0,AXISBANK
2023-11-23,996.6086401662712,1000.9981320061083,993.0172820348068,996.6585083007812,3112891,0.0,0.0,AXISBANK
2023-11-24,999.6014360116742,1008.3304904678639,997.3069538752861,1006.0858764648438,6956281,0.0,0.0,AXISBANK
2023-11-28,1010.6249804344942,1019.5037002486309,1006.8340889333878,1018.7056274414062,6173384,0.0,0.0,AXISBANK
2023-11-29,1024.6911797188884,1060.9541388588202,1018.7055428282886,1057.6121826171875,9422396,0.0,0.0,AXISBANK
2023-11-30,1060.1559456484747,1078.3124495964287,1052.923301478805,1071.6783447265625,24755589,0.0,0.0,AXISBANK
2023-12-01,1072.8257553160392,1106.3453000140453,1067.6381298956398,1102.0057373046875,14428758,0.0,0.0,AXISBANK
2023-12-04,1117.817750299184,1126.2974030234527,1096.4689532024638,1122.905517578125,14043213,0.0,0.0,AXISBANK
2023-12-05,1134.0786977616333,1149.0925969574525,1124.4517742475557,1129.739013671875,15804808,0.0,0.0,AXISBANK
2023-12-06,1132.3827752128796,1142.9573765954551,1115.2738044978198,1117.8177490234375,7342767,0.0,0.0,AXISBANK
2023-12-07,1116.5707453086986,1126.89594517818,1105.8464786014674,1115.174072265625,6439419,0.0,0.0,AXISBANK
2023-12-08,1113.178834877189,1131.634549261566,1108.8392723370227,1128.4920654296875,7300989,0.0,0.0,AXISBANK
2023-12-11,1126.2974708649378,1136.6726003551878,1111.183711625699,1113.827392578125,6924589,0.0,0.0,AXISBANK
2023-12-12,1117.319055316092,1131.1858072332268,1106.345386022809,1128.292724609375,9044111,0.0,0.0,AXISBANK
2023-12-13,1147.2470316224365,1148.2446377368906,1108.7892671989873,1112.18115234375,8184523,0.0,0.0,AXISBANK
2023-12-14,1129.68928946714,1135.8743992190675,1115.2239995129569,1117.767822265625,9421193,0.0,0.0,AXISBANK
2023-12-15,1116.520819325448,1125.1501373806013,1105.9462178758602,1117.6680908203125,12048410,0.0,0.0,AXISBANK
2023-12-18,1117.0195622278702,1117.31889278539,1104.549485299462,1108.6895751953125,7922468,0.0,0.0,AXISBANK
2023-12-19,1121.1099101400514,1124.1525360208302,1111.532793079096,1117.568359375,6824641,0.0,0.0,AXISBANK
2023-12-20,1119.3141580232493,1121.1597051403057,1100.0603096240868,1107.59228515625,9848057,0.0,0.0,AXISBANK
2023-12-21,1101.2576075640789,1101.2576075640789,1074.6214465620133,1092.7779541015625,10914682,0.0,0.0,AXISBANK
2023-12-22,1092.7779264108851,1103.6518590487801,1083.2009306279906,1085.6949462890625,10600025,0.0,0.0,AXISBANK
2023-12-26,1088.5878675270494,1098.015319450631,1084.0986395000405,1091.630615234375,5687517,0.0,0.0,AXISBANK
2023-12-27,1093.4263887566508,1107.8916795104105,1087.0416843441974,1103.70166015625,6132936,0.0,0.0,AXISBANK
2023-12-28,1104.5994586858894,1110.3356943033596,1095.37160138822,1105.197998046875,14097667,0.0,0.0,AXISBANK
2023-12-29,1098.8131922736902,1104.2002895797991,1091.331146509119,1099.6612548828125,8786731,0.0,0.0,AXISBANK
2024-01-01,1092.3786558542265,1101.3571105598776,1090.383443697415,1095.0721435546875,4083732,0.0,0.0,AXISBANK
2024-01-02,1092.478603887825,1096.7184305429569,1079.709316675706,1090.633056640625,7895577,0.0,0.0,AXISBANK
2024-01-03,1088.3884316097892,1099.9606398908986,1078.711699581697,1095.97021484375,10225290,0.0,0.0,AXISBANK
2024-01-04,1100.3597447020193,1127.2951146992582,1097.4168548394916,1120.7109375,11411683,0.0,0.0,AXISBANK
2024-01-05,1121.3094411424481,1137.1714051014194,1116.32140982064,1134.2283935546875,8025466,0.0,0.0,AXISBANK
2024-01-08,1142.2590280896627,1143.2566342277323,1115.822465430819,1119.3140869140625,4735538,0.0,0.0,AXISBANK
2024-01-09,1125.848594466918,1132.8318382933232,1109.6872999732295,1113.8773193359375,6359362,0.0,0.0,AXISBANK
2024-01-10,1112.5803490615472,1113.328553734756,1096.419176831478,1104.35009765625,5934163,0.0,0.0,AXISBANK
2024-01-11,1108.390413403008,1125.2000534594813,1108.390413403008,1123.05517578125,4683035,0.0,0.0,AXISBANK
2024-01-12,1123.6537280685436,1126.7462829578426,1115.3736696086848,1117.6680908203125,5616755,0.0,0.0,AXISBANK
2024-01-15,1119.3142060402943,1127.7439300929025,1113.9271079657626,1116.8201904296875,6719079,0.0,0.0,AXISBANK
2024-01-16,1113.9770559493738,1125.1003901176227,1112.4307175332362,1116.421142578125,5229753,0.0,0.0,AXISBANK
2024-01-17,1079.410019983754,1112.3310279869554,1076.6166736237521,1079.7093505859375,24913719,0.0,0.0,AXISBANK
2024-01-18,1063.448326051751,1106.095995787879,1063.448326051751,1094.8729248046875,11473135,0.0,0.0,AXISBANK
2024-01-19,1104.4997961277145,1123.6039803798592,1102.3549183111254,1113.8773193359375,12303696,0.0,0.0,AXISBANK
2024-01-23,1123.2049967218409,1138.8673674671618,1076.217762707761,1086.6427001953125,18924087,0.0,0.0,AXISBANK
2024-01-24,1032.322937571418,1070.6309179728953,1018.4561871284802,1056.6146240234375,20884046,0.0,0.0,AXISBANK
2024-01-25,1055.4673016704396,1061.1536079871053,1023.3444325047508,1039.7550048828125,20835434,0.0,0.0,AXISBANK
2024-01-29,1033.519918654299,1065.4433138250884,1033.519918654299,1058.70947265625,11188604,0.0,0.0,AXISBANK
2024-01-30,1057.5124900515373,1067.8874970014356,1048.2846327972588,1051.57666015625,9426983,0.0,0.0,AXISBANK
2024-01-31,1045.6907207267232,1081.5048059703622,1040.20388688594,1065.1939697265625,12600390,0.0,0.0,AXISBANK
2024-02-01,1070.0823332515488,1085.0464265097773,1054.2702990643077,1081.654541015625,9756682,0.0,0.0,AXISBANK
2024-02-02,1085.4455818795223,1093.5759757904466,1062.450707986044,1064.495849609375,8667415,0.0,0.0,AXISBANK
2024-02-05,1064.4958702208746,1076.9160201674188,1055.467484332681,1058.9591064453125,12569454,0.0,0.0,AXISBANK
2024-02-06,1059.0089709805732,1062.5504001265635,1045.6908300252383,1047.5364990234375,8011171,0.0,0.0,AXISBANK
2024-02-07,1058.5102357365338,1071.1298582762204,1054.9686845853087,1066.5408935546875,7281793,0.0,0.0,AXISBANK
2024-02-08,1069.4338475904046,1073.0252055587823,1029.1804617312182,1033.4202880859375,9869141,0.0,0.0,AXISBANK
2024-02-09,1037.4605147011741,1052.374800396541,1032.073538665866,1048.8831787109375,8233454,0.0,0.0,AXISBANK
2024-02-12,1048.8831580325893,1054.7191298078526,1032.8715301930304,1044.1943359375,8694379,0.0,0.0,AXISBANK
2024-02-13,1048.4840464390468,1072.9753257307582,1042.2989371218137,1068.186767578125,8413609,0.0,0.0,AXISBANK
2024-02-14,1058.7595369474293,1098.264719163139,1058.0113322775178,1094.224365234375,16609115,0.0,0.0,AXISBANK
2024-02-15,1094.8727859242745,1094.9227149446676,1066.6904112524196,1069.63330078125,11780823,0.0,0.0,AXISBANK
2024-02-16,1070.4314768366228,1073.424295504386,1055.467383497807,1066.191650390625,8660907,0.0,0.0,AXISBANK
2024-02-19,1066.4412068832064,1067.4388132507304,1057.5624858566182,1060.4056396484375,7562645,0.0,0.0,AXISBANK
2024-02-20,1056.4650199471596,1087.8896168577692,1055.1680831094475,1085.994140625,8722800,0.0,0.0,AXISBANK
2024-02-21,1091.2316617865245,1091.3313980640905,1070.5313303997261,1081.604736328125,9177213,0.0,0.0,AXISBANK
2024-02-22,1087.6900474726833,1108.041115761234,1078.9110645331584,1098.2646484375,14633340,0.0,0.0,AXISBANK
2024-02-23,1096.3692455391695,1104.7491622173827,1087.3907894792492,1094.174560546875,6250943,0.0,0.0,AXISBANK
2024-02-26,1090.832423798755,1092.1792895580463,1077.0655316448554,1082.6021728515625,5354189,0.0,0.0,AXISBANK
2024-02-27,1079.0607928334823,1085.9443001110253,1069.4837974716459,1076.467041015625,6546815,0.0,0.0,AXISBANK
2024-02-28,1074.8210754058348,1082.4028590954888,1061.5030553661354,1071.628662109375,7643191,0.0,0.0,AXISBANK
2024-02-29,1068.436327857863,1079.7093275539755,1052.8237651913394,1072.5264892578125,13648997,0.0,0.0,AXISBANK
2024-03-01,1073.4244268997327,1099.062861247336,1073.4244268997327,1096.6187744140625,4819390,0.0,0.0,AXISBANK
2024-03-04,1096.6185399519284,1106.2454634756489,1090.4832378881413,1104.1005859375,5895441,0.0,0.0,AXISBANK
2024-03-05,1099.5615904286128,1108.240838110355,1091.8800708025524,1098.1650390625,4851446,0.0,0.0,AXISBANK
2024-03-06,1097.5662042835554,1129.2401985869408,1092.7278389581838,1122.306884765625,13787638,0.0,0.0,AXISBANK
2024-03-07,1123.3046485018447,1124.20251849126,1104.8988617203179,1108.7894287109375,6943879,0.0,0.0,AXISBANK
2024-03-11,1109.5876214061693,1117.31907033033,1099.2624204243646,1102.4547119140625,6751641,0.0,0.0,AXISBANK
2024-03-12,1102.354873198211,1118.7156395632892,1081.6545441313667,1094.3740234375,9817138,0.0,0.0,AXISBANK
2024-03-13,1093.3764762920455,1096.9180272759506,1068.186917873821,1077.8138427734375,11503890,0.0,0.0,AXISBANK
2024-03-14,1072.4265772880124,1078.661615528059,1053.0729942352896,1055.7166748046875,10253613,0.0,0.0,AXISBANK
2024-03-15,1053.7215382177246,1053.7215382177246,1027.7837772769806,1043.8951416015625,17798175,0.0,0.0,AXISBANK
2024-03-18,1041.5010028662687,1064.346212054878,1041.1019359808117,1058.8094482421875,7612407,0.0,0.0,AXISBANK
2024-03-19,1053.0232975285835,1058.4102737109642,1044.1943850314635,1048.28466796875,6728886,0.0,0.0,AXISBANK
2024-03-20,1047.4865666620108,1054.9186845427982,1028.482118812757,1032.2730712890625,12619644,0.0,0.0,AXISBANK
2024-03-21,1036.8619949851457,1048.035257657642,1025.6888540907516,1033.1209716796875,9903738,0.0,0.0,AXISBANK
2024-03-22,1037.6101871982582,1044.7430959040469,1027.4844598840073,1030.8265380859375,9891194,0.0,0.0,AXISBANK
2024-03-26,1026.5368035141419,1041.700369393197,1025.0403941795732,1038.0592041015625,9656767,0.0,0.0,AXISBANK
2024-03-27,1043.2965396925727,1055.018411722627,1041.7502014794989,1050.32958984375,17027308,0.0,0.0,AXISBANK
2024-03-28,1050.3297370861974,1055.8665005963223,1041.6006822230963,1044.6932373046875,10235318,0.0,0.0,AXISBANK
2024-04-01,1049.8308968863641,1061.203632319249,1046.3892040873816,1050.5791015625,5484556,0.0,0.0,AXISBANK
2024-04-02,1048.484189842192,1053.3225558964036,1037.7099934142068,1044.6932373046875,13617893,0.0,0.0,AXISBANK
2024-04-03,1041.3014413403423,1067.7380066830049,1041.251512317133,1060.704833984375,11573590,0.0,0.0,AXISBANK
2024-04-04,1067.4388132507304,1078.1131526719894,1056.6148085187187,1060.4056396484375,17964844,0.0,0.0,AXISBANK
2024-04-05,1058.5599096565631,1060.4553857835742,1045.5910291154657,1056.564697265625,9210187,0.0,0.0,AXISBANK
2024-04-08,1064.4458579816544,1076.8660069572647,1061.0041651652145,1073.4742431640625,4967186,0.0,0.0,AXISBANK
2024-04-09,1087.390734637225,1087.390734637225,1068.7853550513448,1077.4146728515625,11385226,0.0,0.0,AXISBANK
2024-04-10,1083.5998995115542,1090.3836709699126,1077.414789247489,1085.1961669921875,9064074,0.0,0.0,AXISBANK
2024-04-12,1076.9158148070062,1093.7753827200477,1068.535898979059,1070.8802490234375,18045983,0.0,0.0,AXISBANK
2024-04-15,1060.555176997231,1068.4362907053944,1052.723992312668,1055.41748046875,8889435,0.0,0.0,AXISBANK
2024-04-16,1047.4365529030972,1055.3176660274705,1041.8499826884606,1049.3819580078125,7107881,0.0,0.0,AXISBANK
2024-04-18,1041.650556735367,1048.8832018148605,1011.4230396229323,1021.5487670898438,17832438,0.0,0.0,AXISBANK
2024-04-19,1012.5702521129814,1034.4676586075361,993.3164654082485,1026.636474609375,21598007,0.0,0.0,AXISBANK
2024-04-22,1036.5127176898475,1055.9660362605423,1029.5294751260083,1051.4268798828125,9410832,0.0,0.0,AXISBANK
2024-04-23,1055.467392339939,1057.7120063595655,1046.2395347036966,1053.2227783203125,8300012,0.0,0.0,AXISBANK
2024-04-24,1053.4721887491182,1066.3911408374038,1053.4721887491182,1060.704833984375,5641163,0.0,0.0,AXISBANK
2024-04-25,1097.3668772875997,1131.2355608344606,1083.5001260280715,1124.30224609375,46136295,0.0,0.0,AXISBANK
2024-04-26,1127.2950297740094,1138.6178360271808,1120.3117862267368,1127.5943603515625,10133766,0.0,0.0,AXISBANK
2024-04-29,1127.594444122812,1161.2137275582274,1122.6064126470467,1156.47509765625,15183242,0.0,0.0,AXISBANK
2024-04-30,1157.3728950223422,1180.0684368123416,1152.3848638597049,1163.109130859375,18965164,0.0,0.0,AXISBANK
2024-05-02,1153.232837036846,1171.1897497242708,1145.2519869535458,1147.0975341796875,12302236,0.0,0.0,AXISBANK
2024-05-03,1148.1449785153566,1160.465390499882,1131.3851459567948,1138.7674560546875,9993632,0.0,0.0,AXISBANK
2024-05-06,1141.1617550653036,1153.232765714131,1132.931503925908,1140.912353515625,7490104,0.0,0.0,AXISBANK
2024-05-07,1143.3066598846426,1146.0500769962232,1121.3593229919986,1125.00048828125,7115509,0.0,0.0,AXISBANK
2024-05-08,1121.9578174576657,1132.7318911613593,1115.573113534311,1125.9482421875,8175609,0.0,0.0,AXISBANK
2024-05-09,1119.3141450674307,1131.8341514619112,1109.537555695174,1112.9793701171875,5226693,0.0,0.0,AXISBANK
2024-05-10,1121.0100592034512,1137.2710892789437,1110.6848591958812,1117.418701171875,7242718,0.0,0.0,AXISBANK
2024-05-13,1117.4187443862693,1132.6821688333848,1102.4048432815728,1129.290283203125,5513160,0.0,0.0,AXISBANK
2024-05-14,1127.2452119578256,1133.3805151781019,1115.4236014278974,1120.1622314453125,5471143,0.0,0.0,AXISBANK
2024-05-15,1122.8557159257566,1128.492093577472,1115.9222797145299,1125.3497314453125,5436338,0.0,0.0,AXISBANK
2024-05-16,1131.4350577945047,1141.2115251567798,1108.6397812515845,1136.57275390625,10750526,0.0,0.0,AXISBANK
2024-05-17,1129.290204353205,1143.2566909794812,1123.4043034907972,1138.6177978515625,9909986,0.0,0.0,AXISBANK
2024-05-21,1133.2806831688256,1143.007343961868,1126.4969120583337,1134.9267578125,8162017,0.0,0.0,AXISBANK
2024-05-22,1139.266264405598,1139.266264405598,1115.273786921193,1123.3045654296875,9094033,0.0,0.0,AXISBANK
2024-05-23,1123.3046476916165,1166.8501852548218,1123.0552461268537,1162.460693359375,12818081,0.0,0.0,AXISBANK
2024-05-24,1162.7101656184286,1174.1826382950583,1157.8218702962417,1171.1898193359375,8814997,0.0,0.0,AXISBANK
2024-05-27,1176.0781046410718,1193.1371482071397,1165.2041714932602,1184.15869140625,10450046,0.0,0.0,AXISBANK
2024-05-28,1185.156102592287,1189.5455939945439,1176.177647269618,1180.567138671875,4018776,0.0,0.0,AXISBANK
2024-05-29,1169.1944304571298,1183.0611805664641,1153.2327317478173,1156.9737548828125,9418064,0.0,0.0,AXISBANK
2024-05-30,1152.434695075394,1176.9759063285162,1152.2352225359814,1165.1541748046875,7232217,0.0,0.0,AXISBANK
2024-05-31,1170.192167857994,1175.1801992640383,1150.6391091019225,1159.3681640625,10057642,0.0,0.0,AXISBANK
2024-06-03,1194.1846329485845,1239.2264585688406,1190.5433457113234,1220.9703369140625,22197339,0.0,0.0,AXISBANK
2024-06-04,1221.0700975483426,1221.0700975483426,1098.9132561903107,1128.5421142578125,24135989,0.0,0.0,AXISBANK
2024-06-05,1135.2757449329226,1190.144080584338,1108.04104961653,1181.6644287109375,21039499,0.0,0.0,AXISBANK
2024-06-06,1189.246368891048,1193.0373212968939,1160.4654533547418,1168.14697265625,12006879,0.0,0.0,AXISBANK
2024-06-07,1175.1801230289318,1192.338901241373,1163.9570530933838,1183.9591064453125,8583998,0.0,0.0,AXISBANK
2024-06-10,1182.1634689331054,1209.4979059881096,1182.1634689331054,1197.1275634765625,9995057,0.0,0.0,AXISBANK
2024-06-11,1201.5668763542778,1206.455171649185,1187.6003879563225,1191.740478515625,9390212,0.0,0.0,AXISBANK
2024-06-12,1189.2464161988912,1203.2628330753819,1181.2655659980387,1185.0565185546875,7199718,0.0,0.0,AXISBANK
2024-06-13,1198.9231671641783,1199.122639690824,1170.6409342714535,1171.838134765625,5321148,0.0,0.0,AXISBANK
2024-06-14,1178.1229202840107,1181.814136062482,1167.1991817811422,1178.2227783203125,4451031,0.0,0.0,AXISBANK
2024-06-18,1191.1419459865251,1191.1419459865251,1178.3227291311541,1189.0469970703125,6837181,0.0,0.0,AXISBANK
2024-06-19,1190.144151337927,1240.3735972420434,1182.6621051224747,1223.713623046875,17987437,0.0,0.0,AXISBANK
2024-06-20,1227.1554357869195,1238.528171503914,1217.4787037783979,1236.532958984375,8206858,0.0,0.0,AXISBANK
2024-06-21,1243.0173750319368,1243.0173750319368,1220.8206361920809,1234.48779296875,29311314,0.0,0.0,AXISBANK
2024-06-24,1228.0532386006992,1232.7918680753971,1222.117530391002,1225.16015625,6676530,0.0,0.0,AXISBANK
2024-06-25,1231.494942152567,1275.688946143703,1223.065218355566,1268.4063720703125,17607952,0.0,0.0,AXISBANK
2024-06-26,1278.0332427953588,1289.8548515798059,1256.1856432694901,1282.322998046875,13956370,0.0,0.0,AXISBANK
2024-06-27,1306.864161814128,1306.864161814128,1276.9359749023542,1285.864501953125,22311393,0.0,0.0,AXISBANK
2024-06-28,1280.028436970885,1286.8122075565059,1258.5799045739402,1262.22119140625,7167069,0.0,0.0,AXISBANK
2024-07-01,1269.9527999315114,1269.9527999315114,1253.442367214873,1258.87939453125,5797015,0.0,0.0,AXISBANK
2024-07-02,1261.9718659782138,1264.8150193443623,1235.2858996423108,1250.399658203125,9945447,0.0,0.0,AXISBANK
2024-07-03,1256.9839096069336,1285.515424786834,1240.6231423008721,1276.93603515625,15171347,0.0,0.0,AXISBANK
2024-07-04,1284.916842281519,1289.9048735015558,1265.4635205233747,1277.8338623046875,4817380,0.0,0.0,AXISBANK
2024-07-05,1268.955094098609,1292.2991036758544,1267.8577516275716,1283.9691162109375,8593502,0.0,0.0,AXISBANK
2024-07-08,1281.9239365968008,1294.2942775390354,1276.5368388889456,1284.76708984375,4216951,0.0,0.0,AXISBANK
2024-07-09,1280.9262570927215,1291.8999244042634,1276.1376990091758,1286.3133544921875,6930340,0.0,0.0,AXISBANK
2024-07-10,1281.1258660222238,1290.9024557429561,1272.097602748689,1288.55810546875,9020489,0.0,0.0,AXISBANK
2024-07-11,1297.9356295079974,1298.2847673316003,1273.8932220304036,1293.6458740234375,7848846,0.0,0.0,AXISBANK
2024-07-12,1291.7988634971857,1337.4745701900265,1291.7988634971857,1315.160888671875,11278987,1.0,0.0,AXISBANK
2024-07-15,1314.5617611447028,1322.2493302322418,1302.8808095322124,1305.3267822265625,11537127,0.0,0.0,AXISBANK
2024-07-16,1305.326795116684,1316.3089323169752,1297.5893802710243,1301.8824462890625,5433264,0.0,0.0,AXISBANK
2024-07-18,1297.8890431781538,1316.4588158830534,1292.397974149323,1307.2738037109375,6787511,0.0,0.0,AXISBANK
2024-07-19,1303.5297937995695,1306.874329397254,1286.1080575380593,1290.2513427734375,4496066,0.0,0.0,AXISBANK
2024-07-22,1281.2660758669613,1290.2514616948122,1276.1244140466054,1280.41748046875,6695557,0.0,0.0,AXISBANK
2024-07-23,1286.4076049249054,1289.00335841064,1248.9685011727254,1261.1986083984375,8789327,0.0,0.0,AXISBANK
2024-07-24,1260.849167335916,1265.2918921132373,1224.6580346790513,1237.237548828125,10344860,0.0,0.0,AXISBANK
2024-07-25,1198.0513181133176,1198.0513181133176,1153.6235817332822,1173.990478515625,32979871,0.0,0.0,AXISBANK
2024-07-26,1163.1081895407196,1181.2287406448913,1153.3740222891986,1175.4381103515625,18554648,0.0,0.0,AXISBANK
2024-07-29,1180.42997752959,1192.6600849625192,1161.760392891013,1168.1500244140625,19598573,0.0,0.0,AXISBANK
2024-07-30,1162.2096539859588,1178.0838591746794,1158.3159626193535,1168.10009765625,18090045,0.0,0.0,AXISBANK
2024-07-31,1155.1212221770807,1169.0984884782727,1152.126093683968,1164.2064208984375,17347076,0.0,0.0,AXISBANK
2024-08-01,1166.1034179061303,1173.741020317349,1163.5575098116917,1170.396484375,11190500,0.0,0.0,AXISBANK
2024-08-02,1162.109875166186,1165.9037534043969,1154.2226789585948,1158.9649658203125,10581445,0.0,0.0,AXISBANK
2024-08-05,1140.1454985508794,1149.5801038837508,1122.4742904482669,1131.6593017578125,12013362,0.0,0.0,AXISBANK
2024-08-06,1138.1488152155048,1149.1309529061807,1121.2762338435941,1124.2713623046875,8571122,0.0,0.0,AXISBANK
2024-08-07,1136.950853942538,1142.9411110826525,1125.1699661514758,1134.9541015625,8370312,0.0,0.0,AXISBANK
2024-08-08,1131.260031397282,1140.9443535197308,1124.1715848547658,1136.3018798828125,7903428,0.0,0.0,AXISBANK
2024-08-09,1150.1292660249399,1153.8232088423329,1138.098785283398,1140.894287109375,6262086,0.0,0.0,AXISBANK
2024-08-12,1144.1390911628143,1167.2015563223063,1134.0055486598599,1162.409423828125,9078384,0.0,0.0,AXISBANK
2024-08-13,1159.4640771471145,1177.6844412516205,1153.5237880098216,1157.7169189453125,6180463,0.0,0.0,AXISBANK
2024-08-14,1157.1179828491788,1157.1179828491788,1146.7848138478516,1151.2275390625,5021841,0.0,0.0,AXISBANK
2024-08-16,1164.5059796712717,1168.1001094798687,1147.733211401699,1164.9552001953125,6107134,0.0,0.0,AXISBANK
2024-08-19,1167.1017440309654,1169.3980579733616,1148.3322232652067,1151.3773193359375,6691823,0.0,0.0,AXISBANK
2024-08-20,1156.1196316235685,1175.0887792926944,1152.7750957510625,1166.1033935546875,6721749,0.0,0.0,AXISBANK
2024-08-21,1164.705537568418,1176.0870495188233,1159.6138438167345,1172.492919921875,9480630,0.0,0.0,AXISBANK
2024-08-22,1177.7842156313006,1179.0821532872228,1167.051672745748,1168.050048828125,5841326,0.0,0.0,AXISBANK
2024-08-23,1168.1001128413639,1172.0436499435734,1161.610667770023,1164.056640625,5121962,0.0,0.0,AXISBANK
2024-08-26,1169.797287316781,1173.3415714014816,1164.2064052458907,1168.399658203125,3392612,0.0,0.0,AXISBANK
2024-08-27,1168.1000558035714,1182.9259167528153,1162.3593931361609,1179.331787109375,8702113,0.0,0.0,AXISBANK
2024-08-28,1175.088686152465,1179.7810051393292,1167.451084506114,1169.0484619140625,5483503,0.0,0.0,AXISBANK
2024-08-29,1167.1017013718215,1177.9840256136065,1161.5108193923618,1173.4913330078125,7290114,0.0,0.0,AXISBANK
2024-08-30,1175.0887109707376,1181.0290002255358,1169.9470495007388,1173.341552734375,10190506,0.0,0.0,AXISBANK
2024-09-02,1174.090365297038,1192.0611361944418,1172.193426216783,1186.86962890625,6432362,0.0,0.0,AXISBANK
2024-09-03,1186.0709091667165,1191.611945748782,1174.789209514189,1189.6650390625,7920246,0.0,0.0,AXISBANK
2024-09-04,1180.7794786378458,1187.7182663255207,1171.3948398901211,1175.78759765625,6527941,0.0,0.0,AXISBANK
2024-09-05,1180.0806533633418,1180.9292487481098,1171.5444882132722,1178.633056640625,4234766,0.0,0.0,AXISBANK
2024-09-06,1174.0902735639158,1179.4315612333492,1148.9312450220928,1156.8682861328125,9874576,0.0,0.0,AXISBANK
2024-09-09,1156.1196208808892,1173.691017341966,1143.1407304910347,1168.94873046875,7700940,0.0,0.0,AXISBANK
2024-09-10,1176.9856459572557,1188.9161919814424,1171.4446096778545,1185.2720947265625,8723854,0.0,0.0,AXISBANK
2024-09-11,1185.2721396072754,1192.90974167789,1179.0822561055998,1184.1739501953125,6000329,0.0,0.0,AXISBANK
2024-09-12,1188.1673904951442,1203.7420335200763,1174.8390937297338,1201.3958740234375,7592871,0.0,0.0,AXISBANK
2024-09-13,1207.9353554818194,1217.56970992086,1199.0497831721539,1215.4730224609375,6762566,0.0,0.0,AXISBANK
2024-09-16,1220.0156723579594,1231.996186325468,1213.0270392102461,1229.051025390625,4039284,0.0,0.0,AXISBANK
2024-09-17,1233.1940625102209,1238.5853176171486,1225.6064288166565,1230.09912109375,8030427,0.0,0.0,AXISBANK
2024-09-18,1229.8996258314878,1248.3695849409576,1223.0108058973215,1238.4356689453125,8210034,0.0,0.0,AXISBANK
2024-09-19,1246.4226697631223,1259.6511538996783,1236.9880637881504,1240.6820068359375,8449864,0.0,0.0,AXISBANK
2024-09-20,1241.9798953627007,1247.970152092746,1227.9028164215117,1242.978271484375,15009629,0.0,0.0,AXISBANK
2024-09-23,1249.4677096230525,1250.4161181847596,1238.5355398977574,1244.775390625,5462814,0.0,0.0,AXISBANK
2024-09-24,1239.084519164076,1245.0747755988766,1233.343856747392,1237.537109375,9225946,0.0,0.0,AXISBANK
2024-09-25,1235.9895545699358,1268.9359643444172,1229.1007354244925,1266.0406494140625,6853324,0.0,0.0,AXISBANK
2024-09-26,1265.49182534745,1279.5689056632127,1260.2003826370533,1275.0262451171875,7270078,0.0,0.0,AXISBANK
2024-09-27,1270.9327387461415,1279.468902904462,1255.2083156233984,1271.08251953125,13372027,0.0,0.0,AXISBANK
2024-09-30,1261.4483202799395,1272.9296465033026,1227.353748903099,1230.1990966796875,8466919,0.0,0.0,AXISBANK
2024-10-01,1226.1056776669482,1240.93153854236,1222.6613288324884,1224.6580810546875,11164280,0.0,0.0,AXISBANK
2024-10-03,1205.5391812805995,1217.1702876110573,1171.1950179115215,1173.790771484375,17300892,0.0,0.0,AXISBANK
2024-10-04,1173.5911350580977,1200.8468520222327,1172.093570870444,1176.4864501953125,13064515,0.0,0.0,AXISBANK
2024-10-07,1181.0289881912613,1182.9259272029717,1129.0635840139234,1143.8394775390625,20047013,0.0,0.0,AXISBANK
2024-10-08,1151.1276845041943,1166.4527338133323,1140.644735078961,1151.42724609375,8464570,0.0,0.0,AXISBANK
2024-10-09,1152.1260787102349,1183.0757394034908,1152.1260787102349,1168.2498779296875,9807734,0.0,0.0,AXISBANK
2024-10-10,1175.0886775236831,1189.0659430167432,1173.1418928645546,1182.326904296875,6806243,0.0,0.0,AXISBANK
2024-10-11,1180.5798722710003,1186.2705679381827,1164.10666475094,1170.546142578125,4754158,0.0,0.0,AXISBANK
2024-10-14,1169.6476098115127,1173.0919587287326,1154.7218134686907,1162.459228515625,9765296,0.0,0.0,AXISBANK
2024-10-15,1164.2064264310386,1170.0968702032376,1147.6334063981412,1151.976318359375,8741516,0.0,0.0,AXISBANK
2024-10-16,1149.1308918352402,1161.0614374890406,1146.2355767689712,1151.3272705078125,7739854,0.0,0.0,AXISBANK
2024-10-17,1149.1310136899726,1149.480420987831,1122.1748561142738,1130.0120849609375,6595231,0.0,0.0,AXISBANK
2024-10-18,1156.1196043283787,1201.8951273274115,1154.1728195466103,1194.906494140625,20829666,0.0,0.0,AXISBANK
2024-10-21,1194.9064782000012,1212.8274033274415,1183.624900757945,1188.3671875,7456038,0.0,0.0,AXISBANK
2024-10-22,1192.3106560712163,1196.0545664419653,1171.4445712304916,1173.8406982421875,7256246,0.0,0.0,AXISBANK
2024-10-23,1173.1918282108495,1181.228805232439,1156.7685887501489,1158.5157470703125,6501834,0.0,0.0,AXISBANK
2024-10-24,1163.1081861826672,1173.2915739137154,1152.77501765838,1165.454345703125,5046700,0.0,0.0,AXISBANK
2024-10-25,1185.07241966283,1199.798467000679,1168.1000261209024,1187.4185791015625,12798716,0.0,0.0,AXISBANK
2024-10-28,1192.061160603629,1192.061160603629,1165.1549712634646,1169.697509765625,8572243,0.0,0.0,AXISBANK
2024-10-29,1174.489747295322,1189.265641444449,1155.7202266058932,1184.9227294921875,9908946,0.0,0.0,AXISBANK
2024-10-30,1176.8359284920803,1185.721500916195,1162.409441362478,1168.49951171875,9686560,0.0,0.0,AXISBANK
2024-10-31,1163.6074036054613,1176.0871054888319,1151.9762970757422,1157.6671142578125,8682294,0.0,0.0,AXISBANK
2024-11-01,1162.1598100627925,1170.5960398098143,1162.1098425062892,1167.65087890625,460781,0.0,0.0,AXISBANK
2024-11-04,1170.0968431979647,1175.0387563721924,1133.6061463101485,1137.4000244140625,9288653,0.0,0.0,AXISBANK
2024-11-05,1137.100423556092,1172.9921178913025,1131.609354942301,1169.7972412109375,11701049,0.0,0.0,AXISBANK
2024-11-06,1169.897154934203,1181.6280740310438,1159.5638648703841,1164.605712890625,10353506,0.0,0.0,AXISBANK
2024-11-07,1166.7023029388229,1170.99536897967,1149.180875253972,1158.0164794921875,6252889,0.0,0.0,AXISBANK
2024-11-08,1154.1227842652258,1165.8537035689599,1149.2307169471244,1159.064697265625,3786168,0.0,0.0,AXISBANK
2024-11-11,1150.1293632578993,1174.8891413546494,1141.0940100494406,1169.0985107421875,6620678,0.0,0.0,AXISBANK
2024-11-12,1169.7474877488462,1185.072537895656,1151.9264971262662,1156.2694091796875,9606088,0.0,0.0,AXISBANK
2024-11-13,1150.029589746679,1163.6074819353837,1133.2568205375103,1137.30029296875,8079113,0.0,0.0,AXISBANK
2024-11-14,1135.7028687904137,1148.8813855767612,1129.7624574145566,1138.84765625,5975873,0.0,0.0,AXISBANK
2024-11-18,1129.3629741553402,1133.156852012231,1119.7287424706979,1124.37109375,9474971,0.0,0.0,AXISBANK
2024-11-19,1128.1649836941745,1137.150368520057,1120.227942513477,1132.1085205078125,19225966,0.0,0.0,AXISBANK
2024-11-21,1136.1521359437722,1150.1294029940473,1113.938265096014,1137.30029296875,8126248,0.0,0.0,AXISBANK
2024-11-22,1134.804259094338,1146.0359906217202,1125.7190606332729,1140.544921875,16687505,0.0,0.0,AXISBANK
2024-11-25,1158.1162668218938,1162.6089592362891,1140.1454971643127,1154.02294921875,12385823,0.0,0.0,AXISBANK
2024-11-26,1155.2209932897363,1157.71693360964,1140.7945069895281,1142.9410400390625,5127437,0.0,0.0,AXISBANK
2024-11-27,1143.3402343897294,1153.5735891768147,1131.7092505928033,1147.7830810546875,5989943,0.0,0.0,AXISBANK
2024-11-28,1146.6350294369997,1152.5753188902968,1127.5660689944857,1130.6610107421875,10731275,0.0,0.0,AXISBANK
2024-11-29,1131.7092996541824,1139.04733976228,1125.868701854105,1134.454833984375,6406277,0.0,0.0,AXISBANK
2024-12-02,1130.8606604334245,1139.5466064002276,1124.7705900554713,1135.2535400390625,4785858,0.0,0.0,AXISBANK
2024-12-03,1142.5416474793556,1163.0083577848877,1136.1520159851627,1158.615478515625,8382042,0.0,0.0,AXISBANK
2024-12-04,1155.620475859988,1166.103426180964,1152.0263458386441,1157.5672607421875,18379798,0.0,0.0,AXISBANK
2024-12-05,1162.1098542785676,1174.9889311617428,1148.2324012319225,1164.5059814453125,10640451,0.0,0.0,AXISBANK
2024-12-06,1165.6041034914654,1191.9112895042008,1158.1162826981583,1182.62646484375,7542210,0.0,0.0,AXISBANK
2024-12-09,1182.3269836307725,1184.0741419346389,1159.1147375936896,1161.361083984375,6308112,0.0,0.0,AXISBANK
2024-12-10,1155.1211468863528,1163.1581232345245,1149.3804843153964,1151.776611328125,4714389,0.0,0.0,AXISBANK
2024-12-11,1148.1326194857947,1156.4690363050338,1142.6915179944604,1145.3870849609375,7788242,0.0,0.0,AXISBANK
2024-12-12,1143.1407039727058,1152.6752450559866,1141.742952973343,1143.7896728515625,4825283,0.0,0.0,AXISBANK
2024-12-13,1139.1472304132253,1150.8281830630162,1111.8416660481157,1146.28564453125,8731618,0.0,0.0,AXISBANK
2024-12-16,1144.6382485238657,1153.124445743624,1139.8959618422361,1149.0311279296875,3975202,0.0,0.0,AXISBANK
2024-12-17,1143.3902926303374,1149.9795508853542,1128.1650562517189,1134.4049072265625,7292817,0.0,0.0,AXISBANK
2024-12-18,1134.3549105744767,1138.0489753800873,1114.137793934539,1120.4276123046875,7222127,0.0,0.0,AXISBANK
2024-12-19,1103.1058605329233,1117.232907788727,1099.2621366321944,1107.099365234375,11677610,0.0,0.0,AXISBANK
2024-12-20,1102.1572227344786,1104.0541616573962,1063.2705232390288,1070.109375,12623056,0.0,0.0,AXISBANK
2024-12-23,1073.3541110903145,1081.790462182754,1070.6585443933702,1077.3975830078125,3886921,0.0,0.0,AXISBANK
2024-12-24,1075.550693795779,1082.988547493429,1074.252756029435,1077.1480712890625,4343694,0.0,0.0,AXISBANK
2024-12-26,1081.2413564986148,1090.8257430405286,1071.008001093157,1074.9515380859375,4775460,0.0,0.0,AXISBANK
2024-12-27,1076.3492862446637,1084.4860761153666,1074.2527207366024,1075.7003173828125,3801667,0.0,0.0,AXISBANK
2024-12-30,1072.3558098554706,1094.7194602300276,1062.2222674497395,1068.2125244140625,9452155,0.0,0.0,AXISBANK
2024-12-31,1060.275380639948,1068.711609637263,1056.7810644137335,1062.970947265625,5292136,0.0,0.0,AXISBANK
2025-01-01,1062.422089846609,1075.2012324711711,1052.2385791743047,1070.0596923828125,2985355,0.0,0.0,AXISBANK
2025-01-02,1070.259182488381,1086.9320146607752,1065.766490024577,1084.83544921875,6557076,0.0,0.0,AXISBANK
2025-01-03,1084.236495050746,1091.7243161491626,1078.0466116915568,1083.1383056640625,7357220,0.0,0.0,AXISBANK
2025-01-06,1085.9836525482262,1088.2299988761818,1058.1789012632846,1061.6732177734375,5283413,0.0,0.0,AXISBANK
2025-01-07,1062.8214404990579,1068.761730185158,1054.285275175644,1065.7666015625,4619462,0.0,0.0,AXISBANK
2025-01-08,1062.0227028704326,1080.592476167825,1057.38022907806,1073.2044677734375,8780098,0.0,0.0,AXISBANK
2025-01-09,1077.8468688369667,1078.3960244691536,1052.538057769639,1060.02587890625,9054190,0.0,0.0,AXISBANK
2025-01-10,1054.5348076351484,1063.1208181441978,1035.316066762271,1039.010009765625,5612886,0.0,0.0,AXISBANK
2025-01-13,1024.9328592000836,1061.273772881057,1021.5883237070005,1047.5960693359375,7180930,0.0,0.0,AXISBANK
2025-01-14,1051.2401987834926,1059.2771761544273,1043.802344646045,1049.9423828125,6892897,0.0,0.0,AXISBANK
2025-01-15,1041.3062114859742,1051.1901586731517,1013.0022750783879,1025.132568359375,11418721,0.0,0.0,AXISBANK
2025-01-16,1032.2211352471902,1044.7506829203899,1025.3822829319104,1036.314453125,10261727,0.0,0.0,AXISBANK
2025-01-17,998.3761525809333,1010.0571657533391,973.0173739309598,989.440673828125,33831617,0.0,0.0,AXISBANK
2025-01-20,990.439061296575,992.5855944235661,974.9143241337787,986.445556640625,33440507,0.0,0.0,AXISBANK
2025-01-21,991.9865385807151,992.8351948872215,961.4362521394861,968.6245727539062,11894500,0.0,0.0,AXISBANK
2025-01-22,974.16548665151,974.16548665151,952.4508063187708,957.7421875,17303146,0.0,0.0,AXISBANK
2025-01-23,952.450837032954,962.1350977728039,946.4605801962688,949.505615234375,24649522,0.0,0.0,AXISBANK
2025-01-24,946.4605287542831,960.2381065426121,944.5635898180176,946.959716796875,14421921,0.0,0.0,AXISBANK
2025-01-27,941.5685439420195,948.2077698637862,931.9841570601152,946.5604248046875,12713296,0.0,0.0,AXISBANK
2025-01-28,958.4410536437485,992.2360601712497,956.6439888553748,982.202392578125,21781371,0.0,0.0,AXISBANK
2025-01-29,986.3956063626015,987.0445752148886,976.0124703422623,981.8031005859375,11175206,0.0,0.0,AXISBANK
2025-01-30,983.0511065629934,989.7901456172491,973.2170648629341,983.1010131835938,10473118,0.0,0.0,AXISBANK
2025-01-31,980.4053395519335,988.3923484281204,976.4617417321078,984.4986572265625,9036312,0.0,0.0,AXISBANK
2025-02-01,987.8931967647668,1003.3181204123249,980.4053756675098,996.5291748046875,4830391,0.0,0.0,AXISBANK
2025-02-03,985.4970820817739,998.8753469855333,981.753171485876,987.7933959960938,7124605,0.0,0.0,AXISBANK
2025-02-04,992.385906066695,1015.4483710586156,986.1959616686072,1013.6513061523438,16058171,0.0,0.0,AXISBANK
2025-02-05,1018.9426747263542,1020.3903323316467,1008.8590999817069,1011.654541015625,7858373,0.0,0.0,AXISBANK
2025-02-06,1010.3566568712627,1020.1906375069063,1008.4098112049047,1019.0425415039062,5815563,0.0,0.0,AXISBANK
2025-02-07,1017.8445057093887,1025.6817342725071,1006.0137724647228,1022.43701171875,8638651,0.0,0.0,AXISBANK
2025-02-10,1019.3420349226665,1025.082697705042,1004.5660802961088,1010.1070556640625,3960565,0.0,0.0,AXISBANK
2025-02-11,1007.3614764933467,1014.6995163926927,1000.9718451322531,1005.7640991210938,4808215,0.0,0.0,AXISBANK
2025-02-12,998.3761339148515,1009.008864115462,982.4021157722138,1005.2649536132812,7669283,0.0,0.0,AXISBANK
2025-02-13,1001.3712372223157,1015.7977841830659,999.4243916227608,1006.5628051757812,6348246,0.0,0.0,AXISBANK
2025-02-14,1008.9089842755058,1014.3501463619988,986.0462074988543,995.8801879882812,5375755,0.0,0.0,AXISBANK
2025-02-17,990.8383973867473,998.0267176735445,976.4617568131531,991.3375854492188,7166803,0.0,0.0,AXISBANK
2025-02-18,991.33764196097,995.730460599508,984.9480100226741,992.5357055664062,3090004,0.0,0.0,AXISBANK
2025-02-19,990.0397410803987,1011.804329129352,986.5454245287212,1009.7077026367188,6401381,0.0,0.0,AXISBANK
2025-02-20,1006.7625199634393,1017.9942514939594,1004.8655809305341,1015.5482177734375,5011212,0.0,0.0,AXISBANK
2025-02-21,1010.3566806288227,1020.2406290528706,999.0251355119985,1007.3116455078125,5019937,0.0,0.0,AXISBANK
2025-02-24,999.7239055887297,1011.3550117867557,996.9284646337834,1008.4097900390625,4265454,0.0,0.0,AXISBANK
2025-02-25,1002.3696099471763,1012.0538703579778,995.4807904446366,1007.4613037109375,5708975,0.0,0.0,AXISBANK
2025-02-27,1006.0137195509107,1021.8878632634938,1003.5177792562238,1015.0490112304688,9777690,0.0,0.0,AXISBANK
2025-02-28,1013.152096799687,1033.8184951280357,1008.3099968849968,1013.90087890625,15026849,0.0,0.0,AXISBANK
2025-03-03,1015.3983923638058,1017.7446127420518,990.3890834419211,1005.6143188476562,6763184,0.0,0.0,AXISBANK
2025-03-04,999.4743422792087,1009.4581038080632,996.9784018969951,1000.1732177734375,5786420,0.0,0.0,AXISBANK
2025-03-05,1001.3713148547035,1015.747956311782,1000.9220333836612,1012.802734375,5133873,0.0,0.0,AXISBANK
2025-03-06,1020.9393296621977,1037.8119093693128,1013.501476799868,1032.420654296875,7861120,0.0,0.0,AXISBANK
2025-03-07,1032.0214287789433,1048.6444168767227,1029.0263001801397,1035.965087890625,7597321,0.0,0.0,AXISBANK
2025-03-10,1034.3176274673472,1048.7940807475368,1030.6735303706762,1034.1678466796875,5995655,0.0,0.0,AXISBANK
2025-03-11,1028.7267223466547,1035.1163535407738,1019.4417761879421,1023.9844360351562,4771085,0.0,0.0,AXISBANK
2025-03-12,1023.535188677738,1028.1278165033088,997.5774694995702,1009.5579833984375,7504702,0.0,0.0,AXISBANK
2025-03-13,1013.3517635093752,1014.3501396310593,1003.4678155302854,1008.5595703125,4004140,0.0,0.0,AXISBANK
2025-03-17,1009.4580844924919,1037.312802999425,1009.4580844924919,1032.470703125,5938668,0.0,0.0,AXISBANK
2025-03-18,1032.470703125,1032.470703125,1032.470703125,1032.470703125,0,0.0,0.0,AXISBANK
2025-03-19,1046.0985761774955,1056.8311197639223,1041.8055099940893,1050.3416748046875,4822365,0.0,0.0,AXISBANK
2025-03-20,1054.5348786388236,1057.1805999868693,1045.200085389316,1052.637939453125,3742644,0.0,0.0,AXISBANK
2025-03-21,1052.637839967216,1073.8034868790976,1048.8440838264673,1068.4122314453125,6848565,0.0,0.0,AXISBANK
2025-03-24,1080.2429024147984,1103.1555843595158,1071.9563323258167,1096.067138671875,8284863,0.0,0.0,AXISBANK
2025-03-25,1108.1476316970598,1121.6756781665542,1094.569739540046,1116.7337646484375,11720528,0.0,0.0,AXISBANK
2025-03-26,1113.1894013460305,1117.0331251287269,1087.281589139772,1094.4698486328125,7127060,0.0,0.0,AXISBANK
2025-03-27,1090.226742151285,1106.2007603513039,1086.333050840613,1096.56640625,8508917,0.0,0.0,AXISBANK
2025-03-28,1096.6163196755733,1105.2023296598516,1084.7356198513357,1100.21044921875,4921190,0.0,0.0,AXISBANK
2025-04-01,1091.4246698828026,1099.4616459870902,1068.2623938308163,1083.8370361328125,6638140,0.0,0.0,AXISBANK
2025-04-02,1089.9271919160412,1093.8208832672776,1078.995021845347,1082.68896484375,4065344,0.0,0.0,AXISBANK
2025-04-03,1077.148030327788,1090.1767656925256,1073.5539006365532,1088.0802001953125,5345660,0.0,0.0,AXISBANK
2025-04-04,1079.7438189672625,1100.110717042034,1073.7035944396453,1089.5279541015625,6059991,0.0,0.0,AXISBANK
2025-04-07,1033.3192474005818,1067.2640342717123,1030.6735264023866,1046.2481689453125,9720457,0.0,0.0,AXISBANK
2025-04-08,1059.2769971778353,1083.1880550099745,1058.578182686304,1076.099609375,8723357,0.0,0.0,AXISBANK
2025-04-09,1071.3575065294963,1080.0932985296913,1056.2820498521507,1059.9261474609375,6690201,0.0,0.0,AXISBANK
2025-04-11,1061.5733837128932,1070.958021801289,1055.8327209873753,1067.214111328125,8144072,0.0,0.0,AXISBANK
2025-04-15,1088.2300167462733,1115.186173124392,1081.2413836112057,1110.9930419921875,9320299,0.0,0.0,AXISBANK
2025-04-16,1120.8768885930303,1161.6106854878976,1110.7933135489463,1159.414306640625,12836428,0.0,0.0,AXISBANK
2025-04-17,1153.7234204439198,1197.2525949221158,1151.7266682029742,1188.8663330078125,13446336,0.0,0.0,AXISBANK
2025-04-21,1200.0481388219926,1236.688494977289,1196.1544474414134,1221.0140380859375,15166580,0.0,0.0,AXISBANK
2025-04-22,1228.4019873709017,1232.9944930922131,1210.1316558499327,1214.8240966796875,8461710,0.0,0.0,AXISBANK
2025-04-23,1223.3103308638504,1228.0026499644732,1192.959671888685,1204.940185546875,9433911,0.0,0.0,AXISBANK
2025-04-24,1197.1527616775102,1218.0188466210914,1197.1527616775102,1205.1397705078125,9078137,0.0,0.0,AXISBANK
2025-04-25,1175.088703760494,1177.9840189088325,1144.1390437634036,1164.4061279296875,17243807,0.0,0.0,AXISBANK
2025-04-28,1164.4060709863415,1194.0577918169092,1162.4093188261124,1190.863037109375,5523502,0.0,0.0,AXISBANK
2025-04-29,1192.061141874012,1208.03516052559,1182.4767550574834,1185.3720703125,6074520,0.0,0.0,AXISBANK
2025-04-30,1183.1754968297632,1191.9612552964234,1173.0919225507648,1183.07568359375,6288257,0.0,0.0,AXISBANK
2025-05-02,1180.1804557743023,1208.5343636071623,1178.183703418074,1181.4783935546875,5249372,0.0,0.0,AXISBANK
2025-05-05,1188.0675671485594,1188.0675671485594,1162.4093499514113,1171.2947998046875,7236056,0.0,0.0,AXISBANK
2025-05-06,1176.0870571311964,1176.8858067677252,1155.819973357097,1159.5140380859375,5348267,0.0,0.0,AXISBANK
2025-05-07,1157.1179926776738,1166.702379631733,1151.0279223537887,1159.414306640625,4263817,0.0,0.0,AXISBANK
2025-05-08,1168.1000081019201,1177.0853927796272,1163.7071289961807,1170.29638671875,9912347,0.0,0.0,AXISBANK
2025-05-09,1158.1162846211869,1170.2964243830247,1146.6349593857183,1149.230712890625,5379571,0.0,0.0,AXISBANK
2025-05-12,1183.0757380839893,1207.0367656907536,1173.2916030623917,1201.0465087890625,7616208,0.0,0.0,AXISBANK
2025-05-13,1203.2428820800658,1212.8273905767053,1188.0676134138669,1191.6617431640625,5569926,0.0,0.0,AXISBANK
2025-05-14,1193.9579685531069,1197.4522848041524,1183.9742078358338,1193.55859375,4084921,0.0,0.0,AXISBANK
2025-05-15,1195.0561486093766,1215.0236698893996,1183.0756358413628,1207.136474609375,6705748,0.0,0.0,AXISBANK
2025-05-16,1204.0415344019534,1211.329728425357,1201.2460326710943,1206.8370361328125,4016269,0.0,0.0,AXISBANK
2025-05-19,1206.0383086422082,1217.0204455586522,1199.149489292932,1200.8468017578125,4550022,0.0,0.0,AXISBANK
2025-05-20,1206.0382936126746,1208.7338602551959,1190.962839316932,1193.858154296875,4724482,0.0,0.0,AXISBANK
2025-05-21,1195.1560440526246,1202.9434266363357,1180.7794033676655,1195.85498046875,3712472,0.0,0.0,AXISBANK
2025-05-22,1194.7565812251876,1194.7565812251876,1175.5878096385115,1186.5699462890625,4795583,0.0,0.0,AXISBANK
2025-05-23,1186.5699884264711,1211.1300159790983,1186.1706136142166,1208.1348876953125,3676469,0.0,0.0,AXISBANK
2025-05-26,1214.225060749805,1222.2120701857439,1206.737239403612,1213.2266845703125,3607612,0.0,0.0,AXISBANK
2025-05-27,1213.2267186289012,1214.7242829401805,1188.4670618056741,1193.6585693359375,7249163,0.0,0.0,AXISBANK
2025-05-28,1193.6584505670924,1200.2477085066719,1189.7647593707686,1192.7598876953125,3525421,0.0,0.0,AXISBANK
2025-05-29,1198.051344500375,1207.036729584128,1187.0692071757885,1199.74853515625,7788068,0.0,0.0,AXISBANK
2025-05-30,1199.449049091761,1206.837056471761,1187.6681625772683,1190.263916015625,9998488,0.0,0.0,AXISBANK
2025-06-02,1187.8679434907856,1198.9498939286364,1177.285059235458,1192.46044921875,3761853,0.0,0.0,AXISBANK
2025-06-03,1193.0594989197061,1196.953190278046,1172.9921626846794,1179.5814208984375,8155665,0.0,0.0,AXISBANK
2025-06-04,1179.8810222715674,1189.3655960137116,1166.7023835276484,1169.0985107421875,4306355,0.0,0.0,AXISBANK
2025-06-05,1170.5959975050891,1173.5911258569147,1155.1211676873247,1157.117919921875,10481600,0.0,0.0,AXISBANK
2025-06-06,1157.0181754924818,1199.2494146414624,1149.3306058090322,1192.66015625,14715421,0.0,0.0,AXISBANK
2025-06-09,1210.5310596341333,1222.5115732140175,1204.2412412558594,1217.9190673828125,9138108,0.0,0.0,AXISBANK
2025-06-10,1222.4117121508891,1233.893037215761,1216.4214555953035,1230.798095703125,7747558,0.0,0.0,AXISBANK
2025-06-11,1230.59839323194,1239.7835267494627,1226.1057006477856,1229.400390625,4135775,0.0,0.0,AXISBANK
2025-06-12,1229.0011272054353,1235.0911977749258,1208.8339763039494,1210.9305419921875,3461744,0.0,0.0,AXISBANK
2025-06-13,1196.0545368181986,1209.7322402850675,1193.6584098658498,1203.8419189453125,3906868,0.0,0.0,AXISBANK
2025-06-16,1204.141444699681,1216.0221452054159,1194.0578700046613,1213.4263916015625,5697424,0.0,0.0,AXISBANK
2025-06-17,1213.4263926474275,1225.0075315706626,1209.333074821813,1213.1268310546875,4492946,0.0,0.0,AXISBANK
2025-06-18,1207.8354483996377,1221.313525681243,1201.9450050651124,1219.0172119140625,3135662,0.0,0.0,AXISBANK
2025-06-19,1216.0221372882443,1225.8062721991687,1211.8290062533267,1215.52294921875,4243763,0.0,0.0,AXISBANK
2025-06-20,1215.5228966095312,1224.009093423643,1212.2282067446315,1218.7176513671875,4652390,0.0,0.0,AXISBANK
2025-06-23,1210.6308537948642,1220.9141765377137,1203.6422209833972,1212.12841796875,2312469,0.0,0.0,AXISBANK
2025-06-24,1220.9142315421007,1236.3890620360896,1213.6260368186765,1219.2169189453125,6745788,0.0,0.0,AXISBANK
2025-06-25,1224.3087239605243,1224.3087239605243,1209.033520085913,1211.329833984375,4229259,0.0,0.0,AXISBANK
2025-06-26,1213.2267366940066,1236.9881395356201,1209.2332318044646,1231.4970703125,8678448,0.0,0.0,AXISBANK
2025-06-27,1234.8914830095598,1244.975057739528,1218.4182765518997,1223.110595703125,6068274,0.0,0.0,AXISBANK
2025-06-30,1226.9044065990563,1233.9928524938196,1191.1624936760497,1197.2525634765625,6559872,0.0,0.0,AXISBANK
2025-07-01,1200.048121898433,1200.048121898433,1165.1049569513073,1171.394775390625,8702198,0.0,0.0,AXISBANK
2025-07-02,1178.0839209734715,1179.9808601358986,1170.096911339753,1173.3916015625,5471100,0.0,0.0,AXISBANK
2025-07-03,1176.0870617453147,1179.0821900859225,1166.1033006099556,1169.1982421875,6237185,0.0,0.0,AXISBANK
2025-07-04,1173.095303475241,1178.5910651184386,1161.104550799174,1176.6925048828125,3926186,1.0,0.0,AXISBANK
2025-07-07,1176.6925315385822,1176.6925315385822,1166.700237415503,1174.1944580078125,5783402,0.0,0.0,AXISBANK
2025-07-08,1179.090677793982,1179.090677793982,1161.0046502671364,1164.501953125,9973619,0.0,0.0,AXISBANK
2025-07-09,1159.1060390377668,1170.0975618217456,1157.7070935609217,1163.8023681640625,8674795,0.0,0.0,AXISBANK
2025-07-10,1169.1982893297397,1175.6932803896598,1162.1037850287682,1163.40283203125,4339755,0.0,0.0,AXISBANK
2025-07-11,1161.1045522095474,1174.9938651381117,1159.7056066670582,1172.8955078125,4468654,0.0,0.0,AXISBANK
2025-07-14,1178.091458637763,1178.9907894899875,1162.1037882915339,1171.7962646484375,4772502,0.0,0.0,AXISBANK
2025-07-15,1173.0953206939591,1178.091467715654,1161.4043854536912,1165.0015869140625,4776756,0.0,0.0,AXISBANK
2025-07-16,1164.002330953665,1173.0952939304498,1156.2082929871394,1167.4996337890625,4388279,0.0,0.0,AXISBANK
2025-07-17,1169.098340588998,1171.9961301019453,1153.9101032453461,1158.90625,5694428,0.0,0.0,AXISBANK
2025-07-18,1089.1599990494663,1115.0400637891007,1085.1630816217619,1098.452880859375,38053695,0.0,0.0,AXISBANK
2025-07-21,1085.163068778452,1100.6511236274998,1071.0739594077916,1098.7525634765625,15905500,0.0,0.0,AXISBANK
2025-07-22,1101.1507259292464,1109.7440738053162,1094.1561205921278,1097.15380859375,9999957,0.0,0.0,AXISBANK
2025-07-23,1098.6526441789765,1109.6441667673976,1097.2536987270212,1103.9486083984375,6633979,0.0,0.0,AXISBANK
2025-07-24,1103.149269668163,1104.1484990790943,1088.560544663815,1094.256103515625,9901209,0.0,0.0,AXISBANK
2025-07-25,1085.262939453125,1100.151480708091,1075.37054479538,1085.262939453125,11779887,0.0,0.0,AXISBANK
2025-07-28,1080.06700589857,1091.3582241283038,1066.5774099597274,1072.7725830078125,9029557,0.0,0.0,AXISBANK
2025-07-29,1070.0747930042048,1077.8687091686768,1054.5867372441537,1063.3798828125,15599773,0.0,0.0,AXISBANK
2025-07-30,1069.675009445578,1079.767201393535,1061.181560047832,1072.472900390625,8247433,0.0,0.0,AXISBANK
2025-07-31,1065.1784853249985,1080.466743145018,1063.080128088743,1067.57666015625,7634413,0.0,0.0,AXISBANK
2025-08-01,1064.1792707746743,1070.0747484070778,1059.1831239635255,1061.581298828125,5545447,0.0,0.0,AXISBANK
2025-08-04,1063.5797746594428,1069.1754347826832,1058.183911621366,1067.7764892578125,4465845,0.0,0.0,AXISBANK
2025-08-05,1067.1769625013424,1079.0678163476823,1061.6812009903335,1069.974853515625,5318081,0.0,0.0,AXISBANK
2025-08-06,1073.1723708037903,1076.8694707767693,1064.7788194860536,1070.1746826171875,4216651,0.0,0.0,AXISBANK
2025-08-07,1066.977176292842,1078.8679082841259,1063.6796705621337,1075.37060546875,5321131,0.0,0.0,AXISBANK
2025-08-08,1072.1730875391024,1079.5674090897921,1053.3875270564029,1057.2845458984375,5084903,0.0,0.0,AXISBANK
2025-08-11,1057.2845412230301,1074.5712576112912,1051.7887798480178,1072.472900390625,5452775,0.0,0.0,AXISBANK
2025-08-12,1070.274542939649,1075.7703044188218,1065.478315198115,1069.1754150390625,4573025,0.0,0.0,AXISBANK
2025-08-13,1070.2745119894926,1071.9732750378564,1062.3805758797093,1065.178466796875,4966778,0.0,0.0,AXISBANK
2025-08-14,1066.1776825929462,1071.5735453068455,1061.1815360016017,1067.376708984375,6761305,0.0,0.0,AXISBANK
2025-08-18,1079.1677749702633,1089.1600691829508,1078.5682617127516,1081.7657470703125,7964987,0.0,0.0,AXISBANK
2025-08-19,1077.1692902994891,1094.1561900537483,1074.9710344159066,1082.365234375,5661531,0.0,0.0,AXISBANK
2025-08-20,1080.1669860248583,1082.8648566259114,1076.969500721666,1079.3675537109375,3034728,0.0,0.0,AXISBANK
2025-08-21,1089.1600252490596,1089.1600252490596,1075.570530063219,1078.068603515625,6459262,0.0,0.0,AXISBANK
2025-08-22,1075.1707521863284,1077.6688254953115,1068.6757615829724,1070.07470703125,3853718,0.0,0.0,AXISBANK
2025-08-25,1072.1731031186114,1073.6719471583856,1067.3767534008373,1069.1754150390625,2711278,0.0,0.0,AXISBANK
2025-08-26,1067.1770021897328,1068.9756639052698,1047.1924141337454,1049.290771484375,7197666,0.0,0.0,AXISBANK
2025-08-28,1056.1854006509102,1058.6834739731687,1046.193107361876,1051.08935546875,8564803,0.0,0.0,AXISBANK
2025-08-29,1051.2892385789264,1062.1808635505645,1041.6966606316682,1044.39453125,4718016,0.0,0.0,AXISBANK
2025-09-01,1046.792693797241,1063.1800803329604,1046.792693797241,1060.6820068359375,3190426,0.0,0.0,AXISBANK
2025-09-02,1060.6819506517852,1064.0793548230254,1048.1915838282832,1055.385986328125,4933541,0.0,0.0,AXISBANK
2025-09-03,1055.3860511421183,1064.079420170901,1044.1947305714677,1053.88720703125,8303296,0.0,0.0,AXISBANK
2025-09-04,1057.3844922319947,1061.3814097939771,1046.4929894565873,1049.590576171875,8088417,0.0,0.0,AXISBANK
2025-09-05,1055.7857154711764,1057.1846609678942,1046.9925703048245,1055.0863037109375,2849589,0.0,0.0,AXISBANK
2025-09-08,1055.0863616682946,1062.1808661059258,1053.1878013881899,1054.6866455078125,2260147,0.0,0.0,AXISBANK
2025-09-09,1056.6850022541591,1058.1838462289877,1047.891735478004,1051.3890380859375,4310419,0.0,0.0,AXISBANK
2025-09-10,1057.1846182048694,1073.2721858257835,1054.2868287880779,1069.2752685546875,5241075,0.0,0.0,AXISBANK
2025-09-11,1068.176167416612,1092.1576716429909,1068.176167416612,1086.56201171875,5227539,0.0,0.0,AXISBANK
2025-09-12,1087.5612418866979,1107.8455243744909,1087.5612418866979,1104.4482421875,6014850,0.0,0.0,AXISBANK
2025-09-15,1104.1484634272642,1109.1446103206003,1099.1523165339283,1103.5489501953125,3881807,0.0,0.0,AXISBANK
2025-09-16,1104.847882034871,1126.2314152658462,1103.1492408711283,1120.3359375,7965606,0.0,0.0,AXISBANK
2025-09-17,1120.435994746524,1127.6303977627526,1115.2399285892504,1125.13232421875,5590739,0.0,0.0,AXISBANK
2025-09-18,1128.129913734106,1133.5257765121382,1120.3358761684776,1132.1268310546875,5713032,0.0,0.0,AXISBANK
2025-09-19,1132.1268686542164,1143.2182901919443,1125.731776333649,1135.024658203125,8910732,0.0,0.0,AXISBANK
2025-09-22,1135.124515662792,1146.715551462693,1130.3281661018914,1143.51806640625,7689900,0.0,0.0,AXISBANK
2025-09-23,1145.1168893049187,1171.896285943036,1141.020073171241,1169.8978271484375,16079093,0.0,0.0,AXISBANK
2025-09-24,1167.0999210108505,1171.8962708465979,1153.110709628871,1158.0069580078125,12812055,0.0,0.0,AXISBANK
2025-09-25,1153.8100741514515,1170.8969935063292,1152.5111491906418,1165.700927734375,11188302,0.0,0.0,AXISBANK
2025-09-26,1160.704836753473,1168.798570429251,1147.1153414245289,1153.1107177734375,5618932,0.0,0.0,AXISBANK
2025-09-29,1154.5095860957442,1157.4073755324762,1125.8316312925506,1131.327392578125,9693881,0.0,0.0,AXISBANK
2025-09-30,1129.129162712632,1136.1237681453651,1124.5327321092266,1130.7279052734375,8165203,0.0,0.0,AXISBANK
2025-10-01,1131.6272525367885,1163.9024097219321,1130.1284084936935,1158.6064453125,9655009,0.0,0.0,AXISBANK
2025-10-03,1170.0975504074936,1187.0844490897546,1168.5987064061178,1180.08984375,11095015,0.0,0.0,AXISBANK
2025-10-06,1184.086852097852,1214.263531521155,1181.1890624105488,1211.865478515625,20128505,0.0,0.0,AXISBANK
2025-10-07,1211.0660300798188,1211.0660300798188,1183.0876069426613,1185.885498046875,8620156,0.0,0.0,AXISBANK
2025-10-08,1179.1905708552174,1193.879315975699,1173.195194555325,1179.690185546875,5160430,0.0,0.0,AXISBANK
2025-10-09,1177.092172913211,1186.3850546477581,1162.2036312205041,1166.5003662109375,7194651,0.0,0.0,AXISBANK
2025-10-10,1167.099888033273,1190.7815749845481,1164.301997045437,1179.4903564453125,6933035,0.0,0.0,AXISBANK
2025-10-13,1170.0975857557814,1192.6801449968107,1166.600282980252,1188.6832275390625,4138448,0.0,0.0,AXISBANK
2025-10-14,1190.881629244145,1190.881629244145,1165.7009755688605,1175.8931884765625,5742538,0.0,0.0,AXISBANK
2025-10-15,1179.0906179006056,1180.7892589833573,1163.1029485053432,1168.6986083984375,6328142,0.0,0.0,AXISBANK
2025-10-16,1215.4626602690012,1215.9622749664172,1184.386650484972,1195.378173828125,17747171,0.0,0.0,AXISBANK
2025-10-17,1195.378127506221,1211.9653104224176,1190.681676346755,1199.2750244140625,6404414,0.0,0.0,AXISBANK
2025-10-20,1206.9691490495477,1230.7507342517279,1206.0698182446727,1225.05517578125,7418616,0.0,0.0,AXISBANK
2025-10-21,1224.8554197755107,1237.8454016834933,1221.0582993503724,1236.3465576171875,1940248,0.0,0.0,AXISBANK
2025-10-23,1245.0397715691,1275.1165506443417,1240.3434424090542,1257.8299560546875,14611221,0.0,0.0,AXISBANK
2025-10-24,1253.2334413696176,1255.0321030466466,1239.1443314870335,1240.9429931640625,4882046,0.0,0.0,AXISBANK
2025-10-27,1242.441839313446,1257.5301786026632,1241.6424070164871,1253.133544921875,6185072,0.0,0.0,AXISBANK
2025-10-28,1248.0374700896894,1257.9298651445754,1235.6470016359046,1245.339599609375,8146777,0.0,0.0,AXISBANK
2025-10-29,1245.9390863463195,1250.0359022381838,1238.244947255514,1247.837646484375,4578825,0.0,0.0,AXISBANK
2025-10-30,1242.042141558398,1247.0382885477723,1234.0483063753995,1237.6455078125,4017532,0.0,0.0,AXISBANK
2025-10-31,1242.0420660340162,1244.4402408383398,1230.0513139886355,1231.8499755859375,4106607,0.0,0.0,AXISBANK
2025-11-03,1225.0552499537425,1240.043691021692,1221.35814994748,1232.749267578125,6118907,0.0,0.0,AXISBANK
2025-11-04,1229.1519657161218,1234.947544579493,1221.8576648446217,1225.6546630859375,3299345,0.0,0.0,AXISBANK
2025-11-06,1224.0559200275998,1238.6446437404365,1224.0559200275998,1227.55322265625,3733721,0.0,0.0,AXISBANK
2025-11-07,1226.0543803853739,1227.8530419588296,1216.0620871466992,1221.857666015625,3461466,0.0,0.0,AXISBANK
2025-11-10,1221.0582806000282,1231.8500065022106,1214.5632897457729,1216.0621337890625,4140568,0.0,0.0,AXISBANK
2025-11-11,1217.1612278614307,1224.0559346641744,1208.467981442474,1221.557861328125,5615453,0.0,0.0,AXISBANK
2025-11-12,1226.9537631333974,1231.7499909053392,1215.562523963644,1220.6585693359375,6782513,0.0,0.0,AXISBANK
2025-11-13,1218.0605641936236,1233.8484365397046,1212.264985237154,1224.2557373046875,3345231,0.0,0.0,AXISBANK
2025-11-14,1223.056775575948,1245.039822195777,1221.058316792327,1240.6431884765625,5197740,0.0,0.0,AXISBANK
2025-11-17,1242.9414044247746,1260.028201798564,1239.44410172351,1248.636962890625,4088026,0.0,0.0,AXISBANK
2025-11-18,1249.0367693639987,1272.5186606280417,1246.6385943715704,1264.4249267578125,10175969,0.0,0.0,AXISBANK
2025-11-19,1267.0228456161299,1272.0189924837014,1256.8307547967806,1269.4210205078125,4101288,0.0,0.0,AXISBANK
2025-11-20,1274.017503489148,1286.3080740780129,1261.6270343540828,1284.2095947265625,4617594,0.0,0.0,AXISBANK
2025-11-21,1283.0105266743428,1283.5101413654154,1272.0190034707464,1274.81689453125,6363593,0.0,0.0,AXISBANK
2025-11-24,1278.2141857045526,1289.9052427423878,1265.623919797552,1268.0220947265625,10491953,0.0,0.0,AXISBANK
2025-11-25,1268.1219878416657,1275.7161067708207,1262.7261247685515,1265.32421875,5290156,0.0,0.0,AXISBANK
2025-11-26,1270.9198641332523,1291.8037824278044,1268.3218921582525,1289.2056884765625,4842021,0.0,0.0,AXISBANK
2025-11-27,1296.0004592453204,1302.9950646537377,1280.0127897403665,1286.3079833984375,5924706,0.0,0.0,AXISBANK
2025-11-28,1286.3079857267776,1288.0066268242583,1274.0174159821017,1278.7137451171875,3093636,0.0,0.0,AXISBANK
2025-12-01,1287.0074895694327,1288.0067189868003,1267.522515930765,1274.7169189453125,4098016,0.0,0.0,AXISBANK
2025-12-02,1269.7206814849603,1280.012792541795,1254.1327280787623,1257.030517578125,8115347,0.0,0.0,AXISBANK
2025-12-03,1254.0328509120545,1271.9190809099528,1254.0328509120545,1269.720703125,3582794,0.0,0.0,AXISBANK
2025-12-04,1269.7206681913929,1281.8114407353803,1268.421743240615,1279.0135498046875,3216108,0.0,0.0,AXISBANK
2025-12-05,1274.2172952640824,1284.0097922758284,1266.3234805034615,1281.51171875,2728214,0.0,0.0,AXISBANK
2025-12-08,1283.0105727184648,1287.806922715388,1264.1251123229204,1272.8184814453125,2969478,0.0,0.0,AXISBANK
2025-12-09,1271.0197291988948,1280.4125094545745,1262.22646215608,1274.916748046875,4239279,0.0,0.0,AXISBANK
2025-12-10,1272.0189640520778,1283.010486915057,1267.3226348920275,1277.6146240234375,2928746,0.0,0.0,AXISBANK
2025-12-11,1276.4155672355312,1281.0119977463942,1270.020475144826,1271.7191162109375,2017404,0.0,0.0,AXISBANK
2025-12-12,1277.0151531013842,1290.0051350969381,1276.9152545582056,1285.10888671875,2281078,0.0,0.0,AXISBANK
2025-12-15,1284.009733605876,1289.4055965703628,1279.0135867825068,1283.8099365234375,1634472,0.0,0.0,AXISBANK
2025-12-16,1276.1158469576924,1276.6154616594986,1215.9622856507456,1218.66015625,11542048,0.0,0.0,AXISBANK
2025-12-17,1219.6592876851394,1235.0474436599686,1219.3595920738758,1223.756103515625,5147181,0.0,0.0,AXISBANK
2025-12-18,1225.1550731667012,1237.5455414162577,1219.259595647226,1228.852294921875,3441592,0.0,0.0,AXISBANK
2025-12-19,1235.746885956047,1240.5432356172332,1228.152767306034,1229.651611328125,5055047,0.0,0.0,AXISBANK
2025-12-22,1234.0482954798545,1235.946855714303,1225.8546632801215,1232.2496337890625,2405809,0.0,0.0,AXISBANK
2025-12-23,1238.045242047991,1238.045242047991,1222.5571861547353,1224.0560302734375,2920318,0.0,0.0,AXISBANK
2025-12-24,1229.0520802122269,1234.447943008406,1223.756115954151,1225.35498046875,3155506,0.0,0.0,AXISBANK
2025-12-26,1224.0559328937265,1228.9521810205488,1221.058244894803,1227.25341796875,1665983,0.0,0.0,AXISBANK
2025-12-29,1227.2534168570169,1232.949097235554,1218.0605557924741,1231.050537109375,2209655,0.0,0.0,AXISBANK
2025-12-30,1232.0498131128988,1251.1350696831464,1231.0505837429776,1245.039794921875,5673233,0.0,0.0,AXISBANK
2025-12-31,1245.0397618984655,1270.5201101556172,1244.0405325550478,1268.4217529296875,3711090,0.0,0.0,AXISBANK
2026-01-01,1269.021335005127,1278.214196672934,1262.8261615302456,1273.41796875,2022412,0.0,0.0,AXISBANK
2026-01-02,1272.918311604941,1280.8122479783322,1263.3257341026986,1265.9237060546875,5860547,0.0,0.0,AXISBANK
2026-01-05,1273.2180455456032,1288.7061011587011,1269.0213308796485,1284.8092041015625,6177100,0.0,0.0,AXISBANK
2026-01-06,1303.5945822822944,1303.5945822822944,1284.409427601834,1292.802978515625,6751769,0.0,0.0,AXISBANK
2026-01-07,1292.0036354433014,1297.999011941878,1283.0105706954362,1294.501708984375,5440002,0.0,0.0,AXISBANK
2026-01-08,1290.1049625392075,1302.1956130273209,1282.810661621765,1285.808349609375,3949654,0.0,0.0,AXISBANK
2026-01-09,1285.8084190520194,1294.3018688089537,1269.1212151673558,1271.019775390625,5531427,0.0,0.0,AXISBANK
2026-01-12,1273.7176322643472,1278.613880584573,1265.5240002008,1273.218017578125,6489750,0.0,0.0,AXISBANK
2026-01-13,1273.018218268683,1283.0105119756586,1257.729960106514,1261.0274658203125,5163166,0.0,0.0,AXISBANK
2026-01-14,1254.0328977976028,1306.9920560312862,1252.5340536966494,1297.7991943359375,7776704,0.0,0.0,AXISBANK
2026-01-15,1297.7991943359375,1297.7991943359375,1297.7991943359375,1297.7991943359375,0,0.0,0.0,AXISBANK
2026-01-16,1297.7991895256325,1307.9912805838399,1285.5086191528724,1293.20263671875,5175495,0.0,0.0,AXISBANK
2026-01-19,1305.992816944013,1325.9774048084967,1296.1004215558446,1306.492431640625,8833223,0.0,0.0,AXISBANK
2026-01-20,1305.0934393364212,1309.889789042553,1289.0058710771407,1292.503173828125,6268527,0.0,0.0,AXISBANK
2026-01-21,1289.005835224937,1296.699852272607,1266.423276770507,1283.9097900390625,3854702,0.0,0.0,AXISBANK
2026-01-22,1289.0058962937878,1297.8990621440864,1280.4125480470777,1293.80224609375,5949677,0.0,0.0,AXISBANK
2026-01-23,1296.0004620817394,1297.9989207742324,1247.03822411566,1257.030517578125,8885549,0.0,0.0,AXISBANK
2026-01-27,1287.8068186364756,1332.172503629323,1277.4148091338427,1314.7860107421875,22715357,0.0,0.0,AXISBANK
2026-01-28,1346.96117816438,1368.344710877668,1309.1902595410845,1318.782958984375,15426403,0.0,0.0,AXISBANK
2026-01-29,1316.9843142731056,1365.9465535746094,1304.9935617911046,1362.6490478515625,16107684,0.0,0.0,AXISBANK
2026-01-30,1350.9581487855723,1377.6375249747894,1350.9581487855723,1369.343994140625,14758482,0.0,0.0,AXISBANK
2026-02-02,1337.9681888395623,1351.657583056608,1301.8960312952238,1310.4893798828125,8647298,0.0,0.0,AXISBANK
2026-02-03,1401.9187671636068,1417.2070248903838,1344.4630799847705,1355.15478515625,10384723,0.0,0.0,AXISBANK
2026-02-04,1368.6444460360808,1368.8443650997315,1335.5699776381928,1337.6683349609375,6672251,0.0,0.0,AXISBANK
2026-02-05,1338.9673655022464,1338.9673655022464,1316.38480597186,1329.5745849609375,3766488,0.0,0.0,AXISBANK
2026-02-06,1323.978857614386,1345.3623895967637,1323.6790400259413,1340.5660400390625,5876574,0.0,0.0,AXISBANK
2026-02-09,1348.9596813977641,1348.9596813977641,1329.6745053102466,1340.3663330078125,4077536,0.0,0.0,AXISBANK
2026-02-10,1351.5576029795986,1359.0518231520896,1342.2648431514538,1355.6544189453125,5478998,0.0,0.0,AXISBANK
2026-02-11,1356.9535467798464,1358.9520056116282,1343.7637672805854,1346.2618408203125,3866272,0.0,0.0,AXISBANK
2026-02-12,1346.8613439479982,1356.6537189643552,1335.1702866842277,1338.9674072265625,4152620,0.0,0.0,AXISBANK
2026-02-13,1340.2663796042373,1345.4623234479259,1315.0857267297542,1331.2733154296875,4624549,0.0,0.0,AXISBANK
2026-02-16,1322.9796798725715,1360.8504972188548,1322.9796798725715,1357.2532958984375,5082167,0.0,0.0,AXISBANK
2026-02-17,1357.2533026228227,1359.851274590649,1349.3593662013097,1356.154052734375,4513065,0.0,0.0,AXISBANK
2026-02-18,1361.9496315905558,1377.4376868287463,1352.7567701751589,1375.9388427734375,5556076,0.0,0.0,AXISBANK
2026-02-19,1380.0356854729655,1381.7344486208985,1349.9589052436156,1355.5545654296875,2744704,0.0,0.0,AXISBANK
2026-02-20,1349.95888845452,1375.439237570427,1349.95888845452,1367.24560546875,3791536,0.0,0.0,AXISBANK
2026-02-23,1379.4361742227843,1400.9196061284633,1379.1363566149982,1385.63134765625,6160153,0.0,0.0,AXISBANK
2026-02-24,1396.9226494184725,1396.9226494184725,1382.4338236555484,1386.5306396484375,7888492,0.0,0.0,AXISBANK
2026-02-25,1392.9257588022874,1403.2178702295591,1386.5306663608878,1401.9188232421875,4379373,0.0,0.0,AXISBANK
2026-02-26,1401.918780685966,1404.616651145543,1384.9318817040264,1394.424560546875,8979547,0.0,0.0,AXISBANK
2026-02-27,1385.9310826257845,1394.4245319425252,1379.935706637497,1382.83349609375,5840317,0.0,0.0,AXISBANK
2026-03-02,1368.0449464468218,1383.6329006836204,1352.5568907547233,1371.2425537109375,5132511,0.0,0.0,AXISBANK
2026-03-04,1343.4638586340375,1356.5537387000065,1325.977345040809,1350.2586669921875,5832353,0.0,0.0,AXISBANK
2026-03-05,1353.8558818023537,1354.7552126199696,1334.2710107771431,1348.060302734375,6057499,0.0,0.0,AXISBANK
2026-03-06,1345.9619172738485,1346.8612480726197,1312.4877344760207,1314.7860107421875,11629935,0.0,0.0,AXISBANK
2026-03-09,1281.21185421577,1290.005121495157,1259.8284431987802,1287.3072509765625,7926265,0.0,0.0,AXISBANK
2026-03-10,1294.2017954025807,1318.483117211831,1283.609988769071,1313.686767578125,6289277,0.0,0.0,AXISBANK
2026-03-11,1308.9904577529614,1316.4846779309364,1251.7345668027367,1254.832275390625,6859908,0.0,0.0,AXISBANK
2026-03-12,1242.2419531270289,1250.1358898575004,1230.8508354394771,1233.5487060546875,9663320,0.0,0.0,AXISBANK
2026-03-13,1223.0566935167647,1233.548601426835,1193.3796313616317,1196.3773193359375,9098187,0.0,0.0,AXISBANK
2026-03-16,1198.2758601545113,1218.9599821354238,1179.1906028112269,1213.763916015625,8743794,0.0,0.0,AXISBANK
2026-03-17,1218.7600133529452,1231.3504009913356,1209.0675372579854,1227.153564453125,5707317,0.0,0.0,AXISBANK
2026-03-18,1227.0537204854681,1259.0290617359037,1223.25659992148,1252.2342529296875,6018952,0.0,0.0,AXISBANK
2026-03-19,1220.0590351044686,1240.543236758557,1201.0736774738505,1206.06982421875,8264698,0.0,0.0,AXISBANK
2026-03-20,1207.6686193933658,1230.850814485364,1198.7754534047704,1202.9722900390625,7518686,0.0,0.0,AXISBANK
2026-03-23,1180.0898858184764,1184.1867018397022,1164.1022159005292,1169.6978759765625,6697446,0.0,0.0,AXISBANK
2026-03-24,1186.0852033826384,1201.8730754363555,1168.698588811437,1191.78076171875,8274701,0.0,0.0,AXISBANK
2026-03-25,1199.0752581820623,1238.0452040729795,1197.0767994184255,1221.158203125,9645791,0.0,0.0,AXISBANK
2026-03-27,1208.5679755024764,1212.5648931560606,1201.0737549020064,1204.271240234375,9479301,0.0,0.0,AXISBANK
2026-03-30,1184.1867379087505,1187.883959875634,1153.0108294096656,1160.4051513671875,18534887,0.0,0.0,AXISBANK
2026-04-01,1174.0945147139696,1207.0690840633831,1174.0945147139696,1192.1805419921875,6595695,0.0,0.0,AXISBANK
2026-04-02,1173.694834782652,1201.3735624884298,1149.4136334255566,1196.9769287109375,9501543,0.0,0.0,AXISBANK
2026-04-06,1201.1735518383607,1248.8368640111612,1195.4779934543012,1244.34033203125,7847086,0.0,0.0,AXISBANK
2026-04-07,1236.846148755743,1254.5324596108962,1220.0590467422576,1249.1365966796875,9248545,0.0,0.0,AXISBANK
2026-04-08,1299.0981069582683,1334.5707503418926,1299.0981069582683,1331.9727783203125,13519723,0.0,0.0,AXISBANK
2026-04-09,1321.281007006804,1337.5683720869056,1311.788328262907,1317.48388671875,6542529,0.0,0.0,AXISBANK
2026-04-10,1327.775987854385,1357.552948822845,1325.077995466752,1349.759033203125,6755589,0.0,0.0,AXISBANK
2026-04-13,1316.9843426965365,1365.846684510496,1314.286472120357,1352.556884765625,8974851,0.0,0.0,AXISBANK
2026-04-15,1365.946582373461,1383.4330967783883,1347.9604532712501,1354.4554443359375,6789879,0.0,0.0,AXISBANK
2026-04-16,1360.950405135781,1363.448478566647,1341.9650470611996,1348.5599365234375,5232398,0.0,0.0,AXISBANK
2026-04-17,1351.957337543237,1363.248678214176,1343.0641717554277,1358.0526123046875,4062181,0.0,0.0,AXISBANK
2026-04-20,1358.4523557219322,1372.941181877113,1346.9612177367892,1353.656005859375,4878641,0.0,0.0,AXISBANK
2026-04-21,1359.9512233524406,1379.236399704072,1353.656029295873,1376.6383056640625,5145338,0.0,0.0,AXISBANK
2026-04-22,1368.944287324286,1389.928104867213,1364.947369697062,1378.536865234375,3997911,0.0,0.0,AXISBANK
2026-04-23,1367.945042422019,1383.1332804429271,1364.347840993514,1368.5445556640625,5671255,0.0,0.0,AXISBANK
2026-04-24,1367.9449987412254,1373.9403749227063,1348.9596408332025,1364.847412109375,3648313,0.0,0.0,AXISBANK
2026-04-27,1323.9788756219436,1326.2771518946506,1298.8982435808812,1323.179443359375,10768267,0.0,0.0,AXISBANK
2026-04-28,1310.9889903752908,1320.3817712564608,1284.5094109203021,1288.0067138671875,9939787,0.0,0.0,AXISBANK
2026-04-29,1294.0020554402972,1308.1910639372534,1278.014385257251,1295.4010009765625,6228275,0.0,0.0,AXISBANK
2026-04-30,1287.0074012162179,1287.0074012162179,1256.3311089994636,1267.3226318359375,16481853,0.0,0.0,AXISBANK
2026-05-01,1267.3226318359375,1267.3226318359375,1267.3226318359375,1267.3226318359375,0,0.0,0.0,AXISBANK
2026-05-04,1267.3226232305547,1293.4024846611255,1263.525502940515,1274.1173095703125,9759479,0.0,0.0,AXISBANK
2026-05-05,1267.0229010000714,1272.7184598875697,1251.0352303249917,1258.729248046875,10163714,0.0,0.0,AXISBANK
2026-05-06,1274.0174810881558,1299.9974454083847,1254.2326902384063,1293.20263671875,7277673,0.0,0.0,AXISBANK
2026-05-07,1297.9989290636138,1307.0918917772797,1280.212597796342,1291.7037353515625,6785048,0.0,0.0,AXISBANK
2026-05-08,1279.0135664260551,1281.0120251235958,1263.625410059744,1267.3226318359375,6358595,0.0,0.0,AXISBANK
2026-05-11,1257.7299630241207,1282.011285578894,1250.735357413012,1271.319580078125,7341360,0.0,0.0,AXISBANK
2026-05-12,1269.421017563825,1273.0182189048855,1255.9314210526663,1259.12890625,5727828,0.0,0.0,AXISBANK
2026-05-13,1255.1320159570741,1274.3172934854406,1246.538667573858,1254.7322998046875,6045406,0.0,0.0,AXISBANK
2026-05-14,1255.631637507536,1268.022106441695,1234.8477392086593,1253.6331787109375,5822618,0.0,0.0,AXISBANK
2026-05-15,1258.6293424179842,1262.4264629724478,1241.0429291696062,1243.8408203125,4805485,0.0,0.0,AXISBANK
2026-05-18,1238.0451728188796,1241.0428608886589,1221.1581722972078,1236.946044921875,6052023,0.0,0.0,AXISBANK
2026-05-19,1237.5456222864914,1248.8369633917555,1230.351219336608,1237.3458251953125,9200314,0.0,0.0,AXISBANK
2026-05-20,1233.0490412431207,1253.1335271630967,1225.6547195178894,1248.8369140625,3562641,0.0,0.0,AXISBANK
2026-05-21,1255.9314298819743,1261.726887089914,1243.8407788007414,1252.334228515625,5171528,0.0,0.0,AXISBANK
2026-05-22,1253.1334965544734,1287.8068279947058,1253.1334965544734,1284.409423828125,5016900,0.0,0.0,AXISBANK
2026-05-25,1299.39784951034,1313.4869587156177,1292.9028588434312,1310.189453125,5671455,0.0,0.0,AXISBANK
2026-05-26,1308.7907369859347,1315.985139985791,1290.50478989495,1298.298828125,6455265,0.0,0.0,AXISBANK
2026-05-27,1295.3010549602839,1313.4869803364859,1292.103447855121,1303.094970703125,7243174,0.0,0.0,AXISBANK
2026-05-28,1303.094970703125,1303.094970703125,1303.094970703125,1303.094970703125,0,0.0,0.0,AXISBANK
2026-05-29,1295.1011997994176,1311.5884848848368,1276.4156588264402,1285.6085205078125,15215715,0.0,0.0,AXISBANK
2026-06-01,1288.0066280954209,1292.2033425617142,1266.0235824646225,1274.916748046875,4311076,0.0,0.0,AXISBANK
2026-06-02,1262.0267183828762,1274.8169033533427,1243.9406908361375,1250.1358642578125,11884695,0.0,0.0,AXISBANK
2026-06-03,1244.1404736967706,1263.8253656219047,1229.3519520935338,1254.232666015625,7953326,0.0,0.0,AXISBANK
2026-06-04,1245.0398052641103,1258.929118016639,1243.1412450502407,1252.334228515625,6392593,0.0,0.0,AXISBANK
2026-06-05,1259.0290099995375,1275.0166799677856,1251.1350735574667,1271.319580078125,7825303,0.0,0.0,AXISBANK
2026-06-08,1261.0274061863013,1278.2141017590434,1261.0274061863013,1267.1226806640625,5034388,0.0,0.0,AXISBANK
2026-06-09,1274.916768250008,1297.3994289105083,1270.520134658929,1291.404052734375,7533504,0.0,0.0,AXISBANK
2026-06-10,1282.5109488108894,1325.477813476934,1282.5109488108894,1313.487060546875,12262606,0.0,0.0,AXISBANK
2026-06-11,1307.7914623726329,1338.4677555724868,1306.2926183014429,1316.284912109375,8196686,0.0,0.0,AXISBANK
2026-06-12,1330.9735596234657,1357.4531387000588,1317.4839627353902,1355.2548828125,8535670,0.0,0.0,AXISBANK
2026-06-15,1370.9427053735023,1376.9380816360685,1359.5514660793779,1367.24560546875,7522828,0.0,0.0,AXISBANK
2026-06-16,1362.4492051798502,1370.4430399003772,1348.1601768264127,1364.6474609375,7709061,0.0,0.0,AXISBANK
2026-06-17,1363.048787960663,1364.647530591123,1348.2602661586025,1349.8590087890625,4761917,0.0,0.0,AXISBANK
2026-06-18,1346.561512407277,1364.8474591819588,1343.9635403676145,1359.0518798828125,5186573,0.0,0.0,AXISBANK
2026-06-19,1355.7545097416184,1361.9496832815275,1349.4593156798994,1356.8536376953125,4640277,0.0,0.0,AXISBANK
2026-06-22,1359.9511533650066,1365.0471986847929,1354.1555743103543,1357.552978515625,3153284,0.0,0.0,AXISBANK
2026-06-23,1357.5529705396623,1370.8427696854017,1355.0548971646165,1362.44921875,5745853,0.0,0.0,AXISBANK
2026-06-24,1354.9550675446912,1385.0318481148515,1354.9550675446912,1383.43310546875,8343829,0.0,0.0,AXISBANK
2026-06-25,1385.831270177255,1399.021049380356,1371.6421396044548,1376.138671875,7995552,0.0,0.0,AXISBANK
2026-06-26,1376.138671875,1376.138671875,1376.138671875,1376.138671875,0,0.0,0.0,AXISBANK
2026-06-29,1391.5268564078813,1391.5268564078813,1351.1579637199086,1355.7545166015625,12602010,0.0,0.0,AXISBANK
2026-06-30,1356.6537167481358,1373.9404342753348,1342.5646065082708,1344.6629638671875,7781221,0.0,0.0,AXISBANK
2026-07-01,1344.6628669036613,1376.6382056137847,1344.6628669036613,1367.6451416015625,3187785,0.0,0.0,AXISBANK
2026-07-02,1372.941166068036,1374.440010135796,1357.053394554533,1361.5499267578125,4013561,0.0,0.0,AXISBANK
2026-07-03,1371.941884852612,1371.941884852612,1337.3685740578373,1341.065673828125,3500465,0.0,0.0,AXISBANK
2026-07-06,1354.6551952621983,1369.9434532686023,1334.470810970254,1338.567626953125,5154081,0.0,0.0,AXISBANK
2026-07-07,1345.762131730582,1355.8543237280394,1335.1702030839804,1339.966552734375,6198988,0.0,0.0,AXISBANK
2026-07-08,1342.9642575887744,1342.9642575887744,1302.9950832557752,1308.4908447265625,6917968,0.0,0.0,AXISBANK
2026-07-09,1311.8882333774443,1320.5814799012492,1291.2041127197447,1296.5999755859375,5609851,0.0,0.0,AXISBANK
2026-07-10,1304.0,1326.5999755859375,1303.9000244140625,1323.699951171875,3549139,1.0,0.0,AXISBANK
2026-07-13,1315.9000244140625,1329.9000244140625,1313.5,1319.4000244140625,3674483,0.0,0.0,AXISBANK
2026-07-14,1320.0999755859375,1323.699951171875,1298.5999755859375,1317.5999755859375,6005505,0.0,0.0,AXISBANK
2026-07-15,1328.0,1348.0,1303.300048828125,1312.300048828125,9442403,0.0,0.0,AXISBANK
2026-07-16,1315.0999755859375,1315.5,1299.4000244140625,1307.5999755859375,5001226,0.0,0.0,AXISBANK
2026-07-17,1307.0,1333.0,1305.0,1328.5,11192836,0.0,0.0,AXISBANK
2026-07-20,1275.0,1284.0,1249.0999755859375,1256.0,25314148,0.0,0.0,AXISBANK
2026-07-21,1245.0,1267.699951171875,1244.5,1258.199951171875,15014867,0.0,0.0,AXISBANK
2026-07-22,1258.199951171875,1258.199951171875,1230.5,1238.4000244140625,8358923,0.0,0.0,AXISBANK
2026-07-23,1230.0999755859375,1239.4000244140625,1219.199951171875,1223.0,8240787,0.0,0.0,AXISBANK
2026-07-24,1216.800048828125,1233.9000244140625,1210.5999755859375,1227.300048828125,8088828,0.0,0.0,AXISBANK
2026-07-27,1237.0,1237.0,1221.5999755859375,1227.5,5967502,0.0,0.0,AXISBANK
2026-07-28,1222.5,1233.9000244140625,1219.699951171875,1223.5,6093182,0.0,0.0,AXISBANK
2026-07-29,1229.5,1237.0999755859375,1214.4000244140625,1235.4000244140625,10110233,0.0,0.0,AXISBANK
2026-07-30,1229.0,1232.199951171875,1220.199951171875,1228.9000244140625,6878684,0.0,0.0,AXISBANK
2026-07-31,1226.199951171875,1239.699951171875,1226.0,1229.5,7487936,0.0,0.0,AXISBANK
2026-08-03,1236.9000244140625,1272.0,1230.5,1272.0,6713421,0.0,0.0,AXISBANK
2026-08-04,1264.0,1264.0,1244.0,1261.800048828125,5694891,0.0,0.0,AXISBANK
2026-08-05,1260.0,1263.0,1246.199951171875,1253.9000244140625,4295407,0.0,0.0,AXISBANK
2026-08-06,1256.0999755859375,1259.9000244140625,1248.300048828125,1256.0,4845792,0.0,0.0,AXISBANK
2026-08-07,1252.0999755859375,1256.0,1238.0,1238.0,3628823,0.0,0.0,AXISBANK
2026-08-10,1235.0,1250.0,1235.0,1247.300048828125,3661847,0.0,0.0,AXISBANK
2026-08-11,1242.0,1243.0,1225.4000244140625,1229.800048828125,5843702,0.0,0.0,AXISBANK
2026-08-12,1230.0,1234.9000244140625,1216.9000244140625,1230.0,7218881,0.0,0.0,AXISBANK
2026-08-13,1224.5,1224.800048828125,1215.5999755859375,1221.800048828125,5284300,0.0,0.0,AXISBANK
2026-08-14,1216.0,1218.699951171875,1208.5999755859375,1217.4000244140625,5557745,0.0,0.0,AXISBANK
2026-08-17,1220.0,1235.0,1213.5999755859375,1227.300048828125,6068014,0.0,0.0,AXISBANK
2026-08-18,1223.9000244140625,1250.5,1223.4000244140625,1243.0,5064697,0.0,0.0,AXISBANK
2026-08-19,1243.0999755859375,1245.0,1224.0,1235.0,3061937,0.0,0.0,AXISBANK
2026-08-20,1237.5,1253.9000244140625,1236.199951171875,1251.0,4163816,0.0,0.0,AXISBANK
2026-08-21,1250.5999755859375,1256.4000244140625,1240.4000244140625,1245.800048828125,3690270,0.0,0.0,AXISBANK
2026-08-24,1245.800048828125,1248.699951171875,1231.800048828125,1236.0,3778588,0.0,0.0,AXISBANK
2026-08-25,1236.0999755859375,1240.5,1229.800048828125,1235.0,3606504,0.0,0.0,AXISBANK
2026-08-26,1240.0999755859375,1257.699951171875,1238.199951171875,1255.0,3298266,0.0,0.0,AXISBANK
2026-08-27,1260.0,1268.699951171875,1251.4000244140625,1256.0,7005789,0.0,0.0,AXISBANK
2026-08-28,1256.0,1265.4000244140625,1248.199951171875,1265.0,3243469,0.0,0.0,AXISBANK
2026-08-31,1257.0,1300.0,1251.199951171875,1300.0,6093670,0.0,0.0,AXISBANK
2026-09-01,1274.9000244140625,1275.0999755859375,1255.0,1258.0,5588158,0.0,0.0,AXISBANK
2026-09-02,1254.5999755859375,1266.9000244140625,1250.0,1253.9000244140625,6437250,0.0,0.0,AXISBANK
2026-09-03,1265.0,1278.9000244140625,1260.199951171875,1267.0,3309215,0.0,0.0,AXISBANK
2026-09-04,1270.300048828125,1280.699951171875,1262.0,1273.0,3810611,0.0,0.0,AXISBANK
2026-09-07,1271.0,1271.9000244140625,1261.5999755859375,1266.0,1592707,0.0,0.0,AXISBANK
2026-09-08,1262.800048828125,1264.9000244140625,1239.5,1244.9000244140625,3623260,0.0,0.0,AXISBANK
2026-09-09,1236.0,1257.4000244140625,1234.699951171875,1238.5,6679663,0.0,0.0,AXISBANK
2026-09-10,1242.0999755859375,1255.199951171875,1240.4000244140625,1246.0,4150654,0.0,0.0,AXISBANK
2026-09-11,1237.9000244140625,1252.800048828125,1229.800048828125,1246.0,4562285,0.0,0.0,AXISBANK
2026-09-14,1246.0,1246.0,1246.0,1246.0,0,0.0,0.0,AXISBANK
2026-09-15,1254.0,1254.0,1219.9000244140625,1222.9000244140625,5698466,0.0,0.0,AXISBANK
2026-09-16,1230.0,1252.5,1223.699951171875,1241.0,5799541,0.0,0.0,AXISBANK
2026-09-17,1238.0,1257.5999755859375,1233.0,1240.0,4413665,0.0,0.0,AXISBANK
2026-09-18,1244.0,1257.0,1240.5,1257.0,5693016,0.0,0.0,AXISBANK
2026-09-21,1248.0,1254.300048828125,1242.0,1250.0,3680283,0.0,0.0,AXISBANK
2026-09-22,1245.199951171875,1255.5999755859375,1240.0999755859375,1242.699951171875,2689110,0.0,0.0,AXISBANK
2026-09-23,1242.199951171875,1252.0,1238.9000244140625,1243.199951171875,2287837,0.0,0.0,AXISBANK
2026-09-24,1225.199951171875,1225.199951171875,1175.0,1186.5,10890660,0.0,0.0,AXISBANK
2026-09-25,1191.5,1225.0,1191.5,1222.4000244140625,6923162,0.0,0.0,AXISBANK
2026-09-28,1211.5,1217.800048828125,1205.0,1209.9000244140625,4771499,0.0,0.0,AXISBANK
2026-09-29,1202.0,1212.0999755859375,1190.5,1212.0999755859375,7260302,0.0,0.0,AXISBANK
2026-09-30,1201.0999755859375,1237.0999755859375,1201.0999755859375,1226.0,6178741,0.0,0.0,AXISBANK
2026-10-01,1219.0999755859375,1241.5999755859375,1215.300048828125,1217.0999755859375,7004262,0.0,0.0,AXISBANK
