Date,Open,High,Low,Close,Volume,Dividends,Stock Splits,Symbol
2021-10-04,1731.0410412367924,1788.48163619906,1725.1628441358857,1775.5386962890625,4013250,0.0,0.0,BAJAJFINSV
2021-10-05,1770.3336882142896,1789.87773270613,1747.4990120153163,1779.656982421875,2681630,0.0,0.0,BAJAJFINSV
2021-10-06,1792.2708120833686,1809.3768863415166,1750.7845590965035,1756.6328125,3004210,0.0,0.0,BAJAJFINSV
2021-10-07,1774.920425899805,1782.8975963532873,1737.527439399107,1742.03955078125,2241000,0.0,0.0,BAJAJFINSV
2021-10-08,1756.9718104722085,1768.9874722802842,1741.0174694009513,1749.9368896484375,1522380,0.0,0.0,BAJAJFINSV
2021-10-11,1761.5237930914623,1799.3505985142028,1755.6755394541651,1766.340087890625,2340900,0.0,0.0,BAJAJFINSV
2021-10-12,1766.3399918579403,1842.2277916424812,1758.0686194687926,1817.0648193359375,4545920,0.0,0.0,BAJAJFINSV
2021-10-13,1830.2621074665765,1852.1893457501703,1809.680992397881,1813.6346435546875,3183880,0.0,0.0,BAJAJFINSV
2021-10-14,1829.7636356325754,1848.7094171459373,1816.3121404958463,1843.614013671875,1968050,0.0,0.0,BAJAJFINSV
2021-10-18,1879.6209477342527,1904.5496075185265,1849.985786195981,1862.465087890625,2939480,0.0,0.0,BAJAJFINSV
2021-10-19,1894.5782405514378,1926.9854999292913,1854.742288866529,1902.21142578125,3878460,0.0,0.0,BAJAJFINSV
2021-10-20,1900.86012154698,1900.86012154698,1835.1731062295937,1855.01123046875,2247980,0.0,0.0,BAJAJFINSV
2021-10-21,1873.43869961063,1873.5683335111355,1829.4346242365452,1852.6580810546875,1925330,0.0,0.0,BAJAJFINSV
2021-10-22,1854.6920094766315,1919.5614117850985,1849.7062782683608,1860.4903564453125,5053300,0.0,0.0,BAJAJFINSV
2021-10-25,1864.6637391270954,1889.2932061369377,1794.8634922078993,1803.5535888671875,3018040,0.0,0.0,BAJAJFINSV
2021-10-26,1814.8063340468652,1839.734992481575,1792.3755320561922,1830.0975341796875,2967490,0.0,0.0,BAJAJFINSV
2021-10-27,1854.5923735880258,1854.5923735880258,1771.9289233861705,1796.059814453125,3253010,0.0,0.0,BAJAJFINSV
2021-10-28,1796.0599603614514,1831.9622196306486,1775.1198869714588,1793.636962890625,3425500,0.0,0.0,BAJAJFINSV
2021-10-29,1793.6369202547821,1812.2137612180572,1709.0638911329386,1777.0294189453125,3205360,0.0,0.0,BAJAJFINSV
2021-11-01,1784.8919058826373,1792.8690764117218,1712.1999150919632,1751.5572509765625,3849290,0.0,0.0,BAJAJFINSV
2021-11-02,1759.9631251296892,1784.3832269695115,1734.2915998815906,1749.2537841796875,2719290,0.0,0.0,BAJAJFINSV
2021-11-03,1752.9533417190394,1770.4083934648102,1739.9306736684343,1745.9483642578125,1838020,0.0,0.0,BAJAJFINSV
2021-11-04,1759.9632675489947,1769.934730821227,1745.0060726406464,1754.3792724609375,315060,0.0,0.0,BAJAJFINSV
2021-11-08,1760.0530478502028,1834.0463719577199,1746.5018627970915,1826.7471923828125,3161990,0.0,0.0,BAJAJFINSV
2021-11-09,1826.7721176829687,1842.2278861458976,1802.8406052242399,1812.064208984375,1980870,0.0,0.0,BAJAJFINSV
2021-11-10,1809.0727927208961,1832.256445707398,1795.1127436107445,1827.3853759765625,1784330,0.0,0.0,BAJAJFINSV
2021-11-11,1819.792093146205,1829.7635566702936,1775.9176536402142,1782.03515625,2155580,0.0,0.0,BAJAJFINSV
2021-11-12,1808.3250082816203,1829.6639657262226,1787.3899243449448,1822.1654052734375,2078020,0.0,0.0,BAJAJFINSV
2021-11-15,1822.2849366295493,1829.26496101062,1794.8634122753426,1807.876220703125,1704610,0.0,0.0,BAJAJFINSV
2021-11-16,1817.7978101719552,1845.8175984802397,1806.704556942025,1815.778564453125,2189550,0.0,0.0,BAJAJFINSV
2021-11-17,1813.3106172295977,1836.7435561929717,1806.0214190659367,1820.33056640625,1461000,0.0,0.0,BAJAJFINSV
2021-11-18,1820.3903132654627,1841.9286496202226,1776.0372640419814,1787.0108642578125,2745560,0.0,0.0,BAJAJFINSV
2021-11-22,1808.823411132312,1808.823411132312,1678.2022347766715,1702.502685546875,3707000,0.0,0.0,BAJAJFINSV
2021-11-23,1683.182989423352,1738.808831008453,1670.9429939917723,1731.853759765625,2513150,0.0,0.0,BAJAJFINSV
2021-11-24,1738.225406702193,1759.6640524633826,1709.1487078119455,1735.902099609375,2740240,0.0,0.0,BAJAJFINSV
2021-11-25,1729.9492679222058,1747.1998271524953,1717.609581548769,1731.9285888671875,1616200,0.0,0.0,BAJAJFINSV
2021-11-26,1715.091717646525,1718.8010728458376,1656.2600831458594,1663.494384765625,3424860,0.0,0.0,BAJAJFINSV
2021-11-29,1662.2428280151737,1704.9207369553358,1622.7209259628512,1684.219970703125,3042180,0.0,0.0,BAJAJFINSV
2021-11-30,1683.183030014439,1745.0061033917466,1683.183030014439,1718.8160400390625,4586420,0.0,0.0,BAJAJFINSV
2021-12-01,1739.4221538457539,1749.6628665510207,1715.1914483426558,1733.3345947265625,2383490,0.0,0.0,BAJAJFINSV
2021-12-02,1735.0345778195476,1783.8947469650407,1722.4156620647213,1770.747314453125,2138810,0.0,0.0,BAJAJFINSV
2021-12-03,1769.9348344560938,1783.8699308505863,1740.0204428878217,1743.87939453125,2034590,0.0,0.0,BAJAJFINSV
2021-12-06,1743.7097719977112,1754.872893540285,1680.291288538787,1684.524169921875,2036900,0.0,0.0,BAJAJFINSV
2021-12-07,1709.108829509893,1720.0774392675412,1688.3383150341815,1706.0177001953125,2300780,0.0,0.0,BAJAJFINSV
2021-12-08,1711.7014368985174,1762.381474260996,1711.7014368985174,1757.136474609375,2842990,0.0,0.0,BAJAJFINSV
2021-12-09,1757.505467780831,1772.118555793854,1743.7098645378298,1754.638671875,2103820,0.0,0.0,BAJAJFINSV
2021-12-10,1752.9832126180472,1771.2858136588043,1725.127872027407,1766.0557861328125,2333140,0.0,0.0,BAJAJFINSV
2021-12-13,1769.9347074628408,1778.5051508189463,1720.077391759662,1727.456298828125,2199130,0.0,0.0,BAJAJFINSV
2021-12-14,1715.091572161709,1721.0744497390174,1681.6871723550712,1707.46337890625,2420260,0.0,0.0,BAJAJFINSV
2021-12-15,1712.0005782023602,1716.5824364286466,1657.2572197052486,1661.3155517578125,2532210,0.0,0.0,BAJAJFINSV
2021-12-16,1682.1859650361343,1690.1631361803484,1652.770146441845,1665.5684814453125,3253500,0.0,0.0,BAJAJFINSV
2021-12-17,1660.2486379693487,1680.1915645515633,1608.69622144311,1615.7958984375,3054350,0.0,0.0,BAJAJFINSV
2021-12-20,1589.4514131045214,1589.4514131045214,1540.5912379212582,1578.1038818359375,3371600,0.0,0.0,BAJAJFINSV
2021-12-21,1610.391418488237,1610.391418488237,1563.2263455923317,1578.6771240234375,3368050,0.0,0.0,BAJAJFINSV
2021-12-22,1588.5536905137628,1613.876239390332,1578.4825375811047,1590.0394287109375,2612920,0.0,0.0,BAJAJFINSV
2021-12-23,1605.4056888892378,1617.3265301691235,1598.0766872626161,1612.375732421875,1811180,0.0,0.0,BAJAJFINSV
2021-12-24,1620.3627728324739,1620.3627728324739,1575.491188354036,1587.5118408203125,2087360,0.0,0.0,BAJAJFINSV
2021-12-27,1556.5803849659637,1609.389216657045,1551.664399907815,1596.740478515625,2351140,0.0,0.0,BAJAJFINSV
2021-12-28,1612.619854644005,1620.2630198554739,1597.5929137144046,1605.490234375,1457220,0.0,0.0,BAJAJFINSV
2021-12-29,1605.4356358848472,1628.3400593123608,1592.043906272945,1620.2681884765625,1724280,0.0,0.0,BAJAJFINSV
2021-12-30,1615.377214785023,1623.533926130928,1592.8915141249965,1612.1414794921875,2831460,0.0,0.0,BAJAJFINSV
2021-12-31,1615.132904179435,1645.2915927794124,1612.3857609238241,1635.9383544921875,2300860,0.0,0.0,BAJAJFINSV
2022-01-03,1635.9682254928166,1699.1374240434657,1635.9682254928166,1693.2841796875,2710610,0.0,0.0,BAJAJFINSV
2022-01-04,1705.020655330518,1714.0946632347775,1680.4010473956118,1708.6552734375,2300430,0.0,0.0,BAJAJFINSV
2022-01-05,1705.1203354592467,1799.8492429847604,1705.1203354592467,1793.706787109375,6082100,0.0,0.0,BAJAJFINSV
2022-01-06,1765.0487565711435,1802.8406281539412,1765.0487565711435,1793.517333984375,3511360,0.0,0.0,BAJAJFINSV
2022-01-07,1802.341963352988,1809.1176163795244,1752.9832207881345,1770.6226806640625,3229140,0.0,0.0,BAJAJFINSV
2022-01-10,1774.9204339384657,1794.8633601624933,1768.0051658437424,1774.80078125,1697970,0.0,0.0,BAJAJFINSV
2022-01-11,1764.9491693155983,1788.3871008651345,1757.0816694287919,1774.8707275390625,1648180,0.0,0.0,BAJAJFINSV
2022-01-12,1784.8920313480298,1813.8092765486404,1769.9348355546106,1788.4119873046875,2233940,0.0,0.0,BAJAJFINSV
2022-01-13,1794.6340776318875,1822.2749448065404,1784.8919384698645,1817.2991943359375,2480130,0.0,0.0,BAJAJFINSV
2022-01-14,1799.2508981100784,1828.113245650367,1794.8634298261102,1815.7735595703125,1553280,0.0,0.0,BAJAJFINSV
2022-01-17,1823.780690941895,1838.2393131500182,1816.900356719153,1831.8177490234375,1352730,0.0,0.0,BAJAJFINSV
2022-01-18,1832.4409160485752,1850.5789494060675,1804.8398520136104,1810.174560546875,2056670,0.0,0.0,BAJAJFINSV
2022-01-19,1818.7950022567472,1856.7862550976504,1782.4340934895063,1802.5714111328125,3481740,0.0,0.0,BAJAJFINSV
2022-01-20,1802.3420815541529,1820.988670168304,1703.1260167604387,1720.969970703125,5444730,0.0,0.0,BAJAJFINSV
2022-01-21,1695.148917230542,1704.6218082385951,1617.3714963223172,1628.858642578125,5582910,0.0,0.0,BAJAJFINSV
2022-01-24,1634.173241050818,1638.7053149474382,1539.9928187284813,1566.232666015625,4736430,0.0,0.0,BAJAJFINSV
2022-01-25,1550.6123804357505,1563.7696721193358,1520.6780294602572,1548.4635009765625,4090640,0.0,0.0,BAJAJFINSV
2022-01-27,1534.2093345823123,1552.5967763897636,1496.916037116992,1531.601806640625,3497270,0.0,0.0,BAJAJFINSV
2022-01-28,1555.6480302570073,1574.2598062371608,1510.6767532344868,1515.537841796875,3509310,0.0,0.0,BAJAJFINSV
2022-01-31,1554.5511133342188,1569.6079984262255,1528.5953654037637,1564.4776611328125,3129920,0.0,0.0,BAJAJFINSV
2022-02-01,1578.3780629241755,1596.9249615330693,1545.576912774014,1585.8466796875,3571870,0.0,0.0,BAJAJFINSV
2022-02-02,1598.4355549538627,1670.2201098165183,1587.9555372434659,1665.8326416015625,5257450,0.0,0.0,BAJAJFINSV
2022-02-03,1665.8328076186547,1666.9296443512133,1621.7290403362842,1630.14501953125,2891370,0.0,0.0,BAJAJFINSV
2022-02-04,1630.1348208862119,1642.2352009815756,1609.892702295539,1615.9503173828125,2945050,0.0,0.0,BAJAJFINSV
2022-02-07,1611.3885746100962,1631.7353760170074,1560.534108455941,1566.651611328125,3566640,0.0,0.0,BAJAJFINSV
2022-02-08,1576.488379113278,1607.3799535561247,1567.5140619646256,1594.352294921875,4103730,0.0,0.0,BAJAJFINSV
2022-02-09,1613.3827971699282,1636.8057552353362,1607.3999190592858,1621.140625,2510230,0.0,0.0,BAJAJFINSV
2022-02-10,1629.8256650269443,1650.2771456145836,1598.7247299962542,1634.6817626953125,2997700,0.0,0.0,BAJAJFINSV
2022-02-11,1595.434130625101,1615.3770572579147,1586.4598136403347,1606.7119140625,2446960,0.0,0.0,BAJAJFINSV
2022-02-14,1575.9897593227054,1584.2611318699653,1540.6907552377095,1562.942138671875,2961150,0.0,0.0,BAJAJFINSV
2022-02-15,1584.4656197480283,1638.0622384147725,1560.4344160018454,1632.8521728515625,3592130,0.0,0.0,BAJAJFINSV
2022-02-16,1638.1119825397866,1654.2557226334843,1614.3898332245549,1622.601318359375,2738740,0.0,0.0,BAJAJFINSV
2022-02-17,1631.9296864149296,1637.1447423318575,1603.5110155383313,1613.50244140625,2144330,0.0,0.0,BAJAJFINSV
2022-02-18,1601.5167366575984,1624.2517222437425,1598.0117526126198,1605.0616455078125,1743270,0.0,0.0,BAJAJFINSV
2022-02-21,1599.2234867990323,1619.181265401225,1573.497060317971,1596.65576171875,2275920,0.0,0.0,BAJAJFINSV
2022-02-22,1525.6339430949022,1622.3571407943828,1523.1410771748124,1614.3250732421875,3223740,0.0,0.0,BAJAJFINSV
2022-02-23,1634.322703832932,1634.322703832932,1598.929002556264,1608.755859375,2418300,0.0,0.0,BAJAJFINSV
2022-02-24,1555.5481633723728,1585.053687081372,1515.6623130294915,1520.16943359375,3615630,0.0,0.0,BAJAJFINSV
2022-02-25,1574.2946710286326,1601.9155756200687,1552.55683239368,1572.714111328125,3203370,0.0,0.0,BAJAJFINSV
2022-02-28,1565.5197335525015,1603.8948953444442,1532.1153315945342,1596.685546875,3732570,0.0,0.0,BAJAJFINSV
2022-03-02,1566.0182544272825,1611.1041900197147,1558.7390377936918,1600.718994140625,2817150,0.0,0.0,BAJAJFINSV
2022-03-03,1625.348504084673,1630.129864516289,1560.2149599203672,1565.9285888671875,3400140,0.0,0.0,BAJAJFINSV
2022-03-04,1554.5511068941641,1562.7576016006508,1516.8589274545138,1528.9443359375,3380590,0.0,0.0,BAJAJFINSV
2022-03-07,1495.1213090671324,1495.1213090671324,1376.0520255460435,1433.2183837890625,3715210,0.0,0.0,BAJAJFINSV
2022-03-08,1435.8906887498772,1448.3550176452754,1391.123785613651,1440.9461669921875,4625690,0.0,0.0,BAJAJFINSV
2022-03-09,1445.9719007839526,1515.617559436053,1435.890765640157,1497.2352294921875,3913410,0.0,0.0,BAJAJFINSV
2022-03-10,1560.434398548034,1580.4770164948363,1526.1375292413895,1542.3311767578125,4764050,0.0,0.0,BAJAJFINSV
2022-03-11,1535.605235169014,1570.505354150128,1523.639480089775,1552.45703125,3296320,0.0,0.0,BAJAJFINSV
2022-03-14,1543.1438381582382,1569.009755620346,1536.7520960789313,1563.3758544921875,2852010,0.0,0.0,BAJAJFINSV
2022-03-15,1570.4057931183304,1590.448410181237,1548.9721374374626,1566.4072265625,2965110,0.0,0.0,BAJAJFINSV
2022-03-16,1585.522610675964,1619.365699944063,1580.5816725256143,1607.883544921875,2983170,0.0,0.0,BAJAJFINSV
2022-03-17,1635.2203461051267,1654.1661270146053,1620.8614141240757,1632.4083251953125,4020680,0.0,0.0,BAJAJFINSV
2022-03-21,1635.314901931875,1639.7023698903772,1610.3912356337773,1613.46240234375,2016350,0.0,0.0,BAJAJFINSV
2022-03-22,1620.3627696564986,1654.2657445293116,1590.5480703504265,1644.7529296875,2652790,0.0,0.0,BAJAJFINSV
2022-03-23,1655.2627714466464,1668.1010293878364,1629.7558142463058,1636.052734375,2290790,0.0,0.0,BAJAJFINSV
2022-03-24,1630.3342398406967,1646.487961601709,1622.357069248204,1633.196044921875,1839240,0.0,0.0,BAJAJFINSV
2022-03-25,1645.2915415038551,1645.2915415038551,1619.3807071977778,1628.6690673828125,1477480,0.0,0.0,BAJAJFINSV
2022-03-28,1635.3199553897764,1651.2742964179695,1605.5102468493983,1647.1810302734375,1751870,0.0,0.0,BAJAJFINSV
2022-03-29,1648.8810811110488,1657.2571342930228,1637.6282511441248,1645.4609375,1981380,0.0,0.0,BAJAJFINSV
2022-03-30,1655.262988619936,1720.0625314322556,1648.3826542626039,1708.0020751953125,4547640,0.0,0.0,BAJAJFINSV
2022-03-31,1705.1203058460335,1725.0632333997883,1693.3539299005301,1701.1766357421875,2986920,0.0,0.0,BAJAJFINSV
2022-04-01,1698.140049883077,1715.0915359946518,1696.2654100795069,1709.0289306640625,2101410,0.0,0.0,BAJAJFINSV
2022-04-04,1714.9920415940342,1743.0118298461375,1690.6865991726957,1714.727783203125,3243940,0.0,0.0,BAJAJFINSV
2022-04-05,1717.085964133261,1725.0631346983403,1671.0726276920507,1677.08544921875,3855370,0.0,0.0,BAJAJFINSV
2022-04-06,1677.0854387510228,1685.0875622685642,1660.3483037814835,1667.2286376953125,2465520,0.0,0.0,BAJAJFINSV
2022-04-07,1660.2486996675382,1665.2344314983716,1643.2972114427046,1650.6661376953125,2167900,0.0,0.0,BAJAJFINSV
2022-04-08,1665.234441829514,1679.194491042456,1647.0165581311096,1670.1204833984375,2133830,0.0,0.0,BAJAJFINSV
2022-04-11,1662.7415641458479,1679.7379677623778,1650.2822251802424,1653.0543212890625,1696860,0.0,0.0,BAJAJFINSV
2022-04-12,1645.4909656309756,1645.4909656309756,1617.5808472080196,1627.1485595703125,2476470,0.0,0.0,BAJAJFINSV
2022-04-13,1635.719005429928,1645.2915866807666,1600.4199979531095,1604.41357421875,2483900,0.0,0.0,BAJAJFINSV
2022-04-18,1599.4225624673995,1599.4225624673995,1560.9676763044383,1578.208251953125,2818890,0.0,0.0,BAJAJFINSV
2022-04-19,1595.3343565899759,1603.4112171078814,1554.700645708666,1567.56884765625,2596960,0.0,0.0,BAJAJFINSV
2022-04-20,1567.6136594653874,1575.4861489069833,1527.9571320036678,1546.504150390625,2517070,0.0,0.0,BAJAJFINSV
2022-04-21,1555.6480433435702,1597.5281913102997,1554.815465067167,1579.0560302734375,2364890,0.0,0.0,BAJAJFINSV
2022-04-22,1565.5246906718364,1570.3558353100602,1538.5967498154237,1541.0098876953125,2148760,0.0,0.0,BAJAJFINSV
2022-04-25,1530.619585307277,1535.6053168555093,1515.6623906625805,1522.1588134765625,1642190,0.0,0.0,BAJAJFINSV
2022-04-26,1550.5624558084503,1558.8636498493172,1525.6387895629027,1539.030517578125,2206380,0.0,0.0,BAJAJFINSV
2022-04-27,1529.7320239891353,1529.7320239891353,1470.925348047246,1478.408935546875,3411920,0.0,0.0,BAJAJFINSV
2022-04-28,1495.7195682317388,1520.6482277022678,1461.8813474398971,1496.9012451171875,3475000,0.0,0.0,BAJAJFINSV
2022-04-29,1523.6396159739813,1523.6396159739813,1480.7623231160749,1486.85986328125,2211070,0.0,0.0,BAJAJFINSV
2022-05-02,1457.1150597898409,1497.9880795458223,1455.8386832296062,1491.4766845703125,1907980,0.0,0.0,BAJAJFINSV
2022-05-04,1491.466520025616,1501.577597528533,1422.9276876720953,1428.15771484375,3164040,0.0,0.0,BAJAJFINSV
2022-05-05,1445.762450664492,1466.9019036227082,1400.9905572658392,1409.89013671875,2969280,0.0,0.0,BAJAJFINSV
2022-05-06,1376.0617821361127,1385.5646148158714,1347.1445417868756,1360.1573486328125,3516160,0.0,0.0,BAJAJFINSV
2022-05-09,1350.1359954586233,1397.1664363489433,1332.4715840758145,1374.451416015625,4034090,0.0,0.0,BAJAJFINSV
2022-05-10,1378.0564069964494,1393.9310224512271,1352.329979653165,1359.12060546875,2563120,0.0,0.0,BAJAJFINSV
2022-05-11,1368.5832657495046,1379.1180577438345,1311.4517259652152,1329.176025390625,2918480,0.0,0.0,BAJAJFINSV
2022-05-12,1323.1132904993258,1323.1132904993258,1271.3613794163418,1281.402587890625,3256960,0.0,0.0,BAJAJFINSV
2022-05-13,1309.1534099288,1319.6981834294857,1253.9114802135675,1257.23193359375,3487640,0.0,0.0,BAJAJFINSV
2022-05-16,1266.3759019930296,1274.2234391309896,1241.447242504978,1261.9136962890625,4340040,0.0,0.0,BAJAJFINSV
2022-05-17,1266.8544762307902,1298.3542953689673,1259.3958410026628,1293.5081787109375,4286060,0.0,0.0,BAJAJFINSV
2022-05-18,1304.2675766706302,1311.2126677196002,1257.4066834006437,1272.5732421875,3740540,0.0,0.0,BAJAJFINSV
2022-05-19,1244.6280420326168,1251.6130570711944,1213.9060263375436,1237.842529296875,2864010,0.0,0.0,BAJAJFINSV
2022-05-20,1260.2933714897597,1266.2762499476062,1239.6175552924888,1252.58544921875,3233300,0.0,0.0,BAJAJFINSV
2022-05-23,1261.3899848733752,1275.748914974427,1246.432791376853,1253.7020263671875,2788860,0.0,0.0,BAJAJFINSV
2022-05-24,1255.4073521944858,1258.5783313915347,1225.268625768366,1232.2037353515625,2554750,0.0,0.0,BAJAJFINSV
2022-05-25,1240.9486016776875,1255.2178240174544,1229.7806115245364,1237.064697265625,2175990,0.0,0.0,BAJAJFINSV
2022-05-26,1241.447128105858,1254.9086029889336,1202.7827564584102,1244.2142333984375,3792040,0.0,0.0,BAJAJFINSV
2022-05-27,1261.390185942338,1285.3216993515207,1256.8581117705642,1272.19921875,3295340,0.0,0.0,BAJAJFINSV
2022-05-30,1288.7120504146735,1295.293192405828,1280.0368035755378,1288.717041015625,2803920,0.0,0.0,BAJAJFINSV
2022-05-31,1288.7169507013177,1307.4532477453465,1273.714840126958,1289.7091064453125,4199190,0.0,0.0,BAJAJFINSV
2022-06-01,1292.2020043746968,1298.7781554672347,1249.6237813706118,1256.0654296875,2812330,0.0,0.0,BAJAJFINSV
2022-06-02,1250.820360451076,1299.2816469603067,1241.4521513568423,1289.908447265625,3661460,0.0,0.0,BAJAJFINSV
2022-06-03,1306.2616280395066,1318.2273834108607,1261.5944165646172,1265.5382080078125,3171800,0.0,0.0,BAJAJFINSV
2022-06-06,1265.2789925633358,1265.2789925633358,1224.7000548177693,1248.0682373046875,3097470,0.0,0.0,BAJAJFINSV
2022-06-07,1240.4499736492273,1241.4421293300122,1219.744216516205,1230.348876953125,1765480,0.0,0.0,BAJAJFINSV
2022-06-08,1237.558256694078,1260.8915046113493,1221.504225503284,1242.94287109375,2368430,0.0,0.0,BAJAJFINSV
2022-06-09,1229.0327319315384,1248.222807780689,1222.0028017638188,1243.5411376953125,1742390,0.0,0.0,BAJAJFINSV
2022-06-10,1226.490148949992,1234.5620203511478,1214.090574261496,1221.8533935546875,2906700,0.0,0.0,BAJAJFINSV
2022-06-13,1196.5753991550962,1196.5753991550962,1131.7608983675284,1135.3555908203125,4877320,0.0,0.0,BAJAJFINSV
2022-06-14,1135.2511747510812,1154.4612147258158,1123.2904085693326,1130.4150390625,3669480,0.0,0.0,BAJAJFINSV
2022-06-15,1136.7469160699263,1183.6127976973708,1136.7469160699263,1177.5999755859375,4962890,0.0,0.0,BAJAJFINSV
2022-06-16,1199.0683547071756,1203.535550390988,1137.848541770335,1143.9161376953125,3940410,0.0,0.0,BAJAJFINSV
2022-06-17,1132.7631770744372,1183.0541869610795,1131.761040183194,1172.1304931640625,4193620,0.0,0.0,BAJAJFINSV
2022-06-20,1181.6182723145944,1181.6182723145944,1149.9139643864705,1167.623291015625,2428580,0.0,0.0,BAJAJFINSV
2022-06-21,1181.0001815866408,1189.3363103439258,1164.6569385428445,1171.636962890625,3079180,0.0,0.0,BAJAJFINSV
2022-06-22,1166.6613546131443,1166.6613546131443,1131.7612286204435,1140.2918701171875,2848330,0.0,0.0,BAJAJFINSV
2022-06-23,1150.4575055776595,1155.5928331972189,1128.25602933576,1151.9881591796875,2535530,0.0,0.0,BAJAJFINSV
2022-06-24,1162.6727153715563,1165.2602810951514,1139.7383479156852,1154.98974609375,3662910,0.0,0.0,BAJAJFINSV
2022-06-27,1174.6382886079607,1174.6382886079607,1151.703924738705,1156.2060546875,2463700,0.0,0.0,BAJAJFINSV
2022-06-28,1151.4597119750897,1151.7040079563837,1125.7782034482748,1133.201904296875,3490570,0.0,0.0,BAJAJFINSV
2022-06-29,1116.8039580240074,1121.6850090839223,1100.8995217748648,1107.8046875,3902730,0.0,0.0,BAJAJFINSV
2022-06-30,1112.1189026809432,1116.8071298093503,1088.1787707589174,1090.4481201171875,3481840,0.4,0.0,BAJAJFINSV
2022-07-01,1089.2760728259263,1131.4706067708391,1070.0441363822736,1129.4306640625,4089830,0.0,0.0,BAJAJFINSV
2022-07-04,1128.1788328056944,1141.4457059826818,1118.7224992068834,1135.9892578125,3004250,0.0,0.0,BAJAJFINSV
2022-07-05,1145.111553772175,1171.8697165838123,1138.129014041887,1149.5953369140625,4223480,0.0,0.0,BAJAJFINSV
2022-07-06,1150.6227314340422,1203.9892820467178,1150.123978624578,1199.849609375,4782940,0.0,0.0,BAJAJFINSV
2022-07-07,1213.76476746983,1216.9567364328377,1182.0440431745187,1193.749755859375,2729250,0.0,0.0,BAJAJFINSV
2022-07-08,1201.9942829916586,1209.7049820215962,1185.0366872980003,1197.3160400390625,1690110,0.0,0.0,BAJAJFINSV
2022-07-11,1186.5328581089952,1201.650084024377,1181.001645968792,1190.8370361328125,1613680,0.0,0.0,BAJAJFINSV
2022-07-12,1185.0364789590687,1196.0090389494303,1171.1711287999055,1183.5152587890625,2272440,0.0,0.0,BAJAJFINSV
2022-07-13,1186.1338074029982,1208.9767085093488,1169.0764871064,1174.083984375,2672490,0.0,0.0,BAJAJFINSV
2022-07-14,1183.3557437691984,1192.6974953142467,1160.3683061894546,1169.699951171875,2405440,0.0,0.0,BAJAJFINSV
2022-07-15,1176.7572486398456,1184.1188444695479,1165.0864824110604,1181.071533203125,1711040,0.0,0.0,BAJAJFINSV
2022-07-18,1191.0215439652422,1225.595118021004,1189.0315254018622,1221.9442138671875,2834830,0.0,0.0,BAJAJFINSV
2022-07-19,1216.956575816251,1243.8892213466106,1206.288309247008,1241.37548828125,4230630,0.0,0.0,BAJAJFINSV
2022-07-20,1260.6475905335244,1260.6475905335244,1234.1138449070686,1238.9766845703125,2721470,0.0,0.0,BAJAJFINSV
2022-07-21,1236.9068193765074,1272.5526637891423,1235.016526972431,1268.472900390625,2713300,0.0,0.0,BAJAJFINSV
2022-07-22,1279.3656125531552,1283.290855233425,1262.612585225874,1272.2435302734375,3024220,0.0,0.0,BAJAJFINSV
2022-07-25,1266.831982402675,1276.3032922351242,1253.864410929262,1258.8070068359375,1747020,0.0,0.0,BAJAJFINSV
2022-07-26,1296.757154999858,1351.5052543197128,1275.809539419091,1327.9791259765625,13270240,0.0,0.0,BAJAJFINSV
2022-07-27,1331.6648355602038,1335.5551313208837,1297.709709745932,1327.385498046875,5339660,0.0,0.0,BAJAJFINSV
2022-07-28,1347.3306240945742,1518.5275047634527,1347.3306240945742,1460.552490234375,16276260,0.0,0.0,BAJAJFINSV
2022-07-29,1496.258211856029,1516.308047541739,1477.5200374217934,1501.00634765625,10442350,0.0,0.0,BAJAJFINSV
2022-08-01,1516.2034656661006,1521.1959858871367,1489.375534025908,1503.5501708984375,4320160,0.0,0.0,BAJAJFINSV
2022-08-02,1496.2583060554102,1525.185966639148,1482.4279015210363,1518.617431640625,4248930,0.0,0.0,BAJAJFINSV
2022-08-03,1517.2058441344727,1529.9739630609934,1507.7644888043535,1520.58740234375,3096500,0.0,0.0,BAJAJFINSV
2022-08-04,1531.0711023079625,1536.8515683199635,1501.7444184383057,1514.741943359375,3113610,0.0,0.0,BAJAJFINSV
2022-08-05,1513.8144267279215,1521.29571849328,1498.5924820080734,1504.8218994140625,2078470,0.0,0.0,BAJAJFINSV
2022-08-08,1502.7420114884346,1555.0113231977155,1500.323011983666,1549.1907958984375,4870730,0.0,0.0,BAJAJFINSV
2022-08-10,1549.1261372983608,1563.4902417398023,1538.7520551036632,1560.4178466796875,4425480,0.0,0.0,BAJAJFINSV
2022-08-11,1589.0263069853654,1589.0263069853654,1566.2033756214341,1569.7694091796875,2536510,0.0,0.0,BAJAJFINSV
2022-08-12,1573.0661258405596,1584.8765565083108,1564.0885766125539,1572.6123046875,2052510,0.0,0.0,BAJAJFINSV
2022-08-16,1577.55503861658,1593.0163747522467,1577.0562858380101,1587.6048583984375,1522190,0.0,0.0,BAJAJFINSV
2022-08-17,1593.714495516338,1709.8740845517443,1589.026268352444,1679.8292236328125,9435810,0.0,0.0,BAJAJFINSV
2022-08-18,1683.7893774079087,1694.6622123142388,1657.919012382667,1676.3978271484375,3616590,0.0,0.0,BAJAJFINSV
2022-08-19,1683.789235874144,1690.4724738268012,1608.4775727766926,1624.697021484375,5126830,0.0,0.0,BAJAJFINSV
2022-08-22,1624.7369734039307,1625.809243087865,1577.639664527002,1583.2108154296875,3722010,0.0,0.0,BAJAJFINSV
2022-08-23,1576.0486967629652,1647.929001155587,1563.2607298984087,1626.322998046875,7064070,0.0,0.0,BAJAJFINSV
2022-08-24,1625.4351064481727,1638.5423424769015,1613.9887559338931,1629.3104248046875,2649190,0.0,0.0,BAJAJFINSV
2022-08-25,1637.4602221557548,1655.3604050772078,1615.958937164855,1620.577392578125,3693150,0.0,0.0,BAJAJFINSV
2022-08-26,1638.20337435411,1646.5375135428262,1621.5799057952368,1624.5374755859375,2071780,0.0,0.0,BAJAJFINSV
2022-08-29,1568.677180869277,1614.9614620724467,1567.1809225659363,1604.6273193359375,3079400,0.0,0.0,BAJAJFINSV
2022-08-30,1634.911521322211,1695.7593570761187,1632.9165103138862,1691.9837646484375,7661440,0.0,0.0,BAJAJFINSV
2022-09-01,1676.8067314977015,1764.2829220127696,1676.2580547709601,1736.2979736328125,10171920,0.0,0.0,BAJAJFINSV
2022-09-02,1765.0860104611668,1780.0485932003119,1720.6970150017025,1728.602294921875,6944080,0.0,0.0,BAJAJFINSV
2022-09-05,1737.6545764407197,1748.5174259191147,1716.2132006451102,1733.2755126953125,3700530,0.0,0.0,BAJAJFINSV
2022-09-06,1738.153453422367,1744.238213038143,1688.90660836734,1692.6622314453125,5077980,0.0,0.0,BAJAJFINSV
2022-09-07,1690.7718254462443,1710.123456533127,1676.8367028107557,1701.3055419921875,3207730,0.0,0.0,BAJAJFINSV
2022-09-08,1723.689474552408,1744.637089694538,1699.9487953516716,1733.9488525390625,4301170,0.0,0.0,BAJAJFINSV
2022-09-09,1750.6222332128261,1754.1135026237919,1711.1260303431388,1716.2730712890625,3957300,0.0,0.0,BAJAJFINSV
2022-09-12,1733.6646221718438,1737.6546443172335,1700.9663614665799,1709.530029296875,4250820,0.0,0.0,BAJAJFINSV
2022-09-13,1750.6221844659397,1839.4001755870045,1745.6346568748686,1780.2979736328125,10413183,0.0,5.0,BAJAJFINSV
2022-09-14,1764.587256490735,1808.9263279376123,1747.6296627313552,1800.8465576171875,3784309,0.0,0.0,BAJAJFINSV
2022-09-15,1810.4724583413179,1819.4000837408655,1765.5847114402934,1767.7791748046875,3051984,0.0,0.0,BAJAJFINSV
2022-09-16,1767.7792713207414,1781.0461437243696,1707.7294864498015,1730.5723876953125,3277213,0.0,0.0,BAJAJFINSV
2022-09-19,1734.2132463499818,1774.8615957238733,1732.6670641091912,1761.5447998046875,2309647,0.0,0.0,BAJAJFINSV
2022-09-20,1780.54728416953,1808.4275136663105,1775.5597567628927,1795.11083984375,2832208,0.0,0.0,BAJAJFINSV
2022-09-21,1795.5098718437848,1815.459981530938,1773.6146751684566,1797.5048828125,2080898,0.0,0.0,BAJAJFINSV
2022-09-22,1782.342983480962,1783.5399414467477,1728.6771356416184,1767.928955078125,4480817,0.0,0.0,BAJAJFINSV
2022-09-23,1767.5797372783757,1773.764222641537,1710.1234451150392,1717.604736328125,2759913,0.0,0.0,BAJAJFINSV
2022-09-26,1695.7592652369124,1740.7467366850371,1657.355305406547,1672.6171875,4915173,0.0,0.0,BAJAJFINSV
2022-09-27,1684.288099484013,1711.470125371451,1660.8467193609013,1675.3604736328125,2624336,0.0,0.0,BAJAJFINSV
2022-09-28,1665.8341373089354,1674.7119603579342,1641.1458768907341,1648.0784912109375,2114266,0.0,0.0,BAJAJFINSV
2022-09-29,1667.7793375663277,1680.796833559269,1623.9390178246233,1631.8193359375,2418856,0.0,0.0,BAJAJFINSV
2022-09-30,1621.6945651781,1694.7618429879083,1616.9564140573275,1674.163330078125,2788387,0.0,0.0,BAJAJFINSV
2022-10-03,1681.794295284873,1681.794295284873,1633.9140306504282,1642.4925537109375,1464138,0.0,0.0,BAJAJFINSV
2022-10-04,1677.8042395923426,1700.7468659363522,1665.8840976547128,1696.906494140625,1806381,0.0,0.0,BAJAJFINSV
2022-10-06,1713.7144483204172,1719.8491314961461,1690.6720956327165,1706.2830810546875,1661891,0.0,0.0,BAJAJFINSV
2022-10-07,1703.7393903008203,1705.584751118652,1680.2980111017166,1694.7618408203125,1150275,0.0,0.0,BAJAJFINSV
2022-10-10,1671.1209667411522,1689.7243463901389,1652.8665678885654,1680.1982421875,1229639,0.0,0.0,BAJAJFINSV
2022-10-11,1680.198228266957,1702.7917513844536,1660.8465979081398,1668.4775390625,1402150,0.0,0.0,BAJAJFINSV
2022-10-12,1676.8566789685956,1697.3553440500875,1663.2407044633978,1690.4227294921875,1538819,0.0,0.0,BAJAJFINSV
2022-10-13,1688.7269449140088,1690.3230511809024,1662.2930482655909,1677.554931640625,1065166,0.0,0.0,BAJAJFINSV
2022-10-14,1704.73693866493,1704.73693866493,1680.8965323140544,1684.088623046875,1239168,0.0,0.0,BAJAJFINSV
2022-10-17,1679.7992353928857,1720.696960245088,1669.8241805508853,1714.9613037109375,1551410,0.0,0.0,BAJAJFINSV
2022-10-18,1725.6844932340696,1731.9189025304354,1707.7293944605358,1721.94384765625,1661431,0.0,0.0,BAJAJFINSV
2022-10-19,1720.6970970576801,1726.6821304387504,1688.178440040362,1694.5625,1804532,0.0,0.0,BAJAJFINSV
2022-10-20,1682.7918479353443,1725.6845862051841,1672.3180397531742,1721.395263671875,1438398,0.0,0.0,BAJAJFINSV
2022-10-21,1727.1807281302854,1736.0585512015286,1670.921395046805,1680.248046875,2734130,0.0,0.0,BAJAJFINSV
2022-10-24,1708.5774173686289,1719.899081408227,1688.7769558542748,1697.5550537109375,499690,0.0,0.0,BAJAJFINSV
2022-10-25,1695.7595223378619,1696.6573017322635,1650.8717702759773,1654.4129638671875,1870289,0.0,0.0,BAJAJFINSV
2022-10-27,1667.4801398362695,1672.3679412754648,1616.956460501969,1626.881591796875,2177395,0.0,0.0,BAJAJFINSV
2022-10-28,1635.061181246587,1656.3578995342295,1630.9215090264772,1649.275634765625,2115388,0.0,0.0,BAJAJFINSV
2022-10-31,1660.8466536458334,1685.6346409101486,1658.003787330592,1683.29052734375,2217631,0.0,0.0,BAJAJFINSV
2022-11-01,1687.7792264840107,1710.4225515608973,1686.781721031006,1704.7867431640625,2002317,0.0,0.0,BAJAJFINSV
2022-11-02,1700.7469905107891,1718.203337920724,1695.0113335046676,1706.133544921875,2036615,0.0,0.0,BAJAJFINSV
2022-11-03,1693.6646880822093,1728.1783555630916,1689.774392106134,1719.2008056640625,2205874,0.0,0.0,BAJAJFINSV
2022-11-04,1718.6022739734335,1800.4974522982125,1716.7569131261791,1796.2081298828125,6981242,0.0,0.0,BAJAJFINSV
2022-11-07,1808.676843374889,1813.3651920756577,1761.1458058285252,1773.6146240234375,2464569,0.0,0.0,BAJAJFINSV
2022-11-09,1793.2155041746346,1793.5148045168594,1741.1956922126635,1748.3277587890625,1762741,0.0,0.0,BAJAJFINSV
2022-11-10,1740.6471672199261,1752.5175074985427,1689.7743846822664,1696.1085205078125,2030748,0.0,0.0,BAJAJFINSV
2022-11-11,1735.6595425080886,1743.639586381689,1703.0909640957957,1714.9613037109375,1671510,0.0,0.0,BAJAJFINSV
2022-11-14,1719.699406744027,1730.6719667638556,1703.8889696140711,1714.0634765625,1459293,0.0,0.0,BAJAJFINSV
2022-11-15,1719.1010155912497,1725.4850751909728,1692.0686406972536,1704.2381591796875,1401141,0.0,0.0,BAJAJFINSV
2022-11-16,1709.4252710796504,1710.2233242534041,1670.821853674221,1681.4453125,2040699,0.0,0.0,BAJAJFINSV
2022-11-17,1681.395123736846,1695.7093022640204,1656.0584615327807,1660.447509765625,1875515,0.0,0.0,BAJAJFINSV
2022-11-18,1663.8392443800547,1670.4726805888092,1637.1060471429228,1650.273193359375,1581747,0.0,0.0,BAJAJFINSV
2022-11-21,1650.2731856067903,1653.56488082108,1620.9464984508857,1631.7694091796875,1943750,0.0,0.0,BAJAJFINSV
2022-11-22,1630.9715093598847,1655.759498093319,1627.9290687053044,1639.250732421875,1508906,0.0,0.0,BAJAJFINSV
2022-11-23,1647.480140078433,1651.869188846405,1625.983968560844,1632.1185302734375,1837952,0.0,0.0,BAJAJFINSV
2022-11-24,1634.9116000265358,1643.3404732361491,1615.9589945350751,1629.924072265625,1660403,0.0,0.0,BAJAJFINSV
2022-11-25,1629.9240562284106,1642.8417042957435,1620.4477535759197,1629.624755859375,1140578,0.0,0.0,BAJAJFINSV
2022-11-28,1625.9339525634396,1657.7544021232106,1624.7867968940525,1648.7269287109375,2005182,0.0,0.0,BAJAJFINSV
2022-11-29,1644.886548360189,1648.7269201326715,1625.9838680844462,1627.928955078125,1346735,0.0,0.0,BAJAJFINSV
2022-11-30,1630.1233702711131,1640.547375363586,1619.2506581947982,1622.442626953125,2900845,0.0,0.0,BAJAJFINSV
2022-12-01,1630.7220141962089,1638.4027577178483,1620.1483586515644,1634.7120361328125,2111362,0.0,0.0,BAJAJFINSV
2022-12-02,1628.128484341686,1648.8766481609864,1621.1958695847811,1638.552490234375,1682841,0.0,0.0,BAJAJFINSV
2022-12-05,1645.884171688441,1650.8716994814363,1627.3305926516616,1630.12353515625,1383542,0.0,0.0,BAJAJFINSV
2022-12-06,1625.933994467589,1642.791862076274,1623.9389834314325,1631.1708984375,1177485,0.0,0.0,BAJAJFINSV
2022-12-07,1631.320497126246,1637.9040089845942,1589.0262401415703,1602.6920166015625,2376490,0.0,0.0,BAJAJFINSV
2022-12-08,1605.98385498294,1617.7544685891385,1596.2082523767208,1614.5623779296875,1161239,0.0,0.0,BAJAJFINSV
2022-12-09,1617.9539582784648,1622.8915619109064,1578.053737359144,1594.6123046875,1766412,0.0,0.0,BAJAJFINSV
2022-12-12,1582.1934308042196,1599.9489562914198,1566.1834182397856,1588.1285400390625,1365732,0.0,0.0,BAJAJFINSV
2022-12-13,1596.1086340149388,1612.8667762532848,1587.2807340967706,1607.4302978515625,1279634,0.0,0.0,BAJAJFINSV
2022-12-14,1615.7096477549007,1623.8393425073245,1609.2757855317511,1619.00146484375,1137059,0.0,0.0,BAJAJFINSV
2022-12-15,1615.9589151905316,1627.6296808716954,1596.008805126451,1600.8966064453125,1041690,0.0,0.0,BAJAJFINSV
2022-12-16,1595.0113312878807,1605.9838920409554,1577.2058820553714,1583.1409912109375,1533418,0.0,0.0,BAJAJFINSV
2022-12-19,1591.07109992164,1622.9413500061598,1586.1832989151117,1615.01123046875,1508476,0.0,0.0,BAJAJFINSV
2022-12-20,1610.9215460994242,1614.462739523271,1589.0762718744118,1611.619873046875,866377,0.0,0.0,BAJAJFINSV
2022-12-21,1614.4626511775718,1625.1858352987697,1571.56991469278,1577.854248046875,1397725,0.0,0.0,BAJAJFINSV
2022-12-22,1582.143409706028,1590.2231797011927,1526.1833769059701,1540.44775390625,2100618,0.0,0.0,BAJAJFINSV
2022-12-23,1520.497699000677,1539.4503037081445,1488.2782222916585,1493.315673828125,1673592,0.0,0.0,BAJAJFINSV
2022-12-26,1493.1658452939037,1541.0959063089826,1479.450146157064,1531.1707763671875,1329547,0.0,0.0,BAJAJFINSV
2022-12-27,1541.1460971396154,1547.5301571055254,1514.2134468983406,1533.8642578125,1102198,0.0,0.0,BAJAJFINSV
2022-12-28,1530.8716776054046,1530.8716776054046,1509.2258564603153,1518.901611328125,1411078,0.0,0.0,BAJAJFINSV
2022-12-29,1511.220894139026,1518.2034329238268,1499.3007516341556,1507.9290771484375,3417120,0.0,0.0,BAJAJFINSV
2022-12-30,1524.1884314234708,1569.076179731099,1522.043770206722,1543.9888916015625,2638505,0.0,0.0,BAJAJFINSV
2023-01-02,1546.1335555366848,1556.1086107336955,1524.7371108454206,1548.6273193359375,1061404,0.0,0.0,BAJAJFINSV
2023-01-03,1545.1361183952386,1566.0837352359745,1540.1985145605342,1559.1011962890625,1306648,0.0,0.0,BAJAJFINSV
2023-01-04,1558.1036190336788,1563.4402492015347,1536.5575241991792,1543.9888916015625,1036103,0.0,0.0,BAJAJFINSV
2023-01-05,1544.138368241058,1544.138368241058,1451.071065169823,1465.185791015625,5979381,0.0,0.0,BAJAJFINSV
2023-01-06,1469.8742935298674,1469.8742935298674,1419.4503412737286,1426.781982421875,5207616,0.0,0.0,BAJAJFINSV
2023-01-09,1443.390459851126,1447.2807556579291,1405.1361482434786,1410.4727783203125,4513767,0.0,0.0,BAJAJFINSV
2023-01-10,1425.435446806004,1425.435446806004,1387.530235484361,1409.774658203125,2903001,0.0,0.0,BAJAJFINSV
2023-01-11,1414.4627730447949,1419.300650277859,1393.5650819095881,1396.2083740234375,2327598,0.0,0.0,BAJAJFINSV
2023-01-12,1401.495303661986,1411.420435220028,1375.5601592525827,1384.3382568359375,3168742,0.0,0.0,BAJAJFINSV
2023-01-13,1391.2706826539593,1396.357935935885,1370.9215477604587,1387.6796875,3754686,0.0,0.0,BAJAJFINSV
2023-01-16,1394.6623292503782,1414.9116176967505,1375.7595271004514,1380.4478759765625,3480545,0.0,0.0,BAJAJFINSV
2023-01-17,1385.5351561871348,1388.1286461652087,1350.5725392847282,1369.475341796875,3681802,0.0,0.0,BAJAJFINSV
2023-01-18,1376.3581006416894,1376.5575530300096,1361.5949709318572,1363.8892822265625,2589016,0.0,0.0,BAJAJFINSV
2023-01-19,1361.5950585102457,1362.5426400644224,1344.7371905755278,1351.7696533203125,1910318,0.0,0.0,BAJAJFINSV
2023-01-20,1356.607587880648,1358.2534964396962,1323.241074958587,1329.8743896484375,2091612,0.0,0.0,BAJAJFINSV
2023-01-23,1326.682274996776,1341.6448570456116,1316.2583915424086,1329.4254150390625,1832743,0.0,0.0,BAJAJFINSV
2023-01-24,1332.9166813983961,1345.6348761133295,1326.2334434702038,1329.37548828125,1311451,0.0,0.0,BAJAJFINSV
2023-01-25,1331.5701991393532,1331.5701991393532,1306.7322862910398,1311.0714111328125,1549899,0.0,0.0,BAJAJFINSV
2023-01-27,1311.81953228321,1332.817072942388,1298.8021578374867,1310.9217529296875,1829556,0.0,0.0,BAJAJFINSV
2023-01-30,1317.5053729740785,1356.607541644567,1314.562658555876,1340.497802734375,4411750,0.0,0.0,BAJAJFINSV
2023-01-31,1351.021459953556,1353.764600050943,1320.4978163139735,1339.1011962890625,2213909,0.0,0.0,BAJAJFINSV
2023-02-01,1344.6373673545324,1356.607432939291,1243.739665176512,1265.13623046875,4761664,0.0,0.0,BAJAJFINSV
2023-02-02,1265.8345045614408,1285.4355123776702,1248.9766369245212,1268.727294921875,2419664,0.0,0.0,BAJAJFINSV
2023-02-03,1301.7447626453604,1337.4555105874751,1278.1039294553686,1334.11376953125,3271913,0.0,0.0,BAJAJFINSV
2023-02-06,1334.1137008112755,1345.6349382027302,1318.8020155266229,1339.6998291015625,1546926,0.0,0.0,BAJAJFINSV
2023-02-07,1341.7945901000562,1358.9516365361665,1333.7646218648592,1347.031494140625,1604424,0.0,0.0,BAJAJFINSV
2023-02-08,1353.565087356726,1373.5651220448958,1341.8443973174903,1365.4853515625,1516979,0.0,0.0,BAJAJFINSV
2023-02-09,1366.5825386231254,1406.3830325318072,1353.2658645159813,1396.757080078125,2593600,0.0,0.0,BAJAJFINSV
2023-02-10,1402.4926941560216,1415.1111627346972,1390.5226284875491,1398.2532958984375,2069492,0.0,0.0,BAJAJFINSV
2023-02-13,1400.4978383300504,1411.4703997414683,1378.303339111501,1385.08642578125,1467695,0.0,0.0,BAJAJFINSV
2023-02-14,1386.5326828735244,1401.4952657822314,1370.2234918561958,1395.1112060546875,1390992,0.0,0.0,BAJAJFINSV
2023-02-15,1394.5126853285547,1420.3979042790813,1384.5875543360085,1417.255859375,1518171,0.0,0.0,BAJAJFINSV
2023-02-16,1425.4355043593,1431.4205379675266,1409.5253387237592,1424.637451171875,2153424,0.0,0.0,BAJAJFINSV
2023-02-17,1416.5078606837812,1423.6399282340772,1406.482880805753,1410.5228271484375,994199,0.0,0.0,BAJAJFINSV
2023-02-20,1414.462912603269,1422.2435048344942,1397.3058653316157,1401.0963134765625,993735,0.0,0.0,BAJAJFINSV
2023-02-21,1405.8843307674088,1405.8843307674088,1386.5326989611199,1390.822021484375,1117177,0.0,0.0,BAJAJFINSV
2023-02-22,1386.4329108293364,1388.5276480141274,1352.6174502206584,1357.5550537109375,1402505,0.0,0.0,BAJAJFINSV
2023-02-23,1358.6025955269672,1362.5426938487838,1337.654978415318,1343.590087890625,1095460,0.0,0.0,BAJAJFINSV
2023-02-24,1350.3232790471613,1382.542758562707,1346.9816596476667,1355.610107421875,1342454,0.0,0.0,BAJAJFINSV
2023-02-27,1354.5625930709123,1363.839443256326,1341.6449450939904,1354.0140380859375,972575,0.0,0.0,BAJAJFINSV
2023-02-28,1360.7970301472171,1368.4778959842845,1326.6823888544293,1331.5701904296875,1597380,0.0,0.0,BAJAJFINSV
2023-03-01,1332.3681109440913,1356.607544452023,1331.5701795656669,1340.5477294921875,1134472,0.0,0.0,BAJAJFINSV
2023-03-02,1371.5699837966442,1382.4926196885588,1333.8642293539506,1340.198486328125,3267851,0.0,0.0,BAJAJFINSV
2023-03-03,1353.6150247135308,1361.0463923182708,1342.7421899186752,1351.9691162109375,1199487,0.0,0.0,BAJAJFINSV
2023-03-06,1353.864408469105,1395.9590939955265,1353.864408469105,1377.355712890625,2466703,0.0,0.0,BAJAJFINSV
2023-03-08,1371.5701319911727,1380.348229542242,1354.5128114301183,1377.355712890625,1557533,0.0,0.0,BAJAJFINSV
2023-03-09,1374.5626143830962,1375.510195926165,1346.6324596641364,1349.1761474609375,1545024,0.0,0.0,BAJAJFINSV
2023-03-10,1336.6573669023867,1338.6523778977635,1317.7546864275157,1325.53515625,1389890,0.0,0.0,BAJAJFINSV
2023-03-13,1322.6923624511442,1337.85439814094,1288.6774474682709,1292.4678955078125,1668502,0.0,0.0,BAJAJFINSV
2023-03-14,1296.757270025374,1299.0515815940544,1265.8345966632305,1277.3558349609375,2060607,0.0,0.0,BAJAJFINSV
2023-03-15,1286.7820776489407,1306.4328870276445,1274.812011810346,1279.4005126953125,1376141,0.0,0.0,BAJAJFINSV
2023-03-16,1282.29327695099,1300.7471280778616,1267.3806189358668,1290.373046875,1539281,0.0,0.0,BAJAJFINSV
2023-03-17,1301.6948989377681,1313.0166850402302,1289.7747555874303,1298.5029296875,1332869,0.0,0.0,BAJAJFINSV
2023-03-20,1301.744636536975,1304.6872289630548,1227.9292318597825,1242.2933349609375,3970911,0.0,0.0,BAJAJFINSV
2023-03-21,1255.8593702034266,1268.328188414342,1245.485289098784,1264.9366455078125,2333183,0.0,0.0,BAJAJFINSV
2023-03-22,1267.8296172713242,1311.6699396736308,1267.3807884577689,1291.3209228515625,2884348,0.0,0.0,BAJAJFINSV
2023-03-23,1288.7273137800453,1307.2310914032219,1275.1114597255869,1286.7822265625,1947186,0.0,0.0,BAJAJFINSV
2023-03-24,1278.103923234597,1286.7821729036677,1233.1163250483357,1237.5552978515625,2676573,0.0,0.0,BAJAJFINSV
2023-03-27,1241.89446262216,1248.4779751792823,1223.5902593535436,1236.0091552734375,1553877,0.0,0.0,BAJAJFINSV
2023-03-28,1242.193648136266,1244.7372141023543,1211.9691827731313,1220.098876953125,1510246,0.0,0.0,BAJAJFINSV
2023-03-29,1226.2335553967025,1248.8768814580292,1222.3930618230233,1242.9417724609375,1657420,0.0,0.0,BAJAJFINSV
2023-03-31,1249.1762897464723,1266.8320898514608,1246.8819782002565,1263.3408203125,1830686,0.0,0.0,BAJAJFINSV
2023-04-03,1269.8246238841264,1283.340873418129,1262.3433319130886,1279.749755859375,1381342,0.0,0.0,BAJAJFINSV
2023-04-05,1292.7671805394377,1320.6973356745489,1272.318316958374,1276.10888671875,3366621,0.0,0.0,BAJAJFINSV
2023-04-06,1276.1088521298161,1308.1785569762674,1268.178610237987,1300.697265625,1819711,0.0,0.0,BAJAJFINSV
2023-04-10,1307.7296644738503,1313.9640736294275,1292.4179799409137,1301.7945556640625,1297282,0.0,0.0,BAJAJFINSV
2023-04-11,1309.6747390036926,1321.6947284479745,1303.939082634956,1319.899169921875,1281834,0.0,0.0,BAJAJFINSV
2023-04-12,1317.7047412475251,1325.6847851006519,1312.268385078905,1318.25341796875,1105734,0.0,0.0,BAJAJFINSV
2023-04-13,1317.6049661392838,1342.6423284458492,1314.7121759967529,1337.9541015625,1330391,0.0,0.0,BAJAJFINSV
2023-04-17,1341.6449373656387,1349.575057619951,1327.2310311686672,1337.8045654296875,1073923,0.0,0.0,BAJAJFINSV
2023-04-18,1336.6574601950383,1345.3357099243065,1325.6848989546313,1331.869384765625,1236391,0.0,0.0,BAJAJFINSV
2023-04-19,1331.6698501130388,1335.6099481542408,1318.752202520513,1328.0289306640625,590360,0.0,0.0,BAJAJFINSV
2023-04-20,1330.6224604970582,1338.0040258136041,1321.7447586429366,1328.777099609375,467602,0.0,0.0,BAJAJFINSV
2023-04-21,1333.1662509353953,1334.6625093539535,1303.2910065511778,1314.6126708984375,825513,0.0,0.0,BAJAJFINSV
2023-04-24,1311.8194608065662,1319.6000524254025,1304.5875459199356,1316.4578857421875,1051329,0.0,0.0,BAJAJFINSV
2023-04-25,1321.694829399987,1348.627478753798,1318.802039005119,1342.4429931640625,2725305,0.0,0.0,BAJAJFINSV
2023-04-26,1342.4430144580426,1346.1337362772642,1325.3357699661951,1331.37060546875,889092,0.0,0.0,BAJAJFINSV
2023-04-27,1349.1263737398035,1370.5727449304918,1336.8072034787824,1356.607666015625,3982526,0.0,0.0,BAJAJFINSV
2023-04-28,1365.5351298683065,1365.5351298683065,1315.5103255639324,1351.2708740234375,3376186,0.0,0.0,BAJAJFINSV
2023-05-02,1356.607450736186,1367.4802848048062,1342.542647842744,1345.684814453125,1387425,0.0,0.0,BAJAJFINSV
2023-05-03,1341.6450034908303,1347.5801129783847,1326.6824198087766,1343.6400146484375,903123,0.0,0.0,BAJAJFINSV
2023-05-04,1338.9516584411826,1374.8618558266069,1336.6573471241247,1371.0213623046875,2213569,0.0,0.0,BAJAJFINSV
2023-05-05,1368.078940762872,1390.5228169328789,1352.0191248343867,1355.8594970703125,2572062,0.0,0.0,BAJAJFINSV
2023-05-08,1364.3880728339784,1407.2808093725728,1359.6997239202751,1401.2957763671875,2912772,0.0,0.0,BAJAJFINSV
2023-05-09,1407.4304226686309,1443.0912464764585,1399.0015493840158,1405.18603515625,3772745,0.0,0.0,BAJAJFINSV
2023-05-10,1415.4603296714108,1417.3056905260655,1391.5201972456787,1410.921630859375,1297980,0.0,0.0,BAJAJFINSV
2023-05-11,1417.4552904597033,1424.1884524657576,1409.5251705811174,1416.8568115234375,915163,0.0,0.0,BAJAJFINSV
2023-05-12,1416.4578246176839,1424.4378687000371,1403.49025298386,1419.899169921875,1300969,0.0,0.0,BAJAJFINSV
2023-05-15,1420.447857334684,1426.432890441431,1412.4678131923542,1417.804443359375,1003664,0.0,0.0,BAJAJFINSV
2023-05-16,1426.333169569362,1434.4129399404821,1417.4553460747045,1424.7869873046875,1678746,0.0,0.0,BAJAJFINSV
2023-05-17,1426.8319680680038,1426.8319680680038,1401.4953026561461,1411.869384765625,804968,0.0,0.0,BAJAJFINSV
2023-05-18,1418.8020021374195,1426.4329439881415,1408.5277679779729,1411.919189453125,739262,0.0,0.0,BAJAJFINSV
2023-05-19,1418.5526071545046,1419.1510861266388,1393.5651663828505,1411.570068359375,754504,0.0,0.0,BAJAJFINSV
2023-05-22,1407.480208799844,1415.1609521613884,1401.4951760196889,1409.4752197265625,591903,0.0,0.0,BAJAJFINSV
2023-05-23,1412.0687762670545,1444.188526763649,1411.9690500691695,1433.664794921875,1991556,0.0,0.0,BAJAJFINSV
2023-05-24,1433.6648321318135,1443.3905111113127,1417.6050173495978,1422.8917236328125,1047736,0.0,0.0,BAJAJFINSV
2023-05-25,1417.5550194338502,1426.0837400312282,1412.4677658169082,1423.7894287109375,688673,0.0,0.0,BAJAJFINSV
2023-05-26,1427.4303644500449,1442.692247241683,1427.4303644500449,1435.56005859375,1023550,0.0,0.0,BAJAJFINSV
2023-05-29,1445.3356033649584,1464.8368853767763,1440.8967524186266,1445.9342041015625,1659680,0.0,0.0,BAJAJFINSV
2023-05-30,1449.8242672739598,1463.5399673976165,1435.9091147639167,1462.193359375,1506999,0.0,0.0,BAJAJFINSV
2023-05-31,1461.3454498451333,1461.3454498451333,1443.639728524484,1447.4302978515625,1704213,0.0,0.0,BAJAJFINSV
2023-06-01,1451.8693452463879,1455.3606147127996,1440.3980312853205,1446.53271484375,939379,0.0,0.0,BAJAJFINSV
2023-06-02,1456.3580082480914,1463.2408204484525,1444.786968974076,1453.6148681640625,1129346,0.0,0.0,BAJAJFINSV
2023-06-05,1465.3355229958493,1465.834275726617,1452.5674043818717,1455.2607421875,829929,0.0,0.0,BAJAJFINSV
2023-06-06,1462.8417654341656,1475.2108575618804,1459.4502224976593,1471.4202880859375,1472972,0.0,0.0,BAJAJFINSV
2023-06-07,1479.3006698329057,1479.5001222283802,1468.3281092340103,1477.2059326171875,837622,0.0,0.0,BAJAJFINSV
2023-06-08,1479.3006857782598,1481.295696817745,1459.3505753834079,1463.7396240234375,722068,0.0,0.0,BAJAJFINSV
2023-06-09,1467.3306940119705,1472.3182218638126,1457.9043150783154,1462.8419189453125,499104,0.0,0.0,BAJAJFINSV
2023-06-12,1469.325678514426,1469.325678514426,1458.3031934553612,1462.3431396484375,465964,0.0,0.0,BAJAJFINSV
2023-06-13,1466.333134838336,1488.2782565842158,1466.333134838336,1482.49267578125,1205104,0.0,0.0,BAJAJFINSV
2023-06-14,1486.2831816813396,1488.1784664675174,1465.3355663690522,1476.7071533203125,763762,0.0,0.0,BAJAJFINSV
2023-06-15,1476.2581438533746,1478.3030787347334,1465.9339867862216,1471.021240234375,853566,0.0,0.0,BAJAJFINSV
2023-06-16,1475.3107728468558,1511.220974214325,1471.0214500883026,1504.8369140625,2090874,0.0,0.0,BAJAJFINSV
2023-06-19,1519.1510322012102,1549.4254231268094,1512.8668202810754,1538.1036376953125,3446484,0.0,0.0,BAJAJFINSV
2023-06-20,1539.3505098051623,1539.3505098051623,1498.4029802033647,1517.255859375,1943763,0.0,0.0,BAJAJFINSV
2023-06-21,1522.0936408933692,1531.1709164356898,1509.475172180005,1515.460205078125,799052,0.0,0.0,BAJAJFINSV
2023-06-22,1519.2008449096968,1523.3903192162575,1501.096096108006,1503.88916015625,966522,0.0,0.0,BAJAJFINSV
2023-06-23,1503.7395734906463,1515.9090921452414,1480.248269755662,1498.203369140625,1237464,0.0,0.0,BAJAJFINSV
2023-06-26,1500.6971861426803,1507.0812460590282,1483.4902152887832,1503.78955078125,647496,0.0,0.0,BAJAJFINSV
2023-06-27,1508.2283641094755,1523.5400496697262,1499.2508143231096,1519.1510009765625,763062,0.0,0.0,BAJAJFINSV
2023-06-28,1526.1834905254357,1531.1710182722509,1512.0189604308061,1515.061279296875,1158136,0.0,0.0,BAJAJFINSV
2023-06-30,1518.0053591902968,1533.5746205595872,1516.0092969165423,1524.9915771484375,934639,0.8,0.0,BAJAJFINSV
2023-07-03,1524.9917175913859,1541.4592328664237,1523.5944495050828,1537.06787109375,1068533,0.0,0.0,BAJAJFINSV
2023-07-04,1562.0187525426584,1631.7312140031693,1562.0187525426584,1626.2919921875,7337423,0.0,0.0,BAJAJFINSV
2023-07-05,1627.7889382522544,1638.7672817965677,1604.385154610235,1610.52294921875,2006206,0.0,0.0,BAJAJFINSV
2023-07-06,1611.8703883254336,1620.8027191107064,1603.8361881840551,1616.7108154296875,937466,0.0,0.0,BAJAJFINSV
2023-07-07,1608.67653721594,1623.4474474495678,1602.239284820529,1611.7205810546875,1456642,0.0,0.0,BAJAJFINSV
2023-07-10,1608.7763408625265,1618.806603134284,1576.6397850193496,1594.654296875,1731894,0.0,0.0,BAJAJFINSV
2023-07-11,1594.8538428805466,1628.7869033673667,1584.7737522195753,1589.264892578125,1500679,0.0,0.0,BAJAJFINSV
2023-07-12,1592.5084819188244,1601.9398278685453,1578.136808514029,1590.063232421875,1281286,0.0,0.0,BAJAJFINSV
2023-07-13,1591.8597632708102,1621.800699257095,1591.8597632708102,1611.920166015625,1136620,0.0,0.0,BAJAJFINSV
2023-07-14,1619.9544253177553,1631.7810711000984,1601.0916105885829,1611.02197265625,1088010,0.0,0.0,BAJAJFINSV
2023-07-17,1616.8105159452143,1618.7566280194533,1599.8439858396164,1607.0797119140625,823296,0.0,0.0,BAJAJFINSV
2023-07-18,1615.163842136169,1621.8007742861682,1598.8460556347331,1615.114013671875,2077115,0.0,0.0,BAJAJFINSV
2023-07-19,1615.1140259426156,1646.552010421473,1610.8224428214435,1640.8631591796875,1920501,0.0,0.0,BAJAJFINSV
2023-07-20,1647.6497143620363,1654.9852192355286,1621.800682199749,1632.5794677734375,1159938,0.0,0.0,BAJAJFINSV
2023-07-21,1629.7849829553104,1641.7613576004198,1617.110035187896,1629.63525390625,1149031,0.0,0.0,BAJAJFINSV
2023-07-24,1626.790836662189,1656.7317723062783,1618.8065871570984,1654.2366943359375,1455663,0.0,0.0,BAJAJFINSV
2023-07-25,1661.6220863885383,1661.6220863885383,1631.8308809200848,1645.6036376953125,1378736,0.0,0.0,BAJAJFINSV
2023-07-26,1646.1528157530101,1661.6223005756722,1614.8645595260757,1623.2479248046875,2225230,0.0,0.0,BAJAJFINSV
2023-07-27,1638.2682302523274,1659.4264431599017,1598.8459974804925,1611.371337890625,3402069,0.0,0.0,BAJAJFINSV
2023-07-28,1621.8007137129364,1626.79086975513,1565.3121716813005,1581.729736328125,3285744,0.0,0.0,BAJAJFINSV
2023-07-31,1562.7173062185461,1599.644460725509,1562.7173062185461,1595.1533203125,1323373,0.0,0.0,BAJAJFINSV
2023-08-01,1595.153254200548,1596.7999081530868,1566.559637056805,1569.2542724609375,1641917,0.0,0.0,BAJAJFINSV
2023-08-02,1568.9050566367878,1569.2543431930708,1520.9995587242142,1523.99365234375,2170178,0.0,0.0,BAJAJFINSV
2023-08-03,1519.9017636625842,1519.9017636625842,1474.8905801736485,1490.7093505859375,2785017,0.0,0.0,BAJAJFINSV
2023-08-04,1498.9928696707057,1504.3822623641252,1467.8543458442464,1483.373779296875,2703607,0.0,0.0,BAJAJFINSV
2023-08-07,1495.050748926928,1509.2726936346776,1482.0763432286303,1505.4302978515625,1228780,0.0,0.0,BAJAJFINSV
2023-08-08,1506.5281738200715,1517.3069600659826,1489.9608794146789,1512.765869140625,1409271,0.0,0.0,BAJAJFINSV
2023-08-09,1521.9976224218522,1526.738270753986,1502.0369978655,1513.6141357421875,1065831,0.0,0.0,BAJAJFINSV
2023-08-10,1509.5722017738096,1526.7382903809576,1502.1367959329923,1516.40869140625,900666,0.0,0.0,BAJAJFINSV
2023-08-11,1515.9594582930563,1518.8039447066592,1494.701466609694,1501.0389404296875,792201,0.0,0.0,BAJAJFINSV
2023-08-14,1493.0546887831056,1495.000800908818,1464.1617340122432,1479.1322021484375,1549409,0.0,0.0,BAJAJFINSV
2023-08-16,1479.0821574699999,1479.0821574699999,1460.119565707564,1466.9560546875,834135,0.0,0.0,BAJAJFINSV
2023-08-17,1470.0998652296119,1477.0860831906487,1462.5148529521948,1473.9422607421875,1048714,0.0,0.0,BAJAJFINSV
2023-08-18,1467.1058514244266,1475.3895590454135,1453.1334147441942,1457.2752685546875,1053734,0.0,0.0,BAJAJFINSV
2023-08-21,1452.1354715358927,1481.5773934673764,1448.143346528234,1475.3896484375,1498685,0.0,0.0,BAJAJFINSV
2023-08-22,1482.0763666294142,1491.0586476392893,1461.4669975018703,1464.9102783203125,1557523,0.0,0.0,BAJAJFINSV
2023-08-23,1471.0979122497033,1471.0979122497033,1455.1793641700358,1467.20556640625,961649,0.0,0.0,BAJAJFINSV
2023-08-24,1477.0861983824643,1489.062572963944,1462.115730155615,1465.7086181640625,847606,0.0,0.0,BAJAJFINSV
2023-08-25,1465.708657415072,1506.5281595727383,1462.7645139836084,1500.939208984375,3624097,0.0,0.0,BAJAJFINSV
2023-08-28,1510.5202214405404,1511.0192370406198,1484.0723946363287,1496.947021484375,1066459,0.0,0.0,BAJAJFINSV
2023-08-29,1506.8772918237714,1511.0191454192839,1494.302123830266,1500.4898681640625,1377001,0.0,0.0,BAJAJFINSV
2023-08-30,1507.0270883088267,1515.8596399239786,1496.0487452814114,1498.5438232421875,700372,0.0,0.0,BAJAJFINSV
2023-08-31,1498.0947309667145,1504.8314413395096,1477.2856836845433,1485.9686279296875,1542837,0.0,0.0,BAJAJFINSV
2023-09-01,1491.0585497418185,1515.7098706073002,1484.4216181765041,1511.5181884765625,904596,0.0,0.0,BAJAJFINSV
2023-09-04,1518.005518021195,1522.9457239336484,1503.0849996957159,1507.126953125,685689,0.0,0.0,BAJAJFINSV
2023-09-05,1509.0231934005333,1516.8078855905449,1503.0350061251345,1507.4761962890625,1298151,0.0,0.0,BAJAJFINSV
2023-09-06,1507.975211212171,1519.452570151486,1501.2385005303993,1515.2109375,712220,0.0,0.0,BAJAJFINSV
2023-09-07,1521.7980133779947,1521.7980133779947,1507.1268817278715,1516.558349609375,647590,0.0,0.0,BAJAJFINSV
2023-09-08,1526.9877213583914,1555.7310683747764,1522.047515697753,1537.966064453125,2168354,0.0,0.0,BAJAJFINSV
2023-09-11,1546.449368270162,1548.9444463086747,1536.9680717238139,1546.64892578125,841557,0.0,0.0,BAJAJFINSV
2023-09-12,1555.830894690275,1555.830894690275,1524.6424190358816,1539.4132080078125,1444688,0.0,0.0,BAJAJFINSV
2023-09-13,1538.964012842853,1561.9686792765463,1518.0053589714523,1549.7427978515625,1193072,0.0,0.0,BAJAJFINSV
2023-09-14,1553.8845730653168,1560.5215046762153,1538.1655822221248,1547.8465576171875,920905,0.0,0.0,BAJAJFINSV
2023-09-15,1545.00226096577,1564.513697992887,1528.285238224311,1535.07177734375,3116428,0.0,0.0,BAJAJFINSV
2023-09-18,1535.0718259506525,1562.2681772419396,1529.8821122344011,1556.8787841796875,1403635,0.0,0.0,BAJAJFINSV
2023-09-20,1551.8387451467433,1565.1124870763344,1542.0579906049552,1550.291748046875,1076887,0.0,0.0,BAJAJFINSV
2023-09-21,1527.4868957971244,1549.1940764463156,1511.0193794425652,1523.1953125,1772341,0.0,0.0,BAJAJFINSV
2023-09-22,1524.9916041369636,1547.9463206913813,1521.897731923885,1540.66064453125,1321743,0.0,0.0,BAJAJFINSV
2023-09-25,1546.6488963550185,1587.8676334990214,1543.6548027657682,1574.29443359375,2962182,0.0,0.0,BAJAJFINSV
2023-09-26,1579.8834520865637,1579.8834520865637,1547.9464524234115,1564.613525390625,2472382,0.0,0.0,BAJAJFINSV
2023-09-27,1564.6135927374974,1566.9091134190883,1551.140170424658,1562.66748046875,964400,0.0,0.0,BAJAJFINSV
2023-09-28,1561.9188170159853,1571.849178654159,1532.0278315181824,1536.6685791015625,831496,0.0,0.0,BAJAJFINSV
2023-09-29,1544.9523936480482,1549.8925996631833,1529.033843750401,1537.2176513671875,1109857,0.0,0.0,BAJAJFINSV
2023-10-03,1527.2372742651344,1561.1203854490382,1523.9936728004316,1557.9766845703125,1083086,0.0,0.0,BAJAJFINSV
2023-10-04,1551.9384658274025,1552.7867679539818,1518.1551351655796,1529.53271484375,1614123,0.0,0.0,BAJAJFINSV
2023-10-05,1536.9679113873465,1552.9364091679943,1529.2831205623977,1539.512939453125,1153064,0.0,0.0,BAJAJFINSV
2023-10-06,1556.279962887433,1637.469778495186,1547.9963768362882,1631.4317626953125,7384628,0.0,0.0,BAJAJFINSV
2023-10-09,1613.9661822915741,1624.7947964646698,1603.4369043810177,1618.3575439453125,1712235,0.0,0.0,BAJAJFINSV
2023-10-10,1626.790771361651,1640.7132571453024,1613.8163664366807,1629.8846435546875,1453653,0.0,0.0,BAJAJFINSV
2023-10-11,1638.1683074333569,1647.6994315470797,1630.2838372063707,1633.327880859375,952433,0.0,0.0,BAJAJFINSV
2023-10-12,1633.777162995821,1639.715400225845,1619.6549963840137,1631.58154296875,1052767,0.0,0.0,BAJAJFINSV
2023-10-13,1627.7887945305858,1645.7533551078702,1616.8104519555789,1643.3082275390625,1212989,0.0,0.0,BAJAJFINSV
2023-10-16,1640.7633530549094,1646.1527460988239,1627.1901526024471,1639.1165771484375,859548,0.0,0.0,BAJAJFINSV
2023-10-17,1646.651732661807,1673.4488465270622,1642.310321224975,1654.386474609375,1689224,0.0,0.0,BAJAJFINSV
2023-10-18,1661.722107247642,1661.722107247642,1618.8567118317192,1624.9945068359375,1230439,0.0,0.0,BAJAJFINSV
2023-10-19,1621.8008113428803,1639.7154238807952,1594.255172697762,1631.5316162109375,1429935,0.0,0.0,BAJAJFINSV
2023-10-20,1624.595206548769,1636.521630439895,1611.8203586890872,1631.8309326171875,1191783,0.0,0.0,BAJAJFINSV
2023-10-23,1623.7968294182524,1648.4481523436834,1602.3391577326393,1609.97412109375,1093182,0.0,0.0,BAJAJFINSV
2023-10-25,1609.7246842818622,1626.7909948929619,1595.7022959926596,1608.2774658203125,1490405,0.0,0.0,BAJAJFINSV
2023-10-26,1586.869647686298,1605.2334465915576,1548.9444611378206,1556.9287109375,1780025,0.0,0.0,BAJAJFINSV
2023-10-27,1572.4978780181243,1590.1131524330403,1548.2956222851876,1563.3160400390625,2003579,0.0,0.0,BAJAJFINSV
2023-10-30,1565.8111813862981,1568.0068013045989,1524.991680748946,1558.0264892578125,850025,0.0,0.0,BAJAJFINSV
2023-10-31,1549.3437010298992,1578.3364350738095,1549.3437010298992,1566.4599609375,1592788,0.0,0.0,BAJAJFINSV
2023-11-01,1571.7993085217986,1576.8892431050665,1561.9187756072336,1569.7532958984375,770557,0.0,0.0,BAJAJFINSV
2023-11-02,1584.5742008931202,1589.46457848905,1563.0167497965604,1572.498046875,1020303,0.0,0.0,BAJAJFINSV
2023-11-03,1581.1308853937667,1590.512402783402,1524.8918531765594,1533.1256103515625,2519096,0.0,0.0,BAJAJFINSV
2023-11-06,1543.9543007272796,1562.9168939488818,1536.9680821719526,1561.320068359375,917415,0.0,0.0,BAJAJFINSV
2023-11-07,1598.8460295111854,1604.6346593737437,1546.9484055819833,1566.70947265625,2532282,0.0,0.0,BAJAJFINSV
2023-11-08,1572.8970868623055,1576.8392611589366,1556.1301148693472,1572.3980712890625,831310,0.0,0.0,BAJAJFINSV
2023-11-09,1571.8991613968192,1585.8715983870131,1565.9109741153075,1579.1348876953125,1108425,0.0,0.0,BAJAJFINSV
2023-11-10,1577.887320152799,1595.6523241654486,1569.5537840360146,1592.8577880859375,672720,0.0,0.0,BAJAJFINSV
2023-11-13,1591.4604969601937,1594.8038770507658,1565.6114650046156,1582.0789794921875,853825,0.0,0.0,BAJAJFINSV
2023-11-15,1596.8499930082914,1611.8204616927442,1576.8394178014119,1583.925537109375,1684967,0.0,0.0,BAJAJFINSV
2023-11-16,1557.9765955729367,1624.7947331969256,1536.0199099891945,1617.459228515625,3213352,0.0,0.0,BAJAJFINSV
2023-11-17,1589.9136395526732,1617.4592760928954,1578.486109303374,1612.7186279296875,1783393,0.0,0.0,BAJAJFINSV
2023-11-20,1608.726572437021,1613.3674420468485,1583.0272681297881,1590.6622314453125,1256179,0.0,0.0,BAJAJFINSV
2023-11-21,1590.6621983928924,1613.2675079372007,1590.4625190520042,1607.2294921875,1714833,0.0,0.0,BAJAJFINSV
2023-11-22,1606.830343917446,1622.7988442296692,1599.3451093960914,1620.7030029296875,807316,0.0,0.0,BAJAJFINSV
2023-11-23,1620.7028570858765,1633.6273121310408,1617.0100686229882,1620.752685546875,695592,0.0,0.0,BAJAJFINSV
2023-11-24,1621.2516936976494,1625.7428339857058,1608.8262542993507,1614.06591796875,625345,0.0,0.0,BAJAJFINSV
2023-11-28,1614.315447051892,1653.7376789891716,1614.315447051892,1651.142822265625,1564478,0.0,0.0,BAJAJFINSV
2023-11-29,1656.7318318623375,1661.7219879824047,1645.7534883981896,1650.24462890625,746796,0.0,0.0,BAJAJFINSV
2023-11-30,1649.745560754617,1676.5926241915743,1641.3122459122733,1670.2052001953125,1577522,0.0,0.0,BAJAJFINSV
2023-12-01,1676.6923784593228,1685.3752009729246,1666.6621163919053,1682.630615234375,1101136,0.0,0.0,BAJAJFINSV
2023-12-04,1696.6531396808216,1711.3241504507725,1682.5809233000548,1692.9105224609375,1419178,0.0,0.0,BAJAJFINSV
2023-12-05,1692.96031923958,1710.0266278486952,1669.9556520820752,1689.3673095703125,1778602,0.0,0.0,BAJAJFINSV
2023-12-06,1697.651063979174,1706.6333447409688,1689.5670356595551,1697.0023193359375,737176,0.0,0.0,BAJAJFINSV
2023-12-07,1697.002279922859,1720.6057415202665,1686.6726816526975,1700.695068359375,941890,0.0,0.0,BAJAJFINSV
2023-12-08,1701.6431960086652,1711.174442700706,1689.1678060086017,1706.7830810546875,1376050,0.0,0.0,BAJAJFINSV
2023-12-11,1696.8028247031884,1713.6196266088039,1694.906540994992,1699.4476318359375,1003371,0.0,0.0,BAJAJFINSV
2023-12-12,1701.4435364462122,1716.3640532593472,1697.151953811612,1703.3896484375,1390539,0.0,0.0,BAJAJFINSV
2023-12-13,1704.6373036081447,1706.1343504204472,1664.915612789733,1681.2335205078125,1168629,0.0,0.0,BAJAJFINSV
2023-12-14,1696.6530963243713,1730.4863794935425,1694.6570338581075,1727.5421142578125,2130836,0.0,0.0,BAJAJFINSV
2023-12-15,1735.526300811763,1737.5723134970399,1715.3661193699238,1729.73779296875,1486079,0.0,0.0,BAJAJFINSV
2023-12-18,1729.2387897669685,1735.1271982358508,1715.1665741582706,1721.20458984375,696124,0.0,0.0,BAJAJFINSV
2023-12-19,1721.6037643707048,1723.1507614127097,1693.4593341721134,1706.3837890625,1214352,0.0,0.0,BAJAJFINSV
2023-12-20,1712.3221115210742,1737.5723500615436,1668.7081960384266,1677.5906982421875,1540009,0.0,0.0,BAJAJFINSV
2023-12-21,1659.7259634407885,1678.488999612763,1656.981377512068,1663.568359375,988034,0.0,0.0,BAJAJFINSV
2023-12-22,1665.7140128581748,1686.6726673039636,1660.3246202061196,1668.758056640625,1279614,0.0,0.0,BAJAJFINSV
2023-12-26,1671.7021448108655,1680.6844249919388,1633.8269121126618,1642.0606689453125,1296291,0.0,0.0,BAJAJFINSV
2023-12-27,1653.7377677785257,1670.7542491844026,1650.544116536536,1666.1632080078125,1181177,0.0,0.0,BAJAJFINSV
2023-12-28,1670.7541889901465,1695.455461336486,1663.9175777656596,1677.8900146484375,1360425,0.0,0.0,BAJAJFINSV
2023-12-29,1679.1374552234563,1689.3672744843814,1671.3029350823037,1682.48095703125,738203,0.0,0.0,BAJAJFINSV
2024-01-01,1682.481004722236,1688.3692911948672,1667.7100945899274,1673.0994873046875,692280,0.0,0.0,BAJAJFINSV
2024-01-02,1672.6004788973005,1686.5229651260536,1660.1749176085416,1682.880126953125,1099965,0.0,0.0,BAJAJFINSV
2024-01-03,1676.692272581516,1704.6371437912078,1672.7001481229884,1674.346923828125,804258,0.0,0.0,BAJAJFINSV
2024-01-04,1691.0141084782388,1720.555807092849,1686.6726972035035,1698.59912109375,2268009,0.0,0.0,BAJAJFINSV
2024-01-05,1699.5971244780353,1713.7192898352057,1694.3076323991143,1706.13427734375,835592,0.0,0.0,BAJAJFINSV
2024-01-08,1712.5716416628316,1720.2565552375493,1686.8723374711788,1693.01025390625,684254,0.0,0.0,BAJAJFINSV
2024-01-09,1707.082447333707,1711.623538105572,1671.0037162831063,1679.1375732421875,1235008,0.0,0.0,BAJAJFINSV
2024-01-10,1681.682606595674,1681.682606595674,1655.3845083006643,1668.5584716796875,607010,0.0,0.0,BAJAJFINSV
2024-01-11,1675.6944274948048,1699.2978903421906,1656.8815632614703,1665.963623046875,861924,0.0,0.0,BAJAJFINSV
2024-01-12,1666.9615525815332,1671.6522503229048,1638.7671721831327,1648.647705078125,1314964,0.0,0.0,BAJAJFINSV
2024-01-15,1651.7416380079865,1660.8736478650842,1626.8408082697074,1629.1861572265625,1089891,0.0,0.0,BAJAJFINSV
2024-01-16,1630.7829160511144,1643.0587480557049,1616.8104798058785,1620.3035888671875,1063676,0.0,0.0,BAJAJFINSV
2024-01-17,1611.7703230262293,1618.8064912175794,1574.9430718305714,1583.027099609375,1488186,0.0,0.0,BAJAJFINSV
2024-01-18,1582.8774140472226,1602.189292557529,1555.9305728244767,1578.0369873046875,1133236,0.0,0.0,BAJAJFINSV
2024-01-19,1587.8176306110738,1603.1873348927693,1577.8872692676605,1597.348876953125,1139473,0.0,0.0,BAJAJFINSV
2024-01-23,1594.3049173621582,1612.0699217400092,1571.8991652936168,1579.3843994140625,3028946,0.0,0.0,BAJAJFINSV
2024-01-24,1591.5602737577688,1619.654875836241,1575.2424883333915,1617.6588134765625,1393463,0.0,0.0,BAJAJFINSV
2024-01-25,1618.5570654833475,1631.7809786127782,1610.52286575574,1626.9405517578125,1744604,0.0,0.0,BAJAJFINSV
2024-01-29,1626.7907829845635,1638.3679200189495,1615.313424699703,1633.72705078125,940220,0.0,0.0,BAJAJFINSV
2024-01-30,1625.7928301355064,1625.7928301355064,1581.879457191392,1587.4185791015625,4851835,0.0,0.0,BAJAJFINSV
2024-01-31,1590.8617043094503,1628.7868892302527,1581.8794236703127,1624.09619140625,1486444,0.0,0.0,BAJAJFINSV
2024-02-01,1628.7868339690247,1628.7868339690247,1609.8242421519833,1619.0560302734375,1352416,0.0,0.0,BAJAJFINSV
2024-02-02,1631.7810202727635,1660.7239252194975,1623.4973125387746,1648.24853515625,1514648,0.0,0.0,BAJAJFINSV
2024-02-05,1646.7514511959512,1656.6319842691225,1605.383107411535,1611.7205810546875,2578535,0.0,0.0,BAJAJFINSV
2024-02-06,1623.5971896398269,1623.5971896398269,1575.4920131537415,1593.90576171875,2376798,0.0,0.0,BAJAJFINSV
2024-02-07,1605.832221301966,1620.5531816899113,1586.2708338982181,1593.057373046875,1477982,0.0,0.0,BAJAJFINSV
2024-02-08,1604.7842786077913,1604.7842786077913,1561.918885715827,1567.4580078125,1486674,0.0,0.0,BAJAJFINSV
2024-02-09,1583.1269816660244,1584.1749631518378,1559.6232983126079,1567.8570556640625,1049368,0.0,0.0,BAJAJFINSV
2024-02-12,1575.6418765293574,1576.1908424629946,1548.445524266222,1554.1842041015625,803753,0.0,0.0,BAJAJFINSV
2024-02-13,1556.9287140515385,1583.3265912725342,1549.1440217492873,1564.9129638671875,1833289,0.0,0.0,BAJAJFINSV
2024-02-14,1556.9286777691384,1579.8833954541963,1551.9385217506476,1576.58984375,763689,0.0,0.0,BAJAJFINSV
2024-02-15,1586.8196486084637,1586.8695989001694,1561.4697537378158,1566.3101806640625,803588,0.0,0.0,BAJAJFINSV
2024-02-16,1579.9831390560103,1581.879422666843,1563.96481169103,1572.79736328125,850341,0.0,0.0,BAJAJFINSV
2024-02-19,1572.8972238281187,1621.800754264399,1568.9050988945448,1616.9603271484375,1162373,0.0,0.0,BAJAJFINSV
2024-02-20,1614.7645831755726,1615.8125647012268,1594.3548932119888,1599.6943359375,1232581,0.0,0.0,BAJAJFINSV
2024-02-21,1600.8420421876613,1615.4132733178872,1577.4880877797755,1583.8255615234375,674394,0.0,0.0,BAJAJFINSV
2024-02-22,1595.8518029429326,1595.8518029429326,1562.7670460769016,1589.41455078125,1149519,0.0,0.0,BAJAJFINSV
2024-02-23,1592.8578411568933,1617.7088431198868,1592.8578411568933,1613.367431640625,1199419,0.0,0.0,BAJAJFINSV
2024-02-26,1612.818430491761,1626.1920730313896,1606.8302432498363,1611.121826171875,742382,0.0,0.0,BAJAJFINSV
2024-02-27,1611.1218311446696,1620.253719252806,1591.8597800583657,1597.44873046875,931236,0.0,0.0,BAJAJFINSV
2024-02-28,1599.8440710268173,1606.5308315748482,1576.889352602852,1581.3804931640625,790763,0.0,0.0,BAJAJFINSV
2024-02-29,1581.8295575495183,1600.4428644525988,1565.2622634106583,1590.6622314453125,1352363,0.0,0.0,BAJAJFINSV
2024-03-01,1594.8039770006753,1617.1100727594323,1592.0593910807374,1610.2236328125,740120,0.0,0.0,BAJAJFINSV
2024-03-04,1612.8183868506312,1621.8006674704677,1600.143439596853,1616.1119384765625,589948,0.0,0.0,BAJAJFINSV
2024-03-05,1626.790868715485,1633.3778503209746,1538.1158202683703,1547.4473876953125,2343463,0.0,0.0,BAJAJFINSV
2024-03-06,1554.9325148094472,1554.9325148094472,1527.7861165563163,1551.5391845703125,1239370,0.0,0.0,BAJAJFINSV
2024-03-07,1554.0844332427646,1586.5204498683272,1554.0844332427646,1579.6839599609375,1380840,0.0,0.0,BAJAJFINSV
2024-03-11,1594.3548544478776,1612.9681608391966,1579.8834019348924,1595.65234375,1285565,0.0,0.0,BAJAJFINSV
2024-03-12,1586.9693170694577,1608.8262237557071,1562.0684884548566,1590.41259765625,1587096,0.0,0.0,BAJAJFINSV
2024-03-13,1589.165055341238,1595.8018650517552,1558.9246626412394,1570.052734375,1279653,0.0,0.0,BAJAJFINSV
2024-03-14,1562.517621535628,1576.8892951740968,1547.0481379437301,1560.621337890625,1289823,0.0,0.0,BAJAJFINSV
2024-03-15,1544.4532806149898,1586.4703697313143,1544.4532806149898,1568.3560791015625,1929597,0.0,0.0,BAJAJFINSV
2024-03-18,1567.857102499732,1576.0410316339423,1557.9267405536289,1573.9451904296875,645594,0.0,0.0,BAJAJFINSV
2024-03-19,1570.9510687851769,1586.8696177914064,1548.0461795058595,1578.3863525390625,1385006,0.0,0.0,BAJAJFINSV
2024-03-20,1579.3843361992294,1590.3626791364752,1563.0166005449764,1581.5799560546875,723724,0.0,0.0,BAJAJFINSV
2024-03-21,1592.8578424692723,1606.281313775632,1588.865717550803,1599.44482421875,1166497,0.0,0.0,BAJAJFINSV
2024-03-22,1589.8636596410208,1606.8301895932477,1580.2825847398765,1584.4244384765625,1570412,0.0,0.0,BAJAJFINSV
2024-03-26,1585.8715856174385,1615.81252178391,1585.8715856174385,1590.761962890625,1616192,0.0,0.0,BAJAJFINSV
2024-03-27,1586.8695623602157,1606.7304070349962,1575.0927458069352,1579.5340576171875,1205575,0.0,0.0,BAJAJFINSV
2024-03-28,1584.8735085400208,1665.7140338496818,1584.8735085400208,1640.613525390625,5210310,0.0,0.0,BAJAJFINSV
2024-04-01,1655.783755656599,1670.704273766185,1637.1204986162982,1642.7593994140625,767676,0.0,0.0,BAJAJFINSV
2024-04-02,1647.6497954275192,1659.6261702853167,1622.4993351281528,1653.2886962890625,1605925,0.0,0.0,BAJAJFINSV
2024-04-03,1650.74363388446,1651.59193605341,1631.781040750358,1637.1204833984375,1055536,0.0,0.0,BAJAJFINSV
2024-04-04,1646.75153126063,1659.2269216489678,1626.7909066392888,1652.5401611328125,1328509,0.0,0.0,BAJAJFINSV
2024-04-05,1655.2347046719694,1678.1894217099286,1648.6975517400379,1674.6463623046875,2364243,0.0,0.0,BAJAJFINSV
2024-04-08,1686.6727650632695,1698.6491397264408,1681.5328799043286,1685.824462890625,1345380,0.0,0.0,BAJAJFINSV
2024-04-09,1691.613058567622,1711.6236343366143,1683.928266492392,1707.03271484375,1284145,0.0,0.0,BAJAJFINSV
2024-04-10,1713.6196223535164,1718.609778504808,1692.660966518092,1700.7449951171875,1031729,0.0,0.0,BAJAJFINSV
2024-04-12,1696.6531039375895,1702.8408488787795,1686.2237262365554,1695.3057861328125,1312132,0.0,0.0,BAJAJFINSV
2024-04-15,1668.7082101376159,1688.6688346607932,1650.9432055799948,1653.5880126953125,828843,0.0,0.0,BAJAJFINSV
2024-04-16,1636.7711470883535,1645.453969685428,1608.1775292076738,1615.3134765625,1528544,0.0,0.0,BAJAJFINSV
2024-04-18,1621.8007090172043,1626.890643799508,1586.1710437110958,1590.761962890625,1325537,0.0,0.0,BAJAJFINSV
2024-04-19,1583.8755018529957,1625.5433041229155,1565.6114823056857,1615.8125,1242066,0.0,0.0,BAJAJFINSV
2024-04-22,1623.7968155713013,1644.7554714575936,1614.315518860836,1626.241943359375,703167,0.0,0.0,BAJAJFINSV
2024-04-23,1625.3935590622607,1648.747513093135,1612.8183905317833,1617.9083251953125,1297705,0.0,0.0,BAJAJFINSV
2024-04-24,1621.8006941838944,1645.603713852536,1614.8644261007614,1627.14013671875,578310,0.0,0.0,BAJAJFINSV
2024-04-25,1626.7909027886637,1668.7082143942614,1612.4691790227482,1652.2906494140625,1569437,0.0,0.0,BAJAJFINSV
2024-04-26,1645.8034891569664,1645.8034891569664,1575.3423851170676,1594.2052001953125,5325417,0.0,0.0,BAJAJFINSV
2024-04-29,1599.844050042975,1599.844050042975,1584.2248370411876,1592.508544921875,1132800,0.0,0.0,BAJAJFINSV
2024-04-30,1592.8578412224265,1630.7330776247632,1588.1671431788905,1611.8204345703125,1748360,0.0,0.0,BAJAJFINSV
2024-05-02,1611.8204659202831,1631.78109088524,1607.8283409272917,1612.26953125,1304846,0.0,0.0,BAJAJFINSV
2024-05-03,1646.9510080129614,1721.603789168006,1614.8144526804833,1624.09619140625,5227529,0.0,0.0,BAJAJFINSV
2024-05-06,1634.6752663456684,1634.6752663456684,1603.886029331193,1608.177490234375,725360,0.0,0.0,BAJAJFINSV
2024-05-07,1617.8086733519715,1621.8007983941725,1589.8637980565643,1611.97021484375,1348125,0.0,0.0,BAJAJFINSV
2024-05-08,1597.8479082614272,1616.8105005518503,1595.602338121772,1599.8939208984375,802342,0.0,0.0,BAJAJFINSV
2024-05-09,1603.5367441470762,1609.9241684473648,1556.5294971216472,1561.5196533203125,1364729,0.0,0.0,BAJAJFINSV
2024-05-10,1556.9286900404375,1581.0311681657138,1552.93656519418,1569.6036376953125,768117,0.0,0.0,BAJAJFINSV
2024-05-13,1570.9010794520116,1583.8754848096203,1553.235976274028,1577.438232421875,466042,0.0,0.0,BAJAJFINSV
2024-05-14,1572.248381483716,1586.7697837594358,1565.9608582019434,1573.34619140625,652248,0.0,0.0,BAJAJFINSV
2024-05-15,1576.8894535703378,1586.520479978712,1563.515809787983,1565.9610595703125,581805,0.0,0.0,BAJAJFINSV
2024-05-16,1571.9490832713127,1597.8479440636504,1557.3777303524073,1592.8577880859375,1212568,0.0,0.0,BAJAJFINSV
2024-05-17,1591.8598250753028,1594.8539187901779,1576.9393067948354,1581.6300048828125,699522,0.0,0.0,BAJAJFINSV
2024-05-21,1584.3745318857627,1592.1592239870204,1568.9050482673506,1579.434326171875,903561,0.0,0.0,BAJAJFINSV
2024-05-22,1579.434274726267,1586.8695582009411,1571.8990906707436,1580.8314208984375,578669,0.0,0.0,BAJAJFINSV
2024-05-23,1583.9751413428762,1610.0736790875399,1578.136683748441,1605.2830810546875,1547483,0.0,0.0,BAJAJFINSV
2024-05-24,1605.832185210324,1616.8105283037446,1593.9057612181,1598.5465087890625,566278,0.0,0.0,BAJAJFINSV
2024-05-27,1601.840164007786,1609.6746849922315,1587.1691532937282,1592.6583251953125,1365230,0.0,0.0,BAJAJFINSV
2024-05-28,1599.7941624880646,1601.8401753069004,1586.3207404527727,1596.500732421875,1306333,0.0,0.0,BAJAJFINSV
2024-05-29,1591.0114606838847,1599.195267785915,1562.0186056130694,1566.8092041015625,1665575,0.0,0.0,BAJAJFINSV
2024-05-30,1563.665421334809,1572.0987364517252,1514.013367904838,1521.099365234375,2285079,0.0,0.0,BAJAJFINSV
2024-05-31,1526.9877221348713,1548.9943586270422,1515.9096002814574,1525.5904541015625,2794001,0.0,0.0,BAJAJFINSV
2024-06-03,1576.889314192304,1579.8834078268462,1553.3856304291537,1572.6976318359375,1826290,0.0,0.0,BAJAJFINSV
2024-06-04,1552.9366115239063,1566.1105751775906,1416.2562817544874,1474.3916015625,4388491,0.0,0.0,BAJAJFINSV
2024-06-05,1487.0666182042337,1524.9918071248785,1470.0003075559416,1514.7120361328125,1456768,0.0,0.0,BAJAJFINSV
2024-06-06,1518.5044963572832,1538.4651206932317,1507.8256110695438,1523.4447021484375,2891789,0.0,0.0,BAJAJFINSV
2024-06-07,1535.9201272557616,1576.8893583681431,1527.5367623081722,1564.613525390625,2787254,0.0,0.0,BAJAJFINSV
2024-06-10,1582.9274167423985,1585.8715600192531,1556.2799108863783,1562.71728515625,1154334,0.0,0.0,BAJAJFINSV
2024-06-11,1569.903123925828,1574.2944857014074,1554.9326554840686,1565.1624755859375,1184425,0.0,0.0,BAJAJFINSV
2024-06-12,1564.9129665946634,1590.6122707335744,1558.9247792224899,1575.9910888671875,1799090,0.0,0.0,BAJAJFINSV
2024-06-13,1583.8256595863586,1592.4088258877653,1577.8874223203738,1586.969482421875,1095701,0.0,0.0,BAJAJFINSV
2024-06-14,1586.9694350413968,1592.857843666562,1572.2484743934758,1588.6162109375,681385,0.0,0.0,BAJAJFINSV
2024-06-18,1595.851936601508,1601.7403452238832,1581.8794993829833,1594.803955078125,1282756,0.0,0.0,BAJAJFINSV
2024-06-19,1596.8499445980347,1596.8499445980347,1579.3843983289937,1591.760009765625,1269273,0.0,0.0,BAJAJFINSV
2024-06-20,1589.3646440349642,1591.859721969085,1570.0028149001912,1582.87744140625,1649421,0.0,0.0,BAJAJFINSV
2024-06-21,1583.8761122032506,1608.6928100086732,1568.3968689881494,1576.78564453125,3345305,1.0,0.0,BAJAJFINSV
2024-06-24,1567.9475191704994,1587.720930892528,1558.9095896987467,1585.52392578125,822750,0.0,0.0,BAJAJFINSV
2024-06-25,1585.5239539697102,1608.5929956756343,1568.896226109838,1601.202880859375,3093861,0.0,0.0,BAJAJFINSV
2024-06-26,1604.84801653001,1614.335294785788,1591.6157600153724,1598.1070556640625,1310438,0.0,0.0,BAJAJFINSV
2024-06-27,1598.107087917506,1612.5376890034836,1592.9141000564855,1600.9532470703125,2620064,0.0,0.0,BAJAJFINSV
2024-06-28,1600.9531237398073,1619.8278374727374,1580.9799074947673,1586.023193359375,2058302,0.0,0.0,BAJAJFINSV
2024-07-01,1586.0731492864236,1588.8194666863956,1575.8868571474482,1578.0838623046875,2444681,0.0,0.0,BAJAJFINSV
2024-07-02,1578.0838701165842,1582.8774910920934,1559.0094717346353,1577.634521484375,2572175,0.0,0.0,BAJAJFINSV
2024-07-03,1580.8801656477615,1595.36074834005,1571.4927290382882,1592.0152587890625,892102,0.0,0.0,BAJAJFINSV
2024-07-04,1607.8439227427384,1607.8439227427384,1578.6830755153571,1583.576416015625,1450706,0.0,0.0,BAJAJFINSV
2024-07-05,1584.8748562895616,1588.5698528754494,1567.9974626131109,1577.4847412109375,1070592,0.0,0.0,BAJAJFINSV
2024-07-08,1577.4845921544993,1577.4845921544993,1559.9081862680575,1567.997314453125,1000005,0.0,0.0,BAJAJFINSV
2024-07-09,1575.5872537711998,1581.779024497682,1564.9016308998432,1579.4820556640625,1233946,0.0,0.0,BAJAJFINSV
2024-07-10,1581.7789539067944,1586.8720998900824,1568.646539271458,1580.4307861328125,1355610,0.0,0.0,BAJAJFINSV
2024-07-11,1581.8788128570634,1593.8627432574958,1573.889525923442,1585.7236328125,1848978,0.0,0.0,BAJAJFINSV
2024-07-12,1602.7008822596229,1602.7008822596229,1583.0273117677093,1595.111083984375,1003699,0.0,0.0,BAJAJFINSV
2024-07-15,1594.8613337740117,1602.8506203552215,1585.8733863701507,1600.0543212890625,1753186,0.0,0.0,BAJAJFINSV
2024-07-16,1602.8506975955438,1612.837306303304,1596.2595602297908,1607.3946533203125,980434,0.0,0.0,BAJAJFINSV
2024-07-18,1603.849412436128,1651.7851358464231,1590.9168024871315,1649.038818359375,2999670,0.0,0.0,BAJAJFINSV
2024-07-19,1649.7877318387061,1657.7770186756973,1632.8104973100994,1638.053466796875,1865129,0.0,0.0,BAJAJFINSV
2024-07-22,1622.8239095263036,1649.5880695353828,1620.87656959761,1628.9656982421875,784867,0.0,0.0,BAJAJFINSV
2024-07-23,1632.8105263769075,1645.7431359117727,1597.3080836002864,1616.68212890625,2718846,0.0,0.0,BAJAJFINSV
2024-07-24,1598.4565163921645,1609.7414326488038,1559.9082323430328,1577.1351318359375,3675430,0.0,0.0,BAJAJFINSV
2024-07-25,1563.5033767207476,1580.530592696559,1555.9135787666685,1569.8448486328125,1694503,0.0,0.0,BAJAJFINSV
2024-07-26,1575.8868041253295,1590.6170515022932,1566.948838377976,1584.325439453125,2768936,0.0,0.0,BAJAJFINSV
2024-07-29,1586.0233310016242,1622.8239607454673,1580.380872541355,1614.9844970703125,2217892,0.0,0.0,BAJAJFINSV
2024-07-30,1611.8386588161381,1667.6638263374218,1593.0637855269172,1640.4503173828125,3703774,0.0,0.0,BAJAJFINSV
2024-07-31,1648.689236777501,1654.0320479926672,1635.4569803935597,1649.438232421875,1324150,0.0,0.0,BAJAJFINSV
2024-08-01,1652.7837406649592,1656.7783841469288,1627.8172189026486,1632.61083984375,747329,0.0,0.0,BAJAJFINSV
2024-08-02,1617.830669609578,1626.8186177740756,1600.8534341877491,1621.2760009765625,1105569,0.0,0.0,BAJAJFINSV
2024-08-05,1587.8707719419388,1602.8506848847874,1559.908267781955,1565.6005859375,2058076,0.0,0.0,BAJAJFINSV
2024-08-06,1573.0406219663253,1595.8599974229514,1555.014745322811,1562.00537109375,1897942,0.0,0.0,BAJAJFINSV
2024-08-07,1581.9785980885026,1582.6777338143431,1561.55603285622,1569.295654296875,1443063,0.0,0.0,BAJAJFINSV
2024-08-08,1560.357576123421,1574.338827842456,1530.497714620383,1537.9876708984375,1683534,0.0,0.0,BAJAJFINSV
2024-08-09,1557.8110705948645,1560.4575462054563,1543.43033009998,1558.110595703125,1014828,0.0,0.0,BAJAJFINSV
2024-08-12,1554.9150317022631,1568.7464608784246,1546.0269252514327,1556.912353515625,1125254,0.0,0.0,BAJAJFINSV
2024-08-13,1551.9189655910175,1566.8988783862974,1534.9917128950879,1541.283203125,1817066,0.0,0.0,BAJAJFINSV
2024-08-14,1542.9310453422372,1544.3790548421182,1524.7554662569305,1527.102294921875,1173504,0.0,0.0,BAJAJFINSV
2024-08-16,1536.939035335019,1550.370974892787,1521.2101270786666,1547.824462890625,1841887,0.0,0.0,BAJAJFINSV
2024-08-19,1561.8057348497223,1561.8057348497223,1542.98100212237,1549.0228271484375,940893,0.0,0.0,BAJAJFINSV
2024-08-20,1552.8677044295396,1622.7241069320196,1549.4223731167049,1599.95458984375,3149863,0.0,0.0,BAJAJFINSV
2024-08-21,1597.857400302527,1626.6188822707104,1597.8074184960294,1618.779296875,1966030,0.0,0.0,BAJAJFINSV
2024-08-22,1622.6242519492566,1627.8172397796802,1611.8886474537771,1623.52294921875,1325535,0.0,0.0,BAJAJFINSV
2024-08-23,1625.7200490931816,1642.7471437243294,1621.0262698761312,1637.7039794921875,1114056,0.0,0.0,BAJAJFINSV
2024-08-26,1646.7917592763522,1685.7395328432278,1636.5554854542888,1683.94189453125,2446507,0.0,0.0,BAJAJFINSV
2024-08-27,1683.9418734633487,1726.6846065288232,1649.787721217823,1716.697998046875,4205533,0.0,0.0,BAJAJFINSV
2024-08-28,1725.6859042165158,1732.6765299859114,1697.773382942879,1711.205322265625,1444329,0.0,0.0,BAJAJFINSV
2024-08-29,1713.7020230095566,1769.627030753458,1709.2580309783584,1753.2989501953125,5508206,0.0,0.0,BAJAJFINSV
2024-08-30,1767.5797982955999,1791.0983110817426,1747.706544056078,1780.662353515625,3865499,0.0,0.0,BAJAJFINSV
2024-09-02,1793.9944250181734,1859.5065542116063,1785.4059658516264,1838.0853271484375,5442576,0.0,0.0,BAJAJFINSV
2024-09-03,1847.5225994643067,1868.4444958144218,1809.523504804479,1863.1016845703125,4429269,0.0,0.0,BAJAJFINSV
2024-09-04,1837.7356877625916,1877.1827922038212,1830.595360053769,1869.393310546875,2634954,0.0,0.0,BAJAJFINSV
2024-09-05,1865.4984790219976,1872.1894579945106,1847.5225836138627,1862.4525146484375,1441842,0.0,0.0,BAJAJFINSV
2024-09-06,1861.5037660940516,1895.4582339305312,1833.541263169892,1854.6629638671875,2970645,0.0,0.0,BAJAJFINSV
2024-09-09,1857.5091474820952,1871.240733921815,1836.587251814858,1857.95849609375,1576721,0.0,0.0,BAJAJFINSV
2024-09-10,1872.2894533673814,1872.2894533673814,1812.819149620535,1822.0567626953125,2155688,0.0,0.0,BAJAJFINSV
2024-09-11,1826.550723455459,1851.3175616887793,1811.8204756856571,1830.6951904296875,1492450,0.0,0.0,BAJAJFINSV
2024-09-12,1848.2216218786098,1857.5092167249725,1814.3671159379687,1852.3660888671875,2040386,0.0,0.0,BAJAJFINSV
2024-09-13,1872.2894968537462,1904.346487238603,1844.0273447301283,1891.9130859375,3078216,0.0,0.0,BAJAJFINSV
2024-09-16,1899.4529942219656,1918.4275509465804,1835.5886796931716,1855.1124267578125,3180768,0.0,0.0,BAJAJFINSV
2024-09-17,1856.510498562189,1874.3365701460361,1836.0879331799028,1846.2242431640625,1920113,0.0,0.0,BAJAJFINSV
2024-09-18,1846.2242827565008,1894.4596510477604,1840.7316480275801,1885.67138671875,2960854,0.0,0.0,BAJAJFINSV
2024-09-19,1887.4690415446516,1899.4529719671575,1873.4877893850617,1887.8685302734375,1821882,0.0,0.0,BAJAJFINSV
2024-09-20,1889.566158309128,1921.922794031954,1881.826536769119,1914.233154296875,4225587,0.0,0.0,BAJAJFINSV
2024-09-23,1927.2656733354115,1931.410140365445,1912.0360949276696,1917.37890625,1118846,0.0,0.0,BAJAJFINSV
2024-09-24,1917.4289075750248,1921.0240623953584,1895.8078749389683,1902.0994873046875,1461016,0.0,0.0,BAJAJFINSV
2024-09-25,1902.448950113025,1936.2037361533585,1893.5109841232631,1925.91748046875,901659,0.0,0.0,BAJAJFINSV
2024-09-26,1937.402042393637,1985.5874282418292,1927.565257436048,1980.144775390625,2541200,0.0,0.0,BAJAJFINSV
2024-09-27,1974.2026787958596,2027.1816857008694,1963.6668799625668,2008.00732421875,3718693,0.0,0.0,BAJAJFINSV
2024-09-30,2008.0074247498776,2016.246377182602,1965.6643000756571,1970.7574462890625,1859917,0.0,0.0,BAJAJFINSV
2024-10-01,1970.3578714694936,2004.4121823223418,1966.4132098458626,1972.6048583984375,1326900,0.0,0.0,BAJAJFINSV
2024-10-03,1958.3740024688393,1967.4119322730583,1893.960375156631,1910.8377685546875,1702709,0.0,0.0,BAJAJFINSV
2024-10-04,1910.7378668318247,1932.408758670195,1862.7521638809208,1882.0263671875,2423416,0.0,0.0,BAJAJFINSV
2024-10-07,1882.0264169043949,1899.0535118252444,1866.2975079880853,1876.783447265625,1423722,0.0,0.0,BAJAJFINSV
2024-10-08,1870.6914664159456,1891.4136791748383,1830.6451904777193,1835.6884765625,1423384,0.0,0.0,BAJAJFINSV
2024-10-09,1846.5239155687564,1878.680746244264,1833.0919758704874,1864.4498291015625,1411255,0.0,0.0,BAJAJFINSV
2024-10-10,1872.2894131107075,1885.3218640783693,1857.5091837461198,1873.1881103515625,1209065,0.0,0.0,BAJAJFINSV
2024-10-11,1873.437858554382,1881.2774441112251,1852.6158032600874,1873.8873291015625,516757,0.0,0.0,BAJAJFINSV
2024-10-14,1882.5755162236828,1882.5755162236828,1860.055787531999,1864.699462890625,809881,0.0,0.0,BAJAJFINSV
2024-10-15,1871.0909957813194,1893.2113586002436,1839.5333364323612,1851.46728515625,2072690,0.0,0.0,BAJAJFINSV
2024-10-16,1852.5159106705335,1868.4944845631096,1844.776288941317,1859.5565185546875,850008,0.0,0.0,BAJAJFINSV
2024-10-17,1865.4984554657153,1866.9464649259046,1806.67730740826,1813.368408203125,1115879,0.0,0.0,BAJAJFINSV
2024-10-18,1812.5694281181338,1830.8449702883422,1790.5988895954897,1817.462890625,990257,0.0,0.0,BAJAJFINSV
2024-10-21,1819.5600946711354,1821.457574694587,1751.6011740959002,1756.0452880859375,1663903,0.0,0.0,BAJAJFINSV
2024-10-22,1756.1951447830945,1768.5784422083739,1713.851898957204,1720.293212890625,3142294,0.0,0.0,BAJAJFINSV
2024-10-23,1725.2366074049744,1777.1169900169962,1725.2366074049744,1737.3702392578125,2585058,0.0,0.0,BAJAJFINSV
2024-10-24,1737.71978626286,1761.637663831626,1716.348420608252,1739.7669677734375,1502718,0.0,0.0,BAJAJFINSV
2024-10-25,1739.7671319773717,1749.5540575739988,1695.826052315019,1705.1136474609375,875973,0.0,0.0,BAJAJFINSV
2024-10-28,1708.4591196356112,1735.5228054060028,1699.6708550302342,1728.1326904296875,653158,0.0,0.0,BAJAJFINSV
2024-10-29,1722.8398205307817,1773.122370845018,1700.7194579268182,1764.3341064453125,1561586,0.0,0.0,BAJAJFINSV
2024-10-30,1764.3340664582117,1775.069670544149,1737.86955406032,1750.1031494140625,826677,0.0,0.0,BAJAJFINSV
2024-10-31,1742.8629009887081,1752.6498262742307,1722.7399819902944,1748.405517578125,869480,0.0,0.0,BAJAJFINSV
2024-11-01,1759.6403704281374,1769.7768021646955,1743.9614442670807,1752.35009765625,134827,0.0,0.0,BAJAJFINSV
2024-11-04,1752.3501031461947,1755.6457326357208,1691.7814215565597,1710.2066650390625,1294236,0.0,0.0,BAJAJFINSV
2024-11-05,1711.8044940733578,1741.964124102901,1683.74214929973,1733.32568359375,1646381,0.0,0.0,BAJAJFINSV
2024-11-06,1729.780408808746,1757.3434234875056,1729.780408808746,1746.358154296875,926170,0.0,0.0,BAJAJFINSV
2024-11-07,1742.6632271447909,1754.6471576466463,1702.7667739451024,1727.3836669921875,855044,0.0,0.0,BAJAJFINSV
2024-11-08,1736.6712924164076,1741.1652664335863,1714.7007527768671,1737.4202880859375,869560,0.0,0.0,BAJAJFINSV
2024-11-11,1725.2367192912295,1749.6039481880784,1710.7561359664846,1715.150146484375,696798,0.0,0.0,BAJAJFINSV
2024-11-12,1722.689970413057,1730.6292754270062,1686.4885145130725,1689.4844970703125,903492,0.0,0.0,BAJAJFINSV
2024-11-13,1687.7369038341571,1693.6788873659823,1655.2304431070386,1662.2210693359375,668302,0.0,0.0,BAJAJFINSV
2024-11-14,1662.7703308702398,1671.308929980689,1631.362495605428,1637.6041259765625,744472,0.0,0.0,BAJAJFINSV
2024-11-18,1631.8118328434405,1639.75113785739,1607.8439723855197,1613.8359375,1618700,0.0,0.0,BAJAJFINSV
2024-11-19,1620.7766354478158,1623.772618104479,1578.4335114257854,1594.2122802734375,2569730,0.0,0.0,BAJAJFINSV
2024-11-21,1593.8627376608054,1593.8627376608054,1563.1539161175285,1567.1485595703125,984265,0.0,0.0,BAJAJFINSV
2024-11-22,1567.8476522228282,1603.8494269134828,1559.958328532482,1598.706298828125,2082813,0.0,0.0,BAJAJFINSV
2024-11-25,1615.8332875065764,1636.605482363342,1597.8573918482832,1602.7508544921875,2191916,0.0,0.0,BAJAJFINSV
2024-11-26,1612.737563758118,1612.737563758118,1579.8815947080407,1592.2650146484375,2483861,0.0,0.0,BAJAJFINSV
2024-11-27,1593.8127416048433,1606.4458257926906,1586.872097430424,1597.9073486328125,1335825,0.0,0.0,BAJAJFINSV
2024-11-28,1602.8507635158544,1607.8940498834259,1565.5508028397057,1572.94091796875,3458405,0.0,0.0,BAJAJFINSV
2024-11-29,1579.7815681793427,1585.8233929680914,1572.8408023685759,1577.8341064453125,1998058,0.0,0.0,BAJAJFINSV
2024-12-02,1585.873521656404,1601.65241276308,1564.9016425916782,1594.511962890625,1423549,0.0,0.0,BAJAJFINSV
2024-12-03,1594.9612671758784,1607.7441752034922,1592.9140855158455,1604.9478759765625,1045367,0.0,0.0,BAJAJFINSV
2024-12-04,1616.8318885359547,1630.0641445724596,1603.9491394096121,1625.919677734375,2271608,0.0,0.0,BAJAJFINSV
2024-12-05,1634.5581824011597,1651.8849241506355,1603.3000483418548,1641.8983154296875,1706032,0.0,0.0,BAJAJFINSV
2024-12-06,1637.8038749860216,1647.7405021721304,1622.873943303004,1633.01025390625,1049225,0.0,0.0,BAJAJFINSV
2024-12-09,1639.8011105150701,1645.3437269777817,1617.031594444329,1634.8577880859375,859106,0.0,0.0,BAJAJFINSV
2024-12-10,1642.5474360831588,1670.7596051479707,1634.9076561851246,1661.1724853515625,1673974,0.0,0.0,BAJAJFINSV
2024-12-11,1664.8675316602319,1688.0863971619817,1646.7917940810992,1684.2415771484375,2131913,0.0,0.0,BAJAJFINSV
2024-12-12,1682.7435878014303,1688.2362226577554,1672.3574902371918,1677.05126953125,1137744,0.0,0.0,BAJAJFINSV
2024-12-13,1664.867459340773,1681.3453631746252,1632.81047080901,1677.4505615234375,1389802,0.0,0.0,BAJAJFINSV
2024-12-16,1672.7568591202928,1681.694824619723,1658.1764356549998,1671.40869140625,797240,0.0,0.0,BAJAJFINSV
2024-12-17,1670.7595866777954,1671.408740605691,1630.8631348501085,1640.9495849609375,1045630,0.0,0.0,BAJAJFINSV
2024-12-18,1639.801219453041,1645.1940127656208,1620.4271733558435,1628.5662841796875,952592,0.0,0.0,BAJAJFINSV
2024-12-19,1614.63489460419,1621.975027395592,1580.9300912598376,1587.42138671875,1681562,0.0,0.0,BAJAJFINSV
2024-12-20,1587.4213482451894,1601.4524595606686,1562.9041764587719,1567.5479736328125,1806341,0.0,0.0,BAJAJFINSV
2024-12-23,1580.8801247531403,1592.6143897347254,1558.4602374446781,1561.306396484375,1017438,0.0,0.0,BAJAJFINSV
2024-12-24,1561.0068246091034,1570.7437683604035,1549.5722060946748,1562.4549560546875,810638,0.0,0.0,BAJAJFINSV
2024-12-26,1552.368433099254,1572.7911222516493,1552.368433099254,1557.2120361328125,760870,0.0,0.0,BAJAJFINSV
2024-12-27,1565.8502821209956,1583.8761598147914,1559.0094794565064,1577.1851806640625,1174865,0.0,0.0,BAJAJFINSV
2024-12-30,1577.8841305182293,1585.7235937473472,1558.360262292435,1574.5885009765625,1307371,0.0,0.0,BAJAJFINSV
2024-12-31,1567.8474981268307,1573.839463018284,1557.9108717779054,1566.0,1041557,0.0,0.0,BAJAJFINSV
2025-01-01,1562.9041827046565,1581.928720081145,1562.9041827046565,1574.2889404296875,464064,0.0,0.0,BAJAJFINSV
2025-01-02,1579.182526862185,1715.5995811555667,1574.28906408033,1698.3726806640625,8022190,0.0,0.0,BAJAJFINSV
2025-01-03,1697.7235188829377,1717.6967367521488,1689.7342317352534,1698.822021484375,1563600,0.0,0.0,BAJAJFINSV
2025-01-06,1712.7034317439193,1730.6293460131355,1672.7569960181136,1682.3441162109375,1837772,0.0,0.0,BAJAJFINSV
2025-01-07,1689.7341950954537,1701.3686186333605,1671.9579828145722,1680.49658203125,1242573,0.0,0.0,BAJAJFINSV
2025-01-08,1678.7488438207822,1706.7113468707416,1666.315565334518,1694.7274169921875,1437122,0.0,0.0,BAJAJFINSV
2025-01-09,1694.7274780171615,1698.2227910242682,1672.7569391153481,1688.0364990234375,1036731,0.0,0.0,BAJAJFINSV
2025-01-10,1679.7475800479885,1715.8990547084002,1677.750258311903,1698.9718017578125,1467079,0.0,0.0,BAJAJFINSV
2025-01-13,1687.3373423750395,1697.723439563147,1664.368142898597,1671.9080810546875,1177882,0.0,0.0,BAJAJFINSV
2025-01-14,1686.7381320727404,1727.6832258649147,1681.7448279517434,1711.205322265625,2084348,0.0,0.0,BAJAJFINSV
2025-01-15,1718.7951055269575,1728.1325597724233,1647.7903459117636,1669.411376953125,2098490,0.0,0.0,BAJAJFINSV
2025-01-16,1677.7502844184023,1703.6654855846268,1676.951306948798,1695.0770263671875,1105433,0.0,0.0,BAJAJFINSV
2025-01-17,1683.841944570291,1696.1255211297782,1668.7122091221916,1678.3992919921875,905680,0.0,0.0,BAJAJFINSV
2025-01-20,1684.0419223493313,1735.6726420527173,1672.157833272664,1732.8763427734375,1674215,0.0,0.0,BAJAJFINSV
2025-01-21,1742.6631874613242,1748.6551525758045,1708.7087184792697,1714.70068359375,2008953,0.0,0.0,BAJAJFINSV
2025-01-22,1717.6967287005762,1744.5107491829338,1708.2094502571717,1740.965576171875,1369310,0.0,0.0,BAJAJFINSV
2025-01-23,1740.216490874746,1763.6350387477025,1728.1325972174234,1743.8116455078125,1888122,0.0,0.0,BAJAJFINSV
2025-01-24,1748.6551960913773,1752.5499978940807,1722.690013282482,1726.385009765625,747930,0.0,0.0,BAJAJFINSV
2025-01-27,1712.553509042869,1730.3297206740492,1699.720741690557,1709.307861328125,1017680,0.0,0.0,BAJAJFINSV
2025-01-28,1730.629264233158,1785.6555743706938,1712.7033508110212,1766.5810546875,2439528,0.0,0.0,BAJAJFINSV
2025-01-29,1774.5703795953739,1802.532883883073,1764.8834179441585,1788.00244140625,1880079,0.0,0.0,BAJAJFINSV
2025-01-30,1822.5561018440787,1853.514589053485,1738.668588115365,1742.8629150390625,5190089,0.0,0.0,BAJAJFINSV
2025-01-31,1711.3051559745156,1751.351430456518,1695.9257549723027,1733.7750244140625,1917476,0.0,0.0,BAJAJFINSV
2025-02-01,1744.6604971282159,1777.616305030466,1614.8345872102605,1751.651123046875,2887325,0.0,0.0,BAJAJFINSV
2025-02-03,1732.6765833451843,1802.582843191964,1731.0287685531416,1792.4464111328125,2918355,0.0,0.0,BAJAJFINSV
2025-02-04,1797.5895211464222,1816.464235499828,1770.425994922946,1810.82177734375,2285643,0.0,0.0,BAJAJFINSV
2025-02-05,1808.5747891021767,1824.1040139944212,1777.616302927595,1794.3438720703125,1286850,0.0,0.0,BAJAJFINSV
2025-02-06,1805.5788077198686,1810.5221301397721,1777.0669918330157,1785.6055908203125,1119866,0.0,0.0,BAJAJFINSV
2025-02-07,1798.588248179161,1819.5601266976298,1781.9605201152915,1795.9417724609375,1748940,0.0,0.0,BAJAJFINSV
2025-02-10,1802.4830166513161,1804.5301982770882,1772.4233490456909,1789.999755859375,908769,0.0,0.0,BAJAJFINSV
2025-02-11,1789.9996763706097,1792.8958171270995,1739.6671467112585,1742.5133056640625,1944713,0.0,0.0,BAJAJFINSV
2025-02-12,1746.657779517274,1798.4383188111324,1724.9369066159013,1786.3045654296875,1888823,0.0,0.0,BAJAJFINSV
2025-02-13,1801.5341747261728,1851.017868143071,1794.244023733539,1846.7735595703125,4070038,0.0,0.0,BAJAJFINSV
2025-02-14,1851.017964714766,1865.0990589211917,1822.5561292713505,1838.8343505859375,1823774,0.0,0.0,BAJAJFINSV
2025-02-17,1838.8342842660297,1896.207301722629,1827.9987164449976,1892.3125,3022597,0.0,0.0,BAJAJFINSV
2025-02-18,1889.4663877642186,1911.2372437432678,1878.2814346543569,1891.1640625,2116513,0.0,0.0,BAJAJFINSV
2025-02-19,1888.5176717233476,1896.6566602226362,1865.5484718988616,1872.838623046875,768994,0.0,0.0,BAJAJFINSV
2025-02-20,1865.348633198833,1884.9723431660093,1858.5578126033201,1878.730712890625,1012144,0.0,0.0,BAJAJFINSV
2025-02-21,1869.6928024642505,1890.764644013274,1863.9006426540152,1876.833251953125,852037,0.0,0.0,BAJAJFINSV
2025-02-24,1865.4985482056823,1887.3692461447092,1850.5186348100262,1855.312255859375,1076484,0.0,0.0,BAJAJFINSV
2025-02-25,1855.312229200513,1893.461026003887,1855.312229200513,1872.5889892578125,1761019,0.0,0.0,BAJAJFINSV
2025-02-27,1879.6295305670121,1936.2036917203786,1878.481046215868,1922.971435546875,2878330,0.0,0.0,BAJAJFINSV
2025-02-28,1908.4909564480374,1917.4289227156657,1860.055902931522,1869.7928466796875,1797567,0.0,0.0,BAJAJFINSV
2025-03-03,1882.176114857355,1882.176114857355,1816.2644966693535,1836.0880126953125,1046987,0.0,0.0,BAJAJFINSV
2025-03-04,1827.2997100872772,1831.044688315356,1782.8593017807414,1787.902587890625,1443339,0.0,0.0,BAJAJFINSV
2025-03-05,1784.6069773703136,1806.3778331317492,1730.6792903093192,1799.38720703125,2143253,0.0,0.0,BAJAJFINSV
2025-03-06,1816.364423267547,1850.51857596075,1781.7108182368581,1842.9786376953125,2176883,0.0,0.0,BAJAJFINSV
2025-03-07,1842.6791559780977,1863.0518624094755,1834.0407149431708,1842.8289794921875,1332323,0.0,0.0,BAJAJFINSV
2025-03-10,1842.2796302331092,1886.2207082817645,1832.542686801873,1837.885498046875,1703046,0.0,0.0,BAJAJFINSV
2025-03-11,1827.5494557512702,1834.390258567658,1785.855362976617,1802.982421875,2298735,0.0,0.0,BAJAJFINSV
2025-03-12,1811.5707748856855,1821.9068902617962,1797.5895230398203,1817.013427734375,1196955,0.0,0.0,BAJAJFINSV
2025-03-13,1825.552070660238,1837.536001102209,1800.7353724180255,1805.029541015625,1333932,0.0,0.0,BAJAJFINSV
2025-03-17,1817.5627523007704,1878.3812226245107,1794.743376193088,1869.0936279296875,6994837,0.0,0.0,BAJAJFINSV
2025-03-18,1869.0936279296875,1869.0936279296875,1869.0936279296875,1869.0936279296875,0,0.0,0.0,BAJAJFINSV
2025-03-19,1852.5158848777396,1861.9033212902943,1837.5359720620165,1839.782958984375,2411880,0.0,0.0,BAJAJFINSV
2025-03-20,1839.7828757303307,1852.5158010475036,1811.670549570264,1849.3699951171875,2306910,0.0,0.0,BAJAJFINSV
2025-03-21,1875.4850660874695,1877.4823877765937,1822.5560413256826,1844.7762451171875,3537391,0.0,0.0,BAJAJFINSV
2025-03-24,1852.8654345830862,1896.157359238885,1843.0286493216386,1891.613525390625,1864839,0.0,0.0,BAJAJFINSV
2025-03-25,1902.4490167159852,1951.7828896148192,1892.362565995606,1942.4454345703125,3512725,0.0,0.0,BAJAJFINSV
2025-03-26,1948.3872832936345,1975.3511257584876,1932.408709981129,1940.7974853515625,2779682,0.0,0.0,BAJAJFINSV
2025-03-27,1937.402133173766,2008.8063870510466,1930.0120181813215,2003.0640869140625,4506778,0.0,0.0,BAJAJFINSV
2025-03-28,1993.0774235686954,2019.2922713044732,1991.5294504634642,2004.661865234375,1907116,0.0,0.0,BAJAJFINSV
2025-04-01,1995.3243279878286,1999.3189712871035,1929.9120439622018,1934.505859375,2125921,0.0,0.0,BAJAJFINSV
2025-04-02,1943.6936774439228,1960.8705954454645,1918.3775271583042,1928.3641357421875,1057344,0.0,0.0,BAJAJFINSV
2025-04-03,1912.4355209776356,1947.3886506038587,1902.3989307079405,1917.878173828125,1598430,0.0,0.0,BAJAJFINSV
2025-04-04,1909.439488733312,1927.365401697963,1894.4595764263038,1909.7391357421875,2120708,0.0,0.0,BAJAJFINSV
2025-04-07,1832.5426788155612,1891.4636695785684,1821.0580789210767,1850.1690673828125,2594074,0.0,0.0,BAJAJFINSV
2025-04-08,1887.469092132173,1931.4101715257261,1871.190870775913,1900.6513671875,3182018,0.0,0.0,BAJAJFINSV
2025-04-09,1896.4570066120295,1915.731210312952,1875.4851281818806,1893.161376953125,1394829,0.0,0.0,BAJAJFINSV
2025-04-11,1906.892974517361,1963.3672962207313,1903.9969554817799,1943.6937255859375,1880510,0.0,0.0,BAJAJFINSV
2025-04-15,1981.3430751397357,1981.3430751397357,1958.1741927818857,1965.364501953125,1250872,0.0,0.0,BAJAJFINSV
2025-04-16,1958.3738961321214,1973.0541616341188,1946.9891382393275,1966.5628662109375,1033717,0.0,0.0,BAJAJFINSV
2025-04-17,1958.8733615451115,2036.9685954093554,1952.3820656745822,2032.5745849609375,2104540,0.0,0.0,BAJAJFINSV
2025-04-21,2034.3720004108307,2115.8627016801634,2032.9738508344747,2100.68310546875,2642028,0.0,0.0,BAJAJFINSV
2025-04-22,2101.1823477747353,2107.174312644815,2067.2278801776147,2074.218505859375,1447675,0.0,0.0,BAJAJFINSV
2025-04-23,2091.1958736888396,2114.9640512929313,2054.644788113215,2097.98681640625,1483177,0.0,0.0,BAJAJFINSV
2025-04-24,2118.9587038900395,2132.1409787429484,2082.607301570797,2102.18115234375,1465968,0.0,0.0,BAJAJFINSV
2025-04-25,2102.181061992025,2122.154278733042,2020.390715056193,2042.7607421875,1960343,0.0,0.0,BAJAJFINSV
2025-04-28,2037.2682382175078,2091.9949043598153,2037.2682382175078,2046.9552001953125,6311008,0.0,0.0,BAJAJFINSV
2025-04-29,2058.240078398095,2079.211956926169,2026.0832467511207,2064.132080078125,2119823,0.0,0.0,BAJAJFINSV
2025-04-30,2015.4973632853057,2017.2950016534785,1923.920208260112,1948.986572265625,4684518,0.0,0.0,BAJAJFINSV
2025-05-02,1952.3820007639404,1983.9396598731803,1914.6325711168665,1964.0662841796875,1949238,0.0,0.0,BAJAJFINSV
2025-05-05,1962.2687351002653,2033.8726695216826,1956.4764533881823,2023.486572265625,2072898,0.0,0.0,BAJAJFINSV
2025-05-06,2026.183068139,2042.2614838012496,2005.4108732329535,2033.0738525390625,1698230,0.0,0.0,BAJAJFINSV
2025-05-07,2008.6067414960842,2042.7608959310178,2007.0087865110643,2027.581298828125,1078158,0.0,0.0,BAJAJFINSV
2025-05-08,2029.2789035238036,2047.254799322735,1990.231287586383,2003.313720703125,1697652,0.0,0.0,BAJAJFINSV
2025-05-09,1967.36181640625,1996.3229802010628,1960.3711906626743,1967.36181640625,1207361,0.0,0.0,BAJAJFINSV
2025-05-12,2022.1883236698784,2054.8446057066353,2009.1058912777364,2047.654052734375,1057561,0.0,0.0,BAJAJFINSV
2025-05-13,2044.1589545005588,2058.639415175535,2007.9075162398844,2015.497314453125,2217985,0.0,0.0,BAJAJFINSV
2025-05-14,2026.1830754527862,2039.2655085454353,2007.3083605172992,2017.6944580078125,1670853,0.0,0.0,BAJAJFINSV
2025-05-15,2012.4014894064665,2047.6541448796547,1994.0261050659412,2039.1656494140625,2640223,0.0,0.0,BAJAJFINSV
2025-05-16,2051.249291699849,2068.226525370198,2019.2921459674267,2030.8765869140625,1568556,0.0,0.0,BAJAJFINSV
2025-05-19,2036.1697287979036,2050.250823074768,2032.2749269153205,2035.570556640625,1379603,0.0,0.0,BAJAJFINSV
2025-05-20,2044.2587078518468,2044.2587078518468,1992.3283449752976,2002.414794921875,2170575,0.0,0.0,BAJAJFINSV
2025-05-21,2008.8063994429572,2044.2588613769492,1995.5241607162154,2034.5718994140625,1291354,0.0,0.0,BAJAJFINSV
2025-05-22,2034.5717492406218,2039.0657229568885,1989.3323650674663,1998.3203125,1178160,0.0,0.0,BAJAJFINSV
2025-05-23,2003.2138294277966,2045.956440792384,2000.5173719805725,2033.7728271484375,1085026,0.0,0.0,BAJAJFINSV
2025-05-26,2041.2627376909766,2067.2279192858714,2037.4677777720638,2049.851318359375,714431,0.0,0.0,BAJAJFINSV
2025-05-27,2047.2546989011507,2055.243985531009,2011.8022394811553,2027.181640625,1175928,0.0,0.0,BAJAJFINSV
2025-05-28,2042.1616420870205,2042.1616420870205,2015.2976402415788,2019.6917724609375,415312,0.0,0.0,BAJAJFINSV
2025-05-29,2028.679701007044,2030.177692301195,1997.4215672396872,2008.2071533203125,874950,0.0,0.0,BAJAJFINSV
2025-05-30,2008.2071905996359,2028.9792637866935,2008.2071905996359,2014.698486328125,2144136,0.0,0.0,BAJAJFINSV
2025-06-02,2014.6985169664254,2032.9739382281393,1992.4283302118915,2026.282958984375,1339043,0.0,0.0,BAJAJFINSV
2025-06-03,2036.3694116126112,2042.0618518721951,1977.348576954579,1989.232666015625,1522876,0.0,0.0,BAJAJFINSV
2025-06-04,1997.3218293560478,2005.1114332532763,1941.4966598441763,1953.4805908203125,1169875,0.0,0.0,BAJAJFINSV
2025-06-05,1958.3739632814509,1963.267425918852,1926.516657192444,1941.396728515625,1808602,0.0,0.0,BAJAJFINSV
2025-06-06,1965.3645444016959,2015.9966005176007,1918.427484652265,1987.3350830078125,6970191,0.0,0.0,BAJAJFINSV
2025-06-09,1998.3204234933373,2054.94444670065,1988.333814680277,2014.698486328125,4221378,0.0,0.0,BAJAJFINSV
2025-06-10,2019.3920544276323,2025.5838247620911,1985.437585964398,1995.4241943359375,3306765,0.0,0.0,BAJAJFINSV
2025-06-11,2001.316361745594,2026.282883224456,1980.2446419988028,2010.2044677734375,2245988,0.0,0.0,BAJAJFINSV
2025-06-12,2013.300343864264,2056.941775769615,2009.505383739083,2026.083251953125,3783347,0.0,0.0,BAJAJFINSV
2025-06-13,1997.3217372808926,2014.1991303422851,1977.3485199080837,2008.3070068359375,1418715,0.0,0.0,BAJAJFINSV
2025-06-16,2002.3150037670746,2037.2681335086445,1995.3243778187607,2025.48388671875,1645983,0.0,0.0,BAJAJFINSV
2025-06-17,2027.2815052360504,2031.1763068934877,1993.5267200807139,2000.6173095703125,1220096,0.0,0.0,BAJAJFINSV
2025-06-18,1999.3190939738704,2015.2976681514838,1973.154227520767,1978.7467041015625,1401356,0.0,0.0,BAJAJFINSV
2025-06-19,1979.3458286862633,1993.526764165375,1954.7787958599215,1964.965087890625,745887,0.0,0.0,BAJAJFINSV
2025-06-20,1972.1555247982487,1996.223227261348,1962.3685995593373,1983.5401611328125,1931248,0.0,0.0,BAJAJFINSV
2025-06-23,1973.6535234004853,2005.710512901559,1948.0877076385445,1994.9249267578125,1125629,0.0,0.0,BAJAJFINSV
2025-06-24,2016.2963248402157,2029.6784050674783,1996.5227905738436,2006.5093994140625,1717823,0.0,0.0,BAJAJFINSV
2025-06-25,2025.2842141209583,2025.2842141209583,2001.316353598817,2009.10595703125,998245,0.0,0.0,BAJAJFINSV
2025-06-26,2015.297672508716,2055.244108039117,2009.1060237642425,2050.85009765625,1828277,0.0,0.0,BAJAJFINSV
2025-06-27,2058.243682921049,2063.239420015518,2003.290574881895,2042.25732421875,6315182,1.0,0.0,BAJAJFINSV
2025-06-30,2038.2607117886673,2062.2402495744163,2026.2709428957928,2054.2470703125,1363779,0.0,0.0,BAJAJFINSV
2025-07-01,2053.348012731215,2066.7364909273433,2040.8585476967646,2052.049072265625,1002015,0.0,0.0,BAJAJFINSV
2025-07-02,2052.2487815919017,2055.7457975293755,1994.89769582408,2006.1881103515625,1204931,0.0,0.0,BAJAJFINSV
2025-07-03,2006.288003607074,2012.6825714381127,1975.913897884317,1979.01123046875,1133593,0.0,0.0,BAJAJFINSV
2025-07-04,1991.3007542175128,2031.1667595908293,1983.307575073639,1992.6995849609375,1509178,0.0,0.0,BAJAJFINSV
2025-07-07,1995.0976620697709,2015.180501271772,1991.3008530015857,2004.689453125,861699,0.0,0.0,BAJAJFINSV
2025-07-08,1998.2947776309954,2018.8771894473477,1996.9958372390417,2016.5792236328125,986803,0.0,0.0,BAJAJFINSV
2025-07-09,2011.2837634137134,2035.8627656374442,2010.284615990259,2024.67236328125,1161769,0.0,0.0,BAJAJFINSV
2025-07-10,2032.2658344688514,2047.2530456375007,2020.076284838178,2037.6612548828125,1230564,0.0,0.0,BAJAJFINSV
2025-07-11,2035.2632700030535,2038.9600666259903,1998.4945966038383,2015.4801025390625,1145529,0.0,0.0,BAJAJFINSV
2025-07-14,2008.2862914415953,2013.2820284849822,1987.3041958593697,2001.8917236328125,605261,0.0,0.0,BAJAJFINSV
2025-07-15,2008.286265882028,2044.2555721366314,2002.3912718526099,2034.763671875,888117,0.0,0.0,BAJAJFINSV
2025-07-16,2038.360640211254,2041.9575465530565,2016.3793968303908,2034.26416015625,633132,0.0,0.0,BAJAJFINSV
2025-07-17,2035.8627286022192,2045.7543123077235,2018.5775516706428,2024.772216796875,458912,0.0,0.0,BAJAJFINSV
2025-07-18,2028.1694219260878,2037.161748926332,2005.5887140742786,2027.86962890625,995783,0.0,0.0,BAJAJFINSV
2025-07-21,2025.1718246698258,2054.2469886864906,2015.879705360578,2052.148681640625,999643,0.0,0.0,BAJAJFINSV
2025-07-22,2046.154056481174,2047.2530942664,2013.4818621777058,2037.861083984375,1214275,0.0,0.0,BAJAJFINSV
2025-07-23,2045.9540288892078,2061.4408131857226,2031.965965653646,2058.7431640625,878101,0.0,0.0,BAJAJFINSV
2025-07-24,2058.7432917190285,2058.8433040356126,2023.2735577437672,2030.5673828125,658995,0.0,0.0,BAJAJFINSV
2025-07-25,1997.2956303402689,1998.2947777291333,1931.2520123295676,1984.10693359375,4102292,0.0,0.0,BAJAJFINSV
2025-07-28,1988.3033189817295,2021.2751830653463,1969.4194087951385,1976.11376953125,1469727,0.0,0.0,BAJAJFINSV
2025-07-29,1976.1138527508294,1982.808091802619,1942.142839840127,1970.918212890625,847965,0.0,0.0,BAJAJFINSV
2025-07-30,1971.0180544559114,1987.4040964358041,1943.441610227731,1958.129150390625,932988,0.0,0.0,BAJAJFINSV
2025-07-31,1951.43473861238,1966.621852085851,1939.4449699594347,1946.339111328125,985553,0.0,0.0,BAJAJFINSV
2025-08-01,1943.3417420833935,1976.213716766895,1909.5705103239322,1914.666259765625,836974,0.0,0.0,BAJAJFINSV
2025-08-04,1921.3604778166434,1942.742256877221,1921.3604778166434,1931.951416015625,982532,0.0,0.0,BAJAJFINSV
2025-08-05,1928.4544619928029,1941.0436954247784,1914.366507391158,1937.74658203125,1101680,0.0,0.0,BAJAJFINSV
2025-08-06,1937.7465136662868,1945.0402165882738,1910.5696309020204,1922.359619140625,875588,0.0,0.0,BAJAJFINSV
2025-08-07,1918.0632555765044,1931.252074715299,1888.9880900145697,1912.3681640625,905353,0.0,0.0,BAJAJFINSV
2025-08-08,1913.3673502358401,1928.0547688375773,1904.774706633251,1917.563720703125,507893,0.0,0.0,BAJAJFINSV
2025-08-11,1916.3646882871035,1938.146150110437,1901.477367827393,1921.16064453125,1489228,0.0,0.0,BAJAJFINSV
2025-08-12,1923.3587972772946,1932.6509171363505,1902.376701306997,1906.373291015625,899579,0.0,0.0,BAJAJFINSV
2025-08-13,1912.3681389091782,1918.3630233571694,1891.2861529936567,1912.767822265625,710014,0.0,0.0,BAJAJFINSV
2025-08-14,1912.7677898660604,1937.446681639104,1910.8693854297721,1923.4586181640625,765742,0.0,0.0,BAJAJFINSV
2025-08-18,1948.3375015431009,2015.2803798012485,1948.3375015431009,1991.8004150390625,1473915,0.0,0.0,BAJAJFINSV
2025-08-19,1992.2998944929216,1995.8968007015678,1963.1248395085058,1970.5184326171875,1389770,0.0,0.0,BAJAJFINSV
2025-08-20,1971.118056928089,1974.8148535542687,1947.5380805066907,1956.8302001953125,1461680,0.0,0.0,BAJAJFINSV
2025-08-21,1982.3084793244948,1996.296543190696,1972.8165788438585,1978.3118896484375,2346236,0.0,0.0,BAJAJFINSV
2025-08-22,1973.3160938022074,1975.6141815840151,1961.8258988256375,1964.223876953125,709444,0.0,0.0,BAJAJFINSV
2025-08-25,1957.4296664154265,1966.1223220616253,1951.3348916080547,1962.125732421875,869509,0.0,0.0,BAJAJFINSV
2025-08-26,1958.3289752500882,1961.7261009269332,1915.9650995555119,1922.5594482421875,1179819,0.0,0.0,BAJAJFINSV
2025-08-28,1918.3630661165184,1938.0462217063225,1908.9710558787417,1915.965087890625,985012,0.0,0.0,BAJAJFINSV
2025-08-29,1921.4603208217245,1929.4534999396692,1908.3715144093364,1911.8685302734375,735268,0.0,0.0,BAJAJFINSV
2025-09-01,1917.2640153531981,1944.3408861368825,1911.3690211612827,1941.843017578125,590079,0.0,0.0,BAJAJFINSV
2025-09-02,1943.3416908338922,1957.0299614121407,1936.9471230877728,1954.232421875,907972,0.0,0.0,BAJAJFINSV
2025-09-03,1948.3374570843157,1970.3187001898823,1948.3374570843157,1964.4237060546875,934230,0.0,0.0,BAJAJFINSV
2025-09-04,1983.307633046706,2032.0660760360624,1969.3195691360493,2000.492919921875,2459026,0.0,0.0,BAJAJFINSV
2025-09-05,2012.1830434700669,2022.074627468489,2000.3930549521513,2012.6826171875,1077230,0.0,0.0,BAJAJFINSV
2025-09-08,2012.6826287843635,2024.6723980718402,2004.3896562406958,2006.687744140625,338055,0.0,0.0,BAJAJFINSV
2025-09-09,2010.28465448491,2037.2616354347572,2010.28465448491,2023.5733642578125,1240640,0.0,0.0,BAJAJFINSV
2025-09-10,2033.3648256924037,2045.2547040073346,2024.8720728912008,2036.462158203125,927634,0.0,0.0,BAJAJFINSV
2025-09-11,2036.2624027639717,2047.0532434787538,2026.6706121098516,2036.0626220703125,720797,0.0,0.0,BAJAJFINSV
2025-09-12,2034.3640248177144,2087.218947400275,2032.5656326526407,2079.725341796875,1546838,0.0,0.0,BAJAJFINSV
2025-09-15,2076.228267728365,2095.212068058894,2066.2367938701923,2078.2265625,1014957,0.0,0.0,BAJAJFINSV
2025-09-16,2083.222311140748,2103.1052466573055,2075.828718017121,2078.5263671875,928203,0.0,0.0,BAJAJFINSV
2025-09-17,2086.2199093415775,2088.218204273897,2053.1480306386948,2055.246337890625,1199866,0.0,0.0,BAJAJFINSV
2025-09-18,2064.23856806069,2073.2308948334617,2043.2564722575562,2067.435791015625,904666,0.0,0.0,BAJAJFINSV
2025-09-19,2067.2360995557096,2075.4290599602987,2051.949094595601,2065.53759765625,1973991,0.0,0.0,BAJAJFINSV
2025-09-22,2065.537520154976,2080.224938513605,2060.541783030784,2067.735595703125,633360,0.0,0.0,BAJAJFINSV
2025-09-23,2066.2368824772757,2090.216420765213,2066.2368824772757,2082.622802734375,1177350,0.0,0.0,BAJAJFINSV
2025-09-24,2082.323233921143,2087.019178004873,2061.1411134881896,2067.435791015625,602541,0.0,0.0,BAJAJFINSV
2025-09-25,2067.4358315023205,2072.23178799488,2030.667278935579,2033.864501953125,952122,0.0,0.0,BAJAJFINSV
2025-09-26,2038.260739317598,2045.7543449768539,1994.3981431321727,2001.4920654296875,754739,0.0,0.0,BAJAJFINSV
2025-09-29,2006.1881512207303,2029.2684324849927,1993.1992346169366,2022.9737548828125,2005041,0.0,0.0,BAJAJFINSV
2025-09-30,2023.2735711631767,2034.6638764014915,1999.2940325419834,2004.689453125,924425,0.0,0.0,BAJAJFINSV
2025-10-01,2007.1872227998979,2012.2828501124968,1977.812265043539,2005.288818359375,683568,0.0,0.0,BAJAJFINSV
2025-10-03,2014.7807671145058,2015.2803408231878,1966.3221173723518,1999.194091796875,789048,0.0,0.0,BAJAJFINSV
2025-10-06,1994.3980867769556,2040.4587572010757,1993.398939383954,2031.4664306640625,821515,0.0,0.0,BAJAJFINSV
2025-10-07,2036.9618404302796,2054.6467013603365,2027.270159033128,2030.8670654296875,641471,0.0,0.0,BAJAJFINSV
2025-10-08,2029.767941550532,2036.4621803389275,2003.290535470744,2011.8831787109375,369526,0.0,0.0,BAJAJFINSV
2025-10-09,2011.8831768204516,2024.172738606016,2003.2905335883322,2012.88232421875,437357,0.0,0.0,BAJAJFINSV
2025-10-10,2012.8823315838251,2024.272636359351,1999.493732004391,2002.5911865234375,772401,0.0,0.0,BAJAJFINSV
2025-10-13,2002.3913383528436,2023.2735440151864,1994.8977326342688,2018.677490234375,1013809,0.0,0.0,BAJAJFINSV
2025-10-14,2023.1736555920836,2035.0635344034588,2004.8892088348543,2017.6783447265625,668246,0.0,0.0,BAJAJFINSV
2025-10-15,2022.7739581939802,2087.019186289872,2018.3776851388145,2082.3232421875,1497249,0.0,0.0,BAJAJFINSV
2025-10-16,2076.7279922732796,2098.2096626287644,2076.228418544082,2088.41796875,1424932,0.0,0.0,BAJAJFINSV
2025-10-17,2088.2180171028494,2102.206080375309,2075.2291012069945,2081.92333984375,609393,0.0,0.0,BAJAJFINSV
2025-10-20,2086.219703510283,2147.6672666165487,2086.219703510283,2137.9755859375,1844869,0.0,0.0,BAJAJFINSV
2025-10-21,2148.166919425156,2182.137931174205,2132.180560955015,2167.250732421875,367784,0.0,0.0,BAJAJFINSV
2025-10-23,2168.149914181759,2193.128599829014,2157.2593048125464,2174.744384765625,1291839,0.0,0.0,BAJAJFINSV
2025-10-24,2174.7444546516363,2182.1380482678283,2142.7717359956973,2157.658935546875,517200,0.0,0.0,BAJAJFINSV
2025-10-27,2157.658781126046,2176.642581469364,2148.066868642751,2168.349609375,433573,0.0,0.0,BAJAJFINSV
2025-10-28,2170.1481806549405,2186.833893662616,2121.2899697408093,2138.375244140625,1200996,0.0,0.0,BAJAJFINSV
2025-10-29,2148.1668946226455,2148.1668946226455,2122.38884310068,2135.177978515625,343434,0.0,0.0,BAJAJFINSV
2025-10-30,2138.1753646811453,2144.1702488811857,2099.5084103773756,2112.797119140625,488305,0.0,0.0,BAJAJFINSV
2025-10-31,2113.1967176221406,2127.0847686897914,2083.621857476286,2086.51953125,586237,0.0,0.0,BAJAJFINSV
2025-11-03,2084.221590681185,2098.2096550481724,2068.235231404627,2079.825439453125,546962,0.0,0.0,BAJAJFINSV
2025-11-04,2085.2206561673947,2097.0106444568964,2059.742397071914,2071.432373046875,610128,0.0,0.0,BAJAJFINSV
2025-11-06,2077.22749606638,2078.6262048880467,2055.4460334202176,2061.44091796875,1175380,0.0,0.0,BAJAJFINSV
2025-11-07,2058.2436579304413,2110.199323082083,2041.058371320623,2100.307861328125,839091,0.0,0.0,BAJAJFINSV
2025-11-10,2112.8968684238716,2124.9866490243517,2094.512654616201,2116.493896484375,985115,0.0,0.0,BAJAJFINSV
2025-11-11,2083.2223242508744,2097.210387818986,1950.735403706152,1987.703857421875,4943745,0.0,0.0,BAJAJFINSV
2025-11-12,2007.7866940480783,2037.2615422562983,1993.2990567931904,2033.7645263671875,2396251,0.0,0.0,BAJAJFINSV
2025-11-13,2043.2563755648023,2070.6329159822694,2030.5672527279833,2054.44677734375,1839900,0.0,0.0,BAJAJFINSV
2025-11-14,2048.2522401124997,2070.2334836649266,2042.457136207637,2064.038818359375,1433249,0.0,0.0,BAJAJFINSV
2025-11-17,2064.0388647491327,2079.325869622486,2053.248023430737,2077.8271484375,817576,0.0,0.0,BAJAJFINSV
2025-11-18,2071.232513287397,2073.7303817308216,2045.2546814757848,2048.451904296875,734236,0.0,0.0,BAJAJFINSV
2025-11-19,2057.644011382183,2057.644011382183,2033.2649129473484,2048.451904296875,704802,0.0,0.0,BAJAJFINSV
2025-11-20,2062.939674252078,2103.2053649422187,2041.158333201067,2093.8134765625,1576354,0.0,0.0,BAJAJFINSV
2025-11-21,2098.209663087349,2098.209663087349,2043.3564432162455,2050.650146484375,1019782,0.0,0.0,BAJAJFINSV
2025-11-24,2062.2402486512337,2062.2402486512337,2024.0728664791636,2029.068603515625,1422874,0.0,0.0,BAJAJFINSV
2025-11-25,2037.261540010046,2049.7508824573856,2024.6723072163747,2028.468994140625,688300,0.0,0.0,BAJAJFINSV
2025-11-26,2033.2648851306178,2086.7192690885972,2029.1684053326917,2083.322265625,928388,0.0,0.0,BAJAJFINSV
2025-11-27,2083.322316912542,2116.19416841455,2073.830416723714,2101.40673828125,1125896,0.0,0.0,BAJAJFINSV
2025-11-28,2108.2009575815573,2111.1983997013417,2084.720994309914,2092.214599609375,590610,0.0,0.0,BAJAJFINSV
2025-12-01,2100.70744927937,2104.104452932325,2073.2308952459894,2080.025146484375,533604,0.0,0.0,BAJAJFINSV
2025-12-02,2068.3350417807214,2079.7252240801918,2057.743982221069,2064.138427734375,682583,0.0,0.0,BAJAJFINSV
2025-12-03,2064.1385512601946,2070.633009470861,2033.2649936470934,2044.255615234375,785536,0.0,0.0,BAJAJFINSV
2025-12-04,2044.2556578447452,2060.1420045335967,2032.265888590524,2047.452880859375,758590,0.0,0.0,BAJAJFINSV
2025-12-05,2048.252289669911,2108.201137172445,2044.0559191312307,2094.712646484375,1742156,0.0,0.0,BAJAJFINSV
2025-12-08,2098.2095998059394,2103.1053246324955,2036.76203295448,2057.4443359375,904146,0.0,0.0,BAJAJFINSV
2025-12-09,2048.2522209187755,2080.025157815133,2037.2615992455528,2067.735595703125,1176704,0.0,0.0,BAJAJFINSV
2025-12-10,2068.235188796524,2096.411097654503,2058.243714454512,2064.038818359375,937777,0.0,0.0,BAJAJFINSV
2025-12-11,2078.2266631385364,2080.924312424384,2048.2522401124997,2064.038818359375,624077,0.0,0.0,BAJAJFINSV
2025-12-12,2074.0301500548608,2091.2154359546657,2067.435679869692,2081.323974609375,554885,0.0,0.0,BAJAJFINSV
2025-12-15,2078.126506798223,2079.0258857861604,2059.2427191735464,2068.734619140625,483403,0.0,0.0,BAJAJFINSV
2025-12-16,2064.338522425669,2066.037024204128,2027.2700566410583,2033.4647216796875,506106,0.0,0.0,BAJAJFINSV
2025-12-17,2033.4647482290277,2042.2572941724288,2009.8848938832978,2019.4766845703125,398342,0.0,0.0,BAJAJFINSV
2025-12-18,2018.2778320968464,2036.2624860462242,2010.884116635521,2024.572509765625,438810,0.0,0.0,BAJAJFINSV
2025-12-19,2017.2785909294796,2053.2478971570486,2016.1795531879955,2042.0574951171875,1104767,0.0,0.0,BAJAJFINSV
2025-12-22,2042.357276593974,2052.1488484167608,2035.463134800984,2048.052490234375,1038998,0.0,0.0,BAJAJFINSV
2025-12-23,2047.2530788385484,2055.7458319718467,2040.2590468464207,2045.854248046875,677615,0.0,0.0,BAJAJFINSV
2025-12-24,2046.7534912398044,2062.739849970503,2022.5741724461172,2033.96435546875,1344198,0.0,0.0,BAJAJFINSV
2025-12-26,2033.9643042072628,2033.9643042072628,2003.6902113037347,2015.8797607421875,1755050,0.0,0.0,BAJAJFINSV
2025-12-29,2018.2778105823759,2024.6723785339045,1995.4972003695048,2010.384521484375,1415166,0.0,0.0,BAJAJFINSV
2025-12-30,2010.284615990259,2046.054142536422,1978.7115818023476,2024.67236328125,5450560,0.0,0.0,BAJAJFINSV
2025-12-31,2028.469085317366,2044.5554566855865,2008.6860391713017,2038.160888671875,1377422,0.0,0.0,BAJAJFINSV
2026-01-01,2043.2564850677504,2047.0532940709977,2026.0711981363165,2035.2633056640625,270917,0.0,0.0,BAJAJFINSV
2026-01-02,2028.3691370674355,2048.252194963007,2024.8721211248157,2036.662109375,893818,0.0,0.0,BAJAJFINSV
2026-01-05,2038.2606704073949,2044.1556643866238,2028.2691965328488,2037.4613037109375,656058,0.0,0.0,BAJAJFINSV
2026-01-06,2043.156604539012,2080.224949808539,2039.0601244681798,2042.8568115234375,1236924,0.0,0.0,BAJAJFINSV
2026-01-07,2038.2606719904838,2040.2589667669452,2019.2768716141018,2030.1676025390625,653557,0.0,0.0,BAJAJFINSV
2026-01-08,2019.2769151242192,2027.369984750025,1987.5039787073683,2007.187255859375,756940,0.0,0.0,BAJAJFINSV
2026-01-09,2007.1872259607758,2012.4826339738806,1979.510769942954,1990.7012939453125,1143760,0.0,0.0,BAJAJFINSV
2026-01-12,1990.3016591950077,2004.6894064258095,1970.918174867833,1997.19580078125,996702,0.0,0.0,BAJAJFINSV
2026-01-13,1997.195789484366,2014.281185864073,1989.3025005234965,2009.4852294921875,1216677,0.0,0.0,BAJAJFINSV
2026-01-14,2001.7918506887738,2014.081412708846,1991.9002668636228,1999.194091796875,1062849,0.0,0.0,BAJAJFINSV
2026-01-15,1999.194091796875,1999.194091796875,1999.194091796875,1999.194091796875,0,0.0,0.0,BAJAJFINSV
2026-01-16,2011.0839919044731,2031.2667211639748,1998.8943201028899,2000.792724609375,1177279,0.0,0.0,BAJAJFINSV
2026-01-19,1993.299101962284,2024.1727816190078,1990.3016597036942,2016.0797119140625,587791,0.0,0.0,BAJAJFINSV
2026-01-20,2015.280373459008,2016.5793139091113,1948.5372761117478,1957.030029296875,1572563,0.0,0.0,BAJAJFINSV
2026-01-21,1963.224740881384,1971.9172744316231,1934.948820815632,1958.22900390625,894555,0.0,0.0,BAJAJFINSV
2026-01-22,1968.1205738033746,1995.197443626778,1963.3246175541533,1991.400634765625,1067186,0.0,0.0,BAJAJFINSV
2026-01-23,1991.4006321997276,1993.1991462824267,1941.4432628606835,1947.3382568359375,1046873,0.0,0.0,BAJAJFINSV
2026-01-27,1948.5372322657506,1969.8191209078564,1901.7772066078119,1916.06494140625,4700126,0.0,0.0,BAJAJFINSV
2026-01-28,1922.359600521877,1942.4424388991545,1918.462901262707,1938.645751953125,1605973,0.0,0.0,BAJAJFINSV
2026-01-29,1925.357100502637,1955.1317427478657,1919.4621062635326,1946.4390869140625,884350,0.0,0.0,BAJAJFINSV
2026-01-30,1926.8557528183044,1954.9317702472997,1925.3570317245903,1950.9351806640625,1342205,0.0,0.0,BAJAJFINSV
2026-02-02,1906.3732128614463,1935.4483774064952,1874.9999605416535,1928.454345703125,1183196,0.0,0.0,BAJAJFINSV
2026-02-03,2017.9780408867566,2043.756093690468,1984.6066138793228,2010.9840087890625,1358926,0.0,0.0,BAJAJFINSV
2026-02-04,1991.3007554808187,2030.9668582209624,1983.407466677989,2017.8780517578125,1078917,0.0,0.0,BAJAJFINSV
2026-02-05,2006.3879549307835,2020.0763480730493,1990.7013888697188,1998.394775390625,857399,0.0,0.0,BAJAJFINSV
2026-02-06,1998.3946931136577,2025.6714659579181,1981.309296943249,2022.47412109375,1257237,0.0,0.0,BAJAJFINSV
2026-02-09,2025.1718670779785,2030.2674943684322,2017.0787976206425,2022.873779296875,431032,0.0,0.0,BAJAJFINSV
2026-02-10,2025.27176346182,2032.1659048594508,2018.1778413722948,2026.1710205078125,717899,0.0,0.0,BAJAJFINSV
2026-02-11,2030.2675877605452,2048.2522415891326,2020.2761134113298,2025.2718505859375,538669,0.0,0.0,BAJAJFINSV
2026-02-12,2023.2734999436418,2040.1591155216038,2010.384473995198,2035.3631591796875,637754,0.0,0.0,BAJAJFINSV
2026-02-13,2033.2649637197997,2033.2649637197997,2010.9839278615848,2021.4749755859375,756233,0.0,0.0,BAJAJFINSV
2026-02-16,2021.47503215525,2053.2479692246375,2020.4758847249702,2049.1513671875,812257,0.0,0.0,BAJAJFINSV
2026-02-17,2043.2564464725806,2050.8500643356388,2033.2649724067,2042.656982421875,252282,0.0,0.0,BAJAJFINSV
2026-02-18,2038.260727388795,2064.1385478743196,2038.260727388795,2058.84326171875,611189,0.0,0.0,BAJAJFINSV
2026-02-19,2066.236808727007,2066.236808727007,2023.2734708279445,2031.4664306640625,659450,0.0,0.0,BAJAJFINSV
2026-02-20,2031.4663956531022,2062.140171303111,2019.3767367993885,2056.744873046875,459679,0.0,0.0,BAJAJFINSV
2026-02-23,2048.2520967223327,2067.2358966431734,2038.060842393426,2049.850830078125,1070139,0.0,0.0,BAJAJFINSV
2026-02-24,2038.2607481076504,2048.25222236308,2030.3674590526132,2041.5579833984375,1054129,0.0,0.0,BAJAJFINSV
2026-02-25,2048.2522108527673,2073.130884035989,2041.25817891327,2047.5528564453125,508162,0.0,0.0,BAJAJFINSV
2026-02-26,2055.2462582068406,2062.040509499805,2026.2709828116058,2039.5596923828125,493126,0.0,0.0,BAJAJFINSV
2026-02-27,2020.9753849155304,2037.8610002661928,1984.9061883879076,1991.700439453125,1323479,0.0,0.0,BAJAJFINSV
2026-03-02,1948.337454413789,1988.3033509145844,1925.3570639258312,1940.244384765625,1595247,0.0,0.0,BAJAJFINSV
2026-03-04,1907.7720470904546,1907.7720470904546,1858.613922419826,1887.689208984375,2209959,0.0,0.0,BAJAJFINSV
2026-03-05,1896.1819803757844,1916.2648186787883,1877.2980701636748,1910.1700439453125,1515601,0.0,0.0,BAJAJFINSV
2026-03-06,1907.2725374890751,1907.2725374890751,1863.409941287505,1867.306640625,2267317,0.0,0.0,BAJAJFINSV
2026-03-09,1837.531953494493,1843.0272641781876,1800.463609457728,1839.929931640625,1009617,0.0,0.0,BAJAJFINSV
2026-03-10,1843.5269214805492,1872.2025262556424,1838.8309772880161,1866.2076416015625,885047,0.0,0.0,BAJAJFINSV
2026-03-11,1859.413345787184,1873.2016289486726,1789.473026493738,1793.7694091796875,1298364,0.0,0.0,BAJAJFINSV
2026-03-12,1785.3765321180479,1792.870137696388,1761.5967749629538,1769.290283203125,1095963,0.0,0.0,BAJAJFINSV
2026-03-13,1758.5993217158425,1777.6830127425621,1724.628309973493,1736.5181884765625,1390698,0.0,0.0,BAJAJFINSV
2026-03-16,1736.5181576748741,1782.4789374522297,1727.525831196696,1772.3875732421875,2085547,0.0,0.0,BAJAJFINSV
2026-03-17,1774.0861467258524,1781.0801787138191,1755.5020289796457,1773.1868896484375,1259526,0.0,0.0,BAJAJFINSV
2026-03-18,1772.2876858805525,1801.4627408279334,1768.4908770191028,1790.2723388671875,1467841,0.0,0.0,BAJAJFINSV
2026-03-19,1774.4857467305494,1776.484041490381,1700.6487309615216,1713.4378662109375,1354973,0.0,0.0,BAJAJFINSV
2026-03-20,1722.5301901150672,1732.5216645356882,1701.3483131298467,1708.8419189453125,2626283,0.0,0.0,BAJAJFINSV
2026-03-23,1698.3508647451185,1698.550645446322,1661.2823972038568,1674.071533203125,2207925,0.0,0.0,BAJAJFINSV
2026-03-24,1708.542100613467,1712.5386903225044,1669.9750343145045,1702.9468994140625,1775627,0.0,0.0,BAJAJFINSV
2026-03-25,1719.3329346638222,1763.49520198366,1716.1355897297747,1744.711181640625,1865278,0.0,0.0,BAJAJFINSV
2026-03-27,1737.1177241999574,1737.1177241999574,1678.6675986433588,1693.255126953125,2522237,0.0,0.0,BAJAJFINSV
2026-03-30,1673.571933359396,1684.662445360351,1625.6128570601418,1630.4088134765625,3272392,0.0,0.0,BAJAJFINSV
2026-04-01,1677.5685431104614,1681.6650232000918,1640.6000880210706,1645.5958251953125,1796540,0.0,0.0,BAJAJFINSV
2026-04-02,1633.6060558691738,1645.0962513691711,1595.6384533474438,1639.3011474609375,2284337,0.0,0.0,BAJAJFINSV
2026-04-06,1633.6060202860226,1677.468616110803,1622.2157153843589,1670.874267578125,1215027,0.0,0.0,BAJAJFINSV
2026-04-07,1658.684657435096,1690.7572661884592,1623.614606331582,1682.9639892578125,2860538,0.0,0.0,BAJAJFINSV
2026-04-08,1750.006735448129,1807.457713060614,1750.006735448129,1783.0784912109375,2059323,0.0,0.0,BAJAJFINSV
2026-04-09,1783.0784871292315,1790.9717762546477,1755.5020423316128,1766.19287109375,1510841,0.0,0.0,BAJAJFINSV
2026-04-10,1776.2843391627096,1813.3526841996327,1774.585715362177,1807.657470703125,983497,0.0,0.0,BAJAJFINSV
2026-04-13,1772.987107360301,1790.5720776638927,1746.8094935867289,1786.775390625,1243242,0.0,0.0,BAJAJFINSV
2026-04-15,1813.4525672807445,1837.6318860579927,1812.6532005582578,1824.243408203125,1066065,0.0,0.0,BAJAJFINSV
2026-04-16,1834.2348377777653,1853.3185286420262,1821.4457023265538,1828.33984375,1035217,0.0,0.0,BAJAJFINSV
2026-04-17,1827.2407891105013,1843.926501677579,1810.1552712293665,1837.3321533203125,487836,0.0,0.0,BAJAJFINSV
2026-04-20,1838.3313040676992,1849.0221323356743,1818.8479299964715,1829.0391845703125,903716,0.0,0.0,BAJAJFINSV
2026-04-21,1825.74210509431,1853.4184394740862,1823.4440172723491,1849.821533203125,952364,0.0,0.0,BAJAJFINSV
2026-04-22,1845.4252152260076,1858.4141311967376,1833.4354466376417,1841.3287353515625,739941,0.0,0.0,BAJAJFINSV
2026-04-23,1819.9470403396558,1828.4397934787648,1784.4773066410241,1791.0716552734375,910293,0.0,0.0,BAJAJFINSV
2026-04-24,1791.1715511033121,1798.3654857876056,1755.8018296122664,1769.1903076171875,920624,0.0,0.0,BAJAJFINSV
2026-04-27,1779.481510707293,1796.4670164243194,1763.4951523853856,1770.68896484375,1267827,0.0,0.0,BAJAJFINSV
2026-04-28,1770.5891347131565,1789.2732648170518,1756.2013873408825,1777.4832763671875,1414112,0.0,0.0,BAJAJFINSV
2026-04-29,1776.4840837384932,1792.3705518502115,1759.2987971817354,1762.69580078125,699788,0.0,0.0,BAJAJFINSV
2026-04-30,1775.6847498121554,1792.9700490013947,1717.2346256179055,1745.7103271484375,2574629,0.0,0.0,BAJAJFINSV
2026-05-01,1745.7103271484375,1745.7103271484375,1745.7103271484375,1745.7103271484375,0,0.0,0.0,BAJAJFINSV
2026-05-04,1747.7086264176003,1785.476447856002,1745.6104412190755,1768.890625,1720030,0.0,0.0,BAJAJFINSV
2026-05-05,1758.4994697430436,1797.4662193566678,1740.6147064245683,1793.0699462890625,1270233,0.0,0.0,BAJAJFINSV
2026-05-06,1808.4568227372963,1837.2323171010478,1796.566944095113,1834.5345458984375,1059177,0.0,0.0,BAJAJFINSV
2026-05-07,1848.0230337219898,1848.0230337219898,1815.0511690389217,1822.9444580078125,945912,0.0,0.0,BAJAJFINSV
2026-05-08,1822.9444209175997,1825.6420700957415,1800.9631782427919,1816.749755859375,719570,0.0,0.0,BAJAJFINSV
2026-05-11,1802.6617624860737,1812.4534561847033,1784.477327864322,1792.6702880859375,541986,0.0,0.0,BAJAJFINSV
2026-05-12,1782.2792501130941,1789.4730628859386,1740.0152646654728,1743.3125,1041932,0.0,0.0,BAJAJFINSV
2026-05-13,1747.408974097865,1756.5011913664114,1724.5284734348272,1727.426025390625,666278,0.0,0.0,BAJAJFINSV
2026-05-14,1733.6206810948938,1741.5139701837536,1711.8393403044674,1738.71630859375,2086133,0.0,0.0,BAJAJFINSV
2026-05-15,1733.6206186709928,1754.3030429033702,1720.4319218587038,1726.6265869140625,2347840,0.0,0.0,BAJAJFINSV
2026-05-18,1713.5378537391387,1757.5003409487726,1692.3559768700839,1751.6053466796875,1199186,0.0,0.0,BAJAJFINSV
2026-05-19,1743.712051772985,1763.495219738416,1741.5139762062659,1748.3082275390625,640335,0.0,0.0,BAJAJFINSV
2026-05-20,1731.0229340632934,1778.48243730601,1724.5284757248164,1770.4892578125,779574,0.0,0.0,BAJAJFINSV
2026-05-21,1779.4815490738413,1782.8786746837375,1744.5113894906947,1750.7060546875,479195,0.0,0.0,BAJAJFINSV
2026-05-22,1758.499500106172,1777.4833015277727,1755.5020577764456,1764.494384765625,392442,0.0,0.0,BAJAJFINSV
2026-05-25,1783.4780829625602,1810.2552816781272,1781.4797881917336,1805.8590087890625,456676,0.0,0.0,BAJAJFINSV
2026-05-26,1805.8590336055663,1811.2544539541893,1794.6685095554158,1799.1646728515625,811184,0.0,0.0,BAJAJFINSV
2026-05-27,1804.460284503251,1813.9521852246135,1792.9700888931804,1807.5576171875,339636,0.0,0.0,BAJAJFINSV
2026-05-28,1807.5576171875,1807.5576171875,1807.5576171875,1807.5576171875,0,0.0,0.0,BAJAJFINSV
2026-05-29,1799.464535514447,1816.050358589017,1775.3851066562247,1782.079345703125,1445842,0.0,0.0,BAJAJFINSV
2026-06-01,1793.3696971144782,1804.16041588158,1754.502838764545,1757.400390625,399937,0.0,0.0,BAJAJFINSV
2026-06-02,1746.609521906023,1753.5036632659562,1712.6385107658277,1739.915283203125,1004282,0.0,0.0,BAJAJFINSV
2026-06-03,1737.51731826786,1740.4148701038769,1706.643639398203,1732.9212646484375,561611,0.0,0.0,BAJAJFINSV
2026-06-04,1731.522456210543,1732.721384312365,1704.0459025199546,1708.34228515625,767631,0.0,0.0,BAJAJFINSV
2026-06-05,1718.5335278392995,1739.0160495373843,1696.5522850413552,1701.747802734375,1414054,0.0,0.0,BAJAJFINSV
2026-06-08,1682.564251330137,1694.5540203419907,1660.5830081417387,1673.1722412109375,757180,0.0,0.0,BAJAJFINSV
2026-06-09,1681.2653364458874,1695.35341282186,1671.673545483914,1691.656494140625,567616,0.0,0.0,BAJAJFINSV
2026-06-10,1687.7598140358675,1698.450764869057,1658.9844408212925,1662.7811279296875,525263,0.0,0.0,BAJAJFINSV
2026-06-11,1654.6880092581198,1657.1858777951215,1639.101333980477,1643.6973876953125,589370,0.0,0.0,BAJAJFINSV
2026-06-12,1667.5770730109987,1690.5574640710663,1647.7939049640966,1687.659912109375,1486234,0.0,0.0,BAJAJFINSV
2026-06-15,1712.538675896267,1759.5984949305073,1708.5420862208964,1748.707763671875,2002931,0.0,0.0,BAJAJFINSV
2026-06-16,1753.5037344376235,1800.2638828091224,1749.607035078959,1785.7762451171875,2043227,0.0,0.0,BAJAJFINSV
2026-06-17,1790.4721218478398,1792.470416626688,1750.106542921863,1763.095458984375,903580,0.0,0.0,BAJAJFINSV
2026-06-18,1768.2911705807978,1773.486688430832,1748.508002678285,1770.189453125,1011360,0.0,0.0,BAJAJFINSV
2026-06-19,1769.2903102814669,1772.4875332573297,1750.506289891117,1767.8914794921875,837089,0.0,0.0,BAJAJFINSV
2026-06-22,1766.5924661932565,1785.1765831522573,1759.8982275034027,1780.680419921875,1828102,0.0,0.0,BAJAJFINSV
2026-06-23,1792.4705151436349,1797.3663620141426,1758.3996116849332,1763.4952392578125,885946,0.0,0.0,BAJAJFINSV
2026-06-24,1755.6018601996082,1790.6719093077038,1751.6052706268056,1778.98193359375,891924,0.0,0.0,BAJAJFINSV
2026-06-25,1788.4738270689918,1791.4712692372639,1759.2987720843041,1763.095458984375,1108117,0.0,0.0,BAJAJFINSV
2026-06-26,1763.095458984375,1763.095458984375,1763.095458984375,1763.095458984375,0,0.0,0.0,BAJAJFINSV
2026-06-29,1763.0954568057887,1785.4763826944782,1753.6035566179892,1757.800048828125,1565424,0.0,0.0,BAJAJFINSV
2026-06-30,1760.0,1799.0,1754.199951171875,1780.199951171875,1234164,1.5,0.0,BAJAJFINSV
2026-07-01,1760.0,1809.4000244140625,1741.5,1797.5999755859375,1768906,0.0,0.0,BAJAJFINSV
2026-07-02,1804.0,1862.0,1801.5,1855.699951171875,1786876,0.0,0.0,BAJAJFINSV
2026-07-03,1885.0,1916.0,1870.5999755859375,1895.5999755859375,2036834,0.0,0.0,BAJAJFINSV
2026-07-06,1885.0999755859375,1904.5999755859375,1863.0999755859375,1870.699951171875,1228228,0.0,0.0,BAJAJFINSV
2026-07-07,1871.800048828125,1899.0,1871.800048828125,1885.300048828125,877577,0.0,0.0,BAJAJFINSV
2026-07-08,1867.0,1890.800048828125,1841.5,1854.9000244140625,1439841,0.0,0.0,BAJAJFINSV
2026-07-09,1856.0,1911.9000244140625,1850.0,1895.0,2049967,0.0,0.0,BAJAJFINSV
2026-07-10,1905.300048828125,1920.5,1893.4000244140625,1916.0,822344,0.0,0.0,BAJAJFINSV
2026-07-13,1900.0,1912.0,1884.4000244140625,1908.0999755859375,1002460,0.0,0.0,BAJAJFINSV
2026-07-14,1884.4000244140625,1899.0,1861.0,1869.199951171875,1811978,0.0,0.0,BAJAJFINSV
2026-07-15,1875.0,1892.5999755859375,1843.4000244140625,1849.5999755859375,595343,0.0,0.0,BAJAJFINSV
2026-07-16,1843.5999755859375,1856.5999755859375,1827.699951171875,1838.5999755859375,1669077,0.0,0.0,BAJAJFINSV
2026-07-17,1836.0,1871.699951171875,1822.0,1854.0,705632,0.0,0.0,BAJAJFINSV
2026-07-20,1852.0999755859375,1871.5999755859375,1838.800048828125,1861.5,1397352,0.0,0.0,BAJAJFINSV
2026-07-21,1855.0,1904.800048828125,1850.4000244140625,1900.5999755859375,1668696,0.0,0.0,BAJAJFINSV
2026-07-22,1895.0999755859375,1901.0,1868.0,1876.4000244140625,1023902,0.0,0.0,BAJAJFINSV
2026-07-23,1870.0,1899.800048828125,1862.300048828125,1889.4000244140625,1242914,0.0,0.0,BAJAJFINSV
2026-07-24,1878.9000244140625,1892.9000244140625,1866.5,1876.699951171875,1412443,0.0,0.0,BAJAJFINSV
2026-07-27,1885.0,1920.0,1885.0,1913.0,651274,0.0,0.0,BAJAJFINSV
2026-07-28,1918.0,1940.0,1910.699951171875,1927.9000244140625,1415016,0.0,0.0,BAJAJFINSV
2026-07-29,1940.0,1945.0,1908.9000244140625,1924.4000244140625,1066741,0.0,0.0,BAJAJFINSV
2026-07-30,1918.300048828125,1933.4000244140625,1892.300048828125,1909.4000244140625,752615,0.0,0.0,BAJAJFINSV
2026-07-31,1932.0,2036.5999755859375,1930.0,2029.0999755859375,3731886,0.0,0.0,BAJAJFINSV
2026-08-03,2050.5,2096.0,2040.4000244140625,2096.0,2850085,0.0,0.0,BAJAJFINSV
2026-08-04,2075.0,2105.0,2068.0,2105.0,1959197,0.0,0.0,BAJAJFINSV
2026-08-05,2105.0,2118.5,2076.10009765625,2086.0,2447845,0.0,0.0,BAJAJFINSV
2026-08-06,2070.0,2103.0,2068.60009765625,2086.0,1819169,0.0,0.0,BAJAJFINSV
2026-08-07,2050.0,2050.0,1988.0,2008.9000244140625,2416624,0.0,0.0,BAJAJFINSV
2026-08-10,2009.0,2037.0999755859375,1992.5999755859375,2021.300048828125,944721,0.0,0.0,BAJAJFINSV
2026-08-11,2014.0,2043.9000244140625,2012.0,2032.0,1058625,0.0,0.0,BAJAJFINSV
2026-08-12,2023.0,2028.4000244140625,2006.0999755859375,2020.5,571047,0.0,0.0,BAJAJFINSV
2026-08-13,2010.0999755859375,2038.0,2006.699951171875,2025.0,889438,0.0,0.0,BAJAJFINSV
2026-08-14,2033.5,2033.5999755859375,2006.5999755859375,2008.300048828125,956605,0.0,0.0,BAJAJFINSV
2026-08-17,2001.4000244140625,2028.199951171875,1997.199951171875,2005.0,1026623,0.0,0.0,BAJAJFINSV
2026-08-18,1998.4000244140625,2018.800048828125,1998.0,2011.199951171875,413236,0.0,0.0,BAJAJFINSV
2026-08-19,2002.0999755859375,2013.0,1985.0,2012.0,920207,0.0,0.0,BAJAJFINSV
2026-08-20,2020.0,2030.0999755859375,2013.0,2016.0,417675,0.0,0.0,BAJAJFINSV
2026-08-21,2009.0,2032.5,2005.0,2032.5,830062,0.0,0.0,BAJAJFINSV
2026-08-24,2020.0,2028.5999755859375,1995.300048828125,2001.699951171875,464012,0.0,0.0,BAJAJFINSV
2026-08-25,2004.9000244140625,2011.699951171875,1985.0,2004.0,410121,0.0,0.0,BAJAJFINSV
2026-08-26,2017.0,2024.9000244140625,2005.5,2010.0,564145,0.0,0.0,BAJAJFINSV
2026-08-27,2001.0999755859375,2026.5999755859375,1997.5,2011.0,526392,0.0,0.0,BAJAJFINSV
2026-08-28,2011.0,2014.699951171875,1982.300048828125,2002.0,466703,0.0,0.0,BAJAJFINSV
2026-08-31,1985.5999755859375,2021.0,1968.0,2021.0,724648,0.0,0.0,BAJAJFINSV
2026-09-01,1998.699951171875,2004.0999755859375,1960.0999755859375,1972.0,788344,0.0,0.0,BAJAJFINSV
2026-09-02,1951.5,1990.0,1939.199951171875,1990.0,730988,0.0,0.0,BAJAJFINSV
2026-09-03,1998.0,1998.0,1970.0,1992.0999755859375,440070,0.0,0.0,BAJAJFINSV
2026-09-04,1985.0,1994.199951171875,1970.0,1970.0,437793,0.0,0.0,BAJAJFINSV
2026-09-07,1968.0,1973.0,1938.5999755859375,1938.5999755859375,502611,0.0,0.0,BAJAJFINSV
2026-09-08,1938.5999755859375,1951.9000244140625,1933.0,1938.0999755859375,707710,0.0,0.0,BAJAJFINSV
2026-09-09,1939.0999755859375,1951.9000244140625,1921.5,1927.0,617280,0.0,0.0,BAJAJFINSV
2026-09-10,1932.9000244140625,1942.699951171875,1921.0999755859375,1940.5,658197,0.0,0.0,BAJAJFINSV
2026-09-11,1912.0999755859375,1926.0,1895.0,1913.5,762375,0.0,0.0,BAJAJFINSV
2026-09-14,1913.5,1913.5,1913.5,1913.5,0,0.0,0.0,BAJAJFINSV
2026-09-15,1921.4000244140625,1930.5999755859375,1855.5,1855.5,486164,0.0,0.0,BAJAJFINSV
2026-09-16,1864.0,1874.800048828125,1832.9000244140625,1837.0,613789,0.0,0.0,BAJAJFINSV
2026-09-17,1837.0,1863.0,1832.0999755859375,1859.199951171875,460650,0.0,0.0,BAJAJFINSV
2026-09-18,1857.199951171875,1872.5999755859375,1852.5,1852.5,719520,0.0,0.0,BAJAJFINSV
2026-09-21,1860.199951171875,1864.0,1849.199951171875,1849.800048828125,269959,0.0,0.0,BAJAJFINSV
2026-09-22,1862.699951171875,1863.0,1823.4000244140625,1823.4000244140625,405051,0.0,0.0,BAJAJFINSV
2026-09-23,1825.0,1864.800048828125,1825.0,1846.5,746622,0.0,0.0,BAJAJFINSV
2026-09-24,1818.0,1818.0,1760.9000244140625,1762.300048828125,1520045,0.0,0.0,BAJAJFINSV
2026-09-25,1774.0,1778.0999755859375,1755.0,1771.0,1419352,0.0,0.0,BAJAJFINSV
2026-09-28,1767.0,1769.0,1739.0999755859375,1752.0,536952,0.0,0.0,BAJAJFINSV
2026-09-29,1758.800048828125,1758.800048828125,1730.0,1742.4000244140625,858895,0.0,0.0,BAJAJFINSV
2026-09-30,1742.4000244140625,1748.0,1702.0999755859375,1731.0,1086211,0.0,0.0,BAJAJFINSV
2026-10-01,1723.0,1734.9000244140625,1703.4000244140625,1732.5999755859375,2291308,0.0,0.0,BAJAJFINSV
