Date,Open,High,Low,Close,Volume,Dividends,Stock Splits,Symbol
2021-10-04,175.157836967867,176.77219491227132,174.95604222481649,175.90447998046875,5362228,0.0,0.0,BPCL
2021-10-05,175.9045080826817,179.79914478244305,175.84397211341016,179.1332244873047,18020292,0.0,0.0,BPCL
2021-10-06,180.4045219174483,182.4022950398085,179.65787881532506,180.48524475097656,16248822,0.0,0.0,BPCL
2021-10-07,182.22065507691693,182.4224498222956,180.80809185926643,181.2924041748047,7445114,0.0,0.0,BPCL
2021-10-08,182.22069477411696,182.42248956345708,179.4359291445388,181.39334106445312,6019304,0.0,0.0,BPCL
2021-10-11,181.61527615688587,183.69375963181096,181.41348140560046,183.3910675048828,11833332,0.0,0.0,BPCL
2021-10-12,183.37090275097455,184.52113535805498,182.05923679755782,183.734130859375,10923204,0.0,0.0,BPCL
2021-10-13,184.44040302499633,185.8126048730272,182.94711693601985,185.1063232421875,14072722,0.0,0.0,BPCL
2021-10-14,185.65118520230305,186.53908710163975,184.84400613620608,185.36866760253906,7894780,0.0,0.0,BPCL
2021-10-18,189.68706219647382,189.68706219647382,186.07493129823055,186.66014099121094,8784646,0.0,0.0,BPCL
2021-10-19,187.22518617917436,187.66913713894718,181.59511945495117,182.8462371826172,10805314,0.0,0.0,BPCL
2021-10-20,182.4224694054538,182.78569752281336,176.10629566037204,178.02334594726562,13086926,0.0,0.0,BPCL
2021-10-21,179.69826308764692,183.2296719635973,178.81036107220584,182.03907775878906,19775152,0.0,0.0,BPCL
2021-10-22,182.0188622173482,182.82604120722556,178.58835151036934,180.50540161132812,7829992,0.0,0.0,BPCL
2021-10-25,180.40452946731168,180.96955237592996,173.48297112444249,174.2296142578125,14550354,0.0,0.0,BPCL
2021-10-26,173.9470800896532,176.34844261844876,172.75648609976477,173.96725463867188,9945226,0.0,0.0,BPCL
2021-10-27,174.93588946793955,175.35965355450216,172.3327320316972,172.61524963378906,6737796,0.0,0.0,BPCL
2021-10-28,173.13989847828384,173.94707749216863,169.1241779575774,169.83045959472656,7242482,0.0,0.0,BPCL
2021-10-29,169.1040071471187,171.52554424230416,166.92462622476668,168.579345703125,12075018,0.0,0.0,BPCL
2021-11-01,172.73631892935953,172.73631892935953,169.46724127135337,170.17352294921875,11652400,0.0,0.0,BPCL
2021-11-02,170.71838739292173,171.0816155410808,167.7318270507816,167.95379638671875,8099346,0.0,0.0,BPCL
2021-11-03,168.70042506154454,170.13316297933667,167.16678976034234,167.4492950439453,10516486,0.0,0.0,BPCL
2021-11-04,169.447084443018,169.60851780866994,168.7408026912865,169.40672302246094,1975024,0.0,0.0,BPCL
2021-11-08,171.12196739740156,174.6533759227017,170.09281898237285,174.24978637695312,11870418,0.0,0.0,BPCL
2021-11-09,174.63320222458046,174.6533767753362,172.33273687595275,173.74530029296875,5867180,0.0,0.0,BPCL
2021-11-10,174.35068104619566,175.15786012511322,173.60403793488183,174.04798889160156,6565108,0.0,0.0,BPCL
2021-11-11,173.92550035332596,174.4563162257655,172.33302781390432,173.6600799560547,6633538,2.5,0.0,BPCL
2021-11-12,174.76253728717077,175.57918465767156,174.0888056987176,174.64004516601562,4288924,0.0,0.0,BPCL
2021-11-15,174.72171819597315,175.59961170628594,173.39466609913606,174.0888214111328,3839888,0.0,0.0,BPCL
2021-11-16,173.94588555232127,174.17045858915444,170.74054221131857,171.45510864257812,5533442,0.0,0.0,BPCL
2021-11-17,171.70009844832344,171.80217936297763,168.31101706622448,168.96432495117188,7538798,0.0,0.0,BPCL
2021-11-18,168.84185064683263,169.71974411324572,165.37109918250837,165.49359130859375,9990796,0.0,0.0,BPCL
2021-11-22,165.77943166180168,166.55524424387082,160.5120581233783,161.53286743164062,10565788,0.0,0.0,BPCL
2021-11-23,161.28787363021092,163.86030814925957,160.89996110161647,162.34951782226562,6765412,0.0,0.0,BPCL
2021-11-24,163.77865925423905,167.12690654063113,162.839507148955,164.6973876953125,8482816,0.0,0.0,BPCL
2021-11-25,164.96279090379397,165.126117907528,162.51284846462872,163.37033081054688,6323818,0.0,0.0,BPCL
2021-11-26,162.16575121219145,162.18617487334936,153.12138395858128,153.8767852783203,20046662,0.0,0.0,BPCL
2021-11-29,154.7546772993576,155.1630009861633,149.8547930576893,150.03854370117188,15037552,0.0,0.0,BPCL
2021-11-30,151.07977294921875,154.9588482006176,150.26312552787164,151.07977294921875,18393470,0.0,0.0,BPCL
2021-12-01,152.2026767019498,153.50931767683664,149.3648216757355,150.5693817138672,13057566,0.0,0.0,BPCL
2021-12-02,151.07978334735094,155.14260953259898,150.6918708110925,154.69345092773438,12449776,0.0,0.0,BPCL
2021-12-03,156.18381495196863,158.59292228516145,155.69382152848345,157.57211303710938,17313246,0.0,0.0,BPCL
2021-12-06,158.16419154400447,159.00125016499578,155.5713334935682,156.5717315673828,8919812,0.0,0.0,BPCL
2021-12-07,157.57213352978619,158.73585871612121,157.3067255829857,158.3479461669922,7275406,0.0,0.0,BPCL
2021-12-08,159.04207347344033,160.16496359424127,158.89915769312844,159.71580505371094,7187328,0.0,0.0,BPCL
2021-12-09,160.98162768167163,163.94197467137897,160.18539143795059,160.7774658203125,12970082,0.0,0.0,BPCL
2021-12-10,160.67538461987914,162.47200650461292,159.6545753147973,162.0841064453125,4565918,0.0,0.0,BPCL
2021-12-13,162.9007495324222,163.53364630022497,159.67498224579938,160.205810546875,5199416,0.0,0.0,BPCL
2021-12-14,160.45079591489014,160.45079591489014,158.87874724611237,159.9199676513672,6582798,0.0,0.0,BPCL
2021-12-15,159.65456649552576,160.22621718258355,156.42881176186717,156.91879272460938,11115184,0.0,0.0,BPCL
2021-12-16,157.81710474603958,160.0628850205628,156.98004617359183,159.6749725341797,7909366,0.0,0.0,BPCL
2021-12-17,160.47121990980378,161.1041166832974,156.0204939108769,157.08213806152344,16049722,0.0,0.0,BPCL
2021-12-20,155.51008813852158,155.51008813852158,146.5882125430637,146.9965362548828,22510560,0.0,0.0,BPCL
2021-12-21,148.79318987594826,149.40567557449995,145.93492328270702,148.71153259277344,12855558,0.0,0.0,BPCL
2021-12-22,149.44647678279762,152.6313967134206,149.1198228015724,152.08016967773438,10045244,0.0,0.0,BPCL
2021-12-23,153.03974529469326,154.44846729742528,151.8964437135286,154.0809783935547,10693866,0.0,0.0,BPCL
2021-12-24,154.83634631584908,154.83634631584908,151.2022555509919,151.95765686035156,6287570,0.0,0.0,BPCL
2021-12-27,151.4676792820573,153.18263132032155,150.05895755325966,152.8763885498047,4632660,0.0,0.0,BPCL
2021-12-28,153.4480632023111,155.73467873828335,153.12140918048027,155.32635498046875,6449486,0.0,0.0,BPCL
2021-12-29,155.57133249545458,156.32673384623845,153.99928372999645,155.61216735839844,8260658,0.0,0.0,BPCL
2021-12-30,156.79632732929576,157.32714324468748,153.52973717660208,154.3259735107422,12171414,0.0,0.0,BPCL
2021-12-31,153.73389460498007,158.1846210668049,153.73389460498007,157.38839721679688,7780656,0.0,0.0,BPCL
2022-01-03,156.79631101687715,158.0212821966965,156.79631101687715,157.65379333496094,6468384,0.0,0.0,BPCL
2022-01-04,158.42961853621586,160.77748015112113,157.1025663190955,157.59255981445312,11799296,0.0,0.0,BPCL
2022-01-05,157.1842036660636,161.90033712760552,156.57171815360104,161.1653594970703,13483996,0.0,0.0,BPCL
2022-01-06,161.69620220371155,161.96161014441134,159.4912564840531,161.61453247070312,8237148,0.0,0.0,BPCL
2022-01-07,162.5128096028232,164.51359295748242,161.28783867616878,161.77783203125,11914426,0.0,0.0,BPCL
2022-01-10,162.9211606690086,163.20699225109382,161.5328625439891,162.32908630371094,4179728,0.0,0.0,BPCL
2022-01-11,162.839478715729,162.839478715729,159.30748137341968,159.71580505371094,6854016,0.0,0.0,BPCL
2022-01-12,161.0837114924626,161.6757858854106,157.8375328543917,158.71543884277344,9246820,0.0,0.0,BPCL
2022-01-13,159.32790758901987,162.32907671844694,158.12334772842465,161.0836944580078,8491424,0.0,0.0,BPCL
2022-01-14,161.28787239371312,163.3090798296498,160.2670630747656,162.69659423828125,6915504,0.0,0.0,BPCL
2022-01-17,163.73782782493126,165.12612611727135,162.75785329275308,163.5540771484375,9671610,0.0,0.0,BPCL
2022-01-18,164.0644707537219,166.14692428193152,161.83911388796133,162.55368041992188,13220496,0.0,0.0,BPCL
2022-01-19,161.6962079036773,163.94198856900616,160.47123663167974,161.02247619628906,10347976,0.0,0.0,BPCL
2022-01-20,161.2878591124381,162.32907954760464,159.3279103658716,160.4916229248047,6495234,0.0,0.0,BPCL
2022-01-21,160.79786931482283,161.7165976469033,155.16300719581602,155.85716247558594,10310538,0.0,0.0,BPCL
2022-01-24,155.73466291580067,156.73506100522792,151.12060990569947,152.3455810546875,10668074,0.0,0.0,BPCL
2022-01-25,151.93726336338486,156.7146435572532,150.26313356783726,156.20423889160156,9905300,0.0,0.0,BPCL
2022-01-27,157.20462646309903,157.30670738937377,153.12138941210947,156.0613250732422,11474790,0.0,0.0,BPCL
2022-01-28,157.1842053720131,160.67536784652012,155.71423763393918,156.18380737304688,8089918,0.0,0.0,BPCL
2022-01-31,159.24624654145632,163.2478139060265,158.40918792226125,162.1249237060547,13928184,0.0,0.0,BPCL
2022-02-01,161.28787681676653,161.28787681676653,153.52972578001066,154.69345092773438,25515398,0.0,0.0,BPCL
2022-02-02,157.20464419866917,157.4496409415788,154.89761749679522,156.0205078125,11701576,0.0,0.0,BPCL
2022-02-03,156.79628955448138,157.1637783659148,153.7338620241204,153.95843505859375,10658294,0.0,0.0,BPCL
2022-02-04,153.9992805924725,155.1630056268842,152.73347463330626,153.3867950439453,8957710,0.0,0.0,BPCL
2022-02-07,154.3463612674795,154.5096882580921,151.1206064739407,152.08016967773438,8189026,0.0,0.0,BPCL
2022-02-08,152.87639301787294,154.55052270450437,151.34517912053636,154.1013641357422,6909612,0.0,0.0,BPCL
2022-02-09,155.16300050838254,155.9796478794793,152.99888995939614,153.3663787841797,9292356,0.0,0.0,BPCL
2022-02-10,154.23543324016887,154.56649430749945,152.49733106375783,152.97323608398438,12283058,2.5,0.0,BPCL
2022-02-11,152.97322477690764,154.98031550081615,151.04890562829877,152.9318389892578,11262552,0.0,0.0,BPCL
2022-02-14,151.04894679344383,151.4007071405782,149.20738608908758,149.6833038330078,10196386,0.0,0.0,BPCL
2022-02-15,149.82813092114404,153.01464791036486,147.57275017921134,152.6628875732422,11049572,0.0,0.0,BPCL
2022-02-16,153.53190514441846,156.5942640689045,153.2422172528555,154.81478881835938,10889816,0.0,0.0,BPCL
2022-02-17,155.58038469320337,156.11836206881034,153.5319080915272,154.3595733642578,5224320,0.0,0.0,BPCL
2022-02-18,153.7181534013679,155.5804004536593,153.7181534013679,154.42166137695312,4420434,0.0,0.0,BPCL
2022-02-21,154.359603871491,154.359603871491,151.06962871049674,152.60081481933594,6207542,0.0,0.0,BPCL
2022-02-22,148.9797783460039,150.82133899111648,144.55176321571764,147.03475952148438,14106162,0.0,0.0,BPCL
2022-02-23,148.358995716173,149.31080569978334,147.4071857325627,147.77963256835938,5636142,0.0,0.0,BPCL
2022-02-24,144.42761744251231,145.6691155867173,137.0200143745904,137.8269805908203,14094970,0.0,0.0,BPCL
2022-02-25,140.70309831214703,141.32384727528887,137.45450954587082,139.19261169433594,11679020,0.0,0.0,BPCL
2022-02-28,138.77879231973677,145.379416014674,137.3924503103493,144.7586669921875,19146282,0.0,0.0,BPCL
2022-03-02,143.39302003410725,147.61411831621683,140.6203360957765,141.57215881347656,15469204,0.0,0.0,BPCL
2022-03-03,143.76545617390045,146.49675411544612,142.0894390386544,143.35162353515625,12825706,0.0,0.0,BPCL
2022-03-04,143.99308456785158,145.46218551498313,141.94460777137758,144.1586151123047,15557860,0.0,0.0,BPCL
2022-03-07,143.59993653607793,143.59993653607793,137.3096748983912,139.8754425048828,19936000,0.0,0.0,BPCL
2022-03-08,139.79266274296975,141.94459755346585,137.68212635207064,141.365234375,12880560,0.0,0.0,BPCL
2022-03-09,142.5653518606015,143.8689222182533,139.75129481458586,141.7997589111328,13563906,0.0,0.0,BPCL
2022-03-10,145.66909501477434,146.4967603273583,142.97918274887653,144.42759704589844,18109208,0.0,0.0,BPCL
2022-03-11,145.2552744828535,150.51095470811822,144.94489996472777,149.80743408203125,16557604,0.0,0.0,BPCL
2022-03-14,148.8970028000846,149.39360709973033,145.81395671306424,148.83493041992188,16449824,0.0,0.0,BPCL
2022-03-15,149.41427727993408,149.60050702914896,144.0551518947048,144.965576171875,12130866,0.0,0.0,BPCL
2022-03-16,146.28986657488267,148.02796905120368,144.9035244365281,147.44859313964844,9444984,0.0,0.0,BPCL
2022-03-17,148.81424722920812,151.54554568118903,148.09003997606322,150.71788024902344,22827672,0.0,0.0,BPCL
2022-03-21,148.97977142573987,152.00074507242647,147.4485853899733,147.821044921875,12369650,0.0,0.0,BPCL
2022-03-22,148.5038659278601,152.99395321867138,147.6141281546437,152.45596313476562,14934378,0.0,0.0,BPCL
2022-03-23,153.49051956448864,153.78020745644557,151.04890957931445,151.71104431152344,12475458,0.0,0.0,BPCL
2022-03-24,151.46275361634557,152.20764735295447,149.31081873187682,150.05572509765625,9696758,0.0,0.0,BPCL
2022-03-25,149.80743297440097,150.86270127655763,148.19348801791435,149.10391235351562,7259104,0.0,0.0,BPCL
2022-03-28,148.97976609129822,150.15919176535525,147.44858011035802,148.85562133789062,11624382,0.0,0.0,BPCL
2022-03-29,149.80740331134228,149.97293382784147,148.13138630938846,148.3383026123047,11417328,0.0,0.0,BPCL
2022-03-30,149.1866722514557,149.97295177077493,148.64869485117686,149.0004425048828,8247132,0.0,0.0,BPCL
2022-03-31,149.3935910199597,150.84200533732772,148.48315411166013,148.7107696533203,11007364,0.0,0.0,BPCL
2022-04-01,149.62119723374292,155.18725171353677,149.62119723374292,154.93894958496094,12772330,0.0,0.0,BPCL
2022-04-04,154.9389355106417,157.77369157694002,154.0285112941258,157.33917236328125,14714720,0.0,0.0,BPCL
2022-04-05,157.67024134585733,158.0840740003084,155.82868098188192,157.25640869140625,6622344,0.0,0.0,BPCL
2022-04-06,156.8425744987262,159.92563279581782,156.20113894228606,159.65663146972656,11686350,0.0,0.0,BPCL
2022-04-07,159.26349313903376,160.2773755238609,157.04948600158326,157.58746337890625,6693770,0.0,0.0,BPCL
2022-04-08,158.41512092232756,160.07045139227526,157.71161305010133,159.1393280029297,8380548,0.0,0.0,BPCL
2022-04-11,159.38764451510033,161.45680778968082,159.24280056004562,160.7119140625,4778320,0.0,0.0,BPCL
2022-04-12,160.13255491675667,160.40154362341332,156.1183730109952,157.5047149658203,4891948,0.0,0.0,BPCL
2022-04-13,157.25642302420022,158.89106720993615,156.30461288388022,156.84259033203125,6523924,0.0,0.0,BPCL
2022-04-18,156.84258737673116,156.84258737673116,153.55261248431063,153.84230041503906,5585346,0.0,0.0,BPCL
2022-04-19,154.73203793859804,158.84967819385335,154.35959104903247,155.5390167236328,11592654,0.0,0.0,BPCL
2022-04-20,157.17362740948653,162.34653527089893,155.74591241723846,161.37403869628906,17136378,0.0,0.0,BPCL
2022-04-21,163.46389982407695,165.03645887198218,161.39473653516458,164.5812530517578,15955692,0.0,0.0,BPCL
2022-04-22,163.4639078822158,164.39503140812715,162.01549350857593,162.80177307128906,8821478,0.0,0.0,BPCL
2022-04-25,159.32557702324436,159.71872310912588,152.62148275657202,152.9939422607422,20815928,0.0,0.0,BPCL
2022-04-26,154.52513407071203,155.35279950508027,152.7663450226796,154.2975311279297,6278956,0.0,0.0,BPCL
2022-04-27,152.29041143524046,153.78021146424527,150.7592256164247,151.66966247558594,6163612,0.0,0.0,BPCL
2022-04-28,153.82159982169804,153.82159982169804,151.1109884084583,152.84909057617188,6573278,0.0,0.0,BPCL
2022-04-29,153.11808425696137,154.23543749104525,149.45566268876482,150.05572509765625,6718850,0.0,0.0,BPCL
2022-05-02,149.02114683878852,152.26973582076457,148.00725174666826,151.64898681640625,6400476,0.0,0.0,BPCL
2022-05-04,151.64899933187962,153.69746363781775,148.77285698931863,150.40750122070312,5737094,0.0,0.0,BPCL
2022-05-05,151.4834504879397,152.60080379792527,149.02115357026247,149.3936004638672,3695092,0.0,0.0,BPCL
2022-05-06,147.7382819926809,148.89700856448394,146.0829511020066,147.8624267578125,4697742,0.0,0.0,BPCL
2022-05-09,147.2002969116357,148.27625183173348,144.7586738705029,146.24847412109375,5048780,0.0,0.0,BPCL
2022-05-10,146.28983636033968,148.15208321641188,145.420785301672,146.26914978027344,5909904,0.0,0.0,BPCL
2022-05-11,146.91058697056815,148.75214726736013,142.6688024171926,143.6413116455078,7774130,0.0,0.0,BPCL
2022-05-12,142.77225323403727,143.372315581906,139.13053124669185,140.68240356445312,7716626,0.0,0.0,BPCL
2022-05-13,141.2824657035523,142.89641053007503,139.04777189535392,139.44091796875,4515592,0.0,0.0,BPCL
2022-05-16,140.3513724381295,140.55828880988824,138.09599156346292,139.0891876220703,3884304,0.0,0.0,BPCL
2022-05-17,139.04776961025013,141.92391156308258,138.28217668626442,141.7169952392578,9596420,0.0,0.0,BPCL
2022-05-18,139.23400516283354,143.6827063106862,136.97861208737018,137.35105895996094,15314616,0.0,0.0,BPCL
2022-05-19,136.48202204241025,136.5441070519459,134.08179738775505,135.17845153808594,10187938,0.0,0.0,BPCL
2022-05-20,137.3924496501207,138.5718753130117,135.73711893144457,137.7235107421875,6393394,0.0,0.0,BPCL
2022-05-23,137.72351319404768,139.1098552214539,135.32328866090506,137.433837890625,8792862,0.0,0.0,BPCL
2022-05-24,137.43383601708672,138.44771850900156,135.94403583823077,136.60617065429688,5891438,0.0,0.0,BPCL
2022-05-25,137.5579969207975,138.01321544961428,134.55770962841459,134.97154235839844,8163646,0.0,0.0,BPCL
2022-05-26,134.49562752315728,134.7025438731929,129.19857401391394,134.2266387939453,16061314,0.0,0.0,BPCL
2022-05-27,134.33009511996096,136.15095644937665,131.68156840179523,133.3989715576172,9751704,0.0,0.0,BPCL
2022-05-30,134.28870846343364,136.89584936960674,133.25412673413138,136.21302795410156,7101016,0.0,0.0,BPCL
2022-05-31,136.5647770654515,136.85446497756155,134.49561377658102,134.99221801757812,20841502,0.0,0.0,BPCL
2022-06-01,135.73713506218846,137.33039359408832,134.12318994551526,134.9094696044922,13381064,0.0,0.0,BPCL
2022-06-02,135.3232823310963,138.32356917177046,133.4817219082556,136.29579162597656,16113808,0.0,0.0,BPCL
2022-06-03,136.81307410269213,137.39243727621565,135.36465985429828,135.79917907714844,9938986,0.0,0.0,BPCL
2022-06-06,135.53018891751807,135.69571944685055,131.72292359702215,132.15745544433594,9345428,0.0,0.0,BPCL
2022-06-07,131.41255401092334,133.5024164877047,131.18495110326407,132.5299072265625,7910152,0.0,0.0,BPCL
2022-06-08,132.8402930026744,134.45423796191935,132.09539921507564,134.0404052734375,5381610,0.0,0.0,BPCL
2022-06-09,133.66794748501144,138.44770959573302,132.2195331933782,137.74420166015625,13918892,0.0,0.0,BPCL
2022-06-10,136.87514901521342,137.47521140950303,135.15774604319975,136.97860717773438,5453434,0.0,0.0,BPCL
2022-06-13,135.69573745749932,135.69573745749932,131.30910838752553,131.57810974121094,7503680,0.0,0.0,BPCL
2022-06-14,131.3091097860891,132.73683764327387,128.970957572455,130.06761169433594,10098392,0.0,0.0,BPCL
2022-06-15,131.12289189271314,131.12289189271314,127.4604700173542,129.94346618652344,9987308,0.0,0.0,BPCL
2022-06-16,131.5987872089973,132.34368095285166,128.4122706431489,128.970947265625,8720718,0.0,0.0,BPCL
2022-06-17,127.87431388677552,128.90889571433843,124.04636112479275,124.56365203857422,13905510,0.0,0.0,BPCL
2022-06-20,125.80512662347235,126.01204295015569,121.66680008980549,122.51515197753906,7456818,0.0,0.0,BPCL
2022-06-21,122.76346181237105,125.16369893028022,121.39781902208406,124.64640808105469,5603658,0.0,0.0,BPCL
2022-06-22,125.45336040359821,127.21214909714955,122.80483407326075,126.59140014648438,13204868,0.0,0.0,BPCL
2022-06-23,127.64669055543183,128.49504246691063,125.6189003938413,127.41907501220703,8697024,0.0,0.0,BPCL
2022-06-24,127.54326287445973,128.47438659315304,126.38452355813718,127.27426147460938,6549900,0.0,0.0,BPCL
2022-06-27,128.28813631572422,130.62628853241839,127.60531489020066,130.3572998046875,5569614,0.0,0.0,BPCL
2022-06-28,129.1157935168826,132.21953855334613,129.1157935168826,131.8470916748047,6481036,0.0,0.0,BPCL
2022-06-29,129.77793428470878,132.36438860069399,129.77793428470878,130.93666076660156,4503176,0.0,0.0,BPCL
2022-06-30,130.7711226124868,131.49532977885343,127.10870098817004,127.62599182128906,9158568,0.0,0.0,BPCL
2022-07-01,127.66736784719413,132.11606867169115,126.50864152131861,131.74362182617188,8833390,0.0,0.0,BPCL
2022-07-04,130.8124964326887,131.78500563578015,129.38476881228107,130.91595458984375,4431040,0.0,0.0,BPCL
2022-07-05,131.51602041934856,132.9851340082487,129.17786830732487,129.57101440429688,6138608,0.0,0.0,BPCL
2022-07-06,131.01941075644305,133.25410439120708,130.56419234604294,132.96441650390625,8353864,0.0,0.0,BPCL
2022-07-07,134.45422042981485,136.56476939170238,133.7093267393462,136.31646728515625,9279814,0.0,0.0,BPCL
2022-07-08,136.5647848899988,137.4959084233397,134.28870514183217,134.61976623535156,5034654,0.0,0.0,BPCL
2022-07-11,135.05427696484512,135.05427696484512,130.56419054851557,130.72972106933594,11830842,0.0,0.0,BPCL
2022-07-12,130.35729408198247,130.56421042179514,127.4811519069179,127.72945404052734,10690702,0.0,0.0,BPCL
2022-07-13,129.11580521588166,130.52283390073313,128.0812234433185,128.49505615234375,9645842,0.0,0.0,BPCL
2022-07-14,128.7019532297048,129.40547378134232,125.86719707164096,126.69486236572266,11835382,0.0,0.0,BPCL
2022-07-15,127.4604492293016,129.59168473441218,126.67416976313658,129.15716552734375,10024354,0.0,0.0,BPCL
2022-07-18,129.73652923802493,130.87456896818304,128.14327108996966,130.68833923339844,7029760,0.0,0.0,BPCL
2022-07-19,130.3159121049613,131.51602438519024,129.32271617060536,130.9987335205078,5009030,0.0,0.0,BPCL
2022-07-20,132.17814364537452,132.77820602937894,130.874573345788,131.22633361816406,6723570,0.0,0.0,BPCL
2022-07-21,131.5781178303345,134.08180072428888,130.77113897801013,133.5438232421875,7298344,0.0,0.0,BPCL
2022-07-22,134.57837282327463,134.66113176961784,131.8263758021004,132.5505828857422,6293178,0.0,0.0,BPCL
2022-07-25,132.5506102891423,132.79891243784425,130.5849049414406,131.24703979492188,6529228,0.0,0.0,BPCL
2022-07-26,131.12289930464647,132.074709504962,130.00554591369146,131.7850341796875,4397264,0.0,0.0,BPCL
2022-07-27,131.59879511038085,134.51631051634809,131.41256534865042,134.33009338378906,6514864,0.0,0.0,BPCL
2022-07-28,133.19205552075027,136.10957097122287,133.19205552075027,134.93014526367188,6933530,0.0,0.0,BPCL
2022-07-29,135.3439629566141,137.04067934526407,134.57838265843574,136.6889190673828,9605766,0.0,0.0,BPCL
2022-08-01,136.97862554816794,138.71672796328778,135.6543558386317,138.28219604492188,6221584,0.0,0.0,BPCL
2022-08-02,138.8408736368276,141.32386988666656,137.51660391857806,138.69602966308594,7663472,0.0,0.0,BPCL
2022-08-03,138.69601703457195,139.60645396161814,136.6889260562002,138.17872619628906,4079330,0.0,0.0,BPCL
2022-08-04,139.42020044826612,139.77196068418587,136.44061330503857,138.19940185546875,5023836,0.0,0.0,BPCL
2022-08-05,138.63393942115485,139.56506289487902,137.47521303885512,139.2133026123047,5115246,0.0,0.0,BPCL
2022-08-08,136.3578609215587,136.56477725072648,132.50922225070644,134.7646026611328,18945812,0.0,0.0,BPCL
2022-08-10,135.44743439979953,136.66824588709852,134.90945695441067,135.86126708984375,5743378,0.0,0.0,BPCL
2022-08-11,136.54407746415865,137.22689875854184,135.40603776379695,135.88194274902344,3377190,0.0,0.0,BPCL
2022-08-12,135.88195992598142,138.40634174263604,135.65434437963444,138.17872619628906,5285940,0.0,0.0,BPCL
2022-08-16,138.40633798301175,143.70339097147271,137.8269621565362,143.14471435546875,10721280,0.0,0.0,BPCL
2022-08-17,143.84823801525047,147.01405540165462,143.59993588845646,146.14500427246094,14146800,0.0,0.0,BPCL
2022-08-18,146.31051749405677,146.31051749405677,142.95848338124068,143.62060546875,7118970,0.0,0.0,BPCL
2022-08-19,144.2101933088151,144.547078664798,141.9151216607048,142.44151306152344,7463376,3.0,0.0,BPCL
2022-08-22,141.9783059185003,142.104647583181,139.72534783758155,140.50440979003906,4227956,0.0,0.0,BPCL
2022-08-23,139.3673905935427,141.0518430540715,139.21999843297596,140.52545166015625,3118316,0.0,0.0,BPCL
2022-08-24,140.2306775245229,140.73601843992736,138.14616231267107,138.77783203125,5188148,0.0,0.0,BPCL
2022-08-25,138.9673301818859,141.07289579070235,138.25143273434725,138.8831024169922,6420988,0.0,0.0,BPCL
2022-08-26,140.60967100570795,140.60967100570795,138.2514349163434,138.5883331298828,4127464,0.0,0.0,BPCL
2022-08-29,136.8617398929471,137.99875025721323,136.04056431304932,137.36708068847656,3250026,0.0,0.0,BPCL
2022-08-30,137.3881500910513,138.92521034938576,137.36709957640576,138.39881896972656,6339262,0.0,0.0,BPCL
2022-09-01,137.07231344236894,140.23066167836822,136.52487155533646,139.53582763671875,6741662,0.0,0.0,BPCL
2022-09-02,140.02008418187586,140.69386760835937,134.96672776027432,135.5773468017578,9679250,0.0,0.0,BPCL
2022-09-05,135.59840878199577,136.90386187159575,135.2825739789321,136.7564697265625,4784578,0.0,0.0,BPCL
2022-09-06,137.28286157283034,137.47236759590996,135.19834672435888,136.54591369628906,5099528,0.0,0.0,BPCL
2022-09-07,136.1669123753993,138.12508556079283,135.53524277679813,137.64080810546875,5529460,0.0,0.0,BPCL
2022-09-08,138.96734345317816,143.53642383092463,138.81995127621465,143.1153106689453,17335416,0.0,0.0,BPCL
2022-09-09,143.810122739265,143.83117325359095,141.5150512182587,142.54678344726562,6934262,0.0,0.0,BPCL
2022-09-12,142.54679479922044,145.28403014987018,142.42046600050082,144.2733612060547,5406378,0.0,0.0,BPCL
2022-09-13,144.4628315975246,145.53667762252275,143.1994924043627,143.62060546875,10351084,0.0,0.0,BPCL
2022-09-14,141.36768148679846,143.51534814752716,141.22028932248207,141.5571746826172,6863114,0.0,0.0,BPCL
2022-09-15,141.80984251769104,142.75734703339944,139.11472113216874,139.556884765625,4993238,0.0,0.0,BPCL
2022-09-16,139.55686380908364,139.6410915605951,134.81934194195108,135.30361938476562,11937446,0.0,0.0,BPCL
2022-09-19,135.9984824474544,136.73543038145996,134.35613105630316,135.13519287109375,5473706,0.0,0.0,BPCL
2022-09-20,135.83000959513117,137.66185393908032,135.53523816994712,135.97740173339844,5591400,0.0,0.0,BPCL
2022-09-21,136.23008221391046,136.44063875519933,134.04028904396546,134.77723693847656,4507332,0.0,0.0,BPCL
2022-09-22,134.33507913651826,134.73514172276342,131.8926282927587,133.00857543945312,5353540,0.0,0.0,BPCL
2022-09-23,132.8611570089468,133.40859879110633,130.96614843037227,131.3662109375,5516760,0.0,0.0,BPCL
2022-09-26,131.38727468012843,133.05067640716393,127.5551432650212,128.39736938476562,10934478,0.0,0.0,BPCL
2022-09-27,129.28171124191368,131.38727657158654,128.56581388928456,130.8187713623047,6266672,0.0,0.0,BPCL
2022-09-28,130.5450788510391,130.5450788510391,128.5237408351774,128.86062622070312,4451088,0.0,0.0,BPCL
2022-09-29,129.51331858373933,130.0186594045565,127.38670273644807,127.7025375366211,6532502,0.0,0.0,BPCL
2022-09-30,127.84994236613507,130.08183670160895,126.69188131725949,128.3552703857422,11182546,0.0,0.0,BPCL
2022-10-03,129.00798411800545,131.07143547162605,128.35525118637273,130.03970336914062,7084402,0.0,0.0,BPCL
2022-10-04,130.96614890813802,132.31371570946894,130.65031414389009,131.15565490722656,4266520,0.0,0.0,BPCL
2022-10-06,131.82945394063117,132.56640188310698,130.29239365945207,131.45045471191406,6973606,0.0,0.0,BPCL
2022-10-07,130.629304587383,130.9240760822859,128.94485198329735,129.45018005371094,6436838,0.0,0.0,BPCL
2022-10-10,128.86060423503656,129.1132746567481,127.21826577093873,128.29209899902344,4731232,0.0,0.0,BPCL
2022-10-11,128.94483761609013,128.94483761609013,125.97598252137091,126.22865295410156,5305338,0.0,0.0,BPCL
2022-10-12,126.77610717852222,130.2292401085215,126.06022254273927,127.38672637939453,14791710,0.0,0.0,BPCL
2022-10-13,128.0394248804042,128.5447657092365,126.12336553617142,126.46025085449219,6058154,0.0,0.0,BPCL
2022-10-14,127.5972808105862,128.43950708656368,125.11271586672329,125.42855072021484,5155460,0.0,0.0,BPCL
2022-10-17,125.44958586433378,126.06020498013514,122.77551519550781,124.8810806274414,5344642,0.0,0.0,BPCL
2022-10-18,125.51275205453943,125.61803032764385,123.82829968486884,124.54419708251953,6574926,0.0,0.0,BPCL
2022-10-19,125.13377165015216,125.89178304124958,122.85976317956714,123.02820587158203,6029504,0.0,0.0,BPCL
2022-10-20,123.00714347026477,125.91282139369494,121.30162764358556,125.11270904541016,10261122,0.0,0.0,BPCL
2022-10-21,125.744369762959,126.60764644674866,125.21797840666007,125.63909149169922,4378164,0.0,0.0,BPCL
2022-10-24,126.33393779954412,127.07088577004146,126.14443175230372,126.64977264404297,785990,0.0,0.0,BPCL
2022-10-25,127.0498109490053,128.43947885840862,125.21796663108253,127.4288101196289,5684662,0.0,0.0,BPCL
2022-10-27,127.42884496645583,129.11329760883766,127.40778159761379,128.6921844482422,6769606,0.0,0.0,BPCL
2022-10-28,129.0711462701642,129.9133723469679,127.2182514714661,127.72357940673828,4980844,0.0,0.0,BPCL
2022-10-31,128.37632778595116,128.86060526815922,126.92348248797539,127.87098693847656,8168120,0.0,0.0,BPCL
2022-11-01,127.87098718089736,128.7763777539335,127.26038091133884,128.165771484375,6729148,0.0,0.0,BPCL
2022-11-02,128.22892787312688,128.81848359192855,127.80781480950412,128.52371215820312,4907332,0.0,0.0,BPCL
2022-11-03,128.52374230447936,129.5765252104749,127.80784478786083,128.48162841796875,4588148,0.0,0.0,BPCL
2022-11-04,128.67108714113056,128.67108714113056,125.82857405685212,126.90242004394531,7678230,0.0,0.0,BPCL
2022-11-07,127.38671870073837,130.60823149595763,127.17616214090243,130.43978881835938,7732442,0.0,0.0,BPCL
2022-11-09,131.00829770234648,131.32413255078447,128.83956764667624,129.21856689453125,5580594,0.0,0.0,BPCL
2022-11-10,128.8606114863569,129.68178719029123,128.1026130299192,128.65005493164062,2795742,0.0,0.0,BPCL
2022-11-11,129.30278625466724,130.7766822647087,128.6290155025881,130.08184814453125,4580064,0.0,0.0,BPCL
2022-11-14,130.33449694105045,130.54505347891967,129.30276476495075,129.55543518066406,2600014,0.0,0.0,BPCL
2022-11-15,129.61862111396184,130.37663248708088,128.73429378901963,130.08184814453125,4035358,0.0,0.0,BPCL
2022-11-16,130.081844590096,130.4187428082833,128.77639130374533,129.0501251220703,2926810,0.0,0.0,BPCL
2022-11-17,129.28171053218375,129.61859584254162,128.2499783857677,128.52371215820312,3816246,0.0,0.0,BPCL
2022-11-18,129.1764482853507,129.1764482853507,127.34460366115593,128.0605010986328,4065720,0.0,0.0,BPCL
2022-11-21,128.71322845016525,130.94513579915252,128.1447231418688,130.67140197753906,7671706,0.0,0.0,BPCL
2022-11-22,130.65034897051285,131.11357598515914,128.75533987988496,129.21856689453125,7471030,0.0,0.0,BPCL
2022-11-23,128.9027276085097,130.86090103114287,128.9027276085097,130.6082305908203,5713460,0.0,0.0,BPCL
2022-11-24,131.15568210408557,135.59842023522683,130.77667002731533,135.17730712890625,16914922,0.0,0.0,BPCL
2022-11-25,135.17729696381855,137.38814060575015,133.24017425014156,136.63014221191406,8593556,0.0,0.0,BPCL
2022-11-28,137.70398791082974,143.97857072242888,137.70398791082974,143.49429321289062,26418498,0.0,0.0,BPCL
2022-11-29,143.81014424855468,144.16809300509564,141.57824963941144,142.77841186523438,10055668,0.0,0.0,BPCL
2022-11-30,142.77839488359407,144.75763164222502,141.4097772753403,143.66273498535156,10029732,0.0,0.0,BPCL
2022-12-01,144.02069508154167,144.75764308268992,141.93617988060964,142.5889129638672,4289334,0.0,0.0,BPCL
2022-12-02,142.9679095280422,144.5891976702803,142.46256862480985,143.64169311523438,5595618,0.0,0.0,BPCL
2022-12-05,143.55746730151134,143.9364665584176,142.12568519133595,142.5046844482422,4976546,0.0,0.0,BPCL
2022-12-06,143.1363409964604,143.64168186009647,138.16721152656456,138.35670471191406,10051146,0.0,0.0,BPCL
2022-12-07,139.28315412832498,141.91511093347097,139.17787585611916,140.79916381835938,14328596,0.0,0.0,BPCL
2022-12-08,141.80984603870473,142.0414531188653,140.04116575825995,141.38873291015625,5220452,0.0,0.0,BPCL
2022-12-09,143.17844644839244,143.17844644839244,141.00971666804733,142.52572631835938,10392346,0.0,0.0,BPCL
2022-12-12,142.31518061836397,147.32642405544993,140.9044491300562,146.96847534179688,13477930,0.0,0.0,BPCL
2022-12-13,146.96850094814764,146.96850094814764,145.3261621038117,145.76832580566406,7750970,0.0,0.0,BPCL
2022-12-14,145.99994334408674,147.72649708560078,145.57883016784345,146.86322021484375,9635850,0.0,0.0,BPCL
2022-12-15,146.86320404683283,148.00021463805913,145.7051429396535,147.03164672851562,5908812,0.0,0.0,BPCL
2022-12-16,147.03163971567164,147.81070153906822,143.5153426785886,143.9154052734375,9481326,0.0,0.0,BPCL
2022-12-19,144.21019675347344,144.8418664495441,141.36768312115547,143.7259063720703,5444230,0.0,0.0,BPCL
2022-12-20,143.87327765096677,144.06278367281715,140.75704350636164,143.28372192382812,5614312,0.0,0.0,BPCL
2022-12-21,143.59955576418216,144.42073138489894,139.85165204031387,140.69387817382812,5170900,0.0,0.0,BPCL
2022-12-22,140.65176967055254,141.4518819576896,136.73542314062564,138.08297729492188,6135896,0.0,0.0,BPCL
2022-12-23,136.8617710032698,138.50410968503843,135.66159597958588,136.9038848876953,5802076,0.0,0.0,BPCL
2022-12-26,136.01954472017277,138.29355311426417,135.66159597958588,136.9038848876953,3377562,0.0,0.0,BPCL
2022-12-27,137.03021223790677,138.25143776518905,135.89321447858313,137.2828826904297,2819074,0.0,0.0,BPCL
2022-12-28,137.28288523215724,137.53555568935823,135.66159705408347,136.48277282714844,9481554,0.0,0.0,BPCL
2022-12-29,136.48276997447647,138.12510863492602,134.819367946411,137.78822326660156,6195112,0.0,0.0,BPCL
2022-12-30,138.12510415681732,140.23066976896393,137.93559811118308,139.17788696289062,4199128,0.0,0.0,BPCL
2023-01-02,138.98838541900133,140.94657178280417,137.93560257882908,140.588623046875,4405586,0.0,0.0,BPCL
2023-01-03,140.58860472615117,142.33622144282685,139.64110029346963,141.85194396972656,5264652,0.0,0.0,BPCL
2023-01-04,142.56783528836417,143.51533976618143,140.71494021312523,141.62033081054688,5848474,0.0,0.0,BPCL
2023-01-05,141.91511785614796,144.42074599741312,141.32556207330683,144.16807556152344,7428290,0.0,0.0,BPCL
2023-01-06,144.02067386563942,145.93673324582596,143.2837259730521,145.15768432617188,7364410,0.0,0.0,BPCL
2023-01-09,146.48419255057715,147.11586219257936,145.32613154023983,146.02096557617188,4519436,0.0,0.0,BPCL
2023-01-10,146.5473720926044,146.96848523080155,144.52603416979937,146.27365112304688,4762962,0.0,0.0,BPCL
2023-01-11,146.9052922102233,150.7584741037788,145.64195304175587,148.44235229492188,14348024,0.0,0.0,BPCL
2023-01-12,149.05298581386086,149.05298581386086,144.61023492999277,145.30506896972656,5863672,0.0,0.0,BPCL
2023-01-13,145.45246491229614,147.87386528295266,144.04173343042584,147.43170166015625,5433700,0.0,0.0,BPCL
2023-01-16,148.23180799961938,148.40025066571226,144.90501715171644,146.94741821289062,5698298,0.0,0.0,BPCL
2023-01-17,147.68438827770473,147.95810925758843,145.47354421876517,146.7158203125,3477566,0.0,0.0,BPCL
2023-01-18,146.88422665866273,147.09478318360425,144.3996622346229,145.72616577148438,4099580,0.0,0.0,BPCL
2023-01-19,145.68407679736885,147.34746577117852,144.86290114163586,147.2421875,3279112,0.0,0.0,BPCL
2023-01-20,147.05268331680236,147.8106816720161,145.51561039155428,145.85250854492188,3993550,0.0,0.0,BPCL
2023-01-23,146.12623382976483,147.3895730271403,145.68407025122374,147.22113037109375,3362750,0.0,0.0,BPCL
2023-01-24,147.38958181780336,148.42131403106865,146.48419124262148,146.94741821289062,4752342,0.0,0.0,BPCL
2023-01-25,146.8421412513154,147.60013968117732,145.57880196731105,146.02096557617188,3866394,0.0,0.0,BPCL
2023-01-27,146.08413984993538,147.2000870560083,139.5990003237194,141.72561645507812,5251902,0.0,0.0,BPCL
2023-01-30,141.87300394934417,142.86262232644484,139.93588107634227,141.11500549316406,6395210,0.0,0.0,BPCL
2023-01-31,144.42074457323483,148.02125648226254,143.70484715383242,144.5470733642578,17988324,0.0,0.0,BPCL
2023-02-01,144.54709133618115,145.1577105552003,138.96734199836789,140.9465789794922,8358226,0.0,0.0,BPCL
2023-02-02,140.86233860455118,141.4940082843922,138.75677300508104,139.89378356933594,9029328,0.0,0.0,BPCL
2023-02-03,139.78849570540635,140.12538103768355,135.68264306793853,137.57765197753906,5653818,0.0,0.0,BPCL
2023-02-06,136.46169142420874,140.92549274030947,136.46169142420874,140.54649353027344,6611800,0.0,0.0,BPCL
2023-02-07,140.65178831724793,141.57824236287286,139.62005598695444,139.8727264404297,3480708,0.0,0.0,BPCL
2023-02-08,139.72534108602676,141.4097937228751,138.56727989819356,140.73602294921875,2499180,0.0,0.0,BPCL
2023-02-09,139.85166810567424,142.20990412068505,139.5358332693251,140.52545166015625,4275406,0.0,0.0,BPCL
2023-02-10,140.69389305620533,141.40977763460705,139.62004691157435,140.6517791748047,2551682,0.0,0.0,BPCL
2023-02-13,140.6517777514732,142.2099013880633,139.83060205220366,141.03077697753906,3587566,0.0,0.0,BPCL
2023-02-14,140.23066091869018,140.96760883643103,139.17787817906037,139.45159912109375,2385346,0.0,0.0,BPCL
2023-02-15,139.45159912109375,140.08326876487163,138.3356519873565,139.45159912109375,3529300,0.0,0.0,BPCL
2023-02-16,139.45159856949604,140.29382475786846,136.35641475695698,137.1565399169922,7507670,0.0,0.0,BPCL
2023-02-17,137.15654881011727,140.2306694564596,137.0933715608116,139.6832275390625,6702378,0.0,0.0,BPCL
2023-02-20,140.16751737969426,140.42018784506985,137.26183915625904,137.34605407714844,3546252,0.0,0.0,BPCL
2023-02-21,137.68294058885348,138.35671130400107,135.6615898893528,136.12481689453125,2962498,0.0,0.0,BPCL
2023-02-22,135.8089706581759,136.01952720183198,133.15596334864983,134.94569396972656,8178548,0.0,0.0,BPCL
2023-02-23,135.59842740452916,136.29326149642466,133.91397489018718,134.98780822753906,5490782,0.0,0.0,BPCL
2023-02-24,135.09308974659416,135.66159505407686,133.32442227496847,133.72447204589844,3794754,0.0,0.0,BPCL
2023-02-27,133.99818952327416,135.24046542003416,132.50323035250503,134.94569396972656,3962002,0.0,0.0,BPCL
2023-02-28,133.55601577056777,135.4510247017794,132.2505626032405,133.64024353027344,7852658,0.0,0.0,BPCL
2023-03-01,133.40861650533952,135.177296554064,132.8822251636181,133.0296173095703,6991434,0.0,0.0,BPCL
2023-03-02,133.3665324367834,135.53526247016185,132.44007841701355,135.1983642578125,6768720,0.0,0.0,BPCL
2023-03-03,135.8932189672644,136.39854703764868,134.86148660678043,135.34576416015625,4226202,0.0,0.0,BPCL
2023-03-06,135.76686584183938,137.49343218534077,135.24047444756164,136.67225646972656,3629924,0.0,0.0,BPCL
2023-03-08,136.4196062713106,137.89350225512814,135.9353158812595,137.3249969482422,4785062,0.0,0.0,BPCL
2023-03-09,137.32500595928605,137.66189135143756,136.25115967551451,136.79861450195312,3895532,0.0,0.0,BPCL
2023-03-10,136.86176093499012,138.08298638537036,134.98780245241628,137.30392456054688,3517038,0.0,0.0,BPCL
2023-03-13,137.2828868758051,137.53555733603127,135.28259941365764,135.85110473632812,3910894,0.0,0.0,BPCL
2023-03-14,136.52485459682765,138.50407820139242,135.53523636887013,137.36708068847656,5894652,0.0,0.0,BPCL
2023-03-15,138.54621653160274,140.39911169002238,137.85138245361446,139.09365844726562,5511946,0.0,0.0,BPCL
2023-03-16,141.0729040080826,148.5476623547795,140.71495526346305,147.7686004638672,36574630,0.0,0.0,BPCL
2023-03-17,147.81071380651213,149.47411586880764,145.4735409937026,147.97915649414062,23389012,0.0,0.0,BPCL
2023-03-20,149.43200068635215,152.02184393379014,147.60015595233642,151.45333862304688,18492346,0.0,0.0,BPCL
2023-03-21,151.68494394281495,152.27449971325302,149.8109855050223,150.99009704589844,10250562,0.0,0.0,BPCL
2023-03-22,150.88481814983723,151.1796024595191,147.70541939464158,148.1475830078125,11934054,0.0,0.0,BPCL
2023-03-23,147.3895819551802,148.08441598555572,146.33679922692892,146.6947479248047,5146176,0.0,0.0,BPCL
2023-03-24,146.5052363013498,147.28429806079077,144.8628978782331,145.45245361328125,5875488,0.0,0.0,BPCL
2023-03-27,144.9050361121725,146.08414778045804,144.31548027802972,145.2208709716797,4245926,0.0,0.0,BPCL
2023-03-28,144.02070139693012,144.39970067244073,141.22030144003836,143.1153106689453,6854316,0.0,0.0,BPCL
2023-03-29,143.17847507297145,144.18914409145108,141.62035123310642,143.1153106689453,5971840,0.0,0.0,BPCL
2023-03-31,145.2419129968149,145.8735826788985,143.57852387813966,144.98924255371094,10137510,0.0,0.0,BPCL
2023-04-03,142.33622915033035,142.33622915033035,138.60937560970365,138.94627380371094,18864744,0.0,0.0,BPCL
2023-04-05,139.7674367029563,140.1885498071239,137.7039850628055,138.14614868164062,8249158,0.0,0.0,BPCL
2023-04-06,138.67252936086854,140.44120940242905,138.56725109295067,139.80953979492188,4767830,0.0,0.0,BPCL
2023-04-10,139.80955013016774,141.83088788307515,139.64110745931745,141.40977478027344,4930618,0.0,0.0,BPCL
2023-04-11,141.5571800849458,142.96791168063658,141.13606694302933,142.79946899414062,2729894,0.0,0.0,BPCL
2023-04-12,142.79946949882333,142.8626339000634,141.11501692520432,142.0414581298828,4260174,0.0,0.0,BPCL
2023-04-13,142.7152249434412,142.7152249434412,139.24104191898527,139.91482543945312,8347294,0.0,0.0,BPCL
2023-04-17,139.91483041517904,141.49400457336392,139.09365471238203,141.36767578125,2905562,0.0,0.0,BPCL
2023-04-18,141.36767479613155,142.3572803139496,140.146436507897,140.98866271972656,5806422,0.0,0.0,BPCL
2023-04-19,141.0518484825693,144.5681328481684,140.52545706839544,144.02069091796875,9852864,0.0,0.0,BPCL
2023-04-20,144.8418658066252,145.28402945137086,143.7469691013588,144.73658752441406,4865018,0.0,0.0,BPCL
2023-04-21,144.77868590398697,146.92636539202098,144.27335786944238,145.78936767578125,6552688,0.0,0.0,BPCL
2023-04-24,145.7893666182527,146.4631373260914,144.3365212203515,146.21047973632812,4245824,0.0,0.0,BPCL
2023-04-25,145.38930274359615,146.77897088054647,145.38930274359615,146.33680725097656,3084392,0.0,0.0,BPCL
2023-04-26,146.04202135955984,147.17903189672782,145.326136783606,146.96847534179688,2639794,0.0,0.0,BPCL
2023-04-27,147.38958861892104,150.12682383612957,146.90531111230075,149.7688751220703,7271052,0.0,0.0,BPCL
2023-04-28,149.91627379694734,150.88482885228538,148.4213273308054,150.59005737304688,6742936,0.0,0.0,BPCL
2023-05-02,150.88479486199543,153.66414345519794,150.75846609240207,152.0639190673828,6425960,0.0,0.0,BPCL
2023-05-03,152.9693237218184,154.8853830628589,151.53754184431386,151.93759155273438,8712958,0.0,0.0,BPCL
2023-05-04,153.20094725477196,155.45390500732645,152.08500006185503,155.1170196533203,8282286,0.0,0.0,BPCL
2023-05-05,154.59061649256518,155.66444972168367,153.3062138690248,153.89578247070312,3300230,0.0,0.0,BPCL
2023-05-08,153.89580292536522,155.26442063722916,152.63246349902929,154.8433074951172,2400728,0.0,0.0,BPCL
2023-05-09,154.0642215796499,155.8118382765354,153.57994411203362,154.56954956054688,4179678,0.0,0.0,BPCL
2023-05-10,154.96960747661407,157.0751727955898,153.87471094047652,156.71722412109375,5561956,0.0,0.0,BPCL
2023-05-11,157.1383515840441,157.8752995132148,156.4435175353821,156.88568115234375,3387368,0.0,0.0,BPCL
2023-05-12,156.6119642627967,156.6119642627967,151.17960767160827,152.4008331298828,7791814,0.0,0.0,BPCL
2023-05-15,152.4429217854134,153.22198348635476,150.0636356593089,150.3373565673828,4809530,0.0,0.0,BPCL
2023-05-16,150.86377194414416,154.25372734554423,150.337380555644,152.56927490234375,7572742,0.0,0.0,BPCL
2023-05-17,154.4432240957426,155.60128508078228,153.2641125969701,153.6009979248047,7759756,0.0,0.0,BPCL
2023-05-18,154.12738672919428,154.12738672919428,151.64282213634365,151.89549255371094,3426890,0.0,0.0,BPCL
2023-05-19,151.64283586873546,152.653504778377,150.59005307716046,151.72705078125,2315526,0.0,0.0,BPCL
2023-05-22,152.4218672292774,152.758752514683,150.99007263792896,152.27447509765625,3206888,0.0,0.0,BPCL
2023-05-23,154.54849331322913,156.23294555642508,153.70626719163116,154.3800506591797,11943178,0.0,0.0,BPCL
2023-05-24,154.3590045635957,155.4328506995756,152.37978066723352,152.99038696289062,3750960,0.0,0.0,BPCL
2023-05-25,152.8640581710587,153.36939904109067,151.74811100536962,152.99038696289062,3352570,0.0,0.0,BPCL
2023-05-26,153.70629862561157,154.54852491945053,152.9061862167352,153.41151428222656,2185592,0.0,0.0,BPCL
2023-05-29,153.41153443536408,154.67487404208302,152.02186600851522,152.316650390625,2341038,0.0,0.0,BPCL
2023-05-30,152.8640463464133,153.28515942174778,151.60070712040988,151.76914978027344,2722688,0.0,0.0,BPCL
2023-05-31,151.7691622673005,154.31690429350388,151.6849473561154,153.07461547851562,23214480,0.0,0.0,BPCL
2023-06-01,153.83260422172197,155.34861389219523,153.32727623246515,153.5167694091797,3537282,0.0,0.0,BPCL
2023-06-02,153.53783743511914,154.4642785358897,151.22171540616503,151.62176513671875,6932474,0.0,0.0,BPCL
2023-06-05,151.6428549991297,152.44296745139383,149.4951752631072,150.253173828125,5858136,0.0,0.0,BPCL
2023-06-06,150.35844567740082,151.17962146377613,149.32672616652422,149.9794464111328,4213074,0.0,0.0,BPCL
2023-06-07,150.33739084742945,155.6013050927876,150.23211256252227,155.01174926757812,12830856,0.0,0.0,BPCL
2023-06-08,154.8011537869376,154.8011537869376,151.72702092955075,152.0639190673828,7164382,0.0,0.0,BPCL
2023-06-09,152.0639441575308,153.285169586715,151.09537630922114,151.36911010742188,3085970,0.0,0.0,BPCL
2023-06-12,151.8112747857303,156.86463206015128,151.6849459944106,156.50668334960938,9434298,0.0,0.0,BPCL
2023-06-13,157.70684954613682,158.71751837482708,156.82250950177604,157.32785034179688,7974634,0.0,0.0,BPCL
2023-06-14,157.28574269845168,159.39130819642293,156.19084606923624,157.30679321289062,6714368,0.0,0.0,BPCL
2023-06-15,157.95952875445758,160.2124864435907,157.07518866089526,159.55975341796875,12210880,0.0,0.0,BPCL
2023-06-16,158.7596580686681,159.47555556654834,157.6647613048204,158.67543029785156,4278588,0.0,0.0,BPCL
2023-06-19,158.75965361184802,159.475551089631,157.55947859384855,157.81214904785156,3034770,0.0,0.0,BPCL
2023-06-20,157.91743080101492,157.9384813179137,156.44353478020545,156.84359741210938,2415876,0.0,0.0,BPCL
2023-06-21,156.84358748520467,157.81214252560798,156.38036048056946,156.990966796875,2680298,0.0,0.0,BPCL
2023-06-22,156.40141084149423,159.47554434095923,156.29613256106092,157.24363708496094,4024128,0.0,0.0,BPCL
2023-06-23,155.8960674564835,156.23295278015897,150.8848115201898,151.43226623535156,10934896,0.0,0.0,BPCL
2023-06-26,152.37978595593145,152.80089907845644,149.7688794557356,150.88482666015625,5281280,0.0,0.0,BPCL
2023-06-27,152.02182885444373,153.15883936314793,150.75848955648436,151.74810791015625,6784532,0.0,0.0,BPCL
2023-06-28,151.83232422096947,154.46428111601713,151.26383181272078,153.87472534179688,7166772,0.0,0.0,BPCL
2023-06-30,154.06423355996208,155.306509521201,152.12711068751156,153.5799560546875,8391660,0.0,0.0,BPCL
2023-07-03,153.79052961518454,160.00194866228472,153.03251822404826,158.04376220703125,12429962,0.0,0.0,BPCL
2023-07-04,158.04372320334258,159.32812572217003,157.13833271222353,158.6122283935547,5390328,0.0,0.0,BPCL
2023-07-05,158.61224809822681,163.0128851768688,157.9174140466918,162.78126525878906,12565366,0.0,0.0,BPCL
2023-07-06,162.7812658339903,167.24506732375374,162.1285456608317,165.623779296875,13080534,0.0,0.0,BPCL
2023-07-07,165.4974450634885,167.56089664286472,163.9393214834188,164.92893981933594,6527978,0.0,0.0,BPCL
2023-07-10,165.07633139844623,165.5606088820234,161.7495405553295,162.63388061523438,7264538,0.0,0.0,BPCL
2023-07-11,163.39190309072262,164.9710774118314,162.29700632448316,164.61312866210938,6249314,0.0,0.0,BPCL
2023-07-12,164.444661762993,165.39216621617285,162.14959028030557,162.63388061523438,3379704,0.0,0.0,BPCL
2023-07-13,162.84444994814643,163.24449970453742,159.4544815941975,159.83348083496094,4556112,0.0,0.0,BPCL
2023-07-14,160.022986881019,160.75993484691844,158.17009170845668,159.83348083496094,6358916,0.0,0.0,BPCL
2023-07-17,160.02298551208455,161.62321022666438,159.60187239231593,160.7599334716797,3944706,0.0,0.0,BPCL
2023-07-18,161.68639145634518,163.26556569435604,159.3492058732774,159.58082580566406,4545860,0.0,0.0,BPCL
2023-07-19,160.02296655152705,162.3390884358255,159.41234745967162,161.93902587890625,4894862,0.0,0.0,BPCL
2023-07-20,162.52860813994,163.85511185143693,161.39159761502717,163.37083435058594,5790108,0.0,0.0,BPCL
2023-07-21,163.37083011470838,165.49744610090966,162.5496544400792,164.50782775878906,4677570,0.0,0.0,BPCL
2023-07-24,164.40256543445867,165.0342351373457,163.24450431249912,164.04461669921875,2997768,0.0,0.0,BPCL
2023-07-25,163.30766493631756,164.61311819570173,161.83376899699573,162.71810913085938,4256186,0.0,0.0,BPCL
2023-07-26,163.3497641263202,166.33966961885343,161.60214738287343,163.05499267578125,12787834,0.0,0.0,BPCL
2023-07-27,164.23411943288562,164.9289535217542,152.927229409351,159.7071533203125,16459384,0.0,0.0,BPCL
2023-07-28,159.93875214972385,159.93875214972385,156.69618895180673,157.2646942138672,7259444,0.0,0.0,BPCL
2023-07-31,157.36997490186516,159.37026218141102,156.50668531251296,158.97019958496094,10035348,0.0,0.0,BPCL
2023-08-01,158.97019958496094,159.93875460083171,157.60158197264008,158.97019958496094,9122844,0.0,0.0,BPCL
2023-08-02,159.0965222881967,159.47553435510625,154.75906254648226,155.43284606933594,9528240,0.0,0.0,BPCL
2023-08-03,155.58023888238392,156.54879386528677,153.41149615098306,154.96961975097656,6404888,0.0,0.0,BPCL
2023-08-04,155.0327761141156,156.16978655805914,151.62175763363615,151.76914978027344,6557502,0.0,0.0,BPCL
2023-08-07,152.864069128387,153.05357518107087,150.80061732199343,151.87445068359375,4002256,0.0,0.0,BPCL
2023-08-08,152.65351659116655,153.2220219128802,150.0847238106721,150.69534301757812,6307980,0.0,0.0,BPCL
2023-08-09,151.60071575512396,152.31661316450834,150.7795400709096,151.74810791015625,6443716,0.0,0.0,BPCL
2023-08-10,152.37975898924913,153.70626252018062,151.41119126803778,152.71664428710938,8137376,0.0,0.0,BPCL
2023-08-11,152.99344284303572,153.93022952070288,151.9715020094697,152.24827575683594,5578802,2.0,0.0,BPCL
2023-08-14,152.4398933361179,152.8231195193113,149.5869627601667,151.8224639892578,5111068,0.0,0.0,BPCL
2023-08-16,151.90761452171176,153.9302106505923,150.80050667328305,152.3972930908203,3864088,0.0,0.0,BPCL
2023-08-17,152.86570265492233,153.41925014075795,150.88568988520873,151.9927978515625,4778606,0.0,0.0,BPCL
2023-08-18,151.99278669659273,152.58891771328385,149.9063086461515,150.26824951171875,4777304,0.0,0.0,BPCL
2023-08-21,150.26826720212225,151.11988675327586,149.3101952070744,149.9063262939453,5180764,0.0,0.0,BPCL
2023-08-22,149.92759449278455,151.0347022860518,147.54305762913515,147.71337890625,8015338,0.0,0.0,BPCL
2023-08-23,148.67147364514608,148.79922436870118,146.5850084405712,146.81919860839844,6414210,0.0,0.0,BPCL
2023-08-24,147.94760198529505,150.24697202314687,147.3940415166663,149.565673828125,8741756,0.0,0.0,BPCL
2023-08-25,149.58695709154935,150.80051745457587,148.60759988331438,149.13986206054688,5113762,0.0,0.0,BPCL
2023-08-28,151.26892161843662,152.39731491616112,150.01277759220486,151.2902069091797,10985570,0.0,0.0,BPCL
2023-08-29,151.58828193384971,152.69538996264032,151.07730499912074,151.92892456054688,6253738,0.0,0.0,BPCL
2023-08-30,150.39600117383597,151.07728634310067,149.11857198944216,149.86373901367188,9709432,0.0,0.0,BPCL
2023-08-31,149.4592233435151,149.88503309663054,144.392089880378,145.00950622558594,13575650,0.0,0.0,BPCL
2023-09-01,145.22240959894935,146.86177973041114,145.00950472459542,146.563720703125,9980752,0.0,0.0,BPCL
2023-09-04,146.75532830252283,148.50115088316824,145.96757766305916,146.77662658691406,6898572,0.0,0.0,BPCL
2023-09-05,147.2876014436053,150.14053218957065,147.0108276833987,149.11859130859375,8363178,0.0,0.0,BPCL
2023-09-06,149.0121266846247,150.67278210482908,148.20307776673334,150.3747100830078,6751054,0.0,0.0,BPCL
2023-09-07,150.73663803872324,151.69470989066429,150.3746971846093,150.99212646484375,7249346,0.0,0.0,BPCL
2023-09-08,151.05602104334278,155.20766644199705,150.7579489963353,154.12185668945312,10344130,0.0,0.0,BPCL
2023-09-11,155.50571971610188,157.017339070638,153.58957591727375,154.88829040527344,10452850,0.0,0.0,BPCL
2023-09-12,155.4205721327732,155.63347702610577,147.7772812642607,148.3521270751953,18168222,0.0,0.0,BPCL
2023-09-13,149.28888964364958,151.6521283793143,147.8411392022207,151.41793823242188,9713718,0.0,0.0,BPCL
2023-09-14,152.43990474262304,154.24959634920447,151.6308687409704,152.75926208496094,10116738,0.0,0.0,BPCL
2023-09-15,152.4185908816152,152.6740663118523,149.56566062694412,149.99147033691406,12383408,0.0,0.0,BPCL
2023-09-18,149.99149005470807,153.7599090822725,149.31019183025685,153.4405517578125,10007488,0.0,0.0,BPCL
2023-09-20,150.7366309111958,151.92889285047428,149.54436897191732,150.11920166015625,18292152,0.0,0.0,BPCL
2023-09-21,150.31084891526655,152.65280265190668,149.7998719930355,151.2689208984375,9879542,0.0,0.0,BPCL
2023-09-22,151.3753583506652,152.22697780692775,149.60825057785678,149.86373901367188,3982102,0.0,0.0,BPCL
2023-09-25,150.48116764743892,150.52375122267608,148.20308281641945,149.8424530029297,4959752,0.0,0.0,BPCL
2023-09-26,149.84246013624895,151.09860419478952,149.4166503529719,149.7360076904297,3788360,0.0,0.0,BPCL
2023-09-27,149.73599823596845,150.39601115518406,147.58566416406677,148.60760498046875,5969046,0.0,0.0,BPCL
2023-09-28,147.77725988377287,149.03340377056887,145.6269259700987,146.45726013183594,9701978,0.0,0.0,BPCL
2023-09-29,147.22372195317075,148.24566276041682,146.9043646387387,147.58566284179688,2669870,0.0,0.0,BPCL
2023-10-03,148.39469576161048,148.69276778023837,145.13725381943837,145.35015869140625,10514554,0.0,0.0,BPCL
2023-10-04,145.35015869140625,146.8830763685114,144.58369335551262,145.35015869140625,6049760,0.0,0.0,BPCL
2023-10-05,147.1172610321772,148.07533292023047,145.96756956864064,146.670166015625,7115506,0.0,0.0,BPCL
2023-10-06,146.90438448455444,148.60762372495506,146.47857467445428,147.84117126464844,3717076,0.0,0.0,BPCL
2023-10-09,145.20110877541933,145.47788248353308,143.1359291161876,144.77529907226562,8740080,0.0,0.0,BPCL
2023-10-10,144.79659692659536,145.88241956068552,144.4346690432473,144.9456329345703,3572978,0.0,0.0,BPCL
2023-10-11,145.71209149558194,147.03209123286692,145.4140194934768,145.86111450195312,4799512,0.0,0.0,BPCL
2023-10-12,146.86177362381903,149.18244185565524,146.4998327535306,148.4798583984375,7703802,0.0,0.0,BPCL
2023-10-13,147.7985886617516,149.28892300695432,147.77729037429532,148.0540771484375,3981804,0.0,0.0,BPCL
2023-10-16,146.90437003809228,148.37341893634635,145.62694073341322,147.86244201660156,3262470,0.0,0.0,BPCL
2023-10-17,148.56502456747157,152.312158300264,147.62825088028555,151.03472900390625,10443728,0.0,0.0,BPCL
2023-10-18,151.16247307054755,151.8011877454935,148.5437455022057,149.11859130859375,9162228,0.0,0.0,BPCL
2023-10-19,148.82051104732838,150.97084513640527,148.67147503246463,150.60891723632812,5743188,0.0,0.0,BPCL
2023-10-20,149.28890979386986,150.2256835025616,146.71275285693068,147.50050354003906,4400690,0.0,0.0,BPCL
2023-10-23,147.13855186946614,147.88371892160865,145.47789646648496,145.9675750732422,7813800,0.0,0.0,BPCL
2023-10-25,145.86110788844533,147.54306140536877,144.136583797164,144.75401306152344,5429774,0.0,0.0,BPCL
2023-10-26,143.75336335861442,144.32820907670225,141.13463619252695,142.64625549316406,7743878,0.0,0.0,BPCL
2023-10-27,142.64627003140225,144.0301517555875,142.2204602701145,142.62498474121094,2996088,0.0,0.0,BPCL
2023-10-30,143.92367526305247,148.56499828650476,143.54044914087393,147.71337890625,21873188,0.0,0.0,BPCL
2023-10-31,148.33083934898627,150.71537671410715,146.75533796631268,148.7140655517578,10673186,0.0,0.0,BPCL
2023-11-01,149.26758709386095,152.75923187750487,149.26758709386095,151.9714813232422,13929780,0.0,0.0,BPCL
2023-11-02,153.6960300916855,154.14312511860425,152.12052886359493,153.52569580078125,10130432,0.0,0.0,BPCL
2023-11-03,153.7811855491506,154.8670081868227,153.37667409152073,153.9302215576172,5627900,0.0,0.0,BPCL
2023-11-06,154.48377099933276,157.18766549146724,153.8663546630496,155.95281982421875,9072020,0.0,0.0,BPCL
2023-11-07,156.18700860625637,159.10380794608233,155.9315331560847,158.7418670654297,10702176,0.0,0.0,BPCL
2023-11-08,159.87027970951635,165.17160342867416,159.2741356493241,163.5961151123047,24020912,0.0,0.0,BPCL
2023-11-09,163.97933357292257,166.34257243349074,162.9999633735162,163.31932067871094,12843896,0.0,0.0,BPCL
2023-11-10,162.57413947158344,164.4051289920134,162.0205920553377,163.53221130371094,4932486,0.0,0.0,BPCL
2023-11-13,163.29804537713883,165.51226135978672,163.29804537713883,164.83096313476562,4838906,0.0,0.0,BPCL
2023-11-15,165.21418217319368,167.51355221275014,164.85224128856854,167.151611328125,11266250,0.0,0.0,BPCL
2023-11-16,167.76904121982125,170.8774471917572,167.34323147053237,169.74905395507812,15416172,0.0,0.0,BPCL
2023-11-17,170.3239015705077,173.3471534223207,165.7464467158003,166.17225646972656,16380696,0.0,0.0,BPCL
2023-11-20,166.3425736809957,167.5135504754916,164.97999029875524,166.91741943359375,4506882,0.0,0.0,BPCL
2023-11-21,166.91742666972053,167.42840358188866,164.61805655432929,165.2141876220703,4477214,0.0,0.0,BPCL
2023-11-22,166.91741302926766,171.5161528842422,166.53418687380005,171.2180938720703,25730664,0.0,0.0,BPCL
2023-11-23,171.83550331121214,176.07231512453592,170.60065775087108,175.13552856445312,16239092,0.0,0.0,BPCL
2023-11-24,175.85941939602398,175.85941939602398,173.30456100286142,174.8374786376953,10975546,0.0,0.0,BPCL
2023-11-28,176.30652371086444,181.35237190228622,175.9020122407658,180.75624084472656,23186856,0.0,0.0,BPCL
2023-11-29,181.39495271359402,184.99305028336804,178.28654674994291,182.52334594726562,25208812,0.0,0.0,BPCL
2023-11-30,185.01432221350424,186.82401351248558,182.69365405576153,185.52529907226562,32721308,0.0,0.0,BPCL
2023-12-01,187.35628868346888,188.37822947735137,184.5459417542804,186.50466918945312,19278842,0.0,0.0,BPCL
2023-12-04,189.4853243512684,197.91635156273318,189.05951463362507,196.5111846923828,41482794,0.0,0.0,BPCL
2023-12-05,200.15188139203627,202.8770743729874,198.00154720627154,201.0673828125,38376064,0.0,0.0,BPCL
2023-12-06,204.81447813651286,205.45319272529616,199.40668942027494,201.34413146972656,27408826,0.0,0.0,BPCL
2023-12-07,203.111254216498,203.9628737310326,200.76930055152792,202.13189697265625,23850564,0.0,0.0,BPCL
2023-12-08,203.06865424688056,203.30285739127845,198.34216372387513,200.3221893310547,18940478,0.0,0.0,BPCL
2023-12-11,202.19575538629593,202.19575538629593,194.40342943426162,198.2144317626953,27693108,0.0,0.0,BPCL
2023-12-12,198.66036428599776,201.31363385402236,198.66036428599776,199.5745086669922,19940320,10.5,0.0,BPCL
2023-12-13,200.44406905360728,202.60681645810894,198.86103457460106,199.55221557617188,26664018,0.0,0.0,BPCL
2023-12-14,200.64473077429037,200.64473077429037,197.12189884037198,198.74954223632812,12555568,0.0,0.0,BPCL
2023-12-15,198.437392950589,202.20547922646298,197.1888035619818,200.22109985351562,22079148,0.0,0.0,BPCL
2023-12-18,200.22110665983965,200.7785150859528,198.03606835119697,199.44073486328125,16831064,0.0,0.0,BPCL
2023-12-19,199.4407403679806,201.33592906907376,198.4596960675023,200.55555725097656,12644672,0.0,0.0,BPCL
2023-12-20,202.18317894387155,203.05274152063453,195.4719870250124,195.96250915527344,17347978,0.0,0.0,BPCL
2023-12-21,193.9335453129008,200.86771460001896,192.84103291544045,200.46636962890625,18554414,0.0,0.0,BPCL
2023-12-22,200.53327205693773,202.16090203065653,198.45970170874014,199.17318725585938,11559264,0.0,0.0,BPCL
2023-12-26,199.77518465465909,203.56556204208005,198.21444102454456,201.38052368164062,22976450,0.0,0.0,BPCL
2023-12-27,202.42844862249132,203.5209609679328,199.90895166013357,202.7628936767578,12398088,0.0,0.0,BPCL
2023-12-28,203.34261518486068,209.96463070372033,202.78520670025304,207.7126922607422,45183336,0.0,0.0,BPCL
2023-12-29,202.67371468782986,204.2344583652939,200.065040390919,200.95689392089844,17088440,0.0,0.0,BPCL
2024-01-01,204.8587565154077,204.8587565154077,200.97920176075573,201.58119201660156,7006288,0.0,0.0,BPCL
2024-01-02,201.58117333103942,204.8587375260318,199.81977090852513,203.45407104492188,9458818,0.0,0.0,BPCL
2024-01-03,205.10401964687452,207.48971693694114,202.91896762596127,205.5945281982422,15058884,0.0,0.0,BPCL
2024-01-04,203.6993329052515,204.01148707208225,201.11296321204173,201.84873962402344,17904916,0.0,0.0,BPCL
2024-01-05,203.29799738348433,204.97022265304898,201.224440770945,202.04940795898438,8080468,0.0,0.0,BPCL
2024-01-08,203.76624539443958,207.0437963056511,201.31364813055842,202.8966827392578,18232610,0.0,0.0,BPCL
2024-01-09,205.1262947991997,206.79852002854102,203.18651081144307,205.10400390625,12301290,0.0,0.0,BPCL
2024-01-10,202.98585759566637,203.4094798337214,198.481994797633,201.2244415283203,15261992,0.0,0.0,BPCL
2024-01-11,202.40615893148941,205.66143252971798,202.0940183564955,204.54661560058594,15751252,0.0,0.0,BPCL
2024-01-12,204.68037706740358,205.6168259587139,202.94126547417267,204.34593200683594,11990812,0.0,0.0,BPCL
2024-01-15,205.1262947991997,206.68703834658493,203.18651081144307,205.10400390625,10408382,0.0,0.0,BPCL
2024-01-16,205.57222600962456,213.95564323208518,205.34926264085055,210.85646057128906,42369500,0.0,0.0,BPCL
2024-01-17,210.47741191264174,212.77393179971364,207.8687378780207,210.3213348388672,22429284,0.0,0.0,BPCL
2024-01-18,208.2478065007599,214.44618602820492,205.57224581766664,211.01255798339844,19802302,0.0,0.0,BPCL
2024-01-19,212.26113249114678,216.2744732315256,211.3915698872896,214.46847534179688,12973856,0.0,0.0,BPCL
2024-01-23,217.83523110648483,217.83523110648483,205.17091332989642,206.48638916015625,18419550,0.0,0.0,BPCL
2024-01-24,207.35596361708554,213.37597546403316,206.59788260773118,212.7739715576172,15161312,0.0,0.0,BPCL
2024-01-25,212.7962255994655,217.7683055574173,210.03147463010785,211.54762268066406,21346674,0.0,0.0,BPCL
2024-01-29,211.36927527487657,223.58766525891863,209.31800954415905,219.68580627441406,27869484,0.0,0.0,BPCL
2024-01-30,221.55870885330864,230.92315701136081,219.90877443193213,224.83627319335938,44271876,0.0,0.0,BPCL
2024-01-31,225.61664579286153,228.55975147146103,222.31677693861812,224.0113067626953,20707736,0.0,0.0,BPCL
2024-02-01,224.9923505081307,229.78606337401,222.56205773198764,226.73147583007812,14008198,0.0,0.0,BPCL
2024-02-02,230.7001884434407,255.2484772958472,230.09819823030287,248.98318481445312,77556082,0.0,0.0,BPCL
2024-02-05,252.39455790476157,262.56168306242995,248.4035077736028,256.2964172363281,45025890,0.0,0.0,BPCL
2024-02-06,258.6152457159077,274.1112015732543,254.49042293373626,271.70318603515625,45260656,0.0,0.0,BPCL
2024-02-07,275.0476036420124,276.47457463194144,267.2438858096593,268.4701843261719,28791718,0.0,0.0,BPCL
2024-02-08,271.1234859740129,283.31957268809765,270.41001400307096,276.69757080078125,37522588,0.0,0.0,BPCL
2024-02-09,277.8123994566748,278.12455366355175,264.1224411026065,273.9328308105469,29524266,0.0,0.0,BPCL
2024-02-12,274.1557603035404,275.8502765091528,260.3097401672102,263.2974548339844,17042236,0.0,0.0,BPCL
2024-02-13,263.9663431752132,266.01759532332613,258.793576582723,260.55499267578125,12659942,0.0,0.0,BPCL
2024-02-14,259.52937350421547,280.64399463696157,259.52937350421547,278.10223388671875,47987362,0.0,0.0,BPCL
2024-02-15,280.9338411632875,292.9515720342697,277.8569358255684,291.07867431640625,51245018,0.0,0.0,BPCL
2024-02-16,296.9872321273559,306.7753302813017,290.6996754872195,291.9036560058594,55744810,0.0,0.0,BPCL
2024-02-19,294.2671108325514,297.29940767677454,290.23145145534426,290.9895324707031,24997270,0.0,0.0,BPCL
2024-02-20,290.9894695975783,296.09533587807374,284.16679636792543,293.24139404296875,20913510,0.0,0.0,BPCL
2024-02-21,295.9169655132747,297.8121541053493,280.93383835458013,282.3608093261719,17722264,0.0,0.0,BPCL
2024-02-22,280.4879223239659,281.3128759145059,272.3943410234418,279.1055603027344,27653580,0.0,0.0,BPCL
2024-02-23,277.3887134879658,280.71087302840743,274.3564172052862,275.5604248046875,12564690,0.0,0.0,BPCL
2024-02-26,275.136796601846,282.5391695457418,269.3843308103213,279.6629638671875,23264196,0.0,0.0,BPCL
2024-02-27,279.64067644974364,282.137882780206,274.8246726072098,278.7265319824219,14881202,0.0,0.0,BPCL
2024-02-28,278.6373421336346,278.9494963281601,270.2762148724764,271.70318603515625,12645922,0.0,0.0,BPCL
2024-02-29,271.56939132022126,272.8179807794012,265.0811625375395,269.2728576660156,20515464,0.0,0.0,BPCL
2024-03-01,272.46124291982875,279.70755257195185,271.5693894241828,277.9461364746094,15763236,0.0,0.0,BPCL
2024-03-04,278.79339786494234,286.8423699218336,276.85360025337405,285.5937805175781,14804172,0.0,0.0,BPCL
2024-03-05,285.86136036086043,289.62944714124416,281.87031018775826,287.6673583984375,12317936,0.0,0.0,BPCL
2024-03-06,286.7308883032216,291.1901556174241,278.81568882051215,284.6573181152344,18258188,0.0,0.0,BPCL
2024-03-07,284.05532792351016,285.9059347458447,277.36642695199896,278.5704345703125,11968574,0.0,0.0,BPCL
2024-03-11,275.136799472042,284.813415204857,272.92945665844377,279.3285217285156,15353008,0.0,0.0,BPCL
2024-03-12,279.59608828526103,283.3195659744246,274.9807570449483,278.9049072265625,14074364,0.0,0.0,BPCL
2024-03-13,280.0419874905244,280.0419874905244,264.969669403425,266.5527038574219,14910184,0.0,0.0,BPCL
2024-03-14,266.55269191358127,273.7990009785678,264.16699489291443,271.4578857421875,19372474,0.0,0.0,BPCL
2024-03-15,262.3163955704578,267.55603458100245,249.27303888463393,261.51373291015625,57039318,0.0,0.0,BPCL
2024-03-18,261.5137231789499,264.34534688601485,258.7712630396616,259.6631164550781,10980494,0.0,0.0,BPCL
2024-03-19,258.63753654366354,259.0165634258517,248.11367525394377,248.69337463378906,21665634,0.0,0.0,BPCL
2024-03-20,250.16490545448437,255.24848126504185,249.85275128765912,252.6844024658203,17528566,0.0,0.0,BPCL
2024-03-21,255.96196911587802,262.9630249340924,255.3153698480143,262.1157531738281,16625332,0.0,0.0,BPCL
2024-03-22,262.6508815760414,269.54045598442406,260.66650189997875,264.34539794921875,21445540,0.0,0.0,BPCL
2024-03-26,261.49147288370915,269.25058247211535,261.02322799415515,267.4891662597656,13567050,0.0,0.0,BPCL
2024-03-27,269.7856647781523,272.7956701289829,264.56831672660445,265.41558837890625,10893576,0.0,0.0,BPCL
2024-03-28,267.9573916216194,272.57272253970274,266.4858115911965,268.62628173828125,12168632,0.0,0.0,BPCL
2024-04-01,268.893820624924,271.5470901358918,266.73108685172275,267.8681945800781,6260114,0.0,0.0,BPCL
2024-04-02,269.7856811599891,276.6083549260479,267.5560474313942,274.6016845703125,18944588,0.0,0.0,BPCL
2024-04-03,273.35310927635453,276.1847333713708,271.48021140393917,272.43896484375,12456516,0.0,0.0,BPCL
2024-04-04,273.7990415695815,274.7354769160786,265.5271052848221,266.8871765136719,15187270,0.0,0.0,BPCL
2024-04-05,264.6798168713293,265.0142619336426,258.7489965430813,263.2974548339844,17546990,0.0,0.0,BPCL
2024-04-08,265.75007679461595,269.1614004187089,263.3643521301524,263.96636962890625,11628512,0.0,0.0,BPCL
2024-04-09,266.30746595580587,266.30746595580587,260.19826391320225,261.20159912109375,9089852,0.0,0.0,BPCL
2024-04-10,262.7846505403143,271.4356411083202,260.8671707967038,269.6742248535156,22286674,0.0,0.0,BPCL
2024-04-12,269.6741904567901,273.2861860894605,267.11011175463784,268.0911560058594,13419366,0.0,0.0,BPCL
2024-04-15,263.18598144742657,267.4668674931727,256.14034402258153,262.8961181640625,16619074,0.0,0.0,BPCL
2024-04-16,260.8671462060462,267.55604739081656,257.99091325315317,264.1224060058594,11546770,0.0,0.0,BPCL
2024-04-18,269.56271533371716,275.4043447625852,261.1123981358108,262.91839599609375,25834400,0.0,0.0,BPCL
2024-04-19,257.74565384980457,263.05219290418376,251.59187032589787,261.223876953125,20996084,0.0,0.0,BPCL
2024-04-22,265.25955649630015,271.48024104371086,264.43460277083113,269.09454345703125,17525618,0.0,0.0,BPCL
2024-04-23,271.2572443391782,271.7923618979237,263.87716185905884,264.4345703125,11440602,0.0,0.0,BPCL
2024-04-24,266.6641768107337,267.04320363336456,263.98861650828485,264.5906066894531,9778936,0.0,0.0,BPCL
2024-04-25,264.5906190992812,270.14241243069404,262.2272128313776,269.07220458984375,14346756,0.0,0.0,BPCL
2024-04-26,268.58169321364426,274.1111961532396,267.1547220791799,271.77008056640625,9905056,0.0,0.0,BPCL
2024-04-29,274.2226461135499,278.4812409114281,270.7667139805418,275.939453125,15908852,0.0,0.0,BPCL
2024-04-30,278.2583099165074,278.50356420135705,269.0722291619172,270.8336181640625,12520696,0.0,0.0,BPCL
2024-05-02,275.5827246808217,284.07762361467724,274.0219810944416,283.0074157714844,31766132,0.0,0.0,BPCL
2024-05-03,285.39311060983607,286.15119150333504,278.7487913665676,280.866943359375,8997336,0.0,0.0,BPCL
2024-05-06,283.1634876543457,283.2526784482298,270.2985117399256,272.1268005371094,9472036,0.0,0.0,BPCL
2024-05-07,277.58941390492595,280.2426836258528,268.44791513375975,269.4735412597656,19902238,0.0,0.0,BPCL
2024-05-08,271.1234442209211,278.39204427221824,269.0944830998803,276.60833740234375,13939168,0.0,0.0,BPCL
2024-05-09,278.70422518080693,278.70422518080693,263.1190794652543,264.0555419921875,19938848,0.0,0.0,BPCL
2024-05-10,274.2449759578814,277.34417259304286,268.2472551865798,275.87261962890625,44164342,0.0,0.0,BPCL
2024-05-13,278.6819377682387,278.6819377682387,263.8994545930645,270.6329650878906,22898652,0.0,0.0,BPCL
2024-05-14,273.08555305422334,275.44895938982614,268.5148038589013,270.2093200683594,12813314,0.0,0.0,BPCL
2024-05-15,271.5694125147608,280.04202144379275,270.69984983912843,278.7265319824219,18835012,0.0,0.0,BPCL
2024-05-16,281.82570470328284,282.42769492612945,272.48353389032565,275.91717529296875,26886936,0.0,0.0,BPCL
2024-05-17,276.34082195454494,280.7108988119079,275.7388044909449,280.17578125,10203386,0.0,0.0,BPCL
2024-05-21,280.9338146707286,289.4064217798458,278.7041812209609,287.1767883300781,21247760,0.0,0.0,BPCL
2024-05-22,289.8078112846748,290.1645472480928,281.40207555521334,285.6160888671875,14673810,0.0,0.0,BPCL
2024-05-23,287.62274504820545,291.68066746355277,285.66065652068335,288.71527099609375,14982550,0.0,0.0,BPCL
2024-05-24,288.5146253434103,295.80551727625516,286.1066098555146,291.6806945800781,16208524,0.0,0.0,BPCL
2024-05-27,292.8846769881365,295.09201979156035,288.2916370158576,292.55023193359375,12493582,0.0,0.0,BPCL
2024-05-28,293.39749239050917,293.86571000549833,286.55250087265165,288.2916259765625,8950082,0.0,0.0,BPCL
2024-05-29,285.39313991997943,286.70862936774023,282.00410727031397,282.51690673828125,10753416,0.0,0.0,BPCL
2024-05-30,282.7398523790267,283.9661509501359,278.03533057694045,279.0386657714844,9645688,0.0,0.0,BPCL
2024-05-31,280.93383353385104,282.8959219882719,275.4043313202702,279.9527893066406,18484104,0.0,0.0,BPCL
2024-06-03,296.54125056508946,306.3516378018292,290.6104309972287,297.0540771484375,33828234,0.0,0.0,BPCL
2024-06-04,298.77093323298965,298.77093323298965,252.7067037466289,258.7267150878906,45748526,0.0,0.0,BPCL
2024-06-05,268.4701920133321,268.4701920133321,238.2140731810193,259.1280212402344,47388174,0.0,0.0,BPCL
2024-06-06,263.5649761086143,270.8781850285799,258.7489730912448,260.48809814453125,37934232,0.0,0.0,BPCL
2024-06-07,260.8671177210258,268.4478715693291,259.17260171602265,267.4668273925781,21620630,0.0,0.0,BPCL
2024-06-10,269.9194311400565,271.94839221975235,267.6675067061697,268.7154235839844,14828594,0.0,0.0,BPCL
2024-06-11,270.3654091498099,273.2193515118666,264.7021334353231,270.7667541503906,27027544,0.0,0.0,BPCL
2024-06-12,277.1434381706429,278.19135500652993,273.1078070646965,273.5091247558594,23479388,0.0,0.0,BPCL
2024-06-13,276.02862892377675,277.1434456803348,273.576032059349,276.1846923828125,12050324,0.0,0.0,BPCL
2024-06-14,277.5002047925428,280.6216919718002,275.6942069394141,279.44000244140625,14628644,0.0,0.0,BPCL
2024-06-18,283.16349391573647,283.16349391573647,279.3285346488009,281.335205078125,15884950,0.0,0.0,BPCL
2024-06-19,282.80674757842536,282.80674757842536,274.24494861717903,274.6016845703125,19648006,0.0,0.0,BPCL
2024-06-20,276.47455479665666,280.3987043245229,273.263877103964,279.2615966796875,18076646,0.0,0.0,BPCL
2024-06-21,283.6094077476748,284.5012612311581,272.1045032541825,274.3341369628906,30004484,0.0,2.0,BPCL
2024-06-24,276.20700925487927,276.20700925487927,270.49912571309653,272.2382507324219,7557297,0.0,0.0,BPCL
2024-06-25,272.238263760874,273.30849878047775,262.91838438488014,264.25616455078125,15630568,0.0,0.0,BPCL
2024-06-26,265.7723229083007,268.3141106345899,264.2115794012889,266.1290588378906,7973173,0.0,0.0,BPCL
2024-06-27,266.4858309492759,273.7990409762421,264.0332336766874,271.8815612792969,12487595,0.0,0.0,BPCL
2024-06-28,272.77340418181444,273.44229432094727,268.9384177204605,271.0788879394531,9077880,0.0,0.0,BPCL
2024-07-01,272.6396058603353,273.665231866745,270.49913584340237,271.61395263671875,4793023,0.0,0.0,BPCL
2024-07-02,271.1234581429452,274.913835436062,269.51813276450844,271.4801940917969,5553786,0.0,0.0,BPCL
2024-07-03,272.46124695657835,274.200372185738,270.2316131844296,273.4422912597656,4355165,0.0,0.0,BPCL
2024-07-04,273.4422757941338,275.13679192168485,269.2951626559357,270.2315979003906,6607472,0.0,0.0,BPCL
2024-07-05,270.2316476795544,273.9774437817996,269.3397940568496,273.4869079589844,7684768,0.0,0.0,BPCL
2024-07-08,271.6585964830328,274.64631131578096,266.4858295682364,267.1101379394531,11488688,0.0,0.0,BPCL
2024-07-09,268.6708713388311,269.47353405872514,264.3453763485234,267.73443603515625,18094862,0.0,0.0,BPCL
2024-07-10,268.2695123103876,269.1613657784637,261.6698020900665,267.8681945800781,12134270,0.0,0.0,BPCL
2024-07-11,269.33975967557006,274.6908807287271,267.1993166977491,273.4422912597656,19246022,0.0,0.0,BPCL
2024-07-12,276.2070195989477,277.32183639226406,270.90048077587903,271.61395263671875,10426157,0.0,0.0,BPCL
2024-07-15,272.9071519915211,275.58271230516345,271.25721768800025,274.4678955078125,8687357,0.0,0.0,BPCL
2024-07-16,274.69088162425567,284.7242336316351,274.69088162425567,281.7811279296875,28132502,0.0,0.0,BPCL
2024-07-18,284.05531820726804,284.501244923449,278.88257918645166,283.7431640625,19588548,0.0,0.0,BPCL
2024-07-19,283.74317086398764,283.74317086398764,269.1613614518947,270.945068359375,19823046,0.0,0.0,BPCL
2024-07-22,271.61397995002153,282.8513398001126,267.6452480970466,274.9138488769531,27102699,0.0,0.0,BPCL
2024-07-23,277.76780895286794,278.52586272366807,264.07785102808725,272.9071960449219,24287234,0.0,0.0,BPCL
2024-07-24,273.2639181586456,281.6919449660248,271.88155606386107,280.8892822265625,16934157,0.0,0.0,BPCL
2024-07-25,279.1056003430639,291.7699053748637,277.18809329263377,290.8780517578125,30554549,0.0,0.0,BPCL
2024-07-26,292.4833404086123,293.77651153920175,288.4253910112847,293.24139404296875,21839106,0.0,0.0,BPCL
2024-07-29,297.3439288423403,302.2937317212129,295.2480678332973,301.3572692871094,20234464,0.0,0.0,BPCL
2024-07-30,301.9369880468419,320.21998458543703,300.82217118473244,310.54339599609375,45785745,0.0,0.0,BPCL
2024-07-31,313.93242350466477,315.805321247424,308.7150752274098,312.19329833984375,17224023,0.0,0.0,BPCL
2024-08-01,313.0405548971533,313.8432175431918,307.33269837096,311.3460388183594,16959971,0.0,0.0,BPCL
2024-08-02,309.3839353297746,312.9959578870553,303.2747341691339,309.56231689453125,15120989,0.0,0.0,BPCL
2024-08-05,305.01388304149765,309.4285685513497,298.23579130824504,304.746337890625,23868328,0.0,0.0,BPCL
2024-08-06,305.9057608651054,311.8365813976195,297.3439615315613,298.5033874511719,13702018,0.0,0.0,BPCL
2024-08-07,304.30044871845166,310.1420787102213,300.91138882493647,306.4854736328125,14250381,0.0,0.0,BPCL
2024-08-08,306.7530136840724,306.7530136840724,296.80882566175626,301.7140197753906,15378854,0.0,0.0,BPCL
2024-08-09,306.63830291381714,309.90581487540317,303.55488641928724,306.868408203125,11351617,10.5,0.0,BPCL
2024-08-12,305.39572873374993,309.99783451990663,303.92307735339944,306.868408203125,12253716,0.0,0.0,BPCL
2024-08-13,305.5338038409264,306.27012950570634,295.45518128123734,296.0994873046875,9757429,0.0,0.0,BPCL
2024-08-14,296.09950337915245,301.39192513801277,295.1330442915107,299.1828918457031,8457477,0.0,0.0,BPCL
2024-08-16,300.10328135408065,307.23654471114276,300.10328135408065,306.0400085449219,8214443,0.0,0.0,BPCL
2024-08-19,310.9182687233232,318.05153299117916,309.5836748427527,316.4407958984375,17875728,0.0,0.0,BPCL
2024-08-20,321.1809811321237,325.9211445785601,319.75431145354855,321.59515380859375,22888866,0.0,0.0,BPCL
2024-08-21,321.5491378437233,327.30177009336404,320.44462121618244,323.2519226074219,14795459,0.0,0.0,BPCL
2024-08-22,326.3813359732408,326.84154653493766,320.81277132329427,322.23944091796875,10244576,0.0,0.0,BPCL
2024-08-23,321.96332989319325,329.5107950946591,321.73322458935615,324.17236328125,15872017,0.0,0.0,BPCL
2024-08-26,327.1637301538933,327.57790284475453,321.2270021169805,323.2059020996094,6672007,0.0,0.0,BPCL
2024-08-27,320.3065487988375,322.8377068712421,316.16465377126633,321.2729797363281,9683173,0.0,0.0,BPCL
2024-08-28,320.76676360881083,327.4398167972294,319.06397890154756,320.4446105957031,7295981,0.0,0.0,BPCL
2024-08-29,321.96328376889187,329.0965471659327,319.5241735154501,328.0841064453125,13054801,0.0,0.0,BPCL
2024-08-30,331.3055840023072,336.41390983811135,326.51938307816687,329.1885986328125,20312502,0.0,0.0,BPCL
2024-09-02,332.27201986430765,337.97864196739255,329.0505459875069,329.9249572753906,14344785,0.0,0.0,BPCL
2024-09-03,330.89137729851075,331.0754727495847,325.36885083455786,327.1176452636719,9289259,0.0,0.0,BPCL
2024-09-04,327.117649935139,334.9872671120687,326.4273341172867,328.8204345703125,19416507,0.0,0.0,BPCL
2024-09-05,330.8913940601813,335.3554421291456,327.43981484536715,331.99591064453125,15927510,0.0,0.0,BPCL
2024-09-06,333.514619508256,336.18383530698827,323.11384334212636,324.1263122558594,19044553,0.0,0.0,BPCL
2024-09-09,324.08029486794817,325.4148886916499,319.4781890847879,320.1224670410156,9200270,0.0,0.0,BPCL
2024-09-10,321.22698152537606,323.52803440163234,317.2231439028853,318.4197082519531,8137710,0.0,0.0,BPCL
2024-09-11,322.1013747009063,324.7245523607814,311.60855170531494,313.17327880859375,12194591,0.0,0.0,BPCL
2024-09-12,316.11866544493535,318.6498236894415,313.3113639930679,316.9010009765625,15970391,0.0,0.0,BPCL
2024-09-13,318.4657196558708,321.91729898740124,314.46188201349065,315.0601501464844,11006109,0.0,0.0,BPCL
2024-09-16,317.453232555749,317.453232555749,312.9431747724216,313.54144287109375,4850244,0.0,0.0,BPCL
2024-09-17,312.8971896942757,313.7255631340168,308.3871034653046,311.47052001953125,7237522,0.0,0.0,BPCL
2024-09-18,312.02279257172563,312.8511660492435,307.83488726986906,309.35357666015625,4111826,0.0,0.0,BPCL
2024-09-19,311.05629917329736,311.05629917329736,297.24998368560586,298.630615234375,12549677,0.0,0.0,BPCL
2024-09-20,300.471505257132,306.5923004824672,298.6306628982928,304.843505859375,14642546,0.0,0.0,BPCL
2024-09-23,306.50027353894956,312.48301161103115,304.9355461921789,311.1944274902344,6110287,0.0,0.0,BPCL
2024-09-24,311.6085693285034,315.8885501504041,309.90581267095723,312.16082763671875,7068491,0.0,0.0,BPCL
2024-09-25,313.8636108493138,314.5999365306526,308.47914152632273,312.75909423828125,6087353,0.0,0.0,BPCL
2024-09-26,312.9432059126458,319.3401444455881,308.4791575046162,317.6373596191406,9517367,0.0,0.0,BPCL
2024-09-27,319.3861405157961,341.0160376400647,318.78787238335525,338.0706787109375,40756678,0.0,0.0,BPCL
2024-09-30,337.9326002170209,346.0783325449935,331.489652536662,340.5097961425781,23860696,0.0,0.0,BPCL
2024-10-01,340.55583593882596,343.6392525036447,335.17136642847464,338.9450988769531,9440793,0.0,0.0,BPCL
2024-10-03,325.5989553558064,332.8242664140153,319.3861130981338,321.0888977050781,20754875,0.0,0.0,BPCL
2024-10-04,315.2442262805095,320.2605325036479,307.74279994448585,313.17327880859375,18185208,0.0,0.0,BPCL
2024-10-07,314.78401206856347,315.98054824725017,306.3161268240925,308.341064453125,7847806,0.0,0.0,BPCL
2024-10-08,305.11958841177136,312.43694724277566,302.1282198979304,311.1023254394531,9565667,0.0,0.0,BPCL
2024-10-09,317.54528890468777,322.1473945409876,310.87223573205307,311.88470458984375,13523561,0.0,0.0,BPCL
2024-10-10,314.7840267117272,315.98056294607454,307.92687805213416,308.7552795410156,5706365,0.0,0.0,BPCL
2024-10-11,308.75527229806204,312.39091882576815,307.4206504541936,310.7801818847656,4046559,0.0,0.0,BPCL
2024-10-14,312.94319852519715,317.17714153481364,310.4120403018316,313.6335144042969,7967181,0.0,0.0,BPCL
2024-10-15,316.8089820647432,323.5280454574093,316.5328388567413,320.99688720703125,17183945,0.0,0.0,BPCL
2024-10-16,323.98826454472555,327.57790163068296,320.3525895450479,322.8377380371094,17073700,0.0,0.0,BPCL
2024-10-17,321.3650443920173,322.6996663179157,314.6459811178987,315.4283447265625,11023063,0.0,0.0,BPCL
2024-10-18,315.4283276365132,316.53281612211606,307.6967677921764,315.2442321777344,7328694,0.0,0.0,BPCL
2024-10-21,315.29024453786286,318.0054980870958,303.9230661367933,305.2576599121094,8609636,0.0,0.0,BPCL
2024-10-22,305.57978607829455,306.08600641600856,296.37557565424953,297.2039489746094,6372285,0.0,0.0,BPCL
2024-10-23,296.37564046295654,299.91926786890605,291.3593334493236,297.3420715332031,6639274,0.0,0.0,BPCL
2024-10-24,297.2959956230133,299.50500049900245,294.53473250577173,295.8693542480469,5706821,0.0,0.0,BPCL
2024-10-25,297.7102008042755,297.84825834441,278.9796267594427,281.9249572753906,11583887,0.0,0.0,BPCL
2024-10-28,282.84538896202776,290.39285311537384,281.0045467869699,285.6986999511719,13299872,0.0,0.0,BPCL
2024-10-29,287.1713509277363,288.04576211007924,278.19724621124453,286.6651306152344,8437903,0.0,0.0,BPCL
2024-10-30,284.4101118572707,289.84059057589957,282.8914227030217,286.5270690917969,6248318,0.0,0.0,BPCL
2024-10-31,285.7907992276278,291.03721160848033,283.3056506074288,286.0209045410156,11375689,0.0,0.0,BPCL
2024-11-01,287.12539639572105,288.8741910080946,286.98731074843425,288.0918273925781,710149,0.0,0.0,BPCL
2024-11-04,288.0918298980736,288.55204048896513,274.3775599073122,279.30181884765625,14063318,0.0,0.0,BPCL
2024-11-05,277.046757050358,284.45613582888615,276.3104313901525,283.4436950683594,9542018,0.0,0.0,BPCL
2024-11-06,286.98729741821296,293.6143407972077,282.7993925076554,291.77349853515625,10787602,0.0,0.0,BPCL
2024-11-07,291.17525246141565,292.41782670017506,286.3430411577047,289.93267822265625,7387875,0.0,0.0,BPCL
2024-11-08,289.9326249166161,290.02467263756836,282.385161222861,285.7447204589844,9304376,0.0,0.0,BPCL
2024-11-11,283.48973748144584,289.0122648349805,279.85406240475817,287.6776428222656,5277147,0.0,0.0,BPCL
2024-11-12,289.1042815562203,293.20013871721534,284.4561380122967,285.1464538574219,7192998,0.0,0.0,BPCL
2024-11-13,283.44369317909155,284.4101241127976,277.96717631736203,281.51080322265625,7306795,0.0,0.0,BPCL
2024-11-14,281.46478292220826,281.6488783920614,272.8128295305839,274.4696044921875,11061057,0.0,0.0,BPCL
2024-11-18,274.4235429347949,275.8041745726581,265.35738956168905,266.185791015625,7940666,0.0,0.0,BPCL
2024-11-19,269.36122622556337,274.1934369454598,263.7006421429178,264.6210632324219,9912544,0.0,0.0,BPCL
2024-11-21,264.5750537619199,264.5750537619199,257.11963730931586,259.9269104003906,8273120,0.0,0.0,BPCL
2024-11-22,260.11098762188175,264.16083451935697,258.6843181778596,263.10235595703125,6539977,0.0,0.0,BPCL
2024-11-25,268.80897173814395,280.17617797134267,268.7629619186301,272.95086669921875,16903527,0.0,0.0,BPCL
2024-11-26,274.2394915924571,277.0467648511867,270.0055487045013,270.46575927734375,5160007,0.0,0.0,BPCL
2024-11-27,273.319069210166,273.3650790316324,267.8885620039749,270.09759521484375,5995425,0.0,0.0,BPCL
2024-11-28,271.0180132652198,274.9758128930075,266.4619174310483,267.7965393066406,13130411,0.0,0.0,BPCL
2024-11-29,269.13112608283313,270.83391074867524,266.36986276169114,268.8550109863281,8125467,0.0,0.0,BPCL
2024-12-02,269.3612505652079,272.3526193763981,267.38235066176406,270.74188232421875,5193026,0.0,0.0,BPCL
2024-12-03,273.8252920768174,274.10140718615907,268.80898557459034,270.83392333984375,9198285,0.0,0.0,BPCL
2024-12-04,270.7878951800577,275.7121255270002,269.5453210941193,270.2816467285156,9840659,0.0,0.0,BPCL
2024-12-05,271.6162872183974,274.5156082256073,268.11866999194905,273.3650817871094,9287638,0.0,0.0,BPCL
2024-12-06,274.1934433703906,279.7159700368195,272.8128117037834,276.448486328125,9586531,0.0,0.0,BPCL
2024-12-09,277.00076589319883,279.9921347339935,275.29798108909523,279.30181884765625,11637358,0.0,0.0,BPCL
2024-12-10,278.24332265947413,282.2931984854368,276.9087287482592,279.34783935546875,8649367,0.0,0.0,BPCL
2024-12-11,279.3018054398408,284.36412169663197,278.0592312862782,282.9834899902344,10867782,0.0,0.0,BPCL
2024-12-12,282.6153133107344,282.9835042555536,277.3228915027504,278.1052551269531,7454904,0.0,0.0,BPCL
2024-12-13,277.9671856644062,280.8665066520414,272.4446587969014,277.6910705566406,7726611,0.0,0.0,BPCL
2024-12-16,277.0007963193531,277.69111228151564,272.2606042412812,274.2395324707031,8696443,0.0,0.0,BPCL
2024-12-17,275.9882702289543,275.9882702289543,268.85500676143255,269.6833801269531,8415828,0.0,0.0,BPCL
2024-12-18,268.5328244988311,269.6833507391859,264.7590928126631,265.35736083984375,6535229,0.0,0.0,BPCL
2024-12-19,259.6047816768932,272.30661076995574,259.6047816768932,271.11004638671875,11822064,0.0,0.0,BPCL
2024-12-20,270.1895937884685,275.3899953037536,264.16084701723787,266.0476989746094,9979749,0.0,0.0,BPCL
2024-12-23,268.7629964397567,271.4322123619353,265.0813115570203,266.0937805175781,6819725,0.0,0.0,BPCL
2024-12-24,266.8761178897375,271.93843410493906,264.48301733383744,268.7629699707031,7937629,0.0,0.0,BPCL
2024-12-26,271.38619168046046,275.48204909524543,269.2692061041553,272.0765075683594,11310555,0.0,0.0,BPCL
2024-12-27,271.57023737844247,273.7332326056117,269.22317478261357,270.1896057128906,3708404,0.0,0.0,BPCL
2024-12-30,270.1896084537544,271.754335592862,266.69201943448525,269.9595031738281,8236910,0.0,0.0,BPCL
2024-12-31,268.25676387951023,270.9719895043915,267.6584676418857,269.17718505859375,4161509,0.0,0.0,BPCL
2025-01-01,269.0390905575177,272.35261231098883,267.19824825992526,271.80035400390625,3545200,0.0,0.0,BPCL
2025-01-02,271.8003612762026,274.00939456363784,268.57888716922207,273.2730407714844,6846413,0.0,0.0,BPCL
2025-01-03,272.4446728343613,275.34399397138134,270.9259834853533,272.8128356933594,4806469,0.0,0.0,BPCL
2025-01-06,272.81279785853184,273.59516138104226,261.49163000251116,262.18194580078125,7361716,0.0,0.0,BPCL
2025-01-07,264.2529020252984,267.38232813088456,258.36221263436744,260.2950744628906,8306436,0.0,0.0,BPCL
2025-01-08,260.2950614096378,264.98921437712653,258.17810423264353,263.97674560546875,6037032,0.0,0.0,BPCL
2025-01-09,264.1608741760254,264.9432377835503,256.84351468362314,257.7179260253906,6215902,0.0,0.0,BPCL
2025-01-10,258.1781067560193,260.93936992988046,253.66804918985036,255.55490112304688,9073218,0.0,0.0,BPCL
2025-01-13,249.66426176330185,252.83972628216944,243.22131307263598,244.187744140625,10488655,0.0,0.0,BPCL
2025-01-14,245.84448857189713,249.89433591177868,244.83201971467082,248.6977996826172,6710730,0.0,0.0,BPCL
2025-01-15,252.10334157759556,253.94418383532027,244.14170443074087,245.75244140625,13448052,0.0,0.0,BPCL
2025-01-16,246.07460114554462,247.54728060978445,242.53097408475563,245.660400390625,13754046,0.0,0.0,BPCL
2025-01-17,247.4091864900726,253.29990414523624,245.98254498582037,251.8272247314453,9300647,0.0,0.0,BPCL
2025-01-20,253.11581542466098,256.24524170665194,247.40919307765893,255.23277282714844,9623368,0.0,0.0,BPCL
2025-01-21,256.38329074332813,264.16086041269085,256.0151279145646,257.9020080566406,15304149,0.0,0.0,BPCL
2025-01-22,259.5587584842658,260.9853999991904,252.24139927011052,255.5089111328125,6301894,0.0,0.0,BPCL
2025-01-23,260.479146734141,262.3199887605307,248.78978863095838,249.66419982910156,18806324,0.0,0.0,BPCL
2025-01-24,252.19538990198976,257.16565839174245,242.070757460669,242.8070831298828,18480516,0.0,0.0,BPCL
2025-01-27,242.7150449801332,242.7150449801332,237.79078668681424,240.50601196289062,10083126,0.0,0.0,BPCL
2025-01-28,241.38044371590942,242.89913297753742,234.06309846936293,237.51466369628906,13321189,0.0,0.0,BPCL
2025-01-29,241.17526429931087,242.11387201614954,236.05984078492637,241.22218322753906,9435973,5.0,0.0,BPCL
2025-01-30,243.94413195288507,244.88273963923248,240.75287154811053,241.3629608154297,9410974,0.0,0.0,BPCL
2025-01-31,242.0668940546722,245.91519093940025,238.64098204710882,245.07044982910156,8790578,0.0,0.0,BPCL
2025-02-01,245.68056018289775,245.96213102921902,232.77470458589738,239.95504760742188,11464565,0.0,0.0,BPCL
2025-02-03,235.54359826724786,236.34142053704645,227.33078093350827,234.22955322265625,21517136,0.0,0.0,BPCL
2025-02-04,235.262024665485,240.8936711141814,234.8396540462363,240.2366485595703,7000612,0.0,0.0,BPCL
2025-02-05,244.27263504831413,249.3411105078302,244.27263504831413,245.21124267578125,10088345,0.0,0.0,BPCL
2025-02-06,246.8538271869266,250.79599101786755,245.58670105240742,246.4314422607422,14058587,0.0,0.0,BPCL
2025-02-07,246.0090853610994,248.6371754791074,244.0849223782418,248.07400512695312,6557480,0.0,0.0,BPCL
2025-02-10,248.30867321829874,249.48193292665212,241.6914999207999,243.94415283203125,8052376,0.0,0.0,BPCL
2025-02-11,243.56869750399335,243.803349428371,238.17170324330758,239.48574829101562,6819100,0.0,0.0,BPCL
2025-02-12,239.48574192079667,241.0344388516877,233.76024371148813,239.9081268310547,6568833,0.0,0.0,BPCL
2025-02-13,240.47130460105654,244.13186890839117,239.34496390155334,240.04891967773438,5514711,0.0,0.0,BPCL
2025-02-14,240.6590061971224,242.7239545745371,232.2584702286979,235.5905303955078,5205573,0.0,0.0,BPCL
2025-02-17,235.59052190319613,237.98397429291074,231.2260020270231,236.8107147216797,5899597,0.0,0.0,BPCL
2025-02-18,236.76378941748192,237.98398227690103,231.69531362853084,237.23309326171875,5534272,0.0,0.0,BPCL
2025-02-19,235.59052580854564,240.70594908152367,234.22954754776015,239.9081268310547,6887175,0.0,0.0,BPCL
2025-02-20,238.40633717674643,243.7094645386827,237.6554482109992,242.72393798828125,8155780,0.0,0.0,BPCL
2025-02-21,242.16076910125005,243.47481405748925,235.2619972759546,235.87210083007812,9845416,0.0,0.0,BPCL
2025-02-24,235.8251823182125,237.93704962255472,233.47866309116563,235.5905303955078,6773845,0.0,0.0,BPCL
2025-02-25,236.4352762523288,237.37388396166241,232.49312673753104,233.19708251953125,4172676,0.0,0.0,BPCL
2025-02-27,233.19707343004077,234.08874785474885,227.23692330129566,229.72422790527344,7376510,0.0,0.0,BPCL
2025-02-28,229.06721522192615,229.06721522192615,221.65220569602002,222.7316131591797,14066882,0.0,0.0,BPCL
2025-03-03,224.32723741330892,228.68237651238536,219.64357989465313,227.52789306640625,6864635,0.0,0.0,BPCL
2025-03-04,226.2044492753632,235.5342118399029,221.6052774047952,234.5768280029297,7201075,0.0,0.0,BPCL
2025-03-05,234.558060262594,241.15647129738306,234.558060262594,240.13339233398438,7802519,0.0,0.0,BPCL
2025-03-06,244.03799452171262,249.62272162318806,243.09938685047527,248.76858520507812,12828381,0.0,0.0,BPCL
2025-03-07,248.69350413390305,249.47256461556546,244.0380176634231,245.22067260742188,7057204,0.0,0.0,BPCL
2025-03-10,245.22065090589075,249.63208980221245,240.33987952694642,241.15646362304688,8487911,0.0,0.0,BPCL
2025-03-11,240.2741998063646,248.70289327641743,238.73488369020777,248.33682250976562,12306539,0.0,0.0,BPCL
2025-03-12,250.13894372651336,255.3012859047341,247.22925422452784,249.97000122070312,10648004,0.0,0.0,BPCL
2025-03-13,249.96999009861386,250.29850849687205,245.92459351774363,248.17724609375,4545159,0.0,0.0,BPCL
2025-03-17,245.07983961485417,247.50146349006192,242.4517495466004,245.37083435058594,6482574,0.0,0.0,BPCL
2025-03-18,245.37083435058594,245.37083435058594,245.37083435058594,245.37083435058594,0,0.0,0.0,BPCL
2025-03-19,247.33251895723288,250.12955151184,246.8632151171677,248.97508239746094,4955027,0.0,0.0,BPCL
2025-03-20,250.23281006687128,256.1741840031066,248.49638015192286,255.42330932617188,10789615,0.0,0.0,BPCL
2025-03-21,255.48902254339677,268.30101167616596,254.41899603659073,262.49102783203125,26173451,0.0,0.0,BPCL
2025-03-24,264.68733955800224,267.78473313777096,262.810124383832,263.2231140136719,11376607,0.0,0.0,BPCL
2025-03-25,263.3451497269308,266.527014698982,260.1632561108479,261.9747619628906,12143699,0.0,0.0,BPCL
2025-03-26,260.9329413663683,265.9357078186867,255.4233187342318,256.2492980957031,9475308,0.0,0.0,BPCL
2025-03-27,256.60593337888156,262.6693301678301,255.47019761288556,259.11199951171875,107524873,0.0,0.0,BPCL
2025-03-28,259.98496513555847,266.874342944435,259.33732346258444,261.3741149902344,12687883,0.0,0.0,BPCL
2025-04-01,258.11710728965846,269.3803992441163,258.11710728965846,267.12774658203125,20780255,0.0,0.0,BPCL
2025-04-02,265.6728788497785,270.36591701101133,260.6513509324847,269.1926574707031,12058406,0.0,0.0,BPCL
2025-04-03,265.62595992577883,273.5102583078437,265.62595992577883,269.1926574707031,6663148,0.0,0.0,BPCL
2025-04-04,274.21421456103036,277.5462888483528,260.04123355795895,262.2939147949219,18852567,0.0,0.0,BPCL
2025-04-07,245.91522045464836,261.96541805282345,245.91522045464836,256.8969421386719,15010047,0.0,0.0,BPCL
2025-04-08,262.340847464303,269.84970893018647,258.21097938687376,268.3479309082031,18994276,0.0,0.0,BPCL
2025-04-09,270.9760810883493,272.80634909686995,262.4347444498098,270.2721252441406,14519066,0.0,0.0,BPCL
2025-04-11,278.2502737141368,278.2502737141368,268.9111153195946,275.1997985839844,14955235,0.0,0.0,BPCL
2025-04-15,278.57876367002035,278.57876367002035,273.2287167788553,276.32611083984375,8516322,0.0,0.0,BPCL
2025-04-16,275.9506709270397,282.0985400632086,274.58967826927557,280.4090576171875,9064723,0.0,0.0,BPCL
2025-04-17,279.70508144515946,283.22486015462033,277.31164338033904,280.0335998535156,7510897,0.0,0.0,BPCL
2025-04-21,281.4415016422309,286.7915479098941,279.7050718099067,285.3836364746094,6455955,0.0,0.0,BPCL
2025-04-22,286.27535658258967,289.5604836253407,284.069622696507,287.3078308105469,7096150,0.0,0.0,BPCL
2025-04-23,287.30782757319594,287.8240503593405,279.9866702025668,282.00469970703125,7400827,0.0,0.0,BPCL
2025-04-24,284.3512224901023,286.7446607374987,281.8638890971189,283.45953369140625,5773985,0.0,0.0,BPCL
2025-04-25,283.7880303457681,286.2284159786728,275.29361387777595,277.5462951660156,7773037,0.0,0.0,BPCL
2025-04-28,275.1059195629171,291.86007255183597,275.1059195629171,290.9683837890625,14414879,0.0,0.0,BPCL
2025-04-29,292.4232118114076,296.2245901091726,290.78064836823387,292.56402587890625,9522966,0.0,0.0,BPCL
2025-04-30,299.41587059798314,302.6540787752306,290.0297931497705,291.01531982421875,21424437,0.0,0.0,BPCL
2025-05-02,291.48461788953637,298.0079530436973,290.87452859636403,292.2824401855469,6850147,0.0,0.0,BPCL
2025-05-05,297.53864653846716,305.84533056968866,296.6000388206802,301.3399963378906,16037327,0.0,0.0,BPCL
2025-05-06,301.3869032283539,302.4193773073609,291.48457595591805,292.329345703125,5444873,0.0,0.0,BPCL
2025-05-07,288.15255303283965,298.0079335111615,288.15255303283965,297.44476318359375,7970668,0.0,0.0,BPCL
2025-05-08,296.1307271121146,300.5421947263903,286.9323831792408,289.04425048828125,5918739,0.0,0.0,BPCL
2025-05-09,283.975719380437,288.4810530699877,282.8494074410725,288.0117492675781,4955934,0.0,0.0,BPCL
2025-05-12,295.66141780101606,296.5531065504102,288.293341819073,290.0766906738281,6844271,0.0,0.0,BPCL
2025-05-13,290.0766860441716,291.53154510448786,285.8060326461525,288.0586853027344,7241358,0.0,0.0,BPCL
2025-05-14,289.74821302987937,294.30043753164415,289.46661352900566,293.3149108886719,7733320,0.0,0.0,BPCL
2025-05-15,294.7228122073393,300.5421912945243,294.25350836624483,297.53863525390625,7055032,0.0,0.0,BPCL
2025-05-16,296.60003639990975,301.2930749505412,296.41230340027084,300.4483337402344,6861786,0.0,0.0,BPCL
2025-05-19,298.9934768976986,299.9320846150281,296.7408241049147,297.72637939453125,2956007,0.0,0.0,BPCL
2025-05-20,297.5386044444869,300.0259088159266,292.61091462324543,293.6903076171875,5016433,0.0,0.0,BPCL
2025-05-21,293.12715421065843,297.3039696619433,290.35827886194664,296.459228515625,5232094,0.0,0.0,BPCL
2025-05-22,295.5675763157625,299.3220073356999,289.7482254212809,293.8311462402344,4876801,0.0,0.0,BPCL
2025-05-23,292.84560354038365,300.35446516962423,292.84560354038365,299.3219909667969,4257721,0.0,0.0,BPCL
2025-05-26,299.4158403753544,304.06195970086077,299.4158403753544,303.12335205078125,5050848,0.0,0.0,BPCL
2025-05-27,303.0764148500146,303.0764148500146,296.1307237306228,297.53863525390625,4716473,0.0,0.0,BPCL
2025-05-28,297.5386361821022,302.7948449475643,294.4881612054718,301.9501037597656,7112876,0.0,0.0,BPCL
2025-05-29,301.4808035893469,302.7479010644619,298.1018101529616,299.556640625,4000772,0.0,0.0,BPCL
2025-05-30,298.0548389252613,302.60709162102376,297.53861619074485,298.8526611328125,9148638,0.0,0.0,BPCL
2025-06-02,298.8526904355501,299.88516464984934,296.27151922181895,297.1632080078125,3086437,0.0,0.0,BPCL
2025-06-03,295.7083434670911,301.2461517943344,290.0297783581454,290.7337341308594,7853488,0.0,0.0,BPCL
2025-06-04,290.7337353693406,293.4556919732895,289.65434224205455,292.4232177734375,5925942,0.0,0.0,BPCL
2025-06-05,292.00084678462406,296.0368482377794,289.3258092428665,290.7806396484375,5900170,0.0,0.0,BPCL
2025-06-06,290.0297593110409,298.3364426123479,290.0297593110409,297.2570495605469,5825337,0.0,0.0,BPCL
2025-06-09,298.2895032681188,301.71544414668324,295.6614132744038,300.7298889160156,3787426,0.0,0.0,BPCL
2025-06-10,301.4808079501801,304.76593493562217,299.7912968855323,300.4483337402344,6489933,0.0,0.0,BPCL
2025-06-11,300.6360354644074,313.964276289154,300.6360354644074,313.35418701171875,21739121,0.0,0.0,BPCL
2025-06-12,310.2098484100452,310.679152265431,298.24260009770603,299.08734130859375,13568848,0.0,0.0,BPCL
2025-06-13,286.27534214769884,295.09824860311636,280.92526691880073,293.1271667480469,13958229,0.0,0.0,BPCL
2025-06-16,290.9214615248648,297.39784878029445,289.56046893288305,296.9754638671875,6893567,0.0,0.0,BPCL
2025-06-17,294.7228067197212,300.77683761472986,292.5640205484956,293.5964660644531,7219608,0.0,0.0,BPCL
2025-06-18,292.84558337656296,297.39783615465245,290.68679726441263,296.459228515625,10011198,0.0,0.0,BPCL
2025-06-19,297.5386191198047,297.5386191198047,291.062232192691,294.2065734863281,5399948,0.0,0.0,BPCL
2025-06-20,291.8131540738866,296.50619298998015,290.96841279779704,294.2535400390625,8522458,0.0,0.0,BPCL
2025-06-23,290.9683657007554,296.1307076728656,289.27888342204113,294.2065734863281,6848410,0.0,0.0,BPCL
2025-06-24,305.5168109078284,307.6755971924206,297.53864533880676,299.6505126953125,11172373,0.0,0.0,BPCL
2025-06-25,302.70099109557054,303.1702949577342,297.1632112508461,299.9790344238281,6658747,0.0,0.0,BPCL
2025-06-26,299.2750716643596,310.67914952067736,299.2750716643596,309.5058898925781,15528180,0.0,0.0,BPCL
2025-06-27,309.74054284997885,313.6827066711377,307.30015708659647,312.5563659667969,9911738,0.0,0.0,BPCL
2025-06-30,313.49496558808784,316.96782546688655,310.06905327977915,311.5708312988281,5840638,0.0,0.0,BPCL
2025-07-01,311.19539947691544,314.9029116831091,310.58531014582996,311.6647033691406,3921773,0.0,0.0,BPCL
2025-07-02,313.21340073738946,314.38666036160197,308.6142000952493,311.4300231933594,3799017,0.0,0.0,BPCL
2025-07-03,312.55634898190044,314.94978704351826,310.25674877051677,311.1484375,5049883,0.0,0.0,BPCL
2025-07-04,313.49495895817824,326.3538953790459,311.5238771401137,324.94598388671875,13743465,0.0,0.0,BPCL
2025-07-07,324.57052703789526,329.96752124364764,322.3648218864232,328.98199462890625,8603937,0.0,0.0,BPCL
2025-07-08,328.5126817441465,336.631632292731,327.2925032409956,333.7688903808594,12905482,0.0,0.0,BPCL
2025-07-09,333.7688869062298,334.47284264549603,326.30694461239494,327.1047668457031,8039090,0.0,0.0,BPCL
2025-07-10,330.2021514772922,331.1877066713338,326.68237287863985,329.40435791015625,6580919,0.0,0.0,BPCL
2025-07-11,330.2022008344606,331.00002316488303,322.22403481830753,323.67889404296875,4803470,0.0,0.0,BPCL
2025-07-14,324.61746228002414,326.82319599175776,321.80163932309586,323.2564697265625,5372218,0.0,0.0,BPCL
2025-07-15,326.30693572496506,328.98197319012473,324.89902428477905,326.682373046875,6270256,0.0,0.0,BPCL
2025-07-16,328.55960966821806,330.10833526836876,326.07230502426813,326.49468994140625,8426412,0.0,0.0,BPCL
2025-07-17,328.13725690603275,328.41882775778186,323.11569999359284,325.46221923828125,4026086,0.0,0.0,BPCL
2025-07-18,326.16617394326556,329.87368579534206,321.09769812014815,322.4117431640625,5631392,0.0,0.0,BPCL
2025-07-21,322.4117578365193,323.5380985791517,318.6104079571962,321.5670166015625,5051058,0.0,0.0,BPCL
2025-07-22,321.5670065032458,323.2095699923155,319.07970180574716,319.45513916015625,4447293,0.0,0.0,BPCL
2025-07-23,320.86305051119155,323.8196590607656,316.12306440228747,323.3034362792969,5089227,0.0,0.0,BPCL
2025-07-24,323.3034445958248,323.72580088860906,318.84505787088216,320.440673828125,3270996,0.0,0.0,BPCL
2025-07-25,319.2204495363549,320.44062795510195,310.726033595281,312.46246337890625,3514659,0.0,0.0,BPCL
2025-07-28,311.94626661144935,317.5779126631895,310.67914052100116,312.9317932128906,5630809,0.0,0.0,BPCL
2025-07-29,315.37218433327183,316.5923628745669,312.74409425477467,314.38665771484375,7809814,0.0,0.0,BPCL
2025-07-30,313.49495466231286,322.4586462496853,309.74052406755465,316.3576965332031,11366010,0.0,0.0,BPCL
2025-07-31,314.4046013799914,315.59552790037014,307.83069280257155,313.7376708984375,6867024,5.0,0.0,BPCL
2025-08-01,313.4518549569677,313.7376656869692,301.5902153808861,302.82879638671875,4105518,0.0,0.0,BPCL
2025-08-04,305.0200895176745,305.5917400530316,300.0181982151697,302.82879638671875,3536322,0.0,0.0,BPCL
2025-08-05,302.01897329416573,302.97171453484134,294.9210394209904,300.2087707519531,6730701,0.0,0.0,BPCL
2025-08-06,300.58987864103943,303.1146372582937,299.5418574012291,300.82806396484375,3601019,0.0,0.0,BPCL
2025-08-07,298.49379654168627,299.2083524182546,292.6344441688962,295.6832275390625,5018154,0.0,0.0,BPCL
2025-08-08,295.8261347867132,306.0681024162049,294.0159323695946,304.3531799316406,10028343,0.0,0.0,BPCL
2025-08-11,307.0208394782108,314.40458348428103,302.20950823988034,305.78228759765625,7957794,0.0,0.0,BPCL
2025-08-12,305.82993083248215,311.07000752898887,305.54412009735995,308.40234375,4392686,0.0,0.0,BPCL
2025-08-13,309.64088617369185,310.87943808824514,305.8775468500547,307.259033203125,2707971,0.0,0.0,BPCL
2025-08-14,311.54636273249446,315.7384180673412,302.1618563886315,303.0193176269531,10549386,0.0,0.0,BPCL
2025-08-18,305.8299244680222,305.87754989776664,297.6839988576604,299.1607360839844,8091527,0.0,0.0,BPCL
2025-08-19,300.3040345578656,306.97322288430615,297.9221815841368,306.2586669921875,4343312,0.0,0.0,BPCL
2025-08-20,304.8771847561484,307.2590377620558,303.92444355378547,304.8295593261719,3670375,0.0,0.0,BPCL
2025-08-21,305.8775513884879,308.49758969498606,303.6862582531947,304.8295593261719,3790333,0.0,0.0,BPCL
2025-08-22,305.0677441023286,305.2106494673666,299.8276674983404,301.4949645996094,3007303,0.0,0.0,BPCL
2025-08-25,303.8768295472661,303.8768295472661,299.6371194072284,300.87567138671875,2841339,0.0,0.0,BPCL
2025-08-26,302.3047615399702,303.25750270974675,296.3501292288665,297.35052490234375,10819770,0.0,0.0,BPCL
2025-08-28,300.685119032629,300.685119032629,295.3497626661695,296.0166931152344,8888325,0.0,0.0,BPCL
2025-08-29,296.0167102402554,297.54107293998504,292.49155607758235,293.6348571777344,4334416,0.0,0.0,BPCL
2025-09-01,293.9206425164596,300.6374559422054,292.30097094376447,299.8752746582031,3672180,0.0,0.0,BPCL
2025-09-02,300.9709436415428,302.30477552586814,297.96981463297226,300.06585693359375,3405312,0.0,0.0,BPCL
2025-09-03,300.06586099243265,305.353563170707,299.20837062808124,299.9705810546875,6616690,0.0,0.0,BPCL
2025-09-04,304.7342640696659,304.7342640696659,297.7316107693015,298.1127014160156,5225640,0.0,0.0,BPCL
2025-09-05,298.2079990234375,301.4949678313136,296.77888720703123,297.73162841796875,6159420,0.0,0.0,BPCL
2025-09-08,299.0654570925479,303.1146071956297,298.7319918572233,301.4949645996094,2002604,0.0,0.0,BPCL
2025-09-09,302.78115923387793,305.0201069983841,298.73200889979336,299.1131286621094,6476251,0.0,0.0,BPCL
2025-09-10,300.58984472557023,303.2098829917995,299.87528883478046,302.924072265625,5214899,0.0,0.0,BPCL
2025-09-11,303.16227466114793,311.1652952742996,302.4953441619873,304.877197265625,7529271,0.0,0.0,BPCL
2025-09-12,305.87755931746915,307.925976215932,302.0665944092292,302.9717102050781,4705998,0.0,0.0,BPCL
2025-09-15,303.2575165449541,305.5441187170197,300.7804126508071,302.7335205078125,4653626,0.0,0.0,BPCL
2025-09-16,304.2579210823561,305.9252182538537,301.54260273084617,303.20989990234375,5381837,0.0,0.0,BPCL
2025-09-17,304.73427446748497,309.4027004685682,304.16262394023215,308.2593994140625,7035565,0.0,0.0,BPCL
2025-09-18,309.54562037993526,310.7365469196206,305.8299353911881,310.3078308105469,5615664,0.0,0.0,BPCL
2025-09-19,310.2125200320674,318.2155397680497,309.4503096772321,313.975830078125,10022009,0.0,0.0,BPCL
2025-09-22,313.45184670271817,316.5958809513579,307.21140363406676,310.02197265625,4768219,0.0,0.0,BPCL
2025-09-23,313.16606287436633,319.35888104621745,311.4034857334606,314.78570556640625,7992615,0.0,0.0,BPCL
2025-09-24,314.8333475639589,316.6911754964764,311.54637872706365,314.7380676269531,5489995,0.0,0.0,BPCL
2025-09-25,313.5471099685623,316.78642397762405,311.54634779152804,314.07110595703125,5798602,0.0,0.0,BPCL
2025-09-26,314.21402841257105,314.4045882780324,307.687774613143,309.0216064453125,5692665,0.0,0.0,BPCL
2025-09-29,311.2129271028524,322.97928749173764,310.1172804677304,322.121826171875,12616059,0.0,0.0,BPCL
2025-09-30,323.69382119439325,326.1232996129513,321.2166882708444,323.5985412597656,6762730,0.0,0.0,BPCL
2025-10-01,324.884761694287,331.26813960991797,322.59818854142173,323.6462097167969,9814406,0.0,0.0,BPCL
2025-10-03,327.74298006327786,328.6004413472097,321.645442063218,325.40875244140625,5833883,0.0,0.0,BPCL
2025-10-06,325.83748572819195,329.17207988038103,322.5505170051784,327.36187744140625,5914399,0.0,0.0,BPCL
2025-10-07,327.3618897252734,329.88664814874153,324.9323821637305,325.7422180175781,5934834,0.0,0.0,BPCL
2025-10-08,325.1229257708341,333.4594110470093,323.45562871559906,328.7909851074219,7955678,0.0,0.0,BPCL
2025-10-09,330.83938993409623,334.4121695230174,326.88551967076114,327.74298095703125,7028656,0.0,0.0,BPCL
2025-10-10,329.17207935435005,330.88700185687964,321.26433915050853,322.6934509277344,5737637,0.0,0.0,BPCL
2025-10-13,324.40839087530316,325.8375027293794,319.31121944736026,321.9789123535156,6785828,0.0,0.0,BPCL
2025-10-14,322.16943808114746,324.2178258913223,315.02387892331325,316.73883056640625,4343927,0.0,0.0,BPCL
2025-10-15,319.1206748171359,324.6465621166393,316.35770209203037,321.9312438964844,16271995,0.0,0.0,BPCL
2025-10-16,322.9316348827738,322.9316348827738,317.7868092458449,320.0257568359375,6279302,0.0,0.0,BPCL
2025-10-17,320.21630418238686,322.3123172531175,316.9769901091834,319.9781188964844,7824777,0.0,0.0,BPCL
2025-10-20,320.3592362526765,323.9796412701485,319.6446803353843,321.74072265625,6134873,0.0,0.0,BPCL
2025-10-21,323.36035121495365,324.17018703437174,321.7407086514708,323.0268859863281,404063,0.0,0.0,BPCL
2025-10-23,323.9319869735165,324.0748923291697,314.4522010187095,315.64312744140625,8457356,0.0,0.0,BPCL
2025-10-24,314.5475036985263,318.5966538285666,311.73693458288744,314.8333435058594,8260920,0.0,0.0,BPCL
2025-10-27,316.9770293225081,327.2666233162838,315.59554286322856,326.7902526855469,11767585,0.0,0.0,BPCL
2025-10-28,327.74295822437773,329.17206996082126,323.55090294588064,324.55126953125,6156249,0.0,0.0,BPCL
2025-10-29,325.7421936738017,332.5066616601825,324.7418270955095,331.6492004394531,9756868,0.0,0.0,BPCL
2025-10-30,333.4594174675753,342.7962695265259,328.98152223144064,340.70025634765625,14807100,0.0,0.0,BPCL
2025-10-31,341.08135038919323,343.51082882467296,338.31840671787114,339.93804931640625,7532962,0.0,0.0,BPCL
2025-11-03,344.8446913019111,352.03787578040834,339.4140547950486,349.94183349609375,20107281,0.0,0.0,BPCL
2025-11-04,352.3713559390316,356.27760086592707,350.7516841893525,355.3248596191406,12649509,0.0,0.0,BPCL
2025-11-06,362.0416462289995,362.0416462289995,349.8941962568423,350.5611267089844,11803637,0.0,0.0,BPCL
2025-11-07,350.12346590255936,357.7581085256681,349.8803246067937,357.0773010253906,11711108,7.5,0.0,BPCL
2025-11-10,356.25061565837456,359.65459380840673,353.67332385227417,355.1321716308594,6934285,0.0,0.0,BPCL
2025-11-11,354.986288500456,364.56606140016515,350.17207901715193,363.88525390625,10689646,0.0,0.0,BPCL
2025-11-12,364.9064558806496,368.6994540267611,363.3503457057408,365.14959716796875,9316462,0.0,0.0,BPCL
2025-11-13,366.7543393017938,368.35906593017523,361.89151334892017,364.663330078125,9719258,0.0,0.0,BPCL
2025-11-14,363.73937650732705,369.3316262798328,359.3142168203474,360.9675598144531,6848609,0.0,0.0,BPCL
2025-11-17,362.37778683967076,371.08222726841984,361.79424180392033,363.9825134277344,9063998,0.0,0.0,BPCL
2025-11-18,365.5386372746195,366.5598188650518,360.48128634977724,361.64837646484375,7729409,0.0,0.0,BPCL
2025-11-19,361.64835448145095,362.66953600980906,354.84039847817627,355.6184387207031,7056032,0.0,0.0,BPCL
2025-11-20,356.9314261093376,358.682031585969,353.33292302029776,355.034912109375,9025414,0.0,0.0,BPCL
2025-11-21,355.03489707824457,357.7580973136764,353.4301705125494,354.5486145019531,7177944,0.0,0.0,BPCL
2025-11-24,354.5486138397987,357.1745516190015,347.9837990721247,349.7830505371094,13807356,0.0,0.0,BPCL
2025-11-25,349.10226865921743,349.10226865921743,343.9963016773754,346.0873107910156,4113590,0.0,0.0,BPCL
2025-11-26,347.01123040042006,357.90397185061533,346.3304526099908,357.5635681152344,7651793,0.0,0.0,BPCL
2025-11-27,358.82792089511037,358.82792089511037,351.58229871745846,354.69451904296875,5180488,0.0,0.0,BPCL
2025-11-28,355.76433797131386,356.9314280824092,348.76188634574515,349.2481689453125,3459790,0.0,0.0,BPCL
2025-12-01,351.5823250463453,351.5823250463453,342.73197565821266,344.2880859375,4470807,0.0,0.0,BPCL
2025-12-02,345.9900499297351,351.24189577053596,344.5312022139386,348.9077453613281,9468149,0.0,0.0,BPCL
2025-12-03,349.15089733517,351.0960276824411,346.03867690740265,348.5673522949219,6169622,0.0,0.0,BPCL
2025-12-04,350.1234761784586,351.6795864530965,343.8018023030142,346.23321533203125,5798181,0.0,0.0,BPCL
2025-12-05,346.2332037698485,351.6795747090365,343.6072659140672,350.41522216796875,3479044,0.0,0.0,BPCL
2025-12-08,353.04115362338536,353.04115362338536,345.40651116956775,347.74066162109375,6762135,0.0,0.0,BPCL
2025-12-09,347.7406781560741,348.9077682774986,343.266901944728,345.30926513671875,5612269,0.0,0.0,BPCL
2025-12-10,345.3092622021885,350.07485542389355,343.0723741155251,345.4065246582031,8521964,0.0,0.0,BPCL
2025-12-11,345.4065218158187,346.5736119177208,339.5225142795365,341.6621398925781,4491115,0.0,0.0,BPCL
2025-12-12,342.8292307998406,356.5910223554553,342.8292307998406,355.034912109375,6101145,0.0,0.0,BPCL
2025-12-15,355.0835590652579,359.31422360475386,351.1932982804954,356.9314270019531,6128925,0.0,0.0,BPCL
2025-12-16,356.6882804042827,358.92516845015825,351.7768381086136,358.04986572265625,4332510,0.0,0.0,BPCL
2025-12-17,359.84911135316025,362.6209280118121,355.95885068988287,358.244384765625,6872112,0.0,0.0,BPCL
2025-12-18,357.9039833942719,359.0710734731258,351.5823097745361,353.3815612792969,3880069,0.0,0.0,BPCL
2025-12-19,353.9651173973205,357.36909560679476,352.1658658362458,355.9102478027344,6515994,0.0,0.0,BPCL
2025-12-22,355.9102468401638,360.52993154052757,354.54863181578895,359.7518615722656,3949754,0.0,0.0,BPCL
2025-12-23,359.7518586384686,363.25309926625846,358.43888969300565,359.84912109375,3379297,0.0,0.0,BPCL
2025-12-24,359.75186360549634,361.2593574823357,354.79177512100557,355.8616027832031,2339154,0.0,0.0,BPCL
2025-12-26,355.42396331816667,358.0985176114396,351.77684382734,355.9588623046875,2997958,0.0,0.0,BPCL
2025-12-29,355.9588416756121,361.7942325227533,354.7917516340508,361.40521240234375,4666863,0.0,0.0,BPCL
2025-12-30,361.59971146268896,365.8303758078639,358.0985006614864,359.3628234863281,8567519,0.0,0.0,BPCL
2025-12-31,359.3628318309784,375.4101572036743,358.876549243927,373.46502685546875,12051156,0.0,0.0,BPCL
2026-01-01,375.7991630898796,377.5011520800333,368.74806584495695,371.0335998535156,6554899,0.0,0.0,BPCL
2026-01-02,371.51988430762106,375.02112475548716,367.53236128867167,370.9849853515625,3614573,0.0,0.0,BPCL
2026-01-05,369.5747719842653,374.8752641388048,364.1284009873777,367.5323791503906,5243413,0.0,0.0,BPCL
2026-01-06,367.3865068062925,367.4351231944904,354.0137352150642,360.6271667480469,6881934,0.0,0.0,BPCL
2026-01-07,361.356580347227,363.15583186425414,356.44513806592823,358.0985107421875,6613161,0.0,0.0,BPCL
2026-01-08,356.1533754507647,356.4937495143967,342.53746313481486,344.8229675292969,7714421,0.0,0.0,BPCL
2026-01-09,343.315515915975,349.7830685658606,342.5374756273927,344.4339599609375,5252007,0.0,0.0,BPCL
2026-01-12,343.89904080649336,349.24814909774716,339.9601341656432,348.9077453613281,4474234,0.0,0.0,BPCL
2026-01-13,350.12347372364377,350.26935256829506,342.39156847344617,345.35791015625,3681627,0.0,0.0,BPCL
2026-01-14,344.77433960737926,348.66460013891526,341.5162404761513,347.1084899902344,7777436,0.0,0.0,BPCL
2026-01-15,347.1084899902344,347.1084899902344,347.1084899902344,347.1084899902344,0,0.0,0.0,BPCL
2026-01-16,348.1783364189808,357.6608469778776,348.1783364189808,353.2356872558594,6243090,0.0,0.0,BPCL
2026-01-19,354.01372661656575,356.93142216560335,349.102284314486,351.33917236328125,4545354,0.0,0.0,BPCL
2026-01-20,351.0960359454443,351.0960359454443,343.3155143732461,345.4551696777344,6408732,0.0,0.0,BPCL
2026-01-21,344.28805818031475,348.90774257680204,336.0212545234428,342.2943115234375,6076732,0.0,0.0,BPCL
2026-01-22,345.26064631776524,351.29056243544875,344.0935562045573,344.4339599609375,4615713,0.0,0.0,BPCL
2026-01-23,346.23321408621155,351.9713428779779,338.6472173351082,339.5711364746094,5338663,0.0,0.0,BPCL
2026-01-27,348.17833263870403,350.02620053507735,340.93271021305566,347.59478759765625,11887552,0.0,0.0,BPCL
2026-01-28,350.60974507484536,355.86159107609944,347.59478710068703,352.40899658203125,12428097,0.0,0.0,BPCL
2026-01-29,352.40900663781736,357.8067316330623,347.4489181749699,356.8828125,14186586,0.0,0.0,BPCL
2026-01-30,356.639655219184,357.9039780521262,349.6371742112483,354.5,12639803,0.0,0.0,BPCL
2026-02-02,353.0,367.6000061035156,351.0,366.70001220703125,12038292,10.0,0.0,BPCL
2026-02-03,372.0,374.70001220703125,358.29998779296875,373.45001220703125,12411365,0.0,0.0,BPCL
2026-02-04,373.0,383.20001220703125,370.3500061035156,382.45001220703125,8138573,0.0,0.0,BPCL
2026-02-05,386.0,391.6499938964844,378.3500061035156,382.04998779296875,8446290,0.0,0.0,BPCL
2026-02-06,382.5,386.8999938964844,381.3500061035156,386.3500061035156,7988984,0.0,0.0,BPCL
2026-02-09,386.5,389.5,382.8999938964844,388.29998779296875,5171617,0.0,0.0,BPCL
2026-02-10,386.0,388.0,381.8999938964844,386.3500061035156,3114005,0.0,0.0,BPCL
2026-02-11,388.0,390.8999938964844,386.0,387.6000061035156,5156493,0.0,0.0,BPCL
2026-02-12,387.04998779296875,389.5,373.54998779296875,377.70001220703125,6352805,0.0,0.0,BPCL
2026-02-13,377.45001220703125,378.3999938964844,372.95001220703125,374.1000061035156,2696607,0.0,0.0,BPCL
2026-02-16,372.6499938964844,375.29998779296875,369.04998779296875,374.3500061035156,1709180,0.0,0.0,BPCL
2026-02-17,374.3500061035156,375.79998779296875,366.54998779296875,374.95001220703125,2646518,0.0,0.0,BPCL
2026-02-18,377.0,381.3999938964844,375.75,380.8999938964844,2527223,0.0,0.0,BPCL
2026-02-19,377.45001220703125,378.8500061035156,365.0,367.6499938964844,5506935,0.0,0.0,BPCL
2026-02-20,364.8500061035156,367.8999938964844,362.29998779296875,366.29998779296875,6928709,0.0,0.0,BPCL
2026-02-23,370.0,376.70001220703125,366.6499938964844,372.1000061035156,7760029,0.0,0.0,BPCL
2026-02-24,370.0,376.0,369.0,374.45001220703125,7718539,0.0,0.0,BPCL
2026-02-25,376.1000061035156,381.8999938964844,374.0,381.04998779296875,7003584,0.0,0.0,BPCL
2026-02-26,380.0,387.0,378.54998779296875,386.0,4800186,0.0,0.0,BPCL
2026-02-27,386.6499938964844,389.8999938964844,382.5,385.3999938964844,9020770,0.0,0.0,BPCL
2026-03-02,368.0,376.95001220703125,367.1000061035156,374.79998779296875,14939455,0.0,0.0,BPCL
2026-03-04,365.0,367.8500061035156,352.70001220703125,356.3999938964844,13534628,0.0,0.0,BPCL
2026-03-05,356.6499938964844,362.5,351.1000061035156,360.3500061035156,12170764,0.0,0.0,BPCL
2026-03-06,362.04998779296875,362.04998779296875,351.20001220703125,352.75,10536915,0.0,0.0,BPCL
2026-03-09,341.3500061035156,341.45001220703125,322.79998779296875,331.1499938964844,34756111,0.0,0.0,BPCL
2026-03-10,336.5,342.20001220703125,324.3500061035156,325.8999938964844,15916729,0.0,0.0,BPCL
2026-03-11,326.0,328.8999938964844,322.75,325.04998779296875,13909498,0.0,0.0,BPCL
2026-03-12,318.70001220703125,330.3500061035156,314.0,326.3500061035156,11176171,0.0,0.0,BPCL
2026-03-13,323.6499938964844,325.3500061035156,318.1499938964844,319.29998779296875,7556076,0.0,0.0,BPCL
2026-03-16,314.8999938964844,318.45001220703125,301.1000061035156,304.95001220703125,18589204,0.0,0.0,BPCL
2026-03-17,305.29998779296875,305.8999938964844,298.1499938964844,300.04998779296875,16467622,0.0,0.0,BPCL
2026-03-18,300.79998779296875,307.45001220703125,299.6000061035156,303.70001220703125,9223774,0.0,0.0,BPCL
2026-03-19,298.0,298.0,284.3999938964844,286.0,15494502,0.0,0.0,BPCL
2026-03-20,288.5,295.8500061035156,286.95001220703125,287.79998779296875,16601274,0.0,0.0,BPCL
2026-03-23,280.04998779296875,281.0,270.0,271.29998779296875,14357554,0.0,0.0,BPCL
2026-03-24,280.0,283.0,270.70001220703125,282.25,19542984,0.0,0.0,BPCL
2026-03-25,288.20001220703125,289.75,281.79998779296875,284.54998779296875,18451485,0.0,0.0,BPCL
2026-03-27,290.0,298.5,280.79998779296875,282.70001220703125,29524543,0.0,0.0,BPCL
2026-03-30,274.95001220703125,285.25,273.1000061035156,281.0,14757987,0.0,0.0,BPCL
2026-04-01,292.0,292.0,280.1000061035156,281.25,16919233,0.0,0.0,BPCL
2026-04-02,275.29998779296875,281.1499938964844,266.6000061035156,278.1499938964844,13404373,0.0,0.0,BPCL
2026-04-06,277.75,279.95001220703125,272.1499938964844,278.70001220703125,11923889,0.0,0.0,BPCL
2026-04-07,273.20001220703125,278.25,271.0,277.45001220703125,14410706,0.0,0.0,BPCL
2026-04-08,293.5,301.5,292.1499938964844,298.1000061035156,26646510,0.0,0.0,BPCL
2026-04-09,296.0,299.70001220703125,293.0,297.3500061035156,17580272,0.0,0.0,BPCL
2026-04-10,297.3999938964844,303.20001220703125,296.20001220703125,299.3500061035156,13853270,0.0,0.0,BPCL
2026-04-13,284.25,294.0,284.25,292.95001220703125,13454302,0.0,0.0,BPCL
2026-04-15,300.6000061035156,311.45001220703125,299.0,310.45001220703125,26146547,0.0,0.0,BPCL
2026-04-16,314.8999938964844,314.8999938964844,307.25,307.95001220703125,14067180,0.0,0.0,BPCL
2026-04-17,308.79998779296875,313.70001220703125,306.25,312.1000061035156,10758881,0.0,0.0,BPCL
2026-04-20,312.1000061035156,319.0,307.0,316.04998779296875,14504057,0.0,0.0,BPCL
2026-04-21,316.04998779296875,320.1000061035156,315.1000061035156,318.04998779296875,9935289,0.0,0.0,BPCL
2026-04-22,317.0,317.0,313.0,314.3999938964844,7456858,0.0,0.0,BPCL
2026-04-23,312.0,313.75,308.3999938964844,309.79998779296875,8518111,0.0,0.0,BPCL
2026-04-24,309.0,310.75,300.1499938964844,308.1000061035156,10531252,0.0,0.0,BPCL
2026-04-27,308.29998779296875,315.1000061035156,306.70001220703125,312.6499938964844,5296412,0.0,0.0,BPCL
2026-04-28,308.70001220703125,313.1000061035156,305.1499938964844,307.75,14434171,0.0,0.0,BPCL
2026-04-29,308.3999938964844,310.8999938964844,303.1499938964844,303.8999938964844,16918034,0.0,0.0,BPCL
2026-04-30,300.04998779296875,302.3500061035156,295.54998779296875,300.45001220703125,13025294,0.0,0.0,BPCL
2026-05-01,300.45001220703125,300.45001220703125,300.45001220703125,300.45001220703125,0,0.0,0.0,BPCL
2026-05-04,302.5,305.8999938964844,300.1000061035156,301.70001220703125,9009471,0.0,0.0,BPCL
2026-05-05,300.25,300.45001220703125,293.29998779296875,298.5,12433693,0.0,0.0,BPCL
2026-05-06,304.70001220703125,316.6000061035156,301.8500061035156,314.04998779296875,16983058,0.0,0.0,BPCL
2026-05-07,315.70001220703125,316.95001220703125,305.1000061035156,307.6000061035156,17998452,0.0,0.0,BPCL
2026-05-08,306.0,306.3500061035156,301.3999938964844,302.75,11782486,0.0,0.0,BPCL
2026-05-11,298.75,299.3999938964844,293.75,294.45001220703125,10388130,0.0,0.0,BPCL
2026-05-12,286.0,293.70001220703125,286.0,287.8500061035156,10652991,0.0,0.0,BPCL
2026-05-13,288.54998779296875,299.0,288.54998779296875,297.1000061035156,12403055,0.0,0.0,BPCL
2026-05-14,301.1000061035156,301.1000061035156,291.1499938964844,295.0,11845204,0.0,0.0,BPCL
2026-05-15,293.0,294.6499938964844,283.5,284.45001220703125,14828416,0.0,0.0,BPCL
2026-05-18,282.0,282.5,276.6000061035156,280.79998779296875,8613476,0.0,0.0,BPCL
2026-05-19,282.0,289.79998779296875,282.0,286.45001220703125,6955573,0.0,0.0,BPCL
2026-05-20,281.8500061035156,294.75,280.04998779296875,293.75,10290169,0.0,0.0,BPCL
2026-05-21,295.0,298.5,294.75,296.3999938964844,10786772,0.0,0.0,BPCL
2026-05-22,297.0,297.70001220703125,291.6000061035156,295.6000061035156,5366953,0.0,0.0,BPCL
2026-05-25,305.0,309.0,304.04998779296875,308.25,14530864,0.0,0.0,BPCL
2026-05-26,308.25,308.29998779296875,302.1000061035156,304.6000061035156,8611871,0.0,0.0,BPCL
2026-05-27,305.5,308.45001220703125,302.1499938964844,307.1499938964844,5948761,0.0,0.0,BPCL
2026-05-28,307.1499938964844,307.1499938964844,307.1499938964844,307.1499938964844,0,0.0,0.0,BPCL
2026-05-29,310.6000061035156,312.0,290.0,298.1000061035156,26387806,0.0,0.0,BPCL
2026-06-01,298.75,300.3500061035156,295.6499938964844,296.8500061035156,7741307,0.0,0.0,BPCL
2026-06-02,294.0,297.45001220703125,291.0,294.3999938964844,8495475,0.0,0.0,BPCL
2026-06-03,294.0,294.25,290.1499938964844,292.1000061035156,6711789,0.0,0.0,BPCL
2026-06-04,290.1000061035156,296.20001220703125,290.1000061035156,295.1499938964844,8514225,0.0,0.0,BPCL
2026-06-05,295.0,295.8999938964844,291.75,295.0,5528678,0.0,0.0,BPCL
2026-06-08,291.3999938964844,292.3999938964844,283.8999938964844,285.1499938964844,5454197,0.0,0.0,BPCL
2026-06-09,288.75,290.1499938964844,285.25,289.1000061035156,5025923,0.0,0.0,BPCL
2026-06-10,289.0,290.20001220703125,286.29998779296875,288.0,6874985,0.0,0.0,BPCL
2026-06-11,285.0,287.3999938964844,280.25,286.3500061035156,12991146,0.0,0.0,BPCL
2026-06-12,293.1000061035156,303.79998779296875,292.54998779296875,302.3500061035156,11278769,0.0,0.0,BPCL
2026-06-15,315.0,316.75,308.75,310.6000061035156,15261091,0.0,0.0,BPCL
2026-06-16,314.0,314.0,309.5,312.1000061035156,8875346,0.0,0.0,BPCL
2026-06-17,316.0,319.5,315.29998779296875,317.95001220703125,14716072,0.0,0.0,BPCL
2026-06-18,319.0,321.6000061035156,314.3999938964844,316.29998779296875,7174272,0.0,0.0,BPCL
2026-06-19,315.0,315.0,305.1000061035156,306.6000061035156,11322845,0.0,0.0,BPCL
2026-06-22,311.75,311.79998779296875,306.79998779296875,308.6000061035156,5440551,0.0,0.0,BPCL
2026-06-23,309.04998779296875,313.3500061035156,307.5,308.54998779296875,6611723,0.0,0.0,BPCL
2026-06-24,308.8500061035156,316.79998779296875,308.20001220703125,315.70001220703125,7690718,0.0,0.0,BPCL
2026-06-25,319.95001220703125,320.8500061035156,309.0,309.75,9118712,0.0,0.0,BPCL
2026-06-26,309.75,309.75,309.75,309.75,0,0.0,0.0,BPCL
2026-06-29,308.70001220703125,309.0,299.75,300.79998779296875,11893768,0.0,0.0,BPCL
2026-06-30,301.20001220703125,304.45001220703125,299.8999938964844,303.54998779296875,4259519,0.0,0.0,BPCL
2026-07-01,305.20001220703125,306.5,301.1499938964844,304.20001220703125,4919350,0.0,0.0,BPCL
2026-07-02,305.0,314.5,304.79998779296875,310.45001220703125,7323630,0.0,0.0,BPCL
2026-07-03,313.6000061035156,313.6000061035156,306.70001220703125,308.1499938964844,3035350,0.0,0.0,BPCL
2026-07-06,308.1499938964844,310.8999938964844,306.04998779296875,308.1499938964844,2818204,0.0,0.0,BPCL
2026-07-07,309.5,315.8500061035156,307.75,313.95001220703125,6889552,0.0,0.0,BPCL
2026-07-08,306.95001220703125,307.8500061035156,299.3999938964844,303.54998779296875,15951234,0.0,0.0,BPCL
2026-07-09,303.54998779296875,309.1000061035156,299.75,308.20001220703125,5543009,0.0,0.0,BPCL
2026-07-10,312.0,313.75,309.1000061035156,309.75,3799709,0.0,0.0,BPCL
2026-07-13,304.79998779296875,309.1499938964844,302.1499938964844,307.54998779296875,5543349,0.0,0.0,BPCL
2026-07-14,302.95001220703125,307.20001220703125,302.04998779296875,305.3500061035156,9995741,0.0,0.0,BPCL
2026-07-15,306.0,311.1499938964844,306.0,309.6000061035156,9056446,0.0,0.0,BPCL
2026-07-16,312.04998779296875,318.25,310.29998779296875,312.0,7899255,0.0,0.0,BPCL
2026-07-17,311.6000061035156,316.0,310.3999938964844,315.54998779296875,5658733,0.0,0.0,BPCL
2026-07-20,311.0,320.25,309.0,317.6000061035156,11702075,0.0,0.0,BPCL
2026-07-21,317.6000061035156,321.8999938964844,317.0,319.3500061035156,6264859,0.0,0.0,BPCL
2026-07-22,317.5,321.70001220703125,308.1000061035156,314.0,9784696,0.0,0.0,BPCL
2026-07-23,305.3999938964844,317.0,305.1000061035156,309.8500061035156,11432842,0.0,0.0,BPCL
2026-07-24,306.8999938964844,311.79998779296875,305.5,310.1499938964844,5796307,0.0,0.0,BPCL
2026-07-27,315.20001220703125,318.54998779296875,313.20001220703125,316.25,5954256,0.0,0.0,BPCL
2026-07-28,317.5,321.29998779296875,315.75,320.04998779296875,5455392,0.0,0.0,BPCL
2026-07-29,320.0,320.04998779296875,315.79998779296875,317.3999938964844,5132678,0.0,0.0,BPCL
2026-07-30,315.3999938964844,318.3500061035156,312.8500061035156,315.79998779296875,6601344,0.0,0.0,BPCL
2026-07-31,316.04998779296875,320.3999938964844,314.3999938964844,319.75,5111067,0.0,0.0,BPCL
2026-08-03,324.75,329.95001220703125,322.0,329.95001220703125,5844038,0.0,0.0,BPCL
2026-08-04,328.54998779296875,328.54998779296875,320.6499938964844,324.0,5331584,0.0,0.0,BPCL
2026-08-05,327.5,328.1499938964844,324.45001220703125,326.25,2974415,0.0,0.0,BPCL
2026-08-06,326.5,327.0,322.70001220703125,323.70001220703125,3694266,0.0,0.0,BPCL
2026-08-07,320.8999938964844,323.54998779296875,317.1000061035156,321.0,5431740,0.0,0.0,BPCL
2026-08-10,320.20001220703125,320.95001220703125,316.25,318.5,3056257,0.0,0.0,BPCL
2026-08-11,316.95001220703125,318.95001220703125,314.8999938964844,317.79998779296875,2733485,0.0,0.0,BPCL
2026-08-12,317.0,318.5,311.5,317.0,6726295,0.0,0.0,BPCL
2026-08-13,316.6499938964844,316.6499938964844,310.6499938964844,315.0,4751186,0.0,0.0,BPCL
2026-08-14,314.8500061035156,319.45001220703125,314.04998779296875,319.45001220703125,8035947,0.0,0.0,BPCL
2026-08-17,319.0,319.75,314.1499938964844,316.6499938964844,4738730,0.0,0.0,BPCL
2026-08-18,315.29998779296875,317.1499938964844,310.29998779296875,310.29998779296875,5279469,0.0,0.0,BPCL
2026-08-19,310.29998779296875,311.8500061035156,304.70001220703125,307.0,4757433,0.0,0.0,BPCL
2026-08-20,307.5,311.0,304.79998779296875,308.70001220703125,5132147,0.0,0.0,BPCL
2026-08-21,308.70001220703125,314.20001220703125,307.20001220703125,311.0,4998491,0.0,0.0,BPCL
2026-08-24,311.1499938964844,316.1000061035156,310.0,311.8999938964844,4311364,0.0,0.0,BPCL
2026-08-25,312.04998779296875,319.75,311.1000061035156,318.1000061035156,6592471,0.0,0.0,BPCL
2026-08-26,320.25,326.3500061035156,318.0,318.0,3340608,0.0,0.0,BPCL
2026-08-27,319.1499938964844,320.8500061035156,315.0,318.0,4497571,0.0,0.0,BPCL
2026-08-28,318.0,319.8999938964844,316.0,319.25,4733069,0.0,0.0,BPCL
2026-08-31,315.0,324.04998779296875,310.79998779296875,324.04998779296875,8129191,0.0,0.0,BPCL
2026-09-01,317.3500061035156,319.70001220703125,313.0,317.6499938964844,6048491,0.0,0.0,BPCL
2026-09-02,312.1000061035156,319.6000061035156,312.1000061035156,319.6000061035156,8277464,0.0,0.0,BPCL
2026-09-03,318.3999938964844,321.95001220703125,317.20001220703125,320.04998779296875,4704414,0.0,0.0,BPCL
2026-09-04,319.3999938964844,320.6499938964844,315.70001220703125,315.70001220703125,1834819,0.0,0.0,BPCL
2026-09-07,314.8999938964844,316.70001220703125,311.20001220703125,312.8999938964844,2363459,0.0,0.0,BPCL
2026-09-08,311.1000061035156,314.25,301.3999938964844,303.8500061035156,4641011,0.0,0.0,BPCL
2026-09-09,300.1499938964844,306.5,298.6499938964844,303.54998779296875,4492551,0.0,0.0,BPCL
2026-09-10,302.95001220703125,306.1000061035156,301.75,303.0,3231631,0.0,0.0,BPCL
2026-09-11,299.3999938964844,306.45001220703125,296.0,304.5,4137678,0.0,0.0,BPCL
2026-09-14,304.5,304.5,304.5,304.5,0,0.0,0.0,BPCL
2026-09-15,304.20001220703125,308.1499938964844,298.6499938964844,298.6499938964844,3512731,0.0,0.0,BPCL
2026-09-16,301.0,304.0,298.1000061035156,303.3500061035156,4428358,0.0,0.0,BPCL
2026-09-17,304.54998779296875,308.0,303.1499938964844,307.0,3005596,0.0,0.0,BPCL
2026-09-18,308.54998779296875,314.20001220703125,308.25,314.0,9439555,0.0,0.0,BPCL
2026-09-21,313.0,315.95001220703125,310.8500061035156,312.75,3153498,0.0,0.0,BPCL
2026-09-22,315.0,318.20001220703125,308.1499938964844,313.6000061035156,10959640,0.0,0.0,BPCL
2026-09-23,314.6499938964844,315.8999938964844,312.54998779296875,315.75,2065484,0.0,0.0,BPCL
2026-09-24,312.3999938964844,313.95001220703125,306.70001220703125,307.1000061035156,3225066,0.0,0.0,BPCL
2026-09-25,308.1000061035156,309.3999938964844,305.79998779296875,308.5,1893466,0.0,0.0,BPCL
2026-09-28,306.95001220703125,308.5,301.0,302.25,2813265,0.0,0.0,BPCL
2026-09-29,302.25,303.45001220703125,296.5,299.3500061035156,4538466,0.0,0.0,BPCL
2026-09-30,301.95001220703125,308.25,301.1000061035156,303.20001220703125,5525502,0.0,0.0,BPCL
2026-10-01,302.0,305.04998779296875,297.1000061035156,300.6000061035156,5617264,0.0,0.0,BPCL
