Date,Open,High,Low,Close,Volume,Dividends,Stock Splits,Symbol
2021-10-04,3621.781980139876,3674.8119081099544,3594.9196585480454,3605.9423828125,372752,0.0,0.0,BRITANNIA
2021-10-05,3606.9609917711487,3617.3817188274984,3580.5618165617298,3596.03076171875,131731,0.0,0.0,BRITANNIA
2021-10-06,3606.0349084636946,3698.8024512149896,3596.0773242700175,3648.273681640625,409840,0.0,0.0,BRITANNIA
2021-10-07,3667.910845287286,3671.476914101015,3591.6310299988304,3613.07470703125,187556,0.0,0.0,BRITANNIA
2021-10-08,3626.4132990217463,3639.3813159275714,3563.286935755742,3597.050048828125,316870,0.0,0.0,BRITANNIA
2021-10-11,3593.993171996004,3613.213625170983,3548.790326047202,3557.49755859375,253051,0.0,0.0,BRITANNIA
2021-10-12,3539.342416138535,3589.1303394223473,3533.7846944696444,3582.83154296875,253262,0.0,0.0,BRITANNIA
2021-10-13,3586.02703598818,3607.0539296613333,3570.3728777407828,3597.42041015625,174222,0.0,0.0,BRITANNIA
2021-10-14,3623.6342646470894,3635.675994054148,3594.919371445643,3607.74853515625,299078,0.0,0.0,BRITANNIA
2021-10-18,3668.096056276628,3668.096056276628,3543.0473270853795,3554.487060546875,256837,0.0,0.0,BRITANNIA
2021-10-19,3575.791655620464,3583.2019506769493,3501.364414189189,3516.09228515625,282932,0.0,0.0,BRITANNIA
2021-10-20,3519.8900627367425,3628.5899160529057,3464.3128512198464,3484.691162109375,523002,0.0,0.0,BRITANNIA
2021-10-21,3518.5006602480958,3518.5006602480958,3408.735666634985,3440.5537109375,335589,0.0,0.0,BRITANNIA
2021-10-22,3458.755404307461,3482.838864540989,3380.9473020145238,3417.998779296875,192033,0.0,0.0,BRITANNIA
2021-10-25,3417.998361570711,3424.0655854630522,3351.027779338729,3363.393798828125,289025,0.0,0.0,BRITANNIA
2021-10-26,3380.0206327518267,3431.939054649829,3340.0514466123086,3420.592041015625,326825,0.0,0.0,BRITANNIA
2021-10-27,3428.0950135914854,3456.161551201296,3410.0787790576424,3425.27001953125,441016,0.0,0.0,BRITANNIA
2021-10-28,3450.418413835843,3453.845629850267,3384.652049437898,3410.495361328125,193658,0.0,0.0,BRITANNIA
2021-10-29,3409.6620784900406,3435.551752113075,3372.656962068342,3404.799072265625,283538,0.0,0.0,BRITANNIA
2021-11-01,3421.7034648634362,3427.26118570512,3381.9658513030918,3407.021728515625,139766,0.0,0.0,BRITANNIA
2021-11-02,3408.9209456417775,3434.301341952716,3396.7403635735454,3411.421875,151547,0.0,0.0,BRITANNIA
2021-11-03,3422.629969559855,3427.0761917451027,3351.3522404564646,3362.282470703125,185296,0.0,0.0,BRITANNIA
2021-11-04,3362.282470703125,3362.282470703125,3362.282470703125,3362.282470703125,0,0.0,0.0,BRITANNIA
2021-11-08,3395.7677511224774,3453.9849728289673,3353.1585540271058,3443.65673828125,336938,0.0,0.0,BRITANNIA
2021-11-09,3325.3698693966335,3370.7579261098467,3274.5629440262837,3354.640625,1399094,0.0,0.0,BRITANNIA
2021-11-10,3361.9116756037893,3445.786992932101,3334.632573805259,3425.871826171875,706755,0.0,0.0,BRITANNIA
2021-11-11,3426.4276078622815,3443.9343380039063,3365.4778909172805,3374.833251953125,298625,0.0,0.0,BRITANNIA
2021-11-12,3398.175851307322,3429.0673804586827,3372.8418168221397,3416.099365234375,275060,0.0,0.0,BRITANNIA
2021-11-15,3427.2617645888467,3471.3531145045117,3403.1783035403846,3466.7216796875,320669,0.0,0.0,BRITANNIA
2021-11-16,3474.5021448257467,3482.8387268847796,3409.6620621443813,3418.693359375,199179,0.0,0.0,BRITANNIA
2021-11-17,3418.693109825629,3427.2149034128465,3341.857662685709,3348.5732421875,250996,0.0,0.0,BRITANNIA
2021-11-18,3376.1305725537222,3376.1305725537222,3292.949962862135,3308.326416015625,248828,0.0,0.0,BRITANNIA
2021-11-22,3324.4437882858583,3361.0321219825123,3306.844336634303,3317.58935546875,364653,0.0,0.0,BRITANNIA
2021-11-23,3314.0690146522534,3399.4726138364067,3310.5490795235196,3392.201171875,365672,0.0,0.0,BRITANNIA
2021-11-24,3390.2097964577356,3403.1778120726012,3343.895454976073,3356.261474609375,149025,0.0,0.0,BRITANNIA
2021-11-25,3344.3587415108627,3365.941270793779,3303.1389758282057,3309.993408203125,232784,0.0,0.0,BRITANNIA
2021-11-26,3297.581286301694,3367.1455213103122,3273.4514678963933,3293.227783203125,372530,0.0,0.0,BRITANNIA
2021-11-29,3288.318788864376,3288.318788864376,3213.3822624152926,3268.496337890625,281082,0.0,0.0,BRITANNIA
2021-11-30,3254.9721096449284,3302.212740718318,3243.023099301716,3284.150146484375,633377,0.0,0.0,BRITANNIA
2021-12-01,3288.7816369372526,3340.838915464455,3267.940181696839,3274.65576171875,312855,0.0,0.0,BRITANNIA
2021-12-02,3279.055726692399,3341.3948822055463,3269.792857407957,3314.7177734375,377041,0.0,0.0,BRITANNIA
2021-12-03,3294.802424540538,3328.565536009607,3288.3184163955325,3291.7919921875,313990,0.0,0.0,BRITANNIA
2021-12-06,3293.8763795932177,3317.1262723928253,3232.741441164322,3238.484375,165986,0.0,0.0,BRITANNIA
2021-12-07,3243.9031380890783,3268.8665252362857,3211.436736467612,3218.10595703125,254445,0.0,0.0,BRITANNIA
2021-12-08,3232.69470996551,3318.3762426108137,3226.257061660469,3312.170166015625,326189,0.0,0.0,BRITANNIA
2021-12-09,3302.2127883098146,3366.5433680874467,3301.286501412673,3356.77099609375,284117,0.0,0.0,BRITANNIA
2021-12-10,3356.7711194782296,3373.537003390459,3338.7085243200436,3364.69091796875,190379,0.0,0.0,BRITANNIA
2021-12-13,3372.6106493953544,3388.6818177896193,3313.2819274035865,3324.212158203125,311904,0.0,0.0,BRITANNIA
2021-12-14,3316.1070057070383,3332.2706664138263,3281.880750974751,3315.78271484375,297867,0.0,0.0,BRITANNIA
2021-12-15,3307.7705867495397,3315.7367447082393,3261.9193842728937,3280.537841796875,152079,0.0,0.0,BRITANNIA
2021-12-16,3288.31823207799,3308.3722514018386,3275.952212494027,3298.136962890625,121782,0.0,0.0,BRITANNIA
2021-12-17,3284.6130292107123,3293.875897313393,3242.0038359383793,3275.489013671875,307396,0.0,0.0,BRITANNIA
2021-12-20,3262.3826528021923,3269.7929484360416,3177.2569721660575,3215.9755859375,382144,0.0,0.0,BRITANNIA
2021-12-21,3217.8282357602643,3280.3064732125504,3205.9255838041545,3247.33056640625,222991,0.0,0.0,BRITANNIA
2021-12-22,3262.382268786192,3277.758720874173,3227.7392312334987,3239.22509765625,257611,0.0,0.0,BRITANNIA
2021-12-23,3244.875572663925,3297.581204263127,3243.8565666655813,3292.579345703125,163291,0.0,0.0,BRITANNIA
2021-12-24,3297.5815304410535,3302.2129651748187,3259.603765624176,3280.260009765625,136780,0.0,0.0,BRITANNIA
2021-12-27,3279.0552441486197,3283.2698942816696,3248.2098487417643,3254.230712890625,94111,0.0,0.0,BRITANNIA
2021-12-28,3270.7189634765095,3299.433856670441,3252.2859450774627,3288.92041015625,99497,0.0,0.0,BRITANNIA
2021-12-29,3288.920732361878,3306.659263485054,3265.346774255919,3297.211181640625,163737,0.0,0.0,BRITANNIA
2021-12-30,3306.8443585199607,3321.664949482515,3266.134092948548,3310.456787109375,167005,0.0,0.0,BRITANNIA
2021-12-31,3321.6646924180186,3356.122518510403,3305.9641753109836,3340.1904296875,244207,0.0,0.0,BRITANNIA
2022-01-03,3343.8958925890593,3358.7164838027506,3318.145070126416,3350.889404296875,149689,0.0,0.0,BRITANNIA
2022-01-04,3355.937447741546,3375.250620116284,3343.895718009103,3370.24853515625,317247,0.0,0.0,BRITANNIA
2022-01-05,3369.831505675301,3417.072134259534,3365.2464310709743,3389.931884765625,245395,0.0,0.0,BRITANNIA
2022-01-06,3389.932067768974,3415.173385384951,3358.5310328255173,3404.197021484375,340345,0.0,0.0,BRITANNIA
2022-01-07,3413.367430014242,3466.165786462224,3411.376003518213,3461.858642578125,241905,0.0,0.0,BRITANNIA
2022-01-10,3461.8583220873725,3499.5117928737995,3453.104730255436,3490.52685546875,351447,0.0,0.0,BRITANNIA
2022-01-11,3490.526827605046,3520.7700031942577,3462.55300959908,3467.416015625,206008,0.0,0.0,BRITANNIA
2022-01-12,3473.575910666251,3482.607208033983,3418.9249830051017,3427.44677734375,311095,0.0,0.0,BRITANNIA
2022-01-13,3427.4465971725544,3482.792237106473,3419.2027345689694,3472.69580078125,129143,0.0,0.0,BRITANNIA
2022-01-14,3472.695462069995,3478.114103990722,3422.9075481570803,3438.4228515625,97013,0.0,0.0,BRITANNIA
2022-01-17,3424.4827980821788,3439.118176881414,3373.861307551196,3394.98046875,170221,0.0,0.0,BRITANNIA
2022-01-18,3397.6206211373387,3422.352438117961,3344.914982766612,3354.918701171875,168104,0.0,0.0,BRITANNIA
2022-01-19,3353.1585508589387,3360.152062126185,3302.2127717713033,3312.07763671875,129227,0.0,0.0,BRITANNIA
2022-01-20,3325.3699203085,3356.863674428413,3312.865047349122,3339.403076171875,173547,0.0,0.0,BRITANNIA
2022-01-21,3340.190610109998,3361.495209120683,3312.1240714018513,3351.583984375,162594,0.0,0.0,BRITANNIA
2022-01-24,3343.8954674792103,3359.22555979581,3246.635350004053,3264.095947265625,240598,0.0,0.0,BRITANNIA
2022-01-25,3243.8566804256307,3302.629538215913,3177.3955962392974,3278.4072265625,306411,0.0,0.0,BRITANNIA
2022-01-27,3274.424114511155,3274.424114511155,3182.3974227021977,3236.585205078125,353612,0.0,0.0,BRITANNIA
2022-01-28,3236.58518044995,3330.0013018654063,3236.58518044995,3250.942626953125,249034,0.0,0.0,BRITANNIA
2022-01-31,3251.267044455167,3367.9791947689423,3251.267044455167,3274.7021484375,462842,0.0,0.0,BRITANNIA
2022-02-01,3297.581147745335,3436.524173633481,3283.7332047273326,3387.060546875,631482,0.0,0.0,BRITANNIA
2022-02-02,3399.472800406639,3399.472800406639,3339.078941933443,3354.131103515625,209928,0.0,0.0,BRITANNIA
2022-02-03,3355.010986191361,3382.7995918196716,3292.949766954801,3299.80419921875,203975,0.0,0.0,BRITANNIA
2022-02-04,3319.3028916759413,3328.7973328159806,3279.055769340434,3299.43408203125,162672,0.0,0.0,BRITANNIA
2022-02-07,3299.3875499343803,3315.921861415306,3186.4269086768536,3194.39306640625,279194,0.0,0.0,BRITANNIA
2022-02-08,3187.35316864797,3232.7412259754183,3166.418994606586,3217.4111328125,363856,0.0,0.0,BRITANNIA
2022-02-09,3250.3408530925035,3279.704103686685,3217.411307342863,3258.075439453125,172750,0.0,0.0,BRITANNIA
2022-02-10,3262.382378691042,3282.6218373981487,3228.109764264135,3274.00732421875,172088,0.0,0.0,BRITANNIA
2022-02-11,3241.0777403978987,3250.664899907649,3176.237659852642,3223.98779296875,340217,0.0,0.0,BRITANNIA
2022-02-14,3175.3113104790505,3200.321055339883,3138.306196182335,3147.522705078125,209831,0.0,0.0,BRITANNIA
2022-02-15,3172.532715293934,3232.7413653652056,3149.375542189599,3221.533203125,209065,0.0,0.0,BRITANNIA
2022-02-16,3223.478094196815,3240.8923314287954,3181.795187806339,3206.804931640625,190567,0.0,0.0,BRITANNIA
2022-02-17,3225.8867956510535,3226.2572199472916,3177.164015050017,3208.75048828125,173362,0.0,0.0,BRITANNIA
2022-02-18,3195.689944728353,3237.372857050897,3190.2710756687134,3225.0068359375,121161,0.0,0.0,BRITANNIA
2022-02-21,3178.1831362901785,3242.0042145124453,3177.164130222196,3219.07861328125,138287,0.0,0.0,BRITANNIA
2022-02-22,3154.0067112699467,3240.1513879654253,3154.0067112699467,3232.509521484375,246372,0.0,0.0,BRITANNIA
2022-02-23,3239.920120942144,3269.792874540996,3214.2156585431317,3252.332275390625,326853,0.0,0.0,BRITANNIA
2022-02-24,3185.9637543627914,3245.7092586966774,3162.3434386959066,3191.984619140625,529995,0.0,0.0,BRITANNIA
2022-02-25,3181.7955008508097,3190.1320829491087,3103.4315386690937,3170.448486328125,722637,0.0,0.0,BRITANNIA
2022-02-28,3154.0069061998374,3186.4269478201004,3082.080818605732,3174.802001953125,426929,0.0,0.0,BRITANNIA
2022-03-02,3168.7809290129917,3168.7809290129917,3123.207661585211,3141.7333984375,416582,0.0,0.0,BRITANNIA
2022-03-03,3154.0067158980196,3186.009971709623,3103.0609392829265,3118.251953125,429892,0.0,0.0,BRITANNIA
2022-03-04,3103.06108675108,3144.605144295586,3033.5895698835184,3122.83740234375,331936,0.0,0.0,BRITANNIA
2022-03-07,3056.7463973105473,3057.255900272279,2907.1974407679436,2920.9990234375,711477,0.0,0.0,BRITANNIA
2022-03-08,2885.3836887011994,2945.5923371010635,2825.175040301335,2884.225830078125,541966,0.0,0.0,BRITANNIA
2022-03-09,2912.2458886043223,2936.3293469706427,2865.6536143052435,2893.581298828125,483468,0.0,0.0,BRITANNIA
2022-03-10,2987.2751540143727,3008.5797520119945,2912.986992312386,2985.376220703125,490457,0.0,0.0,BRITANNIA
2022-03-11,3010.432207275771,3016.5457908313215,2957.4486456565664,2964.025146484375,362091,0.0,0.0,BRITANNIA
2022-03-14,2964.025625802281,2978.012649700266,2913.265280060297,2951.011474609375,335292,0.0,0.0,BRITANNIA
2022-03-15,2951.150171573013,3009.506248412027,2947.1207329526105,2985.283935546875,258636,0.0,0.0,BRITANNIA
2022-03-16,3004.8745911464994,3073.7441100418528,2993.9907204788137,3069.390380859375,239522,0.0,0.0,BRITANNIA
2022-03-17,3077.1251144062503,3114.17659079886,3057.2563054195666,3108.572509765625,436218,0.0,0.0,BRITANNIA
2022-03-21,3103.060808739609,3103.060808739609,2991.9063917101307,2998.89990234375,354460,0.0,0.0,BRITANNIA
2022-03-22,2991.9064558902714,3010.4321924592514,2901.361918409382,2925.584228515625,583821,0.0,0.0,BRITANNIA
2022-03-23,2933.9209863722435,2939.8957176903637,2864.079045765674,2873.573486328125,1044283,0.0,0.0,BRITANNIA
2022-03-24,2859.4478822688243,2899.278222060713,2853.473376528897,2875.055908203125,459226,0.0,0.0,BRITANNIA
2022-03-25,2880.7519767935046,2892.5621336115487,2847.498370798826,2866.39453125,339040,0.0,0.0,BRITANNIA
2022-03-28,2866.394676136201,2889.04234453848,2834.4841391731325,2866.672607421875,310240,0.0,0.0,BRITANNIA
2022-03-29,2882.6045397821863,2902.982849510724,2862.41144218597,2875.009033203125,359318,0.0,0.0,BRITANNIA
2022-03-30,2893.3959328392557,2927.066551508137,2885.0593508887578,2916.321533203125,450273,0.0,0.0,BRITANNIA
2022-03-31,2917.155297754965,2981.2543042121415,2915.302724006814,2970.046142578125,413897,0.0,0.0,BRITANNIA
2022-04-01,2973.3808117773324,2999.2241246369485,2956.3833574890664,2992.508544921875,260712,0.0,0.0,BRITANNIA
2022-04-04,2991.906533710818,3034.8861532110686,2978.012230922687,3028.9580078125,275388,0.0,0.0,BRITANNIA
2022-04-05,3038.2209735087386,3070.594654811634,3030.7179593054802,3059.89599609375,236853,0.0,0.0,BRITANNIA
2022-04-06,3040.073721766708,3052.1154519260517,3014.7396836276102,3040.536865234375,245111,0.0,0.0,BRITANNIA
2022-04-07,3033.5895682043993,3077.125052083974,3024.9286953153332,3051.28173828125,302703,0.0,0.0,BRITANNIA
2022-04-08,3044.704942712017,3107.0440943127933,3044.704942712017,3101.11572265625,168952,0.0,0.0,BRITANNIA
2022-04-11,3101.115796983092,3121.5868277653108,3054.014244185415,3103.6630859375,186130,0.0,0.0,BRITANNIA
2022-04-12,3093.798324562104,3116.862778500084,3058.8773527741937,3097.59619140625,238043,0.0,0.0,BRITANNIA
2022-04-13,3093.7984817384863,3138.260256326345,3093.7984817384863,3102.737060546875,205852,0.0,0.0,BRITANNIA
2022-04-18,3098.429650569112,3119.6415299164996,3062.3508213914865,3097.41064453125,197878,0.0,0.0,BRITANNIA
2022-04-19,3097.410495648659,3138.259836038262,3006.0787482675073,3027.0126953125,296680,0.0,0.0,BRITANNIA
2022-04-20,3025.252850468557,3089.1666430840896,3003.0219660805456,3060.636962890625,235572,0.0,0.0,BRITANNIA
2022-04-21,3053.9678468117263,3121.5404295552485,3033.0336728423626,3112.231201171875,152205,0.0,0.0,BRITANNIA
2022-04-22,3095.002439789584,3128.5339800762795,3079.903918209809,3116.121826171875,148494,0.0,0.0,BRITANNIA
2022-04-25,3038.2208600499885,3100.3284384088233,2901.176766179937,3052.94873046875,630312,0.0,0.0,BRITANNIA
2022-04-26,3064.434623698448,3151.227650440886,3057.9506161872528,3124.08740234375,398545,0.0,0.0,BRITANNIA
2022-04-27,3103.061362176337,3135.203474937785,3068.0013097609008,3092.177490234375,248769,0.0,0.0,BRITANNIA
2022-04-28,3028.957897064976,3141.548105103686,3022.56660847382,3110.37841796875,322548,0.0,0.0,BRITANNIA
2022-04-29,3112.4167547518955,3122.420472522348,3025.7162090166867,3037.5263671875,259398,0.0,0.0,BRITANNIA
2022-05-02,3003.0218604107918,3042.7594743983827,2966.8966745514394,3030.162109375,215783,0.0,0.0,BRITANNIA
2022-05-04,3093.79825472389,3330.927701792547,3082.821664470233,3135.89794921875,2871830,0.0,0.0,BRITANNIA
2022-05-05,3158.638040998341,3171.189272577784,3019.6950186670356,3035.44189453125,623098,0.0,0.0,BRITANNIA
2022-05-06,3005.8008204299895,3078.838628820172,2952.1689024122206,3063.9716796875,560373,0.0,0.0,BRITANNIA
2022-05-09,3040.5366891467274,3092.223542373869,2987.2751934495645,3012.331298828125,403409,0.0,0.0,BRITANNIA
2022-05-10,3020.6216170425505,3075.8284074008193,2996.5381573543855,3007.23681640625,285192,0.0,0.0,BRITANNIA
2022-05-11,3001.169753989299,3041.7411681146764,2959.4868407394474,3019.556640625,269579,0.0,0.0,BRITANNIA
2022-05-12,2987.7381205669185,3001.1229198093743,2924.1947546260744,2979.725830078125,310942,0.0,0.0,BRITANNIA
2022-05-13,2987.2751947763363,3076.1987354580506,2987.2751947763363,3036.83154296875,326757,0.0,0.0,BRITANNIA
2022-05-16,3091.019403862519,3091.8993311939507,3013.581728099777,3042.759765625,270772,0.0,0.0,BRITANNIA
2022-05-17,3046.5573903836635,3133.5356334489284,3043.2690269012837,3120.521484375,277190,0.0,0.0,BRITANNIA
2022-05-18,3103.0609336315274,3179.6184509841696,3103.0609336315274,3144.141845703125,435712,0.0,0.0,BRITANNIA
2022-05-19,3116.955681009127,3138.816144147914,3064.203682840221,3086.4345703125,394058,0.0,0.0,BRITANNIA
2022-05-20,3112.3237559778277,3208.4723743824206,3104.913461320738,3195.921142578125,525530,0.0,0.0,BRITANNIA
2022-05-23,3196.8476727193115,3277.2030615229046,3196.8476727193115,3230.0087890625,524978,0.0,0.0,BRITANNIA
2022-05-24,3255.8984508084895,3258.6773115061924,3186.4269333659186,3214.63232421875,230532,0.0,0.0,BRITANNIA
2022-05-25,3234.3161241634293,3265.161525075981,3216.2071689160675,3257.2880859375,286553,0.0,0.0,BRITANNIA
2022-05-26,3288.3183856517617,3314.115565416619,3254.508914926046,3298.461181640625,545260,0.0,0.0,BRITANNIA
2022-05-27,3318.8859954721165,3319.2102863480236,3251.4986228317043,3295.3583984375,165721,0.0,0.0,BRITANNIA
2022-05-30,3298.877850794267,3350.981485374888,3280.5375523372863,3312.63330078125,213495,0.0,0.0,BRITANNIA
2022-05-31,3312.9578412933206,3427.261555133863,3293.181525375586,3378.909423828125,562987,0.0,0.0,BRITANNIA
2022-06-01,3380.113608903339,3399.241342883414,3272.571609621119,3289.522705078125,241386,0.0,0.0,BRITANNIA
2022-06-02,3306.8443876800598,3319.6271927268376,3247.330451571252,3313.374755859375,213099,0.0,0.0,BRITANNIA
2022-06-03,3311.4756346964637,3331.9466654413823,3235.5201096488804,3269.792724609375,271462,0.0,0.0,BRITANNIA
2022-06-06,3269.7928704182686,3274.4243050789178,3195.7362754233436,3234.547607421875,153889,0.0,0.0,BRITANNIA
2022-06-07,3209.5841531304977,3222.459450761829,3106.766305800776,3134.04541015625,338018,0.0,0.0,BRITANNIA
2022-06-08,3135.481120808465,3151.7838605205943,3066.0096040992676,3113.71337890625,320103,0.0,0.0,BRITANNIA
2022-06-09,3113.3889686871667,3132.748499621215,3062.3043391496753,3100.513671875,347351,0.0,0.0,BRITANNIA
2022-06-10,3071.5672714059715,3123.670908021347,3057.7656874535564,3113.111328125,503822,0.0,0.0,BRITANNIA
2022-06-13,3092.8719670306223,3126.2182955161275,3066.8895741901465,3111.397705078125,463899,0.0,0.0,BRITANNIA
2022-06-14,3111.907215984894,3142.8914677189646,3084.581752295619,3133.48974609375,224645,0.0,0.0,BRITANNIA
2022-06-15,3138.2597545555154,3152.06133775274,3104.95978851628,3135.851318359375,245702,0.0,0.0,BRITANNIA
2022-06-16,3149.4683185399595,3178.92406234823,3123.4859246161527,3140.483154296875,481507,0.0,0.0,BRITANNIA
2022-06-17,3140.483058996562,3140.483058996562,3057.0247438319448,3086.480712890625,527370,0.0,0.0,BRITANNIA
2022-06-20,3109.4718770038844,3203.60397908065,3082.0990558352046,3183.533935546875,364703,56.5,0.0,BRITANNIA
2022-06-21,3183.5338920849513,3272.3422922081713,3180.188808193332,3231.306640625,223641,0.0,0.0,BRITANNIA
2022-06-22,3215.0056939966357,3255.428739221447,3190.6952297856706,3207.1376953125,170854,0.0,0.0,BRITANNIA
2022-06-23,3217.784985145783,3248.785614402499,3194.7466721709743,3214.487060546875,351311,0.0,0.0,BRITANNIA
2022-06-24,3231.023980648618,3302.5889014900936,3231.023980648618,3269.04443359375,301133,0.0,0.0,BRITANNIA
2022-06-27,3299.809026010846,3303.530923363575,3248.2200642249827,3259.385986328125,419730,0.0,0.0,BRITANNIA
2022-06-28,3255.52278450394,3269.562428951686,3192.4382428363665,3236.394775390625,182574,0.0,0.0,BRITANNIA
2022-06-29,3236.3946140874928,3256.0880727526646,3166.0075284374725,3207.6083984375,374478,0.0,0.0,BRITANNIA
2022-06-30,3184.8528725894953,3282.0473290352993,3184.8528725894953,3266.264404296875,479308,0.0,0.0,BRITANNIA
2022-07-01,3215.0054578899235,3392.151127902616,3215.0054578899235,3377.40478515625,292487,0.0,0.0,BRITANNIA
2022-07-04,3368.59427990011,3499.050703276341,3368.59427990011,3486.80126953125,614359,0.0,0.0,BRITANNIA
2022-07-05,3494.857703328888,3499.5690240397653,3426.0724209500772,3445.483154296875,612519,0.0,0.0,BRITANNIA
2022-07-06,3439.405334553514,3619.142218001732,3431.961539917546,3609.62548828125,1043070,0.0,0.0,BRITANNIA
2022-07-07,3606.987151484893,3657.9637338099114,3580.4625077885867,3590.261962890625,519620,0.0,0.0,BRITANNIA
2022-07-08,3608.8717888003034,3628.612177249631,3573.5368822519977,3596.5751953125,379513,0.0,0.0,BRITANNIA
2022-07-11,3608.117861604035,3618.6711741465074,3561.758511119096,3576.269287109375,208602,0.0,0.0,BRITANNIA
2022-07-12,3564.5854648809723,3569.1555382641927,3501.595011158704,3510.4052734375,283587,0.0,0.0,BRITANNIA
2022-07-13,3515.634945138161,3544.892295020854,3497.7790842741583,3510.87646484375,164377,0.0,0.0,BRITANNIA
2022-07-14,3510.876408685265,3570.2390532765617,3498.674133306048,3556.246337890625,265732,0.0,0.0,BRITANNIA
2022-07-15,3566.470072427098,3639.7782747464835,3560.9108055475135,3626.6806640625,660790,0.0,0.0,BRITANNIA
2022-07-18,3637.139611808026,3655.984894770762,3541.9709328462095,3557.0,455399,0.0,0.0,BRITANNIA
2022-07-19,3557.0002617347322,3577.871552178709,3526.2354270522806,3568.778564453125,228968,0.0,0.0,BRITANNIA
2022-07-20,3585.3152180477464,3626.7748421197834,3574.8090644202052,3607.27001953125,440495,0.0,0.0,BRITANNIA
2022-07-21,3622.0633763860073,3642.5576215567658,3600.391301033021,3632.8994140625,282104,0.0,0.0,BRITANNIA
2022-07-22,3637.139831797768,3702.156061951666,3621.7337200259203,3647.9287109375,433423,0.0,0.0,BRITANNIA
2022-07-25,3647.9285184165788,3688.964168393266,3627.7169982922283,3661.544189453125,290157,0.0,0.0,BRITANNIA
2022-07-26,3674.83038762259,3674.83038762259,3576.3637785183437,3587.341064453125,267527,0.0,0.0,BRITANNIA
2022-07-27,3580.6038381612843,3640.8144264744847,3562.842066577683,3632.00439453125,200264,0.0,0.0,BRITANNIA
2022-07-28,3640.4376137700265,3657.8695008813884,3614.902162794317,3645.949951171875,316008,0.0,0.0,BRITANNIA
2022-07-29,3658.8117269125178,3721.3310458376986,3653.0638235285364,3675.20703125,418970,0.0,0.0,BRITANNIA
2022-08-01,3675.207093282705,3689.906506419215,3616.598307652455,3633.040771484375,323129,0.0,0.0,BRITANNIA
2022-08-02,3651.273724947413,3683.310707308242,3541.1231334953736,3569.43798828125,355859,0.0,0.0,BRITANNIA
2022-08-03,3561.758579244032,3574.3378979903,3510.923473043973,3552.3359375,428088,0.0,0.0,BRITANNIA
2022-08-04,3545.5043435113294,3573.065569223297,3510.8761368475753,3557.09423828125,506667,0.0,0.0,BRITANNIA
2022-08-05,3528.7792896256688,3614.4310100047396,3466.448607275499,3475.16455078125,798850,0.0,0.0,BRITANNIA
2022-08-08,3475.1645999308075,3488.1676615251595,3404.2120614607,3421.738037109375,310094,0.0,0.0,BRITANNIA
2022-08-10,3429.8417394498324,3462.63258011071,3414.8126712433805,3437.144287109375,191222,0.0,0.0,BRITANNIA
2022-08-11,3454.3404104805763,3470.1704943772042,3422.4918358643163,3430.124267578125,167070,0.0,0.0,BRITANNIA
2022-08-12,3439.264096548603,3455.565312111098,3399.3591183692965,3448.451171875,228587,0.0,0.0,BRITANNIA
2022-08-16,3465.6949220691486,3508.9447572710615,3462.8209702209233,3477.37890625,239514,0.0,0.0,BRITANNIA
2022-08-17,3479.781766269019,3500.464419899776,3468.615843238224,3491.27734375,353941,0.0,0.0,BRITANNIA
2022-08-18,3497.684718041893,3511.7715218536764,3468.5216869971705,3479.828857421875,232262,0.0,0.0,BRITANNIA
2022-08-19,3479.828656109576,3495.2816961113735,3432.1499982256855,3451.089599609375,177955,0.0,0.0,BRITANNIA
2022-08-22,3451.0896319630347,3517.4720957710997,3425.177367662551,3464.18701171875,366371,0.0,0.0,BRITANNIA
2022-08-23,3439.264193448945,3491.041563174205,3427.95702349788,3466.30712890625,189150,0.0,0.0,BRITANNIA
2022-08-24,3464.7054944669285,3475.0704007598674,3426.4966348053276,3447.885986328125,187721,0.0,0.0,BRITANNIA
2022-08-25,3465.1290117157464,3465.835709779158,3429.8412677583747,3436.060302734375,208578,0.0,0.0,BRITANNIA
2022-08-26,3453.256985112328,3456.2250252725335,3417.686512183201,3439.405517578125,220796,0.0,0.0,BRITANNIA
2022-08-29,3409.1115634416647,3514.6451441783884,3378.2524137173104,3493.58544921875,525684,0.0,0.0,BRITANNIA
2022-08-30,3502.3959817296627,3548.7081744848833,3502.3959817296627,3531.37060546875,467342,0.0,0.0,BRITANNIA
2022-09-01,3514.6451698941437,3529.155945333635,3460.088169328513,3503.479248046875,314888,0.0,0.0,BRITANNIA
2022-09-02,3521.005419569266,3541.8764776264743,3486.377213462577,3490.3818359375,202152,0.0,0.0,BRITANNIA
2022-09-05,3468.474286845563,3500.5112674901566,3446.8965301352746,3451.13671875,234232,0.0,0.0,BRITANNIA
2022-09-06,3459.994167090334,3479.4049017668362,3387.43982317259,3400.443115234375,390746,0.0,0.0,BRITANNIA
2022-09-07,3392.1507312637254,3462.6321313556386,3380.843562159513,3456.13037109375,287734,0.0,0.0,BRITANNIA
2022-09-08,3470.3587267554044,3474.127783205858,3423.1512026954897,3460.606201171875,384831,0.0,0.0,BRITANNIA
2022-09-09,3472.714724238498,3486.377555198058,3431.584983747191,3438.793212890625,134487,0.0,0.0,BRITANNIA
2022-09-12,3438.793212890625,3438.793212890625,3438.793212890625,3438.793212890625,0,0.0,0.0,BRITANNIA
2022-09-13,3453.398249518778,3547.624668332387,3453.398249518778,3540.74609375,398871,0.0,0.0,BRITANNIA
2022-09-14,3493.9152744070257,3544.5148104464874,3493.9152744070257,3530.66357421875,389253,0.0,0.0,BRITANNIA
2022-09-15,3547.624682741179,3570.2390233482943,3498.6741039776884,3506.683349609375,311462,0.0,0.0,BRITANNIA
2022-09-16,3489.7223851425215,3525.386944645271,3412.0327531772555,3429.41748046875,559137,0.0,0.0,BRITANNIA
2022-09-19,3425.130346970756,3431.867443943371,3358.3239075994106,3384.94287109375,211795,0.0,0.0,BRITANNIA
2022-09-20,3401.9034578962655,3453.398101553563,3394.0354602444563,3439.82958984375,346604,0.0,0.0,BRITANNIA
2022-09-21,3435.4952420568798,3570.239021435413,3427.014864333755,3548.237060546875,773841,0.0,0.0,BRITANNIA
2022-09-22,3546.682202789838,3614.0069292009675,3534.4327690395007,3605.055419921875,687172,0.0,0.0,BRITANNIA
2022-09-23,3605.0556121736786,3620.9328557070744,3563.9730317394233,3577.494384765625,326581,0.0,0.0,BRITANNIA
2022-09-26,3577.4944682881383,3606.8461363597276,3557.5185131110766,3568.82568359375,626882,0.0,0.0,BRITANNIA
2022-09-27,3586.6813454716257,3665.2191547799744,3580.603787683103,3603.359375,584760,0.0,0.0,BRITANNIA
2022-09-28,3597.4704491255543,3644.67797824543,3576.4581411980193,3630.732421875,364917,0.0,0.0,BRITANNIA
2022-09-29,3647.928572781136,3649.3891282527657,3590.026485577856,3641.3798828125,450207,0.0,0.0,BRITANNIA
2022-09-30,3646.5624310524536,3663.1933020598085,3599.4963805676307,3621.16845703125,309896,0.0,0.0,BRITANNIA
2022-10-03,3639.0241610445237,3654.2887943231863,3537.0712256384413,3551.346435546875,251830,0.0,0.0,BRITANNIA
2022-10-04,3587.199900608358,3605.715300591143,3557.5657367738722,3597.7060546875,153835,0.0,0.0,BRITANNIA
2022-10-06,3615.7031089850657,3625.5025641254497,3543.5727423055923,3550.02734375,308216,0.0,0.0,BRITANNIA
2022-10-07,3557.989518136889,3575.8925374283617,3516.76546055784,3567.082275390625,318472,0.0,0.0,BRITANNIA
2022-10-10,3533.4904506905827,3591.9108261420006,3502.3957347245055,3578.577880859375,185199,0.0,0.0,BRITANNIA
2022-10-11,3596.4810857821467,3600.108664806138,3503.3381806503144,3512.66650390625,202644,0.0,0.0,BRITANNIA
2022-10-12,3530.239791003038,3556.4817095075614,3511.206101215396,3545.739990234375,271156,0.0,0.0,BRITANNIA
2022-10-13,3553.749508409453,3574.950453375438,3532.4542450034064,3566.09326171875,156770,0.0,0.0,BRITANNIA
2022-10-14,3580.6981215290148,3594.643447041943,3551.62918021485,3577.0703125,350141,0.0,0.0,BRITANNIA
2022-10-17,3582.394301200745,3582.394301200745,3535.8936992542076,3559.591552734375,93315,0.0,0.0,BRITANNIA
2022-10-18,3577.400279288492,3585.268047167773,3532.1715986297486,3549.367919921875,189866,0.0,0.0,BRITANNIA
2022-10-19,3552.336003709823,3570.71015545315,3525.9526063347903,3550.922607421875,182278,0.0,0.0,BRITANNIA
2022-10-20,3545.739886761879,3583.3361331658484,3531.276040488837,3571.322265625,230082,0.0,0.0,BRITANNIA
2022-10-21,3574.0078229024857,3594.3136607869174,3544.4208214221435,3573.72509765625,404955,0.0,0.0,BRITANNIA
2022-10-24,3573.72509765625,3573.72509765625,3573.72509765625,3573.72509765625,0,0.0,0.0,BRITANNIA
2022-10-25,3584.372912680229,3585.220858417609,3476.9547970005374,3498.72119140625,228569,0.0,0.0,BRITANNIA
2022-10-27,3499.5690636196537,3552.241537745003,3487.6023548876738,3538.484619140625,317971,0.0,0.0,BRITANNIA
2022-10-28,3549.5093714340146,3573.065977296996,3516.530123225841,3559.591552734375,215005,0.0,0.0,BRITANNIA
2022-10-31,3569.2967257978444,3580.6038959957255,3523.455665305254,3549.085205078125,198318,0.0,0.0,BRITANNIA
2022-11-01,3561.7587612196407,3588.7076100024146,3538.2493148761414,3569.296875,338873,0.0,0.0,BRITANNIA
2022-11-02,3569.296894003061,3575.327293041464,3499.852066440772,3508.94482421875,185469,0.0,0.0,BRITANNIA
2022-11-03,3492.973309164991,3543.4316019249377,3491.512753679546,3537.306884765625,140994,0.0,0.0,BRITANNIA
2022-11-04,3531.6532386152317,3594.6906190390123,3529.862798680342,3584.561279296875,258490,0.0,0.0,BRITANNIA
2022-11-07,3703.145233411435,3948.0867508597194,3703.145233411435,3900.266845703125,3142443,0.0,0.0,BRITANNIA
2022-11-09,3900.9738271619954,3992.3734554795587,3900.9738271619954,3934.282958984375,1198458,0.0,0.0,BRITANNIA
2022-11-10,3912.846443764017,3947.7571486487604,3871.103863278525,3895.9326171875,417581,0.0,0.0,BRITANNIA
2022-11-11,3915.4377968464805,3935.8377255991904,3849.149415626692,3862.01123046875,344558,0.0,0.0,BRITANNIA
2022-11-14,3863.283243445185,3913.694378451116,3839.349824637928,3867.00537109375,336120,0.0,0.0,BRITANNIA
2022-11-15,3886.3688562893594,3913.7888376801293,3847.500456405268,3900.361572265625,325881,0.0,0.0,BRITANNIA
2022-11-16,3888.488844593486,3905.685166496638,3857.3941255357327,3892.964599609375,149924,0.0,0.0,BRITANNIA
2022-11-17,3882.128362614977,3910.3962875854745,3868.135647736596,3887.0283203125,238478,0.0,0.0,BRITANNIA
2022-11-18,3899.0891670898145,3899.0891670898145,3826.6291438469966,3868.983642578125,281217,0.0,0.0,BRITANNIA
2022-11-21,3880.2438354644814,3909.4540246095517,3858.6660780817533,3882.17529296875,288522,0.0,0.0,BRITANNIA
2022-11-22,3895.273161516853,3923.8235819191723,3870.4444085434566,3917.5576171875,319387,0.0,0.0,BRITANNIA
2022-11-23,3919.819341280064,3951.903255458158,3900.502923853083,3915.249267578125,247440,0.0,0.0,BRITANNIA
2022-11-24,3931.1261173370826,3966.5079528854853,3915.248874054205,3949.2177734375,231515,0.0,0.0,BRITANNIA
2022-11-25,3968.8165256766342,3968.8165256766342,3908.7941164066724,3942.150634765625,244021,0.0,0.0,BRITANNIA
2022-11-28,3928.157866040427,3985.1174560022114,3920.761000685417,3969.8056640625,222792,0.0,0.0,BRITANNIA
2022-11-29,3981.065668234926,4053.620001123468,3981.065668234926,4037.931396484375,598884,0.0,0.0,BRITANNIA
2022-11-30,4049.804150136209,4134.560529406492,4042.3598957156446,4110.4384765625,1101544,0.0,0.0,BRITANNIA
2022-12-01,4112.5588579897785,4155.856080204044,4085.045020555021,4147.14013671875,501703,0.0,0.0,BRITANNIA
2022-12-02,4145.962490385335,4187.469044463329,4127.399701562859,4176.962890625,530333,0.0,0.0,BRITANNIA
2022-12-05,4167.4932924520945,4172.015976558173,4117.694537661699,4149.119140625,212913,0.0,0.0,BRITANNIA
2022-12-06,4144.925444692977,4194.629875814736,4129.048202638949,4168.90625,349352,0.0,0.0,BRITANNIA
2022-12-07,4168.906779555984,4178.941801446767,4130.27394666775,4139.884765625,252294,0.0,0.0,BRITANNIA
2022-12-08,4139.885077755934,4186.150346306344,4131.075274736719,4141.1572265625,282421,0.0,0.0,BRITANNIA
2022-12-09,4147.846871902088,4170.838025607504,4131.074753730004,4155.66748046875,233437,0.0,0.0,BRITANNIA
2022-12-12,4163.912733151999,4182.758018528667,4130.886554565381,4176.63330078125,233360,0.0,0.0,BRITANNIA
2022-12-13,4194.959809494689,4194.959809494689,4155.384716952286,4170.97900390625,158169,0.0,0.0,BRITANNIA
2022-12-14,4183.652468047515,4189.306052463796,4136.633583003425,4155.10205078125,195654,0.0,0.0,BRITANNIA
2022-12-15,4172.628306516819,4226.054869843794,4157.269584336861,4207.6337890625,370501,0.0,0.0,BRITANNIA
2022-12-16,4202.026867991263,4218.657737789639,4161.698147452716,4188.08154296875,346508,0.0,0.0,BRITANNIA
2022-12-19,4197.786804421704,4275.052465019365,4168.105483582359,4265.15869140625,330662,0.0,0.0,BRITANNIA
2022-12-20,4267.514173427701,4272.178564829187,4209.140727514098,4248.7158203125,206833,0.0,0.0,BRITANNIA
2022-12-21,4248.715574955543,4268.456191045,4151.756695216667,4163.7236328125,303234,0.0,0.0,BRITANNIA
2022-12-22,4187.422049014364,4189.636461872852,4124.290348455417,4137.90625,243325,0.0,0.0,BRITANNIA
2022-12-23,4122.546622881854,4144.972784177347,4074.444225338746,4081.793701171875,224215,0.0,0.0,BRITANNIA
2022-12-26,4066.341234356581,4145.868242368644,4064.7392011493794,4122.73583984375,166686,0.0,0.0,BRITANNIA
2022-12-27,4127.7769019299385,4145.962416676203,4098.849207395791,4116.98779296875,138087,0.0,0.0,BRITANNIA
2022-12-28,4110.1562223835745,4152.982312037912,4110.1562223835745,4132.7236328125,159245,0.0,0.0,BRITANNIA
2022-12-29,4122.405707466033,4136.304103851204,4048.4848999441874,4097.2470703125,244626,0.0,0.0,BRITANNIA
2022-12-30,4103.748972120926,4122.358688911126,4050.369340445714,4058.755859375,117753,0.0,0.0,BRITANNIA
2023-01-02,4127.069933315936,4127.069933315936,4028.273447911729,4044.3388671875,255314,0.0,0.0,BRITANNIA
2023-01-03,4009.4283596207606,4047.6369876576655,3963.445592095625,3996.943359375,496975,0.0,0.0,BRITANNIA
2023-01-04,4009.286878513136,4029.1213540898025,3972.9153916710525,3990.488525390625,216319,0.0,0.0,BRITANNIA
2023-01-05,3990.488349434659,4133.7124885406965,3990.488349434659,4064.173583984375,686633,0.0,0.0,BRITANNIA
2023-01-06,4064.174020525118,4116.752177413772,4061.158591131462,4107.37646484375,297438,0.0,0.0,BRITANNIA
2023-01-09,4127.116973365439,4134.5607681259,4085.845987667751,4112.3232421875,170110,0.0,0.0,BRITANNIA
2023-01-10,4108.271362424108,4111.098154645959,4068.03650243047,4077.035400390625,235445,0.0,0.0,BRITANNIA
2023-01-11,4076.2346353186385,4106.99946721262,4049.8512396207834,4065.2099609375,224668,0.0,0.0,BRITANNIA
2023-01-12,4069.921755025198,4090.274754663342,4036.660011330101,4051.029541015625,248083,0.0,0.0,BRITANNIA
2023-01-13,4055.504937483763,4118.35414088083,4039.9106496992495,4085.751708984375,183772,0.0,0.0,BRITANNIA
2023-01-16,4085.7512473748197,4095.503772329752,4051.7354230839783,4060.78125,84814,0.0,0.0,BRITANNIA
2023-01-17,4060.216196200405,4120.474172240783,4043.9621397175883,4110.203125,169798,0.0,0.0,BRITANNIA
2023-01-18,4108.271395323871,4166.691768376641,4104.078136125259,4140.02587890625,192855,0.0,0.0,BRITANNIA
2023-01-19,4126.928718017972,4145.915710450957,4105.539595908418,4119.9560546875,139431,0.0,0.0,BRITANNIA
2023-01-20,4110.15632969709,4110.15632969709,4063.8441375324505,4069.592041015625,154486,0.0,0.0,BRITANNIA
2023-01-23,4080.0035254719287,4105.868858878371,4069.77986803793,4087.400390625,119143,0.0,0.0,BRITANNIA
2023-01-24,4099.602297284394,4154.395320566548,4073.5961772427413,4142.23974609375,135586,0.0,0.0,BRITANNIA
2023-01-25,4130.886082467975,4187.421932136788,4108.271742600449,4134.79638671875,288089,0.0,0.0,BRITANNIA
2023-01-27,4178.941859595395,4182.710916514984,4102.429820091736,4127.494140625,340484,0.0,0.0,BRITANNIA
2023-01-30,4142.664545878216,4162.923226132141,4070.581334742157,4152.32275390625,218721,0.0,0.0,BRITANNIA
2023-01-31,4162.9230537481435,4162.9230537481435,4017.8143732870267,4068.31982421875,605699,0.0,0.0,BRITANNIA
2023-02-01,4079.90962271125,4187.893190862166,4077.0359009688177,4118.58984375,622541,0.0,0.0,BRITANNIA
2023-02-02,4258.044872361532,4330.646142919102,4117.6944396336985,4309.02099609375,1669243,0.0,0.0,BRITANNIA
2023-02-03,4324.992070051483,4390.714988763049,4306.241107125226,4361.59912109375,517467,0.0,0.0,BRITANNIA
2023-02-06,4339.126808194499,4367.677230518622,4334.415487012963,4358.58447265625,315190,0.0,0.0,BRITANNIA
2023-02-07,4371.16382056315,4394.720426623525,4331.306227144981,4340.8701171875,327040,0.0,0.0,BRITANNIA
2023-02-08,4339.079485922759,4372.341226415094,4313.685283018868,4329.51513671875,252710,0.0,0.0,BRITANNIA
2023-02-09,4329.56314287891,4387.2768303475395,4311.000352424436,4369.609375,284415,0.0,0.0,BRITANNIA
2023-02-10,4390.950464177183,4399.619477455712,4331.63475831292,4355.80419921875,207919,0.0,0.0,BRITANNIA
2023-02-13,4334.415569488339,4368.337082640856,4314.62802014937,4323.1083984375,185536,0.0,0.0,BRITANNIA
2023-02-14,4325.275026921673,4357.029513423555,4316.512154194053,4334.27392578125,245495,0.0,0.0,BRITANNIA
2023-02-15,4334.273456617184,4334.273456617184,4268.644856429037,4323.53173828125,197822,0.0,0.0,BRITANNIA
2023-02-16,4331.588342274476,4351.28157119483,4303.320417482605,4308.03173828125,160313,0.0,0.0,BRITANNIA
2023-02-17,4306.146758930541,4323.107512029173,4254.133598725452,4271.5185546875,203456,0.0,0.0,BRITANNIA
2023-02-20,4273.403855687658,4282.590931944304,4187.422244567764,4196.65625,308681,0.0,0.0,BRITANNIA
2023-02-21,4197.739723474971,4266.430685772999,4193.640782536899,4243.34521484375,229380,0.0,0.0,BRITANNIA
2023-02-22,4244.899910782104,4278.72710107202,4219.176284037967,4225.58349609375,262918,0.0,0.0,BRITANNIA
2023-02-23,4230.76593849159,4236.41952326463,4169.330133255259,4194.48876953125,210031,0.0,0.0,BRITANNIA
2023-02-24,4202.497868292926,4235.995172870829,4164.477420000146,4186.05517578125,234456,0.0,0.0,BRITANNIA
2023-02-27,4172.8636859221615,4211.920718680567,4122.40562510682,4134.890625,162723,0.0,0.0,BRITANNIA
2023-02-28,4136.539041050316,4216.867048624244,4127.1164008656915,4204.146484375,349283,0.0,0.0,BRITANNIA
2023-03-01,4182.710442784311,4197.362465863757,4103.701504037908,4126.92822265625,331092,0.0,0.0,BRITANNIA
2023-03-02,4136.539864892044,4150.67382798393,4092.3003763784623,4140.49755859375,147032,0.0,0.0,BRITANNIA
2023-03-03,4145.96290215871,4188.129229402256,4127.494429940187,4157.22314453125,212204,0.0,0.0,BRITANNIA
2023-03-06,4135.597664386096,4135.597664386096,4032.796545896352,4070.440185546875,681562,0.0,0.0,BRITANNIA
2023-03-08,4070.4397898279535,4117.694243881056,4057.1537735905845,4089.096435546875,228626,0.0,0.0,BRITANNIA
2023-03-09,4089.096573662456,4098.849099745352,4028.3679245489184,4043.915283203125,242653,0.0,0.0,BRITANNIA
2023-03-10,4058.7083431170677,4109.9204896109695,4035.481624779362,4062.1005859375,367075,0.0,0.0,BRITANNIA
2023-03-13,4060.2167830523017,4095.1274905948867,4042.313761729955,4058.897705078125,282671,0.0,0.0,BRITANNIA
2023-03-14,4065.869512402351,4093.1008523446126,4030.0634772989238,4045.0927734375,197998,0.0,0.0,BRITANNIA
2023-03-15,4065.8697938944765,4074.0202867472203,3992.938640942023,3998.12109375,195193,0.0,0.0,BRITANNIA
2023-03-16,4017.767326439505,4070.58104695958,4004.6225577727346,4062.289306640625,260044,0.0,0.0,BRITANNIA
2023-03-17,4076.187816312507,4117.694368415833,4057.012648688742,4110.67431640625,294948,0.0,0.0,BRITANNIA
2023-03-20,4112.60622137709,4114.490749686379,4016.4009591699564,4081.7470703125,176552,0.0,0.0,BRITANNIA
2023-03-21,4103.560390153268,4132.77057892359,4014.04529553454,4018.47412109375,231876,0.0,0.0,BRITANNIA
2023-03-22,4031.94859946939,4031.94859946939,3985.777652665464,3999.3935546875,146015,0.0,0.0,BRITANNIA
2023-03-23,4004.6229737428143,4009.805427002952,3954.4474035423896,3997.74462890625,197372,0.0,0.0,BRITANNIA
2023-03-24,3997.084917999167,3997.084917999167,3947.9459297546287,3957.462890625,198393,0.0,0.0,BRITANNIA
2023-03-27,3980.170777544375,4000.193891128159,3956.3786072859966,3971.454833984375,283791,0.0,0.0,BRITANNIA
2023-03-28,3985.3060686965214,3985.3060686965214,3913.222864002046,3957.50927734375,224554,0.0,0.0,BRITANNIA
2023-03-29,3962.2209085465543,4049.8045488130642,3956.5203942479966,4029.310302734375,316461,0.0,0.0,BRITANNIA
2023-03-31,4030.488001835654,4083.584219003291,4011.2654449635884,4072.60693359375,244995,0.0,0.0,BRITANNIA
2023-04-03,4093.1950805666074,4095.079608688415,4035.1045932298557,4074.396728515625,365323,0.0,0.0,BRITANNIA
2023-04-05,4083.773100712166,4107.235387606897,4047.0247963910365,4077.6953125,390846,0.0,0.0,BRITANNIA
2023-04-06,4077.930760491558,4077.930760491558,4040.711325141302,4051.54736328125,208718,0.0,0.0,BRITANNIA
2023-04-10,4051.5472142331428,4051.5472142331428,3998.026794468541,4020.07568359375,253654,0.0,0.0,BRITANNIA
2023-04-11,4020.0758219789445,4056.729806712899,4012.396460898517,4030.393798828125,248398,0.0,0.0,BRITANNIA
2023-04-12,4030.393845526084,4050.6051364499804,4016.8722623131175,4024.69287109375,325329,0.0,0.0,BRITANNIA
2023-04-13,4062.742404056208,4169.12702468613,4046.9762077714477,4086.894775390625,454438,72.0,0.0,BRITANNIA
2023-04-17,4100.120343892428,4221.839671539537,4082.5814468637977,4158.20068359375,631457,0.0,0.0,BRITANNIA
2023-04-18,4170.037517599407,4192.991394884287,4111.621633769719,4122.97900390625,190132,0.0,0.0,BRITANNIA
2023-04-19,4146.12463069172,4146.12463069172,4092.8845905981098,4115.3115234375,347248,0.0,0.0,BRITANNIA
2023-04-20,4116.4138059220795,4138.936675407334,4069.738565797405,4079.418701171875,164008,0.0,0.0,BRITANNIA
2023-04-21,4081.910024489656,4154.749931007903,4071.6547451963734,4147.84912109375,273401,0.0,0.0,BRITANNIA
2023-04-24,4147.849803634211,4159.015770787735,4118.3306554317805,4131.74853515625,182843,0.0,0.0,BRITANNIA
2023-04-25,4133.664898781357,4227.590046029345,4131.748059041603,4219.4912109375,353719,0.0,0.0,BRITANNIA
2023-04-26,4217.047744040863,4238.947733307318,4189.061694548106,4221.83984375,306037,0.0,0.0,BRITANNIA
2023-04-27,4223.756659498847,4245.177438671988,4214.172460135336,4232.23876953125,179769,0.0,0.0,BRITANNIA
2023-04-28,4232.335155997945,4375.04380612789,4225.338408930117,4364.21337890625,482939,0.0,0.0,BRITANNIA
2023-05-02,4375.426527174483,4414.242533822656,4312.889627574651,4323.47998046875,261449,0.0,0.0,BRITANNIA
2023-05-03,4303.305321328229,4358.893675144942,4258.595126897205,4338.86279296875,525015,0.0,0.0,BRITANNIA
2023-05-04,4338.815111993905,4404.898358766901,4322.474238041497,4396.3203125,244670,0.0,0.0,BRITANNIA
2023-05-05,4403.603833616837,4444.145275563324,4393.780029789793,4433.650390625,332347,0.0,0.0,BRITANNIA
2023-05-08,4447.068606044286,4504.573803536238,4383.3814126305515,4407.1982421875,831450,0.0,0.0,BRITANNIA
2023-05-09,4431.734006229181,4440.599391081608,4392.007310699068,4404.08349609375,367650,0.0,0.0,BRITANNIA
2023-05-10,4437.196476743908,4473.71189790557,4395.79255287226,4413.4755859375,368807,0.0,0.0,BRITANNIA
2023-05-11,4418.508111724003,4458.569880900098,4413.5241404868775,4442.42041015625,282060,0.0,0.0,BRITANNIA
2023-05-12,4441.317758185652,4480.612973568823,4410.504652401614,4424.54541015625,311033,0.0,0.0,BRITANNIA
2023-05-15,4454.5924562807395,4484.447145455058,4429.290262071353,4438.29931640625,276965,0.0,0.0,BRITANNIA
2023-05-16,4439.401160644418,4466.428790135073,4375.187024685183,4415.3447265625,263119,0.0,0.0,BRITANNIA
2023-05-17,4418.315872930702,4446.30192205042,4393.061414204481,4439.30517578125,268353,0.0,0.0,BRITANNIA
2023-05-18,4456.653033139708,4461.9243431789055,4368.478392484041,4374.564453125,155214,0.0,0.0,BRITANNIA
2023-05-19,4397.230718514604,4402.118753841867,4297.69871338496,4312.74609375,367664,0.0,0.0,BRITANNIA
2023-05-22,4312.8894544625755,4351.465854583046,4298.513156281034,4311.88330078125,172174,0.0,0.0,BRITANNIA
2023-05-23,4300.430004884271,4391.048417416936,4299.471585003529,4333.63916015625,297514,0.0,0.0,BRITANNIA
2023-05-24,4349.50151202624,4379.883143009734,4314.183644022151,4331.8662109375,302733,0.0,0.0,BRITANNIA
2023-05-25,4389.563417714232,4509.7973889126715,4344.7572845749,4373.5576171875,861989,0.0,0.0,BRITANNIA
2023-05-26,4391.480093632032,4431.925601633391,4373.413784461268,4405.08984375,231911,0.0,0.0,BRITANNIA
2023-05-29,4419.705730508269,4432.788068830143,4376.145357921016,4385.0107421875,194968,0.0,0.0,BRITANNIA
2023-05-30,4392.438343902039,4431.254349341278,4373.269946154267,4383.09375,199772,0.0,0.0,BRITANNIA
2023-05-31,4380.93733500894,4488.56770190233,4375.4264206190255,4463.4091796875,1536463,0.0,0.0,BRITANNIA
2023-06-01,4461.44490746437,4461.44490746437,4396.799294062774,4442.51611328125,188427,0.0,0.0,BRITANNIA
2023-06-02,4444.193561609531,4522.496663181679,4442.612262197545,4460.63037109375,359550,0.0,0.0,BRITANNIA
2023-06-05,4466.141140350409,4516.554124545814,4463.40954983058,4487.8974609375,349558,0.0,0.0,BRITANNIA
2023-06-06,4487.8972363295,4521.537869307153,4478.744045254729,4509.7490234375,185910,0.0,0.0,BRITANNIA
2023-06-07,4518.949966026924,4703.877278551275,4518.949966026924,4689.6923828125,1390193,0.0,0.0,BRITANNIA
2023-06-08,4698.078885335001,4710.394675880715,4654.566711107319,4672.34521484375,381452,0.0,0.0,BRITANNIA
2023-06-09,4683.126996375339,4772.931128699078,4635.014597913286,4675.89111328125,820375,0.0,0.0,BRITANNIA
2023-06-12,4695.299533605587,4705.842153501416,4662.7132539275735,4696.49755859375,233763,0.0,0.0,BRITANNIA
2023-06-13,4701.002062459807,4745.75999278089,4688.877675860352,4734.6904296875,326814,0.0,0.0,BRITANNIA
2023-06-14,4741.303421501252,4770.056019569785,4717.342923110807,4736.17578125,234174,0.0,0.0,BRITANNIA
2023-06-15,4744.1788254870935,4811.172287427061,4709.963045554303,4768.57080078125,452909,0.0,0.0,BRITANNIA
2023-06-16,4768.570341798446,4848.262860600745,4763.346766301965,4834.94091796875,407485,0.0,0.0,BRITANNIA
2023-06-19,4840.020859448163,4853.822013451681,4794.304039584351,4812.2744140625,197576,0.0,0.0,BRITANNIA
2023-06-20,4812.274196852619,4852.000890097252,4799.814737776814,4846.20263671875,251372,0.0,0.0,BRITANNIA
2023-06-21,4859.764434264049,4873.805193346688,4835.851668620457,4858.7578125,272200,0.0,0.0,BRITANNIA
2023-06-22,4854.397505923056,4861.010510607875,4768.1397022640085,4779.6884765625,145196,0.0,0.0,BRITANNIA
2023-06-23,4765.311794486167,4779.5926263315805,4739.674060450935,4764.11376953125,191942,0.0,0.0,BRITANNIA
2023-06-26,4771.925276499725,4813.185068841103,4746.383010025206,4800.91748046875,179192,0.0,0.0,BRITANNIA
2023-06-27,4792.627101676534,4828.328247852521,4743.364405649536,4748.25244140625,175475,0.0,0.0,BRITANNIA
2023-06-28,4781.55724255748,4811.220527896236,4753.667127763459,4784.576171875,253814,0.0,0.0,BRITANNIA
2023-06-30,4782.707554436484,4823.104862854607,4749.018717876081,4815.62890625,196106,0.0,0.0,BRITANNIA
2023-07-03,4825.644197746748,4838.6788019858095,4782.611237821324,4800.05419921875,139105,0.0,0.0,BRITANNIA
2023-07-04,4800.054466208971,4815.964331033719,4765.790952869302,4801.82763671875,121493,0.0,0.0,BRITANNIA
2023-07-05,4815.868476930492,4902.701419787743,4754.242260065405,4884.2041015625,186513,0.0,0.0,BRITANNIA
2023-07-06,4982.825569891925,5051.2089303489065,4908.0688100435755,4958.43359375,966410,0.0,0.0,BRITANNIA
2023-07-07,4958.43370040643,4973.768420705173,4833.216218562706,4844.333984375,224712,0.0,0.0,BRITANNIA
2023-07-10,4862.064375376811,4887.414770084216,4783.953149949409,4822.62548828125,308544,0.0,0.0,BRITANNIA
2023-07-11,4840.020401798839,4942.7632002917735,4840.020401798839,4872.5107421875,385742,0.0,0.0,BRITANNIA
2023-07-12,4872.510957050577,4902.174240883819,4832.688796407757,4862.9267578125,180640,0.0,0.0,BRITANNIA
2023-07-13,4878.261394943867,4933.945685180782,4860.578828432662,4878.69287109375,232034,0.0,0.0,BRITANNIA
2023-07-14,4905.193547595435,4935.862987517876,4873.6616232708775,4919.76171875,220335,0.0,0.0,BRITANNIA
2023-07-17,4935.8151791088385,4982.82549208803,4908.164669000974,4929.58544921875,272290,0.0,0.0,BRITANNIA
2023-07-18,4935.86296962053,4945.97411336689,4841.937810198624,4853.58251953125,189358,0.0,0.0,BRITANNIA
2023-07-19,4870.642687352611,4930.1124609311855,4840.116916874976,4855.259765625,353528,0.0,0.0,BRITANNIA
2023-07-20,4859.188970180781,4882.191048146135,4807.482028563109,4842.46435546875,327126,0.0,0.0,BRITANNIA
2023-07-21,4851.090330951729,4896.519811153884,4792.099769974738,4837.1455078125,438176,0.0,0.0,BRITANNIA
2023-07-24,4837.145663156585,4838.104083141359,4738.620275913177,4762.29296875,224646,0.0,0.0,BRITANNIA
2023-07-25,4798.808629853217,4798.808629853217,4672.297198029645,4682.45654296875,396810,0.0,0.0,BRITANNIA
2023-07-26,4696.257353097508,4787.259506753502,4677.088955737927,4776.38134765625,231869,0.0,0.0,BRITANNIA
2023-07-27,4758.55503253622,4807.434449788858,4565.720752183437,4670.763671875,558492,0.0,0.0,BRITANNIA
2023-07-28,4700.091629397591,4753.188003230239,4649.295369944477,4699.46875,357681,0.0,0.0,BRITANNIA
2023-07-31,4701.1459635530555,4706.22540228381,4567.110835011372,4594.61767578125,800189,0.0,0.0,BRITANNIA
2023-08-01,4624.4721881963815,4642.1070216572525,4552.5906920418865,4617.04443359375,413904,0.0,0.0,BRITANNIA
2023-08-02,4637.793776372487,4637.793776372487,4571.662804979698,4609.47265625,395487,0.0,0.0,BRITANNIA
2023-08-03,4609.951798159761,4618.242036362713,4571.662737516852,4599.4091796875,239070,0.0,0.0,BRITANNIA
2023-08-04,4590.831457950727,4631.085094951547,4568.4522590224315,4598.97802734375,401478,0.0,0.0,BRITANNIA
2023-08-07,4553.4528850377565,4614.791757831362,4426.174911182411,4465.9970703125,1079453,0.0,0.0,BRITANNIA
2023-08-08,4440.119987824114,4482.96154643761,4404.945788749249,4413.859375,533341,0.0,0.0,BRITANNIA
2023-08-09,4427.804217264854,4440.695152736748,4384.771255262457,4409.59423828125,912658,0.0,0.0,BRITANNIA
2023-08-10,4409.690345959207,4426.606365079476,4342.8882858894385,4351.658203125,587011,0.0,0.0,BRITANNIA
2023-08-11,4351.226489629747,4371.353308194114,4302.969952476153,4322.76123046875,1112908,0.0,0.0,BRITANNIA
2023-08-14,4331.770191101222,4336.849628889547,4269.760242365289,4312.505859375,557851,0.0,0.0,BRITANNIA
2023-08-16,4301.963397314114,4324.917271747845,4237.557396726607,4311.45166015625,518358,0.0,0.0,BRITANNIA
2023-08-17,4311.4521444035145,4336.850273074559,4286.341354526029,4314.42333984375,394002,0.0,0.0,BRITANNIA
2023-08-18,4311.93108376144,4365.41072641533,4275.511127952831,4346.48193359375,423415,0.0,0.0,BRITANNIA
2023-08-21,4366.513498319595,4370.394911872298,4311.452085758231,4322.953125,244783,0.0,0.0,BRITANNIA
2023-08-22,4336.657814537876,4336.801951893624,4303.304991991761,4324.0546875,217446,0.0,0.0,BRITANNIA
2023-08-23,4365.6023541854365,4365.6023541854365,4298.225626887406,4324.82177734375,346764,0.0,0.0,BRITANNIA
2023-08-24,4349.597266282251,4369.915957321715,4327.697743828829,4353.91015625,357303,0.0,0.0,BRITANNIA
2023-08-25,4355.635274553654,4370.442581573151,4318.832043115511,4337.61669921875,333873,0.0,0.0,BRITANNIA
2023-08-28,4336.850379058078,4337.616927845294,4299.088725706842,4323.384765625,343698,0.0,0.0,BRITANNIA
2023-08-29,4323.3847996960585,4351.226712947636,4299.567969576844,4342.361328125,340257,0.0,0.0,BRITANNIA
2023-08-30,4363.638614143103,4369.005391868461,4324.103788346255,4361.57763671875,367571,0.0,0.0,BRITANNIA
2023-08-31,4375.090867580934,4384.7710020773875,4257.301156552515,4281.98046875,874564,0.0,0.0,BRITANNIA
2023-09-01,4288.9293048121235,4305.174710264207,4241.966726949377,4297.890625,383124,0.0,0.0,BRITANNIA
2023-09-04,4297.890538187065,4323.432335913045,4264.729114770355,4319.79052734375,394391,0.0,0.0,BRITANNIA
2023-09-05,4319.790507241383,4350.268073905508,4298.513397547082,4327.21826171875,453349,0.0,0.0,BRITANNIA
2023-09-06,4332.058302437831,4399.147700926913,4315.812896612288,4379.16455078125,300673,0.0,0.0,BRITANNIA
2023-09-07,4399.14759269282,4399.5308670790555,4333.016615809202,4342.3134765625,479124,0.0,0.0,BRITANNIA
2023-09-08,4351.897437578097,4359.4688612105965,4326.115567823375,4351.70556640625,278293,0.0,0.0,BRITANNIA
2023-09-11,4352.088651636179,4383.812442619429,4351.226167357282,4378.5888671875,302448,0.0,0.0,BRITANNIA
2023-09-12,4378.58925292117,4384.196103195608,4321.419596792619,4377.24755859375,321129,0.0,0.0,BRITANNIA
2023-09-13,4377.247034967259,4437.9152910207395,4359.947744219313,4416.63818359375,435792,0.0,0.0,BRITANNIA
2023-09-14,4426.9417951171135,4439.353520790167,4363.350537177179,4384.1484375,473085,0.0,0.0,BRITANNIA
2023-09-15,4392.438690992416,4398.428815761934,4330.716538962998,4344.3740234375,408326,0.0,0.0,BRITANNIA
2023-09-18,4351.226456806946,4411.606912044575,4332.058058318809,4405.08984375,304844,0.0,0.0,BRITANNIA
2023-09-20,4405.089468310085,4405.856016992887,4320.26931222919,4339.14990234375,357295,0.0,0.0,BRITANNIA
2023-09-21,4332.0579825641,4375.857959534952,4291.804346442928,4369.0048828125,367638,0.0,0.0,BRITANNIA
2023-09-22,4369.005107167435,4381.896042778643,4322.474005453124,4374.8515625,210753,0.0,0.0,BRITANNIA
2023-09-25,4383.860535225129,4394.355420749612,4323.00086909261,4380.02685546875,498354,0.0,0.0,BRITANNIA
2023-09-26,4380.21882505421,4417.357598528495,4360.283877064574,4408.87548828125,330231,0.0,0.0,BRITANNIA
2023-09-27,4409.882235133048,4441.365957350015,4379.0209243339505,4434.94482421875,358156,0.0,0.0,BRITANNIA
2023-09-28,4434.944800316134,4441.605538408455,4317.729755650804,4336.4189453125,390490,0.0,0.0,BRITANNIA
2023-09-29,4365.602517218152,4370.826092712242,4314.374787865341,4348.49462890625,230125,0.0,0.0,BRITANNIA
2023-10-03,4336.658548974352,4363.925784663791,4300.047186435446,4308.529296875,543482,0.0,0.0,BRITANNIA
2023-10-04,4303.30572492933,4351.226724093353,4281.022460318059,4344.03857421875,318564,0.0,0.0,BRITANNIA
2023-10-05,4351.465942761706,4359.085568143711,4312.889541859518,4345.3798828125,302015,0.0,0.0,BRITANNIA
2023-10-06,4345.331897783774,4360.28334092683,4327.265590151684,4349.74072265625,238131,0.0,0.0,BRITANNIA
2023-10-09,4323.43275948815,4346.434840230272,4306.660408947018,4334.45458984375,255764,0.0,0.0,BRITANNIA
2023-10-10,4334.166971801382,4353.095766192618,4315.765121201793,4341.5947265625,222750,0.0,0.0,BRITANNIA
2023-10-11,4333.975050967258,4378.973055196009,4332.681090427993,4365.55517578125,368192,0.0,0.0,BRITANNIA
2023-10-12,4391.479702831223,4400.6806268824275,4342.600291036288,4371.11328125,518582,0.0,0.0,BRITANNIA
2023-10-13,4360.810241364434,4391.479676028975,4327.2655472000915,4384.4833984375,445822,0.0,0.0,BRITANNIA
2023-10-16,4370.347429001922,4400.537658745018,4365.603062850888,4395.36181640625,292118,0.0,0.0,BRITANNIA
2023-10-17,4395.505833893518,4418.220106293554,4372.503754716671,4409.0673828125,196669,0.0,0.0,BRITANNIA
2023-10-18,4413.523407339743,4430.774964632276,4395.553035160021,4416.111328125,217179,0.0,0.0,BRITANNIA
2023-10-19,4408.77949586635,4424.066481232717,4372.024465232835,4411.080078125,228881,0.0,0.0,BRITANNIA
2023-10-20,4411.607135942617,4416.39923580786,4369.197052135218,4389.5634765625,351045,0.0,0.0,BRITANNIA
2023-10-23,4382.56734929192,4408.732028268279,4328.56028834993,4342.2177734375,203004,0.0,0.0,BRITANNIA
2023-10-25,4284.137058002481,4394.9304947536775,4284.137058002481,4345.236328125,330082,0.0,0.0,BRITANNIA
2023-10-26,4329.758030608952,4336.658373415469,4290.606482318949,4320.365234375,488909,0.0,0.0,BRITANNIA
2023-10-27,4324.3910360371765,4355.060476009071,4304.264216055621,4326.59521484375,382794,0.0,0.0,BRITANNIA
2023-10-30,4312.88916477708,4321.227604353685,4256.34239572778,4276.0859375,450526,0.0,0.0,BRITANNIA
2023-10-31,4274.648803877963,4293.481661820808,4218.868577015167,4242.44580078125,504625,0.0,0.0,BRITANNIA
2023-11-01,4257.8761731988725,4270.71890575604,4166.922221876194,4214.45947265625,395359,0.0,0.0,BRITANNIA
2023-11-02,4324.486380250893,4378.828505982594,4269.041697288167,4339.00634765625,822845,0.0,0.0,BRITANNIA
2023-11-03,4339.7253590890305,4391.863308676738,4336.035348834217,4350.794921875,335012,0.0,0.0,BRITANNIA
2023-11-06,4365.5069480099055,4435.711209529942,4357.024837834653,4431.3505859375,205763,0.0,0.0,BRITANNIA
2023-11-07,4418.411885599978,4475.821146756032,4399.962301643863,4461.63671875,282612,0.0,0.0,BRITANNIA
2023-11-08,4476.732024966114,4491.635268570886,4457.132149042763,4476.396484375,385727,0.0,0.0,BRITANNIA
2023-11-09,4476.396296356526,4490.676659965714,4437.963562900702,4458.66552734375,208210,0.0,0.0,BRITANNIA
2023-11-10,4463.793125591171,4491.012158223464,4428.858531674064,4487.2744140625,142336,0.0,0.0,BRITANNIA
2023-11-13,4468.440718348943,4507.592263157836,4450.901822132692,4501.0751953125,260394,0.0,0.0,BRITANNIA
2023-11-15,4526.617226477805,4528.534066294226,4473.328985985612,4514.92431640625,269650,0.0,0.0,BRITANNIA
2023-11-16,4514.158338699432,4532.3683192589415,4485.022463399923,4506.5869140625,178375,0.0,0.0,BRITANNIA
2023-11-17,4507.449154503358,4548.277939143465,4495.085630388429,4522.11279296875,138652,0.0,0.0,BRITANNIA
2023-11-20,4496.187493497528,4542.383521282916,4495.851952926564,4516.07470703125,126069,0.0,0.0,BRITANNIA
2023-11-21,4533.326186732007,4533.326186732007,4471.0288924111655,4504.333984375,129602,0.0,0.0,BRITANNIA
2023-11-22,4514.062049214339,4516.889575270954,4468.872641964267,4499.01513671875,72533,0.0,0.0,BRITANNIA
2023-11-23,4503.615255879184,4515.068561246307,4484.399123453556,4510.13232421875,109775,0.0,0.0,BRITANNIA
2023-11-24,4510.132394510277,4518.95004520451,4447.547759230441,4451.0458984375,123628,0.0,0.0,BRITANNIA
2023-11-28,4439.6404742816485,4526.521142517386,4433.650350051683,4517.46435546875,182790,0.0,0.0,BRITANNIA
2023-11-29,4519.860910691143,4631.1812982359315,4505.9156191369775,4603.9140625,363702,0.0,0.0,BRITANNIA
2023-11-30,4614.792047414494,4673.207930408572,4598.0196983325095,4650.87646484375,961054,0.0,0.0,BRITANNIA
2023-12-01,4670.379890130702,4776.764492594176,4657.968165985255,4764.0654296875,485597,0.0,0.0,BRITANNIA
2023-12-04,4782.515429400726,4787.25979522449,4710.633934970856,4732.43798828125,310152,0.0,0.0,BRITANNIA
2023-12-05,4732.438428250214,4768.139573802809,4727.885933179749,4742.6455078125,280497,0.0,0.0,BRITANNIA
2023-12-06,4747.053985716616,4813.856043048218,4746.382904563984,4795.11865234375,295686,0.0,0.0,BRITANNIA
2023-12-07,4795.11878010027,4816.060350043922,4756.78198129395,4807.4345703125,268095,0.0,0.0,BRITANNIA
2023-12-08,4815.102183779563,4849.6053045232065,4725.969121858484,4736.70361328125,282713,0.0,0.0,BRITANNIA
2023-12-11,4753.66689115852,4767.659915655527,4696.305365066697,4738.57177734375,147976,0.0,0.0,BRITANNIA
2023-12-12,4761.430225885793,4764.736961845163,4672.297172140347,4699.1806640625,184238,0.0,0.0,BRITANNIA
2023-12-13,4705.841764828146,4723.093323232811,4657.920769259631,4714.7548828125,153558,0.0,0.0,BRITANNIA
2023-12-14,4727.118886468905,4758.554872453036,4693.382318308664,4740.9677734375,174503,0.0,0.0,BRITANNIA
2023-12-15,4732.67760370052,4763.203371998092,4677.56845784941,4709.57958984375,216579,0.0,0.0,BRITANNIA
2023-12-18,4709.531680169024,4720.69717831577,4635.92475167214,4676.60986328125,223278,0.0,0.0,BRITANNIA
2023-12-19,4687.967089108821,4722.566139748686,4656.674774186718,4707.03955078125,200718,0.0,0.0,BRITANNIA
2023-12-20,4715.425889001076,4841.889581487928,4711.592209416522,4748.9228515625,457942,0.0,0.0,BRITANNIA
2023-12-21,4725.01036039066,4900.6885502904615,4674.741046748453,4849.2216796875,796081,0.0,0.0,BRITANNIA
2023-12-22,4863.980930626523,4968.161359622657,4840.068167234325,4946.5009765625,582688,0.0,0.0,BRITANNIA
2023-12-26,4940.6549736058905,5026.433561411463,4932.029193826559,5018.2392578125,574310,0.0,0.0,BRITANNIA
2023-12-27,5024.037625025669,5026.912885017099,4945.447185259911,4999.88525390625,241944,0.0,0.0,BRITANNIA
2023-12-28,5007.696837135537,5116.668911892237,4971.085005425451,5062.37451171875,655367,0.0,0.0,BRITANNIA
2023-12-29,5041.815764022467,5162.097464961977,5020.826461199236,5116.47705078125,535691,0.0,0.0,BRITANNIA
2024-01-01,5117.003900247362,5127.450583672214,5070.041324650411,5098.60205078125,130032,0.0,0.0,BRITANNIA
2024-01-02,5098.602269831204,5113.122706476468,5006.881761277146,5068.939453125,193517,0.0,0.0,BRITANNIA
2024-01-03,5068.939089074411,5112.115717588958,5022.120184219346,5035.34619140625,123303,0.0,0.0,BRITANNIA
2024-01-04,5035.346324748292,5151.507004772885,5003.910338961718,5138.37646484375,413391,0.0,0.0,BRITANNIA
2024-01-05,5138.37666156251,5140.341703235945,5037.4552285920445,5053.12548828125,299017,0.0,0.0,BRITANNIA
2024-01-08,5084.417898140875,5084.417898140875,4956.037357046371,4962.07568359375,236628,0.0,0.0,BRITANNIA
2024-01-09,4982.825216489883,4993.55970689818,4898.484262642775,4909.41015625,194434,0.0,0.0,BRITANNIA
2024-01-10,4898.484593123909,4929.776912356517,4841.458603436788,4875.14697265625,191450,0.0,0.0,BRITANNIA
2024-01-11,4890.720849017977,4970.748911239114,4865.46639087705,4923.11572265625,277823,0.0,0.0,BRITANNIA
2024-01-12,4934.904704822136,5032.088401684571,4887.989857444079,4936.91748046875,462298,0.0,0.0,BRITANNIA
2024-01-15,4945.399269851532,5010.619561070781,4906.151785218311,4962.07568359375,400069,0.0,0.0,BRITANNIA
2024-01-16,4953.497618479397,5001.035342002912,4894.890331629815,4917.26953125,203028,0.0,0.0,BRITANNIA
2024-01-17,4902.365704179176,4921.72597406882,4844.812774240375,4851.234375,270672,0.0,0.0,BRITANNIA
2024-01-18,4850.563276389012,4866.808681429603,4767.372613473594,4806.61962890625,514119,0.0,0.0,BRITANNIA
2024-01-19,4819.893725505288,4954.695392198382,4803.887925823157,4924.984375,329252,0.0,0.0,BRITANNIA
2024-01-23,4951.580596734022,4974.05573112041,4721.080605245887,4838.19970703125,491135,0.0,0.0,BRITANNIA
2024-01-24,4838.199912602381,4958.529351859803,4820.852417662806,4928.43505859375,611741,0.0,0.0,BRITANNIA
2024-01-25,4935.862415770557,5018.813469760715,4893.78787634638,4928.09912109375,342129,0.0,0.0,BRITANNIA
2024-01-29,4928.195164029861,5002.4727068560605,4898.676018072257,4923.30712890625,275710,0.0,0.0,BRITANNIA
2024-01-30,4948.609426619782,4976.9787500818065,4869.731653743648,4880.03466796875,146422,0.0,0.0,BRITANNIA
2024-01-31,4880.034609507902,5002.951963790691,4822.529414521802,4982.25,549238,0.0,0.0,BRITANNIA
2024-02-01,4979.9972486729885,4985.652300141527,4913.914481143957,4934.5205078125,344394,0.0,0.0,BRITANNIA
2024-02-02,4951.916366006328,4992.409609624418,4918.084328352317,4934.7607421875,176167,0.0,0.0,BRITANNIA
2024-02-05,4954.935022082512,5021.880746702041,4867.335535498128,4911.4228515625,231620,0.0,0.0,BRITANNIA
2024-02-06,4911.423056144081,4911.902266121264,4784.959355974205,4798.8564453125,336609,0.0,0.0,BRITANNIA
2024-02-07,4926.278624295402,4968.353167199034,4720.218331644913,4867.09619140625,1258830,0.0,0.0,BRITANNIA
2024-02-08,4888.9001845344765,4909.41027795094,4632.187306302911,4672.82421875,623680,0.0,0.0,BRITANNIA
2024-02-09,4672.824567621963,4771.062620224925,4657.969057228344,4764.78515625,411953,0.0,0.0,BRITANNIA
2024-02-12,4764.784821254017,4790.135216334818,4735.313407545164,4763.5390625,158487,0.0,0.0,BRITANNIA
2024-02-13,4763.538950082216,4843.279207919832,4734.786352020423,4774.46484375,262011,0.0,0.0,BRITANNIA
2024-02-14,4760.998648803544,4816.060059964075,4744.178566531775,4802.306640625,277479,0.0,0.0,BRITANNIA
2024-02-15,4802.594504184473,4833.647216118782,4727.741814542686,4744.70556640625,189625,0.0,0.0,BRITANNIA
2024-02-16,4748.0123194695,4763.873982073671,4691.2259387814565,4709.38818359375,352139,0.0,0.0,BRITANNIA
2024-02-19,4715.378569108485,4742.78900616133,4683.462902978473,4720.4580078125,182521,0.0,0.0,BRITANNIA
2024-02-20,4705.985700690462,4728.844110466671,4676.226947948747,4716.5283203125,129279,0.0,0.0,BRITANNIA
2024-02-21,4729.562703599297,4780.885903160576,4684.756572307282,4718.30126953125,235932,0.0,0.0,BRITANNIA
2024-02-22,4720.17040608977,4761.430196750656,4657.920844647381,4750.83984375,255308,0.0,0.0,BRITANNIA
2024-02-23,4750.840225362876,4763.730693627785,4707.854994593711,4731.0966796875,115910,0.0,0.0,BRITANNIA
2024-02-26,4744.13097221466,4750.887645604567,4688.2070750843595,4698.07861328125,78084,0.0,0.0,BRITANNIA
2024-02-27,4676.1312053662505,4734.163349489646,4676.1312053662505,4700.42724609375,434014,0.0,0.0,BRITANNIA
2024-02-28,4690.84238406021,4711.68801623151,4664.821378186898,4684.564453125,96877,0.0,0.0,BRITANNIA
2024-02-29,4681.928854158914,4773.793493381247,4628.065937614561,4758.74658203125,447941,0.0,0.0,BRITANNIA
2024-03-01,4758.746900297808,4779.352929124801,4709.819281295923,4722.80615234375,316277,0.0,0.0,BRITANNIA
2024-03-04,4702.008314979102,4736.94290964726,4632.522868008864,4637.6982421875,307520,0.0,0.0,BRITANNIA
2024-03-05,4637.842246490459,4665.061749651981,4610.958751912767,4624.99951171875,156956,0.0,0.0,BRITANNIA
2024-03-06,4637.7940731164845,4684.564778830254,4589.633471303278,4677.80810546875,190965,0.0,0.0,BRITANNIA
2024-03-07,4667.505237951663,4698.174676886869,4634.056474708654,4685.85888671875,216747,0.0,0.0,BRITANNIA
2024-03-11,4690.554940884283,4751.510542933227,4668.559483951218,4732.1025390625,295000,0.0,0.0,BRITANNIA
2024-03-12,4730.473558471576,4734.594577086144,4651.020169829583,4666.6904296875,140625,0.0,0.0,BRITANNIA
2024-03-13,4689.16534388326,4768.139050848351,4621.500804661457,4654.7099609375,410729,0.0,0.0,BRITANNIA
2024-03-14,4651.451946501125,4747.006609366807,4584.12294032141,4733.54052734375,240217,0.0,0.0,BRITANNIA
2024-03-15,4712.982710783358,4800.438537538641,4707.7591344871125,4767.373046875,491571,0.0,0.0,BRITANNIA
2024-03-18,4772.93115234375,4805.517429287462,4753.762754141566,4772.93115234375,143928,0.0,0.0,BRITANNIA
2024-03-19,4791.141296289125,4792.051982426605,4600.415727583077,4616.6611328125,265081,0.0,0.0,BRITANNIA
2024-03-20,4621.596673410602,4631.899687291071,4562.078704282152,4603.19482421875,300159,0.0,0.0,BRITANNIA
2024-03-21,4612.395562041998,4623.417390398046,4569.554007240588,4606.8369140625,449591,0.0,0.0,BRITANNIA
2024-03-22,4600.415596094553,4689.500914464482,4585.943361769478,4662.712890625,264787,0.0,0.0,BRITANNIA
2024-03-26,4550.960714273578,4768.138745503664,4543.581162228405,4755.15234375,554559,0.0,0.0,BRITANNIA
2024-03-27,4753.763092004521,4772.931491569056,4677.089493746384,4715.6181640625,327107,0.0,0.0,BRITANNIA
2024-03-28,4736.798300327312,4764.497008742665,4662.329357781074,4707.03955078125,648795,0.0,0.0,BRITANNIA
2024-04-01,4724.962317696294,4754.433729275118,4680.683131645017,4691.6572265625,181877,0.0,0.0,BRITANNIA
2024-04-02,4705.841894120017,4710.538058219064,4667.5050966119115,4696.2099609375,93480,0.0,0.0,BRITANNIA
2024-04-03,4667.50512081239,4693.334725458793,4606.166244481385,4633.5771484375,246246,0.0,0.0,BRITANNIA
2024-04-04,4638.705144616421,4653.129178668878,4581.822823059028,4613.45068359375,372526,0.0,0.0,BRITANNIA
2024-04-05,4613.450263310479,4646.036540892809,4592.365024874854,4612.9228515625,189143,0.0,0.0,BRITANNIA
2024-04-08,4624.4238393618125,4639.710824249293,4582.20562915428,4626.10107421875,235219,0.0,0.0,BRITANNIA
2024-04-09,4648.336369115232,4648.336369115232,4584.505512182825,4595.3359375,180114,0.0,0.0,BRITANNIA
2024-04-10,4618.146723244753,4618.194457052864,4550.146637741796,4608.75439453125,509880,0.0,0.0,BRITANNIA
2024-04-12,4617.666699891816,4620.398289978721,4547.702052923758,4554.17138671875,620568,0.0,0.0,BRITANNIA
2024-04-15,4547.7026986565625,4578.46807289017,4497.72119146513,4563.89990234375,421873,0.0,0.0,BRITANNIA
2024-04-16,4550.577821256543,4574.059109508604,4496.235224110381,4543.58154296875,516581,0.0,0.0,BRITANNIA
2024-04-18,4547.702736559006,4560.83327727851,4472.562704855184,4499.78173828125,670722,0.0,0.0,BRITANNIA
2024-04-19,4487.369679799219,4502.6566643076985,4448.026730321845,4474.19140625,424834,0.0,0.0,BRITANNIA
2024-04-22,4479.559258501183,4565.817060698218,4468.441492622304,4555.65771484375,321925,0.0,0.0,BRITANNIA
2024-04-23,4558.245361490771,4611.9168796243885,4526.665236397538,4598.30712890625,279440,0.0,0.0,BRITANNIA
2024-04-24,4597.540405412101,4638.752462412876,4582.205686528092,4628.162109375,412282,0.0,0.0,BRITANNIA
2024-04-25,4615.894221445226,4656.962610546569,4550.098784435036,4642.72998046875,509266,0.0,0.0,BRITANNIA
2024-04-26,4642.633902786536,4658.879307889621,4593.706752255699,4600.84716796875,205462,0.0,0.0,BRITANNIA
2024-04-29,4614.791940930772,4624.951285735994,4577.413563839122,4600.27197265625,147362,0.0,0.0,BRITANNIA
2024-04-30,4599.456623589915,4624.375538408281,4566.966285941652,4577.365234375,489132,0.0,0.0,BRITANNIA
2024-05-02,4590.783567696226,4611.916539210073,4552.542239465889,4561.7431640625,356664,0.0,0.0,BRITANNIA
2024-05-03,4582.3011716715955,4582.3011716715955,4512.144652482322,4547.31884765625,262493,0.0,0.0,BRITANNIA
2024-05-06,4618.577692090258,4989.006977649024,4602.524159016237,4851.13818359375,2837757,0.0,0.0,BRITANNIA
2024-05-07,4847.640411912037,5002.85624326395,4838.87049491688,4958.72119140625,1156073,0.0,0.0,BRITANNIA
2024-05-08,4936.821316833404,5030.219531073033,4910.800307972878,5011.0029296875,323414,0.0,0.0,BRITANNIA
2024-05-09,5010.667308875703,5029.787974361407,4835.228721542168,4859.28515625,379667,0.0,0.0,BRITANNIA
2024-05-10,4859.285136970318,4905.38523068166,4765.024440227561,4856.1220703125,223289,0.0,0.0,BRITANNIA
2024-05-13,4863.933417608036,4955.031044887939,4844.81275278695,4917.22119140625,323879,0.0,0.0,BRITANNIA
2024-05-14,4917.221117726243,4946.884401347294,4825.644281852878,4927.044921875,205585,0.0,0.0,BRITANNIA
2024-05-15,4935.43161008567,4949.999781531745,4843.3278208584015,4853.43896484375,166198,0.0,0.0,BRITANNIA
2024-05-16,4853.582268795047,4935.862714633716,4808.872071975664,4924.1220703125,312988,0.0,0.0,BRITANNIA
2024-05-17,4926.18272146273,4926.18272146273,4854.397159141413,4875.29052734375,116594,0.0,0.0,BRITANNIA
2024-05-21,4836.187064682059,4975.157957345336,4835.276378538731,4962.79443359375,376474,0.0,0.0,BRITANNIA
2024-05-22,5002.759978794949,5082.021491272183,4978.991352599527,5048.380859375,748236,0.0,0.0,BRITANNIA
2024-05-23,5042.390684331405,5073.635266177845,4972.186427755721,5061.55908203125,423256,0.0,0.0,BRITANNIA
2024-05-24,5041.3852470026795,5065.393481341819,5001.994090536492,5022.7919921875,268208,0.0,0.0,BRITANNIA
2024-05-27,5046.081066725323,5046.081066725323,4914.058717828568,4995.5244140625,329998,0.0,0.0,BRITANNIA
2024-05-28,4992.409769865991,5065.632964121653,4965.142533729933,5032.23193359375,259151,0.0,0.0,BRITANNIA
2024-05-29,4985.700837765846,5048.956557737501,4983.7839977667045,5012.3447265625,286144,0.0,0.0,BRITANNIA
2024-05-30,4985.79671471431,5024.13351424618,4957.906599459172,4982.39404296875,357619,0.0,0.0,BRITANNIA
2024-05-31,4991.450968917529,5003.910427941324,4898.148695632101,4964.42333984375,651525,0.0,0.0,BRITANNIA
2024-06-03,5079.625666145171,5079.625666145171,4945.446874963977,4952.92236328125,199328,0.0,0.0,BRITANNIA
2024-06-04,4989.102744004423,5189.268842571784,4913.8667785254875,5103.68212890625,989039,0.0,0.0,BRITANNIA
2024-06-05,5103.682568867048,5486.954643279644,5103.586633268839,5258.51513671875,1188965,0.0,0.0,BRITANNIA
2024-06-06,5237.765352167942,5284.823868232346,5090.600146893588,5214.236328125,629293,0.0,0.0,BRITANNIA
2024-06-07,5205.801983383744,5242.557484572383,5170.675983412799,5236.37548828125,226777,0.0,0.0,BRITANNIA
2024-06-10,5237.764961576008,5329.533670646622,5181.31412081913,5260.19189453125,306665,0.0,0.0,BRITANNIA
2024-06-11,5271.309336204748,5373.620658321086,5271.309336204748,5288.3212890625,476899,0.0,0.0,BRITANNIA
2024-06-12,5319.757517231336,5336.48213208164,5205.178602610522,5213.13330078125,279376,0.0,0.0,BRITANNIA
2024-06-13,5213.42132815858,5223.341068378613,5119.592107307683,5155.7724609375,434594,0.0,0.0,BRITANNIA
2024-06-14,5173.1195802669845,5223.3888954522345,5152.0825424751565,5169.3818359375,149569,0.0,0.0,BRITANNIA
2024-06-18,5194.444110740477,5209.012280759383,5151.794424173083,5171.490234375,155277,0.0,0.0,BRITANNIA
2024-06-19,5190.802545057841,5197.367815432279,5127.546827189705,5137.75390625,135179,0.0,0.0,BRITANNIA
2024-06-20,5137.7538089546815,5175.467727565137,5097.83571165166,5154.81396484375,296418,0.0,0.0,BRITANNIA
2024-06-21,5145.852501135727,5165.73971453396,5096.397939523219,5108.66552734375,244120,0.0,0.0,BRITANNIA
2024-06-24,5094.002472121125,5108.378772606885,5031.705170016163,5077.4697265625,463385,0.0,0.0,BRITANNIA
2024-06-25,5077.51743228083,5146.7155454275235,5069.275394430752,5129.51171875,160890,0.0,0.0,BRITANNIA
2024-06-26,5129.511301165307,5208.580946962605,5097.883442846388,5196.265625,221391,0.0,0.0,BRITANNIA
2024-06-27,5164.733383465289,5223.388873233181,5158.359984215668,5204.5078125,357573,0.0,0.0,BRITANNIA
2024-06-28,5209.01223621415,5261.725331520825,5191.041862814148,5247.8759765625,215576,0.0,0.0,BRITANNIA
2024-07-01,5247.396725037104,5260.910539322549,5205.226249125824,5248.78662109375,223560,0.0,0.0,BRITANNIA
2024-07-02,5271.309520139924,5271.309520139924,5160.420149043046,5177.048828125,163333,0.0,0.0,BRITANNIA
2024-07-03,5196.313487336687,5269.393010259991,5165.691782015456,5222.5263671875,211361,0.0,0.0,BRITANNIA
2024-07-04,5228.132814853144,5259.185525982744,5173.119138271857,5200.6259765625,138170,0.0,0.0,BRITANNIA
2024-07-05,5219.507296957673,5323.5435950012,5208.006257594991,5316.16357421875,172330,0.0,0.0,BRITANNIA
2024-07-08,5324.022874086207,5382.438757798857,5303.943788746815,5337.00927734375,171210,0.0,0.0,BRITANNIA
2024-07-09,5462.993357769576,5467.785457206215,5350.905964755182,5433.138671875,389812,0.0,0.0,BRITANNIA
2024-07-10,5434.2884980246345,5558.835349644696,5434.2884980246345,5516.2333984375,526095,0.0,0.0,BRITANNIA
2024-07-11,5558.8356678816135,5563.627767595305,5482.162072462557,5521.74462890625,372798,0.0,0.0,BRITANNIA
2024-07-12,5539.667642545764,5563.628142729785,5475.645373245466,5546.42431640625,222315,0.0,0.0,BRITANNIA
2024-07-15,5565.544403276915,5604.600014510518,5547.334425033026,5568.13232421875,135373,0.0,0.0,BRITANNIA
2024-07-16,5570.336239774255,5635.508790411668,5530.178541138949,5618.5927734375,162459,0.0,0.0,BRITANNIA
2024-07-18,5603.450027784578,5673.846161010815,5578.004165047794,5627.36279296875,523157,0.0,0.0,BRITANNIA
2024-07-19,5606.7564102202,5729.434157315617,5603.545609962244,5633.54443359375,451294,0.0,0.0,BRITANNIA
2024-07-22,5633.544451407529,5686.976360955935,5599.089068731565,5643.03271484375,347520,0.0,0.0,BRITANNIA
2024-07-23,5643.032893960021,5755.311695472502,5597.747552143022,5697.56689453125,336696,0.0,0.0,BRITANNIA
2024-07-24,5702.02383909578,5725.984339031453,5573.212285037311,5587.109375,233649,0.0,0.0,BRITANNIA
2024-07-25,5582.70031713312,5621.133051026545,5560.465254905073,5587.205078125,303638,0.0,0.0,BRITANNIA
2024-07-26,5587.587727751101,5638.048439278242,5571.390525875264,5628.60791015625,146736,0.0,0.0,BRITANNIA
2024-07-29,5652.761204094786,5709.883130136073,5597.2205774701315,5652.3779296875,129350,0.0,0.0,BRITANNIA
2024-07-30,5653.1441707003305,5740.360386631929,5588.834098104519,5599.28125,191681,0.0,0.0,BRITANNIA
2024-07-31,5651.802598291452,5651.802598291452,5530.226930744036,5543.9326171875,271796,0.0,0.0,BRITANNIA
2024-08-01,5543.932622248499,5597.076729177414,5462.993868012595,5491.89013671875,304411,0.0,0.0,BRITANNIA
2024-08-02,5470.708712628048,5566.502972144833,5396.191562820151,5482.49755859375,406998,0.0,0.0,BRITANNIA
2024-08-05,5543.761090509774,5672.890102115355,5485.604111290266,5532.0615234375,1114298,73.5,0.0,BRITANNIA
2024-08-06,5557.936026199498,5748.668512619165,5543.955234916217,5684.10400390625,727869,0.0,0.0,BRITANNIA
2024-08-07,5718.765110239533,5752.357693235122,5639.976612870992,5666.9189453125,314935,0.0,0.0,BRITANNIA
2024-08-08,5674.637347288063,5691.3369273729195,5558.372695705404,5577.45068359375,271628,0.0,0.0,BRITANNIA
2024-08-09,5602.451078131177,5617.1600390620915,5553.518076605796,5573.22705078125,232215,0.0,0.0,BRITANNIA
2024-08-12,5577.790506046445,5606.431902030496,5461.283132552003,5481.42919921875,622193,0.0,0.0,BRITANNIA
2024-08-13,5513.663024785375,5548.615236385348,5453.564259472985,5501.5751953125,236505,0.0,0.0,BRITANNIA
2024-08-14,5510.799126035089,5529.440496639006,5431.331288362441,5494.439453125,164575,0.0,0.0,BRITANNIA
2024-08-16,5505.458875343725,5575.314944714312,5497.691717067955,5562.88720703125,144969,0.0,0.0,BRITANNIA
2024-08-19,5577.7909709067,5595.509802102356,5551.6739939856825,5565.65478515625,102452,0.0,0.0,BRITANNIA
2024-08-20,5573.373546304587,5605.752510383396,5561.52843947482,5597.9853515625,189035,0.0,0.0,BRITANNIA
2024-08-21,5605.751990119773,5679.6371763602965,5588.955700356331,5667.45263671875,169215,0.0,0.0,BRITANNIA
2024-08-22,5687.502106030853,5687.502106030853,5639.58834973984,5666.9189453125,160154,0.0,0.0,BRITANNIA
2024-08-23,5667.112990457077,5679.734622952527,5615.99547366445,5624.0537109375,124435,0.0,0.0,BRITANNIA
2024-08-26,5631.190043525378,5689.443733630814,5608.131291191977,5628.22900390625,265107,0.0,0.0,BRITANNIA
2024-08-27,5659.151524341593,5675.268473130955,5568.08178006022,5596.52880859375,175740,0.0,0.0,BRITANNIA
2024-08-28,5579.295398829617,5607.305809002692,5524.43984188713,5537.35302734375,161445,0.0,0.0,BRITANNIA
2024-08-29,5543.80972672276,5674.880534622511,5530.362737913167,5661.67626953125,351330,0.0,0.0,BRITANNIA
2024-08-30,5672.890214305272,5736.920444779257,5624.636550965213,5684.83203125,519387,0.0,0.0,BRITANNIA
2024-09-02,5710.851690842199,5761.241511295598,5694.298123776081,5749.78466796875,307023,0.0,0.0,BRITANNIA
2024-09-03,5760.318672391295,5770.9985148649685,5699.152301860257,5743.86181640625,258133,0.0,0.0,BRITANNIA
2024-09-04,5679.686474926757,5762.6007996829785,5658.37514350067,5754.056640625,219283,0.0,0.0,BRITANNIA
2024-09-05,5739.687620171441,5747.697502670941,5663.520729684667,5679.73486328125,170014,0.0,0.0,BRITANNIA
2024-09-06,5676.530865870979,5713.521578815044,5657.50123281249,5673.47216796875,213556,0.0,0.0,BRITANNIA
2024-09-09,5689.394921498023,5787.698015654432,5676.045118587893,5766.5810546875,321187,0.0,0.0,BRITANNIA
2024-09-10,5805.999507358652,5835.077997489849,5757.45476528303,5796.14501953125,337831,0.0,0.0,BRITANNIA
2024-09-11,5779.785242811423,5871.049356274151,5774.154242459703,5833.76708984375,437060,0.0,0.0,BRITANNIA
2024-09-12,5843.475802514998,5950.323058038559,5829.9321047070325,5931.43896484375,548745,0.0,0.0,BRITANNIA
2024-09-13,5959.352504727286,5969.83797933058,5881.049930999975,5954.59521484375,274846,0.0,0.0,BRITANNIA
2024-09-16,5825.368784017813,5951.585107671532,5764.008043198269,5886.53515625,352336,0.0,0.0,BRITANNIA
2024-09-17,5896.681257933176,6024.062372228736,5892.5061258193045,5933.1865234375,527917,0.0,0.0,BRITANNIA
2024-09-18,5956.439752477111,5987.071294583633,5883.670995702001,5945.03173828125,218424,0.0,0.0,BRITANNIA
2024-09-19,5950.51699591332,6043.8200802390675,5935.710850335225,5955.9541015625,362388,0.0,0.0,BRITANNIA
2024-09-20,5985.906366703087,6076.490662168055,5947.556021996035,6029.79052734375,663556,0.0,0.0,BRITANNIA
2024-09-23,6053.771704938895,6068.092403009999,6010.6152421408,6030.421875,312563,0.0,0.0,BRITANNIA
2024-09-24,6020.276392427895,6064.112201193046,6005.03315327193,6022.6064453125,234706,0.0,0.0,BRITANNIA
2024-09-25,6022.460889937106,6022.460889937106,5923.963415562447,6000.42138671875,357145,0.0,0.0,BRITANNIA
2024-09-26,6019.548222935313,6087.8991272979165,5975.226966720717,6072.07373046875,327297,0.0,0.0,BRITANNIA
2024-09-27,6056.150765411579,6148.628496361031,6000.9064712894005,6086.34521484375,400543,0.0,0.0,BRITANNIA
2024-09-30,6070.665252736167,6177.706404018807,6059.45160746778,6153.6767578125,442617,0.0,0.0,BRITANNIA
2024-10-01,6123.336600624679,6275.476012402165,6123.336600624679,6258.4365234375,416639,0.0,0.0,BRITANNIA
2024-10-03,6256.640692861231,6281.5924057089005,6106.9285194962395,6147.46337890625,495791,0.0,0.0,BRITANNIA
2024-10-04,6095.520195221232,6155.4245931946225,5999.984243014148,6025.373046875,395753,0.0,0.0,BRITANNIA
2024-10-07,6041.53816538956,6053.5288104535575,5927.3124920319115,5942.1669921875,374593,0.0,0.0,BRITANNIA
2024-10-08,5959.060940082902,6053.3344417384205,5875.90342488428,6023.8193359375,708471,0.0,0.0,BRITANNIA
2024-10-09,5979.401422691862,6004.984596587473,5893.380044893652,5919.78857421875,551094,0.0,0.0,BRITANNIA
2024-10-10,5948.672363735553,5980.566352322749,5805.999185067198,5827.4560546875,287475,0.0,0.0,BRITANNIA
2024-10-11,5855.029514202597,5863.71921239095,5787.6011540048885,5804.49462890625,94953,0.0,0.0,BRITANNIA
2024-10-14,5830.320606637558,5848.961502830011,5728.279465747331,5804.0576171875,219597,0.0,0.0,BRITANNIA
2024-10-15,5841.242899434346,5905.90458654058,5812.698687740883,5892.0693359375,426219,0.0,0.0,BRITANNIA
2024-10-16,5888.477124720135,5936.050971234774,5845.903291749719,5912.8466796875,276677,0.0,0.0,BRITANNIA
2024-10-17,5912.8466215308445,5918.477621843174,5792.60120359677,5814.20361328125,188121,0.0,0.0,BRITANNIA
2024-10-18,5810.757513780062,5823.427502362531,5699.152957463831,5715.8525390625,354901,0.0,0.0,BRITANNIA
2024-10-21,5715.852411581031,5723.9106492941755,5594.8788171653405,5610.12158203125,296733,0.0,0.0,BRITANNIA
2024-10-22,5618.956896960892,5635.073846677471,5545.557149698831,5560.31494140625,320607,0.0,0.0,BRITANNIA
2024-10-23,5532.741343645554,5628.859931304686,5524.439908451332,5581.52880859375,123095,0.0,0.0,BRITANNIA
2024-10-24,5583.470877826595,5612.257816010603,5438.564817963334,5449.05029296875,269803,0.0,0.0,BRITANNIA
2024-10-25,5449.050107379139,5540.36305155947,5446.720054576157,5504.39111328125,176680,0.0,0.0,BRITANNIA
2024-10-28,5511.769632920822,5610.800899885403,5504.390737823244,5555.7509765625,131887,0.0,0.0,BRITANNIA
2024-10-29,5564.00383913396,5592.256973180994,5447.739184557944,5502.54638671875,204751,0.0,0.0,BRITANNIA
2024-10-30,5501.672605487313,5630.218983057717,5477.400235324106,5614.19921875,218180,0.0,0.0,BRITANNIA
2024-10-31,5610.800998593961,5612.742788176447,5541.8674684156995,5560.21728515625,208893,0.0,0.0,BRITANNIA
2024-11-01,5600.655097623574,5600.655097623574,5487.545851631982,5527.3525390625,31706,0.0,0.0,BRITANNIA
2024-11-04,5519.537351101219,5533.081524202803,5380.55384489316,5461.47802734375,249780,0.0,0.0,BRITANNIA
2024-11-05,5470.167196763151,5504.00297754774,5422.0107167513925,5441.962890625,185870,0.0,0.0,BRITANNIA
2024-11-06,5472.254393381588,5552.547586223453,5444.826614170045,5529.14892578125,233799,0.0,0.0,BRITANNIA
2024-11-07,5543.80921694497,5547.401717273856,5442.836159403416,5523.3232421875,284538,0.0,0.0,BRITANNIA
2024-11-08,5516.818597155466,5624.248011474063,5477.351344458766,5579.8779296875,306281,0.0,0.0,BRITANNIA
2024-11-11,5632.792044860913,5730.366977860546,5243.948655145956,5276.4736328125,804824,0.0,0.0,BRITANNIA
2024-11-12,5262.249511529345,5268.948590447795,4859.328192842135,4881.2216796875,2441209,0.0,0.0,BRITANNIA
2024-11-13,4863.212050489045,4939.524476540451,4794.715612015119,4899.62060546875,928244,0.0,0.0,BRITANNIA
2024-11-14,4899.620801231808,4903.504380584811,4758.3556022663415,4772.53076171875,479979,0.0,0.0,BRITANNIA
2024-11-18,4825.3471823925065,4825.3471823925065,4652.187999051458,4768.404296875,439087,0.0,0.0,BRITANNIA
2024-11-19,4781.608721805239,4807.240250713253,4736.607651252162,4750.29736328125,436205,0.0,0.0,BRITANNIA
2024-11-21,4733.112372437816,4742.821320894099,4608.740647898884,4663.5478515625,1036549,0.0,0.0,BRITANNIA
2024-11-22,4649.663930485442,4729.228955444632,4626.896730015542,4707.23828125,410476,0.0,0.0,BRITANNIA
2024-11-25,4762.238976470858,4835.056086202828,4732.141237781643,4761.2197265625,722912,0.0,0.0,BRITANNIA
2024-11-26,4761.219703556459,4883.89188123639,4750.539860847374,4867.67822265625,314200,0.0,0.0,BRITANNIA
2024-11-27,4867.678492045643,4878.746598470013,4797.191431450813,4839.08544921875,255840,0.0,0.0,BRITANNIA
2024-11-28,4841.464210026368,4866.658646193711,4748.792109718446,4780.34619140625,321308,0.0,0.0,BRITANNIA
2024-11-29,4737.966789779114,4811.706442047119,4737.966789779114,4797.3369140625,212644,0.0,0.0,BRITANNIA
2024-12-02,4786.996643150361,4814.66714397782,4724.568299332434,4764.42333984375,314800,0.0,0.0,BRITANNIA
2024-12-03,4756.947301202669,4776.607920379801,4733.937379496446,4766.705078125,289449,0.0,0.0,BRITANNIA
2024-12-04,4773.356181672566,4829.1338064422325,4700.10197550839,4710.3447265625,392107,0.0,0.0,BRITANNIA
2024-12-05,4718.548481758005,4750.588008485992,4665.731902208235,4730.19921875,526114,0.0,0.0,BRITANNIA
2024-12-06,4730.199930409511,4763.890172907947,4699.131293756574,4729.08349609375,236965,0.0,0.0,BRITANNIA
2024-12-09,4703.937200602972,4714.568214785499,4611.7988999359,4653.4990234375,467154,0.0,0.0,BRITANNIA
2024-12-10,4660.149384614488,4689.37341218112,4643.838067938599,4647.916015625,264213,0.0,0.0,BRITANNIA
2024-12-11,4668.062498402189,4771.94824867861,4653.741799181841,4747.1904296875,358246,0.0,0.0,BRITANNIA
2024-12-12,4757.384834707847,4766.0745333705745,4670.0042969275,4687.8203125,406271,0.0,0.0,BRITANNIA
2024-12-13,4683.596562369596,4721.558644245865,4634.0809270709115,4708.93701171875,284721,0.0,0.0,BRITANNIA
2024-12-16,4727.287028674848,4727.287028674848,4650.586335459545,4705.44189453125,208757,0.0,0.0,BRITANNIA
2024-12-17,4676.315239864235,4699.034085486868,4626.4596924255475,4637.72216796875,312523,0.0,0.0,BRITANNIA
2024-12-18,4636.022456966491,4659.226746806266,4614.225680080201,4643.44970703125,228821,0.0,0.0,BRITANNIA
2024-12-19,4611.750470553858,4663.984423097707,4588.109086485596,4646.4599609375,247805,0.0,0.0,BRITANNIA
2024-12-20,4650.585974903211,4667.576633475404,4544.272996980058,4561.36083984375,363168,0.0,0.0,BRITANNIA
2024-12-23,4568.060186045807,4597.187031015281,4528.0591293265,4567.42919921875,332554,0.0,0.0,BRITANNIA
2024-12-24,4565.196047093755,4627.818766390348,4553.5453086199705,4606.0224609375,227672,0.0,0.0,BRITANNIA
2024-12-26,4616.507982979214,4657.479936657442,4570.973107794114,4623.0615234375,398117,0.0,0.0,BRITANNIA
2024-12-27,4636.993465899144,4667.431112043895,4600.536556564612,4630.48828125,131505,0.0,0.0,BRITANNIA
2024-12-30,4621.168162226883,4677.77113935373,4600.09955547073,4659.76123046875,271403,0.0,0.0,BRITANNIA
2024-12-31,4655.440261502021,4655.440261502021,4603.206314306372,4624.12890625,255918,0.0,0.0,BRITANNIA
2025-01-01,4613.88685452669,4679.422259156265,4613.88685452669,4655.1982421875,87260,0.0,0.0,BRITANNIA
2025-01-02,4650.634708735391,4667.043211034239,4585.633582660563,4648.4501953125,402766,0.0,0.0,BRITANNIA
2025-01-03,4660.295223235566,4718.015110992912,4646.459971791584,4693.40283203125,341848,0.0,0.0,BRITANNIA
2025-01-06,4731.655903604389,4731.655903604389,4634.37205304674,4651.7998046875,619930,0.0,0.0,BRITANNIA
2025-01-07,4665.101206629144,4743.597672756672,4665.101206629144,4691.6064453125,450200,0.0,0.0,BRITANNIA
2025-01-08,4708.8398962129795,4730.102398043787,4621.604901466097,4718.45166015625,371105,0.0,0.0,BRITANNIA
2025-01-09,4719.082611122067,4903.0188237519005,4699.179267382084,4782.9189453125,832814,0.0,0.0,BRITANNIA
2025-01-10,4785.055083534329,4814.08474361491,4739.56856675354,4795.44384765625,305669,0.0,0.0,BRITANNIA
2025-01-13,4778.938512193112,4852.4349631578425,4763.209827009261,4783.64697265625,448698,0.0,0.0,BRITANNIA
2025-01-14,4804.910137866507,4805.9293878057215,4708.937089520317,4720.87890625,283367,0.0,0.0,BRITANNIA
2025-01-15,4729.2288300993505,4793.502259011295,4664.276059231994,4735.05419921875,242422,0.0,0.0,BRITANNIA
2025-01-16,4743.840475124235,4757.38464757533,4605.051344184263,4703.54833984375,454269,0.0,0.0,BRITANNIA
2025-01-17,4705.053578862278,4780.2007446631205,4675.538470540702,4713.11181640625,492847,0.0,0.0,BRITANNIA
2025-01-20,4718.54883897023,4765.151790466231,4695.878350043123,4743.20947265625,155962,0.0,0.0,BRITANNIA
2025-01-21,4743.2093599103755,4800.249429395996,4708.936963106905,4761.12255859375,377457,0.0,0.0,BRITANNIA
2025-01-22,4786.511488848448,4830.396124580998,4741.073800651169,4812.4345703125,460132,0.0,0.0,BRITANNIA
2025-01-23,4800.249097178311,4896.17378119717,4741.0733476705245,4866.70703125,361082,0.0,0.0,BRITANNIA
2025-01-24,4891.077103372132,4959.330820693084,4867.241350714151,4953.068359375,509954,0.0,0.0,BRITANNIA
2025-01-27,4955.107180569605,5063.216412004196,4954.524548872207,5025.59423828125,937878,0.0,0.0,BRITANNIA
2025-01-28,5030.3516984467615,5064.430202097253,4872.144668930929,4913.4560546875,456912,0.0,0.0,BRITANNIA
2025-01-29,4951.563822294137,4951.563822294137,4845.736281778439,4890.44580078125,298533,0.0,0.0,BRITANNIA
2025-01-30,4890.49413447042,4956.417794454412,4888.406805531556,4927.630859375,354016,0.0,0.0,BRITANNIA
2025-01-31,4955.447228281733,5019.526287268135,4893.407143258847,4980.3505859375,316771,0.0,0.0,BRITANNIA
2025-02-01,5009.817271563638,5222.443237159072,4903.989736175957,5049.9638671875,634040,0.0,0.0,BRITANNIA
2025-02-03,5080.304126540295,5080.304126540295,4869.037327353066,4956.95166015625,517520,0.0,0.0,BRITANNIA
2025-02-04,4969.039648531893,4969.039648531893,4845.056191393738,4881.9990234375,434664,0.0,0.0,BRITANNIA
2025-02-05,4910.786239093445,4910.786239093445,4781.026234885087,4789.08447265625,384948,0.0,0.0,BRITANNIA
2025-02-06,4788.550575484374,4833.891080452169,4763.258480247637,4811.80322265625,466931,0.0,0.0,BRITANNIA
2025-02-07,4864.182989827148,4927.67941547921,4703.014451641259,4728.7431640625,701024,0.0,0.0,BRITANNIA
2025-02-10,4771.948288621251,4863.212406450426,4735.054283541372,4766.75390625,625074,0.0,0.0,BRITANNIA
2025-02-11,4768.0159595581545,4795.783171302082,4712.723311628403,4761.31640625,279638,0.0,0.0,BRITANNIA
2025-02-12,4756.462129980652,4789.3758439921085,4702.577466885098,4775.15185546875,336331,0.0,0.0,BRITANNIA
2025-02-13,4772.87045738403,4806.657406624093,4725.587691236907,4746.41357421875,341650,0.0,0.0,BRITANNIA
2025-02-14,4749.326250195069,4810.783700985419,4731.898499026778,4795.88037109375,489241,0.0,0.0,BRITANNIA
2025-02-17,4790.880637780653,4824.376510108839,4768.938319354616,4819.23095703125,275352,0.0,0.0,BRITANNIA
2025-02-18,4819.231188607861,4822.483307256143,4717.9665664353515,4748.84130859375,314216,0.0,0.0,BRITANNIA
2025-02-19,4738.93753724564,4756.413643713663,4672.285703780152,4696.70361328125,215919,0.0,0.0,BRITANNIA
2025-02-20,4678.742057573417,4705.927112068552,4652.52789788168,4691.751953125,319761,0.0,0.0,BRITANNIA
2025-02-21,4708.839892676953,4709.034261269495,4644.323742045268,4691.2666015625,334003,0.0,0.0,BRITANNIA
2025-02-24,4611.750328227705,4688.936465300148,4565.1473775424565,4664.4697265625,259886,0.0,0.0,BRITANNIA
2025-02-25,4646.605090784945,4712.432039299063,4621.459011565367,4658.4013671875,479647,0.0,0.0,BRITANNIA
2025-02-27,4658.401359762666,4719.228295029581,4627.769820066494,4643.59521484375,386556,0.0,0.0,BRITANNIA
2025-02-28,4643.596001492678,4647.140147181887,4421.261066357064,4461.69921875,676501,0.0,0.0,BRITANNIA
2025-03-03,4461.698507247998,4536.020311377815,4415.774900732508,4462.81494140625,412033,0.0,0.0,BRITANNIA
2025-03-04,4398.201806389189,4447.669086158927,4374.851976038446,4442.0380859375,321501,0.0,0.0,BRITANNIA
2025-03-05,4446.601147606274,4597.381399503273,4427.280435257585,4584.7109375,350741,0.0,0.0,BRITANNIA
2025-03-06,4587.477930232747,4660.197855942491,4519.175386235336,4565.68115234375,460852,0.0,0.0,BRITANNIA
2025-03-07,4553.4971292877635,4626.314247559956,4524.370281978887,4610.0517578125,191644,0.0,0.0,BRITANNIA
2025-03-10,4610.779515624855,4683.548272255505,4572.962972631285,4599.80859375,290019,0.0,0.0,BRITANNIA
2025-03-11,4582.623767543643,4655.440882494018,4574.419516297997,4623.44970703125,147357,0.0,0.0,BRITANNIA
2025-03-12,4631.070947168637,4661.751317235028,4575.24449694662,4652.576171875,223033,0.0,0.0,BRITANNIA
2025-03-13,4650.586054193875,4697.189004215024,4575.632786615303,4590.63330078125,284758,0.0,0.0,BRITANNIA
2025-03-17,4466.116493344872,4605.00281771109,4466.116493344872,4538.83642578125,322411,0.0,0.0,BRITANNIA
2025-03-18,4538.83642578125,4538.83642578125,4538.83642578125,4538.83642578125,0,0.0,0.0,BRITANNIA
2025-03-19,4657.382470961784,4657.382470961784,4537.28259159906,4570.09912109375,469240,0.0,0.0,BRITANNIA
2025-03-20,4603.886223578245,4699.131103780812,4577.769246761679,4690.490234375,265168,0.0,0.0,BRITANNIA
2025-03-21,4699.130960804425,4711.89813296043,4647.236442694091,4673.8876953125,304441,0.0,0.0,BRITANNIA
2025-03-24,4676.217620119225,4692.140200026005,4631.410919911127,4657.23681640625,173845,0.0,0.0,BRITANNIA
2025-03-25,4652.527894370334,4723.403214964874,4600.682206721973,4704.1796875,422209,0.0,0.0,BRITANNIA
2025-03-26,4705.830038169868,4734.665804135138,4654.518151792613,4708.548828125,453242,0.0,0.0,BRITANNIA
2025-03-27,4689.421687505257,4782.04495273024,4640.925304649448,4700.2958984375,6750074,0.0,0.0,BRITANNIA
2025-03-28,4720.442168310822,4882.290047228635,4720.442168310822,4793.21044921875,415586,0.0,0.0,BRITANNIA
2025-04-01,4747.772842705265,4820.49276973485,4740.44230239001,4758.1611328125,557968,0.0,0.0,BRITANNIA
2025-04-02,4763.015311358635,4907.872998794661,4758.160837571499,4890.78515625,459267,0.0,0.0,BRITANNIA
2025-04-03,4844.813131837477,4941.854251211645,4836.997618769433,4925.7861328125,339959,0.0,0.0,BRITANNIA
2025-04-04,4886.9506483307805,5000.108248282962,4832.968802331488,4877.19287109375,722283,0.0,0.0,BRITANNIA
2025-04-07,4487.475912852733,4924.378587189326,4471.019055824825,4908.69873046875,841464,0.0,0.0,BRITANNIA
2025-04-08,4915.106498254327,5037.099333282437,4891.9989179092645,5028.60400390625,303185,0.0,0.0,BRITANNIA
2025-04-09,4999.623247470507,5196.326647447589,4999.623247470507,5184.044921875,549745,0.0,0.0,BRITANNIA
2025-04-11,5243.560479743475,5243.560479743475,5152.053638061149,5194.48193359375,304650,0.0,0.0,BRITANNIA
2025-04-15,5270.890995350305,5273.900864221526,5154.480796787938,5234.38525390625,446075,0.0,0.0,BRITANNIA
2025-04-16,5194.772569596888,5283.609442808386,5194.772569596888,5258.560546875,215423,0.0,0.0,BRITANNIA
2025-04-17,5262.249719161749,5310.114642293027,5239.724770588373,5295.8427734375,186873,0.0,0.0,BRITANNIA
2025-04-21,5320.989402345293,5320.989402345293,5213.705517853156,5236.23046875,201975,0.0,0.0,BRITANNIA
2025-04-22,5281.667854843161,5325.358122024768,5227.2977445727165,5277.298828125,286928,0.0,0.0,BRITANNIA
2025-04-23,5277.298958821199,5387.495524330574,5248.948639564455,5382.93212890625,266881,0.0,0.0,BRITANNIA
2025-04-24,5388.4665980271175,5459.050845614767,5269.726343521923,5302.9306640625,339754,0.0,0.0,BRITANNIA
2025-04-25,5303.124670733056,5360.310280597097,5205.938004811018,5262.7353515625,244513,0.0,0.0,BRITANNIA
2025-04-28,5255.453995806149,5322.251374053998,5246.036125823666,5270.7939453125,107666,0.0,0.0,BRITANNIA
2025-04-29,5270.793696940264,5373.902918168799,5248.172036885537,5309.14404296875,294207,0.0,0.0,BRITANNIA
2025-04-30,5324.387059473822,5385.359063014233,5229.336553791325,5280.599609375,284371,0.0,0.0,BRITANNIA
2025-05-02,5223.414068763559,5249.628228588209,5122.926456102401,5146.71337890625,262909,0.0,0.0,BRITANNIA
2025-05-05,5164.189597449968,5223.414182041892,5155.451543985585,5203.025390625,97149,0.0,0.0,BRITANNIA
2025-05-06,5194.287557505562,5257.88117152736,5156.422657553652,5236.521484375,175899,0.0,0.0,BRITANNIA
2025-05-07,5204.967249203566,5237.97767383944,5163.704218408723,5195.25830078125,168716,0.0,0.0,BRITANNIA
2025-05-08,5195.258443524943,5320.503881614032,5159.820780809813,5234.09423828125,265391,0.0,0.0,BRITANNIA
2025-05-09,5218.07414895704,5343.319579269712,5198.656252784533,5277.7841796875,476782,0.0,0.0,BRITANNIA
2025-05-12,5378.757375802354,5457.885304706306,5257.3955216551885,5445.263671875,192712,0.0,0.0,BRITANNIA
2025-05-13,5465.652708113748,5475.847104318596,5303.027816274499,5325.3583984375,366566,0.0,0.0,BRITANNIA
2025-05-14,5297.202151998997,5422.933031523166,5279.240597781259,5324.38720703125,389963,0.0,0.0,BRITANNIA
2025-05-15,5348.659803686814,5368.563148391039,5298.658718210344,5305.9404296875,462518,0.0,0.0,BRITANNIA
2025-05-16,5312.736532082159,5366.135747956523,5293.804082817612,5341.3779296875,154274,0.0,0.0,BRITANNIA
2025-05-19,5341.377896999771,5386.039059094107,5301.0857616320545,5358.85400390625,147864,0.0,0.0,BRITANNIA
2025-05-20,5357.397623757887,5388.466258038469,5262.2499312736045,5270.01708984375,275067,0.0,0.0,BRITANNIA
2025-05-21,5276.813491317153,5372.932081131395,5258.851936654896,5333.61083984375,166304,0.0,0.0,BRITANNIA
2025-05-22,5333.610834006825,5335.552623697917,5257.395588631466,5279.24072265625,211388,0.0,0.0,BRITANNIA
2025-05-23,5300.11484545874,5338.950638427846,5248.657419774674,5326.814453125,100229,0.0,0.0,BRITANNIA
2025-05-26,5339.921477304864,5386.0389809724975,5329.241634350255,5364.19384765625,140009,0.0,0.0,BRITANNIA
2025-05-27,5364.193940177841,5378.757362639862,5315.64919863777,5336.5234375,166840,0.0,0.0,BRITANNIA
2025-05-28,5335.067206253283,5345.261602188799,5252.541143918155,5313.70751953125,321303,0.0,0.0,BRITANNIA
2025-05-29,5341.863551001957,5372.446739271051,5293.804255150521,5335.552734375,201350,0.0,0.0,BRITANNIA
2025-05-30,5335.552300854264,5370.9899605724295,5279.240403219918,5350.11572265625,401901,0.0,0.0,BRITANNIA
2025-06-02,5354.485184736703,5555.460421951661,5351.087052706498,5441.86572265625,625172,0.0,0.0,BRITANNIA
2025-06-03,5441.8655185598545,5474.875942758076,5384.097276212966,5413.22412109375,166545,0.0,0.0,BRITANNIA
2025-06-04,5417.593222776073,5432.156645417945,5359.824979629984,5380.69921875,334358,0.0,0.0,BRITANNIA
2025-06-05,5380.6988452148435,5447.690584716796,5359.824607543945,5437.0107421875,218004,0.0,0.0,BRITANNIA
2025-06-06,5443.321585688462,5481.18648211972,5393.320504503595,5444.29248046875,152475,0.0,0.0,BRITANNIA
2025-06-09,5474.875603387748,5554.488974460242,5425.845417544321,5531.1875,174499,0.0,0.0,BRITANNIA
2025-06-10,5564.198304655103,5564.198304655103,5492.352086797055,5502.06103515625,456712,0.0,0.0,BRITANNIA
2025-06-11,5495.2651012859515,5534.100897054756,5470.021834036228,5485.55615234375,138866,0.0,0.0,BRITANNIA
2025-06-12,5532.158415813808,5532.158415813808,5398.174937157734,5407.3984375,305696,0.0,0.0,BRITANNIA
2025-06-13,5348.659691900668,5430.700306161987,5267.104525061013,5407.88427734375,324985,0.0,0.0,BRITANNIA
2025-06-16,5390.408038564427,5409.825934956951,5353.999482828447,5398.66064453125,239006,0.0,0.0,BRITANNIA
2025-06-17,5388.466667099253,5434.0987271629765,5369.048769199796,5406.42822265625,277917,0.0,0.0,BRITANNIA
2025-06-18,5412.738760549854,5455.943581149759,5383.611915201604,5410.3115234375,220971,0.0,0.0,BRITANNIA
2025-06-19,5424.389348159466,5446.234481564439,5361.766632398541,5396.2333984375,114523,0.0,0.0,BRITANNIA
2025-06-20,5402.059066387373,5437.011281770181,5350.601638184905,5424.3896484375,395396,0.0,0.0,BRITANNIA
2025-06-23,5389.436884201903,5426.3308855709665,5291.861959528459,5407.3984375,221233,0.0,0.0,BRITANNIA
2025-06-24,5437.010901615631,5473.904904162308,5393.806082843864,5453.51611328125,183157,0.0,0.0,BRITANNIA
2025-06-25,5466.1378792306305,5567.59638871191,5447.205430092976,5541.86767578125,282474,0.0,0.0,BRITANNIA
2025-06-26,5558.3728337337,5670.025737817433,5543.809411461908,5658.375,456290,0.0,0.0,BRITANNIA
2025-06-27,5678.763373066593,5678.763373066593,5580.703003656485,5625.849609375,350140,0.0,0.0,BRITANNIA
2025-06-30,5631.189930807768,5689.443619747159,5593.325032997164,5680.70556640625,257865,0.0,0.0,BRITANNIA
2025-07-01,5694.298194851381,5698.6672215993485,5554.489338916411,5576.33447265625,178343,0.0,0.0,BRITANNIA
2025-07-02,5580.217927553906,5662.743986508595,5512.25529076769,5621.48095703125,300622,0.0,0.0,BRITANNIA
2025-07-03,5630.704083108174,5716.142820812031,5612.742530295431,5625.849609375,224236,0.0,0.0,BRITANNIA
2025-07-04,5650.1224832555445,5673.909406675041,5588.956108748267,5603.51953125,145106,0.0,0.0,BRITANNIA
2025-07-07,5631.189952360214,5727.793986887773,5619.539214527745,5712.7451171875,259829,0.0,0.0,BRITANNIA
2025-07-08,5718.570814411982,5749.639450415579,5642.355566715659,5669.05517578125,423998,0.0,0.0,BRITANNIA
2025-07-09,5687.501747419298,5728.279329083964,5644.296928750784,5710.80322265625,232000,0.0,0.0,BRITANNIA
2025-07-10,5733.133592271366,5757.891408800227,5680.219827533214,5706.91943359375,191446,0.0,0.0,BRITANNIA
2025-07-11,5706.919882870159,5732.648596190346,5550.605813264495,5590.89794921875,175941,0.0,0.0,BRITANNIA
2025-07-14,5599.150722821883,5639.4428599810835,5576.820140781845,5609.83056640625,218865,0.0,0.0,BRITANNIA
2025-07-15,5631.190280388471,5650.608177907052,5594.296275103167,5617.1123046875,164143,0.0,0.0,BRITANNIA
2025-07-16,5617.111624772841,5659.345546763615,5569.052334231616,5618.08251953125,261589,0.0,0.0,BRITANNIA
2025-07-17,5623.908257355118,5689.443657850839,5617.111993600006,5638.4716796875,196555,0.0,0.0,BRITANNIA
2025-07-18,5638.471317233063,5650.607501729905,5559.34339431365,5568.56689453125,196043,0.0,0.0,BRITANNIA
2025-07-21,5568.082035289289,5573.907404463088,5504.002974377503,5516.13916015625,329167,0.0,0.0,BRITANNIA
2025-07-22,5529.731394803596,5571.479871667182,5470.02136394056,5542.35302734375,235846,0.0,0.0,BRITANNIA
2025-07-23,5570.023373556883,5589.441269229035,5504.973423055173,5553.03271484375,246735,0.0,0.0,BRITANNIA
2025-07-24,5557.887312941717,5584.101472684826,5487.011992154793,5507.88623046875,229097,0.0,0.0,BRITANNIA
2025-07-25,5507.886236578812,5532.158606738246,5407.884071521943,5431.185546875,233003,0.0,0.0,BRITANNIA
2025-07-28,5433.612796918754,5504.002670549882,5408.854979296771,5460.7978515625,173142,0.0,0.0,BRITANNIA
2025-07-29,5438.466984688834,5490.409854220361,5409.825589339674,5462.25390625,363002,0.0,0.0,BRITANNIA
2025-07-30,5463.225045743975,5590.897712087556,5463.225045743975,5579.732421875,176798,0.0,0.0,BRITANNIA
2025-07-31,5578.761808436038,5655.462501590659,5553.033094909489,5603.0341796875,344973,0.0,0.0,BRITANNIA
2025-08-01,5630.704877481661,5727.308918400607,5608.374295158689,5629.24853515625,244870,0.0,0.0,BRITANNIA
2025-08-04,5658.264872074869,5706.953983099242,5620.395563500357,5692.19970703125,189672,75.0,0.0,BRITANNIA
2025-08-05,5700.068779597529,5700.068779597529,5518.591179970998,5543.181640625,380387,0.0,0.0,BRITANNIA
2025-08-06,5507.771364665881,5532.853634475503,5283.014554803187,5313.99853515625,1123534,0.0,0.0,BRITANNIA
2025-08-07,5292.359246744257,5468.918764408153,5292.359246744257,5386.78662109375,795974,0.0,0.0,BRITANNIA
2025-08-08,5389.7371454771755,5412.852178403303,5291.867112449531,5298.75244140625,551451,0.0,0.0,BRITANNIA
2025-08-11,5273.17859488961,5311.539715053888,5223.505862369199,5293.3427734375,598841,0.0,0.0,BRITANNIA
2025-08-12,5302.195143321249,5302.195143321249,5230.390997979916,5250.55517578125,323204,0.0,0.0,BRITANNIA
2025-08-13,5275.637496702705,5304.654240648399,5212.194107397713,5287.44091796875,388683,0.0,0.0,BRITANNIA
2025-08-14,5306.621423414663,5310.064087915488,5211.210435820368,5215.63671875,215308,0.0,0.0,BRITANNIA
2025-08-18,5311.539758428709,5574.165890928795,5311.539758428709,5349.90087890625,509058,0.0,0.0,BRITANNIA
2025-08-19,5356.786189818603,5422.688627335652,5310.556121709629,5408.91796875,153026,0.0,0.0,BRITANNIA
2025-08-20,5392.196442201752,5640.560105400574,5385.80292215901,5607.60888671875,453573,0.0,0.0,BRITANNIA
2025-08-21,5607.608707413326,5617.936700998283,5494.49258719713,5505.80419921875,273141,0.0,0.0,BRITANNIA
2025-08-22,5529.903063294563,5574.657703881526,5434.983880511225,5454.65625,269981,0.0,0.0,BRITANNIA
2025-08-25,5474.328495532497,5516.6240889756555,5454.164317263085,5459.57421875,145718,0.0,0.0,BRITANNIA
2025-08-26,5483.181119738029,5699.577181509017,5483.181119738029,5671.05224609375,1307463,0.0,0.0,BRITANNIA
2025-08-28,5671.052271783779,5685.314739556022,5609.084308359553,5627.28125,379247,0.0,0.0,BRITANNIA
2025-08-29,5578.100129850618,5796.955231048249,5578.100129850618,5728.59375,699161,0.0,0.0,BRITANNIA
2025-09-01,5742.856150289235,5776.790985809485,5684.330854247066,5750.72509765625,210421,0.0,0.0,BRITANNIA
2025-09-02,5744.331445461682,5823.512726516419,5727.609932692359,5794.98779296875,492611,0.0,0.0,BRITANNIA
2025-09-03,5794.496259871414,5831.3819515613095,5768.922180299753,5811.2177734375,399664,0.0,0.0,BRITANNIA
2025-09-04,6099.418052150332,6232.206543851718,5954.334329735855,5983.35107421875,1385580,0.0,0.0,BRITANNIA
2025-09-05,5966.629635618108,6004.498946691517,5900.235388930963,5976.4658203125,352302,0.0,0.0,BRITANNIA
2025-09-08,6017.285596186176,6076.794509724266,5965.645629892792,6015.318359375,250083,0.0,0.0,BRITANNIA
2025-09-09,6015.810575333232,6064.007880465889,5988.269258114571,6041.87646484375,216456,0.0,0.0,BRITANNIA
2025-09-10,6043.843478842038,6136.303611808293,6016.79397185723,6097.45068359375,346491,0.0,0.0,BRITANNIA
2025-09-11,6078.762061914729,6215.976836613289,6049.253508216114,6197.2880859375,406083,0.0,0.0,BRITANNIA
2025-09-12,6173.189486265908,6182.533861683296,6105.319812181722,6144.66455078125,212051,0.0,0.0,BRITANNIA
2025-09-15,6147.6152939560025,6167.2876628966615,6100.893417721937,6110.23779296875,166253,0.0,0.0,BRITANNIA
2025-09-16,6117.61506866246,6123.024970242594,6078.762139132406,6100.8935546875,261236,0.0,0.0,BRITANNIA
2025-09-17,6100.89321475246,6103.352260788233,5936.137130355679,5997.61328125,713445,0.0,0.0,BRITANNIA
2025-09-18,6004.990736222953,6028.597579412036,5962.695142175847,6000.564453125,267540,0.0,0.0,BRITANNIA
2025-09-19,6005.482530319374,6009.90881340617,5948.924468654749,5970.072265625,345995,0.0,0.0,BRITANNIA
2025-09-22,5975.48209761723,6007.941506542557,5926.3011750030955,5957.28515625,394394,0.0,0.0,BRITANNIA
2025-09-23,5967.121439266173,5970.072294671728,5829.9066629078725,5836.7919921875,333112,0.0,0.0,BRITANNIA
2025-09-24,5837.775393323816,5950.891512992264,5808.758649582779,5872.69384765625,360372,0.0,0.0,BRITANNIA
2025-09-25,5872.69368083605,5937.120686295351,5842.201510313326,5855.97216796875,374676,0.0,0.0,BRITANNIA
2025-09-26,5857.448020994981,5882.530292117629,5803.349004848092,5823.51318359375,189383,0.0,0.0,BRITANNIA
2025-09-29,5803.34860135299,5891.874257983798,5745.31511533946,5831.87353515625,259852,0.0,0.0,BRITANNIA
2025-09-30,5855.4804104757395,5932.20264666205,5820.561956826842,5892.85791015625,298070,0.0,0.0,BRITANNIA
2025-10-01,5862.85756684948,5919.415625752901,5807.28312636177,5868.75927734375,324111,0.0,0.0,BRITANNIA
2025-10-03,5867.283989019477,5915.4812925336355,5834.332771310818,5894.33349609375,268735,0.0,0.0,BRITANNIA
2025-10-06,5916.956556290681,5935.153496909313,5859.906688405242,5912.5302734375,197199,0.0,0.0,BRITANNIA
2025-10-07,5913.513823493503,5937.120665104255,5770.889155428539,5790.5615234375,240923,0.0,0.0,BRITANNIA
2025-10-08,5759.085722224528,5805.3157869460565,5706.462137913851,5740.39697265625,239639,0.0,0.0,BRITANNIA
2025-10-09,5740.396963349323,5796.463211963256,5700.560418281529,5779.74169921875,231585,0.0,0.0,BRITANNIA
2025-10-10,5778.266284884478,5823.020922038661,5762.528390500591,5775.3154296875,228395,0.0,0.0,BRITANNIA
2025-10-13,5775.315566417911,5855.480467833744,5752.200533494328,5765.97119140625,238217,0.0,0.0,BRITANNIA
2025-10-14,5772.856375864689,5788.594270227243,5699.084996040212,5705.478515625,176227,0.0,0.0,BRITANNIA
2025-10-15,5719.741138831093,5784.168145639938,5687.281730820529,5761.544921875,221062,0.0,0.0,BRITANNIA
2025-10-16,5779.742010517799,5941.547245495706,5762.036878422952,5926.79296875,364305,0.0,0.0,BRITANNIA
2025-10-17,5938.1046251945745,6048.2698923838725,5895.80903154154,5983.35107421875,392965,0.0,0.0,BRITANNIA
2025-10-20,6023.67936090661,6047.286203601215,5963.186826501686,5970.56396484375,181283,0.0,0.0,BRITANNIA
2025-10-21,6007.941341628086,6007.941341628086,5950.891472961676,5975.48193359375,9159,0.0,0.0,BRITANNIA
2025-10-23,5975.482008751082,6044.335299386896,5949.907929372064,5968.5966796875,255605,0.0,0.0,BRITANNIA
2025-10-24,5968.596561428733,5970.071989055982,5888.923469557321,5953.84228515625,82081,0.0,0.0,BRITANNIA
2025-10-27,5953.842546806283,5953.842546806283,5716.298688380095,5815.15234375,433152,0.0,0.0,BRITANNIA
2025-10-28,5841.710032834228,5841.710032834228,5711.380586908897,5764.98779296875,392984,0.0,0.0,BRITANNIA
2025-10-29,5797.44711861918,5809.250539966894,5744.331722554464,5756.626953125,119742,0.0,0.0,BRITANNIA
2025-10-30,5754.167831919585,5773.348391359317,5697.117962816793,5763.51220703125,258697,0.0,0.0,BRITANNIA
2025-10-31,5781.709326376841,5808.267024881805,5729.577547830062,5740.88916015625,264794,0.0,0.0,BRITANNIA
2025-11-03,5738.42972726382,5802.856732257954,5680.396241849256,5725.15087890625,279737,0.0,0.0,BRITANNIA
2025-11-04,5725.151151738836,5823.021186890114,5709.9050658609995,5795.9716796875,363441,0.0,0.0,BRITANNIA
2025-11-06,6084.663432082502,6090.073333291111,5895.316889781196,5914.9892578125,1038063,0.0,0.0,BRITANNIA
2025-11-07,5872.201918867996,6068.433792036198,5816.627478597302,6056.63037109375,715809,0.0,0.0,BRITANNIA
2025-11-10,6088.5983697050515,6158.927090776766,6021.22050406292,6033.02392578125,395489,0.0,0.0,BRITANNIA
2025-11-11,5852.5296751586,5867.2839516505965,5629.248290913053,5853.021484375,2154927,0.0,0.0,BRITANNIA
2025-11-12,5853.021367660834,5872.201926717953,5745.315151417012,5783.67626953125,609987,0.0,0.0,BRITANNIA
2025-11-13,5805.315795595948,5821.053689992684,5739.905172009514,5755.64306640625,361321,0.0,0.0,BRITANNIA
2025-11-14,5755.151563980788,5755.151563980788,5655.80610030585,5708.4296875,415356,0.0,0.0,BRITANNIA
2025-11-17,5708.42960685257,5754.16786423495,5687.281810428458,5734.9873046875,332821,0.0,0.0,BRITANNIA
2025-11-18,5722.6919378411285,5765.971148096372,5710.396707654979,5744.33154296875,262201,0.0,0.0,BRITANNIA
2025-11-19,5754.167949466444,5786.135549185702,5709.413309859483,5778.2666015625,280409,0.0,0.0,BRITANNIA
2025-11-20,5785.643743824111,5803.348875988142,5669.084957077569,5723.67578125,641980,0.0,0.0,BRITANNIA
2025-11-21,5720.72478106722,5759.08589978483,5670.068431991402,5717.77392578125,320317,0.0,0.0,BRITANNIA
2025-11-24,5719.741100947226,5753.184127160847,5690.2325484057965,5720.23291015625,696665,0.0,0.0,BRITANNIA
2025-11-25,5720.232812491678,5781.708962570043,5695.150543259705,5770.88916015625,309271,0.0,0.0,BRITANNIA
2025-11-26,5768.922370629756,5807.775300491628,5747.28276412441,5784.16845703125,157291,0.0,0.0,BRITANNIA
2025-11-27,5794.0043133675335,5803.348688374238,5720.232931735658,5731.052734375,156675,0.0,0.0,BRITANNIA
2025-11-28,5731.052838863512,5756.13510907565,5700.068858013225,5750.2333984375,220417,0.0,0.0,BRITANNIA
2025-12-01,5729.577236711963,5760.069407413778,5704.986776468564,5718.265625,199275,0.0,0.0,BRITANNIA
2025-12-02,5697.117862309591,5797.4469406859,5697.117862309591,5779.25,290994,0.0,0.0,BRITANNIA
2025-12-03,5811.2175867429605,5811.2175867429605,5716.790219050455,5729.08544921875,308053,0.0,0.0,BRITANNIA
2025-12-04,5744.331812888198,5786.135597485416,5729.085726740978,5780.23388671875,239085,0.0,0.0,BRITANNIA
2025-12-05,5759.086053160649,5876.136649288081,5742.856348655584,5863.349609375,244408,0.0,0.0,BRITANNIA
2025-12-08,5863.34968035218,5886.956523554404,5729.577568872916,5751.708984375,185407,0.0,0.0,BRITANNIA
2025-12-09,5754.167813236903,5796.4634057102685,5685.314523163983,5787.61083984375,174714,0.0,0.0,BRITANNIA
2025-12-10,5807.283210999829,5868.267553662768,5716.790315435468,5733.02001953125,329466,0.0,0.0,BRITANNIA
2025-12-11,5744.331468060544,5798.430480174127,5717.773771204785,5751.216796875,115481,0.0,0.0,BRITANNIA
2025-12-12,5752.200483634097,5828.430910700041,5734.495352186523,5818.5947265625,202721,0.0,0.0,BRITANNIA
2025-12-15,5818.594636798972,5955.809403400857,5761.052960482051,5939.087890625,244119,0.0,0.0,BRITANNIA
2025-12-16,5960.235874738231,6044.335250477173,5933.186367921612,5966.62939453125,284337,0.0,0.0,BRITANNIA
2025-12-17,5960.727918730007,6015.810552962496,5951.875352514072,5996.13818359375,298257,0.0,0.0,BRITANNIA
2025-12-18,6031.548453214241,6034.007499387274,5914.006046143285,5941.54736328125,199067,0.0,0.0,BRITANNIA
2025-12-19,5921.383105644765,6015.810477429133,5894.333598102367,6003.0234375,179450,0.0,0.0,BRITANNIA
2025-12-22,6002.531634131173,6002.531634131173,5966.629560448946,5983.35107421875,206588,0.0,0.0,BRITANNIA
2025-12-23,5983.351031682452,6018.761295884419,5931.219253829556,5961.71142578125,216840,0.0,0.0,BRITANNIA
2025-12-24,5965.645883942916,5978.432923760106,5905.64515864687,5931.21923828125,97580,0.0,0.0,BRITANNIA
2025-12-26,5908.104143287984,5970.072104834167,5903.6778603204,5933.67822265625,65992,0.0,0.0,BRITANNIA
2025-12-29,5940.071715636767,5966.137604105781,5906.628688921806,5942.53076171875,103209,0.0,0.0,BRITANNIA
2025-12-30,5945.97334802914,5946.465157239068,5882.038150738504,5914.49755859375,205456,0.0,0.0,BRITANNIA
2025-12-31,5914.497505320816,5970.563754747606,5896.792373922883,5932.20263671875,179577,0.0,0.0,BRITANNIA
2026-01-01,5932.202972815828,5963.678763751014,5893.84185261357,5911.05517578125,138484,0.0,0.0,BRITANNIA
2026-01-02,5911.054815638642,5934.16984819834,5844.168763976535,5886.46435546875,265702,0.0,0.0,BRITANNIA
2026-01-05,5872.201926841347,5992.20337325251,5833.3489995197,5927.7763671875,468880,0.0,0.0,BRITANNIA
2026-01-06,5941.055503227221,6041.8763954591395,5851.054414064093,6029.08935546875,300112,0.0,0.0,BRITANNIA
2026-01-07,6098.434452682903,6168.271363350723,6056.630668128221,6083.68017578125,437361,0.0,0.0,BRITANNIA
2026-01-08,6054.1712567882705,6057.613921190994,5848.103201825291,5934.66162109375,641813,0.0,0.0,BRITANNIA
2026-01-09,5934.661733045143,6006.465877656446,5832.857226644186,5879.5791015625,139764,0.0,0.0,BRITANNIA
2026-01-12,5879.579257613688,5902.202481858792,5808.266920319335,5846.13623046875,228799,0.0,0.0,BRITANNIA
2026-01-13,5832.857131777522,5872.201867910929,5799.414106064127,5821.0537109375,327794,0.0,0.0,BRITANNIA
2026-01-14,5796.955148062516,5848.103305812452,5771.872878396682,5809.7421875,307200,0.0,0.0,BRITANNIA
2026-01-15,5809.7421875,5809.7421875,5809.7421875,5809.7421875,0,0.0,0.0,BRITANNIA
2026-01-16,5778.758501151643,5846.628175463041,5765.9714610639885,5801.87353515625,453904,0.0,0.0,BRITANNIA
2026-01-19,5801.87340042398,5872.202119272893,5782.692840737912,5846.13623046875,145915,0.0,0.0,BRITANNIA
2026-01-20,5846.136136405732,5896.300676316003,5765.971234392261,5787.61083984375,350070,0.0,0.0,BRITANNIA
2026-01-21,5773.840043185857,5802.364976959689,5692.19971548834,5707.44580078125,662863,0.0,0.0,BRITANNIA
2026-01-22,5754.167993279301,5877.120300828004,5723.675821007222,5834.82470703125,435081,0.0,0.0,BRITANNIA
2026-01-23,5852.529694361879,5866.30035246626,5718.265777844165,5739.41357421875,142248,0.0,0.0,BRITANNIA
2026-01-27,5743.348058422528,5827.939244074923,5709.905031536698,5789.578125,1044402,0.0,0.0,BRITANNIA
2026-01-28,5826.955601529203,5826.955601529203,5586.952703694442,5654.33056640625,442618,0.0,0.0,BRITANNIA
2026-01-29,5617.936922688262,5639.084719911022,5599.739980891933,5629.24853515625,343244,0.0,0.0,BRITANNIA
2026-01-30,5629.248552944501,5791.053792671807,5616.9533219621835,5764.49609375,806045,0.0,0.0,BRITANNIA
2026-02-02,5639.084443924068,5802.365102862041,5604.165989753598,5792.037109375,279213,0.0,0.0,BRITANNIA
2026-02-03,5823.021054700782,5877.611877088602,5725.6428309819685,5785.6435546875,349825,0.0,0.0,BRITANNIA
2026-02-04,5802.857049331107,5867.284057845589,5759.086028279283,5782.69287109375,160343,0.0,0.0,BRITANNIA
2026-02-05,5759.08594548484,5849.08703242111,5748.757951901989,5774.33203125,275290,0.0,0.0,BRITANNIA
2026-02-06,5773.840101974866,5820.070167527306,5709.904904934259,5814.16845703125,186858,0.0,0.0,BRITANNIA
2026-02-09,5803.840776815941,5818.595053852166,5697.60998215513,5747.28271484375,331118,0.0,0.0,BRITANNIA
2026-02-10,5777.774524047363,5796.955082988276,5751.2168270522525,5777.28271484375,276901,0.0,0.0,BRITANNIA
2026-02-11,5901.710663627679,6055.155140881999,5875.644774863324,5920.3994140625,771051,0.0,0.0,BRITANNIA
2026-02-12,5957.776722235665,6047.285997738958,5921.382840987074,6002.03955078125,455997,0.0,0.0,BRITANNIA
2026-02-13,5980.400311428811,5998.597253165888,5870.235042534069,5882.5302734375,159821,0.0,0.0,BRITANNIA
2026-02-16,5882.038199171409,6033.515437076492,5866.792113538106,6005.97412109375,255274,0.0,0.0,BRITANNIA
2026-02-17,6005.974219894129,6053.679714434724,5967.12129135076,6044.8271484375,164220,0.0,0.0,BRITANNIA
2026-02-18,6060.073359751331,6088.598295221675,6015.810528849072,6074.82763671875,193569,0.0,0.0,BRITANNIA
2026-02-19,6068.925638166847,6096.466953866794,5993.678829200921,6008.43310546875,127940,0.0,0.0,BRITANNIA
2026-02-20,6008.925161780945,6036.958287842618,5967.121377303013,5998.59716796875,388361,0.0,0.0,BRITANNIA
2026-02-23,6035.4829509493675,6049.253609572785,5943.022814477848,6022.2041015625,225252,0.0,0.0,BRITANNIA
2026-02-24,5983.351159672921,6072.368631307049,5966.137836428753,6061.548828125,193510,0.0,0.0,BRITANNIA
2026-02-25,6068.925980273374,6106.795291495501,6039.417426074314,6057.12255859375,253773,0.0,0.0,BRITANNIA
2026-02-26,6057.122295636355,6085.647230123763,5970.563873743533,6036.46630859375,245317,0.0,0.0,BRITANNIA
2026-02-27,6034.990680518859,6041.876009304391,5877.119927650589,5904.16943359375,350612,0.0,0.0,BRITANNIA
2026-03-02,5769.905808670445,5902.6942989825,5769.905808670445,5861.38232421875,185417,0.0,0.0,BRITANNIA
2026-03-04,5804.824417768446,5826.955833408502,5749.741783286529,5793.02099609375,293377,0.0,0.0,BRITANNIA
2026-03-05,5802.365312902875,5899.251731502796,5755.151626681594,5865.31689453125,211179,0.0,0.0,BRITANNIA
2026-03-06,5850.562611644451,5914.497811670828,5829.41481471265,5884.9892578125,348722,0.0,0.0,BRITANNIA
2026-03-09,5832.857433481006,5835.316479616537,5720.233120473658,5793.5126953125,245594,0.0,0.0,BRITANNIA
2026-03-10,5814.168612073638,5896.792561221698,5814.168612073638,5870.23486328125,283327,0.0,0.0,BRITANNIA
2026-03-11,5883.021879106461,5896.792537241805,5803.348785609115,5824.49658203125,298621,0.0,0.0,BRITANNIA
2026-03-12,5813.184770788783,5813.184770788783,5619.411945095824,5692.19970703125,996754,0.0,0.0,BRITANNIA
2026-03-13,5655.80597803865,5784.659992494835,5633.182754126496,5713.34765625,738522,0.0,0.0,BRITANNIA
2026-03-16,5713.347610949001,5776.299190031507,5670.068400329778,5746.298828125,350827,0.0,0.0,BRITANNIA
2026-03-17,5753.184165266219,5772.3647245451875,5706.462290099498,5761.544921875,260165,0.0,0.0,BRITANNIA
2026-03-18,5764.496073920057,5817.119662343352,5746.299132128824,5788.5947265625,301564,0.0,0.0,BRITANNIA
2026-03-19,5704.003193213928,5756.134969251234,5550.0669111415045,5580.55908203125,234382,0.0,0.0,BRITANNIA
2026-03-20,5641.051504133944,5655.313970883715,5500.394073429296,5526.4599609375,462806,0.0,0.0,BRITANNIA
2026-03-23,5498.427277222791,5498.919086460468,5385.802961794882,5400.0654296875,316325,0.0,0.0,BRITANNIA
2026-03-24,5498.42698514867,5508.263169379705,5315.965767662967,5423.18017578125,542905,0.0,0.0,BRITANNIA
2026-03-25,5445.803329702857,5643.510630212253,5445.803329702857,5554.4931640625,342559,0.0,0.0,BRITANNIA
2026-03-27,5508.263210227273,5534.820907848011,5393.179853870738,5409.9013671875,378825,0.0,0.0,BRITANNIA
2026-03-30,5390.228846608196,5442.36062194948,5276.620921100305,5334.16259765625,783793,0.0,0.0,BRITANNIA
2026-04-01,5429.573595063025,5447.278726351275,5344.49060303894,5384.3271484375,252740,0.0,0.0,BRITANNIA
2026-04-02,5370.556694459758,5381.376497324054,5263.834093480109,5352.8515625,444248,0.0,0.0,BRITANNIA
2026-04-06,5331.212003161699,5457.1151648599825,5313.506871047877,5444.328125,228390,0.0,0.0,BRITANNIA
2026-04-07,5403.016075483946,5461.541372496744,5295.801665830251,5451.21337890625,204113,0.0,0.0,BRITANNIA
2026-04-08,5605.149836230058,5605.149836230058,5464.984204631781,5502.853515625,482250,0.0,0.0,BRITANNIA
2026-04-09,5527.935710973174,5566.788639902612,5341.540013957263,5385.31103515625,624921,0.0,0.0,BRITANNIA
2026-04-10,5409.901412435335,5478.754703139058,5316.457660765997,5466.45947265625,339513,0.0,0.0,BRITANNIA
2026-04-13,5435.9672080132295,5521.05020149792,5354.8186882156915,5497.443359375,350782,0.0,0.0,BRITANNIA
2026-04-15,5577.11669166289,5630.232088726346,5508.755208405294,5561.87060546875,542939,0.0,0.0,BRITANNIA
2026-04-16,5547.608072217374,5612.035080857487,5443.836325476428,5494.49267578125,455115,0.0,0.0,BRITANNIA
2026-04-17,5509.738588538148,5655.80592414431,5477.279180625667,5641.54345703125,345936,0.0,0.0,BRITANNIA
2026-04-20,5642.035263157894,5668.101151315789,5548.099703947368,5606.625,610941,0.0,0.0,BRITANNIA
2026-04-21,5621.379301475508,5768.430256081036,5591.870748711857,5741.87255859375,270416,0.0,0.0,BRITANNIA
2026-04-22,5777.774459826883,5826.9553796415485,5622.854562410687,5635.6416015625,550506,0.0,0.0,BRITANNIA
2026-04-23,5630.231763257075,5634.166236886185,5548.099626249394,5578.591796875,408915,0.0,0.0,BRITANNIA
2026-04-24,5614.002264089562,5659.248712472938,5572.6902894786535,5636.62548828125,470926,0.0,0.0,BRITANNIA
2026-04-27,5655.805977911838,5708.921373182662,5595.805253624426,5623.83837890625,658091,0.0,0.0,BRITANNIA
2026-04-28,5629.248282909225,5641.0517040860395,5548.591571534324,5569.24755859375,249233,0.0,0.0,BRITANNIA
2026-04-29,5581.050894489512,5640.559808679963,5572.198328742173,5615.4775390625,363567,0.0,0.0,BRITANNIA
2026-04-30,5626.297508077192,5657.773298332169,5551.542506221621,5632.19921875,269033,0.0,0.0,BRITANNIA
2026-05-01,5632.19921875,5632.19921875,5632.19921875,5632.19921875,0,0.0,0.0,BRITANNIA
2026-05-04,5636.133710246278,5726.134798289478,5621.3794335178845,5697.60986328125,328011,0.0,0.0,BRITANNIA
2026-05-05,5680.396576934613,5746.790822639044,5640.560029511955,5738.921875,710839,0.0,0.0,BRITANNIA
2026-05-06,5781.709379863393,5783.676616807886,5669.5768740273215,5688.265625,438886,0.0,0.0,BRITANNIA
2026-05-07,5703.019916903165,5794.98824429717,5639.576525278422,5718.7578125,490345,0.0,0.0,BRITANNIA
2026-05-08,5541.706231424083,5561.3786000127375,5412.8522171683935,5429.57373046875,3173832,0.0,0.0,BRITANNIA
2026-05-11,5415.311429445277,5417.7704755943305,5306.621589657119,5321.86767578125,668220,0.0,0.0,BRITANNIA
2026-05-12,5314.982085048817,5336.129880890133,5227.9318556554945,5246.62060546875,655043,0.0,0.0,BRITANNIA
2026-05-13,5257.4404564075385,5295.309765588398,5193.013449879065,5248.587890625,405228,0.0,0.0,BRITANNIA
2026-05-14,5255.965298721789,5308.588886909609,5223.014079949977,5284.490234375,340218,0.0,0.0,BRITANNIA
2026-05-15,5284.490187768799,5331.212064719756,5277.113049302859,5317.44140625,151714,0.0,0.0,BRITANNIA
2026-05-18,5297.276978798221,5310.5558274127925,5202.8496108723775,5292.35888671875,374914,0.0,0.0,BRITANNIA
2026-05-19,5286.948879526822,5380.884436363066,5286.948879526822,5327.76904296875,271643,0.0,0.0,BRITANNIA
2026-05-20,5291.86718494188,5302.195178518438,5234.325506443905,5256.94873046875,462006,0.0,0.0,BRITANNIA
2026-05-21,5273.670332926691,5284.9819451301155,5205.3088504799125,5245.63720703125,485793,0.0,0.0,BRITANNIA
2026-05-22,5253.505996110235,5270.719318509024,5211.210403930355,5244.16162109375,498183,0.0,0.0,BRITANNIA
2026-05-25,5282.0309438503145,5282.0309438503145,5222.522029119785,5239.7353515625,284971,0.0,0.0,BRITANNIA
2026-05-26,5268.260307509249,5268.260307509249,5223.99747818925,5250.55517578125,193734,0.0,0.0,BRITANNIA
2026-05-27,5242.686289981316,5264.817704901499,5214.161355195301,5248.09619140625,195454,0.0,0.0,BRITANNIA
2026-05-28,5248.09619140625,5248.09619140625,5248.09619140625,5248.09619140625,0,0.0,0.0,BRITANNIA
2026-05-29,5248.096203555818,5262.358670981843,5079.897449773033,5119.2421875,1697949,0.0,0.0,BRITANNIA
2026-06-01,5122.68493925715,5144.324545375363,5038.093751704132,5073.01220703125,341856,0.0,0.0,BRITANNIA
2026-06-02,5036.618445943058,5063.667954245652,4991.86380493331,5033.17578125,458858,0.0,0.0,BRITANNIA
2026-06-03,5045.962764504961,5058.257995412625,4967.273286695917,4981.0439453125,334445,0.0,0.0,BRITANNIA
2026-06-04,4968.7483672316275,5035.634418695896,4952.518663567504,5006.61767578125,300651,0.0,0.0,BRITANNIA
2026-06-05,5011.535894131127,5050.880631278379,4987.929051842777,5036.6181640625,159398,0.0,0.0,BRITANNIA
2026-06-08,5010.552237873203,5019.896612875126,4953.994178651038,4995.30615234375,247859,0.0,0.0,BRITANNIA
2026-06-09,4996.289739067089,5041.044376950257,4980.551844426854,5023.8310546875,277222,0.0,0.0,BRITANNIA
2026-06-10,5026.290290049072,5146.291741200928,5019.896770110653,5086.291015625,322498,0.0,0.0,BRITANNIA
2026-06-11,5075.471278786916,5105.471641965792,5013.01150626696,5029.2412109375,295275,0.0,0.0,BRITANNIA
2026-06-12,5044.486978473466,5093.6678986106745,5031.20813003642,5080.880859375,242017,0.0,0.0,BRITANNIA
2026-06-15,5163.9969513294545,5171.865899064815,5095.143658645062,5114.32421875,226798,0.0,0.0,BRITANNIA
2026-06-16,5114.324164657703,5146.783573722748,5084.815610962207,5132.029296875,195644,0.0,0.0,BRITANNIA
2026-06-17,5134.488083025732,5153.176832753219,5105.963149231144,5146.29150390625,270826,0.0,0.0,BRITANNIA
2026-06-18,5144.816146190196,5163.9967053816135,5107.438646227434,5159.07861328125,391567,0.0,0.0,BRITANNIA
2026-06-19,5125.635844731262,5154.16078034769,5095.14367217577,5109.89794921875,273184,0.0,0.0,BRITANNIA
2026-06-22,5119.734066168543,5144.324527581457,5101.537124722988,5132.029296875,261961,0.0,0.0,BRITANNIA
2026-06-23,5132.029010530328,5189.078877825155,5110.881214895177,5155.14404296875,220646,0.0,0.0,BRITANNIA
2026-06-24,5133.996399662263,5204.325117465855,5131.537353585214,5176.2919921875,286835,0.0,0.0,BRITANNIA
2026-06-25,5176.292232085849,5211.702497236461,5121.701406645324,5151.2099609375,193478,0.0,0.0,BRITANNIA
2026-06-26,5151.2099609375,5151.2099609375,5151.2099609375,5151.2099609375,0,0.0,0.0,BRITANNIA
2026-06-29,5147.275405076288,5158.0952081444775,5001.699872886093,5018.42138671875,472081,0.0,0.0,BRITANNIA
2026-06-30,5028.257546087147,5091.209127258817,4992.355472450178,5062.1923828125,326609,0.0,0.0,BRITANNIA
2026-07-01,5062.192361794692,5189.570951292878,5031.208380565404,5175.80029296875,475937,0.0,0.0,BRITANNIA
2026-07-02,5200.390530414816,5304.654081809552,5175.8000701802075,5285.96533203125,374142,0.0,0.0,BRITANNIA
2026-07-03,5320.884152618255,5358.753463991913,5280.063985812883,5290.8837890625,226125,0.0,0.0,BRITANNIA
2026-07-06,5290.8837777831095,5374.491348170089,5278.096737606277,5365.14697265625,180876,0.0,0.0,BRITANNIA
2026-07-07,5364.6548601868,5393.671603563314,5329.736406293028,5357.76953125,109487,0.0,0.0,BRITANNIA
2026-07-08,5321.375770888204,5380.392877404524,5189.5708996684225,5228.423828125,233635,0.0,0.0,BRITANNIA
2026-07-09,5238.751954582148,5300.228108761905,5238.751954582148,5273.67041015625,174108,0.0,0.0,BRITANNIA
2026-07-10,5301.703453014081,5316.457729784992,5235.801016770678,5265.3095703125,143224,0.0,0.0,BRITANNIA
2026-07-13,5248.096260880314,5280.555669859613,5203.833430453997,5260.88330078125,132632,0.0,0.0,BRITANNIA
2026-07-14,5158.095312204268,5259.8998249451415,5149.734555119269,5196.9482421875,326899,0.0,0.0,BRITANNIA
2026-07-15,5224.489354357245,5257.440572162191,5187.603662784545,5228.423828125,208524,0.0,0.0,BRITANNIA
2026-07-16,5223.997668607593,5279.08030265806,5207.276154699416,5223.505859375,219782,0.0,0.0,BRITANNIA
2026-07-17,5224.9813048498845,5329.244862514434,5212.194264758949,5323.8349609375,199477,0.0,0.0,BRITANNIA
2026-07-20,5323.835004008013,5395.639152791862,5303.1790160017,5380.39306640625,227434,0.0,0.0,BRITANNIA
2026-07-21,5376.458394019633,5406.950565665188,5345.966222374077,5392.1962890625,158603,0.0,0.0,BRITANNIA
2026-07-22,5388.753830811414,5438.426563942012,5354.3271840872385,5395.63916015625,156506,0.0,0.0,BRITANNIA
2026-07-23,5385.311135204969,5433.508440341963,5277.604912500869,5299.736328125,284275,0.0,0.0,BRITANNIA
2026-07-24,5294.818152880001,5360.720589484676,5229.4075255037205,5291.37548828125,208047,0.0,0.0,BRITANNIA
2026-07-27,5311.047733538905,5347.441615591121,5255.473292026738,5296.29345703125,238867,0.0,0.0,BRITANNIA
2026-07-28,5291.867005324792,5419.737397646767,5291.867005324792,5388.75341796875,340199,0.0,0.0,BRITANNIA
2026-07-29,5409.409614162679,5490.558135513424,5398.589811315913,5427.11474609375,356551,0.0,0.0,BRITANNIA
2026-07-30,5437.442664494524,5470.8856910127615,5392.688026065707,5434.0,258715,0.0,0.0,BRITANNIA
2026-07-31,5445.0,5460.0,5364.0,5416.5,428290,90.5,0.0,BRITANNIA
2026-08-03,5422.0,5531.0,5401.0,5531.0,201410,0.0,0.0,BRITANNIA
2026-08-04,5502.0,5503.5,5393.5,5478.0,272040,0.0,0.0,BRITANNIA
2026-08-05,5461.0,5488.0,5406.0,5440.0,409191,0.0,0.0,BRITANNIA
2026-08-06,5440.0,5475.0,5363.5,5404.0,342179,0.0,0.0,BRITANNIA
2026-08-07,5502.5,5660.0,5500.0,5510.0,1342849,0.0,0.0,BRITANNIA
2026-08-10,5512.5,5643.5,5512.5,5623.5,327625,0.0,0.0,BRITANNIA
2026-08-11,5650.0,5652.0,5598.0,5598.0,332689,0.0,0.0,BRITANNIA
2026-08-12,5598.0,5645.5,5560.0,5645.5,257865,0.0,0.0,BRITANNIA
2026-08-13,5624.0,5689.5,5585.0,5615.0,215340,0.0,0.0,BRITANNIA
2026-08-14,5614.5,5630.0,5550.0,5558.0,246713,0.0,0.0,BRITANNIA
2026-08-17,5546.0,5588.5,5495.5,5521.0,189361,0.0,0.0,BRITANNIA
2026-08-18,5543.5,5561.0,5490.0,5495.0,281420,0.0,0.0,BRITANNIA
2026-08-19,5495.0,5550.0,5453.0,5453.0,251106,0.0,0.0,BRITANNIA
2026-08-20,5454.5,5555.0,5454.5,5548.0,200063,0.0,0.0,BRITANNIA
2026-08-21,5527.5,5533.0,5342.0,5365.0,704494,0.0,0.0,BRITANNIA
2026-08-24,5385.0,5385.0,5285.0,5311.0,260158,0.0,0.0,BRITANNIA
2026-08-25,5310.5,5382.5,5286.0,5382.5,361146,0.0,0.0,BRITANNIA
2026-08-26,5370.0,5388.5,5310.0,5310.0,119636,0.0,0.0,BRITANNIA
2026-08-27,5315.0,5360.5,5277.5,5298.0,222346,0.0,0.0,BRITANNIA
2026-08-28,5298.0,5355.0,5276.5,5308.5,246611,0.0,0.0,BRITANNIA
2026-08-31,5302.0,5302.0,5216.0,5250.0,334255,0.0,0.0,BRITANNIA
2026-09-01,5230.0,5256.0,5145.5,5187.0,235479,0.0,0.0,BRITANNIA
2026-09-02,5135.0,5172.0,5046.0,5154.0,325672,0.0,0.0,BRITANNIA
2026-09-03,5131.5,5146.0,5079.0,5130.0,225559,0.0,0.0,BRITANNIA
2026-09-04,5155.0,5160.5,5089.5,5101.5,269673,0.0,0.0,BRITANNIA
2026-09-07,5126.0,5126.0,5005.5,5042.5,307760,0.0,0.0,BRITANNIA
2026-09-08,5036.0,5091.5,5012.0,5064.0,280231,0.0,0.0,BRITANNIA
2026-09-09,5064.0,5113.0,5023.0,5090.0,190380,0.0,0.0,BRITANNIA
2026-09-10,5108.0,5108.0,4997.0,5009.0,263129,0.0,0.0,BRITANNIA
2026-09-11,4996.0,5012.5,4945.0,4962.0,194857,0.0,0.0,BRITANNIA
2026-09-14,4962.0,4962.0,4962.0,4962.0,0,0.0,0.0,BRITANNIA
2026-09-15,4990.0,5022.5,4947.5,4947.5,209279,0.0,0.0,BRITANNIA
2026-09-16,4947.5,5036.5,4933.0,4999.5,250873,0.0,0.0,BRITANNIA
2026-09-17,4996.0,5040.0,4982.0,4982.0,308669,0.0,0.0,BRITANNIA
2026-09-18,4982.0,5026.5,4968.0,4998.0,346885,0.0,0.0,BRITANNIA
2026-09-21,5001.5,5030.5,4991.5,5023.0,166876,0.0,0.0,BRITANNIA
2026-09-22,5030.0,5030.0,4915.0,4918.0,177451,0.0,0.0,BRITANNIA
2026-09-23,4927.5,4965.0,4905.0,4929.0,207441,0.0,0.0,BRITANNIA
2026-09-24,4935.0,4959.5,4885.0,4895.0,184523,0.0,0.0,BRITANNIA
2026-09-25,4900.5,4939.5,4883.0,4937.5,107642,0.0,0.0,BRITANNIA
2026-09-28,4933.0,4933.0,4869.0,4915.0,305787,0.0,0.0,BRITANNIA
2026-09-29,4899.0,4907.5,4798.0,4835.0,524981,0.0,0.0,BRITANNIA
2026-09-30,4830.0,4830.5,4758.0,4830.0,485651,0.0,0.0,BRITANNIA
2026-10-01,4798.0,4812.2998046875,4737.0,4778.0,362663,0.0,0.0,BRITANNIA
