Date,Open,High,Low,Close,Volume,Dividends,Stock Splits,Symbol
2021-10-04,126.84951277107245,127.40963152475243,124.0818890488672,125.1691665649414,23341448,0.0,0.0,COALINDIA
2021-10-05,125.86106708540781,131.06683494812893,125.46568798359507,130.44082641601562,42359592,0.0,0.0,COALINDIA
2021-10-06,131.79171963263704,134.2957643166392,126.32236125690056,127.08016967773438,41926821,0.0,0.0,COALINDIA
2021-10-07,128.3321907844754,128.46398049702034,124.70791838748123,125.66340637207031,16517664,0.0,0.0,COALINDIA
2021-10-08,125.92698659779494,126.32235570637441,121.31427661333225,124.18074035644531,28978175,0.0,0.0,COALINDIA
2021-10-11,126.52005021098753,131.59402938034196,126.28941068082634,129.71600341796875,34952223,0.0,0.0,COALINDIA
2021-10-12,131.26454527069993,132.450672708926,126.02582664468706,127.37669372558594,25216411,0.0,0.0,COALINDIA
2021-10-13,127.83796900502821,128.20039824772556,124.77381552249038,125.2350845336914,17378156,0.0,0.0,COALINDIA
2021-10-14,125.20211793316967,126.38824527193938,120.12813937528091,121.1165771484375,29542941,0.0,0.0,COALINDIA
2021-10-18,121.77558500088341,123.7195113980188,120.85303667255754,122.10506439208984,15468914,0.0,0.0,COALINDIA
2021-10-19,123.42295949594345,124.5102372670926,120.98481445570116,121.57787322998047,17403803,0.0,0.0,COALINDIA
2021-10-20,120.39174654733692,120.85301560362791,116.8992635984286,118.9420394897461,15921230,0.0,0.0,COALINDIA
2021-10-21,119.93047421206003,120.58943286157685,117.8876983765935,120.19405364990234,15586097,0.0,0.0,COALINDIA
2021-10-22,120.85301773018166,121.44608657434411,115.51545846218862,115.91082763671875,13603152,0.0,0.0,COALINDIA
2021-10-25,116.14145022953039,116.80040881239297,113.99983483522699,114.72469329833984,11744666,0.0,0.0,COALINDIA
2021-10-26,113.99984083091493,115.97671668347415,113.17614255901526,115.3507080078125,11602891,0.0,0.0,COALINDIA
2021-10-27,115.77901721192734,116.40502583419392,113.86804140607997,114.39521026611328,9535881,0.0,0.0,COALINDIA
2021-10-28,113.99984640432666,113.99984640432666,109.35418591270572,109.74956512451172,24509136,0.0,0.0,COALINDIA
2021-10-29,108.7281594949429,111.69347293571407,107.60793198385566,108.36573028564453,14826816,0.0,0.0,COALINDIA
2021-11-01,108.72817680392399,113.30793739165252,107.93742843815038,112.5171890258789,13585170,0.0,0.0,COALINDIA
2021-11-02,112.97845309476482,114.49405992781294,110.93568741101349,111.49579620361328,14278962,0.0,0.0,COALINDIA
2021-11-03,110.83683511486073,112.7478210982525,110.2767263347453,111.85822296142578,8974463,0.0,0.0,COALINDIA
2021-11-04,112.81370933866995,112.94549904655433,111.85822138787047,112.4842300415039,973260,0.0,0.0,COALINDIA
2021-11-08,112.68192707045198,114.79059270055428,111.03453047585472,113.14319610595703,8761953,0.0,0.0,COALINDIA
2021-11-09,113.37382770844741,113.60445718258711,111.75938116982879,112.3524398803711,5723308,0.0,0.0,COALINDIA
2021-11-10,111.95704625268094,112.58306487789649,109.6836414158256,109.84838104248047,9212143,0.0,0.0,COALINDIA
2021-11-11,109.32123824996137,110.47441591105763,108.85996919650512,110.04609680175781,6453205,0.0,0.0,COALINDIA
2021-11-12,111.26516520806427,111.26516520806427,109.18943955571491,110.01313781738281,7027513,0.0,0.0,COALINDIA
2021-11-15,108.23396021883252,110.44147575819785,105.10390657475669,105.26864624023438,19400018,0.0,0.0,COALINDIA
2021-11-16,106.09234037584876,106.52065946720307,104.51084367171349,104.807373046875,8505431,0.0,0.0,COALINDIA
2021-11-17,104.80735955244994,104.93914925167421,102.59984438453253,102.86343383789062,7477627,0.0,0.0,COALINDIA
2021-11-18,102.83052111719554,103.95074904841452,100.82069479814531,101.08427429199219,12981172,0.0,0.0,COALINDIA
2021-11-22,100.29349252529731,100.75476151415367,98.25072698753056,99.20621490478516,11522286,0.0,0.0,COALINDIA
2021-11-23,98.84379503089026,103.29176580728033,98.84379503089026,102.92933654785156,13305061,0.0,0.0,COALINDIA
2021-11-24,104.31314788404082,106.52065315036661,102.53396168366936,104.84031677246094,18809310,0.0,0.0,COALINDIA
2021-11-25,106.42181591038862,107.27846411755341,102.79754354192337,104.47789001464844,22402592,0.0,0.0,COALINDIA
2021-11-26,103.95071341203567,105.03799102005505,102.36921688129664,102.73163604736328,11829847,0.0,0.0,COALINDIA
2021-11-29,102.73164106443875,103.22586001129443,100.09580668120839,101.64436340332031,18176163,0.0,0.0,COALINDIA
2021-11-30,104.44494377939326,104.44494377939326,99.73339355515783,100.16171264648438,56643275,0.0,0.0,COALINDIA
2021-12-01,101.21603235200665,102.9622684021434,100.52412389736244,102.5009994506836,16283427,0.0,0.0,COALINDIA
2021-12-02,103.39060777596248,105.13685422487153,102.23743014277974,104.97211456298828,15647910,0.0,0.0,COALINDIA
2021-12-03,104.77442724380134,105.89465495806729,104.28020824736832,105.26864624023438,20414051,0.0,0.0,COALINDIA
2021-12-06,106.14152246657628,106.4557551059956,103.41815871800254,103.73239135742188,24185368,9.0,0.0,COALINDIA
2021-12-07,104.81474299189767,105.40829108192266,104.15135004539457,105.19879913330078,7866368,0.0,0.0,COALINDIA
2021-12-08,105.61778399044552,105.96693368958748,104.77982684354544,105.37337493896484,7313306,0.0,0.0,COALINDIA
2021-12-09,105.96694034278049,107.18896436650283,105.19880669435918,106.59540557861328,9423435,0.0,0.0,COALINDIA
2021-12-10,106.59540013716965,107.36353374637956,105.37337617582875,105.65270233154297,7419042,0.0,0.0,COALINDIA
2021-12-13,106.70014775518855,106.70014775518855,103.31339148867598,104.0466079711914,9888293,0.0,0.0,COALINDIA
2021-12-14,104.0465950559062,104.57031952766411,102.47542164063245,103.97676086425781,8474759,0.0,0.0,COALINDIA
2021-12-15,104.15136543054368,105.16390822258748,103.31340816747701,103.41815948486328,5410912,0.0,0.0,COALINDIA
2021-12-16,103.4181456376405,104.81474444082158,103.03407883572505,104.5703353881836,7539061,0.0,0.0,COALINDIA
2021-12-17,104.11644524557462,104.32592654230434,101.95171283427246,102.26594543457031,8758284,0.0,0.0,COALINDIA
2021-12-20,101.4978470846222,101.70732843212424,97.16838121267803,98.25074768066406,8858645,0.0,0.0,COALINDIA
2021-12-21,99.0188408553907,101.95169572464852,98.7395147479557,101.00898742675781,8097050,0.0,0.0,COALINDIA
2021-12-22,101.56764153724987,104.32592192590505,100.86934216517498,101.49781799316406,6798820,0.0,0.0,COALINDIA
2021-12-23,102.12630752173604,103.31341460633223,101.9517326370835,103.13883972167969,4857807,0.0,0.0,COALINDIA
2021-12-24,103.34829928813929,103.45303992398566,101.53271679532091,101.88186645507812,4568316,0.0,0.0,COALINDIA
2021-12-27,101.2534243469672,102.30087356434962,100.62495907861953,101.98664093017578,3534825,0.0,0.0,COALINDIA
2021-12-28,102.12628891144819,104.22118714552917,102.12628891144819,103.9418716430664,4907497,0.0,0.0,COALINDIA
2021-12-29,104.22118178827394,104.22118178827394,102.16120076169034,102.47543334960938,4216568,0.0,0.0,COALINDIA
2021-12-30,102.47542876989422,104.04660229447522,100.48527137667732,102.09136199951172,24782255,0.0,0.0,COALINDIA
2021-12-31,101.91680672026851,103.0340901475582,101.4978334264382,101.98664093017578,5320232,0.0,0.0,COALINDIA
2022-01-03,102.82460207771057,108.89980563818797,102.6500272015175,108.44591522216797,29486720,0.0,0.0,COALINDIA
2022-01-04,108.93471153109681,109.38860190039487,106.3859228631238,106.83981323242188,13744440,0.0,0.0,COALINDIA
2022-01-05,106.83982862701771,107.74762015162166,106.2113633089409,107.3286361694336,8454060,0.0,0.0,COALINDIA
2022-01-06,107.88726374036004,108.41098832162392,106.8747316809573,107.99200439453125,12446900,0.0,0.0,COALINDIA
2022-01-07,108.23640186177646,109.94723317951883,108.2014847623934,109.59808349609375,11679683,0.0,0.0,COALINDIA
2022-01-10,110.1916339431949,112.42618961823116,109.6679094573957,112.2166976928711,14655298,0.0,0.0,COALINDIA
2022-01-11,112.18179250095753,112.18179250095753,110.40113758443682,110.71537017822266,7670386,0.0,0.0,COALINDIA
2022-01-12,112.00721552441647,112.25162456782726,110.68045097356529,111.27400970458984,6334581,0.0,0.0,COALINDIA
2022-01-13,111.27400292893971,116.231921798038,111.02959390041137,115.04481506347656,20271714,0.0,0.0,COALINDIA
2022-01-14,115.04481506347656,116.02242986718545,113.99736606441607,115.04481506347656,10211720,0.0,0.0,COALINDIA
2022-01-17,115.63839802329693,115.98754776291412,113.15943274097394,114.3116226196289,8384625,0.0,0.0,COALINDIA
2022-01-18,114.52113185671655,115.56858123345482,111.93742552513672,112.28657531738281,6574122,0.0,0.0,COALINDIA
2022-01-19,112.42621448886779,115.11467170611809,112.28655672613365,114.45127868652344,11503199,0.0,0.0,COALINDIA
2022-01-20,114.87025143580996,117.48887418890594,114.41636108735463,115.25431823730469,17462235,0.0,0.0,COALINDIA
2022-01-21,114.03229839376681,114.03229839376681,109.98215959203526,110.85503387451172,14466758,0.0,0.0,COALINDIA
2022-01-24,110.47096784272838,112.00722445974259,108.09675403963405,109.14420318603516,10854431,0.0,0.0,COALINDIA
2022-01-25,108.23643709960471,112.8452186833478,107.74762951471226,112.53097534179688,7267866,0.0,0.0,COALINDIA
2022-01-27,110.95976860958861,112.6356935356998,110.33130342179882,112.11196899414062,9269062,0.0,0.0,COALINDIA
2022-01-28,112.14689057225215,115.21940374332611,112.14689057225215,112.88009643554688,10310726,0.0,0.0,COALINDIA
2022-01-31,114.10211291873257,114.10211291873257,111.1343405930382,111.58824157714844,5811200,0.0,0.0,COALINDIA
2022-02-01,113.12451049983413,114.1370425677116,110.75029664031426,113.85772705078125,7248713,0.0,0.0,COALINDIA
2022-02-02,113.82281538570138,114.94009881721337,113.29909077503098,114.41637420654297,5369074,0.0,0.0,COALINDIA
2022-02-03,113.89265290307061,114.62585885513631,112.14690415014313,112.63571166992188,4654885,0.0,0.0,COALINDIA
2022-02-04,112.63570092082087,113.68315007261671,111.72790952489038,112.0072250366211,6402287,0.0,0.0,COALINDIA
2022-02-07,112.181804416875,113.82281241624612,111.48350495419865,112.39129638671875,5871041,0.0,0.0,COALINDIA
2022-02-08,113.01975305156147,113.47364336293225,110.57570534835985,111.69297790527344,14158927,0.0,0.0,COALINDIA
2022-02-09,112.07704728866895,118.25700088722802,111.72789760864194,117.7332763671875,35079516,0.0,0.0,COALINDIA
2022-02-10,118.01261026983222,118.92040171064103,115.21941239362319,117.34922790527344,17724098,0.0,0.0,COALINDIA
2022-02-11,117.27939305546647,118.22210159561774,115.35906952606548,116.26686096191406,10097767,0.0,0.0,COALINDIA
2022-02-14,115.98753736369635,116.09227801410889,112.53094672723377,112.88009643554688,9478670,0.0,0.0,COALINDIA
2022-02-15,113.6482148638047,115.11464770477333,111.6231510883738,114.27667999267578,16850616,0.0,0.0,COALINDIA
2022-02-16,115.3939892177126,115.917713828383,113.6831576205635,114.41637420654297,10653203,0.0,0.0,COALINDIA
2022-02-17,115.0099168771239,115.56855856618857,113.61331798206422,113.85772705078125,6906440,0.0,0.0,COALINDIA
2022-02-18,113.82280327937183,117.48887516413687,113.5434877788044,116.82549285888672,23740696,0.0,0.0,COALINDIA
2022-02-21,117.43730715654537,117.68924571506786,115.06193667199844,116.03367614746094,14870901,5.0,0.0,COALINDIA
2022-02-22,114.8100257309571,115.63780522215342,111.9307774367638,115.09794616699219,11654816,0.0,0.0,COALINDIA
2022-02-23,115.42188208413013,116.82551357310635,113.87427937908521,114.09022521972656,7627472,0.0,0.0,COALINDIA
2022-02-24,110.85104197184245,112.86651765893136,107.25198216756185,107.97179412841797,12115340,0.0,0.0,COALINDIA
2022-02-25,109.59139618062561,118.69701518090221,109.59139618062561,117.65328979492188,17079977,0.0,0.0,COALINDIA
2022-02-28,116.93345144678388,122.33204118101636,115.56581310749523,122.04412078857422,20872239,0.0,0.0,COALINDIA
2022-03-02,123.08787625650717,133.6331197412385,123.08787625650717,133.0212860107422,72648396,0.0,0.0,COALINDIA
2022-03-03,136.47636830666633,142.34283208782475,134.496885180287,136.00848388671875,74050073,0.0,0.0,COALINDIA
2022-03-04,136.0084678601687,137.4840845771916,129.92605898525173,130.2859649658203,36095156,0.0,0.0,COALINDIA
2022-03-07,133.84903873543496,138.2039035169043,130.78983774612848,135.82852172851562,41642776,0.0,0.0,COALINDIA
2022-03-08,136.04445264951153,137.9879426335272,134.31690843782167,136.1524200439453,22940456,0.0,0.0,COALINDIA
2022-03-09,136.764279864431,137.19617145738667,133.59711146095427,134.3529052734375,13870658,0.0,0.0,COALINDIA
2022-03-10,132.44543249735858,132.44543249735858,127.44274036874306,128.8103790283203,30890343,0.0,0.0,COALINDIA
2022-03-11,130.28597716025834,131.3656952030229,129.02630611036633,130.82583618164062,14663558,0.0,0.0,COALINDIA
2022-03-14,130.2859733871837,131.11375280261345,128.01856995642595,129.81809997558594,8306420,0.0,0.0,COALINDIA
2022-03-15,129.49416616211232,129.566151750913,123.44775014045322,124.45548248291016,14074860,0.0,0.0,COALINDIA
2022-03-16,124.52748471145189,127.98258474984895,124.45549911303227,127.33474731445312,11846738,0.0,0.0,COALINDIA
2022-03-17,128.84634663283776,129.5661586252,126.32700465957,127.08280944824219,20052773,0.0,0.0,COALINDIA
2022-03-21,128.01857925264213,134.13698176208095,127.76664063828107,131.22174072265625,20271556,0.0,0.0,COALINDIA
2022-03-22,132.19350445055397,133.7411072508926,129.92610044285857,131.97756958007812,12372751,0.0,0.0,COALINDIA
2022-03-23,131.43768345700042,132.62536893467313,129.06230151819483,131.7615966796875,13731315,0.0,0.0,COALINDIA
2022-03-24,132.22947404739188,135.68457415356465,131.941553614986,134.8927764892578,16323203,0.0,0.0,COALINDIA
2022-03-25,134.8927627932515,135.9724807803377,132.87729800412473,133.95701599121094,10044811,0.0,0.0,COALINDIA
2022-03-28,133.95703462214252,139.42759992749083,133.52514297385622,137.6640625,19132062,0.0,0.0,COALINDIA
2022-03-29,138.2038810483871,138.34784122778765,133.52510382539484,133.885009765625,10622472,0.0,0.0,COALINDIA
2022-03-30,135.288678701389,135.288678701389,131.00579900745288,131.65362548828125,10298319,0.0,0.0,COALINDIA
2022-03-31,132.55338333698262,133.09324236928114,130.75385322932084,131.7615966796875,9435203,0.0,0.0,COALINDIA
2022-04-01,132.30145971233657,134.7848091393059,131.94155367992187,133.99301147460938,13505929,0.0,0.0,COALINDIA
2022-04-04,133.52513721938456,136.04447943107107,132.87731075833506,135.14471435546875,9490374,0.0,0.0,COALINDIA
2022-04-05,135.32465588140664,136.00847508411547,134.49687647551588,135.25267028808594,7637664,0.0,0.0,COALINDIA
2022-04-06,135.82854449756223,141.80298727487087,135.54062404368813,139.53558349609375,46157039,0.0,0.0,COALINDIA
2022-04-07,140.3633547641659,141.83897171607106,136.69230878464194,137.3041534423828,21712301,0.0,0.0,COALINDIA
2022-04-08,140.1473808484763,143.0986141606331,138.45582939974219,140.03941345214844,20151959,0.0,0.0,COALINDIA
2022-04-11,140.00344002573172,142.52278213416392,139.175660583488,141.37107849121094,12393619,0.0,0.0,COALINDIA
2022-04-12,140.9031756001134,140.9031756001134,132.66133176553393,133.885009765625,18907630,0.0,0.0,COALINDIA
2022-04-13,135.32465746636402,137.7000392887953,133.66908765173253,134.31692504882812,14216953,0.0,0.0,COALINDIA
2022-04-18,134.31693515778548,137.41211823750658,132.87731103383692,136.36839294433594,13052104,0.0,0.0,COALINDIA
2022-04-19,137.80800153779552,146.30178510856388,137.23214975642054,142.3428192138672,59341710,0.0,0.0,COALINDIA
2022-04-20,143.92640881207572,147.95736045051632,141.8749511792208,143.3145751953125,38356653,0.0,0.0,COALINDIA
2022-04-21,144.82618120761546,149.64891971076864,144.6822209953569,148.92910766601562,43683145,0.0,0.0,COALINDIA
2022-04-22,148.31725240355152,150.4406954294283,144.86215289556193,145.50997924804688,24007670,0.0,0.0,COALINDIA
2022-04-25,143.71046736676294,145.54599023958,134.4248965750435,135.64857482910156,26465084,0.0,0.0,COALINDIA
2022-04-26,138.34785493192933,138.419840520489,135.6485601128225,137.77200317382812,20819291,0.0,0.0,COALINDIA
2022-04-27,137.34014955997344,138.05996165307238,134.31694096565,134.9647674560547,12214126,0.0,0.0,COALINDIA
2022-04-28,136.04449446849847,138.56383695865586,134.71283761603064,136.9442596435547,12706800,0.0,0.0,COALINDIA
2022-04-29,138.5637954219128,138.92370138404763,130.9337846312709,131.61761474609375,21654415,0.0,0.0,COALINDIA
2022-05-02,131.50962631500528,135.97245770765434,128.73835720847313,135.07269287109375,21289439,0.0,0.0,COALINDIA
2022-05-04,135.86451340061262,137.26814458739727,134.24493641967817,134.85678100585938,18239949,0.0,0.0,COALINDIA
2022-05-05,136.40439414522294,138.16793160898348,132.94929383825595,133.77708435058594,12651103,0.0,0.0,COALINDIA
2022-05-06,132.80532589566408,136.00848738588638,131.7616005988672,134.8927764892578,14257553,0.0,0.0,COALINDIA
2022-05-09,133.8490472111911,133.8490472111911,130.68187861509043,131.7615966796875,10549451,0.0,0.0,COALINDIA
2022-05-10,131.005789007696,132.33744565198234,121.50427244119243,122.40403747558594,19965511,0.0,0.0,COALINDIA
2022-05-11,123.5917241036739,125.03134817240267,118.94893867871558,122.26007843017578,20641617,0.0,0.0,COALINDIA
2022-05-12,120.82044252705603,122.51199405204848,118.51703545594125,120.24459075927734,10406343,0.0,0.0,COALINDIA
2022-05-13,122.36804697355436,124.99535652989664,120.92842289151254,121.43228912353516,11590435,0.0,0.0,COALINDIA
2022-05-16,122.00813634728044,124.38351818967165,120.82045091781468,123.59172058105469,7437937,0.0,0.0,COALINDIA
2022-05-17,124.81538375820642,133.16520650544467,124.6354307764423,132.84129333496094,28092052,0.0,0.0,COALINDIA
2022-05-18,134.13696321521263,134.96474257629703,130.86181659866938,133.5611114501953,15425248,0.0,0.0,COALINDIA
2022-05-19,130.35794178064234,132.08548597770314,130.07001042549342,130.42991638183594,9396007,0.0,0.0,COALINDIA
2022-05-20,132.80527413344313,134.4968362190402,132.12145513540932,133.8489990234375,6365038,0.0,0.0,COALINDIA
2022-05-23,133.84903177626052,134.42488354099942,131.29369712135966,132.66134643554688,7794071,0.0,0.0,COALINDIA
2022-05-24,132.0494768455906,134.42485806021344,130.4299002424555,131.2576904296875,8572565,0.0,0.0,COALINDIA
2022-05-25,132.58939562156257,133.5611464158954,129.60217959721786,130.07005310058594,7926434,0.0,0.0,COALINDIA
2022-05-26,132.40938366140463,133.88500010658254,127.94655252120994,131.905517578125,23140556,0.0,0.0,COALINDIA
2022-05-27,132.80529374657337,135.79250869762538,129.92604618567205,130.89779663085938,16408080,0.0,0.0,COALINDIA
2022-05-30,132.4453985172728,135.25266072289674,131.40167338869256,134.74879455566406,10577525,0.0,0.0,COALINDIA
2022-05-31,133.88504665519264,140.5433083840127,133.30919479546742,138.85174560546875,21380248,0.0,0.0,COALINDIA
2022-06-01,140.00344499944077,142.01892095447957,139.0676871292306,141.11915588378906,30867456,0.0,0.0,COALINDIA
2022-06-02,141.4430848698942,143.38657544240652,139.85950036575306,142.66676330566406,17646759,0.0,0.0,COALINDIA
2022-06-03,143.96241473667513,144.68222681035851,141.22712665998617,141.802978515625,25335178,0.0,0.0,COALINDIA
2022-06-06,141.4431026516697,141.65904851653278,139.06772010510176,140.2554168701172,22020642,0.0,0.0,COALINDIA
2022-06-07,139.3916092665954,143.92642770939074,139.35562744823642,142.19888305664062,12961285,0.0,0.0,COALINDIA
2022-06-08,142.52278211004392,145.36603743524424,141.4430640637557,142.27084350585938,13059792,0.0,0.0,COALINDIA
2022-06-09,141.7669886319119,144.25033814051898,141.44307538878243,143.06265258789062,10562238,0.0,0.0,COALINDIA
2022-06-10,142.05492614462304,143.45855758063874,141.2631284199674,142.88270568847656,6741014,0.0,0.0,COALINDIA
2022-06-13,141.55105246443262,142.09091156762796,136.4403928775937,137.52011108398438,8516696,0.0,0.0,COALINDIA
2022-06-14,136.11645917167542,140.00343973758692,136.11645917167542,138.34786987304688,6727598,0.0,0.0,COALINDIA
2022-06-15,138.31186094678154,139.53555004100764,136.15242511008887,136.80026245117188,5805589,0.0,0.0,COALINDIA
2022-06-16,137.88000356820197,138.77976865154517,128.91834553479595,129.4941864013672,14490962,0.0,0.0,COALINDIA
2022-06-17,129.56619591233192,133.05728947335476,129.13430419923915,131.47369384765625,15215695,0.0,0.0,COALINDIA
2022-06-20,130.9337856610444,130.9337856610444,125.78713475542193,127.29874420166016,23276003,0.0,0.0,COALINDIA
2022-06-21,128.1265612494636,133.6331197412385,128.1265612494636,133.0212860107422,7564329,0.0,0.0,COALINDIA
2022-06-22,132.9852778426736,132.9852778426736,128.84635850521556,129.09829711914062,6560404,0.0,0.0,COALINDIA
2022-06-23,129.78210088880294,131.00577904583596,125.85912783384747,127.51468658447266,9304799,0.0,0.0,COALINDIA
2022-06-24,128.59440804212724,129.85407902876113,125.82313846160831,127.08280944824219,8171322,0.0,0.0,COALINDIA
2022-06-27,129.5661768348201,131.5816528933873,127.73065379963465,131.0417938232422,7063839,0.0,0.0,COALINDIA
2022-06-28,130.39396003497166,134.56887249213568,130.10603958280635,134.1729736328125,9844211,0.0,0.0,COALINDIA
2022-06-29,133.88504921616308,136.94425060954316,132.1934864052627,135.86453247070312,16856241,0.0,0.0,COALINDIA
2022-06-30,135.3966677994718,136.04449433147516,131.40170822955363,133.59713745117188,8693744,0.0,0.0,COALINDIA
2022-07-01,133.16518827805254,133.99296748747932,127.11877331178316,131.905517578125,17248729,0.0,0.0,COALINDIA
2022-07-04,131.90556613878215,133.66910357123058,128.9183503440304,131.0417938232422,8780396,0.0,0.0,COALINDIA
2022-07-05,131.72561075510058,133.30919513579215,130.82584565431435,131.3297119140625,5313753,0.0,0.0,COALINDIA
2022-07-06,131.36569250591896,131.6176311041087,128.12653844412918,130.7898406982422,9367397,0.0,0.0,COALINDIA
2022-07-07,132.40939321398977,134.31690128728428,130.6098635128389,133.885009765625,6322630,0.0,0.0,COALINDIA
2022-07-08,134.64081757555695,138.1318986870994,134.64081757555695,136.62030029296875,14647592,0.0,0.0,COALINDIA
2022-07-11,136.00846477369336,139.85946307176886,135.18068543055423,139.17564392089844,9048841,0.0,0.0,COALINDIA
2022-07-12,138.77976181763816,140.5792918957106,138.27589559246988,139.57154846191406,6942704,0.0,0.0,COALINDIA
2022-07-13,139.57154810422625,141.19112517034085,138.92372167116437,139.2476348876953,7842930,0.0,0.0,COALINDIA
2022-07-14,139.64352718989056,140.68725238714373,136.98022500203297,138.2039031982422,6795141,0.0,0.0,COALINDIA
2022-07-15,138.9237189914808,139.57154541204682,136.33239134229726,139.21163940429688,5610793,0.0,0.0,COALINDIA
2022-07-18,140.00344465592136,141.73098919402418,139.53557121369442,140.7952423095703,7600779,0.0,0.0,COALINDIA
2022-07-19,140.3273614917155,143.6744942226028,139.64354221877957,142.70274353027344,9913955,0.0,0.0,COALINDIA
2022-07-20,143.67446580094935,144.2503065589023,142.09087076620344,142.414794921875,5519522,0.0,0.0,COALINDIA
2022-07-21,142.4148071431926,143.5664997413894,141.29909635786186,142.9546661376953,6167419,0.0,0.0,COALINDIA
2022-07-22,142.9546876337844,143.85445275991987,141.65902365545716,141.87496948242188,4844223,0.0,0.0,COALINDIA
2022-07-25,142.16287303335167,145.18608130116644,140.0754225821952,144.6102294921875,10207034,0.0,0.0,COALINDIA
2022-07-26,145.0061211220789,146.3377776779829,143.63848275395517,145.6179656982422,12853314,0.0,0.0,COALINDIA
2022-07-27,145.68995017824906,147.3455200405278,145.25806955121544,146.4457550048828,7343180,0.0,0.0,COALINDIA
2022-07-28,146.84164965520478,147.56146166331854,144.93415222708717,146.0138702392578,5096403,0.0,0.0,COALINDIA
2022-07-29,146.55374468554407,152.9240750384225,146.3018060627774,152.060302734375,12477455,0.0,0.0,COALINDIA
2022-08-01,152.9600463938909,153.82381857683515,151.01655623640156,153.13999938964844,7849924,0.0,0.0,COALINDIA
2022-08-02,153.31996755566746,156.3791687862383,152.3482168890432,154.93954467773438,12615631,0.0,0.0,COALINDIA
2022-08-03,154.72359207391708,154.72359207391708,150.29675252794652,152.67213439941406,9949919,0.0,0.0,COALINDIA
2022-08-04,152.70811464167429,153.64387245818983,148.38924255018077,149.1090545654297,8058280,0.0,0.0,COALINDIA
2022-08-05,149.36102621195744,151.34050969187496,148.1013549065554,150.0448455810547,31999040,0.0,0.0,COALINDIA
2022-08-08,150.80062903899238,155.5873749229795,149.03709165981084,155.04751586914062,16358151,0.0,0.0,COALINDIA
2022-08-10,155.37142340867308,158.68255199334996,155.08349202079287,158.25067138671875,14267910,0.0,0.0,COALINDIA
2022-08-11,164.9280660497537,165.5118844398436,159.08990441967393,159.52777099609375,28800337,3.0,0.0,COALINDIA
2022-08-12,159.81966878272655,162.19142185826928,158.90745606136394,161.75355529785156,8861089,0.0,0.0,COALINDIA
2022-08-16,163.76044213480154,163.76044213480154,160.87785183057164,162.66578674316406,7844356,0.0,0.0,COALINDIA
2022-08-17,163.10363608438726,163.10363608438726,160.6589015144173,161.60760498046875,6119157,0.0,0.0,COALINDIA
2022-08-18,161.60760480394794,162.48332679649687,160.9873068296217,161.8265380859375,4233196,0.0,0.0,COALINDIA
2022-08-19,161.7535394497624,161.7535394497624,157.41140954858614,158.46957397460938,8783707,0.0,0.0,COALINDIA
2022-08-22,157.33846056529478,161.24272447864342,156.2073145210874,159.308837890625,10390480,0.0,0.0,COALINDIA
2022-08-23,158.36012774793426,163.24958568634165,158.06822413251646,162.62928771972656,9344364,0.0,0.0,COALINDIA
2022-08-24,162.5563003108522,164.92805328957397,162.00897270037797,163.2130889892578,10825973,0.0,0.0,COALINDIA
2022-08-25,163.24958320741646,165.76728804224356,163.24958320741646,164.12530517578125,13077805,0.0,0.0,COALINDIA
2022-08-26,166.16867075194804,169.3066848095518,165.2929487472564,167.81065368652344,12673156,0.0,0.0,COALINDIA
2022-08-29,161.57112391936164,169.01478914842113,161.57112391936164,168.28501892089844,8757016,0.0,0.0,COALINDIA
2022-08-30,169.16071106670987,171.86085820419524,168.4674317001864,171.3500213623047,12991363,0.0,0.0,COALINDIA
2022-09-01,171.02165746731762,172.80959229968613,167.51875814416934,168.0660858154297,9682321,0.0,0.0,COALINDIA
2022-09-02,168.57692615591316,169.63509078132495,166.5335672481534,167.33631896972656,4599518,0.0,0.0,COALINDIA
2022-09-05,167.8471489717645,169.5621134262921,166.75249365238344,169.01478576660156,4909470,0.0,0.0,COALINDIA
2022-09-06,169.81752014160156,171.24056977794442,168.57691305185162,169.81752014160156,5307321,0.0,0.0,COALINDIA
2022-09-07,169.99998226817428,174.63402793953054,169.56212678716628,174.30563354492188,12751679,0.0,0.0,COALINDIA
2022-09-08,175.50974036052042,175.50974036052042,171.53249483307087,172.55416870117188,7677716,0.0,0.0,COALINDIA
2022-09-09,173.3204358786012,173.68532100676666,170.2918937689919,173.39341735839844,8436280,0.0,0.0,COALINDIA
2022-09-12,174.05019442926988,174.45157027033966,166.3876072531385,168.94180297851562,19053188,0.0,0.0,COALINDIA
2022-09-13,169.81755720847306,171.71496456135907,168.32152577278353,168.79588317871094,9884429,0.0,0.0,COALINDIA
2022-09-14,167.956613995518,170.6202820165048,167.51875853872443,169.27020263671875,7705022,0.0,0.0,COALINDIA
2022-09-15,170.10942297346745,171.45949104237553,169.4891139043688,170.9486541748047,5386854,0.0,0.0,COALINDIA
2022-09-16,170.6567775072685,170.76623859066248,167.5187632035204,168.61341857910156,8750965,0.0,0.0,COALINDIA
2022-09-19,168.54044621208104,169.78105347773138,166.89846305993504,167.77418518066406,4011597,0.0,0.0,COALINDIA
2022-09-20,168.57690210409964,170.620260720322,166.8984285573667,167.7376708984375,6890375,0.0,0.0,COALINDIA
2022-09-21,167.7376948158748,169.81753332727988,165.76730625135076,168.97830200195312,5673523,0.0,0.0,COALINDIA
2022-09-22,167.8106651885119,168.7958594709476,164.56318983351355,165.6943359375,7677219,0.0,0.0,COALINDIA
2022-09-23,164.19828913956317,165.6213387516909,161.27920844374873,162.62928771972656,5495315,0.0,0.0,COALINDIA
2022-09-26,161.27920836694278,162.08196001207313,155.07616189129115,157.26547241210938,7832594,0.0,0.0,COALINDIA
2022-09-27,157.6303612102881,160.33050868912318,155.2586080902259,156.09783935546875,5795048,0.0,0.0,COALINDIA
2022-09-28,154.49234473750855,155.73295181529116,152.44898600829703,153.83555603027344,6134706,0.0,0.0,COALINDIA
2022-09-29,154.5653286360588,157.01005209395422,153.72608623540654,156.09783935546875,8962595,0.0,0.0,COALINDIA
2022-09-30,155.44106548835026,157.6303762698763,151.6827531008947,154.89373779296875,12875386,0.0,0.0,COALINDIA
2022-10-03,155.4410252940964,159.08987565311276,154.93018847091562,156.86407470703125,11397506,0.0,0.0,COALINDIA
2022-10-04,159.30884320705644,163.4685312849944,159.16289138834827,162.92120361328125,10862095,0.0,0.0,COALINDIA
2022-10-06,164.19830485635958,170.83921852915867,163.94288081686338,170.40135192871094,12795784,0.0,0.0,COALINDIA
2022-10-07,170.03644811257678,170.4378239296239,166.24164548907748,167.62820434570312,14641624,0.0,0.0,COALINDIA
2022-10-10,165.6578215481845,169.30667224307845,165.36591794675644,167.7376708984375,10850668,0.0,0.0,COALINDIA
2022-10-11,168.54039241752682,168.54039241752682,163.46849274904636,164.5266571044922,19154740,0.0,0.0,COALINDIA
2022-10-12,164.5997017716065,170.03648855630297,164.5997017716065,169.37969970703125,9256951,0.0,0.0,COALINDIA
2022-10-13,169.45263811588075,171.9338634757056,168.64989757758616,171.1676025390625,7231841,0.0,0.0,COALINDIA
2022-10-14,174.37858169341519,174.37858169341519,171.75141573555717,172.48118591308594,6241886,0.0,0.0,COALINDIA
2022-10-17,172.4812015452747,174.08669385426393,169.96348529628932,173.68531799316406,5623812,0.0,0.0,COALINDIA
2022-10-18,174.05020495199165,176.7138619153318,172.84608849139357,176.38546752929688,6674374,0.0,0.0,COALINDIA
2022-10-19,176.6043974395726,177.3341676769262,172.95554625280457,173.83126831054688,13886387,0.0,0.0,COALINDIA
2022-10-20,172.9555527303229,176.96928918608987,170.47433828455843,175.8746337890625,10755972,0.0,0.0,COALINDIA
2022-10-21,175.87464089586928,176.13006495299447,173.72182075513896,174.1961669921875,3285505,0.0,0.0,COALINDIA
2022-10-24,175.80162345242962,176.38544179543197,175.14483477618242,175.5097198486328,730136,0.0,0.0,COALINDIA
2022-10-25,175.5097284876667,175.8381228419547,173.64881229948904,175.1083526611328,6976548,0.0,0.0,COALINDIA
2022-10-27,175.83812647906524,176.31248378765684,174.41507682410943,175.8016357421875,6422639,0.0,0.0,COALINDIA
2022-10-28,176.60439091020677,180.8370603574507,175.5462263322482,178.3558349609375,14076967,0.0,0.0,COALINDIA
2022-10-31,179.52347499118875,180.61813032650088,177.73554017059425,179.4869842529297,8365329,0.0,0.0,COALINDIA
2022-11-01,180.25326074708872,180.25326074708872,177.51662217299324,179.26806640625,8813106,0.0,0.0,COALINDIA
2022-11-02,179.26806073823528,182.1506621868038,176.71386481650356,179.37753295898438,14974441,0.0,0.0,COALINDIA
2022-11-03,178.06392614597257,180.69110328097855,175.87461557860405,179.66941833496094,6754654,0.0,0.0,COALINDIA
2022-11-04,180.0342826374215,181.49382284710538,179.1585607386928,179.5599365234375,5511411,0.0,0.0,COALINDIA
2022-11-07,180.47218321398907,183.4277549234689,180.07080735349498,182.11416625976562,10513106,0.0,0.0,COALINDIA
2022-11-09,186.45628339090374,192.22146343297538,185.76300393805857,186.6752166748047,40391668,0.0,0.0,COALINDIA
2022-11-10,188.2442220638579,190.10512706732217,183.9750621649963,185.06971740722656,20832572,0.0,0.0,COALINDIA
2022-11-11,188.86450058833384,188.93748205544028,184.19397621414086,184.8142852783203,20165337,0.0,0.0,COALINDIA
2022-11-14,185.76301613794985,187.0036233143189,179.70592094107718,180.39920043945312,18762693,0.0,0.0,COALINDIA
2022-11-15,182.10840584501088,185.56567824311165,179.15614587390507,180.3603515625,20225373,15.0,0.0,COALINDIA
2022-11-16,181.29268135443192,182.96303982108824,179.00077816586395,182.49688720703125,9764275,0.0,0.0,COALINDIA
2022-11-17,182.38034643623882,182.38034643623882,179.46692237176217,180.55459594726562,5737884,0.0,0.0,COALINDIA
2022-11-18,180.5934207188046,181.4480297429109,177.29154053755505,178.3403778076172,6413585,0.0,0.0,COALINDIA
2022-11-21,177.91308681416496,179.00076033226333,176.1261844446443,178.2626953125,6430876,0.0,0.0,COALINDIA
2022-11-22,177.56347914488953,179.2338374529294,176.86425029020248,177.99078369140625,5885877,0.0,0.0,COALINDIA
2022-11-23,178.6899754258069,179.54458439800447,177.91306248917294,179.1561279296875,5693274,0.0,0.0,COALINDIA
2022-11-24,179.272666597262,180.08842758111416,176.6311672592894,177.5246124267578,8198891,0.0,0.0,COALINDIA
2022-11-25,178.41808157246825,181.5257338487908,176.98079950752063,179.77767944335938,10046363,0.0,0.0,COALINDIA
2022-11-28,179.11727722830346,180.82648329234007,177.44690732671623,178.5734405517578,8146840,0.0,0.0,COALINDIA
2022-11-29,178.84535674418515,179.69996572164862,175.85424903256435,176.51461791992188,6628470,0.0,0.0,COALINDIA
2022-11-30,176.5146187786648,177.79653225109652,176.0096301061846,176.553466796875,12154948,0.0,0.0,COALINDIA
2022-12-01,177.44692459728785,179.00075059850667,174.72772909515493,175.6600341796875,22435771,0.0,0.0,COALINDIA
2022-12-02,175.66003592747086,177.1361659014153,175.03850314984888,176.04849243164062,6325649,0.0,0.0,COALINDIA
2022-12-05,176.04849207298176,180.08843733716657,175.9707960304054,179.6611328125,8732711,0.0,0.0,COALINDIA
2022-12-06,180.24378704118072,180.63224347876948,178.301504853237,179.97186279296875,7394839,0.0,0.0,COALINDIA
2022-12-07,180.36034447615873,180.36034447615873,177.6799970525697,178.49575805664062,4519547,0.0,0.0,COALINDIA
2022-12-08,178.41806293970518,179.661128462318,177.91307423944139,179.00074768066406,3135706,0.0,0.0,COALINDIA
2022-12-09,179.1172889949434,180.5157347227498,176.9807783108576,177.79653930664062,4197165,0.0,0.0,COALINDIA
2022-12-12,177.40810744143312,181.56458532723477,177.213879170468,180.55459594726562,7881379,0.0,0.0,COALINDIA
2022-12-13,181.3314773981997,182.1472383648958,179.54458710084253,179.89419555664062,4878457,0.0,0.0,COALINDIA
2022-12-14,180.04959109862102,181.17611259862213,179.73883063474202,180.3603515625,4730078,0.0,0.0,COALINDIA
2022-12-15,180.16610999389758,180.70995854762094,176.90307794531196,177.29153442382812,5221433,0.0,0.0,COALINDIA
2022-12-16,177.13618719223467,178.61231734360203,173.48469798509976,174.5335235595703,7757065,0.0,0.0,COALINDIA
2022-12-19,174.53348924618385,177.01962016671663,174.41695704573738,176.59231567382812,4073907,0.0,0.0,COALINDIA
2022-12-20,176.28155509637375,176.28155509637375,173.52352342801163,175.6600341796875,3784271,0.0,0.0,COALINDIA
2022-12-21,175.97078666229862,176.90307984982417,172.5135263372346,173.91197204589844,3675466,0.0,0.0,COALINDIA
2022-12-22,174.10619413711706,175.38809574283889,170.2216294473532,173.0185089111328,4755089,0.0,0.0,COALINDIA
2022-12-23,170.92085105513408,173.17389389532408,166.41475352000307,167.07513427734375,6561011,0.0,0.0,COALINDIA
2022-12-26,167.07515329644528,172.1639361303671,166.45362048726932,171.50355529785156,3116608,0.0,0.0,COALINDIA
2022-12-27,172.47468303098518,173.17389997704808,170.64893277051337,171.89199829101562,2961726,0.0,0.0,COALINDIA
2022-12-28,171.89200441493105,174.22274345784538,171.34816767586807,173.406982421875,3015714,0.0,0.0,COALINDIA
2022-12-29,171.5424050633816,174.30044878196856,171.27048075199536,172.20277404785156,4784105,0.0,0.0,COALINDIA
2022-12-30,172.66892514935205,175.9319575843736,172.66892514935205,174.8442840576172,4102247,0.0,0.0,COALINDIA
2023-01-02,176.1650013483406,176.51460978491758,174.14502305183993,174.61117553710938,4210225,0.0,0.0,COALINDIA
2023-01-03,174.8054181023841,175.38810282939204,173.25159216369622,174.106201171875,3643132,0.0,0.0,COALINDIA
2023-01-04,174.30043275041876,174.4169649561504,168.00743283638096,168.70664978027344,9550461,0.0,0.0,COALINDIA
2023-01-05,168.43474084655983,170.06625103444125,167.19167530410118,169.4835662841797,8815728,0.0,0.0,COALINDIA
2023-01-06,170.1439500984539,170.84316706928655,164.70555899941658,166.45361328125,12237065,0.0,0.0,COALINDIA
2023-01-09,167.30819352964642,169.1339316856668,166.2593563992466,166.99742126464844,6967190,0.0,0.0,COALINDIA
2023-01-10,167.03627642463235,168.82317849686916,166.41474372279993,168.3958740234375,5400260,0.0,0.0,COALINDIA
2023-01-11,168.82321147600035,169.75550478349467,164.86095010070883,165.79324340820312,7637956,0.0,0.0,COALINDIA
2023-01-12,167.42475194658354,168.59012144969202,165.3270892119386,166.1816864013672,7161675,0.0,0.0,COALINDIA
2023-01-13,166.4147543744488,167.58012381944457,165.90976569018434,167.11398315429688,3671193,0.0,0.0,COALINDIA
2023-01-16,167.4247681734855,167.73552866253283,165.05518091655287,166.06517028808594,3987352,0.0,0.0,COALINDIA
2023-01-17,166.06515411448115,167.15282757496774,164.00633940186307,165.56016540527344,5871758,0.0,0.0,COALINDIA
2023-01-18,166.1428480604229,168.86204353208444,165.63784750283486,168.4735870361328,6441530,0.0,0.0,COALINDIA
2023-01-19,168.395927920055,174.65008124720623,167.1528621185359,173.9897003173828,12938871,0.0,0.0,COALINDIA
2023-01-20,174.6888795890435,178.1072917887818,173.0573576704521,176.35923767089844,13444947,0.0,0.0,COALINDIA
2023-01-23,177.52461940230907,179.00074935128106,176.51463013760386,178.76768493652344,8736715,0.0,0.0,COALINDIA
2023-01-24,178.84537568431028,180.24382149791694,176.51463661321654,176.82540893554688,4252051,0.0,0.0,COALINDIA
2023-01-25,176.98076597299868,177.13614618642265,173.83426626847398,175.6988525390625,3855827,0.0,0.0,COALINDIA
2023-01-27,176.35921955408384,176.86420817214068,170.37699289170138,172.78541564941406,6171667,0.0,0.0,COALINDIA
2023-01-30,172.78546075688672,176.20388535262794,171.5035589427041,175.4658203125,6172517,0.0,0.0,COALINDIA
2023-01-31,174.8054207550742,177.40808398377249,173.95081173392666,174.6888885498047,7424552,0.0,0.0,COALINDIA
2023-02-01,177.13617313017417,177.13617313017417,166.37592278365526,171.4258575439453,24008324,0.0,0.0,COALINDIA
2023-02-02,171.69777129833267,172.24160802199248,168.59011932913205,169.09510803222656,6806578,0.0,0.0,COALINDIA
2023-02-03,169.36703669289264,171.4646994552946,166.7255371927941,170.06625366210938,8776614,0.0,0.0,COALINDIA
2023-02-06,170.29931986367575,171.19277688788506,167.54127646200965,170.61009216308594,5742881,0.0,0.0,COALINDIA
2023-02-07,170.61012097887127,171.81432679637712,168.59014218316256,170.68780517578125,4907167,0.0,0.0,COALINDIA
2023-02-08,170.92656420997568,172.8367980206904,170.4489996848118,171.5235137939453,6316867,5.25,0.0,COALINDIA
2023-02-09,171.9214644966637,172.55821309046001,169.69285049086125,170.76736450195312,4383159,0.0,0.0,COALINDIA
2023-02-10,170.32961466182772,170.647982915357,167.9020172575132,168.33978271484375,4954439,0.0,0.0,COALINDIA
2023-02-13,168.3397880528804,170.09083779275784,166.46934110541565,169.573486328125,6142208,0.0,0.0,COALINDIA
2023-02-14,169.57348766540414,170.56840367829085,168.02142111429507,168.5387725830078,6758731,0.0,0.0,COALINDIA
2023-02-15,167.94180373656147,170.17041777912112,167.38465326216394,169.45407104492188,9612884,0.0,0.0,COALINDIA
2023-02-16,169.93163722453355,172.3194354056745,169.61326899170257,171.48370361328125,13093683,0.0,0.0,COALINDIA
2023-02-17,171.0061698647794,173.71233657310748,170.48880624894224,173.11538696289062,7243093,0.0,0.0,COALINDIA
2023-02-20,173.39393843745125,174.26945709463985,171.8816590650856,173.75210571289062,8479587,0.0,0.0,COALINDIA
2023-02-21,174.15011161434325,174.46847989928943,169.81227997085057,170.3694305419922,4655766,0.0,0.0,COALINDIA
2023-02-22,170.76737847987695,171.80209351136995,168.41937923396955,168.6183624267578,6003852,0.0,0.0,COALINDIA
2023-02-23,169.49389289073955,171.88169136906404,169.09592647768548,171.04595947265625,6219715,0.0,0.0,COALINDIA
2023-02-24,171.92145516471513,172.95617005534834,170.88674027408192,172.75718688964844,5154174,0.0,0.0,COALINDIA
2023-02-27,172.7174266345525,173.5133594761864,171.20515909343666,172.67762756347656,4841279,0.0,0.0,COALINDIA
2023-02-28,172.39905304671908,172.67762224572937,168.73775722996723,171.4439239501953,6054079,0.0,0.0,COALINDIA
2023-03-01,171.44391093442272,174.30927371651785,170.72757631138393,174.11029052734375,4510175,0.0,0.0,COALINDIA
2023-03-02,174.11029741936463,178.64711188312654,172.9959963738689,177.37362670898438,11354939,0.0,0.0,COALINDIA
2023-03-03,178.20931964133158,180.2389503752528,177.01542063843306,177.45318603515625,7089438,0.0,0.0,COALINDIA
2023-03-06,177.45321303013398,179.48284407281176,176.49809611151224,179.00527954101562,4771341,0.0,0.0,COALINDIA
2023-03-08,178.96548461914062,179.20425472939698,177.21442284412734,178.96548461914062,4271464,0.0,0.0,COALINDIA
2023-03-09,178.96548876488697,180.63694030025076,178.0103597218559,178.92568969726562,4263468,0.0,0.0,COALINDIA
2023-03-10,177.45320698701502,179.3236538370534,176.2593078431531,178.56752014160156,3670173,0.0,0.0,COALINDIA
2023-03-13,178.4481406807538,179.68183901438726,174.58787368547846,175.74197387695312,3877606,0.0,0.0,COALINDIA
2023-03-14,175.74196528562996,177.33383089121543,174.18989874917827,175.94094848632812,5723922,0.0,0.0,COALINDIA
2023-03-15,176.65728419116382,177.65220020051368,174.7868493805686,175.02561950683594,2992144,0.0,0.0,COALINDIA
2023-03-16,173.95112087712877,177.05525402850995,172.20007109570938,175.78176879882812,4988245,0.0,0.0,COALINDIA
2023-03-17,176.69708414962523,179.841016325996,175.18481666579245,176.4185028076172,15720256,0.0,0.0,COALINDIA
2023-03-20,175.10518581591356,176.37868293438038,171.68267293688152,172.75718688964844,4244575,0.0,0.0,COALINDIA
2023-03-21,173.63270553174684,174.26945409098025,171.88165610258142,172.75718688964844,3998751,0.0,0.0,COALINDIA
2023-03-22,172.63784031283433,172.63784031283433,169.6133050235141,170.2898406982422,9675449,0.0,0.0,COALINDIA
2023-03-23,169.65307483901864,170.92657220235634,169.05612522713614,169.81227111816406,4730918,0.0,0.0,COALINDIA
2023-03-24,169.73266544440187,170.2500168937472,165.55401834670852,165.9121856689453,6611089,0.0,0.0,COALINDIA
2023-03-27,165.9520194173222,167.30510299796524,165.23568462315026,165.87242126464844,4002212,0.0,0.0,COALINDIA
2023-03-28,166.66832162021157,168.14080214192794,165.91218789756152,166.27035522460938,6157526,0.0,0.0,COALINDIA
2023-03-29,167.10608291159795,171.04594770068405,165.87238468704345,169.49388122558594,16734166,0.0,0.0,COALINDIA
2023-03-31,168.8969556547216,170.5684195700893,168.06122369703775,170.05105590820312,5139018,0.0,0.0,COALINDIA
2023-04-03,170.40921058306648,175.7817567701019,170.17042832353755,175.22459411621094,7754066,0.0,0.0,COALINDIA
2023-04-05,175.34399727598105,178.4879293891821,175.34399727598105,177.0950469970703,6491910,0.0,0.0,COALINDIA
2023-04-06,177.05524732407434,177.61239785002357,175.3439966775937,176.4582977294922,4589598,0.0,0.0,COALINDIA
2023-04-10,176.25929769458133,178.64709584482168,176.0205154505634,176.7368621826172,3498235,0.0,0.0,COALINDIA
2023-04-11,177.29402607646273,178.5277243098048,176.6970764937137,178.01036071777344,3995959,0.0,0.0,COALINDIA
2023-04-12,178.28893794068802,181.47266897534317,178.01035661716764,181.23388671875,5136012,0.0,0.0,COALINDIA
2023-04-13,181.39309843325424,182.78598097278768,178.64713242716837,179.4828643798828,3478451,0.0,0.0,COALINDIA
2023-04-17,179.4828408076365,183.02473922828318,179.40324267212836,182.7461700439453,6265943,0.0,0.0,COALINDIA
2023-04-18,182.74616441064393,184.97476639652962,182.46758308992324,184.81558227539062,8004952,0.0,0.0,COALINDIA
2023-04-19,185.92991408541025,186.7258469160071,182.2686182066763,183.38291931152344,7424582,0.0,0.0,COALINDIA
2023-04-20,182.98492903067546,184.2584262515248,182.34819256522036,182.70635986328125,2589165,0.0,0.0,COALINDIA
2023-04-21,183.06454053136935,183.42270785558878,181.0349095008318,183.10433959960938,2459508,0.0,0.0,COALINDIA
2023-04-24,182.7063675120086,184.65640034528158,182.7063675120086,184.29823303222656,2587030,0.0,0.0,COALINDIA
2023-04-25,183.97985391819142,184.89518388565205,182.98493796114957,183.26351928710938,2570946,0.0,0.0,COALINDIA
2023-04-26,183.0645685538374,183.58192008523974,181.47270274032576,182.86558532714844,3439487,0.0,0.0,COALINDIA
2023-04-27,182.86554723778718,185.05436227545383,182.38798273521743,184.45741271972656,3349374,0.0,0.0,COALINDIA
2023-04-28,185.0543873370514,186.84523624676478,184.33805263115462,185.53195190429688,4771074,0.0,0.0,COALINDIA
2023-05-02,185.61151129325216,188.99422541554867,185.5319253067682,187.9197235107422,3773537,0.0,0.0,COALINDIA
2023-05-03,187.87993719493176,190.18813742409128,186.725837080352,188.5564727783203,4523385,0.0,0.0,COALINDIA
2023-05-04,188.51667980683465,189.4319976264534,186.36765163039038,188.99423217773438,7248108,0.0,0.0,COALINDIA
2023-05-05,189.31261672310458,189.43200178220604,187.84013622101102,188.95443725585938,3043479,0.0,0.0,COALINDIA
2023-05-08,185.0543654552296,185.7707000764231,183.06453356861422,185.33294677734375,9711437,0.0,0.0,COALINDIA
2023-05-09,186.88500000863425,190.06873080215453,185.85028507174633,188.1186981201172,7318928,0.0,0.0,COALINDIA
2023-05-10,188.59627659068397,188.83505886228588,186.6860427078104,188.2779083251953,3650159,0.0,0.0,COALINDIA
2023-05-11,188.2779141116507,189.5513993577149,187.60136634548104,187.95953369140625,2675726,0.0,0.0,COALINDIA
2023-05-12,187.95953372220865,188.83506469681038,186.4472661969561,187.08401489257812,2348435,0.0,0.0,COALINDIA
2023-05-15,186.72583768007402,190.70550163621397,186.12888808665303,189.19322204589844,4217892,0.0,0.0,COALINDIA
2023-05-16,190.02894911176367,192.37694835765842,188.99423408027624,191.77999877929688,6016484,0.0,0.0,COALINDIA
2023-05-17,191.77999969056285,193.96881482162232,191.62081556457076,192.29736328125,4968232,0.0,0.0,COALINDIA
2023-05-18,192.61573924946376,193.3320739176098,190.1881417596809,190.70550537109375,3512113,0.0,0.0,COALINDIA
2023-05-19,191.02385777561577,192.29735501877445,188.07890906390233,190.9442596435547,3810543,0.0,0.0,COALINDIA
2023-05-22,190.5463015145924,191.978982938869,188.99423503203033,189.98915100097656,2891415,0.0,0.0,COALINDIA
2023-05-23,190.1881697173075,191.18308587207994,188.4769187890879,190.4667510986328,3213453,0.0,0.0,COALINDIA
2023-05-24,189.6707776945096,192.21776007814526,189.4319954393316,191.81979370117188,2422138,0.0,0.0,COALINDIA
2023-05-25,192.01879187704841,192.77492562332137,189.3524120852233,191.0636749267578,3810138,0.0,0.0,COALINDIA
2023-05-26,190.86467493936615,192.9738918584945,190.307524446103,192.21775817871094,2646742,0.0,0.0,COALINDIA
2023-05-29,192.2575473419766,197.112729556006,191.66059781316378,195.87904357910156,8069985,0.0,0.0,COALINDIA
2023-05-30,195.99844710749764,196.71478175162827,193.6504478351024,194.44638061523438,4657906,0.0,0.0,COALINDIA
2023-05-31,197.31173170921753,197.31173170921753,190.46671707414262,192.01878356933594,15727646,0.0,0.0,COALINDIA
2023-06-01,183.38292657556642,184.57682586875364,182.38801049791041,183.3431396484375,35509867,0.0,0.0,COALINDIA
2023-06-02,181.8706498737598,185.77071584457408,181.55228160286634,183.7808837890625,36400588,0.0,0.0,COALINDIA
2023-06-05,183.46252386220218,184.0196744340909,182.62679193188328,182.82577514648438,19807347,0.0,0.0,COALINDIA
2023-06-06,182.90537279255472,183.58190843337434,180.4777751520336,181.31350708007812,13495524,0.0,0.0,COALINDIA
2023-06-07,182.0696223598475,184.2584374920424,181.5522709138623,183.62168884277344,21853324,0.0,0.0,COALINDIA
2023-06-08,184.17882965687028,184.17882965687028,181.19408190652146,181.55226135253906,8538256,0.0,0.0,COALINDIA
2023-06-09,182.2288068358024,182.6267732242383,180.95532167978973,181.194091796875,5137982,0.0,0.0,COALINDIA
2023-06-12,181.67165089902917,182.46758365214652,180.39815363605348,182.2686004638672,4261576,0.0,0.0,COALINDIA
2023-06-13,183.06455270953646,183.30333498989097,181.47268703380135,182.22882080078125,5574798,0.0,0.0,COALINDIA
2023-06-14,182.98495456776118,182.98495456776118,181.1145196857552,182.22882080078125,7034468,0.0,0.0,COALINDIA
2023-06-15,182.42777817819373,182.78594547552282,181.3930632064889,181.95022583007812,6363240,0.0,0.0,COALINDIA
2023-06-16,181.8706470974953,182.82576404056672,181.47268069246795,181.9104461669922,8518319,0.0,0.0,COALINDIA
2023-06-19,181.87065678693355,182.10943907166563,180.35838922524962,180.796142578125,8210198,0.0,0.0,COALINDIA
2023-06-20,181.27368353748216,181.27368353748216,179.48283485269914,180.87571716308594,5024593,0.0,0.0,COALINDIA
2023-06-21,181.31348961571885,182.10942239529183,180.23897550530717,181.83084106445312,4705567,0.0,0.0,COALINDIA
2023-06-22,181.7910324135967,182.7461614147122,180.358363201863,180.63693237304688,6566989,0.0,0.0,COALINDIA
2023-06-23,180.75636821900784,181.11453559852265,178.92572010207704,179.80123901367188,3881707,0.0,0.0,COALINDIA
2023-06-26,179.88083926740126,180.23900665110736,177.6920237453422,178.5277557373047,6145625,0.0,0.0,COALINDIA
2023-06-27,180.15938316821004,180.51755047740735,178.20933821097034,179.20425415039062,6282912,0.0,0.0,COALINDIA
2023-06-28,179.2042535326338,181.19408540461495,178.40832078384133,180.87571716308594,19512531,0.0,0.0,COALINDIA
2023-06-30,181.39307713732768,184.13905496600194,180.47775929108326,183.8604736328125,7850296,0.0,0.0,COALINDIA
2023-07-03,184.2584378174523,186.04928656513812,182.94515359380418,184.37782287597656,7860203,0.0,0.0,COALINDIA
2023-07-04,184.85537493799885,185.29314036469307,183.30330855696434,184.49720764160156,3662791,0.0,0.0,COALINDIA
2023-07-05,184.49721339395745,185.33294520825433,183.14413015150865,184.1788330078125,4859892,0.0,0.0,COALINDIA
2023-07-06,184.17886563522129,187.84016178218488,183.86049733764708,186.72586059570312,7254947,0.0,0.0,COALINDIA
2023-07-07,184.6564404088208,187.72078705807695,184.41765809998725,186.24830627441406,6393850,0.0,0.0,COALINDIA
2023-07-10,187.04420185599096,187.52176637829226,185.33295125019023,186.04928588867188,6223180,0.0,0.0,COALINDIA
2023-07-11,186.0891221168493,187.6809879824426,185.85033980801575,186.24830627441406,10775084,0.0,0.0,COALINDIA
2023-07-12,187.044199648501,188.87484743575698,185.96968555848966,186.56663513183594,11313272,0.0,0.0,COALINDIA
2023-07-13,187.0442327682869,187.28301506890045,182.2686353359051,182.98497009277344,20205328,0.0,0.0,COALINDIA
2023-07-14,183.06452152948737,184.7359850623095,182.86553835391183,183.90025329589844,7390502,0.0,0.0,COALINDIA
2023-07-17,183.8604883329587,185.17377267734838,182.8257731990603,183.22373962402344,4963515,0.0,0.0,COALINDIA
2023-07-18,182.82574615081893,185.0145611642908,181.1144956346379,181.67164611816406,6168942,0.0,0.0,COALINDIA
2023-07-19,182.42777817819373,182.9849286568134,181.63184545303147,181.95022583007812,5247533,0.0,0.0,COALINDIA
2023-07-20,181.9900542717281,183.621719159572,181.27371951363682,182.86558532714844,3195629,0.0,0.0,COALINDIA
2023-07-21,182.74616497372557,183.46249959354316,181.9104331539584,182.2686004638672,3903407,0.0,0.0,COALINDIA
2023-07-24,182.2686121716577,184.65641058438686,181.9104448387425,183.8206787109375,3456895,0.0,0.0,COALINDIA
2023-07-25,184.89519674315594,184.93499581319924,182.1492309397616,183.02474975585938,11024983,0.0,0.0,COALINDIA
2023-07-26,183.50230822399755,184.01965968249922,182.18901182592538,183.46250915527344,7574284,0.0,0.0,COALINDIA
2023-07-27,183.86047717873421,184.5768118422215,181.59206383607324,182.30841064453125,7837850,0.0,0.0,COALINDIA
2023-07-28,182.74616427262026,183.0247334481606,180.557349209945,180.75633239746094,8817344,0.0,0.0,COALINDIA
2023-07-31,181.87064074533976,183.0247408506159,180.55735651260667,182.46759033203125,19422170,0.0,0.0,COALINDIA
2023-08-01,183.0645501041229,192.05859347301535,182.22881820726204,191.30245971679688,22409256,0.0,0.0,COALINDIA
2023-08-02,191.9391998823001,193.5310655654043,184.89520152154682,186.68605041503906,25003960,0.0,0.0,COALINDIA
2023-08-03,186.68603713174485,187.1238025924444,182.6267750706698,183.10433959960938,13949266,0.0,0.0,COALINDIA
2023-08-04,185.2931521825034,188.2381010167739,183.46250437364222,186.04928588867188,6725977,0.0,0.0,COALINDIA
2023-08-07,186.84521803824043,187.84013400223535,184.8951851778045,185.41253662109375,6744074,0.0,0.0,COALINDIA
2023-08-08,185.45233439260144,187.36256817213373,182.5073855887516,183.26351928710938,13828141,0.0,0.0,COALINDIA
2023-08-09,185.6513157073682,187.60134853446445,183.5420987577484,186.84521484375,35271302,0.0,0.0,COALINDIA
2023-08-10,186.8452298029557,188.4768945156392,186.60644752756795,186.96461486816406,10749822,0.0,0.0,COALINDIA
2023-08-11,186.2482801869718,187.5217775590592,186.04929698164386,186.96461486816406,6132454,0.0,0.0,COALINDIA
2023-08-14,187.8401189389694,187.99930305144923,183.62167316092243,186.1686553955078,6092872,0.0,0.0,COALINDIA
2023-08-16,186.24827545567666,186.8850241255449,184.73600799158893,185.4921417236328,4576249,0.0,0.0,COALINDIA
2023-08-17,186.00947306212663,186.168657176129,183.94005529015698,184.89517211914062,5602132,0.0,0.0,COALINDIA
2023-08-18,185.0571769878003,185.42161972256974,183.84235963339458,184.20680236816406,6904019,4.0,0.0,COALINDIA
2023-08-21,184.20678180737312,186.91987853915325,183.842339113282,186.35296630859375,4955953,0.0,0.0,COALINDIA
2023-08-22,186.59591698268164,187.93222331737883,186.02900476088266,186.87937927246094,4280368,0.0,0.0,COALINDIA
2023-08-23,187.28433206152522,187.48680160969985,186.51495025001378,187.00086975097656,2524601,0.0,0.0,COALINDIA
2023-08-24,187.770254174873,188.41814680919742,185.05715742704004,185.66456604003906,6378317,0.0,0.0,COALINDIA
2023-08-25,185.46208472320444,186.35295557545882,184.24726757436247,184.40924072265625,3890957,0.0,0.0,COALINDIA
2023-08-28,185.05715631896422,186.31246991653103,184.2472781731482,185.8265380859375,3360861,0.0,0.0,COALINDIA
2023-08-29,185.82653676005938,186.59591852154307,185.25962453358503,186.23147583007812,3112560,0.0,0.0,COALINDIA
2023-08-30,186.35298409909822,186.87940000106727,185.05717399889002,185.2596435546875,4086281,0.0,0.0,COALINDIA
2023-08-31,185.46212533803308,186.6364463675294,184.97619342897718,186.3125,10403460,0.0,0.0,COALINDIA
2023-09-01,186.83888078215531,192.143584967239,186.79838440439326,191.86012268066406,14869577,0.0,0.0,COALINDIA
2023-09-04,193.35842025290796,201.61917542148007,192.8724883897964,200.6878204345703,24785966,0.0,0.0,COALINDIA
2023-09-05,201.9431444907177,207.24783708711095,200.4448648006187,206.8024139404297,19654487,0.0,0.0,COALINDIA
2023-09-06,207.28831638273363,208.78658359156032,204.53473553132875,207.16683959960938,13346191,0.0,0.0,COALINDIA
2023-09-07,207.3287950501825,222.51400953139702,206.3569437949366,221.90660095214844,72255521,0.0,0.0,COALINDIA
2023-09-08,222.39255781039884,230.3698629929162,219.39599859567986,228.46664428710938,41855413,0.0,0.0,COALINDIA
2023-09-11,230.00541778611856,230.1674033186557,224.53873972254002,225.91554260253906,14505153,0.0,0.0,COALINDIA
2023-09-12,226.7659257235399,226.8064097526379,217.85726435582941,219.27455139160156,17547706,0.0,0.0,COALINDIA
2023-09-13,219.88190501825108,227.98068605023084,217.85720976025613,226.48240661621094,17607568,0.0,0.0,COALINDIA
2023-09-14,227.81868946786065,228.54759949771713,224.09327014667775,224.78164672851562,12033796,0.0,0.0,COALINDIA
2023-09-15,225.55105149614812,230.12685783115302,224.7816574127367,226.19894409179688,13288180,0.0,0.0,COALINDIA
2023-09-18,226.1989716404842,228.99306131998696,222.27108213827012,227.7782440185547,8754852,0.0,0.0,COALINDIA
2023-09-20,226.360916748945,233.24488022789325,226.03697046950964,230.24832153320312,18615797,0.0,0.0,COALINDIA
2023-09-21,230.734283570252,232.27304713601205,225.63206103233176,227.13034057617188,11071899,0.0,0.0,COALINDIA
2023-09-22,226.76589178478878,231.70615365606156,226.11799912304056,229.47898864746094,8691024,0.0,0.0,COALINDIA
2023-09-25,230.24835720875336,234.0547945495741,227.69724587908533,233.285400390625,9118957,0.0,0.0,COALINDIA
2023-09-26,233.6093465942295,235.99847214726802,231.7466121447819,232.2325439453125,11256196,0.0,0.0,COALINDIA
2023-09-27,233.24493720109152,237.6182748305074,230.41036331149493,236.1199951171875,12805340,0.0,0.0,COALINDIA
2023-09-28,236.1200188615155,238.22570747721218,234.05483899191464,235.02670288085938,12432497,0.0,0.0,COALINDIA
2023-09-29,237.13232239065724,240.93875974169228,235.99849787615344,239.0760498046875,8640829,0.0,0.0,COALINDIA
2023-10-03,240.57432571086846,240.61483445292367,234.94568666911778,236.40345764160156,9348540,0.0,0.0,COALINDIA
2023-10-04,235.51255494045932,236.07947952879462,231.544156968671,233.2044219970703,6338888,0.0,0.0,COALINDIA
2023-10-05,233.89282423644002,235.31011114680925,229.92442583051061,234.33827209472656,8687014,0.0,0.0,COALINDIA
2023-10-06,235.63406757111377,235.6745515941141,232.43503885742524,233.0829315185547,3741467,0.0,0.0,COALINDIA
2023-10-09,231.66564469625334,234.01431120276936,229.23601014373668,233.0829315185547,4647845,0.0,0.0,COALINDIA
2023-10-10,233.4474072185117,246.1219969778172,233.08295211721725,245.5955810546875,23283411,0.0,0.0,COALINDIA
2023-10-11,246.64841798084296,247.01287308964362,242.5180585638939,244.46176147460938,12321154,0.0,0.0,COALINDIA
2023-10-12,245.0286328813148,250.33334977682208,244.50221700868966,248.79458618164062,15375295,0.0,0.0,COALINDIA
2023-10-13,247.01282719311823,251.7506191495982,246.5674041122562,249.4019775390625,9516879,0.0,0.0,COALINDIA
2023-10-16,249.32098702517732,254.01827028847765,248.26813062787272,252.68197631835938,10535107,0.0,0.0,COALINDIA
2023-10-17,253.49183923985655,257.82469191437616,252.7629539103854,257.0552978515625,7760527,0.0,0.0,COALINDIA
2023-10-18,257.01486432153763,258.9585671537861,255.3141150749994,256.69091796875,9662837,0.0,0.0,COALINDIA
2023-10-19,255.35456981072198,255.6785408418715,250.13087059295097,254.9496307373047,8977527,0.0,0.0,COALINDIA
2023-10-20,253.0869589564942,256.4884575710788,250.7383169204826,253.00596618652344,6009115,0.0,0.0,COALINDIA
2023-10-23,253.12744765861598,253.37042597301567,247.01287650350912,247.90374755859375,8086150,0.0,0.0,COALINDIA
2023-10-25,247.90373254297504,253.24893383419823,247.01286154185078,251.30520629882812,7253336,0.0,0.0,COALINDIA
2023-10-26,250.37383676109337,250.37383676109337,245.31209808843857,247.21531677246094,8329092,0.0,0.0,COALINDIA
2023-10-27,247.82268991322877,256.85282546859753,247.82268991322877,254.26123046875,10503070,0.0,0.0,COALINDIA
2023-10-30,255.11163219908775,255.7595248708452,252.64151358305108,254.74717712402344,6229982,0.0,0.0,COALINDIA
2023-10-31,256.5289222031429,256.56940622730576,251.66965295856875,254.5042266845703,7446586,0.0,0.0,COALINDIA
2023-11-01,253.65385320528665,255.75951667881418,247.7012437015337,248.34913635253906,9593653,0.0,0.0,COALINDIA
2023-11-02,250.21191318407452,253.3299248979691,248.8755942032345,250.13092041015625,7071960,0.0,0.0,COALINDIA
2023-11-03,251.5481518805475,254.86865715347588,251.30517361246837,252.68197631835938,4658440,0.0,0.0,COALINDIA
2023-11-06,253.65384087155286,258.79654723820823,253.49185535891777,256.3669128417969,10340818,0.0,0.0,COALINDIA
2023-11-07,256.32645265128565,258.1891626421638,254.0182948170086,254.5042266845703,6826885,0.0,0.0,COALINDIA
2023-11-08,255.9214734817721,257.6627064120414,254.74714037863922,257.0552978515625,6424833,0.0,0.0,COALINDIA
2023-11-09,257.9057128865422,262.80546592434735,255.67854792108162,262.03607177734375,15503280,0.0,0.0,COALINDIA
2023-11-10,262.7649987780554,264.14177692490546,260.41633216394786,261.91461181640625,8445203,0.0,0.0,COALINDIA
2023-11-13,269.689425927982,283.45735457896006,267.50274502073637,282.9309387207031,42178783,0.0,0.0,COALINDIA
2023-11-15,290.74623894358,290.74623894358,282.3235116164518,283.9432678222656,35092206,0.0,0.0,COALINDIA
2023-11-16,285.88701073692806,287.10182806300566,279.2865082083441,280.0558776855469,17617280,0.0,0.0,COALINDIA
2023-11-17,281.8375466006291,282.2829696185331,277.2212320718264,279.6103820800781,13542916,0.0,0.0,COALINDIA
2023-11-20,281.8375708376393,285.4010294338623,278.5575745115117,281.6351013183594,19032608,0.0,0.0,COALINDIA
2023-11-21,283.752711836455,286.7172924078806,278.54352543076817,283.0751037597656,15148068,15.25,0.0,COALINDIA
2023-11-22,284.4302820071001,286.2090352827191,279.51755948309295,281.3386535644531,7599447,0.0,0.0,COALINDIA
2023-11-23,281.6350992923061,284.6420200879729,279.51754215476996,283.28680419921875,6186567,0.0,0.0,COALINDIA
2023-11-24,284.04914517563145,285.8278985011438,281.2963206489611,281.88922119140625,7054445,0.0,0.0,COALINDIA
2023-11-28,283.58329121329297,290.1053786794452,282.3127567081275,289.6395263671875,10791886,0.0,0.0,COALINDIA
2023-11-29,290.5289228814976,292.22296907905735,286.37851486729494,289.9783630371094,14149513,0.0,0.0,COALINDIA
2023-11-30,292.2228887459215,292.2228887459215,286.336069488072,289.8088684082031,11959336,0.0,0.0,COALINDIA
2023-12-01,291.20649322796703,297.3897765560468,290.06303287228786,293.6205139160156,15105221,0.0,0.0,COALINDIA
2023-12-04,297.3897685488975,304.9282677768973,297.00859787454056,300.4390563964844,22705896,0.0,0.0,COALINDIA
2023-12-05,301.28607070255737,301.92133790883287,296.45802959522814,301.15899658203125,15782945,0.0,0.0,COALINDIA
2023-12-06,301.3707422334738,307.0458060926138,295.9921674129149,298.27911376953125,14817158,0.0,0.0,COALINDIA
2023-12-07,299.67671300818796,299.67671300818796,295.10279419248224,298.1097412109375,8507659,0.0,0.0,COALINDIA
2023-12-08,298.1520460514601,303.5729871734876,293.8322243053291,297.3050231933594,13444251,0.0,0.0,COALINDIA
2023-12-11,297.3050768082539,303.74245686053,297.3050768082539,299.5496826171875,11420609,0.0,0.0,COALINDIA
2023-12-12,299.97315114692606,300.35432178683635,292.34994514141795,294.3404541015625,8789103,0.0,0.0,COALINDIA
2023-12-13,295.9498148807961,296.28861889249015,291.1217995537055,292.392333984375,8091533,0.0,0.0,COALINDIA
2023-12-14,295.7804127344398,297.4744585671706,292.90051413952693,294.4251708984375,13142466,0.0,0.0,COALINDIA
2023-12-15,296.4580383300781,300.1425934048556,295.145163071395,296.4580383300781,14331890,0.0,0.0,COALINDIA
2023-12-18,297.3050305943883,297.5167863141849,289.9359212058328,294.4674987792969,7959685,0.0,0.0,COALINDIA
2023-12-19,293.49343483293467,313.1867172567896,293.49343483293467,310.8150634765625,28937243,0.0,0.0,COALINDIA
2023-12-20,312.5514550294469,314.9231088472167,296.4580196756271,298.27911376953125,23224408,0.0,0.0,COALINDIA
2023-12-21,297.38980290738004,302.2178188621914,293.15468758784766,301.11669921875,10028664,0.0,0.0,COALINDIA
2023-12-22,304.08121355533274,311.19620056898276,301.8789489001564,307.6810607910156,13916380,0.0,0.0,COALINDIA
2023-12-26,308.1469631051925,314.923147238119,307.0458435232284,310.0527648925781,11910267,0.0,0.0,COALINDIA
2023-12-27,310.8574273197929,312.720888177422,306.96111652144356,309.6716003417969,7890042,0.0,0.0,COALINDIA
2023-12-28,310.6880055412005,323.9862761025621,309.8409825971415,322.67340087890625,28310022,0.0,0.0,COALINDIA
2023-12-29,323.13924744788636,323.30866237333976,316.9983312119829,318.4806213378906,8859317,0.0,0.0,COALINDIA
2024-01-01,320.00524937871097,327.6284556716308,319.70881203547907,323.3933410644531,11124690,0.0,0.0,COALINDIA
2024-01-02,328.1366866282866,335.2940409165387,325.4685694977327,332.58355712890625,28363847,0.0,0.0,COALINDIA
2024-01-03,334.40464125206415,334.40464125206415,325.1297557105315,325.72265625,12903439,0.0,0.0,COALINDIA
2024-01-04,328.47546882005173,330.16951461252046,325.1720846945552,325.8920593261719,11039940,0.0,0.0,COALINDIA
2024-01-05,327.62849578659353,329.06844526897726,323.986307118105,325.4685974121094,8369460,0.0,0.0,COALINDIA
2024-01-08,327.33199279812385,329.19542757049044,321.23341789981134,322.2074890136719,9424716,0.0,0.0,COALINDIA
2024-01-09,324.9603801000475,328.6025946363769,323.6475047439502,326.40032958984375,9473743,0.0,0.0,COALINDIA
2024-01-10,326.82386684934073,326.82386684934073,318.35363588706207,323.60516357421875,9670366,0.0,0.0,COALINDIA
2024-01-11,326.5273549370946,329.4072278652951,324.6638940634467,325.55328369140625,9163771,0.0,0.0,COALINDIA
2024-01-12,326.78146873388164,326.78146873388164,321.4875748919701,322.80047607421875,7471050,0.0,0.0,COALINDIA
2024-01-15,323.9862788714026,328.5601976385928,323.0545484551572,325.807373046875,7490747,0.0,0.0,COALINDIA
2024-01-16,326.44269976642954,327.75560108971865,319.3700516640273,323.4781188964844,10165133,0.0,0.0,COALINDIA
2024-01-17,323.39335984200903,326.4003068971539,319.4970748564417,321.572265625,10996538,0.0,0.0,COALINDIA
2024-01-18,322.54633671067137,324.0286269085129,311.7044530318095,318.1841735839844,12493835,0.0,0.0,COALINDIA
2024-01-19,322.4192866336503,326.01913423686784,321.1064113768186,324.6215515136719,15893456,0.0,0.0,COALINDIA
2024-01-23,341.77375227987375,342.8748717493185,316.49011264771593,317.8876953125,16406737,0.0,0.0,COALINDIA
2024-01-24,321.6993041315589,328.47548769072046,316.9983371270261,324.07098388671875,22938994,0.0,0.0,COALINDIA
2024-01-25,327.6284845520393,331.7789179122042,326.40031671714786,329.83074951171875,13440949,0.0,0.0,COALINDIA
2024-01-29,332.7953105444436,351.2604262895063,331.6094835890388,349.65106201171875,27149058,0.0,0.0,COALINDIA
2024-01-30,352.1497677009919,352.1921085059993,340.1643989370293,340.96905517578125,14159072,0.0,0.0,COALINDIA
2024-01-31,343.0866107170961,346.5594097304702,339.1479594545872,344.0183410644531,23750822,0.0,0.0,COALINDIA
2024-02-01,346.262980490984,348.8887568730693,340.9267461089151,344.4842529296875,8862155,0.0,0.0,COALINDIA
2024-02-02,347.95702402048295,358.20600707676005,346.9829527796043,355.5802307128906,25177075,0.0,0.0,COALINDIA
2024-02-05,358.5024945910582,381.160360463027,353.2933081678818,372.9018859863281,31418925,0.0,0.0,COALINDIA
2024-02-06,376.75580213843176,382.0073548282564,370.36078913227294,380.016845703125,13386526,0.0,0.0,COALINDIA
2024-02-07,384.5484545187624,390.0964450097379,379.2969014081648,383.40496826171875,14430152,0.0,0.0,COALINDIA
2024-02-08,385.226020303149,396.91495230967877,381.1603205568448,388.95294189453125,18790158,0.0,0.0,COALINDIA
2024-02-09,391.49400273847067,392.84921872695907,369.00552877339453,386.411865234375,17472069,0.0,0.0,COALINDIA
2024-02-12,387.0894557110814,387.4706263462742,364.2621787819201,366.59149169921875,19472346,0.0,0.0,COALINDIA
2024-02-13,375.90878643394063,387.80947475697894,367.60797160822943,383.1508483886719,35665854,0.0,0.0,COALINDIA
2024-02-14,382.55787809604703,396.40670733626604,375.2311353631749,395.0091247558594,18592696,0.0,0.0,COALINDIA
2024-02-15,397.25381786513145,407.62985042131027,396.0256240800692,403.9029541015625,18501875,0.0,0.0,COALINDIA
2024-02-16,408.6038949766662,413.00842496962287,404.45348739624023,406.571044921875,14513583,0.0,0.0,COALINDIA
2024-02-19,408.9426910207726,412.88136862076965,385.77663282223386,390.47760009765625,19798448,0.0,0.0,COALINDIA
2024-02-20,392.3625121401145,392.3625121401145,377.84007695487475,382.5523681640625,27899165,5.25,0.0,COALINDIA
2024-02-21,386.3650683473345,386.3650683473345,369.27229171744705,370.9430236816406,19032050,0.0,0.0,COALINDIA
2024-02-22,375.2697479034804,383.8375503670302,366.6591168863561,381.3957214355469,22083710,0.0,0.0,COALINDIA
2024-02-23,383.83754170901875,385.20839530163676,378.39698203801277,380.3247375488281,9625544,0.0,0.0,COALINDIA
2024-02-26,380.3247721744549,383.194991425685,377.4545529232248,378.95391845703125,7570244,0.0,0.0,COALINDIA
2024-02-27,378.95389729506536,381.52423806662637,372.7422404304596,378.18280029296875,8343526,0.0,0.0,COALINDIA
2024-02-28,377.2403154060074,379.42512062615685,368.71536801814096,372.01397705078125,8893614,0.0,0.0,COALINDIA
2024-02-29,380.41043017694324,380.41043017694324,368.11562838667265,374.15594482421875,11711699,0.0,0.0,COALINDIA
2024-03-01,375.2697385347474,384.5229545056283,375.2697385347474,382.4238586425781,8411615,0.0,0.0,COALINDIA
2024-03-04,387.1361445593397,392.40533764108767,383.88036406110285,390.1777038574219,11977226,0.0,0.0,COALINDIA
2024-03-05,390.69181909611393,395.6183058500671,388.5926968900334,394.67584228515625,9605493,0.0,0.0,COALINDIA
2024-03-06,396.2179839203495,398.3599342580163,380.8815985851714,395.4897155761719,14061966,0.0,0.0,COALINDIA
2024-03-07,395.48977438113144,398.74552891973786,390.7346282363606,392.91943359375,9680802,0.0,0.0,COALINDIA
2024-03-11,394.97569257052606,396.5607412516449,387.60737724114034,388.8925476074219,7824738,0.0,0.0,COALINDIA
2024-03-12,388.8924876907275,390.52036467450534,382.72368657111855,384.9512939453125,8409613,0.0,0.0,COALINDIA
2024-03-13,384.9513204311358,385.4653937631865,351.27987016436686,357.3201599121094,17803423,0.0,0.0,COALINDIA
2024-03-14,358.99094718939324,367.4302384087784,353.1648515839656,366.4449462890625,20478918,0.0,0.0,COALINDIA
2024-03-15,366.44494019739426,366.74479238116584,343.7402625306319,355.77801513671875,25435001,0.0,0.0,COALINDIA
2024-03-18,356.42053967172967,362.8463907475421,354.32141786155563,361.4327087402344,9803914,0.0,0.0,COALINDIA
2024-03-19,357.27733302358166,363.7888675838383,354.7069924982322,359.0337219238281,8373676,0.0,0.0,COALINDIA
2024-03-20,359.67630459789603,362.2466451056852,353.5931863136128,359.4192810058594,6950340,0.0,0.0,COALINDIA
2024-03-21,363.27483479680683,371.4570759236989,362.5465663372999,370.1719055175781,9911230,0.0,0.0,COALINDIA
2024-03-22,369.18663816070926,373.7275895879007,366.959004078206,370.0862731933594,9172888,0.0,0.0,COALINDIA
2024-03-26,371.6712378463226,377.79723715334495,369.18658051210537,373.5133361816406,9389403,0.0,0.0,COALINDIA
2024-03-27,376.81196048997236,376.81196048997236,365.0312315210209,367.9443054199219,17985246,0.0,0.0,COALINDIA
2024-03-28,368.4155099314293,375.6553135504531,368.4155099314293,371.9283142089844,10332853,0.0,0.0,COALINDIA
2024-04-01,374.1559619561935,380.2390810790813,372.52805849269004,378.7397155761719,7256592,0.0,0.0,COALINDIA
2024-04-02,378.7396270506939,384.0945025951662,373.5989465280005,379.7249450683594,11530800,0.0,0.0,COALINDIA
2024-04-03,379.7250334753683,382.9807881056661,377.75442312809605,381.69561767578125,6972648,0.0,0.0,COALINDIA
2024-04-04,385.55108789368336,388.5498185773009,379.168064979812,384.5657958984375,14743020,0.0,0.0,COALINDIA
2024-04-05,384.48009053263434,384.5657737766087,380.41038483897415,382.9378967285156,4820138,0.0,0.0,COALINDIA
2024-04-08,384.6943399850604,385.9366818312835,380.8816573371554,383.323486328125,3980972,0.0,0.0,COALINDIA
2024-04-09,384.4372766568739,385.8081040253641,374.62713315162244,376.8547668457031,8005012,0.0,0.0,COALINDIA
2024-04-10,379.16808567239565,392.91942424584494,378.78255025157586,390.9916687011719,15825331,0.0,0.0,COALINDIA
2024-04-12,389.8350171922609,397.074820827432,387.7358951024823,390.3490905761719,11259294,0.0,0.0,COALINDIA
2024-04-15,384.651448114104,390.520371061058,377.9257188941003,386.4078369140625,7680715,0.0,0.0,COALINDIA
2024-04-16,384.69429845193997,391.03446651554066,382.4238362182875,388.29278564453125,4996845,0.0,0.0,COALINDIA
2024-04-18,389.79223875332633,391.37726151612037,372.82797178433725,375.78387451171875,10945138,0.0,0.0,COALINDIA
2024-04-19,373.5561469470854,375.78378057568216,366.74473426763376,372.9563903808594,7628287,0.0,0.0,COALINDIA
2024-04-22,377.7544488625323,380.8388633337527,375.2697910915268,379.5108642578125,6396926,0.0,0.0,COALINDIA
2024-04-23,381.90980657897927,381.90980657897927,376.34073480609453,377.7972717285156,5390120,0.0,0.0,COALINDIA
2024-04-24,378.3112807527933,384.4372800015262,377.9685739076892,380.2818908691406,6538090,0.0,0.0,COALINDIA
2024-04-25,379.55362426329845,388.97820635561516,378.48264902553524,387.65020751953125,10858594,0.0,0.0,COALINDIA
2024-04-26,388.97825270992485,394.504496054085,387.43605864250594,390.52044677734375,7209435,0.0,0.0,COALINDIA
2024-04-29,393.0050949532142,393.0050949532142,386.02231528571775,388.33563232421875,5305655,0.0,0.0,COALINDIA
2024-04-30,391.03447311886663,392.74803349725505,387.3074740665005,389.2352294921875,6021793,0.0,0.0,COALINDIA
2024-05-02,392.0197902693353,393.7333507577107,385.0370365085773,388.8925476074219,14980896,0.0,0.0,COALINDIA
2024-05-03,392.319658983393,407.6560197496723,385.03702708601696,406.6278991699219,51071947,0.0,0.0,COALINDIA
2024-05-06,410.39771552807366,412.4968374754255,380.453237099172,394.6329650878906,36408390,0.0,0.0,COALINDIA
2024-05-07,396.6892648663437,402.25833661932694,387.99295035836474,390.6918029785156,13728379,0.0,0.0,COALINDIA
2024-05-08,391.2915629607382,403.88621734439704,389.92070928818003,397.9316101074219,16978094,0.0,0.0,COALINDIA
2024-05-09,398.70271008454995,400.7161489797855,378.1399832842399,379.9820556640625,15601338,0.0,0.0,COALINDIA
2024-05-10,383.152117064644,386.53638317682805,377.1974841977819,385.0370178222656,9190621,0.0,0.0,COALINDIA
2024-05-13,386.62211873509864,387.0933374515441,372.4424149222286,380.41046142578125,11107909,0.0,0.0,COALINDIA
2024-05-14,382.7237563577103,386.1080227298164,381.35290269888173,384.43731689453125,6592194,0.0,0.0,COALINDIA
2024-05-15,385.55107335314176,402.6866766132814,385.12268327163827,400.8446044921875,23543942,0.0,0.0,COALINDIA
2024-05-16,401.53004187835325,406.97060146414003,392.276826030122,401.23016357421875,17232651,0.0,0.0,COALINDIA
2024-05-17,401.87276267309426,405.85681172204437,399.9450071256118,402.9009094238281,10625019,0.0,0.0,COALINDIA
2024-05-21,402.429710646315,423.16377787184484,402.429710646315,420.3792419433594,27356982,0.0,0.0,COALINDIA
2024-05-22,423.67785117325093,434.6874830711289,421.1931935747109,429.8466796875,28346931,0.0,0.0,COALINDIA
2024-05-23,431.30314666643125,431.64585351643683,421.6215408827771,426.0767822265625,14378840,0.0,0.0,COALINDIA
2024-05-24,424.92021800507746,433.0167764903914,419.09409603343425,429.2469482421875,12190536,0.0,0.0,COALINDIA
2024-05-27,430.917610929125,430.960439480271,420.46488205754076,423.6349792480469,8811105,0.0,0.0,COALINDIA
2024-05-28,424.962988463523,425.13435496600124,414.76730909064463,417.8088684082031,8165238,0.0,0.0,COALINDIA
2024-05-29,413.05376241397283,421.4501983779823,413.05376241397283,416.78076171875,8014727,0.0,0.0,COALINDIA
2024-05-30,416.39516653204925,418.06589833798813,410.8260953747276,413.0965576171875,7725080,0.0,0.0,COALINDIA
2024-05-31,415.0243124586092,422.4783104563388,410.3977047327469,420.8504333496094,11223848,0.0,0.0,COALINDIA
2024-06-03,441.2418019184827,451.8658972899276,433.14521858958534,438.9713134765625,24416215,0.0,0.0,COALINDIA
2024-06-04,438.9712912120136,439.0141720547043,351.96527698694484,378.61114501953125,48046493,0.0,0.0,COALINDIA
2024-06-05,387.2646580129402,396.5607285950558,364.2172754092406,394.5901184082031,18966089,0.0,0.0,COALINDIA
2024-06-06,402.6866908518763,415.0243204060518,398.10291158833996,405.2142028808594,21757857,0.0,0.0,COALINDIA
2024-06-07,405.25705189173004,412.36831739641474,400.6304438436907,410.5262451171875,8317343,0.0,0.0,COALINDIA
2024-06-10,415.5384209079839,418.1087616558683,407.39900853968317,409.283935546875,10958537,0.0,0.0,COALINDIA
2024-06-11,412.96809213790704,414.2532625491246,407.14199673246435,408.1272888183594,11169021,0.0,0.0,COALINDIA
2024-06-12,412.11127806514935,423.5064443179794,410.69759595812263,418.70849609375,15412796,0.0,0.0,COALINDIA
2024-06-13,423.16378359023577,423.16378359023577,414.25327372804276,418.0231018066406,7438571,0.0,0.0,COALINDIA
2024-06-14,418.02306248060637,421.87857345559075,415.7526001358203,417.2091369628906,5974636,0.0,0.0,COALINDIA
2024-06-18,421.53590466010075,422.30700169535095,415.7098091194773,419.0083923339844,6946544,0.0,0.0,COALINDIA
2024-06-19,419.30828803002004,420.85050831124414,408.25582700878704,409.4981689453125,8962510,0.0,0.0,COALINDIA
2024-06-20,412.1541254011075,417.5946851730631,404.0147130933046,413.953369140625,7864157,0.0,0.0,COALINDIA
2024-06-21,413.95335876792024,421.0217955949463,410.3977260782422,411.4258728027344,10340882,0.0,0.0,COALINDIA
2024-06-24,411.25448567155615,411.29731422173785,404.4002442436969,405.8567810058594,11124175,0.0,0.0,COALINDIA
2024-06-25,407.74171179590564,409.4981269795065,398.6598360045085,402.04412841796875,7951999,0.0,0.0,COALINDIA
2024-06-26,402.90089296875,404.2717465314547,398.44562542667387,401.61572265625,6655899,0.0,0.0,COALINDIA
2024-06-27,401.61574710666173,401.82994217178526,395.4040902180787,400.1592102050781,14857335,0.0,0.0,COALINDIA
2024-06-28,402.6867065969762,407.82738795778863,400.97314614337205,405.38555908203125,8302706,0.0,0.0,COALINDIA
2024-07-01,405.55690926276935,408.0843951419916,403.75766562953174,406.7992248535156,8579861,0.0,0.0,COALINDIA
2024-07-02,409.5409349895335,415.5383963805936,405.55691229484347,410.4833984375,14629287,0.0,0.0,COALINDIA
2024-07-03,412.8824402634469,417.8089272142327,410.7404894152791,415.4956359863281,7244652,0.0,0.0,COALINDIA
2024-07-04,418.7513233582939,422.2212727145918,415.79542120525736,419.4367370605469,7796954,0.0,0.0,COALINDIA
2024-07-05,419.3938920573082,422.6496462355787,417.1662583920862,421.1074523925781,5754517,0.0,0.0,COALINDIA
2024-07-08,422.13564148593423,424.9630058645965,417.4233500902583,422.6496887207031,7477292,0.0,0.0,COALINDIA
2024-07-09,425.7769425867329,425.7769425867329,420.76477304918404,423.07806396484375,6444684,0.0,0.0,COALINDIA
2024-07-10,423.07807407087506,424.02053756874113,411.7257358367369,420.46490478515625,5981477,0.0,0.0,COALINDIA
2024-07-11,421.5358823379352,433.530805819096,418.5799800213345,428.4329528808594,20146927,0.0,0.0,COALINDIA
2024-07-12,431.81721336509986,435.75840744661286,424.53458179049005,425.13433837890625,8198389,0.0,0.0,COALINDIA
2024-07-15,428.39009674394146,431.4745106698691,422.0070738437141,426.46234130859375,7106020,0.0,0.0,COALINDIA
2024-07-16,426.67652296973995,444.1548592859849,426.67652296973995,439.0570068359375,23169665,0.0,0.0,COALINDIA
2024-07-18,441.54164244726354,441.9272039849118,429.46106289236457,432.88818359375,12540956,0.0,0.0,COALINDIA
2024-07-19,432.93108420803395,433.8735477871655,417.0378197685617,418.1087951660156,9971704,0.0,0.0,COALINDIA
2024-07-22,418.10872632480266,424.9629677399634,414.2960440788771,420.8504333496094,7281653,0.0,0.0,COALINDIA
2024-07-23,423.2494144635524,424.791608349009,398.0172273733288,417.251953125,11311831,0.0,0.0,COALINDIA
2024-07-24,416.99494529462726,427.8760384464876,415.62409170746366,423.07806396484375,6823248,0.0,0.0,COALINDIA
2024-07-25,420.67907955772,431.4316606436807,414.6816181383635,423.2494201660156,10281157,0.0,0.0,COALINDIA
2024-07-26,426.8907508126199,438.41445539766454,426.8907508126199,436.82940673828125,20437968,0.0,0.0,COALINDIA
2024-07-29,440.81343094548413,441.8415776863158,434.8159692999673,438.8000183105469,7259754,0.0,0.0,COALINDIA
2024-07-30,438.8000349437626,450.3236877073504,436.9151078964068,444.96881103515625,13197520,0.0,0.0,COALINDIA
2024-07-31,448.48158922325376,450.15232100894383,437.38627559324317,447.4106140136719,11972565,0.0,0.0,COALINDIA
2024-08-01,458.37736423687875,464.5890201073785,452.37990339639623,463.0039978027344,34763894,0.0,0.0,COALINDIA
2024-08-02,457.5206066091591,460.26231358690745,447.4962682528004,449.3811950683594,10985150,0.0,0.0,COALINDIA
2024-08-05,441.2418565093309,441.2418565093309,426.2910297475038,434.21624755859375,11835031,0.0,0.0,COALINDIA
2024-08-06,435.3300255098777,443.1267305710786,426.6765402473768,428.0473937988281,7142269,0.0,0.0,COALINDIA
2024-08-07,434.9873044435583,456.49246587592364,434.9873044435583,455.378662109375,18293730,0.0,0.0,COALINDIA
2024-08-08,457.5205872527534,458.3773673786949,446.59664064699945,448.4815673828125,13624148,0.0,0.0,COALINDIA
2024-08-09,454.09351616078027,455.2501485391757,447.1107364570485,453.9221496582031,6468264,0.0,0.0,COALINDIA
2024-08-12,453.23673328481897,454.5219036060425,448.35307560542685,448.9100036621094,5238736,0.0,0.0,COALINDIA
2024-08-13,449.8095597841549,454.0078032596236,445.52565921478197,447.0250244140625,5201294,0.0,0.0,COALINDIA
2024-08-14,448.0104344376148,452.294335886459,427.5761931503966,432.4170227050781,14766889,0.0,0.0,COALINDIA
2024-08-16,439.3398007265937,446.305882955822,434.8399538251102,443.3204040527344,7313429,5.0,0.0,COALINDIA
2024-08-19,444.61847893809147,452.96915873301737,444.056031028865,451.7143859863281,10737456,0.0,0.0,COALINDIA
2024-08-20,453.74792561776803,457.2959053992094,450.8922706442929,453.9642639160156,8191127,0.0,0.0,COALINDIA
2024-08-21,455.60846128791974,463.18030181264777,453.79124068877223,460.5409851074219,9067794,0.0,0.0,COALINDIA
2024-08-22,462.0985881991229,463.3533608465773,455.8680348734945,457.6419982910156,8531700,0.0,0.0,COALINDIA
2024-08-23,457.7285975329169,468.2859174091535,457.642030520499,466.2955627441406,12566904,0.0,0.0,COALINDIA
2024-08-26,469.0214440866447,470.3627310109526,462.70437615957263,465.64654541015625,7193307,0.0,0.0,COALINDIA
2024-08-27,466.5118709767534,468.7618209000421,458.63717828765726,459.84869384765625,7865530,0.0,0.0,COALINDIA
2024-08-28,462.01212759293236,463.43992878469203,454.6998819674685,455.4786682128906,6066259,0.0,0.0,COALINDIA
2024-08-29,455.47865539543784,458.6372158388519,446.6087847117619,456.51708984375,9147836,0.0,0.0,COALINDIA
2024-08-30,458.63717376363843,464.6946458699506,451.7143484992816,454.26715087890625,30921282,0.0,0.0,COALINDIA
2024-09-02,456.04108948784375,457.771795709809,447.9500590269411,450.7191467285156,6370038,0.0,0.0,COALINDIA
2024-09-03,450.84896664280546,453.09886358371995,448.46924560966204,449.637451171875,5526155,0.0,0.0,COALINDIA
2024-09-04,447.25782202115863,447.25782202115863,433.1525741085707,435.8351745605469,16783593,0.0,0.0,COALINDIA
2024-09-05,439.1667755556778,439.1667755556778,428.47965760774895,430.08056640625,10830621,0.0,0.0,COALINDIA
2024-09-06,431.8112312061249,431.8112312061249,416.27813126367374,422.7682800292969,13110103,0.0,0.0,COALINDIA
2024-09-09,422.292360721859,422.72503732095925,413.68208583637016,419.2203674316406,10189742,0.0,0.0,COALINDIA
2024-09-10,421.68658719274777,425.753757635997,416.92714478015023,424.9749450683594,9809547,0.0,0.0,COALINDIA
2024-09-11,426.48929628260856,427.09502762976996,417.0569524278335,418.78765869140625,8134497,0.0,0.0,COALINDIA
2024-09-12,421.4269928582155,430.296862831104,417.31656530980376,428.91229248046875,12058489,0.0,0.0,COALINDIA
2024-09-13,430.0805445568468,430.8161000656529,423.59039549411773,424.2394104003906,8093877,0.0,0.0,COALINDIA
2024-09-16,426.1864343441143,428.26327666125195,421.729870819979,426.83544921875,5244657,0.0,0.0,COALINDIA
2024-09-17,426.835464305741,428.1767511973377,421.98948112214435,422.72503662109375,5063902,0.0,0.0,COALINDIA
2024-09-18,423.84995691731194,427.13831469058954,420.6914232416695,421.5135192871094,6527832,0.0,0.0,COALINDIA
2024-09-19,423.1576923258653,425.4076158080674,412.1244396118473,413.5955505371094,10014450,0.0,0.0,COALINDIA
2024-09-20,416.1916519142607,430.94591411317515,415.6291511806984,424.8451843261719,12982128,0.0,0.0,COALINDIA
2024-09-23,427.05184818193936,434.84002778404164,424.455788314572,433.19586181640625,6123879,0.0,0.0,COALINDIA
2024-09-24,437.003371336181,438.4311988519192,434.0178921963322,436.3976135253906,7306001,0.0,0.0,COALINDIA
2024-09-25,438.30137380440607,438.7340503826927,434.4072845998259,437.262939453125,5059851,0.0,0.0,COALINDIA
2024-09-26,437.8686708481362,439.1234434129709,432.71980931330825,438.3446044921875,6877039,0.0,0.0,COALINDIA
2024-09-27,438.34465216561244,448.1231327459121,436.9168246696903,446.6087646484375,15443031,0.0,0.0,COALINDIA
2024-09-30,443.9261616375823,444.3155811146923,434.83995365084814,441.45989990234375,8881502,0.0,0.0,COALINDIA
2024-10-01,443.0608714355949,446.52228449368545,437.99854955644025,440.0321350097656,4743517,0.0,0.0,COALINDIA
2024-10-03,432.24394306422965,441.24361147195805,432.24394306422965,434.710205078125,11285134,0.0,0.0,COALINDIA
2024-10-04,432.3304433734273,436.7004662615219,427.5277174974948,430.25360107421875,7170285,0.0,0.0,COALINDIA
2024-10-07,431.03238820110124,433.1524874697499,411.34560500211217,415.7589111328125,8940891,0.0,0.0,COALINDIA
2024-10-08,416.06173435458004,426.4027138276426,412.2974697276338,425.6239013671875,6049075,0.0,0.0,COALINDIA
2024-10-09,425.75378171662766,429.2151945761124,420.2587835204987,421.3837585449219,6874313,0.0,0.0,COALINDIA
2024-10-10,422.8980929015808,427.44119691687746,420.60488593850243,422.3788757324219,4700891,0.0,0.0,COALINDIA
2024-10-11,421.8596510577054,427.3979058104076,421.81639396457933,426.5758361816406,4364566,0.0,0.0,COALINDIA
2024-10-14,428.30659316779827,434.7967424142536,426.5758867020769,431.20550537109375,5369297,0.0,0.0,COALINDIA
2024-10-15,431.20552082388303,432.1141575960399,424.0663563969414,427.8739318847656,4279311,0.0,0.0,COALINDIA
2024-10-16,428.34982544499337,432.1573741672522,426.53257847959065,428.99884033203125,8000451,0.0,0.0,COALINDIA
2024-10-17,428.99887577389535,430.2969056552082,421.6001160138063,423.9365539550781,4334990,0.0,0.0,COALINDIA
2024-10-18,422.2923856722392,427.2681668558773,418.2684983445595,425.9268798828125,4573163,0.0,0.0,COALINDIA
2024-10-21,425.7537555828653,428.13347677768826,417.4031028536378,420.04241943359375,4737527,0.0,0.0,COALINDIA
2024-10-22,419.69630302368046,421.8596860289571,404.2930265895039,405.2881774902344,8671135,0.0,0.0,COALINDIA
2024-10-23,405.28813561756533,411.951338740313,397.1538216398249,410.263916015625,10686743,0.0,0.0,COALINDIA
2024-10-24,410.2639498805745,418.6578599216037,409.3553131921417,412.98980712890625,5045880,0.0,0.0,COALINDIA
2024-10-25,413.72534683070677,414.5474164791784,397.1970963626767,399.01434326171875,10330954,0.0,0.0,COALINDIA
2024-10-28,391.13966948698885,396.3317889934533,376.6450025314423,382.1832580566406,21378247,0.0,0.0,COALINDIA
2024-10-29,384.3898997822873,386.46674216859,379.7169714025016,385.55810546875,7680865,0.0,0.0,COALINDIA
2024-10-30,387.6782499386625,394.4279946197363,385.0821902292518,388.67340087890625,7818123,0.0,0.0,COALINDIA
2024-10-31,391.1396042361816,393.30298700297465,383.5245074604625,391.182861328125,8475238,0.0,0.0,COALINDIA
2024-11-01,393.43276808783776,397.67299285015525,391.4424665897541,393.0000915527344,3095957,0.0,0.0,COALINDIA
2024-11-04,396.33175575417795,396.4615534492567,376.8613092378701,383.6110534667969,15720990,0.0,0.0,COALINDIA
2024-11-05,385.00182075642687,391.4170168165261,383.11763021353954,390.20574951171875,10186343,15.75,0.0,COALINDIA
2024-11-06,392.80767590602227,393.79463536936686,386.8859738885828,391.0132141113281,9130749,0.0,0.0,COALINDIA
2024-11-07,392.8076964550191,395.09565179173256,389.98142445678747,390.6094970703125,5861077,0.0,0.0,COALINDIA
2024-11-08,390.60949007785763,391.19268470493915,377.9585285136597,380.47076416015625,9934413,0.0,0.0,COALINDIA
2024-11-11,379.5286874653868,381.9960725493816,374.459338132715,378.2276916503906,7201246,0.0,0.0,COALINDIA
2024-11-12,379.08005566942984,381.1436757891875,370.3769049772747,371.4984436035156,6564348,0.0,0.0,COALINDIA
2024-11-13,371.45356584293205,372.79941209598616,364.0065608618909,365.0832214355469,7170870,0.0,0.0,COALINDIA
2024-11-14,365.35242256736285,370.8703869620021,361.22515507384026,367.6403503417969,8776485,0.0,0.0,COALINDIA
2024-11-18,371.40873585304524,375.4911254278718,368.7618937893795,370.8703918457031,7352509,0.0,0.0,COALINDIA
2024-11-19,373.2032187848949,378.63145499521494,368.4927563708549,369.8834533691406,6291292,0.0,0.0,COALINDIA
2024-11-21,370.60119287949055,371.3638445808038,362.61584376404517,364.2757263183594,14141967,0.0,0.0,COALINDIA
2024-11-22,365.53186358817675,373.0237470877289,364.634632687184,371.4984436035156,8155453,0.0,0.0,COALINDIA
2024-11-25,377.73423119610624,383.5213817952237,372.9789180979452,374.549072265625,10903727,0.0,0.0,COALINDIA
2024-11-26,375.4463069083651,376.837003946594,367.59553599281105,369.2105407714844,5798977,0.0,0.0,COALINDIA
2024-11-27,376.836959607865,377.73419046407423,370.2871853100629,374.27984619140625,9219932,0.0,0.0,COALINDIA
2024-11-28,376.83697072179507,381.23339657061996,371.00496998443396,372.5302734375,7788912,0.0,0.0,COALINDIA
2024-11-29,372.62000458476155,375.0425391153054,368.76192243155623,373.6069641113281,7057742,0.0,0.0,COALINDIA
2024-12-02,375.4013655495958,379.8875196010521,373.96579077686755,378.36224365234375,6404844,0.0,0.0,COALINDIA
2024-12-03,381.32312497103504,381.77174041217745,376.2537759623887,378.7211608886719,7928558,0.0,0.0,COALINDIA
2024-12-04,378.72115700378595,382.1306233689687,372.35081232864763,373.83123779296875,6836472,0.0,0.0,COALINDIA
2024-12-05,375.1771204826354,377.9585419351573,369.6591555543853,375.40142822265625,9500273,0.0,0.0,COALINDIA
2024-12-06,376.836959607865,378.1828058921788,373.6069230492493,374.27984619140625,4252732,0.0,0.0,COALINDIA
2024-12-09,375.0425062686349,377.6893483060705,370.1077364493108,371.4535827636719,6662023,0.0,0.0,COALINDIA
2024-12-10,372.7994393624807,374.324742846694,369.2105157585098,371.4984436035156,6035289,0.0,0.0,COALINDIA
2024-12-11,373.24808349322217,376.52297105722397,372.84431860422467,374.1004638671875,5353413,0.0,0.0,COALINDIA
2024-12-12,373.69666247656073,374.907929643924,365.26269765923485,367.0571594238281,9409378,0.0,0.0,COALINDIA
2024-12-13,367.0571893798208,368.9862304579273,360.68684411935993,368.13385009765625,9439175,0.0,0.0,COALINDIA
2024-12-16,368.3133137308056,370.4218119896934,364.72438984548717,368.2684631347656,5434635,0.0,0.0,COALINDIA
2024-12-17,368.26843344670027,368.7170488961998,360.68682139763234,361.49432373046875,5070262,0.0,0.0,COALINDIA
2024-12-18,362.03268206804637,363.19907133036156,354.00245425180526,355.1239929199219,7176597,0.0,0.0,COALINDIA
2024-12-19,350.77244679476064,353.9576056778655,347.2283736307578,351.669677734375,5745829,0.0,0.0,COALINDIA
2024-12-20,352.61175832698484,353.23983093556404,341.39637161174994,342.7422180175781,7923854,0.0,0.0,COALINDIA
2024-12-23,346.3311787076486,348.6639848695077,343.10114151286797,343.5946350097656,5163415,0.0,0.0,COALINDIA
2024-12-24,345.2993268272337,347.00406010780284,342.20386918467045,344.98529052734375,4242999,0.0,0.0,COALINDIA
2024-12-26,346.6899886815081,350.1891834568381,345.4787215796945,346.86944580078125,4190081,0.0,0.0,COALINDIA
2024-12-27,347.6769786939985,348.52935901364503,340.54398198504094,341.3963623046875,5909271,0.0,0.0,COALINDIA
2024-12-30,341.39634331734885,343.0113479179675,337.08964612815714,339.06353759765625,22328728,0.0,0.0,COALINDIA
2024-12-31,339.0635711998383,345.16475810070364,337.448566439168,344.6712646484375,7686615,0.0,0.0,COALINDIA
2025-01-01,344.1329192799768,348.2601871185643,343.1908377367551,346.6900329589844,3584876,0.0,0.0,COALINDIA
2025-01-02,348.4844774909761,353.46412543487315,344.58151758395246,352.56689453125,7538972,0.0,0.0,COALINDIA
2025-01-03,352.61175166714827,358.26429551234,349.471443446194,353.1949462890625,7122319,0.0,0.0,COALINDIA
2025-01-06,353.55382417036657,353.55382417036657,338.39062748046547,339.8262023925781,8774141,0.0,0.0,COALINDIA
2025-01-07,341.44120319474285,344.76096843013494,337.80742905386023,340.7682800292969,6542121,0.0,0.0,COALINDIA
2025-01-08,340.9925940851894,342.78705589304474,337.35881987680796,341.26177978515625,7407778,0.0,0.0,COALINDIA
2025-01-09,342.33845883531836,342.33845883531836,332.6932260998464,333.9493713378906,6247612,0.0,0.0,COALINDIA
2025-01-10,333.23157245726696,334.8466046110978,327.2201414650693,330.6296081542969,4893721,0.0,0.0,COALINDIA
2025-01-13,328.4762524986127,332.33433458677524,324.1246769648288,325.6051025390625,8661589,0.0,0.0,COALINDIA
2025-01-14,327.4892893011859,335.5643676675165,325.6948274420013,331.3025207519531,5698113,0.0,0.0,COALINDIA
2025-01-15,333.68018763010446,342.2487597033301,331.34738166425655,336.10272216796875,11117714,0.0,0.0,COALINDIA
2025-01-16,339.55703719683663,342.29358042596044,336.2821225825991,339.9159240722656,6923722,0.0,0.0,COALINDIA
2025-01-17,340.94774302569215,349.29197946826895,339.64674726425267,347.8115539550781,8380692,0.0,0.0,COALINDIA
2025-01-20,349.5611484808261,350.81726620837867,343.3253830522185,347.273193359375,14597375,0.0,0.0,COALINDIA
2025-01-21,348.1255902158186,349.6060157288756,341.84497389749197,342.33843994140625,20854879,0.0,0.0,COALINDIA
2025-01-22,342.2936313631201,344.44698031745025,336.1475934495371,340.2300109863281,10653690,0.0,0.0,COALINDIA
2025-01-23,338.7046369396864,348.3050177339453,337.53824781798176,346.1516418457031,5844752,0.0,0.0,COALINDIA
2025-01-24,346.37598843544936,351.9388311356905,342.4730558078302,343.6842956542969,5351964,0.0,0.0,COALINDIA
2025-01-27,341.75528622711363,343.6394768243461,334.4428589719974,337.1345520019531,6645109,0.0,0.0,COALINDIA
2025-01-28,337.35884596868675,338.79442100226356,329.95669043878866,332.55865478515625,10866038,0.0,0.0,COALINDIA
2025-01-29,334.2185487595202,345.433936301786,332.69324510124517,340.4543151855469,6680927,0.0,0.0,COALINDIA
2025-01-30,342.47302779334655,347.54237664024527,341.30661125480503,345.4787292480469,6300164,0.0,0.0,COALINDIA
2025-01-31,345.52428209496895,361.4120368785866,341.10848531743676,360.4560241699219,10339434,5.6,0.0,COALINDIA
2025-02-01,360.4560367018042,363.68823056431063,345.1145703918488,350.8050231933594,7015540,0.0,0.0,COALINDIA
2025-02-03,349.6214175300802,349.7579828392201,333.68814980409996,340.5166931152344,7689700,0.0,0.0,COALINDIA
2025-02-04,343.703338820095,346.61686168054985,341.3361049691521,342.83837890625,4649921,0.0,0.0,COALINDIA
2025-02-05,344.15857454654673,350.6229342816201,344.0675217475206,348.5743713378906,5914200,0.0,0.0,COALINDIA
2025-02-06,348.5288516888221,350.21323132162485,343.43022806632655,345.6153564453125,4652107,0.0,0.0,COALINDIA
2025-02-07,345.5243211180188,348.71097493597154,342.3376673000661,344.38623046875,3006598,0.0,0.0,COALINDIA
2025-02-10,343.24811861807837,345.84297069521836,335.96433891265497,337.3300476074219,3380494,0.0,0.0,COALINDIA
2025-02-11,336.8748478371453,337.3300841180063,325.49394081562014,326.8596496582031,6803431,0.0,0.0,COALINDIA
2025-02-12,327.6790214102594,329.40891346706377,320.0765710763573,328.0887451171875,4565992,0.0,0.0,COALINDIA
2025-02-13,329.59100976520324,334.6441204858362,326.49540915322035,329.2723388671875,3712240,0.0,0.0,COALINDIA
2025-02-14,331.32094671539056,332.3224720512585,319.1206204218249,322.4893798828125,4464446,0.0,0.0,COALINDIA
2025-02-17,322.48936295420816,329.5910371713587,317.98251307209125,327.86114501953125,6017586,0.0,0.0,COALINDIA
2025-02-18,327.99769930762875,329.9096970050197,322.1251409053737,328.7716064453125,3843725,0.0,0.0,COALINDIA
2025-02-19,327.77009068345393,332.59558368212777,325.94914573521254,329.8641662597656,3097726,0.0,0.0,COALINDIA
2025-02-20,327.7700645915986,336.37403990129314,327.7700645915986,335.0083312988281,4624287,0.0,0.0,COALINDIA
2025-02-21,334.64412862012426,337.96737519896556,332.5955656643301,336.82928466796875,5235241,0.0,0.0,COALINDIA
2025-02-24,335.0993859084961,335.5091096395897,328.81713133935614,332.1403503417969,4533486,0.0,0.0,COALINDIA
2025-02-25,331.4119601022903,332.6866159302165,326.5864674017794,328.8171081542969,4525493,0.0,0.0,COALINDIA
2025-02-27,326.8596240076755,334.8717708079036,324.264771853317,331.2754211425781,6196610,0.0,0.0,COALINDIA
2025-02-28,333.96129849684235,342.11003840331637,332.5955897607014,336.28302001953125,21899478,0.0,0.0,COALINDIA
2025-03-03,336.8747984937943,337.7852709221559,320.8504781975474,328.0887451171875,12675744,0.0,0.0,COALINDIA
2025-03-04,324.2192593429695,333.68816768471606,321.0326056270173,331.2754211425781,5535218,0.0,0.0,COALINDIA
2025-03-05,329.63655359354135,335.8732957015091,329.63655359354135,335.281494140625,5730797,0.0,0.0,COALINDIA
2025-03-06,336.9203251144023,349.7579924491445,335.1449204759748,348.3467712402344,11247215,0.0,0.0,COALINDIA
2025-03-07,348.3467519053755,354.72005881713204,345.4332290601216,346.5713195800781,8321771,0.0,0.0,COALINDIA
2025-03-10,346.6168902433231,351.98867241112055,340.5622259183033,341.5637512207031,5541001,0.0,0.0,COALINDIA
2025-03-11,337.7853009208008,345.9795535037852,335.05388339313936,345.1145935058594,5340552,0.0,0.0,COALINDIA
2025-03-12,345.5698167497046,348.574392588259,340.33460001879365,346.61688232421875,3951912,0.0,0.0,COALINDIA
2025-03-13,347.3452244869247,348.7109331022075,343.56676954172485,344.43170166015625,3918004,0.0,0.0,COALINDIA
2025-03-17,346.16161106910243,352.39832466321184,345.1145456005093,351.2147216796875,5456361,0.0,0.0,COALINDIA
2025-03-18,351.2147216796875,351.2147216796875,351.2147216796875,351.2147216796875,0,0.0,0.0,COALINDIA
2025-03-19,355.12973554484097,362.4135144790085,353.9916450863773,360.4104919433594,5827114,0.0,0.0,COALINDIA
2025-03-20,362.09488567760167,362.4590690816088,356.95069437387946,360.9112548828125,7025398,0.0,0.0,COALINDIA
2025-03-21,360.9112478037845,374.29520297547896,359.72764481762357,369.1054992675781,16564019,0.0,0.0,COALINDIA
2025-03-24,371.4272573920738,374.93255419345127,368.7868649855192,369.6518249511719,5260300,0.0,0.0,COALINDIA
2025-03-25,371.47276840490446,371.7003865227996,361.5486240217583,362.64117431640625,5636291,0.0,0.0,COALINDIA
2025-03-26,362.82328814392054,366.4196656022987,357.95225475353766,359.45452880859375,5025274,0.0,0.0,COALINDIA
2025-03-27,358.04327763167294,363.87029553763597,356.95069961818666,361.32098388671875,7697174,0.0,0.0,COALINDIA
2025-03-28,361.45756232766803,365.9188717716068,358.27090875550977,362.5501403808594,6923988,0.0,0.0,COALINDIA
2025-04-01,362.1859427568236,366.51068705266874,359.6821434276501,362.04937744140625,4332950,0.0,0.0,COALINDIA
2025-04-02,365.6456923446214,365.6456923446214,356.4499162781913,361.9127502441406,4197123,0.0,0.0,COALINDIA
2025-04-03,359.6366248303106,364.18898716993476,357.99778550221174,361.5030822753906,4970602,0.0,0.0,COALINDIA
2025-04-04,360.5471080304071,360.5471080304071,348.34678215413805,350.5774230957031,6718760,0.0,0.0,COALINDIA
2025-04-07,326.72303354352067,345.43323066433186,324.12818158888655,343.7033386230469,10202400,0.0,0.0,COALINDIA
2025-04-08,350.5318814825939,350.9871176923116,342.92943122322646,348.5743713378906,3577328,0.0,0.0,COALINDIA
2025-04-09,348.0736406805984,348.43785192467317,339.69730998979816,341.0630187988281,5781453,0.0,0.0,COALINDIA
2025-04-11,355.03873616511174,357.6335603693881,347.93703452041217,356.9962463378906,6185984,0.0,0.0,COALINDIA
2025-04-15,363.27852970825427,363.27852970825427,358.2709309278147,359.8642578125,4371156,0.0,0.0,COALINDIA
2025-04-16,359.86427436116793,364.2800717731575,357.3604748558088,363.50616455078125,4992290,0.0,0.0,COALINDIA
2025-04-17,361.36653525693464,363.7792818620009,353.5364660792907,363.1419677734375,8364450,0.0,0.0,COALINDIA
2025-04-21,363.5061659033081,369.6518556211474,360.22845916337707,364.6442565917969,8987570,0.0,0.0,COALINDIA
2025-04-22,367.375646766312,369.4697223623381,358.9992888113775,362.9143371582031,7558174,0.0,0.0,COALINDIA
2025-04-23,364.1889866848663,365.6457481886887,358.7261518845933,363.2330017089844,7429142,0.0,0.0,COALINDIA
2025-04-24,363.1874387780086,365.3725670048423,361.32098145174524,364.0523986816406,5762303,0.0,0.0,COALINDIA
2025-04-25,364.4621124839294,367.8308716803158,354.76558639894455,357.9522399902344,7337588,0.0,0.0,COALINDIA
2025-04-28,357.9522265292755,363.0963901475405,356.495465099528,361.5941162109375,3458518,0.0,0.0,COALINDIA
2025-04-29,361.59412356215296,364.5076464808799,353.67303001475,354.26483154296875,6274213,0.0,0.0,COALINDIA
2025-04-30,354.26483516792626,355.4029257282284,348.8020004784761,350.8050231933594,4559122,0.0,0.0,COALINDIA
2025-05-02,350.98714370429127,355.94922987212374,347.254200950872,349.16619873046875,5045851,0.0,0.0,COALINDIA
2025-05-05,351.39685695315023,353.17226157840634,347.5728615080511,351.07818603515625,6395704,0.0,0.0,COALINDIA
2025-05-06,351.8976287539243,352.9446665941684,343.6123232701639,344.38623046875,5982166,0.0,0.0,COALINDIA
2025-05-07,337.1478988018912,352.62592869271737,337.1478988018912,348.9840393066406,9162368,0.0,0.0,COALINDIA
2025-05-08,355.0842275628708,359.59107694994896,348.0280666305317,350.94158935546875,14258083,0.0,0.0,COALINDIA
2025-05-09,345.1601247639803,348.9385800212171,343.2936394977058,348.1646728515625,3809943,0.0,0.0,COALINDIA
2025-05-12,356.85972203515405,360.63817750708483,352.8081081308396,360.0918884277344,6743279,0.0,0.0,COALINDIA
2025-05-13,360.09183373847094,363.82477613076895,358.771637645998,359.7731628417969,6307140,0.0,0.0,COALINDIA
2025-05-14,361.22996860951815,367.87640682326474,360.95683797048264,367.011474609375,6822756,0.0,0.0,COALINDIA
2025-05-15,367.60327926521904,370.01602588164127,363.8248238713409,368.4226989746094,10511989,0.0,0.0,COALINDIA
2025-05-16,369.6518126672982,372.38323000227825,367.46668435639697,368.5592346191406,4702603,0.0,0.0,COALINDIA
2025-05-19,369.6063133841372,370.9720221004938,365.144976015707,366.64727783203125,5446656,0.0,0.0,COALINDIA
2025-05-20,369.19660865285874,379.89466081480964,367.8308998662267,371.5638427734375,18755291,0.0,0.0,COALINDIA
2025-05-21,374.79596263687836,376.52585466164567,368.0584723488612,369.05999755859375,7393102,0.0,0.0,COALINDIA
2025-05-22,368.7413681775692,370.24364226861684,357.99780362631515,363.1419677734375,7936875,0.0,0.0,COALINDIA
2025-05-23,364.3710844329701,366.9203961706102,363.2785063823163,365.5546875,4178408,0.0,0.0,COALINDIA
2025-05-26,366.5106847320636,369.46972028416957,365.78231786417274,366.64727783203125,6067873,0.0,0.0,COALINDIA
2025-05-27,366.4651874524725,367.4211724794864,362.6411917735846,364.14349365234375,6553758,0.0,0.0,COALINDIA
2025-05-28,365.09945212442034,365.87335926331303,361.002326103074,362.5501403808594,6002200,0.0,0.0,COALINDIA
2025-05-29,364.18897967523225,365.2815577284236,361.45756232766803,362.5501403808594,7724668,0.0,0.0,COALINDIA
2025-05-30,363.23304538725966,368.5137752150249,360.8658111320684,361.7307434082031,6565658,0.0,0.0,COALINDIA
2025-06-02,363.2330086739815,365.4636495889501,360.0918674894273,363.9158630371094,6119571,0.0,0.0,COALINDIA
2025-06-03,363.915849507803,364.6442163538948,355.5394918506765,357.6791076660156,7360608,0.0,0.0,COALINDIA
2025-06-04,357.6791036497496,359.6366138388785,354.7200682194297,359.2724304199219,3861957,0.0,0.0,COALINDIA
2025-06-05,359.2724321249804,362.1859272758741,357.40594694267224,359.5455627441406,6097293,0.0,0.0,COALINDIA
2025-06-06,362.2314764385181,364.7352757219765,360.5926093271874,363.2330017089844,7633919,0.0,0.0,COALINDIA
2025-06-09,365.0084039839449,369.833924697517,364.1889843262936,365.0994567871094,9626374,0.0,0.0,COALINDIA
2025-06-10,366.9204075110747,368.2861162238951,363.1419522960213,363.7792663574219,6362912,0.0,0.0,COALINDIA
2025-06-11,364.2800377413256,372.83847333028586,362.73222344117323,366.1009826660156,11946342,0.0,0.0,COALINDIA
2025-06-12,366.00992415756485,366.3285950715013,356.4499634519568,357.54254150390625,11262656,0.0,0.0,COALINDIA
2025-06-13,355.0842408386031,357.22385656484136,351.4423511889764,356.17681884765625,5253032,0.0,0.0,COALINDIA
2025-06-16,355.99474193783794,359.27244844370927,351.6244851202863,359.0448303222656,3706240,0.0,0.0,COALINDIA
2025-06-17,358.7261394724335,360.4105190346533,355.17530253220025,356.2678527832031,3248476,0.0,0.0,COALINDIA
2025-06-18,356.2678557333472,358.17985342020194,353.3543605878001,355.4029235839844,4118145,0.0,0.0,COALINDIA
2025-06-19,355.40291689432524,356.44995462669516,349.1661752218074,349.8490295410156,4416367,0.0,0.0,COALINDIA
2025-06-20,349.8034999782488,356.7230678471785,349.7579596879407,354.2192687988281,6531957,0.0,0.0,COALINDIA
2025-06-23,352.3528445492884,357.90673215223865,350.2587689904223,357.3604431152344,3359491,0.0,0.0,COALINDIA
2025-06-24,359.1358457347704,360.0007778349505,355.72157426860923,357.4969787597656,4606984,0.0,0.0,COALINDIA
2025-06-25,358.5896101676798,360.0008314697793,355.99475790971997,356.6776123046875,4672204,0.0,0.0,COALINDIA
2025-06-26,356.9052216068638,359.36350848209776,355.67607816924675,358.86273193359375,5569101,0.0,0.0,COALINDIA
2025-06-27,359.6366391191612,362.09492599439517,356.99627441435683,358.86273193359375,16253653,0.0,0.0,COALINDIA
2025-06-30,360.0918461892309,361.821738249745,355.8126146525892,356.85968017578125,4870935,0.0,0.0,COALINDIA
2025-07-01,357.3604583250857,358.63511427540413,354.17380455658173,354.8566589355469,5997283,0.0,0.0,COALINDIA
2025-07-02,355.0842498926679,356.63206414739113,350.94161142475224,352.26177978515625,7752338,0.0,0.0,COALINDIA
2025-07-03,353.17228028170285,354.17380559754514,350.9871518196752,351.85211181640625,3851213,0.0,0.0,COALINDIA
2025-07-04,352.99020886190453,353.17228669555425,349.0751603353148,351.533447265625,3990767,0.0,0.0,COALINDIA
2025-07-07,351.89759249864034,351.89759249864034,349.6214114346129,349.8490295410156,2810768,0.0,0.0,COALINDIA
2025-07-08,350.48636897578746,350.9871176923116,348.0735948359533,348.5743713378906,5231160,0.0,0.0,COALINDIA
2025-07-09,348.75644193366224,353.3998567337781,348.57436412479086,352.7625427246094,4497121,0.0,0.0,COALINDIA
2025-07-10,353.30882092988844,354.0372155566457,348.30122248576447,349.66693115234375,4668066,0.0,0.0,COALINDIA
2025-07-11,349.6669554851285,349.8945736120646,346.52584200465935,346.8445129394531,4677164,0.0,0.0,COALINDIA
2025-07-14,347.8004836541144,351.3513207311965,347.345247418965,349.48486328125,5109504,0.0,0.0,COALINDIA
2025-07-15,349.53039024985145,352.58047870861014,349.1206942925177,351.85211181640625,4586811,0.0,0.0,COALINDIA
2025-07-16,352.03418964674927,353.2633330895823,350.48640305446196,351.85211181640625,5205724,0.0,0.0,COALINDIA
2025-07-17,352.3983561360675,353.4454216981745,350.4408458952225,351.351318359375,3749218,0.0,0.0,COALINDIA
2025-07-18,352.3528277422931,354.4013906942831,349.7124632723663,353.7185363769531,5172481,0.0,0.0,COALINDIA
2025-07-21,354.17376573828955,354.53794914340574,350.8960595214182,352.17071533203125,4396850,0.0,0.0,COALINDIA
2025-07-22,352.170728262192,356.6775779490384,350.98712520575447,354.26483154296875,5043629,0.0,0.0,COALINDIA
2025-07-23,354.5379465482438,357.31490403593006,354.037197843051,355.76708984375,3670943,0.0,0.0,COALINDIA
2025-07-24,355.1753202668965,355.7671218222497,349.53037977256935,351.03265380859375,4022204,0.0,0.0,COALINDIA
2025-07-25,351.03262972870976,351.3513006321677,345.9795189217806,346.7078857421875,4616856,0.0,0.0,COALINDIA
2025-07-28,347.0721164995444,349.4848629867197,343.2481210133465,344.4772644042969,4521716,0.0,0.0,COALINDIA
2025-07-29,343.20261588674475,349.84905394313125,343.20261588674475,349.3027648925781,4872086,0.0,0.0,COALINDIA
2025-07-30,349.62143148570647,349.66694399543184,345.114581606295,345.88848876953125,5107774,0.0,0.0,COALINDIA
2025-07-31,344.15858501584097,345.06905746297286,341.1540370544715,342.65631103515625,6461803,0.0,0.0,COALINDIA
2025-08-01,341.4271821911703,347.02658242202244,337.51216161621096,339.1510009765625,13769152,0.0,0.0,COALINDIA
2025-08-04,339.1054592998475,344.84142435314055,337.0568963828982,341.1540222167969,19756930,0.0,0.0,COALINDIA
2025-08-05,342.33766867897725,346.616900651631,340.9719598943537,345.5243225097656,6846687,0.0,0.0,COALINDIA
2025-08-06,345.524306398261,349.26593533699617,345.10855731883527,348.1573181152344,5808208,5.5,0.0,COALINDIA
2025-08-07,346.4481433524584,351.29841735939283,345.1547425894136,350.6517028808594,3468573,0.0,0.0,COALINDIA
2025-08-08,350.1436296868432,353.00760696688627,349.3583415012471,350.79034423828125,4172600,0.0,0.0,COALINDIA
2025-08-11,349.2197581571691,355.40964345502505,347.8801472781628,353.37713623046875,5740719,0.0,0.0,COALINDIA
2025-08-12,352.49944026129316,357.0263854021247,352.17611120325364,356.0101318359375,4860757,0.0,0.0,COALINDIA
2025-08-13,356.56449032691,358.4583958313985,355.77920211991744,356.70306396484375,4216888,0.0,0.0,COALINDIA
2025-08-14,356.7030467516848,357.3959431019429,353.4233204440482,355.1786804199219,4034887,0.0,0.0,COALINDIA
2025-08-18,357.21115467055745,358.9664864288502,354.8091083830927,358.2735900878906,3520271,0.0,0.0,COALINDIA
2025-08-19,358.9202907164555,358.9202907164555,354.9938782697504,356.0101318359375,5219052,0.0,0.0,COALINDIA
2025-08-20,356.6106158648564,357.3959039479227,354.34714342437496,355.40960693359375,4904231,0.0,0.0,COALINDIA
2025-08-21,356.72059313853345,357.28240870494943,353.255911403874,354.0986633300781,6212604,5.15,0.0,COALINDIA
2025-08-22,354.0986557696517,354.8945992405202,350.25942088049374,350.6340026855469,4699261,0.0,0.0,COALINDIA
2025-08-25,351.1490370097913,356.5333222439414,350.96174609275334,355.8310241699219,4349832,0.0,0.0,COALINDIA
2025-08-26,354.89462213839846,355.6905656606214,347.7779960319164,348.76123046875,6381642,0.0,0.0,COALINDIA
2025-08-28,348.80799603785124,351.9917411588543,345.2028606990572,350.4934997558594,4372269,0.0,0.0,COALINDIA
2025-08-29,348.94845193779787,354.8945805730042,348.94845193779787,350.9617004394531,4578400,0.0,0.0,COALINDIA
2025-09-01,351.4299240932104,354.52005258269344,351.2426617637927,353.86456298828125,2829114,0.0,0.0,COALINDIA
2025-09-02,356.90785792418245,360.5129935752511,354.94141769845595,355.9246520996094,7511709,0.0,0.0,COALINDIA
2025-09-03,356.720596406745,368.2850812878484,355.8310074574692,365.0076904296875,8111851,0.0,0.0,COALINDIA
2025-09-04,366.88051165833673,367.16144804095467,361.168510040678,366.55279541015625,5515006,0.0,0.0,COALINDIA
2025-09-05,367.44232277631977,368.2382662572267,364.25857742927195,367.6764221191406,4535470,0.0,0.0,COALINDIA
2025-09-08,368.9405597509835,370.71970901923834,361.7302886500913,362.4325866699219,4607020,0.0,0.0,COALINDIA
2025-09-09,363.9776581136278,364.63311910680596,362.1516718668608,363.2753601074219,4376579,0.0,0.0,COALINDIA
2025-09-10,363.79037577270253,367.67641911647723,363.3689855284343,366.97412109375,4285507,0.0,0.0,COALINDIA
2025-09-11,368.6128169585111,369.4087604339509,365.6631709745445,368.3319091796875,3442373,0.0,0.0,COALINDIA
2025-09-12,368.51917550092634,371.00065140594245,368.19145928094014,369.268310546875,4276055,0.0,0.0,COALINDIA
2025-09-15,369.26829955966326,375.16759141600863,369.2214625463588,369.6428527832031,4618798,0.0,0.0,COALINDIA
2025-09-16,369.8769921047522,371.7497870014852,368.98740309817117,370.6260986328125,2581384,0.0,0.0,COALINDIA
2025-09-17,376.4317537633384,376.8531440228103,372.21796547494284,374.3248596191406,5970395,0.0,0.0,COALINDIA
2025-09-18,375.0271492343359,375.2612485784273,365.7568209236347,368.1446228027344,5899621,0.0,0.0,COALINDIA
2025-09-19,368.9405537691104,370.06424201325206,366.5995604076313,369.40875244140625,5272435,0.0,0.0,COALINDIA
2025-09-22,369.4088089253282,371.7029942009985,368.3319575297092,369.5960998535156,3399517,0.0,0.0,COALINDIA
2025-09-23,369.642885872541,370.57928330350376,367.1614383958061,368.9873962402344,4720322,0.0,0.0,COALINDIA
2025-09-24,369.4087584243779,370.43880123542715,366.8336656850444,367.86370849609375,5139791,0.0,0.0,COALINDIA
2025-09-25,367.1145899631463,370.06426464022627,366.74003671772397,367.5359802246094,4563970,0.0,0.0,COALINDIA
2025-09-26,367.53595412270414,367.95734435424066,363.3689745497897,364.3990173339844,4698693,0.0,0.0,COALINDIA
2025-09-29,365.0076844379181,366.6932168546804,361.0748326186329,363.60308837890625,6606409,0.0,0.0,COALINDIA
2025-09-30,364.9140939992463,366.50595250217225,362.47945493859146,365.148193359375,5362610,0.0,0.0,COALINDIA
2025-10-01,365.00767989455215,369.78331215106465,363.22853062393204,363.7903747558594,4976933,0.0,0.0,COALINDIA
2025-10-03,363.79039753891476,364.3522417060286,357.23561560127666,358.96795654296875,7431240,0.0,0.0,COALINDIA
2025-10-06,359.10841004214524,359.6702542086357,355.78421063666406,357.61016845703125,7022052,0.0,0.0,COALINDIA
2025-10-07,359.5765965801592,364.2117750760825,359.3893056721416,360.2320861816406,7895734,0.0,0.0,COALINDIA
2025-10-08,360.9812003016137,361.82395225237127,356.8610574272357,357.7974548339844,3642904,0.0,0.0,COALINDIA
2025-10-09,358.64021173077055,361.7303117850245,356.34602662196465,358.96795654296875,4628511,0.0,0.0,COALINDIA
2025-10-10,359.57660110533163,362.1048855124858,358.5933952673165,360.0447998046875,5061600,0.0,0.0,COALINDIA
2025-10-13,358.87429664798526,359.8575024684435,356.43965773949304,357.28240966796875,4750043,0.0,0.0,COALINDIA
2025-10-14,357.75065648733784,360.65349447734565,355.9246984927568,356.72064208984375,4288494,0.0,0.0,COALINDIA
2025-10-15,357.0015072745011,360.8875507531238,357.0015072745011,359.8106994628906,6135157,0.0,0.0,COALINDIA
2025-10-16,360.5129929216699,363.2753766357278,360.0447942295638,362.9476318359375,3513302,0.0,0.0,COALINDIA
2025-10-17,362.94762935507424,364.72677865760016,360.74708980190104,364.0712890625,4093872,0.0,0.0,COALINDIA
2025-10-20,365.1949613026021,367.0677559759488,363.74355686138995,365.7568054199219,4007425,0.0,0.0,COALINDIA
2025-10-21,368.0978314608062,368.1446399011665,365.75683791116563,366.22503662109375,678084,0.0,0.0,COALINDIA
2025-10-23,366.693216309925,369.3151175188867,365.616365048265,367.6764221191406,4311356,0.0,0.0,COALINDIA
2025-10-24,367.6764455522029,370.2983755048476,365.94410458960544,368.9873962402344,4070949,0.0,0.0,COALINDIA
2025-10-27,370.3451837231998,372.87346821591245,368.56603432075616,371.4688720703125,5438773,0.0,0.0,COALINDIA
2025-10-28,371.70294289590055,372.8734395940529,364.5863172558182,366.50592041015625,7672258,0.0,0.0,COALINDIA
2025-10-29,368.2382982463737,373.90349140414645,355.8778404410373,357.7038269042969,26856509,0.0,0.0,COALINDIA
2025-10-30,358.5934025490022,364.2117870553613,355.1755291130353,363.0412902832031,15154040,0.0,0.0,COALINDIA
2025-10-31,365.14815032554253,369.12783897871185,363.0880647685646,363.9308166503906,13103909,0.0,0.0,COALINDIA
2025-11-03,365.70995279653,366.0376975656914,362.6666615822469,363.837158203125,14152223,0.0,0.0,COALINDIA
2025-11-04,365.4721903255839,367.3957281694028,362.1059990989009,363.1158447265625,10536699,10.25,0.0,COALINDIA
2025-11-06,364.2218987939791,364.2218987939791,358.1146603312789,358.8840637207031,6648689,0.0,0.0,COALINDIA
2025-11-07,357.7780764965301,362.34647935502073,357.29719198511003,361.6251525878906,4650451,0.0,0.0,COALINDIA
2025-11-10,361.7213424144334,367.7804756361436,361.7213424144334,366.7706298828125,4451727,0.0,0.0,COALINDIA
2025-11-11,366.86676605469825,368.35749613946246,364.1257187641677,368.1651306152344,3299015,0.0,0.0,COALINDIA
2025-11-12,369.5597137411692,372.7816455476661,368.0689836303772,371.72369384765625,4326520,0.0,0.0,COALINDIA
2025-11-13,371.72372223175233,372.5893084702699,368.11708844554516,368.5498962402344,3480764,0.0,0.0,COALINDIA
2025-11-14,368.5498909240205,372.54122638634385,367.6842753471283,372.1565246582031,3760163,0.0,0.0,COALINDIA
2025-11-17,372.20458524538657,374.3204886847996,371.38707576421064,373.0220947265625,3847261,0.0,0.0,COALINDIA
2025-11-18,373.02213367694304,373.02213367694304,368.3094711798262,369.271240234375,4462641,0.0,0.0,COALINDIA
2025-11-19,368.45368398519093,369.1750106847113,363.9814643183362,364.5585021972656,5332643,0.0,0.0,COALINDIA
2025-11-20,366.4339836006498,366.67442584710693,363.1158688591975,365.1355895996094,3971851,0.0,0.0,COALINDIA
2025-11-21,363.54869280354865,365.80885589088587,363.1158850003427,363.7410583496094,3088629,0.0,0.0,COALINDIA
2025-11-24,363.6929187697978,363.7410248273103,357.77804565931154,358.3070068359375,5543493,0.0,0.0,COALINDIA
2025-11-25,358.35511632145926,359.1245197404313,355.46980947402534,355.902587890625,4902920,0.0,0.0,COALINDIA
2025-11-26,357.63379366888284,363.260147955412,357.1048031303336,362.92352294921875,4102285,0.0,0.0,COALINDIA
2025-11-27,362.92352006647656,364.2219140224176,361.72130887594955,363.59674072265625,3330267,0.0,0.0,COALINDIA
2025-11-28,364.51045674304623,364.7028222864213,360.5671979107461,361.7694091796875,4689402,0.0,0.0,COALINDIA
2025-12-01,362.49072488858104,365.4722146148214,361.43277313399767,365.1355895996094,4217206,0.0,0.0,COALINDIA
2025-12-02,364.9913330322513,365.37603475947816,362.3464683001335,364.4623718261719,3695491,0.0,0.0,COALINDIA
2025-12-03,364.4623655487425,364.79896120998086,357.97042495445123,360.90380859375,4650434,0.0,0.0,COALINDIA
2025-12-04,360.6633497601989,365.2317521904948,359.5092153006229,364.5585021972656,3135061,0.0,0.0,COALINDIA
2025-12-05,364.4142582678718,366.09735397186114,362.106018601144,365.42413330078125,3154258,0.0,0.0,COALINDIA
2025-12-08,366.33779101709183,366.33779101709183,361.1923212105932,362.92352294921875,3911363,0.0,0.0,COALINDIA
2025-12-09,360.75955816158086,366.6263549381182,359.07646240975475,364.8470764160156,4242651,0.0,0.0,COALINDIA
2025-12-10,364.02955765043316,368.2613352773864,363.7891154062783,367.5400085449219,4752336,0.0,0.0,COALINDIA
2025-12-11,367.7323923996179,370.617699473211,365.9531138340632,369.3193054199219,2695140,0.0,0.0,COALINDIA
2025-12-12,369.84825802405624,371.0023925669418,367.6362010595295,368.69415283203125,1410201,0.0,0.0,COALINDIA
2025-12-15,369.319297920296,370.2810669252967,365.56840467096515,369.7521057128906,1870236,0.0,0.0,COALINDIA
2025-12-16,369.31928703709104,369.5116525727668,363.8852981891392,367.01104736328125,5109787,0.0,0.0,COALINDIA
2025-12-17,366.28969549747876,370.76191506190605,366.24158944143073,370.04058837890625,3651138,0.0,0.0,COALINDIA
2025-12-18,369.70396341106937,371.7236839937555,368.2132333397946,370.5695495605469,2379619,0.0,0.0,COALINDIA
2025-12-19,370.2810565223368,372.54121949076205,368.83840305536665,370.8581237792969,3611941,0.0,0.0,COALINDIA
2025-12-22,370.8581323871624,372.15652640774414,369.36737282617577,371.4832763671875,3112021,0.0,0.0,COALINDIA
2025-12-23,372.6373947527992,385.62127569399973,371.6756257941917,385.09228515625,18487395,0.0,0.0,COALINDIA
2025-12-24,388.3622902869686,396.6335091275091,386.3906756797243,386.9677429199219,17624423,0.0,0.0,COALINDIA
2025-12-26,388.3622729339133,392.78641577659994,385.2846300418088,386.7753601074219,5435637,0.0,0.0,COALINDIA
2025-12-29,388.5546343112034,389.9972876564183,383.7457898271539,385.33270263671875,6105510,0.0,0.0,COALINDIA
2025-12-30,384.70756492423055,384.89993044703584,380.37960481883295,382.7840270996094,4418163,0.0,0.0,COALINDIA
2025-12-31,383.1687213678454,388.55463304256733,382.3512119380547,383.74578857421875,4644679,0.0,0.0,COALINDIA
2026-01-01,383.7458345736219,387.40054506731207,383.0245078169046,385.1404113769531,3161157,0.0,0.0,COALINDIA
2026-01-02,386.0059990476141,413.07979088005806,385.6693740230577,411.54095458984375,35090129,0.0,0.0,COALINDIA
2026-01-05,414.474345661825,420.004517189957,407.30915515894486,411.108154296875,17258568,0.0,0.0,COALINDIA
2026-01-06,410.6753424821993,414.8109372352361,408.46328563306037,410.7234191894531,6308113,0.0,0.0,COALINDIA
2026-01-07,410.6272863180242,415.9170158183808,407.4534310072939,415.1475830078125,8920605,0.0,0.0,COALINDIA
2026-01-08,415.14759496019286,417.407758045589,407.26110654312026,408.9922790527344,5991259,0.0,0.0,COALINDIA
2026-01-09,407.5015183683881,411.97373814329626,401.25002015483534,402.3560485839844,7306605,0.0,0.0,COALINDIA
2026-01-12,402.88500702655847,416.5902145552727,399.75925794106223,415.772705078125,14407896,0.0,0.0,COALINDIA
2026-01-13,417.407743808877,419.13891625944524,409.3288901214579,412.5027160644531,7104004,0.0,0.0,COALINDIA
2026-01-14,411.63713315534943,425.10189919314126,411.0600658835576,415.67657470703125,17125550,0.0,0.0,COALINDIA
2026-01-15,415.67657470703125,415.67657470703125,415.67657470703125,415.67657470703125,0,0.0,0.0,COALINDIA
2026-01-16,415.676564936377,417.0230356383347,411.637123479644,414.5224304199219,6410141,0.0,0.0,COALINDIA
2026-01-19,414.5224350494904,416.30171355270556,411.97375309395215,413.7049255371094,7105031,0.0,0.0,COALINDIA
2026-01-20,413.6568677841896,414.47437733403393,397.7395726459419,399.42266845703125,6768420,0.0,0.0,COALINDIA
2026-01-21,399.08604401652553,403.606340544335,395.81600605279414,398.2204284667969,7312100,0.0,0.0,COALINDIA
2026-01-22,401.2019402275079,410.5311114480094,401.2019402275079,407.0206604003906,11497522,0.0,0.0,COALINDIA
2026-01-23,407.7900565647403,409.52122902679355,399.51883728311356,402.4041442871094,6520896,0.0,0.0,COALINDIA
2026-01-27,404.9047310328992,410.6272680693136,402.8850103523494,406.7320861816406,8749844,0.0,0.0,COALINDIA
2026-01-28,407.30914633936817,428.9008707959308,405.4817912224211,427.073486328125,17496873,0.0,0.0,COALINDIA
2026-01-29,428.9489550566974,443.90445060588655,425.63084041288823,438.3262023925781,16915601,0.0,0.0,COALINDIA
2026-01-30,436.5950198885195,436.5950198885195,420.2930246960083,423.899658203125,10191610,0.0,0.0,COALINDIA
2026-02-02,402.9812130618405,409.2327115938261,397.2105990323153,407.3091735839844,9618062,0.0,0.0,COALINDIA
2026-02-03,420.2930624958646,420.2930624958646,403.8949124157183,412.9836120605469,13955805,0.0,0.0,COALINDIA
2026-02-04,415.0033371101965,424.52484465228594,412.06995330433926,418.2733459472656,11476290,0.0,0.0,COALINDIA
2026-02-05,420.29303962493873,421.0624430601096,411.3485999499235,415.3399353027344,5252658,0.0,0.0,COALINDIA
2026-02-06,414.08959051928343,417.60007050501576,410.723399350061,416.2535705566406,4738027,0.0,0.0,COALINDIA
2026-02-09,417.4077356155608,418.177139056075,413.3682941757114,415.1956787109375,4512635,0.0,0.0,COALINDIA
2026-02-10,415.4841803592711,417.1672759973005,412.310354610759,414.4743347167969,5103221,0.0,0.0,COALINDIA
2026-02-11,409.90598658102635,411.5890824420568,404.23152562600495,407.0687561035156,5715603,0.0,0.0,COALINDIA
2026-02-12,407.5496008942892,409.6655043678895,400.24015085468574,403.1254577636719,5987886,0.0,0.0,COALINDIA
2026-02-13,396.5373630047576,401.63475652152994,392.4979506518271,393.3154602050781,8190851,0.0,0.0,COALINDIA
2026-02-16,392.4017612795858,407.64580616025177,391.0552905179163,406.347412109375,9719418,0.0,0.0,COALINDIA
2026-02-17,406.10696586997364,408.36712892142333,402.50033207006265,405.4337158203125,4564907,0.0,0.0,COALINDIA
2026-02-18,407.7725137178407,408.1135590524194,402.55902256335366,407.333984375,4872345,5.5,0.0,COALINDIA
2026-02-19,407.33395822930726,409.1367580113489,404.0207214546411,405.5311584472656,3824366,0.0,0.0,COALINDIA
2026-02-20,405.3850039549284,414.642594189476,404.4592330359269,412.7423400878906,8843227,0.0,0.0,COALINDIA
2026-02-23,415.12982177734375,416.59154650191186,408.25972746741985,415.12982177734375,6515765,0.0,0.0,COALINDIA
2026-02-24,413.1808519994873,420.97671713155313,411.3293399783948,419.9535217285156,8950772,0.0,0.0,COALINDIA
2026-02-25,419.9535348771403,428.43152063038593,417.61475147320164,427.4083251953125,8935314,0.0,0.0,COALINDIA
2026-02-26,427.55448258871854,428.33405721413175,418.54051344012447,422.4384460449219,8650353,0.0,0.0,COALINDIA
2026-02-27,421.7562961584512,423.3154751489378,414.5938687845787,419.6611633300781,8147373,0.0,0.0,COALINDIA
2026-03-02,407.23650333529827,418.63796811098797,405.38499129398826,415.3734436035156,7498197,0.0,0.0,COALINDIA
2026-03-04,415.12981104208257,426.7261542760015,415.12981104208257,424.04632568359375,18921256,0.0,0.0,COALINDIA
2026-03-05,428.91873986870775,446.80051109134706,428.7725733482938,437.9327087402344,30106255,0.0,0.0,COALINDIA
2026-03-06,439.6380413367691,440.0765706240426,427.40829041856983,429.2110900878906,10553695,0.0,0.0,COALINDIA
2026-03-09,427.79810214341273,435.78887585576075,423.70526102462657,426.4825439453125,15824576,0.0,0.0,COALINDIA
2026-03-10,433.4500985814608,433.54755284543836,422.68207153642504,432.23199462890625,10860312,0.0,0.0,COALINDIA
2026-03-11,435.5939625813165,442.3178902841275,433.79116282867665,435.350341796875,9975869,0.0,0.0,COALINDIA
2026-03-12,435.3503358037143,461.90500094227326,433.6449903361004,458.1045227050781,27328045,0.0,0.0,COALINDIA
2026-03-13,460.93051689850444,463.8539662657254,450.50353559320376,455.0836181640625,20216953,0.0,0.0,COALINDIA
2026-03-16,455.083645150105,458.78666933929156,444.36433016798264,448.5545959472656,12312203,0.0,0.0,COALINDIA
2026-03-17,448.55457995520084,453.6219042070883,446.3132806162115,450.454833984375,9193238,0.0,0.0,COALINDIA
2026-03-18,450.45484171219164,451.03953755726565,437.7378483414447,443.5847473144531,9539041,0.0,0.0,COALINDIA
2026-03-19,439.3944477613891,448.2622504018954,439.1508269731272,442.6102600097656,10192726,0.0,0.0,COALINDIA
2026-03-20,445.0464703473446,460.3458380912666,444.55922876813304,456.20428466796875,23878653,0.0,0.0,COALINDIA
2026-03-23,454.1091472158584,454.1091472158584,439.1508249381209,443.6334533691406,10163783,0.0,0.0,COALINDIA
2026-03-24,451.1857237929352,451.1857237929352,427.79812687926255,430.81903076171875,20320746,0.0,0.0,COALINDIA
2026-03-25,432.2320080757556,435.0092911217551,427.6032129120453,432.3782043457031,8630612,0.0,0.0,COALINDIA
2026-03-27,434.6194659159683,437.0556736845556,429.79576263861975,433.6936950683594,17184280,0.0,0.0,COALINDIA
2026-03-30,433.69373013800725,448.16481140135926,431.7935057681705,438.9559631347656,19114688,0.0,0.0,COALINDIA
2026-04-01,452.1601682582007,452.9884848590329,435.3990466772215,437.9327087402344,14960312,0.0,0.0,COALINDIA
2026-04-02,436.95823181169686,441.73319322570217,429.25982099252116,437.8840026855469,6701003,0.0,0.0,COALINDIA
2026-04-06,437.83527794076815,449.6752722894202,435.9837658589643,447.82373046875,12403745,0.0,0.0,COALINDIA
2026-04-07,446.3619959640154,451.9652740890945,443.6821672954993,451.1856994628906,11316785,0.0,0.0,COALINDIA
2026-04-08,452.16018668266554,452.16018668266554,435.5939729464472,437.78656005859375,20653569,0.0,0.0,COALINDIA
2026-04-09,437.7865680184791,444.5592380057974,436.4222975161113,442.5128173828125,9468415,0.0,0.0,COALINDIA
2026-04-10,443.38985576314366,447.8724844285225,416.59156777745915,423.0231628417969,29605732,0.0,0.0,COALINDIA
2026-04-13,423.90019587781944,428.2853703179348,420.48950464661857,423.9976501464844,18702296,0.0,0.0,COALINDIA
2026-04-15,427.7981065375825,427.7981065375825,420.3920285859696,424.67974853515625,10149319,0.0,0.0,COALINDIA
2026-04-16,425.3618923564097,425.80042166675634,419.51499349240413,421.70758056640625,11776638,0.0,0.0,COALINDIA
2026-04-17,421.75628734991335,428.918744313061,419.5149880433694,427.5544738769531,10733309,0.0,0.0,COALINDIA
2026-04-20,427.4083197857799,432.37818984794853,422.2435411961278,430.4779357910156,8090840,0.0,0.0,COALINDIA
2026-04-21,431.0138769942993,433.93732638762856,430.6240896896284,431.8421936035156,5336558,0.0,0.0,COALINDIA
2026-04-22,432.4756058612528,436.3248261617997,431.20878967414046,432.8166809082031,6991939,0.0,0.0,COALINDIA
2026-04-23,432.91413176862653,439.9791344817893,431.3549528082935,439.15081787109375,8989280,0.0,0.0,COALINDIA
2026-04-24,441.19724859271133,450.21121777986224,439.54061533303997,444.36431884765625,16441909,0.0,0.0,COALINDIA
2026-04-27,446.8005120208909,448.8956447881559,439.15081355542105,440.95361328125,6922067,0.0,0.0,COALINDIA
2026-04-28,444.55921233761296,461.80754576089777,444.55921233761296,455.0836181640625,26732373,0.0,0.0,COALINDIA
2026-04-29,457.86093575270064,473.3065003626175,452.2089153705519,467.65447998046875,18063862,0.0,0.0,COALINDIA
2026-04-30,472.08836639563526,478.7148398145708,466.1927255886965,469.1649169921875,16935052,0.0,0.0,COALINDIA
2026-05-01,469.1649169921875,469.1649169921875,469.1649169921875,469.1649169921875,0,0.0,0.0,COALINDIA
2026-05-04,469.31107723777467,474.57328014582816,463.46417850907864,467.70318603515625,7757497,0.0,0.0,COALINDIA
2026-05-05,467.70319804108254,467.7519103028595,459.17647050952,460.5407409667969,6946902,0.0,0.0,COALINDIA
2026-05-06,461.758853452309,465.3157110550086,456.1068332548133,458.2019958496094,8596697,0.0,0.0,COALINDIA
2026-05-07,458.20198671934503,460.7843611060744,444.46176842572856,454.7425537109375,24264105,0.0,0.0,COALINDIA
2026-05-08,449.43162616779625,451.5267589248918,443.29236467765355,444.75408935546875,15767759,0.0,0.0,COALINDIA
2026-05-11,444.3643296074446,453.86554060234056,441.2947135414822,452.5987243652344,6258261,0.0,0.0,COALINDIA
2026-05-12,453.1346901798445,457.0326229985958,449.8701654963667,451.23443603515625,6464174,0.0,0.0,COALINDIA
2026-05-13,451.4293171298253,461.51522363300836,447.77500533438683,450.454833984375,12091924,0.0,0.0,COALINDIA
2026-05-14,452.16016926653634,457.8121594868221,439.93041796317056,442.46405029296875,11408675,0.0,0.0,COALINDIA
2026-05-15,445.3388036079673,456.54535993508244,443.63345807992806,450.4061279296875,7859575,0.0,0.0,COALINDIA
2026-05-18,450.21123103655486,456.5453717329566,445.3875273799022,450.3086853027344,7735499,0.0,0.0,COALINDIA
2026-05-19,450.3086825167521,451.4293322237166,442.41536282691277,445.29010009765625,7319865,0.0,0.0,COALINDIA
2026-05-20,444.3643363621158,448.31098140136413,441.14855371819993,446.9954528808594,3756072,0.0,0.0,COALINDIA
2026-05-21,446.99542860901926,453.3782812861203,445.582416159223,448.4571533203125,7425043,0.0,0.0,COALINDIA
2026-05-22,448.26227805321173,451.0395611584889,444.36434520057514,444.9002990722656,9201635,0.0,0.0,COALINDIA
2026-05-25,448.26225980400517,450.7471800008504,444.36432711005733,446.31329345703125,8441223,0.0,0.0,COALINDIA
2026-05-26,446.3132756162649,463.51289699300514,443.3898262126649,446.4594421386719,17073323,0.0,0.0,COALINDIA
2026-05-27,418.0532948110823,456.3504728597674,417.4685989404961,451.23443603515625,117042535,0.0,0.0,COALINDIA
2026-05-28,451.23443603515625,451.23443603515625,451.23443603515625,451.23443603515625,0,0.0,0.0,COALINDIA
2026-05-29,447.1903034447566,461.90500468960346,444.2668540479869,446.2158203125,97895486,0.0,0.0,COALINDIA
2026-06-01,444.90026862272566,464.82846086346666,444.90026862272566,460.5407409667969,47716517,0.0,0.0,COALINDIA
2026-06-02,457.8609344371012,462.8308046719781,451.4780516760305,460.10223388671875,24933269,0.0,0.0,COALINDIA
2026-06-03,459.85859525382983,466.33890229183896,454.304059109336,460.2483825683594,15291450,0.0,0.0,COALINDIA
2026-06-04,460.9305289643912,472.0883729035786,460.78436243997686,469.35980224609375,16059802,0.0,0.0,COALINDIA
2026-06-05,470.96769728168346,471.26006007173,457.13005431325735,460.2483825683594,9592529,0.0,0.0,COALINDIA
2026-06-08,453.1346551884511,458.5917666610743,452.11145979808776,453.0372009277344,10074583,0.0,0.0,COALINDIA
2026-06-09,453.03720924246437,455.6195836350959,446.703068784868,454.9861755371094,10972434,0.0,0.0,COALINDIA
2026-06-10,453.32958585120934,455.4734309973617,438.7123381957172,439.4919128417969,8127902,0.0,0.0,COALINDIA
2026-06-11,439.491930145799,440.4664133611999,433.69374311861674,434.8144226074219,6034733,0.0,0.0,COALINDIA
2026-06-12,441.7819538059967,441.7819538059967,428.4315223986873,432.18328857421875,9946830,0.0,0.0,COALINDIA
2026-06-15,436.86076093009837,438.1276068007943,429.94195472551246,432.7192077636719,10056872,0.0,0.0,COALINDIA
2026-06-16,434.570790833106,441.87941476411106,432.2807493869511,439.4432067871094,7262608,0.0,0.0,COALINDIA
2026-06-17,439.3944477812171,449.7726874138692,437.1531484246528,444.1206970214844,9064734,0.0,0.0,COALINDIA
2026-06-18,444.36430210349835,445.8260267814704,438.85847843091,440.46636962890625,5364436,0.0,0.0,COALINDIA
2026-06-19,440.7586933030188,443.1949010478705,436.5684278774196,439.7842102050781,6128782,0.0,0.0,COALINDIA
2026-06-22,440.46638770836233,442.70768707770367,436.27612202172736,437.5429382324219,3738644,0.0,0.0,COALINDIA
2026-06-23,437.7865582003207,439.9791453031604,432.18328004861934,433.0115966796875,3512212,0.0,0.0,COALINDIA
2026-06-24,433.0115979539708,435.78888090684734,429.6496191575099,430.4779357910156,4169224,0.0,0.0,COALINDIA
2026-06-25,431.2574959194143,431.5498587008069,420.9767108260374,424.2899475097656,7046971,0.0,0.0,COALINDIA
2026-06-26,424.2899475097656,424.2899475097656,424.2899475097656,424.2899475097656,0,0.0,0.0,COALINDIA
2026-06-29,424.5335833508713,436.471002078998,424.1437960340526,433.49884033203125,21400224,0.0,0.0,COALINDIA
2026-06-30,434.22968403440655,435.44778793388656,426.77489411736184,427.8468017578125,4363382,0.0,0.0,COALINDIA
2026-07-01,427.7981086191328,427.7981086191328,422.1461181684583,423.65655517578125,3391210,0.0,0.0,COALINDIA
2026-07-02,427.21341149605803,428.7725905001956,421.7562998510096,427.7006530761719,4941315,0.0,0.0,COALINDIA
2026-07-03,430.67283804511,434.0835290543271,426.62870920023164,427.5057678222656,4283263,0.0,0.0,COALINDIA
2026-07-06,427.50578421754716,429.2598420511539,420.2458726096711,421.31781005859375,5464728,0.0,0.0,COALINDIA
2026-07-07,421.3177837864981,423.26675003069255,413.6193730697032,418.0045471191406,5315215,0.0,0.0,COALINDIA
2026-07-08,417.0787943191283,420.9767269763164,415.56835731001433,418.10198974609375,3686631,0.0,0.0,COALINDIA
2026-07-09,421.415247713231,424.6797424560483,417.90710244543556,418.9302978515625,2855525,0.0,0.0,COALINDIA
2026-07-10,419.1739282117408,421.56142386572225,415.8606913927063,418.3456115722656,4872051,0.0,0.0,COALINDIA
2026-07-13,418.0532645933536,420.8792597349063,414.1553320563527,419.22265625,5650932,0.0,0.0,COALINDIA
2026-07-14,418.9790491651914,425.3619020076753,417.1275073584866,419.6124572753906,6155516,0.0,0.0,COALINDIA
2026-07-15,419.5637082383756,421.9024915889187,415.7145176400994,416.6402587890625,5624520,0.0,0.0,COALINDIA
2026-07-16,416.6402523187647,419.5149894614917,414.9836488331998,416.44537353515625,4570655,0.0,0.0,COALINDIA
2026-07-17,416.4941111351129,418.73544032445704,413.86302435483975,416.73773193359375,4142036,0.0,0.0,COALINDIA
2026-07-20,417.22495027471075,422.4384410193781,417.22495027471075,418.44305419921875,5363624,0.0,0.0,COALINDIA
2026-07-21,418.9790638621173,422.14613426307403,418.1994594585615,420.2458801269531,4612497,0.0,0.0,COALINDIA
2026-07-22,420.29456202342186,420.6843790664675,416.44537150369905,417.46856689453125,5625202,0.0,0.0,COALINDIA
2026-07-23,417.9071026408695,419.5149938821919,413.66809501275367,416.15301513671875,6064005,0.0,0.0,COALINDIA
2026-07-24,416.1043227785877,417.9558348947003,413.9117355976701,416.4941101074219,5403125,0.0,0.0,COALINDIA
2026-07-27,418.54051906295683,420.00224380939324,414.8862071968658,416.591552734375,5241433,0.0,0.0,COALINDIA
2026-07-28,412.10892552030344,412.7910756329879,396.41974057835654,399.68426513671875,14222229,0.0,0.0,COALINDIA
2026-07-29,402.510272096928,402.94880143054917,395.8837982615734,399.5868225097656,9914444,0.0,0.0,COALINDIA
2026-07-30,402.4128289341855,407.62628999878183,399.63554600721363,406.55438232421875,23225454,0.0,0.0,COALINDIA
2026-07-31,407.8381341442665,409.91189339595996,405.0237487409794,408.9737548828125,5938134,5.5,0.0,COALINDIA
2026-08-03,410.75126564101083,410.8006286621094,407.4431295512365,410.8006286621094,5371911,0.0,0.0,COALINDIA
2026-08-04,409.81313574176164,412.3806457519531,407.8381326779459,412.3806457519531,4057342,0.0,0.0,COALINDIA
2026-08-05,412.3806440010577,412.3806440010577,406.5543910147696,410.306884765625,5429514,0.0,0.0,COALINDIA
2026-08-06,409.31938194415324,410.5537588498956,406.99874733412673,410.4056396484375,4753639,0.0,0.0,COALINDIA
2026-08-07,409.81312218378423,410.05999755859375,407.34436843568915,410.05999755859375,3493763,0.0,0.0,COALINDIA
2026-08-10,409.81313478047537,409.9612539826831,405.2212586951059,405.8631286621094,6284552,0.0,0.0,COALINDIA
2026-08-11,405.86310684473176,408.2824975166374,404.134979260843,407.443115234375,10739893,0.0,0.0,COALINDIA
2026-08-12,407.443129759797,408.5293874499116,403.098129135493,404.1843566894531,4089147,0.0,0.0,COALINDIA
2026-08-13,404.1843404272088,405.3693542480469,401.61686070898185,405.3693542480469,4423109,0.0,0.0,COALINDIA
2026-08-14,404.67810733710866,405.2706142712087,400.53061907071793,402.0118713378906,5000302,0.0,0.0,COALINDIA
2026-08-17,402.01186816354345,403.3450012207031,400.2343473752791,403.3450012207031,4866733,0.0,0.0,COALINDIA
2026-08-18,403.8387577654821,407.5418884572936,401.6662423718241,401.8143615722656,7352659,0.0,0.0,COALINDIA
2026-08-19,401.8637580108829,402.5056279754732,392.3343441772275,395.0006103515625,6030203,0.0,0.0,COALINDIA
2026-08-20,395.0499695819172,398.4074988466057,390.8530881372113,397.4693603515625,5070984,0.0,0.0,COALINDIA
2026-08-21,397.5187170315459,400.8268530859488,396.6793648649181,400.1356201171875,10327739,0.0,0.0,COALINDIA
2026-08-24,400.9256162334618,405.81376080111494,399.5431201357498,401.8143615722656,8002459,0.0,0.0,COALINDIA
2026-08-25,402.9005979028079,402.9005979028079,396.0868438184469,398.9505920410156,8450049,0.0,0.0,COALINDIA
2026-08-26,399.93810036811686,400.3330949338423,396.38308900428063,398.45684814453125,5118183,0.0,0.0,COALINDIA
2026-08-27,398.4568656921387,399.8887549591251,393.42060188292527,395.0006103515625,4430005,0.0,0.0,COALINDIA
2026-08-28,395.98809814453125,401.27123715199457,392.5318429238184,395.98809814453125,38504284,0.0,0.0,COALINDIA
2026-08-31,397.02496764479713,400.5306160658315,394.6549700623321,396.7287292480469,7827528,0.0,0.0,COALINDIA
2026-09-01,396.72871611730085,402.1106111906528,394.4080816323834,396.5805969238281,6128444,0.0,0.0,COALINDIA
2026-09-02,403.0981191174421,417.1206221535703,401.4193545347908,412.62750244140625,34130970,0.0,0.0,COALINDIA
2026-09-03,416.7256277481623,423.14438741726906,411.5906079584154,414.79998779296875,15286175,0.0,0.0,COALINDIA
2026-09-04,418.0,418.0,412.54998779296875,415.3500061035156,6126850,5.25,0.0,COALINDIA
2026-09-07,416.6000061035156,420.29998779296875,413.29998779296875,418.8500061035156,13592701,0.0,0.0,COALINDIA
2026-09-08,418.1000061035156,423.6000061035156,416.04998779296875,420.25,5273145,0.0,0.0,COALINDIA
2026-09-09,420.8500061035156,435.3500061035156,419.79998779296875,431.0,22791556,0.0,0.0,COALINDIA
2026-09-10,433.0,436.29998779296875,430.0,432.0,8811171,0.0,0.0,COALINDIA
2026-09-11,432.0,434.29998779296875,424.20001220703125,426.3999938964844,3868222,0.0,0.0,COALINDIA
2026-09-14,426.3999938964844,426.3999938964844,426.3999938964844,426.3999938964844,0,0.0,0.0,COALINDIA
2026-09-15,426.3999938964844,427.0,418.0,419.25,6128458,0.0,0.0,COALINDIA
2026-09-16,419.25,423.45001220703125,417.6000061035156,422.25,7049685,0.0,0.0,COALINDIA
2026-09-17,421.1000061035156,422.79998779296875,416.54998779296875,418.0,3329425,0.0,0.0,COALINDIA
2026-09-18,418.0,419.95001220703125,409.6499938964844,409.8999938964844,7700870,0.0,0.0,COALINDIA
2026-09-21,411.70001220703125,415.3999938964844,410.45001220703125,414.70001220703125,3442984,0.0,0.0,COALINDIA
2026-09-22,424.70001220703125,428.75,419.6499938964844,428.0,16676174,0.0,0.0,COALINDIA
2026-09-23,428.25,429.3999938964844,421.54998779296875,424.54998779296875,7956161,0.0,0.0,COALINDIA
2026-09-24,422.0,423.8500061035156,418.79998779296875,422.0,3565762,0.0,0.0,COALINDIA
2026-09-25,424.0,426.6499938964844,421.3500061035156,426.1000061035156,4798343,0.0,0.0,COALINDIA
2026-09-28,426.3999938964844,429.29998779296875,421.20001220703125,422.5,5492668,0.0,0.0,COALINDIA
2026-09-29,420.54998779296875,426.0,420.54998779296875,425.0,7457218,0.0,0.0,COALINDIA
2026-09-30,425.1000061035156,432.8999938964844,423.95001220703125,425.0,7436925,0.0,0.0,COALINDIA
2026-10-01,421.20001220703125,426.3500061035156,416.29998779296875,420.3999938964844,7513315,0.0,0.0,COALINDIA
