Date,Open,High,Low,Close,Volume,Dividends,Stock Splits,Symbol
2021-10-04,958.6679567359294,982.2719138997397,957.7005824102624,975.6356811523438,3801765,0.0,0.0,DRREDDY
2021-10-05,974.5523517757262,977.0481943887202,961.570203190483,974.0686645507812,1774235,0.0,0.0,DRREDDY
2021-10-06,970.7601514537779,975.538983061353,949.3424693677728,958.9775390625,2646320,0.0,0.0,DRREDDY
2021-10-07,962.7116222768037,965.4202587147977,944.7281657315976,946.304931640625,1719870,0.0,0.0,DRREDDY
2021-10-08,949.3135478348524,957.0525431273845,932.74241944121,938.1984252929688,1741550,0.0,0.0,DRREDDY
2021-10-11,942.2226075062886,952.1865514031817,934.0773320927713,946.9337158203125,3440320,0.0,0.0,DRREDDY
2021-10-12,948.0269254250028,959.0550173587106,939.5140423932215,950.0197143554688,1427440,0.0,0.0,DRREDDY
2021-10-13,949.7682103052276,956.9268047555681,946.1115656366801,953.5313110351562,1207980,0.0,0.0,DRREDDY
2021-10-14,952.6702089871761,969.2413356463401,950.7451435566686,959.3837890625,1460300,0.0,0.0,DRREDDY
2021-10-18,956.7332601620562,962.5278232411994,941.3810335015683,943.6737060546875,1668255,0.0,0.0,DRREDDY
2021-10-19,948.9943327220665,951.8964560637243,926.7447204360242,929.0277099609375,2698595,0.0,0.0,DRREDDY
2021-10-20,928.8825257083365,937.2793277988267,912.8143932302658,919.7601928710938,1580485,0.0,0.0,DRREDDY
2021-10-21,924.8099006155607,926.5124889591067,889.9844231865228,899.9774169921875,2584000,0.0,0.0,DRREDDY
2021-10-22,900.6255349764504,906.9715084572804,888.6784851708316,897.2300415039062,1814980,0.0,0.0,DRREDDY
2021-10-25,899.8322397444322,909.1383759984793,877.7954833922729,904.7174682617188,1380835,0.0,0.0,DRREDDY
2021-10-26,908.3645664897604,909.0997804847337,897.1430470068937,902.79248046875,1363565,0.0,0.0,DRREDDY
2021-10-27,900.7223348630536,914.7492645139704,899.0874696661238,902.1153564453125,1929040,0.0,0.0,DRREDDY
2021-10-28,904.4950781352046,907.3391612774051,880.5138876402183,884.1705322265625,1341975,0.0,0.0,DRREDDY
2021-10-29,888.6301451218942,951.4804937683075,875.6770461247428,901.438232421875,9725820,0.0,0.0,DRREDDY
2021-11-01,906.4297723866393,935.4413199021378,895.6048509715168,928.9598999023438,3383505,0.0,0.0,DRREDDY
2021-11-02,928.6502499687842,929.4531871454516,913.5882845379823,918.2509765625,2046660,0.0,0.0,DRREDDY
2021-11-03,920.7469114810292,928.3408356947131,919.6925064846604,923.1943969726562,1862160,0.0,0.0,DRREDDY
2021-11-04,923.8425205471733,926.4834336752305,919.7795363967307,922.1302490234375,104180,0.0,0.0,DRREDDY
2021-11-08,920.9403442924498,930.6431369751467,909.5446465650977,926.5027465820312,1191260,0.0,0.0,DRREDDY
2021-11-09,926.7445811691761,935.4509498857967,923.900498359993,927.19921875,1249435,0.0,0.0,DRREDDY
2021-11-10,925.6031231522179,938.3434266786797,923.6490080912439,934.3578491210938,1711170,0.0,0.0,DRREDDY
2021-11-11,934.6771313732563,938.227378791302,925.5837886458999,931.5718383789062,1586300,0.0,0.0,DRREDDY
2021-11-12,938.3531119201945,942.2226092889375,931.5814915248941,937.0471801757812,1166710,0.0,0.0,DRREDDY
2021-11-15,936.6119088585835,947.8334283166257,935.0737575784134,942.9288330078125,1337395,0.0,0.0,DRREDDY
2021-11-16,948.2203925284715,948.2203925284715,928.1666811969379,932.0845947265625,1679855,0.0,0.0,DRREDDY
2021-11-17,932.084621315892,933.4872669917143,919.0250666281895,922.5462646484375,983295,0.0,0.0,DRREDDY
2021-11-18,920.9016517095886,922.430060578456,899.870885017437,903.80810546875,1168320,0.0,0.0,DRREDDY
2021-11-22,904.775538695002,907.319737970649,886.4244755325925,891.454833984375,910090,0.0,0.0,DRREDDY
2021-11-23,889.9844788243806,901.9508958433266,880.6009350106145,896.166015625,1063495,0.0,0.0,DRREDDY
2021-11-24,895.5758589829366,900.354631615986,887.3918506813851,889.6071166992188,996290,0.0,0.0,DRREDDY
2021-11-25,892.6930712834384,908.5580348258928,887.0823116553473,888.3592529296875,2726870,0.0,0.0,DRREDDY
2021-11-26,886.1149593303437,932.5489309983094,885.3700621408053,919.1798095703125,5361365,0.0,0.0,DRREDDY
2021-11-29,938.3531675499198,945.1247883466718,902.6763949715244,908.8676147460938,4500925,0.0,0.0,DRREDDY
2021-11-30,912.0212487883495,918.6671060734471,899.6581758374084,904.6594848632812,3589115,0.0,0.0,DRREDDY
2021-12-01,908.5580282189029,911.7309854780121,888.0496795831586,891.2130126953125,2127105,0.0,0.0,DRREDDY
2021-12-02,891.8998453357143,903.3342180202252,891.7354082172413,902.125,1163740,0.0,0.0,DRREDDY
2021-12-03,900.0838156827416,902.3668050368279,886.6953283557402,889.3072509765625,2738865,0.0,0.0,DRREDDY
2021-12-06,891.7740083836238,891.7740083836238,867.5993331642517,870.3853759765625,1336375,0.0,0.0,DRREDDY
2021-12-07,874.5063991256583,880.3106451375543,859.2799365347996,874.641845703125,2662500,0.0,0.0,DRREDDY
2021-12-08,875.9091876866167,887.9916848459451,875.9091876866167,884.315673828125,979280,0.0,0.0,DRREDDY
2021-12-09,889.984391313711,893.4572911678025,883.2804942339678,888.8718872070312,1130885,0.0,0.0,DRREDDY
2021-12-10,891.9191667178803,893.7572016334271,884.8573456448268,888.6881103515625,802565,0.0,0.0,DRREDDY
2021-12-13,905.0753678288771,905.0753678288771,883.493249644276,889.9456787109375,1355025,0.0,0.0,DRREDDY
2021-12-14,889.2105814104627,901.5929622158158,885.553877750557,898.99072265625,1195915,0.0,0.0,DRREDDY
2021-12-15,898.7101762741962,898.9906935920052,884.6252074927505,890.04248046875,1537725,0.0,0.0,DRREDDY
2021-12-16,895.7887241051801,897.5203030828156,884.1802309202318,889.4717407226562,1006605,0.0,0.0,DRREDDY
2021-12-17,895.7886351365764,899.2711591286412,870.0177686549973,874.1098022460938,2417560,0.0,0.0,DRREDDY
2021-12-20,869.9017065633276,885.1475358630217,863.2848990319212,882.380859375,1708885,0.0,0.0,DRREDDY
2021-12-21,882.4486328119679,895.6339507588681,879.1111792848781,894.028076171875,1293770,0.0,0.0,DRREDDY
2021-12-22,897.7234326875197,905.3269812119574,891.9191863554883,899.3679809570312,1068395,0.0,0.0,DRREDDY
2021-12-23,904.2435161236112,909.3319147959743,900.6449117805712,908.3258666992188,831200,0.0,0.0,DRREDDY
2021-12-24,914.1687315887286,915.13610590787,892.1126089210707,897.462158203125,1259130,0.0,0.0,DRREDDY
2021-12-27,894.647107483061,918.0382109789062,894.0666474765796,916.4710693359375,1696340,0.0,0.0,DRREDDY
2021-12-28,916.4711709378383,923.5716660246198,909.9220273047677,917.80615234375,3342970,0.0,0.0,DRREDDY
2021-12-29,917.8061634991103,937.9952629063281,917.8061634991103,935.0931396484375,2528020,0.0,0.0,DRREDDY
2021-12-30,934.4836427909618,953.4345327063564,933.5259516102722,948.9362182617188,2765730,0.0,0.0,DRREDDY
2021-12-31,948.800765540534,954.0342939206051,943.4802065321519,949.3812255859375,1442840,0.0,0.0,DRREDDY
2022-01-03,949.3812262634618,953.8891648290343,937.9081214111494,938.9625854492188,1463005,0.0,0.0,DRREDDY
2022-01-04,940.4814160521673,946.6532695301217,933.5163084703546,935.5381469726562,1267190,0.0,0.0,DRREDDY
2022-01-05,944.1574152508765,948.9168807708884,920.3696527541459,926.8220825195312,2684010,0.0,0.0,DRREDDY
2022-01-06,926.8220861191413,935.654219156911,914.8072535020798,916.9645385742188,1908215,0.0,0.0,DRREDDY
2022-01-07,922.7688164592776,922.7688164592776,907.3972224751815,910.9571533203125,1335615,0.0,0.0,DRREDDY
2022-01-10,914.826615327599,914.826615327599,900.6546157966827,909.1481323242188,1575095,0.0,0.0,DRREDDY
2022-01-11,911.2666318435879,917.0515115253801,901.6992854130514,903.3825073242188,1547160,0.0,0.0,DRREDDY
2022-01-12,905.4623755139446,909.9703139255669,896.5625198432867,908.054931640625,1188845,0.0,0.0,DRREDDY
2022-01-13,909.3319246624998,920.8630108344535,906.352395015371,914.3526000976562,2270255,0.0,0.0,DRREDDY
2022-01-14,913.2401056747402,913.7818329760103,901.6993361887961,907.242431640625,1594300,0.0,0.0,DRREDDY
2022-01-17,902.6569620628968,909.3221853549904,891.0484701240207,903.991943359375,2693245,0.0,0.0,DRREDDY
2022-01-18,903.5276907246994,914.0624121243363,894.0474334016681,908.0840454101562,2122640,0.0,0.0,DRREDDY
2022-01-19,908.3644757525643,915.9873900276481,900.6157980938584,906.4200439453125,1539435,0.0,0.0,DRREDDY
2022-01-20,911.6536227084612,911.6536227084612,884.1801671998129,888.3495483398438,1588695,0.0,0.0,DRREDDY
2022-01-21,882.4872618982007,884.1801670320148,858.0610592531697,869.8920288085938,2787740,0.0,0.0,DRREDDY
2022-01-24,867.9476329230989,868.66353957766,834.0702215030993,844.39208984375,2782490,0.0,0.0,DRREDDY
2022-01-25,844.3920866689043,854.9557985704203,832.135469569665,851.8408813476562,1704510,0.0,0.0,DRREDDY
2022-01-27,839.6809810250195,844.5469026086423,818.7857175571434,823.496826171875,3527530,0.0,0.0,DRREDDY
2022-01-28,822.0360330323452,847.4199264036307,807.8446679203964,816.1930541992188,6514920,0.0,0.0,DRREDDY
2022-01-31,822.2585492144608,845.214324620406,820.343166814183,832.4837036132812,3092775,0.0,0.0,DRREDDY
2022-02-01,835.8114704933841,837.0497380499764,823.8160044752459,833.7703247070312,1858315,0.0,0.0,DRREDDY
2022-02-02,836.7788754787304,857.0453814392682,834.8634930161749,854.2593383789062,1525005,0.0,0.0,DRREDDY
2022-02-03,854.7719456799501,858.4383322272198,843.5504269210155,846.3848266601562,1107685,0.0,0.0,DRREDDY
2022-02-04,852.169719045241,852.5470092150822,839.1005410759387,841.9929809570312,1234965,0.0,0.0,DRREDDY
2022-02-07,835.8114264148709,841.6156724316409,822.2778688994507,833.721923828125,1279790,0.0,0.0,DRREDDY
2022-02-08,833.6832560331692,847.2942210884195,828.082179446294,836.1887817382812,1982015,0.0,0.0,DRREDDY
2022-02-09,836.2370338520524,850.3220011567865,834.1668387003297,845.2432861328125,994400,0.0,0.0,DRREDDY
2022-02-10,848.3872818639413,849.1128126066984,838.4620118560097,845.62060546875,1189325,0.0,0.0,DRREDDY
2022-02-11,834.0702192124464,841.528638045913,828.1015356987011,836.8562622070312,1687690,0.0,0.0,DRREDDY
2022-02-14,822.2682735125837,825.479963736742,806.1614654785914,813.4844970703125,2246930,0.0,0.0,DRREDDY
2022-02-15,819.1725977600046,830.868179773409,810.3888220226211,827.5984497070312,1790055,0.0,0.0,DRREDDY
2022-02-16,827.6855222087437,846.0269622920961,821.0203573920928,835.1246337890625,1903065,0.0,0.0,DRREDDY
2022-02-17,836.3725414357483,838.7619277660015,830.6263353705469,832.1354370117188,1145155,0.0,0.0,DRREDDY
2022-02-18,828.0724633505147,840.2613568336965,825.0929337491729,836.033935546875,1790540,0.0,0.0,DRREDDY
2022-02-21,846.6460530685762,854.5108113517755,828.5755070794166,831.6033935546875,2939755,0.0,0.0,DRREDDY
2022-02-22,810.6500381860151,819.4821709001784,804.0235473746386,816.1737670898438,2404200,0.0,0.0,DRREDDY
2022-02-23,824.2030099073253,824.3287733060538,810.824205080425,812.7783203125,1857420,0.0,0.0,DRREDDY
2022-02-24,783.5732165355834,802.7272166865732,783.5635333451543,791.7958984375,3485635,0.0,0.0,DRREDDY
2022-02-25,795.955593072553,812.7879301623013,793.6532374258352,808.067138671875,1527165,0.0,0.0,DRREDDY
2022-02-28,802.9207644730747,802.9207644730747,784.0569633800325,786.1658325195312,4914250,0.0,0.0,DRREDDY
2022-03-02,785.7691514270356,786.1657489157279,740.0413487975053,745.4876708984375,7703175,0.0,0.0,DRREDDY
2022-03-03,750.4889975797654,753.4394774939085,715.8570081818964,719.5040283203125,6673625,0.0,0.0,DRREDDY
2022-03-04,717.7917836521141,749.5119680377754,706.9571788825582,740.74755859375,6040250,0.0,0.0,DRREDDY
2022-03-07,725.3372758072993,733.6470474529314,709.6657995288314,729.2841796875,3015430,0.0,0.0,DRREDDY
2022-03-08,725.5308163592925,752.0272159432577,723.1801035995503,748.46728515625,3920845,0.0,0.0,DRREDDY
2022-03-09,754.8422238750205,770.2815403781632,751.1081729042655,760.443359375,4046845,0.0,0.0,DRREDDY
2022-03-10,769.0625670328305,771.2875161098176,749.8214780720156,753.1008911132812,3560495,0.0,0.0,DRREDDY
2022-03-11,753.1977270812642,773.1256762815221,749.3282292610803,769.1787719726562,5566315,0.0,0.0,DRREDDY
2022-03-14,766.3539701289441,772.8643805955485,759.3888630160786,765.6381225585938,2850290,0.0,0.0,DRREDDY
2022-03-15,765.7735796643373,773.7060618456583,750.6825620853167,754.5230102539062,2356470,0.0,0.0,DRREDDY
2022-03-16,768.8691652674672,768.8691652674672,752.6172870726124,763.0262451171875,1793880,0.0,0.0,DRREDDY
2022-03-17,767.1472305160701,783.5732281832137,763.4905271101695,782.054443359375,3862935,0.0,0.0,DRREDDY
2022-03-21,788.21661525948,789.948253148734,773.2706696163904,774.857177734375,2008195,0.0,0.0,DRREDDY
2022-03-22,777.9624380892843,784.9178617951775,768.0952082401511,779.7714233398438,6451110,0.0,0.0,DRREDDY
2022-03-23,781.6384918536118,810.4565531130736,781.6384918536118,798.5288696289062,5220570,0.0,0.0,DRREDDY
2022-03-24,795.7621233901143,841.3351742755086,793.5274909845599,837.4559936523438,8690735,0.0,0.0,DRREDDY
2022-03-25,837.1657683603055,846.4525383058957,830.007174704524,843.8309326171875,4321985,0.0,0.0,DRREDDY
2022-03-28,843.511805775463,844.1212563729185,820.169056705357,829.126953125,2484535,0.0,0.0,DRREDDY
2022-03-29,830.7810755728406,842.6894513965404,821.6974163039093,836.498291015625,2105420,0.0,0.0,DRREDDY
2022-03-30,842.157413102719,844.8080093788851,828.865698959767,842.4669799804688,3084130,0.0,0.0,DRREDDY
2022-03-31,842.1961363875079,848.8710434234193,828.0918600237355,831.0617065429688,3058595,0.0,0.0,DRREDDY
2022-04-01,830.9745845760028,838.6458562517282,824.7833649849064,827.966064453125,1569355,0.0,0.0,DRREDDY
2022-04-04,839.6810402506298,839.6810402506298,826.1377976659423,835.2601318359375,1298870,0.0,0.0,DRREDDY
2022-04-05,839.4681888384627,852.8372511462508,832.4740317461072,837.7268676757812,2399325,0.0,0.0,DRREDDY
2022-04-06,837.7461636725533,842.583035287291,825.4218242452167,827.443603515625,2059755,0.0,0.0,DRREDDY
2022-04-07,830.9745315982124,842.9796207960276,827.443591752115,835.308349609375,1397010,0.0,0.0,DRREDDY
2022-04-08,841.0353233422618,866.3128210285106,837.136776186066,857.1614379882812,3358875,0.0,0.0,DRREDDY
2022-04-11,857.0936307607722,860.9631279651097,846.1526297772613,847.5166015625,1077795,0.0,0.0,DRREDDY
2022-04-12,846.6461038472228,852.8566310888103,837.4850373907602,845.9398803710938,1855070,0.0,0.0,DRREDDY
2022-04-13,841.809216075296,844.0051158170965,830.1233167717711,831.7872314453125,1847180,0.0,0.0,DRREDDY
2022-04-18,827.1050858191384,835.5115714507967,818.5341630769625,829.0301513671875,1698380,0.0,0.0,DRREDDY
2022-04-19,833.8766567024386,835.0568250216924,810.6596732211641,814.4711303710938,1550720,0.0,0.0,DRREDDY
2022-04-20,815.883588998149,839.6809755162077,815.1193254374394,830.6650390625,2252075,0.0,0.0,DRREDDY
2022-04-21,835.6180410661852,841.9156582050466,833.876778858777,835.8695678710938,1972180,0.0,0.0,DRREDDY
2022-04-22,831.3519430197841,831.7485405651157,806.2098905033235,811.1918334960938,1953715,0.0,0.0,DRREDDY
2022-04-25,802.9207986025293,808.6670052338003,785.7015450918718,796.2362670898438,1705680,0.0,0.0,DRREDDY
2022-04-26,807.7576126101277,809.7407182933952,799.2544130098131,803.801025390625,792225,0.0,0.0,DRREDDY
2022-04-27,803.801004254448,805.571315867212,787.9361001616336,788.8067016601562,993500,0.0,0.0,DRREDDY
2022-04-28,793.247009189958,803.240003289226,789.6870784778795,797.532470703125,1504805,0.0,0.0,DRREDDY
2022-04-29,804.8554839317692,825.3638325907231,796.1684808958635,799.4285278320312,2615175,0.0,0.0,DRREDDY
2022-05-02,797.5324772803908,802.0017423284455,787.4427692753069,797.87109375,925300,0.0,0.0,DRREDDY
2022-05-04,797.8903558469007,800.0959977163833,767.5148365394684,772.4193725585938,1712475,0.0,0.0,DRREDDY
2022-05-05,783.5732774483431,788.3907831489939,764.4192758083756,766.895751953125,1264655,0.0,0.0,DRREDDY
2022-05-06,760.3175575233823,764.0032513970344,750.6824878411833,760.4819946289062,1197395,0.0,0.0,DRREDDY
2022-05-09,760.162703129086,761.507367558915,748.8734617289043,755.674072265625,886775,0.0,0.0,DRREDDY
2022-05-10,754.5520445958974,761.130178816938,752.6172957636003,757.2606811523438,1014140,0.0,0.0,DRREDDY
2022-05-11,753.681391668003,762.8618245674417,745.0717947030389,751.4661254882812,1356280,0.0,0.0,DRREDDY
2022-05-12,747.1031982157207,753.8167785621565,733.2407072568601,750.6824951171875,1468145,0.0,0.0,DRREDDY
2022-05-13,754.4358519531755,769.8364338307792,752.7138974080127,759.2533569335938,1092005,0.0,0.0,DRREDDY
2022-05-16,759.0018921994977,765.1931116636185,747.0161688635753,752.3076782226562,1089575,0.0,0.0,DRREDDY
2022-05-17,761.304294504616,763.2293601340486,748.9412802440957,755.325927734375,1277320,0.0,0.0,DRREDDY
2022-05-18,757.2605802672718,770.9876237654064,751.0694202550394,755.674072265625,2500790,0.0,0.0,DRREDDY
2022-05-19,751.8433920701576,776.7532827568931,740.8249835337347,760.2498779296875,9129055,0.0,0.0,DRREDDY
2022-05-20,769.0626447423128,831.7678601699603,769.0626447423128,822.0941162109375,12401575,0.0,0.0,DRREDDY
2022-05-23,822.0940890201,837.1657981420366,819.598246628945,827.0953979492188,3035360,0.0,0.0,DRREDDY
2022-05-24,826.8923702617669,846.4526535256189,823.5161837954411,841.0546875,5054480,0.0,0.0,DRREDDY
2022-05-25,849.5674544024192,850.9024356992068,831.2260749228057,833.38330078125,2500200,0.0,0.0,DRREDDY
2022-05-26,835.0375455185624,841.4221925711876,829.9394638318415,832.744873046875,2145360,0.0,0.0,DRREDDY
2022-05-27,835.8114609304786,853.0307130158789,825.9345472949483,849.451416015625,2171455,0.0,0.0,DRREDDY
2022-05-30,852.0633679981784,856.4649097522171,841.8285302143596,845.5432739257812,2324015,0.0,0.0,DRREDDY
2022-05-31,842.5830806352271,851.0959633265612,837.8622889616621,845.41748046875,2380075,0.0,0.0,DRREDDY
2022-06-01,841.6156524724008,843.8696511544016,832.1547033483909,835.617919921875,1772530,0.0,0.0,DRREDDY
2022-06-02,832.541722466537,843.5504474793972,830.0072063501409,838.3556518554688,1639675,0.0,0.0,DRREDDY
2022-06-03,843.4924266908172,849.6739632040048,834.8054235759084,839.6809692382812,1423865,0.0,0.0,DRREDDY
2022-06-06,838.1331586861411,842.3218471012202,826.3311798323157,833.054443359375,566055,0.0,0.0,DRREDDY
2022-06-07,824.202900751497,827.1050236414671,793.9627707909945,801.7501220703125,3605015,0.0,0.0,DRREDDY
2022-06-08,807.5640714992797,814.9741918639511,795.7620929723054,812.4299926757812,2264910,0.0,0.0,DRREDDY
2022-06-09,806.809599881458,838.7135880627554,806.809599881458,836.37255859375,3702930,0.0,0.0,DRREDDY
2022-06-10,836.3724914811839,844.3242799113815,828.4206440071447,841.91552734375,2107480,0.0,0.0,DRREDDY
2022-06-13,836.391880599375,842.5831003619385,823.5258129192653,825.5960083007812,1839815,0.0,0.0,DRREDDY
2022-06-14,822.2682324482254,836.769165124032,820.1496801699284,834.0798950195312,2035905,0.0,0.0,DRREDDY
2022-06-15,833.2383365224615,841.4416529819553,829.4365029672505,838.8103637695312,1585315,0.0,0.0,DRREDDY
2022-06-16,841.615739738976,843.4150419775494,827.2308869338418,829.5235595703125,1750035,0.0,0.0,DRREDDY
2022-06-17,830.0072111179447,831.7291658410304,786.67853425488,802.2822875976562,4764870,0.0,0.0,DRREDDY
2022-06-20,802.2823002085286,808.5702337249272,794.6206525508239,803.2689819335938,1387575,0.0,0.0,DRREDDY
2022-06-21,804.8747465210718,827.4048716637343,804.8747465210718,825.8764038085938,1191555,0.0,0.0,DRREDDY
2022-06-22,828.2659390173721,841.3932161706326,804.8554676916116,824.3770751953125,2847785,0.0,0.0,DRREDDY
2022-06-23,830.974566576341,833.4316761693392,823.235571777027,830.9552001953125,1675510,0.0,0.0,DRREDDY
2022-06-24,836.1984664998196,845.9786076480602,830.3942200198408,833.8090209960938,1518295,0.0,0.0,DRREDDY
2022-06-27,851.2603277516439,851.2603277516439,833.07370286309,835.9177856445312,1663765,0.0,0.0,DRREDDY
2022-06-28,837.6010299177018,847.4199028663963,834.2636357545007,846.3751220703125,1412215,0.0,0.0,DRREDDY
2022-06-29,842.9893851515928,852.9823792600039,838.5975266207714,844.39208984375,1905735,0.0,0.0,DRREDDY
2022-06-30,845.4368364602875,854.1915626377834,841.8091825985755,850.0899047851562,1845325,0.0,0.0,DRREDDY
2022-07-01,848.3873420969812,850.322090881695,830.0169118331396,848.5614624023438,1523995,0.0,0.0,DRREDDY
2022-07-04,843.956736662942,853.4660433122601,831.1680757519757,842.4766845703125,1303490,0.0,0.0,DRREDDY
2022-07-05,844.4983781865845,864.3489172621688,841.8477821122802,850.167236328125,2434495,0.0,0.0,DRREDDY
2022-07-06,850.3220496384049,859.6668598360269,847.294163213682,849.3546752929688,1678505,0.0,0.0,DRREDDY
2022-07-07,856.4648580064594,859.6088246470852,837.3592145749647,838.9940795898438,2161110,0.0,0.0,DRREDDY
2022-07-08,837.7462371442051,854.1819188855036,832.7932848998396,852.489013671875,2089480,0.0,0.0,DRREDDY
2022-07-11,853.0637099593457,889.9882520555269,847.4047373556695,876.8002319335938,4797040,6.0,0.0,DRREDDY
2022-07-12,870.780847010509,884.2026185285662,862.1901071158376,873.4301147460938,2079370,0.0,0.0,DRREDDY
2022-07-13,875.5339814047795,883.3649679233033,866.8653045795417,876.9170532226562,1893835,0.0,0.0,DRREDDY
2022-07-14,877.7742485417502,897.6439359392745,877.19955882508,891.29345703125,4423835,0.0,0.0,DRREDDY
2022-07-15,895.1894067028807,898.5302399832627,880.6961933862008,885.5662231445312,1504725,0.0,0.0,DRREDDY
2022-07-18,891.4102786317168,898.7737614117375,867.8977601691738,870.0015869140625,2337315,0.0,0.0,DRREDDY
2022-07-19,868.3847505685468,876.2157370786751,863.9725344868382,866.4562377929688,1961920,0.0,0.0,DRREDDY
2022-07-20,874.6573615345528,875.0469877022068,864.9173018292682,868.56982421875,1130700,0.0,0.0,DRREDDY
2022-07-21,870.5665372242347,874.043745723403,848.5540257497335,851.4954833984375,3126100,0.0,0.0,DRREDDY
2022-07-22,855.9564746149636,858.4499276369418,847.9696133973646,851.9630737304688,1806315,0.0,0.0,DRREDDY
2022-07-25,852.7714310035993,855.3427614494424,837.6450905425421,843.5962524414062,1726910,0.0,0.0,DRREDDY
2022-07-26,843.2554516435099,843.2554516435099,817.0059778180898,820.502685546875,2971165,0.0,0.0,DRREDDY
2022-07-27,819.7137049464725,837.6451285764016,810.9573413981295,834.9276733398438,1866270,0.0,0.0,DRREDDY
2022-07-28,840.3723572465666,840.5476711911348,817.1910265476887,829.8628540039062,2832835,0.0,0.0,DRREDDY
2022-07-29,814.8436629072246,814.8436629072246,790.0357004766971,796.8050537109375,9872475,0.0,0.0,DRREDDY
2022-08-01,806.4379912500175,806.4379912500175,798.7822592689789,800.7205810546875,2136850,0.0,0.0,DRREDDY
2022-08-02,804.1393108112759,804.1393108112759,793.0746171805034,795.8408203125,2635115,0.0,0.0,DRREDDY
2022-08-03,797.7011717173234,799.4641202154883,786.9968551912887,797.9641723632812,2600985,0.0,0.0,DRREDDY
2022-08-04,800.6329033329378,810.236587881407,796.5518159611188,808.025634765625,3006675,0.0,0.0,DRREDDY
2022-08-05,809.398899917966,816.9571951858956,807.226885792521,809.75927734375,2075395,0.0,0.0,DRREDDY
2022-08-08,809.7593552677199,824.7882605617642,809.7593552677199,822.713623046875,2041885,0.0,0.0,DRREDDY
2022-08-10,826.6583525334554,830.6323137011235,820.999379991509,826.5999145507812,2108115,0.0,0.0,DRREDDY
2022-08-11,829.853099813618,833.3594975826832,825.1583838287268,829.5219116210938,1285185,0.0,0.0,DRREDDY
2022-08-12,829.4634701610543,835.6191950986729,822.2558615662923,830.0089111328125,2021290,0.0,0.0,DRREDDY
2022-08-16,832.7750879764449,841.3463284542007,830.3985110784275,837.216552734375,1314065,0.0,0.0,DRREDDY
2022-08-17,841.1418073631988,843.4696363552838,836.0379663524608,840.742431640625,2169055,0.0,0.0,DRREDDY
2022-08-18,825.9570842730358,825.9570842730358,805.181519741171,823.0545654296875,5137920,0.0,0.0,DRREDDY
2022-08-19,824.3986830095185,827.3401406360665,815.2430030429742,818.9442138671875,1928705,0.0,0.0,DRREDDY
2022-08-22,812.1456553642221,823.9992912323011,810.3729573861073,815.6228637695312,1692810,0.0,0.0,DRREDDY
2022-08-23,807.4509861052807,825.0220332072063,807.4509861052807,823.0643310546875,1398150,0.0,0.0,DRREDDY
2022-08-24,827.184371232393,827.184371232393,817.5806860363319,821.6812133789062,1467185,0.0,0.0,DRREDDY
2022-08-25,825.7914140653502,830.6127550154099,820.5025693208703,825.5479125976562,1552875,0.0,0.0,DRREDDY
2022-08-26,832.3854791529055,832.7751053208024,820.5318431297972,822.703857421875,818685,0.0,0.0,DRREDDY
2022-08-29,812.3209764986786,822.6941638269352,809.8177740295921,820.1422729492188,966050,0.0,0.0,DRREDDY
2022-08-30,820.8922581743607,830.1648144677425,816.7332929122133,826.9408569335938,2359905,0.0,0.0,DRREDDY
2022-09-01,821.2818618646043,824.4960697387787,817.5903411189603,818.5740966796875,1656700,0.0,0.0,DRREDDY
2022-09-02,822.674627955439,824.3986374636579,813.0903835104202,816.2072143554688,1008280,0.0,0.0,DRREDDY
2022-09-05,817.1910187183174,821.9733619314986,809.3989708640307,820.94091796875,1581715,0.0,0.0,DRREDDY
2022-09-06,824.0090723418188,828.294722502236,815.2430183807356,825.80126953125,1129375,0.0,0.0,DRREDDY
2022-09-07,821.0870102540156,831.0218827660271,820.5610684460979,827.7686767578125,1073975,0.0,0.0,DRREDDY
2022-09-08,837.0510265519259,837.0510265519259,828.431037824527,832.12255859375,1577545,0.0,0.0,DRREDDY
2022-09-09,832.2880812404003,841.44376091646,827.1356111851846,828.8985595703125,1570630,0.0,0.0,DRREDDY
2022-09-12,829.8530850531722,837.6451328001503,826.8726291678973,830.0770874023438,1262745,0.0,0.0,DRREDDY
2022-09-13,830.6420460727373,838.9990341137426,825.3726998234713,828.4700317382812,2209365,0.0,0.0,DRREDDY
2022-09-14,811.4152005416917,830.3303807654685,811.4152005416917,820.9215087890625,1723540,0.0,0.0,DRREDDY
2022-09-15,825.031738671494,825.031738671494,806.7399376084519,812.1261596679688,1881365,0.0,0.0,DRREDDY
2022-09-16,815.2430217519194,815.2430217519194,791.0486865618941,794.2726440429688,1893520,0.0,0.0,DRREDDY
2022-09-19,792.8408765721207,800.837487158702,778.6204128847912,798.5193481445312,1506440,0.0,0.0,DRREDDY
2022-09-20,801.0224881766261,825.5673896727156,799.8731088822971,821.2817993164062,2957845,0.0,0.0,DRREDDY
2022-09-21,822.0513367325007,831.6258326178908,805.08416839775,808.960693359375,1894725,0.0,0.0,DRREDDY
2022-09-22,800.6523626866315,822.4700595520222,800.3211745175608,814.7364501953125,2391915,0.0,0.0,DRREDDY
2022-09-23,810.9573243085757,821.03832148712,804.4315320497924,806.3211059570312,1659940,0.0,0.0,DRREDDY
2022-09-26,802.4250352276005,810.1391451986119,796.6004396046491,804.1100463867188,2055290,0.0,0.0,DRREDDY
2022-09-27,808.1327736436707,818.1650233497859,803.6133716279776,814.5806884765625,1485445,0.0,0.0,DRREDDY
2022-09-28,813.9086285186874,837.0607698772965,813.9086285186874,831.74267578125,3133240,0.0,0.0,DRREDDY
2022-09-29,835.9405868630881,858.4888478529934,834.9178925294401,849.4695434570312,5442790,0.0,0.0,DRREDDY
2022-09-30,853.7260411877802,858.0993187830809,832.2004720962459,844.599609375,3164565,0.0,0.0,DRREDDY
2022-10-03,840.5671267613473,864.7224621991829,840.0606246486675,860.9530639648438,3476290,0.0,0.0,DRREDDY
2022-10-04,866.0861239870225,866.8458177334815,852.4597899222799,859.8427124023438,1543270,0.0,0.0,DRREDDY
2022-10-06,864.1478066312545,866.4659454578215,851.2616679897848,856.64794921875,1231195,0.0,0.0,DRREDDY
2022-10-07,855.1772394438008,858.7908229846345,851.6708417403303,852.57666015625,1338865,0.0,0.0,DRREDDY
2022-10-10,847.3852727184557,854.7876949995399,841.5412363548802,853.2293090820312,1218745,0.0,0.0,DRREDDY
2022-10-11,854.5928498985419,854.7876035309314,828.2946890765501,834.2847900390625,1486910,0.0,0.0,DRREDDY
2022-10-12,837.6451609653604,839.5931729676055,821.0968085180663,826.1810913085938,1470100,0.0,0.0,DRREDDY
2022-10-13,827.8953450739144,839.3983534815759,826.2103337283668,828.8109130859375,1513920,0.0,0.0,DRREDDY
2022-10-14,838.6191416325602,845.437183434451,830.4472172623427,839.7489624023438,1244005,0.0,0.0,DRREDDY
2022-10-17,838.6191614240682,852.0604322610042,834.2361344479843,844.5021362304688,1050700,0.0,0.0,DRREDDY
2022-10-18,848.7293814037685,851.9922778333839,844.5021690650906,848.6611938476562,721180,0.0,0.0,DRREDDY
2022-10-19,849.3429319037147,855.9661604266784,838.6288665302542,840.937255859375,860840,0.0,0.0,DRREDDY
2022-10-20,838.6192044371445,848.3592648835689,833.7491742139323,847.2001953125,1287620,0.0,0.0,DRREDDY
2022-10-21,848.3592347774126,854.9727141843389,839.320430468562,843.64501953125,1002975,0.0,0.0,DRREDDY
2022-10-24,850.2682947096085,854.0084444388049,848.3592215581051,852.7422485351562,158840,0.0,0.0,DRREDDY
2022-10-25,855.1674371141465,872.2222900642536,851.4759761266502,865.375,3118275,0.0,0.0,DRREDDY
2022-10-27,868.8133255381414,880.306584098364,866.9335011492291,874.89111328125,2207370,0.0,0.0,DRREDDY
2022-10-28,873.6833683627971,877.1410777191045,862.9693025300314,868.8035888671875,1767930,0.0,0.0,DRREDDY
2022-10-31,882.6443038491385,900.9556058954535,846.3430789534491,863.6901245117188,9128805,0.0,0.0,DRREDDY
2022-11-01,863.9920628392829,892.1895501400923,863.9920628392829,883.48193359375,5350980,0.0,0.0,DRREDDY
2022-11-02,885.381157066224,904.8515264717455,885.381157066224,887.446044921875,3708780,0.0,0.0,DRREDDY
2022-11-03,887.4461244243716,896.0855532086575,881.9332169688442,894.1180419921875,1766075,0.0,0.0,DRREDDY
2022-11-04,894.1472006699272,896.0854629748026,879.030609488364,881.494873046875,2463380,0.0,0.0,DRREDDY
2022-11-07,882.6442374037618,885.8195064334994,865.7744465732801,873.7710571289062,2100085,0.0,0.0,DRREDDY
2022-11-09,884.3974357939052,889.4232805271528,876.6248870447334,883.4039306640625,3565560,0.0,0.0,DRREDDY
2022-11-10,884.3876461798894,899.2022979661605,882.0597577097517,886.23828125,2959765,0.0,0.0,DRREDDY
2022-11-11,890.6700103363331,891.9946441711386,876.9949880917355,884.290283203125,1625215,0.0,0.0,DRREDDY
2022-11-14,857.1252316976352,873.4593304206994,840.567130630749,850.044189453125,3722425,0.0,0.0,DRREDDY
2022-11-15,850.7358557977551,865.4238838346135,850.0540396657335,863.6901245117188,1872600,0.0,0.0,DRREDDY
2022-11-16,863.6803072223594,885.3616899393219,855.8006321025305,872.9041748046875,2610960,0.0,0.0,DRREDDY
2022-11-17,872.8944203234645,874.3554292913377,853.6869915125492,861.2745361328125,1561865,0.0,0.0,DRREDDY
2022-11-18,861.7517634620343,863.8555901546937,852.3525822738229,858.88818359375,1693670,0.0,0.0,DRREDDY
2022-11-21,853.2292416477871,855.7616334257464,841.063916424198,847.35595703125,2153040,0.0,0.0,DRREDDY
2022-11-22,851.5928883905482,857.6317371635519,842.7099588923177,849.8201904296875,2015475,0.0,0.0,DRREDDY
2022-11-23,853.2292356962945,861.0212835108725,849.3332117890054,858.2258911132812,1964345,0.0,0.0,DRREDDY
2022-11-24,862.5212594413844,864.9075860521408,852.4208218882404,859.8233032226562,1188110,0.0,0.0,DRREDDY
2022-11-25,861.7713147707385,863.9335795732893,854.9824619813157,860.6511840820312,1477045,0.0,0.0,DRREDDY
2022-11-28,859.9985347370703,866.3587624502117,854.4953775366114,857.5148315429688,1530840,0.0,0.0,DRREDDY
2022-11-29,858.1187009569009,872.456039334989,857.9141383154707,867.517822265625,2045690,0.0,0.0,DRREDDY
2022-11-30,870.7614003012753,880.1021443880704,865.1121771554858,874.1022338867188,4256840,0.0,0.0,DRREDDY
2022-12-01,878.4754337017275,882.8000225169857,866.241921293036,871.6087036132812,1936730,0.0,0.0,DRREDDY
2022-12-02,873.6736309671533,881.2806154364876,868.8425992623417,878.63134765625,2080040,0.0,0.0,DRREDDY
2022-12-05,882.4299047240596,882.8390300321599,866.8945571486431,872.5924682617188,1961695,0.0,0.0,DRREDDY
2022-12-06,868.8327798066176,871.6281720412087,849.1480987613616,852.099365234375,1742295,0.0,0.0,DRREDDY
2022-12-07,850.307182255961,853.8135798466468,841.5411288306418,849.6253662109375,1661035,0.0,0.0,DRREDDY
2022-12-08,852.0506658661099,853.0831098221471,843.6937373997096,848.5929565429688,1386625,0.0,0.0,DRREDDY
2022-12-09,852.2551992790064,860.0083079790882,848.2130508401269,858.50830078125,1539865,0.0,0.0,DRREDDY
2022-12-12,850.706549704934,869.3782874270199,850.706549704934,867.3036499023438,1367975,0.0,0.0,DRREDDY
2022-12-13,866.9043071816657,871.6672109450534,865.0147331019423,868.4530029296875,1087545,0.0,0.0,DRREDDY
2022-12-14,871.7354106826533,879.2352691223828,867.1283811112045,877.4917602539062,1392005,0.0,0.0,DRREDDY
2022-12-15,873.9073455645276,881.9818929932155,869.0081265152756,870.5567626953125,1209055,0.0,0.0,DRREDDY
2022-12-16,863.8459334742963,868.5893378741342,830.0966022521577,839.4178466796875,16783045,0.0,0.0,DRREDDY
2022-12-19,846.4014024217516,858.8102284409168,840.5768659920057,856.3557739257812,1661755,0.0,0.0,DRREDDY
2022-12-20,853.2291831499532,855.1771949836289,839.2229733099367,851.2324829101562,1214105,0.0,0.0,DRREDDY
2022-12-21,853.2194763467836,863.943291540478,848.0475070470729,858.5960083007812,1739615,0.0,0.0,DRREDDY
2022-12-22,862.9693571721169,868.0342005034814,840.5867172477998,847.2391357421875,1737350,0.0,0.0,DRREDDY
2022-12-23,842.5249280033071,860.6316660034679,835.9406380219368,839.6808471679688,2498780,0.0,0.0,DRREDDY
2022-12-26,843.8884862345345,846.8008140214025,824.0188001174828,827.63232421875,1593040,0.0,0.0,DRREDDY
2022-12-27,831.7621995619588,831.7621995619588,818.3598672581444,828.0706787109375,1366245,0.0,0.0,DRREDDY
2022-12-28,828.0707298684309,831.1486223630893,821.272186474273,828.4408569335938,1088005,0.0,0.0,DRREDDY
2022-12-29,832.7751126806747,848.2910208041556,822.6551762834742,829.969970703125,4064660,0.0,0.0,DRREDDY
2022-12-30,833.7490984187652,834.7426035175378,823.0350329017017,825.4797973632812,882895,0.0,0.0,DRREDDY
2023-01-02,829.609576591082,831.3238365927918,819.9182053974791,824.9927978515625,663630,0.0,0.0,DRREDDY
2023-01-03,825.7233068114679,829.4829555705751,821.3012816810573,825.6356201171875,810895,0.0,0.0,DRREDDY
2023-01-04,824.9830799815954,829.8531099696804,822.3143130599022,828.5869140625,832835,0.0,0.0,DRREDDY
2023-01-05,830.8270426290267,838.3950875860235,826.2492029545975,837.1580810546875,994925,0.0,0.0,DRREDDY
2023-01-06,837.5478098395527,841.4048356752169,829.6778244634316,832.1420288085938,630680,0.0,0.0,DRREDDY
2023-01-09,836.3107593709682,845.4274410761861,832.8043616223788,844.2683715820312,830195,0.0,0.0,DRREDDY
2023-01-10,841.5411343684277,847.0539818459088,834.5185301211008,835.44384765625,1170765,0.0,0.0,DRREDDY
2023-01-11,838.6094442723405,841.5412119414605,826.8142454883738,830.2232666015625,1273265,0.0,0.0,DRREDDY
2023-01-12,832.7653546517251,841.9307841192493,826.3661282959667,839.7100219726562,1280325,0.0,0.0,DRREDDY
2023-01-13,842.3203964259153,845.7684157929115,835.697167362184,841.619140625,1234630,0.0,0.0,DRREDDY
2023-01-16,845.3787438365956,847.9208851501996,835.7068716899662,842.7197265625,446555,0.0,0.0,DRREDDY
2023-01-17,845.2326213075861,849.2942690151069,838.7360181179022,847.72607421875,778125,0.0,0.0,DRREDDY
2023-01-18,847.7260889110336,856.1415149252906,845.8268247910015,850.1806030273438,1318465,0.0,0.0,DRREDDY
2023-01-19,850.2779526017036,853.8428476991265,840.8690812050119,843.917724609375,1242455,0.0,0.0,DRREDDY
2023-01-20,843.8690519278978,853.4337977473381,833.7491155682299,847.5020751953125,1182675,0.0,0.0,DRREDDY
2023-01-23,849.3234000034662,850.3948421686504,841.4144768068965,845.018310546875,770265,0.0,0.0,DRREDDY
2023-01-24,845.6320879727316,848.3203542571302,825.3727734600969,828.4408569335938,1320270,0.0,0.0,DRREDDY
2023-01-25,829.8531060559117,831.5868652588251,813.3145033179294,818.35009765625,1470210,0.0,0.0,DRREDDY
2023-01-27,833.7491464946345,853.4045806882099,828.5576778036776,840.3723754882812,4781440,0.0,0.0,DRREDDY
2023-01-30,841.5313615993966,845.3300084500929,834.7133201894518,843.25537109375,1873685,0.0,0.0,DRREDDY
2023-01-31,846.4111976710335,852.5864217492888,836.3399496679403,842.349609375,3159705,0.0,0.0,DRREDDY
2023-02-01,845.6319185563542,853.2291525454634,839.6417586032212,847.6773071289062,2027270,0.0,0.0,DRREDDY
2023-02-02,840.1775291914348,853.0441695063871,835.9990649654756,851.3007202148438,1946775,0.0,0.0,DRREDDY
2023-02-03,852.255236358852,862.9498030441207,841.1905426436189,849.0117797851562,1874895,0.0,0.0,DRREDDY
2023-02-06,853.2584564269334,853.2584564269334,834.7230947605718,847.2974853515625,1516105,0.0,0.0,DRREDDY
2023-02-07,853.3558687179702,870.4204726052044,849.3819076520512,864.9660034179688,2987405,0.0,0.0,DRREDDY
2023-02-08,866.8653378370981,875.9430808682814,863.4855655608629,874.2288208007812,1196855,0.0,0.0,DRREDDY
2023-02-09,865.6965458226736,882.3617746945876,863.6705966387619,874.17041015625,2054810,0.0,0.0,DRREDDY
2023-02-10,875.4267733222086,877.5793478410523,863.4660113481488,876.5274047851562,685110,0.0,0.0,DRREDDY
2023-02-13,878.1832851330449,887.7869700272263,876.6248993121885,881.4169921875,1872775,0.0,0.0,DRREDDY
2023-02-14,885.371449441745,889.072660332968,876.732021022113,884.0857543945312,1202135,0.0,0.0,DRREDDY
2023-02-15,885.9558878743632,888.9169043421296,877.4236447306263,880.4722290039062,1283685,0.0,0.0,DRREDDY
2023-02-16,884.8746424697895,886.3161522301882,878.4462270775525,880.364990234375,1352330,0.0,0.0,DRREDDY
2023-02-17,876.8391344411874,883.4234243816526,869.4951507491495,878.62158203125,1056035,0.0,0.0,DRREDDY
2023-02-20,880.501403769004,884.1149873474749,870.4594045176801,871.6964111328125,761745,0.0,0.0,DRREDDY
2023-02-21,877.4429950241708,877.4429950241708,868.579564565934,873.9073486328125,791630,0.0,0.0,DRREDDY
2023-02-22,874.0534790907404,880.5403326711125,870.6444582075337,872.0665283203125,882305,0.0,0.0,DRREDDY
2023-02-23,871.9495117332874,879.5273059835125,865.1120309091618,866.7872924804688,1187840,0.0,0.0,DRREDDY
2023-02-24,869.76780044578,878.5533529993268,865.2678977838669,874.87158203125,1764830,0.0,0.0,DRREDDY
2023-02-27,874.8715873134605,874.8715873134605,848.3591741492027,861.216064453125,1370570,0.0,0.0,DRREDDY
2023-02-28,864.7224924520308,864.7224924520308,837.6451382449953,840.8788452148438,2699875,0.0,0.0,DRREDDY
2023-03-01,840.8495904143861,848.7780132587538,837.0607523811535,846.25537109375,995515,0.0,0.0,DRREDDY
2023-03-02,848.9435903898437,857.4077047539412,841.5411687038363,855.2941284179688,1413260,0.0,0.0,DRREDDY
2023-03-03,859.5797271668802,866.2711431096102,849.4305426346856,864.5179443359375,1371180,0.0,0.0,DRREDDY
2023-03-06,864.3329096105543,868.5795613133912,860.2518222747193,864.761474609375,877920,0.0,0.0,DRREDDY
2023-03-08,863.5537760442712,865.6966013330604,857.3688611491391,862.2388916015625,1173705,0.0,0.0,DRREDDY
2023-03-09,860.1739105565724,864.5958763283496,851.6318590419103,853.414306640625,1022125,0.0,0.0,DRREDDY
2023-03-10,851.8558953197987,859.667382662824,847.3851818238245,856.2583618164062,1686010,0.0,0.0,DRREDDY
2023-03-13,852.2552607802553,860.2323723991029,846.508601528122,851.3591918945312,812710,0.0,0.0,DRREDDY
2023-03-14,855.9564124691944,861.1965692085273,839.398311406266,847.2974853515625,2141980,0.0,0.0,DRREDDY
2023-03-15,848.7390994979919,861.9953068417568,845.5930197044651,856.0538940429688,1717110,0.0,0.0,DRREDDY
2023-03-16,859.2681225294915,862.9693335148899,851.3494488328848,853.9597778320312,1384640,0.0,0.0,DRREDDY
2023-03-17,858.235573683574,869.426891971794,853.9596735114721,864.167236328125,3092990,0.0,0.0,DRREDDY
2023-03-20,863.1641081859821,875.4365597093297,861.5082861363603,864.8101806640625,3949945,0.0,0.0,DRREDDY
2023-03-21,865.2971793352843,872.7093505111341,858.9174521113362,860.8946533203125,1984640,0.0,0.0,DRREDDY
2023-03-22,862.842656324851,872.709341470354,860.2128283391811,871.7255859375,1598885,0.0,0.0,DRREDDY
2023-03-23,872.5145312754654,876.5079913998394,863.0764110997196,866.2711791992188,2418370,0.0,0.0,DRREDDY
2023-03-24,866.8555620299521,876.2157451156456,866.8555620299521,869.6217651367188,1126970,0.0,0.0,DRREDDY
2023-03-27,874.6573780130295,882.1864252835071,869.7970976403024,873.8099975585938,1759570,0.0,0.0,DRREDDY
2023-03-28,876.4007686409595,885.7804504416125,872.7093075918174,881.8259887695312,1834690,0.0,0.0,DRREDDY
2023-03-29,886.2382810485417,891.2154371457012,880.9201872024369,889.8128662109375,2083535,0.0,0.0,DRREDDY
2023-03-31,892.7739130367075,907.0918137232849,889.82270564696,900.5172729492188,2282485,0.0,0.0,DRREDDY
2023-04-03,905.6210382692304,912.0592632589733,895.7154136659019,907.091796875,1500675,0.0,0.0,DRREDDY
2023-04-05,905.8255500844305,914.5916037949249,904.1307892121785,912.2150268554688,1823560,0.0,0.0,DRREDDY
2023-04-06,914.3870987746625,917.7474314652109,910.8807008488965,915.4487915039062,1460345,0.0,0.0,DRREDDY
2023-04-10,921.7992637973927,929.6302503098256,913.2279637953993,927.1854858398438,920770,0.0,0.0,DRREDDY
2023-04-11,929.7860743866581,936.1950503093818,917.1239967874968,927.90625,2309250,0.0,0.0,DRREDDY
2023-04-12,927.9062568374036,958.343943598133,920.6693995670054,950.8246459960938,3403195,0.0,0.0,DRREDDY
2023-04-13,952.1882508024121,952.1882508024121,941.1235568057065,945.3507690429688,1169335,0.0,0.0,DRREDDY
2023-04-17,950.0356678326897,958.9965343680377,938.8930375040961,945.2338256835938,1705675,0.0,0.0,DRREDDY
2023-04-18,947.0065320994836,958.0322271212253,943.909140868623,956.9413452148438,1797050,0.0,0.0,DRREDDY
2023-04-19,952.0713285637277,962.3178903059236,950.7369451518842,956.3472290039062,1920935,0.0,0.0,DRREDDY
2023-04-20,957.642685390838,957.642685390838,939.3800733809255,946.3831787109375,3175850,0.0,0.0,DRREDDY
2023-04-21,946.3637169300669,950.4350549277124,939.5554244157591,948.4383544921875,1657195,0.0,0.0,DRREDDY
2023-04-24,945.5649411715872,945.5649411715872,925.7146956417089,936.2339477539062,2190830,0.0,0.0,DRREDDY
2023-04-25,935.7373047617623,943.0617892931158,926.8153767098132,941.5325927734375,1639985,0.0,0.0,DRREDDY
2023-04-26,936.9937577882778,949.5097109190004,936.9937577882778,943.831298828125,1020765,0.0,0.0,DRREDDY
2023-04-27,943.8117555230918,962.1230552988344,938.571598811874,958.139404296875,1098280,0.0,0.0,DRREDDY
2023-04-28,958.1394945480606,961.3439529898604,950.0649465006603,960.3406982421875,1235220,0.0,0.0,DRREDDY
2023-05-02,955.1881314831893,966.0093231339024,955.1881314831893,964.3438110351562,1209890,0.0,0.0,DRREDDY
2023-05-03,964.246348908036,966.2138598639732,957.4478066998847,964.7041625976562,883875,0.0,0.0,DRREDDY
2023-05-04,964.7041947913751,969.1359099269483,958.4900321406787,967.7722778320312,1006635,0.0,0.0,DRREDDY
2023-05-05,969.1261596371716,971.8631139475444,959.502976204923,962.8048706054688,461545,0.0,0.0,DRREDDY
2023-05-08,963.2919175463795,967.5191296715637,944.1332364992319,955.908935546875,1190915,0.0,0.0,DRREDDY
2023-05-09,958.0419745987159,962.2983758282751,952.5875650787286,961.0029907226562,1545295,0.0,0.0,DRREDDY
2023-05-10,967.1586905440137,967.1586905440137,942.8182905874354,948.1558837890625,2271505,0.0,0.0,DRREDDY
2023-05-11,910.695597738467,915.5656276728973,881.2903546164325,882.8390502929688,13916795,0.0,0.0,DRREDDY
2023-05-12,885.3616801361758,885.3616801361758,865.89131024217,870.0015869140625,5242020,0.0,0.0,DRREDDY
2023-05-15,870.790623082212,882.8585123849394,866.1835342223103,880.218994140625,1588765,0.0,0.0,DRREDDY
2023-05-16,881.0857455213098,885.9363355054121,877.4916612411771,879.537109375,1430235,0.0,0.0,DRREDDY
2023-05-17,880.4624447880075,885.3811629727386,867.0795530248472,873.0015258789062,1749805,0.0,0.0,DRREDDY
2023-05-18,875.0470143230028,877.0339651618298,858.0797869972212,861.6251831054688,2127235,0.0,0.0,DRREDDY
2023-05-19,862.5699838672698,864.9173121268033,854.0181828088828,855.55712890625,1630405,0.0,0.0,DRREDDY
2023-05-22,858.8784117214835,870.7320471685807,854.0570705089283,868.3555297851562,1224880,0.0,0.0,DRREDDY
2023-05-23,868.4431567655059,876.5371436119431,866.0958286472287,868.92041015625,1616475,0.0,0.0,DRREDDY
2023-05-24,869.7873444881441,881.2806032198785,868.7938393600231,880.3552856445312,1683665,0.0,0.0,DRREDDY
2023-05-25,883.2091625955159,883.2091625955159,873.1768535390016,877.3748168945312,1033820,0.0,0.0,DRREDDY
2023-05-26,877.5891167263776,884.2025957721411,876.5956116267993,882.6344604492188,752935,0.0,0.0,DRREDDY
2023-05-29,885.9364148687761,890.0466917496814,880.5014446159122,887.56298828125,928140,0.0,0.0,DRREDDY
2023-05-30,887.5628436089147,887.5628436089147,876.3812753132564,880.2870483398438,1369945,0.0,0.0,DRREDDY
2023-05-31,878.5534469664842,882.3812835649993,872.894474259201,876.8099975585938,6313505,0.0,0.0,DRREDDY
2023-06-01,878.5241381934046,888.2836970582194,876.8099376191944,886.7447509765625,1528955,0.0,0.0,DRREDDY
2023-06-02,890.0369184873233,899.9815411169654,889.2772247230333,898.1212158203125,2509565,0.0,0.0,DRREDDY
2023-06-05,902.1243217216703,906.2151585965935,895.4426551801722,896.7770385742188,1132140,0.0,0.0,DRREDDY
2023-06-06,898.0335071042477,903.8775429422363,897.0595011312497,903.2249755859375,1161655,0.0,0.0,DRREDDY
2023-06-07,905.825559009553,911.2799687037161,904.8710521752263,910.4520874023438,1139525,0.0,0.0,DRREDDY
2023-06-08,910.6955850265773,914.2019827509803,903.2931634090125,905.7086791992188,1203490,0.0,0.0,DRREDDY
2023-06-09,911.8741582735056,916.5396255076945,904.9684297305186,909.0982055664062,1084700,0.0,0.0,DRREDDY
2023-06-12,914.5916029258863,914.5916029258863,906.6924288019342,910.8222045898438,717870,0.0,0.0,DRREDDY
2023-06-13,915.5655740439373,921.1758577115577,907.3936500249653,915.9552001953125,1294905,0.0,0.0,DRREDDY
2023-06-14,917.0851097236621,921.3220121492841,912.6436446314682,915.370849609375,901255,0.0,0.0,DRREDDY
2023-06-15,914.9032711541325,945.7597723499034,914.7863951966513,935.7177734375,3630745,0.0,0.0,DRREDDY
2023-06-16,943.7824992363146,962.3178606544939,939.9449729355388,957.4575805664062,3814515,0.0,0.0,DRREDDY
2023-06-19,964.4607070687756,978.6811702107777,947.1331031084835,950.4349975585938,3540755,0.0,0.0,DRREDDY
2023-06-20,950.434993725384,959.736738654298,948.1071052381858,954.7595825195312,1070755,0.0,0.0,DRREDDY
2023-06-21,958.8017091268167,964.2658681117852,953.2985518576462,956.5517578125,1123550,0.0,0.0,DRREDDY
2023-06-22,956.7758401026583,959.7757952552985,952.5778765827788,954.4187622070312,1242850,0.0,0.0,DRREDDY
2023-06-23,954.7207007525752,976.9280258410957,954.7207007525752,972.8177490234375,2791140,0.0,0.0,DRREDDY
2023-06-26,972.0384325616612,988.421219666699,964.655510312235,982.1096801757812,3607125,0.0,0.0,DRREDDY
2023-06-27,982.1096898265596,990.8659938337129,977.1227841022566,978.9928588867188,3330315,0.0,0.0,DRREDDY
2023-06-28,978.9831596100257,997.2652713136696,974.8533836682295,995.0153198242188,4426340,0.0,0.0,DRREDDY
2023-06-30,996.6029502504388,1008.086459579269,995.4536303052397,1005.0963134765625,2430705,0.0,0.0,DRREDDY
2023-07-03,1005.0962894514536,1008.8754373938256,991.5965214445688,993.1549072265625,1174135,0.0,0.0,DRREDDY
2023-07-04,996.3885842156009,1013.8914425404315,990.5737972498093,1010.70654296875,1863335,0.0,0.0,DRREDDY
2023-07-05,1010.0442255135393,1013.3168714172575,1000.6937916604562,1008.7488403320312,1410270,0.0,0.0,DRREDDY
2023-07-06,1008.768262416847,1024.36210868962,1007.1222492735174,1019.1609497070312,2534370,0.0,0.0,DRREDDY
2023-07-07,1018.8101850804993,1027.2158608662583,995.4340431666063,1009.55712890625,2771720,0.0,0.0,DRREDDY
2023-07-10,1011.9824776351951,1015.8882511807547,1002.2521672722881,1004.1904296875,1003625,0.0,0.0,DRREDDY
2023-07-11,1009.8936624357113,1023.8326593396363,1003.9155527608461,1014.183349609375,1056805,8.0,0.0,DRREDDY
2023-07-12,1011.0716256758387,1020.681752579093,1007.1451339256413,1018.7283325195312,1203590,0.0,0.0,DRREDDY
2023-07-13,1018.9245374991543,1021.50621043638,1008.1070343160035,1009.5892944335938,2034915,0.0,0.0,DRREDDY
2023-07-14,1012.0531773180381,1013.996771425144,996.5926171407742,999.6945190429688,1942045,0.0,0.0,DRREDDY
2023-07-17,1001.1866072033212,1029.7223912407676,999.8810320096653,1026.7283935546875,1976770,0.0,0.0,DRREDDY
2023-07-18,1021.5748456838918,1023.9700677329765,1010.3942669399879,1019.1207885742188,1286955,0.0,0.0,DRREDDY
2023-07-19,1017.746651536325,1034.6305171684205,1013.3488803722285,1025.079345703125,1961585,0.0,0.0,DRREDDY
2023-07-20,1030.5077921700301,1059.1121786894214,1028.7408229783825,1048.23583984375,6016030,0.0,0.0,DRREDDY
2023-07-21,1045.0947477930758,1048.3242058912747,1036.122699442267,1038.2037353515625,1150370,0.0,0.0,DRREDDY
2023-07-24,1036.2502275083782,1067.3872768121157,1036.2502275083782,1058.523193359375,2119525,0.0,0.0,DRREDDY
2023-07-25,1064.0791726830146,1075.848821104667,1058.5526312273832,1065.1392822265625,2162155,0.0,0.0,DRREDDY
2023-07-26,1068.0056629442427,1077.8218914639508,1060.3587825827474,1075.004638671875,1701060,0.0,0.0,DRREDDY
2023-07-27,1085.6749875230933,1102.1663010871637,1064.0891083428598,1081.1595458984375,7539055,0.0,0.0,DRREDDY
2023-07-28,1082.1410812325162,1102.9514382491561,1082.1410812325162,1096.080078125,3180540,0.0,0.0,DRREDDY
2023-07-31,1096.384531225219,1111.2756748040842,1093.527974866775,1107.3590087890625,1599490,0.0,0.0,DRREDDY
2023-08-01,1107.241086197584,1120.8856676404798,1100.8115284910841,1112.5811767578125,2122735,0.0,0.0,DRREDDY
2023-08-02,1112.5910354958885,1118.2353669935321,1106.1810094018208,1111.285400390625,1791795,0.0,0.0,DRREDDY
2023-08-03,1108.2522686107613,1125.7252043903466,1103.6386888511597,1111.0989990234375,2570520,0.0,0.0,DRREDDY
2023-08-04,1111.1187016143006,1121.2096945527078,1107.2706964817075,1109.1456298828125,1726520,0.0,0.0,DRREDDY
2023-08-07,1111.1971200191126,1116.6941842799529,1103.1282085597893,1105.44482421875,2499830,0.0,0.0,DRREDDY
2023-08-08,1109.6264820017411,1126.696917563972,1108.252186060711,1110.7945556640625,2987010,0.0,0.0,DRREDDY
2023-08-09,1113.3763169539704,1155.1247684021887,1113.3763169539704,1152.62158203125,10067015,0.0,0.0,DRREDDY
2023-08-10,1154.4081219445043,1161.583722659974,1139.860404220571,1148.7244873046875,2763310,0.0,0.0,DRREDDY
2023-08-11,1149.2841318840722,1155.3799717093543,1140.2826068110455,1143.197998046875,2256960,0.0,0.0,DRREDDY
2023-08-14,1144.5625352748102,1154.1923139429787,1138.6826233833285,1143.266845703125,2167595,0.0,0.0,DRREDDY
2023-08-16,1144.5723300263267,1156.2536667938855,1133.774477856267,1150.0399169921875,4308265,0.0,0.0,DRREDDY
2023-08-17,1152.6903091185036,1159.6991108040847,1149.6571279954742,1154.51611328125,2138070,0.0,0.0,DRREDDY
2023-08-18,1158.2167679487707,1174.0208710942545,1146.653222583693,1153.298828125,4281645,0.0,0.0,DRREDDY
2023-08-21,1152.4744172500477,1163.2231401075778,1149.274316999962,1160.4451904296875,1334640,0.0,0.0,DRREDDY
2023-08-22,1162.0451910493398,1167.1495819969077,1152.9750053977784,1163.3310546875,1688225,0.0,0.0,DRREDDY
2023-08-23,1162.241594165411,1173.029620998065,1160.6710213819433,1168.7890625,3142630,0.0,0.0,DRREDDY
2023-08-24,1174.021065944086,1175.9253569788978,1156.5874325024336,1159.7188720703125,4124730,0.0,0.0,DRREDDY
2023-08-25,1156.3517350755747,1156.3517350755747,1132.9007504493425,1134.6087646484375,4713240,0.0,0.0,DRREDDY
2023-08-28,1134.756049913164,1144.3760020733362,1124.3900547776143,1133.951171875,2350770,0.0,0.0,DRREDDY
2023-08-29,1132.7928423862381,1136.0322459321872,1121.9949903357626,1123.72265625,3258085,0.0,0.0,DRREDDY
2023-08-30,1126.4713002067413,1130.054128145028,1107.270697614122,1109.184814453125,3551815,0.0,0.0,DRREDDY
2023-08-31,1109.1846219246977,1118.0683560913421,1097.4542775330294,1100.9586181640625,3178875,0.0,0.0,DRREDDY
2023-09-01,1105.3073586395294,1106.141714118926,1089.6210442496313,1095.2064208984375,1105280,0.0,0.0,DRREDDY
2023-09-04,1096.4727325905374,1112.512416541687,1095.2064007588383,1111.089111328125,1473020,0.0,0.0,DRREDDY
2023-09-05,1107.270548669817,1107.270548669817,1091.672547572169,1095.275146484375,1968470,0.0,0.0,DRREDDY
2023-09-06,1095.4518301741357,1106.2791592926333,1091.4173745189564,1096.1390380859375,2256645,0.0,0.0,DRREDDY
2023-09-07,1096.0703755089169,1110.117457944306,1095.736657245511,1102.39208984375,2634215,0.0,0.0,DRREDDY
2023-09-08,1105.5036451344392,1106.0239340219618,1093.5278938684799,1096.2371826171875,923950,0.0,0.0,DRREDDY
2023-09-11,1098.436041380135,1111.9824855317154,1096.4826213663443,1102.126953125,1313930,0.0,0.0,DRREDDY
2023-09-12,1107.2607661007671,1122.3876080046516,1104.5219999622902,1113.9063720703125,2581215,0.0,0.0,DRREDDY
2023-09-13,1121.0133248052084,1130.7314152465929,1113.4155733283287,1126.6871337890625,1571615,0.0,0.0,DRREDDY
2023-09-14,1132.7928153688338,1134.029669796732,1119.9434052867941,1127.8160400390625,1139730,0.0,0.0,DRREDDY
2023-09-15,1134.0884634773604,1147.0949662988007,1125.5483925744632,1142.5108642578125,2069105,0.0,0.0,DRREDDY
2023-09-18,1142.8054043372579,1144.3367936748245,1123.3496899558795,1124.5472412109375,1256740,0.0,0.0,DRREDDY
2023-09-20,1123.3398890762612,1123.3398890762612,1099.8104149151948,1102.3724365234375,2266405,0.0,0.0,DRREDDY
2023-09-21,1102.4606658497955,1118.4611672077122,1101.9403769492035,1112.8658447265625,2926715,0.0,0.0,DRREDDY
2023-09-22,1112.8658448122494,1117.8525658828878,1080.1778738149737,1083.132568359375,2447785,0.0,0.0,DRREDDY
2023-09-25,1085.645393454982,1087.6184649674599,1065.6497408156831,1067.76025390625,1217045,0.0,0.0,DRREDDY
2023-09-26,1071.7360172073359,1085.0762399503908,1069.7727712478625,1073.453857421875,1379915,0.0,0.0,DRREDDY
2023-09-27,1082.5336402795542,1100.3991267890408,1075.8683833168081,1079.088134765625,2443890,0.0,0.0,DRREDDY
2023-09-28,1081.247796609586,1081.247796609586,1062.3122525576578,1065.86572265625,1931555,0.0,0.0,DRREDDY
2023-09-29,1073.6990819978566,1105.307288681207,1070.6069461680281,1096.8653564453125,3101955,0.0,0.0,DRREDDY
2023-10-03,1096.8457436199988,1096.8457436199988,1069.9689052259225,1072.265869140625,2065240,0.0,0.0,DRREDDY
2023-10-04,1072.9138012807716,1079.5888847547683,1060.4472387117903,1063.6473388671875,2109530,0.0,0.0,DRREDDY
2023-10-05,1071.9323427138993,1074.877211787289,1060.15286642034,1061.576171875,2058530,0.0,0.0,DRREDDY
2023-10-06,1067.0240350191873,1077.2721200280748,1061.9588275755377,1065.0411376953125,1572990,0.0,0.0,DRREDDY
2023-10-09,1062.1257624573352,1085.1545964543136,1060.1821683629726,1078.7740478515625,2368110,0.0,0.0,DRREDDY
2023-10-10,1076.6440298310963,1077.2329795975866,1065.6497816062206,1075.573974609375,1519630,0.0,0.0,DRREDDY
2023-10-11,1081.7484475917227,1097.0617410332443,1081.7484475917227,1093.0567626953125,1961240,0.0,0.0,DRREDDY
2023-10-12,1093.0567535366306,1096.286331230419,1082.730061430268,1085.7142333984375,1695245,0.0,0.0,DRREDDY
2023-10-13,1065.4926289956118,1084.5164842683257,1064.3932162171136,1071.971435546875,1633255,0.0,0.0,DRREDDY
2023-10-16,1077.62566394077,1081.159482403529,1071.9322032090374,1078.4305419921875,859220,0.0,0.0,DRREDDY
2023-10-17,1077.2329369336308,1094.1168019817355,1076.8500896438215,1088.4429931640625,1626760,0.0,0.0,DRREDDY
2023-10-18,1088.5216066706757,1118.0193015345874,1087.9914919849193,1114.6229248046875,3014855,0.0,0.0,DRREDDY
2023-10-19,1114.0928630424605,1114.0928630424605,1101.4790327358633,1105.484130859375,2525845,0.0,0.0,DRREDDY
2023-10-20,1103.353876456464,1103.353876456464,1089.797607783481,1093.390380859375,1141375,0.0,0.0,DRREDDY
2023-10-23,1084.7914295077896,1112.56157935253,1084.7914295077896,1089.9842529296875,1809785,0.0,0.0,DRREDDY
2023-10-25,1099.4176153533826,1101.8127176412945,1079.7851579363578,1082.5042724609375,2104480,0.0,0.0,DRREDDY
2023-10-26,1079.3926053918751,1083.220958981228,1048.5500880338752,1064.462158203125,1544145,0.0,0.0,DRREDDY
2023-10-27,1064.4521861319479,1070.7444221239664,1050.5327214571016,1059.62255859375,2159725,0.0,0.0,DRREDDY
2023-10-30,1058.965050031914,1058.965050031914,1021.9774449202798,1049.423583984375,2691600,0.0,0.0,DRREDDY
2023-10-31,1055.0483142756223,1068.1921391277754,1050.945077933091,1053.781982421875,1884070,0.0,0.0,DRREDDY
2023-11-01,1057.2078001293205,1064.1576467083255,1043.3669420317476,1049.6395263671875,1376665,0.0,0.0,DRREDDY
2023-11-02,1056.2261304337983,1063.0974900184049,1045.1142130865726,1048.07861328125,2365835,0.0,0.0,DRREDDY
2023-11-03,1055.6372138188867,1055.6372138188867,1030.1346719047342,1033.2659912109375,2921805,0.0,0.0,DRREDDY
2023-11-06,1040.520282375497,1051.7402849366968,1037.22204378419,1048.000244140625,2847485,0.0,0.0,DRREDDY
2023-11-07,1055.0481943451537,1074.4940789838201,1044.4073173113125,1061.006591796875,3498735,0.0,0.0,DRREDDY
2023-11-08,1065.8265596765623,1079.8538696794087,1061.4484399839696,1070.6658935546875,2096955,0.0,0.0,DRREDDY
2023-11-09,1075.642725175122,1079.5790424258055,1068.0056705737502,1071.5296630859375,1642660,0.0,0.0,DRREDDY
2023-11-10,1067.9958320518574,1070.106345138962,1054.6556111085615,1065.0411376953125,1144920,0.0,0.0,DRREDDY
2023-11-13,1066.0424057436799,1076.2120040011837,1056.638502060938,1064.0496826171875,855910,0.0,0.0,DRREDDY
2023-11-15,1066.2288582611754,1070.9799990964732,1061.1342932232558,1064.0693359375,1422405,0.0,0.0,DRREDDY
2023-11-16,1065.0608518622205,1094.5095390104846,1064.2461479888439,1088.4725341796875,1695060,0.0,0.0,DRREDDY
2023-11-17,1092.5463356175856,1107.1725414344737,1088.619843845375,1101.685302734375,2120630,0.0,0.0,DRREDDY
2023-11-20,1102.3525164143507,1110.4312524303984,1096.649350578044,1100.232177734375,2001625,0.0,0.0,DRREDDY
2023-11-21,1101.3809178626989,1114.9175362940882,1100.497433267994,1108.5369873046875,1903465,0.0,0.0,DRREDDY
2023-11-22,1110.2351724064354,1124.9398645526103,1110.2351724064354,1112.0904541015625,2124580,0.0,0.0,DRREDDY
2023-11-23,1114.1419920319586,1115.9972736930863,1101.1551402310802,1108.18359375,1511300,0.0,0.0,DRREDDY
2023-11-24,1109.2240703467992,1130.211173104434,1102.3625357434264,1108.47802734375,2305405,0.0,0.0,DRREDDY
2023-11-28,1108.644914838637,1121.8869980255238,1108.644914838637,1114.299072265625,1555790,0.0,0.0,DRREDDY
2023-11-29,1118.637744410777,1127.688398319296,1110.019186701092,1122.0635986328125,1602385,0.0,0.0,DRREDDY
2023-11-30,1123.9582982936856,1138.6826428128168,1122.191329020581,1136.356201171875,4267760,0.0,0.0,DRREDDY
2023-12-01,1138.6825540241387,1149.7847664428405,1126.795115188525,1128.74853515625,1391500,0.0,0.0,DRREDDY
2023-12-04,1138.6825185592056,1138.6825185592056,1124.6257319160484,1130.044189453125,1121300,0.0,0.0,DRREDDY
2023-12-05,1131.811127397155,1142.4127019332386,1127.2956863269733,1134.05908203125,1121875,0.0,0.0,DRREDDY
2023-12-06,1137.8972588575814,1142.6090968786098,1120.6305449743572,1125.008544921875,2659705,0.0,0.0,DRREDDY
2023-12-07,1132.8614648254495,1148.4791184037097,1128.934973303967,1135.75732421875,3791150,0.0,0.0,DRREDDY
2023-12-08,1135.7081570576086,1135.7081570576086,1121.405964894122,1131.59521484375,1142525,0.0,0.0,DRREDDY
2023-12-11,1079.78516872957,1095.0984617025142,1054.2629738323255,1074.58251953125,9493150,0.0,0.0,DRREDDY
2023-12-12,1079.7851433723365,1106.249657268892,1075.3481888836122,1087.706787109375,4281525,0.0,0.0,DRREDDY
2023-12-13,1092.4383208230124,1101.380891040364,1085.7435855586589,1099.152587890625,3111975,0.0,0.0,DRREDDY
2023-12-14,1101.7439946234372,1104.639733998318,1093.115491730678,1094.185546875,3164560,0.0,0.0,DRREDDY
2023-12-15,1099.4175231811728,1102.3623915468365,1088.0307227993392,1097.3463134765625,3636220,0.0,0.0,DRREDDY
2023-12-18,1096.4727970773251,1116.8906016591686,1094.4997254301743,1097.6605224609375,3279260,0.0,0.0,DRREDDY
2023-12-19,1103.3441651171809,1108.4485563844253,1098.0433773691861,1106.77001953125,1123370,0.0,0.0,DRREDDY
2023-12-20,1109.2339817647735,1113.3764020355327,1090.0040208891087,1095.3243408203125,1307230,0.0,0.0,DRREDDY
2023-12-21,1087.6381330110357,1098.239707870106,1074.1309928199726,1090.48486328125,1681900,0.0,0.0,DRREDDY
2023-12-22,1095.098441398013,1110.4117340870296,1091.5646230585492,1104.8558349609375,1315040,0.0,0.0,DRREDDY
2023-12-26,1104.8165302027642,1118.0684388280306,1099.918241711882,1105.7294921875,1658265,0.0,0.0,DRREDDY
2023-12-27,1106.2495986839015,1123.3691627240644,1099.6727738170066,1121.896728515625,1473880,0.0,0.0,DRREDDY
2023-12-28,1122.7508809405635,1156.50890797638,1113.337150567251,1150.1773681640625,4888545,0.0,0.0,DRREDDY
2023-12-29,1144.5919775935881,1147.4190563993386,1131.025881721328,1138.270263671875,1452615,0.0,0.0,DRREDDY
2024-01-01,1138.6825992475933,1150.4620744122235,1138.6825992475933,1142.9329833984375,978400,0.0,0.0,DRREDDY
2024-01-02,1140.0667169208234,1167.9350061908046,1139.7918337428462,1163.5765380859375,2869280,0.0,0.0,DRREDDY
2024-01-03,1163.5764842777464,1172.0577203519972,1155.9983843920772,1164.5777587890625,1412035,0.0,0.0,DRREDDY
2024-01-04,1162.6635439450229,1162.6635439450229,1143.5905602463888,1146.96728515625,2048300,0.0,0.0,DRREDDY
2024-01-05,1152.4252629579623,1153.3185733317503,1139.9587002928845,1145.6815185546875,1037255,0.0,0.0,DRREDDY
2024-01-08,1154.5652408842288,1154.5847726869556,1125.4502729851715,1131.0946044921875,1205700,0.0,0.0,DRREDDY
2024-01-09,1142.4127735139823,1146.270484389495,1127.7079618872715,1128.8270263671875,1292220,0.0,0.0,DRREDDY
2024-01-10,1128.6797666802922,1138.6824454731343,1117.126047177611,1136.16943359375,1273855,0.0,0.0,DRREDDY
2024-01-11,1134.363424913116,1134.363424913116,1108.2719307791297,1117.56787109375,2964925,0.0,0.0,DRREDDY
2024-01-12,1125.8919665547005,1125.8919665547005,1108.458334609836,1116.861083984375,1385710,0.0,0.0,DRREDDY
2024-01-15,1126.500603940089,1138.4863011770174,1119.442792720343,1135.3941650390625,1665610,0.0,0.0,DRREDDY
2024-01-16,1136.7192412503803,1136.7192412503803,1120.2377555304415,1130.46630859375,1142145,0.0,0.0,DRREDDY
2024-01-17,1126.9031602231335,1126.9031602231335,1104.7185052503473,1109.22412109375,1778960,0.0,0.0,DRREDDY
2024-01-18,1108.7333096128166,1112.826720501529,1083.839365679116,1109.22412109375,1727635,0.0,0.0,DRREDDY
2024-01-19,1114.1615290219677,1121.9850339752295,1101.7439766433254,1112.806884765625,1641460,0.0,0.0,DRREDDY
2024-01-23,1109.6068669972667,1129.6516491839911,1107.457050597245,1114.024169921875,2329945,0.0,0.0,DRREDDY
2024-01-24,1120.6109207854604,1161.2599610899729,1117.6758777227135,1158.7274169921875,5244260,0.0,0.0,DRREDDY
2024-01-25,1158.7274062823737,1163.2231962576084,1143.001787444188,1149.57861328125,2677510,0.0,0.0,DRREDDY
2024-01-29,1138.6825881488373,1156.8622638147087,1126.9424163605,1147.261962890625,1509570,0.0,0.0,DRREDDY
2024-01-30,1158.1088445928735,1167.9348987721776,1144.7685039696946,1146.721923828125,1576585,0.0,0.0,DRREDDY
2024-01-31,1143.6004986431776,1204.9421037737768,1140.0666801861073,1201.732177734375,7857425,0.0,0.0,DRREDDY
2024-02-01,1195.5087277683576,1207.278376750323,1168.1509023451176,1176.6026611328125,3112555,0.0,0.0,DRREDDY
2024-02-02,1181.0787453784437,1192.6128139245761,1177.171905587905,1185.7022705078125,1686230,0.0,0.0,DRREDDY
2024-02-05,1185.604191985971,1205.0402535988633,1176.2001678715712,1196.4903564453125,2126485,0.0,0.0,DRREDDY
2024-02-06,1194.6351177138451,1215.2491994492525,1194.3897119788996,1210.6551513671875,2587065,0.0,0.0,DRREDDY
2024-02-07,1210.537231541137,1215.2490690774093,1203.5873850107914,1213.2366943359375,2953275,0.0,0.0,DRREDDY
2024-02-08,1220.746115562607,1221.128962841828,1202.4879550673927,1209.369140625,1791205,0.0,0.0,DRREDDY
2024-02-09,1205.4328900839748,1218.2332907142006,1198.4044367498375,1208.544677734375,1238970,0.0,0.0,DRREDDY
2024-02-12,1223.9463869951303,1254.2097796516152,1223.1022056305187,1243.4217529296875,4296460,0.0,0.0,DRREDDY
2024-02-13,1246.661120015661,1258.4111177190568,1239.0142390529666,1243.784912109375,2086675,0.0,0.0,DRREDDY
2024-02-14,1242.7444074741,1244.6880016285431,1211.3423007354017,1228.66796875,1724345,0.0,0.0,DRREDDY
2024-02-15,1225.0849452319937,1236.6484909445167,1218.409862047585,1227.548828125,1469095,0.0,0.0,DRREDDY
2024-02-16,1231.3378832131048,1249.743311381884,1226.5082557238948,1240.2117919921875,1275915,0.0,0.0,DRREDDY
2024-02-19,1240.21178173033,1267.068967912748,1239.789631190603,1259.84423828125,1393520,0.0,0.0,DRREDDY
2024-02-20,1260.7965057135361,1269.2384388822295,1244.8058299602353,1251.7655029296875,1399485,0.0,0.0,DRREDDY
2024-02-21,1253.9250929419613,1256.9779257245464,1237.826453718053,1246.494140625,995895,0.0,0.0,DRREDDY
2024-02-22,1251.569128418053,1252.511448005396,1223.3671232300208,1249.3997802734375,1420120,0.0,0.0,DRREDDY
2024-02-23,1250.1360620964492,1274.9416918661677,1249.2132742635863,1264.75244140625,1842255,0.0,0.0,DRREDDY
2024-02-26,1265.321720361544,1274.146500482112,1252.6784128518152,1264.4775390625,1089190,0.0,0.0,DRREDDY
2024-02-27,1259.618369324764,1268.1782114831174,1253.5814847732438,1266.2149658203125,966475,0.0,0.0,DRREDDY
2024-02-28,1265.0076084457603,1277.2681892015396,1254.9264415113253,1261.9842529296875,1560230,0.0,0.0,DRREDDY
2024-02-29,1252.9533194201283,1270.7893308249718,1248.0550307349783,1261.2381591796875,5513940,0.0,0.0,DRREDDY
2024-03-01,1266.0972443667392,1270.8089623161611,1211.7349642297124,1215.946044921875,2876430,0.0,0.0,DRREDDY
2024-03-04,1225.0653535050294,1264.2026529140687,1224.8690768599517,1243.73583984375,2196055,0.0,0.0,DRREDDY
2024-03-05,1243.6964793698478,1245.1199043757188,1226.439593081398,1237.49267578125,1040180,0.0,0.0,DRREDDY
2024-03-06,1237.4927661671077,1243.1272720611023,1215.2491575667054,1239.7210693359375,1207130,0.0,0.0,DRREDDY
2024-03-07,1237.9246252958467,1250.528629882824,1237.9246252958467,1241.5860595703125,1174600,0.0,0.0,DRREDDY
2024-03-11,1250.3911750360883,1261.1104193610868,1238.8079780239227,1254.0133056640625,1412365,0.0,0.0,DRREDDY
2024-03-12,1254.1508332204903,1261.9743387423287,1230.2188628371684,1237.2669677734375,1647055,0.0,0.0,DRREDDY
2024-03-13,1237.3159371590477,1246.6610057603757,1226.7929690815047,1237.5908203125,1051325,0.0,0.0,DRREDDY
2024-03-14,1233.3110810673945,1240.8008688640475,1218.9597585325296,1235.7847900390625,2001060,0.0,0.0,DRREDDY
2024-03-15,1233.919552281386,1238.5233058495937,1220.0590426773203,1233.8802490234375,2429735,0.0,0.0,DRREDDY
2024-03-18,1235.2939240249098,1247.6230452497264,1230.5722603930792,1244.9039306640625,902465,0.0,0.0,DRREDDY
2024-03-19,1243.716208058165,1243.716208058165,1202.1836858506374,1204.431640625,1581835,0.0,0.0,DRREDDY
2024-03-20,1202.4781670114733,1205.0598399034375,1182.5021659531915,1198.227783203125,1385185,0.0,0.0,DRREDDY
2024-03-21,1202.487957951656,1208.5739715223237,1189.7268612550263,1203.1162109375,1626230,0.0,0.0,DRREDDY
2024-03-22,1203.273326758997,1224.9475159565059,1198.5713150046738,1217.840576171875,1528595,0.0,0.0,DRREDDY
2024-03-26,1215.2492048322322,1219.4604056071937,1198.7677172556528,1204.421875,1361275,0.0,0.0,DRREDDY
2024-03-27,1207.5924491707285,1207.5924491707285,1184.642100870711,1186.6053466796875,1452965,0.0,0.0,DRREDDY
2024-03-28,1193.2608280647519,1219.136394517621,1193.2608280647519,1208.9471435546875,2586915,0.0,0.0,DRREDDY
2024-04-01,1220.1572688364215,1233.399352216152,1208.9470921426932,1227.0972900390625,772020,0.0,0.0,DRREDDY
2024-04-02,1230.7489709400613,1230.7489709400613,1218.390252787365,1224.5843505859375,1191030,0.0,0.0,DRREDDY
2024-04-03,1224.5844941732503,1230.5625445738244,1199.9359555084438,1202.370361328125,1346125,0.0,0.0,DRREDDY
2024-04-04,1208.377763250566,1212.3042547639716,1187.272871366011,1205.9237060546875,1995095,0.0,0.0,DRREDDY
2024-04-05,1205.9238288293404,1237.9934946678052,1205.4330173401954,1213.1485595703125,2705055,0.0,0.0,DRREDDY
2024-04-08,1220.6382235422209,1222.4640277169035,1204.461097677626,1212.2159423828125,1420525,0.0,0.0,DRREDDY
2024-04-09,1217.6441967263,1223.1413805758484,1208.3777344921625,1210.9102783203125,643620,0.0,0.0,DRREDDY
2024-04-10,1217.1928002587006,1217.1928002587006,1206.4145994941275,1208.9471435546875,980420,0.0,0.0,DRREDDY
2024-04-12,1211.1067166849823,1215.052859870876,1192.671810072052,1194.4093017578125,1974255,0.0,0.0,DRREDDY
2024-04-15,1192.318445439122,1192.318445439122,1174.4626627008172,1180.07763671875,1349665,0.0,0.0,DRREDDY
2024-04-16,1179.0960493096882,1192.4460970942775,1175.0124643993022,1187.8323974609375,2041490,0.0,0.0,DRREDDY
2024-04-18,1197.5701221263712,1202.9788739364326,1165.706680872504,1169.5350341796875,2988680,0.0,0.0,DRREDDY
2024-04-19,1177.947542125131,1177.947542125131,1154.5456845064773,1166.7275390625,1713255,0.0,0.0,DRREDDY
2024-04-22,1173.0393648918541,1190.5123004336012,1168.8183384932368,1181.1082763671875,1667285,0.0,0.0,DRREDDY
2024-04-23,1187.763836478987,1190.7087054950507,1164.9705790531411,1168.543701171875,1494175,0.0,0.0,DRREDDY
2024-04-24,1170.104308455747,1176.936365412428,1162.447601997595,1168.288330078125,1334935,0.0,0.0,DRREDDY
2024-04-25,1173.0491439876605,1229.3844943250124,1163.812039319774,1220.8934326171875,4634925,0.0,0.0,DRREDDY
2024-04-26,1222.1008272209947,1238.582313629819,1213.060118890766,1227.44091796875,2063090,0.0,0.0,DRREDDY
2024-04-29,1230.9550736253327,1241.752925148362,1217.6736874935243,1236.2755126953125,1485530,0.0,0.0,DRREDDY
2024-04-30,1236.8252666554456,1239.3971139940406,1214.2675904133005,1218.056640625,1906520,0.0,0.0,DRREDDY
2024-05-02,1216.2798532250151,1236.805500962483,1216.2798532250151,1234.3907470703125,3134765,0.0,0.0,DRREDDY
2024-05-03,1236.8251859150448,1260.3841352016182,1228.5991813294024,1246.57275390625,2906840,0.0,0.0,DRREDDY
2024-05-06,1252.4918324689413,1252.5507873583529,1226.3120271058401,1235.558837890625,2263770,0.0,0.0,DRREDDY
2024-05-07,1242.714857735174,1246.6610007050022,1217.2123156489783,1228.5206298828125,1586770,0.0,0.0,DRREDDY
2024-05-08,1197.5799246255363,1200.5149674775969,1168.661352659141,1189.0103759765625,4940700,0.0,0.0,DRREDDY
2024-05-09,1192.5737313007137,1192.5737313007137,1152.4253291724865,1153.8682861328125,2534535,0.0,0.0,DRREDDY
2024-05-10,1153.4069828716028,1165.1864584413552,1142.23610874654,1162.4378662109375,1480900,0.0,0.0,DRREDDY
2024-05-13,1162.4376393206098,1167.9348227084777,1148.596782193082,1159.993408203125,852820,0.0,0.0,DRREDDY
2024-05-14,1165.9520694072646,1167.2281072728335,1149.4804084929222,1152.189697265625,1186650,0.0,0.0,DRREDDY
2024-05-15,1155.3702283494015,1171.4590431047247,1150.4621135305852,1153.406982421875,1458405,0.0,0.0,DRREDDY
2024-05-16,1163.8120769662848,1163.8120769662848,1120.8170661863728,1148.5772705078125,3660485,0.0,0.0,DRREDDY
2024-05-17,1148.5772663691437,1149.7651115467324,1136.9155816593552,1138.59423828125,3006695,0.0,0.0,DRREDDY
2024-05-21,1140.8322885191574,1145.220234057942,1133.381804077611,1134.716796875,2456865,0.0,0.0,DRREDDY
2024-05-22,1148.4987778938785,1159.2966296518553,1136.7977899420557,1152.9652099609375,2605110,0.0,0.0,DRREDDY
2024-05-23,1158.7960192241453,1164.7937208238877,1145.5539357568703,1157.863525390625,2827915,0.0,0.0,DRREDDY
2024-05-24,1157.608295622297,1160.1015363346842,1146.2410256198982,1151.5909423828125,2122215,0.0,0.0,DRREDDY
2024-05-27,1151.5909740724105,1156.3419955423838,1137.916913817524,1152.9554443359375,3366290,0.0,0.0,DRREDDY
2024-05-28,1152.8473713578123,1178.948689272473,1152.8473713578123,1171.135009765625,3966010,0.0,0.0,DRREDDY
2024-05-29,1175.0024687668747,1181.4713293416087,1161.1812631491746,1178.0946044921875,2533990,0.0,0.0,DRREDDY
2024-05-30,1173.039362701007,1173.039362701007,1145.1612484421241,1153.1614990234375,3005220,0.0,0.0,DRREDDY
2024-05-31,1158.3052019416466,1159.2279897822802,1129.4258129423902,1137.08251953125,5146590,0.0,0.0,DRREDDY
2024-06-03,1165.755632802365,1165.755632802365,1134.1965537187277,1135.4039306640625,2087555,0.0,0.0,DRREDDY
2024-06-04,1140.056847067935,1144.0519995016411,1099.4176355044224,1125.096923828125,3287175,0.0,0.0,DRREDDY
2024-06-05,1126.4907118207057,1154.7221946920442,1124.115261202963,1143.4237060546875,2542820,0.0,0.0,DRREDDY
2024-06-06,1145.5539054544822,1163.4193940097712,1135.0701203310648,1156.5382080078125,3598380,0.0,0.0,DRREDDY
2024-06-07,1156.5382186701092,1194.458315815957,1153.6523048819465,1189.982177734375,3747525,0.0,0.0,DRREDDY
2024-06-10,1189.9821034044685,1208.8979945414494,1178.7425699136124,1198.7872314453125,3148275,0.0,0.0,DRREDDY
2024-06-11,1194.635071761094,1197.6290695430678,1183.4445467126375,1185.6531982421875,2581810,0.0,0.0,DRREDDY
2024-06-12,1189.726868521489,1194.6349826655544,1176.1804255530658,1189.7366943359375,1932925,0.0,0.0,DRREDDY
2024-06-13,1201.4868027252985,1201.4868027252985,1184.1317765988408,1196.7652587890625,2191150,0.0,0.0,DRREDDY
2024-06-14,1196.7945974850657,1201.2119005562363,1184.8384976088917,1194.6842041015625,1985020,0.0,0.0,DRREDDY
2024-06-18,1187.3710099642867,1190.119601955114,1174.0209627810088,1176.2296142578125,3076985,0.0,0.0,DRREDDY
2024-06-19,1176.367138784308,1177.8788764685548,1162.2415701863313,1169.3485107421875,3056645,0.0,0.0,DRREDDY
2024-06-20,1163.2231443735734,1177.1621417171175,1155.959110899002,1172.21484375,2489735,0.0,0.0,DRREDDY
2024-06-21,1172.2540190353113,1188.7453316831081,1169.1423511321682,1180.1954345703125,2150475,0.0,0.0,DRREDDY
2024-06-24,1177.5547747277997,1197.579905306524,1172.6466603617894,1188.7354736328125,1624525,0.0,0.0,DRREDDY
2024-06-25,1195.6167901297047,1196.6377163739705,1181.0985479049107,1193.3394775390625,1977490,0.0,0.0,DRREDDY
2024-06-26,1190.4139677371045,1196.5295786726601,1182.9144747023909,1191.699951171875,1958240,0.0,0.0,DRREDDY
2024-06-27,1177.9474770182226,1226.9206577544967,1176.9658541207073,1224.260498046875,12168270,0.0,0.0,DRREDDY
2024-06-28,1228.0985141246617,1260.4037560977006,1227.2346812121375,1256.9385986328125,5118295,0.0,0.0,DRREDDY
2024-07-01,1262.3670259335775,1272.1832547511015,1244.1383417433208,1247.387451171875,2251925,0.0,0.0,DRREDDY
2024-07-02,1245.6794751144434,1252.737286333546,1233.752732770285,1250.63671875,1819075,0.0,0.0,DRREDDY
2024-07-03,1251.3728835973168,1281.1749395748652,1249.63539194372,1261.5621337890625,2913200,0.0,0.0,DRREDDY
2024-07-04,1262.3670508216692,1284.3554277718354,1250.6072276387476,1272.0556640625,1744245,0.0,0.0,DRREDDY
2024-07-05,1272.0556559546114,1285.3665199257273,1267.4812597130522,1280.0362548828125,1139175,0.0,0.0,DRREDDY
2024-07-08,1280.036259320048,1290.8341112008152,1273.3611756811317,1282.814208984375,807380,0.0,0.0,DRREDDY
2024-07-09,1283.9626671052868,1294.7605182812486,1262.5534155748937,1292.3751220703125,1734640,0.0,0.0,DRREDDY
2024-07-10,1290.7360186767487,1296.6159304597566,1272.7722710705154,1294.2796630859375,1287550,0.0,0.0,DRREDDY
2024-07-11,1294.397359189324,1300.0515164600683,1282.9516030679274,1294.71142578125,1581340,0.0,0.0,DRREDDY
2024-07-12,1293.8280149386003,1324.209193500641,1288.8118168453293,1319.193115234375,2944400,0.0,0.0,DRREDDY
2024-07-15,1325.1908418203323,1351.6848328421204,1315.8752505999187,1333.976318359375,3023975,0.0,0.0,DRREDDY
2024-07-16,1335.0033382857127,1339.545518928777,1310.6531373301455,1312.509521484375,1556420,8.0,0.0,DRREDDY
2024-07-18,1312.4997050998852,1324.9118414381537,1301.5194230895277,1316.7457275390625,1928535,0.0,0.0,DRREDDY
2024-07-19,1315.2645204536764,1326.797823939404,1308.6092126282426,1310.5247802734375,900340,0.0,0.0,DRREDDY
2024-07-22,1299.4655408604885,1338.962973713391,1299.4655408604885,1337.1658935546875,2061455,0.0,0.0,DRREDDY
2024-07-23,1336.988229327886,1359.501816411567,1326.5214327329368,1355.74951171875,4330455,0.0,0.0,DRREDDY
2024-07-24,1370.343814405137,1370.343814405137,1341.5798019809358,1346.8922119140625,3019385,0.0,0.0,DRREDDY
2024-07-25,1341.9252997987314,1357.7143891578503,1334.4306955611414,1353.4190673828125,1315525,0.0,0.0,DRREDDY
2024-07-26,1360.4793662697236,1375.695666915285,1341.2538974198815,1358.4451904296875,2051955,0.0,0.0,DRREDDY
2024-07-29,1366.6112333490798,1372.1606180734407,1330.0761064459614,1350.8221435546875,3271945,0.0,0.0,DRREDDY
2024-07-30,1351.809578186618,1360.8840558948339,1341.510569116655,1343.7322998046875,1458475,0.0,0.0,DRREDDY
2024-07-31,1343.6829526217723,1348.738619230891,1330.076058006772,1333.1370849609375,1730870,0.0,0.0,DRREDDY
2024-08-01,1342.0240587968892,1362.7602119430803,1340.2762780315677,1360.28173828125,2320480,0.0,0.0,DRREDDY
2024-08-02,1358.9091375628618,1378.657854112455,1357.6156593078954,1375.3302001953125,2209945,0.0,0.0,DRREDDY
2024-08-05,1368.605825908516,1374.708111826389,1341.7278515932855,1345.29248046875,2186945,0.0,0.0,DRREDDY
2024-08-06,1350.5950395947398,1365.6830883534503,1341.9846278875984,1344.3741455078125,1227135,0.0,0.0,DRREDDY
2024-08-07,1358.7116850597085,1369.573479053645,1350.8121985186635,1367.865234375,968865,0.0,0.0,DRREDDY
2024-08-08,1367.5987285391052,1389.3223184509177,1365.5152532437746,1370.225341796875,2705840,0.0,0.0,DRREDDY
2024-08-09,1378.4604001177279,1387.347322468057,1375.1722822412817,1385.076171875,656255,0.0,0.0,DRREDDY
2024-08-12,1385.1650937267395,1388.3347240484825,1357.3885200663826,1360.0052490234375,1853275,0.0,0.0,DRREDDY
2024-08-13,1363.0564153928656,1374.954944574088,1353.0339178202112,1372.2198486328125,1217325,0.0,0.0,DRREDDY
2024-08-14,1373.5233064461124,1374.905740782783,1341.431640407652,1343.1201171875,1727965,0.0,0.0,DRREDDY
2024-08-16,1349.044688554343,1352.5797860263501,1334.6479173132414,1341.6488037109375,2565660,0.0,0.0,DRREDDY
2024-08-19,1350.4073429739892,1367.4011956986994,1346.3885321523092,1364.9029541015625,809235,0.0,0.0,DRREDDY
2024-08-20,1368.5860205928323,1377.3149193260201,1362.661405785071,1375.567138671875,747970,0.0,0.0,DRREDDY
2024-08-21,1382.3904537228877,1403.6302089867665,1375.5672380925469,1394.7432861328125,1905585,0.0,0.0,DRREDDY
2024-08-22,1394.7234391874306,1394.7234391874306,1367.243143799836,1376.2979736328125,1683410,0.0,0.0,DRREDDY
2024-08-23,1378.4306848012006,1380.4352083458214,1368.595863090275,1373.4244384765625,711440,0.0,0.0,DRREDDY
2024-08-26,1367.588713666334,1374.500764340465,1362.5033951344749,1371.212646484375,1018915,0.0,0.0,DRREDDY
2024-08-27,1371.5484007543064,1383.7037939706127,1363.0663605214886,1375.09326171875,2277085,0.0,0.0,DRREDDY
2024-08-28,1375.0932945428194,1391.9390084661957,1367.2036915265578,1382.27197265625,1632585,0.0,0.0,DRREDDY
2024-08-29,1362.3257101788051,1386.349979810221,1360.5087415196544,1368.8131103515625,1784160,0.0,0.0,DRREDDY
2024-08-30,1370.1659696059633,1391.2971210305686,1370.1659696059633,1388.6014404296875,3415210,0.0,0.0,DRREDDY
2024-09-02,1392.2252349222597,1397.2118341451264,1348.8373618290466,1357.1614990234375,2354285,0.0,0.0,DRREDDY
2024-09-03,1362.661499136014,1365.4263677836857,1352.392141991726,1353.5474853515625,1246805,0.0,0.0,DRREDDY
2024-09-04,1352.352726138604,1352.352726138604,1336.3957287508204,1340.3848876953125,2177470,0.0,0.0,DRREDDY
2024-09-05,1342.419001930391,1352.5501031215395,1320.3991348536345,1322.32470703125,2001265,0.0,0.0,DRREDDY
2024-09-06,1322.9467066175982,1327.133424581741,1313.8819933378884,1316.676513671875,2074285,0.0,0.0,DRREDDY
2024-09-09,1319.204459988371,1326.3139501545133,1303.948623760912,1314.4549560546875,1466880,0.0,0.0,DRREDDY
2024-09-10,1321.9790618264944,1322.7295226573103,1306.0121819752212,1313.3685302734375,2328120,0.0,0.0,DRREDDY
2024-09-11,1315.4423431933153,1332.9100255156623,1302.6056771481533,1305.8839111328125,1833720,0.0,0.0,DRREDDY
2024-09-12,1323.1640078094608,1325.5732933690983,1299.5248519752688,1319.974609375,2663355,0.0,0.0,DRREDDY
2024-09-13,1320.4782668585876,1322.9765085341144,1312.6972673950986,1315.40283203125,1197575,0.0,0.0,DRREDDY
2024-09-16,1321.1693065489076,1321.1693065489076,1309.6361241310533,1312.7169189453125,691625,0.0,0.0,DRREDDY
2024-09-17,1311.3346007804228,1316.4001516050098,1304.007783246276,1309.665771484375,911735,0.0,0.0,DRREDDY
2024-09-18,1312.6972243038877,1312.8946632564198,1289.7886405899003,1297.0562744140625,1239415,0.0,0.0,DRREDDY
2024-09-19,1300.2555340713939,1305.8838700224464,1280.2105387403417,1284.170166015625,4661780,0.0,0.0,DRREDDY
2024-09-20,1290.5391318610777,1303.0104515832015,1280.8425647606452,1293.76806640625,2823650,0.0,0.0,DRREDDY
2024-09-23,1303.4153876887374,1315.6596169531351,1299.4656440896806,1314.1685791015625,1326620,0.0,0.0,DRREDDY
2024-09-24,1314.1685295562163,1321.1694160713541,1299.5051311048633,1313.3587646484375,1962100,0.0,0.0,DRREDDY
2024-09-25,1314.5239988572755,1324.6649845042696,1302.5365129591721,1321.4755859375,2388280,0.0,0.0,DRREDDY
2024-09-26,1326.0868314000738,1334.420852784179,1316.1137532655446,1331.9324951171875,2842130,0.0,0.0,DRREDDY
2024-09-27,1325.3362752768487,1337.462015763131,1316.5481931343222,1333.0185546875,2794555,0.0,0.0,DRREDDY
2024-09-30,1334.0257574227608,1341.1352469234769,1325.1388352785677,1333.354248046875,1827470,0.0,0.0,DRREDDY
2024-10-01,1333.3543136243068,1340.0293895616128,1318.829170954851,1332.860595703125,1738090,0.0,0.0,DRREDDY
2024-10-03,1338.963018983228,1341.92532654735,1321.6039400506493,1330.2044677734375,2277090,0.0,0.0,DRREDDY
2024-10-04,1325.731241782916,1329.6612168648871,1305.5875279510624,1309.981689453125,1742335,0.0,0.0,DRREDDY
2024-10-07,1319.9153948260098,1325.543851741766,1299.6828430080984,1305.3704833984375,2224190,0.0,0.0,DRREDDY
2024-10-08,1305.380245837174,1316.8443610304378,1298.4780792262677,1314.484375,1395550,0.0,0.0,DRREDDY
2024-10-09,1322.373995883682,1334.006018718886,1312.7169652160478,1316.2222900390625,1680365,0.0,0.0,DRREDDY
2024-10-10,1322.7690148960835,1322.7690148960835,1294.2716312822147,1300.0777587890625,1582735,0.0,0.0,DRREDDY
2024-10-11,1300.453040099688,1308.293223045756,1292.5634371455044,1303.25732421875,1130225,0.0,0.0,DRREDDY
2024-10-14,1310.5247788039953,1321.3766888784685,1303.4152890782086,1315.2447509765625,1117595,0.0,0.0,DRREDDY
2024-10-15,1320.0042300643586,1323.144208418354,1304.4422321614431,1305.7159423828125,1423265,0.0,0.0,DRREDDY
2024-10-16,1311.3148783294146,1332.238587242776,1309.1524515608262,1325.3167724609375,1849620,0.0,0.0,DRREDDY
2024-10-17,1332.011372615337,1337.97552348361,1313.3784636890994,1323.9638671875,1819115,0.0,0.0,DRREDDY
2024-10-18,1323.963948697435,1337.7781668965197,1315.7385307445743,1331.28076171875,1143115,0.0,0.0,DRREDDY
2024-10-21,1336.9881000854823,1336.9881000854823,1320.4090140983828,1322.6505126953125,1175275,0.0,0.0,DRREDDY
2024-10-22,1328.4961169374833,1334.0257331749312,1309.7940206638334,1315.7384033203125,1904985,0.0,0.0,DRREDDY
2024-10-23,1315.1360945997371,1320.813850365444,1301.440365078531,1304.975341796875,1548860,0.0,0.0,DRREDDY
2024-10-24,1312.104751965074,1312.104751965074,1297.3326302890898,1299.998779296875,1587305,0.0,0.0,DRREDDY
2024-10-25,1297.4908013015938,1299.860671621339,1273.8121071816583,1286.5697021484375,1285830,0.0,0.0,DRREDDY
2024-10-28,1303.415299305423,1309.2411948263054,1274.0390832794108,1295.0220947265625,829374,0.0,5.0,DRREDDY
2024-10-29,1310.3273921693044,1318.621877538285,1247.6252147746166,1258.6844482421875,1443741,0.0,0.0,DRREDDY
2024-10-30,1257.0057692471098,1257.0057692471098,1213.3611552459415,1234.1466064453125,2065575,0.0,0.0,DRREDDY
2024-10-31,1242.7866991410115,1267.5220146505587,1232.3199035546777,1258.190673828125,1902206,0.0,0.0,DRREDDY
2024-11-01,1263.917885326588,1272.8048079577904,1186.7004502345578,1243.774169921875,540201,0.0,0.0,DRREDDY
2024-11-04,1243.77410441771,1260.8567919015475,1234.8378827867052,1252.3648681640625,1771490,0.0,0.0,DRREDDY
2024-11-05,1249.2050499955608,1262.930432201079,1225.6547294523762,1256.2158203125,1603920,0.0,0.0,DRREDDY
2024-11-06,1257.993310273003,1305.291513000479,1235.8747224685742,1285.740234375,3908554,0.0,0.0,DRREDDY
2024-11-07,1288.554260492451,1292.5534235775917,1264.4609241216542,1271.1754150390625,1479152,0.0,0.0,DRREDDY
2024-11-08,1276.5570342186563,1276.7544731615064,1243.32979586394,1267.52197265625,1328199,0.0,0.0,DRREDDY
2024-11-11,1267.8676040903174,1278.9762571635388,1246.29215533987,1271.7186279296875,1175591,0.0,0.0,DRREDDY
2024-11-12,1271.6691809840333,1272.2123188929693,1242.490525185132,1248.0201416015625,1110785,0.0,0.0,DRREDDY
2024-11-13,1242.194332407756,1249.1558035504388,1222.7418938589383,1229.357666015625,995217,0.0,0.0,DRREDDY
2024-11-14,1234.1961833753023,1237.2572106270734,1206.8441360059533,1211.28759765625,1346891,0.0,0.0,DRREDDY
2024-11-18,1190.9463244302808,1204.4742675547986,1155.497354205309,1178.5540771484375,3367815,0.0,0.0,DRREDDY
2024-11-19,1178.0109646497558,1216.5209626559088,1171.3457726871525,1198.2039794921875,1509716,0.0,0.0,DRREDDY
2024-11-21,1160.138405951354,1191.538793704837,1157.7685358006033,1180.3314208984375,2121476,0.0,0.0,DRREDDY
2024-11-22,1183.9355707547484,1207.8314698397448,1178.603393117757,1199.19140625,763755,0.0,0.0,DRREDDY
2024-11-25,1218.4463980282935,1231.3324838647743,1190.6007557497608,1194.106201171875,3280431,0.0,0.0,DRREDDY
2024-11-26,1193.8098118007392,1203.0423118789772,1188.0826362838336,1193.4642333984375,1190121,0.0,0.0,DRREDDY
2024-11-27,1196.7721676030749,1200.3269123104185,1182.997486660895,1184.82421875,1402977,0.0,0.0,DRREDDY
2024-11-28,1193.859370671381,1194.6986670421945,1173.5180955955502,1176.97412109375,2819269,0.0,0.0,DRREDDY
2024-11-29,1190.8475559845112,1204.0297995989115,1183.5899270765017,1187.194091796875,2535820,0.0,0.0,DRREDDY
2024-12-02,1198.9938898900305,1209.8556834159026,1187.1940805924703,1206.399658203125,1826479,0.0,0.0,DRREDDY
2024-12-03,1213.5585733135656,1213.5585733135656,1202.252481850058,1209.1151123046875,2237453,0.0,0.0,DRREDDY
2024-12-04,1209.1150897398277,1213.6572701345945,1194.4022727887989,1200.277587890625,1435443,0.0,0.0,DRREDDY
2024-12-05,1201.2651554265133,1233.8011191165451,1194.896121745365,1224.2723388671875,3324867,0.0,0.0,DRREDDY
2024-12-06,1230.3450345705241,1239.3800964517768,1220.8162547781276,1237.9482421875,1717216,0.0,0.0,DRREDDY
2024-12-09,1238.8864090298307,1245.9465994402603,1227.629616271399,1239.380126953125,1269332,0.0,0.0,DRREDDY
2024-12-10,1234.294770949991,1237.8495157830073,1217.5083620650712,1224.7659912109375,2025890,0.0,0.0,DRREDDY
2024-12-11,1224.7167823384068,1227.7778094894772,1211.2875578077878,1222.98876953125,1178864,0.0,0.0,DRREDDY
2024-12-12,1229.1601261067487,1234.4921829716695,1210.9418633629487,1229.7525634765625,1648944,0.0,0.0,DRREDDY
2024-12-13,1224.716637652213,1234.4921553771203,1211.0405557648148,1230.6905517578125,1258819,0.0,0.0,DRREDDY
2024-12-16,1230.6906780937798,1258.1414436199243,1229.555102730767,1253.994140625,1920945,0.0,0.0,DRREDDY
2024-12-17,1253.0560965737443,1254.9815482710958,1227.629623376917,1231.974365234375,2706166,0.0,0.0,DRREDDY
2024-12-18,1236.1708696610028,1264.9052265790156,1233.8504196992658,1259.3756103515625,2823838,0.0,0.0,DRREDDY
2024-12-19,1258.980716094892,1314.6227024596865,1255.6728300854143,1308.9449462890625,7185903,0.0,0.0,DRREDDY
2024-12-20,1309.339921820128,1351.5033839084433,1300.8479977165487,1326.7681884765625,7499087,0.0,0.0,DRREDDY
2024-12-23,1344.8876449843783,1349.8248242978307,1313.5859763517333,1324.4970703125,3740109,0.0,0.0,DRREDDY
2024-12-24,1330.0759783539131,1347.8498221626514,1319.411623854033,1333.927001953125,2587142,0.0,0.0,DRREDDY
2024-12-26,1333.9270550491233,1343.1101357272082,1325.879429119185,1338.1236572265625,1531359,0.0,0.0,DRREDDY
2024-12-27,1345.9244661084822,1380.6821593632399,1328.5949189510027,1371.99267578125,3656253,0.0,0.0,DRREDDY
2024-12-30,1372.1408511126012,1374.5107212911137,1354.8607235101626,1359.6004638671875,2462657,0.0,0.0,DRREDDY
2024-12-31,1353.0832826462547,1377.4728979289982,1349.380398512037,1371.0545654296875,1892083,0.0,0.0,DRREDDY
2025-01-01,1371.0052617414099,1371.597819682431,1338.3211591178108,1351.7996826171875,1658723,0.0,0.0,DRREDDY
2025-01-02,1354.218816235429,1370.5115073750446,1352.836502507408,1357.773681640625,1726305,0.0,0.0,DRREDDY
2025-01-03,1357.773614832683,1360.8346416373427,1330.273431984505,1335.655029296875,1573592,0.0,0.0,DRREDDY
2025-01-06,1343.3076891576216,1344.1964054867472,1317.041920931555,1333.3839111328125,1539970,0.0,0.0,DRREDDY
2025-01-07,1335.0132676439034,1355.7988404768168,1330.5698063240827,1334.5689697265625,1723188,0.0,0.0,DRREDDY
2025-01-08,1352.2934151315,1388.236104672035,1340.9379027006771,1353.5277099609375,3456684,0.0,0.0,DRREDDY
2025-01-09,1362.66142833482,1365.5743157822003,1346.9611747271206,1354.366943359375,1607980,0.0,0.0,DRREDDY
2025-01-10,1348.936130281338,1368.5861283820232,1335.6057459139806,1337.3831787109375,1582776,0.0,0.0,DRREDDY
2025-01-13,1337.0375429516096,1337.1362624279634,1313.4871018160943,1318.3255615234375,2822318,0.0,0.0,DRREDDY
2025-01-14,1318.3750028929787,1331.902825860874,1307.01949058647,1320.744873046875,1370223,0.0,0.0,DRREDDY
2025-01-15,1328.1012177636958,1328.1012177636958,1297.4412864177814,1320.399169921875,1940371,0.0,0.0,DRREDDY
2025-01-16,1324.052656993656,1330.0759911237947,1280.7042022921764,1286.3819580078125,1195731,0.0,0.0,DRREDDY
2025-01-17,1281.6916938770469,1304.1064387679612,1271.8173356807677,1292.948486328125,1432206,0.0,0.0,DRREDDY
2025-01-20,1291.911675671784,1292.5535330843031,1277.3964168303983,1285.987060546875,561642,0.0,0.0,DRREDDY
2025-01-21,1285.98699429349,1296.453789700931,1269.4968645933643,1271.9654541015625,738787,0.0,0.0,DRREDDY
2025-01-22,1274.7797068052375,1291.5661165772663,1271.817399198409,1279.9637451171875,1301422,0.0,0.0,DRREDDY
2025-01-23,1272.804830648036,1287.566948622834,1258.5364306059948,1273.1998291015625,1448659,0.0,0.0,DRREDDY
2025-01-24,1214.4965535170195,1236.9114173827834,1188.378926122239,1209.016357421875,7082467,0.0,0.0,DRREDDY
2025-01-27,1209.0164473621294,1218.8413855991273,1176.529784635826,1182.6025390625,2184847,0.0,0.0,DRREDDY
2025-01-28,1182.6025409879003,1182.6025409879003,1150.017158733436,1166.4085693359375,3142189,0.0,0.0,DRREDDY
2025-01-29,1172.4814279159739,1177.4679069576875,1158.7560446096118,1166.3592529296875,3458251,0.0,0.0,DRREDDY
2025-01-30,1173.0737327170102,1189.6627024044149,1169.1239895092087,1179.4920654296875,3290757,0.0,0.0,DRREDDY
2025-01-31,1186.8978164119019,1205.6590963718238,1180.973201687716,1202.054931640625,1505147,0.0,0.0,DRREDDY
2025-02-01,1205.0667473710391,1205.0667473710391,1185.0217512030597,1189.810791015625,1067956,0.0,0.0,DRREDDY
2025-02-03,1184.9230055063208,1204.6717222647594,1181.763259039611,1188.724609375,1407877,0.0,0.0,DRREDDY
2025-02-04,1191.8350684372258,1217.508400483098,1186.354751266639,1204.622314453125,2239920,0.0,0.0,DRREDDY
2025-02-05,1211.5838151806518,1217.6071498937072,1200.57388109838,1212.126953125,1460238,0.0,0.0,DRREDDY
2025-02-06,1219.3845361177691,1238.2445364491887,1214.7435153737104,1221.112548828125,2990483,0.0,0.0,DRREDDY
2025-02-07,1224.4204312475194,1228.1233156162114,1210.5963296044022,1224.8154296875,1236992,0.0,0.0,DRREDDY
2025-02-10,1224.124039274874,1224.124039274874,1195.834101739013,1205.609619140625,1565579,0.0,0.0,DRREDDY
2025-02-11,1204.6716502456643,1207.5352381117639,1186.157229391479,1194.599853515625,1819297,0.0,0.0,DRREDDY
2025-02-12,1202.696863721096,1205.0667338653054,1187.7371865059145,1200.5738525390625,1306601,0.0,0.0,DRREDDY
2025-02-13,1201.6107900785958,1227.3828433743884,1201.6107900785958,1208.2265625,4447231,0.0,0.0,DRREDDY
2025-02-14,1208.1276370724988,1214.5459694312822,1171.3456554779336,1182.010009765625,1211843,0.0,0.0,DRREDDY
2025-02-17,1181.812517318395,1186.8978358137686,1168.2846950250068,1183.8861083984375,613030,0.0,0.0,DRREDDY
2025-02-18,1183.8861661387434,1189.8107812487317,1167.1491766676681,1182.355712890625,1713796,0.0,0.0,DRREDDY
2025-02-19,1151.3501658474722,1162.1625398592732,1113.3338867864709,1151.2020263671875,3062142,0.0,0.0,DRREDDY
2025-02-20,1149.8690022707508,1159.397781957214,1141.7226568274414,1156.2379150390625,1579890,0.0,0.0,DRREDDY
2025-02-21,1155.9911777197108,1156.0405977301155,1130.860981892304,1137.3287353515625,6828902,0.0,0.0,DRREDDY
2025-02-24,1137.3286500565287,1159.1509580387253,1136.5386531689644,1149.91845703125,2017521,0.0,0.0,DRREDDY
2025-02-25,1152.4858300186127,1154.8557002761183,1108.396793158912,1113.975830078125,6463238,0.0,0.0,DRREDDY
2025-02-27,1114.321334751043,1122.072681913369,1100.9909510389125,1111.408447265625,3435069,0.0,0.0,DRREDDY
2025-02-28,1114.518837576963,1117.7774242190999,1090.6723573323168,1102.47216796875,3895033,0.0,0.0,DRREDDY
2025-03-03,1104.2989082571542,1116.0494195063698,1090.0305077994974,1105.533203125,1810605,0.0,0.0,DRREDDY
2025-03-04,1097.1399512682924,1110.026037354099,1091.1660366844649,1106.0762939453125,1074133,0.0,0.0,DRREDDY
2025-03-05,1106.4219069172707,1114.8151119228903,1096.5969680959233,1112.247802734375,1260157,0.0,0.0,DRREDDY
2025-03-06,1120.739735830887,1131.3052516456628,1104.5951831269,1125.775634765625,1648697,0.0,0.0,DRREDDY
2025-03-07,1125.775507659292,1130.811406025449,1115.8024303975706,1119.0115966796875,790599,0.0,0.0,DRREDDY
2025-03-10,1120.690289394458,1122.8627206245137,1101.3859905104136,1106.1256103515625,950503,0.0,0.0,DRREDDY
2025-03-11,1102.9658176896075,1112.7907559440916,1096.6956243015568,1102.6202392578125,884438,0.0,0.0,DRREDDY
2025-03-12,1102.5708629494486,1102.6202829573494,1078.7242626981003,1091.2647705078125,1914579,0.0,0.0,DRREDDY
2025-03-13,1091.26467109664,1096.3005694429662,1081.2915938741917,1094.0294189453125,1299174,0.0,0.0,DRREDDY
2025-03-17,1093.9801302948106,1139.5996153465885,1087.6605171635726,1136.2423095703125,2714559,0.0,0.0,DRREDDY
2025-03-18,1136.2423095703125,1136.2423095703125,1136.2423095703125,1136.2423095703125,0,0.0,0.0,DRREDDY
2025-03-19,1159.2495651095314,1162.9030291529068,1143.549312650219,1157.3734130859375,1507415,0.0,0.0,DRREDDY
2025-03-20,1164.1374675711106,1175.789259020217,1150.6590644113742,1172.2838134765625,1521677,0.0,0.0,DRREDDY
2025-03-21,1175.2459868422193,1189.5145058173175,1162.2613030992543,1185.071044921875,2313824,0.0,0.0,DRREDDY
2025-03-24,1189.8601698394054,1201.0675423525645,1175.2954914119107,1195.0936279296875,1660669,0.0,0.0,DRREDDY
2025-03-25,1195.093653550209,1200.67256965513,1153.2756490105733,1163.1007080078125,2860907,0.0,0.0,DRREDDY
2025-03-26,1163.1007185329127,1164.9768707660578,1138.1679631765612,1149.9677734375,2864505,0.0,0.0,DRREDDY
2025-03-27,1145.4255897281955,1157.6698184153693,1129.626616076772,1147.597900390625,4460409,0.0,0.0,DRREDDY
2025-03-28,1144.6850550329948,1144.6850550329948,1126.4174910751683,1129.8240966796875,2762934,0.0,0.0,DRREDDY
2025-04-01,1129.8240241325238,1149.7703001438847,1121.7765185782087,1137.7235107421875,4158012,0.0,0.0,DRREDDY
2025-04-02,1135.5511474609375,1138.217175853382,1120.7396107549253,1135.5511474609375,2071245,0.0,0.0,DRREDDY
2025-04-03,1175.5424527901832,1211.4851440806742,1134.6132824679494,1136.9830322265625,6324685,0.0,0.0,DRREDDY
2025-04-04,1137.3286820762742,1142.9075983065823,1062.6784339540404,1096.00439453125,5423861,0.0,0.0,DRREDDY
2025-04-07,1007.184643938781,1085.043942551628,1007.184643938781,1074.2315673828125,3888037,0.0,0.0,DRREDDY
2025-04-08,1086.1793527469154,1099.6578751860482,1075.0212802722415,1094.0294189453125,1577632,0.0,0.0,DRREDDY
2025-04-09,1080.7484971198749,1089.388560481957,1048.3112547764063,1080.30419921875,5511474,0.0,0.0,DRREDDY
2025-04-11,1125.5781320757885,1125.5781320757885,1088.4011487922137,1095.56005859375,2740831,0.0,0.0,DRREDDY
2025-04-15,1126.5655470082659,1143.5493948352569,1114.815036686097,1140.3896484375,2683350,0.0,0.0,DRREDDY
2025-04-16,1135.7486569011528,1146.8080106500802,1129.3303239301454,1143.845703125,1451875,0.0,0.0,DRREDDY
2025-04-17,1135.6498418681622,1158.8545821954588,1135.6498418681622,1148.980224609375,2788024,0.0,0.0,DRREDDY
2025-04-21,1148.7829530296185,1164.8780859177557,1140.4884673416302,1162.6070556640625,1938756,0.0,0.0,DRREDDY
2025-04-22,1159.1510272343996,1165.6680800677361,1147.6967949005643,1160.2371826171875,1313400,0.0,0.0,DRREDDY
2025-04-23,1170.2101606120298,1176.8260528965402,1161.1257993258523,1171.098876953125,3192132,0.0,0.0,DRREDDY
2025-04-24,1164.1868770906003,1194.797388701973,1161.520848487477,1185.416748046875,4819678,0.0,0.0,DRREDDY
2025-04-25,1188.77403168341,1195.2910841189937,1145.1292952407887,1160.0396728515625,1286573,0.0,0.0,DRREDDY
2025-04-28,1161.5208160447785,1189.8601761755644,1161.5208160447785,1183.6392822265625,1236678,0.0,0.0,DRREDDY
2025-04-29,1189.2676878060995,1189.2676878060995,1154.3124367850169,1161.2244873046875,1663018,0.0,0.0,DRREDDY
2025-04-30,1161.4219405673484,1181.5656550089243,1161.1257821490967,1169.0252685546875,1604442,0.0,0.0,DRREDDY
2025-05-02,1161.3232752690008,1179.788397925404,1156.682375003862,1163.1007080078125,910973,0.0,0.0,DRREDDY
2025-05-05,1173.7649049134056,1178.8996434726541,1139.994648259719,1156.5836181640625,1893680,0.0,0.0,DRREDDY
2025-05-06,1157.4723503775278,1160.2372191996274,1115.210164842692,1145.8206787109375,1990745,0.0,0.0,DRREDDY
2025-05-07,1129.0341319864765,1149.9677229943647,1129.0341319864765,1146.11669921875,1421366,0.0,0.0,DRREDDY
2025-05-08,1138.2173165425088,1146.808081215812,1127.6518006009092,1133.576416015625,2616533,0.0,0.0,DRREDDY
2025-05-09,1128.1454112535962,1152.3375885627543,1124.195668019448,1141.3770751953125,1248574,0.0,0.0,DRREDDY
2025-05-12,1141.377093072045,1188.872732099255,1129.5278631840126,1180.5782470703125,5065176,0.0,0.0,DRREDDY
2025-05-13,1180.9733236264965,1225.4079386458882,1180.9733236264965,1191.933837890625,3134295,0.0,0.0,DRREDDY
2025-05-14,1198.0559808618466,1207.9303394924177,1178.208423585115,1204.6717529296875,1197152,0.0,0.0,DRREDDY
2025-05-15,1198.7471004969505,1224.2229931867319,1185.120437795607,1220.7669677734375,2053553,0.0,0.0,DRREDDY
2025-05-16,1223.3342284443218,1223.3342284443218,1205.6591036366779,1215.2371826171875,882873,0.0,0.0,DRREDDY
2025-05-19,1212.8675279824142,1226.1979122345226,1198.9445857787055,1203.684326171875,2235758,0.0,0.0,DRREDDY
2025-05-20,1206.646658980684,1218.8908881382188,1201.3144810611727,1208.8189697265625,1385750,0.0,0.0,DRREDDY
2025-05-21,1209.707620512665,1240.8118493964537,1204.770441324762,1209.3126220703125,2615092,0.0,0.0,DRREDDY
2025-05-22,1209.312583656161,1214.3486026971325,1196.1797597554678,1206.843994140625,2260610,0.0,0.0,DRREDDY
2025-05-23,1212.571184280527,1219.384515530791,1200.7219544667107,1214.644775390625,734297,0.0,0.0,DRREDDY
2025-05-26,1214.4474094525685,1232.2212552418314,1213.2624140779874,1225.3092041015625,985434,0.0,0.0,DRREDDY
2025-05-27,1228.2714776120995,1233.307376338507,1221.7544251110662,1227.5802001953125,1145000,0.0,0.0,DRREDDY
2025-05-28,1232.1225318356962,1236.4671532521663,1221.4581761814743,1226.98779296875,766968,0.0,0.0,DRREDDY
2025-05-29,1229.7527078254966,1237.6521951145166,1224.8155282698592,1232.5174560546875,1791885,0.0,0.0,DRREDDY
2025-05-30,1232.5174286605832,1241.7993501262024,1225.4079384731258,1235.479736328125,3161983,0.0,0.0,DRREDDY
2025-06-02,1235.2821458194853,1235.775863703506,1217.014584110724,1232.0235595703125,1139977,0.0,0.0,DRREDDY
2025-06-03,1234.2946814192817,1237.6519870600603,1225.2103207786718,1232.6160888671875,811620,0.0,0.0,DRREDDY
2025-06-04,1232.6162753947158,1250.0938425137963,1230.6414036055944,1236.1710205078125,1387633,0.0,0.0,DRREDDY
2025-06-05,1248.3164334059986,1287.0239935301554,1248.3164334059986,1274.384765625,3834672,0.0,0.0,DRREDDY
2025-06-06,1278.8280635604006,1306.2788266520076,1278.7293440890255,1304.303955078125,2158757,0.0,0.0,DRREDDY
2025-06-09,1310.7223771336344,1312.3022503932282,1292.1585348577496,1302.526611328125,1227356,0.0,0.0,DRREDDY
2025-06-10,1304.402750926071,1345.480057960707,1304.402750926071,1331.853515625,3022355,0.0,0.0,DRREDDY
2025-06-11,1333.0383564245387,1338.3705339575567,1323.3614371780766,1334.12451171875,1094247,0.0,0.0,DRREDDY
2025-06-12,1342.912706868742,1362.3651441874217,1326.6200159398195,1345.5787353515625,2625058,0.0,0.0,DRREDDY
2025-06-13,1337.9755787700688,1349.6273700323018,1328.1012202551606,1345.38134765625,1419556,0.0,0.0,DRREDDY
2025-06-16,1342.71532826666,1342.71532826666,1325.3363607321296,1329.878662109375,1294663,0.0,0.0,DRREDDY
2025-06-17,1331.3598268071678,1332.7421405907667,1286.2339353932534,1302.23046875,1649457,0.0,0.0,DRREDDY
2025-06-18,1294.627129337278,1308.1550729140574,1292.3560991858035,1296.799560546875,728945,0.0,0.0,DRREDDY
2025-06-19,1288.6037272271112,1315.2644939973275,1287.9125703773373,1309.4385986328125,1654212,0.0,0.0,DRREDDY
2025-06-20,1315.6595742644658,1318.2268834132306,1301.6379126208042,1308.6488037109375,1843895,0.0,0.0,DRREDDY
2025-06-23,1302.3291106121821,1306.3775733155912,1285.740140831631,1301.3416748046875,843945,0.0,0.0,DRREDDY
2025-06-24,1301.3417667488266,1336.691898832786,1292.6522828142924,1320.498046875,1011128,0.0,0.0,DRREDDY
2025-06-25,1331.3597889225882,1331.3597889225882,1319.2142798975142,1324.743896484375,833145,0.0,0.0,DRREDDY
2025-06-26,1309.339823243296,1316.9430304125,1298.083031424836,1304.8963623046875,2373431,0.0,0.0,DRREDDY
2025-06-27,1312.2035373115566,1314.8695659165792,1282.0867436079452,1284.654052734375,1770595,0.0,0.0,DRREDDY
2025-06-30,1286.5302328225307,1288.6038240642783,1256.512157947735,1267.176513671875,2224279,0.0,0.0,DRREDDY
2025-07-01,1270.1386965842707,1278.63062021541,1257.3020313982292,1260.758056640625,1851442,0.0,0.0,DRREDDY
2025-07-02,1259.9681141751214,1264.806573830606,1247.822605298762,1254.83349609375,2027306,0.0,0.0,DRREDDY
2025-07-03,1258.8819561136008,1281.2967011035594,1254.0434964687242,1275.075927734375,1918977,0.0,0.0,DRREDDY
2025-07-04,1286.6288910378225,1296.5032493727253,1271.027356654036,1290.9736328125,1466009,0.0,0.0,DRREDDY
2025-07-07,1291.4673588927672,1296.8982560112931,1281.7904394487532,1294.03466796875,569025,0.0,0.0,DRREDDY
2025-07-08,1293.8372154950814,1293.8372154950814,1257.5982482336478,1267.670166015625,1602620,0.0,0.0,DRREDDY
2025-07-09,1263.9178453542072,1269.5461812946608,1250.98246026298,1253.4510498046875,1494337,0.0,0.0,DRREDDY
2025-07-10,1254.941590623643,1261.8974786310418,1244.2096006060892,1254.6434326171875,1246082,8.0,0.0,DRREDDY
2025-07-11,1255.0409573301636,1263.9842420617324,1243.4147356995488,1246.793212890625,895466,0.0,0.0,DRREDDY
2025-07-14,1246.793255133142,1253.451106772855,1237.4525878045495,1242.7191162109375,1035555,0.0,0.0,DRREDDY
2025-07-15,1246.8926882006047,1256.531513289438,1233.1796029989662,1252.9542236328125,1183659,0.0,0.0,DRREDDY
2025-07-16,1252.9541704489554,1254.0472142836027,1242.1228350669599,1251.463623046875,1159859,0.0,0.0,DRREDDY
2025-07-17,1251.4636237157226,1266.766601312138,1247.5881762080307,1255.1402587890625,709420,0.0,0.0,DRREDDY
2025-07-18,1257.0282984708933,1262.5929844647824,1243.215868401397,1249.5755615234375,690731,0.0,0.0,DRREDDY
2025-07-21,1242.3215066744915,1254.444698134839,1237.3530154123139,1251.3642578125,1065189,0.0,0.0,DRREDDY
2025-07-22,1253.053577743038,1255.6371691070376,1228.2111198179184,1232.1859130859375,1304352,0.0,0.0,DRREDDY
2025-07-23,1232.3846059674588,1244.2096402167103,1223.2426299585436,1239.539306640625,1088262,0.0,0.0,DRREDDY
2025-07-24,1253.1528498855375,1279.7840117412281,1248.1843585916445,1257.525146484375,3809212,0.0,0.0,DRREDDY
2025-07-25,1258.022012202828,1280.3802233201768,1253.25221197737,1269.8470458984375,1621138,0.0,0.0,DRREDDY
2025-07-28,1271.9338396744818,1281.8708227969387,1263.5867495914051,1279.2872314453125,1553778,0.0,0.0,DRREDDY
2025-07-29,1278.8897437838339,1293.7952186531095,1274.7162593408627,1291.609130859375,1943466,0.0,0.0,DRREDDY
2025-07-30,1289.9197091936205,1289.9197091936205,1269.6482400813493,1283.95751953125,1387013,0.0,0.0,DRREDDY
2025-07-31,1266.4685284334546,1276.9023609548756,1249.0788075644193,1262.2950439453125,1968821,0.0,0.0,DRREDDY
2025-08-01,1250.0724205195338,1251.0661187870376,1206.051538748701,1212.9080810546875,2525210,0.0,0.0,DRREDDY
2025-08-04,1217.3797410758052,1224.4349746181283,1211.5168969515148,1217.2803955078125,767310,0.0,0.0,DRREDDY
2025-08-05,1217.2804497991388,1224.236338083705,1197.4064832718059,1207.144775390625,956582,0.0,0.0,DRREDDY
2025-08-06,1207.1447274398893,1210.1258223005727,1180.0167156872446,1189.15869140625,1701845,0.0,0.0,DRREDDY
2025-08-07,1176.5387309933542,1202.3748855590866,1175.9425363020487,1193.23291015625,1246560,0.0,0.0,DRREDDY
2025-08-08,1193.2329358379593,1207.3434028071335,1187.8669408986045,1203.76611328125,2389106,0.0,0.0,DRREDDY
2025-08-11,1204.8591754533268,1229.2047835346518,1200.9837278658833,1211.8150634765625,1246374,0.0,0.0,DRREDDY
2025-08-12,1202.3749662138437,1219.4665287834,1196.5121218704394,1212.610107421875,922461,0.0,0.0,DRREDDY
2025-08-13,1212.6100756020353,1247.5882069990678,1212.1132264554806,1245.50146484375,1192506,0.0,0.0,DRREDDY
2025-08-14,1247.1907477996324,1258.0220838401435,1242.3216017299274,1252.4573974609375,1603933,0.0,0.0,DRREDDY
2025-08-18,1261.9968439791114,1262.5930387003066,1233.2789387811067,1254.7427978515625,1648543,0.0,0.0,DRREDDY
2025-08-19,1255.0409515401836,1255.8359586997472,1234.0739416931135,1236.359375,1061816,0.0,0.0,DRREDDY
2025-08-20,1236.160678010691,1242.818408061546,1230.1984882453662,1237.5518798828125,685379,0.0,0.0,DRREDDY
2025-08-21,1237.5518385572786,1273.7224795192833,1232.484001686195,1268.55517578125,2008295,0.0,0.0,DRREDDY
2025-08-22,1266.0710060730564,1276.0079892795025,1257.6245703475774,1269.5489501953125,1229920,0.0,0.0,DRREDDY
2025-08-25,1269.6483236678512,1280.7778178842811,1267.2635446867498,1275.809326171875,967056,0.0,0.0,DRREDDY
2025-08-26,1267.959010581038,1271.536300143782,1251.066139750413,1255.2396240234375,2798216,0.0,0.0,DRREDDY
2025-08-28,1255.239683339614,1259.4132891109218,1240.6323663927014,1251.8612060546875,1827890,0.0,0.0,DRREDDY
2025-08-29,1251.0661358385598,1258.419527378522,1232.9808756439227,1252.1591796875,2422956,0.0,0.0,DRREDDY
2025-09-01,1252.1591978851484,1276.9023097030304,1252.1591978851484,1271.83447265625,1273903,0.0,0.0,DRREDDY
2025-09-02,1271.8345298398892,1275.3124740304734,1240.1355285283503,1245.799560546875,1632660,0.0,0.0,DRREDDY
2025-09-03,1242.122900689385,1257.922728246367,1239.7380004598485,1254.2459716796875,1294925,0.0,0.0,DRREDDY
2025-09-04,1260.0094788133479,1266.667209084759,1241.1292105976904,1245.10400390625,1230934,0.0,0.0,DRREDDY
2025-09-05,1246.395801164631,1263.686054196341,1245.7001395879727,1260.1087646484375,769861,0.0,0.0,DRREDDY
2025-09-08,1261.0031898751722,1268.952776572573,1240.8310651100915,1242.7191162109375,969297,0.0,0.0,DRREDDY
2025-09-09,1249.5756671894335,1287.634362273165,1248.8801268692778,1283.1627197265625,1643726,0.0,0.0,DRREDDY
2025-09-10,1286.2431523153641,1301.7448221200923,1285.5474906984768,1295.9813232421875,1232984,0.0,0.0,DRREDDY
2025-09-11,1295.782536291586,1302.738424139777,1274.9148727470129,1294.88818359375,1349391,0.0,0.0,DRREDDY
2025-09-12,1294.888193585473,1312.6754169090243,1294.5901568845995,1308.4024658203125,1042942,0.0,0.0,DRREDDY
2025-09-15,1300.6517150860016,1303.5334643850974,1284.3550388817578,1292.602783203125,1331182,0.0,0.0,DRREDDY
2025-09-16,1291.807846948573,1304.2290762461555,1288.2305571710826,1302.142333984375,1034369,0.0,0.0,DRREDDY
2025-09-17,1308.7006725967979,1309.893062046848,1296.974984033364,1303.135986328125,716840,0.0,0.0,DRREDDY
2025-09-18,1303.83156794759,1317.4453079892978,1297.4718743099434,1314.36474609375,822010,0.0,0.0,DRREDDY
2025-09-19,1316.3520665276867,1318.438929962134,1303.732146858248,1313.3709716796875,1409571,0.0,0.0,DRREDDY
2025-09-22,1312.576091200591,1312.576091200591,1285.3487338840034,1293.198974609375,1399531,0.0,0.0,DRREDDY
2025-09-23,1291.8078170714264,1303.632851349447,1287.0380166110447,1300.1549072265625,1271238,0.0,0.0,DRREDDY
2025-09-24,1295.0869814297087,1300.055472693843,1286.243042719338,1289.919677734375,750456,0.0,0.0,DRREDDY
2025-09-25,1290.1185909748017,1299.0618759490676,1260.0094830410135,1267.1640625,1241492,0.0,0.0,DRREDDY
2025-09-26,1242.1229285380641,1270.4433313087318,1238.3468263148814,1245.203369140625,2284377,0.0,0.0,DRREDDY
2025-09-29,1257.0284000849133,1261.9968917848537,1223.2426565253188,1226.8199462890625,3899164,0.0,0.0,DRREDDY
2025-09-30,1227.3167099373334,1232.484013725844,1209.8276446324273,1215.988525390625,2635047,0.0,0.0,DRREDDY
2025-10-01,1220.1621428407325,1242.818390854653,1218.2740918476406,1236.856201171875,4083180,0.0,0.0,DRREDDY
2025-10-03,1236.0613788093888,1257.425892936575,1232.185931056337,1240.23486328125,2742600,0.0,0.0,DRREDDY
2025-10-06,1240.3341858676797,1243.4147476790827,1226.4224094845413,1240.731689453125,1880910,0.0,0.0,DRREDDY
2025-10-07,1242.421029674372,1248.1844070182594,1236.558185459902,1240.63232421875,1380941,0.0,0.0,DRREDDY
2025-10-08,1240.4336664471707,1243.1166034017126,1223.640140510308,1226.7205810546875,1496744,0.0,0.0,DRREDDY
2025-10-09,1237.1543926455697,1256.9290132219644,1232.4840591214693,1238.2474365234375,2699135,0.0,0.0,DRREDDY
2025-10-10,1241.725345848685,1259.7112604480849,1236.856200018744,1256.43212890625,1680920,0.0,0.0,DRREDDY
2025-10-13,1249.078707307906,1257.127638918175,1240.433581004479,1254.4447021484375,1188201,0.0,0.0,DRREDDY
2025-10-14,1254.444732241556,1254.444732241556,1224.5344382902356,1229.5029296875,1944911,0.0,0.0,DRREDDY
2025-10-15,1225.2299837724936,1234.4714263311043,1223.2425872051417,1224.6337890625,2150067,0.0,0.0,DRREDDY
2025-10-16,1228.1116917887784,1234.7694215452727,1222.5470058473875,1232.384521484375,1308931,0.0,0.0,DRREDDY
2025-10-17,1237.1543820558684,1254.0472531361495,1230.2978395336597,1247.9857177734375,1473018,0.0,0.0,DRREDDY
2025-10-20,1256.8297018178866,1279.5852966338582,1251.8612101460908,1273.9212646484375,1368192,0.0,0.0,DRREDDY
2025-10-21,1279.8834391869682,1285.8456291210691,1275.0142931472396,1280.5789794921875,226788,0.0,0.0,DRREDDY
2025-10-23,1295.3850971493682,1295.3850971493682,1263.5867511190625,1271.337646484375,1991213,0.0,0.0,DRREDDY
2025-10-24,1271.9338187932935,1279.8834051607516,1257.525193502276,1275.5111083984375,1167634,0.0,0.0,DRREDDY
2025-10-27,1274.9149307869052,1285.2494174634733,1256.630857636218,1276.206787109375,1927956,0.0,0.0,DRREDDY
2025-10-28,1275.8093173572386,1286.7399990490114,1267.2635359311566,1281.274658203125,1828290,0.0,0.0,DRREDDY
2025-10-29,1290.8140752756829,1293.2983209940733,1227.217384884887,1243.0172119140625,2574921,0.0,0.0,DRREDDY
2025-10-30,1188.4631426232547,1199.5925148364267,1173.4583228587082,1194.6240234375,8883497,0.0,0.0,DRREDDY
2025-10-31,1194.9222466829463,1197.9033416850657,1183.4947158414877,1190.0531005859375,4250157,0.0,0.0,DRREDDY
2025-11-03,1189.3574874717306,1193.2329349974825,1180.4142030127919,1188.463134765625,1547000,0.0,0.0,DRREDDY
2025-11-04,1190.4505916341147,1196.7109395930172,1185.7802580337723,1192.43798828125,1015516,0.0,0.0,DRREDDY
2025-11-06,1194.425316605959,1206.250350240223,1185.6807233383374,1197.6051025390625,1560897,0.0,0.0,DRREDDY
2025-11-07,1200.3875463979082,1204.2629940281138,1190.4505633979254,1197.803955078125,1076140,0.0,0.0,DRREDDY
2025-11-10,1191.8417797631532,1201.8781084548996,1187.4694829298098,1191.1461181640625,3483082,0.0,0.0,DRREDDY
2025-11-11,1196.015237763235,1207.1447313935414,1191.0467463124896,1203.865478515625,1048552,0.0,0.0,DRREDDY
2025-11-12,1212.411306309198,1227.2174356636526,1207.3434690942008,1221.8514404296875,1222295,0.0,0.0,DRREDDY
2025-11-13,1228.0123947129703,1234.57077916361,1219.5659592520246,1227.1180419921875,1426984,0.0,0.0,DRREDDY
2025-11-14,1227.4160812197442,1241.1291661637551,1224.0376040692745,1238.1480712890625,827643,0.0,0.0,DRREDDY
2025-11-17,1245.1040089267103,1245.1040089267103,1232.6827797873775,1236.5582275390625,1423044,0.0,0.0,DRREDDY
2025-11-18,1236.657576446064,1239.1418222806283,1224.9318875864944,1235.9620361328125,971685,0.0,0.0,DRREDDY
2025-11-19,1240.8309857926424,1244.8057788872627,1229.2047645113018,1242.321533203125,830105,0.0,0.0,DRREDDY
2025-11-20,1247.0913829170581,1247.0913829170581,1229.9003535803258,1240.731689453125,854999,0.0,0.0,DRREDDY
2025-11-21,1236.9556319834332,1242.8183546264186,1229.3040826662755,1236.061279296875,941902,0.0,0.0,DRREDDY
2025-11-24,1240.1354492719286,1254.4447287160472,1211.3181992487828,1218.4727783203125,7611988,0.0,0.0,DRREDDY
2025-11-25,1228.509237242158,1243.3152446354713,1222.5470475371264,1228.3104248046875,1983817,0.0,0.0,DRREDDY
2025-11-26,1228.3104638293241,1243.116592994103,1226.8199163557101,1240.135498046875,809816,0.0,0.0,DRREDDY
2025-11-27,1240.135511818825,1248.0850984330484,1233.1796235313798,1241.4273681640625,1060956,0.0,0.0,DRREDDY
2025-11-28,1242.1228383383,1252.357979046631,1237.1543469849469,1250.867431640625,809748,0.0,0.0,DRREDDY
2025-12-01,1255.9352816759035,1260.8044275132474,1240.5329583196703,1252.1591796875,1457856,0.0,0.0,DRREDDY
2025-12-02,1252.5567455624587,1270.244624365322,1252.5567455624587,1267.1640625,2361183,0.0,0.0,DRREDDY
2025-12-03,1275.5111439299417,1284.8519324321207,1261.2018638096959,1272.62939453125,4969448,0.0,0.0,DRREDDY
2025-12-04,1272.5300451572464,1276.107334851354,1258.5189230963706,1269.5489501953125,1971130,0.0,0.0,DRREDDY
2025-12-05,1269.5489627533507,1274.716266852455,1263.5867727705067,1267.1640625,1036082,0.0,0.0,DRREDDY
2025-12-08,1266.9653566091654,1270.940149884802,1255.7365170850662,1258.5189208984375,1435892,0.0,0.0,DRREDDY
2025-12-09,1258.5189262376737,1259.413278988699,1233.4777770153523,1238.3468017578125,2118272,0.0,0.0,DRREDDY
2025-12-10,1241.4272992722372,1254.1465643685117,1238.9430535931533,1242.9178466796875,1669910,0.0,0.0,DRREDDY
2025-12-11,1242.917829511233,1267.859631524502,1240.135425868669,1265.4747314453125,1717539,0.0,0.0,DRREDDY
2025-12-12,1266.9653300478453,1272.331325117672,1259.313901673079,1271.23828125,981548,0.0,0.0,DRREDDY
2025-12-15,1266.8659974602213,1274.7162383556836,1256.1340072105936,1272.530029296875,1078613,0.0,0.0,DRREDDY
2025-12-16,1277.7966783253432,1277.7966783253432,1263.9842475860069,1268.8533935546875,928506,0.0,0.0,DRREDDY
2025-12-17,1261.9968563055843,1272.9275377381523,1259.3139193834702,1263.9842529296875,894068,0.0,0.0,DRREDDY
2025-12-18,1268.9527429580687,1275.8092855631605,1254.047268295288,1271.933837890625,889699,0.0,0.0,DRREDDY
2025-12-19,1268.9527521403372,1284.7525796574266,1260.9038200244054,1270.1451416015625,1209487,0.0,0.0,DRREDDY
2025-12-22,1270.1450741695598,1278.1941271592318,1268.6545267716292,1275.3123779296875,614138,0.0,0.0,DRREDDY
2025-12-23,1280.479580134966,1280.479580134966,1269.7477114850044,1275.4117431640625,408490,0.0,0.0,DRREDDY
2025-12-24,1273.0268755590062,1277.0016687830143,1244.5077826971726,1257.8233642578125,1265233,0.0,0.0,DRREDDY
2025-12-26,1257.028318426452,1266.9653011808111,1253.15287089204,1261.30126953125,594744,0.0,0.0,DRREDDY
2025-12-29,1261.3012523842958,1267.8596366528022,1252.0598100279522,1260.6055908203125,811488,0.0,0.0,DRREDDY
2025-12-30,1260.009452010592,1264.8785979702145,1248.4825759211808,1257.8233642578125,1123996,0.0,0.0,DRREDDY
2025-12-31,1261.9968596226959,1265.8723073100964,1252.0598764760603,1263.3880615234375,658106,0.0,0.0,DRREDDY
2026-01-01,1261.9968322491566,1261.9968322491566,1240.135469800746,1245.50146484375,553856,0.0,0.0,DRREDDY
2026-01-02,1241.12921435833,1249.6749957374136,1228.2111360663698,1248.1844482421875,1591218,0.0,0.0,DRREDDY
2026-01-05,1248.08511484375,1254.3454629051923,1237.1544331054688,1242.1229248046875,1184386,0.0,0.0,DRREDDY
2026-01-06,1242.1229322530146,1250.867526216503,1237.6512896969036,1248.2838134765625,540944,0.0,0.0,DRREDDY
2026-01-07,1244.706432009682,1257.0283148502438,1232.1858580350217,1234.96826171875,1215477,0.0,0.0,DRREDDY
2026-01-08,1233.7758396813053,1233.7758396813053,1194.6241006665043,1199.2945556640625,2000942,0.0,0.0,DRREDDY
2026-01-09,1199.3938028105931,1208.734590738095,1196.0152044579575,1202.4742431640625,1390935,0.0,0.0,DRREDDY
2026-01-12,1202.3749911623304,1211.0201181981947,1192.3386621905277,1207.84033203125,707317,0.0,0.0,DRREDDY
2026-01-13,1207.939642861754,1208.237800875546,1178.0293479541722,1183.7928466796875,2071117,0.0,0.0,DRREDDY
2026-01-14,1183.594059357488,1187.4695071137207,1168.6885843727969,1179.0230712890625,2834908,0.0,0.0,DRREDDY
2026-01-15,1179.0230712890625,1179.0230712890625,1179.0230712890625,1179.0230712890625,0,0.0,0.0,DRREDDY
2026-01-16,1176.5388431784347,1189.4569216930627,1164.1176138374462,1168.0924072265625,2214792,0.0,0.0,DRREDDY
2026-01-19,1162.6270082460214,1170.0797454783678,1157.360358748072,1159.8446044921875,1253443,0.0,0.0,DRREDDY
2026-01-20,1161.0371382404292,1185.2834014437415,1154.0812500190482,1159.3477783203125,2790934,0.0,0.0,DRREDDY
2026-01-21,1162.6269791858083,1186.2770465990714,1141.163120753359,1149.9075927734375,2322066,0.0,0.0,DRREDDY
2026-01-22,1187.469425773229,1217.2803737005904,1180.2153799238147,1209.82763671875,6464461,0.0,0.0,DRREDDY
2026-01-23,1222.2489123975565,1242.917885615436,1217.2804208837454,1227.8135986328125,3888860,0.0,0.0,DRREDDY
2026-01-27,1243.1165548919591,1244.4084111832542,1225.7268348994658,1231.9871826171875,2159137,0.0,0.0,DRREDDY
2026-01-28,1234.0739133954048,1235.3656483737482,1211.3181986116438,1214.796142578125,1740662,0.0,0.0,DRREDDY
2026-01-29,1207.6415535264773,1210.3244903294444,1183.6933282287016,1201.2818603515625,1626394,0.0,0.0,DRREDDY
2026-01-30,1192.437913851288,1217.0816792579708,1192.437913851288,1210.423828125,1672460,0.0,0.0,DRREDDY
2026-02-02,1182.0041057433436,1187.469446291127,1159.745239979432,1175.0482177734375,1207638,0.0,0.0,DRREDDY
2026-02-03,1257.0283127233054,1257.9226654273518,1210.4238395565933,1227.6148681640625,1521425,0.0,0.0,DRREDDY
2026-02-04,1227.7141882284527,1240.4335743525369,1222.3481934166966,1232.384521484375,947684,0.0,0.0,DRREDDY
2026-02-05,1234.1733043439635,1245.700180510796,1229.204812780582,1237.0550537109375,953241,0.0,0.0,DRREDDY
2026-02-06,1237.0550524321773,1241.0298456787737,1217.2804317701475,1233.3782958984375,1324651,0.0,0.0,DRREDDY
2026-02-09,1252.0598348380538,1270.7414110528866,1235.6638131913649,1267.462158203125,2111316,0.0,0.0,DRREDDY
2026-02-10,1270.9401442412359,1275.411786656471,1245.1039880643225,1248.0850830078125,1412804,0.0,0.0,DRREDDY
2026-02-11,1255.9353503387092,1265.4748300980812,1245.3027053695737,1262.2950439453125,855888,0.0,0.0,DRREDDY
2026-02-12,1260.9037770916275,1269.5489036438123,1253.550385528277,1266.865966796875,981247,0.0,0.0,DRREDDY
2026-02-13,1265.9716087608385,1271.2382581654324,1255.6371223882934,1260.1087646484375,838946,0.0,0.0,DRREDDY
2026-02-16,1249.1780972667725,1267.1640120723773,1249.1780972667725,1261.400634765625,469592,0.0,0.0,DRREDDY
2026-02-17,1258.022036882943,1278.6910098640035,1250.27114168978,1276.70361328125,687326,0.0,0.0,DRREDDY
2026-02-18,1280.877059954322,1283.3613056097804,1268.5551772430372,1272.23193359375,689997,0.0,0.0,DRREDDY
2026-02-19,1281.870788631497,1287.5348203399096,1268.4558617737255,1274.2193603515625,1333838,0.0,0.0,DRREDDY
2026-02-20,1273.8218462444418,1284.2556781586584,1266.965303869173,1272.331298828125,1753200,0.0,0.0,DRREDDY
2026-02-23,1281.8707587826618,1305.222667954284,1274.0205182477348,1299.1611328125,1849756,0.0,0.0,DRREDDY
2026-02-24,1299.2605157729083,1306.7132529570742,1288.9260292839863,1292.0064697265625,1803242,0.0,0.0,DRREDDY
2026-02-25,1272.927538726141,1315.6565661775257,1258.9164167755507,1298.266845703125,2296240,0.0,0.0,DRREDDY
2026-02-26,1302.937152843121,1318.637634387908,1296.7762719489224,1310.9862060546875,1511598,0.0,0.0,DRREDDY
2026-02-27,1305.5209180163251,1308.8993953066386,1270.1451603314977,1278.1942138671875,3510396,0.0,0.0,DRREDDY
2026-03-02,1244.706406527083,1291.8077279446609,1213.5042571457466,1286.2430419921875,1052234,0.0,0.0,DRREDDY
2026-03-04,1266.369173294343,1291.0128190448136,1264.083618619822,1283.063232421875,1890939,0.0,0.0,DRREDDY
2026-03-05,1284.3549929220594,1313.7684369717072,1284.3549929220594,1305.22265625,1060509,0.0,0.0,DRREDDY
2026-03-06,1305.2226870728873,1308.1044363369144,1282.6657847013776,1295.5838623046875,963701,0.0,0.0,DRREDDY
2026-03-09,1277.399222989738,1286.740011696551,1265.5741884194679,1278.8897705078125,1597730,0.0,0.0,DRREDDY
2026-03-10,1279.8834446708822,1321.2212707975548,1279.8834446708822,1306.3157958984375,2329349,0.0,0.0,DRREDDY
2026-03-11,1302.837814967246,1327.580926861326,1302.837814967246,1317.1470947265625,2454389,0.0,0.0,DRREDDY
2026-03-12,1312.6755070313982,1328.8728384924848,1295.3851316566152,1310.6881103515625,1969692,0.0,0.0,DRREDDY
2026-03-13,1301.7447836031513,1311.5824211134945,1272.8281870978283,1284.1563720703125,1574522,0.0,0.0,DRREDDY
2026-03-16,1283.957559313592,1288.8267052822728,1256.0346611232017,1268.8533935546875,1294975,0.0,0.0,DRREDDY
2026-03-17,1271.8345132013353,1283.2620439637567,1257.0283838663331,1275.7099609375,1003677,0.0,0.0,DRREDDY
2026-03-18,1275.7099435501427,1291.1122674113053,1272.033187009098,1286.640625,849938,0.0,0.0,DRREDDY
2026-03-19,1270.641990273127,1278.2935400997578,1258.7176104611908,1266.468505859375,1035491,0.0,0.0,DRREDDY
2026-03-20,1280.8770844358335,1299.2605026375888,1280.0820772904688,1290.7147216796875,3359706,0.0,0.0,DRREDDY
2026-03-23,1284.8518727024766,1284.8518727024766,1236.3593482440167,1245.402099609375,2112613,0.0,0.0,DRREDDY
2026-03-24,1259.2144363299572,1271.7351319417623,1240.5329810840894,1251.662353515625,3166135,0.0,0.0,DRREDDY
2026-03-25,1260.9037635798802,1300.751040089405,1252.159170252133,1292.5032958984375,1577150,0.0,0.0,DRREDDY
2026-03-27,1288.8266791978351,1294.6895233557088,1270.1451028679126,1273.623046875,2165113,0.0,0.0,DRREDDY
2026-03-30,1257.028394357626,1268.157767194358,1243.2159632345108,1246.9920654296875,1991442,0.0,0.0,DRREDDY
2026-04-01,1271.9338002670893,1276.7036005385148,1198.499473007082,1201.9774169921875,2240507,0.0,0.0,DRREDDY
2026-04-02,1180.016769500012,1214.8955567003886,1160.1428028558014,1209.6290283203125,3560727,0.0,0.0,DRREDDY
2026-04-06,1212.4112878322055,1215.491728343312,1188.7613407556191,1210.1258544921875,1099471,0.0,0.0,DRREDDY
2026-04-07,1200.387533907145,1203.3686287761197,1171.5702835070563,1188.5625,2330512,0.0,0.0,DRREDDY
2026-04-08,1202.3749765495702,1212.2126142542797,1177.930021947701,1183.8922119140625,2063229,0.0,0.0,DRREDDY
2026-04-09,1181.5072251541997,1207.0452217863951,1181.5072251541997,1204.262939453125,2746602,0.0,0.0,DRREDDY
2026-04-10,1205.157287492337,1229.0060455194857,1201.1824944878124,1224.4349365234375,1931448,0.0,0.0,DRREDDY
2026-04-13,1210.324471358714,1231.2914802230255,1196.412695825855,1228.1116943359375,1463269,0.0,0.0,DRREDDY
2026-04-15,1212.3119422610853,1214.2993388877428,1187.8669880134105,1210.1258544921875,4693413,0.0,0.0,DRREDDY
2026-04-16,1214.2993197183728,1219.8640059249549,1206.4490789067895,1213.703125,2014236,0.0,0.0,DRREDDY
2026-04-17,1207.5421483343348,1234.1733117952704,1204.7598658226814,1227.9129638671875,2564061,0.0,0.0,DRREDDY
2026-04-20,1227.2174197488696,1235.1670062735586,1215.293039961836,1224.83251953125,1605279,0.0,0.0,DRREDDY
2026-04-21,1224.8324602647308,1227.1180148004123,1210.7219933866027,1212.9080810546875,1230733,0.0,0.0,DRREDDY
2026-04-22,1206.4490612656393,1218.2740950948798,1200.4868715669695,1209.330810546875,1573272,0.0,0.0,DRREDDY
2026-04-23,1222.248899257783,1348.4485823518794,1209.8276706067893,1322.6124267578125,16407707,0.0,0.0,DRREDDY
2026-04-24,1284.8519432869343,1340.3003587334326,1284.8519432869343,1308.800048828125,5638719,0.0,0.0,DRREDDY
2026-04-27,1312.0792107825514,1341.4926551084209,1300.7510263236466,1326.09033203125,1940454,0.0,0.0,DRREDDY
2026-04-28,1333.9406497133243,1359.2799568863386,1319.0351749056688,1346.063720703125,2336352,0.0,0.0,DRREDDY
2026-04-29,1358.3855720753659,1367.2295111793755,1313.172299559324,1321.4200439453125,4545837,0.0,0.0,DRREDDY
2026-04-30,1318.6376152431299,1331.8538508643323,1305.3220340543137,1314.5634765625,1227007,0.0,0.0,DRREDDY
2026-05-01,1314.5634765625,1314.5634765625,1314.5634765625,1314.5634765625,0,0.0,0.0,DRREDDY
2026-05-04,1311.6817310466201,1311.6817310466201,1272.5299945112288,1279.08837890625,2285506,0.0,0.0,DRREDDY
2026-05-05,1279.4858850877893,1284.2556853671992,1260.5062721403692,1263.189208984375,986348,0.0,0.0,DRREDDY
2026-05-06,1273.9212734941123,1320.2275919365711,1269.0521273617296,1302.738525390625,3340410,0.0,0.0,DRREDDY
2026-05-07,1300.850410720308,1307.4087951919507,1289.124843647022,1299.35986328125,2530096,0.0,0.0,DRREDDY
2026-05-08,1295.2856949521536,1301.943424840767,1281.8707683070795,1285.7462158203125,964903,0.0,0.0,DRREDDY
2026-05-11,1279.8834045894966,1291.7084385660248,1264.4810810094211,1271.83447265625,1506740,0.0,0.0,DRREDDY
2026-05-12,1270.8407651981736,1280.1815533686342,1256.5314855860913,1261.996826171875,1946195,0.0,0.0,DRREDDY
2026-05-13,1237.7506083192552,1295.5839235662759,1222.2489387225,1257.3265380859375,9276074,0.0,0.0,DRREDDY
2026-05-14,1257.326558192458,1299.459270769951,1247.091416769461,1295.3851318359375,2362951,0.0,0.0,DRREDDY
2026-05-15,1295.3850992886098,1336.4248882221732,1295.3850992886098,1328.2764892578125,3982549,0.0,0.0,DRREDDY
2026-05-18,1328.0778068516001,1333.4438020485873,1313.6691811880398,1322.8111572265625,1926791,0.0,0.0,DRREDDY
2026-05-19,1323.6061027113105,1336.5241802903247,1310.5886795649772,1326.785888671875,2488019,0.0,0.0,DRREDDY
2026-05-20,1315.2590628304295,1327.5809461718782,1311.284269578418,1313.56982421875,1277182,0.0,0.0,DRREDDY
2026-05-21,1316.6502008304299,1323.208585117751,1305.9182110504078,1310.191162109375,2183121,0.0,0.0,DRREDDY
2026-05-22,1310.688091103005,1321.2212690912318,1296.8756601207815,1298.96240234375,2002451,0.0,0.0,DRREDDY
2026-05-25,1311.6817032704923,1332.052517601587,1290.515881810932,1323.0098876953125,4659781,0.0,0.0,DRREDDY
2026-05-26,1324.5998194363256,1332.5494057495218,1313.2716346798088,1319.531982421875,1909354,0.0,0.0,DRREDDY
2026-05-27,1321.2212884944777,1338.3129727217038,1308.4025556493248,1310.6881103515625,959327,0.0,0.0,DRREDDY
2026-05-28,1310.6881103515625,1310.6881103515625,1310.6881103515625,1310.6881103515625,0,0.0,0.0,DRREDDY
2026-05-29,1310.4893994940667,1320.2275702981576,1289.323576651728,1295.2857666015625,5424483,0.0,0.0,DRREDDY
2026-06-01,1301.844118535941,1311.2842523856957,1276.703624327232,1282.268310546875,1379034,0.0,0.0,DRREDDY
2026-06-02,1272.1325608484412,1276.6042033591114,1256.1340419038124,1265.9716796875,2021793,0.0,0.0,DRREDDY
2026-06-03,1261.4999922697502,1267.16402406121,1248.9794179457965,1255.339111328125,1226407,0.0,0.0,DRREDDY
2026-06-04,1249.3768992797159,1266.865964793912,1240.532960304036,1259.5125732421875,944045,0.0,0.0,DRREDDY
2026-06-05,1264.977958868167,1281.2746355442775,1260.5063164369753,1270.1451416015625,774687,0.0,0.0,DRREDDY
2026-06-08,1261.996837234317,1285.5474383536193,1261.996837234317,1267.5615234375,862999,0.0,0.0,DRREDDY
2026-06-09,1268.9527835688068,1279.4859617407228,1253.451113683622,1260.50634765625,871896,0.0,0.0,DRREDDY
2026-06-10,1260.605594794776,1275.610414336969,1258.7175438309505,1263.68603515625,1172155,0.0,0.0,DRREDDY
2026-06-11,1263.0898386230663,1277.5978090116596,1258.4195053044905,1267.958984375,1057772,0.0,0.0,DRREDDY
2026-06-12,1282.8644616612225,1282.8644616612225,1258.02200500628,1267.36279296875,1645027,0.0,0.0,DRREDDY
2026-06-15,1288.0317252895338,1288.0317252895338,1267.2635272581533,1271.43701171875,1178640,0.0,0.0,DRREDDY
2026-06-16,1270.9401357409613,1277.8960238959157,1261.1024982330273,1268.8533935546875,430918,0.0,0.0,DRREDDY
2026-06-17,1267.9590620998326,1269.350264014387,1252.9542416596478,1261.003173828125,683616,0.0,0.0,DRREDDY
2026-06-18,1261.0031206661429,1271.8344562070963,1253.7490746824699,1259.5125732421875,774093,0.0,0.0,DRREDDY
2026-06-19,1259.0157809539794,1266.965367574052,1253.053590988925,1264.0836181640625,1312877,0.0,0.0,DRREDDY
2026-06-22,1270.0458313546333,1297.7700394593458,1263.1892885092211,1282.56640625,1618251,0.0,0.0,DRREDDY
2026-06-23,1289.0253494205256,1321.1218521141625,1286.7399161764426,1293.099609375,2878800,0.0,0.0,DRREDDY
2026-06-24,1301.7447361313875,1334.5367791026363,1297.968634177911,1320.02880859375,3346371,0.0,0.0,DRREDDY
2026-06-25,1323.506738552227,1354.4107302199996,1323.506738552227,1341.989501953125,1699744,0.0,0.0,DRREDDY
2026-06-26,1341.989501953125,1341.989501953125,1341.989501953125,1341.989501953125,0,0.0,0.0,DRREDDY
2026-06-29,1379.6508034534047,1405.9838095385528,1347.2562617371718,1367.03076171875,8857211,0.0,0.0,DRREDDY
2026-06-30,1366.335197924184,1366.335197924184,1338.6109903751822,1348.5479736328125,2446438,0.0,0.0,DRREDDY
2026-07-01,1342.486448136608,1354.1126701144779,1321.618783139666,1331.4564208984375,1423120,0.0,0.0,DRREDDY
2026-07-02,1331.456349320485,1352.2246676278346,1320.6250138108092,1337.2197265625,808598,0.0,0.0,DRREDDY
2026-07-03,1347.4548811113666,1381.6381265443156,1341.7908493793316,1365.4407958984375,1296170,0.0,0.0,DRREDDY
2026-07-06,1367.229493500216,1371.9991724837723,1348.846075242392,1359.2799072265625,810266,0.0,0.0,DRREDDY
2026-07-07,1353.4171125351145,1371.5023734479773,1342.9832801697557,1346.063720703125,1043736,0.0,0.0,DRREDDY
2026-07-08,1348.4486099367587,1374.2847660593495,1330.164536728251,1340.4990234375,1561612,0.0,0.0,DRREDDY
2026-07-09,1331.5557306025994,1340.499015360378,1253.1529099658608,1261.5,8410883,0.0,0.0,DRREDDY
2026-07-10,1244.9000244140625,1251.800048828125,1222.0,1244.300048828125,8106606,8.0,0.0,DRREDDY
2026-07-13,1244.300048828125,1249.0999755859375,1226.300048828125,1234.5,2437935,0.0,0.0,DRREDDY
2026-07-14,1234.5,1248.0,1231.199951171875,1246.199951171875,1984818,0.0,0.0,DRREDDY
2026-07-15,1249.0999755859375,1249.0999755859375,1226.4000244140625,1229.5,1685660,0.0,0.0,DRREDDY
2026-07-16,1227.5,1235.0,1221.800048828125,1224.4000244140625,1935887,0.0,0.0,DRREDDY
2026-07-17,1227.5,1229.9000244140625,1201.199951171875,1211.199951171875,2075149,0.0,0.0,DRREDDY
2026-07-20,1213.300048828125,1231.300048828125,1209.5999755859375,1223.0999755859375,2212191,0.0,0.0,DRREDDY
2026-07-21,1224.699951171875,1230.0,1203.0,1206.0,2182513,0.0,0.0,DRREDDY
2026-07-22,1191.0,1202.300048828125,1169.0,1182.800048828125,2528082,0.0,0.0,DRREDDY
2026-07-23,1101.0,1171.5999755859375,1101.0,1166.300048828125,6693935,0.0,0.0,DRREDDY
2026-07-24,1147.0,1166.300048828125,1131.4000244140625,1151.699951171875,4750512,0.0,0.0,DRREDDY
2026-07-27,1154.699951171875,1159.300048828125,1147.199951171875,1150.800048828125,1053461,0.0,0.0,DRREDDY
2026-07-28,1145.0,1149.0,1130.199951171875,1135.5999755859375,2157306,0.0,0.0,DRREDDY
2026-07-29,1144.0,1147.800048828125,1131.0999755859375,1142.300048828125,1280586,0.0,0.0,DRREDDY
2026-07-30,1143.0,1151.0,1139.0,1144.800048828125,1350714,0.0,0.0,DRREDDY
2026-07-31,1152.0,1154.300048828125,1141.699951171875,1148.0999755859375,1085841,0.0,0.0,DRREDDY
2026-08-03,1166.199951171875,1182.0,1160.300048828125,1180.0,2150927,0.0,0.0,DRREDDY
2026-08-04,1174.0,1174.0,1154.4000244140625,1172.5999755859375,2165315,0.0,0.0,DRREDDY
2026-08-05,1171.800048828125,1178.4000244140625,1157.699951171875,1176.0,1883679,0.0,0.0,DRREDDY
2026-08-06,1174.0,1174.4000244140625,1163.0,1171.0,1329196,0.0,0.0,DRREDDY
2026-08-07,1166.0,1172.0,1162.0999755859375,1172.0,1072438,0.0,0.0,DRREDDY
2026-08-10,1172.0,1178.800048828125,1156.0,1158.800048828125,1770609,0.0,0.0,DRREDDY
2026-08-11,1159.0999755859375,1206.5999755859375,1155.0999755859375,1205.0,3936813,0.0,0.0,DRREDDY
2026-08-12,1206.800048828125,1206.800048828125,1190.0,1200.0,2366909,0.0,0.0,DRREDDY
2026-08-13,1194.0,1208.0999755859375,1182.0999755859375,1206.0,1799813,0.0,0.0,DRREDDY
2026-08-14,1205.9000244140625,1205.9000244140625,1192.4000244140625,1200.0,2136998,0.0,0.0,DRREDDY
2026-08-17,1204.4000244140625,1204.4000244140625,1178.199951171875,1192.0,2183094,0.0,0.0,DRREDDY
2026-08-18,1185.0,1189.300048828125,1176.0999755859375,1178.800048828125,805633,0.0,0.0,DRREDDY
2026-08-19,1171.9000244140625,1187.199951171875,1168.0,1170.0,1150424,0.0,0.0,DRREDDY
2026-08-20,1171.199951171875,1183.800048828125,1171.199951171875,1180.0,1031107,0.0,0.0,DRREDDY
2026-08-21,1179.0,1185.0999755859375,1174.0,1174.699951171875,1246756,0.0,0.0,DRREDDY
2026-08-24,1179.4000244140625,1195.9000244140625,1168.5999755859375,1190.0,2248634,0.0,0.0,DRREDDY
2026-08-25,1189.0,1193.5,1175.0,1193.5,1569853,0.0,0.0,DRREDDY
2026-08-26,1189.9000244140625,1197.199951171875,1180.0999755859375,1182.0,1993156,0.0,0.0,DRREDDY
2026-08-27,1182.0,1191.9000244140625,1169.4000244140625,1177.0,1044405,0.0,0.0,DRREDDY
2026-08-28,1175.0,1186.5999755859375,1172.5,1178.0,682712,0.0,0.0,DRREDDY
2026-08-31,1178.0,1178.0999755859375,1154.4000244140625,1154.4000244140625,2001757,0.0,0.0,DRREDDY
2026-09-01,1166.5,1179.9000244140625,1166.5,1171.0,556259,0.0,0.0,DRREDDY
2026-09-02,1165.0,1170.9000244140625,1156.5,1156.5,486542,0.0,0.0,DRREDDY
2026-09-03,1162.0,1164.300048828125,1155.0,1155.0,338274,0.0,0.0,DRREDDY
2026-09-04,1157.0,1166.800048828125,1151.0,1151.0,568461,0.0,0.0,DRREDDY
2026-09-07,1150.5,1163.199951171875,1141.800048828125,1144.199951171875,420952,0.0,0.0,DRREDDY
2026-09-08,1146.5,1154.5,1144.0,1151.0,587270,0.0,0.0,DRREDDY
2026-09-09,1146.0,1151.0,1136.4000244140625,1145.0,528499,0.0,0.0,DRREDDY
2026-09-10,1140.0,1147.199951171875,1134.9000244140625,1143.0,1684792,0.0,0.0,DRREDDY
2026-09-11,1130.0,1182.0,1130.0,1165.5,2403285,0.0,0.0,DRREDDY
2026-09-14,1165.5,1165.5,1165.5,1165.5,0,0.0,0.0,DRREDDY
2026-09-15,1163.699951171875,1168.5,1141.0,1145.0,1810974,0.0,0.0,DRREDDY
2026-09-16,1142.0,1149.9000244140625,1133.9000244140625,1140.0,1120896,0.0,0.0,DRREDDY
2026-09-17,1140.0,1189.800048828125,1140.0,1175.0,2311932,0.0,0.0,DRREDDY
2026-09-18,1182.5999755859375,1207.5,1182.0999755859375,1185.0,3002566,0.0,0.0,DRREDDY
2026-09-21,1185.0,1211.9000244140625,1185.0,1198.300048828125,1718834,0.0,0.0,DRREDDY
2026-09-22,1207.0,1222.0,1201.199951171875,1211.0,3355097,0.0,0.0,DRREDDY
2026-09-23,1210.0,1220.5,1205.9000244140625,1211.199951171875,987420,0.0,0.0,DRREDDY
2026-09-24,1210.9000244140625,1213.9000244140625,1197.0,1200.4000244140625,1667696,0.0,0.0,DRREDDY
2026-09-25,1204.5,1207.800048828125,1193.4000244140625,1201.0,1001238,0.0,0.0,DRREDDY
2026-09-28,1211.5999755859375,1229.800048828125,1204.0,1221.0,3401676,0.0,0.0,DRREDDY
2026-09-29,1243.199951171875,1252.800048828125,1229.0,1251.9000244140625,5347128,0.0,0.0,DRREDDY
2026-09-30,1242.199951171875,1244.5999755859375,1214.199951171875,1233.0,4026022,0.0,0.0,DRREDDY
2026-10-01,1233.0,1233.9000244140625,1194.9000244140625,1206.199951171875,2607686,0.0,0.0,DRREDDY
