Date,Open,High,Low,Close,Volume,Dividends,Stock Splits,Symbol
2021-10-04,2620.3318833139538,2630.775235022814,2570.963311599343,2606.9453125,874865,0.0,0.0,EICHERMOT
2021-10-05,2591.84985896083,2647.8641965720713,2590.9479795429384,2620.4267578125,452282,0.0,0.0,EICHERMOT
2021-10-06,2629.8257623450954,2642.6426027030952,2576.279944230532,2590.85302734375,589264,0.0,0.0,EICHERMOT
2021-10-07,2615.584676974413,2714.2267795186785,2607.1351494982314,2678.197265625,897524,0.0,0.0,EICHERMOT
2021-10-08,2696.283339151053,2727.565875901253,2672.073752831211,2675.34912109375,572893,0.0,0.0,EICHERMOT
2021-10-11,2686.7893677881457,2751.9652786421675,2685.1279255995837,2707.438720703125,622401,0.0,0.0,EICHERMOT
2021-10-12,2715.270977121299,2784.9565101833696,2707.7233296784584,2762.361083984375,786357,0.0,0.0,EICHERMOT
2021-10-13,2763.6901366263282,2809.973164506965,2710.761340639754,2758.705810546875,687451,0.0,0.0,EICHERMOT
2021-10-14,2757.994167219217,2775.6055016321607,2701.030432268046,2708.8154296875,497012,0.0,0.0,EICHERMOT
2021-10-18,2735.208593100124,2735.208593100124,2670.5073787615056,2683.32421875,360160,0.0,0.0,EICHERMOT
2021-10-19,2698.846592214524,2698.846592214524,2551.263105323064,2566.880615234375,999095,0.0,0.0,EICHERMOT
2021-10-20,2568.114878792999,2573.811251906773,2483.9035426182472,2517.037353515625,1159620,0.0,0.0,EICHERMOT
2021-10-21,2541.531910567727,2561.4692172998607,2465.01053582427,2528.57275390625,816204,0.0,0.0,EICHERMOT
2021-10-22,2555.7724363272423,2555.7724363272423,2469.187621542893,2480.343017578125,519029,0.0,0.0,EICHERMOT
2021-10-25,2470.8018817531197,2491.356202387398,2403.869496483727,2432.114013671875,457696,0.0,0.0,EICHERMOT
2021-10-26,2449.345051806678,2480.770131646016,2441.7974048815986,2459.17138671875,677512,0.0,0.0,EICHERMOT
2021-10-27,2460.832773255815,2479.345982776837,2441.987182644384,2453.142578125,430370,0.0,0.0,EICHERMOT
2021-10-28,2453.1427327967776,2458.8866214444447,2391.2897139038932,2399.596923828125,1332301,0.0,0.0,EICHERMOT
2021-10-29,2401.9707379073607,2401.9707379073607,2346.4786144500654,2359.05810546875,1628906,0.0,0.0,EICHERMOT
2021-11-01,2363.994709968567,2437.1456769695737,2352.696996639343,2430.452392578125,1071806,0.0,0.0,EICHERMOT
2021-11-02,2429.503069126526,2442.794606042419,2398.173017824777,2413.79052734375,657518,0.0,0.0,EICHERMOT
2021-11-03,2411.7494550603164,2430.4525002086257,2378.425580018832,2394.233154296875,930846,0.0,0.0,EICHERMOT
2021-11-04,2449.4403679940974,2559.8075938775523,2421.9078987414505,2526.9111328125,1389327,0.0,0.0,EICHERMOT
2021-11-08,2586.865423406704,2636.47133894868,2545.28185359039,2574.048583984375,3081804,0.0,0.0,EICHERMOT
2021-11-09,2564.5072550001064,2604.7142499107567,2564.0325572173883,2586.390869140625,726392,0.0,0.0,EICHERMOT
2021-11-10,2582.3558665923365,2625.60087975957,2572.8619112004526,2607.752197265625,861635,0.0,0.0,EICHERMOT
2021-11-11,2591.8497044962824,2604.0968136822453,2550.5034842816394,2567.497802734375,533140,0.0,0.0,EICHERMOT
2021-11-12,2587.1026483564488,2602.6253569609885,2561.0417891366274,2585.203857421875,879209,0.0,0.0,EICHERMOT
2021-11-15,2577.6088903436785,2629.825645028357,2543.763032067018,2548.510009765625,686532,0.0,0.0,EICHERMOT
2021-11-16,2548.5574872424713,2600.5368969811984,2515.9458870533585,2573.14697265625,1233796,0.0,0.0,EICHERMOT
2021-11-17,2591.8020878739508,2610.4103315914576,2528.1925920980257,2538.873291015625,848875,0.0,0.0,EICHERMOT
2021-11-18,2539.633139165593,2562.086251588104,2444.693582561272,2471.5615234375,823299,0.0,0.0,EICHERMOT
2021-11-22,2468.428475244311,2471.2766619465156,2389.533610878822,2419.107421875,1013413,0.0,0.0,EICHERMOT
2021-11-23,2407.667191010455,2478.8243433781045,2378.90045857769,2467.6689453125,611137,0.0,0.0,EICHERMOT
2021-11-24,2467.668717047581,2485.469882526898,2397.223617881301,2408.56884765625,455215,0.0,0.0,EICHERMOT
2021-11-25,2416.2114219729283,2416.2114219729283,2370.6879564701667,2392.856201171875,525539,0.0,0.0,EICHERMOT
2021-11-26,2368.741801041482,2379.2801839328654,2298.961230950681,2310.733642578125,554629,0.0,0.0,EICHERMOT
2021-11-29,2310.7336037512323,2323.740507468211,2245.6052118324346,2291.27099609375,342547,0.0,0.0,EICHERMOT
2021-11-30,2293.5495608825086,2323.1706523898633,2240.5732487290875,2250.494384765625,1101715,0.0,0.0,EICHERMOT
2021-12-01,2288.0431933549057,2356.826852125737,2264.3558215900316,2314.9111328125,1691658,0.0,0.0,EICHERMOT
2021-12-02,2316.525157622594,2338.8834693330828,2303.993182635283,2327.49072265625,363180,0.0,0.0,EICHERMOT
2021-12-03,2326.019138325936,2370.7830465797165,2321.3196766281567,2331.288330078125,659154,0.0,0.0,EICHERMOT
2021-12-06,2335.5132666615655,2346.7636976727067,2301.3825398738627,2320.41796875,537938,0.0,0.0,EICHERMOT
2021-12-07,2330.860961974721,2362.808027522958,2317.664225582144,2346.7158203125,262328,0.0,0.0,EICHERMOT
2021-12-08,2340.26002089307,2389.5810731506303,2340.26002089307,2378.758056640625,404128,0.0,0.0,EICHERMOT
2021-12-09,2378.7580798075287,2421.053698151009,2349.7539992375137,2414.265380859375,831115,0.0,0.0,EICHERMOT
2021-12-10,2404.059053361595,2422.8571291692447,2389.1535915181835,2399.7392578125,325670,0.0,0.0,EICHERMOT
2021-12-13,2425.6107348007736,2428.174288359193,2355.4504924126895,2370.35595703125,403776,0.0,0.0,EICHERMOT
2021-12-14,2351.6528372165153,2366.22615199442,2326.9685522881223,2361.573974609375,395362,0.0,0.0,EICHERMOT
2021-12-15,2354.5010135358093,2381.2264061161695,2349.7540356859386,2367.175537109375,314822,0.0,0.0,EICHERMOT
2021-12-16,2375.387082770606,2382.5550637700526,2308.1698479800957,2346.09814453125,680394,0.0,0.0,EICHERMOT
2021-12-17,2341.2094897331867,2364.9443791262643,2292.8378315073,2334.563720703125,670901,0.0,0.0,EICHERMOT
2021-12-20,2297.5374530058834,2314.9589557461936,2240.9533800438826,2284.673095703125,475319,0.0,0.0,EICHERMOT
2021-12-21,2294.688826437845,2314.4838144899486,2269.19746562669,2294.3564453125,333858,0.0,0.0,EICHERMOT
2021-12-22,2302.2844256576927,2368.742120418946,2302.2844256576927,2361.004638671875,625661,0.0,0.0,EICHERMOT
2021-12-23,2373.4885970258797,2377.2386626519815,2345.2440827212718,2354.738037109375,326496,0.0,0.0,EICHERMOT
2021-12-24,2359.4377045406363,2377.998433349977,2309.1672580159625,2314.53125,265892,0.0,0.0,EICHERMOT
2021-12-27,2322.2213607110116,2324.35750055631,2269.672227802269,2315.528076171875,345113,0.0,0.0,EICHERMOT
2021-12-28,2332.3322292555613,2391.8595091371776,2327.9176331469043,2354.88037109375,632949,0.0,0.0,EICHERMOT
2021-12-29,2345.956283558914,2441.560364176371,2345.0068880576764,2432.588623046875,693263,0.0,0.0,EICHERMOT
2021-12-30,2432.588574328551,2460.643257185473,2411.6543575883097,2427.604248046875,797282,0.0,0.0,EICHERMOT
2021-12-31,2428.553382297727,2472.4154025011853,2419.5816423129713,2460.73779296875,406763,0.0,0.0,EICHERMOT
2022-01-03,2487.5110272024017,2595.2674071361407,2487.5110272024017,2581.21630859375,2457647,0.0,0.0,EICHERMOT
2022-01-04,2577.6089458359806,2587.00786916716,2549.601776811244,2568.114990234375,736616,0.0,0.0,EICHERMOT
2022-01-05,2554.8233384406103,2648.813494704312,2554.8233384406103,2637.990478515625,1040082,0.0,0.0,EICHERMOT
2022-01-06,2608.9387514357772,2685.3175706364395,2582.355678277043,2674.58935546875,1056323,0.0,0.0,EICHERMOT
2022-01-07,2682.0421420928915,2690.2070356646354,2643.828975289621,2681.472412109375,572036,0.0,0.0,EICHERMOT
2022-01-10,2677.3429895051736,2706.726735665984,2657.1208177640033,2673.023193359375,493242,0.0,0.0,EICHERMOT
2022-01-11,2671.5988878926837,2685.839820130918,2640.6485024471863,2652.943359375,334700,0.0,0.0,EICHERMOT
2022-01-12,2660.206083687376,2685.7447288927438,2648.8608542772445,2673.402587890625,440995,0.0,0.0,EICHERMOT
2022-01-13,2667.9438667549866,2694.384626078377,2653.0859188076197,2689.352783203125,266122,0.0,0.0,EICHERMOT
2022-01-14,2694.3842366732874,2701.0300046989087,2657.1204659581967,2677.01025390625,324014,0.0,0.0,EICHERMOT
2022-01-17,2662.105036860573,2734.2590963475213,2662.105036860573,2700.36572265625,680219,0.0,0.0,EICHERMOT
2022-01-18,2714.606355245389,2714.606355245389,2587.102504711055,2597.783203125,1221493,0.0,0.0,EICHERMOT
2022-01-19,2597.7832742296355,2607.799442484732,2549.5539394920374,2581.121337890625,769880,0.0,0.0,EICHERMOT
2022-01-20,2587.1027925961216,2616.5340537229035,2574.855683099706,2595.45751953125,521734,0.0,0.0,EICHERMOT
2022-01-21,2585.678661564427,2614.635224508328,2533.1770437056593,2573.90625,459191,0.0,0.0,EICHERMOT
2022-01-24,2558.8104652554744,2591.042393100284,2488.840069825104,2521.973876953125,465912,0.0,0.0,EICHERMOT
2022-01-25,2489.4098140458295,2571.8646668882106,2462.3993290205767,2555.7724609375,687092,0.0,0.0,EICHERMOT
2022-01-27,2553.874083151033,2553.874083151033,2440.183963650165,2510.0595703125,985827,0.0,0.0,EICHERMOT
2022-01-28,2520.8347227768127,2607.9892704169665,2467.3837132144895,2478.823974609375,871638,0.0,0.0,EICHERMOT
2022-01-31,2511.0560024217225,2545.3292718287835,2499.6632567067113,2511.625732421875,416447,0.0,0.0,EICHERMOT
2022-02-01,2524.1578192455313,2548.652269985534,2465.247780952175,2489.5048828125,671852,0.0,0.0,EICHERMOT
2022-02-02,2489.504878447759,2584.7768112979966,2489.504878447759,2534.648681640625,1042951,0.0,0.0,EICHERMOT
2022-02-03,2539.7282907201925,2572.7197881897077,2506.4044120725403,2535.693359375,664625,0.0,0.0,EICHERMOT
2022-02-04,2540.7244586862344,2542.3859006700363,2483.618416928816,2498.239013671875,380540,0.0,0.0,EICHERMOT
2022-02-07,2498.334141207099,2512.1954075721255,2432.0662920544382,2469.7099609375,448637,0.0,0.0,EICHERMOT
2022-02-08,2482.66916296768,2511.1510271699863,2451.0542473459195,2458.127197265625,386391,0.0,0.0,EICHERMOT
2022-02-09,2467.431217558859,2503.460727932499,2456.418369592834,2492.780029296875,677550,0.0,0.0,EICHERMOT
2022-02-10,2492.923063786722,2529.189930090725,2483.191758687837,2506.73681640625,558179,0.0,0.0,EICHERMOT
2022-02-11,2492.1634840634606,2492.543149594236,2451.671853884426,2466.672119140625,731373,0.0,0.0,EICHERMOT
2022-02-14,2435.199270712043,2466.244454823571,2373.8209490593704,2440.705810546875,675126,0.0,0.0,EICHERMOT
2022-02-15,2411.4645497774413,2599.444857201037,2362.523165805662,2586.1533203125,2216629,0.0,0.0,EICHERMOT
2022-02-16,2570.963064489227,2599.824595541613,2544.4750222334524,2569.491455078125,804882,0.0,0.0,EICHERMOT
2022-02-17,2591.8021538584653,2622.9423720748855,2563.4628377472136,2584.966552734375,572432,0.0,0.0,EICHERMOT
2022-02-18,2566.40582752559,2601.0587627123027,2551.975062517366,2562.65576171875,311304,0.0,0.0,EICHERMOT
2022-02-21,2551.9751065209334,2581.2640504392707,2533.4618942526454,2562.41845703125,273281,0.0,0.0,EICHERMOT
2022-02-22,2496.910359409397,2591.8499168013896,2487.4639198061,2587.57763671875,575201,0.0,0.0,EICHERMOT
2022-02-23,2595.5524254614006,2609.4136933341438,2561.374185344963,2569.681396484375,479284,0.0,0.0,EICHERMOT
2022-02-24,2497.195139663582,2555.060751572364,2456.608480256348,2484.71044921875,775965,0.0,0.0,EICHERMOT
2022-02-25,2501.84680445712,2539.6327891349056,2480.295574435492,2495.390869140625,515028,0.0,0.0,EICHERMOT
2022-02-28,2468.428417108471,2482.6218341496406,2414.0755221548325,2458.74462890625,815191,0.0,0.0,EICHERMOT
2022-03-02,2444.503588805313,2448.49100356287,2369.928525647078,2381.178955078125,630235,0.0,0.0,EICHERMOT
2022-03-03,2410.5153286267573,2410.5153286267573,2279.8311224103,2287.568603515625,558686,0.0,0.0,EICHERMOT
2022-03-04,2278.54906420327,2279.403427387948,2183.6095198614676,2220.873291015625,862528,0.0,0.0,EICHERMOT
2022-03-07,2117.1520289608607,2180.9988782647256,2080.1731194759004,2145.301513671875,1513430,0.0,0.0,EICHERMOT
2022-03-08,2137.0890517803637,2149.8583735912894,2050.26688854835,2141.883544921875,1533255,0.0,0.0,EICHERMOT
2022-03-09,2159.874838871237,2191.5372726301966,2106.7086889913294,2177.011474609375,1577642,0.0,0.0,EICHERMOT
2022-03-10,2254.8142373950077,2272.33053742936,2175.7770646526355,2186.457763671875,1021481,0.0,0.0,EICHERMOT
2022-03-11,2174.115834188789,2197.8507232083175,2141.0293061811567,2174.827880859375,621070,0.0,0.0,EICHERMOT
2022-03-14,2174.115567878226,2203.3094777962415,2122.658381144159,2196.473876953125,681806,0.0,0.0,EICHERMOT
2022-03-15,2202.597577879297,2235.77890451644,2164.716789836209,2188.593994140625,611025,0.0,0.0,EICHERMOT
2022-03-16,2220.3512423313587,2253.7226337215216,2204.8760490952814,2238.57958984375,758341,0.0,0.0,EICHERMOT
2022-03-17,2258.5169375609544,2338.3611944882996,2255.099252718575,2313.62939453125,1229513,0.0,0.0,EICHERMOT
2022-03-21,2325.0220284609313,2325.0220284609313,2251.966092189963,2258.37451171875,480116,0.0,0.0,EICHERMOT
2022-03-22,2258.374508134158,2283.1063068557924,2211.1420827932543,2259.94091796875,661123,0.0,0.0,EICHERMOT
2022-03-23,2271.903326190258,2291.5557657721047,2243.4214625104805,2272.94775390625,439287,0.0,0.0,EICHERMOT
2022-03-24,2264.308422056017,2267.3464415061826,2231.0795772878996,2249.735107421875,568611,0.0,0.0,EICHERMOT
2022-03-25,2264.308271392301,2268.9129322896206,2207.3920574266654,2218.594970703125,446420,0.0,0.0,EICHERMOT
2022-03-28,2231.0794144317883,2265.8746666275656,2198.040404831086,2259.561279296875,690955,0.0,0.0,EICHERMOT
2022-03-29,2258.137242955994,2366.795513797157,2240.620941979778,2354.9755859375,1317033,0.0,0.0,EICHERMOT
2022-03-30,2362.1910918386993,2390.7677579894043,2320.7498382171216,2360.719482421875,1198770,0.0,0.0,EICHERMOT
2022-03-31,2358.155928139078,2368.741594454004,2313.059645278731,2332.806884765625,840572,0.0,0.0,EICHERMOT
2022-04-01,2332.8071279228166,2368.5044924749054,2299.435967842157,2355.64013671875,745769,0.0,0.0,EICHERMOT
2022-04-04,2368.7418187175426,2390.6729479098544,2331.2882118689713,2381.98583984375,660191,0.0,0.0,EICHERMOT
2022-04-05,2397.223689238528,2468.428353275316,2382.982756431171,2414.739990234375,1240010,0.0,0.0,EICHERMOT
2022-04-06,2402.9198747567348,2426.1325470632264,2394.422831868943,2402.635009765625,469837,0.0,0.0,EICHERMOT
2022-04-07,2395.32495797461,2447.4466806358673,2384.881606988593,2409.945556640625,451071,0.0,0.0,EICHERMOT
2022-04-08,2419.059662630747,2443.6016282960923,2388.2993420526695,2425.895263671875,800707,0.0,0.0,EICHERMOT
2022-04-11,2420.8632206217108,2435.1991837747,2411.4642989425884,2416.781005859375,332108,0.0,0.0,EICHERMOT
2022-04-12,2405.7681252724656,2409.186041684965,2369.738613478881,2394.185546875,359805,0.0,0.0,EICHERMOT
2022-04-13,2401.97082816143,2425.705717767768,2354.0738672930456,2365.37158203125,383935,0.0,0.0,EICHERMOT
2022-04-18,2354.5008680555557,2403.015071398041,2331.857692396342,2383.93212890625,322926,0.0,0.0,EICHERMOT
2022-04-19,2388.6789747576,2444.5982745762767,2298.581438416159,2330.62353515625,636517,0.0,0.0,EICHERMOT
2022-04-20,2354.5008037450293,2448.016259055064,2340.639536944063,2408.426513671875,1193877,0.0,0.0,EICHERMOT
2022-04-21,2420.958383852595,2539.1106005818488,2413.078355304817,2517.322021484375,1090334,0.0,0.0,EICHERMOT
2022-04-22,2497.812258729232,2503.5561483543725,2451.3393913731475,2498.33447265625,829575,0.0,0.0,EICHERMOT
2022-04-25,2477.9222791139696,2515.8980994835324,2449.4404138367977,2462.874267578125,630796,0.0,0.0,EICHERMOT
2022-04-26,2480.7705382271797,2530.661320054662,2480.7705382271797,2515.233642578125,616251,0.0,0.0,EICHERMOT
2022-04-27,2492.162977304837,2537.686441333074,2473.175068906324,2521.072021484375,499338,0.0,0.0,EICHERMOT
2022-04-28,2548.129857169013,2567.165282190383,2531.088255295696,2544.332275390625,739026,0.0,0.0,EICHERMOT
2022-04-29,2548.1774051658476,2570.630514996966,2487.416095951759,2497.242431640625,479794,0.0,0.0,EICHERMOT
2022-05-02,2492.0679221664655,2493.8243963915966,2393.9480454896734,2423.331787109375,497152,0.0,0.0,EICHERMOT
2022-05-04,2395.325053014953,2432.3514807072174,2331.3358835124773,2357.5390625,515077,0.0,0.0,EICHERMOT
2022-05-05,2367.839792496301,2401.2109501885843,2297.489496221865,2310.4013671875,477759,0.0,0.0,EICHERMOT
2022-05-06,2288.043217681426,2295.828214637496,2232.3612627954117,2242.8994140625,407390,0.0,0.0,EICHERMOT
2022-05-09,2226.2852273332473,2250.4948158017037,2193.1038965542775,2225.668212890625,403218,0.0,0.0,EICHERMOT
2022-05-10,2225.6678291544713,2318.138854490002,2216.7908888654624,2293.312255859375,841473,0.0,0.0,EICHERMOT
2022-05-11,2274.988847285059,2310.4488600604273,2233.927494068542,2268.248046875,459255,0.0,0.0,EICHERMOT
2022-05-12,2249.117883586898,2279.4985388316345,2214.132567567229,2263.975830078125,419477,0.0,0.0,EICHERMOT
2022-05-13,2278.5492045771366,2357.3490312354293,2276.5080969624405,2309.546875,650616,0.0,0.0,EICHERMOT
2022-05-16,2392.3816930302874,2495.391107591698,2368.409456001019,2485.469970703125,2801368,0.0,0.0,EICHERMOT
2022-05-17,2477.922261048723,2577.323923784165,2468.570622636491,2569.728759765625,1462487,0.0,0.0,EICHERMOT
2022-05-18,2562.418499049518,2629.7305484553826,2547.6078362776193,2559.5703125,1173271,0.0,0.0,EICHERMOT
2022-05-19,2489.3152721774195,2599.4451621745898,2489.3152721774195,2516.373046875,1592952,0.0,0.0,EICHERMOT
2022-05-20,2557.6239729080694,2582.355772156699,2517.939194464047,2570.773193359375,687007,0.0,0.0,EICHERMOT
2022-05-23,2583.305106219828,2627.451996127664,2577.65624945979,2602.577880859375,892535,0.0,0.0,EICHERMOT
2022-05-24,2606.992458809453,2629.7304340836517,2565.3616062928777,2581.691162109375,481731,0.0,0.0,EICHERMOT
2022-05-25,2595.6474195339774,2610.6954316337606,2537.7342913000443,2550.21875,556605,0.0,0.0,EICHERMOT
2022-05-26,2563.462866551732,2600.299226297136,2529.142080365494,2587.19775390625,854405,0.0,0.0,EICHERMOT
2022-05-27,2597.735586402466,2625.0782196405476,2591.564516446711,2603.337158203125,404877,0.0,0.0,EICHERMOT
2022-05-30,2615.8696041550616,2654.509956666355,2604.049675919814,2618.860107421875,589423,0.0,0.0,EICHERMOT
2022-05-31,2629.8254926798636,2676.013490297185,2579.697364729342,2640.031494140625,1766731,0.0,0.0,EICHERMOT
2022-06-01,2629.968087751289,2675.3967592196627,2612.73665059351,2631.439697265625,358924,0.0,0.0,EICHERMOT
2022-06-02,2636.8508811185256,2644.398760520818,2577.6562127376596,2585.72607421875,558032,0.0,0.0,EICHERMOT
2022-06-03,2602.293056759729,2626.6449585385344,2526.8161147632322,2549.3642578125,808873,0.0,0.0,EICHERMOT
2022-06-06,2547.2281414964696,2559.570283069132,2504.5528598774267,2518.84130859375,906875,0.0,0.0,EICHERMOT
2022-06-07,2496.340479809626,2522.3540560483293,2478.4920295179495,2513.904296875,453936,0.0,0.0,EICHERMOT
2022-06-08,2526.4365264152234,2539.4431987614516,2486.6091986791876,2515.091064453125,260633,0.0,0.0,EICHERMOT
2022-06-09,2506.4040494983433,2586.5804508608903,2488.3655355057417,2578.55810546875,531562,0.0,0.0,EICHERMOT
2022-06-10,2537.0220776561277,2598.4479190056722,2537.0220776561277,2575.567626953125,666106,0.0,0.0,EICHERMOT
2022-06-13,2549.127188693816,2586.675831070703,2531.2785050377474,2564.127685546875,556912,0.0,0.0,EICHERMOT
2022-06-14,2553.3041206448215,2612.8786872352475,2540.7721466196544,2584.966552734375,739832,0.0,0.0,EICHERMOT
2022-06-15,2605.141388660265,2611.8821897782777,2567.1180505334382,2582.450927734375,339705,0.0,0.0,EICHERMOT
2022-06-16,2598.020703861334,2609.8881472372764,2498.0968306358977,2518.271484375,542478,0.0,0.0,EICHERMOT
2022-06-17,2496.4353731715814,2531.7528380834374,2454.234791144117,2472.9853515625,836170,0.0,0.0,EICHERMOT
2022-06-20,2468.428263931907,2527.195751808806,2468.380747800399,2490.501708984375,717655,0.0,0.0,EICHERMOT
2022-06-21,2508.4926648420956,2573.811119544808,2498.951194010005,2566.026123046875,1177839,0.0,0.0,EICHERMOT
2022-06-22,2562.418517407403,2575.7100547337104,2508.3980048456033,2528.0029296875,273509,0.0,0.0,EICHERMOT
2022-06-23,2530.2339262370065,2682.042167161218,2530.2339262370065,2676.393310546875,1338537,0.0,0.0,EICHERMOT
2022-06-24,2694.242274229183,2762.3138893109576,2688.640701371097,2732.265380859375,1078547,0.0,0.0,EICHERMOT
2022-06-27,2761.7915922986203,2762.6934716934566,2692.4857187208277,2704.163330078125,532402,0.0,0.0,EICHERMOT
2022-06-28,2684.605876708404,2740.0507185091087,2676.10883249326,2718.879150390625,770778,0.0,0.0,EICHERMOT
2022-06-29,2704.922574220317,2775.03528666647,2686.789029048386,2740.52490234375,856258,0.0,0.0,EICHERMOT
2022-06-30,2734.211473609584,2762.7408542173807,2643.164539547545,2652.943359375,928852,0.0,0.0,EICHERMOT
2022-07-01,2634.572452115653,2667.6114611156017,2611.2172306365496,2641.977783203125,367512,0.0,0.0,EICHERMOT
2022-07-04,2652.4211151421046,2663.528995803582,2606.802616370588,2654.889404296875,443843,0.0,0.0,EICHERMOT
2022-07-05,2672.5482481414037,2699.9856845109407,2648.813361390592,2663.6240234375,616329,0.0,0.0,EICHERMOT
2022-07-06,2667.801196259278,2772.2346950452284,2664.953009928752,2760.79443359375,1058465,0.0,0.0,EICHERMOT
2022-07-07,2794.071220868161,2808.3121547156034,2769.7666010541134,2795.21044921875,650305,0.0,0.0,EICHERMOT
2022-07-08,2802.615623100719,2831.9045681093876,2748.500077532717,2783.248046875,617742,0.0,0.0,EICHERMOT
2022-07-11,2780.779419110637,2898.5519772263483,2760.747081349037,2892.665771484375,1346332,0.0,0.0,EICHERMOT
2022-07-12,2884.738420727833,2884.738420727833,2792.647051035353,2804.56201171875,1069397,0.0,0.0,EICHERMOT
2022-07-13,2805.9383703690905,2843.3919760880385,2793.121531255579,2817.236083984375,768270,0.0,0.0,EICHERMOT
2022-07-14,2827.2048706574774,2854.6900568215815,2754.0541301224243,2805.558837890625,901976,0.0,0.0,EICHERMOT
2022-07-15,2819.135019937902,2891.194280397778,2796.6343920276245,2880.466064453125,536541,0.0,0.0,EICHERMOT
2022-07-18,2901.2104962929734,2922.2395150988496,2859.579408537276,2882.839599609375,568164,0.0,0.0,EICHERMOT
2022-07-19,2867.174513866485,2932.6828057395933,2862.4275361945206,2921.95458984375,728004,0.0,0.0,EICHERMOT
2022-07-20,2931.7331845238095,2953.5692801339287,2874.769456845238,2890.9091796875,432912,0.0,0.0,EICHERMOT
2022-07-21,2898.5044372313664,2935.62589368496,2877.617736406247,2925.27734375,469152,0.0,0.0,EICHERMOT
2022-07-22,2929.027448125009,3018.128308940731,2921.859697494522,2988.3173828125,1461794,0.0,0.0,EICHERMOT
2022-07-25,2981.1018495983944,2994.2983542436777,2912.840406329956,2930.4990234375,623585,0.0,0.0,EICHERMOT
2022-07-26,2933.632004588064,2942.0815315632526,2855.734059856607,2870.307373046875,676813,0.0,0.0,EICHERMOT
2022-07-27,2870.3076353267184,2908.0461087370772,2861.003512506079,2902.681884765625,527215,0.0,0.0,EICHERMOT
2022-07-28,2909.9919951598317,2924.137894206369,2877.7125508731383,2899.45361328125,486390,0.0,0.0,EICHERMOT
2022-07-29,2926.986334059703,2985.848855211731,2911.2262760045946,2936.907470703125,570564,0.0,0.0,EICHERMOT
2022-08-01,2952.5250408301404,3014.852995914226,2916.922708759038,2932.113037109375,891876,0.0,0.0,EICHERMOT
2022-08-02,2900.4030426620875,2988.6968177742233,2765.6364075443653,2963.015625,1843785,0.0,0.0,EICHERMOT
2022-08-03,2970.658430285139,3009.583644616136,2915.166311333881,2979.392822265625,1218915,0.0,0.0,EICHERMOT
2022-08-04,2991.54520866076,3034.742703739803,2944.075433848625,2986.6083984375,928111,0.0,0.0,EICHERMOT
2022-08-05,2992.4943790605485,3018.887618227989,2910.846372525267,2933.252197265625,518285,0.0,0.0,EICHERMOT
2022-08-08,2933.6319915827785,2985.943774503073,2916.6851897907877,2959.0283203125,595708,0.0,0.0,EICHERMOT
2022-08-10,2973.5066131301996,3008.966626662102,2959.598062204002,2994.91552734375,814819,0.0,0.0,EICHERMOT
2022-08-11,3091.231733416526,3100.6781722397586,2980.3422931824657,3015.707275390625,2187872,0.0,0.0,EICHERMOT
2022-08-12,3037.2585132271647,3078.736399591791,2992.339963786738,3067.984619140625,1327610,21.0,0.0,EICHERMOT
2022-08-16,3075.487207347396,3193.995726213486,3068.797210314633,3190.220703125,1700743,0.0,0.0,EICHERMOT
2022-08-17,3191.1286186898064,3281.2524834874334,3187.401427920344,3247.133544921875,1654567,0.0,0.0,EICHERMOT
2022-08-18,3249.427220628445,3285.74434838841,3225.2476125856983,3260.322265625,591901,0.0,0.0,EICHERMOT
2022-08-19,3260.9435621194943,3306.7699955950447,3243.9796408993175,3272.4599609375,1151041,0.0,0.0,EICHERMOT
2022-08-22,3250.382639371214,3263.8104649499423,3182.6226241664976,3214.304443359375,928071,0.0,0.0,EICHERMOT
2022-08-23,3212.1542581197236,3325.8842065625226,3190.3161032595704,3311.3095703125,1604447,0.0,0.0,EICHERMOT
2022-08-24,3302.9949985221074,3319.6721590466495,3242.7850241389383,3297.8818359375,856684,0.0,0.0,EICHERMOT
2022-08-25,3301.991434233012,3358.0917919636713,3257.837499925772,3327.27001953125,1244869,0.0,0.0,EICHERMOT
2022-08-26,3287.655887688476,3300.844786461782,3193.1358742488696,3206.515869140625,1742915,0.0,0.0,EICHERMOT
2022-08-29,3143.3429314556447,3190.937529044588,3099.045500066149,3145.827880859375,1436918,0.0,0.0,EICHERMOT
2022-08-30,3174.690084565205,3247.1332358346804,3170.102611750442,3210.003662109375,1236651,0.0,0.0,EICHERMOT
2022-09-01,3097.4687853381665,3282.7816193368967,3097.4687853381665,3260.513671875,1592544,0.0,0.0,EICHERMOT
2022-09-02,3298.1688681723417,3315.3717194117226,3263.763165693581,3270.548828125,1038097,0.0,0.0,EICHERMOT
2022-09-05,3292.3864643403913,3294.3457244482656,3229.4050133604983,3249.905029296875,561306,0.0,0.0,EICHERMOT
2022-09-06,3260.895682189887,3272.4599131984864,3249.4271158984807,3259.31884765625,355149,0.0,0.0,EICHERMOT
2022-09-07,3211.867682021537,3267.5858494902027,3211.867682021537,3233.80126953125,662832,0.0,0.0,EICHERMOT
2022-09-08,3250.0007541840996,3310.1150646542387,3250.0007541840996,3274.036865234375,640524,0.0,0.0,EICHERMOT
2022-09-09,3306.770102000404,3328.7515217535865,3275.2793755849334,3319.337646484375,567370,0.0,0.0,EICHERMOT
2022-09-12,3329.7072010913153,3395.6514596663155,3311.644301856554,3382.2236328125,761569,0.0,0.0,EICHERMOT
2022-09-13,3397.562973308401,3423.4629137781385,3355.033704022262,3366.0244140625,528699,0.0,0.0,EICHERMOT
2022-09-14,3299.124355587803,3406.1164791445813,3299.124355587803,3384.947509765625,508971,0.0,0.0,EICHERMOT
2022-09-15,3401.9112612819217,3509.381236412106,3395.9858821127364,3461.83447265625,1625125,0.0,0.0,EICHERMOT
2022-09-16,3474.020008249463,3479.180769950916,3373.8611453899234,3391.82861328125,957393,0.0,0.0,EICHERMOT
2022-09-19,3392.736393501147,3472.7774298154545,3338.7385600473162,3431.251708984375,517408,0.0,0.0,EICHERMOT
2022-09-20,3464.1284931078108,3572.6976917099673,3459.684516549209,3547.18017578125,854400,0.0,0.0,EICHERMOT
2022-09-21,3555.255623098147,3619.5273813382955,3508.7602363049236,3518.986328125,883098,0.0,0.0,EICHERMOT
2022-09-22,3517.0270923641215,3593.388538347876,3507.8521457482593,3582.732421875,659825,0.0,0.0,EICHERMOT
2022-09-23,3597.3070128716176,3607.294176164591,3489.693537592963,3525.102783203125,436539,0.0,0.0,EICHERMOT
2022-09-26,3507.3263017617005,3507.4217331423715,3318.429333530102,3359.859619140625,979894,0.0,0.0,EICHERMOT
2022-09-27,3386.858727239005,3454.905505466574,3332.8608956874527,3412.424072265625,651919,0.0,0.0,EICHERMOT
2022-09-28,3372.7142647685296,3503.3603048111886,3372.7142647685296,3467.61669921875,670814,0.0,0.0,EICHERMOT
2022-09-29,3485.2017770022544,3515.354596733133,3445.3485546721795,3463.602783203125,578779,0.0,0.0,EICHERMOT
2022-09-30,3463.4593599993023,3530.2160696073292,3425.1353723988714,3508.999267578125,517861,0.0,0.0,EICHERMOT
2022-10-03,3613.55409300599,3614.414142145785,3292.386404723067,3309.9716796875,2180504,0.0,0.0,EICHERMOT
2022-10-04,3367.935614726178,3421.35992572596,3360.911024581967,3397.562744140625,961129,0.0,0.0,EICHERMOT
2022-10-06,3402.3413136104414,3437.559462393149,3364.1127595249304,3374.960205078125,530684,0.0,0.0,EICHERMOT
2022-10-07,3374.960008013575,3392.7839769837688,3313.985421141788,3343.612548828125,458833,0.0,0.0,EICHERMOT
2022-10-10,3307.725965014254,3385.1387945912998,3298.4555864096365,3375.199462890625,412736,0.0,0.0,EICHERMOT
2022-10-11,3391.9721770646147,3393.4057480338874,3242.259675505016,3257.0732421875,661794,0.0,0.0,EICHERMOT
2022-10-12,3273.367740027429,3315.0367235264584,3227.445643270174,3305.049560546875,660964,0.0,0.0,EICHERMOT
2022-10-13,3314.22478708871,3397.5151621025816,3292.4344629901393,3317.47412109375,753969,0.0,0.0,EICHERMOT
2022-10-14,3387.6711063980265,3397.467173653532,3316.136062583023,3323.208251953125,387253,0.0,0.0,EICHERMOT
2022-10-17,3316.3272426334956,3368.8915072861882,3311.8354339561656,3359.047607421875,492114,0.0,0.0,EICHERMOT
2022-10-18,3375.867912947612,3461.5953944096022,3373.6218921791724,3452.51611328125,522357,0.0,0.0,EICHERMOT
2022-10-19,3469.1458644458808,3521.8057947627804,3440.71337532941,3452.325439453125,645494,0.0,0.0,EICHERMOT
2022-10-20,3437.703258351159,3497.9132403573094,3402.341840347547,3489.455078125,515240,0.0,0.0,EICHERMOT
2022-10-21,3489.4542937131605,3521.518537874277,3409.986785800386,3468.76318359375,532326,0.0,0.0,EICHERMOT
2022-10-24,3521.7099621419684,3521.7099621419684,3469.814885429382,3479.9453125,63729,0.0,0.0,EICHERMOT
2022-10-25,3514.159901668695,3559.0784535801527,3488.3556271663683,3546.319580078125,571186,0.0,0.0,EICHERMOT
2022-10-27,3575.373421737153,3575.373421737153,3498.8684797413903,3546.319580078125,583285,0.0,0.0,EICHERMOT
2022-10-28,3556.211316054028,3606.0041020934464,3533.417446886022,3579.865234375,478514,0.0,0.0,EICHERMOT
2022-10-31,3597.784905382469,3692.9741012709737,3591.5727651553507,3679.928466796875,678149,0.0,0.0,EICHERMOT
2022-11-01,3717.392487348932,3717.392487348932,3585.790729646728,3630.18359375,746053,0.0,0.0,EICHERMOT
2022-11-02,3679.307281056889,3679.307281056889,3531.3627282132543,3564.048095703125,1177767,0.0,0.0,EICHERMOT
2022-11-03,3534.230040287438,3581.0600218921118,3486.778937972506,3512.487548828125,738117,0.0,0.0,EICHERMOT
2022-11-04,3531.3627330301656,3563.857004457236,3483.577039755062,3504.507080078125,631943,0.0,0.0,EICHERMOT
2022-11-07,3517.218168436538,3598.262751986302,3517.027072326585,3588.848876953125,505944,0.0,0.0,EICHERMOT
2022-11-09,3624.0189509734873,3624.0189509734873,3532.605017979623,3567.6318359375,490411,0.0,0.0,EICHERMOT
2022-11-10,3573.7964413672944,3573.7964413672944,3475.0713827944637,3536.953857421875,442138,0.0,0.0,EICHERMOT
2022-11-11,3564.812572911318,3573.413997349978,3345.954106638747,3363.778076171875,2463500,0.0,0.0,EICHERMOT
2022-11-14,3380.598678116639,3407.11973637312,3343.086911033148,3360.86328125,659139,0.0,0.0,EICHERMOT
2022-11-15,3364.1125894078623,3400.3340492407992,3344.9983133316814,3352.59619140625,552511,0.0,0.0,EICHERMOT
2022-11-16,3359.382140848012,3425.087470494826,3305.623234773346,3347.91357421875,1048177,0.0,0.0,EICHERMOT
2022-11-17,3344.9984955118584,3344.9984955118584,3269.5449332573853,3289.423828125,889808,0.0,0.0,EICHERMOT
2022-11-18,3297.1173730948603,3304.4287246106587,3226.538039804217,3240.109130859375,868754,0.0,0.0,EICHERMOT
2022-11-21,3240.299922453597,3259.9398884118546,3215.9770520392526,3228.974853515625,631291,0.0,0.0,EICHERMOT
2022-11-22,3230.7430371680357,3257.025169666794,3205.4644509394934,3225.582275390625,461525,0.0,0.0,EICHERMOT
2022-11-23,3241.733536236165,3267.537810101744,3225.534233197378,3231.1728515625,738556,0.0,0.0,EICHERMOT
2022-11-24,3247.3721617934452,3252.1983297212164,3198.1050697522114,3227.780029296875,407602,0.0,0.0,EICHERMOT
2022-11-25,3243.9320610134873,3270.692051499862,3201.6417189055555,3262.903076171875,512690,0.0,0.0,EICHERMOT
2022-11-28,3262.5204245411683,3296.7350281009317,3251.4342835335437,3288.99365234375,435882,0.0,0.0,EICHERMOT
2022-11-29,3297.5950077045204,3311.30959492068,3254.2056918117946,3264.814208984375,456872,0.0,0.0,EICHERMOT
2022-11-30,3268.3504164114215,3349.299336444769,3265.7222032069067,3330.18505859375,1151772,0.0,0.0,EICHERMOT
2022-12-01,3335.0593706575632,3344.9987020407616,3278.0987279999463,3285.21875,518865,0.0,0.0,EICHERMOT
2022-12-02,3282.8774560428183,3282.8774560428183,3177.7489203325676,3184.295654296875,1453049,0.0,0.0,EICHERMOT
2022-12-05,3180.71135754833,3211.198536032205,3178.799929848311,3196.289306640625,518257,0.0,0.0,EICHERMOT
2022-12-06,3187.305838946797,3190.1729806310072,3133.021243060037,3153.569091796875,944559,0.0,0.0,EICHERMOT
2022-12-07,3153.617023124625,3177.6531350001223,3109.893111068272,3115.484130859375,943407,0.0,0.0,EICHERMOT
2022-12-08,3139.424615818767,3182.5274076745677,3130.9188551176826,3175.16845703125,862490,0.0,0.0,EICHERMOT
2022-12-09,3187.305513912679,3214.0655002363837,3178.8473534753684,3209.47802734375,660249,0.0,0.0,EICHERMOT
2022-12-12,3193.0403592851267,3204.4610945090967,3141.431805139243,3173.400390625,541993,0.0,0.0,EICHERMOT
2022-12-13,3159.5902758781695,3194.1392413709877,3154.859538555505,3166.2802734375,584450,0.0,0.0,EICHERMOT
2022-12-14,3181.5713829848746,3235.091358186783,3177.7485276133098,3220.18212890625,676995,0.0,0.0,EICHERMOT
2022-12-15,3218.8442265305735,3232.558813523142,3150.558519043792,3157.20068359375,338209,0.0,0.0,EICHERMOT
2022-12-16,3144.298831778803,3199.061286669728,3134.7416924724844,3145.6845703125,771552,0.0,0.0,EICHERMOT
2022-12-19,3146.210261067447,3258.5066479676366,3136.7963855150138,3238.81884765625,890120,0.0,0.0,EICHERMOT
2022-12-20,3220.7558732972434,3228.7837768013255,3145.2544744870115,3166.710205078125,711013,0.0,0.0,EICHERMOT
2022-12-21,3182.5270428676104,3201.64131940135,3117.5385026528966,3128.290283203125,485199,0.0,0.0,EICHERMOT
2022-12-22,3129.007115072737,3150.1760833170133,3054.9871247615483,3064.06640625,613152,0.0,0.0,EICHERMOT
2022-12-23,3048.8228104187256,3058.284284091203,2967.5393017648994,2975.75830078125,581956,0.0,0.0,EICHERMOT
2022-12-26,2977.048480980007,3085.6652607989436,2951.4353045260873,3021.250244140625,530294,0.0,0.0,EICHERMOT
2022-12-27,3034.3438706695997,3070.8520958324793,3010.4988549760637,3060.0048828125,422130,0.0,0.0,EICHERMOT
2022-12-28,3046.9591529657855,3090.3965360416873,3034.965130278082,3069.322998046875,318724,0.0,0.0,EICHERMOT
2022-12-29,3040.173536506891,3336.1580640552925,3023.161783606074,3135.88818359375,881072,0.0,0.0,EICHERMOT
2022-12-30,3144.2986078670806,3151.9443187676693,3074.7704243648527,3084.805419921875,663451,0.0,0.0,EICHERMOT
2023-01-02,3084.0887695391507,3106.0223569797,3061.4383966702926,3085.85693359375,381581,0.0,0.0,EICHERMOT
2023-01-03,3085.857050699272,3096.5131678064254,3064.0188938232714,3071.138916015625,323237,0.0,0.0,EICHERMOT
2023-01-04,3081.22162752216,3099.236927949996,3046.9115916885694,3072.859130859375,372617,0.0,0.0,EICHERMOT
2023-01-05,3086.000256303819,3122.2217206416017,3060.7216697148965,3113.42919921875,383751,0.0,0.0,EICHERMOT
2023-01-06,3115.6274164521005,3133.6427173909383,3093.6938283915692,3106.643798828125,242107,0.0,0.0,EICHERMOT
2023-01-09,3122.2214241560678,3130.0584642406393,3086.1910593585358,3118.064208984375,391801,0.0,0.0,EICHERMOT
2023-01-10,3117.5391146409993,3121.1708745610563,3004.9081247245,3027.27197265625,607830,0.0,0.0,EICHERMOT
2023-01-11,3027.2719013196975,3033.914066896827,2959.559471670836,2998.313720703125,856148,0.0,0.0,EICHERMOT
2023-01-12,3010.498715591769,3013.3180248660506,2957.9344523036584,2965.819091796875,690116,0.0,0.0,EICHERMOT
2023-01-13,2967.491373178172,3054.4613296867756,2924.4842518277637,3022.014892578125,964656,0.0,0.0,EICHERMOT
2023-01-16,3015.802970372249,3039.0744632734068,2962.713017854336,3000.03369140625,653373,0.0,0.0,EICHERMOT
2023-01-17,3012.4101580988977,3050.6387134047213,2986.6058832674667,3039.122314453125,495809,0.0,0.0,EICHERMOT
2023-01-18,3030.568903649125,3050.638896388523,3010.498910909727,3036.876708984375,330814,0.0,0.0,EICHERMOT
2023-01-19,3022.9709660336252,3039.2181026989497,2996.2109762319146,3026.459228515625,320900,0.0,0.0,EICHERMOT
2023-01-20,3034.3915524321537,3053.410165208878,3001.9929454084845,3010.9765625,389881,0.0,0.0,EICHERMOT
2023-01-23,3026.077080154677,3081.795249251122,3006.437112117578,3061.486328125,424691,0.0,0.0,EICHERMOT
2023-01-24,3076.8251971111968,3091.59116334086,3037.593328679119,3083.65869140625,367438,0.0,0.0,EICHERMOT
2023-01-25,3083.658515109409,3091.734250334057,3042.371724181791,3071.52099609375,353061,0.0,0.0,EICHERMOT
2023-01-27,3086.9079514420064,3120.3579367153916,2989.4729695756764,3029.3740234375,627913,0.0,0.0,EICHERMOT
2023-01-30,3020.1515467578292,3067.841576373763,2961.8051673078076,3050.113037109375,656403,0.0,0.0,EICHERMOT
2023-01-31,3059.288317401122,3131.874748348169,3036.3033492530158,3118.829345703125,612164,0.0,0.0,EICHERMOT
2023-02-01,3134.7415196040533,3206.372228089045,3096.5129644869307,3156.818603515625,885327,0.0,0.0,EICHERMOT
2023-02-02,3120.40586547596,3173.6390827327577,3043.9487539175907,3074.818359375,613267,0.0,0.0,EICHERMOT
2023-02-03,3090.2053876760942,3177.7488786880845,3057.8546105172873,3169.81640625,500037,0.0,0.0,EICHERMOT
2023-02-06,3149.077174704344,3153.9035763722627,3078.0197557464276,3116.296142578125,346025,0.0,0.0,EICHERMOT
2023-02-07,3131.9222905333313,3152.900164025345,3096.5608761444446,3129.67626953125,447240,0.0,0.0,EICHERMOT
2023-02-08,3129.9629863753194,3132.7822956820623,3061.151586369511,3085.04443359375,378309,0.0,0.0,EICHERMOT
2023-02-09,3092.7381612972945,3105.6402995669523,3053.5060571523554,3093.789306640625,265006,0.0,0.0,EICHERMOT
2023-02-10,3082.2254114801362,3098.7114776009867,3056.516565474225,3070.087890625,328745,0.0,0.0,EICHERMOT
2023-02-13,3082.1773866920707,3127.0959408547146,3074.72277146319,3108.602783203125,405135,0.0,0.0,EICHERMOT
2023-02-14,3117.4908696992234,3153.855829796381,3005.7201771847326,3035.060546875,1519235,0.0,0.0,EICHERMOT
2023-02-15,3061.151834879635,3193.9482438669033,3061.151834879635,3164.51220703125,2093492,0.0,0.0,EICHERMOT
2023-02-16,3182.479494003873,3195.907321130682,3123.3208961935666,3143.438720703125,679170,0.0,0.0,EICHERMOT
2023-02-17,3141.4795238963543,3150.9888308451054,3096.7042328927614,3139.520263671875,491317,0.0,0.0,EICHERMOT
2023-02-20,3153.85589344562,3187.3058801942857,3135.1716398960043,3144.776611328125,515895,0.0,0.0,EICHERMOT
2023-02-21,3144.298793714196,3152.0401697900365,3120.4537780993164,3129.150634765625,494115,0.0,0.0,EICHERMOT
2023-02-22,3125.1844863081187,3125.32775006321,3072.7158859703454,3105.783447265625,570379,0.0,0.0,EICHERMOT
2023-02-23,3120.4057157199845,3129.819590460249,3078.2586416647405,3098.37646484375,527729,0.0,0.0,EICHERMOT
2023-02-24,3105.9744123820637,3105.9744123820637,3024.8343981609332,3063.636474609375,684029,0.0,0.0,EICHERMOT
2023-02-27,3058.2843636862103,3063.445125218499,2964.6722374072187,2992.387939453125,482530,0.0,0.0,EICHERMOT
2023-02-28,2993.2960335852745,3040.126016230766,2954.2550261504007,2968.351806640625,974100,0.0,0.0,EICHERMOT
2023-03-01,2968.4474583917504,3004.6689229073977,2950.002132927911,2999.794921875,522394,0.0,0.0,EICHERMOT
2023-03-02,3015.3729644923606,3019.052322943427,2960.1326554092557,2987.083740234375,970565,0.0,0.0,EICHERMOT
2023-03-03,3002.04045183841,3011.358661830103,2975.9496505245306,2988.803955078125,337278,0.0,0.0,EICHERMOT
2023-03-06,2999.030116769112,3028.7529113852856,2993.6780257786904,3025.981201171875,362693,0.0,0.0,EICHERMOT
2023-03-08,3025.7901818346386,3069.322996277541,3010.5944242844653,3062.489501953125,657256,0.0,0.0,EICHERMOT
2023-03-09,3068.797422941926,3077.3510159321804,3002.9488266312906,3007.344970703125,419727,0.0,0.0,EICHERMOT
2023-03-10,2996.1151641933975,3007.822659156004,2958.07770532264,2978.10009765625,362000,0.0,0.0,EICHERMOT
2023-03-13,2978.9602767238375,2984.6467278593723,2891.0345964355497,2899.0625,351244,0.0,0.0,EICHERMOT
2023-03-14,2899.0622469906916,2914.9271899460896,2853.283647732476,2883.29296875,727498,0.0,0.0,EICHERMOT
2023-03-15,2909.9577814394675,2924.2456578343335,2869.0531791220424,2873.736083984375,288927,0.0,0.0,EICHERMOT
2023-03-16,2887.8804192769717,2944.554295783637,2863.3186206321893,2901.021484375,439612,0.0,0.0,EICHERMOT
2023-03-17,2916.838862760734,2922.5731462392937,2811.949260798745,2842.86669921875,692626,0.0,0.0,EICHERMOT
2023-03-20,2842.8668067090234,2857.4890434693516,2780.4108067954458,2821.267578125,561183,0.0,0.0,EICHERMOT
2023-03-21,2835.4121920876137,2843.2489998079186,2797.374730231186,2804.829345703125,490092,0.0,0.0,EICHERMOT
2023-03-22,2818.8779028440385,2837.418657559797,2802.0096473077942,2816.05859375,222875,0.0,0.0,EICHERMOT
2023-03-23,2811.9013081784324,2819.3559230474607,2783.85124602594,2798.04345703125,379191,0.0,0.0,EICHERMOT
2023-03-24,2795.463017177276,2801.197300289434,2758.811297620632,2780.7451171875,542971,0.0,0.0,EICHERMOT
2023-03-27,2784.5683216221078,2799.286223456672,2743.854813091193,2757.760498046875,375285,0.0,0.0,EICHERMOT
2023-03-28,2766.600532721609,2766.600532721609,2710.404511004046,2726.078125,1079359,0.0,0.0,EICHERMOT
2023-03-29,2731.908193153793,2817.253491402031,2723.784624974046,2803.77783203125,765293,0.0,0.0,EICHERMOT
2023-03-31,2793.64744669266,2832.114931887416,2791.640354133671,2818.257080078125,546110,0.0,0.0,EICHERMOT
2023-04-03,2914.92729781117,2914.92729781117,2849.0787056281138,2871.251220703125,1170652,0.0,0.0,EICHERMOT
2023-04-05,2849.938631597518,2875.7429049218417,2792.7868980875614,2803.825439453125,1033837,0.0,0.0,EICHERMOT
2023-04-06,2818.113317892538,2838.47006909418,2796.418660663155,2830.53759765625,586845,0.0,0.0,EICHERMOT
2023-04-10,2848.0272603771377,2854.717257297487,2820.454822595412,2838.900146484375,416883,0.0,0.0,EICHERMOT
2023-04-11,2838.9001280464736,2923.528635204964,2838.9001280464736,2918.941162109375,618391,0.0,0.0,EICHERMOT
2023-04-12,2900.5913960830426,3005.719914557222,2900.5913960830426,2989.807373046875,746284,0.0,0.0,EICHERMOT
2023-04-13,3000.941406174906,3088.3413886794774,2993.295695585926,3070.75634765625,1337741,0.0,0.0,EICHERMOT
2023-04-17,3091.734283059771,3109.8928460823786,3064.018581604212,3086.0,539975,0.0,0.0,EICHERMOT
2023-04-18,3085.6657072957687,3132.830283386551,3073.432755573245,3119.020263671875,577513,0.0,0.0,EICHERMOT
2023-04-19,3119.4020604089765,3153.855590112127,3113.8112745872822,3143.916259765625,646164,0.0,0.0,EICHERMOT
2023-04-20,3162.170359357606,3162.170359357606,3077.446420140311,3103.155029296875,483671,0.0,0.0,EICHERMOT
2023-04-21,3096.5132184297763,3115.57966519235,3052.6460411667954,3058.95361328125,443737,0.0,0.0,EICHERMOT
2023-04-24,3062.1072790463327,3074.9615840982106,3018.240105177945,3041.84619140625,379317,0.0,0.0,EICHERMOT
2023-04-25,3034.391588382519,3102.725131239007,3016.376288298011,3075.439453125,574542,0.0,0.0,EICHERMOT
2023-04-26,3086.955721662184,3134.741413947976,3082.7028417144634,3104.4931640625,881684,0.0,0.0,EICHERMOT
2023-04-27,3104.445626142392,3125.566764138779,3092.92922654354,3119.020263671875,464406,0.0,0.0,EICHERMOT
2023-04-28,3129.963000615473,3158.634417415004,3120.740454876392,3154.9072265625,416242,0.0,0.0,EICHERMOT
2023-05-02,3179.6122443564054,3233.944671730914,3177.7486489573203,3207.51904296875,838718,0.0,0.0,EICHERMOT
2023-05-03,3218.7484715882415,3218.7484715882415,3174.1166829911062,3200.064453125,577763,0.0,0.0,EICHERMOT
2023-05-04,3193.039950070819,3232.654242204995,3173.925673207181,3191.415283203125,325535,0.0,0.0,EICHERMOT
2023-05-05,3191.4155425256395,3241.8294518499324,3177.5098583117037,3206.515869140625,518154,0.0,0.0,EICHERMOT
2023-05-08,3221.711803025591,3256.499698311808,3211.294614051196,3242.641845703125,322909,0.0,0.0,EICHERMOT
2023-05-09,3258.9840691722407,3258.9840691722407,3222.045824007037,3232.12841796875,347387,0.0,0.0,EICHERMOT
2023-05-10,3246.177761954414,3271.2174182027666,3206.2288762883923,3265.435302734375,386746,0.0,0.0,EICHERMOT
2023-05-11,3273.176929682516,3273.176929682516,3237.0508966483226,3254.49267578125,408412,0.0,0.0,EICHERMOT
2023-05-12,3364.1129078407625,3485.966429360563,3359.2865060089666,3465.753173828125,3665298,0.0,0.0,EICHERMOT
2023-05-15,3469.2414023261326,3540.9199436965073,3469.2414023261326,3496.479248046875,1269701,0.0,0.0,EICHERMOT
2023-05-16,3506.5141635095774,3521.8055853182864,3450.127045589963,3472.299560546875,1035562,0.0,0.0,EICHERMOT
2023-05-17,3463.5072338959694,3475.262561736335,3425.4697733480602,3468.046875,755786,0.0,0.0,EICHERMOT
2023-05-18,3474.9754442783988,3488.307605381575,3412.328356806181,3417.77587890625,1235091,0.0,0.0,EICHERMOT
2023-05-19,3408.2191478820214,3420.500165249071,3355.9894747896374,3412.7587890625,762689,0.0,0.0,EICHERMOT
2023-05-22,3411.850781502924,3418.3975150318283,3370.8029162735606,3388.435791015625,303121,0.0,0.0,EICHERMOT
2023-05-23,3388.4358883543464,3447.9290801790794,3373.7179872423967,3442.099365234375,374270,0.0,0.0,EICHERMOT
2023-05-24,3440.5698728743255,3463.5070053601544,3420.4042172324366,3450.987060546875,374043,0.0,0.0,EICHERMOT
2023-05-25,3450.9872289603986,3519.177509072283,3447.1643733595324,3489.789306640625,725887,0.0,0.0,EICHERMOT
2023-05-26,3487.400081531264,3533.7522064844743,3450.127238785383,3526.9189453125,394991,0.0,0.0,EICHERMOT
2023-05-29,3536.1413512699796,3553.535297196996,3507.4699349083307,3547.084228515625,516724,0.0,0.0,EICHERMOT
2023-05-30,3547.084430644306,3557.9318771173657,3507.852327021447,3515.450439453125,598100,0.0,0.0,EICHERMOT
2023-05-31,3515.450204855087,3561.9455912701783,3494.3288350098173,3509.33349609375,1188672,0.0,0.0,EICHERMOT
2023-06-01,3549.2346918763997,3567.6800169582157,3523.717177210003,3551.480712890625,622442,0.0,0.0,EICHERMOT
2023-06-02,3555.2556705578436,3582.0156594760206,3495.0456954919446,3535.56787109375,987424,0.0,0.0,EICHERMOT
2023-06-05,3548.70906411705,3552.8665130185295,3502.7871967246356,3510.576171875,340655,0.0,0.0,EICHERMOT
2023-06-06,3517.122777764645,3557.1670963996658,3517.027113044269,3541.015625,385907,0.0,0.0,EICHERMOT
2023-06-07,3541.0154049719604,3574.3697243085444,3533.465125717588,3562.32763671875,342012,0.0,0.0,EICHERMOT
2023-06-08,3562.0411762440563,3562.0411762440563,3483.003454350889,3495.427734375,511175,0.0,0.0,EICHERMOT
2023-06-09,3490.267168359408,3504.7939729968293,3417.728576565302,3422.6982421875,447350,0.0,0.0,EICHERMOT
2023-06-12,3435.791473613625,3456.339322482246,3398.518631479847,3431.58642578125,358856,0.0,0.0,EICHERMOT
2023-06-13,3440.5221682120164,3479.5153415508853,3424.3228644583733,3433.54541015625,612123,0.0,0.0,EICHERMOT
2023-06-14,3454.9057758201234,3480.9968121621596,3405.351916381834,3413.85791015625,456603,0.0,0.0,EICHERMOT
2023-06-15,3429.96126390453,3448.9801090784663,3373.66981276796,3378.16162109375,428887,0.0,0.0,EICHERMOT
2023-06-16,3392.7840538203536,3406.0683825588144,3335.4412247417,3382.175537109375,610093,0.0,0.0,EICHERMOT
2023-06-19,3409.796307274543,3411.086381121156,3338.308856524081,3341.797119140625,336012,0.0,0.0,EICHERMOT
2023-06-20,3349.5861787712824,3411.8986794159046,3311.596550618122,3404.3486328125,378562,0.0,0.0,EICHERMOT
2023-06-21,3417.633116558765,3426.7602315307317,3378.496676612886,3412.328857421875,538051,0.0,0.0,EICHERMOT
2023-06-22,3428.958048229426,3469.24129388902,3388.0056162084234,3401.00341796875,559681,0.0,0.0,EICHERMOT
2023-06-23,3406.833351354212,3406.833351354212,3354.364750671765,3382.462646484375,281640,0.0,0.0,EICHERMOT
2023-06-26,3392.7364170658593,3414.096715460575,3365.0685471059815,3394.361083984375,346202,0.0,0.0,EICHERMOT
2023-06-27,3388.101301132718,3423.5581453699865,3363.1570760352956,3379.165283203125,336518,0.0,0.0,EICHERMOT
2023-06-28,3388.005568432309,3411.80274975644,3381.219906825598,3387.8623046875,657118,0.0,0.0,EICHERMOT
2023-06-30,3383.3227152875156,3440.5698819360764,3350.0638264297513,3421.55126953125,712382,0.0,0.0,EICHERMOT
2023-07-03,3431.9208299442403,3503.647205795711,3426.7600681443905,3470.053955078125,734331,0.0,0.0,EICHERMOT
2023-07-04,3397.610610222335,3401.2423695619973,3237.050681479416,3251.1474609375,4118019,0.0,0.0,EICHERMOT
2023-07-05,3259.7492598686636,3271.791115909484,3134.7418257610093,3163.17431640625,2931606,0.0,0.0,EICHERMOT
2023-07-06,3106.070359507721,3143.4864675838885,3065.9303733233137,3079.50146484375,3837528,0.0,0.0,EICHERMOT
2023-07-07,3068.367200419037,3104.1586380498,3035.347239669386,3043.757568359375,2099192,0.0,0.0,EICHERMOT
2023-07-10,3067.841698041598,3088.8674043833166,3020.0560018104206,3033.34033203125,1778576,0.0,0.0,EICHERMOT
2023-07-11,3056.325178905717,3117.5387000465985,3043.0408492050706,3108.985107421875,1425815,0.0,0.0,EICHERMOT
2023-07-12,3127.0955612560724,3160.5455443379683,3091.734150569497,3145.875244140625,1573745,0.0,0.0,EICHERMOT
2023-07-13,3158.6345697858515,3158.6345697858515,3101.2917334206013,3112.903564453125,1050165,0.0,0.0,EICHERMOT
2023-07-14,3129.9628121562205,3215.9770573757805,3111.8042492765353,3198.869873046875,1577337,0.0,0.0,EICHERMOT
2023-07-17,3201.6418073068007,3224.57894264273,3177.7967903628787,3201.546142578125,1556115,0.0,0.0,EICHERMOT
2023-07-18,3206.420159655613,3219.800154360584,3170.58088812444,3200.9248046875,743048,0.0,0.0,EICHERMOT
2023-07-19,3200.6857097068437,3207.901395998802,3173.0178401898143,3182.67041015625,658755,0.0,0.0,EICHERMOT
2023-07-20,3194.951627611479,3194.951627611479,3150.988787387091,3170.19873046875,684856,0.0,0.0,EICHERMOT
2023-07-21,3168.00048052986,3188.261568532273,3147.213703217037,3168.66943359375,536479,0.0,0.0,EICHERMOT
2023-07-24,3171.058556549827,3174.738148206368,3136.6528579254164,3161.358154296875,517007,0.0,0.0,EICHERMOT
2023-07-25,3178.274387112785,3215.977253568397,3166.0412026028844,3178.8955078125,865631,0.0,0.0,EICHERMOT
2023-07-26,3199.2040158172267,3211.198270308047,3179.0861942735437,3205.12939453125,552958,0.0,0.0,EICHERMOT
2023-07-27,3211.198527365187,3218.1274527590554,3173.3521656755242,3180.52001953125,748689,0.0,0.0,EICHERMOT
2023-07-28,3201.450566239501,3209.765230756626,3182.1927905717325,3206.611328125,338430,0.0,0.0,EICHERMOT
2023-07-31,3201.6415129159855,3226.442241551812,3171.4886931957913,3216.455078125,485771,0.0,0.0,EICHERMOT
2023-08-01,3225.534441346855,3282.8772758596883,3217.9365624396232,3264.623046875,1039321,0.0,0.0,EICHERMOT
2023-08-02,3278.0986750973702,3278.0986750973702,3134.7415901805753,3185.107666015625,1174483,0.0,0.0,EICHERMOT
2023-08-03,3184.725378894396,3235.091453228725,3155.146081253634,3230.026123046875,601722,0.0,0.0,EICHERMOT
2023-08-04,3268.541411032579,3324.785265194206,3201.6414406313274,3210.7685546875,1235134,0.0,0.0,EICHERMOT
2023-08-07,3211.150953107881,3227.5891859392095,3191.7977461418795,3207.232666015625,438968,0.0,0.0,EICHERMOT
2023-08-08,3195.907247414368,3235.1393492554325,3145.254411256186,3222.667236328125,881723,0.0,0.0,EICHERMOT
2023-08-09,3225.534303523892,3263.762858232323,3184.4386072123284,3261.46923828125,1096303,0.0,0.0,EICHERMOT
2023-08-10,3260.8956934599814,3282.6860161546792,3230.4085146280563,3263.47607421875,640761,0.0,0.0,EICHERMOT
2023-08-11,3268.5415032225164,3268.5415032225164,3226.9201166546527,3239.10546875,366412,0.0,0.0,EICHERMOT
2023-08-14,3258.2373817349,3258.2373817349,3175.47708708533,3226.060791015625,650028,37.0,0.0,EICHERMOT
2023-08-16,3234.032661547448,3234.032661547448,3175.2357220679655,3214.948974609375,502272,0.0,0.0,EICHERMOT
2023-08-17,3207.025444006273,3210.890494255151,3180.694789185794,3187.168701171875,484577,0.0,0.0,EICHERMOT
2023-08-18,3186.734017776434,3255.3386615793834,3164.413257614175,3236.59326171875,680218,0.0,0.0,EICHERMOT
2023-08-21,3232.1000231151397,3258.2374735161593,3203.643636845441,3252.005126953125,407887,0.0,0.0,EICHERMOT
2023-08-22,3247.8015710084996,3255.3384659287485,3216.687964700743,3230.60205078125,343014,0.0,0.0,EICHERMOT
2023-08-23,3230.6021888840046,3265.9674933810115,3217.944290733092,3244.709716796875,347738,0.0,0.0,EICHERMOT
2023-08-24,3251.473457555629,3261.1360829867003,3207.9916431158063,3228.9111328125,840229,0.0,0.0,EICHERMOT
2023-08-25,3228.283133496768,3248.7194917761553,3211.4702597281903,3228.427978515625,463506,0.0,0.0,EICHERMOT
2023-08-28,3236.931132420115,3251.4250704472533,3221.5192921653784,3235.38525390625,329661,0.0,0.0,EICHERMOT
2023-08-29,3246.6421964571796,3256.3048220418736,3235.481816726069,3242.149169921875,271577,0.0,0.0,EICHERMOT
2023-08-30,3254.372463503817,3296.888018252679,3243.2604435126373,3290.848876953125,903102,0.0,0.0,EICHERMOT
2023-08-31,3294.9553155206145,3294.9553155206145,3209.9242106039537,3224.03173828125,835737,0.0,0.0,EICHERMOT
2023-09-01,3236.9796593030546,3291.525135037983,3210.0210275468576,3285.67919921875,691510,0.0,0.0,EICHERMOT
2023-09-04,3314.2806320193586,3344.234771842274,3295.1969461644367,3318.29052734375,661736,0.0,0.0,EICHERMOT
2023-09-05,3318.2906800787873,3327.808461241541,3281.9109868196556,3288.62646484375,374902,0.0,0.0,EICHERMOT
2023-09-06,3299.7866057053016,3301.8158514203137,3261.1361037351076,3276.88623046875,431090,0.0,0.0,EICHERMOT
2023-09-07,3275.630233987386,3296.8396510060115,3261.1362948989463,3287.66015625,334700,0.0,0.0,EICHERMOT
2023-09-08,3288.191438441637,3291.428512326804,3252.5364449164967,3257.17431640625,448502,0.0,0.0,EICHERMOT
2023-09-11,3263.0688910414983,3294.8588371049254,3249.5412142648975,3289.64111328125,544361,0.0,0.0,EICHERMOT
2023-09-12,3294.9554558899176,3299.7384085644508,3208.6681587938865,3228.52490234375,446513,0.0,0.0,EICHERMOT
2023-09-13,3236.931329833932,3256.208221404897,3196.396661193362,3208.28173828125,820181,0.0,0.0,EICHERMOT
2023-09-14,3222.485580728211,3270.798707875561,3212.9196759146125,3267.320068359375,436335,0.0,0.0,EICHERMOT
2023-09-15,3266.0160072617477,3331.576784312734,3257.8027750135,3311.5751953125,1169429,0.0,0.0,EICHERMOT
2023-09-18,3316.261605648478,3336.3599149222246,3296.8879933251987,3315.9716796875,596376,0.0,0.0,EICHERMOT
2023-09-20,3311.3819015824943,3333.6059411904303,3262.8755666624847,3325.102783203125,547812,0.0,0.0,EICHERMOT
2023-09-21,3314.0874138728423,3323.9916052276135,3289.157792355166,3319.933349609375,477582,0.0,0.0,EICHERMOT
2023-09-22,3309.4495033228172,3316.0201363788196,3277.5628365754733,3294.424072265625,393516,0.0,0.0,EICHERMOT
2023-09-25,3302.540647572076,3314.183922917318,3266.9821375101924,3272.39306640625,309695,0.0,0.0,EICHERMOT
2023-09-26,3290.172227495886,3419.796249663958,3290.123867189296,3355.00830078125,2178639,0.0,0.0,EICHERMOT
2023-09-27,3372.2565071367126,3378.9236247806434,3311.1887573974354,3362.303955078125,552573,0.0,0.0,EICHERMOT
2023-09-28,3362.593751703183,3381.9190031497533,3309.4493102251154,3324.184814453125,608162,0.0,0.0,EICHERMOT
2023-09-29,3328.7259222829903,3363.0766010301086,3310.7052211814926,3330.658447265625,515006,0.0,0.0,EICHERMOT
2023-10-03,3311.2850992601398,3319.0635601117847,3191.46854085193,3238.332275390625,1354075,0.0,0.0,EICHERMOT
2023-10-04,3236.9796819631983,3293.9408145590437,3211.6152889328896,3286.162353515625,566983,0.0,0.0,EICHERMOT
2023-10-05,3290.607176781317,3337.37419073165,3272.779679574611,3327.421875,394665,0.0,0.0,EICHERMOT
2023-10-06,3327.422034583356,3347.5684685589345,3322.349155855814,3333.992431640625,249258,0.0,0.0,EICHERMOT
2023-10-09,3304.8112807284865,3358.728780718276,3286.259086082525,3329.3544921875,471285,0.0,0.0,EICHERMOT
2023-10-10,3334.040764199003,3356.7962957682057,3332.6880909111683,3342.060791015625,206646,0.0,0.0,EICHERMOT
2023-10-11,3364.5265330141615,3376.2184053911046,3344.621428147092,3368.971435546875,343468,0.0,0.0,EICHERMOT
2023-10-12,3372.256685412622,3415.69014482475,3359.163779181014,3376.31494140625,644992,0.0,0.0,EICHERMOT
2023-10-13,3363.560136731114,3381.919126273743,3324.909632430843,3359.115234375,280442,0.0,0.0,EICHERMOT
2023-10-16,3345.2980007223928,3384.818048578003,3345.2980007223928,3368.971435546875,147663,0.0,0.0,EICHERMOT
2023-10-17,3386.750373897746,3403.9498951599576,3369.357647298557,3382.740478515625,260333,0.0,0.0,EICHERMOT
2023-10-18,3382.740381931587,3427.1884597493226,3364.622958908053,3378.150634765625,368551,0.0,0.0,EICHERMOT
2023-10-19,3362.593650405152,3414.771827739025,3343.606685792458,3383.078369140625,353664,0.0,0.0,EICHERMOT
2023-10-20,3381.919088867078,3382.0639338950186,3348.67974989808,3363.46337890625,216268,0.0,0.0,EICHERMOT
2023-10-23,3350.1290498844696,3375.058435460435,3310.270718882964,3330.0791015625,211293,0.0,0.0,EICHERMOT
2023-10-25,3319.2084480628027,3329.982180705907,3255.1451963609275,3270.21875,354128,0.0,0.0,EICHERMOT
2023-10-26,3256.3047502846093,3261.1360629704914,3198.328998054023,3214.562255859375,428619,0.0,0.0,EICHERMOT
2023-10-27,3214.5624339128767,3294.9554342781094,3214.5624339128767,3280.316650390625,293097,0.0,0.0,EICHERMOT
2023-10-30,3288.191686079494,3310.41572627339,3223.645296074691,3244.37158203125,257392,0.0,0.0,EICHERMOT
2023-10-31,3252.971342539196,3253.406113520296,3176.2983122976525,3184.36669921875,409346,0.0,0.0,EICHERMOT
2023-11-01,3198.135962351286,3203.257201250731,3164.5099770932907,3171.515380859375,325630,0.0,0.0,EICHERMOT
2023-11-02,3174.1724753334456,3232.1482283075725,3173.399418113002,3225.67431640625,493381,0.0,0.0,EICHERMOT
2023-11-03,3246.64228868874,3341.480867135135,3239.878450587305,3312.34814453125,568463,0.0,0.0,EICHERMOT
2023-11-06,3338.340687912009,3423.903291540261,3321.4794520887567,3392.499755859375,722080,0.0,0.0,EICHERMOT
2023-11-07,3362.690321187871,3419.554729471297,3362.690321187871,3390.66357421875,335436,0.0,0.0,EICHERMOT
2023-11-08,3391.5817861455234,3444.7262300879747,3387.571890645995,3430.522216796875,393482,0.0,0.0,EICHERMOT
2023-11-09,3425.6907076901407,3475.0665830580565,3407.1385136835042,3422.4052734375,538782,0.0,0.0,EICHERMOT
2023-11-10,3420.569492526742,3444.726056739502,3383.9482355417776,3421.294189453125,259237,0.0,0.0,EICHERMOT
2023-11-13,3468.8827207448817,3551.015041431042,3465.0176703596503,3522.41357421875,875885,0.0,0.0,EICHERMOT
2023-11-15,3564.5425885275413,3729.773486504828,3548.2128456036453,3718.46826171875,1914550,0.0,0.0,EICHERMOT
2023-11-16,3718.2266753905215,3742.3348789793,3684.5039706474377,3707.307861328125,755583,0.0,0.0,EICHERMOT
2023-11-17,3695.85762584896,3766.491514387483,3688.1275252550404,3734.894775390625,476357,0.0,0.0,EICHERMOT
2023-11-20,3720.6421906123032,3767.3608418748436,3694.987873545888,3716.680419921875,249897,0.0,0.0,EICHERMOT
2023-11-21,3734.6049007982615,3735.1847527123596,3696.9690201948106,3714.506591796875,260475,0.0,0.0,EICHERMOT
2023-11-22,3700.8823951726545,3724.362387100054,3676.6291100979447,3704.45751953125,286194,0.0,0.0,EICHERMOT
2023-11-23,3707.1148438732826,3782.918098044103,3703.6845644452223,3752.770751953125,764501,0.0,0.0,EICHERMOT
2023-11-24,3764.2691712539777,3787.749399662267,3712.4292770206926,3719.193115234375,266314,0.0,0.0,EICHERMOT
2023-11-28,3725.8601039577434,3760.8387617578833,3650.298418279177,3697.596923828125,505274,0.0,0.0,EICHERMOT
2023-11-29,3722.0432123622863,3722.0432123622863,3663.1011988747214,3683.63427734375,414180,0.0,0.0,EICHERMOT
2023-11-30,3727.792587354676,3787.749226241663,3698.9014312405843,3765.428466796875,1338711,0.0,0.0,EICHERMOT
2023-12-01,3789.6818330373494,3816.737185236494,3751.0796902054312,3759.9208984375,683211,0.0,0.0,EICHERMOT
2023-12-04,3816.737235697565,4058.302883526525,3783.8843075928266,4039.31591796875,2824695,0.0,0.0,EICHERMOT
2023-12-05,4039.943752160171,4053.7129936019987,3961.676485017149,3996.945068359375,1045885,0.0,0.0,EICHERMOT
2023-12-06,3950.1297250738226,3988.6837429503676,3889.2068231845155,3910.464599609375,941566,0.0,0.0,EICHERMOT
2023-12-07,3913.363217037017,3995.495531468658,3911.4306919915666,3952.97998046875,699553,0.0,0.0,EICHERMOT
2023-12-08,3961.6766410103264,3973.658202831313,3892.8787914008894,3918.19482421875,334252,0.0,0.0,EICHERMOT
2023-12-11,3918.1948627520474,3931.6258185981724,3874.7130455328506,3889.8349609375,534584,0.0,0.0,EICHERMOT
2023-12-12,3910.8992560755078,3910.8992560755078,3803.3541885850373,3818.427978515625,981121,0.0,0.0,EICHERMOT
2023-12-13,3835.096314997617,3908.4839133507303,3824.419065932037,3896.695556640625,707209,0.0,0.0,EICHERMOT
2023-12-14,3921.0935042215183,3961.6765321114403,3908.5320908270187,3948.293701171875,922658,0.0,0.0,EICHERMOT
2023-12-15,3961.3867314683594,3995.7853005112433,3908.531981707042,3922.92919921875,954933,0.0,0.0,EICHERMOT
2023-12-18,3938.4862769722954,4024.4836466117786,3931.239307620653,3947.665771484375,886620,0.0,0.0,EICHERMOT
2023-12-19,3956.652071819857,3970.90420901433,3886.694519272341,3903.362548828125,328368,0.0,0.0,EICHERMOT
2023-12-20,3937.278337401928,3993.0318754270256,3760.4039299140227,3780.405517578125,557214,0.0,0.0,EICHERMOT
2023-12-21,3768.4240757775697,3872.683714179169,3717.7436504520692,3824.4189453125,445648,0.0,0.0,EICHERMOT
2023-12-22,3848.6240834099744,3881.4286527573686,3814.998096459494,3870.896484375,309907,0.0,0.0,EICHERMOT
2023-12-26,3889.01384698765,3932.350584028393,3876.6456382491338,3904.08740234375,475107,0.0,0.0,EICHERMOT
2023-12-27,3930.7562974059465,3995.447767867394,3905.730190169001,3981.001953125,385941,0.0,0.0,EICHERMOT
2023-12-28,3981.001681222585,3990.6643066624456,3943.220721391153,3953.849609375,450475,0.0,0.0,EICHERMOT
2023-12-29,3961.6284379058025,4037.045043252987,3955.878986854411,4003.708984375,673952,0.0,0.0,EICHERMOT
2024-01-01,4005.158502025442,4005.158502025442,3894.038302331129,3902.106689453125,763454,0.0,0.0,EICHERMOT
2024-01-02,3874.8095729825736,3875.4375492828503,3751.369531364202,3761.177001953125,1221148,0.0,0.0,EICHERMOT
2024-01-03,3762.674973623351,3796.397444440141,3747.6011825058185,3756.442626953125,435449,0.0,0.0,EICHERMOT
2024-01-04,3756.3457039470227,3782.9179243607955,3718.6614640874895,3730.73974609375,425702,0.0,0.0,EICHERMOT
2024-01-05,3733.687121105959,3786.4932788865603,3729.7737103171917,3746.24853515625,402103,0.0,0.0,EICHERMOT
2024-01-08,3758.761331946523,3826.7861213301985,3746.6830500315277,3753.205322265625,401263,0.0,0.0,EICHERMOT
2024-01-09,3777.362130419899,3791.566143689877,3720.6909223707576,3739.87109375,411462,0.0,0.0,EICHERMOT
2024-01-10,3739.8709853506434,3742.3350021300475,3662.7631836720534,3712.912353515625,577499,0.0,0.0,EICHERMOT
2024-01-11,3738.276555871957,3792.2905374088086,3722.4780690069947,3757.601806640625,378237,0.0,0.0,EICHERMOT
2024-01-12,3758.9546075710673,3767.457765379027,3720.1108993868306,3740.257568359375,220410,0.0,0.0,EICHERMOT
2024-01-15,3744.2675118859356,3753.591851457181,3682.4267065283357,3702.81494140625,364325,0.0,0.0,EICHERMOT
2024-01-16,3662.135214878576,3698.949913906878,3615.2714792792062,3664.357666015625,519197,0.0,0.0,EICHERMOT
2024-01-17,3605.125635474385,3644.7424006993783,3594.4967472432895,3624.547607421875,585284,0.0,0.0,EICHERMOT
2024-01-18,3624.5475009275083,3634.644897269584,3537.4871518855475,3566.619873046875,583931,0.0,0.0,EICHERMOT
2024-01-19,3575.1716283307796,3660.0578923001613,3534.588599036214,3574.64013671875,894473,0.0,0.0,EICHERMOT
2024-01-23,3577.1524917192455,3617.6871604521752,3484.391282476882,3494.681884765625,823427,0.0,0.0,EICHERMOT
2024-01-24,3506.5671701717242,3525.8440629316656,3442.2623433891317,3512.36474609375,1318897,0.0,0.0,EICHERMOT
2024-01-25,3555.846218373765,3555.846218373765,3475.6947862572433,3494.440185546875,699432,0.0,0.0,EICHERMOT
2024-01-29,3498.9333833167957,3556.812415189904,3468.930884223036,3545.265625,936432,0.0,0.0,EICHERMOT
2024-01-30,3551.014919217938,3604.062639567942,3549.951936037002,3579.76123046875,612064,0.0,0.0,EICHERMOT
2024-01-31,3590.6318587611295,3722.1884187510877,3576.2346402337075,3710.06201171875,759817,0.0,0.0,EICHERMOT
2024-02-01,3713.346830774456,3832.052274644393,3713.346830774456,3800.503662109375,1313981,0.0,0.0,EICHERMOT
2024-02-02,3768.4240413497523,3768.4240413497523,3682.668237844678,3696.48583984375,872011,0.0,0.0,EICHERMOT
2024-02-05,3720.110991270762,3786.2032584164326,3707.5495775340037,3758.713134765625,592181,0.0,0.0,EICHERMOT
2024-02-06,3768.4241250988266,3817.4619518549202,3758.7614991370347,3811.51953125,470713,0.0,0.0,EICHERMOT
2024-02-07,3840.8937406286836,3855.3876792725655,3776.105787709742,3795.14111328125,416774,0.0,0.0,EICHERMOT
2024-02-08,3819.6359730141667,3823.7909492827284,3663.826132222734,3678.8515625,404899,0.0,0.0,EICHERMOT
2024-02-09,3691.123057059287,3718.130049000174,3634.6934167265576,3711.3662109375,396729,0.0,0.0,EICHERMOT
2024-02-12,3739.3394761928103,3771.371222366794,3688.4174852412934,3741.223876953125,237343,0.0,0.0,EICHERMOT
2024-02-13,3763.254463641709,3803.3543607203005,3638.4133854597517,3724.169189453125,633019,0.0,0.0,EICHERMOT
2024-02-14,3703.6845269267415,3799.682810109135,3600.8742811722245,3769.921875,919714,0.0,0.0,EICHERMOT
2024-02-15,3773.2553914556174,3795.962562185248,3745.426981848727,3784.415771484375,405632,0.0,0.0,EICHERMOT
2024-02-16,3792.6290181006716,3867.9491396523063,3784.174220455916,3796.107421875,634008,0.0,0.0,EICHERMOT
2024-02-19,3802.1948655757756,3821.2785513981985,3763.3511573104192,3771.177978515625,267834,0.0,0.0,EICHERMOT
2024-02-20,3762.626562111565,3767.3611544871032,3656.530881515301,3698.949951171875,1324518,0.0,0.0,EICHERMOT
2024-02-21,3698.949964385746,3764.317535107922,3692.0894055438284,3706.921630859375,575380,0.0,0.0,EICHERMOT
2024-02-22,3734.4116463136625,3836.06242200308,3712.2359674025197,3818.08984375,1130600,0.0,0.0,EICHERMOT
2024-02-23,3836.4488648647193,3837.994979358972,3781.613463283999,3794.5615234375,571998,0.0,0.0,EICHERMOT
2024-02-26,3794.561539840143,3856.78875608761,3763.592776742893,3819.587646484375,474465,0.0,0.0,EICHERMOT
2024-02-27,3816.737168733605,3877.1769399407963,3807.0745429899753,3867.70751953125,579400,0.0,0.0,EICHERMOT
2024-02-28,3867.707721652201,3883.361128994116,3721.0773683299294,3733.397216796875,658953,0.0,0.0,EICHERMOT
2024-02-29,3732.6237248479742,3758.7611729874525,3633.195406690162,3664.453857421875,1021336,0.0,0.0,EICHERMOT
2024-03-01,3662.328458055857,3738.2767927508253,3648.6559366322304,3713.878662109375,665946,0.0,0.0,EICHERMOT
2024-03-04,3728.4211712511938,3752.2878116252573,3617.6873767362995,3624.885986328125,641251,0.0,0.0,EICHERMOT
2024-03-05,3624.885673463841,3673.681933281393,3616.2860309466837,3663.970947265625,591293,0.0,0.0,EICHERMOT
2024-03-06,3671.7979278683256,3678.416921126198,3608.07295574835,3665.227294921875,315398,0.0,0.0,EICHERMOT
2024-03-07,3665.2271504427986,3681.4604088753217,3632.229377884931,3657.54541015625,734239,0.0,0.0,EICHERMOT
2024-03-11,3667.4011021493498,3686.243221637668,3642.8097677415376,3656.24072265625,373335,0.0,0.0,EICHERMOT
2024-03-12,3676.0491969627183,3725.715234197986,3643.7761217495326,3682.18505859375,528035,0.0,0.0,EICHERMOT
2024-03-13,3682.9581726509855,3722.4298573802002,3589.6654736581645,3609.522216796875,428324,0.0,0.0,EICHERMOT
2024-03-14,3591.598184636622,3675.421467530684,3561.88560885573,3645.37060546875,720948,0.0,0.0,EICHERMOT
2024-03-15,3645.3703390226697,3652.424102865143,3581.983656865513,3619.28125,487749,0.0,0.0,EICHERMOT
2024-03-18,3618.6530863758417,3618.6530863758417,3557.488622541493,3574.88134765625,533167,0.0,0.0,EICHERMOT
2024-03-19,3574.881580394433,3604.1593834244886,3548.1161544060915,3591.453125,559402,0.0,0.0,EICHERMOT
2024-03-20,3692.0892892505394,3807.0745353695693,3692.0892892505394,3742.914794921875,3045475,0.0,0.0,EICHERMOT
2024-03-21,3750.40328836166,3815.7708563016276,3750.065002103474,3786.734619140625,838929,0.0,0.0,EICHERMOT
2024-03-22,3811.906092901497,3878.529854365966,3732.865762222772,3853.841796875,1033237,0.0,0.0,EICHERMOT
2024-03-26,3866.451340468145,3906.1164664236267,3775.284607896212,3779.149658203125,772158,0.0,0.0,EICHERMOT
2024-03-27,3802.050059166998,3852.4889188240854,3774.0284442570664,3781.758544921875,510950,0.0,0.0,EICHERMOT
2024-03-28,3783.2079108498187,3937.519997050365,3760.452380005094,3883.69921875,1307106,0.0,0.0,EICHERMOT
2024-04-01,3923.799262867454,3932.6888317190496,3803.692772988216,3813.500244140625,532524,0.0,0.0,EICHERMOT
2024-04-02,3855.38764934255,3855.38764934255,3782.2416200683947,3789.875,485047,0.0,0.0,EICHERMOT
2024-04-03,3790.6481210722054,3810.0700933928865,3754.9931260461835,3801.47021484375,392460,0.0,0.0,EICHERMOT
2024-04-04,3823.50078628205,3894.0379501432044,3760.7420828767818,3878.86767578125,932478,0.0,0.0,EICHERMOT
2024-04-05,3877.6118013565892,3910.0299586633487,3833.69521350831,3895.24609375,537212,0.0,0.0,EICHERMOT
2024-04-08,3889.1585633164177,4158.262930457646,3876.259099286015,4063.85888671875,2165986,0.0,0.0,EICHERMOT
2024-04-09,4104.489617677903,4123.911588094999,3997.9110537182364,4105.31103515625,970657,0.0,0.0,EICHERMOT
2024-04-10,4106.6157462806905,4188.748061206304,4079.608519884941,4169.51953125,1018246,0.0,0.0,EICHERMOT
2024-04-12,4164.591562055101,4234.935286491487,4123.815094000458,4157.10302734375,1133493,0.0,0.0,EICHERMOT
2024-04-15,4106.615852907034,4172.176861532081,4052.2635842656177,4077.0,860133,0.0,0.0,EICHERMOT
2024-04-16,4075.116078321612,4255.420786384221,4064.390468354014,4208.75048828125,1467677,0.0,0.0,EICHERMOT
2024-04-18,4209.040215870756,4294.071331342892,4191.695612116613,4204.40234375,1316876,0.0,0.0,EICHERMOT
2024-04-19,4198.411261373307,4222.036572154153,4117.53488793737,4197.58984375,719002,0.0,0.0,EICHERMOT
2024-04-22,4245.758022297879,4333.687922167954,4222.95412972823,4316.2470703125,781218,0.0,0.0,EICHERMOT
2024-04-23,4321.174529425289,4381.90422900945,4295.03731446873,4367.65185546875,740619,0.0,0.0,EICHERMOT
2024-04-24,4391.6635579920585,4417.4143621608355,4362.482238476514,4377.84619140625,919636,0.0,0.0,EICHERMOT
2024-04-25,4413.887819313092,4473.312972747365,4334.65428140073,4459.49560546875,1260511,0.0,0.0,EICHERMOT
2024-04-26,4436.111300426368,4476.549481898125,4417.7523122520915,4445.77392578125,364193,0.0,0.0,EICHERMOT
2024-04-29,4434.178729826899,4448.237660850749,4379.681617746496,4417.607421875,465907,0.0,0.0,EICHERMOT
2024-04-30,4423.550497027501,4531.723791504769,4423.550497027501,4442.2958984375,663752,0.0,0.0,EICHERMOT
2024-05-02,4442.875491991855,4477.7576666624645,4393.016246828449,4447.126953125,908139,0.0,0.0,EICHERMOT
2024-05-03,4467.032234047161,4498.5324908205885,4425.482940068354,4444.08349609375,562484,0.0,0.0,EICHERMOT
2024-05-06,4457.369473577816,4511.286739141585,4426.690635341073,4443.841796875,716536,0.0,0.0,EICHERMOT
2024-05-07,4449.639273556977,4497.952403563025,4415.820082552744,4466.4521484375,505027,0.0,0.0,EICHERMOT
2024-05-08,4430.313638513088,4477.660501825442,4407.07521371252,4444.904296875,613158,0.0,0.0,EICHERMOT
2024-05-09,4425.48306287536,4549.164685593274,4388.281949792237,4413.93603515625,980283,0.0,0.0,EICHERMOT
2024-05-10,4435.145047156089,4530.8531627729835,4402.678531534286,4500.7060546875,471148,0.0,0.0,EICHERMOT
2024-05-13,4521.1425940125755,4574.093594464857,4375.526635056953,4500.31982421875,1738770,0.0,0.0,EICHERMOT
2024-05-14,4509.933739224676,4582.93515808681,4494.183848355884,4570.953125,870035,0.0,0.0,EICHERMOT
2024-05-15,4570.9534049778185,4570.9534049778185,4442.972205257039,4492.4931640625,1082300,0.0,0.0,EICHERMOT
2024-05-16,4493.120967970711,4539.453447105525,4389.827593197651,4523.7998046875,845652,0.0,0.0,EICHERMOT
2024-05-17,4502.783345696662,4541.433846518093,4466.065369916303,4535.53955078125,287570,0.0,0.0,EICHERMOT
2024-05-21,4493.1209602472345,4569.3108584185975,4493.1209602472345,4515.296875,500742,0.0,0.0,EICHERMOT
2024-05-22,4515.344815075098,4548.825717469857,4508.097846080221,4537.03759765625,201187,0.0,0.0,EICHERMOT
2024-05-23,4538.197038147637,4703.6213800620235,4524.572641449629,4689.12744140625,922926,0.0,0.0,EICHERMOT
2024-05-24,4659.801063125476,4742.416509656783,4645.210404522699,4716.279296875,545727,0.0,0.0,EICHERMOT
2024-05-27,4697.050223076037,4741.450174488763,4609.072209560098,4631.5859375,655641,0.0,0.0,EICHERMOT
2024-05-28,4631.5858236691565,4662.699664698443,4599.40947134278,4609.990234375,333511,0.0,0.0,EICHERMOT
2024-05-29,4585.88209798984,4646.611794091549,4564.8658873637805,4585.30224609375,548865,0.0,0.0,EICHERMOT
2024-05-30,4550.85495385215,4609.07227132539,4545.975516795386,4582.93505859375,431385,0.0,0.0,EICHERMOT
2024-05-31,4582.21114624727,4628.398314398461,4510.755831146265,4573.75634765625,1137018,0.0,0.0,EICHERMOT
2024-06-03,4638.0607953187055,4638.0607953187055,4483.458768808082,4513.26806640625,1070710,0.0,0.0,EICHERMOT
2024-06-04,4522.012266874876,4548.053232780315,4110.336273093118,4343.73681640625,920927,0.0,0.0,EICHERMOT
2024-06-05,4385.962816823333,4490.657467590094,4343.350540297759,4424.5166015625,468061,0.0,0.0,EICHERMOT
2024-06-06,4424.51612696316,4567.522981470814,4385.189053250405,4560.517578125,748915,0.0,0.0,EICHERMOT
2024-06-07,4541.434006769084,4608.106123038672,4512.542850747172,4601.34228515625,419417,0.0,0.0,EICHERMOT
2024-06-10,4608.686318944722,4638.060608436569,4596.511315485991,4621.392578125,301649,0.0,0.0,EICHERMOT
2024-06-11,4647.723148070716,4649.607548880937,4583.997940300718,4598.10546875,733966,0.0,0.0,EICHERMOT
2024-06-12,4604.240690000967,4709.032044061065,4584.9154405151285,4687.0009765625,523152,0.0,0.0,EICHERMOT
2024-06-13,4722.076594620264,4724.6370958194475,4607.139484405915,4639.50927734375,840780,0.0,0.0,EICHERMOT
2024-06-14,4654.969965623125,4778.168444215123,4639.509764388051,4768.6025390625,549131,0.0,0.0,EICHERMOT
2024-06-18,4773.337666049107,4808.123122724768,4746.813566610734,4769.5693359375,706641,0.0,0.0,EICHERMOT
2024-06-19,4773.337487754828,4796.238101267432,4686.37384931395,4716.08642578125,652617,0.0,0.0,EICHERMOT
2024-06-20,4720.530829904245,4758.74632492754,4679.65764106794,4712.36572265625,637364,0.0,0.0,EICHERMOT
2024-06-21,4712.365941659275,4759.132956761372,4657.385694523269,4682.025390625,414677,0.0,0.0,EICHERMOT
2024-06-24,4674.7784144978505,4723.768116576746,4632.456301742094,4706.568359375,302473,0.0,0.0,EICHERMOT
2024-06-25,4706.568017115093,4730.821300743141,4601.390247388754,4613.95166015625,660144,0.0,0.0,EICHERMOT
2024-06-26,4613.951434579899,4645.210119953888,4560.758874145892,4579.79443359375,600784,0.0,0.0,EICHERMOT
2024-06-27,4562.692096903809,4605.6426591355275,4524.089716467107,4554.7685546875,1087487,0.0,0.0,EICHERMOT
2024-06-28,4554.768323623812,4574.238891897867,4498.241963156185,4515.296875,939279,0.0,0.0,EICHERMOT
2024-07-01,4483.45874897273,4569.891132759615,4469.931071712898,4479.15869140625,1364796,0.0,0.0,EICHERMOT
2024-07-02,4479.496435308021,4540.5644168384215,4437.947145898027,4469.68896484375,865321,0.0,0.0,EICHERMOT
2024-07-03,4486.985072842212,4545.057547454014,4481.622504320964,4533.99365234375,257361,0.0,0.0,EICHERMOT
2024-07-04,4533.993432269395,4565.590405385369,4504.715866646898,4531.2880859375,313153,0.0,0.0,EICHERMOT
2024-07-05,4541.482304404536,4588.587605739623,4540.081506731621,4577.4755859375,258687,0.0,0.0,EICHERMOT
2024-07-08,4598.3955449395935,4613.903870797856,4556.894377944019,4594.04736328125,542470,0.0,0.0,EICHERMOT
2024-07-09,4597.091114140982,4674.778534070274,4582.017322976692,4665.79248046875,631367,0.0,0.0,EICHERMOT
2024-07-10,4678.643562786204,4787.83123783677,4633.229220066057,4685.55224609375,832007,0.0,0.0,EICHERMOT
2024-07-11,4714.346942575263,4720.192642385663,4643.713054527217,4665.74365234375,308708,0.0,0.0,EICHERMOT
2024-07-12,4665.646684994168,4714.58825889774,4652.554016619663,4696.71240234375,290823,0.0,0.0,EICHERMOT
2024-07-15,4687.3879758921385,4751.113182798248,4662.796875917657,4716.666015625,223485,0.0,0.0,EICHERMOT
2024-07-16,4716.714151470309,4769.133897411305,4697.00248883288,4750.24365234375,664540,0.0,0.0,EICHERMOT
2024-07-18,4655.452890016012,4797.493482550747,4623.518101982204,4774.39990234375,773064,0.0,0.0,EICHERMOT
2024-07-19,4739.517670914536,4758.842921356594,4657.578797763363,4687.0498046875,662969,0.0,0.0,EICHERMOT
2024-07-22,4606.173668428755,4705.601992460573,4599.02341977662,4693.4755859375,377893,0.0,0.0,EICHERMOT
2024-07-23,4693.185251784557,4807.1561063867675,4624.484363067221,4753.57666015625,1128441,0.0,0.0,EICHERMOT
2024-07-24,4752.079055994569,4775.559046421618,4714.394817852278,4749.5185546875,400075,0.0,0.0,EICHERMOT
2024-07-25,4734.686476831486,4757.345522265191,4707.969411788085,4735.314453125,413861,0.0,0.0,EICHERMOT
2024-07-26,4731.594345644049,4888.225601993237,4699.659556552953,4843.39111328125,625674,0.0,0.0,EICHERMOT
2024-07-29,4864.16626034372,4877.645813256765,4764.786050790167,4794.8369140625,338482,0.0,0.0,EICHERMOT
2024-07-30,4783.04804187424,4810.683246870077,4738.696682455676,4784.78759765625,683440,0.0,0.0,EICHERMOT
2024-07-31,4784.787441042533,4824.355610525336,4773.289010726366,4795.271484375,567283,0.0,0.0,EICHERMOT
2024-08-01,4802.808362524275,4853.537150177936,4738.068766851983,4801.16552734375,654655,0.0,0.0,EICHERMOT
2024-08-02,4719.2263093161955,4719.2263093161955,4533.268892249899,4567.2333984375,2120560,0.0,0.0,EICHERMOT
2024-08-05,4456.548044467873,4535.008757864556,4401.326230146066,4518.00244140625,946316,0.0,0.0,EICHERMOT
2024-08-06,4528.872544731312,4591.679610105226,4481.573804468881,4496.88916015625,594238,0.0,0.0,EICHERMOT
2024-08-07,4557.5107427675275,4581.983620116192,4473.930776652612,4491.27197265625,1093582,51.0,0.0,EICHERMOT
2024-08-08,4517.50311255433,4535.03989092699,4443.2534939223815,4471.48779296875,979435,0.0,0.0,EICHERMOT
2024-08-09,4694.9696543591235,4741.229218860194,4608.312814738084,4719.34521484375,1697560,0.0,0.0,EICHERMOT
2024-08-12,4688.472772592401,4740.300771106401,4682.952994866525,4698.046875,738630,0.0,0.0,EICHERMOT
2024-08-13,4699.415041213914,4723.545881932217,4679.77787489645,4691.64794921875,194849,0.0,0.0,EICHERMOT
2024-08-14,4700.147966863715,4708.989343177256,4607.384593863889,4624.2373046875,328795,0.0,0.0,EICHERMOT
2024-08-16,4626.044547121373,4713.873937091376,4626.044547121373,4707.03515625,259101,0.0,0.0,EICHERMOT
2024-08-19,4736.344364846832,4736.344364846832,4669.910491742545,4702.443359375,280722,0.0,0.0,EICHERMOT
2024-08-20,4737.223257560478,4785.192514350714,4713.189733028631,4770.7822265625,523506,0.0,0.0,EICHERMOT
2024-08-21,4777.37685569341,4811.570759568516,4754.906576004055,4800.38427734375,221438,0.0,0.0,EICHERMOT
2024-08-22,4818.605301984037,4835.018185633086,4792.617838676786,4819.923828125,536373,0.0,0.0,EICHERMOT
2024-08-23,4806.686046656523,4853.4340947734845,4769.854135525462,4785.29052734375,208413,0.0,0.0,EICHERMOT
2024-08-26,4789.100538940208,4802.729443038415,4753.001354875532,4762.91796875,314431,0.0,0.0,EICHERMOT
2024-08-27,4753.978556769508,4774.690484916619,4725.304905816757,4756.71435546875,382109,0.0,0.0,EICHERMOT
2024-08-28,4757.837344016952,4861.151779156539,4728.528284402884,4832.91748046875,424484,0.0,0.0,EICHERMOT
2024-08-29,4832.917546845912,4879.3722161580445,4767.607096035137,4802.68017578125,571335,0.0,0.0,EICHERMOT
2024-08-30,4788.172435762901,4864.815823964397,4783.238934457212,4846.25341796875,465200,0.0,0.0,EICHERMOT
2024-09-02,4835.751004779081,4895.590339905647,4775.178943099945,4798.82177734375,310778,0.0,0.0,EICHERMOT
2024-09-03,4810.545489704604,4826.225647400674,4744.208929643288,4753.734375,263404,0.0,0.0,EICHERMOT
2024-09-04,4718.759002577,4765.116359990021,4710.161868500382,4722.22705078125,476838,0.0,0.0,EICHERMOT
2024-09-05,4738.29849739665,4751.096883590539,4676.895915275859,4689.5478515625,398344,0.0,0.0,EICHERMOT
2024-09-06,4684.27221702985,4718.759022800499,4631.027420602805,4643.0439453125,291111,0.0,0.0,EICHERMOT
2024-09-09,4643.043988972878,4669.910629624483,4607.482421844767,4638.0126953125,272444,0.0,0.0,EICHERMOT
2024-09-10,4639.624720438072,4657.698642806592,4581.348628316408,4628.0966796875,404100,0.0,0.0,EICHERMOT
2024-09-11,4621.062003088992,4669.42195428411,4593.706879180643,4617.7890625,384214,0.0,0.0,EICHERMOT
2024-09-12,4635.618926467896,4782.26203125,4609.045662689209,4762.72265625,757317,0.0,0.0,EICHERMOT
2024-09-13,4746.016534458142,4768.975300756714,4716.805263383237,4746.4072265625,315869,0.0,0.0,EICHERMOT
2024-09-16,4772.443917294406,4825.004647776133,4748.068354986993,4786.36572265625,453831,0.0,0.0,EICHERMOT
2024-09-17,4785.681541616456,4785.681541616456,4705.716552021066,4738.494140625,356442,0.0,0.0,EICHERMOT
2024-09-18,4751.976153461055,4766.33778536406,4701.418019015823,4738.640625,295359,0.0,0.0,EICHERMOT
2024-09-19,4762.722949138916,4810.398836256589,4733.511677124641,4752.85546875,357206,0.0,0.0,EICHERMOT
2024-09-20,4754.711730867159,4945.611822674073,4742.597412731729,4848.8427734375,1332877,0.0,0.0,EICHERMOT
2024-09-23,4875.073865356831,4876.44152614442,4742.841054984591,4767.16748046875,899953,0.0,0.0,EICHERMOT
2024-09-24,4774.934577029325,4782.21318474355,4743.183093908414,4764.57861328125,481696,0.0,0.0,EICHERMOT
2024-09-25,4739.27547979786,4806.686324593995,4739.27547979786,4782.50634765625,665986,0.0,0.0,EICHERMOT
2024-09-26,4801.8013024548545,4884.74585212983,4777.377084232805,4879.22607421875,790345,0.0,0.0,EICHERMOT
2024-09-27,4875.073928418661,4987.42533157861,4839.268120123049,4946.001953125,1040624,0.0,0.0,EICHERMOT
2024-09-30,4945.415399426449,4967.885678799584,4883.377888983228,4910.48876953125,516973,0.0,0.0,EICHERMOT
2024-10-01,4910.53781292637,4929.735630396957,4837.9492259760345,4858.12353515625,449002,0.0,0.0,EICHERMOT
2024-10-03,4816.455917366375,4835.995292284697,4602.499762010749,4672.35302734375,1337657,0.0,0.0,EICHERMOT
2024-10-04,4671.8642317059985,4692.184989452967,4582.813631855882,4598.39599609375,466001,0.0,0.0,EICHERMOT
2024-10-07,4639.428947000358,4639.428947000358,4542.904626608349,4560.44140625,447523,0.0,0.0,EICHERMOT
2024-10-08,4542.905006207745,4629.366746648473,4480.57458639916,4585.3544921875,661110,0.0,0.0,EICHERMOT
2024-10-09,4590.678554282481,4628.780337112056,4552.674563739063,4600.4482421875,930717,0.0,0.0,EICHERMOT
2024-10-10,4628.682127696014,4659.163742026934,4581.983214532674,4589.701171875,305739,0.0,0.0,EICHERMOT
2024-10-11,4595.660831519338,4697.412027694451,4552.674208095263,4619.15673828125,844931,0.0,0.0,EICHERMOT
2024-10-14,4639.624398331602,4699.21948957149,4621.696927117093,4669.71484375,346430,0.0,0.0,EICHERMOT
2024-10-15,4669.666391415408,4689.352216357071,4587.747466169884,4613.34423828125,370224,0.0,0.0,EICHERMOT
2024-10-16,4615.200225110885,4624.969912293593,4534.111821494415,4570.50390625,380474,0.0,0.0,EICHERMOT
2024-10-17,4538.01972671626,4547.740756342268,4416.875604840519,4517.35693359375,514244,0.0,0.0,EICHERMOT
2024-10-18,4507.635630020978,4689.351801790982,4505.828142582835,4655.890625,778795,0.0,0.0,EICHERMOT
2024-10-21,4655.255762346827,4741.082556331506,4633.762451376916,4699.6591796875,745473,0.0,0.0,EICHERMOT
2024-10-22,4699.659445740111,4715.046703328296,4640.25946038473,4649.44287109375,528037,0.0,0.0,EICHERMOT
2024-10-23,4613.7836347095445,4616.617225746872,4545.982098055296,4570.015625,655987,0.0,0.0,EICHERMOT
2024-10-24,4557.559125070285,4576.756465206083,4523.511669425519,4560.978515625,288778,0.0,0.0,EICHERMOT
2024-10-25,4542.904486442794,4565.032732243851,4404.907656612677,4485.849609375,446738,0.0,0.0,EICHERMOT
2024-10-28,4485.849624864973,4655.255903795357,4429.234097298423,4611.92724609375,989928,0.0,0.0,EICHERMOT
2024-10-29,4580.029469433563,4805.269422428635,4577.5383899518965,4785.33935546875,1065819,0.0,0.0,EICHERMOT
2024-10-30,4738.396124728144,4833.797025643427,4738.396124728144,4757.10498046875,842334,0.0,0.0,EICHERMOT
2024-10-31,4756.860769237139,4801.801331033176,4709.673370165505,4781.919921875,510074,0.0,0.0,EICHERMOT
2024-11-01,4870.042478649519,4875.07377200511,4816.455650498035,4839.51220703125,79729,0.0,0.0,EICHERMOT
2024-11-04,4887.237365328325,4899.498131953007,4680.7057962433155,4720.56640625,719165,0.0,0.0,EICHERMOT
2024-11-05,4720.566433177997,4796.916443692394,4697.265633660495,4786.951171875,499976,0.0,0.0,EICHERMOT
2024-11-06,4797.844935362127,4846.155754449945,4793.937060311843,4803.90185546875,370356,0.0,0.0,EICHERMOT
2024-11-07,4803.902041724247,4807.614809387284,4706.6936460795,4765.65380859375,221554,0.0,0.0,EICHERMOT
2024-11-08,4762.722493089931,4765.604741617901,4645.828281564066,4675.03955078125,194765,0.0,0.0,EICHERMOT
2024-11-11,4652.324924982067,4721.299010247153,4640.894200437862,4683.05078125,209237,0.0,0.0,EICHERMOT
2024-11-12,4677.726585594931,4696.533234879121,4597.17531771674,4629.07373046875,326018,0.0,0.0,EICHERMOT
2024-11-13,4591.753030382676,4611.243747357761,4431.578816306505,4483.0166015625,656931,0.0,0.0,EICHERMOT
2024-11-14,4616.617345695458,4858.465778121537,4596.931043007475,4771.22265625,2874648,0.0,0.0,EICHERMOT
2024-11-18,4767.559162284471,4800.824759639916,4750.9993500465835,4763.35791015625,494329,0.0,0.0,EICHERMOT
2024-11-19,4767.607670266869,4898.570145067259,4767.607670266869,4851.08984375,452273,0.0,0.0,EICHERMOT
2024-11-21,4777.67003713205,4843.811011626596,4755.297548399128,4769.6591796875,593722,0.0,0.0,EICHERMOT
2024-11-22,4799.847512441075,4889.7286382592265,4769.561480915394,4871.36181640625,339941,0.0,0.0,EICHERMOT
2024-11-25,4883.8671957213855,4950.301076359325,4873.120538559367,4887.14013671875,945466,0.0,0.0,EICHERMOT
2024-11-26,4893.636361629207,4898.863239734396,4762.722551994887,4818.16552734375,564637,0.0,0.0,EICHERMOT
2024-11-27,4819.386667414687,4857.390654992064,4777.474804980293,4804.24365234375,189349,0.0,0.0,EICHERMOT
2024-11-28,4806.686223467065,4806.686223467065,4683.3925770834385,4704.78857421875,954250,0.0,0.0,EICHERMOT
2024-11-29,4726.574668472313,4752.2687550001565,4697.265606865415,4720.56640625,407774,0.0,0.0,EICHERMOT
2024-12-02,4726.623365653194,4733.901973494028,4585.451384398445,4709.67333984375,250521,0.0,0.0,EICHERMOT
2024-12-03,4709.722249960161,4757.837962413729,4709.722249960161,4732.77880859375,351449,0.0,0.0,EICHERMOT
2024-12-04,4724.669653317077,4766.4350684464935,4641.578649821189,4686.56787109375,349544,0.0,0.0,EICHERMOT
2024-12-05,4686.567533092874,4767.607277945096,4650.371033405462,4726.134765625,525957,0.0,0.0,EICHERMOT
2024-12-06,4739.275253354009,4815.185913594228,4716.365146091413,4764.72509765625,327806,0.0,0.0,EICHERMOT
2024-12-09,4774.055676577345,4775.423337445285,4704.10461738933,4730.58056640625,377043,0.0,0.0,EICHERMOT
2024-12-10,4728.528717194038,4762.624830925379,4687.007545607107,4702.19921875,342297,0.0,0.0,EICHERMOT
2024-12-11,4710.943502161902,4722.276435525269,4684.663137135963,4691.35546875,240736,0.0,0.0,EICHERMOT
2024-12-12,4691.355392337827,4708.989487883842,4665.025893079947,4696.923828125,236847,0.0,0.0,EICHERMOT
2024-12-13,4677.726397572183,4746.554037156016,4644.7050444770475,4714.75341796875,404369,0.0,0.0,EICHERMOT
2024-12-16,4708.989067586158,4752.952658466112,4689.449693861734,4727.06298828125,404180,0.0,0.0,EICHERMOT
2024-12-17,4697.36320101243,4718.758719675913,4618.082288116899,4633.42041015625,402231,0.0,0.0,EICHERMOT
2024-12-18,4615.200340717989,4688.815030890779,4607.726625243109,4640.455078125,331577,0.0,0.0,EICHERMOT
2024-12-19,4601.522979643617,4669.9107946277045,4565.961411258999,4662.04638671875,500287,0.0,0.0,EICHERMOT
2024-12-20,4638.647574073952,4711.383087527123,4611.292449374274,4625.45849609375,386086,0.0,0.0,EICHERMOT
2024-12-23,4640.601529880485,4666.19830176477,4589.799155237582,4641.138671875,371318,0.0,0.0,EICHERMOT
2024-12-24,4641.138947736977,4697.265996180263,4629.5131144097795,4682.513671875,227611,0.0,0.0,EICHERMOT
2024-12-26,4682.513466147084,4713.239324409161,4662.094914506163,4690.76904296875,328172,0.0,0.0,EICHERMOT
2024-12-27,4708.989189008971,4840.83130742831,4679.240300932254,4764.57861328125,408992,0.0,0.0,EICHERMOT
2024-12-30,4777.377367070105,4791.983241245814,4721.006077262035,4743.96484375,242799,0.0,0.0,EICHERMOT
2024-12-31,4715.8278505528615,4760.182133520551,4699.219382879483,4710.84521484375,313948,0.0,0.0,EICHERMOT
2025-01-01,4717.7820074454075,4793.448426562915,4633.225554493947,4772.78515625,290234,0.0,0.0,EICHERMOT
2025-01-02,4772.492103524343,5207.243175390942,4755.150909084721,5185.84765625,2863478,0.0,0.0,EICHERMOT
2025-01-03,5202.358327412265,5261.660518315464,5149.357775438159,5188.4365234375,836689,0.0,0.0,EICHERMOT
2025-01-06,5188.436651458934,5226.782673879451,5068.953567316978,5129.18359375,419050,0.0,0.0,EICHERMOT
2025-01-07,5129.183668971841,5170.118563704423,5047.50898703305,5058.06005859375,439721,0.0,0.0,EICHERMOT
2025-01-08,5092.156624197465,5117.21577680776,5016.05037821992,5044.28515625,343162,0.0,0.0,EICHERMOT
2025-01-09,5066.852738080116,5076.183075681201,4987.425371074853,5021.521484375,239408,0.0,0.0,EICHERMOT
2025-01-10,5031.389051967305,5043.79674588054,4923.922489692275,4941.94775390625,316803,0.0,0.0,EICHERMOT
2025-01-13,4894.6136719735905,4908.486819702384,4812.1576009306855,4825.3466796875,213093,0.0,0.0,EICHERMOT
2025-01-14,4836.043876503574,4925.241407873136,4836.043876503574,4913.712890625,448429,0.0,0.0,EICHERMOT
2025-01-15,4921.870796644198,4976.092562560323,4888.94723581374,4964.857421875,497259,0.0,0.0,EICHERMOT
2025-01-16,4994.31272030193,5015.855166652753,4918.939679473547,4931.54248046875,435315,0.0,0.0,EICHERMOT
2025-01-17,4889.728182819802,4958.506681632588,4882.938059763731,4896.85986328125,197564,0.0,0.0,EICHERMOT
2025-01-20,4896.909440692197,4922.4084206368825,4816.455968209622,4901.2080078125,255315,0.0,0.0,EICHERMOT
2025-01-21,4916.448592050699,4963.001055759134,4845.7648103475,4855.48583984375,416551,0.0,0.0,EICHERMOT
2025-01-22,4865.30463653229,4909.268232645533,4839.122063439067,4894.32080078125,494734,0.0,0.0,EICHERMOT
2025-01-23,4881.522118663881,5039.2047784410315,4863.154820066708,4998.36767578125,442186,0.0,0.0,EICHERMOT
2025-01-24,5015.757441733657,5104.173111479839,4997.243693552711,5086.39208984375,730641,0.0,0.0,EICHERMOT
2025-01-27,5070.468194757447,5088.053633583196,4997.781809684799,5026.01611328125,418597,0.0,0.0,EICHERMOT
2025-01-28,5041.158504528418,5074.3754404109695,4972.770695358458,4987.81591796875,603950,0.0,0.0,EICHERMOT
2025-01-29,4963.538402812537,5114.431417393002,4963.538402812537,5063.53125,357310,0.0,0.0,EICHERMOT
2025-01-30,5063.531271019254,5146.671407577623,5021.668064409662,5045.40869140625,480830,0.0,0.0,EICHERMOT
2025-01-31,5046.043949732307,5123.224486427148,5026.504573353866,5074.6689453125,394118,0.0,0.0,EICHERMOT
2025-02-01,5094.696725680324,5298.150479009308,5011.947754245158,5266.00830078125,609534,0.0,0.0,EICHERMOT
2025-02-03,5446.600419965049,5447.088904307646,5282.371888576583,5358.91748046875,1330533,0.0,0.0,EICHERMOT
2025-02-04,5409.035805397885,5426.2305497349735,5316.6636066478495,5324.5771484375,591631,0.0,0.0,EICHERMOT
2025-02-05,5324.479932535492,5344.019308434704,5227.760021834388,5292.435546875,442234,0.0,0.0,EICHERMOT
2025-02-06,5303.084393527034,5319.64372832469,5208.12283616149,5218.96728515625,361000,0.0,0.0,EICHERMOT
2025-02-07,5245.002905765673,5274.654001160776,5197.522131629844,5248.81298828125,604384,0.0,0.0,EICHERMOT
2025-02-10,5275.631147901805,5319.496948520775,5185.163747995497,5212.47021484375,631815,0.0,0.0,EICHERMOT
2025-02-11,5020.495860165007,5021.130794433239,4840.831405889014,4857.83056640625,2272410,0.0,0.0,EICHERMOT
2025-02-12,4835.99524611863,4884.843682948112,4723.057564761767,4737.76123046875,813864,0.0,0.0,EICHERMOT
2025-02-13,4738.933186343565,4794.034126280332,4679.680129381771,4709.3798828125,571526,0.0,0.0,EICHERMOT
2025-02-14,4719.8341331883175,4738.298748367629,4578.1245204823,4595.0263671875,476473,0.0,0.0,EICHERMOT
2025-02-17,4591.752932908151,4645.486211910267,4538.996622615163,4635.912109375,232211,0.0,0.0,EICHERMOT
2025-02-18,4659.163798322064,4662.583188821986,4576.561284345298,4610.7060546875,254026,0.0,0.0,EICHERMOT
2025-02-19,4591.752831804845,4709.96604300663,4569.331209609813,4699.8056640625,275722,0.0,0.0,EICHERMOT
2025-02-20,4669.910647246356,4786.169929050188,4666.979740982394,4775.81396484375,277284,0.0,0.0,EICHERMOT
2025-02-21,4775.42317824742,4868.137415822249,4743.183209981838,4848.15869140625,324027,0.0,0.0,EICHERMOT
2025-02-24,4822.3174638997525,4933.594102515786,4802.338263333377,4895.39453125,410180,0.0,0.0,EICHERMOT
2025-02-25,4912.1988145738715,4958.116345259029,4863.399035297461,4874.87841796875,402917,0.0,0.0,EICHERMOT
2025-02-27,4846.253319481467,4884.843583793435,4777.230575049567,4821.8291015625,561804,0.0,0.0,EICHERMOT
2025-02-28,4796.965305205614,4818.361302838526,4645.486488645589,4663.658203125,1076243,0.0,0.0,EICHERMOT
2025-03-03,4715.82840286974,4814.5022517800035,4715.82840286974,4793.59521484375,503560,0.0,0.0,EICHERMOT
2025-03-04,4774.446599113203,4774.446599113203,4678.019586254276,4704.20263671875,638281,0.0,0.0,EICHERMOT
2025-03-05,4697.265808917312,4888.7516863190995,4670.7898600531225,4873.4130859375,551830,0.0,0.0,EICHERMOT
2025-03-06,4880.545017522579,4989.477029456256,4880.545017522579,4977.0693359375,648307,0.0,0.0,EICHERMOT
2025-03-07,4977.069420133139,5013.2172632697175,4956.162384645031,4983.224609375,590548,0.0,0.0,EICHERMOT
2025-03-10,5005.011033157787,5011.849814581192,4856.169744914141,4875.611328125,316750,0.0,0.0,EICHERMOT
2025-03-11,4835.995028013577,4894.613149565257,4798.918875317942,4870.72607421875,228128,0.0,0.0,EICHERMOT
2025-03-12,4870.18926280526,4923.824752258337,4846.25352821374,4901.89208984375,235018,0.0,0.0,EICHERMOT
2025-03-13,4914.641449681985,4931.24991894838,4850.698652192154,4899.74267578125,265867,0.0,0.0,EICHERMOT
2025-03-17,4821.340872860564,4960.021780372356,4821.340872860564,4933.9365234375,287729,0.0,0.0,EICHERMOT
2025-03-18,4933.9365234375,4933.9365234375,4933.9365234375,4933.9365234375,0,0.0,0.0,EICHERMOT
2025-03-19,5012.82677736762,5021.22880422773,4938.186458471299,4983.419921875,417978,0.0,0.0,EICHERMOT
2025-03-20,5010.87271176089,5137.8299914605195,4995.534111593074,5108.91162109375,491655,0.0,0.0,EICHERMOT
2025-03-21,5128.25544706502,5205.240871212819,5109.88862527748,5183.74755859375,414691,0.0,0.0,EICHERMOT
2025-03-24,5202.846922231298,5330.341340286163,5190.537020943037,5299.27392578125,316612,0.0,0.0,EICHERMOT
2025-03-25,5334.248982307249,5373.1812795357655,5276.803414850443,5306.1611328125,324007,0.0,0.0,EICHERMOT
2025-03-26,5308.750319197759,5368.443204375075,5265.861487094023,5278.85498046875,384678,0.0,0.0,EICHERMOT
2025-03-27,5206.705972271539,5280.515765937748,5177.9340535559795,5222.63037109375,603145,0.0,0.0,EICHERMOT
2025-03-28,5239.483564324252,5283.789193880549,5199.867671130757,5224.5361328125,286609,0.0,0.0,EICHERMOT
2025-04-01,5241.974495035074,5397.752353312762,5144.815238896759,5184.96875,562006,0.0,0.0,EICHERMOT
2025-04-02,5238.21315834429,5269.720398250075,5188.924897661976,5232.15576171875,365908,0.0,0.0,EICHERMOT
2025-04-03,5143.740345730526,5283.739773443042,5143.740345730526,5255.26123046875,224286,0.0,0.0,EICHERMOT
2025-04-04,5227.711095045895,5231.765419929125,5109.546534565212,5127.0341796875,261887,0.0,0.0,EICHERMOT
2025-04-07,4884.8440931777795,5048.388578010261,4884.79543555107,4948.59130859375,519173,0.0,0.0,EICHERMOT
2025-04-08,5046.580408571363,5147.648010020716,4992.1144042899705,5110.865234375,355195,0.0,0.0,EICHERMOT
2025-04-09,5149.162202539388,5201.381370485908,5062.993849227093,5137.1943359375,472302,0.0,0.0,EICHERMOT
2025-04-11,5168.164806536722,5284.424090464486,5168.164806536722,5227.662109375,500528,0.0,0.0,EICHERMOT
2025-04-15,5338.157188234762,5429.015280933487,5274.654220219524,5401.66015625,542322,0.0,0.0,EICHERMOT
2025-04-16,5421.199547430104,5500.334015503962,5411.429860013578,5486.16796875,734279,0.0,0.0,EICHERMOT
2025-04-17,5486.168251262644,5583.865130458844,5447.577983980144,5547.71728515625,564357,0.0,0.0,EICHERMOT
2025-04-21,5564.325354809585,5722.594287735431,5513.5229812778325,5676.6767578125,551547,0.0,0.0,EICHERMOT
2025-04-22,5677.165755529127,5770.466276894302,5633.6906434793855,5650.78759765625,459537,0.0,0.0,EICHERMOT
2025-04-23,5655.672251333841,5682.5388927074255,5476.398480713741,5607.80078125,582611,0.0,0.0,EICHERMOT
2025-04-24,5603.89264293536,5641.505939091742,5490.564270100544,5520.36181640625,503663,0.0,0.0,EICHERMOT
2025-04-25,5532.08563812067,5537.458966334297,5390.425167034136,5447.08935546875,457510,0.0,0.0,EICHERMOT
2025-04-28,5451.973865097844,5527.688939830409,5422.664803911044,5492.51806640625,403569,0.0,0.0,EICHERMOT
2025-04-29,5496.914805818275,5560.417776115652,5381.144006122289,5450.5087890625,309552,0.0,0.0,EICHERMOT
2025-04-30,5475.909477989014,5475.909477989014,5378.701093857006,5438.78466796875,509786,0.0,0.0,EICHERMOT
2025-05-02,5431.946210075827,5431.946210075827,5252.183961397059,5314.7099609375,634482,0.0,0.0,EICHERMOT
2025-05-05,5343.530511609299,5353.788683356606,5286.37784044573,5334.73779296875,320466,0.0,0.0,EICHERMOT
2025-05-06,5334.737627316126,5468.093855890185,5315.198253166081,5387.982421875,514699,0.0,0.0,EICHERMOT
2025-05-07,5334.737933208391,5442.692981577501,5326.9221831002205,5362.58154296875,349955,0.0,0.0,EICHERMOT
2025-05-08,5337.668308797333,5362.092525456971,5216.524194165528,5248.76416015625,609858,0.0,0.0,EICHERMOT
2025-05-09,5173.049741038517,5217.501820966232,5139.344317796623,5201.3818359375,412056,0.0,0.0,EICHERMOT
2025-05-12,5378.213144053584,5413.384020199983,5289.3089849057405,5392.86767578125,327631,0.0,0.0,EICHERMOT
2025-05-13,5379.678120206392,5425.59564888154,5268.303688951779,5294.193359375,416275,0.0,0.0,EICHERMOT
2025-05-14,5304.940561742633,5351.346579547932,5236.55274602956,5321.060546875,315866,0.0,0.0,EICHERMOT
2025-05-15,5373.328266499726,5420.222767734633,5236.552637897915,5340.111328125,1930277,0.0,0.0,EICHERMOT
2025-05-16,5377.236046828206,5456.85900064661,5364.5354529676015,5382.609375,638327,0.0,0.0,EICHERMOT
2025-05-19,5383.097831960613,5498.380144877374,5382.609347583847,5402.63720703125,654074,0.0,0.0,EICHERMOT
2025-05-20,5422.176361296404,5429.503626649507,5256.091679959397,5263.4189453125,402780,0.0,0.0,EICHERMOT
2025-05-21,5285.400796849001,5351.346185719114,5260.9765787489605,5284.423828125,300888,0.0,0.0,EICHERMOT
2025-05-22,5258.0458203052485,5285.400945345856,5197.473757715334,5262.9306640625,461736,0.0,0.0,EICHERMOT
2025-05-23,5265.861659975405,5312.267676459418,5252.184097222223,5275.63134765625,282287,0.0,0.0,EICHERMOT
2025-05-26,5278.56231179468,5346.95012630988,5276.119889847709,5302.498046875,337099,0.0,0.0,EICHERMOT
2025-05-27,5295.170593573152,5319.594812178194,5252.183968828277,5265.373046875,452769,0.0,0.0,EICHERMOT
2025-05-28,5280.5162681580305,5284.912627678236,5191.612108971651,5203.82421875,380066,0.0,0.0,EICHERMOT
2025-05-29,5205.777825722355,5272.211698697699,5165.233623832991,5255.11474609375,704795,0.0,0.0,EICHERMOT
2025-05-30,5254.137705108336,5278.561922778048,5196.985035761211,5210.66259765625,915804,0.0,0.0,EICHERMOT
2025-06-02,5217.012953798265,5260.976546105554,5194.0541889266815,5237.529296875,475698,0.0,0.0,EICHERMOT
2025-06-03,5289.308551798305,5289.308551798305,5174.026244980389,5230.6904296875,479572,0.0,0.0,EICHERMOT
2025-06-04,5217.01272110572,5261.4647957892985,5174.51458377087,5196.98486328125,321913,0.0,0.0,EICHERMOT
2025-06-05,5208.709051475154,5215.059348546258,5162.30303441709,5186.23876953125,459910,0.0,0.0,EICHERMOT
2025-06-06,5168.653263826126,5280.516187691184,5140.321169572094,5269.76953125,538092,0.0,0.0,EICHERMOT
2025-06-09,5297.124409280224,5318.617721158528,5253.649301162745,5266.83837890625,270949,0.0,0.0,EICHERMOT
2025-06-10,5301.032398085194,5301.032398085194,5246.8106328633485,5253.6494140625,330659,0.0,0.0,EICHERMOT
2025-06-11,5246.322254129589,5309.336739304889,5219.455613163376,5228.73681640625,366787,0.0,0.0,EICHERMOT
2025-06-12,5227.759537445031,5251.206786351531,5179.8880709275945,5193.0771484375,337217,0.0,0.0,EICHERMOT
2025-06-13,5158.394802241963,5210.662628363165,5099.28819513294,5196.49658203125,414671,0.0,0.0,EICHERMOT
2025-06-16,5182.819373252562,5257.557484855545,5182.819373252562,5241.4375,294926,0.0,0.0,EICHERMOT
2025-06-17,5257.068985428174,5266.838673191467,5188.68117108512,5217.990234375,710729,0.0,0.0,EICHERMOT
2025-06-18,5211.151324090545,5337.180293120857,5185.261652157962,5268.79248046875,774670,0.0,0.0,EICHERMOT
2025-06-19,5285.400652831187,5379.6781321284525,5280.5158093442815,5366.9775390625,923400,0.0,0.0,EICHERMOT
2025-06-20,5402.637285244627,5414.36091045673,5368.44337837599,5397.75244140625,776879,0.0,0.0,EICHERMOT
2025-06-23,5368.443435881923,5431.946406461054,5353.3004198207445,5424.619140625,247519,0.0,0.0,EICHERMOT
2025-06-24,5460.278184731829,5509.615105170004,5431.946091806937,5499.35693359375,579369,0.0,0.0,EICHERMOT
2025-06-25,5502.287885581061,5522.315744539586,5439.2734025164345,5447.57763671875,449222,0.0,0.0,EICHERMOT
2025-06-26,5448.066346949693,5493.006910378311,5385.05186127261,5482.26025390625,788150,0.0,0.0,EICHERMOT
2025-06-27,5485.679473122102,5554.067284897444,5466.140098329146,5529.64306640625,413724,0.0,0.0,EICHERMOT
2025-06-30,5529.643023374657,5552.601788577715,5483.725492968542,5526.2236328125,340049,0.0,0.0,EICHERMOT
2025-07-01,5526.224074576535,5616.593689514806,5502.776823133092,5583.865234375,534027,0.0,0.0,EICHERMOT
2025-07-02,5556.021223019741,5612.685409925868,5556.021223019741,5590.70361328125,299925,0.0,0.0,EICHERMOT
2025-07-03,5578.491702977388,5641.506188939216,5568.722015231368,5584.353515625,335537,0.0,0.0,EICHERMOT
2025-07-04,5583.864728007653,5583.864728007653,5490.564215099817,5499.35693359375,185006,0.0,0.0,EICHERMOT
2025-07-07,5500.3341399032115,5568.721953365596,5495.44929608447,5551.625,227078,0.0,0.0,EICHERMOT
2025-07-08,5573.607040500649,5573.607040500649,5518.408302939162,5548.6943359375,180630,0.0,0.0,EICHERMOT
2025-07-09,5540.390150779878,5586.796169500041,5538.924697557136,5563.83740234375,177978,0.0,0.0,EICHERMOT
2025-07-10,5560.905896834085,5573.606490062975,5505.218680368951,5521.8271484375,189074,0.0,0.0,EICHERMOT
2025-07-11,5502.288195991091,5552.602088408268,5460.27853824471,5483.2373046875,522930,0.0,0.0,EICHERMOT
2025-07-14,5477.375447080729,5486.168166071851,5393.356132276673,5412.8955078125,503684,0.0,0.0,EICHERMOT
2025-07-15,5461.255453099848,5512.546313795329,5440.250624434079,5462.232421875,715066,0.0,0.0,EICHERMOT
2025-07-16,5471.024879476584,5503.753331880596,5412.406755767906,5496.91455078125,226544,0.0,0.0,EICHERMOT
2025-07-17,5537.458972967367,5552.1135044766315,5498.380222275996,5519.87353515625,391603,0.0,0.0,EICHERMOT
2025-07-18,5533.550960684141,5550.647913687666,5482.260101673562,5497.8916015625,254828,0.0,0.0,EICHERMOT
2025-07-21,5468.0939678728855,5497.403029698183,5412.895234768576,5429.9921875,190717,0.0,0.0,EICHERMOT
2025-07-22,5344.018736463312,5411.429576100601,5308.359379263877,5314.22119140625,517944,0.0,0.0,EICHERMOT
2025-07-23,5306.894090123357,5336.203151740387,5297.124402917681,5316.17529296875,344237,0.0,0.0,EICHERMOT
2025-07-24,5314.709898976047,5375.281960324671,5308.848086587471,5343.0419921875,284450,0.0,0.0,EICHERMOT
2025-07-25,5353.7886239186455,5353.7886239186455,5248.764485766957,5307.87109375,292877,0.0,0.0,EICHERMOT
2025-07-28,5307.8711438835935,5330.341424816655,5233.621519930868,5261.95361328125,322292,0.0,0.0,EICHERMOT
2025-07-29,5265.861343120201,5357.696401794283,5229.713500876148,5344.50732421875,217256,0.0,0.0,EICHERMOT
2025-07-30,5339.134612129544,5428.527259340862,5314.7103915800035,5354.76611328125,266223,0.0,0.0,EICHERMOT
2025-07-31,5324.4797887189125,5383.097914833249,5262.442271914573,5342.5537109375,307018,0.0,0.0,EICHERMOT
2025-08-01,5493.473068833524,5611.239830712679,5418.2606830955765,5470.71142578125,1408773,70.0,0.0,EICHERMOT
2025-08-04,5470.216532668022,5611.239753998677,5462.7942578611455,5562.74755859375,505407,0.0,0.0,EICHERMOT
2025-08-05,5566.706322507316,5631.032706678512,5526.626036985263,5622.1259765625,458305,0.0,0.0,EICHERMOT
2025-08-06,5625.589747523791,5653.299574761132,5592.436918507686,5609.2607421875,202535,0.0,0.0,EICHERMOT
2025-08-07,5601.3434175751345,5635.485881869541,5530.089579047677,5622.62060546875,266900,0.0,0.0,EICHERMOT
2025-08-08,5622.620778518453,5652.309878818647,5596.890224924951,5604.3125,373874,0.0,0.0,EICHERMOT
2025-08-11,5618.167122533583,5649.3406762344475,5593.921025210689,5612.72412109375,475811,0.0,0.0,EICHERMOT
2025-08-12,5620.641446137522,5634.991177798582,5584.519707818299,5599.3642578125,429572,0.0,0.0,EICHERMOT
2025-08-13,5599.364336166495,5697.833185839271,5589.962787705275,5655.27880859375,427562,0.0,0.0,EICHERMOT
2025-08-14,5650.825246139833,5725.542812879511,5650.825246139833,5704.265625,415010,0.0,0.0,EICHERMOT
2025-08-18,5819.063560475516,5962.066057837542,5765.128362508523,5850.73193359375,1288582,0.0,0.0,EICHERMOT
2025-08-19,5856.6699672620925,5932.87199285844,5830.444594816597,5876.95751953125,843617,0.0,0.0,EICHERMOT
2025-08-20,5902.193145394736,5907.636147121711,5843.804581414473,5875.9677734375,510626,0.0,0.0,EICHERMOT
2025-08-21,5927.923651608264,5930.397743282558,5836.877077994247,5913.0791015625,499089,0.0,0.0,EICHERMOT
2025-08-22,5908.13100822063,5911.099918275012,5852.216535529765,5863.1025390625,273421,0.0,0.0,EICHERMOT
2025-08-25,5883.389988657171,5946.72673538115,5819.063605265629,5928.41845703125,822944,0.0,0.0,EICHERMOT
2025-08-26,5918.027019869737,6145.64344371088,5898.234287361811,6087.2548828125,1474805,0.0,0.0,EICHERMOT
2025-08-28,6204.526805231432,6204.526805231432,6057.565766779105,6069.44140625,719052,0.0,0.0,EICHERMOT
2025-08-29,6085.275727053421,6110.511461488267,6007.094432137627,6039.75244140625,496302,0.0,0.0,EICHERMOT
2025-09-01,6021.939301120248,6226.794097395004,6021.939301120248,6214.91845703125,698178,0.0,0.0,EICHERMOT
2025-09-02,6245.102113767916,6321.798954559774,6217.39228741731,6283.203125,701158,0.0,0.0,EICHERMOT
2025-09-03,6283.203389161574,6312.892490071143,6242.628284585165,6305.47021484375,536107,0.0,0.0,EICHERMOT
2025-09-04,6620.669241701118,6643.430884834022,6345.055432461393,6358.41552734375,1181698,0.0,0.0,EICHERMOT
2025-09-05,6382.166975269617,6530.117659531178,6373.7550634554145,6512.30419921875,610721,0.0,0.0,EICHERMOT
2025-09-08,6502.4078534110195,6777.032034115921,6500.923398380181,6744.3740234375,968116,0.0,0.0,EICHERMOT
2025-09-09,6711.715931755263,6865.109616423808,6708.747021729421,6803.25732421875,983283,0.0,0.0,EICHERMOT
2025-09-10,6828.492805449152,6852.738903091688,6732.00323319824,6765.65087890625,740607,0.0,0.0,EICHERMOT
2025-09-11,6734.477277147802,6757.733737987328,6680.047262416997,6687.96435546875,719575,0.0,0.0,EICHERMOT
2025-09-12,6694.891921875001,6827.503232670455,6692.417830255682,6803.751953125,731798,0.0,0.0,EICHERMOT
2025-09-15,6803.752157096039,6828.9878923696315,6717.1589478239075,6730.51904296875,380686,0.0,0.0,EICHERMOT
2025-09-16,6752.29097615369,6882.42819781047,6730.024151155381,6855.7080078125,579275,0.0,0.0,EICHERMOT
2025-09-17,6849.2752262937875,6866.099049274137,6808.205305488818,6819.09130859375,310534,0.0,0.0,EICHERMOT
2025-09-18,6824.039793811264,6863.130443054327,6797.319603189423,6852.7392578125,224356,0.0,0.0,EICHERMOT
2025-09-19,6875.006073074631,6945.270277938356,6853.234065933758,6901.2314453125,550551,0.0,0.0,EICHERMOT
2025-09-22,6927.456491933307,6932.8994934626835,6853.23374380545,6874.01611328125,332786,0.0,0.0,EICHERMOT
2025-09-23,6942.301274315924,7048.687216866026,6906.179535682634,6918.05517578125,679055,0.0,0.0,EICHERMOT
2025-09-24,6877.974748097991,6987.329598409477,6855.707923373932,6938.83740234375,323002,0.0,0.0,EICHERMOT
2025-09-25,6936.858023524728,6971.495305901983,6860.161183975093,6913.6015625,375861,0.0,0.0,EICHERMOT
2025-09-26,6907.6640685974535,7017.513740748502,6893.314336649793,6973.9697265625,679362,0.0,0.0,EICHERMOT
2025-09-29,6975.949053076906,7000.195152069725,6896.778117590148,6912.6123046875,612976,0.0,0.0,EICHERMOT
2025-09-30,6912.117044824714,6959.619603082511,6879.459036022477,6932.8994140625,363934,0.0,0.0,EICHERMOT
2025-10-01,6927.456698288293,6989.803808572888,6877.974864729091,6948.73388671875,313734,0.0,0.0,EICHERMOT
2025-10-03,6927.456432452997,6935.868343835261,6779.010937471861,6869.06787109375,669742,0.0,0.0,EICHERMOT
2025-10-06,6869.068031346521,6883.417762862804,6793.855645468068,6808.7001953125,218200,0.0,0.0,EICHERMOT
2025-10-07,6808.700319821762,6926.467084074493,6808.700319821762,6884.90234375,286586,0.0,0.0,EICHERMOT
2025-10-08,6884.902485017317,6934.384319752241,6818.10200812517,6830.96728515625,476286,0.0,0.0,EICHERMOT
2025-10-09,6853.233941979174,6885.891952099797,6747.34281825473,6825.029296875,405889,0.0,0.0,EICHERMOT
2025-10-10,6824.039588077104,6911.622432474875,6805.23649153973,6892.8193359375,282882,0.0,0.0,EICHERMOT
2025-10-13,6926.961860833344,6973.969602584839,6825.029283982736,6840.36865234375,342990,0.0,0.0,EICHERMOT
2025-10-14,6867.583364257103,6870.057455821429,6744.373604353651,6815.62744140625,309415,0.0,0.0,EICHERMOT
2025-10-15,6822.060466852112,6868.078572561639,6793.855821417241,6823.544921875,237366,0.0,0.0,EICHERMOT
2025-10-16,6821.565570973231,6943.7856998017805,6820.575934302554,6915.5810546875,319047,0.0,0.0,EICHERMOT
2025-10-17,6917.560189114084,7025.430584051629,6915.580915812478,6969.51611328125,402013,0.0,0.0,EICHERMOT
2025-10-20,6975.948996870433,7030.873832921831,6934.879074417585,6940.81689453125,326177,0.0,0.0,EICHERMOT
2025-10-21,6964.073415557433,6984.855786131073,6932.405041349981,6945.76513671875,14379,0.0,0.0,EICHERMOT
2025-10-23,7026.420515798624,7026.420515798624,6797.814439862077,6813.15380859375,419750,0.0,0.0,EICHERMOT
2025-10-24,6822.555125668175,6837.894493879352,6721.61218647204,6769.11474609375,243740,0.0,0.0,EICHERMOT
2025-10-27,6796.82476878665,6855.708151684554,6767.630486509538,6834.92578125,228141,0.0,0.0,EICHERMOT
2025-10-28,6833.4410903750895,6949.228578799983,6833.4410903750895,6929.9306640625,485231,0.0,0.0,EICHERMOT
2025-10-29,6934.878936521752,6934.878936521752,6817.6069916087545,6879.9541015625,343504,0.0,0.0,EICHERMOT
2025-10-30,6879.954043016947,6916.075781016101,6797.8142004435285,6817.60693359375,412184,0.0,0.0,EICHERMOT
2025-10-31,6857.192615629348,7025.430852699198,6830.967243380225,6934.38427734375,670785,0.0,0.0,EICHERMOT
2025-11-03,6957.145528738343,6996.730994051221,6923.9927015388075,6950.712890625,334962,0.0,0.0,EICHERMOT
2025-11-04,6976.938529406791,6986.83489611517,6834.925667141561,6858.18212890625,494329,0.0,0.0,EICHERMOT
2025-11-06,6873.026591223692,6902.715690969799,6723.096637505853,6735.9619140625,435650,0.0,0.0,EICHERMOT
2025-11-07,6735.962067474711,6825.524187081919,6650.853312930845,6814.63818359375,465149,0.0,0.0,EICHERMOT
2025-11-10,6798.804060446325,6843.832529842293,6730.0243104898445,6795.34033203125,514365,0.0,0.0,EICHERMOT
2025-11-11,6800.288494188366,6818.596772896433,6684.006183474965,6801.77294921875,409676,0.0,0.0,EICHERMOT
2025-11-12,6834.925456829379,6853.23373467653,6767.630165283097,6807.71044921875,300606,0.0,0.0,EICHERMOT
2025-11-13,6803.752206347443,6874.511229293456,6688.459532596246,6783.95947265625,842032,0.0,0.0,EICHERMOT
2025-11-14,6728.539892104066,6779.011363570062,6600.876758395958,6625.61767578125,739163,0.0,0.0,EICHERMOT
2025-11-17,6660.254622261776,6738.435917233347,6605.824606775238,6728.53955078125,789635,0.0,0.0,EICHERMOT
2025-11-18,6764.166457439101,6782.969553663144,6684.005889326069,6743.87890625,517129,0.0,0.0,EICHERMOT
2025-11-19,6729.529358188936,6839.873846929829,6689.9438913760605,6825.029296875,416170,0.0,0.0,EICHERMOT
2025-11-20,6834.430996070451,7064.026708652025,6815.133080573293,7051.65625,857232,0.0,0.0,EICHERMOT
2025-11-21,7051.656258041636,7130.332375158232,7015.039700389886,7060.56298828125,654156,0.0,0.0,EICHERMOT
2025-11-24,7077.38670741496,7209.00838567633,7061.057702217121,7183.27783203125,1229296,0.0,0.0,EICHERMOT
2025-11-25,7183.277850058119,7199.112036956367,7105.591370588592,7143.6923828125,521990,0.0,0.0,EICHERMOT
2025-11-26,7182.782794646889,7197.627344374045,7105.591136065674,7123.8994140625,313545,0.0,0.0,EICHERMOT
2025-11-27,7135.2801265136095,7135.774944830288,6908.65333747455,6926.466796875,480102,0.0,0.0,EICHERMOT
2025-11-28,6926.467144524881,6991.783165604841,6883.912767154604,6980.40234375,449709,0.0,0.0,EICHERMOT
2025-12-01,6988.319501701635,7174.866018174163,6952.197762437724,7051.65625,974710,0.0,0.0,EICHERMOT
2025-12-02,7051.160985212544,7121.425185907294,7018.008158124177,7038.79052734375,448174,0.0,0.0,EICHERMOT
2025-12-03,7016.52372778653,7031.368277281142,6969.021169403773,7008.11181640625,333674,0.0,0.0,EICHERMOT
2025-12-04,7024.441136801276,7093.220885886609,6993.267581460442,7026.42041015625,364672,0.0,0.0,EICHERMOT
2025-12-05,7046.213240713443,7143.1976364423645,6997.226224503427,7133.30126953125,501035,0.0,0.0,EICHERMOT
2025-12-08,7155.0728873597645,7159.031433908788,7041.264674075343,7067.98486328125,273509,0.0,0.0,EICHERMOT
2025-12-09,7067.985225979002,7121.425607133142,6978.917924055437,7049.18212890625,436443,0.0,0.0,EICHERMOT
2025-12-10,7055.614352550614,7218.409578161747,7055.614352550614,7153.58837890625,626505,0.0,0.0,EICHERMOT
2025-12-11,7174.865890889867,7252.5523698463985,7145.671608989004,7180.8037109375,502052,0.0,0.0,EICHERMOT
2025-12-12,7160.02131612094,7199.11196463328,7113.508392574613,7154.08349609375,324682,0.0,0.0,EICHERMOT
2025-12-15,7125.383741135996,7135.7749257584865,7020.97707659574,7047.697265625,391821,0.0,0.0,EICHERMOT
2025-12-16,7046.213081055725,7047.697536058757,6962.588782551623,6988.3193359375,505906,0.0,0.0,EICHERMOT
2025-12-17,7030.379069135889,7102.127729399453,7007.122606843562,7060.56298828125,594264,0.0,0.0,EICHERMOT
2025-12-18,7061.057672567038,7069.964402637551,6940.816816615126,7032.85302734375,327756,0.0,0.0,EICHERMOT
2025-12-19,7001.679597516064,7166.94892511821,7001.679597516064,7142.2080078125,423435,0.0,0.0,EICHERMOT
2025-12-22,7162.989986735411,7234.243824680278,7138.249070782332,7215.935546875,233966,0.0,0.0,EICHERMOT
2025-12-23,7261.953688766603,7261.953688766603,7204.554763453375,7227.31640625,249187,0.0,0.0,EICHERMOT
2025-12-24,7224.34780315171,7273.33481907719,7165.464420372597,7236.71826171875,205296,0.0,0.0,EICHERMOT
2025-12-26,7224.34784052217,7283.726041951119,7198.617286569625,7248.09912109375,157706,0.0,0.0,EICHERMOT
2025-12-29,7248.098800944547,7298.07545160644,7157.547047765079,7196.6376953125,282572,0.0,0.0,EICHERMOT
2025-12-30,7196.638031152242,7236.22349887035,7058.583712485336,7117.9619140625,1976062,0.0,0.0,EICHERMOT
2025-12-31,7114.498131076389,7246.614628572383,7066.0059334935895,7236.71826171875,357381,0.0,0.0,EICHERMOT
2026-01-01,7241.171361533858,7286.694647392892,7196.1428939993775,7271.85009765625,155326,0.0,0.0,EICHERMOT
2026-01-02,7271.850329564047,7305.992795047166,7222.368495530541,7258.490234375,227469,0.0,0.0,EICHERMOT
2026-01-05,7267.891861217841,7436.6249170917035,7252.057674156365,7404.95654296875,426798,0.0,0.0,EICHERMOT
2026-01-06,7436.130080331921,7490.560098220962,7406.9357980096165,7444.5419921875,396099,0.0,0.0,EICHERMOT
2026-01-07,7445.036541017557,7518.269653344461,7412.37853146637,7503.919921875,380761,0.0,0.0,EICHERMOT
2026-01-08,7511.342412609877,7522.2284161064135,7460.87094185321,7472.74658203125,459727,0.0,0.0,EICHERMOT
2026-01-09,7503.425388517592,7534.598944273105,7408.420266215074,7429.20263671875,474627,0.0,0.0,EICHERMOT
2026-01-12,7399.513090153161,7429.202189083828,7246.119412344717,7358.93798828125,315579,0.0,0.0,EICHERMOT
2026-01-13,7410.399501114262,7436.624873280332,7271.850365142575,7327.27001953125,262636,0.0,0.0,EICHERMOT
2026-01-14,7313.41495531543,7313.41495531543,7161.010908885311,7281.74658203125,426082,0.0,0.0,EICHERMOT
2026-01-15,7281.74658203125,7281.74658203125,7281.74658203125,7281.74658203125,0,0.0,0.0,EICHERMOT
2026-01-16,7254.036933153196,7340.135325129229,7222.863377437735,7239.1923828125,441023,0.0,0.0,EICHERMOT
2026-01-19,7224.347542638851,7296.59101806524,7193.17398817404,7247.60400390625,211682,0.0,0.0,EICHERMOT
2026-01-20,7259.9746511683625,7298.5704815112695,7056.109496023777,7099.15869140625,302200,0.0,0.0,EICHERMOT
2026-01-21,7026.915210713191,7144.1871566986165,6932.404908252363,7066.005859375,480751,0.0,0.0,EICHERMOT
2026-01-22,7100.642948093812,7249.088445266505,6953.187087568937,6975.94873046875,366499,0.0,0.0,EICHERMOT
2026-01-23,7015.039360664572,7021.47199885944,6877.9746852816215,6900.736328125,365996,0.0,0.0,EICHERMOT
2026-01-27,6947.24945368658,7100.643138205301,6838.884237849161,7090.251953125,498369,0.0,0.0,EICHERMOT
2026-01-28,7050.1714452075375,7050.1714452075375,6780.000641650315,6997.720703125,856378,0.0,0.0,EICHERMOT
2026-01-29,6998.2156436552295,7034.832200088128,6905.6846159126335,6983.37109375,632904,0.0,0.0,EICHERMOT
2026-01-30,6907.663789652071,7076.891656132086,6907.663789652071,7048.68701171875,454539,0.0,0.0,EICHERMOT
2026-02-02,6734.477515296753,6924.487755258102,6668.1718586435745,6913.10693359375,490854,0.0,0.0,EICHERMOT
2026-02-03,7125.383965696466,7183.277710417749,6979.90737639683,7140.228515625,689971,0.0,0.0,EICHERMOT
2026-02-04,7140.228277103552,7252.057216162831,7096.189447120029,7202.08056640625,260280,0.0,0.0,EICHERMOT
2026-02-05,7214.451397272046,7233.749312532238,7102.127634090924,7134.78564453125,254212,0.0,0.0,EICHERMOT
2026-02-06,7134.785560889063,7134.785560889063,7036.81153071665,7103.1171875,251800,0.0,0.0,EICHERMOT
2026-02-09,7042.254548741401,7144.681944159435,6990.298623529354,7120.9306640625,314215,0.0,0.0,EICHERMOT
2026-02-10,7204.554973401521,7249.088623649195,7126.373676300049,7220.38916015625,467662,0.0,0.0,EICHERMOT
2026-02-11,7427.222963067314,7724.113954262543,7423.2644165180445,7690.46630859375,2286430,0.0,0.0,EICHERMOT
2026-02-12,7698.878486234686,7885.424998819715,7679.580571139682,7860.68408203125,1107781,0.0,0.0,EICHERMOT
2026-02-13,7818.129389385074,8034.859811698408,7804.76929485891,7981.41943359375,967939,0.0,0.0,EICHERMOT
2026-02-16,7994.779667116597,8000.717487009238,7885.919635751514,7927.484375,589984,0.0,0.0,EICHERMOT
2026-02-17,7898.290089744089,7968.05947344625,7842.870437441661,7951.73046875,266572,0.0,0.0,EICHERMOT
2026-02-18,7940.844360115331,7960.142274499959,7862.663065941713,7926.49462890625,223326,0.0,0.0,EICHERMOT
2026-02-19,7952.720139224151,8055.642351080711,7802.29536804918,7815.16064453125,424777,0.0,0.0,EICHERMOT
2026-02-20,7812.686724527057,7895.321386823341,7803.779994459194,7854.25146484375,264059,0.0,0.0,EICHERMOT
2026-02-23,7907.196957658845,7973.997432582747,7855.241032718033,7955.1943359375,247249,0.0,0.0,EICHERMOT
2026-02-24,7907.196938010389,7975.97668609446,7820.108911659337,7846.8291015625,430812,0.0,0.0,EICHERMOT
2026-02-25,7847.818595588981,7998.243365643146,7691.456005664258,7925.01025390625,618719,0.0,0.0,EICHERMOT
2026-02-26,7956.678528502747,8139.761305588942,7941.3391606928235,8105.1240234375,427401,0.0,0.0,EICHERMOT
2026-02-27,8134.813252918045,8144.709619405779,7904.227913753823,7927.484375,774354,0.0,0.0,EICHERMOT
2026-03-02,7719.165931270764,7913.6295345393155,7635.541633681997,7744.896484375,494148,0.0,0.0,EICHERMOT
2026-03-04,7620.2021605380905,7625.150343759219,7493.0338517550845,7547.4638671875,593728,0.0,0.0,EICHERMOT
2026-03-05,7625.15049105164,7720.650429064162,7536.083191350842,7674.63232421875,568151,0.0,0.0,EICHERMOT
2026-03-06,7652.860494385006,7654.839767757407,7524.207725179,7541.5263671875,366235,0.0,0.0,EICHERMOT
2026-03-09,7439.099004701908,7439.099004701908,7162.0007312794605,7190.7001953125,554984,0.0,0.0,EICHERMOT
2026-03-10,7303.518351315265,7488.085583364086,7262.44843104703,7458.396484375,494730,0.0,0.0,EICHERMOT
2026-03-11,7495.508142755437,7495.508142755437,7152.104218074141,7178.32958984375,621563,0.0,0.0,EICHERMOT
2026-03-12,7100.642960812061,7152.598884915564,6888.860717799687,6903.21044921875,1259945,0.0,0.0,EICHERMOT
2026-03-13,6793.855568999406,6870.552408999036,6600.8764231938885,6671.140625,819255,0.0,0.0,EICHERMOT
2026-03-16,6631.555106016569,6790.391786290506,6574.650999376373,6756.744140625,866087,0.0,0.0,EICHERMOT
2026-03-17,6756.744137621823,6902.22072322862,6699.840031006919,6838.38916015625,555865,0.0,0.0,EICHERMOT
2026-03-18,6911.622193503202,6994.751670057364,6898.75691736982,6954.67138671875,557181,0.0,0.0,EICHERMOT
2026-03-19,6857.192640933797,6871.54237297212,6680.04767301243,6722.60205078125,629473,0.0,0.0,EICHERMOT
2026-03-20,6732.003594687127,6856.202999484369,6732.003594687127,6837.39990234375,575123,0.0,0.0,EICHERMOT
2026-03-23,6719.632901510935,6760.702822779374,6591.969772748798,6612.25732421875,380052,0.0,0.0,EICHERMOT
2026-03-24,6729.529254520812,6894.303757591065,6683.016331732212,6799.79345703125,723633,0.0,0.0,EICHERMOT
2026-03-25,6915.580814823918,6999.699928913791,6832.451337370397,6920.0341796875,490390,0.0,0.0,EICHERMOT
2026-03-27,6843.337551268994,6844.822006269269,6672.130407903912,6740.91015625,533428,0.0,0.0,EICHERMOT
2026-03-30,6660.749568287015,6713.695129820832,6503.397338681839,6517.7470703125,1015357,0.0,0.0,EICHERMOT
2026-04-01,6717.158943004691,6820.081157380011,6680.047567628974,6754.76513671875,736957,0.0,0.0,EICHERMOT
2026-04-02,6695.881536264475,6695.881536264475,6516.757303621278,6580.5888671875,660432,0.0,0.0,EICHERMOT
2026-04-06,6629.576132936865,6640.956954780241,6504.387092659732,6527.6435546875,971230,0.0,0.0,EICHERMOT
2026-04-07,6482.120087545417,6591.474937877289,6375.239328850012,6537.044921875,1150553,0.0,0.0,EICHERMOT
2026-04-08,6827.998231101715,7095.694951373186,6780.495670757794,7057.09912109375,917337,0.0,0.0,EICHERMOT
2026-04-09,7072.933404312587,7106.086233337979,6964.073368706825,7073.42822265625,648216,0.0,0.0,EICHERMOT
2026-04-10,7126.373526737608,7358.4433214911105,7126.373526737608,7347.0625,705365,0.0,0.0,EICHERMOT
2026-04-13,7075.90214289672,7195.153360829455,6964.073199939051,6976.9384765625,1246861,0.0,0.0,EICHERMOT
2026-04-15,7085.798254901445,7124.888901698737,7001.679141540185,7054.1298828125,913138,0.0,0.0,EICHERMOT
2026-04-16,7085.798584634869,7123.899596577389,6978.9178238610475,7057.09912109375,573155,0.0,0.0,EICHERMOT
2026-04-17,7056.604113590403,7125.3838605779265,6988.814003250183,7114.99267578125,582841,0.0,0.0,EICHERMOT
2026-04-20,7086.293450424656,7188.720846852133,7041.264981463784,7167.9384765625,695282,0.0,0.0,EICHERMOT
2026-04-21,7167.938447159748,7220.389191008908,7140.228620220569,7165.46435546875,353002,0.0,0.0,EICHERMOT
2026-04-22,7140.228691892505,7191.68979958182,7062.542212015365,7155.0732421875,497850,0.0,0.0,EICHERMOT
2026-04-23,7120.930623375265,7120.930623375265,6988.814128590941,7018.998046875,481927,0.0,0.0,EICHERMOT
2026-04-24,6981.391978613261,7085.79864864568,6975.948976858016,7037.80126953125,413746,0.0,0.0,EICHERMOT
2026-04-27,7075.902040735206,7139.238786274655,7028.399481580621,7099.6533203125,335662,0.0,0.0,EICHERMOT
2026-04-28,7095.695033817525,7178.824515385261,6979.907541633891,6998.2158203125,560194,0.0,0.0,EICHERMOT
2026-04-29,7032.358015731493,7218.40970542436,7025.430559200375,7114.99267578125,522596,0.0,0.0,EICHERMOT
2026-04-30,7046.213151902518,7071.943705547106,6905.684743535923,7035.3271484375,538501,0.0,0.0,EICHERMOT
2026-05-01,7035.3271484375,7035.3271484375,7035.3271484375,7035.3271484375,0,0.0,0.0,EICHERMOT
2026-05-04,7035.326815987856,7272.344789321531,6996.730987344795,7253.046875,684364,0.0,0.0,EICHERMOT
2026-05-05,7249.0884926256595,7268.881225711327,7138.744005673064,7225.83203125,482491,0.0,0.0,EICHERMOT
2026-05-06,7293.622150529418,7315.394156948909,7101.137821048011,7234.73876953125,403588,0.0,0.0,EICHERMOT
2026-05-07,7284.220509211873,7394.070176560901,7234.738677072672,7251.5625,606372,0.0,0.0,EICHERMOT
2026-05-08,7223.85286733594,7293.622252519471,7153.093845483139,7226.82177734375,259522,0.0,0.0,EICHERMOT
2026-05-11,7193.668746813714,7193.668746813714,7084.808716252494,7127.85791015625,320656,0.0,0.0,EICHERMOT
2026-05-12,7128.847720488517,7200.101560410107,7031.368508929119,7052.15087890625,364492,0.0,0.0,EICHERMOT
2026-05-13,7051.1611799491675,7082.829552967887,6791.8763758584055,6899.251953125,668271,0.0,0.0,EICHERMOT
2026-05-14,6927.456844656313,7028.399787249876,6771.589065651546,6961.1044921875,447978,0.0,0.0,EICHERMOT
2026-05-15,6957.145520133518,7041.759452135142,6902.715505395631,6941.80615234375,313548,0.0,0.0,EICHERMOT
2026-05-18,6897.767689441541,6902.221054520807,6742.394730009357,6841.3583984375,316357,0.0,0.0,EICHERMOT
2026-05-19,6864.119877747004,6901.726070848847,6788.907491543317,6811.17431640625,406588,0.0,0.0,EICHERMOT
2026-05-20,6742.394376200475,6833.440946376674,6682.521359943301,6778.51611328125,455047,0.0,0.0,EICHERMOT
2026-05-21,6830.472049936748,6873.521243528786,6791.876221199058,6820.57568359375,491206,0.0,0.0,EICHERMOT
2026-05-22,6853.233965435436,6968.031819585691,6836.904960319236,6909.1484375,512596,0.0,0.0,EICHERMOT
2026-05-25,7162.000331140832,7354.9794750640685,7140.228325159749,7337.166015625,1354536,0.0,0.0,EICHERMOT
2026-05-26,7338.155888621564,7363.88644197344,7278.777688578773,7299.56005859375,388413,0.0,0.0,EICHERMOT
2026-05-27,7298.570245500362,7352.0106242470765,7239.192046892901,7342.1142578125,283327,0.0,0.0,EICHERMOT
2026-05-28,7342.1142578125,7342.1142578125,7342.1142578125,7342.1142578125,0,0.0,0.0,EICHERMOT
2026-05-29,7273.829206743329,7363.391321465816,7057.593603794566,7102.6220703125,1464680,0.0,0.0,EICHERMOT
2026-06-01,7102.622242849315,7165.464170175625,6996.236302887451,7026.9150390625,600629,0.0,0.0,EICHERMOT
2026-06-02,6995.74157625105,7090.746695973798,6877.974813261395,7067.490234375,452665,0.0,0.0,EICHERMOT
2026-06-03,7065.51092325561,7103.611934607293,6971.990259028752,7056.109375,413545,0.0,0.0,EICHERMOT
2026-06-04,7031.368223123242,7081.839691016175,6957.640294534546,7036.31640625,429763,0.0,0.0,EICHERMOT
2026-06-05,7066.005520962252,7075.90188723811,6956.155855300234,6996.73095703125,422329,0.0,0.0,EICHERMOT
2026-06-08,6912.612093445257,7020.482489749556,6883.912630208333,6976.9384765625,402793,0.0,0.0,EICHERMOT
2026-06-09,7063.531824610026,7223.358148907682,6976.938614851234,7128.35302734375,547103,0.0,0.0,EICHERMOT
2026-06-10,7096.684264134895,7192.679017115105,7081.344896390635,7144.681640625,480600,0.0,0.0,EICHERMOT
2026-06-11,7056.109178177668,7152.103931373072,7004.648073371884,7105.09619140625,425248,0.0,0.0,EICHERMOT
2026-06-12,7206.534045196467,7278.282701922194,7137.259480081972,7236.22314453125,300260,0.0,0.0,EICHERMOT
2026-06-15,7286.694871577132,7565.277596872387,7204.555027173913,7545.48486328125,784420,0.0,0.0,EICHERMOT
2026-06-16,7574.67897669735,7586.554616587651,7462.3552160682475,7482.14794921875,453796,0.0,0.0,EICHERMOT
2026-06-17,7482.147928345361,7499.961388131118,7375.267169630818,7431.181640625,404085,0.0,0.0,EICHERMOT
2026-06-18,7442.067460284831,7588.533681577671,7442.067460284831,7522.22802734375,485856,0.0,0.0,EICHERMOT
2026-06-19,7471.756676320662,7578.637434074653,7423.264480673019,7532.12451171875,682982,0.0,0.0,EICHERMOT
2026-06-22,7570.720286269144,7640.489669299467,7536.0830039136645,7560.3291015625,375714,0.0,0.0,EICHERMOT
2026-06-23,7550.927904480899,7596.4511919784245,7479.179244838059,7499.466796875,365865,0.0,0.0,EICHERMOT
2026-06-24,7442.067702142763,7566.761921620155,7410.399328942155,7493.52880859375,324328,0.0,0.0,EICHERMOT
2026-06-25,7541.031283674569,7673.642594962284,7503.425090921336,7519.25927734375,673579,0.0,0.0,EICHERMOT
2026-06-26,7519.25927734375,7519.25927734375,7519.25927734375,7519.25927734375,0,0.0,0.0,EICHERMOT
2026-06-29,7472.746577297039,7527.671413085674,7298.570521462808,7349.0419921875,2326377,0.0,0.0,EICHERMOT
2026-06-30,7315.394096363187,7315.888914686804,6870.552423430929,7000.19482421875,2474671,0.0,0.0,EICHERMOT
2026-07-01,7000.194912073809,7085.798483134017,6980.402178880697,7065.01611328125,590493,0.0,0.0,EICHERMOT
2026-07-02,7080.8502407731685,7194.658455684267,7068.974600956358,7174.86572265625,828736,0.0,0.0,EICHERMOT
2026-07-03,7303.518762454016,7303.518762454016,7195.15354504362,7263.4384765625,317988,0.0,0.0,EICHERMOT
2026-07-06,7263.9330915813425,7420.295684015928,7209.008256897042,7394.0703125,300086,0.0,0.0,EICHERMOT
2026-07-07,7421.285299118917,7524.207511561691,7403.966657602104,7457.90185546875,592213,0.0,0.0,EICHERMOT
2026-07-08,7338.155900564782,7514.3112276450975,7268.38651540095,7341.61962890625,905003,0.0,0.0,EICHERMOT
2026-07-09,7341.12462070477,7372.2981749717155,7245.624684617143,7284.71533203125,625976,0.0,0.0,EICHERMOT
2026-07-10,7322.816592334511,7377.74142791456,7258.985026660402,7289.1689453125,497082,0.0,0.0,EICHERMOT
2026-07-13,7249.088433479451,7263.438164849478,7184.762051475879,7220.8837890625,787762,0.0,0.0,EICHERMOT
2026-07-14,7181.793233768094,7237.212886667504,7066.005744674686,7204.06005859375,458624,0.0,0.0,EICHERMOT
2026-07-15,7209.503067576094,7351.02110994581,7209.503067576094,7327.7646484375,758954,0.0,0.0,EICHERMOT
2026-07-16,7333.20771721983,7373.782820648442,7290.158522118742,7341.61962890625,618180,0.0,0.0,EICHERMOT
2026-07-17,7372.792940990242,7496.497520537057,7372.792940990242,7485.11669921875,489811,0.0,0.0,EICHERMOT
2026-07-20,7490.55970071881,7503.424976991679,7400.502766808728,7485.11669921875,266324,0.0,0.0,EICHERMOT
2026-07-21,7511.342188287397,7630.09858652119,7486.60127198869,7609.81103515625,451075,0.0,0.0,EICHERMOT
2026-07-22,7611.7906096836305,7659.787989202536,7506.889120425818,7552.9072265625,409800,0.0,0.0,EICHERMOT
2026-07-23,7545.48473589116,7708.279966929798,7529.155730954154,7641.4794921875,431136,0.0,0.0,EICHERMOT
2026-07-24,7630.098446154382,7630.098446154382,7496.49750059915,7548.9482421875,409577,0.0,0.0,EICHERMOT
2026-07-27,7600.409453632795,7765.678773783404,7568.741080909325,7688.98193359375,367549,0.0,0.0,EICHERMOT
2026-07-28,7688.982130002951,7807.243712413061,7662.261939834976,7754.79296875,449880,0.0,0.0,EICHERMOT
2026-07-29,7809.223098019306,7832.974378510051,7670.673961823298,7698.3837890625,522935,0.0,0.0,EICHERMOT
2026-07-30,7787.945624012638,7847.818641390205,7649.891311216429,7830.5,1496307,0.0,0.0,EICHERMOT
2026-07-31,7899.0,7899.0,7794.0,7833.5,720608,82.0,0.0,EICHERMOT
2026-08-03,7900.0,8056.0,7852.0,8050.0,1009396,0.0,0.0,EICHERMOT
2026-08-04,8024.0,8024.0,7867.5,7935.0,599769,0.0,0.0,EICHERMOT
2026-08-05,7960.0,8019.0,7905.5,7986.5,424429,0.0,0.0,EICHERMOT
2026-08-06,7986.5,8044.0,7896.5,7967.5,377530,0.0,0.0,EICHERMOT
2026-08-07,7940.0,8067.5,7920.0,8020.0,339416,0.0,0.0,EICHERMOT
2026-08-10,8000.0,8024.0,7938.0,7975.0,372667,0.0,0.0,EICHERMOT
2026-08-11,7955.0,8110.0,7955.0,8000.0,600951,0.0,0.0,EICHERMOT
2026-08-12,8000.5,8049.0,7940.0,8049.0,317282,0.0,0.0,EICHERMOT
2026-08-13,8050.0,8100.0,8011.0,8100.0,238460,0.0,0.0,EICHERMOT
2026-08-14,8100.0,8143.0,8030.0,8066.5,297145,0.0,0.0,EICHERMOT
2026-08-17,8058.0,8165.0,8050.0,8050.0,397488,0.0,0.0,EICHERMOT
2026-08-18,8040.0,8107.0,8016.5,8018.5,262500,0.0,0.0,EICHERMOT
2026-08-19,8016.5,8060.0,7947.5,7990.5,344004,0.0,0.0,EICHERMOT
2026-08-20,8047.0,8097.5,7983.0,8042.0,323672,0.0,0.0,EICHERMOT
2026-08-21,8095.0,8112.5,7980.0,8010.0,316029,0.0,0.0,EICHERMOT
2026-08-24,8010.0,8075.0,7970.0,8047.0,207499,0.0,0.0,EICHERMOT
2026-08-25,8008.5,8070.0,7984.0,8055.0,244623,0.0,0.0,EICHERMOT
2026-08-26,8048.0,8112.0,8031.5,8035.0,198320,0.0,0.0,EICHERMOT
2026-08-27,8015.0,8105.5,7987.0,8100.0,369462,0.0,0.0,EICHERMOT
2026-08-28,8140.0,8140.0,8003.0,8059.0,337007,0.0,0.0,EICHERMOT
2026-08-31,8000.0,8030.0,7941.5,7953.5,742794,0.0,0.0,EICHERMOT
2026-09-01,7975.0,8052.0,7860.0,7970.0,760133,0.0,0.0,EICHERMOT
2026-09-02,7860.0,7893.0,7507.5,7711.5,1117588,0.0,0.0,EICHERMOT
2026-09-03,7715.0,7738.5,7597.0,7690.0,437245,0.0,0.0,EICHERMOT
2026-09-04,7665.0,7665.5,7590.0,7630.5,492954,0.0,0.0,EICHERMOT
2026-09-07,7658.0,7729.0,7615.0,7672.0,466050,0.0,0.0,EICHERMOT
2026-09-08,7700.0,7747.5,7655.0,7747.5,461637,0.0,0.0,EICHERMOT
2026-09-09,7687.0,7784.5,7664.5,7734.5,318638,0.0,0.0,EICHERMOT
2026-09-10,7713.0,7746.0,7637.5,7697.0,289058,0.0,0.0,EICHERMOT
2026-09-11,7600.0,7633.0,7530.0,7530.0,444280,0.0,0.0,EICHERMOT
2026-09-14,7530.0,7530.0,7530.0,7530.0,0,0.0,0.0,EICHERMOT
2026-09-15,7567.5,7570.5,7440.0,7452.5,353472,0.0,0.0,EICHERMOT
2026-09-16,7430.0,7524.5,7406.0,7500.0,316258,0.0,0.0,EICHERMOT
2026-09-17,7495.0,7552.5,7489.0,7493.5,255852,0.0,0.0,EICHERMOT
2026-09-18,7523.5,7569.0,7477.0,7516.0,419526,0.0,0.0,EICHERMOT
2026-09-21,7550.0,7569.5,7490.0,7512.5,251852,0.0,0.0,EICHERMOT
2026-09-22,7519.0,7555.0,7427.0,7427.0,336400,0.0,0.0,EICHERMOT
2026-09-23,7468.5,7485.0,7414.0,7470.0,215015,0.0,0.0,EICHERMOT
2026-09-24,7437.0,7460.0,7333.0,7338.5,258170,0.0,0.0,EICHERMOT
2026-09-25,7340.5,7381.0,7305.0,7360.0,201194,0.0,0.0,EICHERMOT
2026-09-28,7323.0,7323.0,7189.0,7213.5,423079,0.0,0.0,EICHERMOT
2026-09-29,7213.5,7268.0,7164.5,7179.0,596560,0.0,0.0,EICHERMOT
2026-09-30,7182.0,7245.0,7120.0,7150.0,418141,0.0,0.0,EICHERMOT
2026-10-01,7120.0,7146.0,6840.0,6920.0,817438,0.0,0.0,EICHERMOT
