Date,Open,High,Low,Close,Volume,Dividends,Stock Splits,Symbol
2021-10-04,88.35411336554597,88.56908975058327,86.52684176971606,86.82242584228516,13440394,0.0,0.0,GAIL
2021-10-05,86.8492927263921,90.50384188354626,86.82242144842752,88.51534271240234,37808565,0.0,0.0,GAIL
2021-10-06,88.67656988660583,92.06240009482701,88.1391381798644,89.4289779663086,54857979,0.0,0.0,GAIL
2021-10-07,90.31575040434211,90.55759807645852,85.39823232498982,85.80130767822266,28643079,0.0,0.0,GAIL
2021-10-08,86.68807055535115,87.54796380562462,84.72643638734657,84.99515533447266,17590875,0.0,0.0,GAIL
2021-10-11,85.39821789187512,86.36559611596105,85.18324153627782,85.3176040649414,9531361,0.0,0.0,GAIL
2021-10-12,85.42508882671535,85.74755028360445,84.40396190497333,84.88765716552734,18012067,0.0,0.0,GAIL
2021-10-13,85.07575370523726,86.52682714526958,84.96826860610614,85.45195770263672,14951839,0.0,0.0,GAIL
2021-10-14,85.98940221973025,87.9779076035006,85.7206894316812,86.01627349853516,23311758,0.0,0.0,GAIL
2021-10-18,86.52683635922489,88.03164635862443,86.44621637585104,86.71493530273438,25302591,0.0,0.0,GAIL
2021-10-19,86.95678072192992,87.38672730365236,83.22161172076225,83.70530700683594,11178493,0.0,0.0,GAIL
2021-10-20,83.30223805157945,83.40972316759259,80.7225522141734,81.47496032714844,12791211,0.0,0.0,GAIL
2021-10-21,82.28110599660877,83.24848428280724,79.86265413067144,80.4538345336914,25111639,0.0,0.0,GAIL
2021-10-22,81.95863710213567,82.71104510129734,79.94326072953857,80.88377380371094,13604868,0.0,0.0,GAIL
2021-10-25,81.44808177509296,81.60930943471556,78.51906957219559,79.67455291748047,10413771,0.0,0.0,GAIL
2021-10-26,79.99701250821866,81.95864655724122,79.99701250821866,81.68993377685547,11325540,0.0,0.0,GAIL
2021-10-27,81.77053726582832,82.46920270732274,80.26572128428361,80.48069763183594,17954121,0.0,0.0,GAIL
2021-10-28,80.88379406038904,81.15250687707183,78.57282693426423,79.24462127685547,14810112,0.0,0.0,GAIL
2021-10-29,78.8146471234426,83.97401176215874,78.19660166201894,79.99700164794922,42520734,0.0,0.0,GAIL
2021-11-01,81.95864668144826,83.19474392441994,80.07763261413207,80.72254943847656,24821902,0.0,0.0,GAIL
2021-11-02,80.99126921854693,83.1678735179888,80.80316411957908,81.12562561035156,22232334,0.0,0.0,GAIL
2021-11-03,81.60930382536712,83.03350598923929,80.61505435848474,80.91064453125,23762697,0.0,0.0,GAIL
2021-11-04,81.31371851595543,81.68992250703626,81.15248471952624,81.42120361328125,1334935,0.0,0.0,GAIL
2021-11-08,81.95864617779411,82.30797894111959,80.93752531617314,81.63618469238281,27469462,0.0,0.0,GAIL
2021-11-09,81.6899303935981,82.06613442099865,80.7225459729505,80.96439361572266,16457853,0.0,0.0,GAIL
2021-11-10,80.96439587842833,82.28110693590779,80.40008674633627,81.7436752319336,28379137,0.0,0.0,GAIL
2021-11-11,81.68993247644626,82.06613651343889,80.07763121803247,80.34634399414062,16867800,0.0,0.0,GAIL
2021-11-12,80.69566727384507,80.83002364611572,79.2714712764548,79.5401840209961,10517026,0.0,0.0,GAIL
2021-11-15,79.4595791585524,80.07763084157806,78.78778492055777,79.02963256835938,10850394,0.0,0.0,GAIL
2021-11-16,79.08338054151685,79.8089173841887,77.9278970791953,78.25035858154297,8684095,0.0,0.0,GAIL
2021-11-17,78.11599204419167,78.8146513663991,77.65917420451885,77.92788696289062,5816481,0.0,0.0,GAIL
2021-11-18,78.2234917378513,78.2234917378513,75.42883547643758,75.75129699707031,15334431,0.0,0.0,GAIL
2021-11-22,75.7781629890401,76.04688192921932,73.22535458388273,73.78965759277344,14125108,0.0,0.0,GAIL
2021-11-23,73.14473199525851,74.83765326260797,73.11786071724036,74.43457794189453,13845207,0.0,0.0,GAIL
2021-11-24,74.70328266266614,76.96050667531588,74.70328266266614,75.34820556640625,13653798,0.0,0.0,GAIL
2021-11-25,75.64379156952025,76.42307080585931,74.32707455957062,76.07373809814453,15096982,0.0,0.0,GAIL
2021-11-26,75.24071830182524,75.4288172222489,71.50554966329392,71.80113983154297,15749431,0.0,0.0,GAIL
2021-11-29,71.80114673801846,71.80114673801846,69.57080000054395,70.05448913574219,16883688,0.0,0.0,GAIL
2021-11-30,69.94698715430897,72.39231603323047,69.30207045639438,69.7588882446289,18842749,0.0,0.0,GAIL
2021-12-01,70.45757755639558,71.63993241278565,68.65717091465608,70.1619873046875,20438737,0.0,0.0,GAIL
2021-12-02,70.1888479543816,71.2637175202169,69.92012902531246,70.7531509399414,11993058,0.0,0.0,GAIL
2021-12-03,71.02187999520564,71.90864459199375,70.69941846443483,71.07562255859375,21972160,0.0,0.0,GAIL
2021-12-06,71.18309943475289,71.20997071101061,68.17346729036049,69.24833679199219,37230048,0.0,0.0,GAIL
2021-12-07,69.75890202547126,71.69366480230684,69.65141691299186,71.23684692382812,10273959,0.0,0.0,GAIL
2021-12-08,71.74741142683605,73.09099386033743,70.69941306941347,71.85489654541016,12704800,0.0,0.0,GAIL
2021-12-09,72.2848462109986,72.36546005332042,71.29059652147903,72.1504898071289,9177496,0.0,0.0,GAIL
2021-12-10,72.1504720170209,73.03723636479565,71.72052548020767,72.79539489746094,9226884,0.0,0.0,GAIL
2021-12-13,73.52092879623395,73.76277642501682,71.47868111580748,71.66678619384766,11789575,0.0,0.0,GAIL
2021-12-14,71.34432164953267,73.09097907479816,70.94124638597599,72.71477508544922,19527363,0.0,0.0,GAIL
2021-12-15,72.52669920453891,72.74166946648752,70.78004122443699,70.94126892089844,9433017,0.0,0.0,GAIL
2021-12-16,71.20997997290019,71.39807893116927,69.19460323923737,69.62454986572266,20402434,0.0,0.0,GAIL
2021-12-17,69.8663689612893,69.97386019624473,68.60340076691043,69.59765625,29791119,0.0,0.0,GAIL
2021-12-20,69.59768048507165,70.2425973671765,67.28671346062815,67.68978881835938,19809883,0.0,0.0,GAIL
2021-12-21,68.25407949849952,69.62453915686672,67.58229145756651,69.32894897460938,11009583,0.0,0.0,GAIL
2021-12-22,69.81265074911538,70.24259738745668,69.16773386682434,69.97388458251953,8446630,0.0,0.0,GAIL
2021-12-23,70.32320176267731,71.69366148514561,70.21571665517111,71.3980712890625,14736444,0.0,0.0,GAIL
2021-12-24,72.06986784628488,72.09673912403183,69.7051585019064,70.32320404052734,12075364,0.0,0.0,GAIL
2021-12-27,70.32321499628708,70.35008627822033,69.27522270000549,70.1619873046875,10079781,0.0,0.0,GAIL
2021-12-28,70.75314616891455,71.69365928201522,70.4575621323557,71.50555419921875,10441480,0.0,0.0,GAIL
2021-12-29,71.39808408936456,71.74741690182942,70.45757692918833,71.07562255859375,10156587,0.0,0.0,GAIL
2021-12-30,71.32501250846349,71.79607816225132,70.65997491354622,70.74310302734375,17955094,2.666667,0.0,GAIL
2021-12-31,70.93708051178923,71.9900493867116,70.93708051178923,71.60211181640625,6240936,0.0,0.0,GAIL
2022-01-03,71.7683666678694,72.93217291114304,71.65752284381658,72.84904479980469,6717087,0.0,0.0,GAIL
2022-01-04,73.40324814340597,74.3730888364993,72.95988551210021,73.59721374511719,10529581,0.0,0.0,GAIL
2022-01-05,74.23453968835885,75.64773662689903,73.4586646209087,75.39834594726562,18244765,0.0,0.0,GAIL
2022-01-06,75.4260478870444,77.08863534141845,74.3176604789736,76.95008850097656,19398843,0.0,0.0,GAIL
2022-01-07,77.28260921652202,77.5874186154775,76.28505291328624,77.33802795410156,11267464,0.0,0.0,GAIL
2022-01-10,77.58741477349857,79.25000218762877,77.55970540608091,79.0560302734375,12153643,0.0,0.0,GAIL
2022-01-11,79.11145291610421,79.49939042138188,78.22474043040327,78.58496856689453,10066720,0.0,0.0,GAIL
2022-01-12,78.83436022231503,79.80420082660456,78.61267892696048,79.58251953125,7171141,0.0,0.0,GAIL
2022-01-13,79.63794787749202,80.5523697810075,79.11145715778576,80.3306884765625,10180855,0.0,0.0,GAIL
2022-01-14,80.02587772399306,80.69091528394635,79.360846506308,79.970458984375,6295374,0.0,0.0,GAIL
2022-01-17,78.44643050326079,80.52466510619232,78.00307421078664,80.19214630126953,12524406,0.0,0.0,GAIL
2022-01-18,80.13671763243242,80.91259263373598,78.66809573519326,79.194580078125,13774521,0.0,0.0,GAIL
2022-01-19,79.02832404663228,82.29808026999858,78.91748657255692,81.99327087402344,29895144,0.0,0.0,GAIL
2022-01-20,81.79931216867386,82.29808718619714,81.05114647125475,81.66075897216797,9383230,0.0,0.0,GAIL
2022-01-21,81.16197652350822,81.35594844394915,78.33557655996842,79.4716796875,12161757,0.0,0.0,GAIL
2022-01-24,78.72351046040416,79.63793859965689,76.8669574993899,78.05847930908203,15752490,0.0,0.0,GAIL
2022-01-25,76.89467562747656,79.88733200506523,76.53444747259495,79.66565704345703,16582789,0.0,0.0,GAIL
2022-01-27,78.69580646488163,79.83190961803261,78.1139033749725,78.30786895751953,18465921,0.0,0.0,GAIL
2022-01-28,78.77893414839937,81.0234310737061,78.3078685367625,78.58496856689453,13390612,0.0,0.0,GAIL
2022-01-31,79.25000902707184,80.33068713416068,78.94519961690423,79.970458984375,7778208,0.0,0.0,GAIL
2022-02-01,80.3584025211063,82.0209902032138,79.88733685681166,81.743896484375,15361881,0.0,0.0,GAIL
2022-02-02,82.29808026730635,82.43662710989601,80.58007405012287,80.74633026123047,10444488,0.0,0.0,GAIL
2022-02-03,80.35840760118377,82.74145178746019,80.35840760118377,81.6884765625,24145317,0.0,0.0,GAIL
2022-02-04,82.99083877106426,84.21007018316661,80.99573224741778,81.2174072265625,28158331,0.0,0.0,GAIL
2022-02-07,81.71618200434676,82.51976008101565,81.13427254662356,82.15953826904297,12239946,0.0,0.0,GAIL
2022-02-08,82.2149559925162,82.46434032079752,78.86207150747713,79.970458984375,18082866,0.0,0.0,GAIL
2022-02-09,80.358402225448,80.69092102909983,78.86207712241782,79.22230529785156,11447532,0.0,0.0,GAIL
2022-02-10,79.47168638025991,79.49939575090391,77.78138940190223,78.47413635253906,30568632,0.0,0.0,GAIL
2022-02-11,77.97535517605398,79.11145196720571,77.58741767542942,77.94763946533203,11599657,0.0,0.0,GAIL
2022-02-14,77.03322155674716,77.9753591591138,75.53689655699112,76.2296371459961,12593280,0.0,0.0,GAIL
2022-02-15,76.64528509851819,77.42116015015249,74.3453756561371,77.1717758178711,9896463,0.0,0.0,GAIL
2022-02-16,77.22718811035156,78.252447408664,76.8946693528048,77.22718811035156,7104208,0.0,0.0,GAIL
2022-02-17,77.89221697846267,78.88977322158676,77.06092328032639,77.47657012939453,9550596,0.0,0.0,GAIL
2022-02-18,77.58741372706749,78.36328234656536,76.67298558781475,78.05847930908203,9216444,0.0,0.0,GAIL
2022-02-21,77.8090800505911,77.89220814252133,75.20436178317631,75.53688049316406,7842079,0.0,0.0,GAIL
2022-02-22,73.20926901362787,75.09353781378819,73.18155964467464,74.56704711914062,16870429,0.0,0.0,GAIL
2022-02-23,74.84414406086624,77.53199079196594,74.81643469305703,76.61756896972656,16949706,0.0,0.0,GAIL
2022-02-24,74.26224042732683,75.45375591855647,71.26957798865085,71.90690612792969,20102259,0.0,0.0,GAIL
2022-02-25,72.59966068171255,75.06583271236191,72.59966068171255,74.70560455322266,9361903,0.0,0.0,GAIL
2022-02-28,74.81644024193055,81.32824363633613,74.17911205051486,80.2752685546875,41879932,0.0,0.0,GAIL
2022-03-02,80.91258665445974,85.78950490726679,80.63548664810907,84.54256439208984,51656592,0.0,0.0,GAIL
2022-03-03,85.76179235405289,88.56048265316981,84.8473706120221,88.11712646484375,43969119,0.0,0.0,GAIL
2022-03-04,88.11713906092042,88.67133278998149,85.81722335212096,86.14974212646484,27599464,0.0,0.0,GAIL
2022-03-07,86.62080748818835,90.88812011866823,86.01119502227299,89.58575439453125,49852981,0.0,0.0,GAIL
2022-03-08,89.58575881747176,90.44476833364371,86.78707433076319,87.23043060302734,27506886,0.0,0.0,GAIL
2022-03-09,87.64606842607174,88.11713402016649,85.01363409351721,85.62325286865234,19095226,0.0,0.0,GAIL
2022-03-10,84.23777800753625,84.40403423883953,81.32824956384813,81.743896484375,38037085,0.0,0.0,GAIL
2022-03-11,82.020979672358,85.40157334629882,82.020979672358,84.45944213867188,26918119,0.0,0.0,GAIL
2022-03-14,85.290727567338,86.67621487553272,83.62814026059742,84.43172454833984,26780125,0.0,0.0,GAIL
2022-03-15,84.01609385157013,84.18235007725616,81.30053744508753,82.27037811279297,30786711,0.0,0.0,GAIL
2022-03-16,82.96311722225282,84.68112342754944,82.020979672358,84.45944213867188,22874641,0.0,0.0,GAIL
2022-03-17,84.9305086887398,85.4292836664366,83.46189312428436,83.8498306274414,27066381,0.0,0.0,GAIL
2022-03-21,84.39430449809257,84.65221841547438,82.53161400718813,82.70355224609375,28588611,3.333333,0.0,GAIL
2022-03-22,83.10473783505442,83.763847454722,81.78652515474184,82.21637725830078,19226274,0.0,0.0,GAIL
2022-03-23,82.61758721394673,83.79251824833217,82.01579678898155,82.30236053466797,21618523,0.0,0.0,GAIL
2022-03-24,82.61758211920412,84.73818650163177,82.56026937360112,84.30833435058594,17833026,0.0,0.0,GAIL
2022-03-25,84.53758892904224,85.19669203939901,84.02176111864797,84.6235580444336,15487354,0.0,0.0,GAIL
2022-03-28,87.11672136215223,87.89045013392828,86.11372844632665,87.17403411865234,41821984,0.0,0.0,GAIL
2022-03-29,87.80446157435455,87.97640636484039,86.25699781412052,87.4892349243164,15687570,0.0,0.0,GAIL
2022-03-30,87.9764026475551,88.43491113777208,87.05937910809836,87.94774627685547,14933176,0.0,0.0,GAIL
2022-03-31,88.72148377170669,90.12567231336605,87.60387208392396,89.20864868164062,43637698,0.0,0.0,GAIL
2022-04-01,89.98238457594127,93.07731885978195,89.32328141945897,92.87672424316406,26125590,0.0,0.0,GAIL
2022-04-04,93.76507983591542,94.22358835077655,92.44686703581175,92.6761245727539,17226963,0.0,0.0,GAIL
2022-04-05,93.33523257675466,93.70777199438808,91.78776215874252,92.13164520263672,17312992,0.0,0.0,GAIL
2022-04-06,91.58716557199462,93.56448811257492,91.04268792364074,93.04866027832031,10617483,0.0,0.0,GAIL
2022-04-07,93.10597424624899,93.67910823487037,91.24327730493923,92.10298156738281,11665852,0.0,0.0,GAIL
2022-04-08,92.47553531040244,93.27792695443952,91.78776917007806,92.93404388427734,10835868,0.0,0.0,GAIL
2022-04-11,93.42120161210552,95.08329752354686,93.16329424868955,94.33821868896484,17773953,0.0,0.0,GAIL
2022-04-12,94.82539315753988,96.68808374385064,94.25225254711832,95.54180908203125,42080380,0.0,0.0,GAIL
2022-04-13,96.25822044140928,97.1465810699727,95.71374282755302,96.65941619873047,16484244,0.0,0.0,GAIL
2022-04-18,95.79971596809759,97.89166395655265,95.71374685056311,96.25822448730469,24478446,0.0,0.0,GAIL
2022-04-19,97.08928343568651,99.43913904364405,96.487486426546,97.43316650390625,42103258,0.0,0.0,GAIL
2022-04-20,98.26420207726446,98.26420207726446,93.76507950235474,94.9113540649414,26439088,0.0,0.0,GAIL
2022-04-21,93.99434661865234,94.7107625541429,91.98836756942639,93.99434661865234,26070097,0.0,0.0,GAIL
2022-04-22,93.42121210706432,94.96868269749731,93.07732902485431,94.10897827148438,10841299,0.0,0.0,GAIL
2022-04-25,92.79074893439969,93.3352265593656,89.40924457899118,90.46954345703125,26466789,0.0,0.0,GAIL
2022-04-26,91.4725410141694,91.6444792546622,88.83611530580562,90.01103973388672,23229772,0.0,0.0,GAIL
2022-04-27,89.35193710857895,90.18298506053199,88.54954553020887,89.20864868164062,21439446,0.0,0.0,GAIL
2022-04-28,90.55553477635509,91.04269974170151,89.75314310671715,90.44090270996094,17426662,0.0,0.0,GAIL
2022-04-29,90.84208310290853,92.47552254136528,90.72745761502333,91.2146224975586,19011850,0.0,0.0,GAIL
2022-05-02,90.64149811041243,91.50120247875775,89.75313736705716,90.29761505126953,9307420,0.0,0.0,GAIL
2022-05-04,89.98238836713656,91.75910985384706,89.40925430791428,90.29761505126953,15067609,0.0,0.0,GAIL
2022-05-05,91.12865570823644,93.70776860563936,90.89939816758977,92.47552490234375,19248847,0.0,0.0,GAIL
2022-05-06,90.89939790784601,92.27493002974896,90.2116384059178,91.81642150878906,11865471,0.0,0.0,GAIL
2022-05-09,90.55551448748119,91.67312605198667,89.12266973028764,89.466552734375,10668991,0.0,0.0,GAIL
2022-05-10,88.80745345013553,89.95372143403984,84.8241522010478,85.33997344970703,20527045,0.0,0.0,GAIL
2022-05-11,85.36864198377945,87.77581015519796,85.08207168948204,86.34297180175781,16623364,0.0,0.0,GAIL
2022-05-12,86.1710361373077,87.00208417575568,84.82416676165646,86.14237976074219,14025940,0.0,0.0,GAIL
2022-05-13,86.57221644077667,87.57520911774648,84.10773570304822,84.70952606201172,11376351,0.0,0.0,GAIL
2022-05-16,85.36863407958239,86.62952751608982,84.76683717317994,86.37162017822266,6032104,0.0,0.0,GAIL
2022-05-17,87.57521009659993,88.60685259750346,86.60087378016543,88.37760162353516,9515223,0.0,0.0,GAIL
2022-05-18,88.69282468827411,89.26596526046917,87.66118215276029,88.0623779296875,11161104,0.0,0.0,GAIL
2022-05-19,86.54356321952783,88.49222934252424,85.82714734878391,88.11968994140625,10548978,0.0,0.0,GAIL
2022-05-20,88.57819823529519,90.06834927696487,88.40626000091827,89.58118438720703,8769070,0.0,0.0,GAIL
2022-05-23,88.83611536831168,89.40924939604776,87.51790251320229,87.8044662475586,8706325,0.0,0.0,GAIL
2022-05-24,88.17700578479544,88.83611549278538,86.54356626058194,87.11670684814453,10262602,0.0,0.0,GAIL
2022-05-25,87.2600032534025,88.26298961020355,86.57223705735208,87.17403411865234,12431466,0.0,0.0,GAIL
2022-05-26,87.3746113682275,87.91908900558583,84.93878690687538,86.65819549560547,11919162,0.0,0.0,GAIL
2022-05-27,87.28865356812925,87.403279073167,81.49998029641021,81.84385681152344,17134840,0.0,0.0,GAIL
2022-05-30,83.13340847912566,83.67789271374096,81.09877964954029,82.38833618164062,15258349,0.0,0.0,GAIL
2022-05-31,82.67489414563047,87.1740167855854,82.24504199832386,84.36564636230469,44252818,0.0,0.0,GAIL
2022-06-01,84.50893999823809,85.7411772120585,84.25102607033169,85.39730072021484,16916865,0.0,0.0,GAIL
2022-06-02,85.42595598989347,86.17102827161052,84.8241590189016,85.48326873779297,10290948,0.0,0.0,GAIL
2022-06-03,85.97042756785528,86.65819361200737,84.36564450418248,84.59490203857422,8321058,0.0,0.0,GAIL
2022-06-06,83.73519379193517,85.94176712033175,83.67788105081095,84.91011810302734,7615440,0.0,0.0,GAIL
2022-06-07,85.0534202846211,87.80447165810325,84.96745115901676,86.54357147216797,19132638,0.0,0.0,GAIL
2022-06-08,87.20268028091606,88.60686232773939,86.54357054033184,87.37461853027344,15511416,0.0,0.0,GAIL
2022-06-09,86.83013116492398,88.95073546562597,86.57221726062687,86.8587875366211,10734990,0.0,0.0,GAIL
2022-06-10,87.08804451497139,87.68983487580397,85.05340934230966,85.45460510253906,9311254,0.0,0.0,GAIL
2022-06-13,84.82416047652295,84.82416047652295,82.30236017146888,83.8498306274414,12132084,0.0,0.0,GAIL
2022-06-14,83.44863869851227,85.68386880384271,83.21938769233684,84.22237396240234,7573116,0.0,0.0,GAIL
2022-06-15,85.74117040461115,87.0593831957562,83.7065417533149,84.56624603271484,16896789,0.0,0.0,GAIL
2022-06-16,85.36864860505942,85.62655598680954,80.26773501326942,80.52564239501953,14733385,0.0,0.0,GAIL
2022-06-17,79.66593206941592,81.64325464397756,78.06115546989798,79.63727569580078,25102788,0.0,0.0,GAIL
2022-06-20,80.21041723567697,80.21041723567697,73.93457295431735,75.16681671142578,17061658,0.0,0.0,GAIL
2022-06-21,76.800248497996,78.51965699751067,75.36740370905184,78.1471176147461,14231107,0.0,0.0,GAIL
2022-06-22,77.08682043862854,77.3160779905842,74.70830859184045,76.57099914550781,19244923,0.0,0.0,GAIL
2022-06-23,76.2271049530053,78.08980179337784,75.08083703787733,75.4820327758789,20161450,0.0,0.0,GAIL
2022-06-24,76.8002564649222,76.8002564649222,74.93755935787124,75.91189575195312,12164283,0.0,0.0,GAIL
2022-06-27,76.80025765916426,77.43070445664554,75.79726487545614,77.17279052734375,10260453,0.0,0.0,GAIL
2022-06-28,76.74294019212705,78.6342937479887,76.65697106663875,78.46234893798828,9907093,0.0,0.0,GAIL
2022-06-29,77.77459150241746,80.2104228120225,77.65996599863107,79.8092269897461,14882062,0.0,0.0,GAIL
2022-06-30,79.60862648399872,80.46833088784109,77.23011446484767,77.48802185058594,14776534,0.0,0.0,GAIL
2022-07-01,76.8575766048095,78.17578961402823,75.08085500799396,75.85458374023438,15116436,0.0,0.0,GAIL
2022-07-04,75.08084089188496,77.00084401164553,75.05218452048692,76.5423355102539,6503989,0.0,0.0,GAIL
2022-07-05,76.71427191026584,77.88920278665158,76.39905183240023,76.68561553955078,6013528,0.0,0.0,GAIL
2022-07-06,76.51367913885588,76.9148748974514,74.24979300329585,76.5423355102539,12987415,0.0,0.0,GAIL
2022-07-07,76.91487824230472,78.49100497383098,76.91487824230472,78.405029296875,7963336,0.0,0.0,GAIL
2022-07-08,81.0414604962259,81.0414604962259,77.9751824996882,78.66294860839844,10036582,0.0,0.0,GAIL
2022-07-11,78.66294086897317,79.95249727666125,78.03248757151336,79.43667602539062,13317447,0.0,0.0,GAIL
2022-07-12,79.09279767297971,80.35369778329546,78.29040609741303,79.66593170166016,9670797,0.0,0.0,GAIL
2022-07-13,80.21040943153727,80.21040943153727,78.1471179124548,78.80622100830078,13899456,0.0,0.0,GAIL
2022-07-14,78.94951468282902,80.15309547003955,78.80622625842902,79.83787536621094,9560767,0.0,0.0,GAIL
2022-07-15,79.98114990325433,81.24204988010796,79.86652442145567,80.4969711303711,10049224,0.0,0.0,GAIL
2022-07-18,80.64026857763449,82.81818577096537,80.64026857763449,82.58892822265625,6755344,0.0,0.0,GAIL
2022-07-19,82.47431063872543,83.10475747875513,78.69160992147484,80.38236236572266,12022441,0.0,0.0,GAIL
2022-07-20,82.58892851580943,84.48027542022321,80.81220710644533,81.12743377685547,21701412,0.0,0.0,GAIL
2022-07-21,81.27071680692873,82.78953087413309,81.1560913102412,82.47430419921875,8781738,0.0,0.0,GAIL
2022-07-22,82.87549843675954,83.2480378530057,80.75489399283617,81.15608978271484,12390337,0.0,0.0,GAIL
2022-07-25,82.99012224754789,84.53759262840174,81.84384764843307,84.25102233886719,20317410,0.0,0.0,GAIL
2022-07-26,84.39429932377827,84.39429932377827,82.33100778829673,82.5029525756836,12998664,0.0,0.0,GAIL
2022-07-27,82.81817830463146,84.48026750417984,82.130412280732,84.10773468017578,10419007,0.0,0.0,GAIL
2022-07-28,84.68087349272416,84.76684261086136,83.2766915527468,83.64923095703125,8473834,0.0,0.0,GAIL
2022-07-29,84.42295478742805,84.7381814283954,83.73519532234454,84.02175903320312,7014877,0.0,0.0,GAIL
2022-08-01,84.5988410932796,85.86840126878568,84.56998790320482,85.00279235839844,10328928,0.666667,0.0,GAIL
2022-08-02,84.74312249578868,85.20478018925895,81.30953968581275,81.6557846069336,27076266,0.0,0.0,GAIL
2022-08-03,82.14628551044424,82.17513870002514,79.63601839247576,81.25182342529297,19315218,0.0,0.0,GAIL
2022-08-04,81.25182878730347,82.05973135702756,79.83799598825019,80.8478775024414,32498244,0.0,0.0,GAIL
2022-08-05,80.73245339521364,80.73245339521364,76.46212186935978,76.69294738769531,65529649,0.0,0.0,GAIL
2022-08-08,77.32772714312333,77.55855265062877,76.66409060090216,76.95262908935547,20840541,0.0,0.0,GAIL
2022-08-10,76.95263347076909,77.18345899141693,74.96173033482204,75.48109436035156,33311005,0.0,0.0,GAIL
2022-08-11,76.17358370795353,76.26014327771638,74.12497420320683,74.24038696289062,38551380,0.0,0.0,GAIL
2022-08-12,74.55778881260815,76.05818130917352,74.15383749461539,75.88505554199219,29145945,0.0,0.0,GAIL
2022-08-16,76.4332627728688,78.04906108856548,75.71191987567137,77.9625015258789,25540356,0.0,0.0,GAIL
2022-08-17,78.16448453973834,78.65499535807618,77.64511392825437,77.87594604492188,18559593,0.0,0.0,GAIL
2022-08-18,78.04905107716303,78.48185543915113,77.7316660546901,78.25102996826172,16228315,0.0,0.0,GAIL
2022-08-19,78.36645704976021,78.71270192354964,76.66409247402784,76.83721160888672,15787270,0.0,0.0,GAIL
2022-08-22,75.68307519636362,76.00046689930005,73.92300414091832,74.64434051513672,24640419,0.0,0.0,GAIL
2022-08-23,74.32696029967917,76.51983596535996,74.09612815399423,76.34671020507812,16980100,0.0,0.0,GAIL
2022-08-24,75.79848825675272,76.49097804695221,75.36568378889606,76.23129272460938,17466696,0.0,0.0,GAIL
2022-08-25,76.40441061021602,77.41429208794335,76.34670422932966,76.5486831665039,13795335,0.0,0.0,GAIL
2022-08-26,77.38543999570506,78.71270658714312,77.0391951014012,77.6451187133789,17163393,0.0,0.0,GAIL
2022-08-29,76.92377584785807,77.47199303187686,76.17357974083981,77.29887390136719,13597173,0.0,0.0,GAIL
2022-08-30,78.07791605385589,79.03009107730189,77.90479692454105,78.5395736694336,16684747,0.0,0.0,GAIL
2022-09-01,78.7415518959484,79.23206269541527,78.04906217665906,78.68384552001953,18915690,0.0,0.0,GAIL
2022-09-02,79.1166536337305,79.23206639097135,77.78938711324551,78.07791900634766,17306892,0.0,0.0,GAIL
2022-09-05,78.48186841799986,79.20321134196143,77.3854340418127,78.9146728515625,19224678,0.0,0.0,GAIL
2022-09-06,80.0688115199344,80.80457765633045,78.94351747316105,80.5448989868164,28296817,0.0,1.5,GAIL
2022-09-07,80.84786279666461,81.23738411289631,79.98225400141997,80.32849884033203,10690240,0.0,0.0,GAIL
2022-09-08,80.76130530691265,81.15082663312316,79.98225605042043,80.11209869384766,7180648,0.0,0.0,GAIL
2022-09-09,80.24194035870335,80.45834257822959,79.80913591965086,79.98226165771484,5597228,0.0,0.0,GAIL
2022-09-12,80.24194945350561,80.5881943648061,79.93898763264482,80.28523254394531,6581257,0.0,0.0,GAIL
2022-09-13,80.4583466930434,80.84787467055493,79.72258042983981,79.89570617675781,7045689,0.0,0.0,GAIL
2022-09-14,79.28976795197711,79.85241501544765,79.03008926396316,79.37632751464844,6872183,0.0,0.0,GAIL
2022-09-15,79.5061743145461,80.67474498183995,78.856967654486,78.94352722167969,8970450,0.0,0.0,GAIL
2022-09-16,78.85696402156165,80.50162213875917,78.07791474456585,79.54945373535156,18170179,0.0,0.0,GAIL
2022-09-19,79.76585304522693,79.85241260528565,77.7316736655271,77.90479278564453,8372178,0.0,0.0,GAIL
2022-09-20,78.25104109648154,79.07336685957515,77.99135580073019,78.68384552001953,6639747,0.0,0.0,GAIL
2022-09-21,78.51071691485855,78.72711911870773,76.64966324501242,77.0391845703125,13740141,0.0,0.0,GAIL
2022-09-22,76.86607165942259,76.9526312271418,75.43781567780464,76.38998413085938,13003243,0.0,0.0,GAIL
2022-09-23,76.17358540379723,76.60638986631882,74.1826822345692,74.44236755371094,8632586,0.0,0.0,GAIL
2022-09-26,74.13940444229331,74.39908315278005,71.84553951059839,73.44691467285156,15119710,0.0,0.0,GAIL
2022-09-27,74.44235786769701,74.87516227390455,72.40817847933579,74.65876007080078,10752213,0.0,0.0,GAIL
2022-09-28,74.13940174118775,74.70204883285139,73.10066712486913,74.18267822265625,12068829,0.0,0.0,GAIL
2022-09-29,74.44236401092984,75.09157067381585,73.79315734804382,74.35580444335938,12673874,0.0,0.0,GAIL
2022-09-30,73.79315866388053,75.52437646244664,73.57675643905976,75.35125732421875,11829278,0.0,0.0,GAIL
2022-10-03,76.1302972406108,76.1302972406108,73.14394928992873,73.70659637451172,14508849,0.0,0.0,GAIL
2022-10-04,74.52891683891112,76.0004557708257,74.0095528763823,75.52436828613281,10340686,0.0,0.0,GAIL
2022-10-06,75.8273340973349,76.30342160745643,75.30797010706598,75.7840576171875,10663228,0.0,0.0,GAIL
2022-10-07,75.78405360071406,75.87061316049274,74.48564039182052,75.1781234741211,12478992,0.0,0.0,GAIL
2022-10-10,74.00956052120057,77.47199610113978,74.00956052120057,77.21231079101562,11158338,0.0,0.0,GAIL
2022-10-11,77.12574544381785,77.12574544381785,74.4423593912274,74.615478515625,13259938,0.0,0.0,GAIL
2022-10-12,74.65875599605481,75.00500082293762,73.66330459529324,74.74531555175781,11033418,0.0,0.0,GAIL
2022-10-13,75.00501272160339,75.48109365552999,73.79315893730254,73.96627807617188,6397554,0.0,0.0,GAIL
2022-10-14,74.70205718113222,75.13486166861486,73.62004596242564,73.66332244873047,6931298,0.0,0.0,GAIL
2022-10-17,73.66331737687986,74.13940492196025,73.01411069035494,73.62004089355469,9373705,0.0,0.0,GAIL
2022-10-18,74.00955613080193,74.35580098907025,73.49019214543513,73.57675170898438,8035885,0.0,0.0,GAIL
2022-10-19,73.96626589901433,74.26923424826536,73.14394021865772,73.40362548828125,7157063,0.0,0.0,GAIL
2022-10-20,73.23050311958953,76.00045524053442,72.84098180142857,75.6974868774414,17120292,0.0,0.0,GAIL
2022-10-21,75.69749518604564,76.26014228831211,74.65876715422426,74.8318862915039,7929074,0.0,0.0,GAIL
2022-10-24,75.56766163934789,75.56766163934789,74.87517185913748,75.13485717773438,869107,0.0,0.0,GAIL
2022-10-25,75.13485926807732,75.78406597855931,74.35580989468451,74.91845703125,7086629,0.0,0.0,GAIL
2022-10-27,75.00500426252842,76.47653658917366,74.2692380992058,76.21685791015625,12203430,0.0,0.0,GAIL
2022-10-28,76.5198260031799,78.12120110388567,76.0437384794777,77.94808197021484,20036187,0.0,0.0,GAIL
2022-10-31,78.38089126383709,79.20321710582061,78.07792285503807,79.03009796142578,12658201,0.0,0.0,GAIL
2022-11-01,79.20321301010411,79.54945788506097,78.59728943198336,79.11665344238281,7632156,0.0,0.0,GAIL
2022-11-02,79.1166575336232,79.28977667801804,78.77041264076149,79.03009796142578,7390466,0.0,0.0,GAIL
2022-11-03,78.77040359537838,78.94352271989355,78.07791388917511,78.3808822631836,12821695,0.0,0.0,GAIL
2022-11-04,78.77040486020417,79.07336663500607,76.26013788999877,76.64966583251953,13339109,0.0,0.0,GAIL
2022-11-07,76.64966460174671,78.5972844708632,76.17357710322305,78.3808822631836,13463366,0.0,0.0,GAIL
2022-11-09,78.33760562212332,78.38088870884714,76.38998559284401,76.69294738769531,12172444,0.0,0.0,GAIL
2022-11-10,76.60639554346463,77.21231919426981,76.1303079577802,76.34671020507812,6898707,0.0,0.0,GAIL
2022-11-11,77.03918254449457,77.34214430110254,76.21685683311993,76.90933990478516,8365138,0.0,0.0,GAIL
2022-11-14,76.6929515692756,76.73623465835938,76.08702794653583,76.26014709472656,7996003,0.0,0.0,GAIL
2022-11-15,76.26013872567324,77.90479686928352,76.21686224541097,77.8182373046875,8247787,0.0,0.0,GAIL
2022-11-16,77.90479628420667,78.98680734370953,77.25558964850494,78.33760070800781,10223428,0.0,0.0,GAIL
2022-11-17,78.3376068802835,78.68385176741958,77.34215530629425,78.0346450805664,4925266,0.0,0.0,GAIL
2022-11-18,78.46744389462552,79.24649318362988,77.73167768992695,78.16448211669922,14475534,0.0,0.0,GAIL
2022-11-21,78.16449193388237,78.4674537498596,77.47200212244391,77.60184478759766,7845740,0.0,0.0,GAIL
2022-11-22,78.25104056412572,78.98680675832045,77.47199128624308,78.85696411132812,18535213,0.0,0.0,GAIL
2022-11-23,79.11665405347348,79.11665405347348,77.90480028380003,78.5972900390625,8624491,0.0,0.0,GAIL
2022-11-24,78.68384436701865,80.02553409788298,78.55400172104564,79.72257232666016,14011196,0.0,0.0,GAIL
2022-11-25,80.06881857046173,81.23738919635149,79.41961193340393,80.71802520751953,12249200,0.0,0.0,GAIL
2022-11-28,80.76132012249255,81.19412461060007,80.02554720945184,80.28523254394531,11371642,0.0,0.0,GAIL
2022-11-29,80.50162640212913,81.92988238491672,79.67930060201563,81.49707794189453,18484964,0.0,0.0,GAIL
2022-11-30,81.80003151604242,82.18955283401421,81.19410799829275,82.01643371582031,18501717,0.0,0.0,GAIL
2022-12-01,82.44924285694384,82.5790855050919,80.9344273713832,81.06427001953125,9433858,0.0,0.0,GAIL
2022-12-02,81.36724108150764,81.49708374447343,80.54491522284468,80.67475128173828,9494016,0.0,0.0,GAIL
2022-12-05,80.93442386032287,81.28066870567324,80.19865769149779,80.63146209716797,15148621,0.0,0.0,GAIL
2022-12-06,80.93442949684717,80.93442949684717,79.8091353221073,80.50162506103516,9031442,0.0,0.0,GAIL
2022-12-07,80.32850386691342,81.4105149286764,80.32850386691342,80.71802520751953,11134858,0.0,0.0,GAIL
2022-12-08,80.71802222441318,80.8911413462687,80.02553252884871,80.11209869384766,10614975,0.0,0.0,GAIL
2022-12-09,80.54491524202133,81.02099620091296,78.16449063534665,78.64057159423828,15835417,0.0,0.0,GAIL
2022-12-12,78.85695992597353,80.84786279666461,78.07791068943914,80.32849884033203,15920076,0.0,0.0,GAIL
2022-12-13,80.63146564339277,81.36723184457732,80.24193769871523,80.71802520751953,11215454,0.0,0.0,GAIL
2022-12-14,80.71803277730942,83.35814265723093,80.63147320506505,83.09845733642578,22598875,0.0,0.0,GAIL
2022-12-15,83.22829318908651,85.17591312360146,82.62236302479451,84.26702117919922,28006772,0.0,0.0,GAIL
2022-12-16,84.13717912390554,86.73400572160722,83.61781512517952,83.7476577758789,35484499,0.0,0.0,GAIL
2022-12-19,84.09390052335458,84.78638363617713,83.0118894682524,84.310302734375,13524731,0.0,0.0,GAIL
2022-12-20,83.96405378481477,85.00278170547271,83.09844498290946,84.74310302734375,11062080,0.0,0.0,GAIL
2022-12-21,85.00279085600911,85.2624761661642,81.80004058581235,82.31940460205078,14279180,0.0,0.0,GAIL
2022-12-22,82.36268682793893,83.09845306026233,80.32850726654893,81.49707794189453,12024065,0.0,0.0,GAIL
2022-12-23,80.50162838191339,81.06427549249382,78.77041056724859,79.24649810791016,22444602,0.0,0.0,GAIL
2022-12-26,79.20321845679818,81.88660486512119,78.46745217446204,81.71348571777344,8024641,0.0,0.0,GAIL
2022-12-27,82.14628192673278,82.49252679067003,81.15083041944001,82.23284149169922,6330028,0.0,0.0,GAIL
2022-12-28,82.05972225899934,83.4014120244776,81.58363474617292,82.92533111572266,9873070,0.0,0.0,GAIL
2022-12-29,82.31940193567695,83.40141301948992,82.01644015302362,83.05516815185547,10702585,0.0,0.0,GAIL
2022-12-30,83.79093788860405,84.22374230620207,82.96860553272504,83.14173126220703,7280552,0.0,0.0,GAIL
2023-01-02,83.53125354666153,83.79093884180303,82.6656447016184,83.61781311035156,9433822,0.0,0.0,GAIL
2023-01-03,83.70438078430026,84.31031099698288,83.44470206806945,83.79094696044922,6053619,0.0,0.0,GAIL
2023-01-04,84.05061871942955,84.48342314806109,82.36268408939516,82.57908630371094,9398653,0.0,0.0,GAIL
2023-01-05,83.0118909741404,84.39686382898118,82.36268432930208,84.26702117919922,12382060,0.0,0.0,GAIL
2023-01-06,84.5699870624151,85.4788790509143,83.83422081671526,84.18046569824219,14032853,0.0,0.0,GAIL
2023-01-09,84.78638806025857,85.65199694950704,84.69982849214807,85.21919250488281,12464665,0.0,0.0,GAIL
2023-01-10,84.82967730304865,85.6520031658881,84.39687282701269,84.9162368774414,9211811,0.0,0.0,GAIL
2023-01-11,84.91623039980774,85.26247527503848,83.96406194597698,84.22374725341797,9737047,0.0,0.0,GAIL
2023-01-12,84.39687056905981,84.65655588936265,83.70438078430026,83.79094696044922,7831578,0.0,0.0,GAIL
2023-01-13,83.18501281738281,84.2237474454433,82.4492465833848,83.18501281738281,9641316,0.0,0.0,GAIL
2023-01-16,83.44469799805954,84.05062157711625,82.92533398685784,83.87750244140625,4621698,0.0,0.0,GAIL
2023-01-17,83.92077984146879,84.56998651359177,83.74766070386471,84.35358428955078,7321828,0.0,0.0,GAIL
2023-01-18,84.35358483696974,84.6565532358507,83.87750390343307,84.18046569824219,9417195,0.0,0.0,GAIL
2023-01-19,84.6132716134067,84.74311427173525,83.74766269664549,84.48342895507812,6384333,0.0,0.0,GAIL
2023-01-20,84.48342066762481,85.86839347776858,84.31030154288358,85.69527435302734,13615997,0.0,0.0,GAIL
2023-01-23,86.56088682142038,89.02787077501655,86.21464195332038,88.50850677490234,28390308,0.0,0.0,GAIL
2023-01-24,88.9413132948034,88.9413132948034,87.94586175219806,88.29210662841797,8583670,0.0,0.0,GAIL
2023-01-25,88.29209601543724,88.29209601543724,86.17135713512619,87.33992767333984,12007717,0.0,0.0,GAIL
2023-01-27,88.03242545488769,88.85475790004173,84.74311548648761,85.82512664794922,13064056,0.0,0.0,GAIL
2023-01-30,85.91167276107596,86.47431979770577,79.50616636789943,82.1895523071289,29985336,0.0,0.0,GAIL
2023-01-31,81.36722708838334,84.6565431654996,81.36722708838334,82.36267852783203,24892166,0.0,0.0,GAIL
2023-02-01,82.6656437612207,84.82966584921076,82.23283934362267,83.14173126220703,19042474,0.0,0.0,GAIL
2023-02-02,82.66565848701877,83.44470789828685,80.89115741713441,81.28068542480469,17726153,0.0,0.0,GAIL
2023-02-03,81.58362895180838,81.626912033199,78.81368344865389,80.32849884033203,18191035,0.0,0.0,GAIL
2023-02-06,80.41506970906717,82.31940668481359,79.80913950473189,82.1030044555664,14907237,0.0,0.0,GAIL
2023-02-07,82.23284840583801,83.31485956907272,81.80004394054413,83.09845733642578,8686792,0.0,0.0,GAIL
2023-02-08,83.09845024543873,83.44469510894235,82.27612447318016,82.92533111572266,5763070,0.0,0.0,GAIL
2023-02-09,83.35813297747868,83.35813297747868,81.97315356610785,82.9686050415039,6065233,0.0,0.0,GAIL
2023-02-10,82.9686050415039,83.31484989434661,82.10299621143277,82.9686050415039,9527603,0.0,0.0,GAIL
2023-02-13,82.96860912700205,83.53125621506813,82.53580469065456,82.88204956054688,5275322,0.0,0.0,GAIL
2023-02-14,82.92533116743046,83.14173338174622,81.62691788153586,82.57908630371094,7505908,0.0,0.0,GAIL
2023-02-15,82.4925308227539,82.7954926169804,81.80004106103179,82.4925308227539,6887911,0.0,0.0,GAIL
2023-02-16,82.66564680331142,83.3148534535992,82.53580415243955,83.05516815185547,5800257,0.0,0.0,GAIL
2023-02-17,82.88205510377884,83.83422360661098,82.44925063848495,83.09845733642578,19937435,0.0,0.0,GAIL
2023-02-20,83.44469818989249,83.44469818989249,82.49252973315511,82.8387680053711,12837565,0.0,0.0,GAIL
2023-02-21,83.40141620543339,83.40141620543339,82.27612859772472,82.4925308227539,8240973,0.0,0.0,GAIL
2023-02-22,82.189560358963,83.0984523228731,80.63146834035213,82.70893096923828,9721273,0.0,0.0,GAIL
2023-02-23,84.0073388703189,85.82511607686426,83.31484917064866,84.8729476928711,38462809,0.0,0.0,GAIL
2023-02-24,85.26246511828917,89.98003034361183,85.04606292255748,89.54722595214844,45176952,0.0,0.0,GAIL
2023-02-27,89.89348241451079,91.92766199671053,89.28755882970975,90.15316772460938,27802826,0.0,0.0,GAIL
2023-02-28,90.15316488841576,90.19644136935622,88.55178980404465,88.85475158691406,17617907,0.0,0.0,GAIL
2023-03-01,88.46522503565976,89.63380230878342,88.42194855403362,89.50395965576172,7012524,0.0,0.0,GAIL
2023-03-02,89.28754832802602,89.98003140005527,88.68161821042058,89.20098876953125,9586771,0.0,0.0,GAIL
2023-03-03,90.58596743194988,92.27390204705054,90.06660344300133,91.10533142089844,27232148,0.0,0.0,GAIL
2023-03-06,91.75453611393564,94.78416702335805,91.53813390611975,94.39464569091797,35771465,0.0,0.0,GAIL
2023-03-08,94.9572919304943,97.640684754076,94.65433014191719,96.29898834228516,27568928,0.0,0.0,GAIL
2023-03-09,96.47210164506593,96.77507001939827,93.83199867099532,94.04840087890625,16240893,0.0,0.0,GAIL
2023-03-10,93.485752578433,96.60194301023319,93.31263345602734,96.12586212158203,24574077,0.0,0.0,GAIL
2023-03-13,96.94820499449811,97.33772639079349,95.08714438137854,95.39010620117188,24579514,0.0,0.0,GAIL
2023-03-14,96.12587197645652,96.34227420368487,94.69761595593512,95.21697998046875,23328812,0.0,0.0,GAIL
2023-03-15,96.42882512357303,96.51538468588514,94.13496039991038,94.39464569091797,14237757,0.0,0.0,GAIL
2023-03-16,94.69761096297586,97.07803533697901,93.31263810255197,94.82745361328125,26757814,0.0,0.0,GAIL
2023-03-17,95.34681701660156,96.68850678387696,94.69761037318948,95.34681701660156,21251193,0.0,0.0,GAIL
2023-03-20,95.34682318821496,96.34227476002808,94.22152895850067,95.04386138916016,23234444,0.0,0.0,GAIL
2023-03-21,95.22351912252235,96.66085388947023,93.78618435557445,94.4150161743164,26605735,4.0,0.0,GAIL
2023-03-22,94.77435667882182,96.88544287390276,92.43868670014177,94.68452453613281,36125531,0.0,0.0,GAIL
2023-03-23,94.5497678079762,94.90910321315137,91.54034664042062,94.4150161743164,16318256,0.0,0.0,GAIL
2023-03-24,94.23535454758625,94.86418638400484,92.48359696827221,92.9776840209961,10924642,0.0,0.0,GAIL
2023-03-27,92.30394165429796,93.65144445217092,91.94460620411444,93.33702850341797,9550049,0.0,0.0,GAIL
2023-03-28,93.33703118413864,93.87603094801764,92.75311191753896,93.56161499023438,7814715,0.0,0.0,GAIL
2023-03-29,93.56160201338425,95.40318485569227,93.42685037766589,94.77435302734375,10745581,0.0,0.0,GAIL
2023-03-31,94.99893774377874,96.12185662963901,94.19043477520876,94.4599380493164,15641500,0.0,0.0,GAIL
2023-04-03,94.72944641113281,96.07694924402946,94.235366151323,94.72944641113281,11147157,0.0,0.0,GAIL
2023-04-05,94.99894046242092,95.40318853139804,93.69635725904739,94.68452453613281,6305668,0.0,0.0,GAIL
2023-04-06,94.37011780536344,94.99894971921368,93.69636638891511,94.72944641113281,7249613,0.0,0.0,GAIL
2023-04-10,95.22352362390419,96.07693925450397,94.63960441961075,95.17860412597656,8306845,0.0,0.0,GAIL
2023-04-11,95.22352837580735,96.211695695749,94.81928028929823,95.26844787597656,8331690,0.0,0.0,GAIL
2023-04-12,95.26844593893706,97.7837802609408,95.04386215016423,97.55919647216797,14151790,0.0,0.0,GAIL
2023-04-13,99.71519128475545,99.71519128475545,96.2116831931892,97.15493774414062,15062407,0.0,0.0,GAIL
2023-04-17,97.15494930688855,99.35586771604405,96.61594957951918,98.90670013427734,11580594,0.0,0.0,GAIL
2023-04-18,98.18802676594191,99.35585825507887,97.96344299644412,98.36769104003906,9664860,0.0,0.0,GAIL
2023-04-19,97.91851750257108,98.77193303288156,96.75067923122297,97.24476623535156,8205988,0.0,0.0,GAIL
2023-04-20,97.91852824132414,98.32277630448894,97.24477690021412,97.6490249633789,12345494,0.0,0.0,GAIL
2023-04-21,97.55920141489722,98.09820116450918,96.88545001444385,97.3346176147461,5402376,0.0,0.0,GAIL
2023-04-24,97.37952349006086,98.45752283844145,97.37952349006086,98.18802642822266,6760713,0.0,0.0,GAIL
2023-04-25,98.68210949413633,98.99652540879958,97.69394225358627,98.09819030761719,8661439,0.0,0.0,GAIL
2023-04-26,98.18804005824195,99.26603955626554,97.5592013062668,98.99653625488281,7305825,0.0,0.0,GAIL
2023-04-27,98.90669037589214,98.90669037589214,97.73885889077197,98.18802642822266,8349269,0.0,0.0,GAIL
2023-04-28,98.00836422100805,98.27786750950781,94.37011094878139,96.39136505126953,19307001,0.0,0.0,GAIL
2023-05-02,97.0201924636237,97.51427951859706,96.34644112707076,97.2896957397461,7263913,0.0,0.0,GAIL
2023-05-03,97.15493900892734,97.91852244624386,96.5710198437726,97.02018737792969,6687032,0.0,0.0,GAIL
2023-05-04,97.02019051769162,97.19985479566766,95.53793623625408,96.25660705566406,7617969,0.0,0.0,GAIL
2023-05-05,96.43626913532884,97.46935584452365,96.16677272450806,96.70577239990234,4948142,0.0,0.0,GAIL
2023-05-08,96.75069157247306,97.1100269982431,96.12185971769038,96.52610778808594,4868763,0.0,0.0,GAIL
2023-05-09,96.52610235795922,97.2447731690701,95.71760626265049,96.07693481445312,11885359,0.0,0.0,GAIL
2023-05-10,96.03202336048548,98.00835783486288,95.44810417595261,97.91852569580078,7172451,0.0,0.0,GAIL
2023-05-11,98.68210821861358,98.99652412921284,97.46935721844342,98.23294067382812,7784358,0.0,0.0,GAIL
2023-05-12,97.91852484725324,98.2329407581223,96.6159417077588,97.06510925292969,5177796,0.0,0.0,GAIL
2023-05-15,97.02019731150376,100.56861845315464,97.02019731150376,100.38895416259766,10713993,0.0,0.0,GAIL
2023-05-16,101.3771190682271,102.36528635040403,100.16436800129392,100.34403228759766,18937352,0.0,0.0,GAIL
2023-05-17,100.92795019230424,101.06270183216442,98.50244808983354,98.81686401367188,5634267,0.0,0.0,GAIL
2023-05-18,99.40077821124146,99.58044248617144,94.14551935138314,95.40318298339844,24715468,0.0,0.0,GAIL
2023-05-19,94.14551704674334,94.95401311788933,92.48359170243688,94.1904296875,15968522,0.0,0.0,GAIL
2023-05-22,94.32518237553164,96.03202037974418,93.60651157783605,95.53793334960938,11338813,0.0,0.0,GAIL
2023-05-23,95.94219021311268,97.4693571223769,95.22351940066316,96.5710220336914,8713781,0.0,0.0,GAIL
2023-05-24,96.43627833872877,97.1998618562227,95.94219811152841,96.75069427490234,6366074,0.0,0.0,GAIL
2023-05-25,96.79561089720968,97.19985896688006,96.39136282753933,96.84053039550781,4719281,0.0,0.0,GAIL
2023-05-26,97.02018758626112,97.91852265650428,95.31334958204859,95.53793334960938,6943806,0.0,0.0,GAIL
2023-05-29,96.03202404710629,96.03202404710629,94.8641856696906,95.44810485839844,8058796,0.0,0.0,GAIL
2023-05-30,95.49302690396365,95.7176106860955,94.50485277958101,95.17860412597656,7204247,0.0,0.0,GAIL
2023-05-31,95.13369032995418,95.17860297358489,93.87601979449266,94.14552307128906,10176487,0.0,0.0,GAIL
2023-06-01,93.83109968973015,95.08877021705062,92.9776840749875,94.63960266113281,9465271,0.0,0.0,GAIL
2023-06-02,95.0438493539075,95.35826524510733,93.7861789353558,93.9658432006836,9624201,0.0,0.0,GAIL
2023-06-05,94.32517985138567,94.50484411912541,93.51667693905188,93.83109283447266,5284220,0.0,0.0,GAIL
2023-06-06,94.1455259481964,94.50485452323463,93.69635837564537,94.0556869506836,5394343,0.0,0.0,GAIL
2023-06-07,94.32518943620724,95.22352457369493,93.8760218674634,94.86418914794922,8674853,0.0,0.0,GAIL
2023-06-08,95.17860056873108,95.22352006497987,93.96584956129558,94.10060119628906,7433762,0.0,0.0,GAIL
2023-06-09,94.14552704708643,95.22352649229028,93.6514399700119,94.23535919189453,5451500,0.0,0.0,GAIL
2023-06-12,94.32518801163903,95.17860363786215,93.9209399473761,94.50485229492188,7078498,0.0,0.0,GAIL
2023-06-13,95.17861198784068,96.25661834337001,94.59469958906853,96.16678619384766,11662296,0.0,0.0,GAIL
2023-06-14,96.61594407359068,97.02019213264215,96.12185702030287,96.30152130126953,6930665,0.0,0.0,GAIL
2023-06-15,96.30151969828164,96.52610347262814,95.35827195827802,96.25660705566406,5385018,0.0,0.0,GAIL
2023-06-16,96.30151876558463,97.02018957803416,95.44810317283454,96.5710220336914,8119111,0.0,0.0,GAIL
2023-06-19,96.88543574693203,97.37952277600589,95.85234904762021,97.02018737792969,4126281,0.0,0.0,GAIL
2023-06-20,96.93035034806624,97.64901425418235,95.8972637009125,97.24476623535156,11218628,0.0,0.0,GAIL
2023-06-21,97.24477041456572,97.37952204455121,95.67268405682447,95.85234832763672,13138208,0.0,0.0,GAIL
2023-06-22,95.85234668843093,96.12184994379302,93.426844805182,93.83109283447266,16244574,0.0,0.0,GAIL
2023-06-23,93.74126326690153,94.6845178327393,92.79801555481643,94.37010192871094,7880417,0.0,0.0,GAIL
2023-06-26,93.87601979449266,94.5048516353469,93.15734895887093,94.14552307128906,9225360,0.0,0.0,GAIL
2023-06-27,94.14553296246135,94.37011676546936,93.51669420178665,93.69636535644531,9909567,0.0,0.0,GAIL
2023-06-28,94.05568084855373,94.1904324823273,92.97768148587085,93.24718475341797,14246542,0.0,0.0,GAIL
2023-06-30,93.38192786783225,94.59468569641015,93.20226359517395,94.37010192871094,16108372,0.0,0.0,GAIL
2023-07-03,94.77435385942734,95.76252110711627,94.05568303178832,95.62776947021484,22772148,0.0,0.0,GAIL
2023-07-04,96.12185363563731,96.25660526849389,95.13368641761028,95.71760559082031,9292916,0.0,0.0,GAIL
2023-07-05,95.7625227028658,96.61594518162735,95.3582746391782,96.48119354248047,10903523,0.0,0.0,GAIL
2023-07-06,96.43626993698409,100.07452977020691,95.31335108151443,99.53553009033203,29145409,0.0,0.0,GAIL
2023-07-07,98.45753427272017,100.70337222079205,98.05328618356863,99.4457015991211,15022279,0.0,0.0,GAIL
2023-07-10,99.71520124165511,100.02961717211689,97.28969908808912,97.87361145019531,8710335,0.0,0.0,GAIL
2023-07-11,97.873603669005,98.45752283844145,96.70577218388483,98.18802642822266,10380385,0.0,0.0,GAIL
2023-07-12,97.91853061998214,99.84995254883334,97.8736111213157,99.35586547851562,9851130,0.0,0.0,GAIL
2023-07-13,99.3558612614696,99.89486095382328,96.88543972224171,97.11002349853516,8440163,0.0,0.0,GAIL
2023-07-14,97.19985804285601,99.35586371935946,96.57102619517933,98.81686401367188,10678733,0.0,0.0,GAIL
2023-07-17,98.81686706004649,99.04145084881932,97.4244448281536,97.55919647216797,7839246,0.0,0.0,GAIL
2023-07-18,97.87360221602201,98.0532733405866,97.33460254983345,97.82868957519531,6013243,0.0,0.0,GAIL
2023-07-19,97.82869136399488,99.62536151997733,97.78377186859423,98.36769104003906,9938960,0.0,0.0,GAIL
2023-07-20,98.72703488938608,100.29912141038345,98.45753160142804,99.22111511230469,10500380,0.0,0.0,GAIL
2023-07-21,99.08636825395573,100.88303852616704,98.50244904473641,100.16436767578125,11702513,0.0,0.0,GAIL
2023-07-24,100.79319968263749,102.41020567158483,100.20928732628451,100.65845489501953,13872167,0.0,0.0,GAIL
2023-07-25,101.24236387567711,105.10520757950187,100.79319632191856,104.56620788574219,23574611,0.0,0.0,GAIL
2023-07-26,105.28487280766069,106.04846313892921,104.02720912881304,104.25179290771484,17962594,0.0,0.0,GAIL
2023-07-27,104.92554363188295,105.82387874224581,103.84753738719573,104.7458724975586,13286670,0.0,0.0,GAIL
2023-07-28,104.92555044761839,106.22813370075632,104.29671171726461,105.55438232421875,21875385,0.0,0.0,GAIL
2023-07-31,108.11462570014805,110.45029554156481,106.00353962913199,106.99170684814453,64986613,0.0,0.0,GAIL
2023-08-01,106.99171273900173,109.91130191496053,105.28487461922902,108.11463165283203,32978003,0.0,0.0,GAIL
2023-08-02,108.15955374987263,108.4290501834158,103.39837469932358,104.52129364013672,27870281,0.0,0.0,GAIL
2023-08-03,104.52129155903583,104.97045912641781,103.08395671416413,103.80262756347656,13891020,0.0,0.0,GAIL
2023-08-04,104.61111326618584,105.0153681487547,102.58985941459893,103.57803344726562,11230403,0.0,0.0,GAIL
2023-08-07,104.20688273557165,104.70096983487107,102.50004449242795,102.63479614257812,11480767,0.0,0.0,GAIL
2023-08-08,102.67970553070685,104.83570430574555,102.50003439695166,104.56620788574219,16636302,0.0,0.0,GAIL
2023-08-09,105.06028907539411,106.13829532685305,103.84753803953669,105.91371154785156,11556651,0.0,0.0,GAIL
2023-08-10,106.54254595306728,106.99171352188607,105.15013060198092,105.64421081542969,13140800,0.0,0.0,GAIL
2023-08-11,106.04846330834481,106.27304708760538,103.6678738774321,103.93737030029297,10818126,0.0,0.0,GAIL
2023-08-14,104.02721379381356,104.16195858419472,100.83812124889505,101.37712097167969,10233977,0.0,0.0,GAIL
2023-08-16,101.37711402840176,102.81444880863607,100.47877893403621,102.54495239257812,5958441,0.0,0.0,GAIL
2023-08-17,102.41020552518943,102.99412473446087,101.51187038900355,101.82628631591797,5708751,0.0,0.0,GAIL
2023-08-18,102.32036518039861,102.50002945173277,100.16435965562566,101.15252685546875,8626445,0.0,0.0,GAIL
2023-08-21,101.33221158390288,103.08396245270892,100.92795663850286,102.76954650878906,6394425,0.0,0.0,GAIL
2023-08-22,102.90428590172985,105.46453950266547,102.72461477392127,105.1501235961914,9410569,0.0,0.0,GAIL
2023-08-23,105.41962576016681,106.63237681060697,104.43145849142864,105.77896118164062,14990033,0.0,0.0,GAIL
2023-08-24,106.40778808584594,107.08153939965355,105.5543724965241,106.0035400390625,17273849,0.0,0.0,GAIL
2023-08-25,102.4102061521342,105.55437914803305,102.4102061521342,104.65604400634766,10944286,0.0,0.0,GAIL
2023-08-28,104.47638413165578,106.18321548993666,104.38654513069068,105.41963195800781,7734363,0.0,0.0,GAIL
2023-08-29,105.59928908713684,105.91370498751326,104.79078616205989,105.28486633300781,8257230,0.0,0.0,GAIL
2023-08-30,105.3298016278539,106.09338517295542,104.02721833643093,104.29671478271484,8868451,0.0,0.0,GAIL
2023-08-31,104.20687547766644,104.88062682773756,103.08395656088125,103.30854034423828,12626049,0.0,0.0,GAIL
2023-09-01,105.10521340708772,109.8663924824144,103.80263017046703,109.01296997070312,31991938,0.0,0.0,GAIL
2023-09-04,110.2257080078125,111.16896255279174,109.14770868819554,110.2257080078125,19622564,0.0,0.0,GAIL
2023-09-05,110.9443853623205,114.17839036650396,108.96805087469532,110.85455322265625,41671778,0.0,0.0,GAIL
2023-09-06,110.49521377949493,113.10038685724169,110.49521377949493,111.93254852294922,20234630,0.0,0.0,GAIL
2023-09-07,112.38173065731965,114.44790433139151,112.11223421314956,113.23515319824219,19840679,0.0,0.0,GAIL
2023-09-08,114.31314373945783,115.75048541093281,113.10039270118472,115.03181457519531,20210938,0.0,0.0,GAIL
2023-09-11,115.84030608985852,116.37931262209544,113.90889114643635,115.4360580444336,13773356,0.0,0.0,GAIL
2023-09-12,115.88522638426237,116.2894744324738,109.46212913252363,109.82146453857422,18056666,0.0,0.0,GAIL
2023-09-13,110.58505439229442,112.15714088770734,108.51888768200368,111.6181411743164,10650872,0.0,0.0,GAIL
2023-09-14,112.24696513777874,113.9088905133513,111.03421415449145,113.10038757324219,12308230,0.0,0.0,GAIL
2023-09-15,113.90889706326655,114.08856134750941,110.9443883969875,111.25880432128906,27553333,0.0,0.0,GAIL
2023-09-18,111.75288465176332,111.8876362837048,110.31554990314393,110.94438171386719,13376212,0.0,0.0,GAIL
2023-09-20,111.48339144160032,113.01056531840507,110.4503046418875,110.98931121826172,20993004,0.0,0.0,GAIL
2023-09-21,111.16896923415104,112.56139138828198,108.65362819886705,108.87821197509766,11814520,0.0,0.0,GAIL
2023-09-22,109.23755120480811,110.58505390927635,109.14771906192753,109.282470703125,7745864,0.0,0.0,GAIL
2023-09-25,109.41722282079587,110.31555796101998,107.80021682689123,109.95622253417969,11052731,0.0,0.0,GAIL
2023-09-26,109.91130623274577,110.85456089891957,109.01297106639109,109.19264221191406,7023846,0.0,0.0,GAIL
2023-09-27,109.55196330378948,110.0011308562507,108.51888341613103,108.87821197509766,6490723,0.0,0.0,GAIL
2023-09-28,109.55196602553454,110.22571737096527,108.69855039615688,109.10279846191406,9719776,0.0,0.0,GAIL
2023-09-29,110.18080506305861,112.29189124776599,109.8663891383155,111.75289154052734,14505102,0.0,0.0,GAIL
2023-10-03,111.75288245162407,113.23513666629292,111.03421166458688,111.39354705810547,13140786,0.0,0.0,GAIL
2023-10-04,111.39355950836647,111.48339165334835,107.93497052341382,109.01296997070312,9753480,0.0,0.0,GAIL
2023-10-05,109.41721700020683,110.94438391584691,109.41721700020683,110.4952163696289,13906951,0.0,0.0,GAIL
2023-10-06,111.21388457809842,112.4266355537082,110.09096573887591,111.93254852294922,12431715,0.0,0.0,GAIL
2023-10-09,109.95622077409189,110.40538833701403,108.60871808532545,109.41722106933594,11378558,0.0,0.0,GAIL
2023-10-10,109.59689247128999,110.85456309990796,109.46214082291064,110.4053955078125,9862213,0.0,0.0,GAIL
2023-10-11,110.71980793007461,112.02239116422122,110.54014364045209,110.98931121826172,13202599,0.0,0.0,GAIL
2023-10-12,110.98930717137462,117.1428945384908,110.98930717137462,116.19965362548828,44500591,0.0,0.0,GAIL
2023-10-13,115.79538386418588,118.71497281203973,114.98688779239767,115.21147155761719,32376316,0.0,0.0,GAIL
2023-10-16,115.34622526723325,117.54715730284946,115.1665609826438,116.7386474609375,22411704,0.0,0.0,GAIL
2023-10-17,116.96322984588554,118.98448386525283,116.96322984588554,118.04122924804688,29711623,0.0,0.0,GAIL
2023-10-18,118.08614808452344,118.98448319921363,116.82848440695959,117.68190002441406,22761267,0.0,0.0,GAIL
2023-10-19,116.78356358212162,117.72681818332454,115.88522847764375,116.15473175048828,12766650,0.0,0.0,GAIL
2023-10-20,115.88522816251361,116.15473143462528,110.71980132581243,112.33680725097656,23340295,0.0,0.0,GAIL
2023-10-23,112.29189532218338,112.65123075796504,107.62055521828191,108.51889038085938,17027808,0.0,0.0,GAIL
2023-10-25,109.1926259772592,109.41720973545696,105.95861437620933,107.53070068359375,9531434,0.0,0.0,GAIL
2023-10-26,106.00354544724091,107.12646436087694,104.97045867594514,106.45271301269531,13170505,0.0,0.0,GAIL
2023-10-27,107.17138113082342,108.06971623886467,106.0035427488686,106.2281265258789,9937564,0.0,0.0,GAIL
2023-10-30,106.67729712269623,107.57563225636103,105.06029114059831,106.63237762451172,7895004,0.0,0.0,GAIL
2023-10-31,106.94680325115766,109.0578895007152,104.3416299234309,107.3510513305664,33212394,0.0,0.0,GAIL
2023-11-01,108.1595519423162,109.10279972458376,105.46454652940344,105.64421081542969,15959172,0.0,0.0,GAIL
2023-11-02,106.99170731228159,109.86638369813278,106.67729140310719,109.64179992675781,17644988,0.0,0.0,GAIL
2023-11-03,110.22570604312263,111.57320859550188,109.6867063929214,111.16896057128906,12062935,0.0,0.0,GAIL
2023-11-06,112.02238474579734,112.29188801854302,110.54013730695492,110.85455322265625,6377850,0.0,0.0,GAIL
2023-11-07,111.079136737377,113.0105585775028,110.40538541085076,112.33680725097656,7013652,0.0,0.0,GAIL
2023-11-08,112.96565302015989,113.05548517069754,111.39356639761294,111.97748565673828,7605770,0.0,0.0,GAIL
2023-11-09,112.29188852492987,112.29188852492987,110.76472158249202,111.52830505371094,7332564,0.0,0.0,GAIL
2023-11-10,111.30371991703747,113.10039011148923,110.67488123672761,112.83088684082031,6880677,0.0,0.0,GAIL
2023-11-13,113.63940129137411,114.35807218333481,112.60631445433818,113.23515319824219,5965121,0.0,0.0,GAIL
2023-11-15,114.3580589160992,115.93014531284348,113.6843076032088,113.95380401611328,14489745,0.0,0.0,GAIL
2023-11-16,113.99872810690714,114.80723108571559,113.23514462560311,113.549560546875,6392633,0.0,0.0,GAIL
2023-11-17,112.69613175399805,114.2233054847618,112.11221944168672,113.41480255126953,9122291,0.0,0.0,GAIL
2023-11-20,112.87580916771597,113.59447315126656,111.52830648808646,111.88764190673828,5930799,0.0,0.0,GAIL
2023-11-21,111.9325475993392,112.65121839201257,111.5282995620558,112.24696350097656,5289551,0.0,0.0,GAIL
2023-11-22,112.33680897041484,112.69613753372641,110.4053871007265,111.2138900756836,7738964,0.0,0.0,GAIL
2023-11-23,111.4384674264098,113.10038592399528,111.1240446710198,112.24696350097656,7039867,0.0,0.0,GAIL
2023-11-24,112.38172738754422,112.92072711395564,111.3037279347214,111.84272766113281,7037545,0.0,0.0,GAIL
2023-11-28,111.88764239503783,113.59447364701505,111.07913941298105,112.56139373779297,19955790,0.0,0.0,GAIL
2023-11-29,112.471548907045,114.0885547872632,112.471548907045,113.10038757324219,17797816,0.0,0.0,GAIL
2023-11-30,113.05547133186451,120.55656807050475,112.56139113750969,118.49039459228516,82083861,0.0,0.0,GAIL
2023-12-01,120.37690094169326,123.3863289482378,118.89465353996566,122.21849060058594,53660727,0.0,0.0,GAIL
2023-12-04,124.8685883780713,130.34843838701818,123.97025320988374,127.4737548828125,66257632,0.0,0.0,GAIL
2023-12-05,128.3271669634926,128.82124027340228,125.31773907265271,126.08132934570312,25099887,0.0,0.0,GAIL
2023-12-06,126.7999891530888,128.1025859655141,124.68890997132337,126.30591583251953,18752200,0.0,0.0,GAIL
2023-12-07,126.30592207967699,129.09075269905458,125.81183502716462,127.60850524902344,18456707,0.0,0.0,GAIL
2023-12-08,128.3271669634926,130.0789175638674,123.38632420435576,126.08132934570312,18995777,0.0,0.0,GAIL
2023-12-11,125.8118242676546,128.55174886317033,125.54232101592268,126.71015930175781,11044633,0.0,0.0,GAIL
2023-12-12,126.71017069815416,127.2042577528504,123.97024585620778,124.64399719238281,9881478,0.0,0.0,GAIL
2023-12-13,124.9134892335514,127.56357484265489,124.41940222329369,126.71015930175781,17529522,0.0,0.0,GAIL
2023-12-14,127.56359298085235,132.4145973717694,127.2491701912067,130.752685546875,38595458,0.0,0.0,GAIL
2023-12-15,132.05526621224038,133.98668128948484,130.25859592363847,131.02218627929688,28383880,0.0,0.0,GAIL
2023-12-18,131.1569282001667,132.5044308871547,129.8094255131787,130.3035125732422,10775891,0.0,0.0,GAIL
2023-12-19,131.24676994329474,131.9205213008938,128.32718072703227,129.71958923339844,16040169,0.0,0.0,GAIL
2023-12-20,130.70776389341822,132.95360176100272,122.577828071261,123.74566650390625,24177947,0.0,0.0,GAIL
2023-12-21,121.4099745081378,126.66523994636107,121.14048496361747,126.39573669433594,16747435,0.0,0.0,GAIL
2023-12-22,127.56357989924969,137.5800104435478,126.7550838195101,136.09776306152344,84784192,0.0,0.0,GAIL
2023-12-26,136.951190451216,141.66744997408753,136.0079358051404,138.34361267089844,44403657,0.0,0.0,GAIL
2023-12-27,139.1970317277852,139.6012798124289,135.42402675859924,136.41220092773438,15311946,0.0,0.0,GAIL
2023-12-28,136.9511968896846,142.70055032664933,136.23252599662564,141.1284637451172,37181228,0.0,0.0,GAIL
2023-12-29,143.50905441071237,147.59648248910747,141.98188724612186,145.62014770507812,57370272,0.0,0.0,GAIL
2024-01-01,147.05744604951536,152.13304734469187,146.11419149842015,149.30328369140625,40952729,0.0,0.0,GAIL
2024-01-02,150.1118122138168,150.5609797982896,142.02679569330616,147.37188720703125,40801901,0.0,0.0,GAIL
2024-01-03,147.3269645726946,147.68629314962539,144.4073753357357,145.6650390625,22338899,0.0,0.0,GAIL
2024-01-04,145.79979312136513,148.85412705482315,145.75487362373948,146.56336975097656,16795469,0.0,0.0,GAIL
2024-01-05,149.12363582318116,150.1118099773013,145.44045620237705,147.01254272460938,36182162,0.0,0.0,GAIL
2024-01-08,148.53972398824902,148.53972398824902,144.00312869487894,144.36245727539062,16705187,0.0,0.0,GAIL
2024-01-09,145.4404412029984,146.20403148947855,143.4641068060856,144.67686462402344,21668343,0.0,0.0,GAIL
2024-01-10,144.54212349000446,144.99129107537738,141.6674536851191,143.73362731933594,21435177,0.0,0.0,GAIL
2024-01-11,143.55395458551217,144.72179298031259,140.00553361121962,142.8802032470703,37761286,0.0,0.0,GAIL
2024-01-12,144.45228995326372,148.0905499286433,143.19461256149347,145.88961791992188,31798366,0.0,0.0,GAIL
2024-01-15,147.05746549837232,149.84231002562439,145.0811308536323,148.40496826171875,26896883,0.0,0.0,GAIL
2024-01-16,148.53970529260081,151.09995194839635,146.2938676783039,149.93211364746094,33401828,0.0,0.0,GAIL
2024-01-17,148.6744574668477,151.81863028336713,146.96762627802514,147.4167938232422,31113706,0.0,0.0,GAIL
2024-01-18,147.41680129969666,148.3600422264858,141.7123677031292,146.92271423339844,20299367,0.0,0.0,GAIL
2024-01-19,148.2702298889267,151.99831554595286,147.68630377502,151.1898193359375,21251240,0.0,0.0,GAIL
2024-01-23,150.9202989363789,151.18980221169505,139.91569380560128,141.21827697753906,30341132,0.0,0.0,GAIL
2024-01-24,142.56577905142086,148.31513197330753,140.31994127900558,147.821044921875,18968981,0.0,0.0,GAIL
2024-01-25,149.12363180595986,150.15671172402273,147.82104860698738,148.58462524414062,16725897,0.0,0.0,GAIL
2024-01-29,150.87537125652736,156.93913293849633,148.67445309123966,154.28904724121094,58433818,0.0,0.0,GAIL
2024-01-30,157.2086312050043,159.00530127591864,154.06445858090424,154.5136260986328,57303068,0.0,0.0,GAIL
2024-01-31,155.41198667128026,156.75948944588674,153.03140391914496,155.0526580810547,29140358,0.0,0.0,GAIL
2024-02-01,156.31030526978145,157.6578079014175,153.88480327433768,156.04080200195312,31663125,0.0,0.0,GAIL
2024-02-02,158.0171269298407,161.7003060506633,157.2984698689527,159.8137969970703,41748419,0.0,0.0,GAIL
2024-02-05,161.70032310652803,167.53950144093042,159.8587333518691,163.13766479492188,57505480,0.0,0.0,GAIL
2024-02-06,165.36099411492341,169.5297586724425,162.76709334089827,168.18649291992188,33761541,5.5,0.0,GAIL
2024-02-07,169.29813975362703,171.75307292480773,165.12937571044608,165.77784729003906,31684715,0.0,0.0,GAIL
2024-02-08,167.63066173093648,168.7886519530839,164.89780763379312,166.47267150878906,19018617,0.0,0.0,GAIL
2024-02-09,166.6579454263041,166.843235168466,155.77283744855814,160.35848999023438,36193339,0.0,0.0,GAIL
2024-02-12,160.3584891295141,161.84070810949484,155.17068736052514,156.375,18334992,0.0,0.0,GAIL
2024-02-13,156.83818330773448,159.61735957141923,154.10532947556874,157.81089782714844,13204257,0.0,0.0,GAIL
2024-02-14,156.5602538196753,163.7397920865539,154.93906775941238,163.27659606933594,15132347,0.0,0.0,GAIL
2024-02-15,163.97141608519019,172.77214180727665,162.72078098622347,170.68775939941406,43688826,0.0,0.0,GAIL
2024-02-16,171.75309688531155,171.9846949200197,168.37177123282154,169.15921020507812,19961823,0.0,0.0,GAIL
2024-02-19,169.52976073787966,174.02276824774992,168.74232176872806,170.31719970703125,19606057,0.0,0.0,GAIL
2024-02-20,169.9929654079935,172.30894586314326,169.11289566216115,170.45616149902344,11867776,0.0,0.0,GAIL
2024-02-21,171.1046074936227,171.799401525786,166.10209611629531,167.0284881591797,13671880,0.0,0.0,GAIL
2024-02-22,167.67697080761317,169.71503060908967,164.6198740375876,168.8349609375,11766044,0.0,0.0,GAIL
2024-02-23,169.5297495505909,169.6223944122441,165.9168261160563,166.65792846679688,8219010,0.0,0.0,GAIL
2024-02-26,166.75058525540163,169.99295774647888,164.61988050556926,168.69601440429688,14909208,0.0,0.0,GAIL
2024-02-27,168.60336379793543,169.76135393391027,165.68523430952757,167.21377563476562,9486385,0.0,0.0,GAIL
2024-02-28,167.5380103364462,168.41807996963766,163.6471523612906,166.14842224121094,12659946,0.0,0.0,GAIL
2024-02-29,165.59258857381687,170.36350225470193,163.32293074636303,168.8349609375,19475687,0.0,0.0,GAIL
2024-03-01,171.3362092510757,172.26260131421816,168.7886310774339,170.5950927734375,17823470,0.0,0.0,GAIL
2024-03-04,172.30891863200023,178.70101802377778,171.38252659634432,176.8019256591797,52923468,0.0,0.0,GAIL
2024-03-05,178.3304957306051,181.8971112994664,177.21882793499344,179.81272888183594,26849239,0.0,0.0,GAIL
2024-03-06,179.76638305532265,179.81270548570072,171.9846812273029,176.43136596679688,20285523,0.0,0.0,GAIL
2024-03-07,177.07984512118992,178.28415768416608,173.7911644587074,174.67123413085938,7718111,0.0,0.0,GAIL
2024-03-11,174.16173067392137,174.16173067392137,168.5570551309605,169.76136779785156,14087639,0.0,0.0,GAIL
2024-03-12,169.76134756910264,171.01198252331451,165.54626080506478,166.65792846679688,16435560,0.0,0.0,GAIL
2024-03-13,166.6579376038582,166.88953563506732,154.05901318745342,156.2823486328125,22832224,0.0,0.0,GAIL
2024-03-14,155.6338826554971,163.60086087425373,153.82742077322746,163.13766479492188,22996586,0.0,0.0,GAIL
2024-03-15,163.60085884705393,163.64716714591526,153.36422279353934,161.0069580078125,42241333,0.0,0.0,GAIL
2024-03-18,161.65543393343142,164.89780653381544,160.40479884760566,162.95237731933594,10899780,0.0,0.0,GAIL
2024-03-19,162.90605854556213,163.50820776409904,159.7099944507409,160.21951293945312,9713217,0.0,0.0,GAIL
2024-03-20,160.26583809688174,161.9796691874267,156.28234912052847,161.19223022460938,8692031,0.0,0.0,GAIL
2024-03-21,162.21126994405452,164.24932983216462,161.00695733065507,162.16494750976562,13773426,0.0,0.0,GAIL
2024-03-22,162.11862888610494,163.0450210511684,160.08056895008986,161.28488159179688,12396239,0.0,0.0,GAIL
2024-03-26,161.2848717928232,167.90856971635054,159.38576514270014,167.21377563476562,22741278,0.0,0.0,GAIL
2024-03-27,169.39079069565904,170.17821545073832,166.42632484993237,167.0284881591797,13833150,0.0,0.0,GAIL
2024-03-28,168.00121758386572,168.9739180069705,166.42633966229752,167.72329711914062,10519502,0.0,0.0,GAIL
2024-04-01,168.04751328430558,170.91933431181482,167.39904167230637,168.92759704589844,8712471,0.0,0.0,GAIL
2024-04-02,169.5297729936753,170.73408568359656,164.43461588184354,169.8076934814453,17194544,0.0,0.0,GAIL
2024-04-03,170.45613529986383,177.63567360733094,168.97390238213848,175.1807403564453,40868454,0.0,0.0,GAIL
2024-04-04,176.43137118224075,176.43137118224075,171.24358394582714,172.77212524414062,16507602,0.0,0.0,GAIL
2024-04-05,172.49421764753862,177.35777649550843,170.73407819490333,176.7093048095703,15022150,0.0,0.0,GAIL
2024-04-08,176.98721995615838,186.99225782643154,176.98721995615838,185.9732208251953,56272730,0.0,0.0,GAIL
2024-04-09,188.05760800879432,191.6705317694926,185.6953051795889,188.8450469970703,37997348,0.0,0.0,GAIL
2024-04-10,189.4472026647189,194.44971483144516,186.76067097066647,187.31649780273438,27923078,0.0,0.0,GAIL
2024-04-12,188.9839862390159,189.91037832842284,184.67626867752222,186.29745483398438,30179782,0.0,0.0,GAIL
2024-04-15,182.49923088061342,193.24538414001455,182.1286797208909,188.7060546875,44962181,0.0,0.0,GAIL
2024-04-16,188.05759186443052,194.63498127354336,186.29745257019422,190.69781494140625,31636637,0.0,0.0,GAIL
2024-04-18,192.68958121202684,197.92369158589264,187.36282596217515,188.567138671875,30645258,0.0,0.0,GAIL
2024-04-19,188.05759919063058,188.98399130487016,182.73084453375313,187.0848846435547,22533995,0.0,0.0,GAIL
2024-04-22,189.4471924211994,189.4471924211994,181.52653680580474,184.1204376220703,36002648,0.0,0.0,GAIL
2024-04-23,186.20479748876932,187.64070795821976,183.88881742050106,184.95416259765625,13558545,0.0,0.0,GAIL
2024-04-24,186.11216421624889,193.43067016888568,184.53730049892397,192.1337127685547,31299709,0.0,0.0,GAIL
2024-04-25,192.0411034905298,193.6159673837515,190.9294356915276,192.6895751953125,12365830,0.0,0.0,GAIL
2024-04-26,193.52331044984243,196.1172112429384,192.0410915220891,192.7358856201172,13324638,0.0,0.0,GAIL
2024-04-29,193.523309658592,195.56138364630579,192.2726887686281,194.12547302246094,10194865,0.0,0.0,GAIL
2024-04-30,194.4960124252427,196.62671701507446,193.29169990615333,193.70858764648438,17217978,0.0,0.0,GAIL
2024-05-02,193.61594138243808,194.68128660182506,186.853276487889,189.95669555664062,17430514,0.0,0.0,GAIL
2024-05-03,191.76317333991602,193.1527615525241,185.8805775856262,188.79872131347656,15781876,0.0,0.0,GAIL
2024-05-06,189.44719633640955,189.44719633640955,181.66550786241484,183.24037170410156,25048200,0.0,0.0,GAIL
2024-05-07,183.6572448690887,184.21308581676243,177.45042025297033,178.5620880126953,15026421,0.0,0.0,GAIL
2024-05-08,180.64647429036197,186.89962147733604,179.53480650646893,186.34378051757812,23505647,0.0,0.0,GAIL
2024-05-09,186.99224945322445,188.33551515970686,178.23783287398,179.07159423828125,19166975,0.0,0.0,GAIL
2024-05-10,180.6464737933571,182.03606205330598,175.2733963610968,178.37681579589844,14080312,0.0,0.0,GAIL
2024-05-13,178.37680902847987,179.4421543331069,173.55957273720884,178.7473602294922,12436159,0.0,0.0,GAIL
2024-05-14,179.21054419568813,186.11216233170654,178.9789461767907,185.32473754882812,15962440,0.0,0.0,GAIL
2024-05-15,186.2974637262129,187.91864996005643,183.88883852453932,185.9732208251953,12338883,0.0,0.0,GAIL
2024-05-16,186.71435262352972,187.82602044763644,176.94091198766245,181.0633544921875,32045529,0.0,0.0,GAIL
2024-05-17,181.48020541694237,190.188299575034,180.7854113469914,188.89134216308594,30620083,0.0,0.0,GAIL
2024-05-21,193.33803023572787,195.74665537231206,188.7523921253289,189.1692657470703,34640241,0.0,0.0,GAIL
2024-05-22,191.39262046114973,191.39262046114973,183.6572404911331,185.9732208251953,36029532,0.0,0.0,GAIL
2024-05-23,187.13120785135314,188.28919799894814,184.8615499891913,185.69529724121094,30667689,0.0,0.0,GAIL
2024-05-24,186.204828703391,191.62422862587317,184.49099751132457,189.40087890625,23963389,0.0,0.0,GAIL
2024-05-27,191.53156935724581,191.90212054818645,185.7416186511622,187.54808044433594,15755998,0.0,0.0,GAIL
2024-05-28,188.4281544599919,188.56712176150845,183.7961937885504,185.7416229248047,11658134,0.0,0.0,GAIL
2024-05-29,183.8888353103742,186.48273606630988,183.47196168465388,185.92689514160156,11373374,0.0,0.0,GAIL
2024-05-30,186.20481297728676,188.19655034742198,183.33299179950777,184.7225799560547,16892576,0.0,0.0,GAIL
2024-05-31,186.06585205582945,190.04932662996535,185.2784131457117,189.26190185546875,45410243,0.0,0.0,GAIL
2024-06-03,201.02708104459765,216.03462988992723,195.6076817308519,213.81129455566406,106239940,0.0,0.0,GAIL
2024-06-04,213.48705658938056,213.48705658938056,160.72902932854674,176.29241943359375,144638353,0.0,0.0,GAIL
2024-06-05,183.51828369808993,183.70355929402848,169.48343466969916,180.78541564941406,49797002,0.0,0.0,GAIL
2024-06-06,186.20482359767763,195.32979200037002,184.44468415324212,192.596923828125,41316996,0.0,0.0,GAIL
2024-06-07,195.6540062278588,198.61845808338575,192.5969095092504,197.04359436035156,31816743,0.0,0.0,GAIL
2024-06-10,198.61846819706142,201.66630623880653,190.73487621277602,192.85630798339844,38291847,0.0,0.0,GAIL
2024-06-11,192.87482776239645,198.47950265996548,190.77191378790852,197.1918182373047,58491135,0.0,0.0,GAIL
2024-06-12,200.10069337733236,204.03785979795117,198.65552396463997,200.95297241210938,37632644,0.0,0.0,GAIL
2024-06-13,202.9262037045031,203.99154902495846,198.49805034919052,203.64878845214844,26308017,0.0,0.0,GAIL
2024-06-14,203.7136123350953,208.90141362708974,202.98176881301524,205.50155639648438,32311984,0.0,0.0,GAIL
2024-06-18,207.32656945326997,207.8823962711622,203.94522956802942,205.89991760253906,18556534,0.0,0.0,GAIL
2024-06-19,205.89991323700428,206.4464953461001,199.8227830222464,200.36009216308594,20546373,0.0,0.0,GAIL
2024-06-20,201.86083732751118,205.1958546143177,199.3225319650847,202.5093231201172,18495221,0.0,0.0,GAIL
2024-06-21,203.6210051198508,203.6210051198508,198.2479276189418,198.9519805908203,16928662,0.0,0.0,GAIL
2024-06-24,197.2288819717446,197.62723794452833,193.19908462327737,196.99728393554688,23293709,0.0,0.0,GAIL
2024-06-25,198.5258238416308,199.63749150082205,196.03382690644088,197.46046447753906,12615853,0.0,0.0,GAIL
2024-06-26,196.11720947788152,199.32253244094358,194.10694026862066,197.71986389160156,18166674,0.0,0.0,GAIL
2024-06-27,198.7111004313977,202.37961927441995,197.73838592384004,201.9071502685547,24218669,0.0,0.0,GAIL
2024-06-28,202.23139890935124,206.72439212746886,201.86083358678314,203.38938903808594,25103775,0.0,0.0,GAIL
2024-07-01,204.0378591943236,207.51182955518044,203.389387554088,206.16856384277344,20094833,0.0,0.0,GAIL
2024-07-02,207.1875695013289,209.36459640134325,203.62096870772254,205.3533172607422,23734457,0.0,0.0,GAIL
2024-07-03,205.65904875513746,206.44648770416936,203.01882558308628,203.9359588623047,11406984,0.0,0.0,GAIL
2024-07-04,204.73264946351253,205.46449298626527,201.28646979870686,203.02809143066406,15067769,0.0,0.0,GAIL
2024-07-05,203.01881990014346,207.46550473804157,201.52732807693823,206.5483856201172,20660843,0.0,0.0,GAIL
2024-07-08,207.04865295461033,214.4042091512523,204.98280234395486,213.52413940429688,28199193,0.0,0.0,GAIL
2024-07-09,215.72891075925327,216.86838315100107,211.21738602844778,212.2456817626953,24236853,0.0,0.0,GAIL
2024-07-10,212.95902064667328,214.69136935170013,203.67656783905935,212.3568572998047,18643698,0.0,0.0,GAIL
2024-07-11,212.9775393142819,213.76497825788792,209.3646157585381,212.51434326171875,15939530,0.0,0.0,GAIL
2024-07-12,212.7922717598171,216.59048518858262,208.16031105918714,211.87515258789062,26631708,0.0,0.0,GAIL
2024-07-15,212.69961867705453,220.48130618217718,211.30075764565603,219.70314025878906,32695974,0.0,0.0,GAIL
2024-07-16,220.66661459599214,221.50963487290366,215.8493780839051,216.2292022705078,19213934,0.0,0.0,GAIL
2024-07-18,216.32181678364944,216.655318509085,210.9950621445902,212.01409912109375,14554717,0.0,0.0,GAIL
2024-07-19,212.01409712614955,212.01409712614955,202.89840223084798,203.58392333984375,17266945,0.0,0.0,GAIL
2024-07-22,201.76821080017226,209.78149715219914,200.24892825689284,206.4650115966797,14249258,0.0,0.0,GAIL
2024-07-23,209.27196578427436,209.27196578427436,193.7548984022679,203.61170959472656,18437981,0.0,0.0,GAIL
2024-07-24,202.87988132704734,208.43823424011714,202.04613404433584,207.2061309814453,10123727,0.0,0.0,GAIL
2024-07-25,205.65904782748643,212.8756361239215,202.85208087312319,211.58795166015625,21033610,0.0,0.0,GAIL
2024-07-26,213.0701803076276,215.4973230555591,212.36612740934788,213.66307067871094,16686103,0.0,0.0,GAIL
2024-07-29,214.4597754502682,216.9332407105906,213.0701872724047,214.8025360107422,12472241,0.0,0.0,GAIL
2024-07-30,216.49783650223304,218.99909240933744,214.83032785228946,216.54415893554688,18713036,0.0,0.0,GAIL
2024-07-31,223.2604871642411,228.17036792485277,220.9074575440921,223.23269653320312,87632493,0.0,0.0,GAIL
2024-08-01,225.06696086027756,225.99335297259452,219.66609314919515,221.40771484375,21967072,0.0,0.0,GAIL
2024-08-02,218.98983512816758,221.87091521898301,215.015619108637,219.56419372558594,14930829,0.0,0.0,GAIL
2024-08-05,213.07017330483194,213.79275797910302,204.7326447842081,208.0398712158203,18627263,0.0,0.0,GAIL
2024-08-06,209.35535998272204,213.58896461443288,206.02960153369295,206.95599365234375,14389267,0.0,0.0,GAIL
2024-08-07,210.3929085049153,216.84986251471466,208.99406153531524,216.33108520507812,16963242,0.0,0.0,GAIL
2024-08-08,214.9229828204198,215.1360490609312,209.9853108722794,210.5782012939453,13656192,0.0,0.0,GAIL
2024-08-09,214.64505787652192,214.64505787652192,210.29101760780202,210.64305114746094,9460718,0.0,0.0,GAIL
2024-08-12,209.80929368369718,217.6095140209039,208.7717389817402,214.83033752441406,20362324,0.0,0.0,GAIL
2024-08-13,216.11801364281447,216.86840314153284,209.45726610651246,210.43923950195312,12565171,0.0,0.0,GAIL
2024-08-14,211.49532622983565,212.94975452426291,208.50308360615958,209.97604370117188,12489039,0.0,0.0,GAIL
2024-08-16,211.47679671897,215.84936875332053,209.9575141738565,215.4324951171875,10347738,0.0,0.0,GAIL
2024-08-19,216.77575857124646,221.96356015711487,216.3403531389929,221.34286499023438,19004338,0.0,0.0,GAIL
2024-08-20,222.3340970892661,223.86263835250634,218.73969132959084,219.2955322265625,13957013,0.0,0.0,GAIL
2024-08-21,220.4813329726965,221.21317655574708,218.0263994152747,218.7675018310547,7715949,0.0,0.0,GAIL
2024-08-22,219.69388193201917,220.0181248228489,216.31255640477985,216.84060668945312,10788298,0.0,0.0,GAIL
2024-08-23,217.33158904003602,217.97078770548396,212.00483454528631,212.57919311523438,11234936,0.0,0.0,GAIL
2024-08-26,214.18185542290882,218.53589556193995,212.93123454166286,217.93374633789062,13276274,0.0,0.0,GAIL
2024-08-27,217.7021552426281,220.29605608966475,216.8684079619053,219.1102752685547,11974901,0.0,0.0,GAIL
2024-08-28,220.01813289370327,220.48132896295314,216.92398654366323,218.13755798339844,11745870,0.0,0.0,GAIL
2024-08-29,216.82207817768307,217.86889165944064,211.85661585674018,214.839599609375,14620812,0.0,0.0,GAIL
2024-08-30,215.3954192087353,221.71342003154962,215.3954192087353,220.1941375732422,23605945,0.0,0.0,GAIL
2024-09-02,221.0834656270751,222.60274808239768,216.20138951244274,216.83132934570312,11344611,0.0,0.0,GAIL
2024-09-03,217.70216074638597,218.41548667786978,214.1355452245897,215.41397094726562,11468711,0.0,0.0,GAIL
2024-09-04,212.2271593578255,214.40418641180074,211.18960474603549,213.04238891601562,10067531,0.0,0.0,GAIL
2024-09-05,214.64503751783198,214.73768237809895,210.2076257692172,211.32855224609375,12026014,0.0,0.0,GAIL
2024-09-06,211.12474514580734,211.6064729757252,205.61271520741892,206.41868591308594,12081433,0.0,0.0,GAIL
2024-09-09,205.75168930658114,206.58543653521008,199.91541629931413,201.7218780517578,11247785,0.0,0.0,GAIL
2024-09-10,203.2504378379288,205.51083700993345,201.5736702604268,203.74142456054688,10945760,0.0,0.0,GAIL
2024-09-11,203.88036697983551,204.97350282939115,199.17429360217017,201.20309448242188,12709020,0.0,0.0,GAIL
2024-09-12,202.13875565212263,204.70486575577738,201.592187699563,204.39915466308594,9267929,0.0,0.0,GAIL
2024-09-13,204.3991478704499,205.4181848122232,202.12949010263264,202.75942993164062,8023988,0.0,0.0,GAIL
2024-09-16,203.80625912257796,204.31577759750868,201.02708286181553,201.79598999023438,6528370,0.0,0.0,GAIL
2024-09-17,202.58342252937396,205.14953266624462,201.83304717197376,203.55613708496094,7453731,0.0,0.0,GAIL
2024-09-18,203.5468803059426,204.86235543666882,200.11923224581122,201.8979034423828,9639142,0.0,0.0,GAIL
2024-09-19,202.8798727730086,203.29674639678765,193.26391811543687,195.39462280273438,22834523,0.0,0.0,GAIL
2024-09-20,196.3210110281571,198.47024747313034,194.42190440674682,196.54335021972656,29582243,0.0,0.0,GAIL
2024-09-23,197.3215280922594,204.6863428629446,196.05237536924358,204.1119842529297,17538036,0.0,0.0,GAIL
2024-09-24,203.99155284306303,207.2339254354593,203.4264530543919,206.28900146484375,13952725,0.0,0.0,GAIL
2024-09-25,206.2519331646636,209.36461113456699,205.7146240592826,208.9847869873047,14897710,0.0,0.0,GAIL
2024-09-26,210.2446870257713,214.09848160487286,208.31778973622053,213.59823608398438,25633119,0.0,0.0,GAIL
2024-09-27,216.7757477582657,220.38867123332156,214.92296358939163,219.53639221191406,31529491,0.0,0.0,GAIL
2024-09-30,216.77575256490732,226.96606571966794,213.67233335898155,222.60275268554688,29251437,0.0,0.0,GAIL
2024-10-01,222.51938542626797,226.5028743878203,221.41697653666864,222.1117706298828,14256684,0.0,0.0,GAIL
2024-10-03,215.05266691153025,226.0304192255616,215.05266691153025,222.61203002929688,22452808,0.0,0.0,GAIL
2024-10-04,223.67737055787282,224.1776302096996,212.36613089034276,213.24620056152344,20561689,0.0,0.0,GAIL
2024-10-07,214.9229554490243,217.0073375600601,205.7053573851235,207.45623779296875,15437600,0.0,0.0,GAIL
2024-10-08,205.86286352624137,210.6245185845781,204.80677704670745,208.20663452148438,9387045,0.0,0.0,GAIL
2024-10-09,208.66982296760415,209.9482486039678,205.7980017697391,206.17782592773438,9953771,0.0,0.0,GAIL
2024-10-10,207.5118377690814,212.57920386688153,207.12275476953903,209.01258850097656,10108642,0.0,0.0,GAIL
2024-10-11,209.3646157585381,213.53338023160634,208.82730664129025,212.51434326171875,12660791,0.0,0.0,GAIL
2024-10-14,212.5143350475844,214.55240890858366,210.42995289161613,213.69085693359375,12947771,0.0,0.0,GAIL
2024-10-15,213.1906176782135,216.68310570416241,211.5138502453481,214.2096405029297,16946397,0.0,0.0,GAIL
2024-10-16,213.5611859017198,217.23896394888982,212.80155167255026,214.7932891845703,14363208,0.0,0.0,GAIL
2024-10-17,212.46803770141645,213.19062242187164,204.63075417143523,205.67758178710938,15315848,0.0,0.0,GAIL
2024-10-18,205.65903169015542,205.82577547129276,201.3513143833261,205.1309814453125,10150771,0.0,0.0,GAIL
2024-10-21,206.58542893627794,207.09494739530774,202.5093095352814,203.4820098876953,8211751,0.0,0.0,GAIL
2024-10-22,202.14802972279745,203.3801187969425,195.79297924567544,196.51556396484375,12878742,0.0,0.0,GAIL
2024-10-23,195.2093501916481,199.48927729629045,192.78220734156912,195.90414428710938,7866079,0.0,0.0,GAIL
2024-10-24,195.7003264934166,197.96072542561987,194.54233639582245,194.949951171875,6846772,0.0,0.0,GAIL
2024-10-25,195.00554012210733,195.56138104511268,187.5388219401765,190.910888671875,10268644,0.0,0.0,GAIL
2024-10-28,189.91039067072427,193.87534794021934,188.585656681876,191.6242218017578,12266987,0.0,0.0,GAIL
2024-10-29,190.51253209846007,192.2726855918932,185.4544390850147,190.02154541015625,12717208,0.0,0.0,GAIL
2024-10-30,189.1322274406801,191.62422462150917,187.43692808566675,188.73387145996094,8970199,0.0,0.0,GAIL
2024-10-31,188.05760022950363,188.9469428837602,184.82448664412325,185.2691650390625,12812568,0.0,0.0,GAIL
2024-11-01,185.26918128194254,187.03857964196837,183.47197815112614,185.42666625976562,2606575,0.0,0.0,GAIL
2024-11-04,185.4359075001264,185.56560183047762,180.42412277794472,181.74887084960938,10478575,0.0,0.0,GAIL
2024-11-05,181.38758272775468,182.48999162929974,177.5893693227776,181.9526824951172,17109329,0.0,0.0,GAIL
2024-11-06,186.20481572119797,194.5330859509849,186.20481572119797,193.54183959960938,40549292,0.0,0.0,GAIL
2024-11-07,193.893860415622,200.536089770038,192.68954791403507,194.940673828125,21951907,0.0,0.0,GAIL
2024-11-08,194.54233161204544,194.54233161204544,188.8172354954176,189.14146423339844,13570458,0.0,0.0,GAIL
2024-11-11,187.131214161432,191.02205836142642,186.9459385586937,187.9927520751953,8551604,0.0,0.0,GAIL
2024-11-12,188.05758399171822,190.09564365120383,179.25685961772155,179.8590087890625,17295996,0.0,0.0,GAIL
2024-11-13,179.62742404635947,180.36854055971634,175.04178593992006,175.5235137939453,12112022,0.0,0.0,GAIL
2024-11-14,175.5605646426468,177.86728609805482,174.0968634045236,174.9862060546875,12252336,0.0,0.0,GAIL
2024-11-18,176.01449922237444,176.80193816261792,171.0305051946788,171.80868530273438,14792702,0.0,0.0,GAIL
2024-11-19,171.97544688460476,175.55132133042784,171.97544688460476,172.9388885498047,9668218,0.0,0.0,GAIL
2024-11-21,173.33724252597588,176.2461134252302,167.1396765385743,174.4396514892578,17368997,0.0,0.0,GAIL
2024-11-22,175.6346801216605,179.36803926594266,174.30994616397032,178.43238830566406,8159852,0.0,0.0,GAIL
2024-11-25,182.86978074875296,186.39007328373626,182.34174464309675,184.5280303955078,21024516,0.0,0.0,GAIL
2024-11-26,184.52804387318866,185.20430614532853,178.81220633685675,179.69227600097656,10102404,0.0,0.0,GAIL
2024-11-27,180.27590492682526,181.10965214691032,178.33047589913164,180.53529357910156,8033396,0.0,0.0,GAIL
2024-11-28,180.55382007796555,184.5836314886799,179.39582991806165,182.22132873535156,15723274,0.0,0.0,GAIL
2024-11-29,183.14772376561774,185.79720585888907,181.98973358736316,184.77818298339844,12489971,0.0,0.0,GAIL
2024-12-02,183.79619372819056,184.53731026250225,182.49925039486172,183.92588806152344,8234055,0.0,0.0,GAIL
2024-12-03,184.81522781175357,186.3808327551667,184.352031752075,185.2691650390625,8800984,0.0,0.0,GAIL
2024-12-04,186.7606641212385,192.71735889339539,186.54758374791865,191.51304626464844,14841619,0.0,0.0,GAIL
2024-12-05,193.10641570115334,194.26440573790242,190.41988447014367,193.49549865722656,12412144,0.0,0.0,GAIL
2024-12-06,193.49552831588414,197.69208372145388,193.16202656875703,194.92218017578125,14026104,0.0,0.0,GAIL
2024-12-09,194.91289610648258,196.30248428443454,192.88410924059508,193.31024169921875,7980018,0.0,0.0,GAIL
2024-12-10,193.4306755821123,194.4867620231083,191.65200442546745,192.26341247558594,7239820,0.0,0.0,GAIL
2024-12-11,191.2999685290267,192.52281288535178,189.91038037990543,190.67002868652344,6858258,0.0,0.0,GAIL
2024-12-12,190.18829458034438,192.3189991660288,189.36380620441332,190.1141815185547,5419304,0.0,0.0,GAIL
2024-12-13,189.91039389422033,190.46623484767198,185.13020692852857,189.8177490234375,4879404,0.0,0.0,GAIL
2024-12-16,189.67878335529844,189.9103813813733,186.54757351936757,188.81724548339844,10337056,0.0,0.0,GAIL
2024-12-17,188.05759934612837,189.9103835761395,183.52754246917607,184.8800811767578,10164638,0.0,0.0,GAIL
2024-12-18,183.42564525230023,184.68553913865,178.79368451360577,179.29393005371094,13124279,0.0,0.0,GAIL
2024-12-19,175.18074478584822,182.4992364300643,174.83797011028008,179.36802673339844,13972934,0.0,0.0,GAIL
2024-12-20,179.72932293446368,185.0746092113613,177.6078912840617,178.25636291503906,25818265,0.0,0.0,GAIL
2024-12-23,179.9053422250932,183.60165177714222,177.5245218887771,179.69227600097656,20954043,0.0,0.0,GAIL
2024-12-24,179.69227614729803,186.65874867321398,179.59037245122508,183.48121643066406,22726193,0.0,0.0,GAIL
2024-12-26,183.98147192787056,185.93615977344317,182.0360429142333,183.08287048339844,9338804,0.0,0.0,GAIL
2024-12-27,182.48998036879271,183.17550145909433,177.96918250884764,178.33047485351562,8010778,0.0,0.0,GAIL
2024-12-30,178.79366938940996,179.55331767139577,173.69851300784646,174.8472442626953,24223648,0.0,0.0,GAIL
2024-12-31,174.4859616156472,177.99698153398094,173.5595694948009,176.92236328125,8397949,0.0,0.0,GAIL
2025-01-01,176.9686649567885,177.4967151888315,175.11588093241915,177.0242462158203,3721986,0.0,0.0,GAIL
2025-01-02,176.94089395261713,177.75612353715906,173.75410281554065,177.03353881835938,9157431,0.0,0.0,GAIL
2025-01-03,177.58008707737923,179.49771119207895,175.7736254807432,177.0242462158203,16593190,0.0,0.0,GAIL
2025-01-06,177.3021998813741,177.3114587144082,170.27088658344238,171.07684326171875,20865981,0.0,0.0,GAIL
2025-01-07,172.59613052339097,175.34751652017246,170.41911730949923,172.36453247070312,14521936,0.0,0.0,GAIL
2025-01-08,173.23533323175752,177.56158290549516,173.22607439901844,176.55181884765625,14658568,0.0,0.0,GAIL
2025-01-09,176.38505847443315,176.82046391274343,168.90908122664547,169.5482940673828,14447702,0.0,0.0,GAIL
2025-01-10,169.992951328304,171.262103989209,164.6661967226487,166.3614959716797,11987426,0.0,0.0,GAIL
2025-01-13,162.28537600000814,165.60186171483915,159.01521272149944,159.47840881347656,12564130,0.0,0.0,GAIL
2025-01-14,160.44185493495758,165.08307440813502,160.3584830359739,163.00796508789062,16272268,0.0,0.0,GAIL
2025-01-15,164.11035120366552,166.74131545210875,162.83193974637675,164.8422088623047,11373283,0.0,0.0,GAIL
2025-01-16,168.55703367470124,168.88127655222883,164.94411026955362,167.2322998046875,6929944,0.0,0.0,GAIL
2025-01-17,166.38004005756974,169.3352192178704,166.2318139172222,167.6306610107422,5519645,0.0,0.0,GAIL
2025-01-20,167.63063979872183,169.43710148179605,165.93534063903036,168.658935546875,5329580,0.0,0.0,GAIL
2025-01-21,168.427360563138,170.0856104869877,166.10212127216826,166.66722106933594,6654450,0.0,0.0,GAIL
2025-01-22,166.07432050286425,167.32494139247112,159.5710438157936,163.47116088867188,9583003,0.0,0.0,GAIL
2025-01-23,162.30390780865716,167.01924063263806,162.30390780865716,166.4356231689453,7865833,0.0,0.0,GAIL
2025-01-24,165.64815980479753,166.83394049512742,162.43357826809392,162.8967742919922,6235286,0.0,0.0,GAIL
2025-01-27,160.26583478275907,161.2848717564357,154.42956167163828,155.30963134765625,22215768,0.0,0.0,GAIL
2025-01-28,154.47587833786574,157.66266933409145,151.32615094054756,153.90151977539062,18592348,0.0,0.0,GAIL
2025-01-29,154.10532978206777,155.8191466667091,152.30812686627775,153.05850219726562,16409375,0.0,0.0,GAIL
2025-01-30,153.17895726833808,160.25659317301682,153.17895726833808,154.8094024658203,30173614,0.0,0.0,GAIL
2025-01-31,156.79186395607204,165.7037514932782,154.84643487903014,164.0825653076172,36650691,0.0,0.0,GAIL
2025-02-01,165.76858431878895,167.2137535559668,161.6554016372089,162.6744384765625,14451252,0.0,0.0,GAIL
2025-02-03,163.04501649199085,164.13815243109983,160.33069430935353,161.5072021484375,17456702,0.0,0.0,GAIL
2025-02-04,163.04499731170995,165.31465495852726,162.1186052815298,164.8977813720703,12517209,0.0,0.0,GAIL
2025-02-05,166.8524990973509,167.62140631681427,165.22205392013674,166.2873992919922,12940845,0.0,0.0,GAIL
2025-02-06,166.75057845870583,167.55653506452396,163.50820609978655,165.27761840820312,14963364,0.0,0.0,GAIL
2025-02-07,164.402716501517,166.71011718086842,163.53744491428415,164.45079040527344,12418542,6.5,0.0,GAIL
2025-02-10,164.4508086180226,165.01804260292013,161.03776645466542,161.6146240234375,11546697,0.0,0.0,GAIL
2025-02-11,160.6531867437148,161.258870986791,154.52893522299846,155.451904296875,19520499,0.0,0.0,GAIL
2025-02-12,153.9232530007355,154.93273164248095,149.51032677126847,153.5963592529297,20114096,0.0,0.0,GAIL
2025-02-13,153.2021892246693,158.43229850492685,153.2021892246693,156.0672149658203,12193757,0.0,0.0,GAIL
2025-02-14,156.2402762791161,158.92264487559865,154.548183255347,156.0287628173828,18449659,0.0,0.0,GAIL
2025-02-17,154.12513767649267,155.19231376966738,151.6735153359459,153.99053955078125,14124277,0.0,0.0,GAIL
2025-02-18,153.99055236880793,158.3938552337449,151.5197119975573,157.74009704589844,13591407,0.0,0.0,GAIL
2025-02-19,155.95185074073228,158.4034585282915,155.4134435420726,157.22091674804688,9842304,0.0,0.0,GAIL
2025-02-20,155.84610269370123,160.9704555834038,155.37500186993347,160.691650390625,10110659,0.0,0.0,GAIL
2025-02-21,160.46090082978057,161.98956890924893,156.79789506124592,157.87469482421875,10215346,0.0,0.0,GAIL
2025-02-24,155.26924915503227,159.29759920478398,154.50011062148323,158.2304229736328,7411226,0.0,0.0,GAIL
2025-02-25,157.67278090899055,159.1725928192022,154.30781302373768,154.53855895996094,6520927,0.0,0.0,GAIL
2025-02-27,153.82711926462153,155.6922754329206,151.39472911485748,153.22142028808594,8836252,0.0,0.0,GAIL
2025-02-28,152.85608127184588,152.85608127184588,147.72209033900222,150.01988220214844,24910367,0.0,0.0,GAIL
2025-03-03,150.01987411950648,152.86568194899652,147.3952033106505,148.10665893554688,21947511,0.0,0.0,GAIL
2025-03-04,147.0971805658593,147.96245223056084,144.7128643610464,147.2606201171875,11758879,0.0,0.0,GAIL
2025-03-05,147.57787886412402,153.1060404502394,147.43367182122023,152.81761169433594,11875941,0.0,0.0,GAIL
2025-03-06,154.50008583459226,156.34600921690478,152.87528479404193,155.23077392578125,9112943,0.0,0.0,GAIL
2025-03-07,155.1827252723556,155.69227643459016,151.3274236821201,152.03887939453125,12554271,0.0,0.0,GAIL
2025-03-10,151.90427760491895,154.06747143157125,148.25088065255338,149.1546173095703,12901373,0.0,0.0,GAIL
2025-03-11,148.49122944727642,151.23128071697698,147.09717419448523,150.73133850097656,8510794,0.0,0.0,GAIL
2025-03-12,151.3274253425686,155.41345826915745,151.23129219341328,153.0579833984375,12855790,0.0,0.0,GAIL
2025-03-13,153.307958706311,155.07696705142712,151.62547459468382,151.86582946777344,9241718,0.0,0.0,GAIL
2025-03-17,151.79850427309802,153.05796130498513,150.37560770815108,150.53904724121094,9745451,0.0,0.0,GAIL
2025-03-18,150.53904724121094,150.53904724121094,150.53904724121094,150.53904724121094,0,0.0,0.0,GAIL
2025-03-19,156.71136672166364,160.1917003556526,156.34602264469154,159.5571746826172,11002564,0.0,0.0,GAIL
2025-03-20,160.62436658692667,162.84524333559656,158.29771843393203,161.9607391357422,10268944,0.0,0.0,GAIL
2025-03-21,161.95110401025937,170.48851345188646,161.9030301035644,168.29647827148438,33864565,0.0,0.0,GAIL
2025-03-24,171.8633364205276,179.20858046675946,171.324943873175,174.28611755371094,33972530,0.0,0.0,GAIL
2025-03-25,175.9397487340228,176.23778639832415,170.17123238208762,170.84422302246094,15135251,0.0,0.0,GAIL
2025-03-26,170.17123030698505,172.5747787576487,166.72934716522326,167.35427856445312,15788440,0.0,0.0,GAIL
2025-03-27,166.22941714701608,175.21869487850623,165.55642646558985,174.55531311035156,23986738,0.0,0.0,GAIL
2025-03-28,174.96871658708545,177.8145097096271,173.83423410100136,175.9781951904297,22871476,0.0,0.0,GAIL
2025-04-01,174.5841586773464,179.73736764226686,172.73823504858194,179.13168334960938,16373953,0.0,0.0,GAIL
2025-04-02,176.94925339138507,179.68929003243218,176.03590784436938,176.9588623046875,13488498,0.0,0.0,GAIL
2025-04-03,175.03602037469386,178.34330558559913,173.60351480224807,176.5454559326172,10999215,0.0,0.0,GAIL
2025-04-04,176.1320460264675,177.76645621053117,168.2484092144389,169.79629516601562,12870074,0.0,0.0,GAIL
2025-04-07,153.63481620951768,165.0757006917827,153.45214418444047,162.5087127685547,14675014,0.0,0.0,GAIL
2025-04-08,167.69077226344868,170.58463941548905,163.14326254735775,165.9121551513672,11262619,0.0,0.0,GAIL
2025-04-09,166.13328616980073,166.87358326406874,160.96084476351498,162.3452911376953,8093175,0.0,0.0,GAIL
2025-04-11,166.34478418104058,166.68127215985083,162.7779118490031,165.0853271484375,11757223,0.0,0.0,GAIL
2025-04-15,169.87318992426472,173.7861591107939,168.13302322108402,172.08445739746094,15842566,0.0,0.0,GAIL
2025-04-16,171.13266546595608,177.86260174832515,169.5078642162829,177.5741729736328,20404245,0.0,0.0,GAIL
2025-04-17,177.57415924228445,181.41983682054766,176.71849656792472,179.77581787109375,19477011,0.0,0.0,GAIL
2025-04-21,183.1504055469118,189.39963198289567,181.31409087336104,187.78445434570312,31364829,0.0,0.0,GAIL
2025-04-22,188.54396759389797,189.11120154456626,185.35204800080834,185.78469848632812,15312211,0.0,0.0,GAIL
2025-04-23,186.79418289734565,187.28451621728811,182.57355199896705,186.03466796875,8545702,0.0,0.0,GAIL
2025-04-24,184.79443763343386,186.78456825241975,184.49638528315901,185.78469848632812,12332917,0.0,0.0,GAIL
2025-04-25,185.5539415010043,187.1595101152388,177.74722078098847,179.53546142578125,9791154,0.0,0.0,GAIL
2025-04-28,178.81440177245472,183.72725555604404,178.67018005855408,182.01593017578125,8332481,0.0,0.0,GAIL
2025-04-29,182.06398870598227,185.73661788835588,181.6121204103479,182.28512573242188,6147630,0.0,0.0,GAIL
2025-04-30,181.85248262432134,184.88096268596655,180.17962217455397,181.7947998046875,11049144,0.0,0.0,GAIL
2025-05-02,182.6696945075728,185.16939093203084,180.4872682603027,181.15065002441406,6381498,0.0,0.0,GAIL
2025-05-05,182.22743088907015,185.65009635611221,180.04501936242534,183.81378173828125,11170518,0.0,0.0,GAIL
2025-05-06,184.59253181294974,184.70789745090198,177.75683903244757,179.21820068359375,6179703,0.0,0.0,GAIL
2025-05-07,175.93975854455516,182.9581234314447,175.93975854455516,181.9293975830078,7734600,0.0,0.0,GAIL
2025-05-08,181.2467836635493,183.9964436473929,175.4398024559462,177.16075134277344,10327093,0.0,0.0,GAIL
2025-05-09,171.86333809074569,175.84361408460862,171.70952212579058,174.59378051757812,13961118,0.0,0.0,GAIL
2025-05-12,180.11232127427792,181.83327035311308,178.8624730203395,180.55458068847656,12160088,0.0,0.0,GAIL
2025-05-13,181.44869684094436,182.20822645581399,176.0359150699859,176.7377471923828,18769044,0.0,0.0,GAIL
2025-05-14,177.86258562501047,180.59301314837688,175.94935577408,178.75669860839844,13578551,0.0,0.0,GAIL
2025-05-15,179.30471727654952,179.30471727654952,175.7955423507036,177.88182067871094,14364503,0.0,0.0,GAIL
2025-05-16,177.81451114956153,180.2661334991693,177.2665097321737,179.09320068359375,17089599,0.0,0.0,GAIL
2025-05-19,180.16039089037145,183.5830417992462,179.1124472063805,182.1697540283203,14465387,0.0,0.0,GAIL
2025-05-20,183.0446501338565,186.51537496616479,181.61212985932485,183.72726440429688,21788836,0.0,0.0,GAIL
2025-05-21,184.0156771640742,184.1118249772707,180.26614717095694,183.28500366210938,10013046,0.0,0.0,GAIL
2025-05-22,182.429340640641,185.55395385319477,181.91018059247455,185.1790008544922,10157103,0.0,0.0,GAIL
2025-05-23,185.46743275547627,186.50576753943994,182.73700499214414,183.9003143310547,9709796,0.0,0.0,GAIL
2025-05-26,184.59252419641913,187.14990331288,184.55407387538702,185.69815063476562,7364228,0.0,0.0,GAIL
2025-05-27,185.5539525794457,186.8038007899069,183.2561606964834,186.4961395263672,9676557,0.0,0.0,GAIL
2025-05-28,186.51537554256484,189.6688302028726,185.65971280858065,186.84225463867188,11799541,0.0,0.0,GAIL
2025-05-29,186.2750116818265,187.06338264388086,183.49651015889884,184.3521728515625,15154707,0.0,0.0,GAIL
2025-05-30,184.59252144088953,185.55394082339416,181.66981297291747,182.47740173339844,26351115,0.0,0.0,GAIL
2025-06-02,182.47740611759892,184.83288072730878,181.0448859220149,184.313720703125,8101618,0.0,0.0,GAIL
2025-06-03,184.35216608250576,187.35178985314647,183.89068888781384,184.50599670410156,10598180,0.0,0.0,GAIL
2025-06-04,184.49638979061365,185.5539570720162,179.1124495791832,182.20822143554688,17603834,0.0,0.0,GAIL
2025-06-05,183.3330687291132,185.42895599085242,182.18897728968295,183.26576232910156,7467344,0.0,0.0,GAIL
2025-06-06,183.26576321742448,184.47716106273822,182.4004916165684,183.7753143310547,6637216,0.0,0.0,GAIL
2025-06-09,184.111828666272,187.28451585407046,184.00607193767547,186.1692657470703,7485555,0.0,0.0,GAIL
2025-06-10,187.47677668742114,189.88032510649063,185.31358311025858,188.1209259033203,11402867,0.0,0.0,GAIL
2025-06-11,189.40924857166843,192.86075569237482,188.72664894856155,192.37042236328125,24303718,0.0,0.0,GAIL
2025-06-12,194.59130305313647,194.9662560754198,184.36180004843195,184.76559448242188,27331751,0.0,0.0,GAIL
2025-06-13,182.66969402195818,185.10208403716916,178.02603635562,183.95799255371094,15290087,0.0,0.0,GAIL
2025-06-16,185.0732466447068,185.21745369613149,181.22756879234925,184.23681640625,7728599,0.0,0.0,GAIL
2025-06-17,184.23681687329503,185.0732471138722,181.5159980254431,183.12156677246094,8847687,0.0,0.0,GAIL
2025-06-18,181.33332650572854,183.05426089917006,178.05488259795055,178.55482482910156,11903224,0.0,0.0,GAIL
2025-06-19,178.34329771173142,179.26626678545907,172.574781343697,173.44967651367188,18702293,0.0,0.0,GAIL
2025-06-20,173.19971212336932,175.5744193943336,172.49788001598824,174.83413696289062,18520686,0.0,0.0,GAIL
2025-06-23,173.0554850583036,178.01641248413114,172.91127802212642,177.6318359375,11308631,0.0,0.0,GAIL
2025-06-24,178.8816959019108,180.64109521040308,177.96835038200834,178.3336944580078,7404157,0.0,0.0,GAIL
2025-06-25,180.16038652846802,180.16038652846802,176.52622225410238,176.88194274902344,8112854,0.0,0.0,GAIL
2025-06-26,177.49724823493582,179.97771209348278,176.74734226259557,179.58352661132812,12858332,0.0,0.0,GAIL
2025-06-27,180.45842527814068,184.2175787952853,179.8911913314882,183.6503448486328,13050123,0.0,0.0,GAIL
2025-06-30,184.59252971761964,185.02516552512606,181.94862629718497,183.47727966308594,9866638,0.0,0.0,GAIL
2025-07-01,183.72726315817033,183.93877661123295,180.7468569887219,182.30435180664062,8969214,0.0,0.0,GAIL
2025-07-02,183.11194602248474,184.58291653604758,180.89105487779776,183.40036010742188,13834006,0.0,0.0,GAIL
2025-07-03,183.92914818698074,186.05389157497126,183.40036456824137,185.30398559570312,14497014,0.0,0.0,GAIL
2025-07-04,185.3039861186385,187.659460786838,184.25602779123537,185.94813537597656,11748872,0.0,0.0,GAIL
2025-07-07,186.03465329170368,187.76521114006425,185.28474733576337,185.69815063476562,10135456,0.0,0.0,GAIL
2025-07-08,185.6500952281563,187.90942205528702,184.76557645512992,185.19822692871094,10024889,0.0,0.0,GAIL
2025-07-09,185.26553478181822,185.26553478181822,177.57417877908495,177.89144897460938,27312219,0.0,0.0,GAIL
2025-07-10,179.78543399121094,179.78543399121094,176.99732350323603,178.50674438476562,13016217,0.0,0.0,GAIL
2025-07-11,178.15103306796775,178.15103306796775,174.54571000805242,174.87258911132812,13793909,0.0,0.0,GAIL
2025-07-14,174.8725698020884,177.2857271558319,173.1612444855524,176.5550537109375,15937447,0.0,0.0,GAIL
2025-07-15,175.28600926466655,177.85299755436162,175.28600926466655,177.58380126953125,7678880,0.0,0.0,GAIL
2025-07-16,177.56455640490842,178.0356425355025,176.32431712823038,177.21844482421875,8484342,0.0,0.0,GAIL
2025-07-17,177.631852064029,178.92016527458543,176.99732637714806,178.1414031982422,7030843,0.0,0.0,GAIL
2025-07-18,177.86258736445706,178.86245707642053,176.0358963892928,178.08370971679688,7725761,0.0,0.0,GAIL
2025-07-21,177.47804771418348,177.88184214865464,176.30511473639206,177.0165557861328,5533832,0.0,0.0,GAIL
2025-07-22,177.09344746931936,177.71837887051987,176.18971090180472,176.9300079345703,6991724,0.0,0.0,GAIL
2025-07-23,176.90116759740178,179.40086387714246,176.8627172766792,179.19895935058594,7798034,0.0,0.0,GAIL
2025-07-24,179.38164511176996,181.60252172340128,179.38164511176996,180.718017578125,11684679,0.0,0.0,GAIL
2025-07-25,179.910417176488,180.58340782306757,176.02627458177884,176.43006896972656,10429865,0.0,0.0,GAIL
2025-07-28,176.43007179072697,178.45866734577143,172.62285911771872,173.66119384765625,11229894,0.0,0.0,GAIL
2025-07-29,172.38250063223353,178.1894673290769,171.32493342862335,175.92051696777344,13852750,0.0,0.0,GAIL
2025-07-30,175.93014891344325,176.00706422918887,172.9593516893925,173.603515625,8784760,0.0,0.0,GAIL
2025-07-31,171.13267349316018,172.00756877172952,170.5173655909999,170.82501220703125,7939221,0.0,0.0,GAIL
2025-08-01,170.8153962302651,170.82500514377273,167.1427814670659,167.6619415283203,12964065,0.0,0.0,GAIL
2025-08-04,167.9616945758571,169.57652317299411,166.80134037635375,168.77394104003906,9781181,1.0,0.0,GAIL
2025-08-05,168.77393974220456,169.12204747484913,165.06080043046535,165.67965698242188,14688223,0.0,0.0,GAIL
2025-08-06,166.21149067419793,166.31785733593816,163.72640012947338,164.29690551757812,16492438,0.0,0.0,GAIL
2025-08-07,164.05515974137452,164.23888531135762,161.72477233579562,163.89077758789062,13072513,0.0,0.0,GAIL
2025-08-08,163.83274620874627,166.31785141977622,162.74008663668687,165.4959259033203,15908370,0.0,0.0,GAIL
2025-08-11,165.49593541201617,167.50722294321702,164.48063469238156,167.30416870117188,5576496,0.0,0.0,GAIL
2025-08-12,167.28481365324555,169.45081886426402,166.7819881167281,168.5418701171875,7141744,0.0,0.0,GAIL
2025-08-13,168.44516572266693,168.98666333009595,166.60793958964663,167.63291931152344,6019021,0.0,0.0,GAIL
2025-08-14,167.34282786970581,169.0640230247636,167.1591023046092,168.18408203125,8864011,0.0,0.0,GAIL
2025-08-18,168.25178372129926,168.74493018947862,166.66596290170045,167.9230194091797,6363956,0.0,0.0,GAIL
2025-08-19,167.6715989041179,170.47580414642925,167.6715989041179,169.1123809814453,6732317,0.0,0.0,GAIL
2025-08-20,169.37346600478094,173.46372075803365,169.1123815191296,172.2356719970703,10610680,0.0,0.0,GAIL
2025-08-21,172.84486819477723,172.9705782749697,171.26871166819504,171.89724731445312,7252426,0.0,0.0,GAIL
2025-08-22,171.7425227228113,172.061622699016,170.23406083871905,170.9689483642578,6424964,0.0,0.0,GAIL
2025-08-25,170.9786246046917,171.0172966823592,169.27675809325325,170.08900451660156,8324913,0.0,0.0,GAIL
2025-08-26,168.57087799168315,170.0599964315274,165.35088529691564,165.96974182128906,9987523,0.0,0.0,GAIL
2025-08-28,165.9697523871115,166.7046399457439,163.9584648661812,165.56362915039062,8495627,0.0,0.0,GAIL
2025-08-29,164.55798272335107,168.25179354904236,164.44195172516763,167.35252380371094,8823629,0.0,0.0,GAIL
2025-09-01,167.40085440537345,170.34043413141885,167.14944899980156,170.12770080566406,6770507,0.0,0.0,GAIL
2025-09-02,170.2340648221881,174.48870176173497,169.91496483851645,173.3670196533203,8668666,0.0,0.0,GAIL
2025-09-03,174.4306930255576,175.35898526446013,171.0946690738192,172.1389923095703,6209706,0.0,0.0,GAIL
2025-09-04,172.69014665651196,172.8448644819324,168.25178416702792,168.88998413085938,9769773,0.0,0.0,GAIL
2025-09-05,168.89965037079696,169.4314836800005,166.9077062987838,168.2227783203125,7598903,0.0,0.0,GAIL
2025-09-08,168.22276201564821,168.73525185810752,166.34684911847899,166.6756134033203,5686270,0.0,0.0,GAIL
2025-09-09,166.69497804212645,167.90368343855545,166.02777030254492,167.24615478515625,8186535,0.0,0.0,GAIL
2025-09-10,167.6715929542798,169.00600832412107,167.381515486665,168.1550750732422,7050241,0.0,0.0,GAIL
2025-09-11,170.08900824699967,173.8408343152795,169.5088385410423,173.0962677001953,13059152,0.0,0.0,GAIL
2025-09-12,174.53705138156775,177.72803643532944,172.2163430268523,172.65147399902344,19079692,0.0,0.0,GAIL
2025-09-15,173.08660069139032,174.60474164563396,171.79087213795793,173.98587036132812,4509947,0.0,0.0,GAIL
2025-09-16,174.73044073534612,176.47097937325597,173.32834549400621,176.21957397460938,6383724,0.0,0.0,GAIL
2025-09-17,176.21957983012166,176.94480305712352,174.73044654137672,175.60072326660156,4834786,0.0,0.0,GAIL
2025-09-18,175.98749867081145,176.93511953233718,174.2953111835921,174.97218322753906,5872596,0.0,0.0,GAIL
2025-09-19,175.11724453725466,176.03585769180023,174.53706004243398,175.64906311035156,6567199,0.0,0.0,GAIL
2025-09-22,175.6007188613286,176.33560640122758,173.90853137410926,174.97218322753906,5333007,0.0,0.0,GAIL
2025-09-23,175.11723823807856,175.69740795732523,172.26468178830876,172.75784301757812,6368313,0.0,0.0,GAIL
2025-09-24,172.79651775724182,173.08660999868326,169.8569527722391,170.09869384765625,10054492,0.0,0.0,GAIL
2025-09-25,170.18570319161694,171.7908673423939,168.25177474625767,168.65789794921875,8858607,0.0,0.0,GAIL
2025-09-26,168.55154574723113,168.7836224922671,165.6409884990886,166.3372039794922,8760356,0.0,0.0,GAIL
2025-09-29,167.0720866782223,171.2493794390839,166.22115339255703,170.65953063964844,12460294,0.0,0.0,GAIL
2025-09-30,170.66919447803022,171.4621122655118,169.70223020336715,170.46612548828125,9899684,0.0,0.0,GAIL
2025-10-01,169.89561255973754,170.6595225654188,168.0100352588522,168.79327392578125,6383909,0.0,0.0,GAIL
2025-10-03,168.94799319480572,171.8778936616577,168.71591646551025,171.5007781982422,7695671,0.0,0.0,GAIL
2025-10-06,169.52817559209703,172.27435045940967,169.52817559209703,170.78521728515625,5015866,0.0,0.0,GAIL
2025-10-07,170.775557499536,174.28564246327508,170.70786291949418,173.9568634033203,8793661,0.0,0.0,GAIL
2025-10-08,174.8561517105118,175.31062610037642,171.27838684207634,171.65550231933594,9739699,0.0,0.0,GAIL
2025-10-09,171.6555093220846,173.26065887133407,171.6555093220846,172.55477905273438,5696104,0.0,0.0,GAIL
2025-10-10,172.409731827106,175.02053239812622,172.409731827106,173.2896728515625,12004977,0.0,0.0,GAIL
2025-10-13,172.89321127948267,174.7304374571551,170.5628238900776,174.37266540527344,11256078,0.0,0.0,GAIL
2025-10-14,174.3726565075845,177.43793126070648,167.73928148443483,169.57650756835938,13393866,0.0,0.0,GAIL
2025-10-15,170.26305967430244,172.5934469588887,169.81824964613753,171.51043701171875,10456218,0.0,0.0,GAIL
2025-10-16,171.51043802524745,174.82713295383192,171.2493683106868,173.2509765625,11918586,0.0,0.0,GAIL
2025-10-17,173.28967748217448,173.28967748217448,170.20505902601178,171.7328643798828,10653158,0.0,0.0,GAIL
2025-10-20,173.2799877579773,173.81182103754463,172.10029021228362,172.5257568359375,5945439,0.0,0.0,GAIL
2025-10-21,172.91256746840935,173.08661396443938,172.07129847348358,172.49676513671875,550754,0.0,0.0,GAIL
2025-10-23,172.98024577299117,175.37831314360628,172.50642794680283,174.1309356689453,6890426,0.0,0.0,GAIL
2025-10-24,173.95687639597605,176.37428721167726,173.66679890185566,175.03988647460938,14617812,0.0,0.0,GAIL
2025-10-27,175.0688745170249,175.50400546392876,173.57007702906452,174.2179412841797,7633630,0.0,0.0,GAIL
2025-10-28,174.2179537928953,174.97218475626931,171.59748883814058,172.564453125,4486173,0.0,0.0,GAIL
2025-10-29,173.08660528056248,180.28082184962452,172.84486421173486,178.540283203125,16216434,0.0,0.0,GAIL
2025-10-30,179.85535827777446,179.95206060883774,176.2969367661496,177.04148864746094,10890893,0.0,0.0,GAIL
2025-10-31,177.33158910416765,179.75866427741218,175.3106371817426,176.72239685058594,12162645,0.0,0.0,GAIL
2025-11-03,176.4129530611333,178.34688148363253,171.96491178750387,177.6216583251953,11050075,0.0,0.0,GAIL
2025-11-04,177.90207709464218,178.39523830102468,174.7787867246011,175.6200408935547,11320462,0.0,0.0,GAIL
2025-11-06,176.7610713321936,176.7610713321936,172.7481607628385,173.0672607421875,8609714,0.0,0.0,GAIL
2025-11-07,172.40973070580446,175.43631880986183,171.30739203833392,174.50804138183594,5863620,0.0,0.0,GAIL
2025-11-10,173.66679154876826,176.229241003035,173.66679154876826,175.5233612060547,6801002,0.0,0.0,GAIL
2025-11-11,175.40732010783518,176.65471233161927,173.82149922803472,176.31626892089844,4352265,0.0,0.0,GAIL
2025-11-12,176.48065343813266,177.37993793177978,175.74576586368386,176.42263793945312,9245014,0.0,0.0,GAIL
2025-11-13,176.4226278514097,179.2461617450977,176.16154336757614,177.60232543945312,8521444,0.0,0.0,GAIL
2025-11-14,176.9544627360595,177.95043476124678,176.05519304047837,177.35092163085938,5496277,0.0,0.0,GAIL
2025-11-17,176.8577589564773,179.49758203510362,176.5193303150381,179.17848205566406,6749568,0.0,0.0,GAIL
2025-11-18,180.32916585640984,180.32916585640984,176.96411968851376,178.22117614746094,6258414,0.0,0.0,GAIL
2025-11-19,178.30820097197707,178.77235443321308,177.2445491547273,177.9697723388672,3032584,0.0,0.0,GAIL
2025-11-20,178.0954660751552,179.0527659814072,176.97379877389318,178.22117614746094,6809330,0.0,0.0,GAIL
2025-11-21,177.92142228353495,178.6756532193606,175.68773722322794,176.94479370117188,8936258,0.0,0.0,GAIL
2025-11-24,176.09386690822856,177.54431333883127,174.0632360035031,175.10755920410156,13399523,0.0,0.0,GAIL
2025-11-25,175.10755055340323,176.1325302863069,173.5700809540477,174.26629638671875,5775748,0.0,0.0,GAIL
2025-11-26,174.15026927998085,179.44922929809184,174.05356695201493,179.04310607910156,7831961,0.0,0.0,GAIL
2025-11-27,179.08177135563335,180.6965998393453,177.07048399890442,177.72802734375,3082841,0.0,0.0,GAIL
2025-11-28,166.5305885740115,170.57249216011616,166.12446534919025,170.27273559570312,60244650,0.0,0.0,GAIL
2025-12-01,171.15267348488607,171.56846103312833,169.0640271486874,169.61520385742188,14586098,0.0,0.0,GAIL
2025-12-02,169.4218189920698,170.82391425541468,168.73526785714284,169.21875,6840703,0.0,0.0,GAIL
2025-12-03,169.26709213110897,169.7022230855158,164.09382757676323,164.64500427246094,19784622,0.0,0.0,GAIL
2025-12-04,165.34122601388918,166.19214453919068,164.14218500612748,164.9931182861328,7624463,0.0,0.0,GAIL
2025-12-05,165.35088590836702,165.9310703572953,163.92944728772582,164.3645782470703,5577375,0.0,0.0,GAIL
2025-12-08,164.3645915404957,164.7900582034934,160.02293117196155,161.29931640625,10883405,0.0,0.0,GAIL
2025-12-09,159.95522504316972,163.04950770342444,158.79487088991215,162.3436279296875,12988637,0.0,0.0,GAIL
2025-12-10,162.43065825831155,164.28722793546754,161.82148078522715,162.46934509277344,6217163,0.0,0.0,GAIL
2025-12-11,162.46933689999835,164.80938860699737,162.18890900575556,163.3686065673828,4976531,0.0,0.0,GAIL
2025-12-12,164.38392920908956,168.5321995188256,163.70705715740473,165.0704803466797,18497271,0.0,0.0,GAIL
2025-12-15,165.0124456912588,165.0124456912588,163.1848838231344,164.24855041503906,6675122,0.0,0.0,GAIL
2025-12-16,164.17118947651673,164.17118947651673,161.89881758309508,162.75942993164062,7581502,0.0,0.0,GAIL
2025-12-17,163.5136726662606,164.8674168144682,162.450006010737,163.4846649169922,3369805,0.0,0.0,GAIL
2025-12-18,163.03017746785932,163.89077505497676,161.3863264490185,162.01486206054688,3743055,0.0,0.0,GAIL
2025-12-19,162.07288811027624,164.61600895956536,162.07288811027624,164.15185546875,8766941,0.0,0.0,GAIL
2025-12-22,164.39358850542263,166.54025034266616,163.70705214356312,166.04710388183594,4118436,0.0,0.0,GAIL
2025-12-23,165.84403173885477,166.99472154692904,165.47659536030326,166.3565216064453,3548499,0.0,0.0,GAIL
2025-12-24,167.28481966431377,168.06805836672933,165.09948571334044,165.35089111328125,4467016,0.0,0.0,GAIL
2025-12-26,165.34123150909403,166.29851672621209,164.751382693978,165.3702392578125,1942413,0.0,0.0,GAIL
2025-12-29,165.35088007542544,165.83436218090915,164.3065569570163,164.7900390625,2857519,0.0,0.0,GAIL
2025-12-30,164.72236947062274,165.35089034490605,164.15184933714434,164.9931182861328,4526325,0.0,0.0,GAIL
2025-12-31,165.0607904351686,166.99471888726126,165.0607904351686,166.47256469726562,6139095,0.0,0.0,GAIL
2026-01-01,166.3178566380972,166.80133877948703,165.389564434559,166.095458984375,2897460,0.0,0.0,GAIL
2026-01-02,165.88272200739112,170.25340460058607,165.88272200739112,169.58619689941406,13698712,0.0,0.0,GAIL
2026-01-05,169.60551745341226,170.08899956103852,166.65628840065446,167.33316040039062,7405173,0.0,0.0,GAIL
2026-01-06,167.2848243644821,167.2848243644821,163.27192841022165,163.79408264160156,8771407,0.0,0.0,GAIL
2026-01-07,163.80372882449905,164.51928764089993,162.06320507626899,162.91412353515625,7890426,0.0,0.0,GAIL
2026-01-08,162.47900962403702,162.85612510963128,157.6635315569017,158.12767028808594,9689093,0.0,0.0,GAIL
2026-01-09,158.08898268224792,159.94555217935417,157.7118672336904,158.93023681640625,7540855,0.0,0.0,GAIL
2026-01-12,158.5724712419008,161.57973062252094,156.55150476401658,161.0478973388672,8511255,0.0,0.0,GAIL
2026-01-13,161.8504808343345,162.64338384663307,158.66916019022597,159.80050659179688,7864353,0.0,0.0,GAIL
2026-01-14,159.53943923250745,161.04790112362753,158.8238803654386,159.71348571777344,12730825,0.0,0.0,GAIL
2026-01-15,159.71348571777344,159.71348571777344,159.71348571777344,159.71348571777344,0,0.0,0.0,GAIL
2026-01-16,158.96891204617592,160.7578017570833,158.07930673333266,158.814208984375,20549276,0.0,0.0,GAIL
2026-01-19,158.81421212608754,160.18729957664127,158.1856765171199,159.27835083007812,4566527,0.0,0.0,GAIL
2026-01-20,158.58213153376616,159.17198029612257,155.32346684509557,155.88430786132812,6841149,0.0,0.0,GAIL
2026-01-21,155.88431645391708,159.80050994353212,154.51121420642048,157.3057403564453,16082935,0.0,0.0,GAIL
2026-01-22,158.28238230822137,159.1816519890594,157.04466923401426,158.16635131835938,12111105,0.0,0.0,GAIL
2026-01-23,159.5491108892019,159.58778296946872,154.71428934710485,155.49752807617188,8178368,0.0,0.0,GAIL
2026-01-27,155.4975130995259,156.0680184454164,153.1284537230137,154.69493103027344,20808770,0.0,0.0,GAIL
2026-01-28,155.7779509076229,163.097862811176,155.7779509076229,162.5853729248047,11194053,0.0,0.0,GAIL
2026-01-29,162.59504629597438,166.26951370336408,160.27433780430974,161.85049438476562,15216722,0.0,0.0,GAIL
2026-01-30,161.82147324215188,162.54669643011246,159.75217033602584,161.76344299316406,15845745,0.0,0.0,GAIL
2026-02-02,157.31542093952473,157.31542093952473,152.5869662045534,155.09140014648438,17376481,0.0,0.0,GAIL
2026-02-03,159.9358816539671,160.9898839040344,156.06802463931538,157.42178344726562,32679436,0.0,0.0,GAIL
2026-02-04,158.2823769865704,160.32267209970115,157.4217794130529,159.945556640625,15626744,0.0,0.0,GAIL
2026-02-05,161.05234884772614,161.13211904623196,158.94845740779016,159.71621704101562,13323350,5.0,0.0,GAIL
2026-02-06,159.5367484597274,163.14626252495353,158.5695557050215,162.51809692382812,15057595,0.0,0.0,GAIL
2026-02-09,162.72747026515364,163.76446758582733,162.02950007697464,163.16619873046875,14553493,0.0,0.0,GAIL
2026-02-10,163.31576858789165,166.63612899286292,163.2260328183381,164.07357788085938,14629394,0.0,0.0,GAIL
2026-02-11,164.1633147574557,164.1633147574557,161.33154110308536,162.9967041015625,8859790,0.0,0.0,GAIL
2026-02-12,162.5280551269885,164.02371207600987,161.57082798518675,163.2459716796875,13190080,0.0,0.0,GAIL
2026-02-13,161.9297832902117,162.85709849318604,160.65349060096815,161.2218475341797,8523271,0.0,0.0,GAIL
2026-02-16,161.2118656229979,164.62197676919507,160.83297621811622,164.34278869628906,10223455,0.0,0.0,GAIL
2026-02-17,163.72458057395332,165.41965543693087,163.38556864427972,165.2700958251953,8756094,0.0,0.0,GAIL
2026-02-18,166.0179244489745,168.79983973179938,165.11055556474406,166.82557678222656,11790520,0.0,0.0,GAIL
2026-02-19,166.82558304029774,168.8696506951557,165.36981871490553,166.39683532714844,17067659,0.0,0.0,GAIL
2026-02-20,165.52933934945221,169.50779242540202,165.3199558907552,167.9822235107422,14668133,0.0,0.0,GAIL
2026-02-23,168.31126582385778,168.8098181425217,165.98801019313083,166.64610290527344,7494561,0.0,0.0,GAIL
2026-02-24,165.12054181059966,168.10187507939065,165.12054181059966,167.37399291992188,8809408,0.0,0.0,GAIL
2026-02-25,167.51357278262867,169.81688197405242,167.26429663265452,169.50778198242188,10027465,0.0,0.0,GAIL
2026-02-26,170.0063405760507,170.7043107788956,167.9223955366247,169.46791076660156,13026917,0.0,0.0,GAIL
2026-02-27,168.95938385311464,170.96357398386147,167.18453875175322,169.03915405273438,17164115,0.0,0.0,GAIL
2026-03-02,165.02081922879105,167.47370335707316,163.02660993297485,164.59207153320312,17268287,0.0,0.0,GAIL
2026-03-04,159.53674707409934,160.06521133161348,153.5541190588206,154.162353515625,30080625,0.0,0.0,GAIL
2026-03-05,155.03979937699506,157.40293240492053,153.96292458570267,156.2761993408203,18400202,0.0,0.0,GAIL
2026-03-06,155.44860763397367,157.34311558292953,153.2051221890116,155.25917053222656,14633439,0.0,0.0,GAIL
2026-03-09,151.55990529267368,151.55990529267368,145.98609400611383,148.54864501953125,20704576,0.0,0.0,GAIL
2026-03-10,150.56279409771454,152.05845099272494,148.81786105353572,149.85484313964844,20823909,0.0,0.0,GAIL
2026-03-11,150.95167636810265,154.45150830538944,146.8934682463085,147.5415802001953,23526066,0.0,0.0,GAIL
2026-03-12,146.57438887225183,153.48431704464517,144.25113312763912,151.90890502929688,16072499,0.0,0.0,GAIL
2026-03-13,152.05846233986688,152.8461683355926,147.02308070798537,147.3521270751953,11388686,0.0,0.0,GAIL
2026-03-16,148.56859027424034,149.85484855601206,144.0816194270317,145.63710021972656,10325467,0.0,0.0,GAIL
2026-03-17,146.5743823837283,147.95039165845466,145.12858369565424,147.28233337402344,13154638,0.0,0.0,GAIL
2026-03-18,148.06007060636156,151.19097850680396,147.13275539750535,150.512939453125,10219424,0.0,0.0,GAIL
2026-03-19,148.5386838253756,148.5386838253756,143.38365451006396,143.852294921875,10509747,0.0,0.0,GAIL
2026-03-20,145.5972179647413,146.92336890860958,142.02758167067807,142.45632934570312,21738634,0.0,0.0,GAIL
2026-03-23,140.82108709047446,141.6885784919567,133.97098293430795,135.00796508789062,16552069,0.0,0.0,GAIL
2026-03-24,138.59754380819788,139.47500075278086,134.2102895145015,137.27139282226562,22824139,0.0,0.0,GAIL
2026-03-25,139.39523543855955,140.44219838144875,137.89957843860637,138.79696655273438,17031700,0.0,0.0,GAIL
2026-03-27,138.59754257757078,139.31545912319888,136.1646048634544,136.79278564453125,18663640,0.0,0.0,GAIL
2026-03-30,135.49655670361733,139.84393379230474,134.60913413163024,137.31129455566406,21810845,0.0,0.0,GAIL
2026-04-01,140.99059271234887,142.3167437347187,139.00636417806962,140.26271057128906,15145719,0.0,0.0,GAIL
2026-04-02,138.547691338155,141.5888636352136,137.10189260452023,141.31964111328125,15268069,0.0,0.0,GAIL
2026-04-06,141.3196342471065,143.21414216345173,139.76415346637853,142.72555541992188,11466136,0.0,0.0,GAIL
2026-04-07,142.58596204048354,145.3579116937522,140.6017183502133,144.95907592773438,15413074,0.0,0.0,GAIL
2026-04-08,152.26785206685935,156.04687185374576,150.84198455941055,152.85614013671875,21095009,0.0,0.0,GAIL
2026-04-09,152.8561411719509,154.25208155303906,150.80210809066017,151.77926635742188,10066115,0.0,0.0,GAIL
2026-04-10,153.04559254499992,154.53126868119853,151.47016543051774,153.63388061523438,14099404,0.0,0.0,GAIL
2026-04-13,148.07004673332779,153.85325698872995,148.07004673332779,153.2649688720703,15551444,0.0,0.0,GAIL
2026-04-15,156.54542568621548,156.64514223427963,154.71075683286412,155.66796875,13040725,0.0,0.0,GAIL
2026-04-16,157.50265743954236,158.82879323713192,156.2163839189736,158.45986938476562,9582628,0.0,0.0,GAIL
2026-04-17,159.53674852256023,159.53674852256023,156.79471065732872,157.36306762695312,13015627,0.0,0.0,GAIL
2026-04-20,157.462757174296,158.43991542573067,155.5682645133051,157.24339294433594,5864225,0.0,0.0,GAIL
2026-04-21,157.24340105928815,162.02950644647518,157.24340105928815,160.3045196533203,13146924,0.0,0.0,GAIL
2026-04-22,160.4341352352373,166.31706191399934,160.18485906786458,165.63902282714844,14769257,0.0,0.0,GAIL
2026-04-23,165.51937350907457,167.40390070731036,163.5451105429727,164.48239135742188,13410932,0.0,0.0,GAIL
2026-04-24,165.47950115041408,165.81851309371984,162.87705729930062,165.13050842285156,9362530,0.0,0.0,GAIL
2026-04-27,166.3170603412657,167.29421864803575,164.42255235838206,165.2601318359375,18132384,0.0,0.0,GAIL
2026-04-28,165.40968553078343,166.7358365069697,164.5820868667901,165.20028686523438,6106987,0.0,0.0,GAIL
2026-04-29,166.05780062702718,167.4737026095935,164.09351847685608,165.18035888671875,8164580,0.0,0.0,GAIL
2026-04-30,164.20318393122756,164.20318393122756,160.84294618113046,162.75738525390625,7518096,0.0,0.0,GAIL
2026-05-01,162.75738525390625,162.75738525390625,162.75738525390625,162.75738525390625,0,0.0,0.0,GAIL
2026-05-04,164.8214020386509,167.0050636611351,163.66475699068334,164.00376892089844,8799974,0.0,0.0,GAIL
2026-05-05,164.32284964511018,165.3199542968225,162.02950590324997,163.2260284423828,14543449,0.0,0.0,GAIL
2026-05-06,163.76446898639043,165.46950937390912,163.27588224318208,165.20028686523438,4397644,0.0,0.0,GAIL
2026-05-07,165.4196481857098,167.36401434069725,165.4196481857098,166.7757110595703,5313543,0.0,0.0,GAIL
2026-05-08,166.91531879144364,167.60332346093853,165.41966175849305,166.00796508789062,3887936,0.0,0.0,GAIL
2026-05-11,165.1205394815232,165.1205394815232,161.74035525791342,162.0394744873047,3743808,0.0,0.0,GAIL
2026-05-12,160.54381971592798,162.3186648365262,159.23761501404377,159.8857421875,9681167,0.0,0.0,GAIL
2026-05-13,159.5367442409773,164.33281518038416,158.63935614046562,162.837158203125,8542104,0.0,0.0,GAIL
2026-05-14,163.7744417207815,165.4196583371555,158.938477995085,162.13919067382812,7848939,0.0,0.0,GAIL
2026-05-15,162.19901331840393,162.92689546057076,160.59367420621044,161.66058349609375,7062872,0.0,0.0,GAIL
2026-05-18,160.18485119943287,160.53384390245574,157.18357176895057,159.756103515625,13238998,0.0,0.0,GAIL
2026-05-19,159.8558203349491,160.83297860461963,154.73068797078966,155.66796875,17108046,0.0,0.0,GAIL
2026-05-20,155.38877945221822,155.5483198420239,151.27074774079617,155.18936157226562,11539253,0.0,0.0,GAIL
2026-05-21,156.04687727254665,157.08385941111175,154.45150375132857,155.4486083984375,11448733,0.0,0.0,GAIL
2026-05-22,152.55701222345047,162.22892433456428,150.97161947341897,160.3045196533203,19157978,0.0,0.0,GAIL
2026-05-25,162.44828884879894,170.2057618609944,162.22892460714945,168.181640625,36426464,0.0,0.0,GAIL
2026-05-26,167.3141592809746,169.32831488552802,165.818502342017,167.1446533203125,16425185,0.0,0.0,GAIL
2026-05-27,166.725870573028,169.1587930709322,166.725870573028,168.51068115234375,5523561,0.0,0.0,GAIL
2026-05-28,168.51068115234375,168.51068115234375,168.51068115234375,168.51068115234375,0,0.0,0.0,GAIL
2026-05-29,169.50778600816022,169.50778600816022,162.92688940670564,164.03367614746094,26119462,0.0,0.0,GAIL
2026-06-01,164.03367451498744,165.59913606143678,162.76736261016512,163.2659149169922,7915622,0.0,0.0,GAIL
2026-06-02,162.51809896550694,164.99091433760734,160.71332669561096,164.35276794433594,9458223,0.0,0.0,GAIL
2026-06-03,163.52516838817704,164.34280153313074,162.2488756081698,163.3855743408203,4684045,0.0,0.0,GAIL
2026-06-04,161.0722719304178,167.6631340080515,161.0722719304178,167.06488037109375,11510123,0.0,0.0,GAIL
2026-06-05,167.5135826015525,169.6374203924973,166.11764216571677,166.91531372070312,8047086,0.0,0.0,GAIL
2026-06-08,165.53931514930872,169.65734693066312,164.62198071426144,168.11184692382812,8999902,0.0,0.0,GAIL
2026-06-09,168.51068807225013,168.65028211650665,165.0806455966786,167.10476684570312,5976753,0.0,0.0,GAIL
2026-06-10,166.13756947694128,169.30837012901983,165.76864563052877,167.52354431152344,11363717,0.0,0.0,GAIL
2026-06-11,167.41385724413163,167.41385724413163,164.5322255416759,165.60910034179688,10176344,0.0,0.0,GAIL
2026-06-12,166.52644685159854,170.70431788816305,166.18743491247076,170.00634765625,7288989,0.0,0.0,GAIL
2026-06-15,172.50906984066464,176.69692153801714,171.61168174243738,174.90213012695312,18354141,0.0,0.0,GAIL
2026-06-16,175.93911270204478,177.6840458420487,174.49331400039202,175.5801544189453,8941189,0.0,0.0,GAIL
2026-06-17,175.80949738240216,176.5872377842325,174.00472520419643,174.52322387695312,4400943,0.0,0.0,GAIL
2026-06-18,175.27106069733009,176.48752963287237,173.00762879731485,175.9291534423828,6440199,0.0,0.0,GAIL
2026-06-19,175.49041012713317,175.90919223463806,172.59881286429098,173.396484375,11093745,0.0,0.0,GAIL
2026-06-22,173.6457629394692,177.95326218729548,173.6457629394692,176.78665161132812,7613714,0.0,0.0,GAIL
2026-06-23,176.78665872953323,177.00602297124263,172.74838182574962,173.336669921875,7418809,0.0,0.0,GAIL
2026-06-24,173.7454838370051,175.18131695556232,173.10733747482516,174.4235076904297,6006860,0.0,0.0,GAIL
2026-06-25,174.593033847923,175.97900873099647,171.7911569442273,172.34954833984375,9847241,0.0,0.0,GAIL
2026-06-26,172.34954833984375,172.34954833984375,172.34954833984375,172.34954833984375,0,0.0,0.0,GAIL
2026-06-29,172.34954003359235,173.3765565772925,169.51775134343356,171.7213592529297,5931749,0.0,0.0,GAIL
2026-06-30,172.44924582285117,175.10154783794783,171.71139812070618,172.95777893066406,10139334,0.0,0.0,GAIL
2026-07-01,172.2996913264105,174.4933185741348,171.90084032661795,173.99476623535156,4990189,0.0,0.0,GAIL
2026-07-02,173.99475327537814,174.49330557702677,172.40936060764156,173.7853546142578,3376923,0.0,0.0,GAIL
2026-07-03,173.8152883898063,175.38073476518892,173.19707316621123,173.64576721191406,4618256,0.0,0.0,GAIL
2026-07-06,173.51615366807263,175.9191642867488,173.4862417460491,174.52322387695312,2759355,0.0,0.0,GAIL
2026-07-07,174.54317719647395,175.05169510577997,173.0176082539459,173.5061798095703,6166046,0.0,0.0,GAIL
2026-07-08,172.54896636223322,174.26398761354946,167.47370723826836,168.75,11211397,0.0,0.0,GAIL
2026-07-09,168.51069177631044,171.7911594957522,168.05201692675124,169.70721435546875,10798380,0.0,0.0,GAIL
2026-07-10,170.50489826200166,173.96485267782043,170.50489826200166,173.22698974609375,3236963,0.0,0.0,GAIL
2026-07-13,172.33955582498484,172.8979319679839,170.03624662780933,172.61874389648438,3261762,0.0,0.0,GAIL
2026-07-14,171.80113366664793,172.39938732589292,170.45503630778018,171.01341247558594,5005945,0.0,0.0,GAIL
2026-07-15,170.31544512098668,174.44345781887756,170.0063451096703,172.64866638183594,5667626,0.0,0.0,GAIL
2026-07-16,172.3993865928703,175.22119455674232,170.50489385806884,171.2128448486328,9023749,0.0,0.0,GAIL
2026-07-17,171.15300924077218,171.47209003580068,168.97932837942702,170.70431518554688,9642263,0.0,0.0,GAIL
2026-07-20,170.69434123555803,173.05747430110182,169.20864988404318,172.50906372070312,4986847,0.0,0.0,GAIL
2026-07-21,172.21990945746705,175.6898292401987,172.02049157838758,173.48623657226562,4648262,0.0,0.0,GAIL
2026-07-22,174.29388949921807,174.3736596940587,171.60171008543506,172.50906372070312,9198076,0.0,0.0,GAIL
2026-07-23,172.24982897186072,172.61875282515143,170.44507198252782,171.49203491210938,4749811,0.0,0.0,GAIL
2026-07-24,170.6444928417228,170.68437033414742,166.78570263237594,169.52774047851562,5814293,0.0,0.0,GAIL
2026-07-27,169.6174738422085,174.38363288638078,169.6174738422085,173.7255401611328,10641180,0.0,0.0,GAIL
2026-07-28,173.36657534603714,176.47755210521052,172.1301753550483,174.6428680419922,17050693,0.0,0.0,GAIL
2026-07-29,174.99186544975092,175.49041777296958,172.99765615687625,174.6129608154297,8274629,0.0,0.0,GAIL
2026-07-30,174.61296344648972,175.34086080387573,172.4991064328661,173.1372528076172,5628241,0.0,0.0,GAIL
2026-07-31,173.94490576596743,181.68244770370163,172.99765937714133,180.9146728515625,38893443,0.0,0.0,GAIL
2026-08-03,181.5727686838651,181.85195677766524,171.651564925959,173.79534912109375,37607447,0.0,0.0,GAIL
2026-08-04,173.74548815046037,176.70689022735294,172.65864771540143,174.49331665039062,18131149,0.0,0.0,GAIL
2026-08-05,175.49041992796396,176.736800751316,172.74838211658954,176.44764709472656,13429251,0.0,0.0,GAIL
2026-08-06,175.70978017751233,177.18549077873885,174.3238053420218,175.88925170898438,14800641,0.0,0.0,GAIL
2026-08-07,175.30096969717187,175.7696101095048,171.39232121432192,173.12728881835938,7005144,0.0,0.0,GAIL
2026-08-10,172.9876883810467,172.9876883810467,169.52773408487548,172.00054931640625,9148494,0.0,0.0,GAIL
2026-08-11,171.50199537345569,174.8323211669922,170.61457286644486,174.8323211669922,15482707,0.0,0.0,GAIL
2026-08-12,174.83232494264175,177.4347686767578,172.79823815964284,177.4347686767578,8976408,0.0,0.0,GAIL
2026-08-13,175.49041784447346,175.78955228144844,173.97481452118055,175.3907012939453,8723437,0.0,0.0,GAIL
2026-08-14,174.89215279820027,174.89215279820027,172.94780173722322,174.3936004638672,4645490,0.0,0.0,GAIL
2026-08-17,173.20705417116005,173.2868091537167,171.35243892722525,171.60171508789062,4132699,0.0,0.0,GAIL
2026-08-18,171.70141110822868,173.04750841999592,171.12308860763434,172.99765014648438,6079875,0.0,0.0,GAIL
2026-08-19,172.1002658656218,173.51615261974865,170.20575793279144,172.00054931640625,8840419,0.0,0.0,GAIL
2026-08-20,172.00054931640625,173.08738971565296,171.5618208432327,172.00054931640625,3895715,0.0,0.0,GAIL
2026-08-21,171.7612406317494,172.73841413814807,171.11312869848916,171.5019989013672,6509887,0.0,0.0,GAIL
2026-08-24,171.50199984543613,173.2868104749808,171.50199984543613,173.24693298339844,4514359,0.0,0.0,GAIL
2026-08-25,172.49910542632102,175.7795730489598,171.8908709777941,174.9918670654297,7837508,0.0,0.0,GAIL
2026-08-26,174.48335458940522,175.74966658689706,173.58595124267853,173.98480224609375,5863526,0.0,0.0,GAIL
2026-08-27,173.94490980925391,174.33378002905786,170.50490167797125,171.94073486328125,4745650,0.0,0.0,GAIL
2026-08-28,171.20286792801323,171.94073085733152,169.61747516225813,170.6046142578125,8706458,0.0,0.0,GAIL
2026-08-31,171.70141123621005,176.98606872558594,169.83683047943788,176.98606872558594,13012294,0.0,0.0,GAIL
2026-09-01,172.9079189982304,173.88507728378184,171.57180243426689,172.19000244140625,8008794,0.0,0.0,GAIL
2026-09-02,172.60000610351562,173.60000610351562,171.02000427246094,173.0,5580510,0.5,0.0,GAIL
2026-09-03,173.19000244140625,174.6699981689453,172.00999450683594,174.6699981689453,6327095,0.0,0.0,GAIL
2026-09-04,174.27000427246094,174.27000427246094,171.9199981689453,173.39999389648438,3878219,0.0,0.0,GAIL
2026-09-07,173.39999389648438,177.3000030517578,172.8000030517578,176.0,9910348,0.0,0.0,GAIL
2026-09-08,175.08999633789062,176.1999969482422,173.83999633789062,175.08999633789062,4347861,0.0,0.0,GAIL
2026-09-09,173.6999969482422,175.58999633789062,173.61000061035156,174.89999389648438,4342968,0.0,0.0,GAIL
2026-09-10,174.0,176.5,173.25,174.49000549316406,4397343,0.0,0.0,GAIL
2026-09-11,173.5,175.17999267578125,173.00999450683594,173.6199951171875,6770227,0.0,0.0,GAIL
2026-09-14,173.6199951171875,173.6199951171875,173.6199951171875,173.6199951171875,0,0.0,0.0,GAIL
2026-09-15,173.6199951171875,173.82000732421875,169.72999572753906,170.8800048828125,6202446,0.0,0.0,GAIL
2026-09-16,170.8800048828125,171.8800048828125,168.72000122070312,170.64999389648438,3949470,0.0,0.0,GAIL
2026-09-17,171.24000549316406,172.82000732421875,171.24000549316406,172.0,2741053,0.0,0.0,GAIL
2026-09-18,172.0,174.64999389648438,172.0,173.89999389648438,8527161,0.0,0.0,GAIL
2026-09-21,173.60000610351562,174.3800048828125,172.61000061035156,172.61000061035156,3734893,0.0,0.0,GAIL
2026-09-22,173.0800018310547,174.3000030517578,171.35000610351562,171.83999633789062,8361284,0.0,0.0,GAIL
2026-09-23,172.47999572753906,173.7899932861328,172.0,172.9499969482422,3320082,0.0,0.0,GAIL
2026-09-24,172.10000610351562,173.85000610351562,171.83999633789062,173.85000610351562,6183667,0.0,0.0,GAIL
2026-09-25,173.89999389648438,173.97999572753906,171.58999633789062,172.6999969482422,5454851,0.0,0.0,GAIL
2026-09-28,172.6999969482422,174.7100067138672,171.0,172.4499969482422,11202821,0.0,0.0,GAIL
2026-09-29,172.33999633789062,173.25999450683594,168.42999267578125,170.0399932861328,12119087,0.0,0.0,GAIL
2026-09-30,170.6199951171875,172.99000549316406,170.2100067138672,170.5500030517578,12187561,0.0,0.0,GAIL
2026-10-01,170.60000610351562,171.88999938964844,168.5500030517578,171.22000122070312,6880267,0.0,0.0,GAIL
