Date,Open,High,Low,Close,Volume,Dividends,Stock Splits,Symbol
2021-10-04,1609.1975227469577,1611.9737124898386,1579.0007439594822,1598.628662109375,1154208,0.0,0.0,GRASIM
2021-10-05,1598.6288758057365,1610.6102461953355,1580.9491230161823,1584.845458984375,543442,0.0,0.0,GRASIM
2021-10-06,1579.000765413184,1597.5085381100696,1550.7521539655731,1557.57080078125,1041144,0.0,0.0,GRASIM
2021-10-07,1567.2628527447894,1584.8451881616027,1548.8039075441245,1550.7520751953125,3216011,0.0,0.0,GRASIM
2021-10-08,1554.6483720957635,1574.9094823001083,1550.411086667538,1557.3758544921875,696357,0.0,0.0,GRASIM
2021-10-11,1565.363443346232,1622.3477369889267,1565.3147361688548,1608.9539794921875,1703912,0.0,0.0,GRASIM
2021-10-12,1608.953948444573,1621.860753298816,1586.3551317612905,1595.2193603515625,771610,0.0,0.0,GRASIM
2021-10-13,1595.2192843145715,1668.860472646427,1580.7539698841626,1633.598388671875,1353155,0.0,0.0,GRASIM
2021-10-14,1636.472043436957,1729.0106631598223,1636.472043436957,1707.0936279296875,2318372,0.0,0.0,GRASIM
2021-10-18,1716.3476042999916,1751.8045224094826,1700.7622612350565,1708.5062255859375,1339088,0.0,0.0,GRASIM
2021-10-19,1711.4771204989095,1724.5786351160484,1667.2046832456592,1673.39013671875,551969,0.0,0.0,GRASIM
2021-10-20,1665.7924076102897,1679.2834611879744,1638.2255755177612,1648.6483154296875,837973,0.0,0.0,GRASIM
2021-10-21,1665.1103462140375,1708.5547601942208,1646.2616238866235,1700.5672607421875,1374606,0.0,0.0,GRASIM
2021-10-22,1703.2946476527136,1719.026230273392,1665.7922699416933,1669.3963623046875,719097,0.0,0.0,GRASIM
2021-10-25,1655.953970599416,1675.1435248965292,1625.9033121771022,1666.3280029296875,576094,0.0,0.0,GRASIM
2021-10-26,1672.5133861223599,1721.2179371958164,1660.0937721569599,1694.3330078125,1340095,0.0,0.0,GRASIM
2021-10-27,1698.8137226665535,1709.1878732884657,1678.065660183388,1683.617919921875,527976,0.0,0.0,GRASIM
2021-10-28,1690.9724738396842,1690.9724738396842,1648.6969114846468,1658.291748046875,652099,0.0,0.0,GRASIM
2021-10-29,1660.824327171969,1697.3526796289777,1632.0399381612342,1676.5072021484375,1156691,0.0,0.0,GRASIM
2021-11-01,1677.3837935710696,1749.3203520322652,1674.6563111310359,1742.6478271484375,1416529,0.0,0.0,GRASIM
2021-11-02,1745.5700999178537,1758.2332489520495,1692.4821450664217,1698.8624267578125,1121991,0.0,0.0,GRASIM
2021-11-03,1699.787981263384,1746.7391935596215,1690.2418519594937,1739.287353515625,1007472,0.0,0.0,GRASIM
2021-11-04,1750.440800793221,1753.3631122414376,1739.287453365935,1745.1806640625,95576,0.0,0.0,GRASIM
2021-11-08,1745.1804122280348,1808.9833474146856,1733.3939925357188,1801.0445556640625,1498465,0.0,0.0,GRASIM
2021-11-09,1803.0418079753692,1831.1930081789587,1800.6552753570013,1815.558837890625,1049506,0.0,0.0,GRASIM
2021-11-10,1799.047690977372,1830.7055631900469,1794.2746267135292,1825.8839111328125,507309,0.0,0.0,GRASIM
2021-11-11,1829.147153069149,1843.9532990274677,1784.338938402789,1796.5638427734375,949302,0.0,0.0,GRASIM
2021-11-12,1809.7629270683487,1826.4198277826727,1794.761951113273,1810.2987060546875,1157525,0.0,0.0,GRASIM
2021-11-15,1810.8828896214454,1840.9823722277165,1792.375237298118,1807.765869140625,653718,0.0,0.0,GRASIM
2021-11-16,1811.8082405423406,1826.419556885636,1769.922339685879,1775.9129638671875,518987,0.0,0.0,GRASIM
2021-11-17,1778.0073646324151,1778.0073646324151,1740.3588661122305,1746.203369140625,669416,0.0,0.0,GRASIM
2021-11-18,1736.9982531213122,1765.0033286261857,1717.6625778098166,1728.523681640625,477111,0.0,0.0,GRASIM
2021-11-22,1723.6045265555606,1751.7070169246592,1704.6585083270459,1732.2252197265625,748099,0.0,0.0,GRASIM
2021-11-23,1732.9070015825769,1757.7463480150825,1719.708073245003,1737.144287109375,1470853,0.0,0.0,GRASIM
2021-11-24,1743.6221131898042,1747.469741597399,1689.17047119031,1701.6875,698612,0.0,0.0,GRASIM
2021-11-25,1671.5394454797151,1727.062646028344,1671.5394454797151,1720.9744873046875,708577,0.0,0.0,GRASIM
2021-11-26,1711.7692850185997,1712.3049445723834,1635.4979066020505,1646.310302734375,751240,0.0,0.0,GRASIM
2021-11-29,1636.4721957465458,1675.533205391232,1600.1385494303106,1640.31982421875,1454309,0.0,0.0,GRASIM
2021-11-30,1636.4720951988525,1665.3538993166035,1607.5415839039308,1619.3768310546875,1649983,0.0,0.0,GRASIM
2021-12-01,1623.809026553028,1650.4990090317176,1610.5126828031164,1636.08251953125,867171,0.0,0.0,GRASIM
2021-12-02,1633.1600186177695,1704.7070369829225,1630.0917054194429,1679.185791015625,984813,0.0,0.0,GRASIM
2021-12-03,1690.2906606011122,1696.9631862027672,1654.1032548785201,1659.7529296875,921208,0.0,0.0,GRASIM
2021-12-06,1656.9279492480057,1674.0719196801394,1614.2140253112746,1617.720703125,851251,0.0,0.0,GRASIM
2021-12-07,1623.8090069069503,1653.031642991162,1623.8090069069503,1641.8782958984375,824437,0.0,0.0,GRASIM
2021-12-08,1655.9539613995262,1696.865723719749,1650.1094580338774,1671.782958984375,1008502,0.0,0.0,GRASIM
2021-12-09,1684.9817333808523,1685.176562079832,1657.9019767866523,1678.1143798828125,653385,0.0,0.0,GRASIM
2021-12-10,1670.5652314656738,1711.6719407010778,1670.5652314656738,1703.879150390625,973292,0.0,0.0,GRASIM
2021-12-13,1716.3473795756086,1723.8479264168438,1682.49780289046,1687.5631103515625,716279,0.0,0.0,GRASIM
2021-12-14,1670.5651426709087,1699.690481515787,1666.133028485391,1677.3837890625,615369,0.0,0.0,GRASIM
2021-12-15,1670.5653155505854,1687.1249211810848,1654.0058293004302,1660.239990234375,573823,0.0,0.0,GRASIM
2021-12-16,1667.5457686167047,1694.771531416143,1657.8048097359633,1672.8057861328125,886870,0.0,0.0,GRASIM
2021-12-17,1661.3601920232,1670.1757137950956,1613.2887139139684,1622.6400146484375,617780,0.0,0.0,GRASIM
2021-12-20,1612.8991221873664,1612.8991221873664,1559.518921548405,1574.568603515625,948588,0.0,0.0,GRASIM
2021-12-21,1576.2245432045816,1625.5622874015942,1576.2245432045816,1594.0504150390625,949077,0.0,0.0,GRASIM
2021-12-22,1605.2037104801018,1618.9384177469005,1586.9881818091133,1596.1446533203125,899027,0.0,0.0,GRASIM
2021-12-23,1604.3272151366764,1626.633790017042,1593.7582347761336,1616.6007080078125,1111226,0.0,0.0,GRASIM
2021-12-24,1617.1852516672832,1624.7830943680788,1553.9180856934022,1569.16259765625,1124342,0.0,0.0,GRASIM
2021-12-27,1559.0316897897999,1574.3736132433721,1550.9467767929066,1561.028564453125,1202016,0.0,0.0,GRASIM
2021-12-28,1575.104497437272,1596.9241204307048,1570.2340181629436,1579.92626953125,1432912,0.0,0.0,GRASIM
2021-12-29,1581.9230636087088,1596.4369669480689,1556.5966443061939,1563.0743408203125,755567,0.0,0.0,GRASIM
2021-12-30,1563.4153075889574,1578.3188685086973,1546.417457379521,1552.359375,1165542,0.0,0.0,GRASIM
2021-12-31,1561.5644902784252,1601.4048117107602,1559.08054366341,1580.2183837890625,1663106,0.0,0.0,GRASIM
2022-01-03,1587.5240272263088,1623.6628430275255,1575.1044131834185,1618.548828125,628963,0.0,0.0,GRASIM
2022-01-04,1627.7053144714278,1652.5446621580852,1615.0421644273824,1648.1612548828125,895183,0.0,0.0,GRASIM
2022-01-05,1641.3425275365807,1707.6780001683042,1640.3683840208387,1701.7847900390625,1771249,0.0,0.0,GRASIM
2022-01-06,1700.859489429673,1700.859489429673,1666.279184993401,1675.971435546875,1158707,0.0,0.0,GRASIM
2022-01-07,1677.3838339891472,1760.1814976498672,1677.3838339891472,1751.0738525390625,2905803,0.0,0.0,GRASIM
2022-01-10,1763.1039300491254,1797.1971652636332,1747.128810709175,1791.2064208984375,1468479,0.0,0.0,GRASIM
2022-01-11,1786.6282392846986,1822.523521870279,1773.8189668659559,1799.0479736328125,1416519,0.0,0.0,GRASIM
2022-01-12,1809.811510477577,1828.8062351801848,1797.1970678530836,1825.4456787109375,701250,0.0,0.0,GRASIM
2022-01-13,1831.2903435572293,1834.21265506967,1802.067586573863,1808.7401123046875,844542,0.0,0.0,GRASIM
2022-01-14,1811.7111208427468,1819.357670781289,1784.8748965252462,1809.178466796875,1239491,0.0,0.0,GRASIM
2022-01-17,1809.1783571195092,1879.0206306604855,1798.1711317207353,1868.987548828125,1256235,0.0,0.0,GRASIM
2022-01-18,1877.9978830623159,1879.799929264264,1794.956681196299,1804.2591552734375,945496,0.0,0.0,GRASIM
2022-01-19,1797.1969526162407,1815.6071900114357,1749.7586720082193,1759.6944580078125,809295,0.0,0.0,GRASIM
2022-01-20,1769.9225208010453,1789.160781820762,1766.610671434867,1783.559814453125,716176,0.0,0.0,GRASIM
2022-01-21,1781.611464315784,1781.611464315784,1732.906917333024,1745.66748046875,527053,0.0,0.0,GRASIM
2022-01-24,1745.3753119969351,1745.3753119969351,1640.3683720238823,1646.894775390625,1022826,0.0,0.0,GRASIM
2022-01-25,1625.367408856831,1681.4749714513173,1615.0907916717395,1676.7020263671875,837999,0.0,0.0,GRASIM
2022-01-27,1653.1290234184357,1655.9539203629818,1617.087741152904,1643.3394775390625,817874,0.0,0.0,GRASIM
2022-01-28,1655.9539275241516,1691.362136008946,1647.235820143074,1653.0316162109375,1141606,0.0,0.0,GRASIM
2022-01-31,1661.7010283563768,1691.9953414861945,1657.902107188133,1682.741455078125,513199,0.0,0.0,GRASIM
2022-02-01,1691.6056224041752,1730.9101652363227,1672.6107784945757,1725.4552001953125,1145245,0.0,0.0,GRASIM
2022-02-02,1733.881026735538,1743.6219843635256,1717.321542024358,1732.0302734375,691679,0.0,0.0,GRASIM
2022-02-03,1732.9556821452354,1739.7256213250691,1677.3837800127676,1687.8065185546875,482344,0.0,0.0,GRASIM
2022-02-04,1687.8065795887444,1719.2697444324785,1682.4491482893059,1690.3392333984375,571680,0.0,0.0,GRASIM
2022-02-07,1680.3549158145609,1704.3175343918788,1655.9539326318577,1667.9840087890625,483211,0.0,0.0,GRASIM
2022-02-08,1676.7508148762115,1683.2285114263827,1641.7321445063762,1673.292724609375,423296,0.0,0.0,GRASIM
2022-02-09,1673.584937373179,1700.7621097131052,1668.6170440546327,1694.625244140625,455811,0.0,0.0,GRASIM
2022-02-10,1681.864731165526,1725.4065613428788,1681.864731165526,1722.7279052734375,624867,0.0,0.0,GRASIM
2022-02-11,1704.658410320113,1714.3992486689551,1657.9020281046685,1665.8408203125,987534,0.0,0.0,GRASIM
2022-02-14,1652.6421384737796,1652.6421384737796,1593.271309319015,1600.382080078125,828020,0.0,0.0,GRASIM
2022-02-15,1616.3084437249788,1671.344570966921,1576.127170275422,1667.740478515625,1199604,0.0,0.0,GRASIM
2022-02-16,1670.3703322781935,1704.609686137131,1668.1786287490286,1676.7020263671875,1208851,0.0,0.0,GRASIM
2022-02-17,1692.9205526854987,1706.4117240257515,1655.953835922682,1666.912353515625,1071634,0.0,0.0,GRASIM
2022-02-18,1657.9019767866523,1694.8199857776706,1654.0056415677209,1678.1143798828125,1205180,0.0,0.0,GRASIM
2022-02-21,1659.8501255711965,1691.751653342675,1643.6315916077274,1648.599365234375,1035748,0.0,0.0,GRASIM
2022-02-22,1594.732287533295,1645.920784187499,1594.732287533295,1640.5145263671875,884474,0.0,0.0,GRASIM
2022-02-23,1646.3104172925862,1659.8502968331593,1620.0586802581468,1626.536376953125,675772,0.0,0.0,GRASIM
2022-02-24,1582.8970481476285,1610.1229273244999,1495.2289054118257,1504.336669921875,1260593,0.0,0.0,GRASIM
2022-02-25,1539.062910333296,1557.3758529160414,1519.7272364656328,1527.227783203125,1125821,0.0,0.0,GRASIM
2022-02-28,1512.275524339529,1562.8307066488906,1498.5895245040945,1557.0836181640625,1217106,0.0,0.0,GRASIM
2022-03-02,1531.2702060421664,1541.741651433939,1498.6381905304054,1508.3790283203125,1150949,0.0,0.0,GRASIM
2022-03-03,1517.6331250984977,1536.72526532971,1457.4343929707697,1464.642578125,1150368,0.0,0.0,GRASIM
2022-03-04,1446.5243466884062,1475.6496862036565,1409.508922125171,1439.316162109375,1633853,0.0,0.0,GRASIM
2022-03-07,1407.5607562420475,1437.465410617004,1373.1753997778405,1409.0706787109375,927442,0.0,0.0,GRASIM
2022-03-08,1402.6903649623277,1427.7245420198135,1370.740245943219,1420.4188232421875,819693,0.0,0.0,GRASIM
2022-03-09,1427.724325394951,1469.610225146821,1406.0995348002334,1454.657958984375,1697970,0.0,0.0,GRASIM
2022-03-10,1509.8404577851106,1534.192734786194,1491.4300986481028,1514.6134033203125,1492221,0.0,0.0,GRASIM
2022-03-11,1513.493232911304,1535.0693196603809,1501.0736184012865,1525.6693115234375,1206952,0.0,0.0,GRASIM
2022-03-14,1515.879743223493,1542.9107949302759,1505.8465418983706,1536.6278076171875,550221,0.0,0.0,GRASIM
2022-03-15,1532.2443478244115,1557.278523720981,1517.243372909484,1523.7210693359375,916893,0.0,0.0,GRASIM
2022-03-16,1538.6246666403174,1573.9841680458053,1535.361524450732,1562.489990234375,1406631,0.0,0.0,GRASIM
2022-03-17,1578.0266146871315,1613.8243583734088,1570.2338249311124,1577.8804931640625,2739045,0.0,0.0,GRASIM
2022-03-21,1565.3634375626154,1572.6204488240112,1516.1232271638326,1528.786376953125,1291439,0.0,0.0,GRASIM
2022-03-22,1528.7863125146287,1549.72920402338,1485.5854357682292,1541.4981689453125,1017766,0.0,0.0,GRASIM
2022-03-23,1553.1873031122057,1553.6743748664821,1523.7697210982305,1541.1085205078125,844629,0.0,0.0,GRASIM
2022-03-24,1536.1407069259194,1562.343734062607,1528.4453315488759,1557.9603271484375,1080721,0.0,0.0,GRASIM
2022-03-25,1560.0061053865957,1570.2340163465788,1533.4134175102959,1549.8267822265625,662852,0.0,0.0,GRASIM
2022-03-28,1553.4795991037277,1575.0556847501123,1534.3873407281314,1569.211181640625,1283149,0.0,0.0,GRASIM
2022-03-29,1577.0525015876383,1596.1446398802207,1565.3146692432463,1581.6307373046875,1743946,0.0,0.0,GRASIM
2022-03-30,1595.560330810413,1634.4752164311365,1590.2514872721138,1624.49072265625,1510711,0.0,0.0,GRASIM
2022-03-31,1626.7310996639735,1635.1083758025504,1607.5415467256175,1620.8865966796875,781390,0.0,0.0,GRASIM
2022-04-01,1618.1592162930685,1637.3000632629985,1615.0421955902596,1626.6824951171875,844681,0.0,0.0,GRASIM
2022-04-04,1623.809024320205,1644.2648459224472,1616.0162337352644,1636.179931640625,808254,0.0,0.0,GRASIM
2022-04-05,1644.2646782222614,1667.6429282123702,1626.292805229048,1658.1942138671875,1206116,0.0,0.0,GRASIM
2022-04-06,1655.953863030082,1672.8055909972059,1649.5735810719993,1655.7103271484375,448766,0.0,0.0,GRASIM
2022-04-07,1645.7260077610617,1655.953918229394,1624.782995664534,1638.37158203125,867367,0.0,0.0,GRASIM
2022-04-08,1632.5757495142946,1739.5308602713712,1632.5757495142946,1725.3577880859375,2508015,0.0,0.0,GRASIM
2022-04-11,1738.4593678057104,1783.4624133150578,1718.9775707499186,1772.990966796875,3289420,0.0,0.0,GRASIM
2022-04-12,1755.311156179206,1767.974305927059,1704.6584378074576,1710.015869140625,1507804,0.0,0.0,GRASIM
2022-04-13,1711.4770832672707,1731.932903805696,1693.3589684643778,1720.1951904296875,839407,0.0,0.0,GRASIM
2022-04-18,1715.3733908966142,1721.5101369587935,1680.4035484590684,1696.183837890625,466583,0.0,0.0,GRASIM
2022-04-19,1708.5548736414828,1730.9589825925336,1656.0513988363875,1675.825439453125,747891,0.0,0.0,GRASIM
2022-04-20,1673.7798402707112,1713.425335461159,1672.5621607855576,1691.605712890625,678130,0.0,0.0,GRASIM
2022-04-21,1699.787995430345,1724.091564111411,1689.56008493403,1718.5391845703125,711001,0.0,0.0,GRASIM
2022-04-22,1702.710332726483,1708.554836044972,1665.6949062820388,1672.367431640625,900053,0.0,0.0,GRASIM
2022-04-25,1644.2647592579578,1661.6522663935891,1634.864871004412,1649.817138671875,453315,0.0,0.0,GRASIM
2022-04-26,1660.8243988305614,1685.176674646058,1651.0834407522277,1673.487548828125,753432,0.0,0.0,GRASIM
2022-04-27,1652.057639383367,1665.2078615992762,1633.5498661697131,1656.1488037109375,426076,0.0,0.0,GRASIM
2022-04-28,1672.5134283803495,1676.4098832937304,1646.2129844618123,1667.545654296875,814436,0.0,0.0,GRASIM
2022-04-29,1671.9291588930719,1693.5052464964956,1641.4401345955473,1648.4534912109375,1115565,0.0,0.0,GRASIM
2022-05-02,1632.5757206706653,1645.1901629735823,1614.2627775360008,1636.03369140625,438839,0.0,0.0,GRASIM
2022-05-04,1636.569482971341,1659.3631283332247,1573.4971515897078,1580.2183837890625,607695,0.0,0.0,GRASIM
2022-05-05,1589.667097277573,1602.2815406155644,1560.0060959822583,1565.26611328125,524858,0.0,0.0,GRASIM
2022-05-06,1549.1934550354188,1562.83062762618,1510.8629398754472,1525.0360107421875,527671,0.0,0.0,GRASIM
2022-05-09,1509.7915829567253,1532.8774707047269,1496.7874835240518,1511.544921875,965410,0.0,0.0,GRASIM
2022-05-10,1510.8144197584609,1535.020574221011,1494.6445915847448,1502.14501953125,856641,0.0,0.0,GRASIM
2022-05-11,1502.0476430335593,1523.1854845527134,1468.97725879681,1495.5699462890625,840087,0.0,0.0,GRASIM
2022-05-12,1487.4361501721876,1490.3583418438195,1425.3378461352524,1447.352294921875,693593,0.0,0.0,GRASIM
2022-05-13,1464.6425211581961,1478.6207650615,1427.9680453293277,1436.8809814453125,489395,0.0,0.0,GRASIM
2022-05-16,1436.783620035739,1458.1161711340803,1400.3526787560793,1414.623046875,814351,0.0,0.0,GRASIM
2022-05-17,1418.2757672521063,1451.3948571893761,1410.53180356444,1443.0177001953125,772250,0.0,0.0,GRASIM
2022-05-18,1451.3948375502387,1470.2435599121725,1437.903665870807,1448.8134765625,776063,0.0,0.0,GRASIM
2022-05-19,1431.9130093865515,1432.838445724311,1409.0706571802505,1420.0291748046875,525816,0.0,0.0,GRASIM
2022-05-20,1433.8613074952025,1482.5658612309012,1430.2085077481452,1449.7877197265625,645075,0.0,0.0,GRASIM
2022-05-23,1447.4984790829787,1471.31497495316,1414.3793901220963,1419.6395263671875,959790,0.0,0.0,GRASIM
2022-05-24,1420.2238383831314,1428.9906522003112,1344.2448250943492,1366.4053955078125,1863231,0.0,0.0,GRASIM
2022-05-25,1363.726775991766,1407.2686070036636,1321.6460409894169,1339.9102783203125,3390982,0.0,0.0,GRASIM
2022-05-26,1355.9340696703873,1364.5547627262374,1305.524885771809,1356.4698486328125,1562780,0.0,0.0,GRASIM
2022-05-27,1373.4675992648542,1386.0820412743644,1342.3453858471491,1360.51220703125,1274718,0.0,0.0,GRASIM
2022-05-30,1373.4677699337944,1411.4572222075565,1366.7465371074497,1403.66455078125,784377,0.0,0.0,GRASIM
2022-05-31,1410.72666213599,1417.54530897744,1383.0624173426204,1391.5858154296875,2034013,0.0,0.0,GRASIM
2022-06-01,1388.0790722251807,1412.4313492165359,1376.0004077803758,1399.329833984375,871147,0.0,0.0,GRASIM
2022-06-02,1411.4570551942604,1411.4570551942604,1378.9224528925615,1395.433349609375,888795,0.0,0.0,GRASIM
2022-06-03,1397.82001188603,1404.200294284672,1295.589133207999,1304.74560546875,4829454,0.0,0.0,GRASIM
2022-06-06,1299.4368174806752,1305.2813206169064,1276.0585661750767,1292.325927734375,2364329,0.0,0.0,GRASIM
2022-06-07,1280.9291672565503,1302.359133512656,1263.882608615573,1292.27734375,2011482,0.0,0.0,GRASIM
2022-06-08,1302.3590831668564,1319.8927129495655,1273.5746916895298,1294.3228759765625,2671127,0.0,0.0,GRASIM
2022-06-09,1292.618098221036,1292.618098221036,1268.2658241168851,1275.181884765625,1360831,0.0,0.0,GRASIM
2022-06-10,1256.5767740409,1297.29382556779,1252.7291457806846,1292.131103515625,1149961,0.0,0.0,GRASIM
2022-06-13,1266.3176799503892,1281.3673615104576,1252.3394368704826,1259.0606689453125,1204017,0.0,0.0,GRASIM
2022-06-14,1265.3436259041732,1287.3093697940187,1252.7778900246672,1275.4254150390625,1069818,0.0,0.0,GRASIM
2022-06-15,1285.1663351977754,1306.2553492417767,1274.0616956347938,1297.1964111328125,1062150,0.0,0.0,GRASIM
2022-06-16,1310.1518069158137,1312.976584454941,1244.936358162233,1251.7550048828125,954602,0.0,0.0,GRASIM
2022-06-17,1253.5570554631254,1272.8928499885124,1243.523973747619,1256.62548828125,1027138,0.0,0.0,GRASIM
2022-06-20,1256.6741933911694,1287.2606296452298,1251.7063000291755,1281.9031982421875,670772,0.0,0.0,GRASIM
2022-06-21,1296.5145732987098,1305.2813881467841,1282.438914609824,1299.5341796875,582021,0.0,0.0,GRASIM
2022-06-22,1293.6897748923725,1296.5146721575818,1276.7893372453639,1290.57275390625,506446,0.0,0.0,GRASIM
2022-06-23,1299.4368260235462,1307.0346682125637,1265.4410067424778,1281.951904296875,829824,0.0,0.0,GRASIM
2022-06-24,1286.23784688093,1305.2812781669195,1277.2762040686214,1288.9652099609375,761751,0.0,0.0,GRASIM
2022-06-27,1305.281396119176,1320.1849575758615,1297.4886054397673,1314.3404541015625,1127432,0.0,0.0,GRASIM
2022-06-28,1309.177636310552,1318.77247257474,1292.3259082578372,1308.2523193359375,661031,0.0,0.0,GRASIM
2022-06-29,1295.9299779488003,1324.665659682993,1284.630510081962,1288.9652099609375,1556138,0.0,0.0,GRASIM
2022-06-30,1296.9043037335687,1302.7001003185567,1276.1561183811557,1286.5301513671875,1138089,0.0,0.0,GRASIM
2022-07-01,1285.7994071339326,1315.0220395367544,1271.4802145894698,1312.3433837890625,518559,0.0,0.0,GRASIM
2022-07-04,1305.2813599574517,1322.4253318447104,1297.0990314440492,1315.801513671875,787143,0.0,0.0,GRASIM
2022-07-05,1319.8925817816248,1342.1018598833275,1310.5412816587327,1314.7786865234375,704841,0.0,0.0,GRASIM
2022-07-06,1323.9351776562296,1339.5693468853444,1310.7362480641418,1334.1632080078125,709046,0.0,0.0,GRASIM
2022-07-07,1346.1930394822311,1355.8365827685448,1332.6044537170922,1339.228271484375,546507,0.0,0.0,GRASIM
2022-07-08,1346.3878457491548,1370.5452913578413,1346.3878457491548,1355.30078125,1079820,0.0,0.0,GRASIM
2022-07-11,1352.0863680070802,1374.441648497569,1338.4003679003276,1369.5712890625,761236,0.0,0.0,GRASIM
2022-07-12,1355.2035126400074,1364.9444711631422,1340.6409014158712,1344.293701171875,318839,0.0,0.0,GRASIM
2022-07-13,1355.7392068071597,1369.7660381713265,1352.3298237852166,1362.8988037109375,470489,0.0,0.0,GRASIM
2022-07-14,1366.648945955931,1371.5194246575002,1344.829325528444,1355.7391357421875,380844,0.0,0.0,GRASIM
2022-07-15,1362.5578748071325,1370.5453744676333,1352.9143310967354,1361.973388671875,288785,0.0,0.0,GRASIM
2022-07-18,1372.4935631729345,1394.0209423470885,1369.668785570044,1391.2935791015625,606107,0.0,0.0,GRASIM
2022-07-19,1381.2602921171879,1408.4861707473165,1381.2602921171879,1404.833251953125,764754,0.0,0.0,GRASIM
2022-07-20,1426.896299951585,1426.9937142954798,1400.7419811797279,1404.2974853515625,810415,0.0,0.0,GRASIM
2022-07-21,1407.560696795579,1429.769974499862,1404.7846266177905,1426.6529541015625,780126,0.0,0.0,GRASIM
2022-07-22,1427.042611597696,1490.3584815357112,1419.3473549260368,1481.9326171875,1650074,0.0,0.0,GRASIM
2022-07-25,1481.9326701549658,1481.9326701549658,1443.504853840936,1459.6746826171875,1205285,0.0,0.0,GRASIM
2022-07-26,1459.6745414331801,1478.1336058923691,1446.6217346901208,1475.6009521484375,882250,0.0,0.0,GRASIM
2022-07-27,1474.5784377133245,1521.3347066705087,1473.7504156086131,1506.7720947265625,1287079,0.0,0.0,GRASIM
2022-07-28,1515.6849413375041,1526.4486311558132,1498.200018857675,1510.4248046875,966093,0.0,0.0,GRASIM
2022-07-29,1516.12326376679,1546.5635789253279,1514.808169950712,1532.244384765625,804695,0.0,0.0,GRASIM
2022-08-01,1535.5563401354934,1548.1707829422237,1519.6299286085778,1527.7635498046875,556560,0.0,0.0,GRASIM
2022-08-02,1519.6299111347128,1553.1873656505477,1511.7885330964623,1548.6578369140625,907650,0.0,0.0,GRASIM
2022-08-03,1550.8496108000409,1562.9769822374396,1526.9844059816705,1545.735595703125,539764,0.0,0.0,GRASIM
2022-08-04,1558.3986806325604,1560.200846201893,1520.7501812328433,1538.429931640625,720561,0.0,0.0,GRASIM
2022-08-05,1546.1251051862764,1574.032764479874,1541.1085049286073,1556.8887939453125,951109,0.0,0.0,GRASIM
2022-08-08,1556.1098346555957,1565.4123095781606,1543.9336359757833,1557.22998046875,461663,0.0,0.0,GRASIM
2022-08-10,1553.771964150668,1574.3252006918212,1545.394687174945,1569.16259765625,567647,0.0,0.0,GRASIM
2022-08-11,1587.8836978792458,1587.932709301113,1561.418971583359,1568.3291015625,451982,9.960395,0.0,GRASIM
2022-08-12,1576.2197777353142,1620.2296375694552,1558.478601803223,1590.4322509765625,1803740,0.0,0.0,GRASIM
2022-08-16,1599.1557706137442,1602.4394160946188,1512.0672699317465,1559.997802734375,1431538,0.0,0.0,GRASIM
2022-08-17,1568.2801349757387,1606.457991559175,1564.408472789611,1584.5020751953125,1052538,0.0,0.0,GRASIM
2022-08-18,1576.1217366515896,1589.4521241604994,1554.5579098360142,1581.7576904296875,1010974,0.0,0.0,GRASIM
2022-08-19,1587.8349064217934,1589.8442548706723,1562.497319192776,1574.014404296875,815549,0.0,0.0,GRASIM
2022-08-22,1567.3000919209976,1567.3000919209976,1522.947154536372,1533.0919189453125,962565,0.0,0.0,GRASIM
2022-08-23,1527.1129183643914,1575.6315876944711,1516.2819937675674,1563.8204345703125,1878454,0.0,0.0,GRASIM
2022-08-24,1563.3793732773238,1585.090232806063,1543.8247761482482,1580.287353515625,907999,0.0,0.0,GRASIM
2022-08-25,1584.9432598956505,1614.7405250178715,1584.012042805437,1592.6375732421875,872154,0.0,0.0,GRASIM
2022-08-26,1597.6365027729375,1653.9966394461608,1597.6365027729375,1642.0384521484375,1352886,0.0,0.0,GRASIM
2022-08-29,1601.606240560897,1648.654688354185,1582.100773533623,1631.060546875,1007459,0.0,0.0,GRASIM
2022-08-30,1637.0885212874662,1658.4564216372653,1637.0885212874662,1645.3709716796875,830049,0.0,0.0,GRASIM
2022-09-01,1627.580937302309,1672.61991550184,1627.4829144495418,1651.59521484375,1368943,0.0,0.0,GRASIM
2022-09-02,1651.98717089977,1663.8473353450286,1636.9415040210372,1654.4376220703125,601416,0.0,0.0,GRASIM
2022-09-05,1659.387609400079,1680.2653966381383,1646.6943702773178,1676.834716796875,790436,0.0,0.0,GRASIM
2022-09-06,1670.2184766862217,1696.4381483038085,1670.2184766862217,1688.890869140625,833826,0.0,0.0,GRASIM
2022-09-07,1676.0997195827574,1720.2076037789866,1676.0997195827574,1715.4537353515625,800842,0.0,0.0,GRASIM
2022-09-08,1722.4619141092614,1737.3605470270088,1715.355617576182,1734.7630615234375,608734,0.0,0.0,GRASIM
2022-09-09,1737.360529043556,1762.1589894491608,1707.7101776698478,1713.59130859375,695716,0.0,0.0,GRASIM
2022-09-12,1712.3659274232255,1736.8703179032746,1712.3659274232255,1733.3907470703125,420084,0.0,0.0,GRASIM
2022-09-13,1735.890109896625,1772.793790386051,1735.890109896625,1754.17041015625,812176,0.0,0.0,GRASIM
2022-09-14,1729.0290834364323,1763.1881259906975,1729.0290834364323,1747.456298828125,710550,0.0,0.0,GRASIM
2022-09-15,1750.5927899422843,1780.2430194370945,1741.673191356849,1772.45068359375,1078073,0.0,0.0,GRASIM
2022-09-16,1764.217303032141,1770.196336526348,1691.68423779456,1710.0135498046875,1031783,0.0,0.0,GRASIM
2022-09-19,1705.5047773821143,1727.9998207877575,1692.3704358932582,1714.66943359375,517380,0.0,0.0,GRASIM
2022-09-20,1725.1081797744912,1732.9006357831804,1696.8791612947566,1707.1219482421875,1023132,0.0,0.0,GRASIM
2022-09-21,1704.5246879294457,1714.6204412267261,1676.0996220051502,1685.7542724609375,1131988,0.0,0.0,GRASIM
2022-09-22,1685.7541502080987,1701.5839990446996,1663.1610853372167,1698.349365234375,477972,0.0,0.0,GRASIM
2022-09-23,1698.6436045133207,1700.1139473594587,1656.4960586523052,1663.7493896484375,638948,0.0,0.0,GRASIM
2022-09-26,1643.802666844791,1659.4364701078114,1619.7393792176179,1632.4326171875,784059,0.0,0.0,GRASIM
2022-09-27,1631.9916162419968,1663.3081137152844,1611.3588882492913,1649.1446533203125,571532,0.0,0.0,GRASIM
2022-09-28,1631.9916183011344,1654.2904944554577,1621.503654247664,1636.059326171875,550298,0.0,0.0,GRASIM
2022-09-29,1644.2438791146676,1656.349100932595,1618.5633329234365,1622.97412109375,543934,0.0,0.0,GRASIM
2022-09-30,1649.6347416971132,1663.357099069077,1621.1605468320495,1641.646240234375,815263,0.0,0.0,GRASIM
2022-10-03,1637.8726605349975,1648.1154475456667,1595.7741296115444,1604.007568359375,474878,0.0,0.0,GRASIM
2022-10-04,1634.7361293190418,1655.123801613431,1618.6613424316224,1650.5169677734375,515663,0.0,0.0,GRASIM
2022-10-06,1658.799544244817,1671.198835463056,1641.7935389630022,1649.73291015625,616095,0.0,0.0,GRASIM
2022-10-07,1641.7934691225823,1669.140404515663,1622.1899789984795,1664.239501953125,691354,0.0,0.0,GRASIM
2022-10-10,1648.6546413315812,1654.486640664593,1624.3462953506075,1640.7642822265625,771385,0.0,0.0,GRASIM
2022-10-11,1647.8704149858747,1648.6545977834662,1604.7427636391633,1611.8980712890625,409456,0.0,0.0,GRASIM
2022-10-12,1619.2492374649967,1643.7536274886402,1598.959709677844,1638.509765625,412162,0.0,0.0,GRASIM
2022-10-13,1637.0885170228694,1651.3501210273917,1607.487297909425,1646.44921875,751063,0.0,0.0,GRASIM
2022-10-14,1665.3175833449222,1681.2454561328661,1654.3396243993382,1661.93603515625,568187,0.0,0.0,GRASIM
2022-10-17,1656.4960281876506,1675.1194095544997,1642.038498015529,1657.623291015625,711250,0.0,0.0,GRASIM
2022-10-18,1665.9547666038686,1666.9840065855465,1646.9884252188106,1654.78076171875,471745,0.0,0.0,GRASIM
2022-10-19,1657.4761669124584,1678.696912524298,1644.2438030139529,1650.9580078125,1082577,0.0,0.0,GRASIM
2022-10-20,1650.0759021595168,1661.1518841707634,1635.0792461909905,1655.4669189453125,430634,0.0,0.0,GRASIM
2022-10-21,1656.446838431391,1680.9512280584038,1636.1082995506201,1643.8026123046875,471477,0.0,0.0,GRASIM
2022-10-24,1661.3970136609773,1674.1392646400725,1656.4961109379244,1665.36669921875,56288,0.0,0.0,GRASIM
2022-10-25,1662.8672209873641,1694.722845838055,1659.338518458982,1680.706298828125,708672,0.0,0.0,GRASIM
2022-10-27,1695.5070438743196,1705.994888450039,1686.7344790894151,1690.2630615234375,568780,0.0,0.0,GRASIM
2022-10-28,1695.6050764349657,1703.5444470199955,1638.7548248732305,1650.81103515625,443761,0.0,0.0,GRASIM
2022-10-31,1659.0935487275542,1695.703163679038,1655.0258404276226,1687.567626953125,594266,0.0,0.0,GRASIM
2022-11-01,1693.938685836678,1734.910076051562,1693.938685836678,1726.382568359375,862642,0.0,0.0,GRASIM
2022-11-02,1726.3825121830268,1747.603257870141,1717.2668676704716,1725.1572265625,682110,0.0,0.0,GRASIM
2022-11-03,1715.4046234140624,1736.8214156714225,1701.1430189673963,1711.0428466796875,370943,0.0,0.0,GRASIM
2022-11-04,1716.286676391384,1736.870394128219,1708.4943401800222,1730.107177734375,445790,0.0,0.0,GRASIM
2022-11-07,1735.8901184714057,1759.5124238455198,1727.4116225279083,1740.0069580078125,772139,0.0,0.0,GRASIM
2022-11-09,1758.385180085299,1758.385180085299,1698.9865762882484,1710.895751953125,616980,0.0,0.0,GRASIM
2022-11-10,1705.5047469609065,1705.6027698117334,1662.132037990759,1670.757568359375,613431,0.0,0.0,GRASIM
2022-11-11,1679.138144857278,1704.4267205392928,1661.9360944876425,1674.580322265625,1083107,0.0,0.0,GRASIM
2022-11-14,1677.079774757452,1722.069863258366,1673.4041578999183,1713.8363037109375,1571362,0.0,0.0,GRASIM
2022-11-15,1713.8363772495543,1721.6288342781918,1677.1778695793541,1699.1337890625,1013411,0.0,0.0,GRASIM
2022-11-16,1701.5841477280192,1715.2576152611948,1671.1987444049944,1693.252685546875,903821,0.0,0.0,GRASIM
2022-11-17,1689.724002030387,1689.724002030387,1663.3572952165596,1676.7366943359375,638353,0.0,0.0,GRASIM
2022-11-18,1680.0202265423286,1689.2829053271043,1647.9684364816828,1674.9722900390625,753543,0.0,0.0,GRASIM
2022-11-21,1665.7586884410634,1674.1391619101234,1642.7736506845786,1649.0467529296875,417544,0.0,0.0,GRASIM
2022-11-22,1654.3396649745348,1682.8138630601234,1648.6546997186224,1666.0037841796875,792650,0.0,0.0,GRASIM
2022-11-23,1671.100658092779,1679.6771770860491,1660.0246765148686,1668.7972412109375,515987,0.0,0.0,GRASIM
2022-11-24,1676.001462084887,1699.3295779628686,1664.3373440828777,1689.2828369140625,861243,0.0,0.0,GRASIM
2022-11-25,1695.7030381253032,1704.5246140687248,1672.1297441007762,1700.7508544921875,584168,0.0,0.0,GRASIM
2022-11-28,1689.0868202235683,1709.3763483608393,1679.5790845365502,1682.91162109375,410415,0.0,0.0,GRASIM
2022-11-29,1685.9011873612171,1697.6633283379172,1680.6572053135546,1685.0679931640625,494662,0.0,0.0,GRASIM
2022-11-30,1690.9983062957422,1733.5379436849862,1690.9983062957422,1724.86328125,1137756,0.0,0.0,GRASIM
2022-12-01,1734.9099546217271,1771.5684568722547,1725.1081505287748,1764.2662353515625,898588,0.0,0.0,GRASIM
2022-12-02,1761.178784726525,1788.5257195520096,1750.5929170968702,1783.5758056640625,1357654,0.0,0.0,GRASIM
2022-12-05,1791.563957886481,1800.5815788169,1776.861372516726,1780.1448974609375,837283,0.0,0.0,GRASIM
2022-12-06,1778.0377238498454,1793.720539377163,1764.3153653737315,1789.848876953125,631065,0.0,0.0,GRASIM
2022-12-07,1800.5818034908848,1803.032254712613,1764.3153896866102,1772.352783203125,657577,0.0,0.0,GRASIM
2022-12-08,1772.3528235535366,1789.113770945533,1770.2454522725193,1776.5185546875,334379,0.0,0.0,GRASIM
2022-12-09,1783.3797944704877,1799.160633429152,1752.8473565427896,1764.2174072265625,523232,0.0,0.0,GRASIM
2022-12-12,1767.2558015465042,1783.134662696712,1740.840084430866,1779.31201171875,457733,0.0,0.0,GRASIM
2022-12-13,1780.9781791516223,1788.8195263672912,1766.9616328586708,1774.901123046875,452455,0.0,0.0,GRASIM
2022-12-14,1779.0178510243334,1797.5922195179455,1775.3422345148165,1785.7320556640625,535865,0.0,0.0,GRASIM
2022-12-15,1786.6632577039745,1789.113708896506,1742.7514221959855,1751.4749755859375,319014,0.0,0.0,GRASIM
2022-12-16,1743.7317377121317,1754.6116742791482,1717.2670076638133,1721.53076171875,711870,0.0,0.0,GRASIM
2022-12-19,1717.2669021946303,1734.8120316249758,1709.4254344437359,1730.7933349609375,313190,0.0,0.0,GRASIM
2022-12-20,1727.0685582352885,1728.9800038102064,1695.3599681522737,1724.0791015625,443027,0.0,0.0,GRASIM
2022-12-21,1725.6472857043468,1737.2623923858223,1693.5956167855102,1698.54541015625,411544,0.0,0.0,GRASIM
2022-12-22,1711.3858076602144,1720.9424345942064,1691.8312107295,1710.258544921875,421636,0.0,0.0,GRASIM
2022-12-23,1690.8021999923817,1711.287895162757,1671.1496990736366,1675.2174072265625,358698,0.0,0.0,GRASIM
2022-12-26,1677.6678240728666,1706.48498066523,1670.218447765451,1694.7718505859375,385645,0.0,0.0,GRASIM
2022-12-27,1703.250357622789,1714.1302935372598,1693.7917530587506,1704.9166259765625,236578,0.0,0.0,GRASIM
2022-12-28,1696.6831868558188,1733.047742838175,1696.6831868558188,1717.8060302734375,362774,0.0,0.0,GRASIM
2022-12-29,1711.2878702316593,1725.1082514397417,1686.8815015436244,1718.0020751953125,384501,0.0,0.0,GRASIM
2022-12-30,1720.5503847526024,1736.3312225881436,1684.08792700069,1689.3319091796875,296853,0.0,0.0,GRASIM
2023-01-02,1691.1943069121414,1713.346270662851,1685.90131304652,1696.977294921875,312125,0.0,0.0,GRASIM
2023-01-03,1690.3121079010634,1707.7592149792426,1678.4519431466176,1683.009765625,548701,0.0,0.0,GRASIM
2023-01-04,1688.2538169194727,1693.742856738639,1652.0853041809705,1656.7901611328125,435968,0.0,0.0,GRASIM
2023-01-05,1665.1217060778731,1673.992294059741,1643.3127017079028,1664.631591796875,487184,0.0,0.0,GRASIM
2023-01-06,1665.2195718551689,1665.9547432603517,1631.9917463576464,1647.282470703125,587219,0.0,0.0,GRASIM
2023-01-09,1666.199834268357,1666.199834268357,1629.5413282607801,1640.4212646484375,656429,0.0,0.0,GRASIM
2023-01-10,1640.764207352215,1651.3010628621325,1600.8220591363045,1618.2691650390625,594512,0.0,0.0,GRASIM
2023-01-11,1618.7594170019904,1625.9636164251694,1595.8232699222658,1602.635498046875,646333,0.0,0.0,GRASIM
2023-01-12,1607.0952019969254,1631.9916845903304,1599.7438486014687,1609.8397216796875,908677,0.0,0.0,GRASIM
2023-01-13,1615.7699260343468,1638.3139828896342,1608.6146175322676,1622.2880859375,637882,0.0,0.0,GRASIM
2023-01-16,1626.6006382929043,1635.3241913069974,1607.4872639659231,1615.8187255859375,360571,0.0,0.0,GRASIM
2023-01-17,1609.4476632191827,1632.9718263896573,1609.4476632191827,1627.77685546875,514997,0.0,0.0,GRASIM
2023-01-18,1634.9320882441361,1653.3594226260004,1630.9624031595006,1643.2635498046875,716978,0.0,0.0,GRASIM
2023-01-19,1640.8132173164092,1659.4364772503404,1635.56923521505,1643.6556396484375,624177,0.0,0.0,GRASIM
2023-01-20,1643.6556819529844,1653.996612150267,1619.4943707526447,1622.532958984375,317042,0.0,0.0,GRASIM
2023-01-23,1630.0312815550217,1634.7361382738102,1583.3260346066875,1598.9598388671875,675068,0.0,0.0,GRASIM
2023-01-24,1601.6061030561748,1605.4778853735336,1561.6149438841987,1571.416748046875,450813,0.0,0.0,GRASIM
2023-01-25,1571.4168539348423,1579.013264685395,1550.8821473084733,1562.1541748046875,503547,0.0,0.0,GRASIM
2023-01-27,1562.350171602584,1570.7306447909311,1518.781417207365,1547.157470703125,915505,0.0,0.0,GRASIM
2023-01-30,1548.5296359886515,1574.5043693279263,1534.9543124199438,1566.907958984375,467299,0.0,0.0,GRASIM
2023-01-31,1570.6816389836636,1588.8639167533609,1551.715298535565,1558.674560546875,1534280,0.0,0.0,GRASIM
2023-02-01,1561.4190915684776,1590.8242651839298,1535.003254538535,1556.3221435546875,741968,0.0,0.0,GRASIM
2023-02-02,1543.7759477941834,1571.6618874935955,1531.7197376526212,1567.0550537109375,721339,0.0,0.0,GRASIM
2023-02-03,1568.2801357391363,1586.952527005181,1544.608939675395,1584.3060302734375,754417,0.0,0.0,GRASIM
2023-02-06,1585.7274138812706,1589.0109390981393,1565.437765103018,1586.0213623046875,499057,0.0,0.0,GRASIM
2023-02-07,1587.4917140143868,1600.2829752317912,1575.4845154739235,1584.257080078125,595073,0.0,0.0,GRASIM
2023-02-08,1584.8943143130168,1608.4674897160075,1583.7180400449324,1604.105712890625,513921,0.0,0.0,GRASIM
2023-02-09,1604.1056799598778,1629.051174830193,1595.3821264881988,1610.868896484375,1022882,0.0,0.0,GRASIM
2023-02-10,1607.4873269729776,1609.7907438774353,1590.3341686919757,1602.8804931640625,333259,0.0,0.0,GRASIM
2023-02-13,1602.5864876474132,1610.6238813530663,1585.5314716739297,1590.1383056640625,242604,0.0,0.0,GRASIM
2023-02-14,1590.8243061968649,1595.4801514999863,1547.1085159256772,1572.8870849609375,1051049,0.0,0.0,GRASIM
2023-02-15,1572.8869243071347,1607.4871862716623,1566.4667884175171,1593.9117431640625,644537,0.0,0.0,GRASIM
2023-02-16,1599.8418697809284,1610.1336684229855,1584.8942260058818,1597.3424072265625,312420,0.0,0.0,GRASIM
2023-02-17,1592.882665788165,1635.7163704955437,1589.795186146159,1610.3787841796875,877096,0.0,0.0,GRASIM
2023-02-20,1611.4080157859044,1617.5830951639325,1589.9912236063285,1599.6458740234375,447737,0.0,0.0,GRASIM
2023-02-21,1602.5863738743078,1626.012513460691,1592.9806151511173,1600.7730712890625,539466,0.0,0.0,GRASIM
2023-02-22,1601.8512393809488,1601.8512393809488,1539.4630579206885,1542.9427490234375,1056328,0.0,0.0,GRASIM
2023-02-23,1550.6370322832115,1557.0082772560254,1537.0617084939897,1549.019775390625,485537,0.0,0.0,GRASIM
2023-02-24,1549.2647952575876,1562.8892502700135,1539.9531052723719,1543.9718017578125,390716,0.0,0.0,GRASIM
2023-02-27,1549.656904549088,1553.5285668083714,1523.2411884207481,1540.4432373046875,397502,0.0,0.0,GRASIM
2023-02-28,1546.7163674880715,1553.0384809465681,1527.2109014365901,1547.2554931640625,742087,0.0,0.0,GRASIM
2023-03-01,1536.914731985353,1566.3199062101232,1536.914731985353,1562.05615234375,288099,0.0,0.0,GRASIM
2023-03-02,1562.399148613457,1570.2406160789994,1556.51813810883,1566.8099365234375,286119,0.0,0.0,GRASIM
2023-03-03,1570.2406880266064,1579.9933612238246,1559.0176720413317,1564.6046142578125,611252,0.0,0.0,GRASIM
2023-03-06,1568.2312085889466,1579.0622532144175,1564.35954619288,1566.8590087890625,330663,0.0,0.0,GRASIM
2023-03-08,1567.3001606805356,1577.1018455423196,1563.1344295985214,1569.3585205078125,435573,0.0,0.0,GRASIM
2023-03-09,1569.3584588874553,1576.8568466162878,1554.0677350026194,1569.5054931640625,302901,0.0,0.0,GRASIM
2023-03-10,1553.5775847205628,1574.8963530737883,1551.7642821438346,1564.261474609375,458587,0.0,0.0,GRASIM
2023-03-13,1570.2406049041863,1586.0703337426066,1518.389281555894,1531.08251953125,804792,0.0,0.0,GRASIM
2023-03-14,1538.7280078773538,1538.7280078773538,1510.7439252601296,1530.24951171875,507817,0.0,0.0,GRASIM
2023-03-15,1531.0336239536068,1548.137771227781,1515.791910919969,1519.859619140625,551661,0.0,0.0,GRASIM
2023-03-16,1527.3578996994838,1535.640349840257,1496.776452928906,1529.5142822265625,583369,0.0,0.0,GRASIM
2023-03-17,1538.8751092687492,1560.7820162947187,1525.1526302035472,1553.82275390625,698627,0.0,0.0,GRASIM
2023-03-20,1520.2516335143898,1567.300078770249,1520.2516335143898,1561.2230224609375,530519,0.0,0.0,GRASIM
2023-03-21,1568.280245214613,1577.1018215188662,1556.2731664260712,1574.357421875,570821,0.0,0.0,GRASIM
2023-03-22,1578.0820179813054,1583.963028689271,1566.6139449936359,1580.924560546875,296273,0.0,0.0,GRASIM
2023-03-23,1577.98396699807,1587.883794312333,1568.2801853831818,1574.1123046875,313930,0.0,0.0,GRASIM
2023-03-24,1573.1810815506014,1576.5627497257387,1555.8319982311439,1562.6932373046875,374535,0.0,0.0,GRASIM
2023-03-27,1553.7736479095236,1615.2796226937176,1553.7736479095236,1598.61669921875,630210,0.0,0.0,GRASIM
2023-03-28,1590.8241520204992,1609.1534628951983,1569.8484646019315,1579.1600341796875,582767,0.0,0.0,GRASIM
2023-03-29,1587.0996707288248,1605.3799718692262,1579.1601799860496,1599.351806640625,577758,0.0,0.0,GRASIM
2023-03-31,1603.2724744224686,1618.9061572917235,1596.3132127610431,1600.3319091796875,783128,0.0,0.0,GRASIM
2023-04-03,1597.4894500735486,1609.055545830423,1588.030725481499,1595.6761474609375,766128,0.0,0.0,GRASIM
2023-04-05,1597.6854690967293,1631.5505615705968,1582.247711245569,1626.3555908203125,1443735,0.0,0.0,GRASIM
2023-04-06,1631.1585462035055,1640.8133167858296,1617.5831017264682,1635.96142578125,641403,0.0,0.0,GRASIM
2023-04-10,1641.7443386756775,1680.118241989516,1636.9414593176182,1676.344482421875,828993,0.0,0.0,GRASIM
2023-04-11,1675.9035574177535,1687.420521837387,1661.9850331103787,1677.177734375,437571,0.0,0.0,GRASIM
2023-04-12,1681.4905299354164,1706.7791049653188,1677.5698560144222,1683.40185546875,661394,0.0,0.0,GRASIM
2023-04-13,1682.9607716385397,1684.9702401749505,1657.7703393044076,1667.3760986328125,258855,0.0,0.0,GRASIM
2023-04-17,1655.5648968621606,1694.2327499336716,1655.5648968621606,1689.4788818359375,723262,0.0,0.0,GRASIM
2023-04-18,1695.6540495005675,1701.2409916143715,1664.8765561341716,1671.149658203125,332721,0.0,0.0,GRASIM
2023-04-19,1675.6584776983655,1678.0599174276904,1647.625383756382,1656.593994140625,313266,0.0,0.0,GRASIM
2023-04-20,1664.6315833147844,1664.6315833147844,1646.694361730048,1653.9967041015625,199463,0.0,0.0,GRASIM
2023-04-21,1652.330191717032,1658.4563794870523,1623.8071044846513,1629.0020751953125,326151,0.0,0.0,GRASIM
2023-04-24,1629.0511395656874,1659.681598907159,1622.876060296832,1655.8099365234375,374750,0.0,0.0,GRASIM
2023-04-25,1652.771420772974,1669.6794023970801,1650.8110837822114,1653.4085693359375,361117,0.0,0.0,GRASIM
2023-04-26,1653.4085095333392,1671.198696216552,1639.9310880990236,1665.464599609375,683412,0.0,0.0,GRASIM
2023-04-27,1661.3968199762703,1671.8356526661405,1648.8016047547728,1667.669921875,531392,0.0,0.0,GRASIM
2023-04-28,1671.1986573301053,1690.7531347735812,1661.396852832843,1686.1953125,601644,0.0,0.0,GRASIM
2023-05-02,1686.1954022059506,1709.2295719243148,1681.5395568346632,1705.063720703125,396437,0.0,0.0,GRASIM
2023-05-03,1690.8021936631055,1704.1815923093952,1688.8908681602134,1701.486083984375,348145,0.0,0.0,GRASIM
2023-05-04,1695.017002777273,1728.0489035685157,1685.9993804721457,1724.9613037109375,591510,0.0,0.0,GRASIM
2023-05-05,1717.0217866457297,1732.1654758223565,1711.385833247881,1717.7569580078125,336879,0.0,0.0,GRASIM
2023-05-08,1718.9821823069012,1749.612641677267,1717.46294823265,1743.094482421875,758983,0.0,0.0,GRASIM
2023-05-09,1745.691971071933,1752.7982674501752,1722.7068135824456,1729.9111328125,735967,0.0,0.0,GRASIM
2023-05-10,1729.9110881427894,1744.074669107636,1716.5807013968304,1739.2227783203125,285798,0.0,0.0,GRASIM
2023-05-11,1739.2228403350653,1748.6325536973875,1730.0091726782948,1738.977783203125,272209,0.0,0.0,GRASIM
2023-05-12,1737.8506152202845,1737.8506152202845,1716.3846919092605,1719.0802001953125,305342,0.0,0.0,GRASIM
2023-05-15,1719.2272096424629,1726.8236201341633,1695.8990927448115,1698.986572265625,448927,0.0,0.0,GRASIM
2023-05-16,1701.2411304570614,1710.454798673993,1688.6949252952263,1692.90966796875,209886,0.0,0.0,GRASIM
2023-05-17,1695.016928042502,1704.2796070807876,1669.8753878137334,1690.6551513671875,377699,0.0,0.0,GRASIM
2023-05-18,1695.016834156041,1698.64343923822,1663.1120792638176,1671.8846435546875,232671,0.0,0.0,GRASIM
2023-05-19,1676.099701373003,1689.7730492244393,1651.5953081828723,1682.0787353515625,242657,0.0,0.0,GRASIM
2023-05-22,1679.1380980279205,1692.6645311403593,1671.1007044941728,1684.2840576171875,263864,0.0,0.0,GRASIM
2023-05-23,1682.96084789063,1686.3425164302957,1654.5357801653104,1664.28857421875,948278,0.0,0.0,GRASIM
2023-05-24,1661.3970084959262,1675.6096023233843,1647.6745289644603,1666.6409912109375,442899,0.0,0.0,GRASIM
2023-05-25,1661.3478695506333,1678.0109134530385,1657.4762071615671,1667.6209716796875,691665,0.0,0.0,GRASIM
2023-05-26,1668.1599759449894,1683.7937787668857,1633.951925217065,1654.82958984375,1946520,0.0,0.0,GRASIM
2023-05-29,1654.829714845676,1681.3434547841302,1642.8716476647135,1679.3341064453125,670545,0.0,0.0,GRASIM
2023-05-30,1680.0202713562269,1698.1045265848861,1679.0400428338955,1690.94921875,455969,0.0,0.0,GRASIM
2023-05-31,1689.3319943523336,1699.1336791342153,1662.5241852627587,1684.2840576171875,1217298,0.0,0.0,GRASIM
2023-06-01,1681.0004888174153,1685.9013914949587,1666.2979009108374,1668.6993408203125,380199,0.0,0.0,GRASIM
2023-06-02,1674.1882205946706,1684.9212428504122,1666.2978611703281,1676.638671875,581154,0.0,0.0,GRASIM
2023-06-05,1684.921069259294,1709.9154535166876,1678.0598304064692,1700.11376953125,770437,0.0,0.0,GRASIM
2023-06-06,1705.406615231837,1739.810831785048,1703.0051756659302,1731.38134765625,1032105,0.0,0.0,GRASIM
2023-06-07,1733.7338247006235,1737.2625273230979,1714.865506415869,1733.9788818359375,757211,0.0,0.0,GRASIM
2023-06-08,1736.87046791188,1740.938176180954,1675.0704207762185,1678.010986328125,746173,0.0,0.0,GRASIM
2023-06-09,1688.8417697140517,1703.3483102936368,1676.393468684409,1681.7354736328125,488829,0.0,0.0,GRASIM
2023-06-12,1690.213956403534,1700.7998232448388,1677.1286270908313,1697.0751953125,248563,0.0,0.0,GRASIM
2023-06-13,1700.6038074181101,1712.3659486294891,1694.575762602421,1703.495361328125,356101,0.0,0.0,GRASIM
2023-06-14,1710.405659461761,1749.4165920550925,1702.5643118529472,1744.07470703125,814345,0.0,0.0,GRASIM
2023-06-15,1753.5332828426208,1764.2172929674077,1725.598332286191,1737.3604736328125,966649,0.0,0.0,GRASIM
2023-06-16,1743.1436044509155,1754.2685981868067,1735.9392847769827,1745.447021484375,969546,0.0,0.0,GRASIM
2023-06-19,1753.7783940872791,1758.9733650352748,1719.32528333362,1726.382568359375,541464,0.0,0.0,GRASIM
2023-06-20,1731.9694722933439,1737.6055459544514,1710.1605892809807,1734.02783203125,463433,0.0,0.0,GRASIM
2023-06-21,1734.9101173290485,1744.7118022152083,1722.1678669140167,1742.6534423828125,332971,0.0,0.0,GRASIM
2023-06-22,1750.6908438183443,1754.5134946724147,1712.0228720795785,1715.6005859375,412543,0.0,0.0,GRASIM
2023-06-23,1715.2576709976381,1715.2576709976381,1677.2758555466328,1682.0787353515625,343509,0.0,0.0,GRASIM
2023-06-26,1681.9805392733172,1696.732137046925,1662.3770507653019,1692.56640625,387107,0.0,0.0,GRASIM
2023-06-27,1691.831265373428,1702.0741726919753,1679.4320956074457,1698.79052734375,338798,0.0,0.0,GRASIM
2023-06-28,1701.5350615059501,1719.9133850250093,1699.6237360411433,1708.5433349609375,1030697,0.0,0.0,GRASIM
2023-06-30,1710.4057513641776,1723.0989905478407,1696.4382150436843,1700.260986328125,453149,0.0,0.0,GRASIM
2023-07-03,1715.3065533821375,1762.3548790567586,1701.6820978587875,1758.14013671875,1087245,0.0,0.0,GRASIM
2023-07-04,1764.3152673785546,1769.2160493562264,1723.8339937884473,1734.4688720703125,671213,0.0,0.0,GRASIM
2023-07-05,1734.9101173290485,1748.9266648612124,1728.6860264042787,1742.6534423828125,400602,0.0,0.0,GRASIM
2023-07-06,1742.6534298307479,1748.436537991673,1730.0092023619545,1732.998779296875,360764,0.0,0.0,GRASIM
2023-07-07,1732.9985902580709,1735.596075491821,1702.5641790333796,1708.7392578125,554892,0.0,0.0,GRASIM
2023-07-10,1720.0604196937545,1724.3731848784166,1698.8885650477416,1708.4453125,453912,0.0,0.0,GRASIM
2023-07-11,1709.2294996261005,1738.781707462989,1709.2294996261005,1732.6556396484375,578931,0.0,0.0,GRASIM
2023-07-12,1732.6066398697417,1749.0246266541885,1722.2168182153287,1742.6043701171875,791286,0.0,0.0,GRASIM
2023-07-13,1743.7316582447945,1748.534537797831,1718.7371520739994,1724.9122314453125,335559,0.0,0.0,GRASIM
2023-07-14,1727.6077716703671,1733.880874010638,1709.0825332144802,1718.443115234375,409283,0.0,0.0,GRASIM
2023-07-17,1718.4431084182413,1759.414499366513,1713.9342973593607,1757.503173828125,923312,0.0,0.0,GRASIM
2023-07-18,1754.5625723558564,1763.3351371573533,1732.8027003441252,1739.8599853515625,747998,0.0,0.0,GRASIM
2023-07-19,1736.9683273889923,1753.0922447908274,1735.5961276610642,1748.8284912109375,435757,0.0,0.0,GRASIM
2023-07-20,1749.6126893260348,1786.9573546720972,1741.8203529132556,1783.3797607421875,856488,0.0,0.0,GRASIM
2023-07-21,1783.9188975238774,1788.7707885898499,1754.5136026893588,1768.82421875,782735,0.0,0.0,GRASIM
2023-07-24,1760.3945124630968,1806.2668034046656,1754.5625133091426,1777.1065673828125,782832,0.0,0.0,GRASIM
2023-07-25,1778.0377102695675,1806.266850078758,1776.1263847852867,1792.7894287109375,472389,0.0,0.0,GRASIM
2023-07-26,1796.6611030964743,1812.3439186086787,1792.8384521024002,1802.64013671875,463896,0.0,0.0,GRASIM
2023-07-27,1805.6296716227362,1812.0988193569713,1779.017909309392,1786.3692626953125,540277,0.0,0.0,GRASIM
2023-07-28,1782.4484618297008,1798.5233683151355,1774.1170001005946,1787.6434326171875,493242,0.0,0.0,GRASIM
2023-07-31,1793.7206710360692,1817.93099600898,1784.7030484428178,1812.78515625,599614,0.0,0.0,GRASIM
2023-08-01,1815.2842483938134,1818.2248136545834,1788.476561589236,1801.267822265625,512567,0.0,0.0,GRASIM
2023-08-02,1796.3671215150878,1803.424406856184,1770.2454715807557,1784.8990478515625,650377,0.0,0.0,GRASIM
2023-08-03,1772.1568123943705,1798.2294511240782,1758.6303787392471,1794.259765625,664460,0.0,0.0,GRASIM
2023-08-04,1794.2596674225451,1809.3543458543247,1784.0658913731218,1789.2607421875,325948,0.0,0.0,GRASIM
2023-08-07,1790.6819924718466,1827.9776440885214,1789.8487982617164,1818.81298828125,970459,0.0,0.0,GRASIM
2023-08-08,1820.8713397816982,1831.359183867159,1795.4847435853721,1807.884033203125,481950,0.0,0.0,GRASIM
2023-08-09,1808.3741408579301,1813.2749228524629,1791.220983435931,1809.0601806640625,529863,0.0,0.0,GRASIM
2023-08-10,1798.7195052145194,1818.2249721799612,1787.8885803923167,1794.0146484375,703299,0.0,0.0,GRASIM
2023-08-11,1802.3920511644449,1813.4303194179756,1782.3851824057965,1801.1600341796875,749144,9.960395,0.0,GRASIM
2023-08-14,1798.597506869114,1808.5023185409113,1767.8972167890881,1785.5880126953125,530231,0.0,0.0,GRASIM
2023-08-16,1785.8344317044848,1793.7189773572156,1759.7664040259403,1790.6636962890625,399331,0.0,0.0,GRASIM
2023-08-17,1783.86333944824,1786.2779717594256,1767.7986847526265,1774.845458984375,497072,0.0,0.0,GRASIM
2023-08-18,1769.0799941429357,1774.845470851478,1759.8649909156481,1765.0885009765625,441358,0.0,0.0,GRASIM
2023-08-21,1765.0885093815107,1786.8200796449967,1764.1521765372008,1782.2864990234375,267446,0.0,0.0,GRASIM
2023-08-22,1783.863456531475,1798.646814635633,1772.085978255249,1779.72412109375,366115,0.0,0.0,GRASIM
2023-08-23,1783.863251914229,1788.7910776456968,1767.108789370395,1771.691650390625,418171,0.0,0.0,GRASIM
2023-08-24,1778.935591663867,1787.2636638234117,1745.4265426731386,1752.374755859375,924665,0.0,0.0,GRASIM
2023-08-25,1734.585333871463,1756.9082721535387,1732.6635083008564,1750.6007080078125,659271,0.0,0.0,GRASIM
2023-08-28,1752.276146270105,1764.1521853193021,1742.765579681466,1758.87939453125,773224,0.0,0.0,GRASIM
2023-08-29,1759.2243982624177,1780.8574077611083,1753.409640692561,1775.7818603515625,643399,0.0,0.0,GRASIM
2023-08-30,1778.9355052956817,1798.5482477477035,1773.8599581053554,1780.561767578125,475187,0.0,0.0,GRASIM
2023-08-31,1780.5617876702088,1792.7333898724548,1756.1199011281833,1765.0885009765625,1249751,0.0,0.0,GRASIM
2023-09-01,1764.152191794128,1798.6467327283333,1762.0825241695145,1785.3416748046875,421915,0.0,0.0,GRASIM
2023-09-04,1788.8404637637595,1823.9756531326275,1788.7911830878206,1814.4649658203125,947843,0.0,0.0,GRASIM
2023-09-05,1825.7003055754665,1844.9680830475806,1817.8651614614928,1827.0308837890625,884678,0.0,0.0,GRASIM
2023-09-06,1828.213559875171,1832.1557724002969,1790.7622993145321,1811.9517822265625,598389,0.0,0.0,GRASIM
2023-09-07,1805.5456650436556,1824.3699171566188,1799.1888201405886,1820.723388671875,409810,0.0,0.0,GRASIM
2023-09-08,1820.72335646078,1829.44555289277,1813.5287401854866,1823.039306640625,365560,0.0,0.0,GRASIM
2023-09-11,1823.0393926317372,1842.1100486890687,1819.14646065003,1835.45751953125,433848,0.0,0.0,GRASIM
2023-09-12,1838.0691894992883,1892.274913021907,1809.4879678626403,1843.9332275390625,1858204,0.0,0.0,GRASIM
2023-09-13,1851.8670496021455,1918.3923379412604,1828.8541820056928,1905.0872802734375,2896732,0.0,0.0,GRASIM
2023-09-14,1914.9429101936482,1925.784055431756,1890.8459872796295,1903.70751953125,1225975,0.0,0.0,GRASIM
2023-09-15,1913.9574506046465,1959.2438579997306,1904.8410081537654,1944.3619384765625,1672773,0.0,0.0,GRASIM
2023-09-18,1951.4087043915154,1959.3916911918743,1924.7985873423488,1929.184326171875,682473,0.0,0.0,GRASIM
2023-09-20,1929.184254798449,1931.6974485315761,1902.1306126421628,1916.6182861328125,582031,0.0,0.0,GRASIM
2023-09-21,1904.2001332263153,1911.9859964226641,1868.7199812134656,1883.8975830078125,1002208,0.0,0.0,GRASIM
2023-09-22,1879.1669572135493,1901.095649757791,1862.0182485786756,1884.3411865234375,678725,0.0,0.0,GRASIM
2023-09-25,1884.3413303389557,1917.8503801510876,1874.4363970388058,1911.83837890625,762935,0.0,0.0,GRASIM
2023-09-26,1916.8646645160763,1931.5988619847517,1908.2903100007525,1929.7261962890625,659819,0.0,0.0,GRASIM
2023-09-27,1938.4484740653286,1938.4484740653286,1895.2810156225253,1903.2147216796875,510599,0.0,0.0,GRASIM
2023-09-28,1902.1305582277207,1909.9657024780595,1869.2128788264654,1878.9698486328125,726738,0.0,0.0,GRASIM
2023-09-29,1882.1236904944624,1922.8273542440418,1882.074409819042,1914.3514404296875,804258,0.0,0.0,GRASIM
2023-10-03,1900.2579467374412,1911.0005296759352,1879.1176247904434,1893.7039794921875,596037,0.0,0.0,GRASIM
2023-10-04,1878.477249313741,1882.419461958472,1849.9451863522108,1868.4737548828125,693152,0.0,0.0,GRASIM
2023-10-05,1869.7056100088332,1881.4338071162094,1853.838198422702,1862.8560791015625,549055,0.0,0.0,GRASIM
2023-10-06,1862.806788266611,1878.3786364940354,1862.7082269138946,1875.816162109375,402950,0.0,0.0,GRASIM
2023-10-09,1862.7574283391823,1869.5085183551305,1848.0232314507446,1861.7225341796875,347299,0.0,0.0,GRASIM
2023-10-10,1865.6155751742108,1894.7388851515195,1859.258730179931,1891.19091796875,358738,0.0,0.0,GRASIM
2023-10-11,1907.9946592359693,1953.7739925073274,1895.8230567174348,1951.5072021484375,914364,0.0,0.0,GRASIM
2023-10-12,1962.1512152090922,1992.8021051936098,1938.4484175136856,1972.893798828125,2108772,0.0,0.0,GRASIM
2023-10-13,1967.1282837937922,1971.8095856437906,1945.840118890506,1953.970947265625,307670,0.0,0.0,GRASIM
2023-10-16,1953.9709400195618,1971.119769657885,1929.726176225761,1945.199462890625,668313,0.0,0.0,GRASIM
2023-10-17,1971.1196943020504,1990.9787187721731,1929.775383126208,1945.9385986328125,1316588,0.0,0.0,GRASIM
2023-10-18,1941.6514602085897,1962.200414520773,1922.827329513927,1927.4593505859375,585260,0.0,0.0,GRASIM
2023-10-19,1923.8621029816184,1950.2750952366116,1899.9623043548681,1947.170654296875,712810,0.0,0.0,GRASIM
2023-10-20,1943.918289483348,1948.5997121100831,1911.3455745852734,1918.2445068359375,491975,0.0,0.0,GRASIM
2023-10-23,1911.1977278274874,1911.1977278274874,1857.780374282309,1875.2740478515625,878203,0.0,0.0,GRASIM
2023-10-25,1873.647907203919,1892.32419621149,1841.9621237476665,1850.33935546875,738333,0.0,0.0,GRASIM
2023-10-26,1840.1388358078432,1846.9392066055761,1812.9866332919523,1822.84228515625,1141085,0.0,0.0,GRASIM
2023-10-27,1830.233992190164,1842.9969629300224,1823.3843403846008,1829.19921875,289530,0.0,0.0,GRASIM
2023-10-30,1829.1992623589133,1855.11944987606,1801.6528124476358,1851.6700439453125,514528,0.0,0.0,GRASIM
2023-10-31,1852.951245312557,1864.6301623677261,1838.0693256773236,1859.4559326171875,291175,0.0,0.0,GRASIM
2023-11-01,1866.6505300015035,1869.6072499404602,1834.5212184609013,1841.5679931640625,349005,0.0,0.0,GRASIM
2023-11-02,1851.5221815285374,1873.5001560869102,1851.5221815285374,1870.3463134765625,322032,0.0,0.0,GRASIM
2023-11-03,1876.0133421963974,1887.3472941756218,1863.0531278476064,1868.8187255859375,234555,0.0,0.0,GRASIM
2023-11-06,1874.6334352828167,1908.5860096744755,1868.8186778012753,1890.9937744140625,292296,0.0,0.0,GRASIM
2023-11-07,1892.2749113620932,1902.0812826561585,1884.4397670907301,1893.8026123046875,223028,0.0,0.0,GRASIM
2023-11-08,1901.1449428173062,1914.9428072095784,1892.2749043916983,1905.9249267578125,427257,0.0,0.0,GRASIM
2023-11-09,1909.4238234231168,1916.4704771897339,1902.130645482045,1907.0584716796875,289965,0.0,0.0,GRASIM
2023-11-10,1902.1799004588004,1919.6735745166905,1893.4577037683703,1914.94287109375,193655,0.0,0.0,GRASIM
2023-11-13,1917.801057997288,1917.801057997288,1894.2461018875613,1900.9971923828125,214186,0.0,0.0,GRASIM
2023-11-15,1918.8850300334707,1935.9352983073493,1907.0583925927572,1915.879150390625,972167,0.0,0.0,GRASIM
2023-11-16,1921.5459550958733,1926.6216228238704,1886.2136452630784,1914.5484619140625,954513,0.0,0.0,GRASIM
2023-11-17,1913.0209430299979,1954.9565020033779,1912.3310135885238,1942.094970703125,849407,0.0,0.0,GRASIM
2023-11-20,1943.1298947237879,1949.585301211576,1924.8971308592897,1943.81982421875,287305,0.0,0.0,GRASIM
2023-11-21,1944.164682464976,1959.2930043453684,1940.5674347245404,1948.8953857421875,317975,0.0,0.0,GRASIM
2023-11-22,1951.2115055771344,1956.237772247341,1930.4654277406896,1945.59375,315125,0.0,0.0,GRASIM
2023-11-23,1955.4494513054992,1955.4494513054992,1923.2215789078043,1928.6422119140625,437448,0.0,0.0,GRASIM
2023-11-24,1935.5410373192085,1941.0108299146582,1917.3574344376937,1921.2503662109375,168686,0.0,0.0,GRASIM
2023-11-28,1934.6539862738643,1958.3075025503597,1925.044858523384,1947.36767578125,699089,0.0,0.0,GRASIM
2023-11-29,1959.391554810857,1979.9897899867053,1952.4433419601773,1974.32275390625,824220,0.0,0.0,GRASIM
2023-11-30,1977.0330542200977,2001.6720629936617,1961.51048714777,1976.490966796875,1707069,0.0,0.0,GRASIM
2023-12-01,1990.7816393497337,2009.5564894042259,1979.004161983929,1986.93798828125,932202,0.0,0.0,GRASIM
2023-12-04,2045.0367466465639,2046.0223601941852,1999.1589725102374,2023.30517578125,1055783,0.0,0.0,GRASIM
2023-12-05,2028.183658223535,2047.9935236271413,2009.0638430677875,2042.425048828125,561391,0.0,0.0,GRASIM
2023-12-06,2049.8166169345573,2054.892284850959,2016.0120067042192,2028.0357666015625,360631,0.0,0.0,GRASIM
2023-12-07,2028.0356938632722,2058.8344234076194,2016.0612150700542,2051.689208984375,424799,0.0,0.0,GRASIM
2023-12-08,2049.964452132329,2068.985826193853,2013.1538416572469,2040.1580810546875,594786,0.0,0.0,GRASIM
2023-12-11,2042.0801362205416,2058.0953899925453,2038.2364849781388,2053.9560546875,254812,0.0,0.0,GRASIM
2023-12-12,2059.8202999244395,2098.257055529548,2045.6281890393059,2050.703857421875,774496,0.0,0.0,GRASIM
2023-12-13,2050.851542247998,2062.7274603017663,2007.881088239185,2053.857421875,805574,0.0,0.0,GRASIM
2023-12-14,2064.698530029961,2081.4529920993,2051.886280119765,2073.519287109375,607109,0.0,0.0,GRASIM
2023-12-15,2085.4446352275545,2101.952695128434,2071.6467708901846,2096.975830078125,727207,0.0,0.0,GRASIM
2023-12-18,2096.975953395787,2096.975953395787,2071.646892718311,2079.28515625,314105,0.0,0.0,GRASIM
2023-12-19,2076.6239649521644,2106.9298904664956,2059.0317294563556,2087.662353515625,317963,0.0,0.0,GRASIM
2023-12-20,2103.184806579333,2104.761788256321,2023.8965449283462,2033.752197265625,678958,0.0,0.0,GRASIM
2023-12-21,2020.397734984027,2060.6578718177147,2020.397734984027,2055.483642578125,445236,0.0,0.0,GRASIM
2023-12-22,2058.834551565366,2066.3247311649925,2005.515759057103,2016.652587890625,1006017,0.0,0.0,GRASIM
2023-12-26,2021.3834819173846,2052.92130570752,2019.412375479625,2039.66552734375,643808,0.0,0.0,GRASIM
2023-12-27,2048.929709657068,2100.080396262829,2041.6859331161036,2094.11767578125,1137913,0.0,0.0,GRASIM
2023-12-28,2098.2568436205634,2117.228936897199,2075.8846253965326,2109.048828125,1063989,0.0,0.0,GRASIM
2023-12-29,2109.3937770800544,2114.0259188476607,2084.4589639843266,2103.97314453125,651373,0.0,0.0,GRASIM
2024-01-01,2114.025935351212,2143.592648873434,2081.502381376415,2096.58154296875,807664,0.0,0.0,GRASIM
2024-01-02,2099.1437443494015,2099.636551055788,2057.8487165014485,2071.1044921875,799936,0.0,0.0,GRASIM
2024-01-03,2059.8200530031577,2089.386765957237,2036.2650990432628,2042.277099609375,975031,0.0,0.0,GRASIM
2024-01-04,2059.8200888671786,2064.7479147073127,2029.6620073088584,2040.305908203125,962508,0.0,0.0,GRASIM
2024-01-05,2067.704809575084,2068.6904231985877,2023.8966997299942,2049.471923828125,1089092,0.0,0.0,GRASIM
2024-01-08,2049.4716777309327,2053.6110128806386,2028.1836338793112,2037.8421630859375,559523,0.0,0.0,GRASIM
2024-01-09,2052.0835108313113,2062.530289052804,2029.1199244986271,2034.244873046875,1216816,0.0,0.0,GRASIM
2024-01-10,2037.1387158663993,2052.6239602844416,2019.377501427381,2046.7861328125,325322,0.0,0.0,GRASIM
2024-01-11,2048.1712799128136,2074.2441389265664,2029.4207078402806,2061.776611328125,887806,0.0,0.0,GRASIM
2024-01-12,2061.08383496693,2098.5849756618554,2053.168006508104,2089.33349609375,485644,0.0,0.0,GRASIM
2024-01-15,2089.5316715521903,2100.6137848200824,2071.671532473497,2078.894775390625,202260,0.0,0.0,GRASIM
2024-01-16,2070.5337164177145,2097.4970111804755,2068.109541900223,2092.9453125,457403,0.0,0.0,GRASIM
2024-01-17,2090.3726750752608,2092.9451746005093,2034.3680873265064,2046.093505859375,733818,0.0,0.0,GRASIM
2024-01-18,2045.2524840253218,2047.2314414360865,2014.7764915851553,2032.0428466796875,877519,0.0,0.0,GRASIM
2024-01-19,2034.8133812092426,2071.968353921799,2030.756663568321,2059.302978515625,456698,0.0,0.0,GRASIM
2024-01-23,2056.23566377447,2064.4481432503376,2011.1153410440443,2028.0355224609375,938057,0.0,0.0,GRASIM
2024-01-24,2047.2312309753188,2058.85760456834,1995.3331265276663,2049.507080078125,604130,0.0,0.0,GRASIM
2024-01-25,2058.06599665687,2065.3882833499665,2030.5584428494676,2054.65234375,467209,0.0,0.0,GRASIM
2024-01-29,2058.1156821691616,2102.6422233699363,2055.889355109123,2082.35791015625,795647,0.0,0.0,GRASIM
2024-01-30,2092.747195623692,2116.4946815314784,2083.8418884082716,2103.77978515625,852171,0.0,0.0,GRASIM
2024-01-31,2104.1262544338183,2159.0918392794983,2093.1924675294995,2152.115966796875,910709,0.0,0.0,GRASIM
2024-02-01,2152.1160583184783,2155.9749284149652,2089.234641955292,2106.204345703125,638710,0.0,0.0,GRASIM
2024-02-02,2125.350509502081,2147.06951644693,2108.0841562550245,2116.93994140625,330557,0.0,0.0,GRASIM
2024-02-05,2107.688498269686,2124.707482164222,2059.1050015561445,2067.762939453125,949717,0.0,0.0,GRASIM
2024-02-06,2060.094844260497,2075.876982673267,2039.3157896353914,2044.26318359375,581483,0.0,0.0,GRASIM
2024-02-07,2057.12612340531,2097.694748253611,2041.2944649279243,2089.2841796875,1133609,0.0,0.0,GRASIM
2024-02-08,2100.663242115746,2102.6421994799625,2026.4523409576298,2035.654541015625,1387156,0.0,0.0,GRASIM
2024-02-09,2035.605064457178,2159.042532820786,2025.363984024687,2145.6845703125,2010089,0.0,0.0,GRASIM
2024-02-12,2152.116315462394,2175.86380583991,2115.604645635749,2124.75732421875,1229133,0.0,0.0,GRASIM
2024-02-13,2151.0275323997566,2151.0275323997566,2032.3396170994545,2042.4322509765625,985312,0.0,0.0,GRASIM
2024-02-14,2032.389127372779,2063.062965225046,2006.1679434022928,2057.917724609375,605147,0.0,0.0,GRASIM
2024-02-15,2063.755424326889,2081.5165165091785,2050.991247283953,2062.864990234375,506068,0.0,0.0,GRASIM
2024-02-16,2069.3955348231584,2096.7052419654988,2064.8936002605346,2083.49560546875,403756,0.0,0.0,GRASIM
2024-02-19,2085.276684277902,2166.958193255883,2080.08192148585,2145.783447265625,1167037,0.0,0.0,GRASIM
2024-02-20,2146.179433252972,2198.6218076017076,2138.3626476675117,2169.184814453125,1710394,0.0,0.0,GRASIM
2024-02-21,2176.852887135369,2198.621416006723,2157.1128376777756,2170.916015625,765529,0.0,0.0,GRASIM
2024-02-22,2210.4954779303503,2220.390265208463,2090.966399296359,2178.04052734375,3428899,0.0,0.0,GRASIM
2024-02-23,2210.495217206619,2213.166761142215,2159.6361132246375,2171.311767578125,1646510,0.0,0.0,GRASIM
2024-02-26,2180.910096012539,2188.034294327414,2151.9183218318344,2163.890869140625,905237,0.0,0.0,GRASIM
2024-02-27,2167.1560543872274,2190.705694174675,2167.1560543872274,2181.6025390625,674507,0.0,0.0,GRASIM
2024-02-28,2178.8319019202454,2195.5539938211987,2150.38439184749,2163.000244140625,1197381,0.0,0.0,GRASIM
2024-02-29,2163.000417559142,2182.789991370296,2135.0971667998037,2168.343505859375,1499473,0.0,0.0,GRASIM
2024-03-01,2185.758559105767,2235.6281914850997,2173.637444416294,2231.175537109375,826009,0.0,0.0,GRASIM
2024-03-04,2221.3797396328605,2236.2219205212764,2202.8765357730267,2210.643798828125,423656,0.0,0.0,GRASIM
2024-03-05,2206.6363109709996,2228.206751080871,2197.0876975876854,2208.021484375,401260,0.0,0.0,GRASIM
2024-03-06,2214.354167617729,2229.245869570308,2173.488892751867,2212.968994140625,678808,0.0,0.0,GRASIM
2024-03-07,2215.442691330044,2226.6733706058017,2184.7688532633933,2204.657470703125,519779,0.0,0.0,GRASIM
2024-03-11,2206.537609476079,2246.6610210479844,2202.084955107181,2213.26611328125,599546,0.0,0.0,GRASIM
2024-03-12,2212.4743768601193,2223.3091203286535,2149.988893480528,2161.021484375,891725,0.0,0.0,GRASIM
2024-03-13,2170.916266505989,2179.871097050041,2114.81287256382,2126.48876953125,881145,0.0,0.0,GRASIM
2024-03-14,2127.2800900562734,2181.7014167541092,2106.2043877017545,2173.389892578125,1097271,0.0,0.0,GRASIM
2024-03-15,2162.1098987560904,2185.659297412243,2142.270803472387,2173.983642578125,2630480,0.0,0.0,GRASIM
2024-03-18,2158.053078060058,2190.705875664818,2147.1688121918046,2179.920654296875,508214,0.0,0.0,GRASIM
2024-03-19,2175.8635242930472,2182.8889192494607,2141.0834468068133,2150.9287109375,660181,0.0,0.0,GRASIM
2024-03-20,2152.6106528663854,2173.043288934327,2108.578856013913,2144.69482421875,655682,0.0,0.0,GRASIM
2024-03-21,2164.9790854105295,2188.033984131706,2152.412756035372,2182.344482421875,880687,0.0,0.0,GRASIM
2024-03-22,2176.8530032024687,2210.495276888325,2171.3613484481853,2200.1552734375,551648,0.0,0.0,GRASIM
2024-03-26,2191.695442465024,2218.5104133560217,2178.4858044561456,2216.48193359375,731877,0.0,0.0,GRASIM
2024-03-27,2216.431865042506,2228.256084936723,2175.5663542164043,2184.12548828125,1033992,0.0,0.0,GRASIM
2024-03-28,2186.747633443454,2284.9038589922343,2186.747633443454,2263.234375,1786120,0.0,0.0,GRASIM
2024-04-01,2275.801011364405,2294.798954101405,2264.966267907299,2268.429443359375,288891,0.0,0.0,GRASIM
2024-04-02,2272.832468172428,2291.6325625978857,2251.063937785056,2282.03466796875,446163,0.0,0.0,GRASIM
2024-04-03,2279.3634568222333,2291.7812224856607,2263.977013191374,2281.19384765625,303529,0.0,0.0,GRASIM
2024-04-04,2285.200935758923,2299.301006481835,2225.8322169256107,2253.884033203125,814966,0.0,0.0,GRASIM
2024-04-05,2251.113506937706,2253.1419865350017,2210.0006196941517,2214.008056640625,454995,0.0,0.0,GRASIM
2024-04-08,2223.3585514565852,2264.3723936441447,2211.4848075235727,2256.802978515625,278448,0.0,0.0,GRASIM
2024-04-09,2272.7828296497837,2288.0209450845246,2257.940650599538,2277.087158203125,388155,0.0,0.0,GRASIM
2024-04-10,2285.64620678654,2290.5440778915113,2267.439895876687,2282.084228515625,513499,0.0,0.0,GRASIM
2024-04-12,2272.832284963622,2282.727070705736,2225.634205288121,2230.334228515625,635489,0.0,0.0,GRASIM
2024-04-15,2215.4426374259497,2229.69103297178,2201.392089290381,2213.859375,415064,0.0,0.0,GRASIM
2024-04-16,2205.5481380841425,2225.5850828110174,2197.731352572566,2219.351318359375,558075,0.0,0.0,GRASIM
2024-04-18,2221.429246048606,2276.64220687433,2196.0984942174928,2202.629150390625,987066,0.0,0.0,GRASIM
2024-04-19,2196.642702438088,2266.648320094617,2178.189021408997,2249.2333984375,1061064,0.0,0.0,GRASIM
2024-04-22,2251.063765498254,2262.789183279177,2242.2079805373805,2256.555419921875,445671,0.0,0.0,GRASIM
2024-04-23,2254.477740352309,2351.001437763426,2254.4282181019385,2345.212890625,1823447,0.0,0.0,GRASIM
2024-04-24,2352.980574228358,2359.214338950506,2308.4540284586874,2313.154052734375,1021874,0.0,0.0,GRASIM
2024-04-25,2324.285426378573,2351.050873068245,2309.641093555711,2342.541259765625,1621547,0.0,0.0,GRASIM
2024-04-26,2342.046425974737,2354.2665838458142,2305.5347606730647,2317.80419921875,405679,0.0,0.0,GRASIM
2024-04-29,2330.2223663124005,2367.6247099332063,2285.30012942501,2361.489990234375,616995,0.0,0.0,GRASIM
2024-04-30,2379.696430028473,2412.79444640616,2349.1216328161445,2386.2763671875,1041175,0.0,0.0,GRASIM
2024-05-02,2384.6434736671504,2426.2015756978644,2375.787688334515,2411.705810546875,1466226,0.0,0.0,GRASIM
2024-05-03,2416.306838810226,2460.8333776089403,2413.140555476704,2455.242919921875,1192695,0.0,0.0,GRASIM
2024-05-06,2462.8123768437304,2463.554485836351,2415.515248732987,2427.488037109375,606833,0.0,0.0,GRASIM
2024-05-07,2434.1174997095727,2442.725915723426,2377.8162606743335,2395.52783203125,438590,0.0,0.0,GRASIM
2024-05-08,2378.706667518346,2398.644565627714,2345.954827672077,2352.337158203125,462790,0.0,0.0,GRASIM
2024-05-09,2350.4569511063023,2368.218044108131,2320.3768975393687,2328.935791015625,557056,0.0,0.0,GRASIM
2024-05-10,2335.1201750833043,2357.6308151741105,2297.569507290173,2352.13916015625,890719,0.0,0.0,GRASIM
2024-05-13,2352.8812495306397,2367.822474182886,2322.355977286784,2360.1044921875,511264,0.0,0.0,GRASIM
2024-05-14,2358.3727329063686,2371.631891157274,2337.2475096315775,2347.0927734375,421260,0.0,0.0,GRASIM
2024-05-15,2361.836085343669,2378.657222892502,2341.3044027472993,2344.767578125,404095,0.0,0.0,GRASIM
2024-05-16,2356.9382099716304,2360.8961246819104,2285.8935926077193,2347.63720703125,1181205,0.0,0.0,GRASIM
2024-05-17,2349.0223825885664,2408.044689128032,2349.0223825885664,2398.14990234375,1184234,0.0,0.0,GRASIM
2024-05-21,2404.5320373065815,2424.1730425310975,2381.081201279583,2420.90771484375,555489,0.0,0.0,GRASIM
2024-05-22,2430.1101708646147,2437.1355662804913,2392.856394347732,2411.01318359375,722345,0.0,0.0,GRASIM
2024-05-23,2416.3070130482606,2435.9975427747872,2370.4445781497066,2427.98291015625,1091448,0.0,0.0,GRASIM
2024-05-24,2423.9750759776425,2448.7615619502512,2406.016136937872,2415.317138671875,483000,0.0,0.0,GRASIM
2024-05-27,2415.3671891846575,2429.862956472526,2360.8468125690006,2365.497314453125,888793,0.0,0.0,GRASIM
2024-05-28,2373.6604731637085,2443.9629865594943,2367.5257532373594,2414.674560546875,874384,0.0,0.0,GRASIM
2024-05-29,2414.3278912397595,2434.117464118774,2368.0697646350636,2375.342529296875,1084966,0.0,0.0,GRASIM
2024-05-30,2378.7065360294296,2381.27927699833,2303.5061630101964,2320.525146484375,826458,0.0,0.0,GRASIM
2024-05-31,2318.298913989142,2337.148530254992,2271.7934182558715,2291.8798828125,1644820,0.0,0.0,GRASIM
2024-06-03,2374.748884449073,2379.894125384323,2337.4455857035755,2343.877197265625,807692,0.0,0.0,GRASIM
2024-06-04,2311.472045040505,2340.3152560055437,2148.752301457634,2232.659912109375,1543389,0.0,0.0,GRASIM
2024-06-05,2234.638379173679,2289.406116448776,2159.190635735875,2280.599853515625,1996915,0.0,0.0,GRASIM
2024-06-06,2281.78731349079,2328.243288289532,2268.973613150971,2310.185302734375,834320,0.0,0.0,GRASIM
2024-06-07,2286.8829387927412,2358.372769105345,2286.8829387927412,2354.810791015625,471524,0.0,0.0,GRASIM
2024-06-10,2356.0479354185454,2445.9914566747684,2350.308910385418,2421.056640625,980297,0.0,0.0,GRASIM
2024-06-11,2424.1236981348943,2455.8860600854855,2400.8216687030786,2431.050048828125,531924,0.0,0.0,GRASIM
2024-06-12,2404.433194955586,2450.7903677916347,2404.433194955586,2424.37109375,463980,0.0,0.0,GRASIM
2024-06-13,2415.3668516162365,2449.5038642599407,2404.4330644695915,2432.18798828125,512510,0.0,0.0,GRASIM
2024-06-14,2432.187915956613,2497.1470892819584,2424.2225649288903,2445.199462890625,1542911,0.0,0.0,GRASIM
2024-06-18,2445.0017992027715,2461.278675047382,2419.2753537235035,2431.693359375,467553,0.0,0.0,GRASIM
2024-06-19,2432.1385278992643,2434.9586386877268,2386.6225098832488,2421.402587890625,668976,0.0,0.0,GRASIM
2024-06-20,2421.3532798998453,2477.654517964433,2406.9067951072216,2472.50927734375,1008266,0.0,0.0,GRASIM
2024-06-21,2472.707106475867,2489.13254842977,2424.816437216912,2440.20263671875,2867672,0.0,0.0,GRASIM
2024-06-24,2437.9764374791735,2495.217876085363,2417.3954740706936,2488.637939453125,724085,0.0,0.0,GRASIM
2024-06-25,2493.4862199421946,2503.232681359236,2468.7492534745143,2490.46826171875,792404,0.0,0.0,GRASIM
2024-06-26,2492.2989589722642,2537.0233471997744,2482.65154179785,2525.39697265625,1387150,0.0,0.0,GRASIM
2024-06-27,2528.0190391786036,2626.719539705742,2525.3970172470126,2609.84912109375,4849907,0.0,0.0,GRASIM
2024-06-28,2608.216257298355,2650.7638401968725,2559.9791720355,2642.353271484375,1495266,0.0,0.0,GRASIM
2024-07-01,2638.1477921281057,2715.030230949863,2634.0415525713543,2697.71435546875,1098168,0.0,0.0,GRASIM
2024-07-02,2688.4134101602626,2733.6325347734896,2688.4134101602626,2714.09033203125,942834,0.0,0.0,GRASIM
2024-07-03,2721.80835006133,2732.3462008753104,2701.919732906798,2713.496826171875,537119,0.0,0.0,GRASIM
2024-07-04,2719.0872307365166,2723.787254152091,2688.462915953633,2706.07568359375,446631,0.0,0.0,GRASIM
2024-07-05,2701.2767861711927,2726.706339836511,2691.777694250385,2719.08740234375,372709,0.0,0.0,GRASIM
2024-07-08,2722.7483977024112,2725.964203367838,2685.296775126683,2713.298828125,333988,0.0,0.0,GRASIM
2024-07-09,2706.323155824433,2756.6380003003414,2690.2934084156755,2732.7421875,451862,0.0,0.0,GRASIM
2024-07-10,2751.7401038160747,2782.6613113832277,2712.1609581301186,2772.66748046875,1128000,0.0,0.0,GRASIM
2024-07-11,2795.2769931977696,2807.150736177725,2761.882091066646,2772.123291015625,1679101,0.0,0.0,GRASIM
2024-07-12,2777.466735576923,2820.014320054945,2772.123647178231,2813.830078125,1457604,0.0,0.0,GRASIM
2024-07-15,2820.0143676159164,2822.933281541689,2756.687729185243,2774.2509765625,1333353,0.0,0.0,GRASIM
2024-07-16,2788.350817117881,2814.819370828989,2780.731879878042,2797.6025390625,756629,0.0,0.0,GRASIM
2024-07-18,2780.43497659379,2815.858360197165,2747.7821814950016,2762.426513671875,1181529,0.0,0.0,GRASIM
2024-07-19,2756.6877218003783,2760.5961144411604,2705.7295675747073,2714.14013671875,424329,0.0,0.0,GRASIM
2024-07-22,2673.5713154503833,2792.308753590297,2673.5713154503833,2781.96875,1248824,0.0,0.0,GRASIM
2024-07-23,2781.4246337069117,2820.9542595713165,2744.8634439510524,2793.347900390625,1046046,0.0,0.0,GRASIM
2024-07-24,2800.2247304572247,2800.2247304572247,2745.8034017734267,2777.36767578125,2880833,0.0,0.0,GRASIM
2024-07-25,2775.487534215075,2795.277106651546,2742.3895226294626,2768.115966796875,550900,0.0,0.0,GRASIM
2024-07-26,2795.2277353055647,2847.4722576726385,2778.950859412251,2813.384765625,701236,0.0,0.0,GRASIM
2024-07-29,2829.8100299070593,2834.8564678922958,2790.3299265117885,2798.443603515625,501949,0.0,0.0,GRASIM
2024-07-30,2798.4434909121337,2800.2246008100756,2753.570778736308,2761.535888671875,721728,0.0,0.0,GRASIM
2024-07-31,2761.5356933537596,2769.303196894765,2732.494641752433,2747.53466796875,662086,0.0,0.0,GRASIM
2024-08-01,2752.6798633591206,2759.3093214730384,2724.6282908034145,2737.88720703125,383675,0.0,0.0,GRASIM
2024-08-02,2720.571489917113,2728.091624124853,2672.5817764197573,2678.32080078125,401105,0.0,0.0,GRASIM
2024-08-05,2627.214162809927,2650.763803190541,2560.523397873002,2584.765625,1049292,0.0,0.0,GRASIM
2024-08-06,2609.3493934169887,2661.3972249342223,2592.4636150812107,2602.89306640625,813893,10.0,0.0,GRASIM
2024-08-07,2632.194973279746,2641.531718826365,2614.564233364382,2619.33203125,551368,0.0,0.0,GRASIM
2024-08-08,2605.6244766324794,2616.1036400580892,2514.093726202224,2527.552490234375,1199236,0.0,0.0,GRASIM
2024-08-09,2538.925591848066,2621.218774953281,2522.983383732859,2555.463623046875,2677777,0.0,0.0,GRASIM
2024-08-12,2552.7322450396564,2603.38957752877,2537.882742153192,2553.824951171875,1827230,0.0,0.0,GRASIM
2024-08-13,2554.7188166741093,2562.0689993176275,2495.2708498536563,2502.3232421875,784848,0.0,0.0,GRASIM
2024-08-14,2507.041444631559,2517.470895966199,2488.2188166752853,2495.519287109375,286936,0.0,0.0,GRASIM
2024-08-16,2495.5191575624144,2590.4769208322873,2495.5191575624144,2582.87841796875,725887,0.0,0.0,GRASIM
2024-08-19,2602.1977664090036,2617.4444851618077,2539.8693799677535,2580.94140625,682028,0.0,0.0,GRASIM
2024-08-20,2590.4770128453692,2631.1021113304555,2571.6543851976376,2618.984130859375,685479,0.0,0.0,GRASIM
2024-08-21,2622.3115102920437,2673.962121459705,2607.511478130397,2666.810546875,857604,0.0,0.0,GRASIM
2024-08-22,2676.346072453837,2754.318634755932,2672.969013889263,2736.63818359375,2065301,0.0,0.0,GRASIM
2024-08-23,2752.7790908724774,2762.21526114194,2688.762173702332,2730.082763671875,1101735,0.0,0.0,GRASIM
2024-08-26,2733.509321075689,2744.634019812576,2694.572754246462,2718.212890625,597542,0.0,0.0,GRASIM
2024-08-27,2723.03039932923,2729.4867264228815,2678.9288158742415,2681.759521484375,1450595,0.0,0.0,GRASIM
2024-08-28,2680.3689527086162,2704.257410811278,2664.973096207974,2697.304443359375,981745,0.0,0.0,GRASIM
2024-08-29,2696.6586788939962,2700.7312282795165,2622.311736333571,2658.21875,941802,0.0,0.0,GRASIM
2024-08-30,2658.218592341817,2690.6988328917373,2658.218592341817,2680.716552734375,994826,0.0,0.0,GRASIM
2024-09-02,2688.5634874037755,2711.3095264936505,2657.5731670825476,2672.720703125,720118,0.0,0.0,GRASIM
2024-09-03,2662.092816083583,2691.7918244528987,2662.092816083583,2688.6630859375,522391,0.0,0.0,GRASIM
2024-09-04,2676.892378304174,2745.3790568854124,2669.1944503146165,2739.121337890625,1119041,0.0,0.0,GRASIM
2024-09-05,2755.36165261184,2755.36165261184,2716.921724199102,2723.179443359375,472385,0.0,0.0,GRASIM
2024-09-06,2721.5901864692687,2726.159376483156,2656.083347086969,2674.757080078125,555331,0.0,0.0,GRASIM
2024-09-09,2671.8763252756426,2697.155279624191,2655.934115843566,2692.139404296875,267477,0.0,0.0,GRASIM
2024-09-10,2681.8586865251777,2696.906796599472,2659.013223639963,2684.3916015625,431289,0.0,0.0,GRASIM
2024-09-11,2691.7917544998677,2711.160735759184,2656.1330603610277,2663.135498046875,347845,0.0,0.0,GRASIM
2024-09-12,2672.522007529041,2746.4220183648713,2660.751530450235,2738.5751953125,939815,0.0,0.0,GRASIM
2024-09-13,2741.555267255383,2780.193805131885,2729.7350766387267,2765.642333984375,634726,0.0,0.0,GRASIM
2024-09-16,2783.9682552870613,2800.1090728124964,2738.7739662158438,2746.72021484375,431468,0.0,0.0,GRASIM
2024-09-17,2750.395161551901,2758.639442569423,2711.657201530043,2736.34033203125,253234,0.0,0.0,GRASIM
2024-09-18,2736.340381064768,2758.341459189276,2696.7580344612475,2704.40625,332947,0.0,0.0,GRASIM
2024-09-19,2724.5699559460295,2756.354949963628,2704.009086440947,2720.547119140625,452713,0.0,0.0,GRASIM
2024-09-20,2726.556390673131,2737.184449051115,2646.299236028677,2660.2548828125,2755774,0.0,0.0,GRASIM
2024-09-23,2686.825307118829,2686.825307118829,2647.0940641300112,2648.981201171875,678018,0.0,0.0,GRASIM
2024-09-24,2658.367656324645,2676.8922496607915,2592.4633660907853,2601.700927734375,1457923,0.0,0.0,GRASIM
2024-09-25,2601.701203829986,2648.087382166839,2566.58862034841,2644.1142578125,883336,0.0,0.0,GRASIM
2024-09-26,2656.0337759342447,2731.5231427895187,2638.353323091769,2727.401123046875,1117471,0.0,0.0,GRASIM
2024-09-27,2727.4007634295094,2788.1398003049535,2727.4007634295094,2764.449951171875,1416974,0.0,0.0,GRASIM
2024-09-30,2765.2944012496146,2805.025642646879,2746.4220615859135,2776.766845703125,890000,0.0,0.0,GRASIM
2024-10-01,2775.276951644773,2794.745114622148,2736.489278346382,2782.3291015625,442630,0.0,0.0,GRASIM
2024-10-03,2770.260777394827,2813.9651424738418,2733.608804590026,2747.564208984375,972732,0.0,0.0,GRASIM
2024-10-04,2747.5643787170143,2770.0623408124384,2712.650645548309,2726.656005859375,708378,0.0,0.0,GRASIM
2024-10-07,2741.455794258868,2751.338892553335,2681.858929166284,2702.22119140625,689611,0.0,0.0,GRASIM
2024-10-08,2697.0064934613342,2726.7055012046185,2687.0239699555586,2719.80224609375,553985,0.0,0.0,GRASIM
2024-10-09,2735.495928697183,2735.495928697183,2691.7915638232994,2697.5029296875,600020,0.0,0.0,GRASIM
2024-10-10,2699.688194238033,2721.043736915002,2692.884364513199,2704.157958984375,387246,0.0,0.0,GRASIM
2024-10-11,2704.1580363296202,2713.3458863487845,2667.4563488071726,2707.2373046875,209760,0.0,0.0,GRASIM
2024-10-14,2719.156714177707,2719.156714177707,2684.143555526673,2708.578125,232099,0.0,0.0,GRASIM
2024-10-15,2706.690729572454,2729.486480060915,2682.553952731631,2717.418212890625,491010,0.0,0.0,GRASIM
2024-10-16,2706.790117636475,2765.2942708347136,2706.6906925375697,2745.528076171875,756373,0.0,0.0,GRASIM
2024-10-17,2765.294496281837,2771.0555749824766,2668.002664066801,2687.669677734375,529505,0.0,0.0,GRASIM
2024-10-18,2681.8587405564012,2747.4152875477803,2656.6789698255225,2742.399169921875,345996,0.0,0.0,GRASIM
2024-10-21,2741.455813712867,2746.819434609155,2693.778321300469,2699.986328125,322456,0.0,0.0,GRASIM
2024-10-22,2699.8374214557994,2727.6987619653482,2628.5695034138967,2637.509033203125,377094,0.0,0.0,GRASIM
2024-10-23,2632.1947382186986,2658.715293307493,2608.306280868022,2615.507568359375,944905,0.0,0.0,GRASIM
2024-10-24,2627.128895777669,2677.835940792259,2598.522596151646,2648.782470703125,844303,0.0,0.0,GRASIM
2024-10-25,2647.1932852786213,2657.0763827105716,2582.530595296297,2597.62841796875,656546,0.0,0.0,GRASIM
2024-10-28,2582.5307854051875,2648.037623558009,2576.8691317987746,2629.165283203125,763794,0.0,0.0,GRASIM
2024-10-29,2642.1275737475567,2671.9260050304238,2632.1947633199343,2667.952880859375,611947,0.0,0.0,GRASIM
2024-10-30,2673.56478386653,2690.401091302984,2648.1369350322816,2654.59326171875,469403,0.0,0.0,GRASIM
2024-10-31,2657.027051760147,2685.83220484465,2626.6822644072795,2677.737060546875,321800,0.0,0.0,GRASIM
2024-11-01,2700.731159270442,2700.731159270442,2655.0402312357087,2680.76611328125,62294,0.0,0.0,GRASIM
2024-11-04,2678.5311033808625,2681.858691720687,2560.728122644685,2573.19384765625,477329,0.0,0.0,GRASIM
2024-11-05,2573.194060120084,2643.518166509318,2570.2142168832434,2633.138427734375,896947,0.0,0.0,GRASIM
2024-11-06,2633.13828011631,2649.626842102559,2601.9493529859838,2628.171875,455842,0.0,0.0,GRASIM
2024-11-07,2613.471237949089,2645.0576226334624,2534.604822589586,2545.481201171875,481689,0.0,0.0,GRASIM
2024-11-08,2547.7657356222444,2564.3534796309254,2522.9337109085773,2527.751220703125,558297,0.0,0.0,GRASIM
2024-11-11,2511.0643794045463,2536.691080754559,2489.2121948038075,2502.57177734375,354984,0.0,0.0,GRASIM
2024-11-12,2506.2962843165406,2529.1417473262622,2493.13531106094,2504.260009765625,520250,0.0,0.0,GRASIM
2024-11-13,2504.260099269948,2517.619680703067,2455.4404333544157,2486.0830078125,1449201,0.0,0.0,GRASIM
2024-11-14,2486.083084269489,2521.9406277691864,2473.3195680654962,2506.99169921875,581846,0.0,0.0,GRASIM
2024-11-18,2480.222788476628,2535.6479197147632,2462.393442081543,2500.2373046875,1436348,0.0,0.0,GRASIM
2024-11-19,2500.2373813103477,2534.8533240562847,2483.2027077353887,2491.2978515625,424096,0.0,0.0,GRASIM
2024-11-21,2474.3625569408555,2538.478655658393,2463.4859352836484,2517.818603515625,686930,0.0,0.0,GRASIM
2024-11-22,2523.3310762447186,2592.3641090507786,2517.8185604309137,2581.189697265625,828921,0.0,0.0,GRASIM
2024-11-25,2597.430006848526,2636.1679687097467,2582.878536123839,2612.130615234375,967944,0.0,0.0,GRASIM
2024-11-26,2612.1306731771188,2621.96405902145,2584.964338217883,2599.615234375,256368,0.0,0.0,GRASIM
2024-11-27,2602.1977025933984,2631.648388265207,2577.5642844385975,2604.283447265625,348482,0.0,0.0,GRASIM
2024-11-28,2604.3828852997317,2618.2391072992737,2536.8894871727357,2553.17919921875,1057792,0.0,0.0,GRASIM
2024-11-29,2547.7659256969428,2612.776122747325,2541.8062393210434,2588.73876953125,650252,0.0,0.0,GRASIM
2024-12-02,2588.3416873978517,2690.7985372862927,2574.336326693152,2675.452392578125,1103892,0.0,0.0,GRASIM
2024-12-03,2674.9557021321534,2710.6143964524426,2664.9731786245798,2695.764892578125,522667,0.0,0.0,GRASIM
2024-12-04,2690.1031948979025,2706.1445873244948,2676.9919331544625,2699.042724609375,572817,0.0,0.0,GRASIM
2024-12-05,2714.636950594536,2715.3819113383875,2651.4641825158396,2688.613037109375,714805,0.0,0.0,GRASIM
2024-12-06,2696.658747985816,2701.7245785707432,2675.253734387427,2683.74609375,342192,0.0,0.0,GRASIM
2024-12-09,2683.7458051812173,2695.8143146887282,2651.06695766754,2663.383544921875,387874,0.0,0.0,GRASIM
2024-12-10,2684.739261137996,2689.8050915083695,2623.354686063158,2637.459228515625,637387,0.0,0.0,GRASIM
2024-12-11,2648.0873348354276,2681.7594661364938,2643.2203545884604,2652.805419921875,319450,0.0,0.0,GRASIM
2024-12-12,2664.9729971782094,2664.9729971782094,2621.26863196172,2642.17724609375,376376,0.0,0.0,GRASIM
2024-12-13,2623.255326925129,2681.858910525501,2602.8930648266946,2674.60791015625,412267,0.0,0.0,GRASIM
2024-12-16,2662.092767034787,2699.7380236387667,2654.2954134174743,2667.108642578125,329525,0.0,0.0,GRASIM
2024-12-17,2666.9598392092084,2666.9598392092084,2577.9122827325573,2582.23291015625,887083,0.0,0.0,GRASIM
2024-12-18,2589.483729353475,2600.3103959321793,2558.9403366884885,2576.719970703125,369646,0.0,0.0,GRASIM
2024-12-19,2552.7322335907606,2576.5709781846044,2510.2694697829766,2521.990234375,510040,0.0,0.0,GRASIM
2024-12-20,2513.001071738812,2545.9779542987317,2463.0886986736436,2471.978515625,734974,0.0,0.0,GRASIM
2024-12-23,2478.931490203467,2536.541791619825,2478.236241962287,2509.2265625,347378,0.0,0.0,GRASIM
2024-12-24,2498.101831964587,2525.317635638771,2478.236211034451,2485.040283203125,364336,0.0,0.0,GRASIM
2024-12-26,2483.4509577162275,2501.3300167058856,2455.887408440505,2465.373291015625,559646,0.0,0.0,GRASIM
2024-12-27,2465.37325158404,2503.664284141176,2458.2711466543637,2463.635009765625,428996,0.0,0.0,GRASIM
2024-12-30,2472.2765637189545,2473.269844781116,2419.632667424417,2427.082275390625,763318,0.0,0.0,GRASIM
2024-12-31,2413.672976689652,2430.558754715876,2396.8866237695684,2426.28759765625,530535,0.0,0.0,GRASIM
2025-01-01,2423.605753687427,2457.2284141147093,2409.650106482741,2425.7412109375,487637,0.0,0.0,GRASIM
2025-01-02,2428.5723049065455,2542.3029915780385,2428.5723049065455,2526.857421875,970593,0.0,0.0,GRASIM
2025-01-03,2524.1258190842977,2536.7404402357174,2484.2953934802003,2493.135498046875,595091,0.0,0.0,GRASIM
2025-01-06,2500.088491015401,2510.9648703964044,2429.3172137071583,2444.017822265625,393162,0.0,0.0,GRASIM
2025-01-07,2444.0673856097933,2480.222717897425,2440.0942615122403,2450.672607421875,495162,0.0,0.0,GRASIM
2025-01-08,2452.2619765526483,2459.7115843038864,2416.8016496565533,2419.38427734375,543301,0.0,0.0,GRASIM
2025-01-09,2418.6891136755944,2422.4139176814297,2380.298654888633,2394.20458984375,766796,0.0,0.0,GRASIM
2025-01-10,2383.8747607492196,2408.6073643918808,2336.395873264242,2348.216064453125,413994,0.0,0.0,GRASIM
2025-01-13,2314.2953228254582,2332.4227034673995,2261.6514228789993,2272.776123046875,422845,0.0,0.0,GRASIM
2025-01-14,2292.4925676902203,2314.7916778316985,2278.7355287219634,2295.0751953125,865382,0.0,0.0,GRASIM
2025-01-15,2311.2655478200945,2333.9621165139265,2281.3182215569145,2301.978515625,583299,0.0,0.0,GRASIM
2025-01-16,2314.344892078874,2343.895003898336,2297.6080090566543,2334.90576171875,1395232,0.0,0.0,GRASIM
2025-01-17,2347.2226290563744,2371.210270259967,2332.8695233773456,2359.886962890625,443089,0.0,0.0,GRASIM
2025-01-20,2364.0586134197065,2394.4528680735584,2357.0559335116245,2385.861083984375,681711,0.0,0.0,GRASIM
2025-01-21,2388.7413859311982,2410.196352585467,2345.7819825727306,2351.5927734375,316019,0.0,0.0,GRASIM
2025-01-22,2364.952672367403,2380.348529976108,2354.37432526863,2372.104248046875,336546,0.0,0.0,GRASIM
2025-01-23,2371.9551145883242,2459.115525520119,2349.5068661687524,2444.613525390625,596720,0.0,0.0,GRASIM
2025-01-24,2449.778930809224,2497.158390640387,2436.9654591565964,2474.014892578125,1510105,0.0,0.0,GRASIM
2025-01-27,2458.8671288723385,2467.707232820317,2414.070058528616,2441.534423828125,458264,0.0,0.0,GRASIM
2025-01-28,2441.484809123709,2443.4216586618154,2383.6759007925966,2395.0986328125,740041,0.0,0.0,GRASIM
2025-01-29,2386.8542329218967,2447.4443736660646,2380.8945469470605,2437.163818359375,200039,0.0,0.0,GRASIM
2025-01-30,2442.179978519343,2491.6951340247156,2430.0619986590245,2474.958251953125,397046,0.0,0.0,GRASIM
2025-01-31,2474.9582492058257,2501.3796211262506,2459.1651781144515,2491.9931640625,431982,0.0,0.0,GRASIM
2025-02-01,2483.20273489514,2497.158382765304,2413.0769926615944,2424.350830078125,432668,0.0,0.0,GRASIM
2025-02-03,2401.7535482877634,2463.0886523434992,2401.7535482877634,2457.029541015625,427217,0.0,0.0,GRASIM
2025-02-04,2448.437782951149,2475.05776353359,2430.0620835659174,2468.00537109375,337002,0.0,0.0,GRASIM
2025-02-05,2482.209304699266,2483.103160630029,2457.6753116522686,2473.269775390625,464164,0.0,0.0,GRASIM
2025-02-06,2482.20947265625,2491.4470354002824,2459.264582211421,2482.20947265625,595946,0.0,0.0,GRASIM
2025-02-07,2487.1759439642524,2505.799965110151,2449.8781891160115,2470.88623046875,738201,0.0,0.0,GRASIM
2025-02-10,2468.3033764009274,2474.2630626216137,2421.718592775997,2456.63232421875,717668,0.0,0.0,GRASIM
2025-02-11,2443.4715622638714,2524.9206143393335,2439.5481503285837,2474.710205078125,1710410,0.0,0.0,GRASIM
2025-02-12,2462.3436884447437,2482.109884062654,2417.3977215620794,2468.253662109375,454023,0.0,0.0,GRASIM
2025-02-13,2464.3304296800316,2515.931334755906,2457.5263570881025,2473.369384765625,708830,0.0,0.0,GRASIM
2025-02-14,2482.2094365626513,2490.900646074425,2389.337654922552,2414.96435546875,677910,0.0,0.0,GRASIM
2025-02-17,2414.9643070611005,2454.546412086859,2389.387319581996,2447.295654296875,646841,0.0,0.0,GRASIM
2025-02-18,2463.3370729508893,2466.2672036303547,2396.5886330225953,2446.64990234375,596040,0.0,0.0,GRASIM
2025-02-19,2431.5520784612004,2464.8269945675934,2429.8635491289883,2446.64990234375,289053,0.0,0.0,GRASIM
2025-02-20,2434.531812756863,2461.300688105771,2426.8338847483496,2437.213623046875,427274,0.0,0.0,GRASIM
2025-02-21,2423.6058817899648,2436.86628146298,2384.9176314802976,2414.716064453125,504415,0.0,0.0,GRASIM
2025-02-24,2395.793790156554,2403.740038216775,2365.002078923199,2377.61669921875,543080,0.0,0.0,GRASIM
2025-02-25,2375.928341911381,2387.3510743244165,2351.195740034566,2363.313720703125,497013,0.0,0.0,GRASIM
2025-02-27,2357.05601571715,2363.3137350553898,2301.5317000419127,2324.22802734375,1045684,0.0,0.0,GRASIM
2025-02-28,2331.379493402689,2345.8814935704113,2286.1852061337345,2291.151611328125,1153007,0.0,0.0,GRASIM
2025-03-03,2312.855013460108,2366.889407648419,2302.3261369269644,2361.47607421875,790068,0.0,0.0,GRASIM
2025-03-04,2340.1700882276837,2388.046184996129,2335.7997487302446,2378.560302734375,521061,0.0,0.0,GRASIM
2025-03-05,2387.847684581304,2392.7643773618997,2360.383560084456,2375.58056640625,755361,0.0,0.0,GRASIM
2025-03-06,2385.5133872401184,2398.7737865384793,2337.687000670108,2377.567138671875,754593,0.0,0.0,GRASIM
2025-03-07,2364.0090177620987,2398.7738562586005,2364.0090177620987,2391.075927734375,317388,0.0,0.0,GRASIM
2025-03-10,2391.0758706218007,2408.7066097239035,2357.3540265857187,2367.932373046875,650796,0.0,0.0,GRASIM
2025-03-11,2356.062860431234,2408.7067607697063,2348.0668987665617,2397.333740234375,445250,0.0,0.0,GRASIM
2025-03-12,2397.333450702434,2422.512979021278,2351.6922364023767,2382.78173828125,561893,0.0,0.0,GRASIM
2025-03-13,2385.8610435832534,2395.595246216158,2347.421116068869,2354.274658203125,479648,0.0,0.0,GRASIM
2025-03-17,2365.7471602824576,2388.344304355692,2354.920493748572,2383.22900390625,646714,0.0,0.0,GRASIM
2025-03-18,2383.22900390625,2383.22900390625,2383.22900390625,2383.22900390625,0,0.0,0.0,GRASIM
2025-03-19,2409.6999902768825,2448.040738400111,2409.6999902768825,2441.68359375,415476,0.0,0.0,GRASIM
2025-03-20,2448.239304205208,2460.5558928472396,2431.6515583323812,2451.566650390625,317002,0.0,0.0,GRASIM
2025-03-21,2463.2375563984992,2497.8534976749593,2442.9250076115623,2452.80810546875,1372022,0.0,0.0,GRASIM
2025-03-24,2461.996054987248,2526.9070706456446,2458.370676040869,2496.31396484375,594207,0.0,0.0,GRASIM
2025-03-25,2512.7525842163786,2578.458024698608,2503.0680945647887,2552.185791015625,993289,0.0,0.0,GRASIM
2025-03-26,2565.595178416623,2585.411086391529,2542.7994273627764,2564.25439453125,555486,0.0,0.0,GRASIM
2025-03-27,2566.6381772846757,2611.2861110094495,2557.698648029427,2601.10498046875,1246219,0.0,0.0,GRASIM
2025-03-28,2597.3802293751214,2619.9276606768894,2581.885190518078,2593.605712890625,435022,0.0,0.0,GRASIM
2025-04-01,2593.8540431737174,2614.3157298527585,2578.7562196776585,2601.403076171875,317974,0.0,0.0,GRASIM
2025-04-02,2601.4031245521214,2615.7062749722345,2583.5737778304438,2598.919921875,413523,0.0,0.0,GRASIM
2025-04-03,2577.663859216575,2646.100829465019,2577.663859216575,2634.08203125,298330,0.0,0.0,GRASIM
2025-04-04,2617.395048171045,2634.0819761698763,2592.5630213867585,2599.317138671875,290533,0.0,0.0,GRASIM
2025-04-07,2532.8665509939697,2542.7993609978676,2448.9343064610325,2492.241455078125,974267,0.0,0.0,GRASIM
2025-04-08,2532.8665090309078,2582.530558227592,2517.1229084354627,2572.6474609375,1296141,0.0,0.0,GRASIM
2025-04-09,2545.2825378292687,2569.3696018457995,2512.4545525974127,2540.564453125,494024,0.0,0.0,GRASIM
2025-04-11,2632.1949220591705,2642.127733085809,2595.2449135401293,2633.4365234375,669041,0.0,0.0,GRASIM
2025-04-15,2657.0268331964426,2707.8827749243,2652.060427900748,2700.333984375,815058,0.0,0.0,GRASIM
2025-04-16,2671.9260904648127,2703.7110848495245,2664.178449583487,2684.64013671875,462016,0.0,0.0,GRASIM
2025-04-17,2682.85228903838,2753.3752481356496,2668.846928330222,2742.151123046875,1061496,0.0,0.0,GRASIM
2025-04-21,2736.489327824664,2768.572354650936,2716.623706570039,2738.37646484375,322964,0.0,0.0,GRASIM
2025-04-22,2731.8208562366817,2753.4744311188206,2719.305418300145,2730.9267578125,211167,0.0,0.0,GRASIM
2025-04-23,2731.622291287524,2745.329375670349,2657.1262131188914,2667.5556640625,603774,0.0,0.0,GRASIM
2025-04-24,2671.925980804922,2717.9149411678973,2655.0402032310617,2710.862548828125,562050,0.0,0.0,GRASIM
2025-04-25,2707.6841271370226,2721.490636654604,2657.2254015795393,2716.425048828125,649356,0.0,0.0,GRASIM
2025-04-28,2716.6236283160574,2755.0635558364206,2705.002288716913,2734.89990234375,416635,0.0,0.0,GRASIM
2025-04-29,2734.602134196581,2737.0853368020043,2700.731153658504,2727.251708984375,890929,0.0,0.0,GRASIM
2025-04-30,2716.623730914669,2732.41680295352,2700.6318086612823,2719.10693359375,662477,0.0,0.0,GRASIM
2025-05-02,2707.286856404354,2753.176391219712,2677.6870333848415,2705.697509765625,798849,0.0,0.0,GRASIM
2025-05-05,2711.6574144719175,2754.368501952611,2700.0360740528063,2736.5888671875,661587,0.0,0.0,GRASIM
2025-05-06,2735.496025993233,2745.9254770727284,2699.737908006394,2710.365966796875,288396,0.0,0.0,GRASIM
2025-05-07,2680.8656655022837,2708.9755688870036,2664.377102386083,2681.759521484375,417883,0.0,0.0,GRASIM
2025-05-08,2666.9594816297454,2691.3942911989643,2658.5165931404144,2680.5673828125,966461,0.0,0.0,GRASIM
2025-05-09,2658.9139099703416,2665.966302330557,2608.9520678277618,2617.096923828125,444671,0.0,0.0,GRASIM
2025-05-12,2653.1531344403693,2743.3428606227,2653.1531344403693,2724.371337890625,498304,0.0,0.0,GRASIM
2025-05-13,2722.5832695123454,2729.5362366362365,2684.5405580344323,2690.500244140625,313964,0.0,0.0,GRASIM
2025-05-14,2701.6252698463372,2728.5432856822654,2687.12351073385,2718.80908203125,330652,0.0,0.0,GRASIM
2025-05-15,2715.928378950016,2810.4886848583465,2701.724411668034,2805.8203125,1353535,0.0,0.0,GRASIM
2025-05-16,2825.8845574914094,2825.8845574914094,2756.454309827662,2785.358642578125,700214,0.0,0.0,GRASIM
2025-05-19,2801.0526301653604,2801.152055272918,2702.717803787215,2708.677490234375,575525,0.0,0.0,GRASIM
2025-05-20,2735.4959242747723,2735.4959242747723,2691.990167175146,2702.51904296875,520661,0.0,0.0,GRASIM
2025-05-21,2698.7446380425026,2731.4234878924535,2674.111219272501,2688.71240234375,304264,0.0,0.0,GRASIM
2025-05-22,2681.85888077237,2684.1434757264133,2630.506298110966,2656.629638671875,541069,0.0,0.0,GRASIM
2025-05-23,2657.026775325804,2728.44358492231,2633.1880304256847,2641.531494140625,990691,0.0,0.0,GRASIM
2025-05-26,2654.5434345433077,2678.4816033011193,2622.3612276035715,2638.551513671875,435977,0.0,0.0,GRASIM
2025-05-27,2638.1544500004343,2640.538227503345,2577.5643063822013,2596.63525390625,874537,0.0,0.0,GRASIM
2025-05-28,2603.1911897267246,2603.1911897267246,2552.8318857923346,2560.281494140625,849149,0.0,0.0,GRASIM
2025-05-29,2560.2814740305894,2576.4717620468214,2535.0519884557166,2556.308349609375,616258,0.0,0.0,GRASIM
2025-05-30,2557.698580986588,2587.397585956004,2518.960621895917,2528.69482421875,1203864,0.0,0.0,GRASIM
2025-06-02,2528.8933815172754,2532.4692900544737,2494.128547128782,2507.140625,1209305,0.0,0.0,GRASIM
2025-06-03,2525.9137432888588,2545.7793645494867,2495.221455441292,2535.25048828125,1493898,0.0,0.0,GRASIM
2025-06-04,2539.1246001117597,2555.811771589195,2524.722023732473,2532.56884765625,529006,0.0,0.0,GRASIM
2025-06-05,2537.932551293984,2581.5374931352176,2521.8412040083617,2537.237060546875,950620,0.0,0.0,GRASIM
2025-06-06,2542.600781794425,2560.7778728053295,2519.0600703213995,2557.1025390625,414844,0.0,0.0,GRASIM
2025-06-09,2568.525383962076,2597.3305345664703,2557.400684642499,2590.9736328125,552351,0.0,0.0,GRASIM
2025-06-10,2691.7917379494784,2723.576732641133,2648.683435899028,2689.80517578125,2885229,0.0,0.0,GRASIM
2025-06-11,2689.904550445539,2715.5310079348965,2660.2053010873205,2703.90966796875,812149,0.0,0.0,GRASIM
2025-06-12,2699.837130864563,2710.6637965549944,2658.0199045735308,2671.031982421875,545570,0.0,0.0,GRASIM
2025-06-13,2634.280759867824,2669.641419615622,2618.090230313234,2645.902099609375,538879,0.0,0.0,GRASIM
2025-06-16,2647.094012962948,2695.7647846834675,2634.2807843468327,2686.725830078125,494993,0.0,0.0,GRASIM
2025-06-17,2686.725843257548,2688.116582242254,2647.094025947962,2653.450927734375,241142,0.0,0.0,GRASIM
2025-06-18,2653.450947993717,2678.1837920865014,2649.3786411151677,2657.424072265625,342289,0.0,0.0,GRASIM
2025-06-19,2661.993230745076,2693.778224545017,2652.0604201825945,2675.1044921875,609547,0.0,0.0,GRASIM
2025-06-20,2664.973051559697,2714.5376788506233,2664.973051559697,2694.374267578125,1232377,0.0,0.0,GRASIM
2025-06-23,2681.8587028376405,2719.1067403770526,2660.1059459147223,2705.3994140625,728851,0.0,0.0,GRASIM
2025-06-24,2727.5499184149407,2782.975052657003,2718.9084212885527,2762.21533203125,1562447,0.0,0.0,GRASIM
2025-06-25,2773.1411358315822,2823.8978920951563,2767.777515414405,2812.773193359375,948185,0.0,0.0,GRASIM
2025-06-26,2820.9181289377125,2875.4491605568655,2812.971880687184,2863.92724609375,1392932,0.0,0.0,GRASIM
2025-06-27,2876.5418759481345,2876.5418759481345,2825.2884775671896,2841.87646484375,678859,0.0,0.0,GRASIM
2025-06-30,2844.0616716451145,2870.582227111806,2817.6402987830143,2825.387939453125,447868,0.0,0.0,GRASIM
2025-07-01,2823.401396284427,2850.716625272227,2823.401396284427,2828.9638671875,535639,0.0,0.0,GRASIM
2025-07-02,2850.7165721690485,2859.5566763857782,2815.9517359230845,2830.65234375,917118,0.0,0.0,GRASIM
2025-07-03,2829.2618094213203,2830.7517310824746,2791.914585281879,2798.6689453125,393434,0.0,0.0,GRASIM
2025-07-04,2798.668946242332,2801.0527239008625,2766.9831334044256,2787.04736328125,286779,0.0,0.0,GRASIM
2025-07-07,2791.11977798147,2800.9531634731875,2756.354940889174,2760.427490234375,278677,0.0,0.0,GRASIM
2025-07-08,2761.3212535886933,2822.2094290114005,2759.5332992409953,2801.84716796875,846061,0.0,0.0,GRASIM
2025-07-09,2794.0994702709327,2810.985247375307,2774.829915751921,2779.100830078125,659109,0.0,0.0,GRASIM
2025-07-10,2779.100959699182,2790.9211497237015,2750.3952342829693,2756.454345703125,780215,0.0,0.0,GRASIM
2025-07-11,2756.454216851047,2788.6364244465203,2737.879668037974,2743.442138671875,476850,0.0,0.0,GRASIM
2025-07-14,2755.3616245014646,2790.126461148022,2736.5887097124255,2765.691650390625,2913912,0.0,0.0,GRASIM
2025-07-15,2770.260934443684,2793.205824411036,2744.237018625908,2759.930908203125,450965,0.0,0.0,GRASIM
2025-07-16,2765.2945682597733,2765.2945682597733,2739.46925979183,2743.839599609375,372782,0.0,0.0,GRASIM
2025-07-17,2743.4422219505923,2759.0366857186896,2723.874634037744,2747.71337890625,720281,0.0,0.0,GRASIM
2025-07-18,2752.381679261585,2755.361522292182,2698.2478642057363,2710.167236328125,797380,0.0,0.0,GRASIM
2025-07-21,2709.670784916723,2733.0128902853235,2694.970176439849,2723.477294921875,616378,0.0,0.0,GRASIM
2025-07-22,2734.403289028763,2740.4624003972676,2699.2412370712486,2704.40625,664321,0.0,0.0,GRASIM
2025-07-23,2717.2196520767843,2717.6168674842115,2683.348672335014,2690.897705078125,373864,0.0,0.0,GRASIM
2025-07-24,2690.8978394912115,2724.8680035315588,2649.378642330671,2717.517578125,997645,0.0,0.0,GRASIM
2025-07-25,2716.6236455135218,2717.517501449787,2676.09773056486,2690.401123046875,360857,0.0,0.0,GRASIM
2025-07-28,2685.931572341968,2735.9928437665585,2678.8791793931414,2708.876220703125,547126,0.0,0.0,GRASIM
2025-07-29,2708.8761784156177,2731.523036087598,2686.8253864061644,2724.570068359375,743512,0.0,0.0,GRASIM
2025-07-30,2721.5900611245406,2775.2272375116668,2714.736518919621,2740.065185546875,772901,0.0,0.0,GRASIM
2025-07-31,2716.6237143369685,2753.176506050037,2709.3727140582473,2727.947021484375,581498,0.0,0.0,GRASIM
2025-08-01,2729.5363679583675,2747.9120676698776,2697.7513738627827,2703.90966796875,329586,0.0,0.0,GRASIM
2025-08-04,2711.657395867825,2773.5388567351188,2702.5192582719137,2769.069091796875,570201,0.0,0.0,GRASIM
2025-08-05,2780.193716145584,2805.9195988697275,2765.9897483383215,2778.40576171875,782631,0.0,0.0,GRASIM
2025-08-06,2781.186960535778,2781.186960535778,2739.4691561277414,2747.216796875,393906,0.0,0.0,GRASIM
2025-08-07,2745.4287902995097,2754.0702868340486,2700.5325358612326,2725.26513671875,591589,0.0,0.0,GRASIM
2025-08-08,2725.2651782515777,2730.4301912302262,2654.6430408410492,2673.515380859375,1162918,0.0,0.0,GRASIM
2025-08-11,2707.6841870246985,2776.2205806067614,2701.7245006262583,2740.363037109375,1236332,0.0,0.0,GRASIM
2025-08-12,2748.4379492222406,2753.322634586421,2696.6992255506807,2731.889404296875,553341,10.0,0.0,GRASIM
2025-08-13,2751.4286232509653,2757.4099898232503,2717.0357654603285,2737.372314453125,479944,0.0,0.0,GRASIM
2025-08-14,2737.372238799783,2761.3974912207736,2722.618396368512,2756.313232421875,618912,0.0,0.0,GRASIM
2025-08-18,2786.319938326159,2856.501209008308,2767.8773913282935,2837.061767578125,1279195,0.0,0.0,GRASIM
2025-08-19,2837.0617977282795,2845.1367400688337,2794.4944536924536,2819.5166015625,372899,0.0,0.0,GRASIM
2025-08-20,2819.5164963275824,2874.6448056394684,2798.681257218926,2856.002685546875,930944,0.0,0.0,GRASIM
2025-08-21,2871.055972620186,2889.398732870065,2846.1336117467467,2872.252197265625,1138327,0.0,0.0,GRASIM
2025-08-22,2872.15256552198,2872.15256552198,2792.6998867949833,2805.0615234375,671902,0.0,0.0,GRASIM
2025-08-25,2816.9245845524483,2823.9028456674296,2782.930630007499,2802.6689453125,591824,0.0,0.0,GRASIM
2025-08-26,2794.8932779783568,2809.7469074021446,2771.7651328549146,2787.51611328125,425619,0.0,0.0,GRASIM
2025-08-28,2766.3819097438177,2797.2856355823974,2763.590556798043,2775.653076171875,528080,0.0,0.0,GRASIM
2025-08-29,2775.653157308856,2789.1112318577684,2754.120140677626,2766.980224609375,542362,0.0,0.0,GRASIM
2025-09-01,2769.3726708074537,2808.0522225895284,2764.7868591687698,2795.192138671875,499161,0.0,0.0,GRASIM
2025-09-02,2806.257872235183,2811.242344477164,2765.086082839935,2771.167236328125,468533,0.0,0.0,GRASIM
2025-09-03,2780.3384576182425,2800.475675648065,2761.8959113773185,2772.761962890625,500510,0.0,0.0,GRASIM
2025-09-04,2792.301255085068,2856.3018278211007,2792.301255085068,2801.073974609375,1177036,0.0,0.0,GRASIM
2025-09-05,2801.2733587898983,2828.6879557175575,2777.44767917665,2795.2919921875,495200,0.0,0.0,GRASIM
2025-09-08,2786.419795585386,2815.1301612562015,2786.419795585386,2795.391845703125,229922,0.0,0.0,GRASIM
2025-09-09,2795.3917700520606,2814.9307548613397,2777.8463307214474,2787.217041015625,388718,0.0,0.0,GRASIM
2025-09-10,2787.2169247992574,2809.248388148707,2766.9801634088767,2777.1484375,421783,0.0,0.0,GRASIM
2025-09-11,2773.758828965584,2797.684294114968,2762.394330372594,2790.307373046875,217951,0.0,0.0,GRASIM
2025-09-12,2790.3074125171474,2809.248406028339,2780.4382553563896,2793.298095703125,168095,0.0,0.0,GRASIM
2025-09-15,2786.3198561152335,2811.0428859837243,2776.3509120861986,2793.69677734375,291664,0.0,0.0,GRASIM
2025-09-16,2803.1673839401706,2839.653817868174,2795.2920152018114,2834.1708984375,546549,0.0,0.0,GRASIM
2025-09-17,2846.1336159175535,2872.052871263913,2841.149143735561,2856.501220703125,785107,0.0,0.0,GRASIM
2025-09-18,2869.062054951993,2874.046526902918,2843.142800807187,2869.859619140625,513800,0.0,0.0,GRASIM
2025-09-19,2867.168187063436,2882.3209338264683,2839.45447304362,2868.96240234375,790137,0.0,0.0,GRASIM
2025-09-22,2851.118152219677,2901.9597696193987,2839.952982957402,2845.236572265625,751168,0.0,0.0,GRASIM
2025-09-23,2850.0213604950027,2864.8752333851166,2799.3793186558823,2804.762451171875,702680,0.0,0.0,GRASIM
2025-09-24,2804.76255001474,2829.8842416120656,2789.21089915893,2798.681396484375,316532,0.0,0.0,GRASIM
2025-09-25,2801.2733348645206,2824.401236853109,2762.59378248955,2769.970947265625,723479,0.0,0.0,GRASIM
2025-09-26,2766.3819040853023,2801.273207380072,2727.7023534706173,2738.26953125,523045,0.0,0.0,GRASIM
2025-09-29,2731.5904533846533,2757.1108040941544,2692.113337638613,2738.369140625,541455,0.0,0.0,GRASIM
2025-09-30,2738.4689773404125,2760.4006546252645,2737.5718697135485,2748.338134765625,440278,0.0,0.0,GRASIM
2025-10-01,2759.304029434926,2787.5161908279474,2723.515616310033,2781.036376953125,353196,0.0,0.0,GRASIM
2025-10-03,2791.3043463050135,2798.083276965382,2757.4099363855953,2782.73095703125,708063,0.0,0.0,GRASIM
2025-10-06,2756.5129557307096,2805.3607840409004,2756.5129557307096,2798.681396484375,298274,0.0,0.0,GRASIM
2025-10-07,2791.304385628116,2816.2267462140812,2781.634558397247,2799.279541015625,245369,0.0,0.0,GRASIM
2025-10-08,2810.2453623869646,2814.6316004701425,2756.1139468507376,2769.572021484375,339604,0.0,0.0,GRASIM
2025-10-09,2772.762069972213,2808.5507260350973,2769.5720564730173,2801.87158203125,404859,0.0,0.0,GRASIM
2025-10-10,2801.8716032498673,2824.0026110847707,2779.640808618247,2802.270263671875,582587,0.0,0.0,GRASIM
2025-10-13,2782.432072829314,2803.267068553431,2769.8711059657567,2789.310546875,280622,0.0,0.0,GRASIM
2025-10-14,2789.310695809564,2799.279640397876,2749.3351306574605,2767.1796875,316183,0.0,0.0,GRASIM
2025-10-15,2771.3664828244805,2816.12694485238,2765.5844465219584,2808.05224609375,459912,0.0,0.0,GRASIM
2025-10-16,2816.9245042140046,2866.071447627193,2808.351358260993,2850.918701171875,517682,0.0,0.0,GRASIM
2025-10-17,2853.111769873225,2877.037235448682,2817.5226885062175,2827.391845703125,334522,0.0,0.0,GRASIM
2025-10-20,2840.1522465727926,2865.0746074588296,2829.186407782936,2845.13671875,374581,0.0,0.0,GRASIM
2025-10-21,2866.9684701044566,2866.9684701044566,2852.6132882852044,2861.78466796875,48792,0.0,0.0,GRASIM
2025-10-23,2875.04351184763,2905.448791705935,2847.1304680432836,2855.703857421875,511585,0.0,0.0,GRASIM
2025-10-24,2855.703762143161,2868.0651552053987,2814.2328582359546,2832.47607421875,456226,0.0,0.0,GRASIM
2025-10-27,2850.121227735391,2924.8883113590896,2838.7567283775625,2914.819580078125,764132,0.0,0.0,GRASIM
2025-10-28,2923.5921737016774,2950.4087792332875,2905.050083792838,2923.79150390625,1056504,0.0,0.0,GRASIM
2025-10-29,2936.7511773446386,2968.552255402627,2930.869597613962,2949.511474609375,711559,0.0,0.0,GRASIM
2025-10-30,2950.8075888150092,2956.6891687505517,2913.5238335255235,2941.2373046875,446894,0.0,0.0,GRASIM
2025-10-31,2941.2371349161463,2945.224712508702,2871.055866640134,2882.719482421875,576935,0.0,0.0,GRASIM
2025-11-03,2887.0062520679003,2910.831931449882,2863.5792331025705,2890.89404296875,297012,0.0,0.0,GRASIM
2025-11-04,2899.866168037543,2900.8630624874695,2863.0808601882372,2873.0498046875,229856,0.0,0.0,GRASIM
2025-11-06,2788.4133539958316,2791.304250330708,2683.639657817952,2691.714599609375,1986853,0.0,0.0,GRASIM
2025-11-07,2691.6149714488274,2729.496959935885,2667.390388029302,2716.138671875,1101889,0.0,0.0,GRASIM
2025-11-10,2729.497005612345,2780.338622590515,2720.225838545721,2754.319580078125,489522,0.0,0.0,GRASIM
2025-11-11,2766.382123256448,2771.466382349461,2728.9985810502794,2767.1796875,399693,0.0,0.0,GRASIM
2025-11-12,2779.7402019782353,2785.023790887991,2746.4440269177535,2758.805419921875,531304,0.0,0.0,GRASIM
2025-11-13,2758.0081711319876,2776.3509309168526,2737.671379145368,2769.17333984375,687031,0.0,0.0,GRASIM
2025-11-14,2768.5751625848934,2781.3354599666027,2752.425521493831,2774.755859375,510972,0.0,0.0,GRASIM
2025-11-17,2781.335404484827,2790.3074541767137,2762.4941974848352,2781.634521484375,459047,0.0,0.0,GRASIM
2025-11-18,2779.3416179681844,2781.634523790052,2741.459630348819,2753.42236328125,437943,0.0,0.0,GRASIM
2025-11-19,2761.3975025197265,2765.385080140694,2730.5935627507247,2736.176025390625,468941,0.0,0.0,GRASIM
2025-11-20,2751.428708470736,2755.715403323464,2736.4752915768736,2740.064208984375,519341,0.0,0.0,GRASIM
2025-11-21,2741.4596311412665,2748.3381052264326,2714.543482035516,2726.306884765625,471626,0.0,0.0,GRASIM
2025-11-24,2726.406573233332,2731.789949370355,2671.0789304611867,2680.35009765625,917195,0.0,0.0,GRASIM
2025-11-25,2679.7520661478984,2703.5777461299194,2671.677123756705,2678.4560546875,558631,0.0,0.0,GRASIM
2025-11-26,2678.455959691142,2738.0702943132414,2678.455959691142,2735.478271484375,444974,0.0,0.0,GRASIM
2025-11-27,2739.4658780508666,2739.9643252630303,2703.577678775091,2731.49072265625,399328,0.0,0.0,GRASIM
2025-11-28,2738.6684035660082,2739.465967808087,2719.029631439795,2730.892578125,297155,0.0,0.0,GRASIM
2025-12-01,2741.459636489223,2744.550106523326,2691.6149158257826,2723.01708984375,288096,0.0,0.0,GRASIM
2025-12-02,2708.662034178129,2732.587501214235,2708.662034178129,2726.50634765625,388195,0.0,0.0,GRASIM
2025-12-03,2735.478400829125,2735.478400829125,2698.7926359899147,2711.85205078125,435124,0.0,0.0,GRASIM
2025-12-04,2711.8519226060675,2733.982929916509,2701.5838614671793,2721.92041015625,276879,0.0,0.0,GRASIM
2025-12-05,2722.0202360760745,2741.858337843379,2708.462374500201,2738.468994140625,173909,0.0,0.0,GRASIM
2025-12-08,2738.469087545527,2761.2978733759496,2721.5218816888564,2735.677734375,715725,0.0,0.0,GRASIM
2025-12-09,2731.4908012506826,2770.9679189429003,2718.0327261350317,2737.47216796875,419760,0.0,0.0,GRASIM
2025-12-10,2762.294539774948,2771.1670457850682,2732.3877083794314,2738.26953125,344470,0.0,0.0,GRASIM
2025-12-11,2748.4379860746126,2793.9960135546767,2734.1823468283524,2789.111328125,453706,0.0,0.0,GRASIM
2025-12-12,2805.260925975222,2836.3639835142394,2787.9150602464706,2827.890380859375,927504,0.0,0.0,GRASIM
2025-12-15,2827.890452080946,2841.049410211664,2808.251679992135,2812.2392578125,736238,0.0,0.0,GRASIM
2025-12-16,2813.2360110854547,2823.9027325431352,2777.547142707744,2790.4072265625,545921,0.0,0.0,GRASIM
2025-12-17,2776.550346153502,2806.158062350795,2771.366543740976,2797.884033203125,420053,0.0,0.0,GRASIM
2025-12-18,2801.2733086201392,2811.24225277893,2778.244950260363,2798.880859375,252763,0.0,0.0,GRASIM
2025-12-19,2791.3044444444445,2822.30795901964,2781.4352867974176,2803.765625,546550,0.0,0.0,GRASIM
2025-12-22,2803.9648042660856,2849.1241688448335,2789.4102921901717,2800.97412109375,796031,0.0,0.0,GRASIM
2025-12-23,2802.2702985567685,2833.871803940847,2802.2702985567685,2821.011962890625,399009,0.0,0.0,GRASIM
2025-12-24,2822.0088840300614,2854.009050143757,2811.2423751932597,2818.120849609375,444617,0.0,0.0,GRASIM
2025-12-26,2819.217524474498,2831.578918388668,2800.575646804566,2808.949462890625,506240,0.0,0.0,GRASIM
2025-12-29,2812.2390672254255,2841.1490044638294,2803.7654649314104,2833.572509765625,607462,0.0,0.0,GRASIM
2025-12-30,2838.1583448335823,2848.2270755840987,2818.419787120321,2832.874755859375,729640,0.0,0.0,GRASIM
2025-12-31,2835.66621920497,2855.1056606795687,2794.7935473865823,2820.21435546875,327956,0.0,0.0,GRASIM
2026-01-01,2824.2018731460116,2846.0337634463767,2813.535151599178,2842.84375,449775,0.0,0.0,GRASIM
2026-01-02,2848.0274999319117,2873.0496466012196,2836.2643407759833,2847.529052734375,698682,0.0,0.0,GRASIM
2026-01-05,2862.0839548468803,2884.015632661799,2833.6724631320994,2840.052490234375,861522,0.0,0.0,GRASIM
2026-01-06,2851.1180222607372,2871.0559105282946,2836.6630532667577,2856.401611328125,720656,0.0,0.0,GRASIM
2026-01-07,2871.055980666328,2871.055980666328,2820.314151138774,2828.289306640625,287536,0.0,0.0,GRASIM
2026-01-08,2812.2390385056633,2823.105089865817,2778.444416466449,2783.3291015625,437229,0.0,0.0,GRASIM
2026-01-09,2791.105152164369,2799.179851244648,2758.107848251837,2768.276123046875,556140,0.0,0.0,GRASIM
2026-01-12,2754.4191628517246,2812.8372706799396,2729.795920423453,2797.9833984375,476367,0.0,0.0,GRASIM
2026-01-13,2790.307503139762,2806.05848377395,2750.531512827397,2765.58447265625,875758,0.0,0.0,GRASIM
2026-01-14,2765.3850848925263,2812.3389088130652,2746.5438779540505,2787.117431640625,452326,0.0,0.0,GRASIM
2026-01-15,2787.117431640625,2787.117431640625,2787.117431640625,2787.117431640625,0,0.0,0.0,GRASIM
2026-01-16,2802.070980527922,2818.51973902214,2782.332421658373,2800.874755859375,678922,0.0,0.0,GRASIM
2026-01-19,2787.3167656109486,2812.837359816436,2760.201286381633,2771.366455078125,586951,0.0,0.0,GRASIM
2026-01-20,2774.357228392215,2782.1330537059484,2697.5963564604144,2705.1728515625,411054,0.0,0.0,GRASIM
2026-01-21,2710.4561605486224,2743.4534634393267,2699.889225650588,2727.1044921875,939481,0.0,0.0,GRASIM
2026-01-22,2733.982837201929,2790.3073696729994,2733.982837201929,2778.94287109375,870158,0.0,0.0,GRASIM
2026-01-23,2781.235580131514,2796.2887828753624,2743.9518270461444,2750.431640625,606097,0.0,0.0,GRASIM
2026-01-27,2789.310626596558,2857.9965557527007,2764.3882657441945,2847.329833984375,1521231,0.0,0.0,GRASIM
2026-01-28,2861.1866850632637,2882.2210106552493,2822.307803867242,2830.282958984375,508906,0.0,0.0,GRASIM
2026-01-29,2817.821746420017,2844.0398738574586,2799.977191023023,2822.90576171875,680590,0.0,0.0,GRASIM
2026-01-30,2828.687908041346,2830.7814836698712,2799.179735947222,2810.245361328125,1083570,0.0,0.0,GRASIM
2026-02-02,2731.4907536119103,2773.2605331116165,2704.574603850041,2765.9833984375,929579,0.0,0.0,GRASIM
2026-02-03,2860.0902123499404,2860.0902123499404,2792.401175712479,2800.1767578125,1232908,0.0,0.0,GRASIM
2026-02-04,2800.176740979053,2854.9063926599897,2800.176740979053,2836.06494140625,566105,0.0,0.0,GRASIM
2026-02-05,2821.3110223628646,2868.3643907601454,2816.2267634192954,2855.005859375,762775,0.0,0.0,GRASIM
2026-02-06,2855.1055349501744,2870.0589508105977,2811.9399591566016,2828.089599609375,361882,0.0,0.0,GRASIM
2026-02-09,2851.0182234054073,2930.670232726793,2837.659935675625,2917.212158203125,681768,0.0,0.0,GRASIM
2026-02-10,2933.8602665768753,2952.8012604827404,2910.134130797254,2944.726318359375,624992,0.0,0.0,GRASIM
2026-02-11,2969.748479553244,2969.748479553244,2885.9095614112744,2923.49267578125,1015218,0.0,0.0,GRASIM
2026-02-12,2931.2681799046586,2931.3679666970656,2898.5702384746783,2916.41455078125,420088,0.0,0.0,GRASIM
2026-02-13,2920.202792950676,2924.888147919462,2868.4638279447345,2879.031005859375,419620,0.0,0.0,GRASIM
2026-02-16,2861.0869542804826,2908.937885920017,2852.414021597302,2903.654296875,285131,0.0,0.0,GRASIM
2026-02-17,2893.0874934033905,2907.9411234206486,2871.255358823051,2891.392578125,458126,0.0,0.0,GRASIM
2026-02-18,2890.993884001999,2929.772980472363,2890.993884001999,2924.68896484375,350421,0.0,0.0,GRASIM
2026-02-19,2919.00669892627,2950.8075341200647,2838.058675919464,2855.40478515625,388104,0.0,0.0,GRASIM
2026-02-20,2856.0026048962245,2881.0247511257508,2813.933710840007,2824.00244140625,597887,0.0,0.0,GRASIM
2026-02-23,2835.167719873986,2874.744379523449,2830.8810252075364,2864.476318359375,593878,0.0,0.0,GRASIM
2026-02-24,2841.348429300535,2877.7350756573383,2838.5570762459934,2870.358154296875,593814,0.0,0.0,GRASIM
2026-02-25,2883.0185543149296,2901.6604305920036,2858.1959815425707,2869.460693359375,595400,0.0,0.0,GRASIM
2026-02-26,2872.551277332496,2880.9250931253146,2837.7597593535547,2854.607177734375,662746,0.0,0.0,GRASIM
2026-02-27,2836.164558521679,2855.7037860493483,2775.3540003249045,2791.10498046875,1153378,0.0,0.0,GRASIM
2026-03-02,2721.322321732643,2777.6468540894725,2688.0259034780943,2768.6748046875,900872,0.0,0.0,GRASIM
2026-03-04,2718.5309657430626,2733.6837115951066,2636.785626839164,2674.866943359375,928520,0.0,0.0,GRASIM
2026-03-05,2676.6614682636914,2723.4157183451985,2648.549094815395,2715.64013671875,1101224,0.0,0.0,GRASIM
2026-03-06,2693.1103448935505,2750.830435943071,2678.854705644427,2709.957763671875,1457401,0.0,0.0,GRASIM
2026-03-09,2650.7422833959877,2684.4373637305343,2622.8292394188957,2672.873291015625,1019315,0.0,0.0,GRASIM
2026-03-10,2692.611746012595,2744.450254266077,2685.832815487579,2735.37841796875,1035360,0.0,0.0,GRASIM
2026-03-11,2718.132442343403,2754.2199719287282,2706.3690394268797,2727.1044921875,1492588,0.0,0.0,GRASIM
2026-03-12,2702.7801155355014,2718.929756538949,2652.337403675785,2664.798583984375,952036,0.0,0.0,GRASIM
2026-03-13,2646.754625469514,2655.726675047377,2555.1401276885285,2560.623046875,1309585,0.0,0.0,GRASIM
2026-03-16,2562.018701076908,2653.134755194142,2557.034228895825,2646.156494140625,1531881,0.0,0.0,GRASIM
2026-03-17,2646.854423422316,2690.6179903058896,2641.7701646204546,2674.966796875,603520,0.0,0.0,GRASIM
2026-03-18,2690.6180575117864,2724.412681222042,2678.3562073875814,2714.643310546875,933801,0.0,0.0,GRASIM
2026-03-19,2691.6148518838963,2691.6148518838963,2592.02519971716,2599.80078125,1270396,0.0,0.0,GRASIM
2026-03-20,2613.9568407449656,2654.4306063823915,2600.1996496792485,2608.1748046875,1510096,0.0,0.0,GRASIM
2026-03-23,2582.953378894159,2589.9316396630743,2494.7282248871606,2523.239501953125,1936926,0.0,0.0,GRASIM
2026-03-24,2557.532518662959,2592.623151980994,2515.1645077320777,2541.482421875,2303237,0.0,0.0,GRASIM
2026-03-25,2553.844226547838,2660.113027883937,2553.844226547838,2639.5771484375,1656810,0.0,0.0,GRASIM
2026-03-27,2642.7670830396764,2646.7546606828896,2596.511279731371,2620.037841796875,2406056,0.0,0.0,GRASIM
2026-03-30,2611.9631944234275,2611.9631944234275,2532.1118531960446,2549.7568359375,1978678,0.0,0.0,GRASIM
2026-04-01,2593.91918237374,2605.184137568603,2567.999928437646,2584.747802734375,651446,0.0,0.0,GRASIM
2026-04-02,2566.9032274287965,2566.9032274287965,2506.391787575918,2556.136962890625,522088,0.0,0.0,GRASIM
2026-04-06,2537.0963840030363,2617.1470572906996,2525.1336505617646,2606.28076171875,720478,0.0,0.0,GRASIM
2026-04-07,2583.950412533384,2624.623754740489,2568.5983353674483,2612.8603515625,632051,0.0,0.0,GRASIM
2026-04-08,2689.621173676712,2786.220146645932,2682.14446544744,2747.640380859375,816578,0.0,0.0,GRASIM
2026-04-09,2731.590597382907,2763.889880417864,2714.543604825192,2731.9892578125,788928,0.0,0.0,GRASIM
2026-04-10,2741.459685107921,2770.4694104014893,2718.730443405813,2734.082763671875,611392,0.0,0.0,GRASIM
2026-04-13,2685.7332563922714,2730.4937168659867,2674.567844589258,2704.574462890625,1259991,0.0,0.0,GRASIM
2026-04-15,2730.4937812445064,2784.525409436752,2723.5155203943013,2732.88623046875,665607,0.0,0.0,GRASIM
2026-04-16,2737.372363265167,2746.7433170916374,2687.6274277382668,2708.861328125,803379,0.0,0.0,GRASIM
2026-04-17,2711.5528223212646,2728.1013670457546,2683.938895564552,2712.05126953125,427517,0.0,0.0,GRASIM
2026-04-20,2722.0201488319267,2763.291479481757,2688.9233035544758,2751.5283203125,702964,0.0,0.0,GRASIM
2026-04-21,2763.3912370064354,2783.3291247193247,2746.4440324504794,2769.073486328125,686149,0.0,0.0,GRASIM
2026-04-22,2765.7836884251165,2801.2732259358477,2747.0422686657153,2767.97705078125,924150,0.0,0.0,GRASIM
2026-04-23,2753.721615086308,2759.8025252618563,2718.531191977548,2726.50634765625,859207,0.0,0.0,GRASIM
2026-04-24,2752.1264122613265,2760.3008979347123,2723.615377509526,2730.79296875,1109759,0.0,0.0,GRASIM
2026-04-27,2757.4099582697213,2802.1704202538117,2743.6527666344064,2769.572021484375,986204,0.0,0.0,GRASIM
2026-04-28,2771.3664944669645,2839.354645402942,2763.3913390872035,2774.357177734375,1561588,0.0,0.0,GRASIM
2026-04-29,2789.3105824668323,2829.784593203703,2768.3757996820564,2794.494384765625,976666,0.0,0.0,GRASIM
2026-04-30,2774.3572470582562,2792.700007537073,2718.5311580049815,2785.821533203125,1130223,0.0,0.0,GRASIM
2026-05-01,2785.821533203125,2785.821533203125,2785.821533203125,2785.821533203125,0,0.0,0.0,GRASIM
2026-05-04,2796.2887573242188,2856.8999847690848,2796.2887573242188,2847.13037109375,977675,0.0,0.0,GRASIM
2026-05-05,2822.2080521089533,2870.9560910145956,2814.8311308869997,2862.582275390625,947423,0.0,0.0,GRASIM
2026-05-06,2876.5387485707583,2914.2214050087996,2863.3797913622534,2905.747802734375,362970,0.0,0.0,GRASIM
2026-05-07,2893.2867674797008,2965.7609442302874,2890.9938616026334,2951.40576171875,603383,0.0,0.0,GRASIM
2026-05-08,2951.405704050545,2971.14401877263,2922.994213207175,2959.380859375,505248,0.0,0.0,GRASIM
2026-05-11,2944.9259960906534,2997.9607322260704,2918.9069535574035,2974.932373046875,567800,0.0,0.0,GRASIM
2026-05-12,2970.745492607324,2974.932400665384,2884.713451980497,2893.984619140625,467500,0.0,0.0,GRASIM
2026-05-13,2901.261969777029,2960.078742393231,2900.9628527652058,2936.452392578125,1332833,0.0,0.0,GRASIM
2026-05-14,2945.822913512308,2974.035073340195,2923.9910237905137,2929.573486328125,1652596,0.0,0.0,GRASIM
2026-05-15,2929.772980472363,2959.1813665337627,2915.2184676375364,2924.68896484375,1586864,0.0,0.0,GRASIM
2026-05-18,2896.9752997332434,2946.321575485754,2876.239846296105,2934.657958984375,800447,0.0,0.0,GRASIM
2026-05-19,2945.823030981955,2960.7764473828784,2910.8319392508224,2926.08447265625,637116,0.0,0.0,GRASIM
2026-05-20,2899.16824313462,2978.7204648688466,2871.6541037456054,2961.873046875,1306216,0.0,0.0,GRASIM
2026-05-21,3051.1946262097767,3170.1241762140394,3011.6179674033374,3144.703369140625,4417489,0.0,0.0,GRASIM
2026-05-22,3168.130430964332,3177.700714641171,3132.242232249821,3145.5009765625,906466,0.0,0.0,GRASIM
2026-05-25,3170.1243041846146,3182.3861544150222,3118.385580346649,3161.75048828125,620009,0.0,0.0,GRASIM
2026-05-26,3158.560242176056,3186.2739562479805,3145.2019540506517,3155.1708984375,984415,0.0,0.0,GRASIM
2026-05-27,3148.1925405412067,3187.569869658172,3148.1925405412067,3160.1552734375,317539,0.0,0.0,GRASIM
2026-05-28,3160.1552734375,3160.1552734375,3160.1552734375,3160.1552734375,0,0.0,0.0,GRASIM
2026-05-29,3165.139870282696,3180.3924040033794,3101.7372860793353,3112.703125,1635193,0.0,0.0,GRASIM
2026-06-01,3141.6130986102776,3148.1926993881925,3074.7216264861777,3092.96484375,644142,0.0,0.0,GRASIM
2026-06-02,3066.4472079805987,3094.6593684860336,3051.493791816844,3087.980224609375,461140,0.0,0.0,GRASIM
2026-06-03,3089.375750640302,3105.2262742731937,3050.4968689768716,3091.9677734375,460368,0.0,0.0,GRASIM
2026-06-04,3090.4724727488183,3129.052237926022,3076.21683394035,3093.86181640625,957529,0.0,0.0,GRASIM
2026-06-05,3099.34473958267,3114.8963898264383,3056.6776098980995,3078.11083984375,697168,0.0,0.0,GRASIM
2026-06-08,3050.4968426849464,3090.272831614047,3025.4746960668176,3040.627685546875,687274,0.0,0.0,GRASIM
2026-06-09,3060.665240907184,3099.843240818325,3058.2727916198714,3085.88671875,923351,0.0,0.0,GRASIM
2026-06-10,3080.4037732414336,3122.273339091317,3055.9798598290013,3061.662109375,792811,0.0,0.0,GRASIM
2026-06-11,3048.5030995863003,3099.344714393005,3036.3410364854954,3079.9052734375,613443,0.0,0.0,GRASIM
2026-06-12,3110.3106824082274,3110.3106824082274,3065.4504321811855,3095.855712890625,536817,0.0,0.0,GRASIM
2026-06-15,3158.161493719387,3165.139754595661,3121.276400516225,3154.67236328125,1033542,0.0,0.0,GRASIM
2026-06-16,3170.1242673662828,3173.114950637383,3124.0677936678244,3130.547607421875,308307,0.0,0.0,GRASIM
2026-06-17,3140.217306396649,3190.062025545802,3106.223110583959,3140.615966796875,395269,0.0,0.0,GRASIM
2026-06-18,3148.691051657581,3159.058656358508,3099.5441076679026,3135.332763671875,667101,0.0,0.0,GRASIM
2026-06-19,3125.3638117616943,3157.164646592589,3120.279552837008,3139.718994140625,534084,0.0,0.0,GRASIM
2026-06-22,3147.2954683691446,3170.224040011909,3118.485073623345,3165.339111328125,368611,0.0,0.0,GRASIM
2026-06-23,3175.1087102444567,3176.105604658976,3116.391726582231,3134.53515625,705875,0.0,0.0,GRASIM
2026-06-24,3125.264083064169,3132.9401216092438,3087.382094178543,3118.18603515625,706788,0.0,0.0,GRASIM
2026-06-25,3122.1734823469255,3146.1987348040698,3105.425851088127,3116.89013671875,785517,0.0,0.0,GRASIM
2026-06-26,3116.89013671875,3116.89013671875,3116.89013671875,3116.89013671875,0,0.0,0.0,GRASIM
2026-06-29,3135.232837968758,3135.232837968758,3062.758664921767,3070.634033203125,1286143,0.0,0.0,GRASIM
2026-06-30,3075.4193859469506,3119.1829550585053,3070.9333609107234,3090.372802734375,868872,0.0,0.0,GRASIM
2026-07-01,3105.3261952543553,3135.2330285954886,3073.924020246165,3130.647216796875,490262,0.0,0.0,GRASIM
2026-07-02,3143.2080255030355,3164.043020992761,3124.665692414464,3159.357666015625,449711,0.0,0.0,GRASIM
2026-07-03,3170.124132644141,3209.3021305070756,3155.1707169241213,3171.021240234375,425942,0.0,0.0,GRASIM
2026-07-06,3172.317332114808,3208.006200548796,3162.1490578436237,3203.021728515625,386276,0.0,0.0,GRASIM
2026-07-07,3191.0589651387468,3211.993747477989,3163.0461352270786,3180.990234375,571660,0.0,0.0,GRASIM
2026-07-08,3164.142910112903,3178.896996303463,3111.7061659193714,3125.064697265625,477890,0.0,0.0,GRASIM
2026-07-09,3129.2516855180447,3211.9939250522907,3126.560119173538,3181.9873046875,936756,0.0,0.0,GRASIM
2026-07-10,3194.8473973090763,3235.9194001689293,3192.0560441592456,3203.6201171875,515666,0.0,0.0,GRASIM
2026-07-13,3192.4545757041246,3206.3115540954004,3115.494375579708,3134.53515625,654390,0.0,0.0,GRASIM
2026-07-14,3128.254590369867,3143.706453387946,3083.4941296898173,3103.63134765625,1058130,0.0,0.0,GRASIM
2026-07-15,3110.310491551632,3140.217323201167,3070.4347160189186,3076.515869140625,726262,0.0,0.0,GRASIM
2026-07-16,3077.113880782453,3095.3570968898825,3050.49684910887,3063.356689453125,536911,0.0,0.0,GRASIM
2026-07-17,3069.836531341064,3108.316752701174,3055.880009680443,3100.04248046875,622540,0.0,0.0,GRASIM
2026-07-20,3125.2639018156783,3146.098897141482,3075.4191824884747,3134.03662109375,349776,0.0,0.0,GRASIM
2026-07-21,3140.3170902173933,3185.1773374091968,3125.8621216778124,3169.9248046875,659160,0.0,0.0,GRASIM
2026-07-22,3153.276783461905,3167.233305103815,3136.8280258125114,3156.466796875,396629,0.0,0.0,GRASIM
2026-07-23,3156.1676787300735,3170.124200366909,3086.3850705458963,3103.332275390625,327446,0.0,0.0,GRASIM
2026-07-24,3090.372597770445,3090.372597770445,3056.8768490351913,3079.805419921875,341560,0.0,0.0,GRASIM
2026-07-27,3090.372737263294,3110.3106258907987,3076.5160020201492,3102.734130859375,266078,0.0,0.0,GRASIM
2026-07-28,3099.0457525034763,3116.8903093288077,3092.0674912983873,3106.5224609375,388153,0.0,0.0,GRASIM
2026-07-29,3122.073938836574,3139.2204738853447,3095.4569069628083,3103.332275390625,304356,0.0,0.0,GRASIM
2026-07-30,3105.3262337699916,3105.824680998526,3075.917847286456,3095.157958984375,301353,0.0,0.0,GRASIM
2026-07-31,3106.02379503919,3126.161012993979,3082.995680713077,3091.170166015625,309447,0.0,0.0,GRASIM
2026-08-03,3110.3105169190953,3249.875732421875,3093.463098972085,3249.875732421875,393816,0.0,0.0,GRASIM
2026-08-04,3209.003085367994,3209.102872161329,3105.326067387792,3128.254638671875,770936,0.0,0.0,GRASIM
2026-08-05,3140.2173631540304,3218.6729038363464,3126.0615113362965,3213.987548828125,692531,0.0,0.0,GRASIM
2026-08-06,3213.0904700237775,3222.76029712369,3173.7131408312307,3210.0,365593,0.0,0.0,GRASIM
2026-08-07,3220.0,3349.60009765625,3183.0,3323.0,1071215,10.0,0.0,GRASIM
2026-08-10,3324.0,3411.10009765625,3290.199951171875,3380.5,2568033,0.0,0.0,GRASIM
2026-08-11,3360.0,3402.800048828125,3301.89990234375,3322.199951171875,755928,0.0,0.0,GRASIM
2026-08-12,3325.10009765625,3393.89990234375,3270.60009765625,3307.800048828125,2309486,0.0,0.0,GRASIM
2026-08-13,3299.300048828125,3299.300048828125,3201.0,3257.0,1041544,0.0,0.0,GRASIM
2026-08-14,3264.800048828125,3264.800048828125,3221.0,3248.699951171875,476082,0.0,0.0,GRASIM
2026-08-17,3240.0,3272.199951171875,3223.5,3250.5,1324345,0.0,0.0,GRASIM
2026-08-18,3257.0,3297.699951171875,3250.5,3278.699951171875,1498859,0.0,0.0,GRASIM
2026-08-19,3278.699951171875,3278.699951171875,3223.0,3270.0,978120,0.0,0.0,GRASIM
2026-08-20,3280.0,3310.0,3250.0,3300.0,1182213,0.0,0.0,GRASIM
2026-08-21,3280.0,3343.10009765625,3258.0,3308.0,1465361,0.0,0.0,GRASIM
2026-08-24,3316.0,3316.0,3263.0,3288.0,1615909,0.0,0.0,GRASIM
2026-08-25,3287.89990234375,3300.199951171875,3222.10009765625,3289.60009765625,1752045,0.0,0.0,GRASIM
2026-08-26,3291.0,3310.0,3262.39990234375,3299.89990234375,1112414,0.0,0.0,GRASIM
2026-08-27,3289.0,3299.800048828125,3258.0,3258.0,733124,0.0,0.0,GRASIM
2026-08-28,3261.0,3292.5,3229.0,3290.0,676185,0.0,0.0,GRASIM
2026-08-31,3290.0,3371.0,3250.0,3371.0,1019104,0.0,0.0,GRASIM
2026-09-01,3337.0,3337.0,3287.10009765625,3305.0,818556,0.0,0.0,GRASIM
2026-09-02,3292.0,3298.300048828125,3235.5,3294.89990234375,1085964,0.0,0.0,GRASIM
2026-09-03,3275.10009765625,3325.199951171875,3275.10009765625,3310.0,2310916,0.0,0.0,GRASIM
2026-09-04,3318.89990234375,3332.60009765625,3268.10009765625,3322.0,892704,0.0,0.0,GRASIM
2026-09-07,3322.0,3327.699951171875,3293.0,3302.39990234375,1179298,0.0,0.0,GRASIM
2026-09-08,3302.39990234375,3318.199951171875,3277.0,3306.800048828125,875447,0.0,0.0,GRASIM
2026-09-09,3305.0,3320.0,3279.0,3300.0,850901,0.0,0.0,GRASIM
2026-09-10,3290.0,3324.39990234375,3279.89990234375,3319.0,1056285,0.0,0.0,GRASIM
2026-09-11,3302.39990234375,3302.39990234375,3267.0,3281.89990234375,515990,0.0,0.0,GRASIM
2026-09-14,3281.89990234375,3281.89990234375,3281.89990234375,3281.89990234375,0,0.0,0.0,GRASIM
2026-09-15,3263.300048828125,3272.0,3171.0,3171.0,1332882,0.0,0.0,GRASIM
2026-09-16,3190.0,3201.800048828125,3159.10009765625,3187.0,859973,0.0,0.0,GRASIM
2026-09-17,3190.0,3205.0,3159.0,3173.10009765625,738188,0.0,0.0,GRASIM
2026-09-18,3175.0,3209.199951171875,3174.5,3209.199951171875,682793,0.0,0.0,GRASIM
2026-09-21,3204.89990234375,3217.300048828125,3166.0,3166.0,187000,0.0,0.0,GRASIM
2026-09-22,3171.0,3180.800048828125,3125.0,3128.199951171875,692941,0.0,0.0,GRASIM
2026-09-23,3138.0,3190.0,3127.10009765625,3188.5,411551,0.0,0.0,GRASIM
2026-09-24,3151.0,3203.699951171875,3150.60009765625,3166.5,471338,0.0,0.0,GRASIM
2026-09-25,3175.0,3212.5,3161.0,3191.0,773413,0.0,0.0,GRASIM
2026-09-28,3186.0,3186.0,3138.0,3150.0,746885,0.0,0.0,GRASIM
2026-09-29,3149.199951171875,3151.5,3089.0,3100.0,1153762,0.0,0.0,GRASIM
2026-09-30,3100.0,3112.300048828125,3046.39990234375,3061.89990234375,448156,0.0,0.0,GRASIM
2026-10-01,3038.0,3045.0,2944.39990234375,2962.0,1385134,0.0,0.0,GRASIM
