Date,Open,High,Low,Close,Volume,Dividends,Stock Splits,Symbol
2021-10-04,1041.7622484403134,1051.5986103384635,1035.4620865788913,1039.4454345703125,2706626,0.0,0.0,HCLTECH
2021-10-05,1032.413850479092,1067.8573297511173,1026.0730013101397,1060.9881591796875,3710314,0.0,0.0,HCLTECH
2021-10-06,1066.5565349850685,1072.9379700160555,1033.8770223109498,1036.8441162109375,2861608,0.0,0.0,HCLTECH
2021-10-07,1043.835529297083,1071.3123122072532,1043.835529297083,1061.923095703125,2421641,0.0,0.0,HCLTECH
2021-10-08,1061.9229106738833,1087.6925678417417,1051.9645893315355,1074.8077392578125,5197831,0.0,0.0,HCLTECH
2021-10-11,1056.8013137759751,1077.043143402002,1004.4896685908437,1059.1588134765625,5264998,0.0,0.0,HCLTECH
2021-10-12,1062.4510569915794,1064.1175910025972,1005.018051730617,1016.4395751953125,12811641,0.0,0.0,HCLTECH
2021-10-13,1026.7233148754258,1033.0641636394816,1010.8306062936451,1028.6336669921875,5705730,0.0,0.0,HCLTECH
2021-10-14,1048.1845000725436,1051.314238445762,1011.3184068603543,1017.0901489257812,10360519,0.0,0.0,HCLTECH
2021-10-18,1008.0261338801678,1034.4461736794465,987.7030263422612,992.90576171875,23861603,0.0,0.0,HCLTECH
2021-10-19,999.8968218026043,1018.5940794460677,995.8322005757645,1001.6039428710938,10189780,0.0,0.0,HCLTECH
2021-10-20,1007.2130289288516,1027.0483981750388,992.0926594793643,1002.2542114257812,8222562,0.0,0.0,HCLTECH
2021-10-21,1015.3675393581352,1015.3675393581352,974.4708858713615,992.2555541992188,5998795,10.0,0.0,HCLTECH
2021-10-22,986.1496416919395,1002.6230127470726,972.0120299577313,978.568603515625,3812305,0.0,0.0,HCLTECH
2021-10-25,970.4139388971337,975.2903506321438,948.3674395334326,955.12890625,6690819,0.0,0.0,HCLTECH
2021-10-26,958.8989567947693,968.7338178901003,945.1711298492032,956.2763671875,5126660,0.0,0.0,HCLTECH
2021-10-27,958.8988924127259,968.2010112317575,951.9325329379326,964.7588500976562,3536653,0.0,0.0,HCLTECH
2021-10-28,969.799303585547,971.1925355593363,939.8849343467995,944.1466674804688,4096585,0.0,0.0,HCLTECH
2021-10-29,944.1464139344262,961.3574162717725,932.6724123761953,937.3849487304688,3558520,0.0,0.0,HCLTECH
2021-11-01,937.1802561936931,976.4786799136169,937.1802561936931,974.6346435546875,4511112,0.0,0.0,HCLTECH
2021-11-02,976.1098427887903,979.470066571013,957.9563105901517,959.4315795898438,3016082,0.0,0.0,HCLTECH
2021-11-03,962.9967476279901,973.4052682012241,960.2921209994812,964.1031494140625,2063067,0.0,0.0,HCLTECH
2021-11-04,971.1925824046851,972.9546817826822,965.4555798082018,969.6353759765625,256369,0.0,0.0,HCLTECH
2021-11-08,973.2004299450792,977.5852188232734,957.7106039791887,969.430419921875,3808317,0.0,0.0,HCLTECH
2021-11-09,973.6511135272593,976.109828460409,959.2675911501873,961.1936645507812,3565461,0.0,0.0,HCLTECH
2021-11-10,953.981456254998,962.9967449309472,952.4242500200775,958.2022705078125,2401325,0.0,0.0,HCLTECH
2021-11-11,955.6205029755625,957.0957719005312,944.3513932706621,951.2767333984375,2861259,0.0,0.0,HCLTECH
2021-11-12,957.9974077084984,965.5784461516669,953.1619145302669,960.8248901367188,3812518,0.0,0.0,HCLTECH
2021-11-15,959.7182926566081,968.4057311463927,953.5715059828894,959.5953369140625,3619915,0.0,0.0,HCLTECH
2021-11-16,959.6365953388072,963.4066054318035,951.0720104057833,953.4898071289062,3141207,0.0,0.0,HCLTECH
2021-11-17,951.1127887842964,954.5959678901415,942.5072874639732,944.5151977539062,3172985,0.0,0.0,HCLTECH
2021-11-18,940.8681128399624,946.605113528011,912.5928951631516,918.083984375,5384530,0.0,0.0,HCLTECH
2021-11-22,918.0842342550756,922.7148346512643,903.1680684244748,909.8065795898438,3961223,0.0,0.0,HCLTECH
2021-11-23,905.6266224978247,917.920196558881,893.3330484367682,911.8553466796875,4545069,0.0,0.0,HCLTECH
2021-11-24,917.92028686661,928.2878886871688,912.1422664713099,917.469482421875,2675632,0.0,0.0,HCLTECH
2021-11-25,915.0516420453201,926.9354296043502,910.5439984884466,921.8541259765625,3106454,0.0,0.0,HCLTECH
2021-11-26,917.9200772417312,922.8375062269547,904.2332732509985,909.765380859375,2207274,0.0,0.0,HCLTECH
2021-11-29,902.4303205306256,938.4095358441153,901.6107488836002,928.6976318359375,3661152,0.0,0.0,HCLTECH
2021-11-30,928.5747222207631,948.9820772548128,928.5747222207631,933.205322265625,7421904,0.0,0.0,HCLTECH
2021-12-01,939.229158078898,953.1618768287594,938.5734607078143,947.99853515625,2918586,0.0,0.0,HCLTECH
2021-12-02,952.260059548228,972.3395594782645,944.9658538502896,970.9462280273438,4011279,0.0,0.0,HCLTECH
2021-12-03,973.6511961254296,975.044428020927,958.6120751842508,960.0463256835938,2571036,0.0,0.0,HCLTECH
2021-12-06,958.8170118618187,961.0708341779099,930.0909819603959,931.4843139648438,2493755,0.0,0.0,HCLTECH
2021-12-07,942.5074111272612,946.6052694365102,927.2633982259289,942.2205810546875,2299958,0.0,0.0,HCLTECH
2021-12-08,948.5722061064974,968.4057991482777,948.2853760506538,960.2100830078125,2525711,0.0,0.0,HCLTECH
2021-12-09,966.9306914957464,966.9306914957464,946.6052741622532,957.7105102539062,1734844,0.0,0.0,HCLTECH
2021-12-10,946.7691628023881,956.4401486249707,946.7691628023881,952.5061645507812,957733,0.0,0.0,HCLTECH
2021-12-13,955.6204569459125,961.7262251646878,945.1709193592397,949.9653930664062,2225682,0.0,0.0,HCLTECH
2021-12-14,947.4249507796233,955.5387311803241,938.8194473339606,952.6292114257812,1972685,0.0,0.0,HCLTECH
2021-12-15,949.2689940376904,952.3013695411779,936.1968644422869,941.6060180664062,1604301,0.0,0.0,HCLTECH
2021-12-16,947.4249579398173,957.1778819276858,942.1387600871118,950.4983520507812,2121810,0.0,0.0,HCLTECH
2021-12-17,960.5380487028649,969.4714003935621,954.8010467054928,960.0463256835938,6373455,0.0,0.0,HCLTECH
2021-12-20,950.7029088179302,960.8245965018795,938.819122457706,950.6209716796875,3091768,0.0,0.0,HCLTECH
2021-12-21,957.9972858214836,995.7384988635284,954.8419550962097,987.5838012695312,6217986,0.0,0.0,HCLTECH
2021-12-22,998.2381357304422,1004.7947080505108,991.7635005553037,1002.172119140625,3809814,0.0,0.0,HCLTECH
2021-12-23,1007.990981340789,1008.6465784963319,996.2710691809774,1005.9829711914062,2814281,0.0,0.0,HCLTECH
2021-12-24,1034.4223635999667,1052.1661095835618,1021.3092173832299,1036.9219970703125,15952929,0.0,0.0,HCLTECH
2021-12-27,1039.2168545662025,1046.5929994329972,1027.7838700408176,1038.5611572265625,3372907,0.0,0.0,HCLTECH
2021-12-28,1040.8558603399276,1056.427719667848,1040.8558603399276,1052.2479248046875,3446067,0.0,0.0,HCLTECH
2021-12-29,1051.5102369830804,1064.6233810140463,1046.6747451125918,1058.804443359375,2254162,0.0,0.0,HCLTECH
2021-12-30,1058.8048628094368,1087.1210093916563,1051.2647419773707,1079.4171142578125,4518139,0.0,0.0,HCLTECH
2021-12-31,1081.8345583087723,1089.5794702421547,1072.7782517229655,1081.096923828125,2231508,0.0,0.0,HCLTECH
2022-01-03,1078.8431575432805,1098.1441105643216,1076.9991212691189,1086.875,2661272,0.0,0.0,HCLTECH
2022-01-04,1089.6206417614962,1095.5215183440837,1071.385170321712,1092.85791015625,3367100,0.0,0.0,HCLTECH
2022-01-05,1089.2105988788624,1090.0301704355809,1067.0821668474632,1074.25341796875,3510253,0.0,0.0,HCLTECH
2022-01-06,1057.2475448895063,1063.6402444814082,1046.5931122665888,1053.0677490234375,4409632,0.0,0.0,HCLTECH
2022-01-07,1063.4352437877367,1064.2137968439072,1050.8547388137802,1057.6982421875,3898684,0.0,0.0,HCLTECH
2022-01-10,1069.418257521067,1069.418257521067,1049.0519180278077,1055.6904296875,2529949,0.0,0.0,HCLTECH
2022-01-11,1056.1410860186188,1104.7826461652626,1049.0517708394184,1101.217529296875,6772189,0.0,0.0,HCLTECH
2022-01-12,1109.7002699242103,1112.240922615845,1091.1779663732534,1108.18408203125,3162044,0.0,0.0,HCLTECH
2022-01-13,1098.2258419260586,1114.125549497342,1082.77693871102,1093.5133056640625,4598005,0.0,0.0,HCLTECH
2022-01-14,1081.8344397134945,1100.643566658553,1059.706007992082,1095.9310302734375,5636243,0.0,0.0,HCLTECH
2022-01-17,1043.314760834316,1043.314760834316,1019.0554588318464,1031.6358642578125,11973283,0.0,0.0,HCLTECH
2022-01-18,1040.8148136395953,1040.8148136395953,997.4185415972792,999.67236328125,7799487,0.0,0.0,HCLTECH
2022-01-19,999.8773291030824,1000.2871148936985,976.1097532473534,982.8302001953125,8464215,0.0,0.0,HCLTECH
2022-01-20,991.7558838805803,992.9129525890994,966.9619867835659,971.383544921875,6172404,10.0,0.0,HCLTECH
2022-01-21,971.3836097666547,975.1026945794747,954.5651019571177,965.2677612304688,5514748,0.0,0.0,HCLTECH
2022-01-24,960.7637881719307,962.4167151193233,918.2009192765721,929.6887817382812,5878438,0.0,0.0,HCLTECH
2022-01-25,921.506950306072,941.8792990260478,899.5230378572709,928.6971435546875,4725254,0.0,0.0,HCLTECH
2022-01-27,921.5067726795371,922.2918726244677,884.4811687230427,890.7210083007812,8304735,0.0,0.0,HCLTECH
2022-01-28,891.7539999792115,910.9279103191948,890.3076890431934,892.9523315429688,7654724,0.0,0.0,HCLTECH
2022-01-31,909.6470319668754,920.6389355077503,903.2005765920364,908.6139526367188,7572995,0.0,0.0,HCLTECH
2022-02-01,922.9116320796727,939.2756476418167,910.1428129921255,936.2177734375,6783774,0.0,0.0,HCLTECH
2022-02-02,944.565194885034,970.1442009536812,936.6311651216944,967.7474365234375,6982539,0.0,0.0,HCLTECH
2022-02-03,960.3504071718986,967.6645875999678,951.25931037423,956.011474609375,4169794,0.0,0.0,HCLTECH
2022-02-04,958.697533525281,964.5654034238396,939.97811754248,961.838134765625,3625482,0.0,0.0,HCLTECH
2022-02-07,956.2180822277287,968.077810952707,947.1269855081911,956.50732421875,3824483,0.0,0.0,HCLTECH
2022-02-08,957.8296918964269,966.8381628969462,949.2345534716877,960.30908203125,3267641,0.0,0.0,HCLTECH
2022-02-09,968.6150977063827,982.6649754034889,963.6563173426981,975.9706420898438,3772972,0.0,0.0,HCLTECH
2022-02-10,979.3179603635936,985.0619426686567,970.3508508664314,983.7808837890625,2053245,0.0,0.0,HCLTECH
2022-02-11,974.400486361629,974.400486361629,957.0861160383657,961.7555541992188,3912397,0.0,0.0,HCLTECH
2022-02-14,938.3254198060644,962.2928639946568,936.8791085188217,947.4991455078125,3243813,0.0,0.0,HCLTECH
2022-02-15,953.3256608437565,970.2681628353447,948.8627377027867,965.7639770507812,3000492,0.0,0.0,HCLTECH
2022-02-16,973.5737449744519,977.4168194082562,958.6974059171173,965.1438598632812,1885868,0.0,0.0,HCLTECH
2022-02-17,970.268180084482,970.268180084482,958.6976907137982,961.2184448242188,1644055,0.0,0.0,HCLTECH
2022-02-18,952.7884045760136,967.0448996334757,950.5156300016355,962.8299560546875,2166690,0.0,0.0,HCLTECH
2022-02-21,952.9951530435575,966.5491762048673,950.5983884361303,962.6234741210938,1706058,0.0,0.0,HCLTECH
2022-02-22,935.5566223367372,953.8628078716281,935.5566223367372,950.0610961914062,3254855,0.0,0.0,HCLTECH
2022-02-23,955.3917438543474,957.8711341930698,948.8213998113936,952.912353515625,1937649,0.0,0.0,HCLTECH
2022-02-24,914.0685501641124,937.9946260185405,902.4980621873515,907.9114379882812,5469084,0.0,0.0,HCLTECH
2022-02-25,922.0025261725452,942.9947161932646,921.5066683220772,933.6556396484375,3213276,0.0,0.0,HCLTECH
2022-02-28,925.3085697298745,936.6311808886402,914.8951491847789,931.383056640625,4571884,0.0,0.0,HCLTECH
2022-03-02,929.4818544840758,929.4818544840758,916.547685276475,921.9610595703125,3867328,0.0,0.0,HCLTECH
2022-03-03,929.771376818657,952.0858898623048,926.0522913113824,941.9203491210938,3969380,0.0,0.0,HCLTECH
2022-03-04,932.2509468504904,954.4414744771773,927.8293867391276,940.887451171875,3522375,0.0,0.0,HCLTECH
2022-03-07,918.200814080624,959.8545885600798,917.7875823911188,953.9039916992188,5249845,0.0,0.0,HCLTECH
2022-03-08,955.3916243545686,974.8961390689086,954.5651610117014,971.3424072265625,3805165,0.0,0.0,HCLTECH
2022-03-09,975.2267192696464,987.6236690908707,959.6065423175766,977.4581298828125,3781326,0.0,0.0,HCLTECH
2022-03-10,990.2684760110955,990.2684760110955,971.0945641209847,985.2684326171875,3834327,0.0,0.0,HCLTECH
2022-03-11,975.2269406311427,997.6654450780809,972.1690660024714,986.3428344726562,2770879,0.0,0.0,HCLTECH
2022-03-14,986.3427348530864,1003.9878096976313,973.284673261583,994.1115112304688,5740660,0.0,0.0,HCLTECH
2022-03-15,997.5412416869841,1003.574464365015,965.3917978960496,972.6233520507812,3003066,0.0,0.0,HCLTECH
2022-03-16,983.6153614083744,994.1940315975255,979.3590550424657,991.3427734375,1894018,0.0,0.0,HCLTECH
2022-03-17,1004.1529356690792,1004.1529356690792,984.1525636425058,989.1939697265625,6987787,0.0,0.0,HCLTECH
2022-03-21,991.6732988663302,999.9379315747976,962.9123366862117,965.3504638671875,4046440,0.0,0.0,HCLTECH
2022-03-22,966.9622008517321,976.6731460312259,960.5984728759995,972.2515869140625,4516870,0.0,0.0,HCLTECH
2022-03-23,983.4914478406054,984.1939215545909,966.9621798096707,975.8052978515625,2338886,0.0,0.0,HCLTECH
2022-03-24,966.1355858571285,986.7971681038591,966.1355858571285,985.2268676757812,2351703,0.0,0.0,HCLTECH
2022-03-25,990.9296629778698,990.9296629778698,971.4251460023411,974.6896362304688,2489854,0.0,0.0,HCLTECH
2022-03-28,979.2765670655677,981.5079780372621,957.2099323062865,961.9620971679688,3406258,0.0,0.0,HCLTECH
2022-03-29,964.4826122713442,971.094318268063,961.7139805625437,965.0610961914062,2443230,0.0,0.0,HCLTECH
2022-03-30,973.0366677151014,976.8383791930194,960.4331008145539,962.9951171875,3073672,0.0,0.0,HCLTECH
2022-03-31,970.9292751953886,970.9292751953886,959.5240395387185,961.7968139648438,3006639,0.0,0.0,HCLTECH
2022-04-01,959.5239841833031,970.2680081233401,952.1271772869349,966.6729125976562,2479745,0.0,0.0,HCLTECH
2022-04-04,969.6069880897064,982.6237888892281,965.3094180216723,981.0535888671875,2282137,0.0,0.0,HCLTECH
2022-04-05,983.4914204106024,994.2354443310543,978.6152663001455,987.99560546875,2634464,0.0,0.0,HCLTECH
2022-04-06,983.491525890378,987.5412170566692,964.8960978798457,967.37548828125,2838968,0.0,0.0,HCLTECH
2022-04-07,963.3256856674599,975.8466259233303,961.1769010788339,969.6895141601562,3391918,0.0,0.0,HCLTECH
2022-04-08,974.4002631527399,975.2267264802656,960.8049817695976,963.1190185546875,2656091,0.0,0.0,HCLTECH
2022-04-11,962.0036490784903,962.0036490784903,935.3501974609806,936.7965087890625,5679058,0.0,0.0,HCLTECH
2022-04-12,933.7386034139676,943.573439415914,925.2673516248386,934.8543090820312,2906617,0.0,0.0,HCLTECH
2022-04-13,938.0359506354633,944.7302839384404,928.1183899238989,929.8539428710938,1971580,0.0,0.0,HCLTECH
2022-04-18,917.3744146608025,919.6471891115386,896.3822231930361,910.5560913085938,4391701,0.0,0.0,HCLTECH
2022-04-19,922.2505992656625,922.291861906853,875.0181921406679,884.5225219726562,3422431,0.0,0.0,HCLTECH
2022-04-20,888.4481500924716,904.8121656767397,879.9355367648345,900.3492431640625,2573318,0.0,0.0,HCLTECH
2022-04-21,904.9773805655436,913.283377700733,893.4895196668812,908.448486328125,2547848,0.0,0.0,HCLTECH
2022-04-22,898.0352166094896,937.9947065542295,893.4896673711982,910.8041381835938,9567571,0.0,0.0,HCLTECH
2022-04-25,906.5477377866933,907.4568273635533,890.3490750711943,900.7211303710938,3565801,0.0,0.0,HCLTECH
2022-04-26,912.4157650181728,914.895155683983,896.7543210004706,904.3991088867188,3213714,0.0,0.0,HCLTECH
2022-04-27,898.3657622068922,909.0271607949574,888.1175953401735,905.4733276367188,3288792,0.0,0.0,HCLTECH
2022-04-28,917.5732129129719,926.2280195946415,901.8602328048281,917.9933471679688,5202061,18.0,0.0,HCLTECH
2022-04-29,919.2538248132383,924.7155705730976,902.7425267325249,906.85986328125,2988180,0.0,0.0,HCLTECH
2022-05-02,901.6082230125818,909.1706405401803,892.3652682566279,896.4826049804688,2584604,0.0,0.0,HCLTECH
2022-05-04,904.0446958326664,904.1287021493582,870.3499570940655,878.038330078125,3385725,0.0,0.0,HCLTECH
2022-05-05,889.8443306680282,903.4566391735917,879.8451151253798,900.8098754882812,2982126,0.0,0.0,HCLTECH
2022-05-06,882.1978711433973,887.8696832128761,864.5941854735443,882.4498901367188,4075606,0.0,0.0,HCLTECH
2022-05-09,877.2402929369941,909.9267573165424,868.9216144723623,904.212890625,4207192,0.0,0.0,HCLTECH
2022-05-10,901.6081213088968,911.6913435416152,896.2303822704123,901.2300415039062,2473518,0.0,0.0,HCLTECH
2022-05-11,898.2470111529391,906.9018175838022,885.685038321303,891.4408569335938,2895668,0.0,0.0,HCLTECH
2022-05-12,882.3659427769675,899.8855207147701,877.0302582471492,890.1804809570312,3195189,0.0,0.0,HCLTECH
2022-05-13,899.087459029032,905.8096082554172,878.1647490475364,884.0886840820312,2496626,0.0,0.0,HCLTECH
2022-05-16,885.6430726401006,896.524509591143,874.0473253471936,877.7025756835938,1415370,0.0,0.0,HCLTECH
2022-05-17,889.1721244494096,912.5316307968884,878.3746942678849,909.9268188476562,2620776,0.0,0.0,HCLTECH
2022-05-18,910.4728314417125,922.0684733804143,899.7594097465756,902.1961059570312,2865869,0.0,0.0,HCLTECH
2022-05-19,886.5673468411951,889.2562678057209,844.1337840969471,848.1671142578125,4729354,0.0,0.0,HCLTECH
2022-05-20,864.6363146997292,869.2577916004566,854.3850284082041,864.51025390625,2005622,0.0,0.0,HCLTECH
2022-05-23,859.5947805020994,871.3585409390782,852.6625645303083,855.6455078125,2285466,0.0,0.0,HCLTECH
2022-05-24,858.79642957923,859.0905543324296,829.3450282457226,833.3363037109375,3418456,0.0,0.0,HCLTECH
2022-05-25,833.5465093897806,834.218714059522,809.178718288668,818.7998046875,3904551,0.0,0.0,HCLTECH
2022-05-26,820.9422660454404,828.5046820069645,814.2621216889111,824.05126953125,4278059,0.0,0.0,HCLTECH
2022-05-27,831.0255717174316,849.049341846546,831.0255717174316,843.5455932617188,2795530,0.0,0.0,HCLTECH
2022-05-30,856.2336548277991,885.0968590860846,853.418775691851,873.7952880859375,3562969,0.0,0.0,HCLTECH
2022-05-31,878.0806629365092,878.7529188268264,857.4520796290133,874.509521484375,5185485,0.0,0.0,HCLTECH
2022-06-01,874.5094408714517,878.4586617904424,849.9735904283958,855.309326171875,2554081,0.0,0.0,HCLTECH
2022-06-02,849.8475987388173,881.3576681311614,846.4024670470355,873.6271362304688,3560227,0.0,0.0,HCLTECH
2022-06-03,885.6010465908256,898.7933251040265,874.0473533845359,876.400146484375,3556955,0.0,0.0,HCLTECH
2022-06-06,872.1985594221024,880.0550480894306,858.040058042187,871.6104125976562,1997494,0.0,0.0,HCLTECH
2022-06-07,865.476567071185,868.6275739901334,851.3180631630777,859.5106811523438,1839248,0.0,0.0,HCLTECH
2022-06-08,859.6785850508656,868.6695185317469,853.7126998868877,865.6444702148438,1665512,0.0,0.0,HCLTECH
2022-06-09,861.2331690881296,866.9049815358478,850.0996626063062,864.3422241210938,1654005,0.0,0.0,HCLTECH
2022-06-10,850.3517469333943,860.2249020978878,847.158736796955,853.1666259765625,2260855,0.0,0.0,HCLTECH
2022-06-13,836.9074338888878,841.9490449364112,825.5638090319601,833.3782958984375,1738804,0.0,0.0,HCLTECH
2022-06-14,830.1851650716545,841.0666509236528,821.908541986874,837.66357421875,2461791,0.0,0.0,HCLTECH
2022-06-15,831.0254761808751,846.1503079010529,830.1852077519763,831.78173828125,2408630,0.0,0.0,HCLTECH
2022-06-16,846.1505479438277,846.1505479438277,808.0443843973727,810.8172607421875,3198618,0.0,0.0,HCLTECH
2022-06-17,800.2717374309256,809.3046237778943,793.2554647061473,805.607421875,4302066,0.0,0.0,HCLTECH
2022-06-20,810.859046073994,811.6993145155215,800.0195626639236,806.69970703125,1305407,0.0,0.0,HCLTECH
2022-06-21,816.4888806947498,840.184461751912,809.7247297838542,829.0088500976562,2128325,0.0,0.0,HCLTECH
2022-06-22,821.7404893282444,822.6227608881533,805.9434537175033,807.75,2575065,0.0,0.0,HCLTECH
2022-06-23,808.4223015363383,821.3624569219052,805.4813617928838,816.1107788085938,2169033,0.0,0.0,HCLTECH
2022-06-24,826.8241708307518,827.2863082300286,806.6577276397578,812.2875366210938,1922313,0.0,0.0,HCLTECH
2022-06-27,828.6308302513567,845.9823446007986,826.992296362892,833.8404541015625,3626024,0.0,0.0,HCLTECH
2022-06-28,831.7818181734615,846.1503891733581,826.1940120702129,841.9070434570312,2702471,0.0,0.0,HCLTECH
2022-06-29,827.7485217524852,840.4786107018787,827.6645154124973,829.8071899414062,3150015,0.0,0.0,HCLTECH
2022-06-30,831.865694059249,837.3694416769031,815.0183233407869,817.7911987304688,3741119,0.0,0.0,HCLTECH
2022-07-01,810.439075323148,824.6816385370231,810.187004997029,819.5559692382812,2827579,0.0,0.0,HCLTECH
2022-07-04,819.5558852849387,831.4457054271946,817.9594058591069,827.328369140625,2738846,0.0,0.0,HCLTECH
2022-07-05,829.6810625472444,842.4951560159516,822.1606498936728,825.2696533203125,2476050,0.0,0.0,HCLTECH
2022-07-06,825.1436356588351,839.4281996162691,823.5051018888872,829.0088500976562,2998254,0.0,0.0,HCLTECH
2022-07-07,837.7477478005208,841.0248156733873,827.6225219885014,831.7398071289062,2985141,0.0,0.0,HCLTECH
2022-07-08,839.4282650582088,839.4282650582088,822.7489551807801,826.4461059570312,3141642,0.0,0.0,HCLTECH
2022-07-11,819.2617184687643,822.748852964305,789.8523234468087,792.8352661132812,5787815,0.0,0.0,HCLTECH
2022-07-12,785.6510789532978,797.036707326934,776.7442530110834,779.6011352539062,5305354,0.0,0.0,HCLTECH
2022-07-13,781.4497843103037,786.4913958219831,760.4430696783063,771.156494140625,12874342,0.0,0.0,HCLTECH
2022-07-14,778.2146873502834,779.3910324720218,749.7715680159769,758.762451171875,4916497,0.0,0.0,HCLTECH
2022-07-15,752.8806212779544,760.4430382327554,737.2095922961371,742.0831909179688,5591590,0.0,0.0,HCLTECH
2022-07-18,752.0403006267917,762.5436567807972,746.8726288846535,756.4937133789062,5156225,0.0,0.0,HCLTECH
2022-07-19,756.2388493532037,762.611648645506,751.9903164916689,755.9839477539062,4636293,10.0,0.0,HCLTECH
2022-07-20,768.6444674294686,780.7103099177967,760.5722558026109,779.520751953125,4827089,0.0,0.0,HCLTECH
2022-07-21,782.5797324990465,787.6354968436117,776.2494083295643,785.51123046875,3498709,0.0,0.0,HCLTECH
2022-07-22,789.7172794375479,791.8415457886689,772.3832452676115,781.9424438476562,3514659,0.0,0.0,HCLTECH
2022-07-25,781.942450109098,791.9265020393146,776.63178418877,790.7794189453125,2120224,0.0,0.0,HCLTECH
2022-07-26,788.9524449941952,789.9296281641226,774.1675319037985,776.2068481445312,2780103,0.0,0.0,HCLTECH
2022-07-27,775.0173013669381,789.6747389356557,774.1675948412153,788.9100341796875,1742497,0.0,0.0,HCLTECH
2022-07-28,795.2403229091387,806.3714571577834,792.5212517749907,803.9072875976562,2843497,0.0,0.0,HCLTECH
2022-07-29,813.1690881654225,820.5615447938652,804.7995002180156,805.8616333007812,3617725,0.0,0.0,HCLTECH
2022-08-01,810.6199708897921,812.7442370608869,803.1425643399316,809.0480346679688,2489519,0.0,0.0,HCLTECH
2022-08-02,809.0481116417037,810.492571285902,799.6163378275129,808.1134033203125,2545241,0.0,0.0,HCLTECH
2022-08-03,808.0709204021102,817.2477406715064,807.2636888158547,813.339111328125,4119614,0.0,0.0,HCLTECH
2022-08-04,819.9667552369771,824.1728126958194,803.652380408055,814.103759765625,3513266,0.0,0.0,HCLTECH
2022-08-05,818.1825284099523,819.9244166155128,811.4698253403566,813.8065185546875,2565683,0.0,0.0,HCLTECH
2022-08-08,813.8064547403193,822.515946947146,807.2637038808452,820.8590087890625,1746911,0.0,0.0,HCLTECH
2022-08-10,820.8589648889584,821.666196447107,805.6067226383581,808.9630737304688,3271939,0.0,0.0,HCLTECH
2022-08-11,819.9667698178908,822.940742558163,814.656104210262,817.7150268554688,3594584,0.0,0.0,HCLTECH
2022-08-12,819.1171118093324,819.1171118093324,810.6200463341319,812.6593627929688,3022304,0.0,0.0,HCLTECH
2022-08-16,823.3656016004435,823.3656016004435,809.4729210179171,814.1887817382812,2784861,0.0,0.0,HCLTECH
2022-08-17,818.2673544066251,835.17653439616,811.4697024489377,833.22216796875,4649125,0.0,0.0,HCLTECH
2022-08-18,835.643859987913,835.643859987913,822.6008342176248,827.1892700195312,2829269,0.0,0.0,HCLTECH
2022-08-19,828.0389556315527,838.7027614655993,821.4962054352875,824.2577514648438,2880969,0.0,0.0,HCLTECH
2022-08-22,819.9667148633089,824.2152470646731,811.6396021210279,815.2508544921875,3616799,0.0,0.0,HCLTECH
2022-08-23,807.178691593432,808.070873036694,797.8743951434865,804.5870971679688,3753715,0.0,0.0,HCLTECH
2022-08-24,807.1362422909211,810.4500665943411,802.2504298118283,806.4989624023438,1494361,0.0,0.0,HCLTECH
2022-08-25,810.5350082076168,810.5350082076168,800.9758105884148,801.9529418945312,3316314,0.0,0.0,HCLTECH
2022-08-26,805.989203528504,812.3195282159714,801.91062212743,803.5250854492188,2195046,0.0,0.0,HCLTECH
2022-08-29,775.442130300427,783.4293921364101,764.820799062135,779.605712890625,4974880,0.0,0.0,HCLTECH
2022-08-30,787.5930167274995,803.1851110720223,784.8739454130999,797.8319702148438,2998417,0.0,0.0,HCLTECH
2022-09-01,779.435795346713,791.0767852659859,778.5436138560253,786.8707275390625,2953921,0.0,0.0,HCLTECH
2022-09-02,791.2467496808766,796.1750372981613,780.8803193991571,785.51123046875,1750283,0.0,0.0,HCLTECH
2022-09-05,786.8283124092297,800.6785196310793,783.8543393061711,795.3253784179688,2279812,0.0,0.0,HCLTECH
2022-09-06,795.3252140997852,801.1882091792809,787.7203312207757,796.8546752929688,2108615,0.0,0.0,HCLTECH
2022-09-07,787.6779995614797,792.3938607074952,784.3641231551047,791.671630859375,2709547,0.0,0.0,HCLTECH
2022-09-08,795.6652237957531,799.4889032209232,788.5276681239803,791.1192626953125,3214686,0.0,0.0,HCLTECH
2022-09-09,797.8743826987308,809.7702733885947,793.8807518804543,805.9465942382812,2206526,0.0,0.0,HCLTECH
2022-09-12,811.5972212555791,818.6922501095605,810.1951847218121,811.9370727539062,2517615,0.0,0.0,HCLTECH
2022-09-13,811.4697279942841,815.548308924898,807.6035736940353,811.8096313476562,2442828,0.0,0.0,HCLTECH
2022-09-14,793.031060706844,797.4070698969953,787.2955418706875,791.9264526367188,6761712,0.0,0.0,HCLTECH
2022-09-15,795.7501264958389,795.9200781659359,778.586045055409,781.64501953125,2995215,0.0,0.0,HCLTECH
2022-09-16,777.5664239795735,780.0305936585775,759.1278337889855,762.101806640625,5095937,0.0,0.0,HCLTECH
2022-09-19,762.9938707475025,770.8111799844767,754.1144285126232,762.8663940429688,2686561,0.0,0.0,HCLTECH
2022-09-20,766.6900775382658,782.4521209514686,766.4351759895976,776.6316528320312,1836721,0.0,0.0,HCLTECH
2022-09-21,772.3832178557722,776.419323779661,763.7586760315166,765.5430908203125,1819649,0.0,0.0,HCLTECH
2022-09-22,762.6966699551687,768.8995700032514,756.0264934829427,762.7391967773438,2315711,0.0,0.0,HCLTECH
2022-09-23,761.7619858102199,775.442241665033,757.9383060152998,761.2096557617188,2569608,0.0,0.0,HCLTECH
2022-09-26,757.3008582483926,779.5207022113502,749.4410737448329,770.4288330078125,4182702,0.0,0.0,HCLTECH
2022-09-27,774.2950479312819,782.9620646015073,771.1935984622702,780.6678466796875,3545337,0.0,0.0,HCLTECH
2022-09-28,775.7819682074972,787.6353832419873,774.8047850712125,782.40966796875,4154139,0.0,0.0,HCLTECH
2022-09-29,787.6780066666882,791.0768330169221,778.8410374112906,784.3216552734375,2928360,0.0,0.0,HCLTECH
2022-09-30,783.3444850422163,794.9429482711226,773.2754313608457,792.223876953125,3229901,0.0,0.0,HCLTECH
2022-10-03,792.2239383343277,792.6487916399957,778.3312559837744,790.4395751953125,1598950,0.0,0.0,HCLTECH
2022-10-04,800.8484148021481,808.0709203998332,796.2175037818263,803.8223876953125,2331351,0.0,0.0,HCLTECH
2022-10-06,811.8944570800813,822.4733120266727,811.8944570800813,819.5842895507812,3713623,0.0,0.0,HCLTECH
2022-10-07,819.9667630215289,826.7219399908357,811.4696981197513,813.763916015625,2174327,0.0,0.0,HCLTECH
2022-10-10,800.5934856650839,821.7936735035706,800.5934856650839,818.4797973632812,2758812,0.0,0.0,HCLTECH
2022-10-11,822.6007631791807,825.9146389568177,795.3252078843431,797.534423828125,3134969,0.0,0.0,HCLTECH
2022-10-12,801.528196768616,819.0321832203753,801.528196768616,808.920654296875,3502390,0.0,0.0,HCLTECH
2022-10-13,825.9571644437087,840.4021744451219,823.6204716493625,834.4967041015625,9698562,0.0,0.0,HCLTECH
2022-10-14,853.9551436190637,869.2498626092558,844.6083709028352,851.8733520507812,7424383,0.0,0.0,HCLTECH
2022-10-17,854.5498767283499,855.4845331765529,842.1441301405526,845.1181030273438,2136170,0.0,0.0,HCLTECH
2022-10-18,849.7065540761982,861.3050692841273,848.9417974327407,857.5238647460938,2487826,0.0,0.0,HCLTECH
2022-10-19,863.788857781622,863.788857781622,853.0612266616317,854.477294921875,2517099,10.0,0.0,HCLTECH
2022-10-20,849.6283832546986,874.773940080883,847.9119622784266,873.1433715820312,3931399,0.0,0.0,HCLTECH
2022-10-21,877.5202245811023,883.8710031490571,868.1657093030899,881.5537719726562,2071897,0.0,0.0,HCLTECH
2022-10-24,888.2478315538513,891.5519208927345,883.9567792275041,885.3298950195312,398105,0.0,0.0,HCLTECH
2022-10-25,889.1058787825743,890.1786416672059,876.1469240886261,880.952880859375,3068136,0.0,0.0,HCLTECH
2022-10-27,884.814962622511,890.3503780493388,875.0313426653582,885.7161254882812,3313674,0.0,0.0,HCLTECH
2022-10-28,885.6301333253534,892.3242159945294,880.0947184442316,883.9566650390625,2423629,0.0,0.0,HCLTECH
2022-10-31,891.6805835691241,903.2664236828712,889.4492575366561,893.5257568359375,2418565,0.0,0.0,HCLTECH
2022-11-01,900.262765303267,911.2907486732151,896.8299234908618,909.7460327148438,2275488,0.0,0.0,HCLTECH
2022-11-02,913.9511823692701,915.1526979589654,894.6843995546512,897.0015258789062,2799322,0.0,0.0,HCLTECH
2022-11-03,887.389611660725,900.4343686894215,886.6172012977848,896.9586791992188,2396164,0.0,0.0,HCLTECH
2022-11-04,896.9585267958589,900.2626155382368,886.9174033077744,897.130126953125,1709158,0.0,0.0,HCLTECH
2022-11-07,899.4902457196124,906.0126234187783,891.3801998274005,898.6749877929688,2213508,0.0,0.0,HCLTECH
2022-11-09,910.4755180345129,910.947470940704,900.4343925739815,904.081787109375,2307691,0.0,0.0,HCLTECH
2022-11-10,901.12093712703,911.7627672416947,898.5892583037166,903.2235107421875,2321667,0.0,0.0,HCLTECH
2022-11-11,919.1433466840448,942.9157330734956,917.512725956946,936.0072021484375,3923101,0.0,0.0,HCLTECH
2022-11-14,939.7405586555071,946.5632906697006,935.4924583088631,943.1734008789062,2170007,0.0,0.0,HCLTECH
2022-11-15,938.452948994869,949.2663776605173,934.505202626394,947.3783569335938,2172420,0.0,0.0,HCLTECH
2022-11-16,950.4680665506344,954.7161663428259,943.4736304809509,948.494140625,2213697,0.0,0.0,HCLTECH
2022-11-17,939.8263134077243,944.5464712371287,934.6770503211013,937.637939453125,2460883,0.0,0.0,HCLTECH
2022-11-18,942.3579502577371,949.1806808782335,930.3000525063337,946.7348022460938,2623894,0.0,0.0,HCLTECH
2022-11-21,943.0874309457434,949.481056530656,937.6806635127214,940.1694946289062,1733741,0.0,0.0,HCLTECH
2022-11-22,936.3932510363801,949.0948055664522,933.7328200199734,946.9492797851562,2529146,0.0,0.0,HCLTECH
2022-11-23,951.7122841624325,953.9007623641548,943.8167911920641,946.9492797851562,2217599,0.0,0.0,HCLTECH
2022-11-24,949.1807037262893,974.0688053610654,947.0351777232913,969.4344482421875,3295202,0.0,0.0,HCLTECH
2022-11-25,974.2404442384488,976.2573225709974,961.7535452621627,968.2329711914062,1977441,0.0,0.0,HCLTECH
2022-11-28,965.4864495739869,972.1375784488299,958.6207681547941,960.1655883789062,2368293,0.0,0.0,HCLTECH
2022-11-29,960.1657746975852,977.2870291542564,959.5221169396351,968.8765258789062,1785948,0.0,0.0,HCLTECH
2022-11-30,967.203064413434,969.6918953807411,958.6209609137585,961.8822021484375,6053488,0.0,0.0,HCLTECH
2022-12-01,969.7778785482054,987.499946573195,968.4047626814272,975.2704467773438,3919684,0.0,0.0,HCLTECH
2022-12-02,975.2702293045012,978.7030705869796,964.4996478759246,974.540771484375,2944923,0.0,0.0,HCLTECH
2022-12-05,972.5669280444148,980.0333165600706,967.3747132610147,970.5072021484375,2646466,0.0,0.0,HCLTECH
2022-12-06,962.5687830165732,965.4867193875695,950.0389318773683,962.0109252929688,2807894,0.0,0.0,HCLTECH
2022-12-07,956.0463315272432,958.2776574886399,945.7478073097145,949.0948486328125,2399879,0.0,0.0,HCLTECH
2022-12-08,955.8317706241862,955.8317706241862,943.0015678862662,945.18994140625,1752350,0.0,0.0,HCLTECH
2022-12-09,922.5761498964036,922.5761498964036,875.9753371731861,881.8111572265625,12415478,0.0,0.0,HCLTECH
2022-12-12,879.6655601126836,891.8092568461514,868.8950312918942,882.58349609375,4275785,0.0,0.0,HCLTECH
2022-12-13,885.758836711529,898.4603911571936,884.9006264047139,896.572265625,2284909,0.0,0.0,HCLTECH
2022-12-14,896.8298579929939,907.3858877000123,896.8298579929939,906.4417724609375,2425507,0.0,0.0,HCLTECH
2022-12-15,902.451263257926,902.6658158758123,890.0500590868888,894.5556640625,1906369,0.0,0.0,HCLTECH
2022-12-16,883.9566637063446,898.0741821102503,877.3913335526292,883.6563110351562,5159215,0.0,0.0,HCLTECH
2022-12-19,883.6563132827114,890.393243619382,878.2495461395454,886.745849609375,3328172,0.0,0.0,HCLTECH
2022-12-20,881.3820925439303,886.8317077041411,868.0798311666849,883.69921875,2629849,0.0,0.0,HCLTECH
2022-12-21,888.2478283780658,903.9101693132346,888.2478283780658,892.8392333984375,2878658,0.0,0.0,HCLTECH
2022-12-22,897.6879683733212,905.1115083758446,887.046139765253,891.7662963867188,2623451,0.0,0.0,HCLTECH
2022-12-23,883.5276081632895,896.0574590702208,881.467882247709,884.4716186523438,2177675,0.0,0.0,HCLTECH
2022-12-26,884.8148830304391,894.0406444199417,883.0984623068107,885.4155883789062,1680715,0.0,0.0,HCLTECH
2022-12-27,891.680650697739,893.1825189736977,884.2571094098828,889.4063720703125,554319,0.0,0.0,HCLTECH
2022-12-28,883.9566456734092,891.0798333637343,880.9529094987907,888.6338500976562,1397806,0.0,0.0,HCLTECH
2022-12-29,883.9567502098495,897.6881172034006,882.326129426962,896.3578491210938,1277244,0.0,0.0,HCLTECH
2022-12-30,901.1207963968764,905.6264003788608,887.6469368698363,891.93798828125,1860560,0.0,0.0,HCLTECH
2023-01-02,891.7664807832034,894.684417341325,885.2441021463566,892.0668334960938,701880,0.0,0.0,HCLTECH
2023-01-03,891.6805532908696,897.5164255733214,886.9603963677706,893.6973266601562,2484372,0.0,0.0,HCLTECH
2023-01-04,889.2777275433881,894.2553906244203,885.2441798743662,889.6210327148438,1219170,0.0,0.0,HCLTECH
2023-01-05,894.0836739719452,900.9493574587345,886.6171803228522,896.0574951171875,2294943,0.0,0.0,HCLTECH
2023-01-06,895.9715323723882,899.3185734169833,879.8800896214474,886.359619140625,1887689,0.0,0.0,HCLTECH
2023-01-09,896.7870048014253,919.1434298505926,892.5818572326416,916.0967407226562,4562242,0.0,0.0,HCLTECH
2023-01-10,910.5612623506048,920.5164823437881,906.5277152515957,913.0071411132812,2297082,0.0,0.0,HCLTECH
2023-01-11,917.4270257271156,926.5240360868787,901.5930838857463,905.240478515625,3594167,0.0,0.0,HCLTECH
2023-01-12,910.5612104034682,922.1470504981401,910.5612104034682,919.701171875,4748542,0.0,0.0,HCLTECH
2023-01-13,895.8858342545996,930.3000494487809,893.3970032068089,924.9791870117188,8253765,0.0,0.0,HCLTECH
2023-01-16,932.8746055902112,944.4174923378381,925.6227703862374,938.6245727539062,4508538,0.0,0.0,HCLTECH
2023-01-17,942.2293423544431,956.0035582188808,939.7405109165057,953.5148315429688,4390338,0.0,0.0,HCLTECH
2023-01-18,960.2945230217879,966.2161959675718,956.1322233701479,957.0333862304688,6905092,0.0,0.0,HCLTECH
2023-01-19,954.6086752637422,964.1344117906739,951.4911826332852,962.44580078125,2298287,10.0,0.0,HCLTECH
2023-01-20,962.1424854041494,971.1053140765656,958.6785820942347,959.3280639648438,4747128,0.0,0.0,HCLTECH
2023-01-23,962.0992170820056,972.404351350256,959.6312069290502,970.93212890625,1696834,0.0,0.0,HCLTECH
2023-01-24,975.0022169593594,990.4165234468411,970.9320670955747,985.3505859375,4861107,0.0,0.0,HCLTECH
2023-01-25,982.7529477841391,982.7529477841391,967.0788016462614,972.274658203125,2692236,0.0,0.0,HCLTECH
2023-01-27,972.2744515261252,982.2765155559316,956.9033791461753,966.0827026367188,3864525,0.0,0.0,HCLTECH
2023-01-30,966.0826783185884,987.1691700233764,957.5961780526296,982.6661376953125,3508427,0.0,0.0,HCLTECH
2023-01-31,983.7487905553122,985.2209075529664,963.8313414507593,971.7982788085938,4582858,0.0,0.0,HCLTECH
2023-02-01,984.6145798278508,984.6145798278508,965.0867813652283,980.3712768554688,2393911,0.0,0.0,HCLTECH
2023-02-02,985.3073662480385,1000.6350965375927,982.882591579548,995.5258178710938,3048359,0.0,0.0,HCLTECH
2023-02-03,999.336281417675,1001.6311389078095,986.0002301770418,992.5383911132812,1814055,0.0,0.0,HCLTECH
2023-02-06,983.055872974903,995.7424420014456,976.820888312212,992.1486206054688,2070175,0.0,0.0,HCLTECH
2023-02-07,994.010522879381,998.4703203873705,975.002392108289,977.0374145507812,1931191,0.0,0.0,HCLTECH
2023-02-08,981.9302288374331,995.0064455790291,980.8909941889183,991.5425415039062,2848255,0.0,0.0,HCLTECH
2023-02-09,990.6764645216608,997.6042719658682,985.4806089385052,992.7114868164062,1501083,0.0,0.0,HCLTECH
2023-02-10,974.9158373384771,978.5528943076711,952.5736139278214,966.1261596679688,3185163,0.0,0.0,HCLTECH
2023-02-13,970.9756623959605,970.9756623959605,956.9035513467437,963.8313598632812,2009185,0.0,0.0,HCLTECH
2023-02-14,970.758998299942,989.2909039768284,968.1610705614052,974.612548828125,3938046,0.0,0.0,HCLTECH
2023-02-15,974.2229775996834,982.5363258665423,969.5466861652131,981.064208984375,1648954,0.0,0.0,HCLTECH
2023-02-16,986.0002122106924,997.7342288157087,973.3569842687656,976.9508056640625,2369355,0.0,0.0,HCLTECH
2023-02-17,971.3651508292539,971.3651508292539,959.1116760831809,960.8436279296875,1958807,0.0,0.0,HCLTECH
2023-02-20,960.8437654713514,982.6229784908344,959.1550487533021,966.16943359375,1706036,0.0,0.0,HCLTECH
2023-02-21,970.7589998142216,971.6683168081081,955.258009808115,957.0765380859375,1313278,0.0,0.0,HCLTECH
2023-02-22,948.2435854149771,957.3796732022687,943.9570471073536,946.1652221679688,2212194,0.0,0.0,HCLTECH
2023-02-23,956.7301752523326,962.9218181017594,946.0786298587326,947.6806640625,2139983,0.0,0.0,HCLTECH
2023-02-24,949.9756390085819,956.4704587830252,936.9859994596951,948.11376953125,1684570,0.0,0.0,HCLTECH
2023-02-27,943.9138185469404,943.9138185469404,931.7901548224843,938.6746215820312,1834553,0.0,0.0,HCLTECH
2023-02-28,938.284815669406,949.8889129811865,924.9487666904923,933.175537109375,20793703,0.0,0.0,HCLTECH
2023-03-01,932.9591339625855,956.0374133154978,932.9591339625855,953.5260620117188,1655100,0.0,0.0,HCLTECH
2023-03-02,944.1735747911416,967.2950892511233,944.1735747911416,957.7260131835938,4074162,0.0,0.0,HCLTECH
2023-03-03,965.5631349510759,978.2929384821462,962.142572407202,969.0270385742188,3253621,0.0,0.0,HCLTECH
2023-03-06,977.6869165039893,994.1404607144196,972.7508955248452,975.6951293945312,4091674,0.0,0.0,HCLTECH
2023-03-08,962.9653409205407,973.3570532326329,958.8952958822903,970.4560546875,3209393,0.0,0.0,HCLTECH
2023-03-09,971.5816132125408,975.6949987142195,964.7404882092862,966.9920043945312,1834324,0.0,0.0,HCLTECH
2023-03-10,956.9033946327556,968.2909991588372,956.9033946327556,966.68896484375,1193681,0.0,0.0,HCLTECH
2023-03-13,970.7157483824259,981.6703658506859,948.2437136176626,951.3612060546875,3028387,0.0,0.0,HCLTECH
2023-03-14,951.3178812031987,955.5178432379035,923.130322960163,938.76123046875,3683544,0.0,0.0,HCLTECH
2023-03-15,948.2869162037154,950.7549262846579,931.3570457062943,934.9508666992188,1528510,0.0,0.0,HCLTECH
2023-03-16,938.6746276685872,941.792225785915,926.2912344957143,928.6726684570312,1812907,0.0,0.0,HCLTECH
2023-03-17,942.3549184546299,967.3816427443365,938.7612030896111,959.8909301757812,5350523,0.0,0.0,HCLTECH
2023-03-20,956.9034839361462,959.7612470318859,940.6664338693565,944.64990234375,2066169,0.0,0.0,HCLTECH
2023-03-21,951.7076251654267,954.6519647110244,932.7427296002109,938.6314086914062,2421127,0.0,0.0,HCLTECH
2023-03-22,945.6024526060952,957.5529637114388,934.431446754098,936.5097045898438,1382329,0.0,0.0,HCLTECH
2023-03-23,932.6561355304538,935.6004750204526,918.8005197751268,923.0438232421875,2178855,0.0,0.0,HCLTECH
2023-03-24,929.1922737123396,943.9138661197111,906.7202381744842,910.790283203125,2688253,0.0,0.0,HCLTECH
2023-03-27,912.1325294953326,922.6973940223044,904.7717337663889,910.57373046875,1459887,0.0,0.0,HCLTECH
2023-03-28,915.1635760548805,921.2254086971934,900.052229827703,901.5676879882812,2965015,0.0,0.0,HCLTECH
2023-03-29,905.810838471531,926.5942611515661,902.4335111440345,924.4293212890625,2478745,0.0,0.0,HCLTECH
2023-03-31,938.198441578582,949.8891178531749,926.074777293819,939.8004760742188,3131614,0.0,0.0,HCLTECH
2023-04-03,943.8703698915941,951.9239878746716,942.1817592064068,950.971435546875,1540702,0.0,0.0,HCLTECH
2023-04-05,939.8868838997832,963.8311377081056,923.2601895763976,962.2723388671875,3342291,0.0,0.0,HCLTECH
2023-04-06,960.41053369288,960.41053369288,939.9734195976298,945.5156860351562,2378264,0.0,0.0,HCLTECH
2023-04-10,945.5157667156049,956.9033709599689,945.2126962921321,955.2579956054688,711625,0.0,0.0,HCLTECH
2023-04-11,956.0374480723896,961.1467273154921,939.5839050349118,941.3158569335938,2318905,0.0,0.0,HCLTECH
2023-04-12,945.6457290893388,950.36525569138,935.3405942329128,947.8106689453125,2715967,0.0,0.0,HCLTECH
2023-04-13,943.0476115229094,943.0476115229094,920.5322415508289,928.1961059570312,3071057,0.0,0.0,HCLTECH
2023-04-17,913.6045530752888,913.6045530752888,880.0479877372154,902.52001953125,9509446,0.0,0.0,HCLTECH
2023-04-18,908.8851612028584,923.4768357912104,905.118081001239,921.2685546875,3686404,0.0,0.0,HCLTECH
2023-04-19,930.0147865801797,930.0147865801797,897.5406899440178,899.4891357421875,4322881,0.0,0.0,HCLTECH
2023-04-20,900.6149519954819,906.8499363022396,893.5572271431425,898.4500122070312,3057560,0.0,0.0,HCLTECH
2023-04-21,912.7386382494212,930.0581570017822,898.6665292631279,908.3654174804688,7708194,0.0,0.0,HCLTECH
2023-04-24,915.3365691625194,916.9819445915572,905.8108338164571,912.781982421875,2033625,0.0,0.0,HCLTECH
2023-04-25,909.6644620933735,916.895446381988,904.425370631938,912.2623901367188,1237595,0.0,0.0,HCLTECH
2023-04-26,913.6046340319483,923.9963455090889,907.5428023369495,922.74072265625,1647101,0.0,0.0,HCLTECH
2023-04-27,922.7407977781469,930.9242289486399,918.8005645716344,927.6768188476562,1654910,0.0,0.0,HCLTECH
2023-04-28,933.5779753973094,941.3288430295739,928.1172101449483,937.2332153320312,2629188,18.0,0.0,HCLTECH
2023-05-02,937.2332325271093,946.6575953343071,937.1451764762382,940.27197265625,1905168,0.0,0.0,HCLTECH
2023-05-03,935.3834905413515,937.1450413709962,929.2180626375949,932.6970825195312,1649820,0.0,0.0,HCLTECH
2023-05-04,930.1429312641081,940.6240728161159,923.3169217153221,939.6112670898438,1403672,0.0,0.0,HCLTECH
2023-05-05,939.6113612502846,942.3857181058806,926.6638966858206,929.70263671875,1641673,0.0,0.0,HCLTECH
2023-05-08,931.8604372358311,949.0355587160757,929.2181108542551,947.4942016601562,1389075,0.0,0.0,HCLTECH
2023-05-09,943.310425426918,953.5273982606365,938.9506303328154,950.3566284179688,2981949,0.0,0.0,HCLTECH
2023-05-10,954.8927493824086,958.9883768301313,944.2793619391907,949.740234375,2091411,0.0,0.0,HCLTECH
2023-05-11,953.1313155120371,962.3353773174958,951.2817082971303,958.3718872070312,2653108,0.0,0.0,HCLTECH
2023-05-12,956.5220383992754,971.8475511255518,948.9913660848265,964.889404296875,1585037,0.0,0.0,HCLTECH
2023-05-15,967.928088134366,974.0935159681954,962.5114054078675,968.6327514648438,1523466,0.0,0.0,HCLTECH
2023-05-16,969.029171530708,973.5212126376882,958.3718093802247,960.6618041992188,1166324,0.0,0.0,HCLTECH
2023-05-17,960.4856425245669,963.5242748656918,936.0000416434151,946.4373168945312,3602382,0.0,0.0,HCLTECH
2023-05-18,952.9548780438885,955.6412859557199,945.0719814105876,951.1493530273438,1515743,0.0,0.0,HCLTECH
2023-05-19,958.8122115169818,972.3761760558522,953.3954205546664,964.7574462890625,1984436,0.0,0.0,HCLTECH
2023-05-22,964.7572468527803,988.141875128804,959.1202631753044,986.3362426757812,1864932,0.0,0.0,HCLTECH
2023-05-23,986.4686144195208,996.4653953926951,972.3762056420991,975.3267822265625,2138096,0.0,0.0,HCLTECH
2023-05-24,968.0161364018442,982.0644594292253,967.0912793303044,979.3780517578125,1302744,0.0,0.0,HCLTECH
2023-05-25,976.9561183064588,984.9271793980752,971.5394351238044,982.9454345703125,1124803,0.0,0.0,HCLTECH
2023-05-26,982.0645512169206,1004.3921856538386,981.1837758346633,1003.3792724609375,1635167,0.0,0.0,HCLTECH
2023-05-29,1009.3686570205608,1011.0861261266788,990.3439289674591,991.9292602539062,1288914,0.0,0.0,HCLTECH
2023-05-30,994.3955423190168,1007.6071748564706,993.5588485982611,1000.4288330078125,1983735,0.0,0.0,HCLTECH
2023-05-31,999.5040052762147,1015.8423250631766,997.125847095051,1008.575927734375,5967930,0.0,0.0,HCLTECH
2023-06-01,1011.1304001466683,1017.4279672606486,1002.0143940876811,1005.7576904296875,1445692,0.0,0.0,HCLTECH
2023-06-02,1011.1303503253025,1013.8607330780977,996.6856095316314,1001.4859008789062,1336554,0.0,0.0,HCLTECH
2023-06-05,1007.6070466406591,1011.5705358975498,1000.5608435172978,1002.586669921875,1435758,0.0,0.0,HCLTECH
2023-06-06,995.276258989382,997.3020855319918,980.9636579198444,994.0431518554688,1943605,0.0,0.0,HCLTECH
2023-06-07,998.6231360425522,998.6231360425522,983.1214038506146,994.439453125,2459039,0.0,0.0,HCLTECH
2023-06-08,994.4394004254482,996.3770630884943,984.9710659032813,992.41357421875,1385218,0.0,0.0,HCLTECH
2023-06-09,994.4835972437439,996.1570921999078,974.0936228806411,977.4406127929688,1824218,0.0,0.0,HCLTECH
2023-06-12,980.2589283524693,1004.9206392991014,978.981847042201,1003.7756958007812,1670970,0.0,0.0,HCLTECH
2023-06-13,1008.4437012138533,1008.4437012138533,994.659652900638,996.4212036132812,2014656,0.0,0.0,HCLTECH
2023-06-14,1002.3225218414891,1002.674853545796,991.7972975932673,1000.4288330078125,836964,0.0,0.0,HCLTECH
2023-06-15,1004.0841732249929,1010.2496023588305,1001.0455404442221,1007.2549438476562,2109652,0.0,0.0,HCLTECH
2023-06-16,1012.8915908839138,1016.6348858937021,997.4339414251225,1011.30615234375,2909817,0.0,0.0,HCLTECH
2023-06-19,1011.3063199088232,1016.3268044401838,1000.0764330187588,1001.9261474609375,1278608,0.0,0.0,HCLTECH
2023-06-20,997.9184530845877,1031.1677219318456,997.4780654177365,1029.318115234375,3504867,0.0,0.0,HCLTECH
2023-06-21,1034.910890597587,1035.5273902492127,1023.1525628332478,1030.9033203125,2019683,0.0,0.0,HCLTECH
2023-06-22,1030.6394483509903,1030.903616484792,1020.6866424307497,1024.6942138671875,972005,0.0,0.0,HCLTECH
2023-06-23,1023.3728318674457,1030.9915596360468,1013.7723596945764,1026.2353515625,1699790,0.0,0.0,HCLTECH
2023-06-26,1028.0851039976328,1035.7478071077733,1024.3858902582265,1028.3052978515625,1190307,0.0,0.0,HCLTECH
2023-06-27,1027.8648759890825,1034.4266096115366,1021.8755603546006,1030.5072021484375,1504039,0.0,0.0,HCLTECH
2023-06-28,1033.5459776837406,1033.9863654380933,1027.4246309048547,1030.7275390625,1424076,0.0,0.0,HCLTECH
2023-06-30,1030.8155124648054,1051.64587307893,1026.103385374333,1046.317138671875,3036648,0.0,0.0,HCLTECH
2023-07-03,1048.1229013353454,1052.5267790720486,1034.4708803515657,1040.724365234375,1749952,0.0,0.0,HCLTECH
2023-07-04,1041.0765976360026,1050.765127732446,1038.0379652941872,1048.6512451171875,1094468,0.0,0.0,HCLTECH
2023-07-05,1051.6458005586953,1059.2204473006204,1046.0088166403355,1052.3504638671875,1653610,0.0,0.0,HCLTECH
2023-07-06,1052.3505675630995,1055.1690060417384,1034.8670885866582,1039.8875732421875,2334220,0.0,0.0,HCLTECH
2023-07-07,1037.6857970584347,1041.9134554383427,1016.2389326518295,1019.5858154296875,2159585,0.0,0.0,HCLTECH
2023-07-10,1021.6996616551801,1023.3731567422354,986.4686388394842,990.43212890625,3960400,0.0,0.0,HCLTECH
2023-07-11,996.8176072051374,996.8176072051374,979.4222922130441,981.9765625,4982603,0.0,0.0,HCLTECH
2023-07-12,986.2041503181097,990.4319151501721,971.0107750078914,978.1451416015625,3824027,0.0,0.0,HCLTECH
2023-07-13,968.8528936101346,990.3438338444278,957.4468957328792,976.603759765625,12294227,0.0,0.0,HCLTECH
2023-07-14,981.3598388398879,1019.1451223528982,979.0258702068172,1013.7283325195312,6605038,0.0,0.0,HCLTECH
2023-07-17,1014.6093242300809,1032.26891653406,1007.2989518737676,1016.1947631835938,3159479,0.0,0.0,HCLTECH
2023-07-18,1020.7746184919372,1030.5072297798029,1009.720951605499,1028.041015625,2431478,0.0,0.0,HCLTECH
2023-07-19,1026.1034704701688,1034.8231695336958,1019.0572663811032,1029.670654296875,2242397,0.0,0.0,HCLTECH
2023-07-20,1030.5145773577005,1033.0020697151974,1019.8540817298623,1026.783447265625,1990001,10.0,0.0,HCLTECH
2023-07-21,986.0957798656696,1012.6582013905232,972.7701612188362,990.9373779296875,5259150,0.0,0.0,HCLTECH
2023-07-24,994.9795571444037,1001.8199982221053,986.9841857030648,988.672119140625,2672505,0.0,0.0,HCLTECH
2023-07-25,993.6469995062498,994.0911868104546,981.7427580647266,987.4728393554688,2506726,0.0,0.0,HCLTECH
2023-07-26,986.2734780935697,995.7346896614062,986.184662318751,990.5377197265625,1969964,0.0,0.0,HCLTECH
2023-07-27,990.5376466228523,997.3780874415967,985.1629370908664,992.6253051757812,1769815,0.0,0.0,HCLTECH
2023-07-28,989.6938397520522,993.6470636369529,974.9467335453294,980.3659057617188,2031899,0.0,0.0,HCLTECH
2023-07-31,984.3189755231905,994.5352825796135,973.6584812034447,992.0477905273438,2526624,0.0,0.0,HCLTECH
2023-08-01,994.9795595218488,1014.5238008695994,987.783746896283,1011.4144897460938,2710536,0.0,0.0,HCLTECH
2023-08-02,1010.0816596294628,1010.0816596294628,996.3118568816557,1004.66259765625,2701150,0.0,0.0,HCLTECH
2023-08-03,1000.3097878807336,1008.7938085890038,990.5821295023652,999.8656005859375,1608187,0.0,0.0,HCLTECH
2023-08-04,1004.2631421737948,1023.7185699076364,1000.3099181130971,1016.611572265625,3315303,0.0,0.0,HCLTECH
2023-08-07,1025.6730187825392,1026.7390250090323,1015.5455258541605,1022.3416137695312,1655404,0.0,0.0,HCLTECH
2023-08-08,1025.9839313271757,1027.7606806728131,1010.0820029948859,1013.9464111328125,1667697,0.0,0.0,HCLTECH
2023-08-09,1013.5909740548675,1018.0773092402685,999.4214423170174,1016.433837890625,1559337,0.0,0.0,HCLTECH
2023-08-10,1012.7471027807666,1017.0113444859331,1002.6640721743713,1007.6834106445312,1676669,0.0,0.0,HCLTECH
2023-08-11,1030.514434506349,1054.45608424071,1025.4507431627296,1040.686279296875,7391806,0.0,0.0,HCLTECH
2023-08-14,1039.9757116831947,1045.616868511822,1025.1842534092123,1040.28662109375,1720940,0.0,0.0,HCLTECH
2023-08-16,1044.5063760128496,1053.8343087775827,1039.4870381220423,1045.7501220703125,2567226,0.0,0.0,HCLTECH
2023-08-17,1045.4836196748608,1049.1259338228729,1034.0235657188812,1045.350341796875,2331256,0.0,0.0,HCLTECH
2023-08-18,1042.0633618479555,1046.371956787395,1029.315208564479,1042.6851806640625,3406088,0.0,0.0,HCLTECH
2023-08-21,1042.0186765925823,1056.1883128969907,1038.4651791034473,1047.615478515625,1661946,0.0,0.0,HCLTECH
2023-08-22,1050.0589495598638,1054.5008232889666,1044.8619789856502,1047.8380126953125,1805887,0.0,0.0,HCLTECH
2023-08-23,1059.7865237212584,1061.6077351801994,1047.082830952552,1050.5030517578125,2347850,0.0,0.0,HCLTECH
2023-08-24,1056.232852776328,1056.2773148804363,1038.5098243021278,1040.5086669921875,2464221,0.0,0.0,HCLTECH
2023-08-25,1034.9562294420552,1040.1088446057772,1021.63061275396,1025.1396484375,2105159,0.0,0.0,HCLTECH
2023-08-28,1026.072635752053,1030.247952883509,1012.1251982801012,1018.4769897460938,2571967,0.0,0.0,HCLTECH
2023-08-29,1025.0954238707116,1033.4461664023459,1020.1205480361718,1028.3380126953125,1794652,0.0,0.0,HCLTECH
2023-08-30,1035.8447217652044,1043.9733705587976,1031.9803141747234,1039.8424072265625,1497356,0.0,0.0,HCLTECH
2023-08-31,1047.8378814846892,1055.4778816532255,1035.7560081432628,1041.308349609375,4483967,0.0,0.0,HCLTECH
2023-09-01,1042.0633328508718,1055.3889509180185,1040.375399540202,1053.4345703125,1669640,0.0,0.0,HCLTECH
2023-09-04,1053.6123318252407,1097.1426895482061,1052.7239571778334,1094.9217529296875,4517935,0.0,0.0,HCLTECH
2023-09-05,1098.6973538638952,1103.0947650256453,1088.4365832275823,1097.63134765625,2842400,0.0,0.0,HCLTECH
2023-09-06,1101.4513258702477,1103.7167246830716,1086.2156784116517,1097.8978271484375,1767709,0.0,0.0,HCLTECH
2023-09-07,1099.8079761949264,1116.6870969927484,1092.967533775589,1114.02197265625,2582004,0.0,0.0,HCLTECH
2023-09-08,1118.4636318404785,1127.8360273356325,1114.2883145591693,1121.1732177734375,2280777,0.0,0.0,HCLTECH
2023-09-11,1134.0547087580512,1140.9396123315094,1128.5911829431825,1138.49658203125,2691836,0.0,0.0,HCLTECH
2023-09-12,1141.5613391410016,1147.557867576178,1124.238034772714,1139.2515869140625,2140769,0.0,0.0,HCLTECH
2023-09-13,1138.8959410532248,1139.2513124896507,1124.7707668973567,1132.8994140625,2275523,0.0,0.0,HCLTECH
2023-09-14,1137.8747185860282,1146.6251877366408,1133.2107513873373,1140.3177490234375,2655172,0.0,0.0,HCLTECH
2023-09-15,1149.5567614331912,1163.7707553921796,1146.9360996746698,1158.9735107421875,4286280,0.0,0.0,HCLTECH
2023-09-18,1156.6638554014007,1164.92578346051,1145.7368032515049,1159.3289794921875,2761885,0.0,0.0,HCLTECH
2023-09-20,1138.4518817033556,1158.4403072502346,1138.4518817033556,1149.0235595703125,2220756,0.0,0.0,HCLTECH
2023-09-21,1140.6730212001173,1141.5613958272204,1118.7302112883433,1135.3427734375,3112700,0.0,0.0,HCLTECH
2023-09-22,1130.412114857556,1140.317512446676,1123.8825838228781,1131.5225830078125,1321467,0.0,0.0,HCLTECH
2023-09-25,1128.2358899582634,1137.1196371232893,1116.3316470682933,1122.4169921875,1246703,0.0,0.0,HCLTECH
2023-09-26,1122.9055354091497,1127.3029464620797,1116.7757287564527,1120.64013671875,903152,0.0,0.0,HCLTECH
2023-09-27,1118.0193494661808,1126.1479981296768,1113.3998452735423,1120.3291015625,1670373,0.0,0.0,HCLTECH
2023-09-28,1120.3290862857443,1124.682143125694,1100.2963059118865,1103.2723388671875,1807072,0.0,0.0,HCLTECH
2023-09-29,1097.2312910256803,1110.2015366557978,1090.2575730943913,1096.96484375,2338327,0.0,0.0,HCLTECH
2023-10-03,1094.9215648691343,1116.420184266186,1086.2154514422098,1100.429443359375,2162636,0.0,0.0,HCLTECH
2023-10-04,1096.2542918858574,1105.848781254098,1088.2589202270465,1101.184814453125,2253785,0.0,0.0,HCLTECH
2023-10-05,1109.5798776302995,1113.9772885314724,1090.7463794501093,1097.5423583984375,2995200,0.0,0.0,HCLTECH
2023-10-06,1112.244813663512,1115.7983114707438,1092.7893914800893,1099.541015625,2497711,0.0,0.0,HCLTECH
2023-10-09,1098.0309210281455,1125.2596221097863,1093.7223262388322,1110.11279296875,3430211,0.0,0.0,HCLTECH
2023-10-10,1115.3988303366355,1123.5718337034398,1108.8691899321823,1120.951171875,1532394,0.0,0.0,HCLTECH
2023-10-11,1124.6821888179632,1132.188910444653,1102.472824899757,1106.559326171875,2186131,0.0,0.0,HCLTECH
2023-10-12,1106.026273920295,1109.180046834035,1079.508316270555,1087.1483154296875,3921609,0.0,0.0,HCLTECH
2023-10-13,1075.8215566117467,1125.126343062574,1073.6450823893276,1115.7095947265625,5740821,0.0,0.0,HCLTECH
2023-10-16,1122.0171448910648,1136.4976945725516,1119.6185767950928,1128.813232421875,2527113,0.0,0.0,HCLTECH
2023-10-17,1136.1423020404116,1136.2311178119235,1129.1241209843274,1134.587646484375,1687345,0.0,0.0,HCLTECH
2023-10-18,1135.3425934776208,1138.451904179633,1125.9258456117852,1127.7469482421875,1743126,0.0,0.0,HCLTECH
2023-10-19,1125.393050805527,1132.4555859004283,1123.705117280481,1125.881591796875,2279726,0.0,0.0,HCLTECH
2023-10-20,1122.8768456394391,1131.2625254259754,1117.002326336796,1128.796142578125,1625449,12.0,0.0,HCLTECH
2023-10-23,1119.2893982875905,1130.500229600567,1105.2086379508016,1109.1099853515625,1646367,0.0,0.0,HCLTECH
2023-10-25,1104.2220861151318,1123.6841565298782,1098.9306608939967,1102.2490234375,1420065,0.0,0.0,HCLTECH
2023-10-26,1089.6929725636132,1110.500234914075,1087.0472597558783,1104.7603759765625,4617424,0.0,0.0,HCLTECH
2023-10-27,1109.423748723924,1139.0203402420238,1106.239829177399,1137.8543701171875,2675348,0.0,0.0,HCLTECH
2023-10-30,1139.0205612831094,1143.3255646771229,1126.4644291114844,1134.31201171875,1158770,0.0,0.0,HCLTECH
2023-10-31,1140.8141454618926,1147.8545253282196,1127.0920447312458,1144.401611328125,2525870,0.0,0.0,HCLTECH
2023-11-01,1147.9893163383501,1153.3256291336995,1125.8367537919505,1129.1102294921875,1572719,0.0,0.0,HCLTECH
2023-11-02,1135.433111576424,1143.5049109478202,1134.536244979602,1142.0699462890625,1368604,0.0,0.0,HCLTECH
2023-11-03,1150.3209722116928,1154.5363105278732,1132.7424103837611,1135.6572265625,2052536,0.0,0.0,HCLTECH
2023-11-06,1144.625862096979,1147.5406782002622,1134.6706659173049,1138.7513427734375,1175823,0.0,0.0,HCLTECH
2023-11-07,1138.1237862677576,1145.926482381295,1136.419717725493,1142.563232421875,1385282,0.0,0.0,HCLTECH
2023-11-08,1147.9891211871745,1148.7066581802262,1135.3433254202519,1136.912841796875,937671,0.0,0.0,HCLTECH
2023-11-09,1136.9128721873906,1144.2223562614922,1131.6662249128728,1136.7783203125,1483749,0.0,0.0,HCLTECH
2023-11-10,1132.1149382767794,1139.9176351816095,1121.6664187804095,1125.9713134765625,1469902,0.0,0.0,HCLTECH
2023-11-13,1130.0519858835994,1133.2806839471082,1124.0430230843133,1130.9488525390625,730991,0.0,0.0,HCLTECH
2023-11-15,1143.5050113703762,1150.6799447750532,1137.585713207677,1144.98486328125,2410620,0.0,0.0,HCLTECH
2023-11-16,1151.3971814598306,1182.0250828542994,1146.1953123065082,1175.8367919921875,3936945,0.0,0.0,HCLTECH
2023-11-17,1177.944617630974,1189.0208982757983,1171.6665514134138,1174.1329345703125,2882039,0.0,0.0,HCLTECH
2023-11-20,1179.3347094518642,1194.3572252257263,1178.4827299614826,1188.70703125,2831858,0.0,0.0,HCLTECH
2023-11-21,1197.8550024806386,1198.2137710148243,1185.4783091571305,1189.783203125,1514256,0.0,0.0,HCLTECH
2023-11-22,1189.7833337789398,1197.9896859211622,1184.222804071194,1192.5635986328125,1535630,0.0,0.0,HCLTECH
2023-11-23,1196.3751146648726,1197.5410849956572,1188.9759654784175,1191.9356689453125,1307344,0.0,0.0,HCLTECH
2023-11-24,1191.8460499698579,1195.209299729265,1170.9939014615325,1174.1329345703125,1795933,0.0,0.0,HCLTECH
2023-11-28,1174.1331185677063,1183.7744360555564,1161.7115360725436,1180.859619140625,2152951,0.0,0.0,HCLTECH
2023-11-29,1187.4514646150276,1200.7251350510783,1185.209297952235,1196.375244140625,1835524,0.0,0.0,HCLTECH
2023-11-30,1199.1107186544718,1207.9000556725284,1192.5635482756343,1202.6085205078125,4104385,0.0,0.0,HCLTECH
2023-12-01,1207.1824559923127,1209.8730558199331,1191.038857026591,1198.841552734375,1854324,0.0,0.0,HCLTECH
2023-12-04,1210.7699330120945,1210.7699330120945,1193.7294672882206,1199.962646484375,1547057,0.0,0.0,HCLTECH
2023-12-05,1208.079303405702,1208.079303405702,1173.3706099732199,1181.6666259765625,3932040,0.0,0.0,HCLTECH
2023-12-06,1188.3482901710058,1201.7564025583551,1183.4604108075243,1192.4290771484375,2077245,0.0,0.0,HCLTECH
2023-12-07,1193.7295404457184,1199.1107404777804,1188.6622218527014,1191.0389404296875,1985003,0.0,0.0,HCLTECH
2023-12-08,1195.5233599413389,1228.662542067872,1191.9358929947782,1223.4158935546875,4509751,0.0,0.0,HCLTECH
2023-12-11,1228.79679968699,1240.366399714977,1225.164555961974,1233.4605712890625,2824656,0.0,0.0,HCLTECH
2023-12-12,1234.9852005838925,1243.9538658023666,1228.7071349309606,1233.4605712890625,2730422,0.0,0.0,HCLTECH
2023-12-13,1237.0929642850756,1240.1872198472763,1217.0929041230827,1227.98974609375,1896931,0.0,0.0,HCLTECH
2023-12-14,1247.5414888488085,1272.8779712787,1239.4696891366307,1268.70751953125,5145574,0.0,0.0,HCLTECH
2023-12-15,1275.3444101654043,1342.6094107015545,1275.3444101654043,1337.497314453125,7374290,0.0,0.0,HCLTECH
2023-12-18,1336.1968267496413,1354.1790478184303,1328.259578376636,1349.1566162109375,3075527,0.0,0.0,HCLTECH
2023-12-19,1346.6451131194701,1349.470264623569,1325.2996456227008,1334.8065185546875,2590417,0.0,0.0,HCLTECH
2023-12-20,1331.8468765444763,1348.0353621695358,1287.0035473678945,1291.4429931640625,4368383,0.0,0.0,HCLTECH
2023-12-21,1274.5822023265578,1297.8110730234414,1273.6404484477202,1275.389404296875,2841508,0.0,0.0,HCLTECH
2023-12-22,1283.4160533941424,1316.017131107264,1276.2411208804085,1311.8466796875,2303438,0.0,0.0,HCLTECH
2023-12-26,1311.846790805615,1316.0172425786313,1293.4162470382973,1307.76611328125,1363265,0.0,0.0,HCLTECH
2023-12-27,1314.3131367037345,1323.775123281019,1307.2279780323215,1320.2325439453125,1402329,0.0,0.0,HCLTECH
2023-12-28,1318.9320052031296,1329.784069209258,1317.0037201094588,1320.5911865234375,1928616,0.0,0.0,HCLTECH
2023-12-29,1321.9366218971302,1329.0218906869745,1307.228095677157,1314.896240234375,1481617,0.0,0.0,HCLTECH
2024-01-01,1309.4253682471567,1341.4883524354004,1304.9859219211032,1330.7259521484375,1222315,0.0,0.0,HCLTECH
2024-01-02,1330.9949221514596,1335.2550385034733,1310.6359846333644,1317.9903564453125,1440888,0.0,0.0,HCLTECH
2024-01-03,1309.425252809294,1313.9095858668602,1287.4520208272204,1289.469970703125,1651716,0.0,0.0,HCLTECH
2024-01-04,1288.797357256519,1295.792960816825,1270.994576409781,1273.5057373046875,3392241,0.0,0.0,HCLTECH
2024-01-05,1278.034792849379,1290.4563722731984,1275.2545285295112,1285.0303955078125,1776925,0.0,0.0,HCLTECH
2024-01-08,1287.0036405263313,1302.7884716429,1283.012627733044,1298.5732421875,2025264,0.0,0.0,HCLTECH
2024-01-09,1309.963265065115,1328.214477517625,1302.564116004845,1309.783935546875,3119270,0.0,0.0,HCLTECH
2024-01-10,1322.7885382546506,1352.4748001007586,1314.8512909327094,1338.214599609375,4368914,0.0,0.0,HCLTECH
2024-01-11,1345.2999313847795,1345.2999313847795,1321.9813992407765,1331.6676025390625,2271368,0.0,0.0,HCLTECH
2024-01-12,1349.784222032328,1394.6275516679536,1343.9545891796968,1381.89208984375,5862043,0.0,0.0,HCLTECH
2024-01-15,1443.9555486346678,1452.5654480222902,1413.0136440210679,1424.40380859375,9712071,0.0,0.0,HCLTECH
2024-01-16,1423.3273133323592,1423.3273133323592,1379.3808493416311,1395.0311279296875,4459799,0.0,0.0,HCLTECH
2024-01-17,1363.2372064171848,1421.533534323183,1360.1430604975646,1413.3720703125,3846289,0.0,0.0,HCLTECH
2024-01-18,1414.3586464684065,1420.8160422794983,1378.5288691279295,1405.88330078125,3205598,0.0,0.0,HCLTECH
2024-01-19,1418.9430140776165,1437.0187212633186,1408.142823164304,1417.0902099609375,2374099,12.0,0.0,HCLTECH
2024-01-23,1408.9109219627694,1417.044989638104,1371.0875293375336,1377.052490234375,3196630,0.0,0.0,HCLTECH
2024-01-24,1382.8819877028752,1429.0653985501233,1377.0977392065138,1424.727294921875,2136023,0.0,0.0,HCLTECH
2024-01-25,1418.9428990472807,1418.9428990472807,1388.892038287203,1401.0931396484375,2641656,0.0,0.0,HCLTECH
2024-01-29,1414.4242247715547,1435.753539258946,1401.0933894262637,1423.055419921875,2521598,0.0,0.0,HCLTECH
2024-01-30,1427.980772497676,1439.2328553406965,1405.386140021447,1409.2724609375,1939386,0.0,0.0,HCLTECH
2024-01-31,1409.2726721010422,1429.155951659408,1397.5685845294183,1424.3658447265625,7025931,0.0,0.0,HCLTECH
2024-02-01,1424.3655379741667,1443.3450280106247,1415.6439883447251,1425.630859375,2845408,0.0,0.0,HCLTECH
2024-02-02,1432.319135980975,1458.6192688710123,1423.4619949930939,1431.3701171875,2337374,0.0,0.0,HCLTECH
2024-02-05,1432.454290015482,1435.66277156397,1402.1774862084987,1405.7022705078125,1452864,0.0,0.0,HCLTECH
2024-02-06,1415.3278796189375,1470.4587868071592,1408.1428301073386,1467.521484375,4988311,0.0,0.0,HCLTECH
2024-02-07,1471.3625945906078,1473.0798088729546,1445.1075852437198,1459.9296875,3320199,0.0,0.0,HCLTECH
2024-02-08,1469.5550440859258,1489.1671429180583,1461.6921553233612,1476.6046142578125,3496692,0.0,0.0,HCLTECH
2024-02-09,1482.2077613392848,1488.3083115765046,1459.296828069018,1473.712158203125,3341297,0.0,0.0,HCLTECH
2024-02-12,1481.3043050885735,1522.878434456526,1481.3043050885735,1506.5650634765625,4885445,0.0,0.0,HCLTECH
2024-02-13,1513.8403301820244,1513.8403301820244,1489.9803769427422,1505.3447265625,3129897,0.0,0.0,HCLTECH
2024-02-14,1491.019673330642,1515.557464227914,1469.0576482567644,1510.677001953125,1386643,0.0,0.0,HCLTECH
2024-02-15,1516.5518184441405,1533.2718474317546,1491.3361850950448,1502.58837890625,2555162,0.0,0.0,HCLTECH
2024-02-16,1513.840224015813,1515.6477944325482,1491.2908271971771,1507.0166015625,1776881,0.0,0.0,HCLTECH
2024-02-19,1509.3214114789305,1521.0253866773241,1499.9672559339365,1514.0662841796875,762624,0.0,0.0,HCLTECH
2024-02-20,1501.187479089757,1511.8069570423788,1486.7269133670382,1503.040283203125,2240414,0.0,0.0,HCLTECH
2024-02-21,1496.2618816751008,1504.6218961701572,1475.022925930903,1478.864013671875,2890991,0.0,0.0,HCLTECH
2024-02-22,1485.8230358344838,1528.6624811955123,1481.3041093264715,1524.1435546875,3820901,0.0,0.0,HCLTECH
2024-02-23,1533.7235126292119,1534.0398153899653,1503.4014744809776,1505.480224609375,2191549,0.0,0.0,HCLTECH
2024-02-26,1505.4803951850522,1508.282107608994,1481.756030560344,1491.0650634765625,1844253,0.0,0.0,HCLTECH
2024-02-27,1490.3418352786723,1512.3942168226981,1489.438050054125,1499.198974609375,2049420,0.0,0.0,HCLTECH
2024-02-28,1504.531521771305,1511.1291993675902,1486.0039209417384,1492.963134765625,936575,0.0,0.0,HCLTECH
2024-02-29,1484.151206745423,1516.325944705086,1479.18038707868,1503.7633056640625,3532888,0.0,0.0,HCLTECH
2024-03-01,1514.2472248277827,1517.6364201237284,1481.394647157489,1485.91357421875,2371138,0.0,0.0,HCLTECH
2024-03-04,1490.3419743322556,1494.8609008766227,1477.688980008028,1480.3551025390625,1788071,0.0,0.0,HCLTECH
2024-03-05,1467.7473013704878,1473.124779680713,1452.4281849352162,1463.544677734375,3339546,0.0,0.0,HCLTECH
2024-03-06,1457.8054867199346,1491.2455381822022,1449.5358303067655,1486.0035400390625,2366177,0.0,0.0,HCLTECH
2024-03-07,1491.245710506753,1495.3579776567758,1473.2603613876922,1480.083984375,3181239,0.0,0.0,HCLTECH
2024-03-11,1495.7646604495098,1500.1028739876012,1475.022832097889,1480.98779296875,2970902,0.0,0.0,HCLTECH
2024-03-12,1478.5025029822566,1504.802635079841,1475.9267367530483,1478.2313232421875,2414182,0.0,0.0,HCLTECH
2024-03-13,1481.078200438181,1492.3755169937738,1455.4106751588035,1474.5257568359375,2564135,0.0,0.0,HCLTECH
2024-03-14,1476.7849947253703,1521.0704688634016,1455.0941502495998,1517.6812744140625,3513306,0.0,0.0,HCLTECH
2024-03-15,1515.6477965171762,1515.6477965171762,1484.7835095439016,1488.805419921875,3931561,0.0,0.0,HCLTECH
2024-03-18,1491.1552435271597,1503.265987434517,1477.0109828925524,1485.2806396484375,1183544,0.0,0.0,HCLTECH
2024-03-19,1483.608599456272,1483.608599456272,1440.7239266696001,1445.2880859375,1915379,0.0,0.0,HCLTECH
2024-03-20,1450.3495385502144,1463.3188362409896,1426.2636369385693,1434.397705078125,1815178,0.0,0.0,HCLTECH
2024-03-21,1453.2866335995197,1464.0868228471895,1431.0083058639111,1442.260498046875,2684744,0.0,0.0,HCLTECH
2024-03-22,1409.9051967703572,1420.253495270353,1363.0890698243754,1407.9620361328125,7468824,0.0,0.0,HCLTECH
2024-03-26,1411.938720703125,1439.3234620567016,1405.8834027409612,1411.938720703125,4496344,0.0,0.0,HCLTECH
2024-03-27,1418.0389636575937,1425.1336553367653,1391.8291931374724,1397.4326171875,2589697,0.0,0.0,HCLTECH
2024-03-28,1399.9634275441483,1410.8540845225189,1383.6952921692,1395.037841796875,5301493,0.0,0.0,HCLTECH
2024-04-01,1399.9633829043216,1418.0390883001166,1399.0595976345319,1406.9224853515625,1014857,0.0,0.0,HCLTECH
2024-04-02,1409.001416232835,1414.4241285467524,1378.3630695941297,1381.2552490234375,2031775,0.0,0.0,HCLTECH
2024-04-03,1378.5891102235073,1408.5043864694776,1371.9463092497244,1388.078857421875,3343884,0.0,0.0,HCLTECH
2024-04-04,1392.5526810082195,1403.1269267609057,1372.5789340803417,1391.5133056640625,3388449,0.0,0.0,HCLTECH
2024-04-05,1394.0435758089868,1398.7884485793718,1377.1880684182822,1396.57421875,2773570,0.0,0.0,HCLTECH
2024-04-08,1404.4823949416975,1404.4823949416975,1389.7055269441585,1391.8746337890625,1820136,0.0,0.0,HCLTECH
2024-04-09,1391.8293573515093,1411.5319209558475,1386.9037716131015,1392.28125,2432095,0.0,0.0,HCLTECH
2024-04-10,1392.7782491291075,1402.8102429463843,1388.394802577898,1391.06103515625,1829986,0.0,0.0,HCLTECH
2024-04-12,1389.1178009404268,1394.4952785510825,1370.3190253466867,1375.109130859375,4319991,0.0,0.0,HCLTECH
2024-04-15,1362.0947590389117,1383.2433564326482,1350.2551940610103,1360.2420654296875,3295684,0.0,0.0,HCLTECH
2024-04-16,1343.341177581238,1357.1239025750863,1326.1241348497051,1335.1619873046875,2446933,0.0,0.0,HCLTECH
2024-04-18,1334.9360832174405,1338.4156344575977,1312.3865744338084,1325.7174072265625,5180223,0.0,0.0,HCLTECH
2024-04-19,1303.258428796956,1315.4595305922116,1296.9319315697862,1308.229248046875,5219506,0.0,0.0,HCLTECH
2024-04-22,1312.476961975373,1331.546919970421,1310.940571103187,1324.85888671875,1939632,0.0,0.0,HCLTECH
2024-04-23,1332.9929495741178,1356.9883828875948,1329.558521333505,1343.6124267578125,2783858,0.0,0.0,HCLTECH
2024-04-24,1346.6400077372402,1352.9212710257416,1334.258194078117,1336.92431640625,1321471,0.0,0.0,HCLTECH
2024-04-25,1337.5570400015936,1369.2799929890816,1337.5570400015936,1359.4287109375,4558032,0.0,0.0,HCLTECH
2024-04-26,1370.9067132992257,1384.1019566436012,1324.000234059479,1332.0439453125,4328477,0.0,0.0,HCLTECH
2024-04-29,1278.8560707983163,1297.835560188256,1248.127373690795,1253.91162109375,11493223,0.0,0.0,HCLTECH
2024-04-30,1243.970054722854,1263.4014378252532,1231.3621841425993,1235.1129150390625,7606726,0.0,0.0,HCLTECH
2024-05-02,1227.3404634168528,1245.3258133331726,1227.3404634168528,1229.7806396484375,6555505,0.0,0.0,HCLTECH
2024-05-03,1238.1859449403644,1238.1859449403644,1205.2430126522052,1218.347900390625,5964228,0.0,0.0,HCLTECH
2024-05-06,1227.3404042119107,1233.6669011408383,1218.7544440940808,1228.0634765625,2504082,0.0,0.0,HCLTECH
2024-05-07,1234.6122397500967,1235.4824293683716,1214.6452844655537,1219.0416259765625,5096525,18.0,0.0,HCLTECH
2024-05-08,1219.0416110959218,1221.8352070790652,1197.3802292911425,1203.1962890625,6832455,0.0,0.0,HCLTECH
2024-05-09,1204.432794518141,1226.414837916191,1203.9748352806816,1209.0582275390625,5653762,0.0,0.0,HCLTECH
2024-05-10,1209.1039647898854,1211.66858126008,1193.9913098485972,1205.5318603515625,3357203,0.0,0.0,HCLTECH
2024-05-13,1205.5321080801677,1210.7529115802345,1192.205558522754,1202.5096435546875,2316566,0.0,0.0,HCLTECH
2024-05-14,1210.844198904421,1215.3779505393115,1198.6624387163117,1209.97412109375,3200462,0.0,0.0,HCLTECH
2024-05-15,1208.3254492327537,1227.605577871462,1207.4095307569285,1220.8277587890625,2975965,0.0,0.0,HCLTECH
2024-05-16,1231.9106101976224,1243.6344138871502,1216.797952154306,1234.7957763671875,5055915,0.0,0.0,HCLTECH
2024-05-17,1237.4058099134795,1237.4058099134795,1218.3546616777978,1221.1024169921875,2487831,0.0,0.0,HCLTECH
2024-05-21,1203.5167771400397,1236.3524294062015,1203.5167771400397,1229.0709228515625,4966721,0.0,0.0,HCLTECH
2024-05-22,1235.5283419752072,1239.1462875034017,1227.3309152859965,1230.12451171875,2390777,0.0,0.0,HCLTECH
2024-05-23,1233.4215954507913,1244.2293660102998,1225.498878545838,1239.741455078125,3326149,0.0,0.0,HCLTECH
2024-05-24,1245.6491442101265,1245.6491442101265,1228.1092827961706,1232.093505859375,1769966,0.0,0.0,HCLTECH
2024-05-27,1237.4057940685718,1245.2826701743359,1225.498854525351,1239.512451171875,1942325,0.0,0.0,HCLTECH
2024-05-28,1243.6799159214909,1248.6717388426384,1232.4599142689046,1244.1837158203125,2147233,0.0,0.0,HCLTECH
2024-05-29,1251.1445939161513,1251.6941226210029,1233.696302843569,1239.3292236328125,3845920,0.0,0.0,HCLTECH
2024-05-30,1232.8263586091034,1237.9097512442297,1213.683638703286,1219.8660888671875,4150461,0.0,0.0,HCLTECH
2024-05-31,1219.8659460003635,1228.1550525644968,1205.119681549608,1212.767578125,10319045,0.0,0.0,HCLTECH
2024-06-03,1236.9937003814814,1240.8405131271677,1199.7157525932184,1203.928955078125,5384064,0.0,0.0,HCLTECH
2024-06-04,1213.5918388617622,1213.5918388617622,1131.1591856560576,1193.9454345703125,5447244,0.0,0.0,HCLTECH
2024-06-05,1209.0122615395378,1242.8096721211361,1205.4401574964277,1230.719482421875,3005139,0.0,0.0,HCLTECH
2024-06-06,1240.1535210406419,1282.102628734905,1237.3141963448954,1279.9959716796875,5936709,0.0,0.0,HCLTECH
2024-06-07,1288.697085951826,1317.6859233595776,1280.4538210097035,1311.1370849609375,5884025,0.0,0.0,HCLTECH
2024-06-10,1318.9224944933922,1320.7543312912996,1279.9959625378578,1299.459228515625,3293739,0.0,0.0,HCLTECH
2024-06-11,1305.1836501140992,1317.04474803642,1296.3908563061973,1308.6641845703125,2269082,0.0,0.0,HCLTECH
2024-06-12,1348.2318744569939,1348.2318744569939,1313.8849347204875,1317.777587890625,5990861,0.0,0.0,HCLTECH
2024-06-13,1326.0207944489473,1335.1341373311147,1316.2662416363514,1322.7235107421875,4232861,0.0,0.0,HCLTECH
2024-06-14,1322.7236065785853,1324.4180332917008,1304.6342178112884,1310.72509765625,3065114,0.0,0.0,HCLTECH
2024-06-18,1310.7249797633638,1318.6934245658613,1307.061306418503,1316.3577880859375,2223029,0.0,0.0,HCLTECH
2024-06-19,1318.9685014189658,1329.8221134535993,1310.0382959033311,1324.28076171875,3117522,0.0,0.0,HCLTECH
2024-06-20,1327.1200713019355,1327.1200713019355,1309.3513417741383,1322.08251953125,3163919,0.0,0.0,HCLTECH
2024-06-21,1339.0726944173266,1357.3452216876528,1318.1897102742869,1326.1124267578125,6489262,0.0,0.0,HCLTECH
2024-06-24,1316.953416326047,1322.5404969142928,1306.6493330174735,1319.701171875,1988692,0.0,0.0,HCLTECH
2024-06-25,1319.7925508036947,1328.1732263792276,1306.5117342346734,1326.2039794921875,2079037,0.0,0.0,HCLTECH
2024-06-26,1326.2040547202953,1331.1043077981906,1317.2738499690483,1322.3114013671875,1917424,0.0,0.0,HCLTECH
2024-06-27,1314.3429036322482,1337.7446634682785,1303.8098420351955,1332.5697021484375,6613193,0.0,0.0,HCLTECH
2024-06-28,1344.5682488555071,1345.2093470308835,1320.754369788584,1336.87451171875,4943575,0.0,0.0,HCLTECH
2024-07-01,1341.8205380634413,1354.2770067039685,1332.6613535032814,1345.3468017578125,3723295,0.0,0.0,HCLTECH
2024-07-02,1350.9794992281575,1366.9622289201816,1349.1476626190347,1356.2918701171875,3811366,0.0,0.0,HCLTECH
2024-07-03,1363.8025673010477,1363.8025673010477,1347.4991742252378,1356.4752197265625,2070876,0.0,0.0,HCLTECH
2024-07-04,1360.138977014922,1405.5227835631545,1360.138977014922,1394.3485107421875,6822557,0.0,0.0,HCLTECH
2024-07-05,1394.9437683604585,1400.6682585457854,1378.9610364856053,1391.646484375,3061687,0.0,0.0,HCLTECH
2024-07-08,1399.5233784068973,1410.5143997032865,1379.5563116625433,1404.4693603515625,2939620,0.0,0.0,HCLTECH
2024-07-09,1404.469450241303,1416.2848212524264,1396.775712480121,1402.36279296875,2658608,0.0,0.0,HCLTECH
2024-07-10,1402.362663646483,1403.736541269768,1362.7491921750989,1382.990966796875,3507096,0.0,0.0,HCLTECH
2024-07-11,1387.6163020664915,1405.0187507392727,1381.2507142482343,1384.7769775390625,3304053,0.0,0.0,HCLTECH
2024-07-12,1401.355297383852,1434.3283632046487,1383.4948867309206,1429.0159912109375,6430647,0.0,0.0,HCLTECH
2024-07-15,1447.151184815436,1498.8090089638094,1435.6106344370594,1437.6256103515625,10337489,0.0,0.0,HCLTECH
2024-07-16,1433.4123603546934,1449.8988922948752,1424.2531759434812,1437.579833984375,3540650,0.0,0.0,HCLTECH
2024-07-18,1427.0468796485866,1464.7826775491226,1426.0851204902197,1460.4779052734375,4399468,0.0,0.0,HCLTECH
2024-07-19,1475.0867607896587,1480.536431203181,1455.0281230534565,1460.4779052734375,5633838,0.0,0.0,HCLTECH
2024-07-22,1455.028057510823,1460.431998839283,1438.816345331896,1444.4949951171875,2704495,0.0,0.0,HCLTECH
2024-07-23,1452.709148220558,1477.4440123281659,1431.5737765809247,1475.1827392578125,2907674,12.0,0.0,HCLTECH
2024-07-24,1471.1679584882304,1474.8597224994933,1455.3394977572018,1461.66162109375,2484299,0.0,0.0,HCLTECH
2024-07-25,1449.0173693385914,1471.1679533284805,1442.418318658864,1465.2611083984375,2934731,0.0,0.0,HCLTECH
2024-07-26,1479.2900006346795,1513.623363572176,1471.1680741061273,1509.3316650390625,2814159,0.0,0.0,HCLTECH
2024-07-29,1513.8079312370148,1518.2380935359156,1495.1645662785309,1506.5628662109375,1639491,0.0,0.0,HCLTECH
2024-07-30,1503.4709574865099,1507.162721654678,1493.3186060240473,1504.6246337890625,1783877,0.0,0.0,HCLTECH
2024-07-31,1496.0874450317583,1518.2380302759052,1494.4261060729661,1516.02294921875,1984986,0.0,0.0,HCLTECH
2024-08-01,1513.669510921287,1527.9289050481918,1510.0238261832649,1514.1309814453125,1785188,0.0,0.0,HCLTECH
2024-08-02,1495.2108015775063,1512.7004906781915,1477.7671919344423,1485.2891845703125,1692851,0.0,0.0,HCLTECH
2024-08-05,1453.6319628576234,1472.7367950182772,1418.5602075632808,1442.0029296875,3279717,0.0,0.0,HCLTECH
2024-08-06,1442.5568268058462,1481.3203499829708,1442.5568268058462,1460.784912109375,2138704,0.0,0.0,HCLTECH
2024-08-07,1481.32028851341,1490.5496984106899,1467.4761736674902,1471.7216796875,1897787,0.0,0.0,HCLTECH
2024-08-08,1473.9368760483837,1478.5515813584914,1434.7580730310513,1437.8037109375,2373805,0.0,0.0,HCLTECH
2024-08-09,1462.769269081842,1478.551538249518,1454.4166076485976,1467.4300537109375,2021762,0.0,0.0,HCLTECH
2024-08-12,1467.4761326646526,1477.167012786023,1452.5706135642827,1463.0921630859375,1273739,0.0,0.0,HCLTECH
2024-08-13,1456.4010099188401,1484.4584410076857,1456.0780030767576,1469.922119140625,1973825,0.0,0.0,HCLTECH
2024-08-14,1476.7977971968537,1504.1630190015014,1475.0903789655772,1500.8404541015625,3932148,0.0,0.0,HCLTECH
2024-08-16,1509.0086211312146,1545.0033221857204,1506.8858116445701,1539.6964111328125,3101056,0.0,0.0,HCLTECH
2024-08-19,1536.6967904344,1555.1556107399185,1531.2053364589876,1549.156494140625,1631947,0.0,0.0,HCLTECH
2024-08-20,1550.5409001222765,1564.4312074180177,1540.5730921274398,1556.770751953125,2786109,0.0,0.0,HCLTECH
2024-08-21,1556.0785414473562,1558.7089007907286,1544.77251408512,1548.0028076171875,1410370,0.0,0.0,HCLTECH
2024-08-22,1557.001435945659,1557.001435945659,1544.0802622033714,1546.987548828125,1749127,0.0,0.0,HCLTECH
2024-08-23,1546.8953168933588,1556.0323427142498,1529.4517093616355,1533.4202880859375,2158185,0.0,0.0,HCLTECH
2024-08-26,1542.2344793675645,1600.3797649451567,1538.634986775259,1586.950927734375,2672708,0.0,0.0,HCLTECH
2024-08-27,1592.8577199424021,1621.468891258988,1573.706693980494,1579.705810546875,3556487,0.0,0.0,HCLTECH
2024-08-28,1580.5827246830283,1603.8407938485848,1562.5853743852022,1586.950927734375,2516461,0.0,0.0,HCLTECH
2024-08-29,1581.9209520069987,1620.6844759184887,1566.4616894946782,1616.854248046875,5112407,0.0,0.0,HCLTECH
2024-08-30,1616.8541003559483,1630.1906648435895,1607.9476975475723,1618.146240234375,4792561,0.0,0.0,HCLTECH
2024-09-02,1628.2524830531247,1672.3691083499093,1624.3761758807066,1667.431396484375,4445349,0.0,0.0,HCLTECH
2024-09-03,1666.8313914032008,1677.122205748866,1649.3417050915511,1652.4796142578125,2553290,0.0,0.0,HCLTECH
2024-09-04,1629.0830155503281,1657.2789060712662,1628.9907439899218,1647.6802978515625,2644961,0.0,0.0,HCLTECH
2024-09-05,1653.9104851820123,1659.1712044946182,1631.1138846091062,1652.572265625,2878565,0.0,0.0,HCLTECH
2024-09-06,1650.2183264515131,1657.3711184145998,1605.9633554356947,1620.7764892578125,3351716,0.0,0.0,HCLTECH
2024-09-09,1622.8533100304692,1630.190758692684,1606.9787696493154,1612.147216796875,1418238,0.0,0.0,HCLTECH
2024-09-10,1614.6390499132683,1651.418338040681,1612.516353260748,1642.0042724609375,2307528,0.0,0.0,HCLTECH
2024-09-11,1641.1736118076558,1658.3864836828104,1637.0203773818716,1641.6812744140625,2303930,0.0,0.0,HCLTECH
2024-09-12,1661.2937765007082,1674.399493449847,1640.1584053669324,1668.30810546875,3349489,0.0,0.0,HCLTECH
2024-09-13,1665.9083157569955,1679.752429184339,1657.2788409200216,1673.1072998046875,1599349,0.0,0.0,HCLTECH
2024-09-16,1678.8297639071125,1683.6752044021714,1668.8619555375103,1672.230712890625,836199,0.0,0.0,HCLTECH
2024-09-17,1672.3229140501364,1687.1361622910924,1667.9389442630015,1673.9842529296875,830317,0.0,0.0,HCLTECH
2024-09-18,1668.7696073117113,1668.7696073117113,1606.0096190204538,1621.1458740234375,2629136,0.0,0.0,HCLTECH
2024-09-19,1639.1431804275842,1639.1431804275842,1588.8428970191928,1602.68701171875,4167373,0.0,0.0,HCLTECH
2024-09-20,1613.3008790893257,1630.0060887714128,1588.7506708533147,1624.42236328125,4644317,0.0,0.0,HCLTECH
2024-09-23,1628.067850700379,1628.067850700379,1598.995210509301,1617.73095703125,1541597,0.0,0.0,HCLTECH
2024-09-24,1615.1469006508103,1646.0654270346972,1604.394614465165,1638.774169921875,1907389,0.0,0.0,HCLTECH
2024-09-25,1641.7276056090752,1646.5730461829755,1619.7615632752456,1645.0501708984375,2240579,0.0,0.0,HCLTECH
2024-09-26,1644.9116225740677,1669.0465526283738,1641.819792709207,1646.3883056640625,4303250,0.0,0.0,HCLTECH
2024-09-27,1670.5234361968983,1687.6440391305887,1658.1099231315275,1669.0467529296875,4099016,0.0,0.0,HCLTECH
2024-09-30,1668.6774794372927,1680.3987861355565,1651.2800625411662,1657.6944580078125,2117894,0.0,0.0,HCLTECH
2024-10-01,1652.0645224762593,1682.013915262372,1652.0645224762593,1676.5224609375,1642542,0.0,0.0,HCLTECH
2024-10-03,1640.9891635361219,1669.8772630553035,1633.6056352412463,1641.496826171875,3552386,0.0,0.0,HCLTECH
2024-10-04,1640.989039300581,1668.584996746192,1631.0674239054847,1639.6968994140625,2982759,0.0,0.0,HCLTECH
2024-10-07,1647.4034251573898,1665.1700386769787,1631.6673493525404,1640.0198974609375,3419048,0.0,0.0,HCLTECH
2024-10-08,1637.2976110386574,1655.7564341619793,1608.6864351975084,1651.5570068359375,2353030,0.0,0.0,HCLTECH
2024-10-09,1654.8793389159846,1684.3672576209124,1652.2027875903145,1670.2462158203125,2499596,0.0,0.0,HCLTECH
2024-10-10,1679.7527020791267,1698.1653308633595,1658.5250580418628,1669.27734375,3753869,0.0,0.0,HCLTECH
2024-10-11,1664.9856783619666,1710.0252473210535,1661.893848332339,1697.8885498046875,2977110,0.0,0.0,HCLTECH
2024-10-14,1703.795284119454,1721.7464415672332,1691.19711689232,1712.88623046875,1751092,0.0,0.0,HCLTECH
2024-10-15,1688.9822706592795,1737.6674153463161,1688.9360785372191,1725.9921875,5696544,0.0,0.0,HCLTECH
2024-10-16,1724.9767759144427,1739.7438323160645,1711.178852654657,1721.5157470703125,2144442,0.0,0.0,HCLTECH
2024-10-17,1725.8074162826192,1732.406467033612,1708.779087058279,1723.8692626953125,2399099,0.0,0.0,HCLTECH
2024-10-18,1723.130759209419,1729.4990743177036,1700.9801763379537,1714.54736328125,2366406,0.0,0.0,HCLTECH
2024-10-21,1730.7913558189834,1742.974132329756,1698.211492447313,1701.5340576171875,1284980,0.0,0.0,HCLTECH
2024-10-22,1699.861786760121,1720.4852689210156,1690.29316781954,1693.3123779296875,2089660,12.0,0.0,HCLTECH
2024-10-23,1666.1398248219093,1732.5624607152836,1666.1398248219093,1714.679443359375,2522186,0.0,0.0,HCLTECH
2024-10-24,1713.982524538951,1730.6578105145184,1707.2008681055163,1713.8896484375,1621637,0.0,0.0,HCLTECH
2024-10-25,1727.9172037261842,1738.647057529407,1709.523201035466,1720.8104248046875,4078295,0.0,0.0,HCLTECH
2024-10-28,1714.0755792679558,1743.5245642142506,1714.0755792679558,1738.8331298828125,2418907,0.0,0.0,HCLTECH
2024-10-29,1738.8331298828125,1742.6884524103905,1719.7423828690269,1738.8331298828125,1719955,0.0,0.0,HCLTECH
2024-10-30,1728.846138168879,1736.6960390024155,1704.9711992464584,1708.22265625,1732047,0.0,0.0,HCLTECH
2024-10-31,1709.3375170606746,1712.960592086984,1631.8135320960184,1640.638916015625,3616088,0.0,0.0,HCLTECH
2024-11-01,1650.8114106775472,1654.8061037962525,1626.6577265595863,1632.603271484375,242223,0.0,0.0,HCLTECH
2024-11-04,1637.805527954895,1655.549172650557,1621.0837471816744,1637.759033203125,2843690,0.0,0.0,HCLTECH
2024-11-05,1643.3793834807566,1656.7103354487508,1636.4119751279552,1647.6063232421875,1818350,0.0,0.0,HCLTECH
2024-11-06,1663.909909005015,1721.4142724655287,1656.3851310340192,1707.85107421875,3477029,0.0,0.0,HCLTECH
2024-11-07,1718.6739005238142,1730.286247860123,1685.3695976418162,1701.859130859375,2173869,0.0,0.0,HCLTECH
2024-11-08,1708.362123710801,1722.482806760405,1698.2362470906446,1707.01513671875,1521324,0.0,0.0,HCLTECH
2024-11-11,1715.5618558178148,1740.9232700539362,1703.7637552182066,1734.6990966796875,1679869,0.0,0.0,HCLTECH
2024-11-12,1756.7157639160062,1758.5272445942182,1732.0510947943208,1739.8546142578125,2711052,0.0,0.0,HCLTECH
2024-11-13,1733.491190775196,1746.1254018539637,1727.0811524376231,1732.3299560546875,1254074,0.0,0.0,HCLTECH
2024-11-14,1739.0652311669462,1762.289927095992,1715.236670463378,1726.94189453125,2462563,0.0,0.0,HCLTECH
2024-11-18,1726.9417159209622,1732.6086318630128,1686.1127500612015,1704.6925048828125,2483933,0.0,0.0,HCLTECH
2024-11-19,1706.5506029054955,1732.5622615235432,1688.249588452816,1691.268798828125,2354204,0.0,0.0,HCLTECH
2024-11-21,1704.6926664547905,1708.919606438069,1690.9436012229226,1705.94677734375,1841245,0.0,0.0,HCLTECH
2024-11-22,1715.2365939728818,1766.9347874858383,1706.0860868652692,1763.5904541015625,2765950,0.0,0.0,HCLTECH
2024-11-25,1782.7274999119172,1783.6099929174802,1745.1034958752145,1757.3660888671875,6531524,0.0,0.0,HCLTECH
2024-11-26,1755.8798107621496,1778.9651348153143,1754.9973177165698,1764.6588134765625,2079873,0.0,0.0,HCLTECH
2024-11-27,1762.0577587896369,1780.869763331875,1753.0930030804984,1756.7625732421875,1631975,0.0,0.0,HCLTECH
2024-11-28,1751.235047472098,1765.5414836479563,1704.6927768976584,1710.173828125,3631255,0.0,0.0,HCLTECH
2024-11-29,1711.1954965200996,1739.343871709582,1703.717099505195,1716.81591796875,2482280,0.0,0.0,HCLTECH
2024-12-02,1716.815868412719,1745.1499949802283,1705.11053196173,1738.6005859375,2014744,0.0,0.0,HCLTECH
2024-12-03,1750.212853437376,1761.6394476820105,1739.1114956141464,1756.4835205078125,2954648,0.0,0.0,HCLTECH
2024-12-04,1748.3549953752035,1775.2956408937375,1744.2674264782327,1762.8936767578125,3730643,0.0,0.0,HCLTECH
2024-12-05,1751.1420337573902,1800.4712641234519,1750.2130459410732,1787.37255859375,3881814,0.0,0.0,HCLTECH
2024-12-06,1789.230377738011,1801.6323413207838,1779.290254333529,1786.1646728515625,2250408,0.0,0.0,HCLTECH
2024-12-09,1779.0117411582753,1789.277102310028,1766.0059111968048,1774.27392578125,1379520,0.0,0.0,HCLTECH
2024-12-10,1780.3585795450927,1804.8374981860254,1776.4103814935652,1798.845458984375,2695207,0.0,0.0,HCLTECH
2024-12-11,1789.4627767578736,1797.4056679284859,1779.9406516641586,1793.7825927734375,1387117,0.0,0.0,HCLTECH
2024-12-12,1788.2549423925188,1810.5971433705201,1785.0499799827883,1798.7060546875,2306173,0.0,0.0,HCLTECH
2024-12-13,1801.307329364767,1834.750889889332,1776.5497820182993,1828.9912109375,2569918,0.0,0.0,HCLTECH
2024-12-16,1830.895696498581,1839.3959580761184,1811.758569312096,1815.6138916015625,1371189,0.0,0.0,HCLTECH
2024-12-17,1807.1601725001037,1823.7889648690514,1800.3785155996989,1812.083740234375,1987909,0.0,0.0,HCLTECH
2024-12-18,1810.597246361226,1831.917471294998,1808.5070237833336,1821.1412353515625,3460812,0.0,0.0,HCLTECH
2024-12-19,1774.3666991556402,1807.9960121768104,1774.3666991556402,1796.8946533203125,1916115,0.0,0.0,HCLTECH
2024-12-20,1815.799448049168,1818.6329060701487,1761.7324059257794,1775.6207275390625,3786921,0.0,0.0,HCLTECH
2024-12-23,1782.2630803182885,1801.6789478663388,1764.2871892096744,1767.86376953125,2058339,0.0,0.0,HCLTECH
2024-12-24,1773.0662618581725,1787.047574945151,1755.0903688905157,1762.2435302734375,1310301,0.0,0.0,HCLTECH
2024-12-26,1770.279127716681,1773.3448328151917,1752.3497312307734,1765.7735595703125,1065107,0.0,0.0,HCLTECH
2024-12-27,1765.0767997757828,1767.7708870452802,1749.0052656591977,1757.6448974609375,1328546,0.0,0.0,HCLTECH
2024-12-30,1753.92906220862,1829.1305833657811,1733.1662064248123,1791.9710693359375,6262203,0.0,0.0,HCLTECH
2024-12-31,1779.1973697587334,1790.902706632299,1745.1500579822189,1781.2412109375,1968650,0.0,0.0,HCLTECH
2025-01-01,1781.2412743322218,1799.4029182290549,1772.4158900145558,1776.17822265625,880695,0.0,0.0,HCLTECH
2025-01-02,1776.1782626816826,1835.9587211546775,1774.4132764998433,1832.1497802734375,3487645,0.0,0.0,HCLTECH
2025-01-03,1839.395906065339,1850.6366361442604,1803.1653806428399,1808.4141845703125,2853344,0.0,0.0,HCLTECH
2025-01-06,1812.6873957850632,1833.2644976795937,1792.9464055683138,1814.359619140625,1789037,0.0,0.0,HCLTECH
2025-01-07,1820.8162431818484,1840.3249886445112,1773.3449852364042,1779.847900390625,2494547,0.0,0.0,HCLTECH
2025-01-08,1770.9294337892552,1800.8427946643728,1760.0138274764843,1795.03662109375,2372138,0.0,0.0,HCLTECH
2025-01-09,1789.973737253202,1806.3702811912256,1783.6565748565195,1797.4056396484375,2742139,0.0,0.0,HCLTECH
2025-01-10,1798.520307841618,1860.1586231908454,1797.823567019882,1853.4234619140625,4802079,0.0,0.0,HCLTECH
2025-01-13,1853.237728643335,1869.3091490543711,1825.8325893752476,1848.1282958984375,5694121,0.0,0.0,HCLTECH
2025-01-14,1798.6131256088609,1801.3072127125706,1670.0876955410129,1684.7657470703125,15819311,0.0,0.0,HCLTECH
2025-01-15,1705.6217209607778,1712.6356247056385,1683.8370008767802,1696.0531005859375,3350594,0.0,0.0,HCLTECH
2025-01-16,1702.8346466094251,1707.4330908835625,1658.5219736705017,1664.9783935546875,5362008,0.0,0.0,HCLTECH
2025-01-17,1663.8054141652738,1682.6674830905263,1642.2688924424344,1678.7261962890625,2424374,18.0,0.0,HCLTECH
2025-01-20,1679.852244571819,1688.2041389869971,1654.0459000347748,1685.5765380859375,3401004,0.0,0.0,HCLTECH
2025-01-21,1681.0722375093103,1708.6146224912652,1681.0722375093103,1691.394775390625,4005357,0.0,0.0,HCLTECH
2025-01-22,1696.8375516893925,1718.6556437932056,1692.9432311922842,1715.1365966796875,3009261,0.0,0.0,HCLTECH
2025-01-23,1705.1425174400829,1716.3095348003362,1693.0838249010083,1695.71142578125,3750930,0.0,0.0,HCLTECH
2025-01-24,1689.14253374764,1716.7318847093134,1680.7906394203148,1682.432861328125,3171259,0.0,0.0,HCLTECH
2025-01-27,1665.68234023046,1670.1398000141753,1602.1518539761182,1606.515380859375,4174844,0.0,0.0,HCLTECH
2025-01-28,1606.5153097773027,1623.922908299152,1586.8556127904455,1588.967041015625,5079829,0.0,0.0,HCLTECH
2025-01-29,1591.5474953643106,1617.9168619702052,1591.5474953643106,1613.1309814453125,3733620,0.0,0.0,HCLTECH
2025-01-30,1615.9464995548221,1626.2220717188684,1593.2838123213332,1607.5946044921875,2543744,0.0,0.0,HCLTECH
2025-01-31,1603.7938432841613,1631.1484745562514,1603.7938432841613,1619.1837158203125,2033832,0.0,0.0,HCLTECH
2025-02-01,1619.7001007692593,1625.2836097568943,1584.0404230002953,1589.6708984375,569018,0.0,0.0,HCLTECH
2025-02-03,1562.4568078873006,1595.8642698782132,1559.1723641469969,1587.7939453125,2659929,0.0,0.0,HCLTECH
2025-02-04,1590.7030615992098,1628.9903387622348,1587.8409721052678,1625.8466796875,3647768,0.0,0.0,HCLTECH
2025-02-05,1623.4537842153752,1639.2191615824402,1604.685532374735,1607.3599853515625,2681942,0.0,0.0,HCLTECH
2025-02-06,1617.6824253830039,1621.999100133098,1607.359887499065,1617.35400390625,2057798,0.0,0.0,HCLTECH
2025-02-07,1617.0255507399675,1624.3920660841331,1595.9112691184232,1619.37158203125,2428098,0.0,0.0,HCLTECH
2025-02-10,1617.7762214422728,1632.8377882409363,1606.6560559673007,1627.0665283203125,1823071,0.0,0.0,HCLTECH
2025-02-11,1635.4654879496652,1641.283600116573,1609.377572441351,1617.072509765625,1702553,0.0,0.0,HCLTECH
2025-02-12,1617.729388478944,1635.0900203386902,1594.503678288202,1611.535888671875,2214307,0.0,0.0,HCLTECH
2025-02-13,1606.5620987120294,1623.406556204124,1595.535752532201,1598.210205078125,1838463,0.0,0.0,HCLTECH
2025-02-14,1605.6237953113587,1617.2601332784309,1595.2542913149882,1605.8583984375,1460459,0.0,0.0,HCLTECH
2025-02-17,1605.8585088625016,1614.2104036379035,1589.7647103920724,1604.5916748046875,1127023,0.0,0.0,HCLTECH
2025-02-18,1600.9316697718957,1622.0459502935064,1596.4742105506668,1619.230712890625,1511900,0.0,0.0,HCLTECH
2025-02-19,1617.072477330942,1624.9551657442344,1598.5388292736943,1606.8438720703125,1294110,0.0,0.0,HCLTECH
2025-02-20,1600.1810541319835,1608.955303224316,1579.864513816305,1583.6181640625,1681532,0.0,0.0,HCLTECH
2025-02-21,1585.917161721241,1599.1957218141617,1581.3658839013194,1595.9581298828125,1222563,0.0,0.0,HCLTECH
2025-02-24,1581.2251903726578,1585.917253252102,1536.7444113650647,1542.7972412109375,4455420,0.0,0.0,HCLTECH
2025-02-25,1535.242973645093,1550.2106084046304,1530.785513911099,1535.3367919921875,1951519,0.0,0.0,HCLTECH
2025-02-27,1520.2284660005098,1557.7649713338558,1515.7240395395788,1528.86181640625,2266866,0.0,0.0,HCLTECH
2025-02-28,1512.7210513058783,1515.4893225453447,1466.2226629959907,1478.0467529296875,4910121,0.0,0.0,HCLTECH
2025-03-03,1478.046630449053,1504.6506014906618,1471.8530164056688,1475.559814453125,1784684,0.0,0.0,HCLTECH
2025-03-04,1463.9234789665418,1463.9234789665418,1429.2022169654124,1440.932373046875,3246644,0.0,0.0,HCLTECH
2025-03-05,1437.648099747889,1484.0057049870381,1436.7566536009574,1476.0760498046875,3112003,0.0,0.0,HCLTECH
2025-03-06,1482.6918496957885,1496.486468552412,1478.1405716752233,1487.80615234375,2011489,0.0,0.0,HCLTECH
2025-03-07,1485.1786140907477,1489.260685687368,1459.7945093234823,1461.999755859375,2091986,0.0,0.0,HCLTECH
2025-03-10,1461.108298968804,1475.6067266347575,1451.7241737345792,1453.882568359375,1855766,0.0,0.0,HCLTECH
2025-03-11,1435.7243009450326,1477.01445504007,1428.826991296439,1471.2901611328125,1846190,0.0,0.0,HCLTECH
2025-03-12,1460.1698370005536,1468.615549425364,1414.2814432486225,1445.71826171875,3113860,0.0,0.0,HCLTECH
2025-03-13,1445.718328113091,1452.6156373329825,1434.9735504112195,1440.2286376953125,1983351,0.0,0.0,HCLTECH
2025-03-17,1433.894481922668,1452.2404944462066,1425.4957348030157,1449.98828125,2029100,0.0,0.0,HCLTECH
2025-03-18,1449.98828125,1449.98828125,1449.98828125,1449.98828125,0,0.0,0.0,HCLTECH
2025-03-19,1462.516041720709,1465.1904947286948,1431.1730378712193,1449.331298828125,4522829,0.0,0.0,HCLTECH
2025-03-20,1452.521854437945,1484.662484537233,1451.7711931232186,1465.8004150390625,4608677,0.0,0.0,HCLTECH
2025-03-21,1440.557003390561,1493.9996639060917,1427.7946163227189,1470.2108154296875,8109210,0.0,0.0,HCLTECH
2025-03-24,1493.0142233618444,1511.688654220074,1463.9234371115508,1505.3543701171875,2487843,0.0,0.0,HCLTECH
2025-03-25,1522.1049969946318,1556.7792912717086,1519.242793195392,1524.826416015625,4906013,0.0,0.0,HCLTECH
2025-03-26,1524.8264723795628,1543.6415740044204,1522.1050532579748,1532.802978515625,3096513,0.0,0.0,HCLTECH
2025-03-27,1525.5303175393603,1543.6885766705861,1514.1755490955886,1529.753173828125,3383080,0.0,0.0,HCLTECH
2025-03-28,1516.5683866264308,1525.4364532973739,1484.1931560534322,1494.421875,2211077,0.0,0.0,HCLTECH
2025-04-01,1479.876451536765,1487.3837512275031,1432.1112343439827,1436.0994873046875,4126827,0.0,0.0,HCLTECH
2025-04-02,1421.694802252573,1443.7944603461306,1413.6244784307735,1433.471923828125,3167863,0.0,0.0,HCLTECH
2025-04-03,1407.6187370667203,1407.6187370667203,1374.7742998684969,1379.5601806640625,3966161,0.0,0.0,HCLTECH
2025-04-04,1359.7596759029284,1366.516199900158,1331.7011199976453,1334.516357421875,4421312,0.0,0.0,HCLTECH
2025-04-07,1262.1647545930055,1298.5282372996812,1222.516828287017,1289.4725341796875,6484139,0.0,0.0,HCLTECH
2025-04-08,1295.0092338862357,1336.5339864945445,1287.5019339796488,1316.921142578125,3938359,0.0,0.0,HCLTECH
2025-04-09,1295.6193905199027,1303.1735432850926,1273.4728758751698,1295.0093994140625,3306801,0.0,0.0,HCLTECH
2025-04-11,1276.2411176304622,1337.2379357525062,1276.2411176304622,1304.90966796875,4859622,0.0,0.0,HCLTECH
2025-04-15,1332.5458262136349,1340.8039025068701,1319.4080504622327,1338.6455078125,3265147,0.0,0.0,HCLTECH
2025-04-16,1327.8539446608881,1347.654429335118,1318.9390241843662,1343.525390625,2553111,0.0,0.0,HCLTECH
2025-04-17,1332.5458298472272,1353.2847244294571,1298.7629778229311,1349.437255859375,3549969,0.0,0.0,HCLTECH
2025-04-21,1346.6219083757696,1406.6803070768494,1341.9298459772479,1390.727294921875,2840104,0.0,0.0,HCLTECH
2025-04-22,1398.2345345231154,1407.5248405824202,1374.3050173215452,1388.756591796875,2608145,0.0,0.0,HCLTECH
2025-04-23,1459.231500757234,1501.4600650878292,1448.6273932266265,1495.82958984375,13293318,0.0,0.0,HCLTECH
2025-04-24,1496.7679958511324,1504.5568657257024,1479.0319759992367,1488.9791259765625,3193118,0.0,0.0,HCLTECH
2025-04-25,1492.0759997939456,1518.3515519915748,1471.5247414146222,1481.002685546875,3800415,0.0,0.0,HCLTECH
2025-04-28,1485.5590115748148,1489.7356862837348,1459.075220717647,1470.656005859375,2618810,18.0,0.0,HCLTECH
2025-04-29,1476.066611334349,1500.5570233253402,1469.516839208954,1489.35595703125,2231069,0.0,0.0,HCLTECH
2025-04-30,1491.2544653982256,1507.29662763426,1475.117402437201,1487.93212890625,3682256,0.0,0.0,HCLTECH
2025-05-02,1487.4574604298189,1500.7468059601426,1478.0599714871676,1492.5833740234375,1370848,0.0,0.0,HCLTECH
2025-05-05,1499.7975435119658,1516.599026605548,1483.9452993699736,1488.9761962890625,1012225,0.0,0.0,HCLTECH
2025-05-06,1496.760057193726,1503.4047299968138,1485.6538916985114,1498.9432373046875,2055057,0.0,0.0,HCLTECH
2025-05-07,1473.2188659025683,1498.2787976210511,1466.574193182647,1483.9453125,5469936,0.0,0.0,HCLTECH
2025-05-08,1482.6164125144514,1516.8839171296463,1476.8260778078231,1500.4620361328125,2789018,0.0,0.0,HCLTECH
2025-05-09,1486.5082819813285,1497.6143319913983,1478.2499489865486,1489.7357177734375,2035161,0.0,0.0,HCLTECH
2025-05-12,1517.6433288868916,1589.9752928759262,1513.0869354293889,1585.513916015625,4028207,0.0,0.0,HCLTECH
2025-05-13,1599.4675775411424,1602.4101950134725,1533.2106546857274,1537.3873291015625,3118470,0.0,0.0,HCLTECH
2025-05-14,1547.2596313457075,1558.9353178581853,1534.919523856447,1554.5687255859375,1569126,0.0,0.0,HCLTECH
2025-05-15,1566.244308903532,1616.1742558186468,1542.5133345262059,1609.9093017578125,4961582,0.0,0.0,HCLTECH
2025-05-16,1606.0174938270525,1607.5362530584684,1573.8382684209864,1575.641845703125,2586263,0.0,0.0,HCLTECH
2025-05-19,1576.6858488345342,1579.533565599437,1554.9482543543309,1565.864501953125,1642018,0.0,0.0,HCLTECH
2025-05-20,1576.4960594943752,1581.432055575185,1553.3346064540299,1555.13818359375,2421580,0.0,0.0,HCLTECH
2025-05-21,1561.4981492899233,1573.3636367465335,1545.740805122325,1568.142822265625,1420835,0.0,0.0,HCLTECH
2025-05-22,1555.2332136218106,1557.4163938155039,1532.0717586557046,1550.1072998046875,2202093,0.0,0.0,HCLTECH
2025-05-23,1550.1073792920693,1585.9886619779707,1540.140369198642,1564.5357666015625,1459454,0.0,0.0,HCLTECH
2025-05-26,1568.522541916578,1590.73475762256,1562.0676703870101,1588.6463623046875,1078813,0.0,0.0,HCLTECH
2025-05-27,1588.8362259632327,1590.4498858541704,1558.175761044238,1568.2376708984375,2740015,0.0,0.0,HCLTECH
2025-05-28,1579.5336830231895,1582.1915985509136,1563.396620155765,1573.173828125,1775441,0.0,0.0,HCLTECH
2025-05-29,1585.2291331768304,1590.449947687293,1571.560068374657,1580.1981201171875,2374051,0.0,0.0,HCLTECH
2025-05-30,1580.198004896256,1580.198004896256,1544.696561512837,1553.5244140625,4408910,0.0,0.0,HCLTECH
2025-06-02,1542.6083187355225,1552.1956097280508,1524.1930584472964,1548.6834716796875,1883100,0.0,0.0,HCLTECH
2025-06-03,1563.3017256602932,1567.8580033166743,1534.9194565056011,1547.6392822265625,2380133,0.0,0.0,HCLTECH
2025-06-04,1548.2087893328817,1561.1184163941086,1539.855439889435,1543.5574951171875,1659720,0.0,0.0,HCLTECH
2025-06-05,1551.9109394117704,1569.9464812849753,1542.1337308888387,1549.537841796875,1409322,0.0,0.0,HCLTECH
2025-06-06,1548.3986718413075,1556.5622202640966,1539.6657190446242,1554.5687255859375,1261281,0.0,0.0,HCLTECH
2025-06-09,1564.345675150342,1573.838063955866,1555.8025252253706,1564.6304931640625,1299786,0.0,0.0,HCLTECH
2025-06-10,1569.3767485849999,1599.372675201935,1565.2949748903684,1583.4254150390625,3055223,0.0,0.0,HCLTECH
2025-06-11,1590.9245363876787,1637.816965348587,1581.43214655243,1634.49462890625,5085821,0.0,0.0,HCLTECH
2025-06-12,1637.4371476360536,1638.3863865622195,1608.9599798510787,1614.84521484375,3607962,0.0,0.0,HCLTECH
2025-06-13,1581.4322448220746,1624.1480017350357,1580.1032869877788,1609.2449951171875,1988422,0.0,0.0,HCLTECH
2025-06-16,1606.112289101041,1641.6138486897555,1597.948857378498,1635.5386962890625,2116100,0.0,0.0,HCLTECH
2025-06-17,1640.284829792158,1650.536656327915,1632.6909185431202,1641.8035888671875,1777245,0.0,0.0,HCLTECH
2025-06-18,1640.1900621335562,1656.422025570383,1623.198661160662,1628.7991943359375,1794428,0.0,0.0,HCLTECH
2025-06-19,1632.4062735507202,1632.4062735507202,1611.048395898946,1626.9007568359375,2514527,0.0,0.0,HCLTECH
2025-06-20,1626.9008392617109,1654.1439537859997,1622.344445448925,1651.5810546875,2719770,0.0,0.0,HCLTECH
2025-06-23,1641.4238638080676,1641.9934998486635,1612.9466967338549,1616.74365234375,2221446,0.0,0.0,HCLTECH
2025-06-24,1632.5962004937737,1644.6514896008969,1603.4544932906756,1605.922607421875,3601071,0.0,0.0,HCLTECH
2025-06-25,1615.6047469719333,1633.355469581466,1614.6555079901636,1629.938232421875,1307518,0.0,0.0,HCLTECH
2025-06-26,1623.1987605059167,1639.240923477511,1616.269269155364,1636.5830078125,2971055,0.0,0.0,HCLTECH
2025-06-27,1646.9296583037208,1663.5413407361789,1623.9581209466817,1635.8236083984375,6478283,0.0,0.0,HCLTECH
2025-06-30,1637.4372550040107,1646.7398434399704,1626.3312051891958,1640.8544921875,1855229,0.0,0.0,HCLTECH
2025-07-01,1640.8544845891133,1656.422027101697,1626.9956185973117,1631.077392578125,1639826,0.0,0.0,HCLTECH
2025-07-02,1634.5894961996328,1650.2519391074688,1624.1478675944086,1631.362060546875,2069447,0.0,0.0,HCLTECH
2025-07-03,1628.8940538231739,1642.658018730188,1619.876283711682,1625.002197265625,1839063,0.0,0.0,HCLTECH
2025-07-04,1627.9448976215633,1641.2342437245966,1619.5915480072388,1638.2916259765625,768500,0.0,0.0,HCLTECH
2025-07-07,1637.9119776639309,1637.9119776639309,1616.8389171435201,1623.5784912109375,1366412,0.0,0.0,HCLTECH
2025-07-08,1613.7060857565218,1631.6467236494157,1601.8405998318415,1621.3948974609375,2139193,0.0,0.0,HCLTECH
2025-07-09,1623.1986031481015,1627.2803769792602,1586.1782841289344,1589.0260009765625,2894808,0.0,0.0,HCLTECH
2025-07-10,1589.9752256763688,1594.6265196605889,1565.2950132181088,1579.248779296875,2740853,0.0,0.0,HCLTECH
2025-07-11,1559.7893616463275,1571.4650468215598,1547.2594541341846,1555.13818359375,2548153,0.0,0.0,HCLTECH
2025-07-14,1556.7519742035097,1559.0301709990758,1525.4270869177074,1537.577392578125,3334703,0.0,0.0,HCLTECH
2025-07-15,1509.2899558749805,1539.0960825808759,1471.3203972366161,1486.887939453125,14685607,0.0,0.0,HCLTECH
2025-07-16,1486.8879402294574,1494.102133199734,1480.8127876693677,1483.470703125,5218099,0.0,0.0,HCLTECH
2025-07-17,1484.2301137781612,1487.2677481773114,1464.1062928321214,1465.5301513671875,4966082,0.0,0.0,HCLTECH
2025-07-18,1477.105912228863,1482.8459611105814,1463.7124648381866,1481.697998046875,3902458,12.0,0.0,HCLTECH
2025-07-21,1481.697808376731,1483.5153968646666,1459.885578705718,1464.094970703125,3368842,0.0,0.0,HCLTECH
2025-07-22,1466.6781053469572,1473.087896544548,1452.5193884451933,1454.2413330078125,3218227,0.0,0.0,HCLTECH
2025-07-23,1458.0678802596879,1469.45233249405,1452.2321879726355,1463.52099609375,3471536,0.0,0.0,HCLTECH
2025-07-24,1463.7122537313167,1471.270007025199,1436.5426695867861,1441.9000244140625,4654421,0.0,0.0,HCLTECH
2025-07-25,1436.064314859312,1446.683380274027,1422.1925322304887,1425.5408935546875,2733655,0.0,0.0,HCLTECH
2025-07-28,1425.5410042674102,1429.4633473383515,1400.0934795834673,1402.580810546875,4404841,0.0,0.0,HCLTECH
2025-07-29,1402.5808125832252,1413.4869279726304,1397.7017947668448,1408.60791015625,6223556,0.0,0.0,HCLTECH
2025-07-30,1416.3568500502006,1419.9922605116933,1405.1638031150178,1412.5301513671875,1642426,0.0,0.0,HCLTECH
2025-07-31,1401.528476378077,1418.461572349329,1396.2667653746096,1404.3028564453125,2306285,0.0,0.0,HCLTECH
2025-08-01,1401.5285055326744,1403.346210909819,1387.1783843156165,1389.1873779296875,2152783,0.0,0.0,HCLTECH
2025-08-04,1389.1873471188792,1411.4779149609608,1378.1855877631428,1410.521240234375,2384774,0.0,0.0,HCLTECH
2025-08-05,1415.7829287286452,1421.044639641239,1407.4597886706842,1418.4615478515625,2614394,0.0,0.0,HCLTECH
2025-08-06,1416.739609011352,1419.4182281448032,1393.3010784903524,1399.806396484375,1735697,0.0,0.0,HCLTECH
2025-08-07,1394.8316794757075,1415.113135921434,1388.1349567347404,1411.573486328125,1495363,0.0,0.0,HCLTECH
2025-08-08,1410.903978721859,1417.9832785003246,1395.788470844493,1411.764892578125,2815614,0.0,0.0,HCLTECH
2025-08-11,1411.095332073909,1464.6691209526473,1402.102565584374,1423.5321044921875,2374556,0.0,0.0,HCLTECH
2025-08-12,1425.4452846747972,1444.4831343163667,1424.488609987096,1434.1510009765625,3422656,0.0,0.0,HCLTECH
2025-08-13,1435.0122562303961,1442.1873175115481,1424.48883301804,1436.0645751953125,2916128,0.0,0.0,HCLTECH
2025-08-14,1435.9687383495286,1450.5101472151196,1421.427329483938,1425.2540283203125,4227538,0.0,0.0,HCLTECH
2025-08-18,1433.1944030282975,1436.8298137488491,1411.9562705367805,1420.6619873046875,2795155,0.0,0.0,HCLTECH
2025-08-19,1412.338865940975,1418.3658463097036,1405.5463823399225,1412.1474609375,2515817,0.0,0.0,HCLTECH
2025-08-20,1404.3985318270595,1435.299172938886,1394.8317843350496,1431.1854248046875,10219330,0.0,0.0,HCLTECH
2025-08-21,1435.0119642801096,1439.7953374943766,1421.7141633881326,1428.7935791015625,2157601,0.0,0.0,HCLTECH
2025-08-22,1425.0625441411648,1426.8802493437775,1400.5716963052566,1402.7720947265625,2802805,0.0,0.0,HCLTECH
2025-08-25,1415.8786685002913,1444.291862635263,1412.2432576388037,1439.0301513671875,2764914,0.0,0.0,HCLTECH
2025-08-26,1436.8298625715352,1441.2305431638092,1420.6620355779999,1428.1241455078125,4092265,0.0,0.0,HCLTECH
2025-08-28,1423.5319882641413,1423.5319882641413,1383.351649885718,1386.987060546875,4367902,0.0,0.0,HCLTECH
2025-08-29,1386.9870122921272,1399.2323782553347,1376.8461671527366,1391.7703857421875,3404604,0.0,0.0,HCLTECH
2025-09-01,1383.3515916733152,1408.7034707738287,1383.3515916733152,1404.7811279296875,2105254,0.0,0.0,HCLTECH
2025-09-02,1405.3551934727484,1413.3912846474257,1396.4580716755017,1402.1981201171875,1295198,0.0,0.0,HCLTECH
2025-09-03,1411.095239074557,1411.095239074557,1389.665701579074,1402.580810546875,1800307,0.0,0.0,HCLTECH
2025-09-04,1401.624115685596,1402.3895021779256,1378.472634062406,1380.7686767578125,2192155,0.0,0.0,HCLTECH
2025-09-05,1385.2650524136716,1389.3788005941094,1342.0233999763768,1357.521484375,3895199,0.0,0.0,HCLTECH
2025-09-08,1362.2091241287956,1366.7054484911205,1340.3012502157765,1342.214599609375,2929976,0.0,0.0,HCLTECH
2025-09-09,1349.1025606104085,1369.7668267191016,1348.0502418393264,1365.2703857421875,2906889,0.0,0.0,HCLTECH
2025-09-10,1372.7326284121245,1408.12959432408,1370.0538923872339,1400.4761962890625,3205017,0.0,0.0,HCLTECH
2025-09-11,1400.4761563014292,1406.694542027328,1395.1188011862023,1404.1114501953125,1982922,0.0,0.0,HCLTECH
2025-09-12,1411.0952886448813,1415.8786625046944,1399.6151913813296,1403.6331787109375,2110883,0.0,0.0,HCLTECH
2025-09-15,1403.633004450855,1404.6854399946253,1389.0915964349642,1402.96337890625,1725617,0.0,0.0,HCLTECH
2025-09-16,1400.4762510617772,1420.8533540580092,1397.7975149321212,1418.8443603515625,1724524,0.0,0.0,HCLTECH
2025-09-17,1426.2107202474265,1434.0554062440674,1411.3822620774579,1417.3135986328125,2656774,0.0,0.0,HCLTECH
2025-09-18,1427.9326087877762,1437.7864047373657,1421.7142233469772,1429.0806884765625,2792406,0.0,0.0,HCLTECH
2025-09-19,1429.0808223191373,1429.0808223191373,1400.5718673771046,1403.8245849609375,3197957,0.0,0.0,HCLTECH
2025-09-22,1361.3481646344362,1386.4129962868212,1353.6947666603846,1377.5159912109375,4457129,0.0,0.0,HCLTECH
2025-09-23,1381.6296610067534,1381.6296610067534,1358.8608714691968,1367.8536376953125,3106480,0.0,0.0,HCLTECH
2025-09-24,1363.357015656249,1382.1078153752596,1358.4779983143922,1379.8118896484375,2894044,0.0,0.0,HCLTECH
2025-09-25,1377.802774039152,1380.0031724305263,1354.6512943928078,1362.1134033203125,2713246,0.0,0.0,HCLTECH
2025-09-26,1358.4780851732824,1364.6964707744278,1331.691193352964,1334.8482666015625,2568054,0.0,0.0,HCLTECH
2025-09-29,1336.570348321117,1341.8320597549628,1323.0812569106674,1327.2906494140625,2990852,0.0,0.0,HCLTECH
2025-09-30,1331.786810711164,1344.1279375510444,1322.0287755995814,1325.090087890625,2782077,0.0,0.0,HCLTECH
2025-10-01,1326.0469648233739,1336.2834556220932,1322.1246213580087,1329.2996826171875,2253527,0.0,0.0,HCLTECH
2025-10-03,1335.996244859644,1339.153318144448,1320.5938052426413,1333.126220703125,2793839,0.0,0.0,HCLTECH
2025-10-06,1333.1262283449394,1359.4347832638384,1330.5432533018986,1356.2777099609375,1970901,0.0,0.0,HCLTECH
2025-10-07,1360.3914919361123,1379.4293427815494,1355.7994064321326,1371.297607421875,1592836,0.0,0.0,HCLTECH
2025-10-08,1371.1061300689087,1395.501334860933,1365.36608188255,1390.2396240234375,1735807,0.0,0.0,HCLTECH
2025-10-09,1390.2396100024923,1426.4976040369686,1389.569984433469,1422.096923828125,2681316,0.0,0.0,HCLTECH
2025-10-10,1426.401995047643,1433.5770553849047,1410.0428808350023,1430.70703125,2129445,0.0,0.0,HCLTECH
2025-10-13,1425.445447627367,1437.1168334389276,1412.5303378669848,1429.9417724609375,1820492,0.0,0.0,HCLTECH
2025-10-14,1449.7448215684758,1468.4956217867668,1425.6365497607505,1430.611328125,5802489,0.0,0.0,HCLTECH
2025-10-15,1433.0030698582757,1444.0048290109378,1421.7142615803032,1430.8983154296875,1710696,0.0,0.0,HCLTECH
2025-10-16,1434.916659590012,1454.0501569729533,1433.0989539823124,1449.3624267578125,2021043,0.0,0.0,HCLTECH
2025-10-17,1445.5049950102464,1447.7229617012551,1426.4115530606123,1433.1617431640625,3210161,12.0,0.0,HCLTECH
2025-10-20,1436.7298482567198,1456.0161067266026,1435.9583508323326,1442.0335693359375,2354881,0.0,0.0,HCLTECH
2025-10-21,1449.0728493209122,1449.3621902568505,1428.1473078978013,1432.9688720703125,274400,0.0,0.0,HCLTECH
2025-10-23,1456.1125063872835,1492.2742408174313,1451.7730982556657,1469.5164794921875,5011470,0.0,0.0,HCLTECH
2025-10-24,1470.5770501731558,1477.9058040607335,1462.2839834657925,1469.419921875,1491451,0.0,0.0,HCLTECH
2025-10-27,1476.7487702026774,1494.2028098142143,1472.3129544907802,1478.7738037109375,1394846,0.0,0.0,HCLTECH
2025-10-28,1480.2202995851405,1486.9704898764082,1458.0411029138322,1467.7806396484375,1936466,0.0,0.0,HCLTECH
2025-10-29,1475.3986987319204,1503.3637721065777,1467.684195732015,1501.7244873046875,2596355,0.0,0.0,HCLTECH
2025-10-30,1502.1100425870188,1504.2316014334647,1483.2095347325069,1494.4920654296875,2183395,0.0,0.0,HCLTECH
2025-10-31,1494.492125114295,1502.592259008313,1482.7274375340787,1486.48828125,1723467,0.0,0.0,HCLTECH
2025-11-03,1485.1383047163351,1494.395685206581,1473.6629574242477,1488.4169921875,2252136,0.0,0.0,HCLTECH
2025-11-04,1481.5702926395418,1486.8740133372978,1470.577102559581,1474.53076171875,1666863,0.0,0.0,HCLTECH
2025-11-06,1474.5308438593693,1477.2309670869563,1460.2590834514915,1471.92724609375,2474769,0.0,0.0,HCLTECH
2025-11-07,1461.0304776743155,1464.5985060972403,1437.3084034480262,1458.4268798828125,2238714,0.0,0.0,HCLTECH
2025-11-10,1463.8270072305563,1489.7670482269107,1457.4625655245236,1485.5240478515625,1558896,0.0,0.0,HCLTECH
2025-11-11,1492.5634929827825,1516.3819735581708,1486.1989339305337,1513.97119140625,2270763,0.0,0.0,HCLTECH
2025-11-12,1518.7926805752284,1542.9005009018192,1517.346211355633,1537.1146240234375,2331564,0.0,0.0,HCLTECH
2025-11-13,1542.322006676396,1547.7221351315686,1523.6143137120737,1541.4541015625,1944022,0.0,0.0,HCLTECH
2025-11-14,1533.2575434838177,1540.9720468472583,1517.9249445061835,1537.693359375,2543918,0.0,0.0,HCLTECH
2025-11-17,1537.114640997858,1550.3256795971333,1528.917981996301,1549.0721435546875,2000978,0.0,0.0,HCLTECH
2025-11-18,1546.7578509686116,1546.7578509686116,1533.3538784679217,1538.2718505859375,1640123,0.0,0.0,HCLTECH
2025-11-19,1538.3684141194399,1609.920384105191,1531.9074470708654,1603.2666015625,6342672,0.0,0.0,HCLTECH
2025-11-20,1603.2666775474902,1608.8597397096642,1583.980418662728,1586.6805419921875,2724035,0.0,0.0,HCLTECH
2025-11-21,1577.6158729667095,1584.8482195726083,1548.6864865431146,1550.6151123046875,2958835,0.0,0.0,HCLTECH
2025-11-24,1556.6904093980665,1581.4732046041368,1545.6972184574124,1552.9295654296875,6392688,0.0,0.0,HCLTECH
2025-11-25,1560.5475556076767,1561.1261197835458,1535.7646443632036,1543.9613037109375,2285950,0.0,0.0,HCLTECH
2025-11-26,1543.9613614206683,1569.4192455362172,1543.9613614206683,1560.161865234375,1243303,0.0,0.0,HCLTECH
2025-11-27,1561.3188800230082,1574.9156673876803,1556.4009081311865,1570.8656005859375,2106176,0.0,0.0,HCLTECH
2025-11-28,1570.8656874034887,1578.4837827268163,1561.2225585673716,1566.2369384765625,1841289,0.0,0.0,HCLTECH
2025-12-01,1571.8299936315989,1587.7411561438205,1569.9013678725416,1584.2696533203125,2034350,0.0,0.0,HCLTECH
2025-12-02,1592.0805161749322,1593.9127341336757,1566.0440692114414,1577.1336669921875,2326220,0.0,0.0,HCLTECH
2025-12-03,1577.1337577357083,1595.5521106971942,1570.6729083512114,1581.955322265625,2371611,0.0,0.0,HCLTECH
2025-12-04,1591.1161864307182,1612.3310689164612,1586.3910299706451,1595.552001953125,3935708,0.0,0.0,HCLTECH
2025-12-05,1603.3628792248521,1630.6529791248886,1592.0804663129456,1622.9384765625,3391204,0.0,0.0,HCLTECH
2025-12-08,1622.9386164010136,1634.8961199458129,1617.0563312331458,1628.3387451171875,2702407,0.0,0.0,HCLTECH
2025-12-09,1626.7957674386714,1626.7957674386714,1597.2878179621275,1598.4449462890625,2817704,0.0,0.0,HCLTECH
2025-12-10,1603.941568474416,1611.3667301393214,1597.8663505929717,1606.545166015625,1482249,0.0,0.0,HCLTECH
2025-12-11,1607.9917621882905,1617.5384834496251,1590.1519735223335,1612.7169189453125,1408684,0.0,0.0,HCLTECH
2025-12-12,1617.5384660183624,1618.0206224635979,1600.759398181377,1613.48828125,1284337,0.0,0.0,HCLTECH
2025-12-15,1613.4882062129197,1627.760083413747,1600.7593237362678,1623.90283203125,1689723,0.0,0.0,HCLTECH
2025-12-16,1621.0099068593954,1621.9742197129704,1586.6803928149234,1592.7554931640625,1929309,0.0,0.0,HCLTECH
2025-12-17,1592.08049279527,1605.098716085843,1587.5482695500657,1595.937744140625,1394918,0.0,0.0,HCLTECH
2025-12-18,1597.8663749636394,1614.1632854930872,1592.2733134092591,1602.109375,1822056,0.0,0.0,HCLTECH
2025-12-19,1615.2240514930982,1621.0099286924765,1574.240754664169,1583.7874755859375,3487150,0.0,0.0,HCLTECH
2025-12-22,1592.9485135119533,1613.77764874592,1585.3304180091382,1610.69189453125,1339691,0.0,0.0,HCLTECH
2025-12-23,1615.3203481529104,1626.6992862814245,1597.0948126854269,1619.9490966796875,1614314,0.0,0.0,HCLTECH
2025-12-24,1616.1884683459068,1620.0457200603362,1605.6774338812907,1614.934814453125,989858,0.0,0.0,HCLTECH
2025-12-26,1608.473917383925,1616.5741692876468,1591.5984416319955,1601.6273193359375,921138,0.0,0.0,HCLTECH
2025-12-29,1600.4699875803433,1601.5308258848768,1567.3941275049592,1572.6014404296875,1516288,0.0,0.0,HCLTECH
2025-12-30,1572.6014804595475,1577.3265193663256,1553.6044462320297,1557.55810546875,3323273,0.0,0.0,HCLTECH
2025-12-31,1566.526268992036,1573.4692746222004,1559.1011069232775,1565.369140625,1359963,0.0,0.0,HCLTECH
2026-01-01,1564.9833063028957,1586.9695680714158,1560.643898592981,1576.1693115234375,773806,0.0,0.0,HCLTECH
2026-01-02,1573.7585752499272,1584.3660166272243,1567.10479302501,1581.6658935546875,950573,0.0,0.0,HCLTECH
2026-01-05,1567.0084378561032,1575.2050973771966,1523.710765784238,1550.2293701171875,3245802,0.0,0.0,HCLTECH
2026-01-06,1543.190011845843,1567.9728067863327,1540.2970730879347,1558.6190185546875,2112043,0.0,0.0,HCLTECH
2026-01-07,1562.9583926368216,1595.455690223662,1559.004615582644,1588.8983154296875,3816569,0.0,0.0,HCLTECH
2026-01-08,1594.2985190902186,1601.3379324306445,1577.0372951307525,1587.9339599609375,3266398,0.0,0.0,HCLTECH
2026-01-09,1588.3196543103204,1615.224006073685,1588.3196543103204,1602.109375,3281306,0.0,0.0,HCLTECH
2026-01-12,1599.9877615773214,1617.3453920956028,1582.9194719865977,1608.0880126953125,4175707,0.0,0.0,HCLTECH
2026-01-13,1624.8671900660424,1637.0175087160264,1567.97273059192,1605.5809326171875,7149266,0.0,0.0,HCLTECH
2026-01-14,1605.5809595772776,1618.0206193834642,1590.3447688512542,1608.9560546875,2470615,0.0,0.0,HCLTECH
2026-01-15,1608.9560546875,1608.9560546875,1608.9560546875,1608.9560546875,0,0.0,0.0,HCLTECH
2026-01-16,1622.0685339254821,1652.081682009063,1617.0178290309627,1649.264892578125,3098089,12.0,0.0,HCLTECH
2026-01-19,1649.264930539804,1669.662199998777,1636.7351555873774,1667.525390625,2087629,0.0,0.0,HCLTECH
2026-01-20,1670.6334850729563,1670.6334850729563,1633.5299283544177,1638.8720703125,1739341,0.0,0.0,HCLTECH
2026-01-21,1639.1633154048784,1646.2538418405477,1621.0000809866287,1634.209716796875,1728435,0.0,0.0,HCLTECH
2026-01-22,1642.0772742114043,1659.9491909105602,1633.2384812850246,1654.218505859375,1853439,0.0,0.0,HCLTECH
2026-01-23,1663.5429459948182,1671.604771225789,1650.04199127234,1658.006591796875,1874357,0.0,0.0,HCLTECH
2026-01-27,1670.6335465010413,1675.9756886555504,1651.6932243168724,1670.8277587890625,2671530,0.0,0.0,HCLTECH
2026-01-28,1656.1610721542709,1684.6201660350766,1642.465786823139,1679.9578857421875,2713867,0.0,0.0,HCLTECH
2026-01-29,1673.3531293582296,1675.489938664914,1647.4193878632143,1672.1875,2235602,0.0,0.0,HCLTECH
2026-01-30,1664.028545737421,1664.028545737421,1634.695378411855,1646.9337158203125,4448681,0.0,0.0,HCLTECH
2026-02-02,1622.0684627483904,1640.037484641112,1606.1391439517708,1628.67333984375,1916380,0.0,0.0,HCLTECH
2026-02-03,1728.9113946545401,1729.0085007948294,1640.6203339894569,1646.6424560546875,3200948,0.0,0.0,HCLTECH
2026-02-04,1594.872135378366,1597.7860308754032,1540.4794194336714,1575.251953125,5834470,0.0,0.0,HCLTECH
2026-02-05,1567.3844065854084,1584.9650050129394,1554.2718762952904,1563.7906494140625,3184531,0.0,0.0,HCLTECH
2026-02-06,1565.7333074951036,1565.7333074951036,1528.9210676812233,1547.95849609375,3342992,0.0,0.0,HCLTECH
2026-02-09,1554.4660877702331,1573.4064078459076,1548.638296977718,1556.0201416015625,1863558,0.0,0.0,HCLTECH
2026-02-10,1549.22116873538,1556.4088016328246,1522.8018959178016,1527.94970703125,3234785,0.0,0.0,HCLTECH
2026-02-11,1528.8238832033496,1532.8061834551488,1501.7246305564786,1507.0667724609375,2944646,0.0,0.0,HCLTECH
2026-02-12,1485.115481610435,1490.9432729051784,1427.3232179375632,1433.7337646484375,5397659,0.0,0.0,HCLTECH
2026-02-13,1382.15782806104,1434.4137371529998,1355.9327673740067,1413.43359375,7214938,0.0,0.0,HCLTECH
2026-02-16,1409.4512728724128,1424.894943209499,1405.2747603343228,1419.84423828125,2388700,0.0,0.0,HCLTECH
2026-02-17,1421.9811114590236,1467.3407074101608,1416.1533200186177,1440.0472412109375,2840341,0.0,0.0,HCLTECH
2026-02-18,1440.6300107247746,1440.6300107247746,1401.9723982655437,1425.0892333984375,2036245,0.0,0.0,HCLTECH
2026-02-19,1427.80878911285,1458.6961287121796,1401.5837297209814,1408.7713623046875,2397127,0.0,0.0,HCLTECH
2026-02-20,1401.5838264016543,1413.2394091575932,1389.9282436457154,1395.2703857421875,2392491,0.0,0.0,HCLTECH
2026-02-23,1396.9214511058526,1400.2238897093428,1374.8730226483146,1385.265869140625,2629763,0.0,0.0,HCLTECH
2026-02-24,1362.0519713376468,1366.3255900015026,1284.542301484879,1300.762939453125,10004684,0.0,0.0,HCLTECH
2026-02-25,1316.1095967711506,1351.4648893571666,1315.1382981757477,1338.6436767578125,5703505,0.0,0.0,HCLTECH
2026-02-26,1351.0762149795514,1364.6743939944429,1328.7363494550873,1334.0784912109375,2329520,0.0,0.0,HCLTECH
2026-02-27,1357.875293191524,1364.4801703704989,1342.3345173037812,1349.230712890625,8651443,0.0,0.0,HCLTECH
2026-03-02,1312.2242981891923,1346.2197463288087,1311.2529996709177,1331.6502685546875,2088938,0.0,0.0,HCLTECH
2026-03-04,1317.080808041033,1342.3345698471294,1317.080808041033,1324.8511962890625,3161598,0.0,0.0,HCLTECH
2026-03-05,1338.643498816475,1338.643498816475,1294.255206333629,1315.2352294921875,2217963,0.0,0.0,HCLTECH
2026-03-06,1317.080758597693,1341.169008688996,1315.3323738808347,1317.7606201171875,1871596,0.0,0.0,HCLTECH
2026-03-09,1291.8270860425002,1333.3014871677035,1289.8844889206318,1319.606201171875,2256550,0.0,0.0,HCLTECH
2026-03-10,1321.9373243586176,1325.2397631364865,1306.3965475843795,1322.4229736328125,1671877,0.0,0.0,HCLTECH
2026-03-11,1327.959283660933,1336.506758028498,1308.2419949259765,1311.54443359375,1837000,0.0,0.0,HCLTECH
2026-03-12,1311.25298917672,1324.2684129307795,1302.5113025822084,1319.1204833984375,2616965,0.0,0.0,HCLTECH
2026-03-13,1311.2530516426305,1317.7607045463176,1283.085393496233,1287.359130859375,2190786,0.0,0.0,HCLTECH
2026-03-16,1275.1208385481732,1299.3060786269439,1265.0193094816418,1290.46728515625,3618375,0.0,0.0,HCLTECH
2026-03-17,1290.4672342673116,1290.4672342673116,1260.4540852554567,1283.1824951171875,2285672,0.0,0.0,HCLTECH
2026-03-18,1288.427400675758,1338.837814208226,1288.427400675758,1318.2462158203125,2564106,0.0,0.0,HCLTECH
2026-03-19,1302.899825821349,1315.3323754260534,1271.6239431203578,1274.1494140625,1663249,0.0,0.0,HCLTECH
2026-03-20,1296.586405720121,1313.6812357960657,1290.7586146555914,1295.4207763671875,5050431,0.0,0.0,HCLTECH
2026-03-23,1277.0633953429879,1325.8225356751977,1272.401114823816,1319.606201171875,5166409,0.0,0.0,HCLTECH
2026-03-24,1340.3920525322767,1353.9902327753578,1320.9660807564467,1333.8843994140625,3555664,0.0,0.0,HCLTECH
2026-03-25,1309.3104947943593,1370.8908489008509,1309.3104947943593,1341.65478515625,4167275,0.0,0.0,HCLTECH
2026-03-27,1337.4780839327325,1367.005583137401,1320.7717965419583,1325.23974609375,8956139,0.0,0.0,HCLTECH
2026-03-30,1311.2530477771163,1320.1889470463918,1297.8490803064853,1303.0941162109375,5541018,0.0,0.0,HCLTECH
2026-04-01,1359.5264850203223,1359.5264850203223,1310.281697700231,1315.5267333984375,2469237,0.0,0.0,HCLTECH
2026-04-02,1308.3390820367895,1372.2505708873946,1302.7055032991818,1361.9547119140625,6509389,0.0,0.0,HCLTECH
2026-04-06,1356.9040870805895,1381.4779880528308,1354.0872975458185,1363.0233154296875,2134581,0.0,0.0,HCLTECH
2026-04-07,1351.0761971608322,1404.98326325891,1348.2594078315547,1400.223876953125,3459049,0.0,0.0,HCLTECH
2026-04-08,1408.2857488059858,1423.9236312751325,1390.8023754342585,1419.067138671875,4239052,0.0,0.0,HCLTECH
2026-04-09,1417.0274334936837,1426.837524825088,1394.784673688786,1422.855224609375,3101205,0.0,0.0,HCLTECH
2026-04-10,1410.3254260726785,1415.7646739750435,1380.3122786226656,1409.54833984375,3450066,0.0,0.0,HCLTECH
2026-04-13,1399.6411847669165,1406.2460622119338,1376.8156692623902,1388.3741455078125,2252652,0.0,0.0,HCLTECH
2026-04-15,1403.526280064429,1432.5681278427714,1395.8529984877596,1409.6455078125,3993858,0.0,0.0,HCLTECH
2026-04-16,1418.0959219154013,1426.546172105606,1393.910563643363,1408.5771484375,5229848,0.0,0.0,HCLTECH
2026-04-17,1401.8751070484177,1416.1531469053489,1388.9567901746564,1400.90380859375,3319268,0.0,0.0,HCLTECH
2026-04-20,1404.4006171427257,1410.228408525654,1383.1291548816928,1387.3057861328125,2352656,0.0,0.0,HCLTECH
2026-04-21,1388.9569526803887,1413.2394168880878,1381.575107274592,1399.83544921875,3091487,0.0,0.0,HCLTECH
2026-04-22,1306.3965083504145,1319.0233891002697,1244.2334031203575,1248.4100341796875,33066256,0.0,0.0,HCLTECH
2026-04-23,1252.9751562640483,1257.15178754495,1235.4917819905966,1240.9310302734375,8304759,0.0,0.0,HCLTECH
2026-04-24,1251.6218619302792,1252.0178436546378,1185.9918485183598,1191.040283203125,10903519,24.0,0.0,HCLTECH
2026-04-27,1196.7816837673115,1219.549242680999,1188.8625328408116,1215.78759765625,6066942,0.0,0.0,HCLTECH
2026-04-28,1215.4907250223948,1220.2421431663045,1180.2505268992788,1183.9130859375,6643295,0.0,0.0,HCLTECH
2026-04-29,1187.8727482542276,1198.5636513231816,1180.0525618275544,1188.0706787109375,4777201,0.0,0.0,HCLTECH
2026-04-30,1187.8727402459547,1201.4342390290972,1172.0344370426753,1186.9818115234375,5070033,0.0,0.0,HCLTECH
2026-05-01,1186.9818115234375,1186.9818115234375,1186.9818115234375,1186.9818115234375,0,0.0,0.0,HCLTECH
2026-05-04,1195.7918803363182,1201.2362970100348,1179.359665088433,1188.36767578125,3318673,0.0,0.0,HCLTECH
2026-05-05,1187.8727482542276,1193.2181997887046,1177.9738086854425,1188.0706787109375,2459953,0.0,0.0,HCLTECH
2026-05-06,1195.7919057864779,1199.751481633453,1174.4102203801453,1177.0828857421875,3541520,0.0,0.0,HCLTECH
2026-05-07,1182.9231744098379,1183.913068279637,1169.1636254523005,1171.4404296875,3725309,0.0,0.0,HCLTECH
2026-05-08,1167.8769370248579,1190.644498001188,1164.90725515838,1186.2889404296875,2813749,0.0,0.0,HCLTECH
2026-05-11,1184.804006505599,1194.1090331242458,1179.0625736796997,1182.82421875,2505962,0.0,0.0,HCLTECH
2026-05-12,1171.0444630813495,1172.0343569639203,1131.0527260581548,1134.220458984375,3959561,0.0,0.0,HCLTECH
2026-05-13,1134.7154964657793,1142.931543844691,1125.6083995174693,1131.646728515625,2635034,0.0,0.0,HCLTECH
2026-05-14,1127.4891556166244,1131.6466616749285,1092.2489568340422,1112.6407470703125,5837032,0.0,0.0,HCLTECH
2026-05-15,1110.5619921830983,1140.3577744488487,1110.4630269602867,1121.15380859375,3729249,0.0,0.0,HCLTECH
2026-05-18,1117.5902205133277,1137.8830455979364,1110.0670509907557,1135.0123291015625,2588569,0.0,0.0,HCLTECH
2026-05-19,1144.3174142705511,1186.1899769855322,1140.6548549643858,1167.48095703125,5756760,0.0,0.0,HCLTECH
2026-05-20,1154.4141906480702,1169.0646683575774,1150.652666418684,1157.9779052734375,1415960,0.0,0.0,HCLTECH
2026-05-21,1161.8384595944722,1168.6687518922563,1151.4445733090024,1156.39404296875,2245247,0.0,0.0,HCLTECH
2026-05-22,1158.0769708112805,1164.1152998147552,1148.1780311870052,1152.236572265625,2044782,0.0,0.0,HCLTECH
2026-05-25,1156.1961159082641,1166.0950552567938,1150.3557175252993,1153.9193115234375,1419803,0.0,0.0,HCLTECH
2026-05-26,1153.9192390579726,1161.838390039478,1148.2768923183116,1150.15771484375,1196820,0.0,0.0,HCLTECH
2026-05-27,1143.6244635296307,1157.9779249858127,1142.0405366306575,1153.42431640625,1004168,0.0,0.0,HCLTECH
2026-05-28,1153.42431640625,1153.42431640625,1153.42431640625,1153.42431640625,0,0.0,0.0,HCLTECH
2026-05-29,1168.0747806951965,1179.6564907792917,1165.1050990493613,1171.83642578125,12446602,0.0,0.0,HCLTECH
2026-06-01,1178.072747125031,1200.5434119372007,1178.072747125031,1183.022216796875,5970435,0.0,0.0,HCLTECH
2026-06-02,1197.7716587190891,1244.2966735618968,1190.0504377083842,1230.93310546875,7663067,0.0,0.0,HCLTECH
2026-06-03,1216.3817277239782,1217.5695521230916,1164.907242593571,1167.0849609375,4800922,0.0,0.0,HCLTECH
2026-06-04,1154.6123413674918,1164.610246215695,1146.4951383776315,1156.4931640625,2025595,0.0,0.0,HCLTECH
2026-06-05,1167.0848647183482,1170.5494932395648,1135.4082610957976,1143.0303955078125,1971395,0.0,0.0,HCLTECH
2026-06-08,1130.3598899886003,1147.2870518319028,1120.856932535927,1139.6649169921875,1546444,0.0,0.0,HCLTECH
2026-06-09,1146.9900420972515,1147.2870586092952,1124.9154800807084,1134.7154541015625,2225582,0.0,0.0,HCLTECH
2026-06-10,1129.2710855592654,1140.3578496517691,1118.5801823841139,1120.658935546875,1600595,0.0,0.0,HCLTECH
2026-06-11,1101.6530107998524,1102.7418699870848,1078.4894679990384,1098.980224609375,3435236,0.0,0.0,HCLTECH
2026-06-12,1108.6811510385824,1111.155885750722,1089.3782202838927,1098.38623046875,2203987,0.0,0.0,HCLTECH
2026-06-15,1112.1457872602355,1116.6003097726264,1101.7519013979902,1107.98828125,2361006,0.0,0.0,HCLTECH
2026-06-16,1129.4688977693256,1150.1577036749375,1126.0042692485608,1147.2869873046875,8343470,0.0,0.0,HCLTECH
2026-06-17,1157.1860191207213,1161.7395070902196,1147.58409621033,1155.00830078125,2263670,0.0,0.0,HCLTECH
2026-06-18,1140.3578288590681,1156.9880955312617,1124.6184909080034,1150.058837890625,3368037,0.0,0.0,HCLTECH
2026-06-19,1098.7822889851088,1124.5195317901655,1080.370285607286,1120.262939453125,10014063,0.0,0.0,HCLTECH
2026-06-22,1124.519489786046,1137.0910941981099,1115.6104445324595,1119.0750732421875,2312385,0.0,0.0,HCLTECH
2026-06-23,1110.2650463176826,1114.4226734702142,1094.3277776579753,1098.287353515625,3235632,0.0,0.0,HCLTECH
2026-06-24,1086.5075036113628,1110.1659916215428,1082.1519463516245,1102.642822265625,3503015,0.0,0.0,HCLTECH
2026-06-25,1121.5497933111187,1122.0447402631537,1086.4085597166397,1089.576171875,5877425,0.0,0.0,HCLTECH
2026-06-26,1089.576171875,1089.576171875,1089.576171875,1089.576171875,0,0.0,0.0,HCLTECH
2026-06-29,1084.5277065108403,1097.0994312395699,1075.0247494674097,1091.259033203125,5186504,0.0,0.0,HCLTECH
2026-06-30,1091.35807971494,1094.5256920198099,1057.8006506475288,1060.9683837890625,3794233,0.0,0.0,HCLTECH
2026-07-01,1059.1864801751997,1065.6207905687872,1019.5907239069678,1023.7482299804688,3819777,0.0,0.0,HCLTECH
2026-07-02,1038.3987015097157,1071.956128900288,1037.408807609325,1067.20458984375,3726609,0.0,0.0,HCLTECH
2026-07-03,1115.7093743357589,1147.2870134549564,1103.8306477080976,1127.4891357421875,12768463,0.0,0.0,HCLTECH
2026-07-06,1133.4285739039879,1136.2992905292433,1114.6205888348386,1122.7376708984375,2747815,0.0,0.0,HCLTECH
2026-07-07,1123.529612762691,1163.1253700406712,1122.5397188307415,1156.39404296875,5179529,0.0,0.0,HCLTECH
2026-07-08,1153.2264273281507,1164.6102075120768,1130.1618504469234,1134.0224609375,3091794,0.0,0.0,HCLTECH
2026-07-09,1132.5375461008239,1150.1577052219316,1109.6710220003508,1138.77392578125,2033525,0.0,0.0,HCLTECH
2026-07-10,1161.1455289767832,1179.4585658788042,1141.8425981881667,1152.33544921875,3979475,0.0,0.0,HCLTECH
2026-07-13,1150.2567271120654,1224.4987706003656,1150.2567271120654,1208.8583984375,9028077,0.0,0.0,HCLTECH
2026-07-14,1187.8726953172163,1196.88070575604,1152.2365144577,1154.9091796875,9754723,0.0,0.0,HCLTECH
2026-07-15,1145.3072123070285,1169.6585774419905,1132.9335388810666,1156.196044921875,3253196,0.0,0.0,HCLTECH
2026-07-16,1163.521297781958,1191.8322387544756,1162.8282995597583,1175.4000244140625,5147444,0.0,0.0,HCLTECH
2026-07-17,1197.800048828125,1223.5,1195.800048828125,1203.9000244140625,5037972,12.0,0.0,HCLTECH
2026-07-20,1205.0,1224.699951171875,1200.0999755859375,1221.300048828125,3612829,0.0,0.0,HCLTECH
2026-07-21,1219.0,1240.699951171875,1217.199951171875,1239.5,4642320,0.0,0.0,HCLTECH
2026-07-22,1243.800048828125,1243.800048828125,1227.699951171875,1237.300048828125,2377718,0.0,0.0,HCLTECH
2026-07-23,1236.0,1248.800048828125,1228.800048828125,1244.699951171875,1878476,0.0,0.0,HCLTECH
2026-07-24,1237.0,1276.0,1236.5999755859375,1271.0,3674904,0.0,0.0,HCLTECH
2026-07-27,1284.5999755859375,1303.0,1277.300048828125,1295.9000244140625,3847049,0.0,0.0,HCLTECH
2026-07-28,1301.0,1342.0,1301.0,1318.5999755859375,5187064,0.0,0.0,HCLTECH
2026-07-29,1344.0,1352.699951171875,1323.199951171875,1344.300048828125,3061520,0.0,0.0,HCLTECH
2026-07-30,1349.0,1369.9000244140625,1345.5999755859375,1352.699951171875,3747919,0.0,0.0,HCLTECH
2026-07-31,1317.699951171875,1356.5,1294.300048828125,1346.9000244140625,3369019,0.0,0.0,HCLTECH
2026-08-03,1352.0,1377.0,1343.5,1377.0,2314332,0.0,0.0,HCLTECH
2026-08-04,1375.699951171875,1375.9000244140625,1347.4000244140625,1369.9000244140625,3013543,0.0,0.0,HCLTECH
2026-08-05,1370.0,1375.0,1337.0999755859375,1350.0,3215211,0.0,0.0,HCLTECH
2026-08-06,1349.9000244140625,1363.199951171875,1332.5,1335.0,3821560,0.0,0.0,HCLTECH
2026-08-07,1329.0,1369.0,1328.0,1356.5999755859375,1725616,0.0,0.0,HCLTECH
2026-08-10,1356.5999755859375,1367.5,1351.5999755859375,1357.199951171875,1321698,0.0,0.0,HCLTECH
2026-08-11,1360.0999755859375,1379.800048828125,1358.0,1365.4000244140625,1828636,0.0,0.0,HCLTECH
2026-08-12,1370.0,1370.0,1340.4000244140625,1365.4000244140625,1418468,0.0,0.0,HCLTECH
2026-08-13,1362.9000244140625,1372.9000244140625,1354.0,1370.0,778760,0.0,0.0,HCLTECH
2026-08-14,1372.800048828125,1374.9000244140625,1346.5,1360.0,1033374,0.0,0.0,HCLTECH
2026-08-17,1355.0999755859375,1362.800048828125,1325.0,1325.0,970745,0.0,0.0,HCLTECH
2026-08-18,1318.0,1320.0,1292.5,1298.0,3056990,0.0,0.0,HCLTECH
2026-08-19,1309.0,1324.800048828125,1301.4000244140625,1324.800048828125,1693632,0.0,0.0,HCLTECH
2026-08-20,1339.699951171875,1345.300048828125,1318.4000244140625,1318.4000244140625,1510868,0.0,0.0,HCLTECH
2026-08-21,1319.9000244140625,1321.699951171875,1302.5,1302.5,1484443,0.0,0.0,HCLTECH
2026-08-24,1302.5,1325.800048828125,1301.0,1322.0,1091648,0.0,0.0,HCLTECH
2026-08-25,1322.0,1322.9000244140625,1294.4000244140625,1315.800048828125,1314934,0.0,0.0,HCLTECH
2026-08-26,1319.5,1323.0,1296.5999755859375,1298.5,834925,0.0,0.0,HCLTECH
2026-08-27,1295.0,1304.699951171875,1280.0,1282.0,1936771,0.0,0.0,HCLTECH
2026-08-28,1290.0,1334.199951171875,1290.0,1316.0999755859375,3459476,0.0,0.0,HCLTECH
2026-08-31,1316.5999755859375,1322.5999755859375,1297.699951171875,1312.199951171875,3125051,0.0,0.0,HCLTECH
2026-09-01,1316.0999755859375,1368.0,1313.0999755859375,1351.4000244140625,4031856,0.0,0.0,HCLTECH
2026-09-02,1340.0999755859375,1349.300048828125,1317.4000244140625,1331.5,2739386,0.0,0.0,HCLTECH
2026-09-03,1345.0,1345.0,1308.0,1319.0,1515496,0.0,0.0,HCLTECH
2026-09-04,1324.9000244140625,1331.4000244140625,1291.199951171875,1293.4000244140625,2210569,0.0,0.0,HCLTECH
2026-09-07,1271.699951171875,1286.800048828125,1263.0,1282.800048828125,2008363,0.0,0.0,HCLTECH
2026-09-08,1281.4000244140625,1290.0,1268.199951171875,1277.0,2241262,0.0,0.0,HCLTECH
2026-09-09,1248.800048828125,1264.800048828125,1222.699951171875,1229.800048828125,2099173,0.0,0.0,HCLTECH
2026-09-10,1224.800048828125,1237.0,1196.9000244140625,1207.0,2197859,0.0,0.0,HCLTECH
2026-09-11,1196.0,1223.4000244140625,1195.699951171875,1206.0999755859375,2272845,0.0,0.0,HCLTECH
2026-09-14,1206.0999755859375,1206.0999755859375,1206.0999755859375,1206.0999755859375,0,0.0,0.0,HCLTECH
2026-09-15,1252.0,1290.0,1250.0,1253.699951171875,4443984,0.0,0.0,HCLTECH
2026-09-16,1262.5,1284.5999755859375,1244.9000244140625,1253.0,3049093,0.0,0.0,HCLTECH
2026-09-17,1242.199951171875,1258.300048828125,1235.300048828125,1258.300048828125,1386250,0.0,0.0,HCLTECH
2026-09-18,1258.300048828125,1260.800048828125,1235.5999755859375,1249.300048828125,2886447,0.0,0.0,HCLTECH
2026-09-21,1242.300048828125,1284.9000244140625,1237.300048828125,1281.0,2751906,0.0,0.0,HCLTECH
2026-09-22,1280.0,1286.0999755859375,1240.300048828125,1270.4000244140625,2680986,0.0,0.0,HCLTECH
2026-09-23,1270.0,1279.800048828125,1250.0,1256.699951171875,2724431,0.0,0.0,HCLTECH
2026-09-24,1251.0,1263.300048828125,1242.800048828125,1243.5999755859375,822109,0.0,0.0,HCLTECH
2026-09-25,1241.0,1266.5,1234.5999755859375,1258.0,1568243,0.0,0.0,HCLTECH
2026-09-28,1252.0,1267.300048828125,1241.800048828125,1252.5999755859375,2272247,0.0,0.0,HCLTECH
2026-09-29,1252.5999755859375,1261.0,1222.0,1222.0,5604932,0.0,0.0,HCLTECH
2026-09-30,1229.0,1256.4000244140625,1224.800048828125,1230.0,4242658,0.0,0.0,HCLTECH
2026-10-01,1230.0,1256.0,1228.9000244140625,1243.0999755859375,3429976,0.0,0.0,HCLTECH
