Date,Open,High,Low,Close,Volume,Dividends,Stock Splits,Symbol
2021-10-04,2404.385427041005,2411.4854040150876,2394.6806276804878,2399.343994140625,386779,0.0,0.0,HEROMOTOCO
2021-10-05,2397.2010503226384,2402.7885557145,2386.2779470439164,2390.10107421875,316991,0.0,0.0,HEROMOTOCO
2021-10-06,2386.278335765593,2394.68072427181,2336.7042435789135,2351.1142578125,468624,0.0,0.0,HEROMOTOCO
2021-10-07,2369.4732201785696,2402.53669628066,2361.0708328729716,2387.664306640625,552458,0.0,0.0,HEROMOTOCO
2021-10-08,2409.5947673152054,2413.1657821390536,2386.2781411124342,2388.042724609375,300133,0.0,0.0,HEROMOTOCO
2021-10-11,2390.4795208665564,2418.669575224274,2388.9670499139406,2401.234619140625,658779,0.0,0.0,HEROMOTOCO
2021-10-12,2414.7626460710285,2459.799536026909,2399.0922716450323,2450.682861328125,956819,0.0,0.0,HEROMOTOCO
2021-10-13,2458.5384429266196,2476.057501924113,2442.615960545336,2457.8662109375,754779,0.0,0.0,HEROMOTOCO
2021-10-14,2465.2607092119097,2473.789051219539,2436.6925892005925,2460.05126953125,572466,0.0,0.0,HEROMOTOCO
2021-10-18,2469.4617016754833,2478.7043279832174,2433.4994419235627,2440.137451171875,440831,0.0,0.0,HEROMOTOCO
2021-10-19,2440.13758708097,2461.899689999432,2407.704287267363,2416.56884765625,447221,0.0,0.0,HEROMOTOCO
2021-10-20,2405.603525681929,2416.526629361239,2354.3489622636275,2366.1123046875,424722,0.0,0.0,HEROMOTOCO
2021-10-21,2382.0768292482053,2382.0768292482053,2289.650567795894,2316.4541015625,737326,0.0,0.0,HEROMOTOCO
2021-10-22,2330.822421062989,2352.6686297679776,2291.7092640658116,2305.7412109375,387942,0.0,0.0,HEROMOTOCO
2021-10-25,2305.5732776232016,2314.732003876871,2251.04186005846,2257.5537109375,326076,0.0,0.0,HEROMOTOCO
2021-10-26,2266.0399995890175,2275.3667325784577,2256.041239650354,2269.06494140625,282346,0.0,0.0,HEROMOTOCO
2021-10-27,2280.3658870991817,2293.3056867753457,2253.520300386955,2260.3681640625,444512,0.0,0.0,HEROMOTOCO
2021-10-28,2280.240406306142,2280.240406306142,2235.03551169642,2241.54736328125,366561,0.0,0.0,HEROMOTOCO
2021-10-29,2252.6802583952453,2271.039558519916,2217.3902282376175,2232.5986328125,614962,0.0,0.0,HEROMOTOCO
2021-11-01,2247.6389022842773,2262.595194698727,2219.911020499088,2252.42822265625,502481,0.0,0.0,HEROMOTOCO
2021-11-02,2264.4433943104314,2269.9469990604343,2248.941030653102,2255.452880859375,813089,0.0,0.0,HEROMOTOCO
2021-11-03,2266.1237874188528,2266.1237874188528,2218.2301812331375,2219.448486328125,504184,0.0,0.0,HEROMOTOCO
2021-11-04,2226.6326921393556,2256.04104845063,2226.6326921393556,2249.7392578125,93301,0.0,0.0,HEROMOTOCO
2021-11-08,2275.1145747512846,2276.795052363855,2243.857732184759,2254.276611328125,644351,0.0,0.0,HEROMOTOCO
2021-11-09,2264.401393496153,2310.656578021651,2254.8648067014396,2280.7021484375,723569,0.0,0.0,HEROMOTOCO
2021-11-10,2280.408462487894,2295.4907102968805,2270.199641514022,2284.441650390625,390217,0.0,0.0,HEROMOTOCO
2021-11-11,2289.650469597174,2289.650469597174,2256.545146696825,2269.400634765625,264937,0.0,0.0,HEROMOTOCO
2021-11-12,2285.4498632501327,2285.4498632501327,2251.8403064376307,2254.403076171875,352693,0.0,0.0,HEROMOTOCO
2021-11-15,2298.053114375928,2339.897047577225,2256.8814132408565,2262.97314453125,2023708,0.0,0.0,HEROMOTOCO
2021-11-16,2278.8956411385116,2326.6212461902114,2269.4850075694335,2311.412841796875,1246961,0.0,0.0,HEROMOTOCO
2021-11-17,2311.4128017164358,2330.5282341588327,2295.4064169012813,2310.110595703125,570038,0.0,0.0,HEROMOTOCO
2021-11-18,2319.0593995933127,2321.580116332001,2241.0431344763256,2255.91552734375,559569,0.0,0.0,HEROMOTOCO
2021-11-22,2256.041066608892,2267.132177193988,2200.3331958921603,2213.693115234375,636253,0.0,0.0,HEROMOTOCO
2021-11-23,2205.5850258804326,2224.0282284267823,2184.6211066725373,2211.6767578125,626376,0.0,0.0,HEROMOTOCO
2021-11-24,2223.6921434327196,2233.2707843840503,2195.544141617115,2202.30810546875,564230,0.0,0.0,HEROMOTOCO
2021-11-25,2218.2300891117534,2218.2300891117534,2168.7401134963557,2180.167236328125,625134,0.0,0.0,HEROMOTOCO
2021-11-26,2167.815967341871,2175.966242160796,2104.92401507198,2125.2998046875,685448,0.0,0.0,HEROMOTOCO
2021-11-29,2121.6030706554207,2124.9219730455948,2055.350156077607,2092.866943359375,594113,0.0,0.0,HEROMOTOCO
2021-11-30,2080.4309131285813,2111.225577829341,2036.7805559583514,2057.99658203125,1527406,0.0,0.0,HEROMOTOCO
2021-12-01,2083.7921436019988,2083.7921436019988,2047.703929561659,2057.072509765625,769987,0.0,0.0,HEROMOTOCO
2021-12-02,2040.099813796735,2086.4809546976126,2024.0511706039774,2077.658447265625,921229,0.0,0.0,HEROMOTOCO
2021-12-03,2087.993816300399,2098.454750328615,2059.467744626123,2069.04638671875,499760,0.0,0.0,HEROMOTOCO
2021-12-06,2079.3808799176177,2079.9269530593115,2026.361731887578,2033.3778076171875,347297,0.0,0.0,HEROMOTOCO
2021-12-07,2045.9813167666532,2079.590866118056,2041.8642290256703,2068.499755859375,347226,0.0,0.0,HEROMOTOCO
2021-12-08,2067.113197646217,2100.5967925744153,2067.113197646217,2092.740478515625,308181,0.0,0.0,HEROMOTOCO
2021-12-09,2108.9993773854662,2124.8798085709705,2084.968465771843,2118.199951171875,402958,0.0,0.0,HEROMOTOCO
2021-12-10,2117.9901226039765,2138.2399618464447,2111.436218254465,2123.15771484375,327197,0.0,0.0,HEROMOTOCO
2021-12-13,2142.6091342841937,2144.289612036573,2092.1948017128007,2096.39599609375,332491,0.0,0.0,HEROMOTOCO
2021-12-14,2083.792159054105,2090.514069244602,2066.987383577862,2086.985107421875,365318,0.0,0.0,HEROMOTOCO
2021-12-15,2087.237153181029,2120.7625971270054,2080.5570910341967,2106.6044921875,470021,0.0,0.0,HEROMOTOCO
2021-12-16,2111.519884848541,2121.6027494001455,2066.399107007391,2076.31396484375,496003,0.0,0.0,HEROMOTOCO
2021-12-17,2074.5497420127617,2074.5497420127617,2034.218276797447,2054.08984375,492339,0.0,0.0,HEROMOTOCO
2021-12-20,2045.9813474027017,2045.9813474027017,1940.951504106875,1980.1485595703125,687713,0.0,0.0,HEROMOTOCO
2021-12-21,2008.1705952709062,2008.1705952709062,1960.3190398962313,1972.3763427734375,401977,0.0,0.0,HEROMOTOCO
2021-12-22,1978.7629077347403,1988.005537027769,1963.890717990527,1973.553466796875,367785,0.0,0.0,HEROMOTOCO
2021-12-23,1987.1647573761297,2019.093831701835,1976.6617724005687,2010.4393310546875,472868,0.0,0.0,HEROMOTOCO
2021-12-24,2027.496319292615,2027.496319292615,1996.9117075957383,2010.2293701171875,343453,0.0,0.0,HEROMOTOCO
2021-12-27,2008.1706747266276,2025.1434569752757,1992.206137981939,2018.2535400390625,223494,0.0,0.0,HEROMOTOCO
2021-12-28,2019.9339610629133,2037.5789748658756,2013.1279451129194,2031.529296875,265463,0.0,0.0,HEROMOTOCO
2021-12-29,2034.2183043110424,2052.5355527047004,2024.9756767408558,2044.51123046875,270407,0.0,0.0,HEROMOTOCO
2021-12-30,2037.5787779957598,2048.3759269770167,2026.949840857886,2043.3763427734375,366389,0.0,0.0,HEROMOTOCO
2021-12-31,2043.460684149016,2086.8170866402975,2043.460684149016,2068.751953125,253608,0.0,0.0,HEROMOTOCO
2022-01-03,2069.5079740508672,2097.655971261872,2069.5079740508672,2080.935302734375,234912,0.0,0.0,HEROMOTOCO
2022-01-04,2093.8752016820345,2097.740382423502,2074.045482886009,2087.909423828125,181575,0.0,0.0,HEROMOTOCO
2022-01-05,2087.95136000964,2111.478046353041,2082.06968842379,2105.638427734375,294097,0.0,0.0,HEROMOTOCO
2022-01-06,2092.1946510901817,2108.15918858846,2070.3484418820112,2097.236083984375,406402,0.0,0.0,HEROMOTOCO
2022-01-07,2108.158857084689,2113.6204085279132,2085.4724126282176,2099.840576171875,308537,0.0,0.0,HEROMOTOCO
2022-01-10,2091.606480294028,2171.1770534147204,2091.606480294028,2166.2197265625,783876,0.0,0.0,HEROMOTOCO
2022-01-11,2171.7231940317097,2178.0249852106494,2151.6836211645395,2157.943359375,372092,0.0,0.0,HEROMOTOCO
2022-01-12,2163.6149701131535,2180.419746580052,2152.69186540967,2176.638671875,410716,0.0,0.0,HEROMOTOCO
2022-01-13,2183.7808602643263,2184.621099148614,2159.4139326199765,2179.24365234375,243121,0.0,0.0,HEROMOTOCO
2022-01-14,2176.218509901343,2180.251697201805,2146.8101516594334,2159.16162109375,267065,0.0,0.0,HEROMOTOCO
2022-01-17,2183.7803207925576,2289.188221759671,2177.4364777560504,2269.90478515625,2357848,0.0,0.0,HEROMOTOCO
2022-01-18,2271.165794130399,2291.3315281515343,2231.002332844346,2262.637451171875,1082632,0.0,0.0,HEROMOTOCO
2022-01-19,2264.443619278446,2302.2543661680675,2247.680895851333,2268.476806640625,763040,0.0,0.0,HEROMOTOCO
2022-01-20,2268.644745356039,2318.428893934685,2265.325843144747,2276.5849609375,1022978,0.0,0.0,HEROMOTOCO
2022-01-21,2271.7537606809237,2333.3433100357674,2232.7247067312005,2310.740966796875,1170753,0.0,0.0,HEROMOTOCO
2022-01-24,2302.2546083100015,2326.957550154805,2241.3793404423795,2273.8544921875,593277,0.0,0.0,HEROMOTOCO
2022-01-25,2272.0896141738785,2343.4257997414193,2229.0273795963426,2337.586181640625,971148,0.0,0.0,HEROMOTOCO
2022-01-27,2296.372589077607,2327.4614239827924,2259.402082703873,2281.248291015625,559824,0.0,0.0,HEROMOTOCO
2022-01-28,2285.617658028895,2314.858010771187,2237.5980902411566,2245.244140625,466238,0.0,0.0,HEROMOTOCO
2022-01-31,2251.965835581423,2297.254827928269,2251.965835581423,2289.0625,442531,0.0,0.0,HEROMOTOCO
2022-02-01,2308.976167828,2327.2934142623626,2250.1594532181166,2291.12109375,414159,0.0,0.0,HEROMOTOCO
2022-02-02,2271.1653581208107,2305.110921818402,2266.9641643396035,2270.6611328125,283071,0.0,0.0,HEROMOTOCO
2022-02-03,2272.257634621397,2367.750684065547,2255.2007474047277,2337.1240234375,1436881,0.0,0.0,HEROMOTOCO
2022-02-04,2323.2602494661064,2335.8638312896114,2279.357772780897,2286.919921875,585251,0.0,0.0,HEROMOTOCO
2022-02-07,2286.919943003277,2297.212868254233,2205.6268394906224,2224.994384765625,688838,0.0,0.0,HEROMOTOCO
2022-02-08,2235.4970447663004,2261.628344441519,2226.6324857297955,2245.07568359375,625615,0.0,0.0,HEROMOTOCO
2022-02-09,2252.1762478333994,2299.397837752029,2246.0006150487275,2292.885986328125,359950,0.0,0.0,HEROMOTOCO
2022-02-10,2306.79165402532,2311.497073634367,2269.5271841534623,2297.297119140625,448648,0.0,0.0,HEROMOTOCO
2022-02-11,2243.4375072404314,2308.1358922806985,2230.8339257390808,2284.273193359375,1235994,0.0,0.0,HEROMOTOCO
2022-02-14,2252.6800736450173,2271.2912797781573,2210.45807674063,2225.372314453125,576694,0.0,0.0,HEROMOTOCO
2022-02-15,2226.632851111687,2342.459853364653,2209.828074876882,2334.7294921875,1131545,0.0,0.0,HEROMOTOCO
2022-02-16,2324.268634586939,2390.1434826229447,2324.268634586939,2341.57763671875,1127829,0.0,0.0,HEROMOTOCO
2022-02-17,2352.668644239703,2413.4179506164637,2336.3260405775377,2347.1650390625,1166885,0.0,0.0,HEROMOTOCO
2022-02-18,2335.8636371597154,2367.792708459021,2309.774183926028,2330.8642578125,662754,0.0,0.0,HEROMOTOCO
2022-02-21,2335.931230513997,2360.0210065213937,2305.915721437388,2330.26318359375,522214,60.0,0.0,HEROMOTOCO
2022-02-22,2297.284334585458,2363.4559913950934,2272.464695288558,2345.4208984375,644900,0.0,0.0,HEROMOTOCO
2022-02-23,2357.4447092060304,2372.4309733466644,2288.739581068878,2293.591796875,631227,0.0,0.0,HEROMOTOCO
2022-02-24,2248.890404786438,2254.0432887417987,2095.50614184665,2138.790283203125,1934361,0.0,0.0,HEROMOTOCO
2022-02-25,2219.7770411481524,2226.046426799893,2151.071904518526,2197.190185546875,715496,0.0,0.0,HEROMOTOCO
2022-02-28,2170.2235305366685,2187.356832264512,2137.631572873067,2177.48046875,1008620,0.0,0.0,HEROMOTOCO
2022-03-02,2145.3176525753097,2145.7470596314697,2079.1889659266712,2083.74072265625,855090,0.0,0.0,HEROMOTOCO
2022-03-03,2096.36551157532,2119.5534955214625,2065.4481996471304,2076.097412109375,831912,0.0,0.0,HEROMOTOCO
2022-03-04,2061.1540722408217,2064.245887217757,1976.2174320491386,1984.977294921875,1266961,0.0,0.0,HEROMOTOCO
2022-03-07,1966.5124580626405,1966.5124580626405,1863.7124579799038,1888.2744140625,1284637,0.0,0.0,HEROMOTOCO
2022-03-08,1873.0735257826348,1940.2757281634192,1843.7451085482742,1933.7486572265625,1081826,0.0,0.0,HEROMOTOCO
2022-03-09,1946.0725817660582,1984.375771171582,1919.5780852110568,1967.113525390625,670764,0.0,0.0,HEROMOTOCO
2022-03-10,2018.2132088520348,2070.128481162477,1985.6212544986865,1993.0928955078125,716132,0.0,0.0,HEROMOTOCO
2022-03-11,1990.7313214143023,2013.9193048820273,1964.1940464253696,2002.067626953125,467988,0.0,0.0,HEROMOTOCO
2022-03-14,2001.0367882063572,2019.07188372238,1960.0713988971002,2011.256591796875,382149,0.0,0.0,HEROMOTOCO
2022-03-15,2013.9192480417885,2043.9777442812183,1975.2726100196646,1991.07470703125,612285,0.0,0.0,HEROMOTOCO
2022-03-16,2018.3849283484599,2040.9717819236405,2005.3309954940883,2034.9600830078125,493507,0.0,0.0,HEROMOTOCO
2022-03-17,2046.5539844490115,2086.2741362663705,2039.683471702225,2078.244140625,781757,0.0,0.0,HEROMOTOCO
2022-03-21,2090.997701104015,2102.3340056753577,2043.9776275295435,2053.89697265625,516893,0.0,0.0,HEROMOTOCO
2022-03-22,2065.4475590973148,2091.2119777139133,2013.9617044960873,2081.46435546875,470208,0.0,0.0,HEROMOTOCO
2022-03-23,2080.9062983828494,2095.3344153533753,1998.6318761823416,2056.558837890625,1137046,0.0,0.0,HEROMOTOCO
2022-03-24,2027.6598819291094,2084.556310212804,2003.6130895978874,2071.588134765625,692836,0.0,0.0,HEROMOTOCO
2022-03-25,2078.329895956919,2093.7885480756067,2032.5980501058004,2042.6031494140625,467568,0.0,0.0,HEROMOTOCO
2022-03-28,2035.3893888789244,2059.307445102035,2017.3542930280985,2042.2169189453125,493636,0.0,0.0,HEROMOTOCO
2022-03-29,2048.2719428388546,2062.0129705476265,1849.9288379393345,1898.53759765625,2475877,0.0,0.0,HEROMOTOCO
2022-03-30,1932.3319275530007,1958.955167443731,1912.0638287998715,1950.9251708984375,3115035,0.0,0.0,HEROMOTOCO
2022-03-31,1958.0965192759522,1989.78668170618,1958.0965192759522,1970.2486572265625,1338490,0.0,0.0,HEROMOTOCO
2022-04-01,1876.5088008985517,1928.8964607863375,1846.450307520314,1923.872314453125,3541517,0.0,0.0,HEROMOTOCO
2022-04-04,1932.33175392188,1991.5899277088176,1932.33175392188,1985.363525390625,1417392,0.0,0.0,HEROMOTOCO
2022-04-05,2000.9509412237196,2020.4889625211356,1988.1546946601325,2002.96923828125,715666,0.0,0.0,HEROMOTOCO
2022-04-06,1999.3193992823394,2017.4832352139488,1980.8978771639595,2015.5509033203125,812337,0.0,0.0,HEROMOTOCO
2022-04-07,2018.2133873726145,2033.8437640128725,2006.920064413977,2018.728759765625,853476,0.0,0.0,HEROMOTOCO
2022-04-08,2022.5072721861357,2043.9776253940565,2001.5093086830727,2028.9053955078125,694946,0.0,0.0,HEROMOTOCO
2022-04-11,2025.040615823702,2028.304151258473,2002.0243565701755,2005.67431640625,408871,0.0,0.0,HEROMOTOCO
2022-04-12,1996.6999593353435,1997.5587735039362,1962.8197823186465,1973.468994140625,502227,0.0,0.0,HEROMOTOCO
2022-04-13,1968.0156540591786,1984.8482859956891,1948.5633872973074,1953.286865234375,426929,0.0,0.0,HEROMOTOCO
2022-04-18,1949.421902905715,1970.9352365130617,1931.601511599681,1962.7335205078125,422209,0.0,0.0,HEROMOTOCO
2022-04-19,1982.1427425214708,1998.8896157793429,1925.804459385407,1943.7108154296875,484466,0.0,0.0,HEROMOTOCO
2022-04-20,1949.5083730190843,1988.1550147749692,1942.3371900691343,1953.6737060546875,424461,0.0,0.0,HEROMOTOCO
2022-04-21,1959.8134204717662,1993.9512747503607,1955.5193507511883,1990.4300537109375,341987,0.0,0.0,HEROMOTOCO
2022-04-22,1970.9784611941707,1979.5666026372826,1952.6426953445582,1970.3343505859375,598737,0.0,0.0,HEROMOTOCO
2022-04-25,1948.048087299889,2003.5703356329223,1946.0727729129585,1965.4820556640625,596296,0.0,0.0,HEROMOTOCO
2022-04-26,1984.7195088161413,2072.318552476568,1976.3890534611503,2067.38037109375,1311255,0.0,0.0,HEROMOTOCO
2022-04-27,2052.5658427734375,2171.597569239664,2035.3895595703125,2147.035400390625,2082863,0.0,0.0,HEROMOTOCO
2022-04-28,2181.215893607577,2183.0622598851332,2145.3604082121283,2161.892578125,1182758,0.0,0.0,HEROMOTOCO
2022-04-29,2154.4211931678738,2191.6936422434155,2139.692405153239,2152.746337890625,839920,0.0,0.0,HEROMOTOCO
2022-05-02,2112.854471280847,2151.8447584120318,2102.4629461569834,2136.12841796875,667551,0.0,0.0,HEROMOTOCO
2022-05-04,2095.5065763449365,2164.2117099955904,2060.1234744491358,2069.312744140625,1263034,0.0,0.0,HEROMOTOCO
2022-05-05,2087.004406221066,2179.799109900814,2087.004406221066,2148.452392578125,1675043,0.0,0.0,HEROMOTOCO
2022-05-06,2069.7421682326803,2232.058047816073,2067.380429244033,2201.44140625,2491483,0.0,0.0,HEROMOTOCO
2022-05-09,2194.2700153687883,2198.564085848962,2135.0118427423904,2140.808837890625,996952,0.0,0.0,HEROMOTOCO
2022-05-10,2134.1530675470062,2163.653416152087,2111.480458866984,2121.05615234375,644415,0.0,0.0,HEROMOTOCO
2022-05-11,2117.4062147391833,2163.696211979699,2067.9384375147147,2121.528564453125,575504,0.0,0.0,HEROMOTOCO
2022-05-12,2111.8238219111436,2111.8238219111436,2036.2481829000901,2062.184326171875,966472,0.0,0.0,HEROMOTOCO
2022-05-13,2073.9931012092943,2147.0352834878336,2073.9931012092943,2103.364501953125,691344,0.0,0.0,HEROMOTOCO
2022-05-16,2104.1374173965373,2157.2979235327175,2095.5062942094683,2143.513916015625,473407,0.0,0.0,HEROMOTOCO
2022-05-17,2159.91760894854,2180.4004105003796,2148.796007528597,2167.217529296875,517525,0.0,0.0,HEROMOTOCO
2022-05-18,2168.806081025795,2193.5827398341958,2157.1691090574695,2180.52880859375,332168,0.0,0.0,HEROMOTOCO
2022-05-19,2155.7091678214865,2189.1169495223367,2147.5074519492173,2160.3466796875,556405,0.0,0.0,HEROMOTOCO
2022-05-20,2185.681902327911,2244.4247033784927,2185.681902327911,2224.457275390625,751633,0.0,0.0,HEROMOTOCO
2022-05-23,2245.8419220840888,2318.755157511412,2241.9772585171686,2254.12939453125,744827,0.0,0.0,HEROMOTOCO
2022-05-24,2258.6381895154727,2279.2927113700466,2244.4247736651473,2264.69287109375,616849,0.0,0.0,HEROMOTOCO
2022-05-25,2267.440784886395,2292.389374665209,2218.8748090241143,2228.36474609375,525893,0.0,0.0,HEROMOTOCO
2022-05-26,2239.7869975448425,2273.581413604117,2211.4461344624115,2264.22021484375,362813,0.0,0.0,HEROMOTOCO
2022-05-27,2271.692133172964,2341.9001889517085,2265.5516959550732,2335.802734375,654718,0.0,0.0,HEROMOTOCO
2022-05-30,2339.4096128072774,2393.9013256206536,2339.4096128072774,2379.387451171875,924244,0.0,0.0,HEROMOTOCO
2022-05-31,2383.1232184171263,2413.224695266222,2363.5851971814063,2382.264404296875,1859231,0.0,0.0,HEROMOTOCO
2022-06-01,2404.5935381880204,2404.5935381880204,2345.85073704331,2368.265869140625,430807,0.0,0.0,HEROMOTOCO
2022-06-02,2345.077861819507,2347.138931787858,2267.612662378293,2287.10791015625,1093645,0.0,0.0,HEROMOTOCO
2022-06-03,2297.3279771218854,2309.093689687251,2211.5752956773786,2218.961181640625,753558,0.0,0.0,HEROMOTOCO
2022-06-06,2202.8579784281833,2228.1500095795614,2168.591382632302,2182.03173828125,965347,0.0,0.0,HEROMOTOCO
2022-06-07,2168.505613662492,2214.0657438362973,2147.035261051972,2207.88232421875,550257,0.0,0.0,HEROMOTOCO
2022-06-08,2219.1759401460586,2247.559791995914,2192.8533682230413,2220.8505859375,539786,0.0,0.0,HEROMOTOCO
2022-06-09,2215.6970685500414,2235.9651621891044,2198.563771716449,2231.28466796875,327503,0.0,0.0,HEROMOTOCO
2022-06-10,2215.7406230885094,2245.2837475277825,2211.832976566993,2234.591552734375,324452,0.0,0.0,HEROMOTOCO
2022-06-13,2198.5639593844253,2243.4799759576913,2178.4248119251247,2231.885986328125,625967,0.0,0.0,HEROMOTOCO
2022-06-14,2229.438818777838,2245.7133069425468,2172.8000607106005,2196.50341796875,509259,0.0,0.0,HEROMOTOCO
2022-06-15,2204.5758825838516,2256.9635447722485,2196.503113590601,2237.468505859375,673444,0.0,0.0,HEROMOTOCO
2022-06-16,2250.5224025344373,2253.742955485975,2156.5252389898446,2163.395751953125,493824,0.0,0.0,HEROMOTOCO
2022-06-17,2162.493670292397,2162.493670292397,2108.9465330708904,2119.03759765625,725864,0.0,0.0,HEROMOTOCO
2022-06-20,2108.474441572818,2148.2803466769046,2090.2674161177533,2106.284423828125,377385,0.0,0.0,HEROMOTOCO
2022-06-21,2116.9767444132267,2168.376851873325,2116.9767444132267,2146.34814453125,381831,0.0,0.0,HEROMOTOCO
2022-06-22,2142.7411699272748,2192.981794552824,2129.858958484826,2168.033203125,873408,0.0,0.0,HEROMOTOCO
2022-06-23,2209.342550329617,2307.333126440383,2209.342550329617,2296.55517578125,1846048,0.0,0.0,HEROMOTOCO
2022-06-24,2331.680283650552,2376.9397448280138,2310.381652016626,2370.283935546875,1354569,0.0,0.0,HEROMOTOCO
2022-06-27,2393.9871909450303,2412.408710721313,2345.0777718342492,2366.462158203125,1005184,0.0,0.0,HEROMOTOCO
2022-06-28,2360.020787118143,2398.409729603147,2344.562135674137,2376.08056640625,714029,0.0,0.0,HEROMOTOCO
2022-06-29,2353.193819581279,2391.582771227702,2344.562695197639,2363.800048828125,653929,0.0,0.0,HEROMOTOCO
2022-06-30,2357.4448367582772,2381.4916329073594,2330.82159816465,2335.716796875,643735,0.0,0.0,HEROMOTOCO
2022-07-01,2331.680643786397,2378.9154266255323,2304.4992571666357,2373.5908203125,393346,0.0,0.0,HEROMOTOCO
2022-07-04,2361.739056566211,2403.8209524832087,2352.2061350511326,2370.713623046875,499627,0.0,0.0,HEROMOTOCO
2022-07-05,2373.160966867137,2379.6450550444038,2344.5624163379644,2350.788818359375,401190,0.0,0.0,HEROMOTOCO
2022-07-06,2351.003772678683,2440.749852768153,2348.083888391233,2431.989990234375,739745,0.0,0.0,HEROMOTOCO
2022-07-07,2453.6317991826068,2463.7228645100113,2426.2784871712497,2438.5595703125,382303,0.0,0.0,HEROMOTOCO
2022-07-08,2446.245984480356,2473.34161111356,2421.0399165933973,2447.01904296875,532145,0.0,0.0,HEROMOTOCO
2022-07-11,2417.5616825128377,2469.4339700914406,2411.5929664743085,2463.164794921875,428940,0.0,0.0,HEROMOTOCO
2022-07-12,2451.484680526009,2477.2920843975126,2433.878992681979,2469.519775390625,422887,0.0,0.0,HEROMOTOCO
2022-07-13,2477.6787034440454,2483.5186813171217,2434.73799801174,2441.9091796875,539917,0.0,0.0,HEROMOTOCO
2022-07-14,2437.31420158333,2461.3609942698463,2380.6754586006173,2398.495849609375,620757,0.0,0.0,HEROMOTOCO
2022-07-15,2404.6362027007194,2418.8066336142992,2389.8646439250833,2404.72216796875,816619,0.0,0.0,HEROMOTOCO
2022-07-18,2430.400984314939,2435.468113441123,2409.188317421025,2420.09521484375,369313,0.0,0.0,HEROMOTOCO
2022-07-19,2417.561637185515,2444.9149495245424,2390.4660110049804,2405.7099609375,661056,0.0,0.0,HEROMOTOCO
2022-07-20,2421.8558366775005,2437.9586015490268,2413.267695412687,2427.65283203125,201509,0.0,0.0,HEROMOTOCO
2022-07-21,2421.8558819346313,2451.0555627806516,2417.604793863392,2445.73095703125,314132,0.0,0.0,HEROMOTOCO
2022-07-22,2448.5222249948592,2476.304738087147,2439.289972502654,2466.1708984375,576270,0.0,0.0,HEROMOTOCO
2022-07-25,2469.090478700852,2469.777571898772,2431.6890836022503,2438.04443359375,421977,0.0,0.0,HEROMOTOCO
2022-07-26,2439.032185854235,2445.6450128745555,2392.3555529359555,2405.32373046875,347002,0.0,0.0,HEROMOTOCO
2022-07-27,2404.670875402781,2424.6300360447062,2374.5364772105327,2419.933837890625,498259,35.0,0.0,HEROMOTOCO
2022-07-28,2433.370739490526,2445.546290009778,2395.452511514955,2418.3251953125,294368,0.0,0.0,HEROMOTOCO
2022-07-29,2435.1102984016,2475.8114701398376,2426.065687937444,2450.80810546875,400652,0.0,0.0,HEROMOTOCO
2022-08-01,2465.5055358663476,2529.0358636968617,2452.5038293071357,2470.59326171875,961562,0.0,0.0,HEROMOTOCO
2022-08-02,2457.8090227435264,2460.287489691675,2384.712189215542,2410.28076171875,1137765,0.0,0.0,HEROMOTOCO
2022-08-03,2422.934589235715,2441.8937035044487,2391.1041360480863,2436.762451171875,600314,0.0,0.0,HEROMOTOCO
2022-08-04,2452.4168137848737,2459.4177981394864,2416.9772632254117,2441.197998046875,396416,0.0,0.0,HEROMOTOCO
2022-08-05,2442.0676063441847,2443.7199175866667,2401.192543132583,2409.62841796875,512072,0.0,0.0,HEROMOTOCO
2022-08-08,2409.019949348434,2429.283589221266,2374.2326576610917,2381.233642578125,675310,0.0,0.0,HEROMOTOCO
2022-08-10,2422.065029310158,2422.065029310158,2376.754499846299,2413.759521484375,895054,0.0,0.0,HEROMOTOCO
2022-08-11,2426.7176208232477,2450.7642468319264,2406.7582460433737,2422.32568359375,422152,0.0,0.0,HEROMOTOCO
2022-08-12,2426.36947834177,2430.7614153138115,2393.234718465244,2401.974853515625,435760,0.0,0.0,HEROMOTOCO
2022-08-16,2439.4585889139876,2474.811085673694,2419.021057063906,2449.894775390625,1213957,0.0,0.0,HEROMOTOCO
2022-08-17,2448.1552263289927,2547.298990379261,2442.110977915438,2533.775390625,2510869,0.0,0.0,HEROMOTOCO
2022-08-18,2546.3859401465143,2555.6481829172485,2524.817779247586,2529.209716796875,805655,0.0,0.0,HEROMOTOCO
2022-08-19,2532.5144150180054,2554.1694155736673,2463.679157932561,2468.72314453125,510610,0.0,0.0,HEROMOTOCO
2022-08-22,2465.5489763795013,2466.114184865702,2405.1495915394935,2418.19482421875,570304,0.0,0.0,HEROMOTOCO
2022-08-23,2413.3680059943954,2443.806881745676,2396.974412267021,2438.06689453125,396875,0.0,0.0,HEROMOTOCO
2022-08-24,2418.8905147717123,2455.9823732623677,2417.7163589480815,2440.632568359375,324008,0.0,0.0,HEROMOTOCO
2022-08-25,2442.154684061171,2453.4170261476065,2428.0656624845724,2434.936279296875,363945,0.0,0.0,HEROMOTOCO
2022-08-26,2465.549146045453,2470.6801863224846,2449.9383923299774,2458.374267578125,475372,0.0,0.0,HEROMOTOCO
2022-08-29,2425.4565077390857,2462.8963674489705,2401.2795133849654,2458.635009765625,339203,0.0,0.0,HEROMOTOCO
2022-08-30,2471.6371373541183,2490.770148269597,2462.5489996342226,2467.8974609375,918526,0.0,0.0,HEROMOTOCO
2022-09-01,2452.504306716645,2506.598508179974,2428.9358293356536,2501.771728515625,838699,0.0,0.0,HEROMOTOCO
2022-09-02,2511.903475807387,2512.51221096364,2452.591184320208,2456.98291015625,776170,0.0,0.0,HEROMOTOCO
2022-09-05,2459.461342146752,2476.8549867163897,2442.111224153491,2471.680419921875,930716,0.0,0.0,HEROMOTOCO
2022-09-06,2471.6803349627125,2495.770489398656,2459.28736363283,2492.987548828125,481401,0.0,0.0,HEROMOTOCO
2022-09-07,2469.8972860473773,2500.336161051482,2462.0701467606073,2482.72509765625,551689,0.0,0.0,HEROMOTOCO
2022-09-08,2495.1616364443917,2499.0316795803237,2475.1154202490347,2484.94287109375,519141,0.0,0.0,HEROMOTOCO
2022-09-09,2497.379407776713,2503.16270928536,2463.548643921792,2468.54931640625,522672,0.0,0.0,HEROMOTOCO
2022-09-12,2475.9851488447166,2495.9007856951275,2471.071529492575,2485.464599609375,313906,0.0,0.0,HEROMOTOCO
2022-09-13,2466.4188408509367,2524.6875511249186,2462.9401118793553,2495.988037109375,766550,0.0,0.0,HEROMOTOCO
2022-09-14,2461.2005151825247,2495.726854502998,2461.2005151825247,2479.898681640625,519643,0.0,0.0,HEROMOTOCO
2022-09-15,2482.9427130066324,2482.9427130066324,2406.019363889995,2426.67431640625,1010823,0.0,0.0,HEROMOTOCO
2022-09-16,2438.849738630245,2438.849738630245,2322.051381364811,2335.2705078125,1906557,0.0,0.0,HEROMOTOCO
2022-09-19,2346.968076726502,2369.840763903283,2317.5729845612464,2351.96875,534862,0.0,0.0,HEROMOTOCO
2022-09-20,2363.752865667332,2455.330450480869,2360.882871732764,2410.367919921875,1009201,0.0,0.0,HEROMOTOCO
2022-09-21,2422.0653995134858,2442.024567432309,2406.933011211256,2414.803466796875,447919,0.0,0.0,HEROMOTOCO
2022-09-22,2414.8030177164196,2434.5449736962164,2376.841474270218,2415.06396484375,328914,0.0,0.0,HEROMOTOCO
2022-09-23,2427.1961631333315,2445.7639645332506,2385.0165730258154,2402.10595703125,408930,0.0,0.0,HEROMOTOCO
2022-09-26,2382.9292047386434,2395.8440702124753,2322.225345306263,2366.709716796875,610918,0.0,0.0,HEROMOTOCO
2022-09-27,2378.5804609582287,2378.5804609582287,2287.2638436271086,2294.438720703125,740040,0.0,0.0,HEROMOTOCO
2022-09-28,2261.1735444222204,2282.915597733973,2239.5185442536113,2253.65087890625,923391,0.0,0.0,HEROMOTOCO
2022-09-29,2261.217139980178,2264.9568157288395,2195.947451482069,2205.77490234375,1057406,0.0,0.0,HEROMOTOCO
2022-09-30,2216.820002503466,2254.346705768157,2182.9023955604944,2216.993896484375,706844,0.0,0.0,HEROMOTOCO
2022-10-03,2207.6881225498814,2238.518312089815,2191.990317385691,2196.42578125,658511,0.0,0.0,HEROMOTOCO
2022-10-04,2243.7800544246043,2285.437746474136,2227.343145932558,2280.1328125,391128,0.0,0.0,HEROMOTOCO
2022-10-06,2308.137007347746,2316.529357278756,2287.4820510838013,2301.2666015625,463669,0.0,0.0,HEROMOTOCO
2022-10-07,2335.009721386157,2378.4938326438582,2269.783554499604,2282.872314453125,1065099,0.0,0.0,HEROMOTOCO
2022-10-10,2260.9995500806517,2260.9995500806517,2201.51316746583,2235.517822265625,1076512,0.0,0.0,HEROMOTOCO
2022-10-11,2239.4318646283464,2239.866705767109,2203.600997259248,2216.080810546875,407068,0.0,0.0,HEROMOTOCO
2022-10-12,2217.6898718574093,2230.256738666312,2188.2077267261584,2217.7333984375,401910,0.0,0.0,HEROMOTOCO
2022-10-13,2220.298756051983,2238.823030206677,2202.035429033929,2214.602294921875,239037,0.0,0.0,HEROMOTOCO
2022-10-14,2239.8662539859747,2248.1282339560257,2199.469562807881,2205.4267578125,250851,0.0,0.0,HEROMOTOCO
2022-10-17,2195.0779509089666,2235.0833335325055,2192.9472719081004,2220.907470703125,257635,0.0,0.0,HEROMOTOCO
2022-10-18,2232.0393022095013,2258.3471880040997,2204.383366578659,2228.125732421875,454003,0.0,0.0,HEROMOTOCO
2022-10-19,2238.5619957430067,2238.5619957430067,2202.2092371078697,2210.036376953125,375698,0.0,0.0,HEROMOTOCO
2022-10-20,2205.905298676734,2235.083177959009,2176.5970519987977,2231.213134765625,364460,0.0,0.0,HEROMOTOCO
2022-10-21,2235.952930456904,2241.171023643501,2215.906713333442,2234.952880859375,360297,0.0,0.0,HEROMOTOCO
2022-10-24,2248.9981549742224,2252.4768837522183,2239.4316508347342,2245.432373046875,35097,0.0,0.0,HEROMOTOCO
2022-10-25,2249.0849875389763,2262.9128481454054,2231.6478187845155,2248.650146484375,410336,0.0,0.0,HEROMOTOCO
2022-10-27,2259.434257509516,2278.5672650788806,2241.2144586754566,2270.522705078125,473043,0.0,0.0,HEROMOTOCO
2022-10-28,2281.9156077161406,2325.8345565511368,2277.697564333773,2304.52734375,717856,0.0,0.0,HEROMOTOCO
2022-10-31,2320.3120169698636,2343.054120662064,2310.3106720691317,2328.0087890625,511816,0.0,0.0,HEROMOTOCO
2022-11-01,2339.662421288928,2340.1843155126735,2295.352157884656,2324.790771484375,368266,0.0,0.0,HEROMOTOCO
2022-11-02,2304.6143335024763,2310.919529534765,2287.568689554868,2299.396240234375,565598,0.0,0.0,HEROMOTOCO
2022-11-03,2295.091149827713,2320.659719617383,2285.5246463612084,2301.4833984375,311401,0.0,0.0,HEROMOTOCO
2022-11-04,2279.4373956421146,2293.526206977005,2238.0839582276026,2251.5205078125,855256,0.0,0.0,HEROMOTOCO
2022-11-07,2260.304176736926,2282.9159153268297,2252.4770364558053,2279.480712890625,314060,0.0,0.0,HEROMOTOCO
2022-11-09,2287.264234646073,2310.35434001211,2280.350303473977,2305.96240234375,459177,0.0,0.0,HEROMOTOCO
2022-11-10,2305.919037955192,2367.275165250576,2284.090140130443,2359.01318359375,706321,0.0,0.0,HEROMOTOCO
2022-11-11,2370.840852544262,2375.9283662816215,2313.398297808692,2320.7470703125,474615,0.0,0.0,HEROMOTOCO
2022-11-14,2322.4867258746754,2355.0998141429022,2309.789278578995,2338.053955078125,352558,0.0,0.0,HEROMOTOCO
2022-11-15,2343.3587845744073,2395.14840418592,2341.184578984711,2374.884765625,1012827,0.0,0.0,HEROMOTOCO
2022-11-16,2374.7105975178156,2395.9742832655143,2356.012431604854,2382.45068359375,647740,0.0,0.0,HEROMOTOCO
2022-11-17,2383.799156255694,2404.758584369028,2371.797498191932,2386.408203125,517393,0.0,0.0,HEROMOTOCO
2022-11-18,2378.580720927393,2382.1465027332706,2350.4031037154095,2368.27490234375,469583,0.0,0.0,HEROMOTOCO
2022-11-21,2361.187126003081,2367.7097423732553,2317.703016868586,2328.530517578125,467604,0.0,0.0,HEROMOTOCO
2022-11-22,2321.8778382363125,2340.184693047132,2319.4426853405525,2335.48828125,361527,0.0,0.0,HEROMOTOCO
2022-11-23,2340.314688654947,2345.9676226855145,2303.5706174562583,2312.3544921875,264132,0.0,0.0,HEROMOTOCO
2022-11-24,2317.703291290598,2331.3137341313054,2301.005433870833,2324.747802734375,498023,0.0,0.0,HEROMOTOCO
2022-11-25,2324.660733272019,2362.709333002902,2316.39875161617,2355.22998046875,423634,0.0,0.0,HEROMOTOCO
2022-11-28,2365.4921496178918,2438.5889838417233,2358.6217449000264,2420.760498046875,1223958,0.0,0.0,HEROMOTOCO
2022-11-29,2420.455718081056,2468.1143409333345,2411.715582596089,2459.678466796875,731879,0.0,0.0,HEROMOTOCO
2022-11-30,2462.8964646007366,2488.160774983645,2452.5908579223446,2480.24658203125,1379225,0.0,0.0,HEROMOTOCO
2022-12-01,2482.9427628900476,2508.1635475218554,2458.2438725253546,2497.553466796875,782249,0.0,0.0,HEROMOTOCO
2022-12-02,2491.6394024425576,2491.6394024425576,2446.415929867684,2452.89501953125,526214,0.0,0.0,HEROMOTOCO
2022-12-05,2443.8071753075924,2463.7228143330367,2422.63032713258,2459.156982421875,397713,0.0,0.0,HEROMOTOCO
2022-12-06,2454.2429893530857,2456.8520357627453,2416.0205019165214,2434.06640625,339117,0.0,0.0,HEROMOTOCO
2022-12-07,2429.0659953344134,2436.84960882914,2392.495815092421,2399.931640625,340800,0.0,0.0,HEROMOTOCO
2022-12-08,2391.6262162884873,2416.673107854935,2387.4952255512617,2398.757568359375,190468,0.0,0.0,HEROMOTOCO
2022-12-09,2402.0620824365687,2419.6731458577638,2375.2323033563575,2392.930419921875,254995,0.0,0.0,HEROMOTOCO
2022-12-12,2392.4958026698537,2413.2811229321733,2379.4940958618454,2410.28076171875,166357,0.0,0.0,HEROMOTOCO
2022-12-13,2421.108169552852,2448.1988972304507,2389.7996106386026,2399.844482421875,440848,0.0,0.0,HEROMOTOCO
2022-12-14,2402.4536073366235,2420.2385662792776,2372.145309349813,2389.321533203125,438317,0.0,0.0,HEROMOTOCO
2022-12-15,2381.6247288183113,2421.0213753422254,2378.2330531338666,2409.759033203125,299314,0.0,0.0,HEROMOTOCO
2022-12-16,2387.3644809608545,2406.9756429762238,2363.056695761345,2369.75341796875,271086,0.0,0.0,HEROMOTOCO
2022-12-19,2369.7537404320965,2422.0650423229167,2356.0127185528877,2418.238525390625,276490,0.0,0.0,HEROMOTOCO
2022-12-20,2409.0200605563487,2426.9356015322787,2385.8864255864337,2411.23779296875,234062,0.0,0.0,HEROMOTOCO
2022-12-21,2411.237265745452,2433.414160370852,2380.32002312627,2398.10498046875,328455,0.0,0.0,HEROMOTOCO
2022-12-22,2397.887556753823,2432.109633932834,2363.1873242570446,2372.23193359375,483991,0.0,0.0,HEROMOTOCO
2022-12-23,2361.1872612271723,2365.535672389653,2286.09011552122,2293.2216796875,328855,0.0,0.0,HEROMOTOCO
2022-12-26,2300.309378233468,2346.4025340165963,2271.2620781981527,2336.227294921875,175951,0.0,0.0,HEROMOTOCO
2022-12-27,2343.750015305403,2364.013653141715,2335.5315609351887,2350.185791015625,181947,0.0,0.0,HEROMOTOCO
2022-12-28,2337.3579189501343,2371.4058914699626,2335.0966603454112,2345.18505859375,225857,0.0,0.0,HEROMOTOCO
2022-12-29,2340.8368251978018,2387.2777723418676,2323.312600494129,2367.448974609375,243791,0.0,0.0,HEROMOTOCO
2022-12-30,2379.3206403423574,2404.541429532905,2368.0580835853575,2381.9296875,211762,0.0,0.0,HEROMOTOCO
2023-01-02,2381.929102274411,2391.278185625618,2356.838686676388,2361.9697265625,131296,0.0,0.0,HEROMOTOCO
2023-01-03,2350.0556126968963,2382.8425949523885,2349.8817186911892,2365.8837890625,136701,0.0,0.0,HEROMOTOCO
2023-01-04,2354.2299129166004,2372.493240648868,2346.185351891673,2356.230224609375,178937,0.0,0.0,HEROMOTOCO
2023-01-05,2355.012584170442,2409.9766746651258,2349.8815435980478,2406.541259765625,258988,0.0,0.0,HEROMOTOCO
2023-01-06,2406.4106600934615,2413.67259143167,2377.493726790929,2385.14697265625,162618,0.0,0.0,HEROMOTOCO
2023-01-09,2397.7141037852416,2411.107126290329,2383.146925243928,2393.670166015625,110658,0.0,0.0,HEROMOTOCO
2023-01-10,2391.6262256204836,2398.6272103095266,2337.444978116927,2358.621826171875,206381,0.0,0.0,HEROMOTOCO
2023-01-11,2358.6650512600168,2365.535455336427,2334.270424411911,2342.706298828125,150551,0.0,0.0,HEROMOTOCO
2023-01-12,2339.4452079297926,2348.4029773990865,2315.9637876271518,2343.141357421875,163626,0.0,0.0,HEROMOTOCO
2023-01-13,2333.618452347941,2387.190752206383,2333.618452347941,2372.884521484375,196440,0.0,0.0,HEROMOTOCO
2023-01-16,2375.9718366550064,2404.6713500553046,2356.838827721474,2399.10546875,362194,0.0,0.0,HEROMOTOCO
2023-01-17,2404.671520419362,2408.150249562826,2373.9716932633387,2406.280517578125,254062,0.0,0.0,HEROMOTOCO
2023-01-18,2406.3235011464303,2423.2389891417533,2389.4082254758546,2408.97607421875,159791,0.0,0.0,HEROMOTOCO
2023-01-19,2402.062274788861,2417.499134085567,2393.017664694216,2408.62841796875,140565,0.0,0.0,HEROMOTOCO
2023-01-20,2406.8456725341193,2406.8456725341193,2373.667378997117,2388.538818359375,300399,0.0,0.0,HEROMOTOCO
2023-01-23,2392.886993792386,2445.5462923024697,2391.66952366922,2413.020263671875,434312,0.0,0.0,HEROMOTOCO
2023-01-24,2415.107583500078,2423.8044059109534,2402.279770444037,2410.672119140625,129633,0.0,0.0,HEROMOTOCO
2023-01-25,2416.847091789862,2429.022643889559,2405.5412219830005,2422.065185546875,356744,0.0,0.0,HEROMOTOCO
2023-01-27,2424.6739164845676,2443.8939775817234,2360.8393294381526,2379.580810546875,464092,0.0,0.0,HEROMOTOCO
2023-01-30,2368.187994252258,2404.6275909954443,2331.7048709371147,2350.14208984375,459196,0.0,0.0,HEROMOTOCO
2023-01-31,2369.4057011856685,2410.759133549715,2334.748991830181,2403.1494140625,579601,0.0,0.0,HEROMOTOCO
2023-02-01,2413.8465137522776,2454.9825249772557,2326.443451164907,2371.8408203125,408279,0.0,0.0,HEROMOTOCO
2023-02-02,2338.5755374383066,2359.6218051280603,2291.2649086320116,2314.180908203125,453723,0.0,0.0,HEROMOTOCO
2023-02-03,2325.7906826969997,2334.3569232512746,2279.480114850327,2308.353515625,328028,0.0,0.0,HEROMOTOCO
2023-02-06,2306.44065015316,2352.316384794495,2300.396401513706,2343.79345703125,252416,0.0,0.0,HEROMOTOCO
2023-02-07,2335.9664912724747,2343.619737431842,2274.2625789512094,2306.919189453125,421543,0.0,0.0,HEROMOTOCO
2023-02-08,2312.528817356396,2336.792869174369,2254.2601018686364,2273.914794921875,793670,0.0,0.0,HEROMOTOCO
2023-02-09,2273.349800233399,2273.349800233399,2216.907497238628,2225.691162109375,1266011,0.0,0.0,HEROMOTOCO
2023-02-10,2225.6907198183694,2252.1725012481993,2217.9506329038227,2246.650146484375,283858,0.0,0.0,HEROMOTOCO
2023-02-13,2255.911991998284,2262.912975837365,2222.081440971198,2227.734375,327921,0.0,0.0,HEROMOTOCO
2023-02-14,2238.9100166249063,2241.2583286826,2205.5578279870565,2211.167236328125,409279,0.0,0.0,HEROMOTOCO
2023-02-15,2213.3413330837507,2239.4318006643057,2206.383875062269,2236.82275390625,643367,0.0,0.0,HEROMOTOCO
2023-02-16,2252.476816093744,2252.476816093744,2214.64564176939,2223.516357421875,433077,0.0,0.0,HEROMOTOCO
2023-02-17,2224.631954162995,2265.81492717462,2224.631954162995,2262.64697265625,705628,65.0,0.0,HEROMOTOCO
2023-02-20,2266.6182246012654,2270.6338868102043,2243.1935283824528,2255.4189453125,182493,0.0,0.0,HEROMOTOCO
2023-02-21,2266.61776783477,2271.0796138344444,2245.6470916362987,2249.26123046875,203273,0.0,0.0,HEROMOTOCO
2023-02-22,2237.1700496212693,2261.843975986802,2226.4616169944425,2230.4326171875,310260,0.0,0.0,HEROMOTOCO
2023-02-23,2231.413979003172,2242.1670720737748,2215.5744247635484,2226.907470703125,294710,0.0,0.0,HEROMOTOCO
2023-02-24,2227.3535400760343,2238.552817193603,2214.32486251189,2218.117431640625,255112,0.0,0.0,HEROMOTOCO
2023-02-27,2218.117656700966,2220.2148116950725,2168.457392451377,2175.19482421875,293892,0.0,0.0,HEROMOTOCO
2023-02-28,2184.4754370989845,2205.9369628548193,2150.9224813271217,2158.730712890625,542868,0.0,0.0,HEROMOTOCO
2023-03-01,2155.0717328128962,2180.9057789565077,2154.4471179123343,2169.43896484375,293122,0.0,0.0,HEROMOTOCO
2023-03-02,2180.5041575312775,2216.0204955462864,2178.1839104474057,2198.2177734375,525446,0.0,0.0,HEROMOTOCO
2023-03-03,2209.238755559518,2212.005187689132,2192.551492292246,2196.61181640625,197868,0.0,0.0,HEROMOTOCO
2023-03-06,2205.9369054444137,2223.561199086213,2196.29927344985,2212.80810546875,203422,0.0,0.0,HEROMOTOCO
2023-03-08,2192.5510347540658,2213.9678946784034,2177.916267617861,2211.33544921875,286894,0.0,0.0,HEROMOTOCO
2023-03-09,2218.4299106725853,2222.9364188667405,2177.380926002055,2180.77197265625,244591,0.0,0.0,HEROMOTOCO
2023-03-10,2156.856434950676,2180.7719739543722,2146.415758503151,2177.648681640625,224485,0.0,0.0,HEROMOTOCO
2023-03-13,2179.076201344397,2179.076201344397,2123.838636555871,2130.1298828125,249618,0.0,0.0,HEROMOTOCO
2023-03-14,2137.1795903084026,2151.9483442678616,2113.4871442723606,2117.99365234375,302570,0.0,0.0,HEROMOTOCO
2023-03-15,2141.6861314640014,2148.6913169977634,2114.9597168544897,2123.347900390625,217071,0.0,0.0,HEROMOTOCO
2023-03-16,2114.3799674521783,2136.33234181933,2110.4536292409,2115.76318359375,577586,0.0,0.0,HEROMOTOCO
2023-03-17,2119.376946651361,2119.86779330646,2078.149531303954,2101.663330078125,628419,0.0,0.0,HEROMOTOCO
2023-03-20,2101.663715422246,2102.8238392205776,2056.0191075370867,2087.564453125,352432,0.0,0.0,HEROMOTOCO
2023-03-21,2092.561657165677,2102.7347994143433,2080.113147155043,2096.220458984375,291142,0.0,0.0,HEROMOTOCO
2023-03-22,2096.2200944882616,2114.2459103176393,2093.498324619682,2099.92333984375,166790,0.0,0.0,HEROMOTOCO
2023-03-23,2110.4530908978177,2127.274336928413,2103.3141375248015,2108.22216796875,371585,0.0,0.0,HEROMOTOCO
2023-03-24,2108.6688455531867,2122.679001250537,2056.1083762013495,2064.36279296875,272040,0.0,0.0,HEROMOTOCO
2023-03-27,2070.25203977075,2080.0234396828528,2049.370686044513,2060.123779296875,238881,0.0,0.0,HEROMOTOCO
2023-03-28,2053.3419100186325,2060.124004341889,2004.2615949160577,2007.3848876953125,456838,0.0,0.0,HEROMOTOCO
2023-03-29,2007.8306401556804,2066.280821013546,2007.8306401556804,2056.15234375,712847,0.0,0.0,HEROMOTOCO
2023-03-31,2065.612039959246,2103.225322501359,2065.612039959246,2094.703369140625,302919,0.0,0.0,HEROMOTOCO
2023-04-03,2128.3006553866494,2172.472933139957,2116.744517203703,2169.43896484375,787785,0.0,0.0,HEROMOTOCO
2023-04-05,2178.095117727853,2178.7643947294987,2158.7307467196315,2170.420654296875,289012,0.0,0.0,HEROMOTOCO
2023-04-06,2170.4206745083143,2175.7748905713383,2150.877873023722,2165.28955078125,211340,0.0,0.0,HEROMOTOCO
2023-04-10,2168.4575598219712,2202.2338274774015,2156.9905263210885,2195.80859375,261131,0.0,0.0,HEROMOTOCO
2023-04-11,2207.721555841513,2212.04963391089,2184.5646170479868,2204.018310546875,575155,0.0,0.0,HEROMOTOCO
2023-04-12,2208.6140109496178,2217.5377039231516,2185.590839505181,2210.66650390625,464883,0.0,0.0,HEROMOTOCO
2023-04-13,2210.666534904708,2210.666534904708,2175.596377454239,2183.67236328125,458472,0.0,0.0,HEROMOTOCO
2023-04-17,2168.457692966835,2203.2601003848213,2159.087814046608,2200.538330078125,656224,0.0,0.0,HEROMOTOCO
2023-04-18,2204.999326617117,2208.568802924108,2163.995011113267,2177.11279296875,397381,0.0,0.0,HEROMOTOCO
2023-04-19,2172.9190303925366,2188.178631057356,2160.515185495891,2182.6904296875,247426,0.0,0.0,HEROMOTOCO
2023-04-20,2186.304878295619,2197.2364026870973,2170.1084619549133,2185.010986328125,315314,0.0,0.0,HEROMOTOCO
2023-04-21,2187.152404961049,2209.863159166818,2185.010805871971,2194.6484375,699932,0.0,0.0,HEROMOTOCO
2023-04-24,2195.1838850330473,2252.3401840691718,2180.415129080633,2231.8603515625,686216,0.0,0.0,HEROMOTOCO
2023-04-25,2235.2958810032337,2261.263916040061,2225.4353740501424,2228.91552734375,538138,0.0,0.0,HEROMOTOCO
2023-04-26,2239.8468769509373,2252.340046782536,2223.8288920609984,2235.518798828125,560280,0.0,0.0,HEROMOTOCO
2023-04-27,2230.9231827767794,2254.8833849052385,2228.290736993821,2238.64208984375,685268,0.0,0.0,HEROMOTOCO
2023-04-28,2248.770764500012,2290.712123996639,2244.442686002256,2283.21630859375,721370,0.0,0.0,HEROMOTOCO
2023-05-02,2266.573314750492,2266.573314750492,2200.5826499045406,2227.264404296875,997629,0.0,0.0,HEROMOTOCO
2023-05-03,2221.999457801272,2246.9857970857843,2212.0940718680476,2233.287841796875,863935,0.0,0.0,HEROMOTOCO
2023-05-04,2238.017486486337,2260.1482881465236,2234.7604257680946,2243.862548828125,684323,0.0,0.0,HEROMOTOCO
2023-05-05,2263.9408613724054,2286.250093352819,2242.122476068279,2273.087646484375,1527593,0.0,0.0,HEROMOTOCO
2023-05-08,2289.819554939812,2313.0211560420857,2289.819554939812,2299.0556640625,855245,0.0,0.0,HEROMOTOCO
2023-05-09,2308.9605839936457,2323.7293374491487,2298.0737236044242,2312.619384765625,556418,0.0,0.0,HEROMOTOCO
2023-05-10,2320.1604235314153,2323.8636693696803,2295.2634045935847,2307.7119140625,549062,0.0,0.0,HEROMOTOCO
2023-05-11,2320.160041503293,2323.7295184902214,2297.8954723700463,2307.176025390625,506829,0.0,0.0,HEROMOTOCO
2023-05-12,2315.6980675798964,2332.65308233289,2307.8451750689533,2325.4248046875,718178,0.0,0.0,HEROMOTOCO
2023-05-15,2344.254262144588,2427.2446109757443,2325.514505956908,2402.1689453125,1383562,0.0,0.0,HEROMOTOCO
2023-05-16,2409.3523160746004,2425.058102040307,2392.04043974769,2396.90380859375,602177,0.0,0.0,HEROMOTOCO
2023-05-17,2399.536396784368,2468.650355816999,2393.691334269556,2429.876953125,1169727,0.0,0.0,HEROMOTOCO
2023-05-18,2449.598258185826,2462.180533917846,2431.036934175975,2440.763671875,610410,0.0,0.0,HEROMOTOCO
2023-05-19,2445.671725631551,2448.7059118341485,2380.1272470476747,2420.997802734375,458137,0.0,0.0,HEROMOTOCO
2023-05-22,2418.811571007174,2429.0291555870904,2392.5313395497524,2402.391845703125,241924,0.0,0.0,HEROMOTOCO
2023-05-23,2402.3917672703865,2425.5933675581905,2386.240014711258,2418.72216796875,224454,0.0,0.0,HEROMOTOCO
2023-05-24,2419.2130557782934,2449.330518202682,2414.751209493199,2443.931640625,402069,0.0,0.0,HEROMOTOCO
2023-05-25,2444.1544871395745,2462.046532516184,2417.4727361834302,2438.66650390625,208718,0.0,0.0,HEROMOTOCO
2023-05-26,2440.1391920500505,2453.9262541806243,2421.533422838522,2449.6875,167210,0.0,0.0,HEROMOTOCO
2023-05-29,2462.939309393854,2493.9938051284967,2441.5671078723776,2478.020263671875,462628,0.0,0.0,HEROMOTOCO
2023-05-30,2477.975801053537,2494.1722168547562,2463.1177213512506,2480.028076171875,399817,0.0,0.0,HEROMOTOCO
2023-05-31,2479.9388557014627,2487.033147803318,2444.2440850117846,2462.849853515625,773286,0.0,0.0,HEROMOTOCO
2023-06-01,2461.91295517192,2509.9222458029685,2451.204524334318,2498.99072265625,552629,0.0,0.0,HEROMOTOCO
2023-06-02,2530.759137813427,2599.159152188939,2530.759137813427,2581.311767578125,2090599,0.0,0.0,HEROMOTOCO
2023-06-05,2596.838929718783,2605.539529069284,2556.637655300937,2561.635009765625,620625,0.0,0.0,HEROMOTOCO
2023-06-06,2561.0998027325627,2598.5793120408443,2553.0238172731792,2592.154296875,729992,0.0,0.0,HEROMOTOCO
2023-06-07,2603.8889835442214,2658.3681734715706,2594.2069072525915,2639.62841796875,996180,0.0,0.0,HEROMOTOCO
2023-06-08,2657.074241730779,2700.3094905631433,2630.883115739329,2645.696533203125,1150017,0.0,0.0,HEROMOTOCO
2023-06-09,2666.310126627703,2699.4171145834043,2576.5379063616992,2587.246337890625,826404,0.0,0.0,HEROMOTOCO
2023-06-12,2593.4930530892407,2622.0042098929607,2568.3282813062297,2614.9990234375,617327,0.0,0.0,HEROMOTOCO
2023-06-13,2603.040849698199,2637.753923009838,2591.484712604614,2634.67529296875,973087,0.0,0.0,HEROMOTOCO
2023-06-14,2634.6753467974395,2648.1502085858215,2608.975070793131,2616.069580078125,304861,0.0,0.0,HEROMOTOCO
2023-06-15,2623.476371569117,2642.6623111801114,2507.5576886927784,2537.050537109375,951322,0.0,0.0,HEROMOTOCO
2023-06-16,2537.0057747030473,2538.7011891305765,2503.095743243773,2527.234375,1029235,0.0,0.0,HEROMOTOCO
2023-06-19,2516.4812112799877,2523.3524107309795,2478.1539966879964,2483.106689453125,671364,0.0,0.0,HEROMOTOCO
2023-06-20,2476.324940394452,2507.201006976886,2449.5985219978716,2499.2587890625,872568,0.0,0.0,HEROMOTOCO
2023-06-21,2499.5264425074365,2525.405152551248,2498.634073195581,2519.6494140625,407191,0.0,0.0,HEROMOTOCO
2023-06-22,2525.4052217513777,2553.9610405132307,2513.6259900848345,2520.988037109375,578572,0.0,0.0,HEROMOTOCO
2023-06-23,2521.166300955476,2534.105655477679,2467.401051992528,2477.573974609375,381689,0.0,0.0,HEROMOTOCO
2023-06-26,2477.573991897471,2551.283781869931,2476.3247620458405,2544.367919921875,583691,0.0,0.0,HEROMOTOCO
2023-06-27,2550.391885305329,2558.3338862561723,2523.129955064975,2537.988037109375,415101,0.0,0.0,HEROMOTOCO
2023-06-28,2543.2523976055018,2553.3808758782434,2494.172088178027,2524.28955078125,781032,0.0,0.0,HEROMOTOCO
2023-06-30,2534.283956722591,2605.718157313438,2529.8667725971222,2596.8837890625,962194,0.0,0.0,HEROMOTOCO
2023-07-03,2565.5613592031855,2598.445250204834,2554.317420535686,2586.755126953125,818522,0.0,0.0,HEROMOTOCO
2023-07-04,2633.4710219538947,2712.7132383007483,2601.8810192923233,2703.700439453125,2177103,0.0,0.0,HEROMOTOCO
2023-07-05,2721.7264442210712,2830.595501989914,2704.0574879940623,2818.28076171875,3069147,0.0,0.0,HEROMOTOCO
2023-07-06,2801.146819552984,2861.6941547731703,2783.031681862104,2830.684326171875,1676341,0.0,0.0,HEROMOTOCO
2023-07-07,2810.9632418761125,2830.5953661050885,2789.546379080866,2809.35693359375,931135,0.0,0.0,HEROMOTOCO
2023-07-10,2816.7192373156154,2843.4012120352922,2753.762535070437,2787.494140625,570281,0.0,0.0,HEROMOTOCO
2023-07-11,2765.452422481459,2791.331131823815,2752.2453134512616,2768.6650390625,663715,0.0,0.0,HEROMOTOCO
2023-07-12,2766.2551442840336,2778.2130220589047,2728.3741160240497,2747.470947265625,739038,0.0,0.0,HEROMOTOCO
2023-07-13,2747.4712111877143,2793.963519387533,2726.6343016097503,2742.340087890625,665215,0.0,0.0,HEROMOTOCO
2023-07-14,2747.5156660081016,2804.270438885639,2742.340098518375,2798.73779296875,811153,0.0,0.0,HEROMOTOCO
2023-07-17,2806.189139987933,2817.566849000367,2736.896748324317,2758.84912109375,909246,0.0,0.0,HEROMOTOCO
2023-07-18,2765.452839666413,2784.1925975344334,2753.7627130890064,2780.97998046875,578275,0.0,0.0,HEROMOTOCO
2023-07-19,2788.653980667427,2805.296580478613,2750.7282865303496,2763.355224609375,486164,0.0,0.0,HEROMOTOCO
2023-07-20,2762.7308234774546,2766.523393184641,2722.618865088289,2754.8779296875,735511,0.0,0.0,HEROMOTOCO
2023-07-21,2747.649821870323,2788.2972883174557,2721.2802646655746,2768.17431640625,749722,0.0,0.0,HEROMOTOCO
2023-07-24,2793.0265172453314,2815.42507327802,2757.465732220182,2796.72998046875,784541,0.0,0.0,HEROMOTOCO
2023-07-25,2836.841774440437,2836.841774440437,2791.4647120731433,2802.30712890625,748386,0.0,0.0,HEROMOTOCO
2023-07-26,2824.3040850558727,2846.5686548291105,2789.6356695419486,2807.1259765625,509747,0.0,0.0,HEROMOTOCO
2023-07-27,2804.283450574809,2850.667223398708,2795.484955550275,2830.814208984375,524436,35.0,0.0,HEROMOTOCO
2023-07-28,2839.8384056498253,2865.151043975325,2825.85105409656,2862.89501953125,445865,0.0,0.0,HEROMOTOCO
2023-07-31,2878.461476979551,2914.783469125778,2863.3461137882646,2891.050048828125,933273,0.0,0.0,HEROMOTOCO
2023-08-01,2910.226388269044,2927.4173387138026,2736.3320669898053,2799.365478515625,3043469,0.0,0.0,HEROMOTOCO
2023-08-02,2762.276430285492,2773.105348012845,2681.826683795328,2701.318603515625,2692656,0.0,0.0,HEROMOTOCO
2023-08-03,2681.961487236863,2726.6759295813235,2646.8126753348693,2664.274169921875,1250490,0.0,0.0,HEROMOTOCO
2023-08-04,2686.473559695066,2693.692836980105,2636.344658984106,2657.32568359375,642027,0.0,0.0,HEROMOTOCO
2023-08-07,2662.108624373532,2675.599605373062,2643.7444987879235,2665.763427734375,444210,0.0,0.0,HEROMOTOCO
2023-08-08,2711.7412670507983,2787.3180827298347,2689.1810235645185,2767.600341796875,2020469,0.0,0.0,HEROMOTOCO
2023-08-09,2779.286715727351,2780.640330332413,2710.9291781716884,2761.10302734375,548711,0.0,0.0,HEROMOTOCO
2023-08-10,2753.6125930816743,2763.990303586324,2718.9601522181742,2739.625244140625,476401,0.0,0.0,HEROMOTOCO
2023-08-11,2747.7474734765588,2773.4212081795167,2689.181166401357,2705.60498046875,816082,0.0,0.0,HEROMOTOCO
2023-08-14,2716.1630364330063,2729.7895118744314,2664.0940375752702,2716.83984375,526850,0.0,0.0,HEROMOTOCO
2023-08-16,2711.741772540769,2722.4354180725963,2667.5236870650624,2690.7607421875,753515,0.0,0.0,HEROMOTOCO
2023-08-17,2704.8830019782213,2704.8830019782213,2671.809771477261,2699.15283203125,565973,0.0,0.0,HEROMOTOCO
2023-08-18,2697.9348175461805,2697.9348175461805,2635.0368919619887,2641.39892578125,560922,0.0,0.0,HEROMOTOCO
2023-08-21,2643.158038227017,2657.0101153890814,2628.177948928461,2645.4140625,328451,0.0,0.0,HEROMOTOCO
2023-08-22,2653.0845882963768,2676.186365354431,2635.0363938181704,2668.199951171875,255764,0.0,0.0,HEROMOTOCO
2023-08-23,2679.2545565197024,2684.6690150374247,2648.39218703166,2663.68798828125,325912,0.0,0.0,HEROMOTOCO
2023-08-24,2666.620940315195,2681.465537358202,2635.0365975365044,2642.0302734375,273751,0.0,0.0,HEROMOTOCO
2023-08-25,2645.684713030952,2657.596476605055,2607.963944783908,2626.82421875,429528,0.0,0.0,HEROMOTOCO
2023-08-28,2639.5483829384116,2663.1914731089373,2627.6817834624308,2645.6396484375,303029,0.0,0.0,HEROMOTOCO
2023-08-29,2660.3037398212437,2700.912175469804,2651.3248075574793,2696.535400390625,590653,0.0,0.0,HEROMOTOCO
2023-08-30,2714.4482910859833,2714.4482910859833,2655.024526108971,2663.778076171875,415898,0.0,0.0,HEROMOTOCO
2023-08-31,2675.644832841597,2675.644832841597,2608.009268060903,2631.381591796875,920121,0.0,0.0,HEROMOTOCO
2023-09-01,2646.7225293089,2659.5367031977767,2624.207450984644,2641.714111328125,331811,0.0,0.0,HEROMOTOCO
2023-09-04,2662.1086354191675,2675.599616474674,2637.5179709055496,2655.656494140625,643279,0.0,0.0,HEROMOTOCO
2023-09-05,2675.6450340899432,2683.676393115218,2642.4363096713123,2648.888671875,306742,0.0,0.0,HEROMOTOCO
2023-09-06,2666.620750557086,2666.620750557086,2632.193907504101,2651.27978515625,275916,0.0,0.0,HEROMOTOCO
2023-09-07,2653.084791808867,2678.7583063605016,2644.60222787938,2671.945068359375,242002,0.0,0.0,HEROMOTOCO
2023-09-08,2679.976911581548,2731.594712768098,2671.2685240314468,2715.125732421875,569352,0.0,0.0,HEROMOTOCO
2023-09-11,2733.3086434411107,2760.471263449975,2724.4200401135286,2756.275146484375,486566,0.0,0.0,HEROMOTOCO
2023-09-12,2769.7664364478574,2769.7664364478574,2716.2534913753902,2725.32275390625,429664,0.0,0.0,HEROMOTOCO
2023-09-13,2725.3227245027506,2738.723377666553,2693.7835464729255,2702.17578125,290774,0.0,0.0,HEROMOTOCO
2023-09-14,2713.3655299186294,2733.3538166469134,2685.5712670967246,2705.78515625,311245,0.0,0.0,HEROMOTOCO
2023-09-15,2720.4048806217734,2800.1778249567096,2711.696493192469,2765.7509765625,949607,0.0,0.0,HEROMOTOCO
2023-09-18,2767.465331328621,2822.737933120054,2741.5210488550906,2810.690673828125,897322,0.0,0.0,HEROMOTOCO
2023-09-20,2810.6455726508116,2827.1145510405177,2750.770595968309,2763.04345703125,575906,0.0,0.0,HEROMOTOCO
2023-09-21,2758.6667837357163,2764.0360780316605,2698.205326584819,2708.086669921875,585566,0.0,0.0,HEROMOTOCO
2023-09-22,2716.2535507087123,2743.3258452340483,2698.3406277051563,2727.714111328125,323540,0.0,0.0,HEROMOTOCO
2023-09-25,2720.945787609419,2727.7138606186863,2678.712967968615,2684.398193359375,408884,0.0,0.0,HEROMOTOCO
2023-09-26,2684.6691845758905,2742.423412412145,2680.2023000796594,2738.227294921875,372568,0.0,0.0,HEROMOTOCO
2023-09-27,2737.911012578356,2737.911012578356,2707.229082971347,2712.95947265625,222370,0.0,0.0,HEROMOTOCO
2023-09-28,2713.094444321141,2723.6525925078176,2671.1775627434254,2680.156494140625,331995,0.0,0.0,HEROMOTOCO
2023-09-29,2693.7381527515295,2770.3978136627074,2682.0969352869556,2758.89208984375,375842,0.0,0.0,HEROMOTOCO
2023-10-03,2759.5689694004923,2765.7955084455234,2699.558722027983,2721.306884765625,387906,0.0,0.0,HEROMOTOCO
2023-10-04,2721.6226344774877,2725.277438018601,2685.616573670677,2697.347900390625,307263,0.0,0.0,HEROMOTOCO
2023-10-05,2725.2773110304643,2751.3119191641035,2701.2731247345127,2722.254150390625,537209,0.0,0.0,HEROMOTOCO
2023-10-06,2743.3258157093483,2747.8378647483437,2727.5336440728634,2741.52099609375,180660,0.0,0.0,HEROMOTOCO
2023-10-09,2726.2702260627993,2752.3046155644715,2638.600985303956,2666.711181640625,976306,0.0,0.0,HEROMOTOCO
2023-10-10,2684.6690753764483,2710.0268781303284,2676.5473874173263,2686.29345703125,467743,0.0,0.0,HEROMOTOCO
2023-10-11,2707.229195118967,2807.396675338369,2695.9942380221983,2798.2373046875,1048795,0.0,0.0,HEROMOTOCO
2023-10-12,2812.766059427351,2826.4376994902855,2765.840751873012,2786.866943359375,927642,0.0,0.0,HEROMOTOCO
2023-10-13,2783.0315129690525,2814.6158524482735,2779.467038719371,2796.0712890625,374642,0.0,0.0,HEROMOTOCO
2023-10-16,2801.0797364362543,2864.5191830351396,2797.334824270253,2852.51708984375,966651,0.0,0.0,HEROMOTOCO
2023-10-17,2871.5579621007682,2876.476050847312,2857.4802828136367,2863.30078125,416816,0.0,0.0,HEROMOTOCO
2023-10-18,2860.638797296416,2873.272533309713,2841.6881932764713,2845.43310546875,344063,0.0,0.0,HEROMOTOCO
2023-10-19,2842.1395458162947,2955.391970963126,2831.806998102927,2947.135009765625,1129769,0.0,0.0,HEROMOTOCO
2023-10-20,2941.8557561307903,2946.3678048365123,2890.9147703061635,2897.86328125,458086,0.0,0.0,HEROMOTOCO
2023-10-23,2892.719499210502,2917.264999338076,2833.070129062669,2842.455322265625,313646,0.0,0.0,HEROMOTOCO
2023-10-25,2842.590701288356,2861.5413059636116,2788.446116501911,2834.333740234375,391029,0.0,0.0,HEROMOTOCO
2023-10-26,2823.6400361603814,2824.587610436833,2783.9340081670744,2808.25390625,461475,0.0,0.0,HEROMOTOCO
2023-10-27,2820.2108185711695,2845.207523802629,2801.1249410806104,2808.4794921875,314423,0.0,0.0,HEROMOTOCO
2023-10-30,2808.524548873414,2823.233870837146,2756.8615942833253,2806.81005859375,265215,0.0,0.0,HEROMOTOCO
2023-10-31,2811.051325711292,2833.2055274810323,2779.557095601144,2786.95703125,207132,0.0,0.0,HEROMOTOCO
2023-11-01,2793.815416541326,2837.762727226143,2775.4063457996194,2790.656982421875,473455,0.0,0.0,HEROMOTOCO
2023-11-02,2832.6644429160824,2842.5457864446703,2744.6794849089724,2754.2451171875,1268028,0.0,0.0,HEROMOTOCO
2023-11-03,2783.9340263163594,2806.674707525077,2772.247864336937,2787.904541015625,411691,0.0,0.0,HEROMOTOCO
2023-11-06,2806.494282673362,2865.376518025271,2793.589779368512,2857.84130859375,850503,0.0,0.0,HEROMOTOCO
2023-11-07,2865.1054897768963,2870.745550120051,2816.6912999171986,2824.767822265625,355269,0.0,0.0,HEROMOTOCO
2023-11-08,2851.8856557302815,2857.390223168338,2821.7000928223156,2826.437744140625,459324,0.0,0.0,HEROMOTOCO
2023-11-09,2838.07889152353,2884.1017924671546,2829.05479329929,2864.158447265625,604807,0.0,0.0,HEROMOTOCO
2023-11-10,2864.113156662777,2868.8056431089294,2793.093335974675,2802.16259765625,820659,0.0,0.0,HEROMOTOCO
2023-11-13,2799.365348249454,2830.81419556322,2799.365348249454,2814.435546875,386501,0.0,0.0,HEROMOTOCO
2023-11-15,2838.033729161628,2871.107181367954,2824.633075477219,2867.72314453125,570652,0.0,0.0,HEROMOTOCO
2023-11-16,2875.0777727122677,2977.050085429307,2867.948823046507,2959.949462890625,963718,0.0,0.0,HEROMOTOCO
2023-11-17,2968.6571893740456,3040.037885812262,2959.94902376784,3009.310791015625,947293,0.0,0.0,HEROMOTOCO
2023-11-20,3029.3893838392314,3039.315890607844,2992.0297101269475,3019.77880859375,677714,0.0,0.0,HEROMOTOCO
2023-11-21,3027.5395977621556,3063.681152922197,3005.069682734129,3046.986572265625,742294,0.0,0.0,HEROMOTOCO
2023-11-22,3056.4616343203234,3093.18966481207,3040.037821948508,3080.4658203125,775145,0.0,0.0,HEROMOTOCO
2023-11-23,3086.196517693923,3227.017618632637,3086.196517693923,3219.79833984375,1726414,0.0,0.0,HEROMOTOCO
2023-11-24,3219.7979204222397,3230.4463993117233,3187.987977402373,3202.291259765625,514405,0.0,0.0,HEROMOTOCO
2023-11-28,3212.5786723279607,3273.9425346083826,3208.1117881808177,3268.528076171875,659645,0.0,0.0,HEROMOTOCO
2023-11-29,3280.2594504884314,3418.463415964213,3271.866995726819,3381.239013671875,1561256,0.0,0.0,HEROMOTOCO
2023-11-30,3429.1569510860213,3505.410572761487,3413.0940139363806,3446.347900390625,2909100,0.0,0.0,HEROMOTOCO
2023-12-01,3483.301769500083,3487.813818424306,3375.3285268693844,3393.060791015625,1060628,0.0,0.0,HEROMOTOCO
2023-12-04,3501.349716792767,3501.349716792767,3414.7183835937713,3426.5400390625,1018705,0.0,0.0,HEROMOTOCO
2023-12-05,3427.3522057601217,3451.717268834246,3410.2967497341865,3435.248291015625,713163,0.0,0.0,HEROMOTOCO
2023-12-06,3415.8014085446744,3451.717361361161,3365.582393099452,3394.00830078125,672675,0.0,0.0,HEROMOTOCO
2023-12-07,3411.109118660507,3439.941068338587,3394.2340990941343,3404.476318359375,500651,0.0,0.0,HEROMOTOCO
2023-12-08,3418.3280083092245,3431.0520734460392,3332.0575512301702,3353.12890625,779332,0.0,0.0,HEROMOTOCO
2023-12-11,3353.1288965033254,3364.7698936939055,3323.5749783547726,3343.112060546875,451738,0.0,0.0,HEROMOTOCO
2023-12-12,3364.1835410584845,3423.69741988521,3352.677816769725,3381.464599609375,598126,0.0,0.0,HEROMOTOCO
2023-12-13,3375.0123776571613,3492.3256421211804,3370.3198911415757,3486.279541015625,1355603,0.0,0.0,HEROMOTOCO
2023-12-14,3499.545027700892,3524.7221717236903,3463.8998424006895,3504.6435546875,1067427,0.0,0.0,HEROMOTOCO
2023-12-15,3554.5921636408507,3555.494573431062,3506.8997181022473,3516.284912109375,924599,0.0,0.0,HEROMOTOCO
2023-12-18,3519.3981377337877,3563.255341114579,3505.2755128198623,3510.1484375,725829,0.0,0.0,HEROMOTOCO
2023-12-19,3530.948877718755,3532.7536972002804,3429.111850347748,3448.874755859375,560186,0.0,0.0,HEROMOTOCO
2023-12-20,3478.2933482778853,3524.7222876070746,3419.00506952521,3443.14453125,595832,0.0,0.0,HEROMOTOCO
2023-12-21,3406.641761778408,3490.430369735944,3385.8863388019035,3474.41259765625,410786,0.0,0.0,HEROMOTOCO
2023-12-22,3492.3257370820625,3559.104058669678,3474.412815395108,3551.614013671875,573168,0.0,0.0,HEROMOTOCO
2023-12-26,3564.4732062465196,3680.9292239173724,3551.0725541806805,3670.50634765625,1149831,0.0,0.0,HEROMOTOCO
2023-12-27,3667.3930513841433,3697.1276274990087,3629.491843668067,3667.663818359375,683058,0.0,0.0,HEROMOTOCO
2023-12-28,3667.6641860253185,3780.194643771435,3658.504594386806,3765.981689453125,1714818,0.0,0.0,HEROMOTOCO
2023-12-29,3768.4628333914065,3784.1646737379256,3710.3023531136355,3735.56982421875,383687,0.0,0.0,HEROMOTOCO
2024-01-01,3735.569988930044,3773.335923926514,3686.343714840559,3716.619384765625,392408,0.0,0.0,HEROMOTOCO
2024-01-02,3712.558359156951,3716.980519082494,3632.3793914634957,3689.231201171875,507848,0.0,0.0,HEROMOTOCO
2024-01-03,3609.6391074372923,3665.5433490507503,3584.100866689196,3600.479736328125,896596,0.0,0.0,HEROMOTOCO
2024-01-04,3607.3829701373324,3615.188726337006,3546.335038768653,3561.76611328125,630734,0.0,0.0,HEROMOTOCO
2024-01-05,3573.5426821474853,3643.0282343003532,3567.902621096116,3600.8857421875,593042,0.0,0.0,HEROMOTOCO
2024-01-08,3623.0848386154194,3654.7595091540406,3603.818522527697,3618.2119140625,508360,0.0,0.0,HEROMOTOCO
2024-01-09,3652.909321583991,3743.8722639182415,3637.7038502424466,3711.159912109375,1043602,0.0,0.0,HEROMOTOCO
2024-01-10,3694.6460167182213,3769.365589341767,3687.336629808835,3734.216552734375,511944,0.0,0.0,HEROMOTOCO
2024-01-11,3767.5609938280586,3966.0911539818726,3755.829666182606,3918.444091796875,2133475,0.0,0.0,HEROMOTOCO
2024-01-12,3828.6084103118405,3966.0906156845545,3828.6084103118405,3955.39697265625,905401,0.0,0.0,HEROMOTOCO
2024-01-15,3955.396949100418,3982.830115581702,3913.886103313162,3945.696044921875,490217,0.0,0.0,HEROMOTOCO
2024-01-16,3916.5490385436947,4015.7237919308113,3916.5490385436947,3956.751220703125,972808,0.0,0.0,HEROMOTOCO
2024-01-17,3921.872637784434,3997.675054161308,3917.3605891905727,3944.297607421875,443836,0.0,0.0,HEROMOTOCO
2024-01-18,3911.0436502768334,3981.1156755435936,3877.564162191202,3965.188232421875,570816,0.0,0.0,HEROMOTOCO
2024-01-19,3966.0912388155043,4007.4668180221684,3947.140632213656,3970.377685546875,383901,0.0,0.0,HEROMOTOCO
2024-01-23,3972.0921871352475,4114.988873534041,3972.0921871352475,4010.489990234375,1399043,0.0,0.0,HEROMOTOCO
2024-01-24,3996.7726329457278,4018.9720000896186,3890.197957339334,4000.96875,596736,0.0,0.0,HEROMOTOCO
2024-01-25,4014.6857259061485,4042.84064587902,3951.20111152783,4008.639404296875,664356,0.0,0.0,HEROMOTOCO
2024-01-29,4013.918145205181,4173.644654130837,3994.381064301517,4145.21875,418127,0.0,0.0,HEROMOTOCO
2024-01-30,4175.450317715095,4207.034662024588,4133.08199959658,4140.572265625,709726,0.0,0.0,HEROMOTOCO
2024-01-31,4121.756665973582,4184.38381651617,4077.222655249752,4170.53173828125,645505,0.0,0.0,HEROMOTOCO
2024-02-01,4170.666857293645,4257.433457049254,4128.524150370222,4139.08251953125,660378,0.0,0.0,HEROMOTOCO
2024-02-02,4149.279713032668,4303.862315128427,4142.105379817182,4256.93701171875,994506,0.0,0.0,HEROMOTOCO
2024-02-05,4259.374207075941,4308.420267268544,4241.326011283246,4283.42333984375,425966,0.0,0.0,HEROMOTOCO
2024-02-06,4283.332565656293,4324.347262585252,4271.105090529215,4316.6318359375,261001,0.0,0.0,HEROMOTOCO
2024-02-07,4322.542269202094,4347.13293242459,4268.532962952613,4325.5654296875,265821,0.0,0.0,HEROMOTOCO
2024-02-08,4327.911781449997,4353.856059152943,4299.440492323369,4338.6953125,444060,0.0,0.0,HEROMOTOCO
2024-02-09,4367.663430755497,4443.465853933898,4324.43808947377,4429.79443359375,718094,0.0,0.0,HEROMOTOCO
2024-02-12,4466.071518722026,4466.071518722026,4175.946737211609,4230.04638671875,1321957,0.0,0.0,HEROMOTOCO
2024-02-13,4266.593111084812,4358.503628221756,4247.010644115797,4281.75341796875,938269,0.0,0.0,HEROMOTOCO
2024-02-14,4247.643292632831,4354.127658158787,4206.222767388954,4344.24609375,735284,0.0,0.0,HEROMOTOCO
2024-02-15,4358.819722077729,4381.018649278141,4319.880389117134,4346.86279296875,530347,0.0,0.0,HEROMOTOCO
2024-02-16,4358.6388073418475,4439.855679528342,4358.6388073418475,4416.66357421875,848705,0.0,0.0,HEROMOTOCO
2024-02-19,4447.932764738165,4461.513855380164,4371.137606002816,4379.03369140625,524294,0.0,0.0,HEROMOTOCO
2024-02-20,4379.033988425429,4405.56474905453,4198.912899907974,4208.2529296875,1153742,0.0,0.0,HEROMOTOCO
2024-02-21,4237.116690839914,4260.448238596435,4157.209460630041,4181.97021484375,1112050,100.0,0.0,HEROMOTOCO
2024-02-22,4205.11722686178,4222.500052047878,4095.1002978066667,4145.359375,1441798,0.0,0.0,HEROMOTOCO
2024-02-23,4182.108396114538,4246.615408049765,4136.091461041309,4167.583984375,819122,0.0,0.0,HEROMOTOCO
2024-02-26,4171.918289428364,4177.4973275993425,4122.304474836529,4146.2353515625,605090,0.0,0.0,HEROMOTOCO
2024-02-27,4151.491716370863,4167.353476435239,4064.9909546639815,4085.324951171875,830187,0.0,0.0,HEROMOTOCO
2024-02-28,4094.5010715279805,4112.207202221804,4010.628172392235,4034.60498046875,569688,0.0,0.0,HEROMOTOCO
2024-02-29,4038.2470057819382,4107.410861784141,4011.5036481277534,4082.05078125,1548190,0.0,0.0,HEROMOTOCO
2024-03-01,4112.852089842201,4172.886413158232,4103.722549956715,4156.37939453125,510674,0.0,0.0,HEROMOTOCO
2024-03-04,4232.7828102271005,4269.716135779811,4207.929746773926,4252.84033203125,570306,0.0,0.0,HEROMOTOCO
2024-03-05,4252.793825942551,4283.318235629213,4216.091047710686,4232.82861328125,442519,0.0,0.0,HEROMOTOCO
2024-03-06,4223.606387970034,4287.237139229845,4183.12256526909,4274.60302734375,353334,0.0,0.0,HEROMOTOCO
2024-03-07,4288.160226228204,4337.958215952144,4261.232244263224,4290.83447265625,684934,0.0,0.0,HEROMOTOCO
2024-03-11,4334.269039330694,4357.323661880326,4242.5575707140215,4308.17138671875,644170,0.0,0.0,HEROMOTOCO
2024-03-12,4303.190776720644,4331.502030356675,4272.482202819348,4296.36669921875,312738,0.0,0.0,HEROMOTOCO
2024-03-13,4284.471195021287,4322.050231008613,4128.20677814502,4160.99072265625,700123,0.0,0.0,HEROMOTOCO
2024-03-14,4108.333576849079,4317.80777904365,4108.333576849079,4311.49072265625,708629,0.0,0.0,HEROMOTOCO
2024-03-15,4292.770606730451,4316.609175881871,4150.431280765955,4228.494140625,1278695,0.0,0.0,HEROMOTOCO
2024-03-18,4205.624037606081,4225.912104446852,4175.237866473516,4199.814453125,232124,0.0,0.0,HEROMOTOCO
2024-03-19,4199.630261729716,4239.83761560138,4158.6853400124,4188.33349609375,388757,0.0,0.0,HEROMOTOCO
2024-03-20,4188.563992992835,4231.860755993698,4131.388526774086,4159.46923828125,418716,0.0,0.0,HEROMOTOCO
2024-03-21,4175.468764672562,4191.330525653968,4099.296649341312,4168.18359375,633619,0.0,0.0,HEROMOTOCO
2024-03-22,4185.611783526984,4367.789643241186,4166.061737837444,4319.51318359375,902115,0.0,0.0,HEROMOTOCO
2024-03-26,4319.513739329317,4356.908154033582,4272.989334588883,4307.66357421875,551123,0.0,0.0,HEROMOTOCO
2024-03-27,4326.8914930746505,4332.4246024008335,4205.163087898638,4216.736328125,693528,0.0,0.0,HEROMOTOCO
2024-03-28,4245.739204468493,4380.378197485956,4226.557939002158,4354.83349609375,1086607,0.0,0.0,HEROMOTOCO
2024-04-01,4371.156546677215,4407.813397464223,4299.318431041055,4316.51708984375,664163,0.0,0.0,HEROMOTOCO
2024-04-02,4288.159955368643,4320.851591486719,4170.120283478925,4205.90087890625,1342779,0.0,0.0,HEROMOTOCO
2024-04-03,4228.125796573169,4245.047980900546,4174.270284157132,4202.58154296875,681469,0.0,0.0,HEROMOTOCO
2024-04-04,4228.218472801798,4232.829398072029,4115.481349944651,4170.9970703125,1378250,0.0,0.0,HEROMOTOCO
2024-04-05,4131.8490299174655,4210.327047091187,4120.644574563685,4172.7939453125,605460,0.0,0.0,HEROMOTOCO
2024-04-08,4186.719262461659,4250.21178010038,4172.978798111136,4237.53173828125,711580,0.0,0.0,HEROMOTOCO
2024-04-09,4255.882924918703,4309.600190439074,4154.4425951806625,4169.84326171875,945922,0.0,0.0,HEROMOTOCO
2024-04-10,4197.509279869771,4197.509279869771,4127.60739277254,4145.12890625,515061,0.0,0.0,HEROMOTOCO
2024-04-12,4158.1317157092035,4170.85768721989,4086.201293481366,4095.238525390625,438331,0.0,0.0,HEROMOTOCO
2024-04-15,4085.2790537472674,4095.0079242012107,4028.9798464503815,4040.276611328125,645166,0.0,0.0,HEROMOTOCO
2024-04-16,4005.971130535634,4100.449151884532,3954.374706233216,3986.512939453125,719918,0.0,0.0,HEROMOTOCO
2024-04-18,4018.8816811770116,4056.3684062506536,3902.3176031522617,3920.484375,1103254,0.0,0.0,HEROMOTOCO
2024-04-19,3920.438654767663,3920.438654767663,3843.8049975923545,3885.810791015625,674079,0.0,0.0,HEROMOTOCO
2024-04-22,3909.925896014496,3997.671702731279,3879.539722219744,3976.369140625,619635,0.0,0.0,HEROMOTOCO
2024-04-23,4000.438229477645,4028.9336537798727,3953.3144894605625,4006.939453125,547228,0.0,0.0,HEROMOTOCO
2024-04-24,4020.7257595124734,4062.5469305773568,3997.7634478696154,4051.480712890625,658601,0.0,0.0,HEROMOTOCO
2024-04-25,4058.536227120533,4163.66531821159,4027.089628237043,4148.2646484375,1103462,0.0,0.0,HEROMOTOCO
2024-04-26,4159.2841061445315,4187.45667242856,4118.892590931638,4142.08544921875,497777,0.0,0.0,HEROMOTOCO
2024-04-29,4177.497517353333,4177.497517353333,4099.665203334375,4110.82373046875,590104,0.0,0.0,HEROMOTOCO
2024-04-30,4117.555870133873,4231.169237974998,4117.555870133873,4189.5322265625,828084,0.0,0.0,HEROMOTOCO
2024-05-02,4265.105127386653,4265.105127386653,4197.139920701952,4206.54638671875,808478,0.0,0.0,HEROMOTOCO
2024-05-03,4221.3011256825375,4223.560658665781,4165.370704920941,4198.47705078125,347594,0.0,0.0,HEROMOTOCO
2024-05-06,4216.1843115880965,4226.097801327342,4118.017528427989,4158.82421875,241049,0.0,0.0,HEROMOTOCO
2024-05-07,4176.529343568774,4181.601360349485,4087.3079574717253,4128.39111328125,456294,0.0,0.0,HEROMOTOCO
2024-05-08,4143.053737626026,4299.225834342495,4071.1233182612227,4254.86865234375,1313834,0.0,0.0,HEROMOTOCO
2024-05-09,4292.770623911528,4538.993987302371,4273.266503722516,4394.11865234375,3589872,0.0,0.0,HEROMOTOCO
2024-05-10,4415.974423966252,4568.82656151072,4403.248002976729,4497.8642578125,1520297,0.0,0.0,HEROMOTOCO
2024-05-13,4526.0836027323085,4527.882043446659,4362.488087425796,4505.38037109375,624906,0.0,0.0,HEROMOTOCO
2024-05-14,4532.446036464893,4657.955479269698,4523.36242602156,4650.9931640625,1335266,0.0,0.0,HEROMOTOCO
2024-05-15,4664.411334559515,4705.909656041362,4630.059946221765,4663.765625,882851,0.0,0.0,HEROMOTOCO
2024-05-16,4670.821035868359,4753.817684802281,4649.3802348937625,4741.27587890625,1296732,0.0,0.0,HEROMOTOCO
2024-05-17,4735.419482240752,4766.404985073585,4678.105780511841,4693.18359375,609690,0.0,0.0,HEROMOTOCO
2024-05-21,4680.087613529483,4724.167864533837,4637.89766115136,4660.58349609375,480490,0.0,0.0,HEROMOTOCO
2024-05-22,4657.033856328554,4673.587255793509,4578.648137954707,4607.18994140625,422368,0.0,0.0,HEROMOTOCO
2024-05-23,4610.924737387033,4754.2785675866435,4576.849823463495,4744.826171875,644911,0.0,0.0,HEROMOTOCO
2024-05-24,4707.845984794881,4793.655105283058,4684.7449840476065,4720.0185546875,458258,0.0,0.0,HEROMOTOCO
2024-05-27,4727.119481912252,4729.701419345695,4657.0334341897915,4688.29541015625,380940,0.0,0.0,HEROMOTOCO
2024-05-28,4689.264242645731,4818.416056544718,4652.422776127866,4780.560546875,727224,0.0,0.0,HEROMOTOCO
2024-05-29,4768.6637473235005,4797.343785968099,4708.721732590815,4743.48828125,409279,0.0,0.0,HEROMOTOCO
2024-05-30,4729.886014754156,4783.32680601188,4698.25525505437,4736.34130859375,457454,0.0,0.0,HEROMOTOCO
2024-05-31,4772.306725426495,4786.093569414183,4614.152019453424,4721.2177734375,1905070,0.0,0.0,HEROMOTOCO
2024-06-03,4869.136627063399,4900.490915949792,4753.494722227769,4759.02783203125,962485,0.0,0.0,HEROMOTOCO
2024-06-04,4763.084752794008,4932.766765284636,4537.380010635957,4897.447265625,1945233,0.0,0.0,HEROMOTOCO
2024-06-05,4901.4130601362995,5325.802758646547,4901.4130601362995,5218.18359375,2058534,0.0,0.0,HEROMOTOCO
2024-06-06,5215.0476929109345,5289.145336484222,5046.518409711427,5103.6015625,1498100,0.0,0.0,HEROMOTOCO
2024-06-07,5149.388345869201,5198.725239674975,5107.060147595763,5147.498046875,637134,0.0,0.0,HEROMOTOCO
2024-06-10,5150.40232941772,5334.839297346734,5146.759519186895,5276.92626953125,1018162,0.0,0.0,HEROMOTOCO
2024-06-11,5284.119672360637,5391.461908632097,5261.065049008279,5336.3154296875,1015127,0.0,0.0,HEROMOTOCO
2024-06-12,5348.672485923397,5403.081395693997,5327.0934490545515,5339.63525390625,668529,0.0,0.0,HEROMOTOCO
2024-06-13,5367.3006026924395,5385.559683147782,5285.041531527387,5363.42724609375,547596,0.0,0.0,HEROMOTOCO
2024-06-14,5369.882304974795,5408.3835219132625,5313.260246049347,5352.54541015625,573273,0.0,0.0,HEROMOTOCO
2024-06-18,5370.804637698178,5435.86459961513,5290.298079338671,5307.03564453125,527069,0.0,0.0,HEROMOTOCO
2024-06-19,5325.432968714843,5330.043893031555,5187.289856300399,5208.2236328125,447054,0.0,0.0,HEROMOTOCO
2024-06-20,5227.865887559775,5227.865887559775,5068.327909336483,5076.2587890625,840321,0.0,0.0,HEROMOTOCO
2024-06-21,5054.494823699301,5178.067585307714,5009.307769081301,5027.75146484375,669719,0.0,0.0,HEROMOTOCO
2024-06-24,4970.57651558581,5103.37113863671,4970.57651558581,5094.564453125,464982,0.0,0.0,HEROMOTOCO
2024-06-25,5132.788815085166,5145.653474479795,5047.533091745965,5081.23876953125,1118588,0.0,0.0,HEROMOTOCO
2024-06-26,5098.760369596581,5112.593143252568,5005.619693646273,5028.67431640625,384494,0.0,0.0,HEROMOTOCO
2024-06-27,5035.0371048539055,5081.238657110887,4999.164203302744,5058.36865234375,874237,0.0,0.0,HEROMOTOCO
2024-06-28,5072.016844985233,5169.076803700632,5027.844279246933,5145.4228515625,539635,0.0,0.0,HEROMOTOCO
2024-07-01,5159.624450628048,5282.551516138248,5150.402601743995,5167.09423828125,1018344,0.0,0.0,HEROMOTOCO
2024-07-02,5228.788241395525,5232.476980895627,5072.016812641162,5133.8955078125,689851,0.0,0.0,HEROMOTOCO
2024-07-03,5164.142480209537,5190.010033563771,5120.9380330358745,5145.560546875,329072,0.0,0.0,HEROMOTOCO
2024-07-04,5158.701971212547,5167.8778904425335,5100.2355426828035,5125.826171875,676316,0.0,0.0,HEROMOTOCO
2024-07-05,5125.826730339737,5161.4690880678245,4963.752727797675,5125.5498046875,613329,0.0,0.0,HEROMOTOCO
2024-07-08,5132.558330711239,5191.901019454306,5060.535599513909,5073.76904296875,478557,0.0,0.0,HEROMOTOCO
2024-07-09,5095.11735177892,5163.72826654949,5076.673654321366,5154.2294921875,570084,0.0,0.0,HEROMOTOCO
2024-07-10,5159.62438308373,5210.344551282051,5044.904674525009,5080.0859375,354244,0.0,0.0,HEROMOTOCO
2024-07-11,5099.682314344887,5127.808952787477,5074.783322936694,5096.22412109375,491353,0.0,0.0,HEROMOTOCO
2024-07-12,5103.279173847589,5164.235688730622,5076.766356695624,5115.267578125,265681,0.0,0.0,HEROMOTOCO
2024-07-15,5115.359545733445,5200.2005549650075,5098.39143394425,5170.09130859375,249438,0.0,0.0,HEROMOTOCO
2024-07-16,5179.91245242779,5218.64421724922,5129.192284209253,5144.03955078125,336316,0.0,0.0,HEROMOTOCO
2024-07-18,5113.976324190625,5143.947333213471,4995.567873985175,5074.0458984375,841644,0.0,0.0,HEROMOTOCO
2024-07-19,5090.414820441232,5097.607682690517,4953.055196731178,5005.34326171875,370397,0.0,0.0,HEROMOTOCO
2024-07-22,5000.086362365176,5062.794933490375,4970.576446541552,5038.0341796875,415035,0.0,0.0,HEROMOTOCO
2024-07-23,5058.184009121704,5219.428123608161,4914.968879005016,5084.51220703125,908996,0.0,0.0,HEROMOTOCO
2024-07-24,5084.005099520961,5084.005099520961,4984.409135300344,4996.1669921875,723617,0.0,0.0,HEROMOTOCO
2024-07-25,4980.720524873406,5026.1840592335775,4936.455650740112,4982.74951171875,438831,0.0,0.0,HEROMOTOCO
2024-07-26,4989.020146269598,5114.621905666994,4977.35459772222,5052.55859375,517306,0.0,0.0,HEROMOTOCO
2024-07-29,5076.858081334269,5102.125855847985,4977.308047920004,5002.25341796875,418301,0.0,0.0,HEROMOTOCO
2024-07-30,5030.51892631395,5116.282127074206,4989.574004395211,5020.6513671875,412385,0.0,0.0,HEROMOTOCO
2024-07-31,5028.581780403099,5105.353670721244,4984.593832338105,5061.36572265625,870466,0.0,0.0,HEROMOTOCO
2024-08-01,5097.595318057775,5097.595318057775,4947.057857976036,4990.2080078125,868140,40.0,0.0,HEROMOTOCO
2024-08-02,4946.6863473079175,4992.298137491515,4864.427547325863,4899.49560546875,402666,0.0,0.0,HEROMOTOCO
2024-08-05,4812.034271554013,4874.228004525355,4759.037558068113,4815.61083984375,439371,0.0,0.0,HEROMOTOCO
2024-08-06,4830.799072772387,4881.752354037574,4791.550717246281,4806.22802734375,552856,0.0,0.0,HEROMOTOCO
2024-08-07,4858.43569726683,4937.164650487359,4852.118983341746,4868.79345703125,515480,0.0,0.0,HEROMOTOCO
2024-08-08,4863.080793137845,4878.873032580699,4781.2397438951175,4792.38720703125,243559,0.0,0.0,HEROMOTOCO
2024-08-09,4835.165222035383,4873.902379095626,4821.973877652694,4837.25537109375,333635,0.0,0.0,HEROMOTOCO
2024-08-12,4844.315330029042,4946.686373121564,4816.632646879871,4934.470703125,569618,0.0,0.0,HEROMOTOCO
2024-08-13,4969.910290479637,5023.139241686905,4845.430294419026,4872.83447265625,1042924,0.0,0.0,HEROMOTOCO
2024-08-14,4904.883576627651,4921.233279268026,4636.415517225115,4712.0791015625,2185163,0.0,0.0,HEROMOTOCO
2024-08-16,4756.250275057513,4773.854156242566,4663.4010281928395,4763.77490234375,679493,0.0,0.0,HEROMOTOCO
2024-08-19,4783.190150681287,4852.8617881450855,4744.684777606406,4820.25537109375,714915,0.0,0.0,HEROMOTOCO
2024-08-20,4829.637541104811,4969.909760513703,4821.276945246003,4871.81201171875,962948,0.0,0.0,HEROMOTOCO
2024-08-21,4871.812346644666,4928.293092484127,4844.501155679915,4909.24951171875,612911,0.0,0.0,HEROMOTOCO
2024-08-22,4909.528436831298,5000.566050229494,4889.509632872652,4951.28515625,761731,0.0,0.0,HEROMOTOCO
2024-08-23,4951.330535373846,5057.045441165365,4937.396209289303,5002.330078125,757678,0.0,0.0,HEROMOTOCO
2024-08-26,5025.647281615497,5039.581608644006,4948.544005391082,4964.10400390625,553070,0.0,0.0,HEROMOTOCO
2024-08-27,4973.625974661934,5013.524780605725,4947.615229930792,4975.99462890625,672259,0.0,0.0,HEROMOTOCO
2024-08-28,4983.844332378755,5000.7514973846055,4891.877773402894,4934.05224609375,688591,0.0,0.0,HEROMOTOCO
2024-08-29,4923.462275197111,5004.559878029372,4915.008692647836,4992.66943359375,516725,0.0,0.0,HEROMOTOCO
2024-08-30,5016.357270010657,5125.97396591089,5003.212646771396,5067.8212890625,1569946,0.0,0.0,HEROMOTOCO
2024-09-02,5141.766904140122,5229.134957090986,5125.0457109559275,5181.89794921875,1054947,0.0,0.0,HEROMOTOCO
2024-09-03,5204.007195414195,5294.115852671456,5155.608537241237,5245.345703125,805935,0.0,0.0,HEROMOTOCO
2024-09-04,5206.793995354079,5285.104738771813,5206.793995354079,5279.94921875,532554,0.0,0.0,HEROMOTOCO
2024-09-05,5285.754456752003,5387.010561459554,5248.596253189598,5326.814453125,817503,0.0,0.0,HEROMOTOCO
2024-09-06,5313.623350788901,5360.349612454569,5248.317986498097,5335.68603515625,683920,0.0,0.0,HEROMOTOCO
2024-09-09,5335.7330319561,5360.39706622238,5282.178852025671,5337.12646484375,469914,0.0,0.0,HEROMOTOCO
2024-09-10,5385.152776813699,5447.532021779925,5256.260255202021,5266.89697265625,775935,0.0,0.0,HEROMOTOCO
2024-09-11,5293.1862828589965,5303.126284096631,5204.331816196529,5252.73046875,592210,0.0,0.0,HEROMOTOCO
2024-09-12,5295.044094368537,5404.660796673008,5253.241114676153,5390.86572265625,855863,0.0,0.0,HEROMOTOCO
2024-09-13,5412.928681869092,5431.693757367027,5360.071224463972,5384.0380859375,332581,0.0,0.0,HEROMOTOCO
2024-09-16,5369.36084155929,5408.841435982519,5320.126217925615,5368.85009765625,333195,0.0,0.0,HEROMOTOCO
2024-09-17,5387.939751672149,5559.750184327968,5354.125875673033,5537.6875,1250736,0.0,0.0,HEROMOTOCO
2024-09-18,5560.075198873939,5709.3122098427,5506.93923529226,5540.9853515625,1446956,0.0,0.0,HEROMOTOCO
2024-09-19,5573.730589030104,5629.467894920405,5555.244473294759,5579.3505859375,532623,0.0,0.0,HEROMOTOCO
2024-09-20,5619.01745857699,5659.194768778842,5560.493284178916,5586.03955078125,993542,0.0,0.0,HEROMOTOCO
2024-09-23,5620.178698220558,5768.811523297465,5577.7252661214125,5750.7431640625,887240,0.0,0.0,HEROMOTOCO
2024-09-24,5751.161195384079,5802.48596618766,5676.1943351448335,5691.0576171875,631130,0.0,0.0,HEROMOTOCO
2024-09-25,5707.500306283553,5730.166720687889,5605.1759896552885,5655.75732421875,341785,0.0,0.0,HEROMOTOCO
2024-09-26,5578.933194143738,5634.113039875353,5484.644245496195,5621.52587890625,1255943,0.0,0.0,HEROMOTOCO
2024-09-27,5636.992121374329,5656.685695901348,5518.457368552323,5534.1103515625,718197,0.0,0.0,HEROMOTOCO
2024-09-30,5471.545503694975,5471.545503694975,5286.218962440791,5306.56298828125,1346723,0.0,0.0,HEROMOTOCO
2024-10-01,5306.563171249397,5382.366000252204,5262.530788993568,5341.5849609375,742940,0.0,0.0,HEROMOTOCO
2024-10-03,5326.024749682348,5326.024749682348,5222.585509814688,5260.4404296875,1219791,0.0,0.0,HEROMOTOCO
2024-10-04,5245.8559367096705,5248.550269486106,5094.389982719097,5128.6220703125,943922,0.0,0.0,HEROMOTOCO
2024-10-07,5174.233764325211,5209.998536529848,5049.89303050069,5110.69287109375,682783,0.0,0.0,HEROMOTOCO
2024-10-08,5073.952727972378,5151.056000843434,5026.5760181359465,5136.982421875,473756,0.0,0.0,HEROMOTOCO
2024-10-09,5147.386507256078,5191.001130907387,5137.121734774132,5159.97412109375,439340,0.0,0.0,HEROMOTOCO
2024-10-10,5191.001258715137,5197.457678295578,5058.160675322821,5068.47216796875,579335,0.0,0.0,HEROMOTOCO
2024-10-11,5072.559993605257,5098.431487276,5053.516411539712,5087.2373046875,303034,0.0,0.0,HEROMOTOCO
2024-10-14,5112.969446243095,5178.925265771303,5109.114372862193,5160.67138671875,407147,0.0,0.0,HEROMOTOCO
2024-10-15,5169.635533313568,5190.676277245703,5075.811060920994,5114.501953125,302887,0.0,0.0,HEROMOTOCO
2024-10-16,5114.501997113187,5126.903639487047,5004.2815557015265,5014.68603515625,504211,0.0,0.0,HEROMOTOCO
2024-10-17,4982.032352017246,4982.032352017246,4737.670900068861,4846.77685546875,1947589,0.0,0.0,HEROMOTOCO
2024-10-18,4846.777404917193,4912.918741845684,4780.449641923993,4845.6162109375,427617,0.0,0.0,HEROMOTOCO
2024-10-21,4845.615842147745,4880.590911435947,4723.783016197648,4869.81494140625,740720,0.0,0.0,HEROMOTOCO
2024-10-22,4889.091008919025,4899.681007028731,4788.763851601287,4808.0859375,531833,0.0,0.0,HEROMOTOCO
2024-10-23,4808.085697778067,4904.8830020969035,4756.760927727716,4780.12451171875,411524,0.0,0.0,HEROMOTOCO
2024-10-24,4793.45536333322,4859.550892340486,4731.726559035341,4750.3056640625,349453,0.0,0.0,HEROMOTOCO
2024-10-25,4756.250563801739,4779.195938387889,4528.65654268232,4619.97265625,709797,0.0,0.0,HEROMOTOCO
2024-10-28,4619.972538109182,4659.499852512959,4548.210751652522,4577.705078125,419927,0.0,0.0,HEROMOTOCO
2024-10-29,4577.751374174425,4607.570922911697,4407.891847357257,4447.326171875,953917,0.0,0.0,HEROMOTOCO
2024-10-30,4407.891903082538,4679.611266971188,4403.340113858742,4560.51904296875,1039340,0.0,0.0,HEROMOTOCO
2024-10-31,4586.251460621114,4670.321899589357,4570.412957147071,4635.06787109375,897452,0.0,0.0,HEROMOTOCO
2024-11-01,4681.654966125948,4684.72033636699,4654.204072131043,4663.81884765625,49631,0.0,0.0,HEROMOTOCO
2024-11-04,4763.217291540305,4763.217291540305,4390.706295166309,4464.6044921875,1676556,0.0,0.0,HEROMOTOCO
2024-11-05,4475.705995081028,4531.721810220517,4422.66256432142,4478.21435546875,673746,0.0,0.0,HEROMOTOCO
2024-11-06,4512.86394967733,4570.459166820186,4497.0717127188045,4545.19140625,602657,0.0,0.0,HEROMOTOCO
2024-11-07,4567.625852823257,4567.625852823257,4447.883180379868,4473.84765625,373373,0.0,0.0,HEROMOTOCO
2024-11-08,4486.8529955900185,4488.71090573312,4399.48495254721,4430.09375,333494,0.0,0.0,HEROMOTOCO
2024-11-11,4424.613159320809,4446.118379255126,4382.391968417305,4419.50390625,424955,0.0,0.0,HEROMOTOCO
2024-11-12,4419.504339048794,4455.455086522388,4368.690308459111,4388.5703125,310558,0.0,0.0,HEROMOTOCO
2024-11-13,4358.3324142640895,4363.070176329423,4172.86660607266,4198.505859375,1304908,0.0,0.0,HEROMOTOCO
2024-11-14,4198.5064204723085,4301.062993796156,4149.643281487565,4276.91015625,889483,0.0,0.0,HEROMOTOCO
2024-11-18,4490.708848274311,4496.097060779827,4379.1879540044865,4396.7451171875,1783519,0.0,0.0,HEROMOTOCO
2024-11-19,4421.780329722419,4509.10211544262,4398.138239279702,4436.50390625,704072,0.0,0.0,HEROMOTOCO
2024-11-21,4458.938201691839,4477.563569960214,4404.36208971359,4429.11865234375,572418,0.0,0.0,HEROMOTOCO
2024-11-22,4438.919129184688,4466.787783252386,4405.105252967489,4453.50390625,394712,0.0,0.0,HEROMOTOCO
2024-11-25,4505.432431894597,4559.915560172325,4472.919001973708,4513.142578125,1174601,0.0,0.0,HEROMOTOCO
2024-11-26,4514.722110490594,4534.4624077844055,4459.960021973087,4494.935546875,384827,0.0,0.0,HEROMOTOCO
2024-11-27,4498.000912961894,4545.7491177674165,4468.831811473025,4525.1728515625,296689,0.0,0.0,HEROMOTOCO
2024-11-28,4546.30677679458,4561.123793762381,4421.91976546693,4443.6572265625,778790,0.0,0.0,HEROMOTOCO
2024-11-29,4457.869633683735,4463.1185929674775,4395.90859953937,4423.40576171875,462448,0.0,0.0,HEROMOTOCO
2024-12-02,4397.209107340327,4439.476565750379,4361.072843505831,4411.09716796875,510429,0.0,0.0,HEROMOTOCO
2024-12-03,4412.536867989208,4444.12134241271,4356.799560183029,4363.30224609375,664696,0.0,0.0,HEROMOTOCO
2024-12-04,4370.780498231627,4389.313335975643,4287.592741205413,4306.4970703125,586762,0.0,0.0,HEROMOTOCO
2024-12-05,4325.215303498486,4345.698583711873,4262.417842823915,4314.39306640625,796988,0.0,0.0,HEROMOTOCO
2024-12-06,4326.097441256556,4384.66787626032,4287.127595114698,4300.6904296875,733835,0.0,0.0,HEROMOTOCO
2024-12-09,4309.376219576642,4328.559050680683,4263.903688348247,4269.43115234375,329145,0.0,0.0,HEROMOTOCO
2024-12-10,4273.193663655796,4287.081724499229,4237.614863066691,4262.32470703125,384707,0.0,0.0,HEROMOTOCO
2024-12-11,4260.420469466897,4323.682404605056,4260.420469466897,4320.0595703125,571443,0.0,0.0,HEROMOTOCO
2024-12-12,4320.059386793164,4329.069979026091,4219.3140256813385,4233.01611328125,821540,0.0,0.0,HEROMOTOCO
2024-12-13,4233.016053908203,4257.401124718559,4180.297853203909,4250.3876953125,552194,0.0,0.0,HEROMOTOCO
2024-12-16,4263.904549245084,4263.904549245084,4194.883356387774,4216.52783203125,835965,0.0,0.0,HEROMOTOCO
2024-12-17,4192.653303855889,4234.688526466724,4083.3155494627686,4101.43017578125,778939,0.0,0.0,HEROMOTOCO
2024-12-18,4085.963135770204,4115.178504332842,4061.5780620394,4077.6025390625,738092,0.0,0.0,HEROMOTOCO
2024-12-19,4021.9576384782545,4141.37509665705,4017.7310739295194,4093.859130859375,691740,0.0,0.0,HEROMOTOCO
2024-12-20,4093.859384448351,4144.5799765405445,4017.731322802839,4031.619384765625,800108,0.0,0.0,HEROMOTOCO
2024-12-23,4054.889072755916,4064.6431014532673,3955.816100562524,3969.0537109375,931177,0.0,0.0,HEROMOTOCO
2024-12-24,3969.053833881037,4008.4414412178335,3948.0593569352936,3956.512939453125,561434,0.0,0.0,HEROMOTOCO
2024-12-26,3966.638915158991,4001.799962069026,3953.262050285172,3971.28369140625,375676,0.0,0.0,HEROMOTOCO
2024-12-27,3976.392583487512,4039.7007872592876,3928.1331812327867,3936.86572265625,744900,0.0,0.0,HEROMOTOCO
2024-12-30,3950.614112244285,3970.354409671877,3872.1174001204495,3890.0927734375,1819173,0.0,0.0,HEROMOTOCO
2024-12-31,3866.6829242041904,3917.8221786700683,3855.1639707688464,3865.010986328125,492605,0.0,0.0,HEROMOTOCO
2025-01-01,3878.201692687749,3898.8246779964734,3836.584684328195,3887.073486328125,329310,0.0,0.0,HEROMOTOCO
2025-01-02,3887.677120441878,4015.08322257154,3851.4478712908067,4005.18994140625,1062633,0.0,0.0,HEROMOTOCO
2025-01-03,3962.411896368618,3994.3211426593584,3866.7295166342396,3941.649658203125,1269643,0.0,0.0,HEROMOTOCO
2025-01-06,3956.419861597098,3994.5070215702094,3890.2318092048013,3904.21240234375,813031,0.0,0.0,HEROMOTOCO
2025-01-07,3901.704435853198,3924.696074752769,3860.0869749023896,3866.357421875,396158,0.0,0.0,HEROMOTOCO
2025-01-08,3898.8244946889195,3898.8244946889195,3808.7158513758804,3844.109130859375,438731,0.0,0.0,HEROMOTOCO
2025-01-09,3854.560027599853,3868.540620754523,3820.1886880732723,3847.035400390625,340998,0.0,0.0,HEROMOTOCO
2025-01-10,3850.519107369988,3868.169255268668,3796.082244711571,3829.339111328125,355269,0.0,0.0,HEROMOTOCO
2025-01-13,3808.715850409261,3829.1065959717725,3713.4979541490293,3756.369140625,801718,0.0,0.0,HEROMOTOCO
2025-01-14,3778.0605741787267,3840.5328076711094,3769.4677390886964,3811.177734375,242769,0.0,0.0,HEROMOTOCO
2025-01-15,3830.2679729349047,3861.8524473506363,3793.0630478286093,3819.7705078125,281045,0.0,0.0,HEROMOTOCO
2025-01-16,3873.7429577587172,3878.3877334874446,3769.6534883187965,3784.65625,349664,0.0,0.0,HEROMOTOCO
2025-01-17,3786.4208984375,3831.939697265625,3762.26806640625,3806.85791015625,211342,0.0,0.0,HEROMOTOCO
2025-01-20,3824.9730570383745,3824.9730570383745,3758.1347753898867,3801.377685546875,254936,0.0,0.0,HEROMOTOCO
2025-01-21,3802.1205989559267,3826.366420085528,3725.110304574646,3738.85888671875,287082,0.0,0.0,HEROMOTOCO
2025-01-22,3740.902508266993,3782.705491349192,3740.902508266993,3767.5634765625,272889,0.0,0.0,HEROMOTOCO
2025-01-23,3767.563518596729,3822.6506067210103,3739.0446396238317,3809.04150390625,282745,0.0,0.0,HEROMOTOCO
2025-01-24,3813.407077600282,3831.939913893114,3754.0006691506287,3764.033203125,216273,0.0,0.0,HEROMOTOCO
2025-01-27,3757.623644086194,3785.306553374571,3715.8206616427133,3730.637451171875,328160,0.0,0.0,HEROMOTOCO
2025-01-28,3734.3998719373653,3773.69472191913,3715.8207680968812,3740.298828125,444089,0.0,0.0,HEROMOTOCO
2025-01-29,3749.2629217322597,3822.464404872643,3746.5225494454335,3783.123291015625,479893,0.0,0.0,HEROMOTOCO
2025-01-30,3789.3941632402084,3889.535583301991,3771.6047611425793,3880.989013671875,807120,0.0,0.0,HEROMOTOCO
2025-01-31,3890.4637780185153,4062.1344910848034,3879.3163173365137,4030.875244140625,1056018,0.0,0.0,HEROMOTOCO
2025-02-01,4022.375637547483,4201.61770795973,3935.1001232823955,4089.399658203125,1141242,0.0,0.0,HEROMOTOCO
2025-02-03,4105.98172765441,4115.271279074443,3927.808312854736,3982.10546875,846135,0.0,0.0,HEROMOTOCO
2025-02-04,4016.8020389553267,4040.9548726770745,3920.1907040683345,3936.075927734375,554233,0.0,0.0,HEROMOTOCO
2025-02-05,3936.911711123732,3985.217376290894,3913.3163423180436,3967.009765625,408928,0.0,0.0,HEROMOTOCO
2025-02-06,3984.2884521574274,4026.6951620549135,3917.3106982541353,3929.5263671875,576470,0.0,0.0,HEROMOTOCO
2025-02-07,4013.039947908198,4013.039947908198,3916.10338810317,3970.9580078125,1344288,0.0,0.0,HEROMOTOCO
2025-02-10,4000.3595742686534,4013.9691307467465,3873.8361488810465,3898.314208984375,779450,0.0,0.0,HEROMOTOCO
2025-02-11,3901.6115952199816,3937.8408457470246,3781.776381938225,3795.292724609375,593081,0.0,0.0,HEROMOTOCO
2025-02-12,3815.718722216332,3872.473703117973,3766.248694438756,3824.051025390625,619474,100.0,0.0,HEROMOTOCO
2025-02-13,3813.814354522012,3832.9549390335474,3756.7738782690626,3767.67724609375,557075,0.0,0.0,HEROMOTOCO
2025-02-14,3771.010130243584,3791.0553181564164,3666.2135130676297,3678.021484375,475952,0.0,0.0,HEROMOTOCO
2025-02-17,3661.4999054461778,3700.6377860589873,3578.2719567784993,3691.40087890625,913565,0.0,0.0,HEROMOTOCO
2025-02-18,3694.7813903625834,3706.1132299828973,3628.1229632168665,3657.1669921875,482022,0.0,0.0,HEROMOTOCO
2025-02-19,3657.5478542140436,3712.7791231713436,3632.8843288292946,3693.971923828125,453662,0.0,0.0,HEROMOTOCO
2025-02-20,3680.021155564371,3750.0125011288637,3671.4507867197394,3722.4921875,438563,0.0,0.0,HEROMOTOCO
2025-02-21,3713.826637727539,3729.87236632346,3645.8825625274767,3668.689453125,426337,0.0,0.0,HEROMOTOCO
2025-02-24,3656.5480569904626,3705.3515475317067,3618.695593595059,3699.39990234375,272543,0.0,0.0,HEROMOTOCO
2025-02-25,3691.92454143079,3697.9238462749395,3634.88406696801,3645.501708984375,661184,0.0,0.0,HEROMOTOCO
2025-02-27,3626.3611526503423,3628.408658101387,3547.41862330483,3580.081298828125,877741,0.0,0.0,HEROMOTOCO
2025-02-28,3566.7971981927913,3568.082614043916,3487.3306467540733,3505.376220703125,995134,0.0,0.0,HEROMOTOCO
2025-03-03,3470.0950798636204,3537.6581136252626,3444.336311435417,3457.429931640625,691809,0.0,0.0,HEROMOTOCO
2025-03-04,3451.95420157193,3466.14283067497,3328.1599819293506,3347.0625,946922,0.0,0.0,HEROMOTOCO
2025-03-05,3347.2051590800243,3437.289351092677,3345.776764275296,3417.4345703125,611959,0.0,0.0,HEROMOTOCO
2025-03-06,3456.2392461031177,3483.378747002398,3411.673282339704,3474.5703125,654829,0.0,0.0,HEROMOTOCO
2025-03-07,3489.0923842830252,3555.4650831964227,3451.954119275646,3478.141357421875,621576,0.0,0.0,HEROMOTOCO
2025-03-10,3478.617578833192,3490.7589350144467,3405.0075846645145,3411.81640625,675889,0.0,0.0,HEROMOTOCO
2025-03-11,3408.150071804691,3488.6163140699878,3383.153162225235,3476.379638671875,618870,0.0,0.0,HEROMOTOCO
2025-03-12,3476.3797901189687,3494.2823859711166,3425.2909590234617,3437.908447265625,385877,0.0,0.0,HEROMOTOCO
2025-03-13,3451.9542111535084,3452.478002427601,3356.1090099817297,3360.6796875,359751,0.0,0.0,HEROMOTOCO
2025-03-17,3319.58966805235,3379.582252414742,3296.354537896929,3326.350830078125,673556,0.0,0.0,HEROMOTOCO
2025-03-18,3326.350830078125,3326.350830078125,3326.350830078125,3326.350830078125,0,0.0,0.0,HEROMOTOCO
2025-03-19,3413.86366413042,3417.5299705438165,3346.3957215952005,3368.155029296875,674188,0.0,0.0,HEROMOTOCO
2025-03-20,3408.1503519835787,3460.524833503304,3391.247678402213,3425.433837890625,771668,0.0,0.0,HEROMOTOCO
2025-03-21,3455.763427734375,3534.705960300449,3439.336886227509,3455.763427734375,1195882,0.0,0.0,HEROMOTOCO
2025-03-24,3483.37902963134,3511.328049503788,3411.816538132417,3453.239990234375,663262,0.0,0.0,HEROMOTOCO
2025-03-25,3478.1415371300413,3500.2339981376495,3442.4316650855853,3454.763427734375,544164,0.0,0.0,HEROMOTOCO
2025-03-26,3475.7610096980607,3494.1397376986265,3433.2899739549594,3471.904296875,755658,0.0,0.0,HEROMOTOCO
2025-03-27,3460.5246316952594,3608.1254346431856,3438.0036989495975,3591.984619140625,1525094,0.0,0.0,HEROMOTOCO
2025-03-28,3598.602670906801,3626.932501406795,3530.3731048987484,3545.228271484375,509889,0.0,0.0,HEROMOTOCO
2025-04-01,3530.3731621238167,3634.407919511811,3530.3731621238167,3582.4619140625,506307,0.0,0.0,HEROMOTOCO
2025-04-02,3590.0323806754977,3608.8872391455043,3554.703321812856,3603.31640625,321687,0.0,0.0,HEROMOTOCO
2025-04-03,3599.554967886111,3625.36139411594,3557.32200112823,3574.17724609375,339509,0.0,0.0,HEROMOTOCO
2025-04-04,3566.178054464717,3566.178054464717,3459.1437628750987,3484.521484375,330498,0.0,0.0,HEROMOTOCO
2025-04-07,3312.8761337696405,3375.773166917044,3184.3682567477,3358.537109375,605866,0.0,0.0,HEROMOTOCO
2025-04-08,3428.1475913675386,3449.9543261070603,3342.681967388306,3403.531494140625,450859,0.0,0.0,HEROMOTOCO
2025-04-09,3418.6251344298125,3503.1384995219146,3369.1074444603555,3438.52734375,584571,0.0,0.0,HEROMOTOCO
2025-04-11,3447.6214328298006,3527.278393088438,3447.6214328298006,3490.9970703125,436704,0.0,0.0,HEROMOTOCO
2025-04-15,3570.0350477453817,3633.836687702421,3510.5185925615765,3622.314208984375,604277,0.0,0.0,HEROMOTOCO
2025-04-16,3627.1706846356856,3634.4079782610775,3563.3690474945483,3601.3642578125,491227,0.0,0.0,HEROMOTOCO
2025-04-17,3601.3643013891556,3616.3150204413,3489.3782823944966,3591.74658203125,970749,0.0,0.0,HEROMOTOCO
2025-04-21,3612.8865209194296,3744.774971933489,3576.700519919182,3730.014892578125,1031160,0.0,0.0,HEROMOTOCO
2025-04-22,3714.778884676801,3716.5880918312514,3638.788231925482,3650.596435546875,927543,0.0,0.0,HEROMOTOCO
2025-04-23,3677.7359652601813,3765.43927048398,3640.1215671465916,3752.393310546875,800615,0.0,0.0,HEROMOTOCO
2025-04-24,3752.4887312102187,3797.6259171711026,3737.538011896428,3765.72509765625,1227984,0.0,0.0,HEROMOTOCO
2025-04-25,3770.9624837552947,3803.4347536932014,3656.595574018662,3709.54150390625,652719,0.0,0.0,HEROMOTOCO
2025-04-28,3709.065268188639,3747.155797258612,3662.8805016912966,3724.968017578125,521342,0.0,0.0,HEROMOTOCO
2025-04-29,3747.632113525804,3765.15366476686,3662.7853628474027,3668.78466796875,428581,0.0,0.0,HEROMOTOCO
2025-04-30,3668.784444525626,3682.8779866148116,3624.789930458767,3644.692138671875,892342,0.0,0.0,HEROMOTOCO
2025-05-02,3622.028537605549,3727.15830587018,3547.180554258155,3558.988525390625,881303,0.0,0.0,HEROMOTOCO
2025-05-05,3589.0801458519227,3613.3628584333032,3563.6547638815878,3587.7470703125,640182,0.0,0.0,HEROMOTOCO
2025-05-06,3604.3165071361614,3721.444890327112,3600.5074540242604,3687.73486328125,1210118,0.0,0.0,HEROMOTOCO
2025-05-07,3637.645612083522,3708.874949623643,3631.551220282866,3683.354248046875,448141,0.0,0.0,HEROMOTOCO
2025-05-08,3684.306447458085,3690.020026854505,3595.460241346528,3619.076416015625,739365,0.0,0.0,HEROMOTOCO
2025-05-09,3556.7032386658857,3710.112941231716,3556.7032386658857,3669.92724609375,859973,0.0,0.0,HEROMOTOCO
2025-05-12,3742.299348047314,3808.5769649219005,3723.349401886394,3794.673828125,547435,0.0,0.0,HEROMOTOCO
2025-05-13,3808.100645882792,3902.7555176797214,3768.581721950775,3869.616943359375,1197629,0.0,0.0,HEROMOTOCO
2025-05-14,3875.7113053882194,3911.7066691152,3745.251244248616,3873.044921875,1199813,0.0,0.0,HEROMOTOCO
2025-05-15,3888.0904057532516,4139.487875045159,3873.0446016241635,4118.5380859375,2629014,0.0,0.0,HEROMOTOCO
2025-05-16,4123.300186062212,4154.724875701947,4089.304199463023,4137.86962890625,765257,0.0,0.0,HEROMOTOCO
2025-05-19,4116.729307150685,4241.9519232506,4116.729307150685,4178.24560546875,753807,0.0,0.0,HEROMOTOCO
2025-05-20,4198.528647267802,4225.382656766118,4029.4066019588145,4039.119873046875,842529,0.0,0.0,HEROMOTOCO
2025-05-21,4038.548350015151,4084.1616656426536,4010.9327164026918,4060.259765625,396931,0.0,0.0,HEROMOTOCO
2025-05-22,4047.1189914844513,4079.495943416327,4002.26729743142,4072.163330078125,394809,0.0,0.0,HEROMOTOCO
2025-05-23,4084.161384187852,4128.060808968565,4072.258094657954,4103.111328125,461297,0.0,0.0,HEROMOTOCO
2025-05-26,4104.15935507545,4207.38460006349,4094.732041741249,4151.29638671875,765160,0.0,0.0,HEROMOTOCO
2025-05-27,4161.866805711974,4166.05667129093,4094.732242206038,4131.10888671875,411809,0.0,0.0,HEROMOTOCO
2025-05-28,4159.4858314269,4174.150592325294,4104.730695138657,4153.962890625,424160,0.0,0.0,HEROMOTOCO
2025-05-29,4174.721801074766,4174.721801074766,4125.299434790983,4148.6298828125,369150,0.0,0.0,HEROMOTOCO
2025-05-30,4134.34627298355,4170.913089264837,4084.5426253772152,4103.587890625,914311,0.0,0.0,HEROMOTOCO
2025-06-02,4104.350282265038,4112.539839918729,3995.6969430359663,4030.263916015625,771163,0.0,0.0,HEROMOTOCO
2025-06-03,4047.1186725516586,4076.1627006723234,4000.457774915181,4007.695068359375,417447,0.0,0.0,HEROMOTOCO
2025-06-04,4011.8851198832385,4038.26299821034,3991.2208211239745,4000.0771484375,353642,0.0,0.0,HEROMOTOCO
2025-06-05,4025.978422188067,4025.978422188067,3973.6039429199523,3979.412841796875,394746,0.0,0.0,HEROMOTOCO
2025-06-06,3989.030964902325,4091.780082008832,3959.6061219179196,4064.259765625,551467,0.0,0.0,HEROMOTOCO
2025-06-09,4099.3982087086615,4151.868009808735,4070.9256288835645,4141.77392578125,495256,0.0,0.0,HEROMOTOCO
2025-06-10,4161.485887232587,4182.340360242065,4123.014543397864,4169.9609375,469185,0.0,0.0,HEROMOTOCO
2025-06-11,4166.15189341711,4272.519888890534,4157.48620448434,4199.7666015625,1241569,0.0,0.0,HEROMOTOCO
2025-06-12,4199.766193280338,4213.764648270277,4132.8222764955935,4154.53369140625,813687,0.0,0.0,HEROMOTOCO
2025-06-13,4062.4505113313403,4139.488518438483,4048.452054990209,4126.91845703125,521000,0.0,0.0,HEROMOTOCO
2025-06-16,4109.9680657685585,4203.385180832499,4106.63514449187,4156.15283203125,360242,0.0,0.0,HEROMOTOCO
2025-06-17,4160.438246888227,4180.435775655599,4126.91839363209,4162.3427734375,331648,0.0,0.0,HEROMOTOCO
2025-06-18,4144.2499035571955,4220.43096796082,4142.345376947105,4149.8681640625,370443,0.0,0.0,HEROMOTOCO
2025-06-19,4166.056143213715,4193.767095078921,4142.630375709966,4175.00732421875,425692,0.0,0.0,HEROMOTOCO
2025-06-20,4171.389098818626,4173.198305969759,4004.1715818423063,4131.39404296875,1159015,0.0,0.0,HEROMOTOCO
2025-06-23,4113.777365292711,4118.253188692946,4042.3576193674903,4050.071044921875,580717,0.0,0.0,HEROMOTOCO
2025-06-24,4078.6384189319942,4123.299467981035,4058.545573333758,4087.589599609375,469217,0.0,0.0,HEROMOTOCO
2025-06-25,4096.160422616251,4149.867977613319,4085.209395100248,4095.49365234375,412213,0.0,0.0,HEROMOTOCO
2025-06-26,4100.350278523883,4118.443280465138,4045.3096480809845,4073.7822265625,795726,0.0,0.0,HEROMOTOCO
2025-06-27,4093.779965786518,4142.250075224837,4080.44827945923,4114.06298828125,543489,0.0,0.0,HEROMOTOCO
2025-06-30,4136.631315109591,4136.631315109591,4009.9803102961528,4034.83447265625,871009,0.0,0.0,HEROMOTOCO
2025-07-01,4055.022566600146,4060.450653321699,3990.0784894492576,4024.2646484375,480538,0.0,0.0,HEROMOTOCO
2025-07-02,4079.8762166502,4118.157381923881,4028.168512709657,4041.119384765625,808159,0.0,0.0,HEROMOTOCO
2025-07-03,4041.4053446780053,4142.345251967324,4035.6917650201194,4104.826171875,650625,0.0,0.0,HEROMOTOCO
2025-07-04,4118.538718624137,4165.866390003955,4101.4932987715765,4137.583984375,437195,0.0,0.0,HEROMOTOCO
2025-07-07,4132.822637476056,4151.487090768796,4088.066263291408,4101.39794921875,353771,0.0,0.0,HEROMOTOCO
2025-07-08,4099.588860646318,4122.34786071517,4037.5964262952925,4095.113037109375,467771,0.0,0.0,HEROMOTOCO
2025-07-09,4094.7319467728266,4136.631529483991,4085.3999529760727,4126.251953125,276485,0.0,0.0,HEROMOTOCO
2025-07-10,4123.394843312585,4141.297204910572,4104.254260610877,4115.0146484375,368728,0.0,0.0,HEROMOTOCO
2025-07-11,4094.8271205473256,4132.822329615466,3989.982848177143,4017.31298828125,556464,0.0,0.0,HEROMOTOCO
2025-07-14,4017.5988413757273,4055.6893731735536,3996.8396875348367,4048.738037109375,293675,0.0,0.0,HEROMOTOCO
2025-07-15,4071.6868797323873,4251.855266487111,4056.7366261997727,4241.38037109375,1756329,0.0,0.0,HEROMOTOCO
2025-07-16,4241.380338924243,4256.616550289934,4162.342492464721,4213.28857421875,791606,0.0,0.0,HEROMOTOCO
2025-07-17,4225.192020366369,4250.8078086763635,4201.385439228402,4231.47705078125,414759,0.0,0.0,HEROMOTOCO
2025-07-18,4237.571856201639,4269.948809709696,4177.769904534513,4186.81640625,370997,0.0,0.0,HEROMOTOCO
2025-07-21,4199.48097772329,4210.908136846348,4138.726767707958,4197.76708984375,269975,0.0,0.0,HEROMOTOCO
2025-07-22,4207.099106005857,4220.145298729109,4112.634404101189,4135.10791015625,463290,0.0,0.0,HEROMOTOCO
2025-07-23,4151.868041318325,4168.056517626217,4119.3957693768525,4155.3916015625,376802,0.0,0.0,HEROMOTOCO
2025-07-24,4166.314433881923,4175.981056698354,4113.244769020328,4158.484375,584473,65.0,0.0,HEROMOTOCO
2025-07-25,4135.381139120505,4147.754227219877,4055.1481717182137,4089.658203125,630896,0.0,0.0,HEROMOTOCO
2025-07-28,4074.9646738292477,4163.414268813324,4074.9646738292477,4148.04443359375,462891,0.0,0.0,HEROMOTOCO
2025-07-29,4146.981596317909,4189.901311445611,4123.395128725488,4181.00830078125,422393,0.0,0.0,HEROMOTOCO
2025-07-30,4167.280722623665,4181.587134308381,4075.158004241846,4109.57080078125,547169,0.0,0.0,HEROMOTOCO
2025-07-31,4069.6477538055037,4159.547336015459,4060.9477942367985,4118.65771484375,446590,0.0,0.0,HEROMOTOCO
2025-08-01,4113.24442549234,4177.914032332607,4098.6477318579955,4167.86083984375,473918,0.0,0.0,HEROMOTOCO
2025-08-04,4172.017415314369,4398.313137283798,4166.410963193333,4384.68310546875,1454995,0.0,0.0,HEROMOTOCO
2025-08-05,4384.780450192153,4428.763587424019,4365.350442420971,4395.22021484375,803505,0.0,0.0,HEROMOTOCO
2025-08-06,4397.926655563433,4398.216465436459,4313.343708908398,4325.716796875,574216,0.0,0.0,HEROMOTOCO
2025-08-07,4282.313593111617,4519.049074095443,4274.870105288517,4505.32275390625,2121194,0.0,0.0,HEROMOTOCO
2025-08-08,4504.645890456764,4554.912325285896,4435.142972084014,4446.45263671875,972461,0.0,0.0,HEROMOTOCO
2025-08-11,4449.546073982173,4470.522832369612,4387.6796936356905,4410.1064453125,455558,0.0,0.0,HEROMOTOCO
2025-08-12,4436.013234426917,4513.92630914891,4418.613313263333,4490.33984375,723767,0.0,0.0,HEROMOTOCO
2025-08-13,4512.669384623625,4633.695692267428,4495.173174757627,4609.72265625,1342794,0.0,0.0,HEROMOTOCO
2025-08-14,4610.9788762696935,4614.362194103434,4534.129228331865,4551.142578125,373862,0.0,0.0,HEROMOTOCO
2025-08-18,4736.645096339536,4948.344132277977,4736.645096339536,4817.8447265625,3698091,0.0,0.0,HEROMOTOCO
2025-08-19,4817.845016549206,4967.677676574312,4817.845016549206,4947.5712890625,1509894,0.0,0.0,HEROMOTOCO
2025-08-20,4949.310747663551,4992.8105491566885,4940.707547991075,4964.77734375,916240,0.0,0.0,HEROMOTOCO
2025-08-21,4964.777384046018,4986.913855473805,4871.97780677413,4927.17431640625,819430,0.0,0.0,HEROMOTOCO
2025-08-22,4927.1743356908255,4952.500603885235,4815.911414354799,4831.28125,1357460,0.0,0.0,HEROMOTOCO
2025-08-25,4842.97813196496,4910.547732459425,4810.111613704121,4894.984375,693190,0.0,0.0,HEROMOTOCO
2025-08-26,4894.984108164331,4971.543947093848,4872.944397686193,4904.26416015625,1662083,0.0,0.0,HEROMOTOCO
2025-08-28,5055.643796266941,5071.110392966802,4909.097698135147,4921.95458984375,1584393,0.0,0.0,HEROMOTOCO
2025-08-29,4929.493827360141,4976.666753330022,4892.66390359932,4918.08740234375,783364,0.0,0.0,HEROMOTOCO
2025-09-01,4943.027336207898,5084.16002244753,4939.160687269826,5069.1767578125,659443,0.0,0.0,HEROMOTOCO
2025-09-02,5113.643099313758,5169.709507586008,5034.376797963338,5134.90966796875,962257,0.0,0.0,HEROMOTOCO
2025-09-03,5147.476862096011,5184.693361474546,5081.260493071865,5170.6767578125,659989,0.0,0.0,HEROMOTOCO
2025-09-04,5321.475854487625,5335.009126415477,5162.943240475641,5172.60986328125,1187848,0.0,0.0,HEROMOTOCO
2025-09-05,5181.309486003635,5238.825887947146,5170.192870501949,5184.20947265625,517415,0.0,0.0,HEROMOTOCO
2025-09-08,5190.976138180633,5340.325451653428,5157.142960371262,5261.54248046875,726543,0.0,0.0,HEROMOTOCO
2025-09-09,5283.292686819008,5305.042588100397,5211.276347020634,5242.69287109375,608443,0.0,0.0,HEROMOTOCO
2025-09-10,5268.309360508071,5276.042658651936,5140.226610000306,5172.12646484375,536616,0.0,0.0,HEROMOTOCO
2025-09-11,5172.126282405961,5184.209560329534,5109.776568320328,5125.2431640625,765635,0.0,0.0,HEROMOTOCO
2025-09-12,5129.109745620343,5209.826041089491,5109.776501196595,5124.759765625,537933,0.0,0.0,HEROMOTOCO
2025-09-15,5146.509869587312,5177.443061891368,5092.376783055214,5112.193359375,588879,0.0,0.0,HEROMOTOCO
2025-09-16,5130.076894652493,5170.676711795023,5107.843661455394,5138.77685546875,925160,0.0,0.0,HEROMOTOCO
2025-09-17,5165.843092873832,5208.3762321115655,5133.459907317831,5171.64306640625,616629,0.0,0.0,HEROMOTOCO
2025-09-18,5181.309939478585,5207.409821636406,5161.976693435754,5190.9765625,420977,0.0,0.0,HEROMOTOCO
2025-09-19,5210.3095520741845,5253.809353529349,5192.909631492118,5227.70947265625,579031,0.0,0.0,HEROMOTOCO
2025-09-22,5228.6760996962485,5315.675702020645,5219.976139463809,5248.49267578125,672445,0.0,0.0,HEROMOTOCO
2025-09-23,5268.309614953799,5330.176003092705,5172.610045801427,5191.4599609375,507377,0.0,0.0,HEROMOTOCO
2025-09-24,5190.976248823017,5196.776222285389,5089.4767132315055,5101.07666015625,410267,0.0,0.0,HEROMOTOCO
2025-09-25,5094.310201626553,5194.843078470796,5056.6103728099615,5175.9931640625,640474,0.0,0.0,HEROMOTOCO
2025-09-26,5175.993014453052,5272.175908269109,5131.526550980301,5150.37646484375,689941,0.0,0.0,HEROMOTOCO
2025-09-29,5150.37666994859,5248.009561026819,5093.343594962297,5123.79345703125,8318930,0.0,0.0,HEROMOTOCO
2025-09-30,5145.543077871603,5300.692366618247,5145.543077871603,5290.05908203125,1141788,0.0,0.0,HEROMOTOCO
2025-10-01,5290.059067425506,5335.008861237345,5229.642677893465,5251.392578125,701001,0.0,0.0,HEROMOTOCO
2025-10-03,5282.809359446784,5397.842170750383,5191.459773999809,5365.458984375,1634394,0.0,0.0,HEROMOTOCO
2025-10-06,5342.742200884759,5408.475233209739,5342.742200884759,5395.42529296875,844413,0.0,0.0,HEROMOTOCO
2025-10-07,5395.42540801703,5460.675110613312,5386.7254476708595,5427.80859375,858678,0.0,0.0,HEROMOTOCO
2025-10-08,5424.908478599773,5470.3416037769275,5309.392341181264,5328.7255859375,789561,0.0,0.0,HEROMOTOCO
2025-10-09,5331.142662723802,5352.409233635845,5283.776209328794,5328.24267578125,872880,0.0,0.0,HEROMOTOCO
2025-10-10,5328.242525568182,5381.892282492898,5293.926014382102,5316.642578125,835407,0.0,0.0,HEROMOTOCO
2025-10-13,5316.642221861508,5394.941861856196,5301.658957418081,5373.67529296875,417645,0.0,0.0,HEROMOTOCO
2025-10-14,5396.3920739372525,5404.608703158653,5355.308927830252,5385.7587890625,375269,0.0,0.0,HEROMOTOCO
2025-10-15,5393.975726580135,5422.008933761286,5265.409638473476,5352.892578125,484777,0.0,0.0,HEROMOTOCO
2025-10-16,5391.0755318016845,5424.9087115780985,5366.425643678869,5393.4921875,294066,0.0,0.0,HEROMOTOCO
2025-10-17,5395.908640198927,5437.475116646178,5365.458779545709,5406.05859375,435204,0.0,0.0,HEROMOTOCO
2025-10-20,5432.641986751573,5504.174995118053,5419.592046036067,5452.94189453125,368799,0.0,0.0,HEROMOTOCO
2025-10-21,5478.075366619531,5479.042028939387,5443.275523104744,5458.2587890625,40575,0.0,0.0,HEROMOTOCO
2025-10-23,5524.475166462098,5526.408491104779,5376.092500136301,5402.1923828125,489097,0.0,0.0,HEROMOTOCO
2025-10-24,5427.808821917161,5437.475444930371,5301.659391594776,5355.79248046875,546761,0.0,0.0,HEROMOTOCO
2025-10-27,5384.309121593576,5473.242055020256,5364.975875196471,5458.2587890625,424721,0.0,0.0,HEROMOTOCO
2025-10-28,5451.974896798957,5476.14145219257,5389.141852775565,5422.49169921875,539756,0.0,0.0,HEROMOTOCO
2025-10-29,5449.558739403202,5450.525401707309,5342.742554799379,5366.42578125,432099,0.0,0.0,HEROMOTOCO
2025-10-30,5384.792335710846,5401.225594791194,5309.876007550431,5331.142578125,402078,0.0,0.0,HEROMOTOCO
2025-10-31,5330.659243452945,5437.475427404626,5317.609302427173,5359.17578125,424188,0.0,0.0,HEROMOTOCO
2025-11-03,5393.4921068837875,5393.4921068837875,5299.242536058235,5354.34228515625,223771,0.0,0.0,HEROMOTOCO
2025-11-04,5292.475695384606,5292.475695384606,5077.393349773086,5132.009765625,2003141,0.0,0.0,HEROMOTOCO
2025-11-06,5174.059910074106,5228.192998343914,5128.1434512738215,5148.443359375,815323,0.0,0.0,HEROMOTOCO
2025-11-07,5128.1433197666875,5146.509902815805,5082.7101932767655,5119.443359375,436406,0.0,0.0,HEROMOTOCO
2025-11-10,5132.976391950042,5229.642614020664,5123.793100853332,5180.826171875,347961,0.0,0.0,HEROMOTOCO
2025-11-11,5196.292764875116,5248.975855877942,5153.276296074642,5236.892578125,348232,0.0,0.0,HEROMOTOCO
2025-11-12,5258.643019289844,5371.742510697365,5240.75976637498,5349.50927734375,534031,0.0,0.0,HEROMOTOCO
2025-11-13,5368.842510438413,5407.992334290188,5302.626141701461,5324.859375,585663,0.0,0.0,HEROMOTOCO
2025-11-14,5337.425628422421,5441.825151716747,5280.392555511632,5353.85888671875,938647,0.0,0.0,HEROMOTOCO
2025-11-17,5402.675181603406,5616.307533568757,5385.2752615338295,5605.19091796875,1770568,0.0,0.0,HEROMOTOCO
2025-11-18,5625.974780961721,5685.907845638632,5596.491579790014,5606.158203125,1182455,0.0,0.0,HEROMOTOCO
2025-11-19,5655.941418630483,5719.257802653778,5640.474821006472,5680.59130859375,935374,0.0,0.0,HEROMOTOCO
2025-11-20,5751.64045245958,5840.573380463997,5724.090578023429,5799.490234375,1276202,0.0,0.0,HEROMOTOCO
2025-11-21,5770.973613696116,5836.7066464819345,5758.890335610487,5802.39013671875,703572,0.0,0.0,HEROMOTOCO
2025-11-24,5802.8736382487305,5847.34010290964,5772.907107716378,5782.57373046875,1349305,0.0,0.0,HEROMOTOCO
2025-11-25,5799.973375966045,5884.556321032216,5770.49017797155,5878.75634765625,707293,0.0,0.0,HEROMOTOCO
2025-11-26,5880.690236770057,5941.106631904129,5850.240373622484,5931.92333984375,452071,0.0,0.0,HEROMOTOCO
2025-11-27,5932.406181731121,5993.3059030035765,5893.7396920343235,5945.939453125,352120,0.0,0.0,HEROMOTOCO
2025-11-28,5946.906348692201,6031.005967082355,5923.706453963883,5968.65625,504441,0.0,0.0,HEROMOTOCO
2025-12-01,6022.30569423348,6122.355235060633,6003.455780744306,6085.6220703125,912454,0.0,0.0,HEROMOTOCO
2025-12-02,6118.971969595976,6128.6385919808035,6023.272407986181,6061.45556640625,809216,0.0,0.0,HEROMOTOCO
2025-12-03,6084.172490981949,6084.172490981949,5984.606274494638,6004.4228515625,543787,0.0,0.0,HEROMOTOCO
2025-12-04,6039.705744775237,6139.271956636928,6031.489115641019,6128.638671875,883433,0.0,0.0,HEROMOTOCO
2025-12-05,6123.805309452135,6175.521739453033,6094.805442161912,6138.78857421875,651633,0.0,0.0,HEROMOTOCO
2025-12-08,6099.638955326739,6139.2721086022375,5939.6563488122265,5961.40625,707514,0.0,0.0,HEROMOTOCO
2025-12-09,5958.505882157661,5958.505882157661,5767.10676394429,5800.93994140625,1186776,0.0,0.0,HEROMOTOCO
2025-12-10,5827.040164633441,5842.99009209138,5718.290659238408,5747.29052734375,820197,0.0,0.0,HEROMOTOCO
2025-12-11,5747.29070834139,5818.823718587335,5708.624216316555,5780.1572265625,695094,0.0,0.0,HEROMOTOCO
2025-12-12,5803.356937649106,5836.223454827431,5752.123837341718,5761.30712890625,679186,0.0,0.0,HEROMOTOCO
2025-12-15,5741.490485295602,5777.256988865925,5680.590763000186,5760.82373046875,652031,0.0,0.0,HEROMOTOCO
2025-12-16,5761.790106887323,5786.439993260216,5734.723564987677,5748.2568359375,388048,0.0,0.0,HEROMOTOCO
2025-12-17,5770.973540645951,5771.940202880565,5589.241040538508,5623.07421875,538205,0.0,0.0,HEROMOTOCO
2025-12-18,5592.141573447149,5592.141573447149,5329.2094199505855,5556.8583984375,1016539,0.0,0.0,HEROMOTOCO
2025-12-19,5534.141812129038,5604.224830710585,5534.141812129038,5588.27490234375,769295,0.0,0.0,HEROMOTOCO
2025-12-22,5600.357954105418,5600.357954105418,5491.608446927225,5509.49169921875,1213460,0.0,0.0,HEROMOTOCO
2025-12-23,5519.641296896762,5560.724441400809,5505.141363542392,5552.5078125,351302,0.0,0.0,HEROMOTOCO
2025-12-24,5552.5080352834075,5558.308008857868,5500.3082731132645,5508.52490234375,313655,0.0,0.0,HEROMOTOCO
2025-12-26,5508.524924691907,5529.308163418042,5423.941976387872,5449.0751953125,249826,0.0,0.0,HEROMOTOCO
2025-12-29,5449.075406380536,5462.608678633388,5365.459117103986,5380.4423828125,572147,0.0,0.0,HEROMOTOCO
2025-12-30,5384.309014060038,5551.058260904805,5380.925696008115,5520.6083984375,2980473,0.0,0.0,HEROMOTOCO
2025-12-31,5519.158664162001,5592.625002453675,5494.992105513424,5578.6083984375,473265,0.0,0.0,HEROMOTOCO
2026-01-01,5578.608120506291,5660.774415817855,5538.9749662971835,5646.7578125,384697,0.0,0.0,HEROMOTOCO
2026-01-02,5703.307177545087,5828.489936781034,5679.140621708031,5735.20703125,1069537,0.0,0.0,HEROMOTOCO
2026-01-05,5761.307143304653,5843.47343645581,5727.473963771824,5785.95703125,653817,0.0,0.0,HEROMOTOCO
2026-01-06,5809.6402555338545,5835.740136881511,5761.307141927084,5799.9736328125,453152,0.0,0.0,HEROMOTOCO
2026-01-07,5832.3567018622125,5847.3399667795675,5745.840430242643,5781.60693359375,609748,0.0,0.0,HEROMOTOCO
2026-01-08,5781.606874916533,5785.473523888221,5635.640876235309,5654.97412109375,562060,0.0,0.0,HEROMOTOCO
2026-01-09,5654.974006825957,5694.607157984909,5559.274446710441,5580.541015625,500234,0.0,0.0,HEROMOTOCO
2026-01-12,5580.541594928731,5598.908179079717,5439.408895663254,5535.591796875,314329,0.0,0.0,HEROMOTOCO
2026-01-13,5587.307839679244,5587.307839679244,5491.124945207257,5543.32470703125,336437,0.0,0.0,HEROMOTOCO
2026-01-14,5529.308108952479,5549.608016345487,5451.975128407689,5487.25830078125,368182,0.0,0.0,HEROMOTOCO
2026-01-15,5487.25830078125,5487.25830078125,5487.25830078125,5487.25830078125,0,0.0,0.0,HEROMOTOCO
2026-01-16,5434.575260024993,5540.908109296204,5430.225279827535,5463.091796875,588398,0.0,0.0,HEROMOTOCO
2026-01-19,5437.475532978579,5594.558159486849,5403.64235188449,5570.3916015625,581040,0.0,0.0,HEROMOTOCO
2026-01-20,5586.340945959283,5650.140652211803,5369.808609587095,5394.45849609375,394664,0.0,0.0,HEROMOTOCO
2026-01-21,5394.45870133321,5453.9084298758125,5320.5090389997295,5353.85888671875,406596,0.0,0.0,HEROMOTOCO
2026-01-22,5406.5420863118625,5476.141769883193,5283.292646654297,5305.52587890625,401574,0.0,0.0,HEROMOTOCO
2026-01-23,5330.1758632348165,5340.325817272532,5189.0431689961,5204.509765625,460330,0.0,0.0,HEROMOTOCO
2026-01-27,5237.376233046294,5243.659537866301,5121.860090586156,5200.64306640625,400942,0.0,0.0,HEROMOTOCO
2026-01-28,5226.7427198483565,5339.842201672335,5150.8597341801305,5328.7255859375,547414,0.0,0.0,HEROMOTOCO
2026-01-29,5337.909173037075,5408.4755203083,5289.576058467742,5393.9755859375,337842,0.0,0.0,HEROMOTOCO
2026-01-30,5355.792582421946,5408.475678846817,5282.809577282905,5349.50927734375,466102,0.0,0.0,HEROMOTOCO
2026-02-02,5364.975645854637,5462.125204847141,5237.376225088365,5435.5419921875,449861,0.0,0.0,HEROMOTOCO
2026-02-03,5542.84130664503,5597.941054548548,5487.258227619553,5570.87451171875,592655,0.0,0.0,HEROMOTOCO
2026-02-04,5555.408108414375,5682.040866758256,5525.924908952632,5656.42431640625,490202,0.0,0.0,HEROMOTOCO
2026-02-05,5684.457239315735,5693.640530493952,5553.474507247496,5573.7744140625,331312,0.0,0.0,HEROMOTOCO
2026-02-06,5579.5746583601285,5646.274355419527,5524.95823975352,5561.69140625,770475,0.0,0.0,HEROMOTOCO
2026-02-09,5606.641116971033,5622.10771315578,5478.075036185317,5564.59130859375,543956,0.0,0.0,HEROMOTOCO
2026-02-10,5592.1412679510295,5650.141004524419,5527.374895444077,5561.69140625,816528,0.0,0.0,HEROMOTOCO
2026-02-11,5612.44477545507,5666.64749058238,5465.604692655631,5600.1259765625,684908,110.0,0.0,HEROMOTOCO
2026-02-12,5621.314428936639,5720.8503260829575,5601.111598327733,5649.89404296875,560676,0.0,0.0,HEROMOTOCO
2026-02-13,5619.343169728801,5641.517007210193,5479.401617624015,5503.0537109375,394003,0.0,0.0,HEROMOTOCO
2026-02-16,5497.1410350424485,5541.981464783293,5379.866064951008,5412.3876953125,285719,0.0,0.0,HEROMOTOCO
2026-02-17,5410.41643377656,5506.995816383136,5367.54701394609,5496.1552734375,288723,0.0,0.0,HEROMOTOCO
2026-02-18,5513.894500077538,5546.416129836709,5466.097559370879,5510.93798828125,197770,0.0,0.0,HEROMOTOCO
2026-02-19,5518.821711376858,5562.676633904764,5309.402137507647,5336.0107421875,307768,0.0,0.0,HEROMOTOCO
2026-02-20,5321.721055152105,5392.677335887466,5297.083457674548,5385.77880859375,560735,0.0,0.0,HEROMOTOCO
2026-02-23,5424.706050194797,5468.560972391848,5358.184538997022,5408.93798828125,310190,0.0,0.0,HEROMOTOCO
2026-02-24,5400.561196499048,5442.937862821941,5357.691778242166,5431.11181640625,396015,0.0,0.0,HEROMOTOCO
2026-02-25,5431.111980443219,5755.342762799564,5420.764189516953,5654.32861328125,898486,0.0,0.0,HEROMOTOCO
2026-02-26,5676.5027216174185,5744.50249380346,5635.604307911321,5703.111328125,489797,0.0,0.0,HEROMOTOCO
2026-02-27,5691.285295636766,5715.9228943191765,5606.531956169275,5627.2275390625,584546,0.0,0.0,HEROMOTOCO
2026-03-02,5484.329457938388,5642.0100892537785,5423.228213303675,5510.4453125,432301,0.0,0.0,HEROMOTOCO
2026-03-04,5439.9815625,5448.851097656249,5348.8224511718745,5420.271484375,455955,0.0,0.0,HEROMOTOCO
2026-03-05,5433.57597401996,5540.995903496368,5400.561592024917,5507.48876953125,545405,0.0,0.0,HEROMOTOCO
2026-03-06,5490.242311065051,5490.735063022605,5410.416493941327,5432.59033203125,431008,0.0,0.0,HEROMOTOCO
2026-03-09,5368.0398938255585,5430.126641266537,5260.127213749573,5400.5615234375,306358,0.0,0.0,HEROMOTOCO
2026-03-10,5466.097421705728,5650.38665236632,5447.372847467486,5628.70556640625,493375,0.0,0.0,HEROMOTOCO
2026-03-11,5646.444430134179,5682.4153214335765,5473.488500735706,5494.18408203125,511965,0.0,0.0,HEROMOTOCO
2026-03-12,5507.981289536797,5507.981289536797,5298.068959125035,5316.30078125,476478,0.0,0.0,HEROMOTOCO
2026-03-13,5260.619715382491,5299.547118671665,5093.084055656935,5130.533203125,496250,0.0,0.0,HEROMOTOCO
2026-03-16,5123.142108575767,5251.75036964514,5050.214818773977,5201.982421875,466610,0.0,0.0,HEROMOTOCO
2026-03-17,5200.01147679775,5305.953149072129,5156.1565519957985,5277.37353515625,403766,0.0,0.0,HEROMOTOCO
2026-03-18,5292.1560190877835,5408.445480959731,5287.2284995169375,5347.34423828125,390261,0.0,0.0,HEROMOTOCO
2026-03-19,5271.460485420946,5288.706804077679,5076.330708619049,5097.51904296875,397483,0.0,0.0,HEROMOTOCO
2026-03-20,5142.359404062708,5289.692238655918,5140.388396242062,5199.02587890625,1043098,0.0,0.0,HEROMOTOCO
2026-03-23,5115.750637223902,5124.620172137216,4977.7800941279,4991.5771484375,340775,0.0,0.0,HEROMOTOCO
2026-03-24,5109.837784751719,5239.924301161985,5050.214798063681,5176.85205078125,435050,0.0,0.0,HEROMOTOCO
2026-03-25,5228.098063989537,5286.242792693662,5201.489459328327,5212.82275390625,531702,0.0,0.0,HEROMOTOCO
2026-03-27,5136.446549390555,5167.982675557189,5051.200458346372,5068.44677734375,535331,0.0,0.0,HEROMOTOCO
2026-03-30,4994.533965009629,5065.4902486482815,4964.476094857144,4989.6064453125,704213,0.0,0.0,HEROMOTOCO
2026-04-01,5077.316093566967,5167.982452380662,5003.896053005876,5047.7509765625,546972,0.0,0.0,HEROMOTOCO
2026-04-02,5002.418031886037,5003.403535832429,4832.911353106605,4938.85302734375,753867,0.0,0.0,HEROMOTOCO
2026-04-06,4946.736717190485,5048.243616656691,4913.229585327854,5029.51904296875,348536,0.0,0.0,HEROMOTOCO
2026-04-07,5001.432367391668,5010.30190262448,4860.505307581419,4977.7802734375,429282,0.0,0.0,HEROMOTOCO
2026-04-08,5173.895653257979,5271.953294686392,5166.9971257203015,5210.85205078125,790692,0.0,0.0,HEROMOTOCO
2026-04-09,5210.852095829909,5302.011210508729,5128.562516633351,5207.40283203125,760419,0.0,0.0,HEROMOTOCO
2026-04-10,5220.214405266023,5404.996395257977,5218.736149346088,5387.25732421875,855903,0.0,0.0,HEROMOTOCO
2026-04-13,5247.808269066699,5297.08346408141,5127.084041280657,5170.93896484375,743470,0.0,0.0,HEROMOTOCO
2026-04-15,5283.779341893838,5283.779341893838,5198.5332516068265,5210.85205078125,651858,0.0,0.0,HEROMOTOCO
2026-04-16,5237.9533804261255,5271.460513997995,5055.142401673717,5084.70751953125,920301,0.0,0.0,HEROMOTOCO
2026-04-17,5062.040854731637,5173.895548981037,5056.127831247088,5154.67822265625,545014,0.0,0.0,HEROMOTOCO
2026-04-20,5154.678113954167,5240.909704618729,5134.475284141327,5205.92431640625,654258,0.0,0.0,HEROMOTOCO
2026-04-21,5183.7506406428265,5233.025836846656,5175.866609250214,5182.76513671875,321063,0.0,0.0,HEROMOTOCO
2026-04-22,5179.315795122118,5214.3011839008905,5102.939242154377,5113.77978515625,293830,0.0,0.0,HEROMOTOCO
2026-04-23,5075.345125183202,5085.200164261228,4922.5920194738055,4959.0556640625,628266,0.0,0.0,HEROMOTOCO
2026-04-24,4962.504925868642,4987.142523554416,4869.867558570131,4889.57763671875,520325,0.0,0.0,HEROMOTOCO
2026-04-27,4939.838128181622,5024.0987087221765,4932.939601119822,4969.89599609375,448144,0.0,0.0,HEROMOTOCO
2026-04-28,4969.403342327549,5031.490087110223,4946.244001019725,4994.53369140625,667998,0.0,0.0,HEROMOTOCO
2026-04-29,5020.157032662955,5132.997232945623,5007.838233505459,5040.35986328125,474261,0.0,0.0,HEROMOTOCO
2026-04-30,5006.359898233723,5040.359783369365,4947.229663215214,5025.08447265625,478138,0.0,0.0,HEROMOTOCO
2026-05-01,5025.08447265625,5025.08447265625,5025.08447265625,5025.08447265625,0,0.0,0.0,HEROMOTOCO
2026-05-04,5110.823383761595,5161.08408421895,4933.43267626505,4993.0556640625,617748,0.0,0.0,HEROMOTOCO
2026-05-05,4986.6497617562145,5060.562554667621,4945.258597725827,5034.939453125,573411,0.0,0.0,HEROMOTOCO
2026-05-06,5164.040448954303,5204.4461089556635,4878.244317237367,5095.05517578125,2717300,0.0,0.0,HEROMOTOCO
2026-05-07,5159.112941564167,5379.373064284242,5114.2725138963215,5265.54736328125,1775531,0.0,0.0,HEROMOTOCO
2026-05-08,5263.576625934359,5320.243103371397,5188.678325321925,5244.85205078125,558660,0.0,0.0,HEROMOTOCO
2026-05-11,5186.21416313534,5206.909744593932,5071.402961234101,5152.70703125,447686,0.0,0.0,HEROMOTOCO
2026-05-12,5154.185560324951,5193.605717574091,4996.504931328394,5008.82373046875,391060,0.0,0.0,HEROMOTOCO
2026-05-13,5043.316020121684,5053.663810685685,4904.852727336712,4922.591796875,494571,0.0,0.0,HEROMOTOCO
2026-05-14,4947.2295977878175,5017.200374967685,4809.259051235966,5003.4033203125,594448,0.0,0.0,HEROMOTOCO
2026-05-15,5008.33079080641,5064.997264728364,4970.881642823206,4991.08447265625,425856,0.0,0.0,HEROMOTOCO
2026-05-18,4961.519622316374,4961.519622316374,4852.621436147745,4885.14306640625,434446,0.0,0.0,HEROMOTOCO
2026-05-19,4872.823900526164,4966.93952040689,4860.997854049005,4934.91064453125,560327,0.0,0.0,HEROMOTOCO
2026-05-20,4894.997894532822,4942.302081957339,4830.940140728789,4895.9833984375,416572,0.0,0.0,HEROMOTOCO
2026-05-21,4947.2298638884695,4966.447191048993,4883.664858665202,4897.4619140625,335986,0.0,0.0,HEROMOTOCO
2026-05-22,4897.954222502077,4941.809144615023,4878.2441451479435,4894.01220703125,284550,0.0,0.0,HEROMOTOCO
2026-05-25,4953.14290488803,4992.070311323183,4876.2735959781085,4906.82421875,445788,0.0,0.0,HEROMOTOCO
2026-05-26,4906.8240975370945,4956.099294339034,4881.200995200086,4910.76611328125,413024,0.0,0.0,HEROMOTOCO
2026-05-27,4920.620811749538,5028.040733335899,4907.809261468596,5001.43212890625,460843,0.0,0.0,HEROMOTOCO
2026-05-28,5001.43212890625,5001.43212890625,5001.43212890625,5001.43212890625,0,0.0,0.0,HEROMOTOCO
2026-05-29,5040.852614948755,5065.490213262288,4804.824423105114,4831.92578125,1648645,0.0,0.0,HEROMOTOCO
2026-06-01,4844.24454493927,4896.969004944203,4691.984188476425,4750.0302734375,856536,0.0,0.0,HEROMOTOCO
2026-06-02,4768.262003759384,4821.18375600624,4678.28568959999,4804.33154296875,703263,0.0,0.0,HEROMOTOCO
2026-06-03,4785.606790608546,4803.148567005582,4745.2011319563735,4770.7255859375,571637,0.0,0.0,HEROMOTOCO
2026-06-04,4780.087913160374,4907.809311977758,4780.087913160374,4811.525390625,783946,0.0,0.0,HEROMOTOCO
2026-06-05,4826.998370241404,4833.404145947114,4721.648093721958,4764.91162109375,654540,0.0,0.0,HEROMOTOCO
2026-06-08,4725.491252040853,4766.4883109686225,4691.590013751708,4706.27392578125,296366,0.0,0.0,HEROMOTOCO
2026-06-09,4722.14066754196,4801.572379536581,4699.47407743846,4785.015625,481952,0.0,0.0,HEROMOTOCO
2026-06-10,4780.285205105803,4912.7368300195785,4772.105234199577,4786.296875,632203,0.0,0.0,HEROMOTOCO
2026-06-11,4770.4303592776205,4804.331597798908,4740.471136426322,4766.09423828125,365084,0.0,0.0,HEROMOTOCO
2026-06-12,4841.780532705329,4896.968749646403,4797.826963686646,4890.66162109375,435472,0.0,0.0,HEROMOTOCO
2026-06-15,4957.084898736067,4999.855674186329,4932.841405177572,4951.171875,575605,0.0,0.0,HEROMOTOCO
2026-06-16,4976.794887323594,4978.765895199761,4923.5776746670645,4958.0703125,456693,0.0,0.0,HEROMOTOCO
2026-06-17,4974.823659934938,4974.823659934938,4899.531258628202,4943.681640625,354200,0.0,0.0,HEROMOTOCO
2026-06-18,4951.763152420674,4974.823848186307,4907.809580817711,4948.806640625,357138,0.0,0.0,HEROMOTOCO
2026-06-19,4937.079027197889,4945.652622313809,4860.702475769553,4902.783203125,461353,0.0,0.0,HEROMOTOCO
2026-06-22,4934.418103430539,4955.113685649841,4889.57767528872,4911.4560546875,569422,0.0,0.0,HEROMOTOCO
2026-06-23,4906.823913884409,4939.444189186999,4881.200812506423,4902.48779296875,332377,0.0,0.0,HEROMOTOCO
2026-06-24,4910.766004291754,4927.519570832585,4812.215612875102,4826.2099609375,554117,0.0,0.0,HEROMOTOCO
2026-06-25,4883.073416229894,4970.88191424676,4806.500048183916,4825.1259765625,1282928,0.0,0.0,HEROMOTOCO
2026-06-26,4825.1259765625,4825.1259765625,4825.1259765625,4825.1259765625,0,0.0,0.0,HEROMOTOCO
2026-06-29,4788.563559182342,4854.000923392374,4716.621772843525,4743.82177734375,3355142,0.0,0.0,HEROMOTOCO
2026-06-30,4745.694145197656,4769.838991331462,4603.781580166306,4724.80126953125,1121686,0.0,0.0,HEROMOTOCO
2026-07-01,4749.04492495991,4822.957721778694,4704.795893505018,4764.81298828125,820162,0.0,0.0,HEROMOTOCO
2026-07-02,4808.667892861511,4822.070842865256,4722.534943594995,4796.54638671875,775927,0.0,0.0,HEROMOTOCO
2026-07-03,4828.969136532293,4842.5688979457855,4756.534599484309,4782.25634765625,507590,0.0,0.0,HEROMOTOCO
2026-07-06,4792.407014807026,4877.061707033986,4754.071007771872,4872.7255859375,629194,0.0,0.0,HEROMOTOCO
2026-07-07,4893.027104331045,4951.171837292884,4872.725626751207,4922.986328125,676040,0.0,0.0,HEROMOTOCO
2026-07-08,4902.882152345592,4902.882152345592,4805.317261273791,4821.87353515625,888966,0.0,0.0,HEROMOTOCO
2026-07-09,4809.258901002858,4843.751536563329,4758.012699598729,4827.49072265625,534195,0.0,0.0,HEROMOTOCO
2026-07-10,4852.0297792980355,4895.983349245646,4817.241684293683,4877.357421875,686707,0.0,0.0,HEROMOTOCO
2026-07-13,4846.314080256038,4894.9978767294215,4800.389502224484,4880.31396484375,508201,0.0,0.0,HEROMOTOCO
2026-07-14,4850.650209123271,4886.12834962072,4794.673779930752,4807.58349609375,680383,0.0,0.0,HEROMOTOCO
2026-07-15,4843.652871177866,4886.128184187026,4797.432835946439,4805.51416015625,596432,0.0,0.0,HEROMOTOCO
2026-07-16,4828.969054652409,4857.05591548049,4803.740058860958,4826.998046875,289732,0.0,0.0,HEROMOTOCO
2026-07-17,4828.9691933996155,4853.606791325124,4800.290933173707,4838.7255859375,434144,0.0,0.0,HEROMOTOCO
2026-07-20,4836.853154253394,4912.736954758185,4828.969123032117,4905.54296875,352274,0.0,0.0,HEROMOTOCO
2026-07-21,4937.374747049832,4983.693432301597,4899.925597271809,4961.12548828125,554172,0.0,0.0,HEROMOTOCO
2026-07-22,4976.794740258093,5038.8814865227,4898.6444727586395,4914.806640625,877166,0.0,0.0,HEROMOTOCO
2026-07-23,4914.806518189695,5122.944649855584,4907.907990998814,5098.7998046875,1603396,0.0,0.0,HEROMOTOCO
2026-07-24,5101.2001953125,5102.0,4982.0,5011.10009765625,694927,75.0,0.0,HEROMOTOCO
2026-07-27,5050.0,5125.5,5034.2001953125,5113.7998046875,564495,0.0,0.0,HEROMOTOCO
2026-07-28,5108.0,5172.7998046875,5096.60009765625,5154.2998046875,633759,0.0,0.0,HEROMOTOCO
2026-07-29,5185.0,5227.89990234375,5127.7001953125,5149.10009765625,682570,0.0,0.0,HEROMOTOCO
2026-07-30,5168.7998046875,5353.60009765625,5161.0,5325.0,1368741,0.0,0.0,HEROMOTOCO
2026-07-31,5375.0,5394.7001953125,5297.5,5386.0,769470,0.0,0.0,HEROMOTOCO
2026-08-03,5425.0,5460.5,5388.0,5460.0,602971,0.0,0.0,HEROMOTOCO
2026-08-04,5460.0,5606.0,5425.0,5548.0,1013842,0.0,0.0,HEROMOTOCO
2026-08-05,5578.0,5705.0,5555.0,5690.0,893125,0.0,0.0,HEROMOTOCO
2026-08-06,5680.0,5755.0,5550.5,5550.5,533656,0.0,0.0,HEROMOTOCO
2026-08-07,5541.0,5800.0,5541.0,5725.0,1914675,0.0,0.0,HEROMOTOCO
2026-08-10,5765.0,5933.0,5756.5,5860.0,990018,0.0,0.0,HEROMOTOCO
2026-08-11,5848.0,5937.0,5803.5,5865.5,801380,0.0,0.0,HEROMOTOCO
2026-08-12,5875.0,5916.0,5844.0,5895.0,996651,0.0,0.0,HEROMOTOCO
2026-08-13,5919.0,5934.0,5802.0,5850.0,528775,0.0,0.0,HEROMOTOCO
2026-08-14,5830.0,5849.0,5765.0,5790.0,508239,0.0,0.0,HEROMOTOCO
2026-08-17,5765.0,5811.5,5740.0,5745.0,377125,0.0,0.0,HEROMOTOCO
2026-08-18,5745.0,5778.0,5694.5,5745.5,485939,0.0,0.0,HEROMOTOCO
2026-08-19,5699.5,5767.5,5664.5,5709.5,348863,0.0,0.0,HEROMOTOCO
2026-08-20,5740.0,5740.5,5670.0,5740.5,298317,0.0,0.0,HEROMOTOCO
2026-08-21,5724.5,5735.0,5642.0,5735.0,463679,0.0,0.0,HEROMOTOCO
2026-08-24,5720.0,5728.0,5650.0,5685.0,281646,0.0,0.0,HEROMOTOCO
2026-08-25,5665.0,5682.0,5590.0,5624.5,432456,0.0,0.0,HEROMOTOCO
2026-08-26,5630.5,5720.0,5595.0,5595.0,451708,0.0,0.0,HEROMOTOCO
2026-08-27,5594.5,5610.0,5511.5,5550.0,533073,0.0,0.0,HEROMOTOCO
2026-08-28,5549.0,5654.0,5529.0,5600.0,408239,0.0,0.0,HEROMOTOCO
2026-08-31,5614.0,5614.0,5450.0,5450.0,485204,0.0,0.0,HEROMOTOCO
2026-09-01,5610.0,5659.0,5495.5,5555.0,1231011,0.0,0.0,HEROMOTOCO
2026-09-02,5477.0,5485.0,5167.0,5300.0,1746768,0.0,0.0,HEROMOTOCO
2026-09-03,5315.0,5315.0,5271.0,5308.5,524520,0.0,0.0,HEROMOTOCO
2026-09-04,5319.0,5322.5,5260.0,5300.0,607423,0.0,0.0,HEROMOTOCO
2026-09-07,5300.0,5347.5,5270.0,5270.0,354258,0.0,0.0,HEROMOTOCO
2026-09-08,5305.0,5339.5,5285.0,5333.5,393029,0.0,0.0,HEROMOTOCO
2026-09-09,5266.5,5297.0,5205.5,5218.0,532099,0.0,0.0,HEROMOTOCO
2026-09-10,5235.0,5280.0,5169.0,5280.0,501164,0.0,0.0,HEROMOTOCO
2026-09-11,5218.0,5243.0,5186.0,5221.5,251663,0.0,0.0,HEROMOTOCO
2026-09-14,5221.5,5221.5,5221.5,5221.5,0,0.0,0.0,HEROMOTOCO
2026-09-15,5287.5,5327.5,5166.0,5166.0,666103,0.0,0.0,HEROMOTOCO
2026-09-16,5200.0,5315.0,5186.5,5235.0,525693,0.0,0.0,HEROMOTOCO
2026-09-17,5253.5,5341.0,5243.5,5325.0,536484,0.0,0.0,HEROMOTOCO
2026-09-18,5325.0,5362.5,5285.5,5285.5,688654,0.0,0.0,HEROMOTOCO
2026-09-21,5308.0,5425.0,5308.0,5419.0,355000,0.0,0.0,HEROMOTOCO
2026-09-22,5424.0,5443.0,5368.0,5373.0,542248,0.0,0.0,HEROMOTOCO
2026-09-23,5395.0,5448.5,5365.0,5394.0,304703,0.0,0.0,HEROMOTOCO
2026-09-24,5331.5,5368.0,5294.0,5296.0,360294,0.0,0.0,HEROMOTOCO
2026-09-25,5340.0,5397.0,5304.0,5360.0,299598,0.0,0.0,HEROMOTOCO
2026-09-28,5360.0,5390.5,5306.0,5390.0,340540,0.0,0.0,HEROMOTOCO
2026-09-29,5375.0,5384.0,5208.0,5208.0,681672,0.0,0.0,HEROMOTOCO
2026-09-30,5236.5,5341.0,5236.5,5241.0,567810,0.0,0.0,HEROMOTOCO
2026-10-01,5235.0,5290.0,5051.0,5168.0,862514,0.0,0.0,HEROMOTOCO
