Date,Open,High,Low,Close,Volume,Dividends,Stock Splits,Symbol
2021-10-04,2475.7184139311576,2497.724799832768,2457.1046344172723,2463.064697265625,1025005,0.0,0.0,HINDUNILVR
2021-10-05,2463.0645639440045,2489.4263789617203,2462.881222176855,2483.649658203125,562784,0.0,0.0,HINDUNILVR
2021-10-06,2470.2624631907966,2506.8938779743175,2453.7117840011974,2462.927001953125,862471,0.0,0.0,HINDUNILVR
2021-10-07,2473.884028534474,2479.614856991976,2444.5421868320636,2447.65966796875,1082816,0.0,0.0,HINDUNILVR
2021-10-08,2448.6688477844427,2456.050201009896,2407.315092246942,2420.748291015625,1579941,0.0,0.0,HINDUNILVR
2021-10-11,2422.7194230860855,2444.0839987798045,2416.576019052401,2425.378662109375,1086252,0.0,0.0,HINDUNILVR
2021-10-12,2406.9481075143844,2464.7607534974495,2406.9481075143844,2453.84912109375,1174337,0.0,0.0,HINDUNILVR
2021-10-13,2464.807105860292,2469.850236171567,2423.0866641942894,2426.891845703125,1660007,0.0,0.0,HINDUNILVR
2021-10-14,2426.891772026629,2454.3997547075774,2402.363820802784,2429.459228515625,2158809,0.0,0.0,HINDUNILVR
2021-10-18,2450.777685611991,2456.3708405837406,2423.4989386743273,2433.539306640625,1758177,0.0,0.0,HINDUNILVR
2021-10-19,2448.118160686136,2505.059762399066,2311.128525302652,2335.243896484375,5431133,0.0,0.0,HINDUNILVR
2021-10-20,2355.6003382401464,2369.3543300944098,2264.823992002009,2272.75537109375,4864654,0.0,0.0,HINDUNILVR
2021-10-21,2295.449214993159,2296.91639684673,2226.312579458627,2242.588134765625,3254632,0.0,0.0,HINDUNILVR
2021-10-22,2254.737754220705,2290.7273666050737,2228.146703032254,2250.244873046875,1845622,0.0,0.0,HINDUNILVR
2021-10-25,2250.24448896833,2258.909457673494,2209.807669863553,2251.84912109375,1560381,0.0,0.0,HINDUNILVR
2021-10-26,2277.7272941499755,2277.7272941499755,2229.892294262737,2248.1591796875,1595060,15.0,0.0,HINDUNILVR
2021-10-27,2264.9034933520934,2265.0879618277268,2205.9974610781574,2211.025634765625,3083879,0.0,0.0,HINDUNILVR
2021-10-28,2214.162189929185,2228.9232711953796,2184.6400273967956,2204.613525390625,2015791,0.0,0.0,HINDUNILVR
2021-10-29,2214.1622073582007,2216.0073425309993,2189.252882525421,2207.842529296875,2453400,0.0,0.0,HINDUNILVR
2021-11-01,2207.704110013082,2224.2179787858063,2184.8705635346764,2220.71240234375,1941114,0.0,0.0,HINDUNILVR
2021-11-02,2228.0007093391137,2239.994087898703,2216.007330779524,2231.5986328125,1350154,0.0,0.0,HINDUNILVR
2021-11-03,2245.5296116490113,2245.5296116490113,2201.430833883266,2224.633544921875,1591607,0.0,0.0,HINDUNILVR
2021-11-04,2240.916375604419,2241.8389430707034,2232.6132684078607,2235.24267578125,245719,0.0,0.0,HINDUNILVR
2021-11-08,2259.3677911050045,2259.3677911050045,2214.2543307768506,2243.591796875,2555533,0.0,0.0,HINDUNILVR
2021-11-09,2250.8807364317577,2256.785079661651,2229.33869038028,2242.900390625,1696949,0.0,0.0,HINDUNILVR
2021-11-10,2224.3566591004865,2232.6135940809363,2210.471971660299,2214.300537109375,1794509,0.0,0.0,HINDUNILVR
2021-11-11,2216.6531194363647,2220.5740317221494,2182.9794021584476,2192.205078125,1282647,0.0,0.0,HINDUNILVR
2021-11-12,2203.0912850134637,2226.7091041265194,2192.2049429967233,2218.728759765625,1651974,0.0,0.0,HINDUNILVR
2021-11-15,2217.944676178585,2241.839084973322,2217.944676178585,2236.99560546875,1007999,0.0,0.0,HINDUNILVR
2021-11-16,2246.1292576965247,2246.1292576965247,2214.2547253123867,2220.29736328125,1245209,0.0,0.0,HINDUNILVR
2021-11-17,2217.852643057335,2223.4342224184347,2202.3534614030305,2205.99755859375,956809,0.0,0.0,HINDUNILVR
2021-11-18,2204.936353918247,2220.02042283556,2186.4850036762527,2213.6083984375,1236943,0.0,0.0,HINDUNILVR
2021-11-22,2222.834276192178,2223.2955599902784,2193.0814712146957,2203.598876953125,1629290,0.0,0.0,HINDUNILVR
2021-11-23,2202.9069368143873,2214.1622163670077,2155.579174392297,2208.811279296875,1932539,0.0,0.0,HINDUNILVR
2021-11-24,2219.697422097063,2219.697422097063,2183.7172893199286,2190.8671875,999070,0.0,0.0,HINDUNILVR
2021-11-25,2202.168866154651,2202.168866154651,2159.7307564591697,2167.157470703125,1363272,0.0,0.0,HINDUNILVR
2021-11-26,2162.498358838923,2181.8722775827873,2145.1540436781247,2154.28759765625,2450902,0.0,0.0,HINDUNILVR
2021-11-29,2153.641646446176,2160.8838919689742,2107.790083240306,2149.02880859375,1724612,0.0,0.0,HINDUNILVR
2021-11-30,2142.201816029922,2178.18194989089,2123.7504653319897,2138.096435546875,3931035,0.0,0.0,HINDUNILVR
2021-12-01,2158.8079282786643,2174.2609337481804,2143.3549228091483,2163.282470703125,1263139,0.0,0.0,HINDUNILVR
2021-12-02,2174.4915571066044,2203.091149075338,2163.420747312256,2198.755126953125,1673117,0.0,0.0,HINDUNILVR
2021-12-03,2198.7552305291224,2204.8440410611165,2156.8705296924018,2162.17529296875,1890178,0.0,0.0,HINDUNILVR
2021-12-06,2162.4983834746913,2180.903561443795,2122.8279779757954,2127.902099609375,1079171,0.0,0.0,HINDUNILVR
2021-12-07,2147.6452482457335,2160.3305540587744,2132.976511981882,2141.833251953125,895313,0.0,0.0,HINDUNILVR
2021-12-08,2138.742098625674,2162.913321985202,2138.742098625674,2159.361572265625,839769,0.0,0.0,HINDUNILVR
2021-12-09,2159.7310905403556,2166.7426954952234,2141.7871929515513,2158.577880859375,716666,0.0,0.0,HINDUNILVR
2021-12-10,2165.265940907881,2165.265940907881,2140.356618196116,2152.16552734375,724539,0.0,0.0,HINDUNILVR
2021-12-13,2169.878707242946,2169.878707242946,2122.8277658869124,2125.91845703125,1804894,0.0,0.0,HINDUNILVR
2021-12-14,2126.51862247528,2144.9238036832908,2125.596054743187,2138.788818359375,1219031,0.0,0.0,HINDUNILVR
2021-12-15,2136.6664898774125,2144.785129532136,2122.366692557421,2141.233154296875,755122,0.0,0.0,HINDUNILVR
2021-12-16,2141.2330307430143,2145.246289531218,2125.549382974457,2130.669677734375,926493,0.0,0.0,HINDUNILVR
2021-12-17,2124.672937494746,2130.1621690337374,2053.635240496441,2057.55615234375,2439222,0.0,0.0,HINDUNILVR
2021-12-20,2053.6354404246763,2098.2416731716976,2030.7095458851932,2093.398193359375,2175705,0.0,0.0,HINDUNILVR
2021-12-21,2112.680100764867,2124.3966658834283,2078.314452837578,2096.858154296875,1591415,0.0,0.0,HINDUNILVR
2021-12-22,2121.9056100305556,2137.958197159767,2093.3060126779696,2101.2861328125,1661605,0.0,0.0,HINDUNILVR
2021-12-23,2120.936563069817,2126.518141634147,2098.4721790146714,2122.5048828125,1423081,0.0,0.0,HINDUNILVR
2021-12-24,2131.1313501993504,2133.8990532515572,2106.4988380819586,2119.091796875,895503,0.0,0.0,HINDUNILVR
2021-12-27,2119.0916406401966,2129.3784047009017,2101.839671267297,2123.197021484375,584302,0.0,0.0,HINDUNILVR
2021-12-28,2131.1312461712605,2138.88072424466,2119.8297925930797,2130.301025390625,783710,0.0,0.0,HINDUNILVR
2021-12-29,2135.651831428715,2142.0638569909866,2121.029268848687,2128.225341796875,1410236,0.0,0.0,HINDUNILVR
2021-12-30,2129.285672023917,2149.5821558993616,2118.8144413846076,2145.52294921875,963711,0.0,0.0,HINDUNILVR
2021-12-31,2158.80805910807,2186.8080742426982,2149.5823836417967,2177.397705078125,1123597,0.0,0.0,HINDUNILVR
2022-01-03,2193.8658187106234,2193.8658187106234,2170.8016280177026,2178.458984375,879278,0.0,0.0,HINDUNILVR
2022-01-04,2185.5164514267585,2221.6351077854724,2172.969667320708,2215.3154296875,1484275,0.0,0.0,HINDUNILVR
2022-01-05,2217.6679587464964,2232.6135082586693,2206.7816164275773,2228.73876953125,1202512,0.0,0.0,HINDUNILVR
2022-01-06,2212.3170634845283,2225.23300964332,2184.363220679326,2206.22802734375,1198901,0.0,0.0,HINDUNILVR
2022-01-07,2203.091336677933,2234.3662869156815,2203.091336677933,2229.0615234375,1026186,0.0,0.0,HINDUNILVR
2022-01-10,2237.2263021923413,2237.2263021923413,2216.0072486045374,2220.666259765625,919447,0.0,0.0,HINDUNILVR
2022-01-11,2229.984449236247,2231.045537244075,2206.78196143357,2217.52978515625,1321335,0.0,0.0,HINDUNILVR
2022-01-12,2220.80471306216,2228.923353104157,2212.7784198759605,2226.2939453125,1487554,0.0,0.0,HINDUNILVR
2022-01-13,2230.7684973033997,2234.366420914234,2217.1606249563256,2227.2626953125,1586299,0.0,0.0,HINDUNILVR
2022-01-14,2232.6131992110904,2233.5357666487807,2177.997251947049,2180.672607421875,1596037,0.0,0.0,HINDUNILVR
2022-01-17,2180.95007834916,2208.811578296047,2163.421291763443,2204.521728515625,912205,0.0,0.0,HINDUNILVR
2022-01-18,2222.188778793568,2222.188778793568,2174.861010633005,2186.024169921875,1667579,0.0,0.0,HINDUNILVR
2022-01-19,2180.949815829665,2185.1937169025064,2126.564500621768,2131.038818359375,2145255,0.0,0.0,HINDUNILVR
2022-01-20,2144.969805165682,2145.477262424906,2069.3192571985483,2086.66357421875,2829711,0.0,0.0,HINDUNILVR
2022-01-21,2089.4311612090123,2153.595783317832,2075.777115579289,2145.338623046875,4596050,0.0,0.0,HINDUNILVR
2022-01-24,2157.7934877442076,2163.37506733587,2091.184145335836,2107.6982421875,2231103,0.0,0.0,HINDUNILVR
2022-01-25,2106.6835574528013,2152.996415661132,2067.3820793366176,2147.0458984375,1843543,0.0,0.0,HINDUNILVR
2022-01-27,2131.131248488314,2145.5233937674066,2098.841381086976,2117.61572265625,2620474,0.0,0.0,HINDUNILVR
2022-01-28,2116.9231742366246,2139.156912679783,2101.654639237959,2106.728759765625,1967721,0.0,0.0,HINDUNILVR
2022-01-31,2112.6799570076278,2132.8381506220467,2095.1511713381324,2097.688232421875,1639875,0.0,0.0,HINDUNILVR
2022-02-01,2124.9502650718982,2140.35710088012,2101.9781938043175,2127.1181640625,1270508,0.0,0.0,HINDUNILVR
2022-02-02,2144.1396865928214,2152.350449047192,2118.7229013521496,2147.645263671875,1246111,0.0,0.0,HINDUNILVR
2022-02-03,2148.6597848218175,2151.3813139975136,2112.679651027034,2120.198486328125,1448039,0.0,0.0,HINDUNILVR
2022-02-04,2127.4407541453415,2133.668085060555,2106.221700656468,2127.994384765625,1014561,0.0,0.0,HINDUNILVR
2022-02-07,2117.523152102328,2137.3121808433843,2063.783592747155,2082.78857421875,1207402,0.0,0.0,HINDUNILVR
2022-02-08,2092.3833950526905,2092.3833950526905,2072.59436433985,2089.01611328125,1190660,0.0,0.0,HINDUNILVR
2022-02-09,2091.9683346232428,2103.77724567414,2080.9436961748984,2101.2861328125,1049611,0.0,0.0,HINDUNILVR
2022-02-10,2103.454353405586,2108.067191899897,2081.1744335725684,2106.3603515625,1195100,0.0,0.0,HINDUNILVR
2022-02-11,2102.5316351323763,2102.5316351323763,2074.8546061486245,2083.15771484375,2100036,0.0,0.0,HINDUNILVR
2022-02-14,2048.1000392084215,2063.091762468393,2036.1066606004442,2055.988037109375,1661501,0.0,0.0,HINDUNILVR
2022-02-15,2073.8853768071913,2125.7336205155843,2050.4522545459176,2112.771728515625,1533070,0.0,0.0,HINDUNILVR
2022-02-16,2112.772261362589,2125.3652196667686,2098.841399779446,2109.450927734375,995668,0.0,0.0,HINDUNILVR
2022-02-17,2105.299203055527,2133.89879783849,2099.763797613663,2128.870849609375,869374,0.0,0.0,HINDUNILVR
2022-02-18,2116.370211582203,2147.553043530707,2116.370211582203,2133.48388671875,890713,0.0,0.0,HINDUNILVR
2022-02-21,2120.0605700238766,2125.64214964408,2107.836548025262,2117.1083984375,737919,0.0,0.0,HINDUNILVR
2022-02-22,2103.453977670858,2103.453977670858,2075.869298496765,2094.18212890625,902667,0.0,0.0,HINDUNILVR
2022-02-23,2094.2285657072484,2097.872662877861,2077.852989918128,2085.371826171875,1324411,0.0,0.0,HINDUNILVR
2022-02-24,2029.6489542339186,2068.396797905657,1993.0230613343124,2003.263427734375,2997629,0.0,0.0,HINDUNILVR
2022-02-25,2025.0359926632968,2025.958560313713,1994.7295552526316,2002.6175537109375,2193728,0.0,0.0,HINDUNILVR
2022-02-28,1996.436170396908,2011.104904290088,1955.843198355566,2003.9090576171875,2334036,0.0,0.0,HINDUNILVR
2022-03-02,1964.1003126435737,1987.948775995453,1958.6572537160741,1982.690185546875,2034688,0.0,0.0,HINDUNILVR
2022-03-03,1990.8088019834302,2000.080652659017,1925.0299034360949,1929.089111328125,2372998,0.0,0.0,HINDUNILVR
2022-03-04,1914.327745279424,1917.0492746170337,1822.3016283677987,1863.125244140625,6320118,0.0,0.0,HINDUNILVR
2022-03-07,1826.2226171468747,1826.8223086278842,1777.7878167426256,1793.42529296875,2976453,0.0,0.0,HINDUNILVR
2022-03-08,1775.5276165814537,1806.3874594393358,1754.308560622769,1798.0843505859375,3211938,0.0,0.0,HINDUNILVR
2022-03-09,1811.9228110423805,1851.6393922481686,1799.929431946886,1843.1978759765625,2879079,0.0,0.0,HINDUNILVR
2022-03-10,1893.016364632082,1950.3079025741886,1890.3410086918223,1939.19091796875,4879791,0.0,0.0,HINDUNILVR
2022-03-11,1937.3918100514977,1946.8019537959337,1909.7147841936192,1932.225341796875,2481643,0.0,0.0,HINDUNILVR
2022-03-14,1932.7792483556104,1932.7792483556104,1887.6656672426832,1899.8436279296875,1730325,0.0,0.0,HINDUNILVR
2022-03-15,1886.6507018593952,1919.6786662839345,1868.1993502519686,1880.377197265625,2391023,0.0,0.0,HINDUNILVR
2022-03-16,1900.4893793550675,1918.9407325526897,1874.70365830864,1911.698486328125,2808685,0.0,0.0,HINDUNILVR
2022-03-17,1935.6392281162618,1952.7988508350625,1921.108787992415,1939.2833251953125,2995889,0.0,0.0,HINDUNILVR
2022-03-21,1943.3885131488037,1947.4477202097198,1887.5731772620234,1892.3704833984375,1674982,0.0,0.0,HINDUNILVR
2022-03-22,1894.7231231299086,1894.7231231299086,1816.5355225527887,1839.138427734375,5356303,0.0,0.0,HINDUNILVR
2022-03-23,1856.2060329404437,1860.403760616855,1822.3016732433457,1825.34619140625,3212162,0.0,0.0,HINDUNILVR
2022-03-24,1817.4581637989966,1837.1549594464946,1800.2522556130125,1813.6756591796875,3054664,0.0,0.0,HINDUNILVR
2022-03-25,1821.978912685095,1823.9162822670653,1794.3941168484785,1801.774658203125,2233647,0.0,0.0,HINDUNILVR
2022-03-28,1808.1862866220808,1827.4219107941271,1781.7548155020881,1822.1632080078125,1794533,0.0,0.0,HINDUNILVR
2022-03-29,1826.6838416765195,1840.3839479654703,1821.1946095227677,1833.18798828125,1249125,0.0,0.0,HINDUNILVR
2022-03-30,1845.1349873348797,1862.663769714561,1840.5683232884667,1859.8038330078125,1476829,0.0,0.0,HINDUNILVR
2022-03-31,1863.0330761138428,1894.9538932724129,1861.7414589209975,1890.01806640625,2540524,0.0,0.0,HINDUNILVR
2022-04-01,1895.7840679842056,1924.3377153455756,1880.5618152277048,1917.2337646484375,1714996,0.0,0.0,HINDUNILVR
2022-04-04,1917.095426760621,1967.3291863270024,1909.89935460619,1963.638916015625,1693019,0.0,0.0,HINDUNILVR
2022-04-05,1978.4462522395434,1990.9009150538282,1962.3013189617668,1974.1102294921875,1277652,0.0,0.0,HINDUNILVR
2022-04-06,1969.6821316602986,1996.8055332148851,1957.0429986261718,1976.186279296875,1736115,0.0,0.0,HINDUNILVR
2022-04-07,1974.2484222452092,2006.5844605533246,1969.7741046818007,1997.17431640625,1824732,0.0,0.0,HINDUNILVR
2022-04-08,2009.075281976827,2023.6518941209981,1995.9748679875904,2014.0111083984375,1693462,0.0,0.0,HINDUNILVR
2022-04-11,2018.5780770854776,2024.2058300091462,1973.2799140545533,1995.56005859375,1380107,0.0,0.0,HINDUNILVR
2022-04-12,1975.1250176433941,1997.3589883939171,1960.4562819108885,1967.1448974609375,1370233,0.0,0.0,HINDUNILVR
2022-04-13,1972.1729698147942,1997.3591136157227,1965.7149957753902,1985.5040283203125,1071601,0.0,0.0,HINDUNILVR
2022-04-18,1981.6751365019315,2013.8726545377579,1969.727931540936,2009.0291748046875,1828131,0.0,0.0,HINDUNILVR
2022-04-19,2016.4559648177424,2035.9684047628139,1938.360707318754,1949.4315185546875,1775996,0.0,0.0,HINDUNILVR
2022-04-20,1950.676786209057,2000.7260770430842,1930.6571149226909,1997.3126220703125,1511804,0.0,0.0,HINDUNILVR
2022-04-21,2015.8098766573032,2033.108016331136,2000.126230019695,2027.757080078125,2244813,0.0,0.0,HINDUNILVR
2022-04-22,2013.0423935435165,2019.5003663917314,1955.8432054593286,1962.2550048828125,3520828,0.0,0.0,HINDUNILVR
2022-04-25,1937.39193661304,1994.5911271225677,1888.4958544032822,1938.0838623046875,2437310,0.0,0.0,HINDUNILVR
2022-04-26,1976.3243648548817,1990.8548052693895,1956.76597582038,1981.998291015625,1447088,0.0,0.0,HINDUNILVR
2022-04-27,1981.4908876629947,1985.7345638053657,1940.621094814331,1979.0,2214481,0.0,0.0,HINDUNILVR
2022-04-28,2057.3260272832867,2075.7773817880693,1997.3591251427424,2068.258544921875,5865359,0.0,0.0,HINDUNILVR
2022-04-29,2070.610633368373,2112.6798060639644,2050.452666430418,2061.80029296875,2678692,0.0,0.0,HINDUNILVR
2022-05-02,2048.099906218477,2077.622067028833,2035.0916140169286,2057.786865234375,1543544,0.0,0.0,HINDUNILVR
2022-05-04,2068.3506549366375,2076.561642786909,1982.27504160798,2003.4019775390625,1608395,0.0,0.0,HINDUNILVR
2022-05-05,2009.3521410025294,2031.4475889658502,1986.8415826854189,1998.8349609375,1101451,0.0,0.0,HINDUNILVR
2022-05-06,1960.4561358508793,2001.9716775512509,1943.1118200488115,1982.7822265625,1585602,0.0,0.0,HINDUNILVR
2022-05-09,1957.2272286505406,1973.7410991465922,1946.7559959469559,1952.752685546875,1341414,0.0,0.0,HINDUNILVR
2022-05-10,1968.7591186034851,2027.711093962965,1954.9206055861223,2011.566162109375,2162232,0.0,0.0,HINDUNILVR
2022-05-11,2015.8100554340838,2020.1460777829693,1952.152895788797,1995.974853515625,1858636,0.0,0.0,HINDUNILVR
2022-05-12,1997.2208001404192,1997.2208001404192,1945.8797718586989,1973.1878662109375,1531515,0.0,0.0,HINDUNILVR
2022-05-13,2001.9718396525484,2046.2550877185954,1987.3490520195735,2024.205810546875,2057239,0.0,0.0,HINDUNILVR
2022-05-16,2029.648576238161,2049.898888576567,2004.0935005754961,2045.5628662109375,1396818,0.0,0.0,HINDUNILVR
2022-05-17,2064.613743076452,2100.6862228563473,2049.299257533322,2071.1640625,2055096,0.0,0.0,HINDUNILVR
2022-05-18,2062.953624390855,2123.75074278888,2062.953624390855,2113.971435546875,2137455,0.0,0.0,HINDUNILVR
2022-05-19,2071.718071115021,2106.9601114235707,2071.57955082135,2089.20068359375,1734602,0.0,0.0,HINDUNILVR
2022-05-20,2112.679448532611,2166.1883603295064,2105.9446611385215,2145.845703125,2599505,0.0,0.0,HINDUNILVR
2022-05-23,2130.2087744947225,2203.091621261757,2127.7640602356446,2195.526611328125,2363306,0.0,0.0,HINDUNILVR
2022-05-24,2195.7110759185252,2195.7110759185252,2123.796970391049,2130.808349609375,3078655,0.0,0.0,HINDUNILVR
2022-05-25,2149.5362916112877,2149.5362916112877,2109.4507752396985,2120.7060546875,1884260,0.0,0.0,HINDUNILVR
2022-05-26,2112.818665188711,2118.2157771893935,2083.158198995492,2103.63916015625,2299127,0.0,0.0,HINDUNILVR
2022-05-27,2119.1376270697115,2154.102846538108,2103.9152627481394,2150.135986328125,1011303,0.0,0.0,HINDUNILVR
2022-05-30,2160.8376106165097,2181.872195220209,2150.5048993904047,2167.06494140625,939562,0.0,0.0,HINDUNILVR
2022-05-31,2177.2598027661215,2184.5479976046063,2125.5036639702707,2171.032470703125,3123979,0.0,0.0,HINDUNILVR
2022-06-01,2186.4855044376177,2226.8940157694133,2123.7508992470025,2129.701416015625,2197599,0.0,0.0,HINDUNILVR
2022-06-02,2117.292467917809,2128.3171047841256,2082.373197034353,2107.88232421875,1460335,0.0,0.0,HINDUNILVR
2022-06-03,2107.1446357074965,2144.9237381349485,2089.75414439448,2114.47900390625,1845303,0.0,0.0,HINDUNILVR
2022-06-06,2096.2579275439166,2123.704311966321,2073.562901112835,2103.915283203125,2131405,0.0,0.0,HINDUNILVR
2022-06-07,2075.777339918227,2084.8647219230384,2036.153101965706,2040.350830078125,2034730,0.0,0.0,HINDUNILVR
2022-06-08,2043.4871668520366,2047.1312637050473,2016.7327073311749,2026.9271240234375,1506843,0.0,0.0,HINDUNILVR
2022-06-09,2026.881103168607,2037.3523359672286,2002.6637026414444,2027.52685546875,1497867,0.0,0.0,HINDUNILVR
2022-06-10,1995.5136217246213,2037.8134342213623,1995.3291532608412,2029.5562744140625,1641981,0.0,0.0,HINDUNILVR
2022-06-13,2000.126582402271,2045.3323953809202,1989.055771060561,2026.7886962890625,1519441,0.0,0.0,HINDUNILVR
2022-06-14,2021.207221128956,2042.5183965410713,1992.745921918183,2002.8941650390625,1592475,0.0,0.0,HINDUNILVR
2022-06-15,2009.1302162258196,2009.3163133909054,1983.3495101776343,1997.8221435546875,1432377,19.0,0.0,HINDUNILVR
2022-06-16,1996.3793811995452,2014.0629281658814,1987.1188323121448,1997.9615478515625,1353485,0.0,0.0,HINDUNILVR
2022-06-17,2010.339642888005,2010.7118371171368,1954.496875030005,1964.2227783203125,3252189,0.0,0.0,HINDUNILVR
2022-06-20,1964.7352388806999,2050.267676864812,1962.0826158113082,2043.752685546875,2022000,0.0,0.0,HINDUNILVR
2022-06-21,2042.9150379552864,2077.351419005102,2021.6481549845803,2052.22216796875,1606187,0.0,0.0,HINDUNILVR
2022-06-22,2037.516580188952,2070.742984376333,2034.584925523086,2050.220947265625,1741378,0.0,0.0,HINDUNILVR
2022-06-23,2055.014279722326,2100.9450566196474,2040.216034087092,2096.524169921875,1585753,0.0,0.0,HINDUNILVR
2022-06-24,2108.0646474102273,2158.1370451866132,2103.457664155553,2144.269287109375,1930048,0.0,0.0,HINDUNILVR
2022-06-27,2155.391646400277,2170.2830533947563,2138.824910673951,2159.85888671875,1450391,0.0,0.0,HINDUNILVR
2022-06-28,2159.859033532507,2162.977012973852,2120.024698894455,2157.06689453125,1404108,0.0,0.0,HINDUNILVR
2022-06-29,2137.1031691398257,2140.546761833503,2070.8364482410825,2078.700927734375,1682914,0.0,0.0,HINDUNILVR
2022-06-30,2070.743094395346,2093.17336676102,2060.039895765843,2076.04833984375,2387212,0.0,0.0,HINDUNILVR
2022-07-01,2071.7671225755216,2134.124893111263,2050.919242420677,2124.212890625,1235612,0.0,0.0,HINDUNILVR
2022-07-04,2118.302947562289,2213.5149400791533,2118.302947562289,2210.629638671875,2410245,0.0,0.0,HINDUNILVR
2022-07-05,2219.285299796351,2244.879909041224,2207.279192167795,2235.107421875,2463079,0.0,0.0,HINDUNILVR
2022-07-06,2233.71114676327,2335.2520235331563,2233.71114676327,2325.293212890625,4770394,0.0,0.0,HINDUNILVR
2022-07-07,2331.4360868273643,2355.634625053916,2294.6729229831803,2301.606689453125,3333262,0.0,0.0,HINDUNILVR
2022-07-08,2304.8641486646393,2330.3192399417867,2282.85287724535,2323.850830078125,1346970,0.0,0.0,HINDUNILVR
2022-07-11,2314.683277789203,2350.0503725041167,2308.168286657509,2318.033935546875,1587197,0.0,0.0,HINDUNILVR
2022-07-12,2303.5147259287196,2318.0339399396685,2275.0813977051125,2279.828125,1116476,0.0,0.0,HINDUNILVR
2022-07-13,2293.277152562306,2344.7922152032033,2290.8572075340962,2324.688720703125,2528792,0.0,0.0,HINDUNILVR
2022-07-14,2329.3418469612275,2348.0956221051606,2297.1856689370916,2324.73486328125,1663307,0.0,0.0,HINDUNILVR
2022-07-15,2354.7034449444595,2395.56164703203,2328.690066956142,2390.535888671875,2996964,0.0,0.0,HINDUNILVR
2022-07-18,2402.170538273907,2424.50765292659,2357.5428900690445,2376.575927734375,1566888,0.0,0.0,HINDUNILVR
2022-07-19,2373.2715799842917,2396.585986188102,2347.9562317110817,2390.0244140625,1473121,0.0,0.0,HINDUNILVR
2022-07-20,2396.5857174969105,2436.606372196859,2359.9157201268895,2424.041748046875,4012897,0.0,0.0,HINDUNILVR
2022-07-21,2435.676197400496,2447.682305573008,2412.1291103834023,2426.787841796875,1990695,0.0,0.0,HINDUNILVR
2022-07-22,2435.6759511785335,2460.0605866356937,2430.1382542048914,2457.640869140625,1905780,0.0,0.0,HINDUNILVR
2022-07-25,2462.2013725511724,2470.1124334722404,2431.0224853916698,2441.81884765625,1253821,0.0,0.0,HINDUNILVR
2022-07-26,2443.1213398317363,2443.1213398317363,2362.2424804620946,2370.618896484375,1685576,0.0,0.0,HINDUNILVR
2022-07-27,2359.683592573582,2411.012330097005,2350.0506209206474,2403.0546875,1404133,0.0,0.0,HINDUNILVR
2022-07-28,2443.121437616533,2443.121437616533,2405.8929204719,2438.56103515625,1442054,0.0,0.0,HINDUNILVR
2022-07-29,2457.08229818408,2461.735863142762,2416.130926547679,2454.662353515625,1463059,0.0,0.0,HINDUNILVR
2022-08-01,2454.75559668609,2455.22095319731,2401.239597895777,2413.3388671875,1559918,0.0,0.0,HINDUNILVR
2022-08-02,2419.853744456171,2456.2447128108165,2418.923031477534,2452.661376953125,1359934,0.0,0.0,HINDUNILVR
2022-08-03,2434.0471686576752,2479.419427322071,2417.8992072482,2444.378173828125,1767904,0.0,0.0,HINDUNILVR
2022-08-04,2451.4978019028654,2460.292993446503,2433.8142566347733,2445.866943359375,1189384,0.0,0.0,HINDUNILVR
2022-08-05,2455.220968777058,2473.509388894115,2445.495063075813,2462.108154296875,1176666,0.0,0.0,HINDUNILVR
2022-08-08,2462.108120823685,2473.835195711357,2444.0989603049443,2466.71533203125,1024511,0.0,0.0,HINDUNILVR
2022-08-10,2466.715160647105,2491.239310571789,2448.891871300013,2459.688232421875,1098949,0.0,0.0,HINDUNILVR
2022-08-11,2472.020030037307,2482.909325463082,2425.9963228277325,2432.604248046875,810674,0.0,0.0,HINDUNILVR
2022-08-12,2443.028619284139,2444.145656735567,2405.986421291498,2415.15380859375,1473527,0.0,0.0,HINDUNILVR
2022-08-16,2427.2526617371354,2464.853599226256,2411.058348169555,2461.270263671875,1584117,0.0,0.0,HINDUNILVR
2022-08-17,2467.319786808794,2507.340439706862,2461.270153231179,2498.63818359375,1711381,0.0,0.0,HINDUNILVR
2022-08-18,2498.964063389084,2526.885449572202,2480.023965538273,2496.218505859375,1465489,0.0,0.0,HINDUNILVR
2022-08-19,2502.6870386077735,2511.9475867046986,2444.517481183829,2452.009765625,1324508,0.0,0.0,HINDUNILVR
2022-08-22,2464.5283364205266,2482.0257884835946,2438.5615313187377,2444.7041015625,1410895,0.0,0.0,HINDUNILVR
2022-08-23,2421.761877769445,2447.4960020805047,2406.125853468167,2413.106201171875,1305045,0.0,0.0,HINDUNILVR
2022-08-24,2397.5164912947935,2429.1607306985293,2383.8350567622633,2408.917724609375,1242489,0.0,0.0,HINDUNILVR
2022-08-25,2420.9703123620866,2446.285657403186,2387.6973267048506,2395.841064453125,1106593,0.0,0.0,HINDUNILVR
2022-08-26,2419.761070211332,2433.5356705177664,2384.487132097967,2393.37548828125,1048791,0.0,0.0,HINDUNILVR
2022-08-29,2373.317642415599,2427.2058227005255,2373.317642415599,2397.330078125,1450034,0.0,0.0,HINDUNILVR
2022-08-30,2409.3367608835097,2482.2116361409435,2406.4516868427086,2475.55712890625,2227943,0.0,0.0,HINDUNILVR
2022-09-01,2466.3893587664284,2471.0429235942897,2414.2694326943833,2425.43798828125,1702269,0.0,0.0,HINDUNILVR
2022-09-02,2433.8143825228476,2441.260086178749,2405.8929938132164,2423.204345703125,937600,0.0,0.0,HINDUNILVR
2022-09-05,2417.06145197482,2440.701469240513,2406.916772042064,2420.412109375,1274074,0.0,0.0,HINDUNILVR
2022-09-06,2411.663149467696,2438.4677256372224,2385.4170919115268,2394.8173828125,1250776,0.0,0.0,HINDUNILVR
2022-09-07,2393.607337030118,2416.968093073636,2383.369495748744,2386.90625,1344964,0.0,0.0,HINDUNILVR
2022-09-08,2401.2395369991264,2416.1309449805162,2385.4174160188995,2398.5869140625,1004533,0.0,0.0,HINDUNILVR
2022-09-09,2417.992101149499,2463.597033003358,2404.4501830826225,2409.33642578125,1785443,0.0,0.0,HINDUNILVR
2022-09-12,2411.4769751463623,2424.506954942599,2395.6548568223607,2401.611328125,1595709,0.0,0.0,HINDUNILVR
2022-09-13,2417.9921162572205,2428.229958165931,2400.3085711421754,2407.382080078125,1342130,0.0,0.0,HINDUNILVR
2022-09-14,2373.3184260762023,2425.438360139052,2370.247027373951,2393.235595703125,1610054,0.0,0.0,HINDUNILVR
2022-09-15,2401.2398709384347,2418.7373231949014,2374.2491902185843,2382.997802734375,1199906,0.0,0.0,HINDUNILVR
2022-09-16,2377.9719147737073,2386.2088164056318,2344.1404034915768,2352.982177734375,2516820,0.0,0.0,HINDUNILVR
2022-09-19,2355.634122534409,2408.684752713967,2334.2743089860223,2400.541015625,1166725,0.0,0.0,HINDUNILVR
2022-09-20,2418.551223322361,2439.8644630460844,2400.867673904899,2404.5439453125,1253333,0.0,0.0,HINDUNILVR
2022-09-21,2403.101093905548,2463.364763863094,2401.2396678064733,2441.81884765625,1960049,0.0,0.0,HINDUNILVR
2022-09-22,2441.3534191357107,2514.088550922145,2438.5146989733626,2506.177490234375,2620240,0.0,0.0,HINDUNILVR
2022-09-23,2510.9701685578957,2535.029187208945,2488.7262217886073,2496.218505859375,1789791,0.0,0.0,HINDUNILVR
2022-09-26,2483.6073740643938,2539.9155045237885,2459.920776200407,2476.208251953125,2678551,0.0,0.0,HINDUNILVR
2022-09-27,2490.5879757336475,2525.7223913106077,2469.553771147301,2493.61279296875,1898501,0.0,0.0,HINDUNILVR
2022-09-28,2484.957079976139,2521.068789110069,2468.29740849411,2514.879638671875,1526197,0.0,0.0,HINDUNILVR
2022-09-29,2523.256324307024,2538.0545714021478,2504.64206269058,2513.437255859375,2019666,0.0,0.0,HINDUNILVR
2022-09-30,2519.439916524358,2526.7924578252405,2483.0489498545553,2509.620849609375,1340054,0.0,0.0,HINDUNILVR
2022-10-03,2534.331074423558,2544.568915708413,2436.1874504605285,2440.79443359375,1683197,0.0,0.0,HINDUNILVR
2022-10-04,2466.3892077204423,2491.053099797647,2451.637317229616,2483.095458984375,1327939,0.0,0.0,HINDUNILVR
2022-10-06,2495.520819589302,2505.758662619022,2424.5539531332897,2432.8837890625,1752351,0.0,0.0,HINDUNILVR
2022-10-07,2430.929115680719,2431.9529908377535,2396.585897974441,2419.574462890625,1025923,0.0,0.0,HINDUNILVR
2022-10-10,2391.932684615412,2429.812662619404,2365.872717623493,2425.066162109375,1043728,0.0,0.0,HINDUNILVR
2022-10-11,2429.160755023565,2429.6726925816597,2368.6644143812155,2373.9228515625,1129783,0.0,0.0,HINDUNILVR
2022-10-12,2385.8361936297756,2424.1351699022425,2377.227098382573,2411.80322265625,882873,0.0,0.0,HINDUNILVR
2022-10-13,2404.031468304621,2426.5080943947714,2385.324047754245,2388.58154296875,753331,0.0,0.0,HINDUNILVR
2022-10-14,2410.5461544534905,2443.027940316629,2392.1179955497732,2397.330078125,1001536,0.0,0.0,HINDUNILVR
2022-10-17,2395.282811392344,2429.114088987452,2390.0707282601,2411.058349609375,778918,0.0,0.0,HINDUNILVR
2022-10-18,2438.4681544366654,2458.943841229645,2417.0617546076414,2421.947998046875,1123374,0.0,0.0,HINDUNILVR
2022-10-19,2434.0935671739553,2436.1410901715394,2399.750123779902,2404.031494140625,1241979,0.0,0.0,HINDUNILVR
2022-10-20,2390.210313735455,2429.1607406390854,2390.210313735455,2420.691162109375,1428125,0.0,0.0,HINDUNILVR
2022-10-21,2425.437743172406,2481.9785501170427,2425.437743172406,2470.018798828125,2458302,0.0,0.0,HINDUNILVR
2022-10-24,2429.253759090583,2457.0819830848345,2373.317824570579,2394.8173828125,719908,0.0,0.0,HINDUNILVR
2022-10-25,2406.823659209532,2406.823659209532,2326.7823464902667,2331.80810546875,2923789,0.0,0.0,HINDUNILVR
2022-10-27,2321.1984809975434,2354.7041527360807,2315.614202374454,2344.46630859375,1846329,0.0,0.0,HINDUNILVR
2022-10-28,2351.073716226115,2374.1552120949523,2337.9505747375456,2349.351806640625,1164951,0.0,0.0,HINDUNILVR
2022-10-31,2368.664707632814,2393.79395993383,2365.9191495856394,2373.9697265625,1324443,0.0,0.0,HINDUNILVR
2022-11-01,2407.0440918840513,2413.4623429904373,2386.993290598174,2390.928466796875,1280132,17.0,0.0,HINDUNILVR
2022-11-02,2402.3594467722937,2402.3594467722937,2343.7058055970365,2359.54052734375,1338284,0.0,0.0,HINDUNILVR
2022-11-03,2357.104134454052,2388.3048675676064,2350.1707398729995,2385.822021484375,730444,0.0,0.0,HINDUNILVR
2022-11-04,2384.5102013800715,2385.494052611196,2356.6826063748276,2361.461181640625,889055,0.0,0.0,HINDUNILVR
2022-11-07,2371.5336825328113,2391.1160066043662,2358.3224877050116,2373.12646484375,1283685,0.0,0.0,HINDUNILVR
2022-11-09,2351.7639519873646,2384.4636859554566,2335.507643528628,2350.6396484375,1436444,0.0,0.0,HINDUNILVR
2022-11-10,2346.141834275377,2377.9983927279977,2343.377855100694,2355.13671875,1459152,0.0,0.0,HINDUNILVR
2022-11-11,2384.5570335917323,2386.2436029803034,2337.7091547392424,2345.251708984375,1162847,0.0,0.0,HINDUNILVR
2022-11-14,2348.7654157270244,2355.2772254587667,2300.3714172362206,2302.8544921875,2137131,0.0,0.0,HINDUNILVR
2022-11-15,2302.854619380513,2313.348499590698,2290.065009867017,2302.573486328125,1558333,0.0,0.0,HINDUNILVR
2022-11-16,2308.2420847371077,2326.4658654402274,2275.026981501953,2321.640625,1330395,0.0,0.0,HINDUNILVR
2022-11-17,2323.6080304666507,2340.520161450394,2299.528265107938,2304.915771484375,960476,0.0,0.0,HINDUNILVR
2022-11-18,2314.285308458912,2331.6659179626067,2294.4687464064905,2327.12158203125,1075675,0.0,0.0,HINDUNILVR
2022-11-21,2327.121705634642,2353.6376532906284,2314.3323250136264,2343.705810546875,1354881,0.0,0.0,HINDUNILVR
2022-11-22,2347.922017585297,2364.881042072989,2339.583186234649,2357.104248046875,921265,0.0,0.0,HINDUNILVR
2022-11-23,2362.070141632423,2365.817972083248,2344.267946991005,2349.28076171875,734152,0.0,0.0,HINDUNILVR
2022-11-24,2358.3222179422173,2398.6113936957,2352.8409246248293,2388.4453125,999929,0.0,0.0,HINDUNILVR
2022-11-25,2393.926561051514,2394.301252575009,2359.4464771620264,2377.48291015625,783480,0.0,0.0,HINDUNILVR
2022-11-28,2367.6916962697974,2382.2145380949587,2362.81956282672,2366.005126953125,830905,0.0,0.0,HINDUNILVR
2022-11-29,2367.8795550131726,2473.5215402086596,2367.8795550131726,2468.134033203125,2542932,0.0,0.0,HINDUNILVR
2022-11-30,2467.946406116617,2527.911694647924,2457.6398721502983,2515.122314453125,3698270,0.0,0.0,HINDUNILVR
2022-12-01,2511.046269774166,2513.857142464212,2479.986218048923,2494.9775390625,1675569,0.0,0.0,HINDUNILVR
2022-12-02,2492.307592342773,2492.307592342773,2442.789284205657,2450.23828125,2101890,0.0,0.0,HINDUNILVR
2022-12-05,2436.089776576181,2459.5137167355674,2422.175864621739,2454.6884765625,1640511,0.0,0.0,HINDUNILVR
2022-12-06,2442.4612008071144,2492.260407447323,2439.6972215426445,2487.200927734375,1484562,0.0,0.0,HINDUNILVR
2022-12-07,2492.353981194533,2548.3371949096204,2488.7934967481283,2536.672119140625,2368561,0.0,0.0,HINDUNILVR
2022-12-08,2525.1475783453566,2540.138899664637,2516.4338270786425,2534.891845703125,1314703,0.0,0.0,HINDUNILVR
2022-12-09,2552.9283128574275,2568.763033459541,2540.326278956975,2550.6328125,1883397,0.0,0.0,HINDUNILVR
2022-12-12,2531.846740641604,2552.272461746136,2519.1509196139464,2545.947998046875,1163204,0.0,0.0,HINDUNILVR
2022-12-13,2545.7140943354025,2548.524967461279,2527.724552079682,2539.4365234375,1265839,0.0,0.0,HINDUNILVR
2022-12-14,2548.524370776203,2548.524370776203,2502.9414804236553,2515.40283203125,886858,0.0,0.0,HINDUNILVR
2022-12-15,2500.130870117913,2514.0914466719687,2481.4852768769233,2495.352294921875,990722,0.0,0.0,HINDUNILVR
2022-12-16,2499.8027696932227,2518.2607878724857,2486.0295393132346,2502.894775390625,1793864,0.0,0.0,HINDUNILVR
2022-12-19,2502.894726078457,2548.5245125945157,2502.894726078457,2546.744384765625,1546941,0.0,0.0,HINDUNILVR
2022-12-20,2535.4072115481604,2535.4541051770434,2485.9826992018316,2505.93994140625,827567,0.0,0.0,HINDUNILVR
2022-12-21,2518.4950379508336,2525.241086660539,2483.031331409457,2498.1162109375,779092,0.0,0.0,HINDUNILVR
2022-12-22,2507.7674415159854,2519.0109346219792,2475.442398836254,2478.581298828125,852567,0.0,0.0,HINDUNILVR
2022-12-23,2466.0723653240034,2482.516016701331,2443.6322768985397,2455.859619140625,1189702,0.0,0.0,HINDUNILVR
2022-12-26,2455.7190489630993,2471.553770123414,2442.414296397516,2452.439697265625,605144,0.0,0.0,HINDUNILVR
2022-12-27,2459.5140328256048,2468.789822821055,2412.9003859177674,2429.765625,870960,0.0,0.0,HINDUNILVR
2022-12-28,2429.5311873666774,2438.994551135019,2415.5706098761807,2420.723876953125,822651,0.0,0.0,HINDUNILVR
2022-12-29,2417.5848899054668,2420.442656385594,2379.3100797727616,2406.154052734375,1345863,0.0,0.0,HINDUNILVR
2022-12-30,2417.303621302198,2423.39384546772,2394.113921595018,2399.59521484375,696432,0.0,0.0,HINDUNILVR
2023-01-02,2411.6349023060693,2417.397328382743,2378.0451120029907,2397.112060546875,681703,0.0,0.0,HINDUNILVR
2023-01-03,2389.2888740055228,2400.4854720460166,2375.1876157832367,2381.793212890625,821843,0.0,0.0,HINDUNILVR
2023-01-04,2389.710114137013,2397.11198691943,2367.7385064163905,2376.218017578125,1672649,0.0,0.0,HINDUNILVR
2023-01-05,2377.5768796889943,2428.547283259781,2377.5299860576115,2420.8173828125,2008493,0.0,0.0,HINDUNILVR
2023-01-06,2417.3506593630577,2447.2395159383605,2412.572084001759,2414.0244140625,991782,0.0,0.0,HINDUNILVR
2023-01-09,2426.1113944322215,2463.683259131931,2407.981172315986,2458.623779296875,1267078,0.0,0.0,HINDUNILVR
2023-01-10,2458.623487856922,2486.076389632311,2450.2377635921844,2477.17529296875,1413088,0.0,0.0,HINDUNILVR
2023-01-11,2477.3162296346286,2480.923608382551,2424.940384206806,2429.765625,1471687,0.0,0.0,HINDUNILVR
2023-01-12,2423.066153055006,2438.525953532815,2410.5576775322857,2426.76708984375,1703829,0.0,0.0,HINDUNILVR
2023-01-13,2426.9074485857586,2472.865263078271,2404.842052094002,2458.57666015625,1348015,0.0,0.0,HINDUNILVR
2023-01-16,2462.277808968446,2462.277808968446,2421.098566027576,2433.372802734375,930068,0.0,0.0,HINDUNILVR
2023-01-17,2441.1961878922,2506.361636182838,2437.7763840753073,2499.38134765625,1892865,0.0,0.0,HINDUNILVR
2023-01-18,2499.8028861163307,2523.6953050053735,2492.307225288396,2516.85546875,2038075,0.0,0.0,HINDUNILVR
2023-01-19,2501.7707935744093,2510.390758482957,2447.2396735834595,2482.70361328125,1649842,0.0,0.0,HINDUNILVR
2023-01-20,2389.2417535786535,2440.7744188519187,2376.1712415001334,2388.070556640625,4569549,0.0,0.0,HINDUNILVR
2023-01-23,2398.611629271074,2439.8377666491706,2391.115967929602,2432.716796875,1388360,0.0,0.0,HINDUNILVR
2023-01-24,2439.8374568893,2445.459202181672,2418.100087508677,2436.55810546875,1462462,0.0,0.0,HINDUNILVR
2023-01-25,2436.558147426727,2475.4418863685496,2430.4679232551166,2457.03076171875,1591810,0.0,0.0,HINDUNILVR
2023-01-27,2469.3519299648224,2479.705357929131,2415.664209926572,2447.473876953125,1581382,0.0,0.0,HINDUNILVR
2023-01-30,2445.4593254849115,2445.4593254849115,2370.6900635765246,2406.24755859375,2744039,0.0,0.0,HINDUNILVR
2023-01-31,2406.107041179538,2426.907453495928,2380.996532538842,2414.305419921875,2366794,0.0,0.0,HINDUNILVR
2023-02-01,2436.277385669761,2438.9009130010563,2386.2908292165416,2411.96337890625,2014615,0.0,0.0,HINDUNILVR
2023-02-02,2407.5124087941585,2473.33367624611,2401.422184759458,2468.74267578125,1980667,0.0,0.0,HINDUNILVR
2023-02-03,2473.567978704578,2489.9178425109067,2465.275812730749,2481.766357421875,1638238,0.0,0.0,HINDUNILVR
2023-02-06,2465.13532458132,2478.2527303373595,2435.8554010187336,2471.3193359375,1697446,0.0,0.0,HINDUNILVR
2023-02-07,2478.252900765544,2478.7682732055678,2431.6861528791146,2437.214111328125,1495745,0.0,0.0,HINDUNILVR
2023-02-08,2429.250154856986,2443.1171744059943,2415.804949267634,2419.974365234375,1061956,0.0,0.0,HINDUNILVR
2023-02-09,2423.909306857504,2435.995968376085,2404.2331972927545,2423.628173828125,1102484,0.0,0.0,HINDUNILVR
2023-02-10,2422.035238182741,2423.581126622247,2394.2545386526676,2415.008056640625,1523011,0.0,0.0,HINDUNILVR
2023-02-13,2398.6114877954283,2427.422934377346,2389.241911671227,2418.28759765625,1146525,0.0,0.0,HINDUNILVR
2023-02-14,2422.035309437536,2437.9635880682663,2408.168291703254,2416.975830078125,1944364,0.0,0.0,HINDUNILVR
2023-02-15,2389.241636522507,2409.6673558708912,2377.061188963765,2387.789306640625,2009134,0.0,0.0,HINDUNILVR
2023-02-16,2398.6117054175047,2400.391833542844,2363.803818457803,2367.785888671875,1982857,0.0,0.0,HINDUNILVR
2023-02-17,2365.8180899516747,2385.7284402136443,2348.859064817002,2356.9169921875,1395341,0.0,0.0,HINDUNILVR
2023-02-20,2359.259188216002,2382.683127733635,2350.076958175208,2353.1220703125,632091,0.0,0.0,HINDUNILVR
2023-02-21,2368.6289184613074,2383.573347098075,2353.9187292349884,2357.52587890625,862797,0.0,0.0,HINDUNILVR
2023-02-22,2357.5257170089444,2364.4593403317426,2326.231425421773,2336.819091796875,885515,0.0,0.0,HINDUNILVR
2023-02-23,2334.898285011658,2357.2914796321907,2323.748581330186,2333.63330078125,757215,0.0,0.0,HINDUNILVR
2023-02-24,2335.0855039689836,2352.9345906153176,2316.1121140396817,2327.58984375,732783,0.0,0.0,HINDUNILVR
2023-02-27,2330.2137456869955,2330.2137456869955,2301.1680576627505,2312.552001953125,853991,0.0,0.0,HINDUNILVR
2023-02-28,2314.0510639785084,2318.361160496719,2282.1007178854966,2305.524658203125,1780454,0.0,0.0,HINDUNILVR
2023-03-01,2303.0418281566776,2314.285319587874,2293.6722519640143,2310.771728515625,967339,0.0,0.0,HINDUNILVR
2023-03-02,2310.772074250128,2314.285665848075,2289.924764102306,2300.559326171875,827174,0.0,0.0,HINDUNILVR
2023-03-03,2310.537380093459,2332.9305746375862,2300.8397776918437,2315.22216796875,1176008,0.0,0.0,HINDUNILVR
2023-03-06,2325.48190441963,2341.3166253465765,2319.532360820119,2328.19921875,1214503,0.0,0.0,HINDUNILVR
2023-03-08,2330.2134774933024,2343.70557500677,2311.661671850229,2328.433349609375,1448340,0.0,0.0,HINDUNILVR
2023-03-09,2328.1988866963707,2334.85114755765,2302.010742119405,2306.22705078125,1038910,0.0,0.0,HINDUNILVR
2023-03-10,2295.5462667016423,2314.753898729146,2290.9552656680103,2310.022216796875,772024,0.0,0.0,HINDUNILVR
2023-03-13,2310.5374534237462,2331.618999531627,2290.8613437230574,2300.32470703125,1314549,0.0,0.0,HINDUNILVR
2023-03-14,2306.789981882745,2316.1595593883612,2285.942671932749,2288.472412109375,1250763,0.0,0.0,HINDUNILVR
2023-03-15,2297.326294305923,2304.4472637094073,2242.139582051885,2254.413818359375,1738040,0.0,0.0,HINDUNILVR
2023-03-16,2272.0754044015916,2313.629567620044,2255.959778594288,2304.306884765625,1628035,0.0,0.0,HINDUNILVR
2023-03-17,2315.831330893253,2326.653237719197,2285.98936638772,2293.110107421875,2127178,0.0,0.0,HINDUNILVR
2023-03-20,2293.1099972967613,2357.9943127536376,2272.1222380205863,2352.887939453125,1561128,0.0,0.0,HINDUNILVR
2023-03-21,2356.4482918782055,2364.178191841623,2303.7444284912676,2307.351806640625,1595161,0.0,0.0,HINDUNILVR
2023-03-22,2316.7217600971435,2324.9668050696246,2299.668946519059,2320.2353515625,1063244,0.0,0.0,HINDUNILVR
2023-03-23,2318.9699866489436,2342.4408195364235,2310.5373685156746,2328.433349609375,1578627,0.0,0.0,HINDUNILVR
2023-03-24,2316.346370580144,2340.4261334621233,2314.2851097545336,2324.404296875,1449326,0.0,0.0,HINDUNILVR
2023-03-27,2328.3396249124653,2347.0787768232294,2308.663515406163,2341.45703125,1387736,0.0,0.0,HINDUNILVR
2023-03-28,2351.5761749174585,2355.0428722060337,2316.065345463075,2326.2783203125,1412387,0.0,0.0,HINDUNILVR
2023-03-29,2328.339957161442,2379.685286473684,2323.702062151593,2371.299560546875,2613254,0.0,0.0,HINDUNILVR
2023-03-31,2397.4876110986397,2406.5291621678793,2357.901144928566,2398.93994140625,2146167,0.0,0.0,HINDUNILVR
2023-04-03,2407.9807854664277,2407.9807854664277,2356.49501636752,2376.218017578125,918048,0.0,0.0,HINDUNILVR
2023-04-05,2354.1062120661572,2425.361890623062,2344.268156254537,2419.927490234375,1489612,0.0,0.0,HINDUNILVR
2023-04-06,2412.6658543080293,2422.035430441264,2392.052786814912,2403.530517578125,797414,0.0,0.0,HINDUNILVR
2023-04-10,2403.530477831666,2406.997175193752,2365.8179345190356,2372.51708984375,853322,0.0,0.0,HINDUNILVR
2023-04-11,2379.872367468845,2393.926731843661,2373.313664093931,2387.1337890625,913184,0.0,0.0,HINDUNILVR
2023-04-12,2394.863546824328,2394.863546824328,2359.8680901156886,2369.518798828125,1109809,0.0,0.0,HINDUNILVR
2023-04-13,2365.817888436723,2400.813345533759,2365.817888436723,2376.311767578125,1261711,0.0,0.0,HINDUNILVR
2023-04-17,2410.792149690721,2416.4138958617837,2381.1841950233493,2390.9755859375,1566977,0.0,0.0,HINDUNILVR
2023-04-18,2398.6117482459163,2398.6117482459163,2370.5030168211597,2380.8564453125,1474786,0.0,0.0,HINDUNILVR
2023-04-19,2387.3682119969135,2387.3682119969135,2351.9980589345573,2372.002197265625,1320243,0.0,0.0,HINDUNILVR
2023-04-20,2359.0717334113074,2372.751176207683,2323.654692747772,2335.46044921875,1401364,0.0,0.0,HINDUNILVR
2023-04-21,2334.8985362313215,2351.2952956149684,2328.948763469482,2340.473388671875,1206288,0.0,0.0,HINDUNILVR
2023-04-24,2344.268066845747,2346.985152561744,2319.0639972751146,2342.159912109375,1735797,0.0,0.0,HINDUNILVR
2023-04-25,2333.8209652172677,2342.159796485265,2321.8278620036335,2333.446044921875,1701098,0.0,0.0,HINDUNILVR
2023-04-26,2333.02441979896,2359.2592325517194,2325.7161047822374,2352.51318359375,1245903,0.0,0.0,HINDUNILVR
2023-04-27,2355.464358774714,2363.0069127114803,2302.104672693143,2313.30126953125,2743893,0.0,0.0,HINDUNILVR
2023-04-28,2282.475637067844,2312.2240412567344,2266.500464029124,2302.385986328125,3761927,0.0,0.0,HINDUNILVR
2023-05-02,2315.9721015310975,2321.7811935536197,2295.5463778072512,2297.13916015625,1760370,0.0,0.0,HINDUNILVR
2023-05-03,2302.058188378811,2333.0246862900995,2298.0292244959724,2329.27685546875,1258140,0.0,0.0,HINDUNILVR
2023-05-04,2330.1666992972782,2351.1546871627665,2323.7953417533013,2348.718505859375,1150227,0.0,0.0,HINDUNILVR
2023-05-05,2342.394205566455,2361.133359210987,2337.4282841007675,2343.096923828125,1354871,0.0,0.0,HINDUNILVR
2023-05-08,2347.781555269767,2367.551452542733,2339.7236282415865,2357.66650390625,972810,0.0,0.0,HINDUNILVR
2023-05-09,2365.817962298237,2365.817962298237,2342.440915707787,2357.197998046875,1651327,0.0,0.0,HINDUNILVR
2023-05-10,2362.0703036365408,2375.187711114094,2347.8754863302474,2363.6630859375,2025658,0.0,0.0,HINDUNILVR
2023-05-11,2377.01473661989,2435.153006318236,2364.506488862105,2428.968994140625,1749356,0.0,0.0,HINDUNILVR
2023-05-12,2430.4679431640157,2473.5679915007713,2423.3469741129625,2458.014404296875,2170011,0.0,0.0,HINDUNILVR
2023-05-15,2471.647168570969,2502.3794225240854,2457.6865923198716,2494.415283203125,1561055,0.0,0.0,HINDUNILVR
2023-05-16,2501.676631857383,2509.5469836938037,2483.4997470807257,2507.20458984375,1477905,0.0,0.0,HINDUNILVR
2023-05-17,2503.551082464544,2505.4249979454307,2480.174032590373,2493.947265625,839404,0.0,0.0,HINDUNILVR
2023-05-18,2497.4605726208124,2500.927270115609,2456.5624634096835,2461.903076171875,1434067,0.0,0.0,HINDUNILVR
2023-05-19,2462.933411093132,2482.0005890356556,2436.698599279995,2474.926513671875,1174757,0.0,0.0,HINDUNILVR
2023-05-22,2468.883425701609,2488.044164033545,2457.6868274525827,2471.7880859375,768232,0.0,0.0,HINDUNILVR
2023-05-23,2466.0724102706818,2482.7503013483833,2459.5137070518767,2462.605712890625,703864,0.0,0.0,HINDUNILVR
2023-05-24,2454.8293387023514,2471.694578433894,2443.5858455479893,2450.09765625,628872,0.0,0.0,HINDUNILVR
2023-05-25,2445.459638612655,2460.5914142253664,2417.8662796280064,2433.513427734375,1072231,0.0,0.0,HINDUNILVR
2023-05-26,2439.6031766906667,2489.2150323160236,2438.9942457939405,2485.139404296875,947073,0.0,0.0,HINDUNILVR
2023-05-29,2501.6767687989336,2510.6247595458312,2478.29972264562,2483.21875,698267,0.0,0.0,HINDUNILVR
2023-05-30,2488.090855821525,2496.9919528391506,2483.7340945705564,2489.07470703125,948051,0.0,0.0,HINDUNILVR
2023-05-31,2489.074813825218,2511.046424287853,2471.69420420573,2499.38134765625,3388305,0.0,0.0,HINDUNILVR
2023-06-01,2498.865730795745,2559.0652520569474,2487.1537616787796,2527.817626953125,1541080,0.0,0.0,HINDUNILVR
2023-06-02,2539.1550471381843,2565.577205199851,2521.9617840092747,2545.4326171875,1509260,0.0,0.0,HINDUNILVR
2023-06-05,2545.1981787107875,2550.398338633854,2514.9344054304634,2525.85009765625,1000190,0.0,0.0,HINDUNILVR
2023-06-06,2529.785574641997,2537.187448342108,2501.8172981781318,2521.493408203125,655372,0.0,0.0,HINDUNILVR
2023-06-07,2520.415868691495,2555.0832988556526,2510.437362049412,2544.964111328125,1428490,0.0,0.0,HINDUNILVR
2023-06-08,2536.3442797445905,2549.9770588783986,2506.2678486143086,2510.95263671875,923536,0.0,0.0,HINDUNILVR
2023-06-09,2519.4323305648973,2519.4323305648973,2454.922930965873,2470.0078125,1413808,0.0,0.0,HINDUNILVR
2023-06-12,2478.252867148135,2489.49635841686,2467.00937587941,2476.800537109375,775484,0.0,0.0,HINDUNILVR
2023-06-13,2463.8236387402744,2526.9744854379633,2461.8559364064695,2507.20458984375,1787924,0.0,0.0,HINDUNILVR
2023-06-14,2502.6139267130325,2531.753401635034,2484.8117310531497,2528.614501953125,1536248,0.0,0.0,HINDUNILVR
2023-06-15,2542.8562333579403,2546.182478850207,2509.313102882079,2520.135009765625,1830192,0.0,0.0,HINDUNILVR
2023-06-16,2520.1347273058177,2552.272417668782,2514.044503108003,2544.44873046875,1748145,0.0,0.0,HINDUNILVR
2023-06-19,2552.3364390198453,2561.215681534716,2526.831966831268,2534.625,1068263,22.0,0.0,HINDUNILVR
2023-06-20,2522.1091236755915,2531.9329770787776,2501.4222534475853,2527.871337890625,1129279,0.0,0.0,HINDUNILVR
2023-06-21,2537.1752269999993,2556.9177147100518,2520.644551715775,2528.34326171875,1201840,0.0,0.0,HINDUNILVR
2023-06-22,2520.833422303501,2529.6656181838885,2501.9884986425827,2507.32568359375,830052,0.0,0.0,HINDUNILVR
2023-06-23,2504.4446537175895,2513.1822966173913,2481.9156119396744,2495.281982421875,991214,0.0,0.0,HINDUNILVR
2023-06-26,2495.8011416107556,2526.0759372924686,2495.8011416107556,2505.2001953125,758700,0.0,0.0,HINDUNILVR
2023-06-27,2505.2006451051598,2514.17444143718,2489.9923296006514,2504.4921875,687747,0.0,0.0,HINDUNILVR
2023-06-28,2506.002952909537,2538.733826467945,2495.6595199477456,2513.84326171875,1397573,0.0,0.0,HINDUNILVR
2023-06-30,2518.2834193160834,2537.12834595479,2504.4922492993014,2529.8076171875,1160181,0.0,0.0,HINDUNILVR
2023-07-03,2538.167390684016,2555.973383680779,2512.143335772479,2551.439208984375,980665,0.0,0.0,HINDUNILVR
2023-07-04,2551.4391523518384,2556.7761071606037,2526.832013165509,2550.447265625,721907,0.0,0.0,HINDUNILVR
2023-07-05,2550.4000140334656,2606.5570388098804,2546.7634034896237,2603.203857421875,1717547,0.0,0.0,HINDUNILVR
2023-07-06,2607.0294895800894,2611.8470936454723,2584.122693189166,2604.384765625,1265020,0.0,0.0,HINDUNILVR
2023-07-07,2600.606143081461,2616.239255649272,2541.945763973456,2548.652587890625,1178930,0.0,0.0,HINDUNILVR
2023-07-10,2559.7991131551667,2561.168982452416,2504.1616640914367,2509.404296875,1518183,0.0,0.0,HINDUNILVR
2023-07-11,2509.9234410943345,2566.2693379928464,2499.4381773549544,2535.8056640625,2476367,0.0,0.0,HINDUNILVR
2023-07-12,2555.1232291632496,2555.1232291632496,2496.132370263905,2525.556884765625,2395826,0.0,0.0,HINDUNILVR
2023-07-13,2536.230703971348,2538.5922290929466,2504.3501148297614,2507.65625,1495067,0.0,0.0,HINDUNILVR
2023-07-14,2507.9398398406797,2537.6950582794675,2504.208676033007,2528.626708984375,1419016,0.0,0.0,HINDUNILVR
2023-07-17,2522.108996496163,2553.470006059391,2522.108996496163,2533.160888671875,912701,0.0,0.0,HINDUNILVR
2023-07-18,2536.797628873859,2551.486361639526,2529.0045957679067,2534.199951171875,1215904,0.0,0.0,HINDUNILVR
2023-07-19,2534.152671386877,2547.518811662444,2513.512849060663,2523.620361328125,1166542,0.0,0.0,HINDUNILVR
2023-07-20,2521.211472609234,2565.8442969854914,2510.962361431316,2553.51708984375,1430764,0.0,0.0,HINDUNILVR
2023-07-21,2503.2167121195757,2528.107279975843,2448.4293274769584,2459.7646484375,5198952,0.0,0.0,HINDUNILVR
2023-07-24,2459.7643203934936,2461.6062636803936,2432.370631725517,2437.329833984375,1777469,0.0,0.0,HINDUNILVR
2023-07-25,2437.2827434233677,2443.328385961522,2420.3743162018372,2425.900146484375,1653775,0.0,0.0,HINDUNILVR
2023-07-26,2436.6216173368666,2454.852637375737,2429.8204711189323,2440.211181640625,1300033,0.0,0.0,HINDUNILVR
2023-07-27,2419.1462127590203,2439.9276327827215,2411.589332750402,2427.506103515625,2276136,0.0,0.0,HINDUNILVR
2023-07-28,2427.647567350259,2450.0820536244105,2423.113393474477,2441.43896484375,966450,0.0,0.0,HINDUNILVR
2023-07-31,2432.418213062982,2439.8332637607236,2412.5341249153757,2418.95751953125,2003252,0.0,0.0,HINDUNILVR
2023-08-01,2427.647714594634,2431.2372787397494,2404.032464452663,2409.794677734375,1758897,0.0,0.0,HINDUNILVR
2023-08-02,2397.420128964642,2430.906506628262,2395.530909004859,2426.65576171875,2082908,0.0,0.0,HINDUNILVR
2023-08-03,2416.264962323735,2419.1933453998568,2396.6643059679495,2409.9833984375,1475310,0.0,0.0,HINDUNILVR
2023-08-04,2409.9837745344507,2417.2099494932445,2394.6338605350475,2404.977294921875,1359318,0.0,0.0,HINDUNILVR
2023-08-07,2399.3097639242214,2431.426508795648,2398.1290012451245,2426.892333984375,803823,0.0,0.0,HINDUNILVR
2023-08-08,2426.8920884923928,2442.005849255998,2413.9982535880167,2423.727783203125,1002061,0.0,0.0,HINDUNILVR
2023-08-09,2423.728051323445,2426.6562044247025,2400.254396793667,2410.833984375,1212549,0.0,0.0,HINDUNILVR
2023-08-10,2407.858655066693,2410.078350646361,2387.5968125800373,2396.192626953125,1313334,0.0,0.0,HINDUNILVR
2023-08-11,2394.586595022939,2396.1451094353415,2360.5806315433233,2363.2255859375,1472199,0.0,0.0,HINDUNILVR
2023-08-14,2363.225408122646,2399.3094649763125,2350.2842968957198,2392.791748046875,1060479,0.0,0.0,HINDUNILVR
2023-08-16,2393.6420733684345,2413.526162761276,2384.573723858393,2411.2119140625,1155882,0.0,0.0,HINDUNILVR
2023-08-17,2411.211835360745,2418.8157621774308,2392.697385139432,2402.379638671875,1532873,0.0,0.0,HINDUNILVR
2023-08-18,2391.8471070850114,2425.5223618143514,2391.8471070850114,2413.242431640625,1970819,0.0,0.0,HINDUNILVR
2023-08-21,2413.242923041807,2432.276726439806,2398.412588935679,2420.7998046875,977004,0.0,0.0,HINDUNILVR
2023-08-22,2431.0486690370512,2432.371030942716,2411.589608542429,2423.6806640625,960025,0.0,0.0,HINDUNILVR
2023-08-23,2432.3707220380243,2440.3999069457227,2420.563097173762,2431.473388671875,1136112,0.0,0.0,HINDUNILVR
2023-08-24,2441.816945842161,2448.193063592426,2424.7666885493973,2438.274658203125,1143934,0.0,0.0,HINDUNILVR
2023-08-25,2424.8140343786336,2437.755146132379,2410.1725783860866,2421.55517578125,802955,0.0,0.0,HINDUNILVR
2023-08-28,2422.9245672610446,2425.758397164274,2398.364708099724,2414.1396484375,619841,0.0,0.0,HINDUNILVR
2023-08-29,2417.1625413385354,2417.1625413385354,2382.4010763286196,2386.2265625,958564,0.0,0.0,HINDUNILVR
2023-08-30,2386.2267815427363,2395.531283546496,2380.4175215051932,2391.70556640625,1227377,0.0,0.0,HINDUNILVR
2023-08-31,2391.800127828613,2399.1208563423525,2353.1183890956854,2366.295654296875,3235414,0.0,0.0,HINDUNILVR
2023-09-01,2366.295478687051,2375.221997637154,2361.5251517569636,2366.059326171875,813413,0.0,0.0,HINDUNILVR
2023-09-04,2374.750081350931,2374.750081350931,2353.968656613572,2362.847900390625,1143301,0.0,0.0,HINDUNILVR
2023-09-05,2370.9711237168385,2383.6760822203914,2363.508796889263,2368.1845703125,844088,0.0,0.0,HINDUNILVR
2023-09-06,2374.2302550029017,2386.1797113664225,2368.5625942948077,2383.7236328125,1094146,0.0,0.0,HINDUNILVR
2023-09-07,2370.971301828584,2382.1650235285183,2361.5252010244863,2368.5625,1894798,0.0,0.0,HINDUNILVR
2023-09-08,2365.303566397401,2381.409213881592,2362.989317897267,2374.560791015625,1018234,0.0,0.0,HINDUNILVR
2023-09-11,2374.56064166783,2398.2702140730084,2370.073744210262,2395.76708984375,1121083,0.0,0.0,HINDUNILVR
2023-09-12,2407.8113166309895,2407.8113166309895,2350.190096421303,2360.439208984375,3946716,0.0,0.0,HINDUNILVR
2023-09-13,2355.8577428337417,2370.026895256559,2353.968522510699,2367.712646484375,1231305,0.0,0.0,HINDUNILVR
2023-09-14,2371.915982844162,2374.749813170141,2355.007554146237,2362.281005859375,2081195,0.0,0.0,HINDUNILVR
2023-09-15,2337.720923661659,2352.078949842382,2329.4083093619734,2332.9033203125,3750697,0.0,0.0,HINDUNILVR
2023-09-18,2334.462383994481,2354.865824842396,2325.6301868541846,2350.803955078125,1499641,0.0,0.0,HINDUNILVR
2023-09-20,2313.9639482061284,2342.6329558606117,2309.571603660966,2330.21142578125,1795159,0.0,0.0,HINDUNILVR
2023-09-21,2329.4083423668044,2345.466712934621,2307.587758348168,2336.351318359375,2223720,0.0,0.0,HINDUNILVR
2023-09-22,2331.2976959839657,2352.0791179092685,2321.851595108828,2344.947265625,1176741,0.0,0.0,HINDUNILVR
2023-09-25,2344.9474233920378,2361.2419484979387,2323.7409716241323,2338.713134765625,1122778,0.0,0.0,HINDUNILVR
2023-09-26,2336.9653395056166,2351.13449071523,2324.921560977445,2341.64111328125,1263548,0.0,0.0,HINDUNILVR
2023-09-27,2338.8545135592585,2366.059329468946,2332.242243125125,2363.17822265625,1086791,0.0,0.0,HINDUNILVR
2023-09-28,2361.5252311216345,2362.4698412140833,2317.317432671498,2324.071533203125,1612346,0.0,0.0,HINDUNILVR
2023-09-29,2328.9832409544006,2335.831663481838,2314.7668142739085,2329.030517578125,1249567,0.0,0.0,HINDUNILVR
2023-10-03,2352.0793159909003,2360.5808074944816,2325.441355403221,2332.14794921875,1585626,0.0,0.0,HINDUNILVR
2023-10-04,2330.4000529721457,2371.962891301867,2328.605155673671,2368.940185546875,1587335,0.0,0.0,HINDUNILVR
2023-10-05,2378.5282398571253,2384.951634682424,2357.1329132667297,2379.992431640625,1909928,0.0,0.0,HINDUNILVR
2023-10-06,2380.3700344827253,2380.4173111084674,2355.85744996211,2360.958251953125,1083342,0.0,0.0,HINDUNILVR
2023-10-09,2347.3556872087443,2377.110900145193,2343.577247470783,2372.198974609375,1468771,0.0,0.0,HINDUNILVR
2023-10-10,2373.049440469926,2381.2204561827293,2364.6897794788897,2376.827880859375,1092373,0.0,0.0,HINDUNILVR
2023-10-11,2378.858797693367,2421.932877349777,2376.8750243529425,2414.801025390625,1697398,0.0,0.0,HINDUNILVR
2023-10-12,2413.4784558549445,2425.3333570160435,2398.5535723136,2415.36767578125,1625010,0.0,0.0,HINDUNILVR
2023-10-13,2411.6366617212666,2433.9765964845883,2401.8598557508294,2427.128173828125,1531977,0.0,0.0,HINDUNILVR
2023-10-16,2418.201982536736,2438.983405824161,2411.211959678051,2416.59619140625,954899,0.0,0.0,HINDUNILVR
2023-10-17,2416.5959914300765,2427.6478831402897,2405.402269838559,2414.56494140625,1253538,0.0,0.0,HINDUNILVR
2023-10-18,2427.6948378684415,2428.828323680122,2398.8842345151143,2407.102294921875,1084689,0.0,0.0,HINDUNILVR
2023-10-19,2385.1403533078123,2412.911796263609,2385.1403533078123,2406.9609375,1272343,0.0,0.0,HINDUNILVR
2023-10-20,2380.417254803117,2402.6628669388015,2347.403180666586,2356.943603515625,3608160,0.0,0.0,HINDUNILVR
2023-10-23,2355.8576151427546,2370.924100278848,2342.963779383942,2345.939208984375,922707,0.0,0.0,HINDUNILVR
2023-10-25,2337.9571469218904,2352.079021024989,2328.463769809878,2340.08251953125,1435836,0.0,0.0,HINDUNILVR
2023-10-26,2324.685275571129,2352.0789663438077,2319.63151968151,2339.232177734375,2650560,0.0,0.0,HINDUNILVR
2023-10-27,2330.6365808936484,2356.8022349334974,2327.377722123193,2344.569580078125,1784812,0.0,0.0,HINDUNILVR
2023-10-30,2334.131422886168,2353.9682338455405,2326.007684246207,2341.59375,875135,0.0,0.0,HINDUNILVR
2023-10-31,2333.375469284453,2353.9680124672905,2331.108497635082,2346.4111328125,920414,0.0,0.0,HINDUNILVR
2023-11-01,2347.3557889052863,2355.810002061713,2330.1639334762745,2335.31201171875,1267131,0.0,0.0,HINDUNILVR
2023-11-02,2355.056473471797,2375.0387708224666,2343.923525695381,2366.28466796875,1595123,18.0,0.0,HINDUNILVR
2023-11-03,2375.990630954531,2390.7394714750735,2365.3334507176373,2387.64697265625,1125583,0.0,0.0,HINDUNILVR
2023-11-06,2393.1182567807336,2395.734986484967,2370.3765897293997,2376.37109375,1338677,0.0,0.0,HINDUNILVR
2023-11-07,2375.0386512722803,2383.7927536853495,2364.809618619565,2375.466796875,1473411,0.0,0.0,HINDUNILVR
2023-11-08,2376.941895240918,2402.6334209300708,2376.6563873825557,2397.25732421875,745022,0.0,0.0,HINDUNILVR
2023-11-09,2397.923585100202,2399.779037894486,2353.2012953376957,2356.67431640625,1823094,0.0,0.0,HINDUNILVR
2023-11-10,2356.9593973790047,2367.997330031977,2345.8740736778946,2366.046630859375,771062,0.0,0.0,HINDUNILVR
2023-11-13,2357.150040381176,2366.6654209997896,2351.250550859455,2358.053955078125,760809,0.0,0.0,HINDUNILVR
2023-11-15,2380.653137786309,2381.7475460135834,2356.008393316218,2365.904296875,1457029,0.0,0.0,HINDUNILVR
2023-11-16,2360.0047605370332,2384.364228938126,2355.3899401152466,2370.4716796875,1420578,0.0,0.0,HINDUNILVR
2023-11-17,2345.5413365463196,2410.721694174483,2345.5413365463196,2406.24951171875,1756043,0.0,0.0,HINDUNILVR
2023-11-20,2411.6254864138623,2411.6731097766415,2378.8450481126865,2384.982421875,944231,0.0,0.0,HINDUNILVR
2023-11-21,2383.60293578797,2395.021392965398,2376.9421691011376,2383.8408203125,1088806,0.0,0.0,HINDUNILVR
2023-11-22,2386.2196667193302,2401.9200453459357,2382.6513988496476,2399.683837890625,816610,0.0,0.0,HINDUNILVR
2023-11-23,2384.7447362298585,2405.250428716341,2384.7447362298585,2397.78076171875,1023670,0.0,0.0,HINDUNILVR
2023-11-24,2393.2133351940906,2397.68551736679,2385.9339300524603,2393.308349609375,735137,0.0,0.0,HINDUNILVR
2023-11-28,2409.05634834171,2409.05634834171,2378.8450166305024,2388.8837890625,1880641,0.0,0.0,HINDUNILVR
2023-11-29,2390.2632916948874,2406.1063053822163,2386.5523866736053,2402.680908203125,1265214,0.0,0.0,HINDUNILVR
2023-11-30,2394.212385917684,2430.7039632772917,2394.212385917684,2422.187744140625,3095684,0.0,0.0,HINDUNILVR
2023-12-01,2424.0433965893735,2456.823838846885,2418.8099368518892,2439.41064453125,1345599,0.0,0.0,HINDUNILVR
2023-12-04,2452.1135410090665,2481.9917426867814,2450.210464919808,2476.1875,2188039,0.0,0.0,HINDUNILVR
2023-12-05,2509.205712847764,2509.205712847764,2432.416642500019,2439.02978515625,3108717,0.0,0.0,HINDUNILVR
2023-12-06,2445.4530044135768,2458.489030387733,2438.7922374754853,2443.216796875,1573754,0.0,0.0,HINDUNILVR
2023-12-07,2427.468811211775,2435.747145781318,2377.51306360873,2396.210693359375,3925967,0.0,0.0,HINDUNILVR
2023-12-08,2396.924331120229,2411.1497784060275,2386.742920518536,2400.064453125,1605805,0.0,0.0,HINDUNILVR
2023-12-11,2400.064193064186,2407.343365383198,2377.893312595381,2382.31787109375,2012243,0.0,0.0,HINDUNILVR
2023-12-12,2378.8451843597045,2395.9728696870943,2375.990570138473,2381.4619140625,1677929,0.0,0.0,HINDUNILVR
2023-12-13,2386.3146698320634,2394.735641759348,2376.9895509561466,2390.168212890625,1513205,0.0,0.0,HINDUNILVR
2023-12-14,2399.1607668413926,2402.443526941537,2379.987134057767,2394.403076171875,2166569,0.0,0.0,HINDUNILVR
2023-12-15,2397.8756426243285,2409.2940980653966,2385.505649229838,2400.635009765625,2543337,0.0,0.0,HINDUNILVR
2023-12-18,2398.0187963486846,2421.188843423388,2393.1184677578385,2412.625,1969036,0.0,0.0,HINDUNILVR
2023-12-19,2412.1964150951935,2442.5503838900313,2412.148791734133,2436.603271484375,1656220,0.0,0.0,HINDUNILVR
2023-12-20,2448.260055962686,2448.260055962686,2423.5676872365284,2433.558837890625,1468642,0.0,0.0,HINDUNILVR
2023-12-21,2419.0477452371683,2454.968308668264,2413.100632086325,2429.467041015625,1945695,0.0,0.0,HINDUNILVR
2023-12-22,2435.17613073748,2454.7302841239025,2423.3771518428653,2450.781494140625,1174984,0.0,0.0,HINDUNILVR
2023-12-26,2450.781556654719,2466.053556897237,2442.6458596590815,2459.488037109375,893776,0.0,0.0,HINDUNILVR
2023-12-27,2460.677141603151,2485.41712833234,2455.8242051287975,2481.896484375,1073278,0.0,0.0,HINDUNILVR
2023-12-28,2487.177993887164,2512.0606226614736,2480.517227084653,2506.1611328125,1635216,0.0,0.0,HINDUNILVR
2023-12-29,2506.1610729677977,2537.847337890644,2494.2192234523473,2534.849853515625,1305681,0.0,0.0,HINDUNILVR
2024-01-01,2534.754792526063,2540.0356429919357,2510.157440378096,2526.095703125,526353,0.0,0.0,HINDUNILVR
2024-01-02,2519.672680825229,2525.3342855910964,2480.659621945382,2487.130126953125,1310629,0.0,0.0,HINDUNILVR
2024-01-03,2473.0472868784123,2501.2129048853863,2469.7645272072045,2480.2314453125,1008270,0.0,0.0,HINDUNILVR
2024-01-04,2480.231444237614,2495.884198026478,2462.6279910681556,2466.909912109375,1376844,0.0,0.0,HINDUNILVR
2024-01-05,2469.2413172160113,2502.4499032792064,2469.2413172160113,2493.077392578125,1150738,0.0,0.0,HINDUNILVR
2024-01-08,2497.739759008787,2498.738920423555,2442.1224064230973,2453.302978515625,1189828,0.0,0.0,HINDUNILVR
2024-01-09,2457.3945775462025,2463.531951357175,2446.9276592515216,2454.730224609375,1017205,0.0,0.0,HINDUNILVR
2024-01-10,2454.968232542675,2468.5752734716893,2440.695161423241,2452.494140625,881278,0.0,0.0,HINDUNILVR
2024-01-11,2454.9681848045034,2463.5320273096354,2409.1517203256853,2413.290771484375,2399600,0.0,0.0,HINDUNILVR
2024-01-12,2410.7214975896873,2431.179564374048,2390.1207930304627,2420.712646484375,2979841,0.0,0.0,HINDUNILVR
2024-01-15,2422.616012767572,2453.778885673361,2408.342941207669,2448.497802734375,1391204,0.0,0.0,HINDUNILVR
2024-01-16,2448.497846598297,2459.34552056362,2432.46456864424,2444.5966796875,1599406,0.0,0.0,HINDUNILVR
2024-01-17,2425.4704913619616,2446.7374597198636,2416.6687643925234,2438.69677734375,3047652,0.0,0.0,HINDUNILVR
2024-01-18,2445.452880859375,2445.452880859375,2414.5755164325237,2424.51904296875,1273095,0.0,0.0,HINDUNILVR
2024-01-19,2440.6951612875596,2449.2113805931954,2409.2944048265504,2441.07568359375,1323064,0.0,0.0,HINDUNILVR
2024-01-23,2332.2195173136815,2360.2898868611123,2250.815399164317,2260.426025390625,4369332,0.0,0.0,HINDUNILVR
2024-01-24,2272.272831171449,2327.3667905613916,2252.433170186705,2323.32275390625,1551469,0.0,0.0,HINDUNILVR
2024-01-25,2335.835631151106,2348.3958868393197,2302.9123219857183,2310.619873046875,2364765,0.0,0.0,HINDUNILVR
2024-01-29,2293.206638020459,2330.3166209593796,2293.206638020459,2325.939453125,1587091,0.0,0.0,HINDUNILVR
2024-01-30,2335.074220580043,2373.6591324226742,2328.698962527643,2339.498779296875,1793711,0.0,0.0,HINDUNILVR
2024-01-31,2331.268234546181,2365.428357794056,2323.418045593117,2361.289306640625,1445004,0.0,0.0,HINDUNILVR
2024-02-01,2355.151672158884,2389.8351839626457,2348.7287909985926,2353.724365234375,1727534,0.0,0.0,HINDUNILVR
2024-02-02,2356.9596217343483,2366.3797549936667,2323.6557917946216,2333.7421875,1956115,0.0,0.0,HINDUNILVR
2024-02-05,2344.5900302231867,2345.303683844399,2295.8236994403383,2302.24658203125,1315445,0.0,0.0,HINDUNILVR
2024-02-06,2307.4321116623337,2323.0374748228087,2300.8665921440406,2308.764404296875,1557511,0.0,0.0,HINDUNILVR
2024-02-07,2321.6576375957156,2321.6576375957156,2294.6816727718942,2307.907958984375,1149076,0.0,0.0,HINDUNILVR
2024-02-08,2323.4653586356526,2323.4653586356526,2282.7394888627414,2299.914794921875,1758661,0.0,0.0,HINDUNILVR
2024-02-09,2299.9151175875504,2310.762558563017,2289.4958222778605,2306.6708984375,886474,0.0,0.0,HINDUNILVR
2024-02-12,2306.623444399983,2312.0947881032084,2266.563600188382,2270.03662109375,1292460,0.0,0.0,HINDUNILVR
2024-02-13,2274.176025390625,2284.59532096982,2264.755891263485,2277.982177734375,957865,0.0,0.0,HINDUNILVR
2024-02-14,2269.4181070464574,2277.98194895984,2255.145037190819,2272.22509765625,1397975,0.0,0.0,HINDUNILVR
2024-02-15,2253.575255883098,2269.1327637686886,2233.021940876607,2236.92333984375,2553695,0.0,0.0,HINDUNILVR
2024-02-16,2255.0974271593814,2266.5635064730027,2243.346072294225,2260.140625,2363302,0.0,0.0,HINDUNILVR
2024-02-19,2273.700074434181,2278.8859101258126,2258.760974142025,2271.4638671875,576683,0.0,0.0,HINDUNILVR
2024-02-20,2255.240238278743,2291.7315800858087,2253.4321767481674,2287.592529296875,1032995,0.0,0.0,HINDUNILVR
2024-02-21,2287.592651559068,2305.386366108225,2278.077271339296,2290.447265625,1127778,0.0,0.0,HINDUNILVR
2024-02-22,2303.0073961054027,2303.0073961054027,2251.1009533608717,2272.367919921875,2258516,0.0,0.0,HINDUNILVR
2024-02-23,2272.796066238622,2288.924588379188,2268.4188986500394,2278.0771484375,1210775,0.0,0.0,HINDUNILVR
2024-02-26,2275.2227191568054,2289.923935534392,2264.6605539019442,2287.7353515625,831596,0.0,0.0,HINDUNILVR
2024-02-27,2287.544952511881,2292.2073957416756,2273.366897068054,2288.734375,1120424,0.0,0.0,HINDUNILVR
2024-02-28,2294.2537383674066,2307.4800257978163,2284.64311007858,2304.197265625,629152,0.0,0.0,HINDUNILVR
2024-02-29,2307.4799957614687,2311.0958871651037,2281.074812304817,2295.3955078125,2848084,0.0,0.0,HINDUNILVR
2024-03-01,2299.82003816522,2320.611239241331,2287.4976658364512,2292.92138671875,2326244,0.0,0.0,HINDUNILVR
2024-03-04,2299.106276780367,2310.239225924015,2287.878080904484,2304.625244140625,1501261,0.0,0.0,HINDUNILVR
2024-03-05,2288.4489118074393,2302.721981943452,2275.222626405034,2283.548583984375,1587199,0.0,0.0,HINDUNILVR
2024-03-06,2287.497512070002,2292.112564616578,2260.188416020836,2284.45263671875,1354111,0.0,0.0,HINDUNILVR
2024-03-07,2288.401639466109,2308.4315640912137,2286.5461865256334,2302.294189453125,1820704,0.0,0.0,HINDUNILVR
2024-03-11,2292.25506306885,2296.0612151038335,2268.038467208084,2274.033203125,2040761,0.0,0.0,HINDUNILVR
2024-03-12,2264.6605848205845,2269.4182751248295,2246.3911005141035,2262.900146484375,1012157,0.0,0.0,HINDUNILVR
2024-03-13,2259.9027333065187,2259.9027333065187,2192.200898030252,2200.52685546875,2322669,0.0,0.0,HINDUNILVR
2024-03-14,2193.15243804242,2228.216473730242,2190.297824060878,2221.460693359375,2292515,0.0,0.0,HINDUNILVR
2024-03-15,2217.131226818886,2223.6967462831662,2203.6668243480685,2214.89501953125,2751403,0.0,0.0,HINDUNILVR
2024-03-18,2208.329652394355,2212.3260659225875,2185.6829993222295,2188.489990234375,2487402,0.0,0.0,HINDUNILVR
2024-03-19,2172.5989819315796,2192.248147291929,2137.9630941512487,2157.0888671875,4220638,0.0,0.0,HINDUNILVR
2024-03-20,2140.96046434362,2155.661679736964,2131.445084502093,2133.300537109375,2995013,0.0,0.0,HINDUNILVR
2024-03-21,2125.7362042343184,2149.6672955257536,2125.7362042343184,2133.681640625,3504486,0.0,0.0,HINDUNILVR
2024-03-22,2130.541200274139,2156.185102851086,2123.880434290045,2147.193115234375,3507809,0.0,0.0,HINDUNILVR
2024-03-26,2123.928011265131,2149.666927694263,2123.8327645438058,2131.445068359375,3027027,0.0,0.0,HINDUNILVR
2024-03-27,2140.960556087323,2153.3305504113832,2127.6390237383353,2131.15966796875,2168861,0.0,0.0,HINDUNILVR
2024-03-28,2136.20288054334,2177.023769167726,2131.540437113006,2154.615234375,3186360,0.0,0.0,HINDUNILVR
2024-04-01,2159.991486744805,2183.7799392419947,2152.379181945704,2175.120849609375,1427873,0.0,0.0,HINDUNILVR
2024-04-02,2186.6347521861035,2186.6347521861035,2166.7000736443174,2175.88232421875,1221495,0.0,0.0,HINDUNILVR
2024-04-03,2171.2673211234596,2171.2673211234596,2151.4752820475064,2155.424072265625,1175309,0.0,0.0,HINDUNILVR
2024-04-04,2159.991348715431,2171.409805184411,2140.2469344044857,2155.18603515625,1890255,0.0,0.0,HINDUNILVR
2024-04-05,2155.1857913246454,2169.982252620154,2148.667895879807,2157.0888671875,1153449,0.0,0.0,HINDUNILVR
2024-04-08,2166.6521151770908,2178.022948283286,2157.3269959314625,2158.9921875,1127294,0.0,0.0,HINDUNILVR
2024-04-09,2160.942933319301,2164.368563257449,2146.431977910618,2154.4248046875,1189343,0.0,0.0,HINDUNILVR
2024-04-10,2166.55712999579,2166.55712999579,2148.2876439001657,2151.33251953125,2308993,0.0,0.0,HINDUNILVR
2024-04-12,2151.332503966756,2155.0912654952913,2120.5980076611204,2124.11865234375,3388551,0.0,0.0,HINDUNILVR
2024-04-15,2119.7413313923703,2119.7889547581244,2083.868392288314,2087.72216796875,4909564,0.0,0.0,HINDUNILVR
2024-04-16,2077.2073559454366,2123.1190622781746,2066.7880617990954,2113.175537109375,2821129,0.0,0.0,HINDUNILVR
2024-04-18,2107.704193082432,2129.2564348333967,2101.994965354063,2107.46630859375,3392171,0.0,0.0,HINDUNILVR
2024-04-19,2112.414458340636,2135.0134868927034,2089.5775452774938,2123.452392578125,2337694,0.0,0.0,HINDUNILVR
2024-04-22,2140.9606320927674,2144.3386386629995,2121.025956224656,2132.87255859375,1804108,0.0,0.0,HINDUNILVR
2024-04-23,2143.8150341424634,2163.3215624158415,2139.7233744330624,2153.092529296875,1991778,0.0,0.0,HINDUNILVR
2024-04-24,2156.232834312824,2158.4214182791357,2136.8213188005566,2150.7138671875,1404398,0.0,0.0,HINDUNILVR
2024-04-25,2129.589797086767,2131.3026120529203,2107.752045118327,2122.73876953125,4951866,0.0,0.0,HINDUNILVR
2024-04-26,2136.202757718772,2145.7181374858937,2111.082248057202,2114.935791015625,2307512,0.0,0.0,HINDUNILVR
2024-04-29,2125.7362969897476,2125.7362969897476,2112.4147624517636,2118.21923828125,1395292,0.0,0.0,HINDUNILVR
2024-04-30,2123.8802195817034,2131.682783912474,2117.1718309140742,2122.357666015625,2119102,0.0,0.0,HINDUNILVR
2024-05-02,2098.1892381976913,2134.490325594093,2098.1892381976913,2118.409423828125,2140383,0.0,0.0,HINDUNILVR
2024-05-03,2123.832868867289,2127.305889730108,2097.1898042040793,2109.607421875,2595307,0.0,0.0,HINDUNILVR
2024-05-06,2117.1724074125173,2151.9035502756888,2104.8024113242645,2146.8603515625,1619256,0.0,0.0,HINDUNILVR
2024-05-07,2156.185274976806,2273.7954738082717,2149.5245084609905,2264.089599609375,8277810,0.0,0.0,HINDUNILVR
2024-05-08,2251.7194941298253,2257.2860845113137,2212.325912736349,2227.59814453125,1813439,0.0,0.0,HINDUNILVR
2024-05-09,2227.1700153936445,2247.6280831254676,2207.0448465882805,2212.9443359375,1558987,0.0,0.0,HINDUNILVR
2024-05-10,2208.5199417588396,2256.0968470099992,2208.5199417588396,2248.056396484375,2610266,0.0,0.0,HINDUNILVR
2024-05-13,2258.951417394285,2266.230590832508,2234.1161804125177,2246.248291015625,1170617,0.0,0.0,HINDUNILVR
2024-05-14,2246.200805229027,2257.333753909957,2233.0219103629047,2235.73388671875,689430,0.0,0.0,HINDUNILVR
2024-05-15,2235.686124115199,2241.6332365347407,2205.3319229404124,2210.708251953125,812282,0.0,0.0,HINDUNILVR
2024-05-16,2223.7443255783614,2234.306490394986,2189.822088503335,2229.59619140625,1880021,0.0,0.0,HINDUNILVR
2024-05-17,2237.9224537333207,2237.9224537333207,2202.90603610386,2207.901611328125,1264582,0.0,0.0,HINDUNILVR
2024-05-21,2195.1981059581112,2212.135528356664,2190.2025315947476,2198.71875,1663959,0.0,0.0,HINDUNILVR
2024-05-22,2199.0044285495906,2258.9513255632746,2198.718920673421,2252.1953125,1914851,0.0,0.0,HINDUNILVR
2024-05-23,2252.195220775294,2271.130966541499,2240.872011390838,2267.039306640625,1614718,0.0,0.0,HINDUNILVR
2024-05-24,2263.2329537227774,2267.752758864751,2250.1016839011268,2254.240966796875,974100,0.0,0.0,HINDUNILVR
2024-05-27,2254.241167032986,2283.643598592014,2248.0085466112523,2268.9423828125,1116934,0.0,0.0,HINDUNILVR
2024-05-28,2274.175797760931,2292.255019584135,2263.2807342292895,2279.83740234375,1631747,0.0,0.0,HINDUNILVR
2024-05-29,2265.8021695871143,2278.9334400458533,2254.5739750699586,2258.380126953125,1592495,0.0,0.0,HINDUNILVR
2024-05-30,2253.2419122833867,2257.4762097868,2220.9372446734023,2237.4462890625,1837380,0.0,0.0,HINDUNILVR
2024-05-31,2238.9689767771592,2262.2340350676586,2205.284623556336,2216.1796875,5529186,0.0,0.0,HINDUNILVR
2024-06-03,2265.6119681036826,2271.7493417150577,2230.6905701180376,2241.728271484375,1207445,0.0,0.0,HINDUNILVR
2024-06-04,2258.951081605638,2388.4078654947675,2228.5971140814054,2375.32421875,7826048,0.0,0.0,HINDUNILVR
2024-06-05,2410.7690967329754,2591.9418352796642,2402.633400538643,2476.615478515625,11061076,0.0,0.0,HINDUNILVR
2024-06-06,2473.998928676966,2473.998928676966,2395.9728086186924,2426.04150390625,4102547,0.0,0.0,HINDUNILVR
2024-06-07,2431.464908387118,2470.668224470338,2402.633262772041,2452.87451171875,3974253,0.0,0.0,HINDUNILVR
2024-06-10,2454.0164768149452,2467.9564154482496,2422.6157231372044,2441.028076171875,1449122,0.0,0.0,HINDUNILVR
2024-06-11,2441.6466046084306,2451.8280151494614,2427.6590419168024,2432.46435546875,1402423,0.0,0.0,HINDUNILVR
2024-06-12,2443.5497898876715,2443.5497898876715,2395.021347798781,2406.154296875,1754677,0.0,0.0,HINDUNILVR
2024-06-13,2367.3791052932656,2384.364152841729,2327.8902752131453,2366.855712890625,3123098,0.0,0.0,HINDUNILVR
2024-06-14,2376.0794838583147,2412.013628887546,2373.5812878627453,2382.56494140625,1729552,24.0,0.0,HINDUNILVR
2024-06-18,2382.709074497223,2400.0998034109475,2376.223616661745,2388.810302734375,1820933,0.0,0.0,HINDUNILVR
2024-06-19,2397.2172668730286,2397.2172668730286,2355.4220960878674,2360.70654296875,986976,0.0,0.0,HINDUNILVR
2024-06-20,2360.706616671376,2392.4132989465716,2350.76215431065,2384.9189453125,2163310,0.0,0.0,HINDUNILVR
2024-06-21,2378.001273055378,2380.8836988408993,2331.450143533685,2345.6220703125,3646215,0.0,0.0,HINDUNILVR
2024-06-24,2339.5690411047367,2371.1316987941946,2331.9306593223905,2346.48681640625,1945519,0.0,0.0,HINDUNILVR
2024-06-25,2343.748584437201,2350.810387000768,2332.747138158134,2336.878662109375,833789,0.0,0.0,HINDUNILVR
2024-06-26,2341.4901275588795,2370.3143802575937,2337.0703149827955,2349.753173828125,1738656,0.0,0.0,HINDUNILVR
2024-06-27,2353.93272429665,2385.8796067402795,2340.5294927122213,2365.654541015625,3402726,0.0,0.0,HINDUNILVR
2024-06-28,2366.4712693367455,2392.8935023480167,2366.327241894727,2376.12744140625,2129791,0.0,0.0,HINDUNILVR
2024-07-01,2364.5977267940966,2424.1197644648755,2354.0769209852706,2406.92138671875,3312865,0.0,0.0,HINDUNILVR
2024-07-02,2416.4336487420296,2416.4336487420296,2382.180915701153,2387.75341796875,1305210,0.0,0.0,HINDUNILVR
2024-07-03,2389.194712015857,2421.093746537667,2377.328866049406,2411.966064453125,1406405,0.0,0.0,HINDUNILVR
2024-07-04,2416.481418640606,2437.4270904546393,2395.1993700290486,2398.1298828125,1977010,0.0,0.0,HINDUNILVR
2024-07-05,2398.130118634334,2453.9051033921646,2398.130118634334,2447.179443359375,1754286,0.0,0.0,HINDUNILVR
2024-07-08,2459.6697583062924,2493.2980557831365,2436.8505564470056,2485.755615234375,2818809,0.0,0.0,HINDUNILVR
2024-07-09,2485.755757930268,2511.553561447393,2467.3563679406675,2488.63818359375,1479529,0.0,0.0,HINDUNILVR
2024-07-10,2479.8470552409967,2523.0834432634088,2472.1605862592346,2508.142822265625,1764036,0.0,0.0,HINDUNILVR
2024-07-11,2514.4359645699687,2514.4840519117424,2488.542221172962,2506.60546875,1432671,0.0,0.0,HINDUNILVR
2024-07-12,2499.063285048622,2536.054417872295,2499.063285048622,2519.48046875,1912642,0.0,0.0,HINDUNILVR
2024-07-15,2525.0046235125783,2526.2056340831227,2511.2169283337776,2517.6064453125,920101,0.0,0.0,HINDUNILVR
2024-07-16,2523.035159123248,2618.203292695142,2521.6901209853186,2583.085693359375,3298003,0.0,0.0,HINDUNILVR
2024-07-18,2594.1831693098893,2643.3765217541727,2550.9467831547245,2631.078125,5569762,0.0,0.0,HINDUNILVR
2024-07-19,2631.654457755346,2635.4976917206695,2609.5077751156914,2620.124755859375,1668862,0.0,0.0,HINDUNILVR
2024-07-22,2599.6593416638,2642.175115010656,2599.611254327465,2628.099365234375,1911629,0.0,0.0,HINDUNILVR
2024-07-23,2638.3800709030206,2701.1209112005877,2624.928752260398,2657.9326171875,3906259,0.0,0.0,HINDUNILVR
2024-07-24,2640.3019193843998,2649.3815133498983,2570.259069282093,2610.56494140625,3611927,0.0,0.0,HINDUNILVR
2024-07-25,2610.5648880170047,2618.0592415362944,2565.358799338894,2601.100830078125,2166670,0.0,0.0,HINDUNILVR
2024-07-26,2617.2427178590656,2620.1251437597916,2581.933000575174,2604.80029296875,2135309,0.0,0.0,HINDUNILVR
2024-07-29,2604.943905005056,2613.3990665465953,2587.2651227956057,2605.328369140625,957011,0.0,0.0,HINDUNILVR
2024-07-30,2609.1714290661307,2646.4027551967984,2580.154827236723,2585.919677734375,1560399,0.0,0.0,HINDUNILVR
2024-07-31,2598.9871405340136,2603.4548064845294,2570.210971234448,2599.611572265625,1751085,0.0,0.0,HINDUNILVR
2024-08-01,2607.634235086142,2618.1550411098347,2589.570988606588,2609.12353515625,1886392,0.0,0.0,HINDUNILVR
2024-08-02,2605.7128261438243,2651.3512329439095,2576.0717881089126,2587.025146484375,1738872,0.0,0.0,HINDUNILVR
2024-08-05,2571.075464055805,2634.5369125284533,2561.707581161147,2609.459716796875,3118731,0.0,0.0,HINDUNILVR
2024-08-06,2613.4955579562597,2663.1212281514763,2602.4941118650904,2642.271728515625,2296031,0.0,0.0,HINDUNILVR
2024-08-07,2672.6806902344133,2672.824952238418,2628.29138888837,2636.50634765625,1713875,0.0,0.0,HINDUNILVR
2024-08-08,2646.0664051435674,2651.1106493799525,2613.783148201757,2626.08154296875,1464161,0.0,0.0,HINDUNILVR
2024-08-09,2647.988365284219,2649.909982385296,2612.0542193230376,2639.533203125,1284031,0.0,0.0,HINDUNILVR
2024-08-12,2630.693517665267,2655.0979582953014,2615.704812121351,2640.97412109375,1297178,0.0,0.0,HINDUNILVR
2024-08-13,2634.5370281742244,2649.5735880618686,2623.1035003273,2633.96044921875,1051237,0.0,0.0,HINDUNILVR
2024-08-14,2633.5761711471446,2635.0654712777045,2600.524451664369,2615.368896484375,946995,0.0,0.0,HINDUNILVR
2024-08-16,2630.5975302627953,2645.682411553872,2604.4635856599443,2640.5419921875,1727926,0.0,0.0,HINDUNILVR
2024-08-19,2642.271493522543,2651.591289168054,2629.7809828751347,2635.0654296875,1130327,0.0,0.0,HINDUNILVR
2024-08-20,2635.065549158341,2648.2285794460054,2627.8594849965834,2643.232421875,1097889,0.0,0.0,HINDUNILVR
2024-08-21,2641.742926879829,2685.555887581203,2635.449584394862,2681.80859375,1417729,0.0,0.0,HINDUNILVR
2024-08-22,2693.0980594265625,2699.8718060680067,2673.065343530661,2683.345947265625,1552947,0.0,0.0,HINDUNILVR
2024-08-23,2689.495041641558,2710.440713352591,2662.7366663031476,2705.25244140625,2111401,0.0,0.0,HINDUNILVR
2024-08-26,2705.2524174551604,2723.843920575267,2693.722715834364,2710.584716796875,1152244,0.0,0.0,HINDUNILVR
2024-08-27,2698.910821212185,2713.4191220188113,2651.398892295778,2658.460693359375,1357212,0.0,0.0,HINDUNILVR
2024-08-28,2651.83161941354,2672.729205544788,2638.1400974654807,2656.01123046875,1723549,0.0,0.0,HINDUNILVR
2024-08-29,2661.391380337622,2699.871806559106,2637.419255873575,2676.091796875,2129934,0.0,0.0,HINDUNILVR
2024-08-30,2686.1324855620223,2705.925236031188,2651.9278410437555,2669.126220703125,4029712,0.0,0.0,HINDUNILVR
2024-09-02,2684.499119525131,2698.815073255556,2670.086991109642,2679.7431640625,957950,0.0,0.0,HINDUNILVR
2024-09-03,2671.0475015711477,2717.118220016506,2666.243459302135,2684.787109375,2022116,0.0,0.0,HINDUNILVR
2024-09-04,2671.0476947453803,2732.3954127863854,2663.0248497469543,2729.897216796875,1640986,0.0,0.0,HINDUNILVR
2024-09-05,2728.7444187868173,2743.1084599551136,2712.9870175378533,2727.20703125,1945173,0.0,0.0,HINDUNILVR
2024-09-06,2717.2628675406695,2754.1097362282353,2717.2628675406695,2727.6875,1672730,0.0,0.0,HINDUNILVR
2024-09-09,2741.2830254850464,2823.0476940661742,2731.7708798965596,2807.29052734375,3342754,0.0,0.0,HINDUNILVR
2024-09-10,2819.0120375659517,2822.4710418704444,2774.3344439235466,2784.99951171875,1536584,0.0,0.0,HINDUNILVR
2024-09-11,2797.4902425402506,2834.3851966953944,2784.5193272333395,2790.33203125,1913665,0.0,0.0,HINDUNILVR
2024-09-12,2796.913567246111,2847.2598392446016,2780.7719373945893,2840.5341796875,2454564,0.0,0.0,HINDUNILVR
2024-09-13,2840.534085684311,2840.534085684311,2804.119538259187,2818.003173828125,1902001,0.0,0.0,HINDUNILVR
2024-09-16,2795.9527214811214,2795.9527214811214,2697.3736760288116,2754.734130859375,1489057,0.0,0.0,HINDUNILVR
2024-09-17,2754.734220040867,2799.6998714212546,2748.008560355651,2760.88330078125,1098661,0.0,0.0,HINDUNILVR
2024-09-18,2761.363767778583,2780.1476218120856,2749.5457757201657,2763.141357421875,464796,0.0,0.0,HINDUNILVR
2024-09-19,2763.5255740396533,2819.3005569204092,2760.7393230916587,2797.63427734375,1713010,0.0,0.0,HINDUNILVR
2024-09-20,2810.172827301893,2872.193064647857,2781.924915858446,2860.903564453125,3641632,0.0,0.0,HINDUNILVR
2024-09-23,2863.209388903986,2916.05385749114,2853.5532163658545,2909.856689453125,1300470,0.0,0.0,HINDUNILVR
2024-09-24,2901.641427921651,2901.641427921651,2830.6377795243034,2834.913330078125,1929308,0.0,0.0,HINDUNILVR
2024-09-25,2834.913608154621,2844.3295785071546,2791.244908103834,2833.376220703125,1055354,0.0,0.0,HINDUNILVR
2024-09-26,2835.4422567851584,2875.5560144698934,2825.9301112254557,2869.070556640625,1902889,0.0,0.0,HINDUNILVR
2024-09-27,2869.0706798652327,2911.2500839522754,2837.027618940621,2849.99853515625,2977081,0.0,0.0,HINDUNILVR
2024-09-30,2848.0287842912826,2880.407986959027,2827.27545942713,2842.360107421875,1627702,0.0,0.0,HINDUNILVR
2024-10-01,2846.587262073405,2846.587262073405,2778.0815699262566,2809.163818359375,1184642,0.0,0.0,HINDUNILVR
2024-10-03,2794.75192453702,2808.5396213284594,2748.969490062006,2779.95556640625,1233447,0.0,0.0,HINDUNILVR
2024-10-04,2777.6976792178584,2799.7962771500656,2706.6459297372667,2737.103515625,2456486,0.0,0.0,HINDUNILVR
2024-10-07,2733.500208864578,2754.1095044738768,2714.3321260191797,2722.354736328125,1280975,0.0,0.0,HINDUNILVR
2024-10-08,2732.5392303091903,2772.893185187174,2689.014560633461,2708.326904296875,1761488,0.0,0.0,HINDUNILVR
2024-10-09,2712.746640266062,2715.1008087621585,2652.5039938931,2660.4306640625,1476282,0.0,0.0,HINDUNILVR
2024-10-10,2661.4396754977797,2678.1576503885535,2626.081874049611,2646.7392578125,2065078,0.0,0.0,HINDUNILVR
2024-10-11,2656.4435309289793,2680.65585951984,2629.781093616551,2674.122314453125,679307,0.0,0.0,HINDUNILVR
2024-10-14,2682.1932811757006,2694.7797326210543,2656.6356795435354,2679.791259765625,874010,0.0,0.0,HINDUNILVR
2024-10-15,2683.6344784180606,2689.591444565931,2656.8758662364426,2672.44091796875,1082666,0.0,0.0,HINDUNILVR
2024-10-16,2679.8390730118053,2687.9100055740655,2647.6041338219375,2672.248779296875,1170797,0.0,0.0,HINDUNILVR
2024-10-17,2670.5191491058513,2672.969257705141,2616.713872890363,2631.318115234375,1368242,0.0,0.0,HINDUNILVR
2024-10-18,2631.318027881403,2632.61521314749,2587.889531863665,2610.61279296875,1137277,0.0,0.0,HINDUNILVR
2024-10-21,2608.5951357141957,2630.693731707355,2575.3991543839065,2587.98583984375,792345,0.0,0.0,HINDUNILVR
2024-10-22,2579.8672317373293,2603.791271733519,2568.9619604418804,2576.600341796875,1272253,0.0,0.0,HINDUNILVR
2024-10-23,2518.2791120453326,2587.5054123069553,2518.2791120453326,2555.078125,1431962,0.0,0.0,HINDUNILVR
2024-10-24,2543.2600144821745,2543.2600144821745,2356.478942154974,2406.92138671875,9216267,0.0,0.0,HINDUNILVR
2024-10-25,2404.230863823927,2440.453292950492,2402.1171322956857,2428.9716796875,2761166,0.0,0.0,HINDUNILVR
2024-10-28,2444.2968286647133,2488.1097901772814,2421.3335992998454,2474.8505859375,852829,0.0,0.0,HINDUNILVR
2024-10-29,2484.3625217211766,2484.3625217211766,2436.6103856054533,2447.8037109375,1695654,0.0,0.0,HINDUNILVR
2024-10-30,2456.7875756265485,2462.840716685124,2434.112398972091,2454.81787109375,1200637,0.0,0.0,HINDUNILVR
2024-10-31,2454.8176022437847,2463.03256173984,2425.176801099299,2429.1640625,1901355,0.0,0.0,HINDUNILVR
2024-11-01,2444.2489262035915,2446.1705433526063,2412.9267074180943,2438.0517578125,118532,0.0,0.0,HINDUNILVR
2024-11-04,2447.179267173946,2447.179267173946,2405.384097122094,2425.849365234375,1097260,0.0,0.0,HINDUNILVR
2024-11-05,2421.23748263124,2431.08577001099,2408.7469718081425,2422.53466796875,702046,0.0,0.0,HINDUNILVR
2024-11-06,2444.7447080070283,2451.4515690636567,2425.1105935476853,2430.65087890625,1219166,29.0,0.0,HINDUNILVR
2024-11-07,2430.650792943567,2439.5930367343426,2397.0201443149404,2406.15673828125,1322446,0.0,0.0,HINDUNILVR
2024-11-08,2414.3698717211782,2444.793147696757,2398.1863642528074,2437.45458984375,1700877,0.0,0.0,HINDUNILVR
2024-11-11,2438.7183808715204,2444.4530163003965,2405.7194291168203,2421.271240234375,1175577,0.0,0.0,HINDUNILVR
2024-11-12,2425.11043110781,2427.005760537496,2387.202893306927,2392.548828125,1624222,0.0,0.0,HINDUNILVR
2024-11-13,2393.1320758129814,2403.5323013697825,2381.7596248219456,2395.902099609375,1262017,0.0,0.0,HINDUNILVR
2024-11-14,2391.479431181601,2395.6590274804553,2316.9279912203806,2322.27392578125,2443393,0.0,0.0,HINDUNILVR
2024-11-18,2333.8890447659433,2357.0710550111958,2309.20064286303,2355.02978515625,1374215,0.0,0.0,HINDUNILVR
2024-11-19,2363.7776960673323,2371.8452445208204,2337.728605593575,2342.83154296875,1133370,0.0,0.0,HINDUNILVR
2024-11-21,2356.828074767604,2356.828074767604,2309.540950041982,2316.05322265625,1291829,0.0,0.0,HINDUNILVR
2024-11-22,2323.9749048547187,2383.4121196689493,2311.242003100475,2376.75390625,1696471,0.0,0.0,HINDUNILVR
2024-11-25,2400.8106354018087,2435.5105635219556,2388.758077739939,2402.219970703125,4368045,0.0,0.0,HINDUNILVR
2024-11-26,2416.6054934792924,2425.061742768364,2391.4795053433168,2409.7529296875,982442,0.0,0.0,HINDUNILVR
2024-11-27,2405.816200610109,2423.1176358895655,2389.1466999635395,2417.237060546875,948232,0.0,0.0,HINDUNILVR
2024-11-28,2416.3623676782477,2468.023439226603,2384.48111118336,2393.22900390625,2540530,0.0,0.0,HINDUNILVR
2024-11-29,2386.328105245208,2437.2601873197295,2386.328105245208,2426.22802734375,1795164,0.0,0.0,HINDUNILVR
2024-12-02,2415.390571345119,2420.736506211275,2391.62550835502,2409.704345703125,1006993,0.0,0.0,HINDUNILVR
2024-12-03,2410.530520207273,2421.659736640615,2396.922686625458,2413.30078125,1641588,0.0,0.0,HINDUNILVR
2024-12-04,2411.599696499456,2423.1662596170304,2387.7373419097,2395.464599609375,1321495,0.0,0.0,HINDUNILVR
2024-12-05,2396.5340239678508,2444.550142583365,2381.4195611129917,2424.7216796875,2071795,0.0,0.0,HINDUNILVR
2024-12-06,2425.110340492518,2425.8879784428123,2405.670578244081,2414.22412109375,1308086,0.0,0.0,HINDUNILVR
2024-12-09,2395.9507252372305,2407.5659358566236,2316.5393429808005,2333.50048828125,3385021,0.0,0.0,HINDUNILVR
2024-12-10,2341.2279687941573,2345.4075655839893,2321.3995041053026,2330.196044921875,2063838,0.0,0.0,HINDUNILVR
2024-12-11,2337.631401911156,2341.859645105597,2318.191639733101,2334.083740234375,1718225,0.0,0.0,HINDUNILVR
2024-12-12,2318.240245124781,2332.722772767621,2272.5081579587118,2279.263427734375,3231056,0.0,0.0,HINDUNILVR
2024-12-13,2279.2635193052206,2327.474225501901,2268.0856558037367,2323.14892578125,2260902,0.0,0.0,HINDUNILVR
2024-12-16,2323.343284729169,2325.9676052312534,2296.807961204117,2299.86962890625,1247552,0.0,0.0,HINDUNILVR
2024-12-17,2287.428194383181,2313.3315812440496,2287.428194383181,2297.05078125,2131569,0.0,0.0,HINDUNILVR
2024-12-18,2284.220661696739,2316.2476218485995,2284.220661696739,2293.1142578125,988403,0.0,0.0,HINDUNILVR
2024-12-19,2281.2561952032424,2320.087074457144,2270.5643255197165,2293.746337890625,1655915,0.0,0.0,HINDUNILVR
2024-12-20,2286.21332261703,2307.013773197231,2259.532059224196,2268.52294921875,2069691,0.0,0.0,HINDUNILVR
2024-12-23,2271.5363740214907,2285.8731996598376,2250.3956311310467,2273.383056640625,1066199,0.0,0.0,HINDUNILVR
2024-12-24,2265.801653352284,2290.9274044487324,2265.801653352284,2270.126953125,683646,0.0,0.0,HINDUNILVR
2024-12-26,2266.919035292096,2276.2502151045587,2259.5804783595795,2267.405029296875,1033769,0.0,0.0,HINDUNILVR
2024-12-27,2277.368215575781,2279.9438892300855,2263.031390488396,2275.667236328125,556816,0.0,0.0,HINDUNILVR
2024-12-30,2275.910271731068,2293.0657677973463,2259.87246712566,2277.854248046875,924180,0.0,0.0,HINDUNILVR
2024-12-31,2274.4522031674646,2286.7477579775477,2258.171402140518,2261.670654296875,1878762,0.0,0.0,HINDUNILVR
2025-01-01,2259.872381567988,2271.681942318693,2255.255437992742,2257.0537109375,559893,0.0,0.0,HINDUNILVR
2025-01-02,2264.7322920787183,2312.9914067295535,2250.6384645099884,2303.61181640625,1650744,0.0,0.0,HINDUNILVR
2025-01-03,2315.130020118565,2346.9626313452286,2298.5575750577605,2338.846435546875,1274239,0.0,0.0,HINDUNILVR
2025-01-06,2350.2670870956954,2351.1904282758464,2295.4954659724062,2309.637939453125,900419,0.0,0.0,HINDUNILVR
2025-01-07,2310.5615649077026,2334.958562700219,2308.714882320198,2323.829345703125,922768,0.0,0.0,HINDUNILVR
2025-01-08,2324.0237704097904,2341.519557890918,2301.668041961683,2333.74365234375,953351,0.0,0.0,HINDUNILVR
2025-01-09,2337.6802325968333,2404.3584797296335,2319.5525105592806,2367.179931640625,2425267,0.0,0.0,HINDUNILVR
2025-01-10,2367.179935005387,2387.2029865724408,2346.1851325534217,2373.643798828125,1651911,0.0,0.0,HINDUNILVR
2025-01-13,2349.3438257292696,2391.57666015625,2341.5679211240063,2382.3427734375,2595013,0.0,0.0,HINDUNILVR
2025-01-14,2395.9508859718553,2398.866850538961,2297.8773726189215,2301.619384765625,2052741,0.0,0.0,HINDUNILVR
2025-01-15,2307.40252642736,2318.0943958552334,2284.2693987793928,2306.52783203125,1215150,0.0,0.0,HINDUNILVR
2025-01-16,2310.3669829255227,2313.3315939832087,2260.892885353062,2279.31201171875,2762596,0.0,0.0,HINDUNILVR
2025-01-17,2284.1723497985477,2312.651652513846,2277.36843216085,2288.060302734375,1333005,0.0,0.0,HINDUNILVR
2025-01-20,2290.441458627697,2301.6679693677006,2270.224057382351,2279.506591796875,1382273,0.0,0.0,HINDUNILVR
2025-01-21,2287.5740781905074,2310.7074432888235,2267.113680466325,2274.938232421875,1842885,0.0,0.0,HINDUNILVR
2025-01-22,2276.930879740294,2295.836001726839,2266.870707504643,2277.319580078125,2658047,0.0,0.0,HINDUNILVR
2025-01-23,2250.152521908459,2275.7158571987056,2190.7155426543577,2256.664794921875,3408925,0.0,0.0,HINDUNILVR
2025-01-24,2267.5025558634734,2314.1093382473864,2257.9283780654696,2301.76513671875,1688664,0.0,0.0,HINDUNILVR
2025-01-27,2298.7518143345746,2342.199634147266,2295.0095652975047,2325.82177734375,2477358,0.0,0.0,HINDUNILVR
2025-01-28,2333.7433982337784,2339.575326759144,2312.7970074864847,2321.933837890625,1892156,0.0,0.0,HINDUNILVR
2025-01-29,2318.3374809178226,2328.883647447392,2297.7800261125353,2317.171142578125,699576,0.0,0.0,HINDUNILVR
2025-01-30,2317.2194197586923,2357.070928236086,2317.2194197586923,2341.276123046875,1419960,0.0,0.0,HINDUNILVR
2025-01-31,2334.229440018275,2409.558518344911,2334.229440018275,2399.644287109375,2116148,0.0,0.0,HINDUNILVR
2025-02-01,2405.6707931713304,2529.1132944774954,2366.936968510051,2435.85107421875,2970999,0.0,0.0,HINDUNILVR
2025-02-03,2434.830286295242,2449.410108368866,2348.809336060859,2373.54638671875,2528480,0.0,0.0,HINDUNILVR
2025-02-04,2381.370825473779,2381.370825473779,2335.5416818552712,2369.755615234375,1992474,0.0,0.0,HINDUNILVR
2025-02-05,2384.28688281628,2384.28688281628,2320.1356662382636,2324.072265625,1357416,0.0,0.0,HINDUNILVR
2025-02-06,2332.7716531398264,2341.4708999692994,2294.183769504499,2306.236328125,1132113,0.0,0.0,HINDUNILVR
2025-02-07,2313.3317910048513,2315.2271204320805,2270.6616062511516,2297.63427734375,855602,0.0,0.0,HINDUNILVR
2025-02-10,2304.4867548065286,2330.8277302484084,2286.1649194081388,2295.301513671875,1326354,0.0,0.0,HINDUNILVR
2025-02-11,2304.5840958345143,2311.3393665799927,2232.2196194927346,2250.395751953125,1389260,0.0,0.0,HINDUNILVR
2025-02-12,2260.552786653806,2274.354970884732,2240.5299732010462,2267.162353515625,1341909,0.0,0.0,HINDUNILVR
2025-02-13,2264.8296518793604,2279.8954679957756,2248.5488505922667,2256.470458984375,1334967,0.0,0.0,HINDUNILVR
2025-02-14,2256.9563530266864,2299.7238291391645,2248.597160502172,2253.40869140625,1135380,0.0,0.0,HINDUNILVR
2025-02-17,2253.4088903821407,2270.5643868259226,2235.5728123714134,2264.149169921875,1409168,0.0,0.0,HINDUNILVR
2025-02-18,2264.149124063214,2273.042958104678,2223.908909176285,2231.684814453125,1035705,0.0,0.0,HINDUNILVR
2025-02-19,2234.3575336219537,2241.1128031202393,2185.0291400031115,2187.36181640625,1521343,0.0,0.0,HINDUNILVR
2025-02-20,2187.3616661020073,2191.29826490085,2164.1312481856835,2185.07763671875,2206196,0.0,0.0,HINDUNILVR
2025-02-21,2185.077799541156,2190.423733855982,2164.0341157208236,2178.85693359375,1781509,0.0,0.0,HINDUNILVR
2025-02-24,2167.533624682074,2187.9453763046404,2156.647404610398,2178.662841796875,1627949,0.0,0.0,HINDUNILVR
2025-02-25,2180.169242301758,2206.024219899787,2175.2606550849946,2196.0126953125,1988040,0.0,0.0,HINDUNILVR
2025-02-27,2206.072509704585,2206.072509704585,2170.546537494994,2182.064453125,1699658,0.0,0.0,HINDUNILVR
2025-02-28,2182.1619689131203,2186.584562304575,2124.620319863376,2128.89697265625,3683249,0.0,0.0,HINDUNILVR
2025-03-03,2137.4017551745787,2137.4017551745787,2098.0362385376666,2115.872314453125,1306470,0.0,0.0,HINDUNILVR
2025-03-04,2118.8854906754163,2118.934137542599,2076.166659537152,2096.918701171875,1800330,0.0,0.0,HINDUNILVR
2025-03-05,2091.7184776027166,2130.500709473983,2089.7745013224167,2109.651611328125,1145673,0.0,0.0,HINDUNILVR
2025-03-06,2114.074138785248,2167.3391346618955,2103.139272550152,2156.79296875,1856868,0.0,0.0,HINDUNILVR
2025-03-07,2164.3260745394045,2164.3260745394045,2127.8765170889214,2142.796630859375,1738356,0.0,0.0,HINDUNILVR
2025-03-10,2146.149847764431,2203.642852252801,2133.173710965246,2184.786376953125,1242387,0.0,0.0,HINDUNILVR
2025-03-11,2177.2534958213787,2199.074582727622,2149.3088359977787,2154.84912109375,1325891,0.0,0.0,HINDUNILVR
2025-03-12,2155.23770879418,2167.4846153385556,2123.7938017514352,2131.472412109375,1526212,0.0,0.0,HINDUNILVR
2025-03-13,2123.794114513715,2148.0451714730893,2103.819710507243,2113.8798828125,1845629,0.0,0.0,HINDUNILVR
2025-03-17,2100.4663210186386,2133.951264191827,2096.0923744917604,2110.42919921875,1111886,0.0,0.0,HINDUNILVR
2025-03-18,2110.42919921875,2110.42919921875,2110.42919921875,2110.42919921875,0,0.0,0.0,HINDUNILVR
2025-03-19,2145.177877700536,2150.8641033799995,2132.007390619496,2138.422607421875,1341405,0.0,0.0,HINDUNILVR
2025-03-20,2142.1646370243157,2185.9041047576643,2127.1474672295594,2179.586181640625,1426689,0.0,0.0,HINDUNILVR
2025-03-21,2182.1134468098517,2192.027678706935,2163.451321362083,2183.27978515625,2152415,0.0,0.0,HINDUNILVR
2025-03-24,2187.2162299631173,2202.525042593678,2178.225340005486,2192.99951171875,1454404,0.0,0.0,HINDUNILVR
2025-03-25,2187.702353641122,2227.7968652873274,2180.509736169552,2207.6767578125,2229340,0.0,0.0,HINDUNILVR
2025-03-26,2208.3567115329447,2216.035321727168,2175.114769761594,2183.036376953125,1416907,0.0,0.0,HINDUNILVR
2025-03-27,2181.3358461347175,2197.5680014294758,2138.3740156444046,2181.773193359375,3752627,0.0,0.0,HINDUNILVR
2025-03-28,2184.057285417061,2231.684702856062,2177.5450125337175,2195.575439453125,2280152,0.0,0.0,HINDUNILVR
2025-04-01,2195.7212865784686,2220.652688338022,2157.8137477663568,2171.27587890625,2495962,0.0,0.0,HINDUNILVR
2025-04-02,2180.8497368615344,2180.8497368615344,2128.7026682002793,2175.212158203125,1351493,0.0,0.0,HINDUNILVR
2025-04-03,2163.110957010432,2189.791983972201,2158.3969569161945,2181.676025390625,1310088,0.0,0.0,HINDUNILVR
2025-04-04,2167.5335505043304,2203.5457585235163,2159.7576453904135,2181.676025390625,1120226,0.0,0.0,HINDUNILVR
2025-04-07,2089.7743723315093,2198.248336997428,2089.7743723315093,2186.389892578125,3435185,0.0,0.0,HINDUNILVR
2025-04-08,2204.760675866648,2241.598930289759,2189.2575129830993,2225.123779296875,2774874,0.0,0.0,HINDUNILVR
2025-04-09,2229.6921366684232,2288.205774983497,2225.3668369244515,2284.172119140625,2989089,0.0,0.0,HINDUNILVR
2025-04-11,2327.5228811667503,2327.76587820031,2278.680477421297,2299.86962890625,3836083,0.0,0.0,HINDUNILVR
2025-04-15,2332.77164275884,2332.77164275884,2279.5066427888187,2295.35009765625,3042779,0.0,0.0,HINDUNILVR
2025-04-16,2285.14401964844,2309.443722111737,2285.14401964844,2300.30712890625,1131979,0.0,0.0,HINDUNILVR
2025-04-17,2291.0731880539342,2313.2343263375133,2277.4653549947234,2308.4716796875,1962402,0.0,0.0,HINDUNILVR
2025-04-21,2301.765134543979,2305.9444935688916,2283.005716590514,2285.14404296875,1478430,0.0,0.0,HINDUNILVR
2025-04-22,2303.612042656163,2338.603617987649,2289.1295133424655,2331.508056640625,2352346,0.0,0.0,HINDUNILVR
2025-04-23,2342.491544775146,2369.707214175023,2326.356445853068,2355.905029296875,2226066,0.0,0.0,HINDUNILVR
2025-04-24,2355.904639515163,2417.7229359717494,2252.193563957013,2260.163818359375,7065430,0.0,0.0,HINDUNILVR
2025-04-25,2266.5789615776075,2276.2988426038023,2230.129407729378,2266.87060546875,2859858,0.0,0.0,HINDUNILVR
2025-04-28,2279.3122481174555,2283.2002007794895,2250.1526031522,2253.65185546875,1555660,0.0,0.0,HINDUNILVR
2025-04-29,2262.7883676038414,2267.1623141907044,2247.8198453161813,2256.664794921875,1896387,0.0,0.0,HINDUNILVR
2025-04-30,2255.012618257728,2286.6022346772866,2251.1246654676283,2276.49365234375,2083807,0.0,0.0,HINDUNILVR
2025-05-02,2268.7176720341317,2279.3122481174555,2245.2926623246576,2253.65185546875,1424284,0.0,0.0,HINDUNILVR
2025-05-05,2258.997813142575,2288.934859100469,2254.1378722660597,2282.8115234375,2074103,0.0,0.0,HINDUNILVR
2025-05-06,2274.646499038448,2323.148847500318,2274.646499038448,2315.081298828125,1888125,0.0,0.0,HINDUNILVR
2025-05-07,2302.639778279785,2320.038270117709,2289.3235889472185,2304.389404296875,1610400,0.0,0.0,HINDUNILVR
2025-05-08,2295.5443813766215,2305.458613110968,2275.4242740006657,2288.934814453125,2323073,0.0,0.0,HINDUNILVR
2025-05-09,2264.73235471963,2277.0765565746965,2237.8083308384716,2267.551025390625,1805685,0.0,0.0,HINDUNILVR
2025-05-12,2293.891985834208,2320.135665333158,2280.381445753612,2315.76171875,1274873,0.0,0.0,HINDUNILVR
2025-05-13,2309.0549545191607,2330.8273923712263,2286.893579057945,2293.891845703125,1929665,0.0,0.0,HINDUNILVR
2025-05-14,2303.611726353103,2303.611726353103,2272.994102142081,2284.657958984375,1568111,0.0,0.0,HINDUNILVR
2025-05-15,2285.727303591603,2303.514495923454,2274.4521467468458,2289.226318359375,3236681,0.0,0.0,HINDUNILVR
2025-05-16,2293.891932245899,2320.135611131763,2283.2000630701764,2314.6923828125,1473000,0.0,0.0,HINDUNILVR
2025-05-19,2308.4717935959884,2337.6314373045693,2308.4717935959884,2315.9560546875,936655,0.0,0.0,HINDUNILVR
2025-05-20,2327.523098554208,2327.523098554208,2272.994464209847,2275.521728515625,1617408,0.0,0.0,HINDUNILVR
2025-05-21,2280.284124796257,2309.1521244400974,2279.3121366782702,2297.6826171875,1570754,0.0,0.0,HINDUNILVR
2025-05-22,2289.0319557427415,2296.9051542054985,2248.3057496249735,2265.41259765625,2423653,0.0,0.0,HINDUNILVR
2025-05-23,2271.438875913527,2298.2658421573706,2264.3435526876015,2293.1142578125,844118,0.0,0.0,HINDUNILVR
2025-05-26,2301.6678802484216,2330.147179774353,2297.8772214812275,2327.036865234375,892618,0.0,0.0,HINDUNILVR
2025-05-27,2327.0371461384607,2342.005670151259,2294.1838960837363,2313.5263671875,1865258,0.0,0.0,HINDUNILVR
2025-05-28,2321.107628598645,2321.107628598645,2286.1160563082135,2295.8359375,897517,0.0,0.0,HINDUNILVR
2025-05-29,2302.6399170703785,2309.4438340900037,2289.518077103958,2300.404296875,1111275,0.0,0.0,HINDUNILVR
2025-05-30,2293.891989062484,2308.374517293052,2277.8541849016656,2282.519775390625,3288892,0.0,0.0,HINDUNILVR
2025-06-02,2282.1309268833143,2317.2197947019963,2277.9515675984035,2305.167236328125,1178205,0.0,0.0,HINDUNILVR
2025-06-03,2298.8492103092544,2312.84574439433,2276.9794774877073,2286.40771484375,1643913,0.0,0.0,HINDUNILVR
2025-06-04,2293.405928626477,2301.2791271801098,2276.4934305579545,2298.265869140625,3287896,0.0,0.0,HINDUNILVR
2025-06-05,2298.2659555931978,2313.3317717537793,2283.1028456979607,2309.83251953125,1787978,0.0,0.0,HINDUNILVR
2025-06-06,2306.8196167541355,2329.369695281899,2303.709302009238,2322.857421875,997488,0.0,0.0,HINDUNILVR
2025-06-09,2326.939503171982,2331.799443654797,2311.679337516298,2326.161865234375,1293622,0.0,0.0,HINDUNILVR
2025-06-10,2326.3563309102015,2332.965897755389,2311.776508737784,2328.10595703125,1778782,0.0,0.0,HINDUNILVR
2025-06-11,2328.1059440121844,2335.590205225147,2304.875522401424,2309.83251953125,1977707,0.0,0.0,HINDUNILVR
2025-06-12,2320.0381494311273,2321.107431191998,2258.997490579552,2267.3564453125,3339584,0.0,0.0,HINDUNILVR
2025-06-13,2240.4326931985097,2259.7751625270976,2237.5167287388153,2254.04052734375,1740682,0.0,0.0,HINDUNILVR
2025-06-16,2255.0122175216065,2271.147313653889,2248.3055950712346,2262.204833984375,1105297,0.0,0.0,HINDUNILVR
2025-06-17,2255.012389459953,2267.745528476323,2248.3057664982202,2263.37158203125,1119284,0.0,0.0,HINDUNILVR
2025-06-18,2262.496584614853,2266.09289301594,2221.4787354933574,2232.9482421875,2056563,0.0,0.0,HINDUNILVR
2025-06-19,2235.6699307829094,2243.154191716161,2226.144399912506,2229.93505859375,1214549,0.0,0.0,HINDUNILVR
2025-06-20,2230.712900802916,2248.2086882601934,2228.1856365828094,2241.59912109375,2685864,0.0,0.0,HINDUNILVR
2025-06-23,2242.777637332428,2245.3314785900775,2218.517104573964,2234.62548828125,842856,24.0,0.0,HINDUNILVR
2025-06-24,2254.171508269237,2260.0647671143856,2220.0888759075924,2222.839111328125,2440747,0.0,0.0,HINDUNILVR
2025-06-25,2238.455843673713,2249.751254907696,2230.9909542436453,2238.1611328125,1047270,0.0,0.0,HINDUNILVR
2025-06-26,2248.179631450258,2250.242367688747,2231.187595893491,2240.223876953125,1874722,0.0,0.0,HINDUNILVR
2025-06-27,2240.223846681488,2269.395425704689,2238.7505321874146,2265.859375,1050745,0.0,0.0,HINDUNILVR
2025-06-30,2268.8061816314857,2275.7799667017143,2247.295884252707,2253.778564453125,1403754,0.0,0.0,HINDUNILVR
2025-07-01,2259.082297140465,2261.636138264844,2245.9207831543013,2254.662353515625,759914,0.0,0.0,HINDUNILVR
2025-07-02,2254.171318752975,2267.9222549022306,2246.9030627072866,2266.05615234375,1128034,0.0,0.0,HINDUNILVR
2025-07-03,2268.9044793168537,2285.503727857006,2263.011220929018,2272.243896484375,1060039,0.0,0.0,HINDUNILVR
2025-07-04,2276.7619917524657,2299.7456018762664,2269.1990253303456,2297.68310546875,1242346,0.0,0.0,HINDUNILVR
2025-07-07,2299.353049094105,2372.7240702364506,2299.353049094105,2367.518310546875,2701583,0.0,0.0,HINDUNILVR
2025-07-08,2362.607071634493,2375.474114379278,2343.552299734942,2350.133056640625,1471046,0.0,0.0,HINDUNILVR
2025-07-09,2356.3210447333263,2396.29693113012,2354.45494224249,2380.286865234375,1741690,0.0,0.0,HINDUNILVR
2025-07-10,2380.287101883039,2390.6986215441034,2354.9462812164356,2365.553955078125,1053695,0.0,0.0,HINDUNILVR
2025-07-11,2455.524228892195,2484.9905196389013,2417.218050921477,2474.775634765625,7242235,0.0,0.0,HINDUNILVR
2025-07-14,2455.524324131349,2487.4461403450564,2445.7022268348237,2471.8291015625,2427712,0.0,0.0,HINDUNILVR
2025-07-15,2475.8561480958347,2484.8924301255456,2465.3465513939755,2481.94580078125,1700294,0.0,0.0,HINDUNILVR
2025-07-16,2481.356455874828,2487.8388961282812,2462.890865236824,2472.811279296875,1284379,0.0,0.0,HINDUNILVR
2025-07-17,2468.2929253596812,2480.472229470397,2461.613851577524,2465.14990234375,807474,0.0,0.0,HINDUNILVR
2025-07-18,2470.1590393490687,2470.1590393490687,2437.353331809416,2445.309326171875,771112,0.0,0.0,HINDUNILVR
2025-07-21,2446.5862827986753,2449.2384410834075,2411.717835071157,2421.048828125,1169960,0.0,0.0,HINDUNILVR
2025-07-22,2426.0580626810415,2440.7912088106837,2408.967709089577,2435.58544921875,861632,0.0,0.0,HINDUNILVR
2025-07-23,2436.8623544586453,2442.755612873297,2398.5561747634065,2406.806640625,1320795,0.0,0.0,HINDUNILVR
2025-07-24,2412.2087602925917,2422.1291744035116,2377.9297369143965,2394.430908203125,693984,0.0,0.0,HINDUNILVR
2025-07-25,2382.9390347834888,2385.3945590187477,2362.6071022777146,2372.42919921875,769388,0.0,0.0,HINDUNILVR
2025-07-28,2372.429243771511,2404.7440871927433,2369.384537540986,2398.163330078125,987995,0.0,0.0,HINDUNILVR
2025-07-29,2401.3064573670335,2413.7804732980653,2386.4749941452433,2409.949951171875,732282,0.0,0.0,HINDUNILVR
2025-07-30,2398.5561023639793,2409.262092241855,2355.829980147422,2394.037841796875,1224146,0.0,0.0,HINDUNILVR
2025-07-31,2377.0459063535795,2503.652646914568,2377.0459063535795,2476.34716796875,5505507,0.0,0.0,HINDUNILVR
2025-08-01,2504.634914777358,2678.9771490412722,2491.767870864873,2508.26904296875,4259653,0.0,0.0,HINDUNILVR
2025-08-04,2501.688117328015,2537.2440606709806,2489.9999177635377,2498.44677734375,1293028,0.0,0.0,HINDUNILVR
2025-08-05,2492.357168773925,2507.5814194600316,2472.516580355361,2489.60693359375,756361,0.0,0.0,HINDUNILVR
2025-08-06,2493.535672934169,2517.501733064876,2481.65107965462,2490.490966796875,885487,0.0,0.0,HINDUNILVR
2025-08-07,2490.5890589949863,2498.741447368421,2450.613172635303,2472.712890625,847151,0.0,0.0,HINDUNILVR
2025-08-08,2471.2397680498043,2484.892387860569,2442.362896885792,2454.1494140625,839794,0.0,0.0,HINDUNILVR
2025-08-11,2445.800338508461,2479.588254454568,2434.4066106815794,2473.5966796875,992436,0.0,0.0,HINDUNILVR
2025-08-12,2473.2040732697083,2491.47326996814,2435.9784208260676,2439.612548828125,1406211,0.0,0.0,HINDUNILVR
2025-08-13,2440.7912554195577,2456.9977164716393,2429.397526276142,2450.711669921875,969803,0.0,0.0,HINDUNILVR
2025-08-14,2454.44372812859,2464.3641420365734,2429.200986749531,2436.469482421875,1104362,0.0,0.0,HINDUNILVR
2025-08-18,2493.8306848086754,2550.798853268267,2476.445619289953,2522.4130859375,3089136,0.0,0.0,HINDUNILVR
2025-08-19,2526.439827717028,2568.47845225644,2512.8852854397333,2558.4599609375,1400717,0.0,0.0,HINDUNILVR
2025-08-20,2552.763210757331,2632.3222027047505,2542.45000809748,2622.3037109375,3156954,0.0,0.0,HINDUNILVR
2025-08-21,2619.651659128844,2619.651659128844,2580.559664029887,2600.891357421875,2235686,0.0,0.0,HINDUNILVR
2025-08-22,2599.9091636055095,2611.20457553655,2572.4072910777595,2583.11328125,1223445,0.0,0.0,HINDUNILVR
2025-08-25,2595.9802980489717,2595.9802980489717,2568.67481978843,2584.783203125,667598,0.0,0.0,HINDUNILVR
2025-08-26,2577.9077368329176,2656.877302702266,2577.9077368329176,2644.697998046875,4348648,0.0,0.0,HINDUNILVR
2025-08-28,2699.112419661415,2699.112419661415,2599.7128399390217,2607.177490234375,3198743,0.0,0.0,HINDUNILVR
2025-08-29,2617.392493882605,2674.5570512791683,2594.4086426961376,2612.4814453125,1972773,0.0,0.0,HINDUNILVR
2025-09-01,2612.4815545305705,2625.741386224198,2592.346254551359,2602.36474609375,1096729,0.0,0.0,HINDUNILVR
2025-09-02,2601.8736154116664,2644.5014224406004,2598.043093323752,2629.37548828125,1525106,0.0,0.0,HINDUNILVR
2025-09-03,2633.304255827349,2639.099197248745,2611.00814317238,2617.294189453125,1010692,0.0,0.0,HINDUNILVR
2025-09-04,2701.0768426775303,2701.0768426775303,2608.2580202655204,2619.16064453125,2494678,0.0,0.0,HINDUNILVR
2025-09-05,2620.1425429211836,2625.3480621978892,2577.1217125435624,2586.55078125,944879,0.0,0.0,HINDUNILVR
2025-09-08,2583.2115458729263,2597.5519036054347,2572.210845043877,2577.219970703125,903410,0.0,0.0,HINDUNILVR
2025-09-09,2590.0869983381435,2599.123279686501,2564.844256818159,2594.998046875,1610956,0.0,0.0,HINDUNILVR
2025-09-10,2594.9981209437656,2605.704111140776,2572.407297029418,2596.471435546875,1031486,0.0,0.0,HINDUNILVR
2025-09-11,2596.766224743345,2610.4188445583272,2567.496325786017,2575.35400390625,1212707,0.0,0.0,HINDUNILVR
2025-09-12,2578.300371116456,2582.130892891774,2523.2966298659717,2534.592041015625,1368380,0.0,0.0,HINDUNILVR
2025-09-15,2534.5921470999765,2547.262556392294,2522.7073137348634,2535.083251953125,752745,0.0,0.0,HINDUNILVR
2025-09-16,2542.1552867248165,2543.9233122758214,2526.8329581431617,2534.985107421875,1040928,0.0,0.0,HINDUNILVR
2025-09-17,2540.9764060412954,2545.0035615909655,2520.8411078875088,2523.984130859375,970247,0.0,0.0,HINDUNILVR
2025-09-18,2525.162751622593,2563.468928857849,2525.162751622593,2540.780029296875,1550153,0.0,0.0,HINDUNILVR
2025-09-19,2553.745139554843,2558.3614770399663,2509.3493104728077,2514.06396484375,2214708,0.0,0.0,HINDUNILVR
2025-09-22,2523.2969180781097,2541.173088066885,2514.653424077742,2526.43994140625,1174161,0.0,0.0,HINDUNILVR
2025-09-23,2523.1984923690093,2529.484778551504,2473.400506763053,2477.329345703125,1430474,0.0,0.0,HINDUNILVR
2025-09-24,2477.3294242524616,2530.1723576313984,2465.3465130647555,2504.143798828125,1882881,0.0,0.0,HINDUNILVR
2025-09-25,2500.7060335521905,2521.8235432620777,2486.7587030055865,2493.14306640625,1624258,0.0,0.0,HINDUNILVR
2025-09-26,2489.901473834488,2500.1163583210514,2454.9347142199126,2467.1142578125,885612,0.0,0.0,HINDUNILVR
2025-09-29,2450.613113672247,2472.614514244821,2399.538211102725,2453.46142578125,2403556,0.0,0.0,HINDUNILVR
2025-09-30,2453.461508732884,2481.3564080346573,2447.273779473271,2469.66796875,1678088,0.0,0.0,HINDUNILVR
2025-10-01,2470.650311487506,2504.6348647874647,2453.4616408468078,2491.080322265625,1483899,0.0,0.0,HINDUNILVR
2025-10-03,2491.080311445024,2503.2598561816244,2463.6767554329513,2499.62548828125,1242611,0.0,0.0,HINDUNILVR
2025-10-06,2490.0981302259243,2504.2420946178245,2475.364983857677,2496.580810546875,818923,0.0,0.0,HINDUNILVR
2025-10-07,2494.812642046405,2513.8674143383946,2463.676642465363,2472.418212890625,1291750,0.0,0.0,HINDUNILVR
2025-10-08,2466.328548368669,2480.0794841222178,2441.8716228402013,2455.62255859375,1225128,0.0,0.0,HINDUNILVR
2025-10-09,2456.506502076689,2478.1151158494545,2453.854583800399,2472.811279296875,1259173,0.0,0.0,HINDUNILVR
2025-10-10,2465.3464877788733,2489.8034147865233,2461.9087536325683,2483.91015625,1018875,0.0,0.0,HINDUNILVR
2025-10-13,2474.3826327864285,2486.5621769669815,2441.183896906515,2448.452392578125,1114750,0.0,0.0,HINDUNILVR
2025-10-14,2448.648848847169,2464.560598461446,2438.139252730148,2457.783447265625,1461017,0.0,0.0,HINDUNILVR
2025-10-15,2458.07813584284,2486.75861164498,2458.07813584284,2474.186279296875,881070,0.0,0.0,HINDUNILVR
2025-10-16,2473.0076593520143,2522.8056437611326,2462.498063399367,2515.93017578125,1446646,0.0,0.0,HINDUNILVR
2025-10-17,2519.85903126701,2568.478412302955,2514.4568778185712,2557.37939453125,2050690,0.0,0.0,HINDUNILVR
2025-10-20,2562.58498576505,2578.005629364242,2539.601375794003,2548.24462890625,1011485,0.0,0.0,HINDUNILVR
2025-10-21,2547.852148012694,2560.326164154914,2539.1105769627225,2545.593017578125,82020,0.0,0.0,HINDUNILVR
2025-10-23,2554.727472782394,2619.7497080594576,2549.914741090149,2555.31689453125,3386744,0.0,0.0,HINDUNILVR
2025-10-24,2538.029794005612,2538.029794005612,2430.4778348556065,2471.63232421875,3110800,0.0,0.0,HINDUNILVR
2025-10-27,2471.6322783442465,2480.0793772907623,2461.4173938576832,2467.1142578125,2127832,0.0,0.0,HINDUNILVR
2025-10-28,2474.186322669988,2481.0617908155573,2437.7462455795494,2452.676025390625,2294976,0.0,0.0,HINDUNILVR
2025-10-29,2467.9000740374127,2468.8822836920012,2439.8087819972766,2443.8359375,1870143,0.0,0.0,HINDUNILVR
2025-10-30,2446.6842295799647,2452.577487459322,2411.2263654202525,2425.6650390625,1195631,0.0,0.0,HINDUNILVR
2025-10-31,2425.0756732953823,2435.3888748221552,2409.262001702085,2421.637939453125,1401937,0.0,0.0,HINDUNILVR
2025-11-03,2412.405317967791,2430.8706683206365,2396.8863568906377,2416.23583984375,1049185,0.0,0.0,HINDUNILVR
2025-11-04,2416.2358320421877,2419.4771719714577,2397.8685588393732,2402.190185546875,1251588,0.0,0.0,HINDUNILVR
2025-11-06,2420.066396652233,2420.066396652233,2389.3234247182095,2392.662841796875,1329256,0.0,0.0,HINDUNILVR
2025-11-07,2392.662907838229,2400.582354781839,2376.4281382767645,2389.693115234375,817896,19.0,0.0,HINDUNILVR
2025-11-10,2380.7836246996762,2404.8389919884094,2379.7936938785956,2384.54541015625,780558,0.0,0.0,HINDUNILVR
2025-11-11,2397.8104470854564,2409.194651815599,2378.9029129343594,2403.05712890625,1422399,0.0,0.0,HINDUNILVR
2025-11-12,2406.126077343887,2410.283738675327,2391.870927758796,2400.08740234375,1680827,0.0,0.0,HINDUNILVR
2025-11-13,2404.542090020514,2406.5219517661053,2380.7837490734196,2383.357666015625,1256059,0.0,0.0,HINDUNILVR
2025-11-14,2380.882834280137,2405.729954130381,2367.91464319838,2403.255126953125,975973,0.0,0.0,HINDUNILVR
2025-11-17,2406.9177360630524,2413.847251909541,2391.672897873711,2400.582275390625,920038,0.0,0.0,HINDUNILVR
2025-11-18,2391.474933232895,2398.503297074712,2377.7147497683018,2379.793701171875,1229034,0.0,0.0,HINDUNILVR
2025-11-19,2387.7133295616327,2426.023607035294,2386.7233986621463,2417.015380859375,1465143,0.0,0.0,HINDUNILVR
2025-11-20,2420.480036715518,2434.239978963932,2400.5823298037967,2403.947998046875,1396929,0.0,0.0,HINDUNILVR
2025-11-21,2411.6696515110984,2418.5991679296735,2388.703302574577,2409.19482421875,1840712,0.0,0.0,HINDUNILVR
2025-11-24,2417.312010655888,2420.281803162537,2388.703106181435,2399.790283203125,4092327,0.0,0.0,HINDUNILVR
2025-11-25,2397.612593614541,2399.7903932161203,2381.7736995196474,2389.792236328125,1240672,0.0,0.0,HINDUNILVR
2025-11-26,2387.713234421413,2403.2551005876053,2384.7434418412868,2400.7802734375,1242683,0.0,0.0,HINDUNILVR
2025-11-27,2401.6713428676044,2434.932874570679,2400.5823222546774,2427.013427734375,1872248,0.0,0.0,HINDUNILVR
2025-11-28,2425.3307221458876,2445.129340285854,2422.5588672698223,2441.763671875,973225,0.0,0.0,HINDUNILVR
2025-12-01,2441.7635217623283,2462.9479451967945,2434.042012825968,2439.6845703125,1924828,0.0,0.0,HINDUNILVR
2025-12-02,2446.119251627908,2459.3842290026473,2435.2300117380223,2452.850830078125,2179406,0.0,0.0,HINDUNILVR
2025-12-03,2453.2466947597763,2459.879183417393,2378.903029581739,2423.350830078125,3535932,0.0,0.0,HINDUNILVR
2025-12-04,2415.431298091029,2457.9983250655837,2398.8004113086886,2437.40771484375,2587753,0.0,0.0,HINDUNILVR
2025-12-05,2397.6126302941066,2397.6126302941066,2263.674931718664,2315.052490234375,4008271,0.0,0.0,HINDUNILVR
2025-12-08,2326.4365509724244,2331.3862051452247,2278.8207811571547,2290.699951171875,1898154,0.0,0.0,HINDUNILVR
2025-12-09,2294.659840185007,2306.934886746879,2274.960311827886,2283.275634765625,1471488,0.0,0.0,HINDUNILVR
2025-12-10,2283.2756424827394,2293.570827267341,2271.891437024881,2278.52392578125,2857290,0.0,0.0,HINDUNILVR
2025-12-11,2273.1783599753567,2289.710157566845,2268.9216087951613,2282.384765625,1108032,0.0,0.0,HINDUNILVR
2025-12-12,2283.6714979780418,2285.750449542293,2222.097844295659,2237.837890625,3203114,0.0,0.0,HINDUNILVR
2025-12-15,2237.83786456232,2275.8511140306505,2229.32436224316,2270.406494140625,1274115,0.0,0.0,HINDUNILVR
2025-12-16,2270.3073037063286,2279.513708903146,2253.0826036728013,2258.13134765625,1256042,0.0,0.0,HINDUNILVR
2025-12-17,2258.230235399214,2263.179889712154,2245.460223944765,2252.686767578125,808100,0.0,0.0,HINDUNILVR
2025-12-18,2247.1431656574155,2255.35964054673,2232.5912296171614,2242.6884765625,1057295,0.0,0.0,HINDUNILVR
2025-12-19,2240.906558258753,2261.7941971851546,2240.906558258753,2257.04248046875,1237214,0.0,0.0,HINDUNILVR
2025-12-22,2257.0424338692947,2271.8913972500136,2257.0424338692947,2266.44677734375,790773,0.0,0.0,HINDUNILVR
2025-12-23,2266.2486667249427,2286.7401862916095,2257.7351650294536,2279.414794921875,1128801,0.0,0.0,HINDUNILVR
2025-12-24,2279.414949884213,2281.790687332576,2255.161643229268,2259.22021484375,519380,0.0,0.0,HINDUNILVR
2025-12-26,2259.3192987304974,2266.9417181800486,2252.092754960529,2262.387939453125,533626,0.0,0.0,HINDUNILVR
2025-12-29,2265.8526552878384,2275.554026080165,2257.0423672814736,2270.20849609375,1086695,0.0,0.0,HINDUNILVR
2025-12-30,2270.208530832208,2274.8611576222947,2260.0121944524367,2267.1396484375,1556717,0.0,0.0,HINDUNILVR
2025-12-31,2266.941697626568,2302.0842435941418,2263.773967171593,2292.580810546875,1324220,0.0,0.0,HINDUNILVR
2026-01-01,2298.6194441455013,2302.5791675634955,2276.8409653465346,2299.609375,758866,0.0,0.0,HINDUNILVR
2026-01-02,2302.5791870325143,2333.959947048983,2298.61946358104,2324.357666015625,973413,0.0,0.0,HINDUNILVR
2026-01-05,2317.923087360375,2369.8944570321323,2312.8743433478985,2360.09423828125,1344113,0.0,0.0,HINDUNILVR
2026-01-06,2374.646286801663,2403.65131045372,2343.958428959233,2400.285400390625,1584720,0.0,0.0,HINDUNILVR
2026-01-07,2391.672939054789,2397.5134344101753,2358.0152900780245,2375.239990234375,892690,0.0,0.0,HINDUNILVR
2026-01-08,2364.944858096775,2393.7519432044614,2344.255399502143,2362.66796875,1163828,0.0,0.0,HINDUNILVR
2026-01-09,2358.0152139754705,2361.9749372567057,2337.2266667489866,2348.7099609375,1189464,0.0,0.0,HINDUNILVR
2026-01-12,2338.216782309291,2389.5940992696505,2337.226851410769,2381.9716796875,1057665,0.0,0.0,HINDUNILVR
2026-01-13,2390.782022961365,2397.8103867825116,2341.1863921461404,2365.439697265625,1519683,0.0,0.0,HINDUNILVR
2026-01-14,2374.7450098298477,2374.7450098298477,2317.428110518576,2329.80224609375,1027639,0.0,0.0,HINDUNILVR
2026-01-15,2329.80224609375,2329.80224609375,2329.80224609375,2329.80224609375,0,0.0,0.0,HINDUNILVR
2026-01-16,2346.1362458650515,2349.0069488178538,2325.2486070875743,2336.6328125,1367606,0.0,0.0,HINDUNILVR
2026-01-19,2329.30730174585,2400.978198972787,2329.30730174585,2389.593994140625,1505238,0.0,0.0,HINDUNILVR
2026-01-20,2398.602397957309,2414.441291216623,2344.6511677927724,2355.14453125,1460806,0.0,0.0,HINDUNILVR
2026-01-21,2355.1445790948096,2376.329002586571,2336.2368032094596,2344.15625,1020245,0.0,0.0,HINDUNILVR
2026-01-22,2345.04711560399,2377.8139237153,2341.879385191128,2366.52880859375,1745964,0.0,0.0,HINDUNILVR
2026-01-23,2375.8341817545133,2409.7888602718917,2352.8678330006896,2385.238525390625,1378097,0.0,0.0,HINDUNILVR
2026-01-27,2387.713182496065,2397.216615218734,2356.5303610828705,2376.724853515625,2060117,0.0,0.0,HINDUNILVR
2026-01-28,2378.902901138909,2395.8305735138733,2317.0322235644744,2354.451416015625,1797593,0.0,0.0,HINDUNILVR
2026-01-29,2346.6310422104034,2350.7887033771153,2288.720088416137,2328.911376953125,1478536,0.0,0.0,HINDUNILVR
2026-01-30,2317.428169157251,2360.985127484,2316.4382382861886,2349.10595703125,2090462,0.0,0.0,HINDUNILVR
2026-02-02,2332.3760961990047,2336.236729715009,2279.810673107486,2333.56396484375,1375089,0.0,0.0,HINDUNILVR
2026-02-03,2365.934667080886,2375.734885556113,2319.704945981085,2344.750244140625,1553270,0.0,0.0,HINDUNILVR
2026-02-04,2336.830792697157,2369.3994200347297,2333.0690072409366,2347.1259765625,1232755,0.0,0.0,HINDUNILVR
2026-02-05,2338.7116518565326,2398.6024687612185,2327.921502178045,2330.693115234375,1962066,0.0,0.0,HINDUNILVR
2026-02-06,2330.693062545289,2404.5419995502302,2313.963328097432,2399.790283203125,1421995,0.0,0.0,HINDUNILVR
2026-02-09,2400.58238066687,2414.441412967627,2377.813970458483,2410.481689453125,958484,0.0,0.0,HINDUNILVR
2026-02-10,2410.4817200012817,2433.3492202602692,2405.6311553074825,2428.89453125,792532,0.0,0.0,HINDUNILVR
2026-02-11,2435.2298831546827,2445.723246803812,2422.360782146142,2438.1005859375,1137856,0.0,0.0,HINDUNILVR
2026-02-12,2450.078811010715,2454.6325895142136,2326.436546675471,2385.436279296875,4656164,0.0,0.0,HINDUNILVR
2026-02-13,2375.834017414984,2375.834017414984,2277.13796094467,2281.988525390625,2791519,0.0,0.0,HINDUNILVR
2026-02-16,2284.8595085309053,2303.5691050619544,2265.0608913838323,2295.649658203125,2036833,0.0,0.0,HINDUNILVR
2026-02-17,2286.047297375419,2302.579093779329,2280.206560511637,2289.01708984375,1233244,0.0,0.0,HINDUNILVR
2026-02-18,2289.3143418344703,2305.4500224815533,2282.7807010907572,2300.1044921875,830787,0.0,0.0,HINDUNILVR
2026-02-19,2312.4783943638467,2313.864200838222,2252.686669538672,2256.349365234375,940180,0.0,0.0,HINDUNILVR
2026-02-20,2261.992106805432,2307.7268660551376,2255.359618111006,2291.195068359375,1716316,0.0,0.0,HINDUNILVR
2026-02-23,2301.589198978469,2326.3374699352266,2297.4315377942003,2321.78369140625,1300035,0.0,0.0,HINDUNILVR
2026-02-24,2307.627974972371,2348.116051360412,2306.835981930553,2334.85107421875,1544803,0.0,0.0,HINDUNILVR
2026-02-25,2345.0472309590837,2356.0355607092815,2325.3477025655893,2350.98681640625,1158620,0.0,0.0,HINDUNILVR
2026-02-26,2354.0555642457175,2363.261969498705,2331.485092501007,2359.30224609375,1470677,0.0,0.0,HINDUNILVR
2026-02-27,2345.443166643118,2354.946357613014,2307.1328918130507,2314.557373046875,3053227,0.0,0.0,HINDUNILVR
2026-03-02,2279.810762828429,2330.29723651677,2267.139599527044,2297.233642578125,2273224,0.0,0.0,HINDUNILVR
2026-03-04,2269.812432719107,2288.3243336403816,2229.4234459004774,2238.53076171875,2648737,0.0,0.0,HINDUNILVR
2026-03-05,2252.5877729936083,2254.86466241023,2205.961930722778,2232.294189453125,1751288,0.0,0.0,HINDUNILVR
2026-03-06,2222.4938661562232,2227.344430687897,2197.15153951635,2203.2890625,1674258,0.0,0.0,HINDUNILVR
2026-03-09,2176.8580406764563,2177.8479715726257,2148.545920373073,2172.50244140625,1512817,0.0,0.0,HINDUNILVR
2026-03-10,2201.606195210621,2201.606195210621,2153.0995838952795,2168.146484375,1084986,0.0,0.0,HINDUNILVR
2026-03-11,2168.1465318534633,2172.8982483412015,2134.290944612132,2139.636474609375,1313256,0.0,0.0,HINDUNILVR
2026-03-12,2143.2992989000727,2143.2992989000727,2088.061111223958,2115.383056640625,1791973,0.0,0.0,HINDUNILVR
2026-03-13,2114.492390950521,2169.8294312879443,2098.950524241146,2138.250732421875,2298875,0.0,0.0,HINDUNILVR
2026-03-16,2147.7540473535414,2164.681719709848,2132.3110295750503,2153.79248046875,1981511,0.0,0.0,HINDUNILVR
2026-03-17,2150.921837339099,2162.8010077496438,2123.8966763186418,2136.46875,1705956,0.0,0.0,HINDUNILVR
2026-03-18,2143.2002132585976,2153.099521402979,2108.2556071724653,2113.79931640625,2441148,0.0,0.0,HINDUNILVR
2026-03-19,2090.734099450428,2112.1167039586576,2049.256090646583,2056.383544921875,2098905,0.0,0.0,HINDUNILVR
2026-03-20,2078.5578289353593,2078.656918696704,2048.166999131025,2061.72900390625,2429744,0.0,0.0,HINDUNILVR
2026-03-23,2041.534531517212,2075.8850852106953,2012.8265355843985,2031.5361328125,2599535,0.0,0.0,HINDUNILVR
2026-03-24,2049.1568963579134,2093.7037854091727,2045.1971728866906,2064.005859375,1702418,0.0,0.0,HINDUNILVR
2026-03-25,2076.874939459462,2133.0039707547157,2064.9957691670343,2113.304443359375,2069217,0.0,0.0,HINDUNILVR
2026-03-27,2101.920214571949,2105.5829103672913,2048.6618866972776,2053.512451171875,2789151,0.0,0.0,HINDUNILVR
2026-03-30,2043.2172992976207,2061.4319304866403,2025.5964816164349,2034.505859375,2482193,0.0,0.0,HINDUNILVR
2026-04-01,2098.5542902611737,2098.5542902611737,2031.338082923151,2043.91015625,2028470,0.0,0.0,HINDUNILVR
2026-04-02,2034.3079361718803,2049.0578094497764,2002.13518292342,2044.5042724609375,1431905,0.0,0.0,HINDUNILVR
2026-04-06,2044.5042099690797,2071.727308039528,2021.3398041699922,2063.807861328125,1661298,0.0,0.0,HINDUNILVR
2026-04-07,2043.9101735971367,2098.1584324058085,2030.1502314824131,2089.34814453125,2709707,0.0,0.0,HINDUNILVR
2026-04-08,2108.552830795398,2170.720540058606,2108.552830795398,2123.995849609375,3794437,0.0,0.0,HINDUNILVR
2026-04-09,2123.896656880212,2141.1213571449207,2093.7037656964103,2111.720458984375,2506245,0.0,0.0,HINDUNILVR
2026-04-10,2111.7205746871014,2148.1500806118274,2100.039341580484,2133.59814453125,2144484,0.0,0.0,HINDUNILVR
2026-04-13,2109.5427916939393,2119.145073286812,2092.2190005842986,2105.781005859375,1994541,0.0,0.0,HINDUNILVR
2026-04-15,2119.342960674532,2146.1701846556675,2119.342960674532,2135.875,1552971,0.0,0.0,HINDUNILVR
2026-04-16,2136.270876584757,2141.9134343634555,2107.6619703228953,2117.561279296875,1845734,0.0,0.0,HINDUNILVR
2026-04-17,2120.4318458384037,2222.3947217120526,2111.522468334881,2218.237060546875,4882697,0.0,0.0,HINDUNILVR
2026-04-20,2218.2371672517165,2230.710151347242,2200.814287067127,2209.03076171875,1460822,0.0,0.0,HINDUNILVR
2026-04-21,2216.1580861785023,2312.1813760556415,2204.773881708532,2287.43310546875,3217281,0.0,0.0,HINDUNILVR
2026-04-22,2287.136135627566,2383.753483110979,2287.136135627566,2344.9482421875,5558325,0.0,0.0,HINDUNILVR
2026-04-23,2312.478464472606,2375.8340388417187,2312.478464472606,2342.572265625,2063531,0.0,0.0,HINDUNILVR
2026-04-24,2364.5490228916565,2364.5490228916565,2275.8511183860137,2303.8662109375,1676706,0.0,0.0,HINDUNILVR
2026-04-27,2311.3896002112174,2339.0088177903613,2301.5893808110277,2304.856201171875,1099681,0.0,0.0,HINDUNILVR
2026-04-28,2297.62960044326,2310.8945777237636,2258.131454523486,2266.44677734375,1629120,0.0,0.0,HINDUNILVR
2026-04-29,2281.7906936045574,2326.0405558989446,2267.9316611922086,2291.095947265625,1778765,0.0,0.0,HINDUNILVR
2026-04-30,2288.720225829817,2344.948348918507,2189.331260792845,2228.2353515625,4434979,0.0,0.0,HINDUNILVR
2026-05-01,2228.2353515625,2228.2353515625,2228.2353515625,2228.2353515625,0,0.0,0.0,HINDUNILVR
2026-05-04,2245.955163802939,2341.978456380622,2245.955163802939,2286.04736328125,2554255,0.0,0.0,HINDUNILVR
2026-05-05,2278.3259741656116,2311.884535117792,2265.0609967330465,2303.965087890625,1741424,0.0,0.0,HINDUNILVR
2026-05-06,2306.5388097283676,2315.84406275992,2265.258742886433,2293.768798828125,1196175,0.0,0.0,HINDUNILVR
2026-05-07,2286.7402347777156,2304.4599000972157,2245.262229356629,2249.32080078125,1859012,0.0,0.0,HINDUNILVR
2026-05-08,2249.3208664913536,2274.16822791307,2233.2840347907604,2264.664794921875,1104526,0.0,0.0,HINDUNILVR
2026-05-11,2254.1717310173203,2293.7689667003274,2236.4518230397666,2283.968505859375,1903862,0.0,0.0,HINDUNILVR
2026-05-12,2262.289070470158,2283.770522059433,2233.2840475795756,2239.2236328125,983506,0.0,0.0,HINDUNILVR
2026-05-13,2242.193325602698,2272.683243444049,2227.3443631814885,2244.47021484375,1308559,0.0,0.0,HINDUNILVR
2026-05-14,2245.1630860930386,2262.882750990242,2222.3946773716366,2226.057373046875,1380764,0.0,0.0,HINDUNILVR
2026-05-15,2226.0574260984463,2275.7519058077983,2223.582599004531,2249.32080078125,1038522,0.0,0.0,HINDUNILVR
2026-05-18,2240.312727327763,2242.193499373944,2202.299235574,2231.502197265625,1118204,0.0,0.0,HINDUNILVR
2026-05-19,2219.424971337065,2259.022205437637,2207.0508356806363,2210.41650390625,1145022,0.0,0.0,HINDUNILVR
2026-05-20,2202.4969749325523,2204.4768365637315,2178.83772511289,2187.05419921875,1071994,0.0,0.0,HINDUNILVR
2026-05-21,2201.6062145049336,2206.5558687641624,2154.0895336163376,2157.059326171875,1581812,0.0,0.0,HINDUNILVR
2026-05-22,2158.0493989217307,2202.101324725408,2153.4956200308816,2181.411865234375,1382889,0.0,0.0,HINDUNILVR
2026-05-25,2192.696776899151,2215.56427562462,2170.8192089984664,2174.383056640625,780722,0.0,0.0,HINDUNILVR
2026-05-26,2177.451947396857,2197.6464396286196,2167.9485147687737,2187.153076171875,2302703,0.0,0.0,HINDUNILVR
2026-05-27,2182.8966461541704,2192.3009893676626,2164.9788008323703,2176.263916015625,616538,0.0,0.0,HINDUNILVR
2026-05-28,2176.263916015625,2176.263916015625,2176.263916015625,2176.263916015625,0,0.0,0.0,HINDUNILVR
2026-05-29,2112.017544397656,2185.569457533162,2096.77270543257,2131.816162109375,17701621,0.0,0.0,HINDUNILVR
2026-06-01,2136.7658114814612,2145.6751894306544,2059.3532647482753,2063.31298828125,1470488,0.0,0.0,HINDUNILVR
2026-06-02,2058.066228961863,2075.88498419097,2044.9001003727778,2072.6181640625,2148903,0.0,0.0,HINDUNILVR
2026-06-03,2070.9353670832684,2078.4589383211337,2051.334687643431,2069.549560546875,1544973,0.0,0.0,HINDUNILVR
2026-06-04,2067.9655912455964,2089.64498066566,2052.621662732285,2058.462158203125,2142735,0.0,0.0,HINDUNILVR
2026-06-05,2065.688783694319,2106.07801320051,2056.284440039605,2100.138427734375,1822999,0.0,0.0,HINDUNILVR
2026-06-08,2084.101554867211,2103.603145099428,2070.440460223743,2088.853271484375,1601497,0.0,0.0,HINDUNILVR
2026-06-09,2098.3565153522595,2117.0663546833757,2088.8533235633454,2111.32470703125,1460636,0.0,0.0,HINDUNILVR
2026-06-10,2113.403324412981,2182.6984855334144,2112.017517863509,2147.655029296875,2325534,0.0,0.0,HINDUNILVR
2026-06-11,2142.2104294070446,2143.2003602893956,2113.7994614200466,2118.254150390625,1178896,0.0,0.0,HINDUNILVR
2026-06-12,2129.539277901612,2157.455280606382,2123.40175473256,2146.962158203125,1156153,0.0,0.0,HINDUNILVR
2026-06-15,2177.848007096508,2188.7372471319904,2128.351461480678,2134.39013671875,1439449,0.0,0.0,HINDUNILVR
2026-06-16,2139.2405659215233,2186.7572467009,2138.3497248298445,2177.748779296875,1337309,0.0,0.0,HINDUNILVR
2026-06-17,2178.9369260000276,2202.2003013528906,2161.0190806510564,2175.47216796875,1511401,0.0,0.0,HINDUNILVR
2026-06-18,2186.460250293131,2199.2305034441215,2174.68016968817,2196.16162109375,1120482,0.0,0.0,HINDUNILVR
2026-06-19,2187.3514048487905,2188.34133574496,2157.950263886682,2172.50244140625,1508994,0.0,0.0,HINDUNILVR
2026-06-22,2181.5106513903265,2185.9653403900866,2160.524164883483,2162.89990234375,765860,0.0,0.0,HINDUNILVR
2026-06-23,2160.10009765625,2179.699951171875,2156.0,2160.10009765625,710082,22.0,0.0,HINDUNILVR
2026-06-24,2160.0,2166.0,2140.0,2157.800048828125,942271,0.0,0.0,HINDUNILVR
2026-06-25,2161.0,2200.89990234375,2161.0,2174.199951171875,1898262,0.0,0.0,HINDUNILVR
2026-06-26,2174.199951171875,2174.199951171875,2174.199951171875,2174.199951171875,0,0.0,0.0,HINDUNILVR
2026-06-29,2172.0,2189.89990234375,2143.0,2151.300048828125,1423514,0.0,0.0,HINDUNILVR
2026-06-30,2151.0,2151.300048828125,2114.199951171875,2118.199951171875,2364422,0.0,0.0,HINDUNILVR
2026-07-01,2133.5,2190.0,2120.199951171875,2182.0,2497576,0.0,0.0,HINDUNILVR
2026-07-02,2186.0,2216.0,2179.199951171875,2210.60009765625,2585362,0.0,0.0,HINDUNILVR
2026-07-03,2224.89990234375,2239.300048828125,2190.0,2201.199951171875,1536616,0.0,0.0,HINDUNILVR
2026-07-06,2202.10009765625,2221.39990234375,2190.300048828125,2202.0,2131061,0.0,0.0,HINDUNILVR
2026-07-07,2200.0,2219.39990234375,2193.699951171875,2208.800048828125,2552492,0.0,0.0,HINDUNILVR
2026-07-08,2199.0,2199.0,2130.0,2135.800048828125,1326689,0.0,0.0,HINDUNILVR
2026-07-09,2139.0,2166.800048828125,2137.10009765625,2144.5,2201039,0.0,0.0,HINDUNILVR
2026-07-10,2151.5,2178.0,2145.0,2150.60009765625,1665179,0.0,0.0,HINDUNILVR
2026-07-13,2143.0,2143.0,2120.0,2130.60009765625,1833988,0.0,0.0,HINDUNILVR
2026-07-14,2125.0,2145.0,2116.10009765625,2120.199951171875,2681897,0.0,0.0,HINDUNILVR
2026-07-15,2121.0,2128.5,2091.0,2102.60009765625,2029614,0.0,0.0,HINDUNILVR
2026-07-16,2104.89990234375,2123.0,2096.0,2098.39990234375,2143092,0.0,0.0,HINDUNILVR
2026-07-17,2100.0,2154.5,2092.10009765625,2143.800048828125,1059832,0.0,0.0,HINDUNILVR
2026-07-20,2153.800048828125,2153.800048828125,2128.39990234375,2139.699951171875,689849,0.0,0.0,HINDUNILVR
2026-07-21,2139.699951171875,2147.699951171875,2127.5,2142.5,1032417,0.0,0.0,HINDUNILVR
2026-07-22,2139.699951171875,2159.89990234375,2130.0,2154.60009765625,819175,0.0,0.0,HINDUNILVR
2026-07-23,2150.0,2166.0,2139.89990234375,2161.800048828125,833281,0.0,0.0,HINDUNILVR
2026-07-24,2148.0,2163.0,2139.0,2145.0,1603494,0.0,0.0,HINDUNILVR
2026-07-27,2155.0,2181.300048828125,2152.39990234375,2174.60009765625,698681,0.0,0.0,HINDUNILVR
2026-07-28,2174.60009765625,2213.0,2016.0,2022.699951171875,9947304,0.0,0.0,HINDUNILVR
2026-07-29,2050.5,2123.0,2047.0,2117.800048828125,5183374,0.0,0.0,HINDUNILVR
2026-07-30,2120.0,2132.60009765625,2088.0,2107.89990234375,2602039,0.0,0.0,HINDUNILVR
2026-07-31,2119.60009765625,2119.60009765625,2091.10009765625,2101.300048828125,1759019,0.0,0.0,HINDUNILVR
2026-08-03,2107.0,2138.0,2105.300048828125,2138.0,740649,0.0,0.0,HINDUNILVR
2026-08-04,2119.10009765625,2119.10009765625,2070.199951171875,2096.5,1657094,0.0,0.0,HINDUNILVR
2026-08-05,2085.300048828125,2097.800048828125,2074.199951171875,2085.300048828125,1150148,0.0,0.0,HINDUNILVR
2026-08-06,2081.0,2094.0,2075.199951171875,2079.5,1160270,0.0,0.0,HINDUNILVR
2026-08-07,2083.10009765625,2099.39990234375,2077.199951171875,2096.0,1054665,0.0,0.0,HINDUNILVR
2026-08-10,2096.0,2097.0,2076.0,2087.199951171875,1118008,0.0,0.0,HINDUNILVR
2026-08-11,2086.0,2086.5,2063.800048828125,2064.89990234375,956661,0.0,0.0,HINDUNILVR
2026-08-12,2065.0,2072.10009765625,2050.10009765625,2063.0,995523,0.0,0.0,HINDUNILVR
2026-08-13,2063.0,2092.0,2052.89990234375,2092.0,1186057,0.0,0.0,HINDUNILVR
2026-08-14,2089.0,2090.89990234375,2066.39990234375,2077.0,1148419,0.0,0.0,HINDUNILVR
2026-08-17,2070.89990234375,2076.0,2055.0,2055.0,1024288,0.0,0.0,HINDUNILVR
2026-08-18,2055.0,2060.0,2034.9000244140625,2035.0,1234596,0.0,0.0,HINDUNILVR
2026-08-19,2035.0,2041.699951171875,2008.300048828125,2020.699951171875,1449442,0.0,0.0,HINDUNILVR
2026-08-20,2022.9000244140625,2043.5999755859375,2018.199951171875,2028.0,1401471,0.0,0.0,HINDUNILVR
2026-08-21,2028.0,2034.699951171875,2012.0,2015.0,857550,0.0,0.0,HINDUNILVR
2026-08-24,2019.9000244140625,2030.0,2006.199951171875,2030.0,891171,0.0,0.0,HINDUNILVR
2026-08-25,2024.0,2029.199951171875,2012.0,2024.199951171875,1019583,0.0,0.0,HINDUNILVR
2026-08-26,2030.300048828125,2051.89990234375,2021.0,2021.0,765343,0.0,0.0,HINDUNILVR
2026-08-27,2020.0,2028.0,2004.300048828125,2009.0,989046,0.0,0.0,HINDUNILVR
2026-08-28,2018.0,2018.0,1997.5,2010.4000244140625,933212,0.0,0.0,HINDUNILVR
2026-08-31,2001.0999755859375,2008.5999755859375,1967.4000244140625,1967.4000244140625,1800025,0.0,0.0,HINDUNILVR
2026-09-01,1987.0,2003.0,1980.0,1994.800048828125,922778,0.0,0.0,HINDUNILVR
2026-09-02,1983.0,1983.800048828125,1962.300048828125,1975.0,1497019,0.0,0.0,HINDUNILVR
2026-09-03,1978.9000244140625,1978.9000244140625,1959.9000244140625,1962.0,1638341,0.0,0.0,HINDUNILVR
2026-09-04,1967.0,1984.199951171875,1950.4000244140625,1973.4000244140625,2247162,0.0,0.0,HINDUNILVR
2026-09-07,1972.0,1974.199951171875,1958.0,1960.0,713057,0.0,0.0,HINDUNILVR
2026-09-08,1967.0,1990.800048828125,1956.699951171875,1980.0,1256067,0.0,0.0,HINDUNILVR
2026-09-09,1973.0,1979.5999755859375,1936.0,1945.0,1455307,0.0,0.0,HINDUNILVR
2026-09-10,1940.0,1950.0,1936.0,1942.300048828125,1232506,0.0,0.0,HINDUNILVR
2026-09-11,1930.5,1946.5999755859375,1926.199951171875,1927.0,1100313,0.0,0.0,HINDUNILVR
2026-09-14,1927.0,1927.0,1927.0,1927.0,0,0.0,0.0,HINDUNILVR
2026-09-15,1944.0,1969.4000244140625,1933.800048828125,1938.0999755859375,1715702,0.0,0.0,HINDUNILVR
2026-09-16,1944.0999755859375,1977.0,1943.5,1962.0,1013304,0.0,0.0,HINDUNILVR
2026-09-17,1962.0,1968.9000244140625,1942.199951171875,1942.199951171875,1171388,0.0,0.0,HINDUNILVR
2026-09-18,1950.0,1959.5999755859375,1932.0,1932.0,1994635,0.0,0.0,HINDUNILVR
2026-09-21,1940.0,1966.5999755859375,1939.0,1947.0,864547,0.0,0.0,HINDUNILVR
2026-09-22,1952.0,1956.800048828125,1933.800048828125,1933.800048828125,1023040,0.0,0.0,HINDUNILVR
2026-09-23,1938.0,1954.0,1936.0,1950.0,870342,0.0,0.0,HINDUNILVR
2026-09-24,1940.0,1953.0,1925.5,1933.5,1257687,0.0,0.0,HINDUNILVR
2026-09-25,1933.5,1942.9000244140625,1915.0,1942.9000244140625,732074,0.0,0.0,HINDUNILVR
2026-09-28,1932.0999755859375,1933.199951171875,1893.199951171875,1896.0,1852879,0.0,0.0,HINDUNILVR
2026-09-29,1896.0,1898.9000244140625,1863.800048828125,1863.800048828125,2057852,0.0,0.0,HINDUNILVR
2026-09-30,1871.4000244140625,1889.5999755859375,1865.199951171875,1879.0999755859375,1430335,0.0,0.0,HINDUNILVR
2026-10-01,1870.0999755859375,1873.5999755859375,1826.9000244140625,1836.0,1331073,0.0,0.0,HINDUNILVR
