Date,Open,High,Low,Close,Volume,Dividends,Stock Splits,Symbol
2021-10-04,1456.7013200318202,1470.2013920560314,1450.517437336317,1462.1448974609375,2947154,0.0,0.0,INFY
2021-10-05,1455.3950807569224,1483.2226102398492,1448.4273005977032,1474.38232421875,4373310,0.0,0.0,INFY
2021-10-06,1482.4822902737767,1488.492021865943,1454.524093924005,1457.6160888671875,4271698,0.0,0.0,INFY
2021-10-07,1469.3305632299673,1484.3112472506546,1460.3160193905471,1472.814453125,5476108,0.0,0.0,INFY
2021-10-08,1485.2259570483295,1508.0889867346034,1479.2598162798897,1501.426025390625,4738376,0.0,0.0,INFY
2021-10-11,1464.9757128474757,1506.7823919299244,1449.0368739193389,1472.7708740234375,8840633,0.0,0.0,INFY
2021-10-12,1460.6207915841135,1471.0724609335527,1447.5562048973147,1467.71923828125,7439300,0.0,0.0,INFY
2021-10-13,1477.125873324372,1492.5421514566985,1463.2774946507823,1488.666259765625,7104171,0.0,0.0,INFY
2021-10-14,1527.6857924741366,1553.4665576738048,1479.085483572147,1494.37109375,19655776,0.0,0.0,INFY
2021-10-18,1515.4922131177411,1566.8795927579404,1515.4922131177411,1560.9134521484375,13438109,0.0,0.0,INFY
2021-10-19,1579.944155219386,1597.799091923905,1552.3343687944996,1587.0426025390625,10324260,0.0,0.0,INFY
2021-10-20,1593.3570895202022,1609.5571565198998,1562.5682333583247,1569.7972412109375,5876115,0.0,0.0,INFY
2021-10-21,1579.9441517799685,1579.9441517799685,1521.4583257794832,1527.3809814453125,8779629,0.0,0.0,INFY
2021-10-22,1524.1146865515605,1535.6985561548709,1486.7499477946783,1497.8984375,7369809,0.0,0.0,INFY
2021-10-25,1499.858350257659,1506.564796489911,1469.5048712675496,1487.229248046875,5905209,0.0,0.0,INFY
2021-10-26,1502.6062654350915,1517.1485436893581,1490.1727607226414,1497.0264892578125,5871709,15.0,0.0,INFY
2021-10-27,1501.7713769207796,1523.782638320306,1494.785823536902,1519.21337890625,5090259,0.0,0.0,INFY
2021-10-28,1510.7780094844702,1515.522964410046,1486.7897990608278,1497.2022705078125,5329972,0.0,0.0,INFY
2021-10-29,1492.8966047069405,1504.8467856229756,1459.5503108556832,1465.4375,5875091,0.0,0.0,INFY
2021-11-01,1474.0048022483252,1500.1018935472132,1472.6867651673283,1493.8193359375,3636806,0.0,0.0,INFY
2021-11-02,1489.3817055003249,1499.442677656232,1481.7810045478552,1491.929931640625,3471772,0.0,0.0,INFY
2021-11-03,1501.6836622957965,1509.108562016102,1492.896747946494,1495.97216796875,3530713,0.0,0.0,INFY
2021-11-04,1506.955843008158,1508.713225915456,1498.1689284716672,1501.4200439453125,483407,0.0,0.0,INFY
2021-11-08,1520.1360112691098,1529.8016159650406,1496.4113451972798,1526.7261962890625,5245903,0.0,0.0,INFY
2021-11-09,1524.3098926867096,1537.7099364183555,1516.621343004618,1531.1197509765625,4016134,0.0,0.0,INFY
2021-11-10,1516.6214263051052,1538.544734840755,1513.0626830662195,1529.054931640625,4780368,0.0,0.0,INFY
2021-11-11,1522.7282608636551,1528.703405453859,1501.6836441561402,1523.035888671875,4731349,0.0,0.0,INFY
2021-11-12,1531.5591812690018,1566.5750137314162,1527.2097015420263,1564.2464599609375,5069009,0.0,0.0,INFY
2021-11-15,1565.915958976433,1581.6445568553665,1560.116617053724,1570.3533935546875,4354074,0.0,0.0,INFY
2021-11-16,1572.857750868686,1589.5089115274943,1561.4347616165671,1574.8787841796875,6034233,0.0,0.0,INFY
2021-11-17,1575.0982330141132,1583.4018234229952,1564.6856546363958,1570.6168212890625,4732492,0.0,0.0,INFY
2021-11-18,1565.476290712521,1572.373995489608,1545.6178901538708,1563.543212890625,4326924,0.0,0.0,INFY
2021-11-22,1567.5855143323686,1568.815703789317,1538.7205222501445,1545.9697265625,6621839,0.0,0.0,INFY
2021-11-23,1524.6174092729004,1535.293531113381,1502.5622768372482,1526.1990966796875,8436160,0.0,0.0,INFY
2021-11-24,1528.9230418655106,1529.3623875671963,1483.2310888902196,1490.2606201171875,7333061,0.0,0.0,INFY
2021-11-25,1493.7754205362603,1516.7970929361409,1491.0953687886788,1513.4581298828125,4476260,0.0,0.0,INFY
2021-11-26,1496.0161123736239,1509.8993723813282,1479.716343711144,1486.4383544921875,4494181,0.0,0.0,INFY
2021-11-29,1485.8672594442673,1504.3197801115232,1466.667872488146,1490.5682373046875,3942776,0.0,0.0,INFY
2021-11-30,1497.7736116444519,1520.048419306774,1493.8194999672771,1504.8909912109375,14808963,0.0,0.0,INFY
2021-12-01,1506.9558896878457,1530.5927119756113,1505.1985067261105,1506.8680419921875,5193264,0.0,0.0,INFY
2021-12-02,1506.9557521388576,1538.1492968624316,1503.748507074007,1536.1722412109375,5559574,0.0,0.0,INFY
2021-12-03,1556.2503551294296,1569.914049638286,1522.3768651886874,1525.012939453125,6754012,0.0,0.0,INFY
2021-12-06,1520.1360551467185,1523.6068431192248,1486.3064377344938,1489.6455078125,3991449,0.0,0.0,INFY
2021-12-07,1494.741848225563,1515.6547454589877,1488.5031610337503,1504.0120849609375,4202122,0.0,0.0,INFY
2021-12-08,1522.7722156867264,1546.3211884129332,1522.4207176698017,1540.653564453125,3029169,0.0,0.0,INFY
2021-12-09,1545.6181864523098,1554.7565985466379,1530.680432518433,1549.5283203125,2082171,0.0,0.0,INFY
2021-12-10,1546.4967870719056,1549.7918796579963,1534.1951080838337,1545.8377685546875,1823469,0.0,0.0,INFY
2021-12-13,1552.6918664330233,1556.4701755463057,1527.8688314228818,1533.0091552734375,4040584,0.0,0.0,INFY
2021-12-14,1520.9269292908916,1549.1329011030184,1502.8697785484514,1539.59912109375,4768144,0.0,0.0,INFY
2021-12-15,1533.316570661763,1535.908667518198,1512.4036713776811,1523.82666015625,3053149,0.0,0.0,INFY
2021-12-16,1548.8253305126736,1561.9617232986577,1544.7393942801555,1556.6895751953125,4481031,0.0,0.0,INFY
2021-12-17,1599.2183437253605,1618.549554473689,1587.5756827064808,1599.9652099609375,18887243,0.0,0.0,INFY
2021-12-20,1583.1381278143033,1607.697614867699,1570.4850584603494,1580.6778564453125,5773891,0.0,0.0,INFY
2021-12-21,1582.523173111217,1615.0347541246067,1582.523173111217,1591.8372802734375,5353584,0.0,0.0,INFY
2021-12-22,1603.6117948544356,1607.2583855937914,1592.496327262333,1603.34814453125,4156428,0.0,0.0,INFY
2021-12-23,1609.103704090808,1635.7719679184652,1605.3692654601534,1632.2572021484375,4112933,0.0,0.0,INFY
2021-12-24,1645.7451196749826,1648.2054986567352,1629.0939594879846,1637.4415283203125,3780347,0.0,0.0,INFY
2021-12-27,1634.3660458305121,1647.1070714566104,1621.2296519691486,1639.77001953125,2647733,0.0,0.0,INFY
2021-12-28,1652.5548702377228,1665.9110438520706,1650.5339443784728,1658.9693603515625,3340933,0.0,0.0,INFY
2021-12-29,1655.0155339494067,1664.0660998166668,1648.77684539863,1656.81689453125,3236635,0.0,0.0,INFY
2021-12-30,1655.893905461335,1678.1248402781916,1646.9751665027095,1663.23095703125,4584738,0.0,0.0,INFY
2021-12-31,1660.7266893716478,1668.0637408590383,1644.602724183878,1658.7496337890625,4619420,0.0,0.0,INFY
2022-01-03,1658.7496564451544,1681.8592826976471,1658.7496564451544,1668.151611328125,3329616,0.0,0.0,INFY
2022-01-04,1668.151697346698,1675.3570314082458,1650.1825005622568,1668.766845703125,3921999,0.0,0.0,INFY
2022-01-05,1669.5137232070176,1672.061949815919,1616.7922372110065,1620.878173828125,6995719,0.0,0.0,INFY
2022-01-06,1606.2480104983958,1606.2480104983958,1581.6446492872608,1597.285400390625,6449205,0.0,0.0,INFY
2022-01-07,1595.2202481604722,1613.2773992100788,1587.619653412898,1594.2098388671875,4834389,0.0,0.0,INFY
2022-01-10,1594.8248209393573,1643.0649981325935,1593.0674382165591,1626.238037109375,7857560,0.0,0.0,INFY
2022-01-11,1629.9726844976424,1643.1530566094832,1625.7110523005758,1630.4998779296875,5142287,0.0,0.0,INFY
2022-01-12,1642.1862281862043,1659.8479022527206,1634.3658539915618,1649.698974609375,5362535,0.0,0.0,INFY
2022-01-13,1673.907008333963,1680.4971934061439,1639.9455664762318,1666.7017822265625,14277630,0.0,0.0,INFY
2022-01-14,1653.6972065268249,1698.5104677026313,1652.8185151312207,1695.30322265625,7688506,0.0,0.0,INFY
2022-01-17,1703.38720992574,1716.8751010955164,1696.3137014437718,1704.221923828125,5262464,0.0,0.0,INFY
2022-01-18,1688.9327940218743,1709.0548494342218,1679.574708740925,1687.74658203125,3690315,0.0,0.0,INFY
2022-01-19,1683.572566076713,1683.572566076713,1636.8701010507093,1640.5606689453125,5747770,0.0,0.0,INFY
2022-01-20,1620.3070843889625,1623.8218502987,1595.2643772820832,1602.4696044921875,5533463,0.0,0.0,INFY
2022-01-21,1577.2510967324367,1588.6740851767383,1560.5559597753802,1569.0792236328125,8252758,0.0,0.0,INFY
2022-01-24,1550.890383701955,1554.0976288940496,1518.378800587523,1526.111328125,7116712,0.0,0.0,INFY
2022-01-25,1517.1485371127924,1528.923023226851,1494.214713216816,1513.2384033203125,9137653,0.0,0.0,INFY
2022-01-27,1495.5327130043718,1502.29859365424,1463.0211322868854,1474.9713134765625,11231734,0.0,0.0,INFY
2022-01-28,1477.0802616309584,1517.9833897106614,1475.7622245146904,1481.6494140625,10998502,0.0,0.0,INFY
2022-01-31,1509.591843604878,1537.2706230423364,1507.2632899140617,1525.583984375,8788872,0.0,0.0,INFY
2022-02-01,1551.8568050061044,1564.0706364850143,1524.2658745729877,1557.0850830078125,5119935,0.0,0.0,INFY
2022-02-02,1571.9791056278098,1575.318176258429,1557.041350012565,1570.3095703125,4253717,0.0,0.0,INFY
2022-02-03,1563.1920737397209,1563.1920737397209,1523.6509588896436,1527.6490478515625,3832922,0.0,0.0,INFY
2022-02-04,1521.8934563342548,1541.180689045186,1502.694071308099,1529.8895263671875,4700077,0.0,0.0,INFY
2022-02-07,1513.2823459720125,1521.8935649371356,1489.733479878767,1506.955810546875,4310209,0.0,0.0,INFY
2022-02-08,1502.5621948686542,1515.742564999081,1490.2605160802557,1508.9766845703125,6053401,0.0,0.0,INFY
2022-02-09,1524.5297479012381,1531.5592798800335,1515.7428329277438,1526.55078125,3867244,0.0,0.0,INFY
2022-02-10,1542.6746701881318,1558.7107891978585,1536.6116777128484,1554.932373046875,4334630,0.0,0.0,INFY
2022-02-11,1528.9228928483824,1534.1510632840202,1505.1982272697005,1512.5352783203125,7551371,0.0,0.0,INFY
2022-02-14,1484.9884794415796,1510.0751620435087,1474.6638553981247,1478.1346435546875,7459637,0.0,0.0,INFY
2022-02-15,1492.896618085269,1534.8541304534688,1485.383764065274,1527.38525390625,4669915,0.0,0.0,INFY
2022-02-16,1527.3853683173847,1542.4988179107663,1517.3682646277543,1523.035888671875,5350642,0.0,0.0,INFY
2022-02-17,1532.4378490996394,1536.8313062358195,1511.6129051790003,1515.5670166015625,3937950,0.0,0.0,INFY
2022-02-18,1502.5622537515017,1513.5458959572875,1496.850759804493,1499.8822021484375,5602215,0.0,0.0,INFY
2022-02-21,1494.6540080635389,1526.550547436766,1486.3064401172699,1520.7510986328125,5120890,0.0,0.0,INFY
2022-02-22,1493.687498875911,1538.5886069583632,1485.911101612414,1523.9583740234375,8878515,0.0,0.0,INFY
2022-02-23,1537.7099108964103,1544.9591147620647,1523.123655479762,1531.42724609375,5478811,0.0,0.0,INFY
2022-02-24,1485.0762465850694,1506.9117054360172,1467.8539173756792,1474.575927734375,13592379,0.0,0.0,INFY
2022-02-25,1506.9558447051804,1518.5106587861058,1473.565569428914,1489.030517578125,9737281,0.0,0.0,INFY
2022-02-28,1478.1347163040493,1518.4228051512885,1463.0212662482625,1507.4830322265625,15076542,0.0,0.0,INFY
2022-03-02,1502.5622527750063,1506.4285162813565,1485.8671166330619,1496.2357177734375,6771489,0.0,0.0,INFY
2022-03-03,1511.5247764511598,1523.5629119775879,1498.6520343318016,1512.095947265625,7344147,0.0,0.0,INFY
2022-03-04,1489.6015651994855,1525.408239012716,1477.0802130071288,1514.2489013671875,9074499,0.0,0.0,INFY
2022-03-07,1491.1392344591268,1538.5885677889987,1490.2605431011661,1528.7911376953125,9742588,0.0,0.0,INFY
2022-03-08,1509.9872022162124,1581.644529208251,1509.9872022162124,1562.489013671875,10984500,0.0,0.0,INFY
2022-03-09,1573.7362690166242,1609.411117760778,1573.7362690166242,1593.375,10193515,0.0,0.0,INFY
2022-03-10,1620.9660220308197,1620.9660220308197,1590.6071900970094,1604.4027099609375,6547182,0.0,0.0,INFY
2022-03-11,1593.9461769078878,1609.2354285026502,1591.310102745416,1600.9757080078125,4758657,0.0,0.0,INFY
2022-03-14,1609.367286068122,1665.1202128221414,1609.367286068122,1661.341796875,10289724,0.0,0.0,INFY
2022-03-15,1659.27699787109,1659.27699787109,1608.0053726067936,1616.17724609375,7140443,0.0,0.0,INFY
2022-03-16,1638.7593724368805,1664.1974441872826,1624.7003107966714,1660.199462890625,5233979,0.0,0.0,INFY
2022-03-17,1689.9870057610751,1689.9870057610751,1610.6851166133736,1629.620849609375,17731459,0.0,0.0,INFY
2022-03-21,1635.2447090569246,1658.0028379594185,1617.7587285984619,1628.2591552734375,8362085,0.0,0.0,INFY
2022-03-22,1625.57917912793,1660.7268370550205,1615.9135731979802,1658.4422607421875,5709382,0.0,0.0,INFY
2022-03-23,1666.8773810115993,1669.513454887738,1631.7297293297522,1645.2615966796875,6192824,0.0,0.0,INFY
2022-03-24,1630.9831884689734,1664.7688324815458,1630.9831884689734,1657.8271484375,3784303,0.0,0.0,INFY
2022-03-25,1662.4843100410872,1664.241693032674,1632.608799184112,1648.9085693359375,3438588,0.0,0.0,INFY
2022-03-28,1639.6381504800765,1652.7306737771728,1627.9076417562392,1646.579833984375,4008555,0.0,0.0,INFY
2022-03-29,1646.5798912876753,1660.1996084457126,1634.8493821555994,1657.2120361328125,3917785,0.0,0.0,INFY
2022-03-30,1678.3006231006957,1686.2088459320603,1665.1202517150882,1672.9844970703125,7795839,0.0,0.0,INFY
2022-03-31,1669.5137000617442,1680.9366885358509,1664.417246914596,1675.53271484375,5399145,0.0,0.0,INFY
2022-04-01,1657.9588459097863,1678.5642235880214,1650.4460988003643,1672.633056640625,6171518,0.0,0.0,INFY
2022-04-04,1660.5070045294929,1663.362751461479,1645.788924187718,1654.5318603515625,7364074,0.0,0.0,INFY
2022-04-05,1655.278878381211,1660.3752240705198,1631.8617314560988,1635.33251953125,5472024,0.0,0.0,INFY
2022-04-06,1629.9725526181892,1632.169281125761,1601.107561481124,1606.9947509765625,5407453,0.0,0.0,INFY
2022-04-07,1600.1409496978658,1606.379636923527,1588.2786162958694,1591.31005859375,5797544,0.0,0.0,INFY
2022-04-08,1601.854540499716,1615.034912473109,1588.6741685263228,1594.4735107421875,5131446,0.0,0.0,INFY
2022-04-11,1593.9463082740529,1593.9463082740529,1548.737675566616,1552.25244140625,8248407,0.0,0.0,INFY
2022-04-12,1544.3002774245751,1544.3002774245751,1518.1592058721535,1531.075927734375,6456184,0.0,0.0,INFY
2022-04-13,1542.0594523193558,1544.3001583273306,1521.8935272961232,1536.4359130859375,6257693,0.0,0.0,INFY
2022-04-18,1410.7392326254023,1449.841005189607,1397.119514091803,1424.71044921875,30523965,0.0,0.0,INFY
2022-04-19,1438.110326839995,1438.110326839995,1361.9716942234015,1372.5159912109375,17044923,0.0,0.0,INFY
2022-04-20,1383.9389289365774,1402.6550983089535,1373.3946323351558,1395.0982666015625,10678747,0.0,0.0,INFY
2022-04-21,1401.5126410033474,1429.8064583118573,1396.4601659652476,1422.425537109375,7766514,0.0,0.0,INFY
2022-04-22,1409.728504477574,1415.3081733294175,1390.4412714487692,1393.1212158203125,8134245,0.0,0.0,INFY
2022-04-25,1382.0058512029284,1382.0058512029284,1365.5742579702844,1371.72509765625,7000570,0.0,0.0,INFY
2022-04-26,1385.8719894508067,1398.8766646653621,1376.5140121457584,1389.2110595703125,5345435,0.0,0.0,INFY
2022-04-27,1381.961856821622,1381.961856821622,1362.2791486149092,1364.4320068359375,8819356,0.0,0.0,INFY
2022-04-28,1379.545574627146,1407.4880056040677,1368.517954039761,1390.6170654296875,9245177,0.0,0.0,INFY
2022-04-29,1397.119154731933,1403.533644070456,1371.4614119020814,1377.392578125,9831395,0.0,0.0,INFY
2022-05-02,1362.7624202077359,1364.387977733773,1345.2764410950936,1354.0633544921875,7072627,0.0,0.0,INFY
2022-05-04,1359.5553049527848,1379.545534836563,1344.5297030639988,1349.274658203125,6220959,0.0,0.0,INFY
2022-05-05,1370.8024136363445,1396.5919819925602,1368.5177304330361,1392.8575439453125,6144870,0.0,0.0,INFY
2022-05-06,1361.9716296199067,1372.3841009487683,1348.8352364842315,1355.68896484375,6171472,0.0,0.0,INFY
2022-05-09,1353.1847646359806,1394.3075653232786,1337.5001444983088,1379.85302734375,6832202,0.0,0.0,INFY
2022-05-10,1369.0012452272317,1378.7986761047448,1358.5009255643938,1364.6077880859375,6212545,0.0,0.0,INFY
2022-05-11,1361.9277121263535,1361.9277121263535,1328.2299179037932,1341.5421142578125,7846080,0.0,0.0,INFY
2022-05-12,1330.3386832943772,1342.2010163356415,1321.8154202362452,1325.76953125,7034979,0.0,0.0,INFY
2022-05-13,1334.9958431960715,1343.7387794348365,1316.3675217689756,1321.9033203125,6723761,0.0,0.0,INFY
2022-05-16,1326.8241461984453,1328.4497039979815,1299.2771895162246,1308.45947265625,6145331,0.0,0.0,INFY
2022-05-17,1313.555783441477,1340.0043728900273,1301.2541039526504,1334.2489013671875,6516378,0.0,0.0,INFY
2022-05-18,1337.3683872175263,1361.7080974834491,1322.6942829038983,1326.12109375,6594126,0.0,0.0,INFY
2022-05-19,1301.3420497086145,1304.593165199384,1245.6769672791786,1254.0245361328125,16561140,0.0,0.0,INFY
2022-05-20,1276.7385996614764,1288.8206063685275,1271.2028009563014,1278.6278076171875,10488908,0.0,0.0,INFY
2022-05-23,1278.5837480095965,1307.4927145622214,1274.1464210976928,1290.2703857421875,5887569,0.0,0.0,INFY
2022-05-24,1290.446197671662,1291.2810188777573,1261.1418602736273,1266.1943359375,5693167,0.0,0.0,INFY
2022-05-25,1260.9222603048568,1267.5124463343247,1229.50904023106,1239.350341796875,9630092,0.0,0.0,INFY
2022-05-26,1245.9844752652336,1256.5287726581694,1236.3628467990359,1251.212646484375,13040065,0.0,0.0,INFY
2022-05-27,1268.7865520688702,1289.0404341053775,1263.0311870850603,1284.0758056640625,8284860,0.0,0.0,INFY
2022-05-30,1306.6140992805463,1344.3978291185176,1304.8567164973847,1341.5860595703125,10904213,0.0,0.0,INFY
2022-05-31,1341.49726302402,1347.9796856356543,1321.4729921530693,1335.1925048828125,16033857,16.0,0.0,INFY
2022-06-01,1343.5394511125153,1345.093445851079,1307.2203524001836,1312.947998046875,8738508,0.0,0.0,INFY
2022-06-02,1317.787559124772,1344.2942481189275,1310.3283625821873,1339.0994873046875,7205840,0.0,0.0,INFY
2022-06-03,1354.1069147899177,1380.8356080966064,1347.9797125984878,1351.2652587890625,9395707,0.0,0.0,INFY
2022-06-06,1346.2036506605543,1364.496369880414,1325.779716646575,1358.6800537109375,6624883,0.0,0.0,INFY
2022-06-07,1349.6224971381034,1349.6224971381034,1334.3045457286844,1337.9453125,4904592,0.0,0.0,INFY
2022-06-08,1349.9331029298305,1349.9331029298305,1324.89162890625,1331.99560546875,4697608,0.0,0.0,INFY
2022-06-09,1318.6755201887377,1347.0469804456918,1315.5675307472154,1345.3154296875,4361061,0.0,0.0,INFY
2022-06-10,1319.6523502188877,1326.62310514879,1308.5523874648798,1311.39404296875,6516436,0.0,0.0,INFY
2022-06-13,1281.9127514082513,1281.9127514082513,1253.5856187134593,1264.9520263671875,6987685,0.0,0.0,INFY
2022-06-14,1252.0761087251524,1286.619223049743,1245.9933493091928,1279.2044677734375,6090247,0.0,0.0,INFY
2022-06-15,1278.8932479061086,1284.3988943960317,1259.9345334598274,1262.9093017578125,4651958,0.0,0.0,INFY
2022-06-16,1276.9399223929138,1282.0459060881565,1236.0920528309707,1240.7095947265625,6641772,0.0,0.0,INFY
2022-06-17,1235.2485686561172,1240.4876655034718,1214.0254135488024,1231.9185791015625,9692047,0.0,0.0,INFY
2022-06-20,1234.3605201667415,1263.0427639663321,1227.2120995273342,1255.76123046875,4595194,0.0,0.0,INFY
2022-06-21,1264.5078124914492,1292.9237183901334,1263.397816167282,1287.5069580078125,6270787,0.0,0.0,INFY
2022-06-22,1275.2081286053715,1296.1203928082316,1274.2756884009718,1276.273681640625,6253366,0.0,0.0,INFY
2022-06-23,1278.5382855533985,1294.6997896368189,1272.4998618309749,1289.7713623046875,6254281,0.0,0.0,INFY
2022-06-24,1294.6997999490238,1303.1357725824364,1268.8591054568187,1279.692626953125,6114340,0.0,0.0,INFY
2022-06-27,1303.6239925143664,1317.7875007978114,1301.0487796269945,1309.4403076171875,4511097,0.0,0.0,INFY
2022-06-28,1304.4679496880472,1321.5618966121417,1290.2599938030853,1314.369140625,4412178,0.0,0.0,INFY
2022-06-29,1300.649368901304,1311.5717770934775,1293.8118342756918,1299.36181640625,5060038,0.0,0.0,INFY
2022-06-30,1300.960054039024,1316.0115598972436,1292.035640789804,1298.162841796875,9165177,0.0,0.0,INFY
2022-07-01,1291.147733707834,1318.6756427483724,1280.8025462113708,1313.702880859375,4651635,0.0,0.0,INFY
2022-07-04,1314.4578653971353,1325.1138318789901,1298.2519163726479,1321.33984375,4800224,0.0,0.0,INFY
2022-07-05,1330.9298548501367,1340.8309339964599,1307.1314935379112,1310.6390380859375,7379669,0.0,0.0,INFY
2022-07-06,1316.1891734537298,1331.9955641744978,1305.3556528910078,1324.580810546875,5209162,0.0,0.0,INFY
2022-07-07,1334.703938132938,1344.383018742935,1328.1770734452934,1330.841064453125,3323472,0.0,0.0,INFY
2022-07-08,1345.315590195814,1347.0471411605954,1331.9511906435466,1344.8271484375,3652582,0.0,0.0,INFY
2022-07-11,1327.555669124535,1331.9068766093092,1302.1589736556825,1308.1529541015625,4702638,0.0,0.0,INFY
2022-07-12,1298.0742548130895,1304.1125702899615,1275.1638853794875,1277.47265625,4710356,0.0,0.0,INFY
2022-07-13,1287.5957856267937,1296.475756562151,1277.4725970808702,1282.6673583984375,5264025,0.0,0.0,INFY
2022-07-14,1288.4841036061168,1290.2156550105062,1255.6282029628182,1268.81494140625,6157606,0.0,0.0,INFY
2022-07-15,1284.043782478867,1284.043782478867,1252.6531072631665,1270.1466064453125,5620018,0.0,0.0,INFY
2022-07-18,1287.5956319164334,1326.3122788930655,1285.8640811499806,1323.0267333984375,5835171,0.0,0.0,INFY
2022-07-19,1306.7323988881258,1320.3186917980886,1305.4447378345067,1317.921142578125,3418540,0.0,0.0,INFY
2022-07-20,1333.105628800247,1354.9060006770792,1331.9956324398804,1345.58203125,5079392,0.0,0.0,INFY
2022-07-21,1347.0916394538826,1363.475143060979,1334.7484577291702,1361.2108154296875,5008061,0.0,0.0,INFY
2022-07-22,1362.1875644368015,1367.5155470877928,1325.0249071257533,1337.590087890625,7020642,0.0,0.0,INFY
2022-07-25,1314.3245716730378,1347.224909731089,1314.3245716730378,1335.1925048828125,7859626,0.0,0.0,INFY
2022-07-26,1329.0209351127858,1329.0209351127858,1283.1558613643324,1288.6170654296875,7268273,0.0,0.0,INFY
2022-07-27,1288.483822375233,1308.019759034265,1283.1558396500427,1306.2882080078125,4517285,0.0,0.0,INFY
2022-07-28,1328.7990796128186,1353.7073369309664,1322.982654384117,1347.447021484375,6636841,0.0,0.0,INFY
2022-07-29,1361.1219644216355,1381.4570107879367,1356.8595350883038,1376.1290283203125,7009465,0.0,0.0,INFY
2022-08-01,1388.8273994069982,1388.8273994069982,1365.6506978612158,1377.327880859375,2983249,0.0,0.0,INFY
2022-08-02,1373.3319367159932,1373.7314920454614,1357.1703247119033,1370.7122802734375,4374635,0.0,0.0,INFY
2022-08-03,1375.5076524859794,1394.1555935461508,1367.4268997061906,1390.6923828125,6011955,0.0,0.0,INFY
2022-08-04,1409.6953575514096,1424.2140880582285,1398.5509508931095,1420.70654296875,7402209,0.0,0.0,INFY
2022-08-05,1428.2545901627868,1443.6168753071975,1422.8378294078434,1435.58056640625,5361971,0.0,0.0,INFY
2022-08-08,1435.8914900922462,1440.3314761469533,1417.2435486624768,1438.022705078125,3763409,0.0,0.0,INFY
2022-08-10,1439.6210168307325,1439.6210168307325,1410.22833119954,1422.9710693359375,4423829,0.0,0.0,INFY
2022-08-11,1447.4352785059941,1448.6340529159374,1435.0033190587033,1438.5108642578125,3462090,0.0,0.0,INFY
2022-08-12,1432.6058852060069,1433.2274398690179,1412.0487289334715,1415.5562744140625,3562286,0.0,0.0,INFY
2022-08-16,1428.7873514369574,1428.7873514369574,1412.8921814722432,1417.6429443359375,3004430,0.0,0.0,INFY
2022-08-17,1417.643043330634,1431.4514427285992,1407.475519060068,1426.345458984375,4067324,0.0,0.0,INFY
2022-08-18,1415.5560961565852,1419.1968624345182,1397.707376873584,1405.6549072265625,4635706,0.0,0.0,INFY
2022-08-19,1407.741913599355,1425.1466359156411,1407.5642491319722,1418.22021484375,4739884,0.0,0.0,INFY
2022-08-22,1408.3634783046587,1419.907441241582,1397.7075125167294,1399.1727294921875,3950555,0.0,0.0,INFY
2022-08-23,1374.619490522654,1380.3914715875098,1361.2995342191398,1369.646728515625,5551574,0.0,0.0,INFY
2022-08-24,1363.0755394912346,1372.8435075266768,1359.5235511147102,1365.2955322265625,2888426,0.0,0.0,INFY
2022-08-25,1374.6192352704923,1375.240789756674,1344.2053406916716,1348.112548828125,4331088,0.0,0.0,INFY
2022-08-26,1363.2086962369879,1371.9110023088876,1347.4910833756708,1351.1319580078125,3079136,0.0,0.0,INFY
2022-08-29,1304.0683315463896,1304.0683315463896,1287.5959401255452,1298.0299072265625,8079050,0.0,0.0,INFY
2022-08-30,1308.108629152098,1328.5325643697543,1301.8038708297447,1325.7353515625,6725875,0.0,0.0,INFY
2022-09-01,1296.520342709969,1303.6686550621423,1288.5283679870784,1300.2054443359375,8140604,0.0,0.0,INFY
2022-09-02,1312.4596927692705,1312.4596927692705,1285.819780196146,1290.259765625,5175653,0.0,0.0,INFY
2022-09-05,1288.4839564379495,1302.691911850084,1284.3547477166785,1297.63037109375,3669352,0.0,0.0,INFY
2022-09-06,1297.6301585781393,1305.355689709022,1283.5553183345817,1292.12451171875,3428442,0.0,0.0,INFY
2022-09-07,1278.715746471275,1301.5816704099107,1276.9841955904926,1294.388916015625,3600574,0.0,0.0,INFY
2022-09-08,1309.7957516157421,1315.212512366536,1299.6725627710948,1310.594970703125,4061475,0.0,0.0,INFY
2022-09-09,1321.33978765346,1349.7556970653623,1314.2358103004844,1342.3409423828125,4816910,0.0,0.0,INFY
2022-09-12,1354.9059088371373,1372.754627422371,1350.7767009768484,1364.1409912109375,5494819,0.0,0.0,INFY
2022-09-13,1378.0827779506399,1379.0595531212691,1368.6700299824238,1371.9111328125,4947158,0.0,0.0,INFY
2022-09-14,1329.3315936480085,1331.06314454904,1307.1316672343812,1310.15087890625,14332197,0.0,0.0,INFY
2022-09-15,1309.7958248853374,1309.9733809599834,1268.9923983100107,1272.3223876953125,12784100,0.0,0.0,INFY
2022-09-16,1265.3959486362396,1265.3959486362396,1215.0908880161,1222.8165283203125,20464045,0.0,0.0,INFY
2022-09-19,1236.0918269349809,1248.5237849644993,1225.96863943133,1234.582275390625,6595241,0.0,0.0,INFY
2022-09-20,1250.2553759892678,1255.2282460795461,1229.9646655178026,1233.0283203125,7219797,0.0,0.0,INFY
2022-09-21,1225.3472325735095,1233.250428524418,1215.1352658184694,1222.9940185546875,7917054,0.0,0.0,INFY
2022-09-22,1213.3149439431238,1228.9436728727633,1207.676183442698,1214.7357177734375,9168498,0.0,0.0,INFY
2022-09-23,1214.336184710104,1238.5785519030435,1209.4522000549628,1212.5157470703125,10426200,0.0,0.0,INFY
2022-09-26,1207.676258829922,1242.7077069492407,1203.2362725842238,1225.658203125,9414587,0.0,0.0,INFY
2022-09-27,1237.3794973619085,1248.967902705002,1223.6599857287542,1237.4683837890625,8561254,0.0,0.0,INFY
2022-09-28,1224.5481116517592,1248.390814263547,1222.7721172911329,1238.4896240234375,7022098,0.0,0.0,INFY
2022-09-29,1247.547174377518,1251.9427167580907,1236.9799869799815,1241.9971923828125,6119965,0.0,0.0,INFY
2022-09-30,1233.3835962258331,1260.3343964051253,1221.884076510353,1255.1395263671875,8120130,0.0,0.0,INFY
2022-10-03,1253.8520673346413,1253.8520673346413,1230.764139749159,1237.6461181640625,4943169,0.0,0.0,INFY
2022-10-04,1260.689463513092,1271.8338706895042,1255.6279233059583,1269.3031005859375,6631341,0.0,0.0,INFY
2022-10-06,1283.1558746803535,1296.2982757871803,1282.3566555701389,1292.1690673828125,6180672,0.0,0.0,INFY
2022-10-07,1284.3544909391683,1294.5664568499894,1278.8489526769124,1288.6612548828125,3994466,0.0,0.0,INFY
2022-10-10,1266.5947604561948,1300.915873263201,1266.5947604561948,1298.8291015625,5274677,0.0,0.0,INFY
2022-10-11,1298.8289881372887,1313.9249389319289,1261.0446679361762,1264.330322265625,12824774,0.0,0.0,INFY
2022-10-12,1276.0518156752744,1279.6925820570834,1255.2283273173289,1268.681396484375,5481467,0.0,0.0,INFY
2022-10-13,1270.7239342833766,1276.8954711779975,1256.515979742123,1260.8671875,4821514,0.0,0.0,INFY
2022-10-14,1318.6757298301836,1326.6677039503666,1302.913780870934,1309.1297607421875,14990688,0.0,0.0,INFY
2022-10-17,1311.4831124808618,1327.5558404413687,1310.239894696481,1323.0714111328125,4286396,0.0,0.0,INFY
2022-10-18,1340.875675315851,1341.7192292357881,1329.5537118322238,1335.28125,4692004,0.0,0.0,INFY
2022-10-19,1335.54770780305,1336.3912617326525,1315.3902159447794,1319.0753173828125,3553171,0.0,0.0,INFY
2022-10-20,1309.7957743941563,1335.5476913144482,1309.085333326775,1332.794921875,4583939,0.0,0.0,INFY
2022-10-21,1332.2621411983666,1337.3236814941895,1324.314501823941,1332.439697265625,3594485,0.0,0.0,INFY
2022-10-24,1348.4237774893445,1351.3542116722354,1341.763798344682,1347.8465576171875,982837,0.0,0.0,INFY
2022-10-25,1356.9483052781436,1361.2107345868535,1350.6879909536958,1355.3499755859375,3914341,0.0,0.0,INFY
2022-10-27,1374.201712053986,1377.8822668553057,1357.7737282362873,1368.0523681640625,6760137,16.5,0.0,INFY
2022-10-28,1369.892717518689,1371.6431919026134,1352.8363861734367,1358.447021484375,3053981,0.0,0.0,INFY
2022-10-31,1373.70805956196,1388.2059642832278,1373.70805956196,1380.35107421875,4542336,0.0,0.0,INFY
2022-11-01,1394.1756124417263,1413.8801201240165,1388.8342217938466,1412.084716796875,4542692,0.0,0.0,INFY
2022-11-02,1411.1870015279026,1411.8602777690894,1386.9490568451713,1394.4000244140625,2938906,0.0,0.0,INFY
2022-11-03,1381.3385965713933,1385.9617825966927,1365.9879182433451,1374.156982421875,3174027,0.0,0.0,INFY
2022-11-04,1364.9106159972587,1364.9106159972587,1347.5850375397733,1359.1204833984375,4509682,0.0,0.0,INFY
2022-11-07,1365.7633606565107,1371.598421588422,1338.5629558638961,1353.2403564453125,4898592,0.0,0.0,INFY
2022-11-09,1372.5858226539308,1372.5858226539308,1347.5399247059643,1356.606689453125,3334755,0.0,0.0,INFY
2022-11-10,1333.086979052459,1357.32492412614,1333.086979052459,1348.302978515625,3435763,0.0,0.0,INFY
2022-11-11,1388.4303838615199,1412.5336530698069,1388.4303838615199,1409.4814453125,7214098,0.0,0.0,INFY
2022-11-14,1414.015013787511,1428.6026680540272,1408.0003459710574,1423.126708984375,4908813,0.0,0.0,INFY
2022-11-15,1416.438498094257,1434.3925307337452,1411.8602416877316,1430.9364013671875,3497614,0.0,0.0,INFY
2022-11-16,1433.7641456371011,1444.4018877790927,1430.4875128502076,1438.836181640625,4497697,0.0,0.0,INFY
2022-11-17,1433.8091297730527,1438.8363470236297,1421.0168803841925,1425.01171875,3469515,0.0,0.0,INFY
2022-11-18,1428.8716685979427,1434.5272328106976,1414.3289457404594,1430.3978271484375,3126064,0.0,0.0,INFY
2022-11-21,1420.2537091834579,1425.4154934915452,1404.0502607137878,1407.775634765625,3071764,0.0,0.0,INFY
2022-11-22,1408.4939437323687,1425.5502757469735,1402.2100319375143,1422.902099609375,3399329,0.0,0.0,INFY
2022-11-23,1426.3581957002846,1429.1410489418556,1417.7402816433105,1421.1964111328125,3245067,0.0,0.0,INFY
2022-11-24,1426.4479469523692,1468.639925244856,1422.6327148727294,1463.07421875,5282215,0.0,0.0,INFY
2022-11-25,1464.510573443889,1475.8215929330347,1448.7110454604212,1468.3258056640625,4563255,0.0,0.0,INFY
2022-11-28,1461.4583854460668,1484.3497790755966,1454.276771758371,1457.3289794921875,3825766,0.0,0.0,INFY
2022-11-29,1455.3539549520883,1471.1086636498967,1449.8331771528563,1462.4010009765625,3131710,0.0,0.0,INFY
2022-11-30,1454.2318618548122,1477.3926101335646,1448.12755589009,1467.6973876953125,11868134,0.0,0.0,INFY
2022-12-01,1486.7734674759286,1501.49579683449,1483.272518616262,1487.5814208984375,5407928,0.0,0.0,INFY
2022-12-02,1486.5940827164045,1491.800796645968,1466.799715499316,1470.345703125,4283343,0.0,0.0,INFY
2022-12-05,1470.4353696971718,1476.5846043633042,1457.2391986740056,1472.00634765625,3824966,0.0,0.0,INFY
2022-12-06,1458.765244692734,1459.6629463817758,1443.100394052047,1447.903076171875,4822398,0.0,0.0,INFY
2022-12-07,1443.5042639072717,1457.6879939155688,1433.3601913539392,1441.260009765625,4898087,0.0,0.0,INFY
2022-12-08,1441.260146588349,1457.7778805554876,1434.976234395189,1454.4114990234375,4206837,0.0,0.0,INFY
2022-12-09,1461.4583510232733,1461.4583510232733,1401.4020860579217,1408.7633056640625,8880658,0.0,0.0,INFY
2022-12-12,1391.437558650479,1405.7558561467295,1373.5284545512598,1388.9239501953125,8037679,0.0,0.0,INFY
2022-12-13,1388.9239336053154,1416.1243371309986,1383.4929044328283,1411.3216552734375,6135067,0.0,0.0,INFY
2022-12-14,1420.1642028852773,1425.9992644015567,1412.0848869396593,1417.8302001953125,4976020,0.0,0.0,INFY
2022-12-15,1408.7632757795202,1409.3916231159728,1378.1964900565588,1382.909423828125,6443866,0.0,0.0,INFY
2022-12-16,1368.9950538345975,1390.9887448634156,1357.369860981026,1366.4814453125,9630453,0.0,0.0,INFY
2022-12-19,1353.6891117498556,1361.7236069848582,1342.108848537671,1353.1505126953125,6222740,0.0,0.0,INFY
2022-12-20,1347.4501487795155,1360.9156732509964,1330.7977396833635,1353.105712890625,7396259,0.0,0.0,INFY
2022-12-21,1360.0180406581342,1365.4042507201466,1348.662092527513,1355.1256103515625,6236361,0.0,0.0,INFY
2022-12-22,1365.8531440573202,1373.4386796309227,1357.100552434212,1366.346923828125,6302640,0.0,0.0,INFY
2022-12-23,1354.3626597679338,1355.4399676759397,1340.2687853624557,1343.9493408203125,6283822,0.0,0.0,INFY
2022-12-26,1347.0014980506858,1355.439916556154,1343.2760138103065,1348.7071533203125,4115459,0.0,0.0,INFY
2022-12-27,1355.4845408502367,1365.808109659706,1344.3081993200292,1359.88330078125,4860076,0.0,0.0,INFY
2022-12-28,1351.1308690136332,1368.9502266632046,1345.206059437163,1355.664306640625,5029860,0.0,0.0,INFY
2022-12-29,1350.1433491771486,1365.673632332556,1347.4502440923538,1362.3072509765625,4624745,0.0,0.0,INFY
2022-12-30,1371.688234257162,1373.8427403112848,1350.1883218006867,1353.9136962890625,5060544,0.0,0.0,INFY
2023-01-02,1359.1202737002234,1370.341544123772,1350.1881862761663,1368.0972900390625,3801140,0.0,0.0,INFY
2023-01-03,1364.3717941574034,1375.862418801588,1360.107711434535,1366.795654296875,4551130,0.0,0.0,INFY
2023-01-04,1365.4041375693505,1365.4041375693505,1338.5628377347775,1341.8843994140625,7059590,0.0,0.0,INFY
2023-01-05,1351.8488104729133,1351.8488104729133,1318.948026154757,1324.289306640625,9868404,0.0,0.0,INFY
2023-01-06,1319.6215095559523,1324.1100180918568,1298.5255194372007,1300.3209228515625,6443714,0.0,0.0,INFY
2023-01-09,1300.0515746789345,1336.9920220213673,1300.0515746789345,1332.59326171875,11498717,0.0,0.0,INFY
2023-01-10,1330.3939407278556,1332.0995959017448,1305.3032216437111,1319.3970947265625,7158624,0.0,0.0,INFY
2023-01-11,1319.621525196474,1341.1663664241717,1314.2353148895497,1320.74365234375,6173092,0.0,0.0,INFY
2023-01-12,1330.348960311909,1333.0869942679058,1306.1559438786553,1329.1370849609375,6591385,0.0,0.0,INFY
2023-01-13,1331.7403914839063,1363.9679024832087,1317.8260159746374,1349.8291015625,11610426,0.0,0.0,INFY
2023-01-16,1355.5294722785563,1371.6881017494266,1348.6172135046606,1369.44384765625,6073063,0.0,0.0,INFY
2023-01-17,1370.790568972145,1384.4355917064236,1368.0974637285847,1382.0118408203125,5922644,0.0,0.0,INFY
2023-01-18,1386.7246995181722,1393.0983596644714,1382.1015138518171,1387.3082275390625,5843098,0.0,0.0,INFY
2023-01-19,1382.370968365605,1391.0338123051622,1370.0275691100205,1381.4732666015625,6165284,0.0,0.0,INFY
2023-01-20,1380.665111024728,1386.9490224533192,1368.097288167546,1369.48876953125,6496429,0.0,0.0,INFY
2023-01-23,1377.972211024558,1394.4001971780099,1371.7780469216464,1389.642333984375,4855020,0.0,0.0,INFY
2023-01-24,1400.4145497993616,1408.3143680159328,1391.213108045872,1393.1431884765625,5200802,0.0,0.0,INFY
2023-01-25,1388.744493228618,1396.8238083152746,1381.338454399183,1385.1536865234375,4158617,0.0,0.0,INFY
2023-01-27,1387.8469227136595,1392.2905025981806,1353.1956566504216,1363.74365234375,6209955,0.0,0.0,INFY
2023-01-30,1372.4062845546568,1386.0513053859913,1364.5064664421677,1381.38330078125,6964719,0.0,0.0,INFY
2023-01-31,1390.449931638233,1390.449931638233,1358.2224245651232,1376.8497314453125,9448126,0.0,0.0,INFY
2023-02-01,1384.4354819888624,1395.9710362007636,1371.7330909295972,1392.425048828125,6194199,0.0,0.0,INFY
2023-02-02,1393.2329580209157,1424.607586792744,1393.2329580209157,1421.7349853515625,6916834,0.0,0.0,INFY
2023-02-03,1434.0784025458154,1440.4969913344742,1412.084711865144,1435.7840576171875,7040194,0.0,0.0,INFY
2023-02-06,1434.5272821728975,1434.5272821728975,1401.8509191605494,1409.2569580078125,4570612,0.0,0.0,INFY
2023-02-07,1408.4939008206854,1414.822741340062,1396.0158258630909,1402.569091796875,4336238,0.0,0.0,INFY
2023-02-08,1405.3521332871198,1439.0159499580025,1405.3521332871198,1427.794677734375,7983338,0.0,0.0,INFY
2023-02-09,1432.9113793663391,1454.0522977867906,1423.79979497045,1451.5836181640625,6904911,0.0,0.0,INFY
2023-02-10,1447.9479689111524,1450.9553573880837,1433.1358902910588,1443.9981689453125,4786762,0.0,0.0,INFY
2023-02-13,1433.6295447624907,1433.6295447624907,1405.8007934239577,1407.1024169921875,4001199,0.0,0.0,INFY
2023-02-14,1422.5877904936112,1432.731863182567,1416.7079103135172,1430.26318359375,5043736,0.0,0.0,INFY
2023-02-15,1421.9595093920875,1435.4250350492096,1414.7778957082892,1433.674560546875,3465747,0.0,0.0,INFY
2023-02-16,1436.3226917714796,1449.2944372484508,1434.3926112378667,1437.9385986328125,4290289,0.0,0.0,INFY
2023-02-17,1430.9364201598676,1431.8341218036317,1414.328939750233,1421.7799072265625,2857734,0.0,0.0,INFY
2023-02-20,1422.8121596263827,1439.0157179378093,1420.6128344582553,1429.544921875,2417716,0.0,0.0,INFY
2023-02-21,1435.1556281819492,1437.80391388057,1414.7778439330089,1417.9197998046875,2723288,0.0,0.0,INFY
2023-02-22,1403.1077157532914,1413.8801358358503,1396.1954567000723,1402.030517578125,3656244,0.0,0.0,INFY
2023-02-23,1409.256926645148,1409.256926645148,1389.7768444892642,1392.06591796875,4766854,0.0,0.0,INFY
2023-02-24,1400.4144840656777,1408.493798396826,1386.9489601804307,1392.02099609375,2790986,0.0,0.0,INFY
2023-02-27,1382.4605194389667,1382.4605194389667,1348.3478572709923,1354.901123046875,4920268,0.0,0.0,INFY
2023-02-28,1360.5566878842833,1368.0974041544362,1329.7655850233577,1335.376220703125,9679811,0.0,0.0,INFY
2023-03-01,1339.7299588712954,1347.3154939495362,1329.9449890099597,1343.006591796875,5125043,0.0,0.0,INFY
2023-03-02,1333.0870811609395,1336.318785501753,1317.1978042286796,1321.5516357421875,4644499,0.0,0.0,INFY
2023-03-03,1334.6579262232572,1337.3959600849184,1322.3145285534606,1327.9700927734375,4615015,0.0,0.0,INFY
2023-03-06,1341.6600924158531,1364.8656589746784,1340.4032881447426,1353.2403564453125,6561742,0.0,0.0,INFY
2023-03-08,1338.069418507106,1342.9618493256326,1329.5860710220854,1339.9993896484375,4137080,0.0,0.0,INFY
2023-03-09,1342.0639414577045,1345.0712200119858,1323.7508062262864,1328.95751953125,5104656,0.0,0.0,INFY
2023-03-10,1310.6444413069564,1323.481619051477,1308.5348642940003,1321.012939453125,3699580,0.0,0.0,INFY
2023-03-13,1314.4147222773474,1327.0724033065608,1281.9179661287412,1288.2916259765625,8798403,0.0,0.0,INFY
2023-03-14,1293.5880625550176,1300.1861476889799,1266.657013369278,1274.736328125,7402784,0.0,0.0,INFY
2023-03-15,1290.894921852731,1295.2487527671929,1271.9085107865455,1274.422119140625,7556182,0.0,0.0,INFY
2023-03-16,1272.7613459697632,1272.7613459697632,1255.6151580984792,1260.4627685546875,7323117,0.0,0.0,INFY
2023-03-17,1283.7134156369266,1295.2937893448818,1267.016186133299,1275.36474609375,9090018,0.0,0.0,INFY
2023-03-20,1274.4671293545564,1274.4671293545564,1243.1822453152042,1260.05908203125,8221829,0.0,0.0,INFY
2023-03-21,1255.8846837960104,1261.2708940195814,1247.8053684606537,1248.4337158203125,8536755,0.0,0.0,INFY
2023-03-22,1259.4756016658325,1263.2908342439364,1240.7585414050936,1247.1322021484375,8356487,0.0,0.0,INFY
2023-03-23,1242.3740984776875,1242.3740984776875,1229.851204859829,1233.935791015625,7607718,0.0,0.0,INFY
2023-03-24,1246.0098280458892,1255.8396167899662,1236.583961191075,1239.4117431640625,7559127,0.0,0.0,INFY
2023-03-27,1244.4390420940674,1252.967208658463,1233.5319439925304,1246.86279296875,4170193,0.0,0.0,INFY
2023-03-28,1249.6906260051426,1254.987088423621,1235.1029720803328,1236.6739501953125,6633366,0.0,0.0,INFY
2023-03-29,1237.930550460286,1247.7155201650944,1224.958805711683,1242.01513671875,8813966,0.0,0.0,INFY
2023-03-31,1260.37313586201,1283.6684502024389,1251.3063709749888,1281.873046875,8711975,0.0,0.0,INFY
2023-04-03,1288.2018554237902,1288.2018554237902,1261.4054833442367,1266.5223388671875,5242764,0.0,0.0,INFY
2023-04-05,1256.7823002469104,1281.469095430332,1256.7823002469104,1277.9232177734375,7506334,0.0,0.0,INFY
2023-04-06,1271.1455548730469,1282.277077411361,1266.073518560293,1276.4420166015625,6948465,0.0,0.0,INFY
2023-04-10,1278.2822049918059,1287.304150296638,1270.247819156027,1281.558837890625,4993788,0.0,0.0,INFY
2023-04-11,1282.7260596530837,1286.7207886297933,1246.9077377115614,1262.3033447265625,6942255,0.0,0.0,INFY
2023-04-12,1268.4974270475386,1285.059979527605,1256.7823760661174,1282.1873779296875,5831169,0.0,0.0,INFY
2023-04-13,1265.534971977077,1266.7020280205386,1241.5214514944475,1247.087158203125,11267238,0.0,0.0,INFY
2023-04-17,1122.396511196189,1132.1365530010617,1064.0458990402255,1129.578125,53171705,0.0,0.0,INFY
2023-04-18,1140.0362461201344,1140.0362461201344,1124.909994178881,1130.5206298828125,12430884,0.0,0.0,INFY
2023-04-19,1126.0320630409092,1126.0320630409092,1103.6344503031144,1106.14794921875,11307230,0.0,0.0,INFY
2023-04-20,1104.801447731595,1111.2200368576048,1096.4528876003903,1098.248291015625,8621249,0.0,0.0,INFY
2023-04-21,1102.467343601474,1107.0905288861618,1095.1959823564707,1101.7940673828125,8691352,0.0,0.0,INFY
2023-04-24,1102.3778559305583,1104.1732596047123,1093.4008375597882,1100.851806640625,8313774,0.0,0.0,INFY
2023-04-25,1100.5371253306166,1109.1102186074058,1090.7073376025885,1099.5946044921875,6808576,0.0,0.0,INFY
2023-04-26,1102.3776768107684,1106.8661852668383,1095.6898430443146,1101.9737548828125,5680192,0.0,0.0,INFY
2023-04-27,1104.1729691026203,1120.152101431663,1100.0435636550399,1118.7606201171875,8020704,0.0,0.0,INFY
2023-04-28,1127.2440014255426,1130.2064609226888,1117.5937079744554,1124.5958251953125,10118277,0.0,0.0,INFY
2023-05-02,1126.2116409241175,1148.833678512012,1126.2116409241175,1146.7689208984375,8886401,0.0,0.0,INFY
2023-05-03,1136.490089475907,1142.3251491770077,1132.9890317387064,1139.31787109375,5549783,0.0,0.0,INFY
2023-05-04,1139.1383075798776,1145.2876506991165,1133.3481765702838,1143.267822265625,4505401,0.0,0.0,INFY
2023-05-05,1148.160551597661,1148.160551597661,1125.9424330268698,1130.2962646484375,5373791,0.0,0.0,INFY
2023-05-08,1133.3034433741707,1140.3504892363796,1126.7951061867552,1136.1312255859375,5260842,0.0,0.0,INFY
2023-05-09,1136.49019700518,1141.8764064696595,1131.732334811805,1140.7093505859375,4969897,0.0,0.0,INFY
2023-05-10,1145.8262816879646,1145.8262816879646,1130.3409299322007,1134.021484375,6515734,0.0,0.0,INFY
2023-05-11,1140.3056511286572,1145.377687946898,1124.8652248185404,1127.6031494140625,6888461,0.0,0.0,INFY
2023-05-12,1125.134528889781,1127.5134605758558,1112.2974589019764,1117.8182373046875,8292212,0.0,0.0,INFY
2023-05-15,1122.0373891886634,1139.0937216777986,1118.2221569213568,1129.6229248046875,5534710,0.0,0.0,INFY
2023-05-16,1135.5927028546282,1143.6270896069495,1133.5728739365072,1134.96435546875,5236469,0.0,0.0,INFY
2023-05-17,1131.642583960043,1131.9567575948706,1115.3492784510368,1119.3441162109375,10465667,0.0,0.0,INFY
2023-05-18,1129.8472737459822,1130.7899043107132,1115.3493701951222,1118.5362548828125,6948732,0.0,0.0,INFY
2023-05-19,1127.558062988569,1143.0434145513507,1124.6405329839868,1139.093505859375,11094136,0.0,0.0,INFY
2023-05-22,1142.7292411104354,1163.0622048581356,1140.3054905530537,1160.5487060546875,7625947,0.0,0.0,INFY
2023-05-23,1166.293872811124,1179.7145774568664,1164.3639020407309,1167.0570068359375,7436031,0.0,0.0,INFY
2023-05-24,1163.6905941162486,1171.5005539763395,1159.2020862466075,1165.8001708984375,4824077,0.0,0.0,INFY
2023-05-25,1162.0748961534305,1173.2961678428223,1157.3619620438858,1170.917236328125,4334121,0.0,0.0,INFY
2023-05-26,1172.398361832931,1188.063211884976,1172.398361832931,1182.677001953125,5521606,0.0,0.0,INFY
2023-05-29,1196.3669615854992,1196.3669615854992,1175.8545005172648,1179.9390869140625,4419365,0.0,0.0,INFY
2023-05-30,1180.477725221967,1190.7115464294097,1175.2261922392356,1188.42236328125,6274719,0.0,0.0,INFY
2023-05-31,1184.831435207361,1194.9305782104627,1179.7145799188752,1183.4400634765625,17800782,0.0,0.0,INFY
2023-06-01,1187.255245513223,1193.4942275405426,1183.2604078098132,1184.5172119140625,4277841,0.0,0.0,INFY
2023-06-02,1190.8858847438232,1194.4340008819925,1179.104437792939,1181.7882080078125,10909311,17.5,0.0,INFY
2023-06-05,1186.3368642798964,1191.2950529177192,1180.2414662246276,1186.791748046875,5002553,0.0,0.0,INFY
2023-06-06,1172.3265202842344,1172.3265202842344,1158.134167776339,1163.5927734375,10008100,0.0,0.0,INFY
2023-06-07,1174.0549594386935,1177.2391456905614,1166.7768194344242,1172.644775390625,5397578,0.0,0.0,INFY
2023-06-08,1170.1430477667195,1175.4197442918237,1165.5032551977433,1167.0499267578125,5034942,0.0,0.0,INFY
2023-06-09,1166.7769126021076,1166.7769126021076,1149.9462124982956,1151.72021484375,5339073,0.0,0.0,INFY
2023-06-12,1158.5890989066725,1178.7858962557063,1158.1342150829948,1175.374267578125,4785588,0.0,0.0,INFY
2023-06-13,1182.60704590606,1188.6114904665221,1180.0142301930907,1187.1103515625,4846587,0.0,0.0,INFY
2023-06-14,1188.4749628140476,1188.7933592845616,1176.5114958499232,1183.0618896484375,3457981,0.0,0.0,INFY
2023-06-15,1177.1938369363772,1177.1938369363772,1166.9135288571645,1170.6890869140625,6161155,0.0,0.0,INFY
2023-06-16,1170.8708768960637,1184.0625068222432,1165.4578042106698,1175.101318359375,8536287,0.0,0.0,INFY
2023-06-19,1177.2392578125,1182.2429795419966,1170.9164175038359,1177.2392578125,4451787,0.0,0.0,INFY
2023-06-20,1177.239178669295,1187.24662145551,1174.6008306327171,1185.791015625,4009180,0.0,0.0,INFY
2023-06-21,1182.6522836320391,1186.154977548267,1178.1489786763307,1182.1064453125,4041529,0.0,0.0,INFY
2023-06-22,1173.0542504034897,1173.0542504034897,1158.588924773524,1165.91259765625,6676607,0.0,0.0,INFY
2023-06-23,1161.2728742885731,1163.9112226889422,1149.354940265523,1150.8560791015625,7239467,0.0,0.0,INFY
2023-06-26,1155.6321899905513,1159.0438181837924,1148.3540498449702,1155.72314453125,3403244,0.0,0.0,INFY
2023-06-27,1164.502650447375,1166.3221858386987,1159.2259533902843,1163.7293701171875,3240024,0.0,0.0,INFY
2023-06-28,1173.600249850804,1179.695648586696,1165.7762703962558,1176.64794921875,5662358,0.0,0.0,INFY
2023-06-30,1190.1579290222737,1218.0878609550978,1186.7463005247835,1214.99462890625,12821692,0.0,0.0,INFY
2023-07-03,1209.9908380904787,1224.5471188494619,1208.5806539697087,1213.35693359375,7732412,0.0,0.0,INFY
2023-07-04,1223.0006455219911,1224.5472060405089,1211.2646211133026,1223.77392578125,5797775,0.0,0.0,INFY
2023-07-05,1235.327962395677,1235.4189169481579,1219.9983999394044,1225.72998046875,5414936,0.0,0.0,INFY
2023-07-06,1221.4085546821386,1225.8663271465525,1216.4957873550766,1222.63671875,5963897,0.0,0.0,INFY
2023-07-07,1213.6298905441663,1224.3651918692738,1205.7603791627248,1210.1727294921875,6295647,0.0,0.0,INFY
2023-07-10,1215.9498311998555,1220.8170652524432,1200.256341377616,1209.217529296875,3940315,0.0,0.0,INFY
2023-07-11,1213.129595917475,1229.0051076173486,1207.2616391546826,1226.91259765625,6126128,0.0,0.0,INFY
2023-07-12,1229.0960058756348,1229.9148189122855,1207.26158386156,1212.9931640625,8102770,0.0,0.0,INFY
2023-07-13,1214.4487694545699,1252.5680534152623,1210.7641663190607,1241.9237060546875,9977644,0.0,0.0,INFY
2023-07-14,1256.0705566992494,1300.9675618860852,1256.0705566992494,1297.282958984375,12833381,0.0,0.0,INFY
2023-07-17,1297.2830136298498,1327.3053432456984,1286.68431035238,1294.5537109375,11569884,0.0,0.0,INFY
2023-07-18,1304.6066121862784,1344.5908499157708,1300.057774626354,1342.0889892578125,16743977,0.0,0.0,INFY
2023-07-19,1351.91479385142,1363.5598647617583,1328.8976267613086,1341.86181640625,13687062,0.0,0.0,INFY
2023-07-20,1338.2681331891117,1338.2681331891117,1310.7021306189188,1318.7081298828125,8347221,0.0,0.0,INFY
2023-07-21,1201.075039161913,1228.186155763225,1187.2466172377842,1211.4464111328125,45548305,0.0,0.0,INFY
2023-07-24,1219.998361010124,1228.0953149237007,1213.8574296627578,1215.995361328125,8859789,0.0,0.0,INFY
2023-07-25,1216.3591233474524,1221.6812409056533,1204.7595879527776,1214.1756591796875,6801982,0.0,0.0,INFY
2023-07-26,1221.817896357927,1228.186269607745,1218.5427551834298,1227.1400146484375,5528885,0.0,0.0,INFY
2023-07-27,1236.0101907567564,1240.7410487249037,1225.5024420215238,1231.052001953125,9191861,0.0,0.0,INFY
2023-07-28,1231.6887088868766,1240.7863838959101,1215.4493812068724,1219.5433349609375,6122735,0.0,0.0,INFY
2023-07-31,1227.0491075504592,1235.0095744205735,1212.9477090948283,1233.3719482421875,7902180,0.0,0.0,INFY
2023-08-01,1239.1035584051742,1245.4719320533654,1234.5547200850378,1242.0147705078125,6064652,0.0,0.0,INFY
2023-08-02,1245.7448867591504,1248.1556821855895,1226.776142424458,1234.418212890625,7419145,0.0,0.0,INFY
2023-08-03,1228.186202359877,1243.2428998554956,1227.2764348025732,1241.1959228515625,6503741,0.0,0.0,INFY
2023-08-04,1245.3807687817762,1260.8468164782487,1239.1033507409106,1253.97802734375,5712345,0.0,0.0,INFY
2023-08-07,1262.666360213914,1269.1256873794193,1252.7498720583947,1267.30615234375,3729093,0.0,0.0,INFY
2023-08-08,1267.1698175564386,1267.8067215289614,1259.482325527499,1264.7589111328125,4161877,0.0,0.0,INFY
2023-08-09,1259.1183508602219,1270.0355619948482,1257.7536994683937,1268.5799560546875,4090828,0.0,0.0,INFY
2023-08-10,1266.0325977609016,1269.853688398212,1260.5739920409878,1263.7581787109375,3873025,0.0,0.0,INFY
2023-08-11,1266.396413303026,1270.8087636526227,1243.6977576448737,1248.0645751953125,5783517,0.0,0.0,INFY
2023-08-14,1248.0646177377491,1269.1257591782453,1242.378570429603,1267.806640625,4304135,0.0,0.0,INFY
2023-08-16,1283.5002048304689,1291.824489722674,1278.5874374632606,1290.50537109375,7735313,0.0,0.0,INFY
2023-08-17,1291.8699868845008,1291.8699868845008,1279.1332405349353,1284.1824951171875,5618346,0.0,0.0,INFY
2023-08-18,1277.0406772674733,1281.5895150593437,1261.0743232513742,1263.4852294921875,5134103,0.0,0.0,INFY
2023-08-21,1264.3495172472738,1280.04300828704,1261.9841437074754,1278.58740234375,3032722,0.0,0.0,INFY
2023-08-22,1277.9505385325194,1279.178813670877,1270.6269757839684,1277.0863037109375,2890714,0.0,0.0,INFY
2023-08-23,1288.2309000421885,1288.7767383819312,1278.8148277508842,1280.9072265625,2559125,0.0,0.0,INFY
2023-08-24,1293.2345299499723,1296.4642490688886,1286.820624510391,1295.14501953125,5171963,0.0,0.0,INFY
2023-08-25,1285.5016097963642,1294.14440193583,1284.0460038576823,1291.9609375,4307172,0.0,0.0,INFY
2023-08-28,1291.9608968278883,1296.236871016697,1284.0459634347399,1287.9124755859375,3133464,0.0,0.0,INFY
2023-08-29,1295.508935074852,1295.8728642902074,1287.5940021549932,1289.73193359375,3074444,0.0,0.0,INFY
2023-08-30,1298.2383261733323,1307.0176054605395,1295.5090234553786,1305.6529541015625,3070887,0.0,0.0,INFY
2023-08-31,1305.6529176191962,1314.523151204695,1299.739428562197,1305.92578125,9792735,0.0,0.0,INFY
2023-09-01,1301.8319683222358,1315.524015813637,1299.3301072963106,1313.5679931640625,3582133,0.0,0.0,INFY
2023-09-04,1312.7945503532342,1337.358273748617,1305.2434354057439,1332.900390625,4609014,0.0,0.0,INFY
2023-09-05,1332.8095304482017,1346.5015772139598,1325.0765058688094,1345.455322265625,5496840,0.0,0.0,INFY
2023-09-06,1348.1843960125796,1349.094163455593,1331.2627437836506,1344.1358642578125,5075786,0.0,0.0,INFY
2023-09-07,1337.90412243496,1340.4515159698167,1330.1256765994524,1333.901123046875,4411743,0.0,0.0,INFY
2023-09-08,1331.4449464210497,1341.6798324116455,1328.4426687748935,1336.9945068359375,3125838,0.0,0.0,INFY
2023-09-11,1336.9945540619674,1344.6821575553772,1332.3547611267988,1343.2264404296875,4182226,0.0,0.0,INFY
2023-09-12,1348.7304447397828,1368.2904478169532,1343.8176775697427,1365.652099609375,6793161,0.0,0.0,INFY
2023-09-13,1369.2002453382354,1369.2002453382354,1354.3255672096375,1363.1502685546875,4804686,0.0,0.0,INFY
2023-09-14,1369.200240762729,1376.0690305788348,1363.8781225031132,1370.9742431640625,6444213,0.0,0.0,INFY
2023-09-15,1381.0271243049056,1381.391053531654,1372.8392164532954,1375.20458984375,8657816,0.0,0.0,INFY
2023-09-18,1369.1093400919283,1369.1093400919283,1353.7342448047293,1357.19140625,3991916,0.0,0.0,INFY
2023-09-20,1342.9989700048607,1360.193600922578,1342.9989700048607,1355.78125,4169337,0.0,0.0,INFY
2023-09-21,1352.4151068014573,1368.7909240446215,1342.8170139394665,1366.2435302734375,6779195,0.0,0.0,INFY
2023-09-22,1357.2821697249913,1370.9741041105199,1351.186660777571,1361.148681640625,5455613,0.0,0.0,INFY
2023-09-25,1355.4170944618959,1355.4170944618959,1338.768415761757,1341.1337890625,4217863,0.0,0.0,INFY
2023-09-26,1345.6828747903214,1346.3652005445954,1327.3510339810348,1328.8521728515625,3996528,0.0,0.0,INFY
2023-09-27,1324.6214638718475,1336.9942795100794,1319.2083917349964,1334.62890625,3863586,0.0,0.0,INFY
2023-09-28,1335.4478965364908,1339.7237598799838,1305.51651996519,1309.56494140625,5814602,0.0,0.0,INFY
2023-09-29,1302.8780821778992,1316.251731755555,1288.2308468786073,1305.92578125,6068968,0.0,0.0,INFY
2023-10-03,1306.4717573853966,1307.3359921507258,1292.142918222993,1304.606689453125,4181867,0.0,0.0,INFY
2023-10-04,1296.4186052113253,1319.1172584733133,1290.2321421817628,1314.0225830078125,4510406,0.0,0.0,INFY
2023-10-05,1320.982497846701,1342.4985228636597,1319.3448718155562,1331.3992919921875,7384621,0.0,0.0,INFY
2023-10-06,1336.903376560551,1350.5498894209854,1331.262862333814,1345.273193359375,3598672,0.0,0.0,INFY
2023-10-09,1332.718425809864,1356.46333522133,1330.261986939683,1342.31640625,3567552,0.0,0.0,INFY
2023-10-10,1350.0042495921527,1361.9221836979577,1336.539643834747,1360.2391357421875,5688951,0.0,0.0,INFY
2023-10-11,1361.9220140294271,1381.254574348816,1347.7750842911132,1359.556640625,7220129,0.0,0.0,INFY
2023-10-12,1357.2821666354187,1368.6542604790434,1320.9824208754478,1333.2642822265625,11081662,0.0,0.0,INFY
2023-10-13,1278.2234711912276,1308.2458018313064,1273.6746332154582,1302.013916015625,17973439,0.0,0.0,INFY
2023-10-16,1302.877974252616,1313.3403001791105,1300.9674847728108,1304.7430419921875,4850745,0.0,0.0,INFY
2023-10-17,1310.2928671016498,1322.2108011891066,1308.291422679862,1312.2943115234375,3923764,0.0,0.0,INFY
2023-10-18,1311.8850367248974,1322.802249235784,1308.5643623750436,1310.56591796875,4264837,0.0,0.0,INFY
2023-10-19,1297.4195403384058,1309.746935628435,1297.4195403384058,1304.288330078125,6795691,0.0,0.0,INFY
2023-10-20,1300.9676812379575,1308.700705916645,1296.6462850939854,1298.4658203125,3928622,0.0,0.0,INFY
2023-10-23,1296.9644592238205,1303.105389533645,1278.4507137601356,1281.5439453125,2636516,0.0,0.0,INFY
2023-10-25,1289.2389333048216,1292.5104566531788,1254.4967997562355,1262.560302734375,6940777,18.0,0.0,INFY
2023-10-26,1248.7372916684367,1266.2004921783227,1246.940214740459,1252.7919921875,6357656,0.0,0.0,INFY
2023-10-27,1256.662518290247,1276.337444851252,1256.662518290247,1272.05224609375,4634358,0.0,0.0,INFY
2023-10-30,1272.0521334622172,1272.0521334622172,1256.155513264206,1269.0111083984375,2667696,0.0,0.0,INFY
2023-10-31,1271.6834287710847,1272.7893480503349,1256.0633173275878,1261.0396728515625,3451595,0.0,0.0,INFY
2023-11-01,1265.3250271507063,1269.3797275291213,1245.6039787476566,1247.9078369140625,3090672,0.0,0.0,INFY
2023-11-02,1262.514333895597,1268.32010174213,1254.8194697606157,1262.652587890625,3758060,0.0,0.0,INFY
2023-11-03,1271.7756915818663,1282.7880874213406,1269.6560973022642,1280.069580078125,3349045,0.0,0.0,INFY
2023-11-06,1284.5392525449095,1296.8418333328405,1281.6824907597581,1293.2017822265625,2736381,0.0,0.0,INFY
2023-11-07,1290.1604881630135,1295.5976155760281,1285.4145181543718,1294.1231689453125,2272209,0.0,0.0,INFY
2023-11-08,1294.7681818070128,1294.7681818070128,1277.6735106371746,1281.8665771484375,3550635,0.0,0.0,INFY
2023-11-09,1286.3821608724284,1287.8566074771882,1262.5602919196745,1266.9376220703125,5498051,0.0,0.0,INFY
2023-11-10,1262.46802069147,1265.4170263311844,1254.2202543175401,1261.454345703125,2943649,0.0,0.0,INFY
2023-11-13,1271.5912989072524,1273.9872886097166,1263.2974105189112,1265.78564453125,3462092,0.0,0.0,INFY
2023-11-15,1289.2389232333946,1303.062071087934,1283.7096640915788,1299.836669921875,8551860,0.0,0.0,INFY
2023-11-16,1304.9972320134652,1339.3708365003445,1299.9287446892533,1331.5377197265625,6673907,0.0,0.0,INFY
2023-11-17,1327.9899276991723,1337.1592379171582,1322.4606682729127,1324.7645263671875,4901251,0.0,0.0,INFY
2023-11-20,1328.8653942384274,1338.0808269307881,1321.170530438921,1323.8890380859375,3584210,0.0,0.0,INFY
2023-11-21,1328.8653376978914,1336.2376835381015,1324.0272357402534,1326.1007080078125,3793135,0.0,0.0,INFY
2023-11-22,1323.5202369954038,1344.4853438157159,1323.5202369954038,1343.4256591796875,3108786,0.0,0.0,INFY
2023-11-23,1352.733312304696,1352.733312304696,1334.1180718038254,1335.5465087890625,3186928,0.0,0.0,INFY
2023-11-24,1332.1369430585005,1338.679877895318,1321.3548191084903,1324.6263427734375,2973195,0.0,0.0,INFY
2023-11-28,1330.7083049952287,1331.6298481427323,1315.0881936422663,1329.51025390625,3755373,0.0,0.0,INFY
2023-11-29,1337.2512338613426,1346.0980255458026,1336.0532952698873,1345.0843505859375,3875778,0.0,0.0,INFY
2023-11-30,1339.2326879569457,1346.0521303013406,1335.8230230312827,1340.983642578125,10120867,0.0,0.0,INFY
2023-12-01,1345.3610059685648,1345.3610059685648,1332.6897863489253,1338.3572998046875,3489187,0.0,0.0,INFY
2023-12-04,1345.867629189617,1356.4193656021828,1335.592513208383,1349.461669921875,5511948,0.0,0.0,INFY
2023-12-05,1350.798062419795,1351.8117374373267,1328.8652893459846,1339.877685546875,5123039,0.0,0.0,INFY
2023-12-06,1342.4580969426866,1361.1193473034825,1337.2053455420607,1358.6312255859375,5269178,0.0,0.0,INFY
2023-12-07,1357.2948166644478,1357.2948166644478,1347.1118322726165,1350.89013671875,4424453,0.0,0.0,INFY
2023-12-08,1355.0372784572535,1377.4307129471217,1351.2128512985264,1374.1593017578125,6323433,0.0,0.0,INFY
2023-12-11,1373.0992336100205,1380.4715784884636,1365.7268887315774,1371.7169189453125,3862018,0.0,0.0,INFY
2023-12-12,1361.5802113283032,1373.0995024562922,1352.5030324180634,1360.2440185546875,6103494,0.0,0.0,INFY
2023-12-13,1360.1977053814053,1360.2438275366712,1320.7096034385588,1335.3160400390625,8549258,0.0,0.0,INFY
2023-12-14,1348.5863495012065,1392.4517835867966,1346.697140932601,1383.6510009765625,12489858,0.0,0.0,INFY
2023-12-15,1403.556330191334,1463.9174061115036,1401.6671217492806,1454.563720703125,18395389,0.0,0.0,INFY
2023-12-18,1444.9334995521797,1468.0181998579026,1437.883784632054,1441.615966796875,6467243,0.0,0.0,INFY
2023-12-19,1446.9149134299466,1450.4628321473872,1422.1715017334877,1436.040771484375,4221721,0.0,0.0,INFY
2023-12-20,1442.2612442252062,1459.2636714338232,1409.9611097529205,1415.8590087890625,6592367,0.0,0.0,INFY
2023-12-21,1401.8977151314416,1425.3049369492605,1401.8977151314416,1415.490478515625,5319038,0.0,0.0,INFY
2023-12-22,1414.5228268659648,1443.136790994993,1403.510429556433,1440.280029296875,6741060,0.0,0.0,INFY
2023-12-26,1414.5688833319446,1426.5489455360587,1403.5103643743007,1422.816650390625,6878067,0.0,0.0,INFY
2023-12-27,1422.862643983342,1446.8227662265847,1422.862643983342,1444.1502685546875,4225849,0.0,0.0,INFY
2023-12-28,1445.855092876647,1445.855092876647,1432.9996108186176,1440.0494384765625,5702253,0.0,0.0,INFY
2023-12-29,1420.144166634131,1437.1004712006081,1419.1765012951132,1421.8489990234375,4388990,0.0,0.0,INFY
2024-01-01,1418.254950581332,1434.8427277811138,1414.799163664711,1429.635986328125,2808451,0.0,0.0,INFY
2024-01-02,1424.7056244707057,1427.608507717753,1403.5101332916463,1414.0157470703125,5396313,0.0,0.0,INFY
2024-01-03,1400.6996635455614,1400.6996635455614,1371.2564007445471,1373.0994873046875,7550363,0.0,0.0,INFY
2024-01-04,1386.8764724125788,1400.5153575424802,1375.771943719321,1394.0184326171875,7056038,0.0,0.0,INFY
2024-01-05,1388.5352963045564,1418.9001014903272,1388.0745246781073,1412.3111572265625,8895403,0.0,0.0,INFY
2024-01-08,1408.9934505703893,1415.4903752195028,1394.52526712299,1403.3260498046875,4440136,0.0,0.0,INFY
2024-01-09,1420.9274616897512,1431.1565685607613,1406.1366485499625,1409.3160400390625,4412074,0.0,0.0,INFY
2024-01-10,1405.3072902245185,1414.983494047482,1386.9225479581153,1400.653564453125,4096845,0.0,0.0,INFY
2024-01-11,1405.261293276588,1405.3534251009314,1369.9661425866611,1376.9698486328125,11296088,0.0,0.0,INFY
2024-01-12,1439.450434041234,1491.056851650907,1433.368271607278,1486.21875,26754401,0.0,0.0,INFY
2024-01-15,1515.8923891628679,1534.3232525223632,1507.6446228067189,1522.4814453125,13228305,0.0,0.0,INFY
2024-01-16,1515.7543934625273,1519.1640585147397,1497.5077919845023,1503.5439453125,6500917,0.0,0.0,INFY
2024-01-17,1493.1303945709744,1518.2424471875822,1493.1303945709744,1511.51513671875,9209876,0.0,0.0,INFY
2024-01-18,1513.7730508709333,1519.6248280436816,1500.5028054955274,1513.7269287109375,6375464,0.0,0.0,INFY
2024-01-19,1522.0207083253042,1534.830181149936,1515.1552565650597,1529.0244140625,4522736,0.0,0.0,INFY
2024-01-23,1520.6384796288353,1543.3084208611072,1509.2113209406687,1513.312255859375,9401255,0.0,0.0,INFY
2024-01-24,1529.6695716902016,1548.1925674088009,1515.938555587784,1543.9534912109375,8999681,0.0,0.0,INFY
2024-01-25,1541.695746187862,1548.6995649327355,1527.9187194984197,1538.1478271484375,8865304,0.0,0.0,INFY
2024-01-29,1534.5077798990815,1547.5936491768944,1518.3346507098104,1526.6285400390625,4253785,0.0,0.0,INFY
2024-01-30,1532.0194213135253,1557.4079810311105,1518.9335530973535,1521.8824462890625,4995943,0.0,0.0,INFY
2024-01-31,1518.93364206389,1536.4429635862402,1509.5799556993886,1530.5911865234375,6763779,0.0,0.0,INFY
2024-02-01,1529.3471931576782,1545.4280783736983,1520.8689274978267,1527.0433349609375,5760011,0.0,0.0,INFY
2024-02-02,1535.3370559365164,1583.6719506012253,1534.3693906028748,1560.4951171875,7858483,0.0,0.0,INFY
2024-02-05,1561.7853328521521,1567.3145920332188,1549.8974031142452,1554.82763671875,3634135,0.0,0.0,INFY
2024-02-06,1554.4130874102375,1597.0344630098957,1542.6172887335351,1593.762939453125,7694265,0.0,0.0,INFY
2024-02-07,1593.3481668011993,1593.3481668011993,1554.5050990563916,1560.86376953125,4613877,0.0,0.0,INFY
2024-02-08,1564.7803892211357,1572.4752526176906,1550.7729772594932,1559.34326171875,5919715,0.0,0.0,INFY
2024-02-09,1552.5238399589869,1560.080561966992,1529.577503446997,1538.378173828125,4600004,0.0,0.0,INFY
2024-02-12,1539.2998647238455,1560.1267212932257,1539.2998647238455,1548.284912109375,3555808,0.0,0.0,INFY
2024-02-13,1550.9571831806093,1556.5785741207376,1532.9870910403704,1552.3856201171875,2696481,0.0,0.0,INFY
2024-02-14,1529.9460822117326,1538.470357405494,1507.1840085834583,1535.475341796875,3768579,0.0,0.0,INFY
2024-02-15,1545.428005093551,1555.3345948697918,1531.2362167759502,1544.8289794921875,4834391,0.0,0.0,INFY
2024-02-16,1556.486498735968,1574.917363137815,1555.5188333576436,1568.14404296875,4880654,0.0,0.0,INFY
2024-02-19,1571.2312906913012,1577.221322004787,1555.2885469674084,1566.3931884765625,3690993,0.0,0.0,INFY
2024-02-20,1552.8001318018933,1561.3244055224675,1537.8250563468305,1553.030517578125,3706389,0.0,0.0,INFY
2024-02-21,1542.6633157025528,1542.6633157025528,1516.2150708785946,1525.660888671875,4300508,0.0,0.0,INFY
2024-02-22,1534.3694366019563,1552.4316609246032,1515.3856690741432,1549.4366455078125,5841277,0.0,0.0,INFY
2024-02-23,1563.8587905950133,1565.194983220865,1540.728079066558,1545.2896728515625,5373072,0.0,0.0,INFY
2024-02-26,1543.5387967991637,1543.5387967991637,1515.938621902185,1529.9000244140625,2782438,0.0,0.0,INFY
2024-02-27,1530.6833557243867,1539.9909201570279,1523.1267459853489,1533.079345703125,5159088,0.0,0.0,INFY
2024-02-28,1538.9772213327412,1555.380736114235,1531.6509975218291,1540.129150390625,3188916,0.0,0.0,INFY
2024-02-29,1534.369410109207,1550.2660301238518,1523.5873997921522,1542.5711669921875,7814722,0.0,0.0,INFY
2024-03-01,1538.05555376044,1540.774061120071,1521.467776667757,1524.87744140625,6387291,0.0,0.0,INFY
2024-03-04,1527.7805015485362,1533.862664687169,1505.4791992091916,1508.7506103515625,4445156,0.0,0.0,INFY
2024-03-05,1505.8016678459578,1508.888815229402,1476.312283897934,1480.459228515625,4596579,0.0,0.0,INFY
2024-03-06,1477.0495710017406,1493.0383239437163,1452.3521668225044,1490.642333984375,6420684,0.0,0.0,INFY
2024-03-07,1489.7667940250446,1500.6870590284748,1478.3396352373709,1489.6285400390625,6348359,0.0,0.0,INFY
2024-03-11,1481.9797912201366,1487.186533050453,1463.4106723438592,1475.0220947265625,6752895,0.0,0.0,INFY
2024-03-12,1474.4691365947879,1497.5077168540815,1472.303532549028,1486.403076171875,4614222,0.0,0.0,INFY
2024-03-13,1486.3570462420234,1497.046924837975,1473.1329238521018,1484.9747314453125,5688997,0.0,0.0,INFY
2024-03-14,1487.7394689212454,1527.6883469444472,1481.8415695289827,1523.5875244140625,8803799,0.0,0.0,INFY
2024-03-15,1512.344570167545,1516.6758908384104,1491.3794617139743,1505.8016357421875,11809997,0.0,0.0,INFY
2024-03-18,1502.11543929507,1504.5575513115562,1473.4093456712776,1476.9112548828125,4958904,0.0,0.0,INFY
2024-03-19,1467.4194357537194,1473.5477211325924,1435.7644462317567,1438.9437255859375,6870411,0.0,0.0,INFY
2024-03-20,1440.3720813461923,1451.3844780457566,1430.5576233604784,1432.95361328125,4759059,0.0,0.0,INFY
2024-03-21,1441.2935411478331,1453.2274803947662,1422.3097740379771,1432.72314453125,11062497,0.0,0.0,INFY
2024-03-22,1401.6671085042765,1408.9473217702673,1380.6558800265154,1390.4703369140625,14673890,0.0,0.0,INFY
2024-03-26,1374.9424783172167,1389.1802760076575,1371.164173630106,1375.54150390625,8351081,0.0,0.0,INFY
2024-03-27,1378.6285343195814,1381.3931637333237,1365.3122809739452,1367.4317626953125,6857402,0.0,0.0,INFY
2024-03-28,1370.4729789851785,1393.189041141791,1370.4729789851785,1380.517822265625,12499530,0.0,0.0,INFY
2024-04-01,1405.353474561426,1409.9150687111335,1375.6798265220143,1378.121826171875,6580002,0.0,0.0,INFY
2024-04-02,1368.353462463362,1376.0023163808078,1364.6672894897633,1366.5103759765625,7279400,0.0,0.0,INFY
2024-04-03,1362.9623414349414,1377.7991638971826,1359.2761687738598,1364.48291015625,8736248,0.0,0.0,INFY
2024-04-04,1373.6062588459959,1378.3061066574217,1352.8254147328123,1370.0582275390625,11186915,0.0,0.0,INFY
2024-04-05,1363.9299768430176,1370.0581487632178,1360.2438042627782,1363.054443359375,5072482,0.0,0.0,INFY
2024-04-08,1366.6486630791478,1373.97488704448,1358.4469055155266,1360.8428955078125,6610887,0.0,0.0,INFY
2024-04-09,1373.0993855776476,1395.0321590156452,1370.6112639030227,1377.56884765625,9423230,0.0,0.0,INFY
2024-04-10,1382.6372778632074,1391.3919380114644,1368.076963217734,1388.581298828125,6744595,0.0,0.0,INFY
2024-04-12,1386.0009366054892,1388.581302495331,1363.4231287950938,1368.26123046875,12275616,0.0,0.0,INFY
2024-04-15,1363.884010132131,1374.8964069734686,1346.420810540168,1352.9637451171875,8531224,0.0,0.0,INFY
2024-04-16,1337.1591322439795,1340.9835588768526,1302.1866141339272,1303.4766845703125,16173541,0.0,0.0,INFY
2024-04-18,1309.6051010829012,1331.3534994670702,1297.072135276183,1307.9002685546875,22107945,0.0,0.0,INFY
2024-04-19,1276.3373231980736,1314.903883353496,1270.5776782377934,1300.52783203125,20603621,0.0,0.0,INFY
2024-04-22,1308.4992564312556,1324.1193692022916,1302.1867077963823,1320.341064453125,5859087,0.0,0.0,INFY
2024-04-23,1329.7867901203954,1333.334708815105,1320.5713584494295,1329.23388671875,4856174,0.0,0.0,INFY
2024-04-24,1330.9848800805114,1330.9848800805114,1315.0882599841418,1318.4979248046875,4268213,0.0,0.0,INFY
2024-04-25,1308.5912027225215,1331.5376484238018,1308.5912027225215,1325.5936279296875,9089398,0.0,0.0,INFY
2024-04-26,1326.7457701482465,1331.9986341616486,1315.0422158870554,1318.0372314453125,8062444,0.0,0.0,INFY
2024-04-29,1317.7607514168,1326.838042603384,1316.1941728580287,1322.1842041015625,5055957,0.0,0.0,INFY
2024-04-30,1322.1380131744238,1323.8429581264434,1306.3336369406475,1309.0982666015625,6936588,0.0,0.0,INFY
2024-05-02,1302.1404919784582,1312.2774667921617,1301.0806948402314,1303.4766845703125,10076354,0.0,0.0,INFY
2024-05-03,1310.526523531366,1313.0147575937467,1293.1093350669514,1305.181640625,8842345,0.0,0.0,INFY
2024-05-06,1308.5913151241766,1332.2749298443393,1305.9188174045357,1314.0284423828125,6445422,0.0,0.0,INFY
2024-05-07,1313.1528923189749,1330.1093091097507,1304.5364861962978,1327.8975830078125,6080661,0.0,0.0,INFY
2024-05-08,1322.6449494254493,1326.7918940500197,1313.7520345652563,1315.3187255859375,6234983,0.0,0.0,INFY
2024-05-09,1315.5490256671164,1336.1915031252968,1313.0607915586831,1326.6075439453125,6088406,0.0,0.0,INFY
2024-05-10,1322.4604966710783,1323.289795482951,1302.1404259190676,1313.1068115234375,8777481,0.0,0.0,INFY
2024-05-13,1313.198944644248,1313.198944644248,1300.4816046041549,1311.7705078125,3735954,0.0,0.0,INFY
2024-05-14,1314.4891762078207,1321.2624958851497,1306.7943133773022,1312.9224853515625,3463230,0.0,0.0,INFY
2024-05-15,1314.1206697254095,1319.4656655532185,1307.2552175350827,1308.5452880859375,4327544,0.0,0.0,INFY
2024-05-16,1321.4468679639122,1341.5365553493355,1315.0421875208667,1339.3248291015625,9249145,0.0,0.0,INFY
2024-05-17,1342.6884167000094,1342.6884167000094,1326.3310252131012,1330.98486328125,7542860,0.0,0.0,INFY
2024-05-21,1317.8066770242508,1331.3533160495845,1316.3322305136044,1321.631103515625,6752663,0.0,0.0,INFY
2024-05-22,1316.6548867308702,1345.406990441256,1315.963729310014,1340.6611328125,7173285,0.0,0.0,INFY
2024-05-23,1340.5688666610595,1362.17912249703,1336.2376585581328,1356.8802490234375,8641428,0.0,0.0,INFY
2024-05-24,1353.0557154211108,1359.7369031866842,1345.4529845154584,1350.15283203125,5277938,0.0,0.0,INFY
2024-05-27,1356.373369267408,1363.5153292403581,1345.6834903871545,1355.91259765625,5821844,0.0,0.0,INFY
2024-05-28,1359.7369459532367,1360.1977175377685,1345.7295347806962,1351.949951171875,6186922,0.0,0.0,INFY
2024-05-29,1350.4295268928772,1350.521658721026,1336.237738072663,1337.1131591796875,7401634,0.0,0.0,INFY
2024-05-30,1329.6025651299135,1336.0993771509409,1310.0197722599248,1315.456787109375,9663150,0.0,0.0,INFY
2024-05-31,1325.18568552157,1350.5181357141773,1315.9738228639974,1322.459716796875,37113815,28.0,0.0,INFY
2024-06-03,1353.5731158092904,1353.5731158092904,1319.7337879140582,1321.519775390625,10589244,0.0,0.0,INFY
2024-06-04,1324.4335719499218,1330.0734594103187,1276.8234990229753,1310.0048828125,13736134,0.0,0.0,INFY
2024-06-05,1316.1148183429186,1351.6930870098186,1316.1148183429186,1344.2672119140625,9233424,0.0,0.0,INFY
2024-06-06,1358.2261557270542,1385.81470319026,1351.2233397940015,1383.8876953125,12660930,0.0,0.0,INFY
2024-06-07,1392.1123044504961,1447.2891608293014,1388.5873745776473,1441.5552978515625,24075302,0.0,0.0,INFY
2024-06-10,1433.7536304630544,1437.983546630723,1407.4341520864498,1409.737060546875,6810606,0.0,0.0,INFY
2024-06-11,1410.0190163300265,1416.0348049461413,1404.2850385180848,1405.97705078125,4853054,0.0,0.0,INFY
2024-06-12,1416.5519427607585,1418.1969101793593,1393.7573942458623,1396.060302734375,9564320,0.0,0.0,INFY
2024-06-13,1405.2721826102318,1414.6719965407349,1399.961264790733,1404.28515625,7307565,0.0,0.0,INFY
2024-06-14,1413.4498626747718,1413.4498626747718,1396.8592841989566,1399.5382080078125,4237727,0.0,0.0,INFY
2024-06-18,1407.152097561087,1416.5519111720494,1405.6481503320965,1408.280029296875,5420939,0.0,0.0,INFY
2024-06-19,1414.6717670710855,1424.6825902320104,1406.86987687676,1420.640625,5493456,0.0,0.0,INFY
2024-06-20,1425.2936379231433,1426.4215695435462,1409.125891319924,1424.4476318359375,7927010,0.0,0.0,INFY
2024-06-21,1452.271166938704,1464.2559289959652,1432.249518545518,1440.7093505859375,17301941,0.0,0.0,INFY
2024-06-24,1433.0485032665965,1437.3253492351942,1424.4476516241698,1435.492431640625,5564989,0.0,0.0,INFY
2024-06-25,1434.4115183965616,1451.237207255743,1429.1006009006553,1449.4041748046875,4551525,0.0,0.0,INFY
2024-06-26,1448.5111662607692,1455.889996430208,1442.8712785271127,1448.2291259765625,4851004,0.0,0.0,INFY
2024-06-27,1446.114304702132,1483.6666295895413,1440.0985156795878,1478.919677734375,14757754,0.0,0.0,INFY
2024-06-28,1478.1676356666337,1493.1602914681441,1470.3657449978248,1472.7156982421875,8197544,0.0,0.0,INFY
2024-07-01,1465.900925341744,1503.8761950899986,1465.900925341744,1495.3223876953125,6801771,0.0,0.0,INFY
2024-07-02,1500.3980870491325,1535.7414752975033,1491.2803144467298,1523.7567138671875,10493173,0.0,0.0,INFY
2024-07-03,1527.4696078755678,1537.809402144264,1509.609963229638,1529.7255859375,7269965,0.0,0.0,INFY
2024-07-04,1530.4775505601317,1560.3690026530594,1530.2896001922775,1551.5802001953125,8008311,0.0,0.0,INFY
2024-07-05,1552.332191113537,1565.8679458210338,1535.3185512266714,1548.572265625,7065022,0.0,0.0,INFY
2024-07-08,1544.483343885064,1566.008939897241,1541.5694246287367,1561.9200439453125,5880533,0.0,0.0,INFY
2024-07-09,1560.2750121000736,1566.7138611771477,1551.9091554243114,1557.6900634765625,5191182,0.0,0.0,INFY
2024-07-10,1557.5490553427878,1573.5287378659184,1539.2664644712022,1549.32421875,9852770,0.0,0.0,INFY
2024-07-11,1556.6090643284788,1565.0688961998292,1543.4963708254108,1553.507080078125,8857679,0.0,0.0,INFY
2024-07-12,1579.1686539269024,1616.5329122564228,1566.6199259649964,1609.0130615234375,17078316,0.0,0.0,INFY
2024-07-15,1622.5957659620963,1624.2877782953476,1600.4592739409936,1604.59521484375,6942230,0.0,0.0,INFY
2024-07-16,1615.4519041715741,1633.593589888385,1597.9682742375035,1622.454833984375,6886281,0.0,0.0,INFY
2024-07-18,1615.827983176718,1659.4431419133819,1615.827983176718,1652.5343017578125,11248896,0.0,0.0,INFY
2024-07-19,1733.3256958168,1733.3256958168,1679.2297205297605,1685.339599609375,29819116,0.0,0.0,INFY
2024-07-22,1692.1075281917851,1713.586080081119,1685.3395933133556,1702.165283203125,8462126,0.0,0.0,INFY
2024-07-23,1701.3662125939957,1729.5186076175692,1676.2217119382558,1726.6517333984375,7113056,0.0,0.0,INFY
2024-07-24,1727.2156416274588,1731.7745279912915,1710.3899533806657,1723.878662109375,6002845,0.0,0.0,INFY
2024-07-25,1710.7659428071297,1721.0117617869892,1703.2460925090763,1715.3248291015625,5815599,0.0,0.0,INFY
2024-07-26,1715.7949342558115,1769.9848820315087,1715.7949342558115,1766.1309814453125,11369047,0.0,0.0,INFY
2024-07-29,1779.9486525351583,1788.78450012986,1752.1252276626687,1758.799072265625,4635931,0.0,0.0,INFY
2024-07-30,1758.7990290172347,1767.1178407699306,1748.365259289592,1764.4859619140625,2721265,0.0,0.0,INFY
2024-07-31,1764.344953812893,1772.0058245898792,1753.1122228334534,1756.1201171875,5004209,0.0,0.0,INFY
2024-08-01,1744.699358548906,1755.7911843622094,1734.3595637121655,1741.409423828125,7475014,0.0,0.0,INFY
2024-08-02,1732.3855594141,1747.895251074617,1707.147084115294,1711.8939208984375,7400938,0.0,0.0,INFY
2024-08-05,1677.8197340219435,1689.616546348778,1615.405061601391,1646.75341796875,10736703,0.0,0.0,INFY
2024-08-06,1654.5551502330297,1689.0994653436978,1640.126459251215,1646.0013427734375,7690163,0.0,0.0,INFY
2024-08-07,1688.2065718679119,1689.9925594528395,1656.341179884447,1684.11767578125,5094329,0.0,0.0,INFY
2024-08-08,1673.1196857214622,1673.1196857214622,1623.4416964698462,1638.5284423828125,6227910,0.0,0.0,INFY
2024-08-09,1664.9419144885312,1673.8717370362467,1650.6071993461458,1664.471923828125,4258524,0.0,0.0,INFY
2024-08-12,1666.6339385624474,1695.2563240862842,1661.9809621451984,1689.5224609375,4315329,0.0,0.0,INFY
2024-08-13,1701.3662700318037,1701.3662700318037,1681.6737063397366,1689.5694580078125,4176918,0.0,0.0,INFY
2024-08-14,1693.8464406687062,1715.4660123309595,1689.5694795075585,1713.821044921875,7450718,0.0,0.0,INFY
2024-08-16,1738.9653871768742,1750.1041425189478,1719.6957707243737,1747.378173828125,7335657,0.0,0.0,INFY
2024-08-19,1748.3652410685681,1755.4621458747317,1738.2133969970967,1752.877197265625,2585989,0.0,0.0,INFY
2024-08-20,1767.1647855371516,1772.5226328723743,1756.0729606665764,1759.8328857421875,3870333,0.0,0.0,INFY
2024-08-21,1762.5589566406527,1766.2249067508462,1755.0391060531026,1760.302978515625,1966902,0.0,0.0,INFY
2024-08-22,1770.9248323444356,1779.9956751616294,1757.4830533776285,1767.39990234375,4300287,0.0,0.0,INFY
2024-08-23,1765.4727869250148,1769.6087274887373,1745.5452297686368,1750.339111328125,5015935,0.0,0.0,INFY
2024-08-26,1757.7651122966831,1775.3897624868237,1752.125224235838,1763.5460205078125,3728589,0.0,0.0,INFY
2024-08-27,1763.54596510821,1788.5494451104064,1761.431007151832,1786.0584716796875,3830679,0.0,0.0,INFY
2024-08-28,1792.450420519267,1833.903574209478,1783.5205978872887,1822.7177734375,6514531,0.0,0.0,INFY
2024-08-29,1816.9838956969513,1833.4335688344042,1805.610144647818,1817.3128662109375,7228284,0.0,0.0,INFY
2024-08-30,1821.6837784081808,1832.9635541258785,1812.2839653100993,1827.0416259765625,13466759,0.0,0.0,INFY
2024-09-02,1826.712755054023,1857.1681741009113,1826.195834151735,1846.5933837890625,5573739,0.0,0.0,INFY
2024-09-03,1848.943412636329,1848.943412636329,1820.226934986873,1824.7388916015625,4694322,0.0,0.0,INFY
2024-09-04,1805.7980647866775,1811.5319278069883,1786.0115271331308,1807.0670166015625,4778310,0.0,0.0,INFY
2024-09-05,1810.638983993486,1823.5637269032381,1794.9882723576418,1817.1248779296875,4081810,0.0,0.0,INFY
2024-09-06,1806.6441381891027,1820.2738676395406,1783.00358450389,1787.7034912109375,5848106,0.0,0.0,INFY
2024-09-09,1776.564732765143,1805.5631341580754,1775.6247514250556,1780.9356689453125,4772612,0.0,0.0,INFY
2024-09-10,1790.5704823041315,1818.8638977650467,1782.2046254069915,1797.5263671875,6909600,0.0,0.0,INFY
2024-09-11,1799.7822173243185,1810.4040523138208,1790.6644442667855,1795.50537109375,5312946,0.0,0.0,INFY
2024-09-12,1809.464116978717,1838.9795546148218,1796.1164275717779,1833.3865966796875,8555092,0.0,0.0,INFY
2024-09-13,1833.3867057185469,1841.0475772026095,1819.4750496173078,1827.4178466796875,3843127,0.0,0.0,INFY
2024-09-16,1828.9686923682912,1834.8435757434945,1817.0309752474043,1833.1986083984375,1570181,0.0,0.0,INFY
2024-09-17,1830.8486394119768,1840.9063937669002,1825.584766901514,1835.360595703125,2793127,0.0,0.0,INFY
2024-09-18,1822.388800311061,1822.388800311061,1768.3869188956942,1778.585693359375,6385468,0.0,0.0,INFY
2024-09-19,1795.9282898631557,1809.370068657787,1766.036952686509,1780.5125732421875,7976570,0.0,0.0,INFY
2024-09-20,1790.664520804125,1800.0643345616268,1755.3212440246816,1791.3695068359375,15242974,0.0,0.0,INFY
2024-09-23,1794.4244980502351,1803.7303368872645,1765.7080202954846,1782.627685546875,3636672,0.0,0.0,INFY
2024-09-24,1774.6846588682515,1796.2102531560402,1759.0809925494216,1784.6484375,7277616,0.0,0.0,INFY
2024-09-25,1773.1337292502485,1787.4684442930745,1764.156976545127,1781.546630859375,4268341,0.0,0.0,INFY
2024-09-26,1783.8966765192179,1802.8372091877666,1779.384720079492,1786.1995849609375,8952803,0.0,0.0,INFY
2024-09-27,1816.1380763305222,1856.0872866298698,1789.0666803151419,1792.3095703125,14908931,0.0,0.0,INFY
2024-09-30,1767.165116110307,1787.139721811022,1758.2352923852816,1763.0291748046875,6986955,0.0,0.0,INFY
2024-10-01,1762.464916843665,1794.3772357071236,1762.464916843665,1790.0533447265625,4029072,0.0,0.0,INFY
2024-10-03,1776.0946700907043,1797.1032292411892,1768.1048290238766,1779.7606201171875,7503887,0.0,0.0,INFY
2024-10-04,1776.1418246086153,1836.8175525476968,1772.8048448832324,1803.0252685546875,10001483,0.0,0.0,INFY
2024-10-07,1807.772048058558,1825.4437429610623,1801.0512733437376,1818.2059326171875,6112575,0.0,0.0,INFY
2024-10-08,1821.5898836675146,1840.436440915146,1791.9334261359113,1831.6007080078125,5637391,0.0,0.0,INFY
2024-10-09,1835.3606336116181,1858.3431317562972,1828.3577036972526,1835.548583984375,4857163,0.0,0.0,INFY
2024-10-10,1840.3893918331603,1846.1232547571165,1799.2181654069389,1803.8240966796875,4782119,0.0,0.0,INFY
2024-10-11,1802.8843486125297,1830.1438095665253,1795.4584725073314,1818.9580078125,4709431,0.0,0.0,INFY
2024-10-14,1816.1848465537662,1851.2931242864458,1815.1978203158008,1841.329345703125,3751378,0.0,0.0,INFY
2024-10-15,1842.3635074756771,1871.9258760220825,1834.6086610794148,1841.70556640625,5353705,0.0,0.0,INFY
2024-10-16,1837.6635261263593,1841.9404871358424,1801.3332242595482,1804.858154296875,3111512,0.0,0.0,INFY
2024-10-17,1819.0517651449982,1859.2830106666543,1814.304928428157,1849.9771728515625,8162822,0.0,0.0,INFY
2024-10-18,1780.1367445813487,1820.6028732629586,1757.0601563072833,1766.7889404296875,10526196,0.0,0.0,INFY
2024-10-21,1777.5986762175419,1784.8366013292746,1727.6856903747387,1741.5504150390625,4654601,0.0,0.0,INFY
2024-10-22,1746.6732140121014,1765.0969393741664,1736.098424337156,1740.4693603515625,4125240,0.0,0.0,INFY
2024-10-23,1734.500561986716,1772.804801466981,1733.3255853155424,1760.9610595703125,4311910,0.0,0.0,INFY
2024-10-24,1749.6813644323036,1770.9249206806642,1748.3653675509743,1751.5142822265625,2906475,0.0,0.0,INFY
2024-10-25,1751.6082405232555,1763.7340231622866,1735.5816269882255,1750.2923583984375,4689120,0.0,0.0,INFY
2024-10-28,1748.0832475331754,1768.9509020729429,1745.5453438193326,1753.3941650390625,7018940,0.0,0.0,INFY
2024-10-29,1754.9627985871089,1760.2866061853301,1738.8011693476826,1748.59326171875,4621252,21.0,0.0,INFY
2024-10-30,1741.6532608340028,1748.308049494395,1707.7613496606602,1713.227783203125,5919715,0.0,0.0,INFY
2024-10-31,1699.728089871948,1699.728089871948,1660.3697457491953,1670.589599609375,7395236,0.0,0.0,INFY
2024-11-01,1677.4819828348002,1678.9080088899161,1665.6460129974564,1674.011962890625,371966,0.0,0.0,INFY
2024-11-04,1639.4546463788554,1679.8587185569368,1633.275200045737,1676.6739501953125,7336722,0.0,0.0,INFY
2024-11-05,1673.2039554066878,1681.2371893406507,1658.9436944231081,1667.68994140625,3160880,0.0,0.0,INFY
2024-11-06,1677.0067780250674,1737.089967643031,1675.7233776805178,1733.7625732421875,10421494,0.0,0.0,INFY
2024-11-07,1723.5426610222241,1735.6638830746192,1698.8724555004114,1714.1309814453125,4550965,0.0,0.0,INFY
2024-11-08,1728.3437169759088,1749.829154713953,1723.7329222391422,1739.704345703125,4210960,0.0,0.0,INFY
2024-11-11,1738.8011800020988,1775.8778590726738,1732.669314114394,1768.367431640625,3804234,0.0,0.0,INFY
2024-11-12,1778.8249314544848,1788.2367269114475,1769.223045604574,1776.638427734375,5012450,0.0,0.0,INFY
2024-11-13,1769.3181384269985,1780.8213927172376,1764.7549244206982,1776.2581787109375,4257495,0.0,0.0,INFY
2024-11-14,1773.5961711004963,1783.4833086013102,1764.469627272938,1772.5980224609375,4311431,0.0,0.0,INFY
2024-11-18,1758.0049000608628,1758.0049000608628,1706.4778709351956,1722.1165771484375,4839244,0.0,0.0,INFY
2024-11-19,1735.4737552340218,1767.987103735295,1730.7679155470983,1734.7607421875,4669769,0.0,0.0,INFY
2024-11-21,1751.16006482196,1774.9271666789355,1730.8154024223286,1743.6021728515625,5436504,0.0,0.0,INFY
2024-11-22,1762.6633798054363,1819.6569616576032,1743.554652462339,1808.4388427734375,6301486,0.0,0.0,INFY
2024-11-25,1821.5107285834974,1824.6480325215346,1789.1874693080074,1796.5076904296875,12764638,0.0,0.0,INFY
2024-11-26,1811.00558516297,1842.9961275482167,1803.7329448177684,1829.2587890625,6850495,0.0,0.0,INFY
2024-11-27,1834.9152380654443,1845.6580141122217,1817.4702091826562,1829.5914306640625,4447143,0.0,0.0,INFY
2024-11-28,1820.4648690644453,1820.4648690644453,1760.3341042723987,1765.0875244140625,8468790,0.0,0.0,INFY
2024-11-29,1759.811276019277,1784.4340168837268,1754.0121263454853,1766.2283935546875,5244346,0.0,0.0,INFY
2024-12-02,1767.3216723437565,1789.9479994533772,1744.6953452341356,1787.095947265625,2868263,0.0,0.0,INFY
2024-12-03,1793.9408410909798,1806.0620629902432,1778.8725217831325,1798.789306640625,4715792,0.0,0.0,INFY
2024-12-04,1791.0888644737497,1819.56180716774,1782.5327074778559,1796.0799560546875,4705573,0.0,0.0,INFY
2024-12-05,1806.2997139926326,1853.7388717964993,1795.7946087095554,1839.4310302734375,9050038,0.0,0.0,INFY
2024-12-06,1837.4822303839658,1842.3781605401093,1818.088252003757,1827.5950927734375,3573331,0.0,0.0,INFY
2024-12-09,1829.3062538776032,1835.0103583375276,1803.6377838079438,1828.783447265625,4274645,0.0,0.0,INFY
2024-12-10,1843.3764867481466,1868.664660829215,1836.721697987323,1852.45556640625,6174921,0.0,0.0,INFY
2024-12-11,1858.5873457085745,1880.4530791874988,1855.7352935156714,1876.79296875,5025612,0.0,0.0,INFY
2024-12-12,1877.791037372581,1900.227273174294,1873.370449502188,1889.0091552734375,6462130,0.0,0.0,INFY
2024-12-13,1872.6099443049989,1907.500003205855,1857.4465798294907,1901.0828857421875,5362693,0.0,0.0,INFY
2024-12-16,1897.0424188970678,1900.9877808683423,1880.072732013709,1882.4019775390625,3119221,0.0,0.0,INFY
2024-12-17,1870.9463322304846,1884.2559097971648,1861.439491111427,1879.1221923828125,5811050,0.0,0.0,INFY
2024-12-18,1869.8054617493733,1887.060284654621,1864.8618349910091,1881.54638671875,3064095,0.0,0.0,INFY
2024-12-19,1838.623014099366,1863.1031292043601,1825.3134369549032,1850.2213134765625,5323592,0.0,0.0,INFY
2024-12-20,1877.743552521445,1882.3067661561822,1816.9948208472201,1827.3572998046875,11056720,0.0,0.0,INFY
2024-12-23,1834.867922920088,1844.3271834459897,1814.855975875461,1829.4014892578125,2781793,0.0,0.0,INFY
2024-12-24,1832.015755380025,1846.2284355881454,1749.2586619372746,1814.9034423828125,2360544,0.0,0.0,INFY
2024-12-26,1814.9034908105154,1825.0757640546135,1808.4863732653307,1813.3348388671875,3623321,0.0,0.0,INFY
2024-12-27,1815.2361283318478,1829.258717915249,1810.0073661143083,1822.2236328125,3937500,0.0,0.0,INFY
2024-12-30,1821.2254956591669,1821.510747311123,1793.4655661808106,1812.00390625,7789055,0.0,0.0,INFY
2024-12-31,1798.9794709559926,1803.4476395627287,1754.0596496753712,1787.2860107421875,3613063,0.0,0.0,INFY
2025-01-01,1781.5819053214227,1799.5973216045268,1781.5819053214227,1789.6627197265625,1838368,0.0,0.0,INFY
2025-01-02,1793.9409285299619,1865.8602051810894,1792.3248119514092,1861.296875,7083645,0.0,0.0,INFY
2025-01-03,1856.6384617090841,1856.6384617090841,1827.214835312903,1843.1387939453125,6218003,0.0,0.0,INFY
2025-01-06,1855.7352837034794,1875.69964894824,1832.9188662808956,1842.2830810546875,7164403,0.0,0.0,INFY
2025-01-07,1849.0806215360017,1861.962437838805,1828.7835386947554,1835.62841796875,4294832,0.0,0.0,INFY
2025-01-08,1834.8202633622047,1842.9961231909604,1795.6045452981161,1837.81494140625,5482050,0.0,0.0,INFY
2025-01-09,1838.6705399259386,1855.5926464465324,1816.3294646707038,1822.74658203125,6833503,0.0,0.0,INFY
2025-01-10,1841.475056372847,1880.2630131182193,1836.9593070090002,1869.947998046875,8036913,0.0,0.0,INFY
2025-01-13,1859.538056114521,1885.0164358188285,1852.8832675701437,1865.4322509765625,5804152,0.0,0.0,INFY
2025-01-14,1871.7543886244132,1874.5589763818855,1835.8660634362316,1844.374755859375,5792162,0.0,0.0,INFY
2025-01-15,1850.981884706997,1861.4869901029845,1841.5700892018165,1853.501220703125,2985439,0.0,0.0,INFY
2025-01-16,1868.9973329214629,1869.948017007702,1822.3187674971882,1833.3466796875,7533579,0.0,0.0,INFY
2025-01-17,1759.7161759087412,1766.3709642563163,1722.6394979722525,1725.9193115234375,16409953,0.0,0.0,INFY
2025-01-20,1733.0496195308024,1737.8030402662885,1704.7193015774908,1723.8756103515625,4333011,0.0,0.0,INFY
2025-01-21,1729.3418737355341,1741.3204695981628,1704.6240883474466,1711.896728515625,7169109,0.0,0.0,INFY
2025-01-22,1718.266356355729,1773.786327477544,1716.127317266663,1764.8973388671875,8373913,0.0,0.0,INFY
2025-01-23,1766.370941552174,1786.8582289789933,1761.3322697336553,1773.4534912109375,5907471,0.0,0.0,INFY
2025-01-24,1773.501188842313,1801.4513245969808,1772.312833717117,1782.96044921875,4887027,0.0,0.0,INFY
2025-01-27,1757.5772848453794,1771.1245336940863,1722.639643077662,1732.146484375,7652371,0.0,0.0,INFY
2025-01-28,1739.7519532584283,1771.5998715284597,1734.9034874184256,1739.5142822265625,6999495,0.0,0.0,INFY
2025-01-29,1754.0120684956396,1795.5094503993766,1749.7339902797964,1788.474365234375,5145155,0.0,0.0,INFY
2025-01-30,1780.7738303869369,1794.1308715011382,1753.0613674474346,1768.2247314453125,7336056,0.0,0.0,INFY
2025-01-31,1778.729881094765,1803.875428129993,1778.729881094765,1787.095947265625,5820470,0.0,0.0,INFY
2025-02-01,1787.571323971164,1797.3633003755383,1754.9628135718901,1760.0489501953125,1701402,0.0,0.0,INFY
2025-02-03,1745.4560668085503,1784.0063547913574,1742.033627142517,1771.4097900390625,4823228,0.0,0.0,INFY
2025-02-04,1795.8423067996916,1816.9474478919842,1782.5327290891591,1805.1590576171875,7334787,0.0,0.0,INFY
2025-02-05,1812.0038151596648,1825.0281403385413,1800.88085809743,1803.4952392578125,4996744,0.0,0.0,INFY
2025-02-06,1822.46137881177,1829.116167362465,1806.2997494743677,1821.177978515625,4765255,0.0,0.0,INFY
2025-02-07,1824.648004479721,1828.8309215990796,1796.2699917999128,1809.769775390625,4126260,0.0,0.0,INFY
2025-02-10,1811.0531389851265,1811.0531389851265,1785.9550565261386,1787.5712890625,3828734,0.0,0.0,INFY
2025-02-11,1790.2331848086437,1809.1518213900456,1777.7792464526458,1783.150634765625,4411601,0.0,0.0,INFY
2025-02-12,1792.0395140512057,1801.1660581275596,1755.9135185424811,1771.26708984375,5633947,0.0,0.0,INFY
2025-02-13,1776.3532848619434,1781.106705479717,1745.1233346132335,1752.3485107421875,5237744,0.0,0.0,INFY
2025-02-14,1762.568310549922,1767.6069826690268,1738.1832403249714,1764.8499755859375,5292961,0.0,0.0,INFY
2025-02-17,1747.8801254076848,1761.3797918708847,1732.2888845014002,1751.4451904296875,4428956,0.0,0.0,INFY
2025-02-18,1751.445375977347,1769.8410902296603,1746.977091046225,1760.619384765625,4365260,0.0,0.0,INFY
2025-02-19,1756.2937934312417,1758.004955145868,1716.840404092615,1721.498779296875,4611411,0.0,0.0,INFY
2025-02-20,1716.5077280780874,1740.7025920720746,1716.5077280780874,1735.14111328125,2218020,0.0,0.0,INFY
2025-02-21,1731.956275207461,1739.6092122968646,1717.1255109603246,1725.4915771484375,3379879,0.0,0.0,INFY
2025-02-24,1711.2789698500455,1718.8368620656656,1663.9348549947076,1677.101806640625,7594720,0.0,0.0,INFY
2025-02-25,1659.0863139546623,1690.744023588038,1659.0863139546623,1680.524169921875,5092963,0.0,0.0,INFY
2025-02-27,1668.640674098442,1688.2723238346587,1664.7428925260701,1677.2919921875,5757079,0.0,0.0,INFY
2025-02-28,1668.4982752722037,1668.5457398498413,1599.4785126706022,1604.4696044921875,12182167,0.0,0.0,INFY
2025-03-03,1608.8427856333933,1643.3525496222132,1608.8427856333933,1624.3388671875,7504969,0.0,0.0,INFY
2025-03-04,1611.4095762179882,1615.2123126810395,1587.6424733239176,1605.0400390625,6759673,0.0,0.0,INFY
2025-03-05,1608.9852468032536,1647.4879525703643,1608.9852468032536,1627.0958251953125,8180782,0.0,0.0,INFY
2025-03-06,1630.4231429408271,1637.3631829139892,1607.7017709749155,1631.231201171875,10610547,0.0,0.0,INFY
2025-03-07,1619.1100684643093,1620.9163914654462,1592.871210498742,1602.8533935546875,8019331,0.0,0.0,INFY
2025-03-10,1602.8533592169706,1634.225933863566,1593.5366088108908,1617.5413818359375,7558981,0.0,0.0,INFY
2025-03-11,1597.1492261839649,1597.1492261839649,1556.3173920894415,1579.6566162109375,12671234,0.0,0.0,INFY
2025-03-12,1556.1746748414012,1556.1746748414012,1486.6796971141694,1512.3956298828125,14870008,0.0,0.0,INFY
2025-03-13,1520.381526929375,1526.8462251444753,1492.8592690164621,1501.938232421875,7822888,0.0,0.0,INFY
2025-03-17,1468.949515897204,1515.3904095675546,1468.949515897204,1511.63525390625,7526032,0.0,0.0,INFY
2025-03-18,1511.63525390625,1511.63525390625,1511.63525390625,1511.63525390625,0,0.0,0.0,INFY
2025-03-19,1523.9465678973438,1523.9465678973438,1495.2359553339961,1508.307861328125,7387068,0.0,0.0,INFY
2025-03-20,1513.4891497172634,1551.4214700841842,1513.4891497172634,1535.8778076171875,7186750,0.0,0.0,INFY
2025-03-21,1500.1320035723254,1524.802326821007,1486.5372898982932,1514.0120849609375,10074677,0.0,0.0,INFY
2025-03-24,1519.1455370257738,1527.8443193262497,1495.1407646724408,1514.2020263671875,8857726,0.0,0.0,INFY
2025-03-25,1525.84798372026,1555.46181670782,1525.84798372026,1548.1414794921875,9890140,0.0,0.0,INFY
2025-03-26,1545.8123648464964,1556.9829031533513,1516.3411573986234,1520.5716552734375,6651302,0.0,0.0,INFY
2025-03-27,1516.8640098840594,1540.0606082841557,1507.7849306219216,1524.469482421875,9426573,0.0,0.0,INFY
2025-03-28,1511.5877308709687,1519.620965158934,1483.0672076469882,1493.1920166015625,6799047,0.0,0.0,INFY
2025-04-01,1463.3404602190724,1471.0885586286036,1442.9957978349414,1451.21923828125,12680733,0.0,0.0,INFY
2025-04-02,1459.4902057913214,1478.9317655581158,1459.4902057913214,1473.7030029296875,6193478,0.0,0.0,INFY
2025-04-03,1458.967226269639,1458.967226269639,1411.8133230002038,1422.6986083984375,10459504,0.0,0.0,INFY
2025-04-04,1388.4742004590178,1399.4070681791675,1376.5906485892897,1380.0606689453125,9590254,0.0,0.0,INFY
2025-04-07,1285.3248095467156,1336.5667020131123,1242.5440281638737,1327.867919921875,21715252,0.0,0.0,INFY
2025-04-08,1360.4288608109712,1384.671303823326,1345.2179161757683,1358.33740234375,12805001,0.0,0.0,INFY
2025-04-09,1335.758736096975,1339.9416532809853,1313.7503760547593,1334.4752197265625,8546854,0.0,0.0,INFY
2025-04-11,1341.652928180614,1367.844321400648,1328.1532604606723,1339.941650390625,12567440,0.0,0.0,INFY
2025-04-15,1374.3089224037624,1376.3053358191778,1339.513907284088,1355.675537109375,10178530,0.0,0.0,INFY
2025-04-16,1354.7249077086744,1357.1016180730755,1327.9156612183533,1343.4117431640625,12022740,0.0,0.0,INFY
2025-04-17,1329.0563853909828,1359.2881865002564,1310.327954849587,1349.49609375,14264227,0.0,0.0,INFY
2025-04-21,1340.4645789137878,1399.2169026224717,1340.4645789137878,1379.442626953125,15648970,0.0,0.0,INFY
2025-04-22,1368.9850198763202,1368.9850198763202,1349.3059066357173,1352.63330078125,9399738,0.0,0.0,INFY
2025-04-23,1374.6891479419496,1414.4277879886072,1368.6047467603623,1402.1639404296875,11136642,0.0,0.0,INFY
2025-04-24,1397.4105217628291,1409.7694145318515,1389.4247524558623,1398.8365478515625,7114292,0.0,0.0,INFY
2025-04-25,1402.7343459374797,1427.642222162945,1391.3261370921732,1407.2025146484375,8329979,0.0,0.0,INFY
2025-04-28,1407.2024661808139,1416.1389193452367,1393.0373668593481,1409.0087890625,5886253,0.0,0.0,INFY
2025-04-29,1408.9138107783806,1435.3428747016321,1401.4033833138335,1423.6494140625,8056743,0.0,0.0,INFY
2025-04-30,1422.9839060733532,1434.3921144618078,1409.4841231835037,1426.12109375,7704183,0.0,0.0,INFY
2025-05-02,1425.7408206525301,1448.081895785028,1422.4134264838601,1432.5858154296875,7402310,0.0,0.0,INFY
2025-05-05,1440.2864278864722,1447.8919007730015,1428.6881281546378,1434.2020263671875,4282493,0.0,0.0,INFY
2025-05-06,1431.7302219442606,1440.856765886036,1425.170478593818,1436.958984375,4270530,0.0,0.0,INFY
2025-05-07,1426.026145690909,1443.8990531370239,1422.7937965506155,1433.9168701171875,5691799,0.0,0.0,INFY
2025-05-08,1433.631664427957,1441.7124795125974,1427.1669659401214,1436.864013671875,8424409,0.0,0.0,INFY
2025-05-09,1426.6915991963783,1436.8639888159648,1420.4171072727893,1433.2513427734375,4478653,0.0,0.0,INFY
2025-05-12,1461.2014458755218,1551.516434397431,1456.4480254270004,1546.66796875,11372857,0.0,0.0,INFY
2025-05-13,1529.6507024801845,1532.6928451513845,1487.4403056280353,1491.2430419921875,12846210,0.0,0.0,INFY
2025-05-14,1496.3767741072957,1516.3411402167324,1492.0986956552736,1513.869384765625,4870057,0.0,0.0,INFY
2025-05-15,1511.3975456512203,1538.7771765983814,1493.5246391320036,1533.453369140625,11151167,0.0,0.0,INFY
2025-05-16,1533.0731584594146,1533.0731584594146,1503.5069061207216,1511.49267578125,4576751,0.0,0.0,INFY
2025-05-19,1498.7533295424078,1506.8341435615073,1478.9790558755526,1482.876953125,8855798,0.0,0.0,INFY
2025-05-20,1492.573904126385,1505.4081383338412,1481.1656959419795,1483.637451171875,7143998,0.0,0.0,INFY
2025-05-21,1490.577561992386,1493.5246593705174,1475.556707413097,1491.14794921875,4157309,0.0,0.0,INFY
2025-05-22,1478.789066286349,1483.8277382618005,1464.0534632471729,1471.18359375,6158990,0.0,0.0,INFY
2025-05-23,1473.5603223754533,1508.9257236923431,1473.5603223754533,1487.6304931640625,5038421,0.0,0.0,INFY
2025-05-26,1489.3414997424045,1505.6933338273104,1485.6338090106342,1502.5560302734375,3170102,0.0,0.0,INFY
2025-05-27,1501.985817890451,1504.8378701621398,1479.6447417622219,1492.6690673828125,7775714,0.0,0.0,INFY
2025-05-28,1503.0315254066693,1509.4010623010483,1492.5740005619675,1494.2852783203125,3623370,0.0,0.0,INFY
2025-05-29,1510.6370121874,1529.555648703017,1498.8485063145804,1507.4046630859375,8609500,0.0,0.0,INFY
2025-05-30,1514.5387348868949,1515.5027951891782,1499.2101525439637,1506.5369873046875,13148092,22.0,0.0,INFY
2025-06-02,1503.9340358386107,1503.9340358386107,1483.6887699715526,1497.9569091796875,4374509,0.0,0.0,INFY
2025-06-03,1502.9700087561519,1510.9717563250315,1480.410974183671,1487.5450439453125,6853403,0.0,0.0,INFY
2025-06-04,1487.545069852834,1501.3311794658816,1486.0025968815146,1495.4503173828125,4548307,0.0,0.0,INFY
2025-06-05,1492.2689554139665,1511.3572786610305,1486.195328477135,1498.43896484375,6948539,0.0,0.0,INFY
2025-06-06,1498.8244913615613,1512.5142181403369,1487.641415492617,1507.5975341796875,3960020,0.0,0.0,INFY
2025-06-09,1521.2871674371763,1530.9277705261318,1514.5387452749073,1516.3704833984375,2903202,0.0,0.0,INFY
2025-06-10,1527.0715350387688,1549.726952383094,1520.8051430073597,1538.6402587890625,8591925,0.0,0.0,INFY
2025-06-11,1532.9521677606,1575.8528485433976,1532.9521677606,1572.4786376953125,10597410,0.0,0.0,INFY
2025-06-12,1558.8856061675938,1569.4902701551284,1540.6648417796544,1550.7874755859375,10483574,0.0,0.0,INFY
2025-06-13,1519.3591134860721,1551.1731050755648,1513.7675163758718,1544.4246826171875,6968315,0.0,0.0,INFY
2025-06-16,1542.4964798976407,1576.0458254086714,1539.7006814911979,1565.441162109375,5591842,0.0,0.0,INFY
2025-06-17,1562.452616510744,1588.193099360836,1557.535932091381,1580.962646484375,7622083,0.0,0.0,INFY
2025-06-18,1562.7417700471647,1585.589952431105,1562.7417700471647,1574.214111328125,5629707,0.0,0.0,INFY
2025-06-19,1565.5375611980423,1571.4183055533617,1553.5831898154863,1560.2352294921875,5147760,0.0,0.0,INFY
2025-06-20,1560.8136276168789,1572.0930860674746,1551.076642111549,1564.573486328125,9202821,0.0,0.0,INFY
2025-06-23,1543.4605584963404,1543.4605584963404,1518.7806380620095,1527.071533203125,7943676,0.0,0.0,INFY
2025-06-24,1543.4604830931148,1551.172965207259,1519.9373891083474,1524.7576904296875,8083992,0.0,0.0,INFY
2025-06-25,1532.8558375256184,1561.6812632899293,1528.1319186406413,1556.8609619140625,7813533,0.0,0.0,INFY
2025-06-26,1550.9803214172216,1565.6339915058402,1548.8593180602195,1557.9215087890625,6519233,0.0,0.0,INFY
2025-06-27,1560.8136478253264,1571.0326636135578,1544.8102701550988,1550.208984375,8912268,0.0,0.0,INFY
2025-06-30,1556.9573602116636,1556.9573602116636,1536.8084767193552,1544.2318115234375,6294505,0.0,0.0,INFY
2025-07-01,1551.1730095922587,1559.5602870581276,1542.978497111504,1549.0521240234375,4178937,0.0,0.0,INFY
2025-07-02,1559.8495930029494,1589.735462831807,1545.7743359105034,1552.619140625,8653641,0.0,0.0,INFY
2025-07-03,1560.331649069145,1573.7321112354073,1556.9574379034102,1560.5244140625,5259695,0.0,0.0,INFY
2025-07-04,1566.5980642699803,1584.3367981958825,1554.3545449332526,1581.7337646484375,4411273,0.0,0.0,INFY
2025-07-07,1581.058907066303,1584.91514830305,1564.669881810128,1568.526123046875,3294523,0.0,0.0,INFY
2025-07-08,1569.4902652889589,1587.0361167588558,1563.2238729521173,1579.8056640625,4590681,0.0,0.0,INFY
2025-07-09,1578.937970779495,1579.1307357618878,1565.248244218562,1574.9852294921875,4580828,0.0,0.0,INFY
2025-07-10,1579.998406486553,1579.998406486553,1549.341242702206,1557.7286376953125,5330179,0.0,0.0,INFY
2025-07-11,1522.3476337948875,1549.3413228616234,1506.8262861181436,1537.579833984375,11391755,0.0,0.0,INFY
2025-07-14,1534.5911874414394,1534.5911874414394,1503.7412587495296,1513.8638916015625,9173426,0.0,0.0,INFY
2025-07-15,1508.8507771918205,1545.967099361679,1507.790334380739,1528.614013671875,7614807,0.0,0.0,INFY
2025-07-16,1522.2511831800944,1554.0651724422496,1521.7691530397587,1550.112548828125,6223491,0.0,0.0,INFY
2025-07-17,1540.5683518202854,1552.1370753633664,1523.3116489985612,1526.5894775390625,7374814,0.0,0.0,INFY
2025-07-18,1534.8804313290245,1541.8217363306167,1523.2153248462614,1529.0960693359375,5161833,0.0,0.0,INFY
2025-07-21,1523.2153333190533,1531.8918763569468,1510.4897839367352,1527.36083984375,3682661,0.0,0.0,INFY
2025-07-22,1508.7544033781517,1528.806905141675,1508.7544033781517,1514.4423828125,8473741,0.0,0.0,INFY
2025-07-23,1519.648319505044,1534.6876368616054,1494.2934861823694,1517.9129638671875,8035026,0.0,0.0,INFY
2025-07-24,1523.21527148752,1525.14339208434,1492.558106924831,1496.70361328125,14169664,0.0,0.0,INFY
2025-07-25,1487.930738061539,1493.8114825426642,1456.9844249801497,1461.2261962890625,10851259,0.0,0.0,INFY
2025-07-28,1459.4908778130184,1464.6968268487494,1429.2193615593824,1461.515380859375,6439855,0.0,0.0,INFY
2025-07-29,1458.5267960319763,1462.6721845547067,1442.3305365336291,1459.2979736328125,7070448,0.0,0.0,INFY
2025-07-30,1465.2753927209724,1467.0106307922656,1451.8749299240865,1464.40771484375,5719051,0.0,0.0,INFY
2025-07-31,1455.4418850255533,1472.21655890233,1443.198365471235,1454.76708984375,6851407,0.0,0.0,INFY
2025-08-01,1440.2096707795008,1444.8370894973941,1412.83033538686,1416.782958984375,8702978,0.0,0.0,INFY
2025-08-04,1408.9741142502269,1429.5086455065348,1398.8514812022438,1427.291259765625,8610216,0.0,0.0,INFY
2025-08-05,1425.5559991895734,1425.5559991895734,1402.7078158601623,1407.8173828125,10213323,0.0,0.0,INFY
2025-08-06,1399.8155998166778,1403.768223634903,1378.895537719122,1385.0654296875,10566934,0.0,0.0,INFY
2025-08-07,1378.6062610201184,1390.1749848888187,1363.3740608530718,1385.25830078125,9892020,0.0,0.0,INFY
2025-08-08,1373.785961785155,1381.6912093691872,1366.169861688454,1371.9542236328125,10048009,0.0,0.0,INFY
2025-08-11,1368.8693412283471,1381.8841562074572,1363.1813615156616,1376.8709716796875,6625368,0.0,0.0,INFY
2025-08-12,1376.8708364780418,1389.2108550605094,1369.9296495773656,1372.918212890625,9899184,0.0,0.0,INFY
2025-08-13,1373.7858962323605,1382.4624387348806,1371.279363046038,1375.328369140625,10318063,0.0,0.0,INFY
2025-08-14,1374.9427475738962,1417.1686356270611,1374.9427475738962,1395.6700439453125,12902347,0.0,0.0,INFY
2025-08-18,1412.05912550974,1412.05912550974,1378.2206312900619,1384.1978759765625,7254561,0.0,0.0,INFY
2025-08-19,1381.2091389381637,1397.3090164904586,1381.2091389381637,1388.246826171875,3986094,0.0,0.0,INFY
2025-08-20,1388.921654258322,1445.1264179190935,1388.921654258322,1442.427001953125,10413061,0.0,0.0,INFY
2025-08-21,1453.802949118853,1453.802949118853,1430.9547668193538,1442.619873046875,6565539,0.0,0.0,INFY
2025-08-22,1444.258688328196,1450.2359327005538,1432.6899649169563,1434.0396728515625,5543397,0.0,0.0,INFY
2025-08-25,1452.549588321255,1483.6887826854402,1452.549588321255,1477.0367431640625,10694531,0.0,0.0,INFY
2025-08-26,1468.2638125760993,1483.1103644867733,1464.021923789744,1474.6265869140625,15994798,0.0,0.0,INFY
2025-08-28,1474.6266696224122,1474.6266696224122,1444.162386475055,1446.1868896484375,5443364,0.0,0.0,INFY
2025-08-29,1447.922152992462,1447.922152992462,1414.951220922169,1416.782958984375,8169075,0.0,0.0,INFY
2025-09-01,1423.6277245981132,1449.3682038919694,1423.145694472945,1445.511962890625,4546057,0.0,0.0,INFY
2025-09-02,1445.5120710387366,1458.4305028963795,1432.8829043510907,1444.837158203125,5218763,0.0,0.0,INFY
2025-09-03,1446.09053538698,1447.9222736017668,1420.0609057500144,1425.941650390625,4623483,0.0,0.0,INFY
2025-09-04,1430.6654315565193,1430.6654315565193,1407.6243677138264,1410.420166015625,5787724,0.0,0.0,INFY
2025-09-05,1417.1686742864704,1419.771590084351,1381.4984423486478,1392.6815185546875,5466487,0.0,0.0,INFY
2025-09-08,1398.8514448025214,1405.5998666589085,1376.9673238557784,1381.4019775390625,3811567,0.0,0.0,INFY
2025-09-09,1427.7733097648295,1453.0316426482493,1419.5787971834648,1450.2359619140625,13072640,0.0,0.0,INFY
2025-09-10,1455.8274419814547,1479.7361846012639,1455.056264347903,1477.518798828125,7281071,0.0,0.0,INFY
2025-09-11,1469.1314991861996,1472.6020926929066,1452.3568266067848,1455.4417724609375,8003662,0.0,0.0,INFY
2025-09-12,1481.7606968153777,1487.4486761823323,1466.4321143461764,1470.7703857421875,12856963,0.0,0.0,INFY
2025-09-15,1470.7703889313757,1472.6021270614033,1447.2472937742573,1454.1885986328125,6167414,0.0,0.0,INFY
2025-09-16,1454.18869843609,1459.5874130189484,1449.4647790449067,1456.9844970703125,8923112,0.0,0.0,INFY
2025-09-17,1462.3832147820146,1471.830935901443,1459.58741614181,1467.685546875,4795698,0.0,0.0,INFY
2025-09-18,1494.2935138953433,1499.1138155530703,1483.2068200825713,1485.2313232421875,9331945,0.0,0.0,INFY
2025-09-19,1489.0875921991392,1495.546867150236,1465.4681136380061,1484.845703125,12988129,0.0,0.0,INFY
2025-09-22,1429.4121385641438,1460.2620677071914,1428.7373434373958,1445.6083984375,15655204,0.0,0.0,INFY
2025-09-23,1439.3420265057648,1458.6232324870878,1439.3420265057648,1443.6802978515625,9832164,0.0,0.0,INFY
2025-09-24,1433.7504516255494,1442.909024606748,1429.4121802134027,1440.884521484375,4937004,0.0,0.0,INFY
2025-09-25,1435.4858961438838,1448.6934761875953,1423.4351414751138,1431.4368896484375,9491867,0.0,0.0,INFY
2025-09-26,1421.9889772759154,1425.555953399892,1389.4036912657584,1396.8270263671875,8597058,0.0,0.0,INFY
2025-09-29,1407.5280279964163,1412.3483294621576,1384.872611107433,1389.982177734375,10513117,0.0,0.0,INFY
2025-09-30,1391.1390030128964,1400.0083106366037,1386.4150840398418,1389.982177734375,7556305,0.0,0.0,INFY
2025-10-01,1394.0312659732858,1397.405477197979,1376.0997670015454,1393.8385009765625,6250692,0.0,0.0,INFY
2025-10-03,1387.282784330546,1396.2485922754322,1381.6911874663804,1394.609619140625,6877533,0.0,0.0,INFY
2025-10-06,1394.6096065704758,1425.6524188431904,1390.4642178899833,1422.9530029296875,4630590,0.0,0.0,INFY
2025-10-07,1424.5918193613172,1429.6050033943986,1401.743637948074,1406.0819091796875,5570320,0.0,0.0,INFY
2025-10-08,1404.6358503769075,1444.1623224877194,1402.707729786136,1441.2701416015625,4657192,0.0,0.0,INFY
2025-10-09,1448.0185870707542,1459.5873108023447,1433.557682406266,1455.0562744140625,7028753,0.0,0.0,INFY
2025-10-10,1455.7310370996563,1467.0104954131987,1444.933608930849,1460.4549560546875,3738353,0.0,0.0,INFY
2025-10-13,1443.1982662450723,1450.6214834671307,1430.087069727637,1439.5347900390625,5859355,0.0,0.0,INFY
2025-10-14,1445.1264411305913,1459.9729938155936,1433.075686951717,1436.353515625,5600789,0.0,0.0,INFY
2025-10-15,1430.5690952632847,1435.1001315764527,1414.75848288892,1421.4105224609375,6986098,0.0,0.0,INFY
2025-10-16,1420.9285143742625,1421.5069270236047,1408.0100826842827,1418.61474609375,8005748,0.0,0.0,INFY
2025-10-17,1402.6113299617484,1405.9855409539045,1382.462446500531,1389.3072509765625,16959378,0.0,0.0,INFY
2025-10-20,1401.4544470050912,1414.276496397426,1397.8874708768014,1408.395751953125,6994246,0.0,0.0,INFY
2025-10-21,1424.881136066363,1432.5936185349226,1417.1686535978035,1419.482421875,1698704,0.0,0.0,INFY
2025-10-23,1455.7310466373283,1490.4372172856354,1451.8748054541832,1473.566162109375,20358624,0.0,0.0,INFY
2025-10-24,1484.1708637038648,1487.5450748262833,1463.4435668090073,1470.57763671875,8652257,0.0,0.0,INFY
2025-10-27,1478.0165606695539,1483.2043487095048,1466.3685916918344,1472.633056640625,7273211,23.0,0.0,INFY
2025-10-28,1467.9347848431598,1474.5908017388306,1458.9296979699484,1468.4241943359375,8211019,0.0,0.0,INFY
2025-10-29,1468.4241778932897,1488.0005573851865,1465.1941469679696,1478.408203125,4884976,0.0,0.0,INFY
2025-10-30,1475.0801523386458,1476.2546872805226,1457.5592692997866,1462.1597900390625,5608867,0.0,0.0,INFY
2025-10-31,1458.4403008415877,1465.3898918009988,1449.3372364048548,1450.9034423828125,4819814,0.0,0.0,INFY
2025-11-03,1450.9033496746388,1459.8105780526128,1442.974820743242,1454.0355224609375,5470600,0.0,0.0,INFY
2025-11-04,1448.3583414401685,1450.511814804534,1431.9142548968182,1436.808349609375,8691330,0.0,0.0,INFY
2025-11-06,1447.2816360762577,1451.58846323567,1430.9354078512456,1435.6336669921875,7944752,0.0,0.0,INFY
2025-11-07,1438.8638806951196,1449.533031326473,1418.4065403991735,1445.5198974609375,8765759,0.0,0.0,INFY
2025-11-10,1458.5381171839108,1487.8048281611332,1458.4402591842686,1481.4425048828125,9787975,0.0,0.0,INFY
2025-11-11,1492.6989304110698,1500.9210336624128,1479.0933228205395,1497.88671875,13692989,0.0,0.0,INFY
2025-11-12,1507.3812396717751,1526.1745164244364,1505.5214596999074,1518.8333740234375,14635417,0.0,0.0,INFY
2025-11-13,1524.1189242683809,1524.5104757353395,1497.8866487683968,1509.14306640625,19655689,0.0,0.0,INFY
2025-11-14,1487.8047537888665,1497.59294295853,1457.2656513734084,1470.9691162109375,9739549,0.0,0.0,INFY
2025-11-17,1464.3132041198487,1478.212385937251,1460.8873376663598,1475.66748046875,7910354,0.0,0.0,INFY
2025-11-18,1474.1013313334302,1474.1013313334302,1451.784211591062,1454.91650390625,7525119,0.0,0.0,INFY
2025-11-19,1458.9296699222182,1510.317665675936,1458.9296699222182,1508.4578857421875,10981126,0.0,0.0,INFY
2025-11-20,1522.0634729079381,1522.0634729079381,1501.5082748815287,1503.955322265625,7387584,0.0,0.0,INFY
2025-11-21,1498.5718033380108,1518.6375916910017,1493.9714020948772,1512.2752685546875,9186302,0.0,0.0,INFY
2025-11-24,1530.4813442936104,1551.4280945139647,1508.3600590826622,1515.2117919921875,19270381,0.0,0.0,INFY
2025-11-25,1516.1905908718425,1517.7566773334454,1493.5798964672151,1498.1802978515625,8107952,0.0,0.0,INFY
2025-11-26,1499.6485223505715,1527.251289037942,1499.6485223505715,1524.902099609375,7575038,0.0,0.0,INFY
2025-11-27,1530.8728564928056,1540.954739594805,1519.3227449478784,1533.2220458984375,7552252,0.0,0.0,INFY
2025-11-28,1531.8516566735827,1535.179665000364,1524.0211050739736,1527.055419921875,4453221,0.0,0.0,INFY
2025-12-01,1529.4045743430058,1540.6609920101703,1523.042251313739,1530.872802734375,5341800,0.0,0.0,INFY
2025-12-02,1533.8093151456649,1546.4361036663386,1523.1401645511503,1527.9364013671875,6335969,0.0,0.0,INFY
2025-12-03,1522.1613705980963,1552.406900951154,1521.182551618934,1545.261474609375,12895312,0.0,0.0,INFY
2025-12-04,1534.7880917871573,1565.1314788059085,1534.7880917871573,1563.7611083984375,12609619,0.0,0.0,INFY
2025-12-05,1575.8985332981872,1597.2368345243183,1566.1103436503722,1581.9671630859375,10344725,0.0,0.0,INFY
2025-12-08,1582.8481284293375,1595.4749170068917,1566.306063981828,1576.681640625,7550413,0.0,0.0,INFY
2025-12-09,1567.2848235795727,1572.8641631737528,1548.883099378693,1565.1314697265625,6957599,0.0,0.0,INFY
2025-12-10,1573.9408513587562,1573.9408513587562,1549.2746619298632,1551.2322998046875,5116140,0.0,0.0,INFY
2025-12-11,1564.1527099609375,1573.3536321517727,1547.023378030827,1564.1527099609375,5159319,0.0,0.0,INFY
2025-12-12,1567.4806809838458,1567.8722324584342,1549.0788370408115,1564.348388671875,4633912,0.0,0.0,INFY
2025-12-15,1551.4280562362142,1576.6816332735752,1551.4280562362142,1572.766357421875,4190558,0.0,0.0,INFY
2025-12-16,1566.1103574156468,1569.0468143358012,1552.0153403019585,1559.1607666015625,5499258,0.0,0.0,INFY
2025-12-17,1553.5814245843821,1572.8642300238714,1552.4068896118622,1568.0679931640625,4817628,0.0,0.0,INFY
2025-12-18,1576.3879761796316,1595.4749463972676,1572.6684162407605,1592.3427734375,6577293,0.0,0.0,INFY
2025-12-19,1615.0513027562847,1619.847539612933,1595.2792073285575,1603.9906005859375,13149023,0.0,0.0,INFY
2025-12-22,1628.7547583833573,1657.3362243784013,1628.7547583833573,1653.8125,23098923,0.0,0.0,INFY
2025-12-23,1643.4370603643276,1643.4370603643276,1621.3157754082474,1632.9637451171875,6593060,0.0,0.0,INFY
2025-12-24,1625.8182910699556,1632.2784723030877,1617.4983299175808,1628.16748046875,4271167,0.0,0.0,INFY
2025-12-26,1628.167521100225,1633.453167508233,1616.7152673020842,1621.0220947265625,2006491,0.0,0.0,INFY
2025-12-29,1622.8818655924697,1637.6620082639456,1602.4245250544589,1609.863525390625,4062817,0.0,0.0,INFY
2025-12-30,1612.1148331917736,1612.9957941560388,1582.554548282334,1587.2528076171875,9395937,0.0,0.0,INFY
2025-12-31,1586.6655664923117,1594.1045668429529,1575.1154547350545,1581.1842041015625,6538656,0.0,0.0,INFY
2026-01-01,1581.184158007412,1604.8715288376811,1579.9116455766828,1595.2791748046875,3658165,0.0,0.0,INFY
2026-01-02,1601.2499777187402,1608.6889779975038,1593.0278744696911,1605.6546630859375,2524526,0.0,0.0,INFY
2026-01-05,1602.3265912739637,1602.3265912739637,1549.568226955718,1572.374755859375,5917885,0.0,0.0,INFY
2026-01-06,1566.2081943610224,1585.5888575673962,1565.1315174017209,1578.0518798828125,4466729,0.0,0.0,INFY
2026-01-07,1580.7926463324388,1607.2207586859843,1580.7926463324388,1604.2843017578125,4508079,0.0,0.0,INFY
2026-01-08,1604.186403368615,1609.472049603195,1574.5281413468902,1579.128662109375,3942131,0.0,0.0,INFY
2026-01-09,1575.898487352098,1596.747378487979,1572.9620305433675,1579.91162109375,6816681,0.0,0.0,INFY
2026-01-12,1575.996349102621,1579.1286413969012,1558.867017677559,1562.09716796875,6985362,0.0,0.0,INFY
2026-01-13,1583.7290294043642,1583.7290294043642,1552.7983751003353,1565.1314697265625,8080618,0.0,0.0,INFY
2026-01-14,1554.3644397699236,1582.7501883551427,1549.5682031809922,1565.91455078125,7557157,0.0,0.0,INFY
2026-01-15,1565.91455078125,1565.91455078125,1565.91455078125,1565.91455078125,0,0.0,0.0,INFY
2026-01-16,1628.461030733189,1658.119292555676,1618.3792672921977,1654.00830078125,19335957,0.0,0.0,INFY
2026-01-19,1649.309891747184,1649.309891747184,1631.201741600405,1645.59033203125,5104958,0.0,0.0,INFY
2026-01-20,1637.5641409981627,1644.6115898062917,1617.889903547792,1623.7628173828125,6406503,0.0,0.0,INFY
2026-01-21,1616.0301458476063,1621.9030597634667,1596.6494821313709,1619.358154296875,6224582,0.0,0.0,INFY
2026-01-22,1630.712428320841,1635.8022392467942,1618.7708845027832,1628.265380859375,6228892,0.0,0.0,INFY
2026-01-23,1631.8869227568262,1640.2068839190629,1626.9928279555104,1635.4107666015625,5869137,0.0,0.0,INFY
2026-01-27,1650.0930280724322,1653.6167523834592,1625.9161283991023,1647.05859375,10673087,0.0,0.0,INFY
2026-01-28,1644.4158380681818,1653.029492632909,1615.05126953125,1631.2017822265625,8588664,0.0,0.0,INFY
2026-01-29,1622.8818691859371,1631.2018305177105,1607.318623503672,1624.35009765625,4749582,0.0,0.0,INFY
2026-01-30,1619.9454090553113,1619.9454090553113,1583.8269648597889,1606.241943359375,9207926,0.0,0.0,INFY
2026-02-02,1626.7970461591942,1626.7970461591942,1583.7290136495644,1594.8875732421875,6784887,0.0,0.0,INFY
2026-02-03,1690.616056346825,1691.3991593070652,1617.9877374621406,1620.9241943359375,8805868,0.0,0.0,INFY
2026-02-04,1540.66097646391,1551.3301265638145,1478.1144237257668,1503.2701416015625,28828622,0.0,0.0,INFY
2026-02-05,1501.5082372972433,1518.1481590925844,1483.5958031001303,1488.00048828125,10628127,0.0,0.0,INFY
2026-02-06,1489.86026239605,1492.6988611765453,1448.6520095352703,1475.177978515625,13900866,0.0,0.0,INFY
2026-02-09,1489.8602864300617,1495.6353420798034,1461.376679139494,1465.4876708984375,8294615,0.0,0.0,INFY
2026-02-10,1468.2284271414342,1483.7916723660803,1459.4190565785855,1466.0750732421875,8657000,0.0,0.0,INFY
2026-02-11,1469.4029562852068,1474.003477029586,1437.885033967625,1440.7236328125,7934411,0.0,0.0,INFY
2026-02-12,1398.6344233110094,1405.2903204885395,1351.259562174479,1356.64306640625,26048896,0.0,0.0,INFY
2026-02-13,1266.493817560756,1348.1273389393946,1254.3564391221673,1340.1009521484375,45785709,0.0,0.0,INFY
2026-02-16,1344.6035807140283,1346.854912154694,1309.953484521095,1336.6751708984375,14621891,0.0,0.0,INFY
2026-02-17,1340.9819956812096,1400.6899531531467,1338.0455387563604,1361.73291015625,25347684,0.0,0.0,INFY
2026-02-18,1361.4392729027982,1371.3253201935424,1316.805153615715,1344.603515625,20241373,0.0,0.0,INFY
2026-02-19,1355.6643110050506,1372.3042339560152,1334.326009074035,1341.471435546875,14574228,0.0,0.0,INFY
2026-02-20,1330.4106332686276,1336.0878308198503,1309.8554358713993,1324.5377197265625,12633552,0.0,0.0,INFY
2026-02-23,1323.3632672728343,1323.3632672728343,1290.0834217940796,1299.3822021484375,12887826,0.0,0.0,INFY
2026-02-24,1273.4434027288626,1275.988307999553,1237.3249610296912,1248.4835205078125,27839061,0.0,0.0,INFY
2026-02-25,1258.9568742250233,1295.564726518415,1258.9568742250233,1262.7742919921875,16669618,0.0,0.0,INFY
2026-02-26,1277.848187510079,1286.168148899459,1259.054910753846,1261.7955322265625,11493914,0.0,0.0,INFY
2026-02-27,1298.207628321947,1306.723305439908,1266.7874442662774,1272.5625,23141724,0.0,0.0,INFY
2026-03-02,1263.6552272829085,1271.290062662244,1246.0364867011174,1261.5997314453125,9700361,0.0,0.0,INFY
2026-03-04,1264.6340504084835,1289.104523520103,1264.6340504084835,1279.7078857421875,15154950,0.0,0.0,INFY
2026-03-05,1292.0410271405913,1292.0410271405913,1262.7743163409898,1278.141845703125,10362147,0.0,0.0,INFY
2026-03-06,1275.4011212294208,1299.0884925711757,1275.4011212294208,1280.686767578125,8724291,0.0,0.0,INFY
2026-03-09,1262.676497890922,1290.0834296280893,1255.3353554613236,1287.14697265625,10068514,0.0,0.0,INFY
2026-03-10,1292.0410437407636,1293.0198627132945,1256.9014187299574,1268.1578369140625,9600171,0.0,0.0,INFY
2026-03-11,1260.7188580118502,1271.975276386956,1244.3726286871142,1249.2667236328125,7868891,0.0,0.0,INFY
2026-03-12,1245.5471752363726,1251.5179472285731,1231.3542997621664,1238.9891357421875,7599940,0.0,0.0,INFY
2026-03-13,1224.5025045780033,1242.7085131232232,1216.280401513626,1221.8597412109375,7366098,0.0,0.0,INFY
2026-03-16,1213.931245180508,1227.7326883178384,1198.2701415781937,1223.3280029296875,12314450,0.0,0.0,INFY
2026-03-17,1218.6295738865974,1218.6295738865974,1189.3628638376754,1206.785888671875,11223276,0.0,0.0,INFY
2026-03-18,1211.7778669014497,1263.459555545422,1208.7435520363658,1240.261474609375,12365381,0.0,0.0,INFY
2026-03-19,1217.846529327881,1228.4178221249233,1189.3629208552388,1194.9422607421875,9156461,0.0,0.0,INFY
2026-03-20,1215.6930991638783,1238.0102183433878,1203.1641691885866,1229.2987060546875,27299975,0.0,0.0,INFY
2026-03-23,1211.9735596886824,1234.3885372371806,1201.4023868626336,1230.1796875,12420293,0.0,0.0,INFY
2026-03-24,1242.1213008151199,1269.5282325903943,1224.5025589595862,1251.224365234375,13613495,0.0,0.0,INFY
2026-03-25,1243.100095463166,1263.263742406015,1230.4733068170258,1252.00732421875,10824030,0.0,0.0,INFY
2026-03-27,1257.9780904958054,1267.3748481809973,1236.444073189259,1242.806396484375,13092541,0.0,0.0,INFY
2026-03-30,1223.5236944376795,1238.6953882487069,1216.6719617488286,1224.1109619140625,14108486,0.0,0.0,INFY
2026-04-01,1262.6764804554484,1275.4011271577126,1242.610691424955,1248.6793212890625,8137156,0.0,0.0,INFY
2026-04-02,1233.3119397486187,1277.7503462365091,1233.116223742555,1273.247802734375,12873492,0.0,0.0,INFY
2026-04-06,1273.8350657038357,1292.041075138383,1271.4858762157266,1278.5333251953125,10208682,0.0,0.0,INFY
2026-04-07,1274.4222980187042,1316.609371698259,1266.1023367797188,1311.0301513671875,15355792,0.0,0.0,INFY
2026-04-08,1320.4267760360608,1347.7358488962445,1302.8080347694565,1317.68603515625,16030133,0.0,0.0,INFY
2026-04-09,1301.7313192842819,1309.170319257509,1286.1680743957882,1303.395263671875,14894607,0.0,0.0,INFY
2026-04-10,1290.0834192154255,1290.9643801968148,1256.1184483091881,1265.12353515625,19233369,0.0,0.0,INFY
2026-04-13,1245.0577246851824,1261.6976471062894,1238.8911174058185,1249.756103515625,10366082,0.0,0.0,INFY
2026-04-15,1278.631284802942,1294.4881045276459,1272.9540869097948,1277.6524658203125,12098912,0.0,0.0,INFY
2026-04-16,1294.0965334739733,1302.808046184627,1281.2740288923192,1291.2579345703125,18527029,0.0,0.0,INFY
2026-04-17,1285.1893342368037,1300.165312581974,1278.4354593069281,1290.7685546875,12064048,0.0,0.0,INFY
2026-04-20,1292.0410136169874,1296.8372503675125,1280.3930442184933,1284.7977294921875,7172300,0.0,0.0,INFY
2026-04-21,1282.2528368892558,1296.9351212811175,1271.7795218169556,1285.385009765625,10057440,0.0,0.0,INFY
2026-04-22,1267.5705813427946,1270.2133447995752,1229.2987830540255,1241.729736328125,20088378,0.0,0.0,INFY
2026-04-23,1227.438951608261,1238.891085420282,1200.0320212693207,1214.32275390625,14792854,0.0,0.0,INFY
2026-04-24,1174.5826894228176,1197.9764852174349,1127.7950978335834,1130.144287109375,42078914,0.0,0.0,INFY
2026-04-27,1130.1443119385692,1154.9084786451926,1130.04645394258,1145.5118408203125,19579883,0.0,0.0,INFY
2026-04-28,1138.0727223885278,1144.6308809119316,1125.4460537763027,1127.697265625,12720276,0.0,0.0,INFY
2026-04-29,1133.961747660014,1153.2444330805374,1132.2978032475876,1142.7711181640625,8303109,0.0,0.0,INFY
2026-04-30,1142.7711514334947,1164.5988623339997,1135.0384576467616,1156.768310546875,12205669,0.0,0.0,INFY
2026-05-01,1156.768310546875,1156.768310546875,1156.768310546875,1156.768310546875,0,0.0,0.0,INFY
2026-05-04,1169.6886601132755,1169.6886601132755,1140.5198072387318,1143.652099609375,7735811,0.0,0.0,INFY
2026-05-05,1144.728787187228,1160.0961972461241,1135.5278649580357,1153.1466064453125,8164108,0.0,0.0,INFY
2026-05-06,1161.8580797644604,1166.2627649868193,1139.443102180398,1142.4774169921875,9856963,0.0,0.0,INFY
2026-05-07,1148.1546369607545,1150.5038263553197,1134.6468875555572,1138.07275390625,12013987,0.0,0.0,INFY
2026-05-08,1136.4088093734103,1158.4322359116547,1134.2554554613432,1154.2232666015625,7582770,0.0,0.0,INFY
2026-05-11,1151.0911273032605,1161.8581361470833,1147.2737093616843,1152.0699462890625,7336288,0.0,0.0,INFY
2026-05-12,1137.3876630949442,1137.3876630949442,1099.2137225952,1116.1473388671875,16891948,0.0,0.0,INFY
2026-05-13,1112.5255790772605,1118.398492694932,1097.2560275682617,1099.3115234375,6664111,0.0,0.0,INFY
2026-05-14,1096.0815207310736,1098.137016652994,1065.933848927119,1071.8067626953125,16914842,0.0,0.0,INFY
2026-05-15,1078.658538900176,1109.1976439317652,1078.266987402901,1095.2984619140625,17482450,0.0,0.0,INFY
2026-05-18,1095.2984136735845,1121.8243835304838,1094.319594715878,1118.3006591796875,12096377,0.0,0.0,INFY
2026-05-19,1137.3876555901809,1173.0166903851343,1137.3876555901809,1171.5484619140625,32175705,0.0,0.0,INFY
2026-05-20,1161.8580984968487,1181.3366195800531,1159.802602590221,1168.4161376953125,15121010,0.0,0.0,INFY
2026-05-21,1170.7653346096859,1176.3446743746752,1152.0699163634372,1156.180908203125,10021033,0.0,0.0,INFY
2026-05-22,1157.4533539662823,1166.5564175672662,1147.6651649263981,1149.622802734375,8803066,0.0,0.0,INFY
2026-05-25,1157.9428754813864,1159.900513478819,1141.4008105061328,1143.75,5856136,0.0,0.0,INFY
2026-05-26,1141.5965459846338,1155.6914427435413,1138.2685377836078,1142.966796875,8005767,0.0,0.0,INFY
2026-05-27,1136.4088302961693,1142.5754376343073,1130.5359164445094,1135.3321533203125,6371871,0.0,0.0,INFY
2026-05-28,1135.3321533203125,1135.3321533203125,1135.3321533203125,1135.3321533203125,0,0.0,0.0,INFY
2026-05-29,1156.96396849116,1184.370898370815,1129.1654871448488,1136.3109130859375,69085430,0.0,0.0,INFY
2026-06-01,1150.1122640819906,1191.222659904496,1148.8397516554953,1177.02978515625,19439331,0.0,0.0,INFY
2026-06-02,1206.3943648530496,1251.811588367994,1206.3943648530496,1243.8831787109375,36032600,0.0,0.0,INFY
2026-06-03,1215.7909483013548,1223.425783618914,1190.2437985614154,1196.7039794921875,18534303,0.0,0.0,INFY
2026-06-04,1182.4132636253246,1189.4607121046952,1170.8631524946943,1175.855224609375,12755957,0.0,0.0,INFY
2026-06-05,1194.159169493737,1197.8787294549086,1169.0035692089534,1172.1357421875,8692290,0.0,0.0,INFY
2026-06-08,1152.559265415463,1175.26781631171,1151.5804465064052,1162.4453125,8631711,0.0,0.0,INFY
2026-06-09,1168.3182691086097,1168.3182691086097,1142.5754025403635,1155.300048828125,10984054,0.0,0.0,INFY
2026-06-10,1160.0999755859375,1171.4000244140625,1143.300048828125,1145.300048828125,8887626,25.0,0.0,INFY
2026-06-11,1129.699951171875,1133.699951171875,1109.0,1114.5999755859375,9372176,0.0,0.0,INFY
2026-06-12,1120.0,1123.300048828125,1111.5,1116.4000244140625,8075333,0.0,0.0,INFY
2026-06-15,1130.0,1151.0,1123.0,1134.9000244140625,7856192,0.0,0.0,INFY
2026-06-16,1136.9000244140625,1153.800048828125,1123.199951171875,1143.5999755859375,10456090,0.0,0.0,INFY
2026-06-17,1149.0,1162.5,1148.0,1157.699951171875,5995119,0.0,0.0,INFY
2026-06-18,1142.9000244140625,1142.9000244140625,1125.300048828125,1127.5,16781447,0.0,0.0,INFY
2026-06-19,1062.300048828125,1066.0,1030.0,1051.4000244140625,45665442,0.0,0.0,INFY
2026-06-22,1055.0,1080.300048828125,1055.0,1065.4000244140625,10178505,0.0,0.0,INFY
2026-06-23,1053.800048828125,1055.300048828125,1026.0,1029.300048828125,19323064,0.0,0.0,INFY
2026-06-24,1040.9000244140625,1065.5,1037.699951171875,1056.5999755859375,12346266,0.0,0.0,INFY
2026-06-25,1065.0,1068.0,1039.0999755859375,1041.199951171875,15866779,0.0,0.0,INFY
2026-06-26,1041.199951171875,1041.199951171875,1041.199951171875,1041.199951171875,0,0.0,0.0,INFY
2026-06-29,1037.0999755859375,1046.5999755859375,1029.0999755859375,1036.699951171875,15080892,0.0,0.0,INFY
2026-06-30,1030.0,1030.4000244140625,996.0,1000.4000244140625,24128263,0.0,0.0,INFY
2026-07-01,1006.0,1014.0,982.4000244140625,985.2999877929688,13037982,0.0,0.0,INFY
2026-07-02,1006.4000244140625,1045.0,1006.0,1040.9000244140625,18741111,0.0,0.0,INFY
2026-07-03,1063.0,1068.699951171875,1042.0,1047.199951171875,11653534,0.0,0.0,INFY
2026-07-06,1050.0999755859375,1053.0,1033.0,1042.199951171875,5559747,0.0,0.0,INFY
2026-07-07,1040.5999755859375,1087.5,1040.5999755859375,1071.800048828125,18866296,0.0,0.0,INFY
2026-07-08,1071.9000244140625,1079.699951171875,1064.4000244140625,1069.300048828125,13022221,0.0,0.0,INFY
2026-07-09,1062.699951171875,1062.699951171875,1040.4000244140625,1050.800048828125,9003333,0.0,0.0,INFY
2026-07-10,1075.0,1091.300048828125,1064.699951171875,1068.0,9747266,0.0,0.0,INFY
2026-07-13,1057.0999755859375,1114.9000244140625,1057.0999755859375,1102.5999755859375,20994760,0.0,0.0,INFY
2026-07-14,1107.800048828125,1113.5,1090.0,1092.9000244140625,14819413,0.0,0.0,INFY
2026-07-15,1079.0,1088.0999755859375,1073.0,1076.300048828125,8501933,0.0,0.0,INFY
2026-07-16,1082.5,1097.300048828125,1077.9000244140625,1082.4000244140625,8592146,0.0,0.0,INFY
2026-07-17,1105.0,1116.800048828125,1092.0,1096.5,12547728,0.0,0.0,INFY
2026-07-20,1102.0,1103.800048828125,1083.199951171875,1087.0999755859375,6372645,0.0,0.0,INFY
2026-07-21,1080.0,1094.5,1067.199951171875,1073.5,9485229,0.0,0.0,INFY
2026-07-22,1064.0,1069.300048828125,1046.199951171875,1052.0999755859375,7517203,0.0,0.0,INFY
2026-07-23,1046.9000244140625,1058.5,1032.0,1047.4000244140625,13794578,0.0,0.0,INFY
2026-07-24,1028.0,1043.4000244140625,1013.9000244140625,1040.9000244140625,29036900,0.0,0.0,INFY
2026-07-27,1065.0,1082.0,1057.4000244140625,1079.199951171875,15956349,0.0,0.0,INFY
2026-07-28,1097.0,1118.5,1097.0,1105.699951171875,28100895,0.0,0.0,INFY
2026-07-29,1147.0,1164.5,1128.4000244140625,1155.5999755859375,34400369,0.0,0.0,INFY
2026-07-30,1168.0,1187.699951171875,1151.300048828125,1155.0999755859375,22630218,0.0,0.0,INFY
2026-07-31,1118.9000244140625,1139.300048828125,1107.199951171875,1130.0999755859375,14367075,0.0,0.0,INFY
2026-08-03,1145.0999755859375,1180.0,1138.0999755859375,1180.0,8582270,0.0,0.0,INFY
2026-08-04,1168.0,1175.699951171875,1153.300048828125,1167.5,9243589,0.0,0.0,INFY
2026-08-05,1174.699951171875,1177.5,1162.300048828125,1174.0,9964155,0.0,0.0,INFY
2026-08-06,1174.0999755859375,1185.800048828125,1163.0,1165.0,8521064,0.0,0.0,INFY
2026-08-07,1160.0,1183.0,1155.5999755859375,1175.0999755859375,7581410,0.0,0.0,INFY
2026-08-10,1178.0999755859375,1195.0,1175.199951171875,1183.0,9377001,0.0,0.0,INFY
2026-08-11,1188.0,1193.5,1182.0,1190.699951171875,10160091,0.0,0.0,INFY
2026-08-12,1185.5999755859375,1190.4000244140625,1163.300048828125,1176.0999755859375,7529777,0.0,0.0,INFY
2026-08-13,1170.0,1175.0,1157.0,1175.0,6234215,0.0,0.0,INFY
2026-08-14,1170.4000244140625,1174.0999755859375,1158.9000244140625,1169.199951171875,5844763,0.0,0.0,INFY
2026-08-17,1163.9000244140625,1166.5,1129.699951171875,1139.9000244140625,5817153,0.0,0.0,INFY
2026-08-18,1124.5,1131.9000244140625,1112.5,1115.0,8851110,0.0,0.0,INFY
2026-08-19,1125.5999755859375,1134.699951171875,1113.800048828125,1119.800048828125,8408573,0.0,0.0,INFY
2026-08-20,1143.0,1144.699951171875,1125.699951171875,1130.0,8559841,0.0,0.0,INFY
2026-08-21,1133.0,1133.5,1118.0,1121.0,6094967,0.0,0.0,INFY
2026-08-24,1126.5,1144.5,1122.0,1130.0,8565354,0.0,0.0,INFY
2026-08-25,1132.0,1144.0,1119.9000244140625,1144.0,8121237,0.0,0.0,INFY
2026-08-26,1142.0,1142.0,1118.300048828125,1120.0,6323984,0.0,0.0,INFY
2026-08-27,1120.0,1130.699951171875,1107.199951171875,1110.800048828125,6933998,0.0,0.0,INFY
2026-08-28,1123.5999755859375,1145.0,1123.300048828125,1144.0,9621969,0.0,0.0,INFY
2026-08-31,1138.5999755859375,1143.9000244140625,1111.0999755859375,1133.800048828125,8808120,0.0,0.0,INFY
2026-09-01,1128.0,1156.0,1125.5999755859375,1156.0,13516123,0.0,0.0,INFY
2026-09-02,1137.699951171875,1147.800048828125,1118.5999755859375,1140.0,8564358,0.0,0.0,INFY
2026-09-03,1144.0,1144.0,1122.5,1130.300048828125,5786250,0.0,0.0,INFY
2026-09-04,1133.0,1146.699951171875,1125.4000244140625,1130.0,5881388,0.0,0.0,INFY
2026-09-07,1109.5,1109.9000244140625,1085.0,1087.5,7668346,0.0,0.0,INFY
2026-09-08,1095.0,1095.0,1078.9000244140625,1082.0,6269037,0.0,0.0,INFY
2026-09-09,1059.0,1059.0,1026.5,1035.0,13530457,0.0,0.0,INFY
2026-09-10,1039.5999755859375,1046.5999755859375,1027.300048828125,1036.5,8998529,0.0,0.0,INFY
2026-09-11,1032.0,1047.300048828125,1029.699951171875,1037.699951171875,6168088,0.0,0.0,INFY
2026-09-14,1037.699951171875,1037.699951171875,1037.699951171875,1037.699951171875,0,0.0,0.0,INFY
2026-09-15,1085.0,1097.699951171875,1071.699951171875,1077.0,14816117,0.0,0.0,INFY
2026-09-16,1082.5,1085.0999755859375,1053.5,1060.0,6230590,0.0,0.0,INFY
2026-09-17,1054.9000244140625,1063.5999755859375,1048.5999755859375,1058.5999755859375,5469865,0.0,0.0,INFY
2026-09-18,1061.9000244140625,1061.9000244140625,1038.0,1051.4000244140625,22124953,0.0,0.0,INFY
2026-09-21,1041.5,1044.5,1030.300048828125,1038.5,6074358,0.0,0.0,INFY
2026-09-22,1037.699951171875,1041.0,1019.2000122070312,1029.4000244140625,9341109,0.0,0.0,INFY
2026-09-23,1021.7999877929688,1029.4000244140625,1015.0999755859375,1020.5,5108734,0.0,0.0,INFY
2026-09-24,1015.0,1022.7999877929688,1005.2000122070312,1014.5,6891893,0.0,0.0,INFY
2026-09-25,999.5,1004.2000122070312,991.5999755859375,1000.2000122070312,10240700,0.0,0.0,INFY
2026-09-28,1002.0,1009.5,986.5999755859375,1003.2000122070312,8567672,0.0,0.0,INFY
2026-09-29,1002.5999755859375,1015.4000244140625,980.4000244140625,1015.4000244140625,12992711,0.0,0.0,INFY
2026-09-30,1004.0,1024.0,992.2000122070312,994.0999755859375,13508984,0.0,0.0,INFY
2026-10-01,1010.0,1035.0,999.1500244140625,1035.0,15061214,0.0,0.0,INFY
