Date,Open,High,Low,Close,Volume,Dividends,Stock Splits,Symbol
2021-10-04,63.22342849204087,63.495518318791596,62.08560499826474,62.456634521484375,11345266,0.0,0.0,IOC
2021-10-05,62.45664344628034,64.60861612075445,62.45664344628034,64.26232147216797,30310881,0.0,0.0,IOC
2021-10-06,64.75702395374842,66.7358520817063,63.99022989413985,64.36125946044922,38136735,0.0,0.0,IOC
2021-10-07,64.55913965002799,65.74643304003506,64.23757996204371,65.42487335205078,19049433,0.0,0.0,IOC
2021-10-08,66.06798890089686,66.51322318867574,64.73228037609913,65.20225524902344,13639896,0.0,0.0,IOC
2021-10-11,65.37541520908822,66.26588965715364,64.90544588624013,65.0785903930664,9461719,0.0,0.0,IOC
2021-10-12,65.22700057425669,65.57329522252083,63.96549661934375,64.93017578125,14989111,0.0,0.0,IOC
2021-10-13,65.27647042951413,65.4743498505439,64.46020649484225,64.93017578125,13747222,0.0,0.0,IOC
2021-10-14,65.30120143381531,67.03267457110825,64.80649724950091,66.48849487304688,21061104,0.0,0.0,IOC
2021-10-18,69.2588642736663,69.2588642736663,67.13162627635718,67.45318603515625,22145724,0.0,0.0,IOC
2021-10-19,67.6015789906368,67.89840374586178,65.9690513290913,66.19166564941406,15474921,0.0,0.0,IOC
2021-10-20,65.89485130119027,66.43902534040802,64.13864322930536,64.58387756347656,16132831,0.0,0.0,IOC
2021-10-21,65.32592917726295,67.03266720075456,64.6580749219201,65.12804412841797,27519955,0.0,0.0,IOC
2021-10-22,65.57329029252818,66.11746432090949,64.31178643245882,64.6580810546875,16376905,0.0,0.0,IOC
2021-10-25,65.10331754238248,65.49908202929454,63.54499452132489,64.53440856933594,15055837,0.0,0.0,IOC
2021-10-26,64.80649139811388,65.4990749290359,64.33651652091451,65.05384063720703,15198604,0.0,0.0,IOC
2021-10-27,65.17753263994378,65.79591151034901,64.43547346628772,64.70755767822266,13412194,0.0,0.0,IOC
2021-10-28,64.7075472603589,65.0043720143252,63.19869422761322,63.64392852783203,13901230,0.0,0.0,IOC
2021-10-29,63.32237667937283,64.31178501119359,62.55558267455407,63.29764175415039,12613387,0.0,0.0,IOC
2021-11-01,65.35066410068595,65.72169361349185,62.62978289392964,65.12804412841797,26818699,0.0,0.0,IOC
2021-11-02,65.57329715512952,65.79591151034901,64.58388303643406,64.70755767822266,14533176,0.0,0.0,IOC
2021-11-03,64.7075486083091,66.78531626789483,64.50966920918363,65.57328796386719,31141038,0.0,0.0,IOC
2021-11-04,66.76057492554277,66.78530984805577,66.06798577225705,66.6121597290039,4986216,0.0,0.0,IOC
2021-11-08,66.78531421101194,69.70408054991026,66.41428468761742,69.48146057128906,37249699,0.0,0.0,IOC
2021-11-09,69.97617487032822,70.00090979604546,68.73940593861957,69.11043548583984,19382632,0.0,0.0,IOC
2021-11-10,68.96202807400259,69.90196660338248,68.61573344174111,68.98676300048828,15366904,0.0,0.0,IOC
2021-11-11,68.83282751131777,69.5768278935126,68.03751756786853,68.39669036865234,19049466,3.333333,0.0,IOC
2021-11-12,68.7558718856521,69.16635429972737,67.75531769834154,68.21710968017578,14255041,0.0,0.0,IOC
2021-11-15,68.3710384983156,68.83283044126495,67.72965721132849,68.1657943725586,8808997,0.0,0.0,IOC
2021-11-16,68.44799981848509,68.49930937965598,67.03696339827398,67.216552734375,9738892,0.0,0.0,IOC
2021-11-17,67.16524408144204,67.42179778519814,65.75421339079217,65.90814208984375,9331351,0.0,0.0,IOC
2021-11-18,65.90813453640246,66.83172424087378,65.47199740040327,66.36992645263672,10891344,0.0,0.0,IOC
2021-11-22,66.47254019909882,66.65212363036068,63.65046787468355,63.88136672973633,11624364,0.0,0.0,IOC
2021-11-23,63.62483116288684,65.08717729206681,63.49655724699508,64.7280044555664,18446718,0.0,0.0,IOC
2021-11-24,65.01020061105706,66.34426669928918,64.85626606918258,65.47199249267578,12152407,0.0,0.0,IOC
2021-11-25,65.4719972186688,65.67724133198254,63.881377360497744,64.47144317626953,9581943,0.0,0.0,IOC
2021-11-26,64.4457900790554,64.4457900790554,61.82896720198777,62.05986022949219,11587932,0.0,0.0,IOC
2021-11-29,61.341523194932556,62.059868902678,60.46924878067185,60.956695556640625,15803560,0.0,0.0,IOC
2021-11-30,61.05930803843282,62.03420139034591,60.46923637385182,61.033653259277344,27563893,0.0,0.0,IOC
2021-12-01,61.39282497330789,61.546759532293336,59.77655027198024,60.392276763916016,19871665,0.0,0.0,IOC
2021-12-02,60.54620273669415,62.13682258555272,60.49489317666681,61.90592956542969,20686078,0.0,0.0,IOC
2021-12-03,62.085517842146125,63.03476239230298,61.95724393212623,62.70124435424805,14866089,0.0,0.0,IOC
2021-12-06,62.82951539851277,63.163033421355415,61.82896720198777,62.05986022949219,9379269,0.0,0.0,IOC
2021-12-07,62.495996328011366,63.2913062645335,61.70068639148923,61.88027572631836,14464680,0.0,0.0,IOC
2021-12-08,62.41903786972485,62.88082983251869,61.57241829260225,61.77765655517578,14700337,0.0,0.0,IOC
2021-12-09,62.08551389583946,62.342067571575285,61.29020396026153,61.41848373413086,19297434,0.0,0.0,IOC
2021-12-10,61.57240964338952,62.23944564706025,61.367165537643686,61.59806442260742,20332264,0.0,0.0,IOC
2021-12-13,62.0855099453594,62.23944448980723,60.46923539667324,60.70013427734375,20362045,0.0,0.0,IOC
2021-12-14,61.05931671538898,61.16193584659377,60.110072135734505,60.49489974975586,17422254,0.0,0.0,IOC
2021-12-15,60.3922748083325,60.75144760499737,59.263446857671894,59.366065979003906,17936938,0.0,0.0,IOC
2021-12-16,59.87918007273509,60.11007312173326,59.23779874817765,59.391727447509766,15950560,0.0,0.0,IOC
2021-12-17,59.49433878057444,59.519993557900975,57.64716545305297,57.90371322631836,17648721,0.0,0.0,IOC
2021-12-20,57.4675873925219,57.72414108802533,55.49213979155436,55.80000305175781,17713881,0.0,0.0,IOC
2021-12-21,56.18482971191406,56.59531209459815,55.748692547312416,56.18482971191406,12582459,0.0,0.0,IOC
2021-12-22,56.467037275213364,56.467037275213364,55.54344752505265,55.95392990112305,16343983,0.0,0.0,IOC
2021-12-23,56.39006528723679,57.69848259086053,56.28744616444368,57.54454803466797,15427636,0.0,0.0,IOC
2021-12-24,58.211574099249944,58.23722887555095,56.338746069267636,56.569644927978516,17403219,0.0,0.0,IOC
2021-12-27,56.544001553752565,56.95448392934403,55.9539298358381,56.826210021972656,6689944,0.0,0.0,IOC
2021-12-28,57.08275883173656,57.72414012377962,57.057104049815095,57.62152099609375,8475690,0.0,0.0,IOC
2021-12-29,57.672820922153306,57.72413047742183,56.95447540438954,57.211029052734375,6332934,0.0,0.0,IOC
2021-12-30,57.211035797962,57.33930970125691,56.39006520086588,56.72358322143555,8269432,0.0,0.0,IOC
2021-12-31,56.74923131131323,57.775440032690355,56.74923131131323,57.211029052734375,8717971,0.0,0.0,IOC
2022-01-03,57.21103954616756,58.134623454405705,57.13406932714498,57.955039978027344,10026562,0.0,0.0,IOC
2022-01-04,58.339860058752436,58.95558062747653,58.10896117547932,58.51944351196289,8322088,0.0,0.0,IOC
2022-01-05,58.51945862718207,60.264013411846996,58.39118469889937,60.1613883972168,21374004,0.0,0.0,IOC
2022-01-06,60.18704318287334,60.366632554473156,58.00635704204723,60.1613883972168,10795557,0.0,0.0,IOC
2022-01-07,60.36662769948923,61.16193773488727,60.007454857180086,60.802764892578125,11303518,0.0,0.0,IOC
2022-01-10,61.05931093690184,61.64937675749054,60.70013813967282,61.41848373413086,9923601,0.0,0.0,IOC
2022-01-11,61.80332102449813,61.80332102449813,60.64883811025722,60.85407638549805,8919054,0.0,0.0,IOC
2022-01-12,61.16193102589631,61.57241339036521,60.725793880648276,61.13627624511719,10748385,0.0,0.0,IOC
2022-01-13,61.39282423102226,62.34206873861258,60.98234186536246,62.162479400634766,12559629,0.0,0.0,IOC
2022-01-14,62.34206410213811,63.83006476899112,62.2650997653014,63.265647888183594,22431007,0.0,0.0,IOC
2022-01-17,64.13793663245478,64.13793663245478,63.21434684993107,63.49655532836914,14548522,0.0,0.0,IOC
2022-01-18,63.72746192839764,64.42014700883352,63.29131883093252,63.59918212890625,21395779,0.0,0.0,IOC
2022-01-19,63.419591904046136,64.44579495911258,63.11172863872485,64.18924713134766,14870110,0.0,0.0,IOC
2022-01-20,64.18924721116566,64.62538439091173,63.80441959703638,64.39448547363281,10007508,0.0,0.0,IOC
2022-01-21,63.62483218012573,64.39448743178856,61.95724775885746,62.44469451904297,14728332,0.0,0.0,IOC
2022-01-24,62.08551309924641,62.82951346453179,61.521102066272725,61.75199508666992,19665838,0.0,0.0,IOC
2022-01-25,61.67503639029149,62.44469160605055,61.21324443523671,62.3164176940918,9651480,0.0,0.0,IOC
2022-01-27,62.034204477879996,63.49655045053532,61.46979343636546,62.957794189453125,12890338,0.0,0.0,IOC
2022-01-28,63.26564985426047,65.18978769498618,63.26564985426047,63.67613220214844,14995069,0.0,0.0,IOC
2022-01-31,65.01020229345905,65.67723829083853,63.72744572865445,64.24054718017578,19787082,0.0,0.0,IOC
2022-02-01,64.6510401622307,64.6510401622307,61.31586549811446,62.4703483581543,34627617,0.0,0.0,IOC
2022-02-02,62.855166509903285,64.11227418538327,62.7012378338866,63.85572052001953,14749194,0.0,0.0,IOC
2022-02-03,64.34317492882955,64.57407384259461,63.70179362437361,63.95834732055664,13117138,0.0,0.0,IOC
2022-02-04,64.08661360372248,64.31751249000115,63.4708930269837,63.701786041259766,10723602,0.0,0.0,IOC
2022-02-07,63.88138194343956,63.93269150744832,62.855173047254716,63.06041717529297,13452373,0.0,0.0,IOC
2022-02-08,63.16302369195611,63.39392255589665,61.57240403726049,62.26509475708008,23545662,0.0,0.0,IOC
2022-02-09,62.87527688463542,64.57317303780601,62.477332094226334,64.22828674316406,17581473,2.666667,0.0,IOC
2022-02-10,64.25483224817155,64.44054310249885,63.48547172058094,63.6446533203125,18120168,0.0,0.0,IOC
2022-02-11,63.40587222202568,65.07723924085929,63.167108974852894,64.7588882446289,26486850,0.0,0.0,IOC
2022-02-14,64.20176951422685,64.20176951422685,61.62839555483675,61.84062957763672,16463770,0.0,0.0,IOC
2022-02-15,62.07939858139516,63.140586905984065,60.75291772977656,63.0079345703125,12978223,0.0,0.0,IOC
2022-02-16,63.27323687518085,64.83848716495386,63.27323687518085,64.46707153320312,17673190,0.0,0.0,IOC
2022-02-17,65.1833618445312,65.76701140559271,63.93646890176506,64.41400146484375,16774602,0.0,0.0,IOC
2022-02-18,64.41400914697832,64.89154176700843,63.98953503226746,64.28135681152344,7978566,0.0,0.0,IOC
2022-02-21,63.671182058506005,64.28136098141623,62.92835079153582,63.246707916259766,8595442,0.0,0.0,IOC
2022-02-22,62.07939160431705,62.954868989433905,61.81409303494745,62.132450103759766,11409610,0.0,0.0,IOC
2022-02-23,62.503867652705,62.76916623048167,61.81409499377938,62.15898132324219,8525215,0.0,0.0,IOC
2022-02-24,60.99167814657472,61.65492157738868,57.99383022649475,58.3652458190918,19848141,0.0,0.0,IOC
2022-02-25,59.95703084384343,62.87529128447119,58.89584246899833,59.612144470214844,28048713,0.0,0.0,IOC
2022-02-28,59.85089852470909,61.654917876486024,58.68359331406661,61.01820373535156,24781798,0.0,0.0,IOC
2022-03-02,60.35497947316024,61.76104823678739,59.134615498779986,59.55908966064453,22390246,0.0,0.0,IOC
2022-03-03,61.01820903767136,61.8140987471721,59.95702680644144,60.83250427246094,28291584,0.0,0.0,IOC
2022-03-04,60.99167104820499,61.23044035571322,59.85089515172029,60.089664459228516,25005861,0.0,0.0,IOC
2022-03-07,60.461096495587036,60.461096495587036,59.00196314858911,59.55908966064453,25392553,0.0,0.0,IOC
2022-03-08,59.4264258924274,62.47733827826302,59.21419188835186,62.10592269897461,33483859,0.0,0.0,IOC
2022-03-09,63.08752086513522,63.08752086513522,61.44268294707554,62.0528678894043,23476054,0.0,0.0,IOC
2022-03-10,63.167108311800895,64.41400125041625,62.450806433489355,64.17523193359375,27592384,0.0,0.0,IOC
2022-03-11,64.09564804946778,66.00578448273515,63.88340796925748,65.63436889648438,18598243,0.0,0.0,IOC
2022-03-14,66.24456523790997,66.24456523790997,63.697720035667004,64.09566497802734,22317814,0.0,0.0,IOC
2022-03-15,64.09565596624506,64.22830223766259,62.7161165270314,63.14059066772461,16501842,0.0,0.0,IOC
2022-03-16,63.83034240286596,65.05070603058239,63.37933911350941,64.70582580566406,15176752,0.0,0.0,IOC
2022-03-17,64.9445866921772,65.20988523545536,63.7242231085464,64.38746643066406,41700111,0.0,0.0,IOC
2022-03-21,64.6262387774922,64.6262387774922,62.50386834813364,62.6099853515625,18166521,0.0,0.0,IOC
2022-03-22,63.140574928654324,64.65276026234262,62.87527637979321,64.01605224609375,30929289,0.0,0.0,IOC
2022-03-23,64.65276890599577,65.2629538283074,64.01606080462318,64.57318115234375,25271163,0.0,0.0,IOC
2022-03-24,64.62623287589453,64.81194368709241,63.85687252697989,63.989524841308594,12377631,0.0,0.0,IOC
2022-03-25,63.697709272376876,64.12218340102538,62.92834877567202,63.03446578979492,12238471,0.0,0.0,IOC
2022-03-28,63.352825447602264,64.04259821140568,62.450818647032975,63.6446533203125,15342876,0.0,0.0,IOC
2022-03-29,63.8303394273366,64.36093650832629,62.60997585650891,62.76915740966797,14627074,0.0,0.0,IOC
2022-03-30,63.511999401451035,63.511999401451035,61.60186293972386,62.18551254272461,159640347,0.0,0.0,IOC
2022-03-31,62.60998770400594,64.17523785201783,62.60998770400594,63.11405563354492,31701618,0.0,0.0,IOC
2022-04-01,63.19363642496731,64.97112039192679,63.140577927106534,64.78541564941406,16052676,0.0,0.0,IOC
2022-04-04,64.78542351873243,65.26295612963995,64.57318342935321,64.89154052734375,14095200,0.0,0.0,IOC
2022-04-05,65.15683381236454,65.52824938439959,64.91806449028626,65.07723999023438,13071195,0.0,0.0,IOC
2022-04-06,64.97112724758799,67.06696849501817,64.46706539256685,66.88126373291016,23580340,0.0,0.0,IOC
2022-04-07,65.95273155300843,67.25268317863971,65.39560509048299,65.5547866821289,30238785,0.0,0.0,IOC
2022-04-08,66.2710851537182,67.65063066457768,65.82008175890863,67.35880279541016,21699732,0.0,0.0,IOC
2022-04-11,67.33226903665923,68.68528520272928,67.17309352166589,68.36692810058594,19137451,0.0,0.0,IOC
2022-04-12,68.1546860324061,68.34039686667062,66.43026038134845,66.88126373291016,14583673,0.0,0.0,IOC
2022-04-13,66.88125960616065,68.44650965025996,66.66901953326219,67.86285400390625,17675811,0.0,0.0,IOC
2022-04-18,67.75673880329992,68.18121288821568,67.12003071200442,67.96897888183594,17471850,0.0,0.0,IOC
2022-04-19,68.6056942870782,70.56888941616539,68.1812201569099,69.13629150390625,30183165,0.0,0.0,IOC
2022-04-20,69.50769058347745,71.25864519466187,69.3219797801411,70.78111267089844,28690066,0.0,0.0,IOC
2022-04-21,71.3382438634915,71.84230571177375,70.78112351245916,71.65660095214844,22154311,0.0,0.0,IOC
2022-04-22,71.57700694999153,72.18718575051082,71.01988057543493,71.2851791381836,13678113,0.0,0.0,IOC
2022-04-25,70.46276877285278,70.54235652963118,67.59756702373456,67.78327178955078,16604310,0.0,0.0,IOC
2022-04-26,68.65875011726027,68.97710722051266,67.78327263743367,68.4730453491211,14133414,0.0,0.0,IOC
2022-04-27,67.70369119720901,68.44652248339393,66.3772102273972,67.571044921875,14967738,0.0,0.0,IOC
2022-04-28,68.71181351301063,69.10975836719378,67.70368371540688,68.95057678222656,15773589,0.0,0.0,IOC
2022-04-29,69.7199301428163,69.7199301428163,66.64248863109346,66.85472869873047,13013304,0.0,0.0,IOC
2022-05-02,66.8282074989244,67.54450946426526,65.79354842985909,67.19962310791016,8623737,0.0,0.0,IOC
2022-05-04,67.3057452792232,68.28734591829324,66.37720922163999,66.77515411376953,8118435,0.0,0.0,IOC
2022-05-05,67.38532323365543,67.9955081464336,66.4302580604402,66.695556640625,8015140,0.0,0.0,IOC
2022-05-06,66.32414361365365,67.78327068052053,65.05071523740808,66.98738098144531,13680673,0.0,0.0,IOC
2022-05-09,66.66901833624541,66.66901833624541,64.38747250844885,65.79354095458984,12361746,0.0,0.0,IOC
2022-05-10,66.00579085700728,67.01391463693223,64.33442359355067,64.73236846923828,15563373,0.0,0.0,IOC
2022-05-11,65.47519054464645,66.00578773523978,63.06099215113241,63.90994644165039,14615373,0.0,0.0,IOC
2022-05-12,63.90993829039952,65.79353925308055,63.43239966534081,64.78541564941406,30617643,0.0,0.0,IOC
2022-05-13,66.32414945338674,66.45679572419306,64.04259716257575,64.36095428466797,22601469,0.0,0.0,IOC
2022-05-16,65.79353925308055,65.79353925308055,64.01605528612107,64.78541564941406,12566889,0.0,0.0,IOC
2022-05-17,66.85473123955519,66.85473123955519,64.52012076760069,66.00578308105469,27391533,0.0,0.0,IOC
2022-05-18,65.7935501064942,66.00579020510463,62.477344865902,62.63652038574219,64902469,0.0,0.0,IOC
2022-05-19,62.079408920691804,62.82224026440659,61.28351906273422,62.21205520629883,21865050,0.0,0.0,IOC
2022-05-20,63.14058544146707,63.246702449817604,61.62839378384556,62.0528678894043,24237945,0.0,0.0,IOC
2022-05-23,62.397758600270265,62.92834975126758,61.92022595715698,62.4508171081543,17487906,0.0,0.0,IOC
2022-05-24,62.450797110942894,63.458920582244836,62.185498584316306,62.981388092041016,18454173,0.0,0.0,IOC
2022-05-25,63.29975539807356,63.379343147350916,60.59372941755091,60.912086486816406,17317285,0.0,0.0,IOC
2022-05-26,61.01820500538631,61.44267908425894,59.34683794031554,60.59373092651367,23782918,0.0,0.0,IOC
2022-05-27,61.230454659686536,61.31004242339644,60.03661998756654,60.56721115112305,11616970,0.0,0.0,IOC
2022-05-30,61.150856721578926,61.68144779685466,60.51414257352313,61.60186004638672,12222628,0.0,0.0,IOC
2022-05-31,61.389616044516266,62.3446872054827,61.28349905068303,61.548797607421875,19925845,0.0,0.0,IOC
2022-06-01,62.07939604630849,63.167113579182114,61.94674978821041,62.71611022949219,16686021,0.0,0.0,IOC
2022-06-02,63.060990181783374,63.273230265823926,61.54880463063978,62.42428207397461,16274652,0.0,0.0,IOC
2022-06-03,62.636505103342856,63.1405729374986,62.53038811600707,62.76915740966797,13564659,0.0,0.0,IOC
2022-06-06,62.76917213240831,62.92834765074719,61.787571552848114,62.3712272644043,12162841,0.0,0.0,IOC
2022-06-07,62.265100807645794,63.40587684375865,61.89368521281472,62.71611022949219,14801011,0.0,0.0,IOC
2022-06-08,62.954871684862574,63.220170265591,62.424280595562,62.6099853515625,12953038,0.0,0.0,IOC
2022-06-09,62.60997585650891,64.04257947416355,62.0263263540067,62.76915740966797,32112393,0.0,0.0,IOC
2022-06-10,62.55694162103482,62.61000013527762,61.81411027732003,62.21205520629883,16173466,0.0,0.0,IOC
2022-06-13,61.70798311892028,61.70798311892028,59.9835574004779,60.2753791809082,15123129,0.0,0.0,IOC
2022-06-14,60.24883745163346,60.487606749242666,58.39176585392703,58.49788284301758,23524399,0.0,0.0,IOC
2022-06-15,58.89583822833729,58.89583822833729,57.463234329055645,57.940773010253906,14386729,0.0,0.0,IOC
2022-06-16,58.65707416274687,58.73666799820881,57.03876535358711,57.38365173339844,14897512,0.0,0.0,IOC
2022-06-17,57.30405710623731,57.30405710623731,54.94291731140136,55.287803649902344,23651413,0.0,0.0,IOC
2022-06-20,55.76534136670301,55.95105221471776,53.88173399364622,54.6776237487793,19163382,0.0,0.0,IOC
2022-06-21,55.20821894068727,56.37552427684975,54.94292034132774,56.110225677490234,14169558,0.0,0.0,IOC
2022-06-22,56.2163347915097,56.56122110058295,54.969441872340816,56.00410079956055,18641673,0.0,0.0,IOC
2022-06-23,56.24286741613771,57.09181557919899,55.79186408402117,56.932640075683594,16579252,0.0,0.0,IOC
2022-06-24,57.091812566628725,57.64893894384715,56.93263707151255,57.56935119628906,11807979,0.0,0.0,IOC
2022-06-27,58.3652494527008,58.81625282775582,57.72853523370737,58.12648010253906,17830735,0.0,0.0,IOC
2022-06-28,58.09995199398778,58.71013089973318,57.065292885780025,57.46323776245117,22631172,0.0,0.0,IOC
2022-06-29,57.622412853635915,58.391773266520424,57.304055773794694,58.25912094116211,18903900,0.0,0.0,IOC
2022-06-30,58.85604114592332,60.48761746698758,58.657068720045075,59.094810485839844,34424950,0.0,1.5,IOC
2022-07-01,59.691727955962996,59.81111262630623,57.98056387346074,59.333580017089844,22029311,0.0,0.0,IOC
2022-07-04,59.452960521216426,59.452960521216426,58.3387197547101,59.174400329589844,12798384,0.0,0.0,IOC
2022-07-05,59.29378225583164,59.29378225583164,58.41830480608287,58.57748031616211,17464685,0.0,0.0,IOC
2022-07-06,58.895836273610264,59.37336886680286,57.50302933470732,57.78158950805664,21856830,0.0,0.0,IOC
2022-07-07,58.33872188058741,58.33872188058741,57.42344744147002,57.861183166503906,17846046,0.0,0.0,IOC
2022-07-08,58.09995252354565,58.29892496369479,57.46323828620565,57.861183166503906,11692575,0.0,0.0,IOC
2022-07-11,57.861176994508796,57.980561660295024,57.343853563029036,57.741798400878906,11548617,0.0,0.0,IOC
2022-07-12,57.66220439694549,57.70200130946972,56.03063421010945,56.22960662841797,16729806,0.0,0.0,IOC
2022-07-13,56.229604429570706,56.46836767891035,55.91124735829511,56.03063201904297,13704386,0.0,0.0,IOC
2022-07-14,56.03063629062388,56.50816889786467,55.87145470677259,56.30919647216797,8917897,0.0,0.0,IOC
2022-07-15,56.26940110104731,56.58775820532256,55.71228072268316,55.990840911865234,7310057,0.0,0.0,IOC
2022-07-18,56.26940561377337,56.70714742627769,55.99084540225117,56.627559661865234,6697658,0.0,0.0,IOC
2022-07-19,56.70713702837626,57.42343892106065,56.50816461775038,57.304054260253906,7585011,0.0,0.0,IOC
2022-07-20,58.0999482340034,58.17953598975566,57.46323404367225,57.582618713378906,10590222,0.0,0.0,IOC
2022-07-21,57.582616822445154,57.90097390715632,56.78672714674541,57.741798400878906,9537111,0.0,0.0,IOC
2022-07-22,58.02036011319722,58.06015095474472,57.30405817162066,57.42344284057617,8740051,0.0,0.0,IOC
2022-07-25,57.46323949670326,57.58262417773904,56.707146637071816,57.38365173339844,10124538,0.0,0.0,IOC
2022-07-26,57.38364536774378,57.42344228106002,56.86631585541494,57.02549743652344,8202210,0.0,0.0,IOC
2022-07-27,57.10509152575302,57.54283333216519,56.8265313181076,57.38365173339844,8726504,0.0,0.0,IOC
2022-07-28,57.3438606262207,57.82139327602821,57.22447594572955,57.3438606262207,11715079,0.0,0.0,IOC
2022-07-29,57.70200979909226,58.29892714184149,57.50303735150918,58.060157775878906,16983013,0.0,0.0,IOC
2022-08-01,57.70200780773582,57.70200780773582,56.34899763972757,56.58776092529297,30168751,0.0,0.0,IOC
2022-08-02,56.826523663090576,57.383644003332556,56.70713899813692,57.264259338378906,15655719,0.0,0.0,IOC
2022-08-03,57.5428223949234,57.62241014310087,56.30919104562679,56.50816345214844,18893830,0.0,0.0,IOC
2022-08-04,56.9061124739963,56.98570022806012,56.15001970215542,56.66734313964844,25024630,0.0,0.0,IOC
2022-08-05,56.86631944256621,58.33872031795638,56.428583729257284,58.17953872680664,48935830,0.0,0.0,IOC
2022-08-08,58.17953329055938,58.696862787182745,57.62241295398421,58.37850570678711,16091607,0.0,0.0,IOC
2022-08-10,58.617285602480365,58.65707644960553,57.62242334199073,57.70201110839844,29085499,0.0,0.0,IOC
2022-08-11,58.73092900970837,58.73092900970837,58.113575152675594,58.40167236328125,16670568,2.4,0.0,IOC
2022-08-12,58.40166553693113,59.019019321803746,58.27819980399456,58.89555358886719,12294928,0.0,0.0,IOC
2022-08-16,59.060182753980875,60.2948904073742,58.6486135361831,60.21257781982422,26772067,0.0,0.0,IOC
2022-08-17,60.33604792787621,60.74761713262285,60.25372906288874,60.377201080322266,18542371,0.0,0.0,IOC
2022-08-18,60.50067656398121,60.624148588488744,59.63637867247655,59.80101013183594,18850835,0.0,0.0,IOC
2022-08-19,59.80101168284861,59.88332427463916,59.101345232556625,59.389442443847656,13357442,0.0,0.0,IOC
2022-08-22,59.34828826163063,59.389447701193575,58.360524512607576,58.689781188964844,13714233,0.0,0.0,IOC
2022-08-23,58.2782051019113,58.93671209761008,58.237045667159116,58.48398971557617,11581331,0.0,0.0,IOC
2022-08-24,58.64861259655699,58.81323776901944,57.825474174149164,58.072418212890625,19584234,0.0,0.0,IOC
2022-08-25,58.360521454739136,59.22481311983654,58.278208859974875,58.8132438659668,13090152,0.0,0.0,IOC
2022-08-26,59.14249916339482,59.5129152513783,59.01902713406698,59.183658599853516,10546886,0.0,0.0,IOC
2022-08-29,58.566302305032515,58.813240073401545,57.90778902928571,58.48398971557617,14387511,0.0,0.0,IOC
2022-08-30,58.81323738719607,59.14249401003117,58.73092480149923,58.85439682006836,14284488,0.0,0.0,IOC
2022-09-01,58.44282361365647,58.85439279403434,58.278198453524254,58.5662956237793,17854146,0.0,0.0,IOC
2022-09-02,58.81324694755616,58.895565826682045,58.31936507304463,58.689781188964844,13349456,0.0,0.0,IOC
2022-09-05,58.85440103712456,58.97787306454075,58.31935977168652,58.40167236328125,11658725,0.0,0.0,IOC
2022-09-06,58.566300767490894,58.60745392111466,58.11357211729445,58.195884704589844,10545363,0.0,0.0,IOC
2022-09-07,58.278205278882126,58.89555912175144,58.19588640912778,58.77208709716797,19254652,0.0,0.0,IOC
2022-09-08,59.18365008559461,60.70645481476917,59.101337504567105,60.1302604675293,24401527,0.0,0.0,IOC
2022-09-09,60.336050426928345,60.41836301527743,59.55406513749216,59.71869659423828,9906299,0.0,0.0,IOC
2022-09-12,59.96563531114728,60.04794790080295,59.22480944415015,59.80101013183594,21463828,0.0,0.0,IOC
2022-09-13,60.13026542940248,60.17141858328844,59.26596755717453,59.47175216674805,11555561,0.0,0.0,IOC
2022-09-14,59.22481080956182,59.4717548642701,58.93671359910095,59.10134506225586,9024753,0.0,0.0,IOC
2022-09-15,59.26596334777178,59.43058851171883,58.689768993909645,58.89555358886719,9985561,0.0,0.0,IOC
2022-09-16,58.89555193806374,59.019017667539636,57.20811579469064,57.57852554321289,25993505,0.0,0.0,IOC
2022-09-19,57.8254743588269,57.94894637859196,57.2904331265435,57.33159255981445,13595148,0.0,0.0,IOC
2022-09-20,57.61968240298331,57.743154406999096,56.83770351096162,56.87885665893555,20693245,0.0,0.0,IOC
2022-09-21,57.04349516205292,57.04349516205292,56.13803787372844,56.34382247924805,24710729,0.0,0.0,IOC
2022-09-22,56.13804248610259,56.17920192260734,55.56184805532594,55.80879211425781,15775504,0.0,0.0,IOC
2022-09-23,55.808786756351545,55.932252493915904,55.31489868590337,55.52068328857422,13578280,0.0,0.0,IOC
2022-09-26,55.314901778068254,55.47953323743663,54.24482555239003,54.3682975769043,19194238,0.0,0.0,IOC
2022-09-27,54.65639513438918,55.232589545786595,54.40945108376281,54.94449234008789,14140070,0.0,0.0,IOC
2022-09-28,54.65639054612655,54.65639054612655,53.956724168151126,54.1213493347168,15974881,0.0,0.0,IOC
2022-09-29,54.40944862876806,55.39721850665654,53.66862279036365,54.24482345581055,24560255,0.0,0.0,IOC
2022-09-30,54.28597716723859,55.31490020892278,53.915567384251425,55.10911560058594,16041026,0.0,0.0,IOC
2022-10-03,55.35606425940766,56.01457757302592,54.779869820027976,54.90333557128906,13288633,0.0,0.0,IOC
2022-10-04,55.9734150188649,55.9734150188649,55.23258915231149,55.397220611572266,10513995,0.0,0.0,IOC
2022-10-06,55.93225288734001,56.05572490582055,55.43837109346559,55.76762771606445,13000167,0.0,0.0,IOC
2022-10-07,55.68531473873951,55.8499399088571,55.19143294833902,55.52068328857422,14879891,0.0,0.0,IOC
2022-10-10,55.15027201529177,55.72646637507432,55.02680000103907,55.60300064086914,9042660,0.0,0.0,IOC
2022-10-11,55.72646864817412,55.72646864817412,54.16251067067073,54.28597640991211,14905741,0.0,0.0,IOC
2022-10-12,54.327133235435056,55.84993798678246,54.285973804298315,55.356056213378906,14459865,0.0,0.0,IOC
2022-10-13,55.39722196000261,55.767631762271485,54.697549231197556,55.02680587768555,9890714,0.0,0.0,IOC
2022-10-14,55.973414265517185,55.973414265517185,54.491762552351965,54.57408142089844,10119406,0.0,0.0,IOC
2022-10-17,54.73870737039906,54.90333254971939,53.95672834855543,54.3682975769043,10841451,0.0,0.0,IOC
2022-10-18,54.65639778871851,54.985654445527636,54.409453726099564,54.90333557128906,8153819,0.0,0.0,IOC
2022-10-19,54.98565480930978,55.356064625640414,54.69755130766547,55.1502799987793,7157066,0.0,0.0,IOC
2022-10-20,54.862177649076884,56.138038448328814,54.77986506203609,55.84994125366211,19426605,0.0,0.0,IOC
2022-10-21,55.479531285306436,56.014572519343346,55.31489983173087,55.56184387207031,9542021,0.0,0.0,IOC
2022-10-24,56.17919731597801,56.34382248840132,55.93225327729525,56.01457214355469,3745316,0.0,0.0,IOC
2022-10-25,55.849942402767034,56.17919903775247,55.3149011559217,55.8911018371582,12609170,0.0,0.0,IOC
2022-10-27,55.89109936711451,56.38498115774213,55.84993993454234,56.22035598754883,10404151,0.0,0.0,IOC
2022-10-28,56.38498191237108,56.96117629580686,56.01457213445491,56.34382247924805,9586976,0.0,0.0,IOC
2022-10-31,56.384980002602376,56.631924032880974,56.055723388913435,56.179195404052734,10549071,0.0,0.0,IOC
2022-11-01,56.3026704748665,56.50845508458455,56.09688586514846,56.38498306274414,7840600,0.0,0.0,IOC
2022-11-02,56.426147257651905,56.837716511814065,56.26151578795798,56.46730041503906,6785578,0.0,0.0,IOC
2022-11-03,56.3849849566546,56.920026215902546,56.3849849566546,56.54961013793945,6466688,0.0,0.0,IOC
2022-11-04,56.50845508458455,56.79655228218023,56.220357886988864,56.38498306274414,8971834,0.0,0.0,IOC
2022-11-07,56.67308792073068,57.86664258645453,56.5496158822008,57.70201110839844,13032194,0.0,0.0,IOC
2022-11-09,57.907789841853074,58.03126186779417,57.125810810972965,57.24928283691406,10410493,0.0,0.0,IOC
2022-11-10,57.1669561525564,57.49621275004649,57.12580300289968,57.290428161621094,5974147,0.0,0.0,IOC
2022-11-11,57.578535098762764,57.619694535450265,57.12581269544179,57.413909912109375,8792244,0.0,0.0,IOC
2022-11-14,57.61968647526351,57.743158488005704,56.67307608430326,57.16695785522461,10222979,0.0,0.0,IOC
2022-11-15,57.45505960038977,57.45505960038977,56.92001841447428,57.290428161621094,6477425,0.0,0.0,IOC
2022-11-16,57.33158853605888,57.372741686393745,56.83770677170899,57.04349136352539,5638631,0.0,0.0,IOC
2022-11-17,57.16695381494107,57.372738394951725,56.796544082940684,56.87885665893555,5264089,0.0,0.0,IOC
2022-11-18,57.08464335908126,57.20811536768283,56.590761604722225,57.0023307800293,6231903,0.0,0.0,IOC
2022-11-21,57.08464984596682,57.948947724346134,56.920024669155495,57.660850524902344,14820946,0.0,0.0,IOC
2022-11-22,57.660849374812095,57.784315114933996,57.166961294133216,57.61968994140625,13456815,0.0,0.0,IOC
2022-11-23,57.660856067704664,57.86664069852438,57.372752560518215,57.537384033203125,7949141,0.0,0.0,IOC
2022-11-24,57.743157138775366,59.84215618615759,57.743157138775366,59.30712127685547,29444796,0.0,0.0,IOC
2022-11-25,59.43059065339546,60.8710828700087,58.97786829620277,60.377201080322266,22422462,0.0,0.0,IOC
2022-11-28,60.82992255109215,62.92892147998498,60.82992255109215,62.72313690185547,40695313,0.0,0.0,IOC
2022-11-29,62.92893455429321,63.13471917517716,61.73538626518558,61.982330322265625,17421133,0.0,0.0,IOC
2022-11-30,61.323817874362135,63.38166411175684,61.28265843759491,63.09356689453125,29122442,0.0,0.0,IOC
2022-12-01,63.38165006388867,63.50512206677577,62.55851175137064,62.72313690185547,15072561,0.0,0.0,IOC
2022-12-02,62.72314341630191,63.54628181431137,62.558518248719054,63.381656646728516,18220281,0.0,0.0,IOC
2022-12-05,63.42281723022462,63.95785217460739,63.134713761652094,63.42281723022461,10947250,0.0,0.0,IOC
2022-12-06,63.38165777879145,63.710914399885624,62.27042217764036,62.39389419555664,10369691,0.0,0.0,IOC
2022-12-07,63.17587546808377,64.04017334481289,62.68199365854481,63.13471603393555,20909569,0.0,0.0,IOC
2022-12-08,63.752059477234276,63.793218904675406,62.97008059622799,63.175865173339844,11996025,0.0,0.0,IOC
2022-12-09,63.79322584573325,64.49289222803176,63.13471261530664,63.381656646728516,24702723,0.0,0.0,IOC
2022-12-12,63.38166098587827,65.0690973293397,63.21703580702507,64.94562530517578,20455051,0.0,0.0,IOC
2022-12-13,65.19256795905426,65.23372739687609,63.752075555968666,63.999019622802734,16409283,0.0,0.0,IOC
2022-12-14,64.12248534972294,64.7809923297683,63.83438815345011,64.3282699584961,16268873,0.0,0.0,IOC
2022-12-15,64.32826117375846,64.61635833068844,64.0401640168285,64.28710174560547,9555282,0.0,0.0,IOC
2022-12-16,64.41058623149537,64.98678065701021,63.093565915998404,63.34050369262695,18672807,0.0,0.0,IOC
2022-12-19,63.54628901484036,64.32827434958588,63.05240717608168,64.16364288330078,12681354,0.0,0.0,IOC
2022-12-20,64.16364213982438,64.32827360420185,63.42282253029453,64.04017639160156,9368946,0.0,0.0,IOC
2022-12-21,64.04018209837652,64.32827933664986,62.68200222646073,62.887786865234375,8618706,0.0,0.0,IOC
2022-12-22,62.88777422147801,63.17587140182864,61.44728203967736,61.817691802978516,15215404,0.0,0.0,IOC
2022-12-23,61.406123893652016,61.81769309706797,59.924478529383144,60.08910369873047,15286836,0.0,0.0,IOC
2022-12-26,60.089102045918494,61.406122204614064,59.554060840185066,61.24149703979492,9571856,0.0,0.0,IOC
2022-12-27,61.65306663707745,61.900004385929044,61.20033801077823,61.817691802978516,5815217,0.0,0.0,IOC
2022-12-28,61.61190815696979,61.85885218968214,61.28265154003586,61.57075500488281,6599386,0.0,0.0,IOC
2022-12-29,61.5707653044983,61.85886253749081,60.99456455846462,61.529605865478516,10191269,0.0,0.0,IOC
2022-12-30,61.90000650363143,63.79322737650154,61.90000650363143,62.970088958740234,15567911,0.0,0.0,IOC
2023-01-02,63.38165742923052,64.65752447391591,62.928928792716945,64.20479583740234,16878293,0.0,0.0,IOC
2023-01-03,64.20480191176105,64.9456278052141,63.95785785392728,64.61637115478516,11509540,0.0,0.0,IOC
2023-01-04,64.94561491577142,65.43949665337237,63.71090743174552,64.28710174560547,11974831,0.0,0.0,IOC
2023-01-05,64.82214757332683,65.23371676426859,64.49289096456393,65.11024475097656,14449439,0.0,0.0,IOC
2023-01-06,65.27488852858359,66.50959633469766,65.02794445534131,65.89224243164062,19075518,0.0,0.0,IOC
2023-01-09,66.55074928688218,66.67422132311991,65.56298555707764,65.93339538574219,16438468,0.0,0.0,IOC
2023-01-10,66.3038022913346,66.50958689648456,65.60412960978655,66.34495544433594,11953196,0.0,0.0,IOC
2023-01-11,66.55074616894422,69.18479312509754,66.34496154487199,68.77322387695312,44099830,0.0,0.0,IOC
2023-01-12,68.93783960039175,69.06131161389449,66.8388342109877,67.1680908203125,16440461,0.0,0.0,IOC
2023-01-13,67.12693940941973,67.86775894954668,66.75652335930863,67.74429321289062,8018070,0.0,0.0,IOC
2023-01-16,67.86776544344767,68.07355006429505,67.2915710170943,67.70314025878906,9367702,0.0,0.0,IOC
2023-01-17,67.74429145664277,68.07354178592009,66.67420904634903,67.1680908203125,8776414,0.0,0.0,IOC
2023-01-18,67.04461845846042,68.23817287605543,66.8799932946771,67.62081909179688,7980164,0.0,0.0,IOC
2023-01-19,67.62081707151978,68.64974001454337,67.41503248291507,68.5262680053711,9857262,0.0,0.0,IOC
2023-01-20,68.48511984680904,68.7732233423091,68.11471003837798,68.2381820678711,9411562,0.0,0.0,IOC
2023-01-23,68.44396493734759,68.81437473629168,67.99123626748425,68.69090270996094,6972772,0.0,0.0,IOC
2023-01-24,68.97900333570013,68.97900333570013,68.07354603354669,68.44396209716797,7069973,0.0,0.0,IOC
2023-01-25,68.23818458157493,68.64975384168088,67.7443027254575,67.90892791748047,8188678,0.0,0.0,IOC
2023-01-27,67.95006883594661,68.36163798388077,65.85106366946374,66.67420196533203,10838959,0.0,0.0,IOC
2023-01-30,66.67421869400444,67.90892644759711,66.18033684857704,67.29157257080078,10783051,0.0,0.0,IOC
2023-01-31,67.90892644759711,68.56743976153257,66.79769072537339,67.29157257080078,21752061,0.0,0.0,IOC
2023-02-01,67.2504050869341,67.45618968791008,64.49289268986537,65.68644714355469,20031377,0.0,0.0,IOC
2023-02-02,65.5218156645591,65.85107228197853,64.3282674914673,64.65752410888672,10817457,0.0,0.0,IOC
2023-02-03,64.94561897830107,64.94561897830107,63.29934222995401,64.57520294189453,11116563,0.0,0.0,IOC
2023-02-06,64.61636506571003,65.52181605902891,64.28710844630834,65.23371887207031,9507602,0.0,0.0,IOC
2023-02-07,65.23372461042798,65.64529385087232,64.73984277790441,65.06909942626953,6876198,0.0,0.0,IOC
2023-02-08,65.02793426995021,65.3571908893519,64.45173989603302,65.23371887207031,6093832,0.0,0.0,IOC
2023-02-09,65.19256342881022,66.4272711170835,64.9456256591844,65.52182006835938,8609974,0.0,0.0,IOC
2023-02-10,65.56297512695957,66.22148208205415,65.43950311036444,65.68644714355469,6286269,0.0,0.0,IOC
2023-02-13,65.85107575422563,66.05686036595758,65.23372191902976,65.43950653076172,6470826,0.0,0.0,IOC
2023-02-14,65.39835074368857,65.72760739683207,64.73984371744989,65.15141296386719,5013825,0.0,0.0,IOC
2023-02-15,64.57520864946832,65.64529114249368,64.57520864946832,65.43950653076172,3686045,0.0,0.0,IOC
2023-02-16,65.7276002957213,65.89223174453068,65.19255907717421,65.68644714355469,8603036,0.0,0.0,IOC
2023-02-17,65.7687612592299,66.71537170176892,65.52181722029007,66.30380249023438,9145422,0.0,0.0,IOC
2023-02-20,66.42727132079854,66.63305593614184,65.27488249891451,65.48066711425781,6867570,0.0,0.0,IOC
2023-02-21,65.85107922221016,66.05686384477957,65.02794073193255,65.19256591796875,4633296,0.0,0.0,IOC
2023-02-22,64.73984054375778,64.86331256763975,63.46397343039071,63.628604888916016,9878001,0.0,0.0,IOC
2023-02-23,63.95785293328356,64.12248438585613,63.17587394371918,63.54628372192383,6290065,0.0,0.0,IOC
2023-02-24,63.79322986651075,63.916701890003914,63.463973230544966,63.66975784301758,6103178,0.0,0.0,IOC
2023-02-27,63.6697517109415,63.710911141491124,62.72314132872654,63.258182525634766,6945215,0.0,0.0,IOC
2023-02-28,63.29934442586081,63.42281644227967,62.39389343886857,62.59967803955078,10000095,0.0,0.0,IOC
2023-03-01,62.558524646564194,63.546288313174855,62.4350526182258,63.34050369262695,6694749,0.0,0.0,IOC
2023-03-02,63.381656487448375,64.3282668987899,63.217031320279226,64.12248229980469,5273986,0.0,0.0,IOC
2023-03-03,64.32826975899937,64.57520752073262,63.957853696327724,64.36942291259766,5522499,0.0,0.0,IOC
2023-03-06,64.45173989603302,65.68644750875359,64.24595529391291,65.23371887207031,8582554,0.0,0.0,IOC
2023-03-08,64.82215610936314,65.31603794752004,64.61637148679372,65.19256591796875,5969771,0.0,0.0,IOC
2023-03-09,65.27488636005734,65.39835211252812,64.65753247750969,64.78099822998047,6135751,0.0,0.0,IOC
2023-03-10,64.61636866742136,65.2337225081929,63.793230213059296,64.94562530517578,6305111,0.0,0.0,IOC
2023-03-13,64.61637081680216,64.94562746550889,63.91670436333051,64.04017639160156,7151999,0.0,0.0,IOC
2023-03-14,64.08133107051192,64.28711569583794,63.587449225739164,63.95785903930664,8316642,0.0,0.0,IOC
2023-03-15,64.41057228322448,65.06908543839441,64.20478770723975,64.69866943359375,8183051,0.0,0.0,IOC
2023-03-16,65.0279423943484,66.22149072374428,64.82215776651819,65.76876831054688,27348566,0.0,0.0,IOC
2023-03-17,66.34495563743195,66.55074024318084,64.90446339718974,65.2748794555664,22904016,0.0,0.0,IOC
2023-03-20,65.19256039948664,66.42726803038637,64.78099118918674,66.34495544433594,18090005,0.0,0.0,IOC
2023-03-21,66.50959019097432,66.79768739644533,65.27488249891451,65.48066711425781,9942587,0.0,0.0,IOC
2023-03-22,65.68645152815797,65.80991727294686,65.11025083893495,65.52182006835938,8162089,0.0,0.0,IOC
2023-03-23,65.3160360499913,65.52182066658234,64.86331366151984,65.02793884277344,7065528,0.0,0.0,IOC
2023-03-24,64.9044597452804,65.19255692110923,64.20479338111112,64.53404998779297,10269895,0.0,0.0,IOC
2023-03-27,64.2048037281319,64.53406038787561,63.175880591463134,63.4639778137207,4845906,0.0,0.0,IOC
2023-03-28,63.29933547973633,63.71090462293351,62.352725194373456,63.29933547973633,7446988,0.0,0.0,IOC
2023-03-29,63.25817605339791,63.83437662190202,63.093550908137736,63.29933547973633,9921198,0.0,0.0,IOC
2023-03-31,63.62860051824968,64.49289206595905,63.54628165461752,64.12248229980469,9748505,0.0,0.0,IOC
2023-04-03,63.58743974008868,64.41057811860115,63.2993425636188,63.7932243347168,11416090,0.0,0.0,IOC
2023-04-05,64.24595660660087,64.41058177964153,63.38165874801787,63.505130767822266,6867318,0.0,0.0,IOC
2023-04-06,63.505136631618434,64.08133107051192,63.299352006292416,63.95785903930664,5063531,0.0,0.0,IOC
2023-04-10,63.9578575193887,64.36942676026005,63.71091974289483,64.04017639160156,5706517,0.0,0.0,IOC
2023-04-11,64.04016971622012,64.28710746697384,63.91669770081947,64.12248229980469,2998570,0.0,0.0,IOC
2023-04-12,64.12248325259469,64.36942100701764,63.83438606574409,64.20479583740234,4182972,0.0,0.0,IOC
2023-04-13,64.20479697211852,64.32826899153599,63.38165854939905,63.54628372192383,6411454,0.0,0.0,IOC
2023-04-17,63.546284871520236,63.75206948092289,63.217034520514304,63.58744430541992,7736935,0.0,0.0,IOC
2023-04-18,63.54628259884581,64.28710842221,63.54628259884581,64.20479583740234,5096362,0.0,0.0,IOC
2023-04-19,64.16363604273377,64.8221492775726,63.95785144185259,64.65752410888672,7940271,0.0,0.0,IOC
2023-04-20,64.94562358340427,65.1102487578931,64.28711032535324,64.36942291259766,7789377,0.0,0.0,IOC
2023-04-21,64.82215271971097,64.82215271971097,64.08132686119039,64.41058349609375,5001767,0.0,0.0,IOC
2023-04-24,64.45174293047467,64.69868069661621,64.16363944990424,64.41058349609375,7060879,0.0,0.0,IOC
2023-04-25,64.41057777907879,64.90445954757342,64.24595261626305,64.57520294189453,4656411,0.0,0.0,IOC
2023-04-26,64.49289036048665,64.90445954757342,64.32826519767092,64.57520294189453,5090493,0.0,0.0,IOC
2023-04-27,64.65753084699422,66.46843301144779,64.65753084699422,66.22148895263672,17036886,0.0,0.0,IOC
2023-04-28,66.633055302388,67.12694339855297,66.18033292096747,67.00347137451172,11996476,0.0,0.0,IOC
2023-05-02,67.29156248418282,68.07354143222469,67.00346530753832,67.62081909179688,11768608,0.0,0.0,IOC
2023-05-03,67.86776275059897,68.81437322494709,67.86776275059897,68.07354736328125,12067736,0.0,0.0,IOC
2023-05-04,68.40279714718487,69.55519211877163,68.23817198554993,68.56742858886719,15811123,0.0,0.0,IOC
2023-05-05,68.56743009404835,68.69089582796117,67.82660429033385,68.1558609008789,5895640,0.0,0.0,IOC
2023-05-08,68.32048341676638,68.69089316423596,67.8266016601245,68.5262680053711,6051050,0.0,0.0,IOC
2023-05-09,68.93785397211711,69.39058268932665,68.73206933339438,69.14363861083984,7286472,0.0,0.0,IOC
2023-05-10,69.55519561314794,69.63750819810072,69.02015439088342,69.34941101074219,7349573,0.0,0.0,IOC
2023-05-11,69.3905662184198,69.51403194830796,68.97899703866655,69.10246276855469,4455253,0.0,0.0,IOC
2023-05-12,69.02016165781077,69.26710571871676,68.60859240966634,68.77322387695312,4700410,0.0,0.0,IOC
2023-05-15,68.97900009290285,69.5963538898678,68.77321549391453,69.3082504272461,7167177,0.0,0.0,IOC
2023-05-16,70.29602448234198,72.14808598420672,69.9667678482231,71.61304473876953,44298431,0.0,0.0,IOC
2023-05-17,72.2715576204716,72.93006460513945,71.85998840003622,72.0657730102539,20861152,0.0,0.0,IOC
2023-05-18,72.10692190498703,72.23039391983387,70.62527656696768,70.78990173339844,16119484,0.0,0.0,IOC
2023-05-19,70.78990288459373,70.99568748600242,69.80213930985101,70.83106231689453,11201198,0.0,0.0,IOC
2023-05-22,70.8310677995879,71.85999088627541,70.21371394757539,71.73651885986328,9226502,0.0,0.0,IOC
2023-05-23,71.98345599196108,74.00014899194821,71.40726158056366,73.25932312011719,27392800,0.0,0.0,IOC
2023-05-24,73.34162867708757,74.00014189557656,73.05353149901643,73.79435729980469,19866440,0.0,0.0,IOC
2023-05-25,73.95898397976444,73.95898397976444,72.93006097982324,73.3827896118164,9684940,0.0,0.0,IOC
2023-05-26,73.4239471224719,74.32940444020916,73.25932194472766,74.24708557128906,9846321,0.0,0.0,IOC
2023-05-29,74.32940368971636,74.45286943175392,73.58857783725132,74.12361907958984,6891927,0.0,0.0,IOC
2023-05-30,74.08245507993459,74.86443403820378,73.91782991399819,74.32939910888672,9269698,0.0,0.0,IOC
2023-05-31,74.41172278650015,75.23486129900557,73.71205630688023,74.08246612548828,17157711,0.0,0.0,IOC
2023-06-01,74.49403381347656,75.02907509135098,74.00015197238031,74.49403381347656,11770478,0.0,0.0,IOC
2023-06-02,74.49401810460358,74.82327468925212,73.83550493530652,73.9178237915039,7123634,0.0,0.0,IOC
2023-06-05,74.00015205729697,74.08246465089942,72.9712289371456,73.4651107788086,9227005,0.0,0.0,IOC
2023-06-06,73.58857727050781,73.91783390018405,73.13584861969701,73.58857727050781,5740801,0.0,0.0,IOC
2023-06-07,73.7120586771288,74.98791964450909,73.67089923816064,74.78213500976562,11403972,0.0,0.0,IOC
2023-06-08,74.69981347592491,74.78212606396593,73.83551560137438,74.12361907958984,10809055,0.0,0.0,IOC
2023-06-09,74.24708024587099,75.44063467907623,74.20592709441065,74.32939910888672,9921823,0.0,0.0,IOC
2023-06-12,74.65865231564338,75.72873477557826,74.24708310490654,75.60526275634766,10813997,0.0,0.0,IOC
2023-06-13,76.42840234011669,76.6341869486146,75.48179188501669,75.64642333984375,19796495,0.0,0.0,IOC
2023-06-14,75.89336109427069,76.96344357036983,75.7287359195083,76.67534637451172,19246845,0.0,0.0,IOC
2023-06-15,76.79882299450418,77.12807336374526,76.2226222882358,76.46956634521484,8742159,0.0,0.0,IOC
2023-06-16,76.55186973978508,76.71649490462583,75.64641877306593,75.85220336914062,15146569,0.0,0.0,IOC
2023-06-19,75.85220794834166,76.42840234011669,75.44063873134583,75.64642333984375,6800507,0.0,0.0,IOC
2023-06-20,75.64642333984375,76.22261773161877,75.15254153545833,75.64642333984375,9394894,0.0,0.0,IOC
2023-06-21,75.68756981795836,76.42839559922045,75.4817852276104,75.72872924804688,9499893,0.0,0.0,IOC
2023-06-22,75.72872924804688,76.42839559922045,75.52294465769891,75.72872924804688,9694937,0.0,0.0,IOC
2023-06-23,75.97568688918997,76.05799948407646,73.13585526524284,73.50627136230469,18134295,0.0,0.0,IOC
2023-06-26,73.50626677719737,74.04130175060983,73.01237867858887,73.71205139160156,10963542,0.0,0.0,IOC
2023-06-27,73.87667331154067,74.49402712751456,73.1770069094465,73.54741668701172,10668117,0.0,0.0,IOC
2023-06-28,73.8355225742121,75.0290771936909,73.25932812346271,74.61750793457031,14388441,0.0,0.0,IOC
2023-06-30,74.86443103595694,75.68756939272413,74.61749329695515,75.15253448486328,12595671,0.0,0.0,IOC
2023-07-03,75.39947432223855,79.10359703077692,75.15253657636445,78.4039306640625,32972732,0.0,0.0,IOC
2023-07-04,79.02130047924527,79.35055715391853,77.6631206212485,77.91006469726562,11918401,0.0,0.0,IOC
2023-07-05,78.32162113464864,78.77434349308615,76.88112891407462,78.6097183227539,14283796,0.0,0.0,IOC
2023-07-06,79.02129444518941,81.32608471186008,79.02129444518941,81.16145324707031,32778334,0.0,0.0,IOC
2023-07-07,81.86111144345143,83.34276307683646,81.32607650699626,81.65532684326172,37546405,0.0,0.0,IOC
2023-07-10,83.13698021519436,83.50738999126276,79.92673912909314,80.1736831665039,24042759,0.0,0.0,IOC
2023-07-11,80.5029477772178,81.4083988708167,79.7621218715284,80.74988555908203,17508261,0.0,0.0,IOC
2023-07-12,80.87335569600533,81.77880676839881,80.42062701978449,80.58525848388672,14979586,0.0,0.0,IOC
2023-07-13,80.99681356480862,81.24375129772181,79.02128030126751,79.18590545654297,11491737,0.0,0.0,IOC
2023-07-14,79.43286227481538,80.37947277036943,78.85666785841629,79.51517486572266,24048036,0.0,0.0,IOC
2023-07-17,80.17367438202123,80.58524354591246,79.76210521813,80.13251495361328,19126927,0.0,0.0,IOC
2023-07-18,80.7087263065924,80.9968235036996,80.00905361069903,80.33831024169922,9527821,0.0,0.0,IOC
2023-07-19,80.66757504994634,81.53187300892945,80.42063098165157,80.87335968017578,15283446,0.0,0.0,IOC
2023-07-20,81.24376030536368,81.73764838604257,81.03797569843009,81.28491973876953,8940131,0.0,0.0,IOC
2023-07-21,81.3672393443803,82.1903778431197,81.16145471969544,81.77880859375,18598910,0.0,0.0,IOC
2023-07-24,82.14922312561211,82.89004273636544,81.90227906866218,82.19037628173828,19073238,0.0,0.0,IOC
2023-07-25,82.27267871846826,82.51962274493593,81.24375574159873,81.4906997680664,11983867,0.0,0.0,IOC
2023-07-26,82.1903655876525,82.47846276324323,81.36722721165188,81.98458099365234,14912431,0.0,0.0,IOC
2023-07-27,82.64310502993692,82.68425818609816,80.74988400516828,81.16145324707031,16349608,0.0,0.0,IOC
2023-07-28,81.67082161124151,82.01041053328541,80.0153345223174,80.86430358886719,27278447,3.0,0.0,IOC
2023-07-31,81.50103125,81.67082247425616,78.9541240234375,79.59085083007812,25418124,0.0,0.0,IOC
2023-08-01,79.63330934575184,80.43982745231466,79.20882476816706,79.8031005859375,16132927,0.0,0.0,IOC
2023-08-02,80.14268633994894,80.35492862025752,78.95412827479673,79.67575073242188,16780965,0.0,0.0,IOC
2023-08-03,79.71821295392245,79.97289983972155,79.08148602374274,79.37862396240234,8703991,0.0,0.0,IOC
2023-08-04,79.4210593636258,79.71819724372796,78.14760575422797,78.35984802246094,10743670,0.0,0.0,IOC
2023-08-07,78.48719327999362,78.95412889116588,78.10515976330389,78.8267822265625,6947500,0.0,0.0,IOC
2023-08-08,78.95412152126246,79.33615500229162,78.06270142936802,78.40229034423828,14652588,0.0,0.0,IOC
2023-08-09,78.48718407687072,79.8455397038704,78.27494181979198,79.71819305419922,9339961,0.0,0.0,IOC
2023-08-10,79.71820177933175,80.05779072324957,79.37861283541392,79.67575073242188,6480305,0.0,0.0,IOC
2023-08-11,79.80310858252214,80.05780194544253,79.25127728094215,79.37862396240234,9294868,0.0,0.0,IOC
2023-08-14,79.37860590856245,79.42105695176788,77.68066781426164,78.61453247070312,6762888,0.0,0.0,IOC
2023-08-16,78.61453429525059,79.33615670665245,78.1476051947529,79.20881652832031,7026509,0.0,0.0,IOC
2023-08-17,79.2088182011599,79.3786094272686,78.10515580009316,78.31739807128906,6856243,0.0,0.0,IOC
2023-08-18,78.23251395550271,78.40230520656439,77.34109369462627,77.59578704833984,7603578,0.0,0.0,IOC
2023-08-21,77.51088017522251,78.23250260320177,77.04394458687824,78.10515594482422,7450923,0.0,0.0,IOC
2023-08-22,78.44475701067977,78.44475701067977,77.80803009740659,77.97782135009766,5274379,0.0,0.0,IOC
2023-08-23,77.97780862385817,78.10515528115363,77.42597742699122,77.51087951660156,6805550,0.0,0.0,IOC
2023-08-24,77.85046248381003,79.16636715607268,77.72312230278857,78.31739807128906,9936618,0.0,0.0,IOC
2023-08-25,78.06271159109866,79.1239230400104,77.80802472963225,77.93537139892578,7021529,0.0,0.0,IOC
2023-08-28,78.31740156939715,78.52964385007301,77.85046596106207,78.020263671875,6866040,0.0,0.0,IOC
2023-08-29,78.1476103357046,78.44474823322675,77.7655703442158,78.020263671875,6510089,0.0,0.0,IOC
2023-08-30,77.68067982571185,77.68067982571185,76.91660626970692,77.04395294189453,10926964,0.0,0.0,IOC
2023-08-31,77.04394295850115,77.72312080407971,75.51579604450933,75.64314270019531,15918998,0.0,0.0,IOC
2023-09-01,75.85539487533102,76.40722613730236,75.34601466317316,75.6007080078125,14735373,0.0,0.0,IOC
2023-09-04,75.81294963480327,76.83171005014474,75.81294963480327,76.44967651367188,13063008,0.0,0.0,IOC
2023-09-05,76.87415804358533,77.85046737067576,76.7468113774499,77.55332946777344,12849665,0.0,0.0,IOC
2023-09-06,77.63822508615688,77.85046737067576,76.83170699583336,77.55332946777344,8805552,0.0,0.0,IOC
2023-09-07,77.63822920081478,78.02026921946835,77.29864670928383,77.85047149658203,7697172,0.0,0.0,IOC
2023-09-08,78.27495351578406,80.60961869250032,77.72312874662036,79.8031005859375,29294769,0.0,0.0,IOC
2023-09-11,81.07655460538959,81.5010391844754,79.88799648852519,80.82186126708984,23997873,0.0,0.0,IOC
2023-09-12,81.41613583510444,81.41613583510444,77.55332394127889,77.7231216430664,21373206,0.0,0.0,IOC
2023-09-13,78.02026399244541,79.37861329892812,77.55332838219178,79.03902435302734,11716054,0.0,0.0,IOC
2023-09-14,79.46351445687723,80.736968234959,79.08148091430105,80.35493469238281,16430876,0.0,0.0,IOC
2023-09-15,80.10024095341774,80.2700386759358,77.89292237764965,78.06271362304688,35184771,0.0,0.0,IOC
2023-09-18,78.78433016640508,79.29371029927137,77.93536111925468,78.61453247070312,17302409,0.0,0.0,IOC
2023-09-20,78.48720158529198,78.91168619414077,77.5957877929822,77.97782135009766,18228395,0.0,0.0,IOC
2023-09-21,78.02027501918079,79.08148657690326,77.93537938998726,78.74189758300781,15173388,0.0,0.0,IOC
2023-09-22,78.78433365876809,79.25126276912704,78.10515580009316,78.31739807128906,10983768,0.0,0.0,IOC
2023-09-25,78.52964926357049,78.6145448862691,77.93537342755937,78.06271362304688,10885789,0.0,0.0,IOC
2023-09-26,78.27494717124753,78.7843338047577,78.02026033161256,78.10515594482422,8786944,0.0,0.0,IOC
2023-09-27,78.14761127785894,78.4447491789634,76.49211758235613,76.74681091308594,17576586,0.0,0.0,IOC
2023-09-28,77.08639584653147,77.59577600433884,75.98273344034875,76.2374267578125,17116633,0.0,0.0,IOC
2023-09-29,76.91658439647885,77.38351990267464,76.6194465639538,77.2137222290039,7353379,0.0,0.0,IOC
2023-10-03,77.59578471556306,77.59578471556306,76.23743531654279,76.4072265625,12491467,0.0,0.0,IOC
2023-10-04,76.40721615719121,76.5345628128772,75.30355377740602,75.64314270019531,10554372,0.0,0.0,IOC
2023-10-05,76.7892482604912,77.04394156726399,75.7280369441377,76.11007690429688,9293183,0.0,0.0,IOC
2023-10-06,76.40721908186804,76.40721908186804,75.85538787085272,76.19497680664062,8500414,0.0,0.0,IOC
2023-10-09,75.0913168460231,75.21866351075788,73.86031420020124,74.24234771728516,10345543,0.0,0.0,IOC
2023-10-10,74.24234285950692,75.17621402171054,74.1150026802246,75.00641632080078,9460129,0.0,0.0,IOC
2023-10-11,75.55825106713714,76.61946245852951,75.26111317297133,76.15252685546875,12124613,0.0,0.0,IOC
2023-10-12,76.2798710359989,77.00149346324275,76.2798710359989,76.66191101074219,9922340,0.0,0.0,IOC
2023-10-13,76.66192365646789,77.46844182987567,76.44968135008467,77.12885284423828,12881848,0.0,0.0,IOC
2023-10-16,77.25619078354049,77.383537448388,76.57701288910074,77.17129516601562,8631278,0.0,0.0,IOC
2023-10-17,77.25619881047895,78.35986138433422,77.04395650605456,77.97782135009766,13355267,0.0,0.0,IOC
2023-10-18,78.52964900413492,78.52964900413492,76.83171064728876,77.04395294189453,11466227,0.0,0.0,IOC
2023-10-19,76.53457606125905,77.17130297278845,76.49212500964198,76.95906066894531,6724121,0.0,0.0,IOC
2023-10-20,76.87415328211509,77.12884012149053,75.98273315150084,76.66191101074219,8772287,0.0,0.0,IOC
2023-10-23,76.66191459612376,76.66191459612376,74.41214511892802,74.66683197021484,9592121,0.0,0.0,IOC
2023-10-25,75.09132006574526,75.72804693959992,73.69052612496156,74.36969757080078,9057651,0.0,0.0,IOC
2023-10-26,74.32724285376644,74.53948511608202,72.58685371193069,73.1811294555664,10108394,0.0,0.0,IOC
2023-10-27,73.47828323263397,74.28480134207105,73.47828323263397,73.77542114257812,6454064,0.0,0.0,IOC
2023-10-30,74.24235372841702,75.21866960093845,73.64807788103228,74.9215316772461,10175983,0.0,0.0,IOC
2023-10-31,75.55825106713714,76.40722018025104,74.41214405985744,76.15252685546875,29025469,0.0,0.0,IOC
2023-11-01,78.10516433691606,78.95413351449123,76.78925952082622,78.48719787597656,54027867,0.0,0.0,IOC
2023-11-02,79.67575219254554,81.92552170046959,79.208823053582,80.69451904296875,63995437,0.0,0.0,IOC
2023-11-03,81.92553321232907,82.13777552635065,80.9916683260584,81.41615295410156,34490201,0.0,0.0,IOC
2023-11-06,82.35000487048217,85.32139679879853,82.01041592610764,84.04794311523438,63500708,0.0,0.0,IOC
2023-11-07,84.89690822186938,88.5474778662578,83.83569686909601,88.33523559570312,79534919,0.0,0.0,IOC
2023-11-08,89.48135285690205,90.7548066267523,87.48627657956081,87.82585906982422,69412828,0.0,0.0,IOC
2023-11-09,88.37769067296857,88.71727964166226,87.01934127531466,87.40137481689453,32091128,0.0,0.0,IOC
2023-11-10,87.31215054003948,88.20445664020903,86.9106155180653,87.49061584472656,28403392,5.0,0.0,IOC
2023-11-13,87.71368349906211,88.56137148539224,87.04445399161582,88.33829498291016,23502134,0.0,0.0,IOC
2023-11-15,89.23061042209834,91.0152226305403,88.47215159506156,90.74752807617188,35721107,0.0,0.0,IOC
2023-11-16,91.01521957962109,93.82598507524864,90.74752503422604,92.8890609741211,43421272,0.0,0.0,IOC
2023-11-17,93.692122646198,94.85212307825252,90.56905189132473,91.63981628417969,50796419,0.0,0.0,IOC
2023-11-20,91.90752127755457,92.75520928468252,91.01521524573364,91.77367401123047,16980763,0.0,0.0,IOC
2023-11-21,91.90752026489439,92.08597874619036,89.98906095606652,90.16752624511719,20429383,0.0,0.0,IOC
2023-11-22,90.12290890540606,91.63982643120704,89.54290862515695,90.34598541259766,16652996,0.0,0.0,IOC
2023-11-23,91.0152073379779,92.97827771432281,89.89982489511053,92.6213607788086,18589035,0.0,0.0,IOC
2023-11-24,92.88905176602897,93.95982303370847,91.90751654313856,92.30905151367188,26009963,0.0,0.0,IOC
2023-11-28,93.42443718272237,96.90443200781402,92.88905493449779,96.5475082397461,61127565,0.0,0.0,IOC
2023-11-29,96.99365795658133,97.93058196499743,95.87827547406428,96.85981750488281,36828919,0.0,0.0,IOC
2023-11-30,96.85981824809697,100.38442419679373,95.56597047379674,99.71519470214844,46269884,0.0,0.0,IOC
2023-12-01,100.69673895306121,101.67827427158174,98.68905028927853,99.26905059814453,24131009,0.0,0.0,IOC
2023-12-04,102.16902900321863,105.42594700985019,100.91979933944506,103.41825866699219,50645500,0.0,0.0,IOC
2023-12-05,107.07671281856288,107.07671281856288,103.15056532033142,105.02440643310547,47272168,0.0,0.0,IOC
2023-12-06,106.00595728311986,107.03210375395336,104.75672750082798,106.45211029052734,31094949,0.0,0.0,IOC
2023-12-07,107.34441668908752,109.30748720559637,106.67518717558387,108.28133392333984,38173544,0.0,0.0,IOC
2023-12-08,108.99518238113345,109.2628701041423,104.71211073544461,106.0059585571289,22610433,0.0,0.0,IOC
2023-12-11,106.98749843965523,107.96903374854554,104.04288570522925,104.84596252441406,28917089,0.0,0.0,IOC
2023-12-12,105.29212188286832,106.09519875030568,104.31058651500283,104.89058685302734,15735665,0.0,0.0,IOC
2023-12-13,105.7382586871639,106.94287039926427,105.33672371904858,106.76441192626953,23660687,0.0,0.0,IOC
2023-12-14,107.52287836921785,107.52287836921785,106.49672505642538,107.16595458984375,20038925,0.0,0.0,IOC
2023-12-15,107.34441999082479,111.4936376559668,106.76441969973084,110.46749114990234,43200717,0.0,0.0,IOC
2023-12-18,111.04748882888492,112.25210748196072,109.93210622992964,110.95825958251953,19345644,0.0,0.0,IOC
2023-12-19,111.5382557551761,112.38594377581349,110.82440819524102,111.27056121826172,22074723,0.0,0.0,IOC
2023-12-20,112.07364008195457,112.7874876550152,106.18442143134683,107.12134552001953,27660494,0.0,0.0,IOC
2023-12-21,105.29211670005309,111.0921061792933,104.71211639057805,110.77980041503906,20805929,0.0,0.0,IOC
2023-12-22,110.86902114804073,111.53825065195244,108.95056187527624,110.37825012207031,12915880,0.0,0.0,IOC
2023-12-26,110.55672455306282,114.66133115503847,110.2890300062525,114.25979614257812,30770511,0.0,0.0,IOC
2023-12-27,114.57208915708424,115.01824217345218,111.93978908361528,112.9659423828125,16455934,0.0,0.0,IOC
2023-12-28,113.32286750263836,119.52439178066506,112.87671448097443,118.8997802734375,54672874,0.0,0.0,IOC
2023-12-29,115.73208983434623,117.8290144595015,114.48286683351513,115.8659439086914,30650133,0.0,0.0,IOC
2024-01-01,117.8736325270289,118.23054949439306,115.9997844095932,116.2674789428711,18629028,0.0,0.0,IOC
2024-01-02,116.89208214382766,117.29361710747956,114.75055326067853,116.49054718017578,17271309,0.0,0.0,IOC
2024-01-03,116.49054423994491,119.43515659158415,116.26746775293448,118.40899658203125,24221613,0.0,0.0,IOC
2024-01-04,117.78439656198074,117.78439656198074,114.92901997448918,117.07054901123047,23880980,0.0,0.0,IOC
2024-01-05,118.49823262303872,120.10438605261542,117.3828501879866,118.40899658203125,21903222,0.0,0.0,IOC
2024-01-08,119.56901378639995,121.44286198597297,118.00747815859249,118.36439514160156,26199907,0.0,0.0,IOC
2024-01-09,120.37208580506056,120.37208580506056,117.38286858006185,117.6951675415039,15051378,0.0,0.0,IOC
2024-01-10,116.84746412219778,116.89208214382766,114.66131721741874,116.49054718017578,17547639,0.0,0.0,IOC
2024-01-11,117.20440423731844,119.47977375539672,116.98132772648647,118.8997802734375,21653666,0.0,0.0,IOC
2024-01-12,119.07823989355587,121.21978258725277,118.45362838037713,120.72901153564453,24471509,0.0,0.0,IOC
2024-01-15,121.75515558753446,123.13823266301077,120.63977304529705,122.82592010498047,22824583,0.0,0.0,IOC
2024-01-16,123.36130454671516,128.80437659498,122.69207504646174,128.13514709472656,54350562,0.0,0.0,IOC
2024-01-17,127.59977193352886,129.74130112117408,126.30593081534693,128.58131408691406,43031636,0.0,0.0,IOC
2024-01-18,128.31359050052632,129.96434823795508,124.83358933864915,128.93820190429688,26958686,0.0,0.0,IOC
2024-01-19,129.4736057281191,133.2212881958102,128.31360520786714,132.6412811279297,23970656,0.0,0.0,IOC
2024-01-23,135.18437581228756,135.45207036868138,123.0044028437214,123.98593139648438,38167576,0.0,0.0,IOC
2024-01-24,123.98593465108192,129.60746602087258,123.18286457633086,128.00131225585938,40122151,0.0,0.0,IOC
2024-01-25,130.18743564632163,130.18743564632163,126.70744780766663,128.224365234375,38252600,0.0,0.0,IOC
2024-01-29,128.22435787693604,132.41819297443416,128.0458994161823,130.90127563476562,28420760,0.0,0.0,IOC
2024-01-30,132.41822117254202,135.80898711094898,130.72284501109388,131.79360961914062,41378967,0.0,0.0,IOC
2024-01-31,131.88280930198113,133.93511551041016,130.36589205766646,131.1243438720703,27393172,0.0,0.0,IOC
2024-02-01,132.5074658019714,134.47053664630567,131.21362458289957,133.6228485107422,27883335,0.0,0.0,IOC
2024-02-02,135.54127756041296,148.83664528731288,134.78282562072818,145.3566436767578,94675914,0.0,0.0,IOC
2024-02-05,149.8627929230686,158.11662358533164,146.96279836605729,155.2166290283203,101043319,0.0,0.0,IOC
2024-02-06,157.5366324262825,165.96892169239075,152.89664379024228,164.63046264648438,97077698,0.0,0.0,IOC
2024-02-07,167.9320038007362,171.90276318725728,165.12124505698242,166.37046813964844,82890137,0.0,0.0,IOC
2024-02-08,167.66429516432234,175.60582688569647,166.63814869087673,171.67967224121094,83103687,0.0,0.0,IOC
2024-02-09,172.57197013638964,172.9735187175875,158.60738707241947,162.84584045410156,84137345,0.0,0.0,IOC
2024-02-12,162.84584559879616,164.49661715106978,154.50277902191448,156.51046752929688,54071070,0.0,0.0,IOC
2024-02-13,156.10894906935738,158.33971431360516,153.788961384646,155.6627960205078,37121416,0.0,0.0,IOC
2024-02-14,154.3689300799983,164.49660810659458,152.4950821299337,163.7827606201172,52764452,0.0,0.0,IOC
2024-02-15,165.07660739703633,170.7427558538949,163.73814841814146,169.404296875,70678699,0.0,0.0,IOC
2024-02-16,169.5381393024628,173.19659933361427,166.10275577039351,166.86122131347656,54056644,0.0,0.0,IOC
2024-02-19,168.28894309126414,170.3412363164779,166.32585869504223,168.19970703125,30664067,0.0,0.0,IOC
2024-02-20,167.30737749314466,169.2704479992957,164.00584796704845,168.42276000976562,34936800,0.0,0.0,IOC
2024-02-21,169.18124140474953,170.16276994195377,161.59663958171348,162.6674041748047,22131487,0.0,0.0,IOC
2024-02-22,161.95353507598273,161.95353507598273,156.51046316166082,160.34738159179688,39618423,0.0,0.0,IOC
2024-02-23,160.34738780279142,161.23969381573463,156.19817028880922,156.91201782226562,31342100,0.0,0.0,IOC
2024-02-26,156.95662800071787,159.54432370269043,153.9674109167708,158.3843231201172,36264939,0.0,0.0,IOC
2024-02-27,158.38432653297767,159.14279213441,153.56587922831926,154.59202575683594,27603342,0.0,0.0,IOC
2024-02-28,153.92279075240782,154.77047876098584,148.7474130358916,149.3720245361328,35971734,0.0,0.0,IOC
2024-02-29,149.3720257055052,150.30894977095656,146.6505031748979,147.7212677001953,52797150,0.0,0.0,IOC
2024-03-01,149.8627904884122,153.29817404634153,149.3720194636353,151.15663146972656,33401242,0.0,0.0,IOC
2024-03-04,153.65509655959133,157.4473972097159,152.13817902264344,156.3766326904297,28643745,0.0,0.0,IOC
2024-03-05,157.44739326072602,158.20585881793141,155.75201728233762,156.91201782226562,21719198,0.0,0.0,IOC
2024-03-06,157.22431296303608,159.00892494585264,153.5658665675675,158.25047302246094,37730619,0.0,0.0,IOC
2024-03-07,158.25048782405116,159.1427938989192,155.26125702703916,155.79664611816406,17880714,0.0,0.0,IOC
2024-03-11,155.21663468551168,158.38432388634044,153.56587666219937,155.4843292236328,22843402,0.0,0.0,IOC
2024-03-12,156.15355699241758,156.9566269821747,152.98586782746946,154.2797088623047,20208400,0.0,0.0,IOC
2024-03-13,154.3689416257695,155.17201159842816,144.33049888998968,145.75819396972656,26725350,0.0,0.0,IOC
2024-03-14,143.88434339914753,152.94124390954136,143.30434994172668,152.00433349609375,25912125,0.0,0.0,IOC
2024-03-15,148.12278453755823,150.53200782801935,137.05819643999203,143.6612548828125,108719847,0.0,0.0,IOC
2024-03-18,145.04435422410472,145.66896574923834,142.90281148941935,143.48281860351562,22670787,0.0,0.0,IOC
2024-03-19,141.78744490990255,141.78744490990255,137.6382266672721,138.53053283691406,50547948,0.0,0.0,IOC
2024-03-20,139.19973942905807,141.47512250821185,138.30743340707693,141.20742797851562,23956154,0.0,0.0,IOC
2024-03-21,143.6612763100482,147.0074240501891,142.59051175630512,146.7843475341797,26756447,0.0,0.0,IOC
2024-03-22,147.85510514171162,149.14894615067962,145.93665264036346,147.3643341064453,25141774,0.0,0.0,IOC
2024-03-26,146.6505157021246,150.57665716876514,145.93666808577794,149.41665649414062,21189137,0.0,0.0,IOC
2024-03-27,150.79971379211855,152.98586076600307,147.5428023428119,148.30125427246094,31466480,0.0,0.0,IOC
2024-03-28,148.7920202036373,151.245861616291,148.7474021821237,149.684326171875,17007401,0.0,0.0,IOC
2024-04-01,151.64739281121652,152.80739326420704,150.57662839903614,151.0227813720703,14548989,0.0,0.0,IOC
2024-04-02,151.15664072445745,155.70740706481945,151.0674182879956,155.43971252441406,29081495,0.0,0.0,IOC
2024-04-03,155.4397138235836,156.33201988871957,154.50278973208881,154.99356079101562,18996701,0.0,0.0,IOC
2024-04-04,155.26126735468083,156.1089554590898,150.84435471338264,151.37973022460938,17913673,0.0,0.0,IOC
2024-04-05,150.6212571990133,150.66587522261153,146.8735746804159,149.90740966796875,26551221,0.0,0.0,IOC
2024-04-08,150.79973139872558,153.3428092383403,150.57665487298783,151.95973205566406,14541348,0.0,0.0,IOC
2024-04-09,152.13817479941784,152.45048734931535,149.9074097730334,150.71047973632812,10074537,0.0,0.0,IOC
2024-04-10,150.7997317698035,155.43972079346452,150.71049571308455,154.41357421875,26458888,0.0,0.0,IOC
2024-04-12,154.32432632509577,154.77047934344844,151.46894973074043,151.82586669921875,23635268,0.0,0.0,IOC
2024-04-15,148.83665165815032,151.64741026557593,145.13357338644366,148.47972106933594,30165832,0.0,0.0,IOC
2024-04-16,148.47972712591124,152.40588206996088,147.6766570954633,150.7997283935547,19347109,0.0,0.0,IOC
2024-04-18,153.74434119771433,156.2428009592895,149.95204033574623,150.7997283935547,29756025,0.0,0.0,IOC
2024-04-19,145.89201588525611,149.46123951547645,144.73201548233297,148.70277404785156,28613815,0.0,0.0,IOC
2024-04-22,151.64739871127804,153.65508716804388,150.3535577622418,152.49508666992188,19022799,0.0,0.0,IOC
2024-04-23,154.9935484644604,154.9935484644604,149.86278899797517,149.99664306640625,19730937,0.0,0.0,IOC
2024-04-24,151.15663837975097,152.2274165247629,149.50588036795872,150.57664489746094,17496649,0.0,0.0,IOC
2024-04-25,151.20125387675034,152.58433094467236,150.5766423796109,151.8704833984375,14757776,0.0,0.0,IOC
2024-04-26,152.3166381801828,154.01202782410041,151.5581862161096,153.07510375976562,17306072,0.0,0.0,IOC
2024-04-29,154.36894033990453,158.83047040753183,153.65509280598232,157.715087890625,40527426,0.0,0.0,IOC
2024-04-30,160.16891582805835,160.4366103324882,149.7735570993486,150.66586303710938,67530236,0.0,0.0,IOC
2024-05-02,153.4766375963552,155.79663872715508,150.13048997434166,154.72586059570312,60555113,0.0,0.0,IOC
2024-05-03,155.9751095301574,156.06433197115254,151.15664840456898,152.36126708984375,30968452,0.0,0.0,IOC
2024-05-06,153.34280573917286,153.47664620535713,147.31973968169518,148.34588623046875,28686100,0.0,0.0,IOC
2024-05-07,149.46124601364136,150.08585745298478,142.32279844284056,142.76895141601562,40995072,0.0,0.0,IOC
2024-05-08,144.10742763087626,146.60588730361573,142.4566559858047,145.57972717285156,28458714,0.0,0.0,IOC
2024-05-09,145.44587553778462,145.44587553778462,139.2443516658704,139.73512268066406,27225782,0.0,0.0,IOC
2024-05-10,141.43051150207447,142.90281106519802,138.798211329712,141.83204650878906,24021566,0.0,0.0,IOC
2024-05-13,142.6351398166274,143.3935918551085,138.084373123697,141.16282653808594,28720880,0.0,0.0,IOC
2024-05-14,141.16281993539926,143.393585148081,140.1366733837698,142.18898010253906,17592865,0.0,0.0,IOC
2024-05-15,143.30435753002354,145.08896963567508,142.5458919389177,144.3751220703125,17906679,0.0,0.0,IOC
2024-05-16,145.49050071898628,146.69510568856097,143.79511109496008,145.31204223632812,23017120,0.0,0.0,IOC
2024-05-17,145.31203279929144,146.87356824828072,145.13356071271437,146.38279724121094,13305287,0.0,0.0,IOC
2024-05-21,147.2304816858869,150.26431646836247,145.93664078205197,148.9258575439453,26148240,0.0,0.0,IOC
2024-05-22,150.0858720433207,150.0858720433207,146.56126593570104,148.97048950195312,20053145,0.0,0.0,IOC
2024-05-23,149.4612579838356,151.1120295629951,148.74741044648258,149.86279296875,17423296,0.0,0.0,IOC
2024-05-24,149.81817799499112,152.09356110984436,149.2828025427083,150.6212615966797,17579600,0.0,0.0,IOC
2024-05-27,150.88895183084625,152.09355677578833,148.83664528347074,150.71047973632812,14367479,0.0,0.0,IOC
2024-05-28,150.88895295880192,151.51356444775695,147.9443403788605,149.05972290039062,12934677,0.0,0.0,IOC
2024-05-29,148.1228039894175,148.9258739865297,146.78434491722396,147.27511596679688,12374782,0.0,0.0,IOC
2024-05-30,146.96281397686312,147.45358506174415,143.97359666988007,144.50897216796875,13980050,0.0,0.0,IOC
2024-05-31,145.80279796176802,146.11511051441477,143.7058869878133,144.91049194335938,34520338,0.0,0.0,IOC
2024-06-03,152.40588713181452,157.40279320541663,149.90742728725806,156.4212646484375,62214295,0.0,0.0,IOC
2024-06-04,157.93816812755992,157.93816812755992,132.9535991582284,137.8612823486328,88989411,0.0,0.0,IOC
2024-06-05,141.43050194086047,142.67972490296728,131.8828304004468,142.0997314453125,36919071,0.0,0.0,IOC
2024-06-06,146.3381791489961,149.99663907392443,144.68740765751434,145.98126220703125,35722401,0.0,0.0,IOC
2024-06-07,146.07049432406217,146.82895989543448,144.01818773285717,146.5166473388672,33444357,0.0,0.0,IOC
2024-06-10,147.8550984142834,148.47970987824363,146.4274170131613,147.41787719726562,19825323,0.0,0.0,IOC
2024-06-11,148.033568268274,150.79972246984187,146.605886757392,149.6218719482422,28559865,0.0,0.0,IOC
2024-06-12,150.79973941487006,152.79851009331395,150.3625044995979,150.65696716308594,28047986,0.0,0.0,IOC
2024-06-13,151.69203581511965,151.87049431062357,149.952041656813,150.75511169433594,17279580,0.0,0.0,IOC
2024-06-14,150.97816644255442,153.565861908434,150.94248019480472,152.01324462890625,22000973,0.0,0.0,IOC
2024-06-18,153.3874120313584,153.3874120313584,150.7997298063297,151.32618713378906,17723479,0.0,0.0,IOC
2024-06-19,151.69203270679114,151.95972725231692,148.16742643464715,148.7920379638672,18053095,0.0,0.0,IOC
2024-06-20,149.32741782398307,151.4421787334398,148.21203529950012,150.77294921875,15794096,0.0,0.0,IOC
2024-06-21,150.96927390233847,151.24588661973945,148.3548099031234,148.67604064941406,19269862,0.0,0.0,IOC
2024-06-24,148.67601850534558,149.63079244243826,146.97172442589056,148.39048767089844,13445384,0.0,0.0,IOC
2024-06-25,148.9972386977895,149.14001091270038,146.3827888878345,146.66831970214844,14775324,0.0,0.0,IOC
2024-06-26,147.3643368769683,147.444654768256,146.33819037844526,146.57911682128906,10441389,0.0,0.0,IOC
2024-06-27,146.7843446113239,147.1234252658694,144.7141880485341,145.9634246826172,24654739,0.0,0.0,IOC
2024-06-28,146.24894911995406,148.6938724810326,146.15972668854803,147.7926483154297,15335579,0.0,0.0,IOC
2024-07-01,148.1227880171456,149.86278190026945,147.78370739845695,149.60401916503906,19014104,0.0,0.0,IOC
2024-07-02,149.9074153270952,151.43326465249885,149.0240274423342,150.17510986328125,31012683,0.0,0.0,IOC
2024-07-03,151.15662873398915,151.51355929805285,149.6843293018142,151.07632446289062,20184032,0.0,0.0,IOC
2024-07-04,151.7812651387452,152.85202967978816,150.96033158791877,151.84371948242188,26156046,0.0,0.0,IOC
2024-07-05,152.49510207534203,153.42310801379253,151.43326928796657,152.8341827392578,26431264,0.0,0.0,IOC
2024-07-08,153.6640358066065,154.19941128453033,151.46895686213924,151.75450134277344,30322381,0.0,0.0,IOC
2024-07-09,152.8430788089176,154.10123345481477,152.13816310558627,153.18215942382812,28600182,0.0,0.0,IOC
2024-07-10,153.744335986784,153.91387631570143,149.19356966045945,153.3874053955078,34673112,0.0,0.0,IOC
2024-07-11,154.27971068644013,156.86740640221603,153.69971719981456,155.65386962890625,55143055,0.0,0.0,IOC
2024-07-12,156.62995848150604,157.33645681476602,154.41748264420286,155.28201293945312,35355791,7.0,0.0,IOC
2024-07-15,155.70963733265572,158.3311437071604,154.68706090613557,157.75477600097656,32915517,0.0,0.0,IOC
2024-07-16,157.56886683431614,160.1717772059864,157.33646437585844,158.72158813476562,33837471,0.0,0.0,IOC
2024-07-18,158.03365929978702,159.57681490669404,156.7879856249331,157.67111206054688,22673600,0.0,0.0,IOC
2024-07-19,158.8703035487033,158.8703035487033,153.5250473870304,153.84112548828125,26361146,0.0,0.0,IOC
2024-07-22,153.84114561455135,157.10407121796325,152.34447312609197,156.35108947753906,17140562,0.0,0.0,IOC
2024-07-23,157.42942489304139,157.42942489304139,149.35111348256834,154.1479034423828,21714840,0.0,0.0,IOC
2024-07-24,154.1479007349909,157.33645547600165,153.90619311364625,156.90882873535156,16076455,0.0,0.0,IOC
2024-07-25,155.1425699461607,165.0615042340452,154.81720086116553,164.4014892578125,75894556,0.0,0.0,IOC
2024-07-26,165.7865995830712,166.3257749407982,163.19299461915048,164.1226043701172,27261949,0.0,0.0,IOC
2024-07-29,165.47055478331615,168.91010842220496,165.47055478331615,167.69232177734375,42913186,0.0,0.0,IOC
2024-07-30,167.3297519035121,172.8795231430894,165.75870918552965,170.0720977783203,75819147,0.0,0.0,IOC
2024-07-31,170.5833896988264,171.8383685394357,167.40412604529797,168.8822021484375,32726809,0.0,0.0,IOC
2024-08-01,169.18899954452007,169.64451349594725,165.34970616959134,167.0787811279297,26184112,0.0,0.0,IOC
2024-08-02,165.4705455613309,166.66973597047053,162.34705604402038,164.81051635742188,27097002,0.0,0.0,IOC
2024-08-05,159.89287594592597,162.57015654738643,155.2355362356278,158.58212280273438,37579908,0.0,0.0,IOC
2024-08-06,159.8928776509303,162.1239353861254,154.57550872450557,155.25411987304688,18084781,0.0,0.0,IOC
2024-08-07,159.18638324129768,160.35768645323972,157.1691317283711,160.09739685058594,15591095,0.0,0.0,IOC
2024-08-08,159.8836047295967,160.0044443656367,157.28998527996993,158.2474822998047,14932165,0.0,0.0,IOC
2024-08-09,159.9858636575046,160.82250686325168,156.91814826189724,157.18772888183594,14137851,0.0,0.0,IOC
2024-08-12,156.17444161907693,158.96327093370328,155.97921732577655,157.25279235839844,11563339,0.0,0.0,IOC
2024-08-13,156.46263350689503,156.81588979334722,151.53569840439812,152.56756591796875,16620160,0.0,0.0,IOC
2024-08-14,153.39488851670896,153.98054715546493,151.6193448045165,152.21429443359375,14369897,0.0,0.0,IOC
2024-08-16,153.61801350407868,155.6631521479758,153.24617527235893,155.40286254882812,10622879,0.0,0.0,IOC
2024-08-19,158.03367699401142,158.7866587148393,157.40154909470135,158.10804748535156,11457875,0.0,0.0,IOC
2024-08-20,159.88359218273055,161.19433120045682,158.99116054699388,160.106689453125,15526789,0.0,0.0,IOC
2024-08-21,160.82250436664268,162.542288266417,159.9951521659025,161.6498565673828,15640289,0.0,0.0,IOC
2024-08-22,162.57015489776052,163.1372174031569,161.19432227779356,161.55686950683594,11809546,0.0,0.0,IOC
2024-08-23,161.38026184315183,163.13722374212196,160.51571738047667,160.94334411621094,13815705,0.0,0.0,IOC
2024-08-26,161.75210512078996,162.09605620751117,160.2647237676304,161.2501220703125,8952470,0.0,0.0,IOC
2024-08-27,160.63657954148948,162.33776721222833,159.6604863947088,161.05490112304688,11132430,0.0,0.0,IOC
2024-08-28,161.05490942207172,164.07614148915243,161.036313253014,161.51971435546875,14449023,0.0,0.0,IOC
2024-08-29,161.6498505317117,164.81982341242576,160.9712393369353,164.39219665527344,21375638,0.0,0.0,IOC
2024-08-30,165.47054321702555,166.19563772106414,163.72287226640955,164.51304626464844,22288432,0.0,0.0,IOC
2024-09-02,166.63254042494958,168.44527652149904,164.55020956920748,166.14913940429688,26940504,0.0,0.0,IOC
2024-09-03,166.02831506282945,166.31649182972765,163.23948567779684,163.732177734375,11874065,0.0,0.0,IOC
2024-09-04,164.54094523643582,167.0508890217424,163.71359302834202,164.56883239746094,23923887,0.0,0.0,IOC
2024-09-05,166.07477176353459,171.0481894681537,165.38686964498046,168.57542419433594,46162315,0.0,0.0,IOC
2024-09-06,168.34302892755917,168.5289480436021,162.4028230970199,164.20626831054688,31875186,0.0,0.0,IOC
2024-09-09,163.14651318300574,164.73615211683457,161.42672944992395,162.99777221679688,15121584,0.0,0.0,IOC
2024-09-10,163.71358765787113,164.29924638962828,162.26339859325367,163.19300842285156,14875095,0.0,0.0,IOC
2024-09-11,164.53163225484482,165.36827534322356,157.18770683078714,157.79196166992188,29731172,0.0,0.0,IOC
2024-09-12,159.41877943978102,161.47320902200497,158.09873531097605,161.06417846679688,18368650,0.0,0.0,IOC
2024-09-13,161.05490456979538,163.6113316264588,160.31121386182193,160.99913024902344,15061240,0.0,0.0,IOC
2024-09-16,161.566194203571,161.85437098651084,159.5117502009577,159.72557067871094,8492383,0.0,0.0,IOC
2024-09-17,159.26076259975267,159.84640714599664,158.08015414604012,158.5077667236328,6417946,0.0,0.0,IOC
2024-09-18,158.59144308807726,159.01905566755607,155.80261359075857,156.5927734375,10726650,0.0,0.0,IOC
2024-09-19,157.0017938233788,157.9778869209083,150.77341118801442,153.42279052734375,19197503,0.0,0.0,IOC
2024-09-20,153.75745611131816,155.94204482749896,153.38561786311374,155.29132080078125,20652037,0.0,0.0,IOC
2024-09-23,155.75612649040505,158.21958681282663,155.24483825800056,157.7826690673828,9393577,0.0,0.0,IOC
2024-09-24,157.26209153802563,158.91679588275113,156.91814044375624,157.93141174316406,10027795,0.0,0.0,IOC
2024-09-25,157.66183296905896,158.90750673793087,156.63925648134602,157.86634826660156,8749024,0.0,0.0,IOC
2024-09-26,158.22888231428246,159.7999108818361,156.74150103545497,159.2979278564453,11349547,0.0,0.0,IOC
2024-09-27,159.5210574207743,168.02698195366926,159.42809076101952,167.3390655517578,52095985,0.0,0.0,IOC
2024-09-30,167.06019134737707,169.61661841900235,163.7693645553687,167.46920776367188,33375167,0.0,0.0,IOC
2024-10-01,167.32975278136726,168.57542642551823,164.7919221692378,166.45591735839844,17390545,0.0,0.0,IOC
2024-10-03,161.02701201791976,163.79724527302972,158.71227849034318,159.27005004882812,25392543,0.0,0.0,IOC
2024-10-04,157.56886052443912,158.48917932957656,153.94338799157003,156.7786865234375,25223563,0.0,0.0,IOC
2024-10-07,158.76804575786952,158.76804575786952,150.68974880323705,151.28469848632812,19798152,0.0,0.0,IOC
2024-10-08,150.64329019168784,153.38563661544387,149.4440854528866,152.67913818359375,14948163,0.0,0.0,IOC
2024-10-09,155.97923493270284,157.3271806013705,152.88364652659084,153.14393615722656,20278252,0.0,0.0,IOC
2024-10-10,153.54365226406523,155.43075906384868,152.46530146855466,152.8185577392578,10145184,0.0,0.0,IOC
2024-10-11,152.81855377288812,153.1439228753246,151.15455847958793,151.66583251953125,8750905,0.0,0.0,IOC
2024-10-14,152.5954484943239,154.3245233520135,151.38696705855662,153.82254028320312,14345120,0.0,0.0,IOC
2024-10-15,156.17446976319027,157.7083204887614,154.78005485459036,156.10939025878906,22551022,0.0,0.0,IOC
2024-10-16,156.40684250535563,159.56751002325518,155.81189282487856,156.5369873046875,21433632,0.0,0.0,IOC
2024-10-17,156.1744428470664,156.73221438826516,152.45600373166005,152.71629333496094,13215492,0.0,0.0,IOC
2024-10-18,151.80526531486754,154.28732148665148,150.35507646705832,153.71096801757812,11701011,0.0,0.0,IOC
2024-10-21,153.4785882493644,154.9473592947891,148.50516999656173,148.84912109375,20627025,0.0,0.0,IOC
2024-10-22,148.7375574697624,149.42547377955884,143.95936400343504,144.377685546875,15190259,0.0,0.0,IOC
2024-10-23,143.99657281159813,144.59152260076647,139.5809256340251,142.17454528808594,16503290,0.0,0.0,IOC
2024-10-24,142.17451979983946,143.47596779760335,141.7840854005103,142.48129272460938,8648491,0.0,0.0,IOC
2024-10-25,142.6951123170374,143.113433913596,135.21175016965583,136.01121520996094,20505003,0.0,0.0,IOC
2024-10-28,138.1400192886878,139.19046869681148,134.7934183993674,136.67123413085938,21349891,0.0,0.0,IOC
2024-10-29,131.084270070292,134.88638485375012,130.66594850592003,133.97535705566406,35275184,0.0,0.0,IOC
2024-10-30,133.4919635681405,135.20244207554492,132.23698475248943,133.3060302734375,17388536,0.0,0.0,IOC
2024-10-31,133.30605774241968,134.2356676686143,131.6327712230468,132.58096313476562,18657930,0.0,0.0,IOC
2024-11-01,134.14268567483214,135.25821450389995,132.93419019970924,134.78411865234375,4076745,0.0,0.0,IOC
2024-11-04,134.40298433484523,134.40298433484523,126.76159077206503,129.1506805419922,46651179,0.0,0.0,IOC
2024-11-05,128.27685226252825,131.16793910178635,127.97937033907279,130.88905334472656,18594095,0.0,0.0,IOC
2024-11-06,131.6420482038065,134.92356975921004,131.41893673876797,134.43087768554688,18107864,0.0,0.0,IOC
2024-11-07,134.4773448965754,135.4813250918401,133.04573799075186,134.00323486328125,14637973,0.0,0.0,IOC
2024-11-08,133.6871883072235,134.22636371451847,130.14537709998626,130.46144104003906,15316464,0.0,0.0,IOC
2024-11-11,129.02984921814965,130.79610224832695,127.97938555504226,129.61549377441406,17669364,0.0,0.0,IOC
2024-11-12,129.77353418574862,131.96741388843822,128.75095772845776,129.02053833007812,10561738,0.0,0.0,IOC
2024-11-13,128.5092549618382,129.49463901206516,125.96211917967658,126.41763305664062,12503679,0.0,0.0,IOC
2024-11-14,125.96213207956718,127.2078058485673,124.33531487558754,125.27421569824219,17425507,0.0,0.0,IOC
2024-11-18,125.61817186059434,126.25960486686091,123.94487144962049,124.6978530883789,12693551,0.0,0.0,IOC
2024-11-19,125.36718289639913,127.05906541978692,123.312738920085,123.7496566772461,12696762,0.0,0.0,IOC
2024-11-21,123.74964901483561,124.00993861770156,120.38446616012611,121.5093002319336,15787410,0.0,0.0,IOC
2024-11-22,122.23439245018436,123.73106473118887,121.52787995435662,123.27555084228516,12070416,0.0,0.0,IOC
2024-11-25,126.21312257972605,128.2489702477604,125.66464203445219,126.79876708984375,22201129,0.0,0.0,IOC
2024-11-26,127.63541509105642,128.05373662056832,126.55706443097186,127.31935119628906,9265539,0.0,0.0,IOC
2024-11-27,128.4162791356555,129.91295127045336,125.72970775906131,129.2157440185547,18242345,0.0,0.0,IOC
2024-11-28,129.40168815812166,131.16795538224875,127.58895178931594,128.0537567138672,17331637,0.0,0.0,IOC
2024-11-29,127.35654240232746,129.45745544056746,127.23568858940469,128.87181091308594,14012364,0.0,0.0,IOC
2024-12-02,128.49066931346673,128.89039472384928,127.24499557006807,127.96078491210938,16069119,0.0,0.0,IOC
2024-12-03,128.28615934481374,129.91297658288204,128.2117888546213,129.6898651123047,13089770,0.0,0.0,IOC
2024-12-04,129.68985916490345,131.16794953952424,129.35519906674477,130.01522827148438,12745610,0.0,0.0,IOC
2024-12-05,130.50791280637495,130.50791280637495,128.3419203772276,129.62478637695312,14056789,0.0,0.0,IOC
2024-12-06,130.7496065308213,133.43617815875146,130.4242516269948,131.9674072265625,20687458,0.0,0.0,IOC
2024-12-09,131.9674045271846,133.07362819923003,131.36314968720535,132.3113555908203,16119047,0.0,0.0,IOC
2024-12-10,132.09756151426586,134.27284509562259,131.93951536181157,133.43618774414062,13694082,0.0,0.0,IOC
2024-12-11,133.38972564229945,134.27285218377196,132.87843737574562,133.11083984375,9714837,0.0,0.0,IOC
2024-12-12,132.23699799709513,133.11083350473314,130.95413189569297,131.5211944580078,14929334,0.0,0.0,IOC
2024-12-13,134.55171893270244,134.88637900663696,130.96342476735083,134.0869140625,36825429,0.0,0.0,IOC
2024-12-16,134.16129758536965,134.74694213314484,132.19051509852775,133.08294677734375,12428446,0.0,0.0,IOC
2024-12-17,132.93420332639843,133.1201224521487,130.1453738859845,130.44285583496094,11896291,0.0,0.0,IOC
2024-12-18,129.35518026601724,130.78678710523687,126.73368836538691,127.08694458007812,12013629,0.0,0.0,IOC
2024-12-19,124.56771178045878,130.4242562906631,124.14008503605517,129.7921142578125,18879012,0.0,0.0,IOC
2024-12-20,129.84788507967664,131.67921745027917,126.98469948794488,127.430908203125,19545043,0.0,0.0,IOC
2024-12-23,128.36050500078014,129.9594347687674,127.60752343725362,128.0816192626953,12517478,0.0,0.0,IOC
2024-12-24,128.202495045216,129.64339311849804,127.73769013026828,128.5371551513672,7802858,0.0,0.0,IOC
2024-12-26,128.56503481896587,129.79211234686161,127.45879691630442,128.14671325683594,8620779,0.0,0.0,IOC
2024-12-27,128.33264044322365,129.02054264228363,126.51990410354877,126.65933990478516,6146307,0.0,0.0,IOC
2024-12-30,126.6593327286571,127.1985081040904,124.66067737233126,125.13477325439453,29229520,0.0,0.0,IOC
2024-12-31,125.05110549048585,127.5796451037873,124.77221973311666,126.80806732177734,8243910,0.0,0.0,IOC
2025-01-01,126.24100788390214,127.6911968357996,126.14804123428033,127.39371490478516,4144374,0.0,0.0,IOC
2025-01-02,126.80807959585609,128.4813801173155,126.10156705083976,128.2489776611328,10625223,0.0,0.0,IOC
2025-01-03,128.02587110280976,129.98734847554672,127.47740468953354,128.4163055419922,14567050,0.0,0.0,IOC
2025-01-06,128.41630842032237,128.73237237559422,122.75498764820283,123.52656555175781,19711596,0.0,0.0,IOC
2025-01-07,124.09360482267812,126.68720966244284,123.82401006436059,124.87447357177734,13658286,0.0,0.0,IOC
2025-01-08,124.70715251168099,125.96213145094754,123.7217683654576,125.12548828125,14259056,0.0,0.0,IOC
2025-01-09,125.16265929584307,125.31140026388725,122.70849006199201,122.8944091796875,9734279,0.0,0.0,IOC
2025-01-10,122.89441488002348,123.63810557002026,120.61687366699344,121.10956573486328,12948066,0.0,0.0,IOC
2025-01-13,119.01793517244161,119.35259524987175,112.63152072826189,113.40309143066406,30291583,0.0,0.0,IOC
2025-01-14,114.34200311646585,118.2463613615476,114.0817135124417,117.71648406982422,17430438,0.0,0.0,IOC
2025-01-15,119.23174836579192,119.79881091367422,117.33535060672972,118.01396179199219,11472116,0.0,0.0,IOC
2025-01-16,118.94357114786483,119.24105309271745,117.64212310093423,118.15340423583984,11843193,0.0,0.0,IOC
2025-01-17,118.06044830836787,119.4455720603748,117.40972426487211,119.05513763427734,24617689,0.0,0.0,IOC
2025-01-20,119.78022878369231,121.94620714200683,117.88381684223597,121.31407928466797,8234561,0.0,0.0,IOC
2025-01-21,122.42960977164884,124.25165124992525,121.45351662916936,121.85325622558594,20272605,0.0,0.0,IOC
2025-01-22,122.89440973652235,123.26626215831763,119.39908207996362,121.33267211914062,9202153,0.0,0.0,IOC
2025-01-23,121.22111626020656,121.49071105457699,119.77092719374043,120.69124603271484,7058477,0.0,0.0,IOC
2025-01-24,121.76958771983018,123.4056957929592,118.89708986984277,119.23174285888672,12630632,0.0,0.0,IOC
2025-01-27,118.96216163408907,118.96216163408907,113.87719513296602,115.42964172363281,18934026,0.0,0.0,IOC
2025-01-28,115.42964475027728,116.99138946531664,113.26365225940035,113.95156860351562,19861475,0.0,0.0,IOC
2025-01-29,114.51863672825512,115.63416568245029,114.24904902764659,114.93695831298828,12017314,0.0,0.0,IOC
2025-01-30,115.64346481541426,119.45486371790254,115.14147465376554,118.17200469970703,17776744,0.0,0.0,IOC
2025-01-31,118.17199633382955,119.78022435409339,117.2702737235394,119.44556427001953,9686000,0.0,0.0,IOC
2025-02-01,119.78022853956449,120.61687168662422,115.8386778766007,116.59165954589844,10535114,0.0,0.0,IOC
2025-02-03,115.37387475390366,115.45753623295482,111.64613740837865,112.44560241699219,26047332,0.0,0.0,IOC
2025-02-04,114.06312630842821,115.90375694094807,113.87720717447523,115.6992416381836,14405748,0.0,0.0,IOC
2025-02-05,116.65673547492483,119.43626687824042,116.62884831482778,117.53057098388672,11469878,0.0,0.0,IOC
2025-02-06,119.03653550830427,119.19456746919244,116.4986976809669,117.14942169189453,9804040,0.0,0.0,IOC
2025-02-07,117.15871367966373,117.82803382314074,115.67133952324785,116.30347442626953,8892600,0.0,0.0,IOC
2025-02-10,116.2012202324011,117.70719059986247,114.21185590941116,114.50933074951172,12773729,0.0,0.0,IOC
2025-02-11,114.50933102614523,115.02991022448893,111.55317169259702,111.9900894165039,14532810,0.0,0.0,IOC
2025-02-12,112.19460211787947,112.6686979801655,109.02462949088732,111.943603515625,14799271,0.0,0.0,IOC
2025-02-13,112.48278754487384,113.41239735929429,111.50669440278837,111.62754821777344,10136689,0.0,0.0,IOC
2025-02-14,112.01797391000841,112.70588313322166,107.83473007104544,108.99674224853516,12351973,0.0,0.0,IOC
2025-02-17,108.99675283749717,110.4376509145105,106.34736623390637,110.1122817993164,12518983,0.0,0.0,IOC
2025-02-18,110.11227744931605,110.85596812272273,108.1229130541671,110.62356567382812,8678689,0.0,0.0,IOC
2025-02-19,109.7962045487653,111.71119830157622,109.60098735873345,111.43231964111328,9158990,0.0,0.0,IOC
2025-02-20,111.40442890664698,114.2955157931875,110.60497104754364,114.14678192138672,9940851,0.0,0.0,IOC
2025-02-21,113.41239527268058,115.00202717500956,112.324753511986,112.78955841064453,9657933,0.0,0.0,IOC
2025-02-24,111.78557758869503,112.7709616995475,110.99541068325524,111.7576904296875,8764985,0.0,0.0,IOC
2025-02-25,111.75768959480568,112.21319640403239,110.06580006817525,110.29820251464844,7607411,0.0,0.0,IOC
2025-02-27,109.93565196349414,110.62356119853189,107.9183933985041,108.22516632080078,10709253,0.0,0.0,IOC
2025-02-28,107.83473396040607,108.02995116218226,104.97153414963584,105.50141143798828,24161878,0.0,0.0,IOC
2025-03-03,106.62623855135021,107.2304863246817,102.92639561177776,106.49609375,18881646,0.0,0.0,IOC
2025-03-04,105.13887282830783,110.11228411735364,104.03264192738456,109.73114776611328,14145658,0.0,0.0,IOC
2025-03-05,109.73114186401217,113.95157121559262,109.4615541703862,113.6447982788086,19577861,0.0,0.0,IOC
2025-03-06,115.82937209084356,117.94888116153346,115.22512434186561,116.98208618164062,19384187,0.0,0.0,IOC
2025-03-07,116.89843091694276,117.40971913761885,114.99272801336079,116.05248260498047,14763396,0.0,0.0,IOC
2025-03-10,115.27161297916979,116.61025333493464,112.57574319263661,113.03125,12727300,0.0,0.0,IOC
2025-03-11,112.65940890045368,116.4336222503511,111.86923493185303,116.03388977050781,18090217,0.0,0.0,IOC
2025-03-12,116.20122224982069,118.80413246516058,115.43894251555625,116.47080993652344,14079943,0.0,0.0,IOC
2025-03-13,116.20122168664078,117.56774918845323,115.57838484056671,116.82405853271484,10882226,0.0,0.0,IOC
2025-03-17,116.6009631912271,117.13084051940618,114.48145387851072,115.3738784790039,13126112,0.0,0.0,IOC
2025-03-18,115.3738784790039,115.3738784790039,115.3738784790039,115.3738784790039,0,0.0,0.0,IOC
2025-03-19,116.48940209480487,118.8970951715775,116.48940209480487,118.75765228271484,11273526,0.0,0.0,IOC
2025-03-20,119.36189518307695,121.77888638833657,118.45088153143547,120.1148910522461,13947925,0.0,0.0,IOC
2025-03-21,120.16136098506111,124.05642842499883,119.68726508036826,122.25298309326172,42928510,0.0,0.0,IOC
2025-03-24,123.63809609532754,124.8744787584471,122.1228276717409,124.26093292236328,13965745,0.0,0.0,IOC
2025-03-25,124.56771255110233,124.78151883226701,121.26759494134933,121.80677032470703,12380949,0.0,0.0,IOC
2025-03-26,121.68591789481297,123.91698993937207,119.8266982833737,120.00332641601562,16379725,0.0,0.0,IOC
2025-03-27,119.96615047438931,121.73240346389639,119.47345840306195,121.1839370727539,13141045,0.0,0.0,IOC
2025-03-28,120.84927948522078,122.02988795652891,118.52525487973577,118.71117401123047,15396398,0.0,0.0,IOC
2025-04-01,118.99005795293424,122.24369235008479,118.29285058211626,122.00199890136719,12740476,0.0,0.0,IOC
2025-04-02,121.61155504647316,122.24368287166905,118.99004872679573,122.06705474853516,8531198,0.0,0.0,IOC
2025-04-03,120.94223831442446,123.8240201278484,120.73772302760295,121.83465576171875,9909642,0.0,0.0,IOC
2025-04-04,123.55443894931499,124.8001126470083,119.80811268023821,120.97941589355469,21497796,0.0,0.0,IOC
2025-04-07,113.8307092412893,120.48671834982885,113.73774968623874,119.0737075805664,24739154,0.0,0.0,IOC
2025-04-08,120.36586976057173,122.4482007642003,119.17597038270381,121.76028442382812,12634136,0.0,0.0,IOC
2025-04-09,122.7084884871609,123.17329336779409,119.71514392110565,122.35523223876953,14769184,0.0,0.0,IOC
2025-04-11,123.17329767509209,123.26626432835741,121.83465730250197,122.55046081542969,10020795,0.0,0.0,IOC
2025-04-15,124.0099344623218,124.0099344623218,122.70848649160152,123.51724243164062,10142685,0.0,0.0,IOC
2025-04-16,123.62880680586485,124.7071433446095,122.99666479445807,124.40967559814453,9200167,0.0,0.0,IOC
2025-04-17,124.10290510635421,125.31140065219894,123.54513356681989,124.84659576416016,10404917,0.0,0.0,IOC
2025-04-21,125.65534879448155,129.86647984694835,124.85588383834443,128.91827392578125,20249817,0.0,0.0,IOC
2025-04-22,129.3551943672848,129.61548396920526,127.54245814508182,128.57432556152344,12648948,0.0,0.0,IOC
2025-04-23,129.16928050431525,129.38308678929383,126.21312811164798,127.96078491210938,12689457,0.0,0.0,IOC
2025-04-24,127.96079573284419,129.5225477246879,127.64473177445815,128.64871215820312,8177419,0.0,0.0,IOC
2025-04-25,128.65798797147502,129.6805644041049,123.47077787786402,125.17195129394531,14663542,0.0,0.0,IOC
2025-04-28,124.39108465724391,127.6819112818085,124.24234368540283,126.8824462890625,10943944,0.0,0.0,IOC
2025-04-29,127.63543063144999,128.51855712010524,125.99001728466446,126.22241973876953,15222917,0.0,0.0,IOC
2025-04-30,126.89173598111212,130.05240358440946,126.84525265479782,128.156005859375,39902398,0.0,0.0,IOC
2025-05-02,129.9501461417166,133.94747107070484,128.38840850511824,132.9156036376953,45858781,0.0,0.0,IOC
2025-05-05,134.79342037635882,139.19977591447133,134.56101792743405,138.1028289794922,47549493,0.0,0.0,IOC
2025-05-06,138.79073530434857,139.25554016860647,133.5198498458304,133.93817138671875,18018626,0.0,0.0,IOC
2025-05-07,130.1453677078668,134.9235613548954,130.1453677078668,134.31932067871094,19316740,0.0,0.0,IOC
2025-05-08,134.36580812878054,136.08559211029745,129.6805804941406,131.06570434570312,12047287,0.0,0.0,IOC
2025-05-09,128.28614931682068,130.93554285703414,127.9236020709228,130.13607788085938,15348575,0.0,0.0,IOC
2025-05-12,133.86380649691017,134.28212805526917,131.73500637097888,132.3299560546875,13526883,0.0,0.0,IOC
2025-05-13,132.32996128027864,132.91560581122002,131.07498237092437,131.71641540527344,9484801,0.0,0.0,IOC
2025-05-14,131.99530568241306,133.78015486485648,131.95811334554028,133.37112426757812,9987794,0.0,0.0,IOC
2025-05-15,133.8638015220905,135.7230209876751,133.46407614565487,134.7934112548828,10181275,0.0,0.0,IOC
2025-05-16,134.7934011431439,136.51318469368493,134.2635168265374,134.53311157226562,14529013,0.0,0.0,IOC
2025-05-19,134.7934258021489,135.55571267397164,133.9567826262306,134.5052490234375,6802870,0.0,0.0,IOC
2025-05-20,134.79342145341474,135.5464031243924,131.43752949673748,131.9302215576172,11330045,0.0,0.0,IOC
2025-05-21,131.6327575755968,133.51986439534224,130.65666441734768,133.2967529296875,8705960,0.0,0.0,IOC
2025-05-22,132.5530722933846,134.04974480041386,131.8837520303205,133.20379638671875,7157328,0.0,0.0,IOC
2025-05-23,133.19447649265555,135.19313167093867,132.93418691180153,133.91957092285156,9699995,0.0,0.0,IOC
2025-05-26,133.919582134088,134.5331279909155,132.84123138900685,133.47337341308594,5996548,0.0,0.0,IOC
2025-05-27,133.47338536754862,133.9753684505458,132.4694050168335,133.3153533935547,4970656,0.0,0.0,IOC
2025-05-28,133.29674673594823,134.2821308402095,132.66461888971256,134.0497283935547,6390053,0.0,0.0,IOC
2025-05-29,134.09621866599105,134.63539407232577,132.5809500962007,133.58493041992188,7054326,0.0,0.0,IOC
2025-05-30,133.5849207551838,134.23564475550148,131.27020151228797,131.97669982910156,28315951,0.0,0.0,IOC
2025-06-02,131.97670707861744,133.39900896626764,131.50261117764074,133.28746032714844,7051525,0.0,0.0,IOC
2025-06-03,133.77083653579373,133.86380318411474,130.7031357272663,131.11215209960938,7002799,0.0,0.0,IOC
2025-06-04,131.07497665948688,131.44681489101615,129.30872378264394,130.76820373535156,11904779,0.0,0.0,IOC
2025-06-05,130.75891750110156,131.68852729846236,129.24364899229315,129.43887329101562,9478214,0.0,0.0,IOC
2025-06-06,129.43887527108993,131.14935392006686,129.43887527108993,130.87046813964844,5702365,0.0,0.0,IOC
2025-06-09,131.07498780957815,133.38972142420414,130.91695583849904,133.231689453125,9972191,0.0,0.0,IOC
2025-06-10,133.07363080057343,133.30603323940412,132.00458525583986,132.18121337890625,7906157,0.0,0.0,IOC
2025-06-11,132.37641932256457,136.83854884478197,132.18120922352634,134.93284606933594,28652440,0.0,0.0,IOC
2025-06-12,134.49592471961614,134.57960037308436,131.53977267937347,132.92489624023438,30425949,0.0,0.0,IOC
2025-06-13,129.2157672635578,133.11083474774836,127.3658385825658,130.46144104003906,23705826,0.0,0.0,IOC
2025-06-16,130.14535918768385,132.19049770940376,129.12278283446466,131.86514282226562,15176810,0.0,0.0,IOC
2025-06-17,131.3538806890822,133.37113245428392,131.26091402591405,131.70712280273438,9983651,0.0,0.0,IOC
2025-06-18,131.09358820495746,132.08826339257837,129.68057722689238,130.9076690673828,9045315,0.0,0.0,IOC
2025-06-19,130.85187776999638,131.251617382744,128.59293263642098,128.90899658203125,5943647,0.0,0.0,IOC
2025-06-20,128.5557360149286,129.36450620550107,127.3565455860883,128.89039611816406,33690253,0.0,0.0,IOC
2025-06-23,127.35654028109892,130.30340159127624,126.79876873736684,130.0709991455078,14001242,0.0,0.0,IOC
2025-06-24,134.23565045512677,135.0723077922476,132.15333356569525,132.78546142578125,25393037,0.0,0.0,IOC
2025-06-25,133.22237513969844,133.86380815667096,131.69781566974737,131.98599243164062,15297425,0.0,0.0,IOC
2025-06-26,132.09755993866116,136.60615901533197,132.0138842752069,135.9833221435547,24194161,0.0,0.0,IOC
2025-06-27,135.98332695198664,137.86114281005828,135.72303733024052,136.85716247558594,19189378,0.0,0.0,IOC
2025-06-30,136.89435014064517,138.9766814440321,136.11348122114566,136.615478515625,10645295,0.0,0.0,IOC
2025-07-01,136.1971324000378,137.7681752974413,135.8996646276241,136.7827911376953,9899904,0.0,0.0,IOC
2025-07-02,137.58224240542305,138.4653688271627,136.67122882608143,137.4985809326172,7881728,0.0,0.0,IOC
2025-07-03,137.57295808420747,138.27945641890747,137.11744418009314,137.46139526367188,8006482,0.0,0.0,IOC
2025-07-04,139.16256929057562,141.2913834475918,137.45209084644685,140.94741821289062,22612766,0.0,0.0,IOC
2025-07-07,141.31926943793044,143.9965357069562,141.12404516121236,142.927490234375,24354631,0.0,0.0,IOC
2025-07-08,143.90359784794907,144.0616298095545,142.07226543299268,142.99258422851562,13876094,0.0,0.0,IOC
2025-07-09,142.65794321643605,142.9089276794648,139.52514817002856,139.67388916015625,12440150,0.0,0.0,IOC
2025-07-10,140.13866731162338,141.90492013121568,139.44146001156554,141.60745239257812,14545796,0.0,0.0,IOC
2025-07-11,144.0895394691663,144.0895394691663,139.68318328470613,140.0457305908203,12767735,0.0,0.0,IOC
2025-07-14,140.04571313805315,140.92885381122812,139.0882161621351,139.53443908691406,8021902,0.0,0.0,IOC
2025-07-15,139.95274491905292,141.20770951888835,139.94343974371702,140.74290466308594,4853043,0.0,0.0,IOC
2025-07-16,140.55700649646937,141.9328251028789,140.02713625797352,141.33787536621094,7218210,0.0,0.0,IOC
2025-07-17,141.6446163761246,141.73758301405647,140.01779950533862,140.33387756347656,6727858,0.0,0.0,IOC
2025-07-18,139.91555971376545,140.93813612250324,138.14001585454866,139.4972381591797,9017783,0.0,0.0,IOC
2025-07-21,138.995274323069,140.55701212509211,138.57695271072146,140.43617248535156,5030900,0.0,0.0,IOC
2025-07-22,140.6499613968507,141.7097159699662,140.04570653397715,141.28208923339844,11381024,0.0,0.0,IOC
2025-07-23,141.30997475710842,141.8584552968499,140.11078440589722,141.6260528564453,7597121,0.0,0.0,IOC
2025-07-24,141.31928270182536,141.99789386938147,140.1014961598002,140.57559204101562,5879844,0.0,0.0,IOC
2025-07-25,140.37109630801905,141.05901274741902,136.26222221097075,136.615478515625,11646131,0.0,0.0,IOC
2025-07-28,136.61546041258458,138.17719804463633,136.3737527899673,137.1732177734375,6023438,0.0,0.0,IOC
2025-07-29,136.18783363773898,137.7681674368644,136.18783363773898,137.52647399902344,4240012,0.0,0.0,IOC
2025-07-30,137.1174488622199,139.61810155509292,135.9554365837265,138.54904174804688,9331773,0.0,0.0,IOC
2025-07-31,136.23431067238778,136.83855133144482,134.16128491723745,135.36976623535156,11960546,0.0,0.0,IOC
2025-08-01,135.10018418551337,135.99260158566136,130.7589084350048,131.1028594970703,8981850,0.0,0.0,IOC
2025-08-04,131.7443032429296,132.84123600868978,129.8850836252588,132.35784912109375,8163596,0.0,0.0,IOC
2025-08-05,132.48798569962713,132.9341944084376,129.58759363056132,131.3259735107422,11034758,0.0,0.0,IOC
2025-08-06,132.46008471668333,133.19447010213258,131.73499032127654,132.2555694580078,7574568,0.0,0.0,IOC
2025-08-07,131.0842690864153,132.93419764262637,130.1453683214524,131.69781494140625,8365458,0.0,0.0,IOC
2025-08-08,132.9514524439877,134.86038650072166,132.30563460680665,132.87547302246094,9551412,3.0,0.0,IOC
2025-08-11,134.480498135087,135.76261277810414,132.34362590513282,134.300048828125,11260944,0.0,0.0,IOC
2025-08-12,134.01514281533048,136.61738380387055,133.7777125442022,135.4777069091797,12858483,0.0,0.0,IOC
2025-08-13,135.47770811031975,136.18999893001984,134.57547597035173,135.26876831054688,4990372,0.0,0.0,IOC
2025-08-14,135.81012189172827,135.96208075084851,132.82799811656668,133.0844268798828,11453732,0.0,0.0,IOC
2025-08-18,134.86038669954704,135.43022511604144,132.24865385853468,133.25535583496094,11766741,0.0,0.0,IOC
2025-08-19,133.34082166793806,134.98384942035827,131.82127677355354,134.869873046875,8913748,0.0,0.0,IOC
2025-08-20,134.86988572756516,135.52519559323608,134.11012045473467,134.32855224609375,5531826,0.0,0.0,IOC
2025-08-21,134.52798555815397,135.7151369114437,134.17659339489018,134.32855224609375,8746473,0.0,0.0,IOC
2025-08-22,134.2905447114823,134.67044180957254,132.4385916445191,132.9134521484375,5874783,0.0,0.0,IOC
2025-08-25,132.91346714704216,133.3123482763542,132.19168431661,132.9229736328125,8282860,0.0,0.0,IOC
2025-08-26,132.48609436401017,133.35983604304676,131.58386221110453,131.97325134277344,10846493,0.0,0.0,IOC
2025-08-28,132.01120792112806,132.89444142103946,131.15646488949824,131.52685546875,8420916,0.0,0.0,IOC
2025-08-29,131.52687322475774,132.4765942732651,129.59894065561525,129.75088500976562,10577763,0.0,0.0,IOC
2025-09-01,130.11177686393174,132.71401761818365,129.88383860719685,132.54306030273438,6229505,0.0,0.0,IOC
2025-09-02,132.5430861862588,133.5877852858161,132.106222556695,132.60006713867188,3714758,0.0,0.0,IOC
2025-09-03,132.58106415419903,134.2905504480564,132.49557824623164,133.4263153076172,4902101,0.0,0.0,IOC
2025-09-04,134.08162518397495,134.57548424029528,132.343648229707,132.65704345703125,4768126,0.0,0.0,IOC
2025-09-05,132.438598725658,133.62575004892778,131.50787614586062,132.6285400390625,4533550,0.0,0.0,IOC
2025-09-08,132.9609459453313,134.75591813592953,132.9609459453313,133.81568908691406,5069174,0.0,0.0,IOC
2025-09-09,134.04362477820436,134.9553633377527,133.43580390236974,133.8536834716797,3636766,0.0,0.0,IOC
2025-09-10,134.15760203537258,134.58498813851332,133.73023042382627,134.04364013671875,4302236,0.0,0.0,IOC
2025-09-11,133.9581722930434,138.0799586425906,133.78721494889902,136.693359375,15031791,0.0,0.0,IOC
2025-09-12,137.69054665934388,137.89948643887914,135.25926321557975,135.43971252441406,9001678,0.0,0.0,IOC
2025-09-15,135.56318441135727,136.94027700016116,135.15479683472032,136.75033569335938,8158591,0.0,0.0,IOC
2025-09-16,136.80733331110295,137.84252587720172,136.58890150623682,137.69056701660156,6389632,0.0,0.0,IOC
2025-09-17,137.74753726609327,139.836935208053,137.63357537529308,138.602294921875,9549049,0.0,0.0,IOC
2025-09-18,138.70676510343208,139.86542596758832,138.1939076105926,139.75144958496094,8002633,0.0,0.0,IOC
2025-09-19,139.5994958344107,142.41066189578137,139.3525590983279,141.0335693359375,14995288,0.0,0.0,IOC
2025-09-22,141.03356923235535,141.60340763195134,139.85590996926675,140.8436279296875,9720233,0.0,0.0,IOC
2025-09-23,140.64418476095443,141.6413947471985,140.1313417777508,140.78665161132812,7296186,0.0,0.0,IOC
2025-09-24,140.58720728287778,141.4039679737372,139.14362721474626,139.39056396484375,6288775,0.0,0.0,IOC
2025-09-25,138.6782685316331,140.68218047987725,138.41234780318683,138.8682098388672,8605676,0.0,0.0,IOC
2025-09-26,138.67826509425677,138.86820639678285,136.5698833055548,137.74752807617188,11925305,0.0,0.0,IOC
2025-09-29,137.74752843041722,142.41066205112546,137.74752843041722,141.80284118652344,16918652,0.0,0.0,IOC
2025-09-30,142.4961430361708,143.6453119077338,141.508439499189,142.2587127685547,13201863,0.0,0.0,IOC
2025-10-01,142.8380348443381,144.33859578687137,141.51792321329066,142.17323303222656,7658596,0.0,0.0,IOC
2025-10-03,142.45816160558297,143.25592383259178,141.16654036069528,142.82855224609375,5989839,0.0,0.0,IOC
2025-10-06,143.38888559639392,147.4821811609613,142.95202201185293,147.0548095703125,18473741,0.0,0.0,IOC
2025-10-07,146.9788195725449,147.91904859761868,146.06709551028484,146.60842895507812,11389659,0.0,0.0,IOC
2025-10-08,146.2570517123586,148.42241469526596,145.66822925835922,145.8486785888672,9953844,0.0,0.0,IOC
2025-10-09,146.27604573021003,149.29615182786634,145.62073586218438,147.44419860839844,13999206,0.0,0.0,IOC
2025-10-10,147.69111490051844,149.09671248496315,145.97212212295665,146.36151123046875,7992863,0.0,0.0,IOC
2025-10-13,145.98163349535503,147.8715691687991,144.47156596545153,147.4536895751953,11375913,0.0,0.0,IOC
2025-10-14,147.90955159726204,148.89725504653936,144.9274282804694,145.12686157226562,5976061,0.0,0.0,IOC
2025-10-15,145.53525964926004,147.15927453761708,145.14587053882374,145.96263122558594,19147599,0.0,0.0,IOC
2025-10-16,146.16205053845172,146.73188891339288,144.45256439681188,145.94361877441406,7119984,0.0,0.0,IOC
2025-10-17,146.01960972886238,146.82687840855345,144.38608838264943,145.2218475341797,7126668,0.0,0.0,IOC
2025-10-20,145.592244015145,146.5894540444009,145.03191205764847,146.11459350585938,5564426,0.0,0.0,IOC
2025-10-21,146.16206214986823,147.20676108972282,145.97212084032913,146.38050842285156,1188949,0.0,0.0,IOC
2025-10-23,146.2570351842561,146.2570351842561,142.2777018433803,142.57211303710938,13612250,0.0,0.0,IOC
2025-10-24,142.4581628892275,143.68329671377361,141.65089416955107,142.80955505371094,8519673,0.0,0.0,IOC
2025-10-27,143.69280672740976,147.55816410641665,143.53135587782904,147.39671325683594,16809115,0.0,0.0,IOC
2025-10-28,148.53636598297774,149.5620664529279,145.73469179210284,146.7509002685547,22709449,0.0,0.0,IOC
2025-10-29,147.20675973071778,155.497820269518,147.20675973071778,154.88999938964844,58449093,0.0,0.0,IOC
2025-10-30,154.8899983035008,158.69838888380258,153.99725822241663,155.28887939453125,33405636,0.0,0.0,IOC
2025-10-31,155.28888309880378,158.51794335191292,154.89000199825836,157.5587158203125,25385134,0.0,0.0,IOC
2025-11-03,158.6034148466666,160.2179377282242,157.5587158983447,159.2967071533203,19190570,0.0,0.0,IOC
2025-11-04,159.55314404080502,161.59503859945158,158.7268913250466,160.74029541015625,23469790,0.0,0.0,IOC
2025-11-06,161.4715895652311,161.48108155949745,158.93583590306227,159.904541015625,19729771,0.0,0.0,IOC
2025-11-07,158.80286253181865,161.02520630223,157.74867159073742,160.65481567382812,12104934,0.0,0.0,IOC
2025-11-10,160.6358149809502,162.7726873057189,160.02799409934636,160.8732452392578,12402893,0.0,0.0,IOC
2025-11-11,160.40789183002067,164.76712279689676,158.90734520873306,163.76991271972656,20113006,0.0,0.0,IOC
2025-11-12,164.01683027334934,165.72633114334732,162.88665985119528,163.63694763183594,16003745,0.0,0.0,IOC
2025-11-13,164.00732669149383,165.6788304842847,162.8296673994592,163.77938842773438,11618468,0.0,0.0,IOC
2025-11-14,163.73191346944358,165.45092085045457,161.83247125057952,162.63973999023438,11051895,0.0,0.0,IOC
2025-11-17,162.55426522827284,165.63135228498572,162.55426522827284,164.41571044921875,13233156,0.0,0.0,IOC
2025-11-18,164.77660190610817,165.25146243033325,161.26263692516108,162.96263122558594,17543851,0.0,0.0,IOC
2025-11-19,162.88665387691947,163.57045419983857,160.36040686948348,160.81626892089844,10315121,0.0,0.0,IOC
2025-11-20,161.54757485984504,162.11739885999646,159.68611501285616,160.21795654296875,9529662,0.0,0.0,IOC
2025-11-21,159.55313441137181,160.13246482431492,157.84363364435995,158.93582153320312,9261908,0.0,0.0,IOC
2025-11-24,158.60341570691043,159.37268744048663,156.75146255356154,157.35928344726562,16397744,0.0,0.0,IOC
2025-11-25,156.60899107834197,157.08385159039466,154.88999834336605,155.8682098388672,9625540,0.0,0.0,IOC
2025-11-26,155.86822157426585,157.65370187132342,155.34588656495524,157.26431274414062,5855993,0.0,0.0,IOC
2025-11-27,157.26429368994337,157.65368276994764,154.3771482853967,155.57379150390625,4631417,0.0,0.0,IOC
2025-11-28,155.27941319083874,155.46935452883875,153.37997082764804,153.61740112304688,5937318,0.0,0.0,IOC
2025-12-01,153.88329144145675,156.17212251413056,153.88329144145675,154.77603149414062,10208196,0.0,0.0,IOC
2025-12-02,155.28889105859952,156.81794260152958,153.59838866847733,154.17771911621094,13247668,0.0,0.0,IOC
2025-12-03,154.04476330729887,156.28610573804315,152.9051008576107,155.85873413085938,11250522,0.0,0.0,IOC
2025-12-04,155.75424311256808,156.4190449104618,153.86429311636306,154.5765838623047,6382061,0.0,0.0,IOC
2025-12-05,154.5291337779572,155.6023088168194,153.759847478072,155.43136596679688,6124074,0.0,0.0,IOC
2025-12-08,155.43136120517053,156.15314403581158,152.9050995605356,153.94979858398438,8744916,0.0,0.0,IOC
2025-12-09,154.04475413346904,155.11794357624083,152.26878037589952,154.81402587890625,10272407,0.0,0.0,IOC
2025-12-10,155.04196028784997,158.1190616845027,154.28218055504266,154.8710174560547,12155035,0.0,0.0,IOC
2025-12-11,155.06098137671844,155.7542737816364,152.4302496460527,153.61740112304688,8829634,0.0,0.0,IOC
2025-12-12,154.1872174312053,156.60899450234814,153.91179021290102,155.4408416748047,13492656,0.0,0.0,IOC
2025-12-15,156.86542345614342,160.50285680194798,154.28218105124617,160.0754852294922,33661881,0.0,0.0,IOC
2025-12-16,160.98720919538619,161.17716499774846,157.6631855363498,159.30621337890625,26675256,0.0,0.0,IOC
2025-12-17,160.16095542482753,160.88273819743787,158.84084376038402,159.70509338378906,17416464,0.0,0.0,IOC
2025-12-18,158.5696574333462,160.33154550307594,157.86490220545434,158.324951171875,10014354,5.0,0.0,IOC
2025-12-19,157.78658793487872,159.45058745746536,157.01332275206124,159.15695190429688,14335462,0.0,0.0,IOC
2025-12-22,159.15695166935788,160.91882472850511,158.6871049136133,160.1945037841797,9224512,0.0,0.0,IOC
2025-12-23,160.18471803155646,161.99555040003037,159.21569076322876,159.81277465820312,8439146,0.0,0.0,IOC
2025-12-24,159.84213481713041,159.94980617084255,157.59083419858504,157.75723266601562,7879339,0.0,0.0,IOC
2025-12-26,157.6887332513631,158.51094276991918,156.2302784415995,156.90567016601562,7762050,0.0,0.0,IOC
2025-12-29,156.18132448817042,159.35272306559574,156.15196093116802,158.55007934570312,8219066,0.0,0.0,IOC
2025-12-30,158.56964550350696,159.44079913137665,157.57123984982675,158.1487579345703,8132881,0.0,0.0,IOC
2025-12-31,158.14875767272048,163.786784126664,158.01170783857683,162.93521118164062,24383706,0.0,0.0,IOC
2026-01-01,163.463787237221,164.63837433801604,161.42782929252306,162.3675079345703,9679405,0.0,0.0,IOC
2026-01-02,163.17013381684595,163.80637906453526,161.4180435386426,163.2582244873047,9638213,0.0,0.0,IOC
2026-01-05,163.26802010738606,165.21587238349557,160.1357829579235,161.5159149169922,9692902,0.0,0.0,IOC
2026-01-06,161.21248780176464,161.39846695680455,157.88448850170812,160.52731323242188,11514726,0.0,0.0,IOC
2026-01-07,160.62520680224682,161.50614342849153,158.56966809342802,159.22547912597656,10582454,0.0,0.0,IOC
2026-01-08,159.22546921513944,159.25483277180751,152.50094589582508,153.05886840820312,13567688,0.0,0.0,IOC
2026-01-09,151.91364161929602,155.0654594097224,151.82555095118906,154.27261352539062,10896400,0.0,0.0,IOC
2026-01-12,153.67553378036777,155.25144271783589,151.4927580876448,154.8892822265625,6011542,0.0,0.0,IOC
2026-01-13,155.33953797534548,156.0247125475892,152.45200696223478,154.0670623779297,7763679,0.0,0.0,IOC
2026-01-14,153.67554433015587,156.21069781447721,152.78480988355017,155.78981018066406,10309941,0.0,0.0,IOC
2026-01-15,155.78981018066406,155.78981018066406,155.78981018066406,155.78981018066406,0,0.0,0.0,IOC
2026-01-16,156.612011727285,158.71647966059626,156.4651939405648,157.90406799316406,15011308,0.0,0.0,IOC
2026-01-19,157.5908236541017,158.8143548936522,155.9659705834145,157.49293518066406,8651736,0.0,0.0,IOC
2026-01-20,157.4929400884133,157.93342329692493,154.6543534984746,155.0752410888672,10243937,0.0,0.0,IOC
2026-01-21,155.07525984813773,157.0427079394816,153.29380585889442,155.45701599121094,11797545,0.0,0.0,IOC
2026-01-22,156.41624770184467,158.5207156082754,154.71308671921835,155.68212890625,8809678,0.0,0.0,IOC
2026-01-23,155.72127653817086,157.00353498799092,152.31496948232805,152.72607421875,9542103,0.0,0.0,IOC
2026-01-27,153.38188146858323,156.51411862349033,152.34432931124073,155.53529357910156,11148012,0.0,0.0,IOC
2026-01-28,155.63317488305032,160.52729987937263,155.1829088116876,159.4016571044922,15795631,0.0,0.0,IOC
2026-01-29,159.27440569040155,161.16353077715073,158.34452492464527,159.63656616210938,16100725,0.0,0.0,IOC
2026-01-30,159.5484933441901,160.351137105603,157.42444464225835,159.78341674804688,11627532,0.0,0.0,IOC
2026-02-02,157.10141815616987,161.89765485457656,155.68212484220746,161.1243896484375,14590517,0.0,0.0,IOC
2026-02-03,164.93202668457874,165.1180058402829,160.9188378651605,164.03150939941406,14585846,0.0,0.0,IOC
2026-02-04,163.46379106462686,170.0219162219987,162.79819716834314,169.12139892578125,28164545,0.0,0.0,IOC
2026-02-05,170.55047933685591,174.13296761092857,168.7690106054728,172.04808044433594,34830200,0.0,0.0,IOC
2026-02-06,173.24224799560312,177.06944252413322,169.61080055088308,171.49014282226562,34240417,0.0,0.0,IOC
2026-02-09,172.22426499637976,173.53588698213596,171.2943841836626,172.42982482910156,12380924,0.0,0.0,IOC
2026-02-10,173.04647192835662,175.1117933563464,171.49014370221283,174.43641662597656,21506950,0.0,0.0,IOC
2026-02-11,174.2308556939833,177.7546317834164,173.0758493253653,177.47076416015625,25578553,0.0,0.0,IOC
2026-02-12,178.39086663256404,178.39086663256404,171.5880354737679,174.33853149414062,24014261,0.0,0.0,IOC
2026-02-13,173.52611192631366,174.13297870677198,172.31236342971135,173.02691650390625,9835632,0.0,0.0,IOC
2026-02-16,172.17531137631607,172.17531137631607,169.77719311553395,171.44119262695312,6184219,0.0,0.0,IOC
2026-02-17,171.2454291487882,172.42001615058027,168.52429686929096,172.08721923828125,5249228,0.0,0.0,IOC
2026-02-18,172.13617918518275,175.2096893392938,172.13617918518275,174.9552001953125,8191312,0.0,0.0,IOC
2026-02-19,173.94701967561355,174.2210895159795,169.71848796307697,170.60922241210938,13677449,0.0,0.0,IOC
2026-02-20,169.92403639492198,170.74624586078005,168.65156082975017,170.11000061035156,8935995,0.0,0.0,IOC
2026-02-23,171.1867176795591,173.54568970741676,169.99254988685465,172.72348022460938,11422407,0.0,0.0,IOC
2026-02-24,173.24225913950715,177.16734239811018,172.77241233967484,176.37449645996094,22691029,0.0,0.0,IOC
2026-02-25,177.16732905079044,179.9080421005915,176.68769941297776,179.1543426513672,24353791,0.0,0.0,IOC
2026-02-26,179.61440319371602,182.84452896308343,178.56705318307593,182.52151489257812,17206460,0.0,0.0,IOC
2026-02-27,183.14795807337123,184.95879041358242,181.8363360739596,183.50033569335938,24422609,0.0,0.0,IOC
2026-03-02,177.47076438083775,178.53768008246774,173.10521309672322,175.31735229492188,31464579,0.0,0.0,IOC
2026-03-04,171.29438782032804,172.43961136375884,165.62699721785987,166.83094787597656,27718538,0.0,0.0,IOC
2026-03-05,167.37907960695765,171.7054844337559,165.69549936576388,167.9076385498047,32355154,0.0,0.0,IOC
2026-03-06,168.41663347774556,169.278004289731,164.4915504561933,165.1082000732422,20979104,0.0,0.0,IOC
2026-03-09,154.65436486355773,158.71648302968705,152.99036519077052,157.80618286132812,40458725,0.0,0.0,IOC
2026-03-10,160.95799649531793,163.32675136647265,155.75063996689786,156.55328369140625,26772223,0.0,0.0,IOC
2026-03-11,157.10143142692996,159.53871134740965,156.27922191243778,157.2286834716797,22703344,0.0,0.0,IOC
2026-03-12,156.0095349043777,160.8166964408037,152.69904382774317,158.7451629638672,21636039,2.0,0.0,IOC
2026-03-13,157.58550405975714,158.9235692235541,154.4236817733715,155.15713500976562,11958819,0.0,0.0,IOC
2026-03-16,151.65831447630657,153.23428001716835,145.5824767695409,147.64410400390625,35687077,0.0,0.0,IOC
2026-03-17,147.6837441042275,148.47667998327717,144.22456908292017,145.3842315673828,19101788,0.0,0.0,IOC
2026-03-18,145.5031745620071,147.76303187460016,144.67059873610296,146.96018981933594,20318430,0.0,0.0,IOC
2026-03-19,144.60121993677268,145.33468828634503,140.79514578957435,141.46913146972656,20076945,0.0,0.0,IOC
2026-03-20,142.33145052924007,146.8214315163455,142.33145052924007,143.32261657714844,34636614,0.0,0.0,IOC
2026-03-23,140.24008431062367,141.4294804987672,136.53311798564982,136.8899383544922,21048472,0.0,0.0,IOC
2026-03-24,140.32929457824164,141.24116555148422,135.8095797004332,137.4747314453125,30509694,0.0,0.0,IOC
2026-03-25,140.07159186169218,140.43831845636754,137.77207939217638,139.27865600585938,22848464,0.0,0.0,IOC
2026-03-27,141.72683912283344,143.09463798933885,136.13666319835042,136.54302978515625,29985724,0.0,0.0,IOC
2026-03-30,134.18406024959495,137.40534980552812,132.85588629229846,134.20387268066406,28375902,0.0,0.0,IOC
2026-04-01,138.7632466007821,138.7632466007821,133.31183334146567,134.52105712890625,26367709,0.0,0.0,IOC
2026-04-02,133.01448789842323,133.48033717640473,129.06965104614895,132.9451141357422,22834708,0.0,0.0,IOC
2026-04-06,132.94510930916564,133.60918875869075,129.3570778649337,132.86581420898438,25356388,0.0,0.0,IOC
2026-04-07,131.13127038728913,133.6587468193014,130.536564712465,133.2523651123047,20626751,0.0,0.0,IOC
2026-04-08,141.7367497620438,143.0252686937703,139.85354025536256,142.0836639404297,45807508,0.0,0.0,IOC
2026-04-09,141.62771129720826,141.62771129720826,139.25882512600322,140.41848754882812,22052191,0.0,0.0,IOC
2026-04-10,141.00328466435622,142.8270417919433,140.65638560197416,141.69711303710938,13681094,0.0,0.0,IOC
2026-04-13,137.87120515051006,140.15087499187646,136.34480094695846,139.83370971679688,21941388,0.0,0.0,IOC
2026-04-15,143.66951472307886,144.38315548303953,142.82703266200969,143.9371337890625,16020870,0.0,0.0,IOC
2026-04-16,144.71023730437872,145.1364314287037,142.23232228204347,142.91622924804688,13154143,0.0,0.0,IOC
2026-04-17,143.12437194661857,145.0373302926237,142.14312723389523,144.59130859375,11855228,0.0,0.0,IOC
2026-04-20,143.72898605087525,146.56372160981863,143.02526661215506,145.5725555419922,14174808,0.0,0.0,IOC
2026-04-21,145.7608754820863,147.02956680388493,145.701407939501,146.0086669921875,8952350,0.0,0.0,IOC
2026-04-22,145.14635660163867,146.59345054346585,144.80936377945903,146.0582275390625,7680576,0.0,0.0,IOC
2026-04-23,145.10671047139823,146.0483303622259,143.8182066452024,144.19483947753906,11146793,0.0,0.0,IOC
2026-04-24,143.719073752054,144.31377941717705,141.63761904811656,142.2025909423828,8204012,0.0,0.0,IOC
2026-04-27,142.72791145186454,145.30494923600958,142.42065239566134,144.9679412841797,8409968,0.0,0.0,IOC
2026-04-28,144.85891737718273,144.89857249004797,143.03517540923164,144.1056365966797,11294936,0.0,0.0,IOC
2026-04-29,144.81926617032119,145.98883480134677,142.66843774581335,142.91622924804688,12575213,0.0,0.0,IOC
2026-04-30,141.24116921047752,142.13321265063013,139.87335515318205,140.99337768554688,16384926,0.0,0.0,IOC
2026-05-01,140.99337768554688,140.99337768554688,140.99337768554688,140.99337768554688,0,0.0,0.0,IOC
2026-05-04,142.23233201950714,143.14420299527558,140.74558290432066,141.00328063964844,9094894,0.0,0.0,IOC
2026-05-05,140.74557574017848,141.36009383683097,139.25882670066954,140.88433837890625,8418500,0.0,0.0,IOC
2026-05-06,142.23232758758257,147.4359493285917,141.95480230464824,146.90072631835938,16440452,0.0,0.0,IOC
2026-05-07,147.5846149732516,147.98109045737988,143.84792995079982,145.59237670898438,17332587,0.0,0.0,IOC
2026-05-08,144.5120143881619,145.0075974175287,142.916236428641,143.4118194580078,9904272,0.0,0.0,IOC
2026-05-11,141.73674593077203,141.73674593077203,138.80288775205335,139.12997436523438,11542960,0.0,0.0,IOC
2026-05-12,138.15864017220204,138.5253667844756,136.03754535235998,136.4340057373047,13482227,0.0,0.0,IOC
2026-05-13,136.7809187279152,141.34028873511002,136.62232852571844,140.43832397460938,15901973,0.0,0.0,IOC
2026-05-14,141.73675084820312,141.73675084820312,137.8712091473953,139.0209503173828,14516032,0.0,0.0,IOC
2026-05-15,139.2588313591726,139.95264457602096,132.85589196027186,133.29200744628906,30353032,0.0,0.0,IOC
2026-05-18,132.81625551323756,132.81625551323756,129.37690798517673,130.64559936523438,15772188,0.0,0.0,IOC
2026-05-19,132.91537541401814,134.98690886085646,132.16207952499045,133.8074188232422,22333093,0.0,0.0,IOC
2026-05-20,133.48033184900223,137.29632723999686,131.8250863391716,136.820556640625,24216502,0.0,0.0,IOC
2026-05-21,138.36678182498545,139.7544081972044,137.01879543883283,139.28855895996094,26345901,0.0,0.0,IOC
2026-05-22,139.28856389173026,139.3182976633311,136.81064876503757,138.23793029785156,12077225,0.0,0.0,IOC
2026-05-25,142.78737359308977,144.01642489539793,141.88540889036346,142.6783447265625,24525241,0.0,0.0,IOC
2026-05-26,142.43055418354822,142.83693588188993,140.31938084327226,141.12222290039062,9355269,0.0,0.0,IOC
2026-05-27,140.83477855458264,143.57040649580617,140.17069912473312,142.66844177246094,10981894,0.0,0.0,IOC
2026-05-28,142.66844177246094,142.66844177246094,142.66844177246094,142.66844177246094,0,0.0,0.0,IOC
2026-05-29,144.71024002452896,145.70140605209423,138.39651726861607,139.00112915039062,36212028,0.0,0.0,IOC
2026-06-01,139.25883182099463,140.23017032780356,137.3756223513047,137.5738525390625,13055381,0.0,0.0,IOC
2026-06-02,136.7710160220353,138.40643404267956,136.0970152073978,137.6035919189453,9425916,0.0,0.0,IOC
2026-06-03,136.96923917719204,137.10800181954417,135.39328878390842,136.16639709472656,14280727,0.0,0.0,IOC
2026-06-04,136.4736551489001,138.75334007708207,135.59151797385502,137.72251892089844,10664527,0.0,0.0,IOC
2026-06-05,137.77208835618381,138.15864253150397,136.42410185076065,137.0386199951172,10644029,0.0,0.0,IOC
2026-06-08,135.53205888370562,135.7798504103969,134.0552159399875,134.40213012695312,9213602,0.0,0.0,IOC
2026-06-09,135.78975227583842,137.2170338436863,135.14550037668207,136.90977478027344,12417792,0.0,0.0,IOC
2026-06-10,136.90976438444682,138.48571469428296,135.2941589651848,135.67080688476562,10347575,0.0,0.0,IOC
2026-06-11,133.80741894933738,134.4516708428292,132.37023117801365,133.05413818359375,11817601,0.0,0.0,IOC
2026-06-12,135.78974961035632,140.20043553275528,135.52213054063955,139.6949462890625,18813847,0.0,0.0,IOC
2026-06-15,145.70141394868068,147.15842929808701,142.93606723645703,143.21359252929688,23010555,0.0,0.0,IOC
2026-06-16,143.66951953946008,144.16510257693596,142.4602957180994,143.82810974121094,10255674,0.0,0.0,IOC
2026-06-17,145.70140484321232,146.1672540822223,143.66951147876344,144.13536071777344,14039760,0.0,0.0,IOC
2026-06-18,144.51201584088656,145.94920361569908,143.89748259397825,144.81927490234375,10920308,0.0,0.0,IOC
2026-06-19,143.69924368769074,144.45253953355913,141.40965262773403,142.16293334960938,15764700,0.0,0.0,IOC
2026-06-22,144.1452654329377,144.1452654329377,142.27196228084082,143.10455322265625,10482678,0.0,0.0,IOC
2026-06-23,143.7190786236374,144.6606833553383,141.53851631759474,141.90524291992188,14059612,0.0,0.0,IOC
2026-06-24,142.71800767807395,145.50318191130773,141.98453934259132,145.00759887695312,17387166,0.0,0.0,IOC
2026-06-25,146.6925742645129,146.93045955930924,142.11339198863644,142.61888122558594,14235354,0.0,0.0,IOC
2026-06-26,142.61888122558594,142.61888122558594,142.61888122558594,142.61888122558594,0,0.0,0.0,IOC
2026-06-29,142.0340996886515,142.14312856041533,137.67295994209223,137.9504852294922,14942414,0.0,0.0,IOC
2026-06-30,138.27756871780394,138.9912094761211,137.157561377551,138.1487274169922,19013315,0.0,0.0,IOC
2026-07-01,138.46590064786272,139.08043391197168,137.19720925433913,138.59475708007812,10736348,0.0,0.0,IOC
2026-07-02,139.06059571919792,142.49994302070374,139.06059571919792,140.36892700195312,23991977,0.0,0.0,IOC
2026-07-03,141.06275937770337,141.06275937770337,139.76431914913312,140.30946350097656,5661461,0.0,0.0,IOC
2026-07-06,140.34912578284897,142.48012684784504,139.67512497050032,140.42840576171875,8310545,0.0,0.0,IOC
2026-07-07,141.48895261683202,142.8369390400677,140.54734790092326,140.92398071289062,16961635,0.0,0.0,IOC
2026-07-08,138.46589037322258,139.11015736249837,135.39328477665313,136.4141845703125,33976686,0.0,0.0,IOC
2026-07-09,136.41419563436585,137.46482928400553,135.39329575790507,137.0386199951172,14352065,0.0,0.0,IOC
2026-07-10,138.1487250483376,139.30838747972138,137.47472428859714,137.73243713378906,8402022,0.0,0.0,IOC
2026-07-13,135.7897472928596,138.9317418204502,135.41309935850077,138.71368408203125,11620086,0.0,0.0,IOC
2026-07-14,136.77100819589583,137.46482140362036,135.49239552652375,135.8393096923828,14151551,0.0,0.0,IOC
2026-07-15,136.68178915165296,139.25882687292,135.9483359706104,139.00112915039062,21309498,0.0,0.0,IOC
2026-07-16,139.25882914084303,142.12329840219672,138.10907290038438,140.54734802246094,22023161,0.0,0.0,IOC
2026-07-17,140.4482301907489,141.04293588698965,138.9515748580016,140.43832397460938,11266555,0.0,0.0,IOC
2026-07-20,138.95157241643818,141.88541548555597,138.53528448598203,141.15196228027344,13180933,0.0,0.0,IOC
2026-07-21,141.72684432620386,142.71801041391325,140.9735484201884,142.0341033935547,12235450,0.0,0.0,IOC
2026-07-22,141.19160226149125,141.90524303480936,139.82380338262647,140.7753143310547,9024642,0.0,0.0,IOC
2026-07-23,138.96148526114678,141.07267391001952,137.61349874984688,138.6839599609375,9748345,0.0,0.0,IOC
2026-07-24,137.6234130780952,137.66305306582197,135.57169208037877,137.24676513671875,11902268,0.0,0.0,IOC
2026-07-27,139.25882757903125,140.7455766279177,138.67404324956098,140.2698211669922,8260417,0.0,0.0,IOC
2026-07-28,140.74557740282188,141.68718211416882,139.7841451359958,140.0319366455078,5767618,0.0,0.0,IOC
2026-07-29,140.10133535356246,140.51762330385938,138.31723333515097,138.87228393554688,7526333,0.0,0.0,IOC
2026-07-30,138.76324867180716,139.6453858619753,138.1487305530815,138.7037811279297,6997658,0.0,0.0,IOC
2026-07-31,138.9614812089649,139.44715803216587,137.63332229326528,138.93174743652344,9626379,0.0,0.0,IOC
2026-08-03,141.26098858060192,143.91730631439802,141.12222593964233,142.43055725097656,17986947,0.0,0.0,IOC
2026-08-04,142.20259679879345,142.5495109717346,140.34912109375,140.34912109375,7539898,0.0,0.0,IOC
2026-08-05,142.618876407505,143.3226109283407,141.67727172390246,142.7279052734375,8582513,0.0,0.0,IOC
2026-08-06,142.72790860899016,143.47128313299532,141.04292937937717,141.39974975585938,9474034,0.0,0.0,IOC
2026-08-07,140.735667905719,142.13320049254713,140.55725015855367,142.11338806152344,5173696,0.0,0.0,IOC
2026-08-10,141.73674097195476,141.74664718752504,140.24999194078043,140.74557495117188,4186115,0.0,0.0,IOC
2026-08-11,140.24999367850168,140.3491163314054,138.1685389594707,138.76324462890625,13163732,0.0,0.0,IOC
2026-08-12,139.38768970489176,140.7951437138666,138.05951567265313,139.3579559326172,10106894,0.0,0.0,IOC
2026-08-13,139.65529430375926,140.29956132868574,138.57492690878286,140.25,6668159,0.0,0.0,IOC
2026-08-14,140.85000610351562,140.85000610351562,138.82000732421875,139.39999389648438,9237608,1.25,0.0,IOC
2026-08-17,139.1999969482422,139.8000030517578,138.1199951171875,138.61000061035156,8148346,0.0,0.0,IOC
2026-08-18,138.1199951171875,139.1999969482422,137.75,137.8000030517578,8312830,0.0,0.0,IOC
2026-08-19,137.5,138.10000610351562,136.25,136.3000030517578,8404311,0.0,0.0,IOC
2026-08-20,137.0,137.1199951171875,135.27999877929688,135.89999389648438,7026471,0.0,0.0,IOC
2026-08-21,135.5,136.5800018310547,135.27000427246094,135.89999389648438,6642882,0.0,0.0,IOC
2026-08-24,136.0,138.5,135.9499969482422,138.5,9432799,0.0,0.0,IOC
2026-08-25,138.0,139.0,137.0,139.0,7676722,0.0,0.0,IOC
2026-08-26,140.0,141.14999389648438,138.5,139.47999572753906,6514034,0.0,0.0,IOC
2026-08-27,139.3699951171875,139.47999572753906,136.69000244140625,137.57000732421875,6190652,0.0,0.0,IOC
2026-08-28,137.57000732421875,137.57000732421875,136.22999572753906,137.10000610351562,4050844,0.0,0.0,IOC
2026-08-31,136.11000061035156,139.1300048828125,134.32000732421875,139.1300048828125,14038943,0.0,0.0,IOC
2026-09-01,136.33999633789062,137.89999389648438,135.14999389648438,136.52999877929688,9536764,0.0,0.0,IOC
2026-09-02,135.0,137.0,134.35000610351562,137.0,8229119,0.0,0.0,IOC
2026-09-03,136.3000030517578,137.8000030517578,136.25,137.8000030517578,4941277,0.0,0.0,IOC
2026-09-04,137.0,137.75999450683594,136.8699951171875,137.60000610351562,4277697,0.0,0.0,IOC
2026-09-07,137.0,137.5,135.14999389648438,135.14999389648438,5955660,0.0,0.0,IOC
2026-09-08,134.8800048828125,135.64999389648438,133.02000427246094,134.35000610351562,6954986,0.0,0.0,IOC
2026-09-09,133.3000030517578,136.13999938964844,133.05999755859375,135.60000610351562,5297849,0.0,0.0,IOC
2026-09-10,134.30999755859375,136.14999389648438,134.30999755859375,134.94000244140625,6629384,0.0,0.0,IOC
2026-09-11,134.0,136.16000366210938,133.25,135.11000061035156,7203039,0.0,0.0,IOC
2026-09-14,135.11000061035156,135.11000061035156,135.11000061035156,135.11000061035156,0,0.0,0.0,IOC
2026-09-15,135.5,135.69000244140625,132.02999877929688,132.02999877929688,10870933,0.0,0.0,IOC
2026-09-16,132.7899932861328,134.97000122070312,131.6999969482422,134.75,10071835,0.0,0.0,IOC
2026-09-17,134.89999389648438,135.3300018310547,134.0,134.27000427246094,5640680,0.0,0.0,IOC
2026-09-18,135.02000427246094,137.0,134.60000610351562,137.0,11505787,0.0,0.0,IOC
2026-09-21,136.89999389648438,137.7100067138672,136.33999633789062,136.52999877929688,8616145,0.0,0.0,IOC
2026-09-22,137.52999877929688,139.3000030517578,136.8000030517578,137.8000030517578,11156453,0.0,0.0,IOC
2026-09-23,138.5,138.75,137.10000610351562,138.14999389648438,6601919,0.0,0.0,IOC
2026-09-24,136.5,137.5,135.50999450683594,136.27000427246094,7245913,0.0,0.0,IOC
2026-09-25,136.5,137.05999755859375,135.3300018310547,135.6999969482422,7769991,0.0,0.0,IOC
2026-09-28,135.02000427246094,135.5800018310547,133.0399932861328,133.32000732421875,5538248,0.0,0.0,IOC
2026-09-29,133.32000732421875,134.30999755859375,131.02000427246094,131.3300018310547,10116269,0.0,0.0,IOC
2026-09-30,133.3000030517578,135.99000549316406,133.13999938964844,134.92999267578125,9545086,0.0,0.0,IOC
2026-10-01,134.0,134.10000610351562,131.1999969482422,131.33999633789062,12238038,0.0,0.0,IOC
