Date,Open,High,Low,Close,Volume,Dividends,Stock Splits,Symbol
2021-10-04,185.82409450896697,187.67445913294048,185.35165249274198,186.29652404785156,11098123,0.0,0.0,ITC
2021-10-05,186.13904513313076,186.9658061735164,184.64299956328915,184.80047607421875,9578825,0.0,0.0,ITC
2021-10-06,184.8792205172433,186.13904508167212,181.57217635661507,182.083984375,18179336,0.0,0.0,ITC
2021-10-07,183.46192765565672,184.99733930221277,182.91075360420888,183.4225616455078,10770973,0.0,0.0,ITC
2021-10-08,184.83984724783932,184.87921325467937,182.04461121540055,182.4383087158203,10114327,0.0,0.0,ITC
2021-10-11,182.67452125970172,188.57994646411387,182.43831273611644,187.438232421875,22000303,0.0,0.0,ITC
2021-10-12,187.87128668755778,191.33580712872276,187.39885718631047,189.9972381591797,30347455,0.0,0.0,ITC
2021-10-13,190.98146577467355,197.55616192639457,189.09172303613138,196.2176055908203,52091422,0.0,0.0,ITC
2021-10-14,199.40657792601294,206.17813037151106,197.12313729423073,202.0049591064453,88696178,0.0,0.0,ITC
2021-10-18,205.50883531332843,208.89461136276043,202.63486726293698,206.7292938232422,62614961,0.0,0.0,ITC
2021-10-19,205.82376782484528,206.72927323471004,192.94994941321815,193.65859985351562,61336411,0.0,0.0,ITC
2021-10-20,193.6586298649954,195.66647101077237,190.82401518718382,194.17042541503906,49663940,0.0,0.0,ITC
2021-10-21,195.27275843238885,195.5483454293724,191.41455295195846,192.67437744140625,23385990,0.0,0.0,ITC
2021-10-22,192.67439144816584,193.54051850812448,184.01309589389874,186.29652404785156,36905793,0.0,0.0,ITC
2021-10-25,184.328029444551,186.3358703693466,181.4934275560539,183.77685546875,23194065,0.0,0.0,ITC
2021-10-26,184.32807005903112,188.18628873975035,183.14698983770015,186.3752899169922,19663381,0.0,0.0,ITC
2021-10-27,189.17049007114062,189.99723858082325,185.98155661796116,187.75318908691406,26909428,0.0,0.0,ITC
2021-10-28,185.11544728429377,185.78473183439743,176.4935175841915,177.24154663085938,48064941,0.0,0.0,ITC
2021-10-29,177.162815139488,179.72183054423863,175.03686330427942,175.74551391601562,27668175,0.0,0.0,ITC
2021-11-01,176.4935094780662,179.17063507818324,175.19431892448145,178.6194610595703,24090945,0.0,0.0,ITC
2021-11-02,179.5249664445833,180.50920398031298,176.76909635360414,177.63522338867188,14896284,0.0,0.0,ITC
2021-11-03,177.95017360287585,178.6194455869254,174.56438529153962,175.15493774414062,18530527,0.0,0.0,ITC
2021-11-04,177.04467080333487,178.97377973017126,176.37538633195544,178.38323974609375,7295341,0.0,0.0,ITC
2021-11-08,180.86354675653666,181.65094187945968,177.713991219528,180.94229125976562,21051238,0.0,0.0,ITC
2021-11-09,180.98163608059394,181.8083971196507,179.4068584964888,180.11550903320312,11964518,0.0,0.0,ITC
2021-11-10,179.0918870898209,183.34378987361262,178.89503211367898,181.76901245117188,13948380,0.0,0.0,ITC
2021-11-11,181.41469972566526,182.28083925097576,179.95803264292795,181.09974670410156,8448263,0.0,0.0,ITC
2021-11-12,182.04462210226785,184.20993976806014,180.43046599721686,183.3831787109375,12312123,0.0,0.0,ITC
2021-11-15,184.209952175838,188.1862812151661,183.54066758775213,187.47763061523438,40247848,0.0,0.0,ITC
2021-11-16,188.2256082829719,188.69803775939988,185.03667500440153,185.39100646972656,15241184,0.0,0.0,ITC
2021-11-17,185.8241133413462,193.10747454865796,185.548526296399,188.57997131347656,48496295,0.0,0.0,ITC
2021-11-18,188.9736478378866,191.33582046342798,186.06030118380758,187.0051727294922,21005037,0.0,0.0,ITC
2021-11-22,187.3201231162149,189.56418520729864,180.74542582947836,181.8083953857422,23443628,0.0,0.0,ITC
2021-11-23,180.43046424965607,183.22570042218587,180.43046424965607,182.3595733642578,13950744,0.0,0.0,ITC
2021-11-24,183.02886519877396,183.22570772802808,178.69821725911552,179.28875732421875,14684422,0.0,0.0,ITC
2021-11-25,178.73756086726274,182.8319872767649,177.75332338967073,182.1233367919922,24825493,0.0,0.0,ITC
2021-11-26,180.23359921703792,181.1390921706827,175.66673101290144,176.37538146972656,28067913,0.0,0.0,ITC
2021-11-29,174.80061889109334,176.09980942592364,173.38331785721667,174.40692138671875,22985358,0.0,0.0,ITC
2021-11-30,174.80063221697557,177.32028146424997,173.22585455676426,174.13134765625,24408641,0.0,0.0,ITC
2021-12-01,174.80061006225222,175.82421354005405,173.69826209661676,174.7218780517578,13496307,0.0,0.0,ITC
2021-12-02,174.7218843413698,178.06828188664724,174.24944235203955,177.51712036132812,16517389,0.0,0.0,ITC
2021-12-03,177.16278385537166,178.10765532995123,174.28881590342212,174.5250244140625,14325920,0.0,0.0,ITC
2021-12-06,174.52503935329582,174.95810288343574,171.2573736341164,171.57232666015625,13644352,0.0,0.0,ITC
2021-12-07,172.35973570092753,174.76127455487003,171.7298171203481,173.7376708984375,9246755,0.0,0.0,ITC
2021-12-08,174.0132542113658,177.67461767071597,174.0132542113658,177.12344360351562,10241656,0.0,0.0,ITC
2021-12-09,175.58800837054878,186.17839978389517,175.58800837054878,185.3516387939453,39714672,0.0,0.0,ITC
2021-12-10,185.9815612634802,188.1468787997626,184.052452245576,185.90281677246094,36517117,0.0,0.0,ITC
2021-12-13,187.3988663148101,187.98940633947024,184.3674092214562,184.72174072265625,22903720,0.0,0.0,ITC
2021-12-14,185.03670446614183,186.6902266129234,179.1706449324686,179.99740600585938,38953007,0.0,0.0,ITC
2021-12-15,181.09973073838705,182.8319846816125,175.90295643137156,176.41476440429688,35987634,0.0,0.0,ITC
2021-12-16,177.95019449483559,178.06829252188194,173.85575523701598,175.50927734375,25131188,0.0,0.0,ITC
2021-12-17,175.43053100544884,175.46989701125088,170.66682007386325,171.61167907714844,30827201,0.0,0.0,ITC
2021-12-20,170.2731412403354,170.2731412403354,165.19447675119494,167.24168395996094,38778895,0.0,0.0,ITC
2021-12-21,168.50148400265093,169.64319794819397,166.17869010719133,167.32040405273438,20142586,0.0,0.0,ITC
2021-12-22,168.5015203187818,168.65899684755473,166.21809193556197,166.92674255371094,17903428,0.0,0.0,ITC
2021-12-23,168.42277358200553,172.00539237268066,167.87159954077234,171.0998992919922,23065082,0.0,0.0,ITC
2021-12-24,171.6510772705078,173.5801739817325,170.43061865444832,171.6510772705078,17220191,0.0,0.0,ITC
2021-12-27,171.9660375199406,172.00540353191394,169.800719701288,171.2967529296875,8467106,0.0,0.0,ITC
2021-12-28,171.65106941262357,173.69827653843848,171.65106941262357,173.2652130126953,12014352,0.0,0.0,ITC
2021-12-29,173.22582388645873,173.46204486073586,170.31247762061557,170.66680908203125,11923119,0.0,0.0,ITC
2021-12-30,170.54873599747677,171.57233964826378,169.68260887163072,170.0762939453125,10116360,0.0,0.0,ITC
2021-12-31,170.7849366577326,172.28096970494306,170.1943841629497,171.6904296875,7875890,0.0,0.0,ITC
2022-01-03,171.6904356113912,173.1077366930921,170.9030405760728,172.51719665527344,8064567,0.0,0.0,ITC
2022-01-04,172.83214369843446,174.56439774339023,172.4778246789389,173.4226837158203,9398805,0.0,0.0,ITC
2022-01-05,172.9502393151556,174.40690622967438,172.16284437483594,173.6588897705078,11663111,0.0,0.0,ITC
2022-01-06,172.43843323424275,173.54078117176047,171.8085272569977,172.2022247314453,9295303,0.0,0.0,ITC
2022-01-07,173.06838206655362,173.73766664285645,171.25738334809128,171.96603393554688,9196075,0.0,0.0,ITC
2022-01-10,173.14710827087404,176.92658210275536,172.35972568757003,175.82423400878906,16451394,0.0,0.0,ITC
2022-01-11,175.8635937037118,176.57224419163154,174.17070573382918,174.76124572753906,8329596,0.0,0.0,ITC
2022-01-12,175.19433178559703,176.09982489559673,174.48568120640655,175.39117431640625,13665682,0.0,0.0,ITC
2022-01-13,176.296663045805,177.79270855985848,175.39115754505113,176.33602905273438,11944029,0.0,0.0,ITC
2022-01-14,176.33602553755497,177.0053100287112,175.03683503872665,175.27305603027344,10976796,0.0,0.0,ITC
2022-01-17,175.2730618070464,177.63522189101,174.28882427961491,176.84783935546875,12792728,0.0,0.0,ITC
2022-01-18,176.84786374255245,178.97381559768957,173.4620871794813,173.81640625,14948456,0.0,0.0,ITC
2022-01-19,173.81638734957264,175.11557792910602,172.2022437466385,173.50143432617188,11915686,0.0,0.0,ITC
2022-01-20,173.65890873146816,174.9187332871304,171.65106763496712,172.24160766601562,17997322,0.0,0.0,ITC
2022-01-21,172.04475687190978,173.61953437139798,170.0762694008751,170.9030303955078,17225050,0.0,0.0,ITC
2022-01-24,170.90303391393533,171.4542079217043,166.06059081978196,166.7692413330078,18023332,0.0,0.0,ITC
2022-01-25,166.92673323776202,169.05268497356252,164.99762403260675,168.73773193359375,19028606,0.0,0.0,ITC
2022-01-27,166.33617843812,169.68258850412488,166.2180679392561,168.97393798828125,24041247,0.0,0.0,ITC
2022-01-28,169.36761513794596,172.63529303763193,169.36761513794596,171.33609008789062,15865353,0.0,0.0,ITC
2022-01-31,172.04475951200226,173.81637954711036,170.94241150224272,173.38331604003906,15618203,0.0,0.0,ITC
2022-02-01,174.0132518873715,180.1548860897589,172.5565722389359,179.328125,44871108,0.0,0.0,ITC
2022-02-02,181.0997752200763,183.6981692504706,180.31238006484358,182.79266357421875,42714702,0.0,0.0,ITC
2022-02-03,182.7926390629933,185.19417774387864,182.51705204335036,184.6036376953125,28918394,0.0,0.0,ITC
2022-02-04,186.80832597353665,187.79256350541536,182.3202018299825,184.4855194091797,58889867,0.0,0.0,ITC
2022-02-07,184.2493239589054,184.8398640244644,179.9186760159046,181.25723266601562,25101983,0.0,0.0,ITC
2022-02-08,181.3359678289561,182.91074541515704,180.35173027791294,182.083984375,16825239,0.0,0.0,ITC
2022-02-09,182.9107531505279,183.46192720060864,180.11551689007288,181.21786499023438,12351873,0.0,0.0,ITC
2022-02-10,180.07613243407573,183.77686141067338,179.32810345568086,182.87136840820312,20317032,0.0,0.0,ITC
2022-02-11,182.6745076363652,183.69812357914313,180.94225369833958,183.02883911132812,18793513,0.0,0.0,ITC
2022-02-14,182.22432189577324,182.22432189577324,176.17705601787924,176.9430389404297,23621214,5.25,0.0,ITC
2022-02-15,178.1928181809996,180.20857355135138,176.21737434048643,179.805419921875,13371177,0.0,0.0,ITC
2022-02-16,180.45045484525502,181.17612626483762,178.8781646399877,179.6038360595703,11664158,0.0,0.0,ITC
2022-02-17,179.84569582947356,180.8938848368721,178.07183554356413,179.52317810058594,14564261,0.0,0.0,ITC
2022-02-18,179.52319628722194,180.16823181034263,178.59594175144989,178.91847229003906,9004891,0.0,0.0,ITC
2022-02-21,177.6284070105794,178.43470149865473,175.08855062482428,175.77391052246094,16750193,0.0,0.0,ITC
2022-02-22,173.3549866637555,174.8869652254956,171.74238504862487,173.23403930664062,26741024,0.0,0.0,ITC
2022-02-23,174.80631620816172,175.37072864743408,173.39528510998088,174.12095642089844,11438476,0.0,0.0,ITC
2022-02-24,169.32350519038107,171.9842963937663,166.9045959655564,168.11404418945312,42933709,0.0,0.0,ITC
2022-02-25,170.53293328412147,174.56444392392865,169.7669503512076,172.5083770751953,24543858,0.0,0.0,ITC
2022-02-28,171.90365676725256,174.52413618462094,169.96852446299005,174.0403594970703,20806226,0.0,0.0,ITC
2022-03-02,172.87119392297308,174.6450671649544,171.29891664169264,173.5968780517578,20039140,0.0,0.0,ITC
2022-03-03,174.20162512039306,177.547776086827,174.16130081210073,176.90274047851562,29631546,0.0,0.0,ITC
2022-03-04,175.53200643513716,183.35313282642218,174.96759393504138,181.8211669921875,69409780,0.0,0.0,ITC
2022-03-07,178.99911851667702,183.03062938922187,177.4671525624095,181.37771606445312,47001716,0.0,0.0,ITC
2022-03-08,180.531072936269,184.19974120325904,180.41012558205549,182.94998168945312,37424203,0.0,0.0,ITC
2022-03-09,183.5950304753054,186.5783519123669,182.30494656552446,184.8448028564453,43923809,0.0,0.0,ITC
2022-03-10,186.25583930867114,187.4652874177732,183.71598294712075,187.0621337890625,37523806,0.0,0.0,ITC
2022-03-11,186.98153405593345,191.1743042081168,185.57050256793144,190.569580078125,43305144,0.0,0.0,ITC
2022-03-14,190.4889145512315,193.06908236240744,189.72293162439257,192.7062530517578,36465969,0.0,0.0,ITC
2022-03-15,192.70623092891844,194.64135017663224,190.2066864617124,191.7789764404297,34269168,0.0,0.0,ITC
2022-03-16,193.51254142306126,195.9314502671168,192.78687004754755,195.6089324951172,22462538,0.0,0.0,ITC
2022-03-17,197.74564620201505,197.86659356756599,195.68956654170944,197.46343994140625,35541798,0.0,0.0,ITC
2022-03-21,198.269739991165,199.7614071721921,196.5765151569361,197.1409149169922,29052540,0.0,0.0,ITC
2022-03-22,197.18122353310247,202.18030013074568,196.37491632227864,201.37399291992188,38368305,0.0,0.0,ITC
2022-03-23,202.74469349074622,204.55887826971855,200.36610901432374,203.18817138671875,42051087,0.0,0.0,ITC
2022-03-24,203.1478591533221,206.81654045540617,202.74470553659432,205.48614501953125,39712133,0.0,0.0,ITC
2022-03-25,205.84896243372904,206.21180450092265,200.9708333404203,204.27667236328125,30412482,0.0,0.0,ITC
2022-03-28,204.80080434204334,208.02600802406144,203.63166768788602,207.26002502441406,25876007,0.0,0.0,ITC
2022-03-29,207.26002033449217,207.62284967141937,204.59921649656022,205.28457641601562,18820674,0.0,0.0,ITC
2022-03-30,205.6876773473372,206.73586633508776,200.48703115265556,200.9304962158203,18281803,0.0,0.0,ITC
2022-03-31,201.25305164629907,205.08299184798207,201.1724285889963,202.09967041015625,26644916,0.0,0.0,ITC
2022-04-01,201.57555517616808,205.88927174773397,200.6080018947724,204.23635864257812,14856664,0.0,0.0,ITC
2022-04-04,204.075101834708,207.94535333067904,202.4625002389773,205.96990966796875,16520039,0.0,0.0,ITC
2022-04-05,206.45370263199385,211.13026168398704,205.68771968830882,209.19512939453125,28230046,0.0,0.0,ITC
2022-04-06,207.62281791244874,212.3396880102015,207.46155903436684,209.31605529785156,20352716,0.0,0.0,ITC
2022-04-07,208.02598543545855,211.41246043318327,206.2521248806672,206.93748474121094,16679649,0.0,0.0,ITC
2022-04-08,208.02600443498747,216.77438620109152,206.41340262180066,215.9277801513672,39283623,0.0,0.0,ITC
2022-04-11,216.6937449553715,220.24146609129272,214.47641924542074,215.6858673095703,47924937,0.0,0.0,ITC
2022-04-12,215.202056926788,216.61310082607457,212.13811275919034,213.50881958007812,24460888,0.0,0.0,ITC
2022-04-13,213.9119891605937,218.18538159443972,212.58159376450095,217.33877563476562,22239115,0.0,0.0,ITC
2022-04-18,216.08900433968375,219.71737402227495,215.48429309529098,217.78224182128906,25339139,0.0,0.0,ITC
2022-04-19,219.31421740068245,219.71738380228194,208.67104092963092,210.88836669921875,24280577,0.0,0.0,ITC
2022-04-20,211.97687196073184,214.03293875590498,207.66315517742856,209.2757568359375,25454589,0.0,0.0,ITC
2022-04-21,209.39669288014898,213.22662001500314,209.316057051918,209.9611053466797,24313956,0.0,0.0,ITC
2022-04-22,209.63860010345599,212.05750914085087,208.46946350373835,210.52554321289062,16274820,0.0,0.0,ITC
2022-04-25,208.671044213293,208.8323031102524,203.59133146243536,205.8086700439453,25140992,0.0,0.0,ITC
2022-04-26,206.8971713943982,210.20301073425622,206.61496512964095,208.7919921875,21327644,0.0,0.0,ITC
2022-04-27,206.5746440784646,208.42914047896247,206.2118147702311,207.62283325195312,17219401,0.0,0.0,ITC
2022-04-28,209.2354592447487,212.62192167547732,208.14694570596043,210.52554321289062,28999835,0.0,0.0,ITC
2022-04-29,212.0574950162911,212.0574950162911,208.42913809038868,209.2757568359375,21206335,0.0,0.0,ITC
2022-05-02,208.02599346363607,213.26696505137113,207.26001051760238,212.17845153808594,19696250,0.0,0.0,ITC
2022-05-04,212.86381367164174,214.51672694674448,208.5097851266085,209.43702697753906,26951488,0.0,0.0,ITC
2022-05-05,211.25120763591215,213.83137548657163,209.9611237105824,211.29151916503906,18623544,0.0,0.0,ITC
2022-05-06,208.83227559438612,215.56490073475575,208.75163976801596,215.00048828125,35818441,0.0,0.0,ITC
2022-05-09,214.59736191248055,214.59736191248055,210.08206198077386,212.01718139648438,22228031,0.0,0.0,ITC
2022-05-10,211.25121192648461,215.12146378107974,208.9129259801252,209.43702697753906,18727774,0.0,0.0,ITC
2022-05-11,208.83229497675688,211.41246278167694,202.98659949875966,206.1311798095703,18012072,0.0,0.0,ITC
2022-05-12,205.60707357429612,206.73589855721096,200.89021600572949,203.91384887695312,20816708,0.0,0.0,ITC
2022-05-13,205.56677094000975,210.3239530187892,205.20394162382166,208.50978088378906,12380764,0.0,0.0,ITC
2022-05-16,209.5982635764521,209.5982635764521,203.99446320598744,204.8813934326172,8502159,0.0,0.0,ITC
2022-05-17,205.60708323996352,214.0732582327937,205.4458243458276,213.42822265625,18483427,0.0,0.0,ITC
2022-05-18,214.47642438514129,215.92776720771263,212.1784500095351,215.1214599609375,20978307,0.0,0.0,ITC
2022-05-19,211.73497599544325,225.1599029308869,211.73497599544325,222.25721740722656,81302807,0.0,0.0,ITC
2022-05-20,223.3457116098055,227.65944101962165,223.3457116098055,225.76463317871094,33617466,0.0,0.0,ITC
2022-05-23,225.764663942521,226.12750606040817,220.1608627089333,221.32998657226562,22535903,0.0,0.0,ITC
2022-05-24,221.73312880083532,221.73312880083532,217.70161829733135,218.38697814941406,16146766,0.0,0.0,ITC
2022-05-25,220.0802275711596,220.846210519746,218.10477096263685,219.87863159179688,15877459,0.0,0.0,ITC
2022-05-26,221.5641535626375,221.5641535626375,217.92993224900852,220.283935546875,19129574,6.25,0.0,ITC
2022-05-27,222.18364265327773,223.58778318265777,218.9210970032313,222.34884643554688,13986762,0.0,0.0,ITC
2022-05-30,223.4225742982746,223.835570655958,221.02728966132824,222.22494506835938,12274291,0.0,0.0,ITC
2022-05-31,222.22496787513762,226.7264375429228,220.03616810384014,223.54649353027344,24102167,0.0,0.0,ITC
2022-06-01,223.5464882961431,226.39605082828868,223.17479939791943,224.53765869140625,15265925,0.0,0.0,ITC
2022-06-02,223.58777115429237,226.6851259439993,221.23376790201527,225.9004669189453,14789457,0.0,0.0,ITC
2022-06-03,227.13944148994833,227.71761552756038,224.33116011379857,225.23971557617188,12968807,0.0,0.0,ITC
2022-06-06,224.99195456767845,227.80020983444925,222.76184717534625,226.9742431640625,11345943,0.0,0.0,ITC
2022-06-07,225.6527067132129,227.13943617843194,224.8680475756138,226.2308807373047,11245578,0.0,0.0,ITC
2022-06-08,226.2721398858574,226.64382876002753,219.87094493154248,221.27508544921875,14915091,0.0,0.0,ITC
2022-06-09,221.1925192193085,224.41377076993527,219.49929154511977,223.71170043945312,10239939,0.0,0.0,ITC
2022-06-10,222.2249438117044,223.83556939019513,221.9771512339188,223.1334991455078,8693455,0.0,0.0,ITC
2022-06-13,220.0361484176604,222.26622930546105,217.22786738607,218.59071350097656,11519902,0.0,0.0,ITC
2022-06-14,217.39306187880416,220.90340014110433,217.26917867397242,219.25148010253906,7708043,0.0,0.0,ITC
2022-06-15,219.70577860309837,220.77951161409447,217.26918631686965,217.5582733154297,5254329,0.0,0.0,ITC
2022-06-16,220.53172377409734,221.27510157661789,214.33702655012465,215.3281707763672,14843837,0.0,0.0,ITC
2022-06-17,213.92404460226564,218.17774780469682,213.552355698647,217.47567749023438,17296080,0.0,0.0,ITC
2022-06-20,217.47568342231517,219.82968703232507,215.8650576398197,218.13645935058594,17738981,0.0,0.0,ITC
2022-06-21,218.87979946406426,223.71167626793147,218.13643480874302,222.92701721191406,14417711,0.0,0.0,ITC
2022-06-22,220.5317061546247,223.2573983689782,218.797197353,219.12757873535156,11756920,0.0,0.0,ITC
2022-06-23,219.2927703857422,220.73821838910845,216.73229502848073,219.2927703857422,9416459,0.0,0.0,ITC
2022-06-24,219.78836159028685,221.64677983019354,219.04499691203588,219.5818634033203,7283228,0.0,0.0,ITC
2022-06-27,220.5317152505209,223.54648148235842,220.1187450498274,222.9683074951172,8487729,0.0,0.0,ITC
2022-06-28,222.10106637254168,224.86804009745464,221.81196628155058,224.53765869140625,11673046,0.0,0.0,ITC
2022-06-29,222.3901226740789,227.13941063627712,222.30753387338697,226.35475158691406,16635367,0.0,0.0,ITC
2022-06-30,226.27212959910267,226.8916110278901,224.66150406137047,225.9004669189453,20003893,0.0,0.0,ITC
2022-07-01,225.9004690169087,235.39901855813434,224.00074340239433,234.86215209960938,36520000,0.0,0.0,ITC
2022-07-04,235.9358566045394,242.2544617674865,235.2337864556439,241.09811401367188,41417701,0.0,0.0,ITC
2022-07-05,242.00673095256107,242.00673095256107,236.01853177223742,236.96836853027344,19283789,0.0,0.0,ITC
2022-07-06,236.30759098476878,239.5288423233504,235.64682819150005,238.95066833496094,18997440,0.0,0.0,ITC
2022-07-07,240.35482146068003,242.13062483250513,238.28991799099774,241.1394805908203,14326277,0.0,0.0,ITC
2022-07-08,241.92412311533346,243.20436736699975,239.85921978738577,242.0480194091797,11538313,0.0,0.0,ITC
2022-07-11,242.0067428034385,245.26930199589077,241.22208362701988,243.65867614746094,12828405,0.0,0.0,ITC
2022-07-12,242.0067386058665,243.9477458540103,240.27221647786402,241.75897216796875,14616684,0.0,0.0,ITC
2022-07-13,242.00671883820172,243.49344822974726,241.7589524205421,242.87399291992188,9634877,0.0,0.0,ITC
2022-07-14,243.08050456935644,244.7737192490885,238.82680103345953,240.23094177246094,13930984,0.0,0.0,ITC
2022-07-15,241.18076523522785,242.83267214820577,239.11586196116835,242.4609832763672,11450042,0.0,0.0,ITC
2022-07-18,243.65867100895716,244.7324302776393,242.62621923499648,243.90646362304688,11751684,0.0,0.0,ITC
2022-07-19,243.65867427752468,244.15425951235213,241.75897450588607,243.3282928466797,9542292,0.0,0.0,ITC
2022-07-20,243.57607621984496,247.37550179604554,242.50231697751036,246.30174255371094,16397373,0.0,0.0,ITC
2022-07-21,246.96245515817498,249.60553214414242,246.13648869185135,247.41673278808594,16660697,0.0,0.0,ITC
2022-07-22,247.7884743486237,249.8533778652436,246.21915605267074,248.2427520751953,10351425,0.0,0.0,ITC
2022-07-25,246.96251459953672,250.22507376479004,246.7973369727836,248.69703674316406,11050533,0.0,0.0,ITC
2022-07-26,248.61442817639366,250.8858166921778,248.16015047323685,249.8120574951172,10114261,0.0,0.0,ITC
2022-07-27,250.14241218227392,251.91824149038004,248.28402025328944,251.21617126464844,9706094,0.0,0.0,ITC
2022-07-28,251.83567120302354,252.08346379233228,249.7707678616067,250.6380157470703,11256515,0.0,0.0,ITC
2022-07-29,251.91824273043244,252.66162044737752,248.903476729125,250.3076171875,17584873,0.0,0.0,ITC
2022-08-01,251.09226940138336,255.05689809660817,250.34891788172524,253.98313903808594,16501510,0.0,0.0,ITC
2022-08-02,256.04808239546793,261.54072247929173,254.56135294553908,256.00677490234375,40483892,0.0,0.0,ITC
2022-08-03,256.79143405649836,256.79143405649836,250.80320937351948,254.52001953125,18376724,0.0,0.0,ITC
2022-08-04,254.39612316359086,256.3371563082533,253.6940790920237,255.6350860595703,16514348,0.0,0.0,ITC
2022-08-05,255.6351424303227,257.5348423278723,255.30476097758026,256.75018310546875,10477269,0.0,0.0,ITC
2022-08-08,256.8327305228681,259.310630284681,256.08937891830647,258.64984130859375,8627072,0.0,0.0,ITC
2022-08-10,258.64987147651317,259.4345568410696,256.66758284839733,257.03924560546875,9267241,0.0,0.0,ITC
2022-08-11,258.52597390615273,258.89766283853464,252.16608544529143,252.95074462890625,11305242,0.0,0.0,ITC
2022-08-12,252.95073362858352,255.55250368787003,251.5053116350064,254.85043334960938,6669853,0.0,0.0,ITC
2022-08-16,254.8504166742715,257.2870089516655,254.8504166742715,256.5023498535156,8941455,0.0,0.0,ITC
2022-08-17,257.4521961104488,258.73244031509876,256.874022152772,258.1542663574219,8283028,0.0,0.0,ITC
2022-08-18,258.52595245765906,261.0038522908399,258.19557104865856,260.7147521972656,10264507,0.0,0.0,ITC
2022-08-19,261.1277178536069,261.1277178536069,257.03919277211645,257.6999816894531,10823811,0.0,0.0,ITC
2022-08-22,257.0392646521689,261.82986130123504,256.8740870094798,259.6823425292969,11793184,0.0,0.0,ITC
2022-08-23,258.4846420643243,261.00382292953924,257.78257183275747,260.9212341308594,9698555,0.0,0.0,ITC
2022-08-24,260.7974036315165,263.85345172472415,258.5672960876847,259.4345703125,11783894,0.0,0.0,ITC
2022-08-25,260.54956323669603,261.334222321047,257.3696194085465,257.98907470703125,8057930,0.0,0.0,ITC
2022-08-26,259.9713962713317,260.5082627799378,257.7000077613236,258.443359375,7224507,0.0,0.0,ITC
2022-08-29,256.0480775980396,260.13657696446035,255.09821469092915,258.9802551269531,11798961,0.0,0.0,ITC
2022-08-30,259.5584180737679,265.46405479077004,259.5584180737679,264.720703125,18516092,0.0,0.0,ITC
2022-09-01,263.8947535352044,265.8770422235277,261.0038831433314,262.3254089355469,13765474,0.0,0.0,ITC
2022-09-02,263.2339553868557,267.8180665355072,262.69708882441705,266.90948486328125,26750910,0.0,0.0,ITC
2022-09-05,268.4374878117214,272.2369131163737,267.4050361368849,271.617431640625,18144801,0.0,0.0,ITC
2022-09-06,272.5672643466169,272.5672643466169,269.59380594632364,270.2132873535156,12431779,0.0,0.0,ITC
2022-09-07,269.26341950708553,271.1631188247693,268.6439381115834,269.34600830078125,8397233,0.0,0.0,ITC
2022-09-08,271.7413329088565,273.06288468893354,270.5023961118026,272.4847106933594,11331350,0.0,0.0,ITC
2022-09-09,273.0629355009614,275.29301691521226,272.5673502190734,272.9803466796875,9770432,0.0,0.0,ITC
2022-09-12,274.2191936948809,274.5495750486511,272.56726074891606,273.3106384277344,9048240,0.0,0.0,ITC
2022-09-13,273.9714309836329,276.69709708202555,273.062875617502,276.2015380859375,10925371,0.0,0.0,ITC
2022-09-14,273.3932356660749,280.0009152997951,273.35192817916004,276.9861755371094,12739464,0.0,0.0,ITC
2022-09-15,277.8534655447925,278.3903582477678,274.9625954495669,275.9537658691406,8742900,0.0,0.0,ITC
2022-09-16,274.508300130491,276.3667183709045,272.3195004971111,273.64105224609375,12973988,0.0,0.0,ITC
2022-09-19,271.82391455711326,278.26641652426684,271.82391455711326,277.1926574707031,14918717,0.0,0.0,ITC
2022-09-20,279.7944597669526,280.49653005595815,276.6971047033432,277.5230712890625,9892945,0.0,0.0,ITC
2022-09-21,277.5230729805043,285.1219237320476,277.1101027736864,281.611572265625,21800547,0.0,0.0,ITC
2022-09-22,281.65283865063464,288.0540329847797,281.5702498567482,284.99798583984375,25111230,0.0,0.0,ITC
2022-09-23,287.0216230226694,288.7148636938839,283.5526052286243,286.1130676269531,23718397,0.0,0.0,ITC
2022-09-26,284.8328187184961,285.7413740994733,274.0127429512819,274.7148132324219,16829922,0.0,0.0,ITC
2022-09-27,276.6971384993466,280.45528299682456,275.871171812743,276.5732421875,10375837,0.0,0.0,ITC
2022-09-28,274.1779234589476,275.29296395155023,267.85931703900366,268.3962097167969,16151900,0.0,0.0,ITC
2022-09-29,271.74130891812723,276.61449304732486,270.7088573155462,275.0864562988281,18985406,0.0,0.0,ITC
2022-09-30,275.08646967922056,277.31657676720016,272.6911849859782,274.3843994140625,12906555,0.0,0.0,ITC
2022-10-03,274.9626022605337,275.045217248957,266.99208827603354,267.9419250488281,9462192,0.0,0.0,ITC
2022-10-04,271.49355878142114,275.8711318497507,270.91538480226563,274.9212951660156,9142294,0.0,0.0,ITC
2022-10-06,276.6971034429115,280.2487361859203,274.673507567667,278.0599365234375,23091432,0.0,0.0,ITC
2022-10-07,278.1838469589442,278.22515445213264,273.64106979296014,275.9537658691406,10910698,0.0,0.0,ITC
2022-10-10,272.56727654020784,273.76493192198603,269.3047441220148,270.7914733886719,9750594,0.0,0.0,ITC
2022-10-11,271.74128052051356,272.9389357722804,268.52002976292,269.5111999511719,11018577,0.0,0.0,ITC
2022-10-12,270.87409895119845,273.7649690779184,268.2310214320715,272.64990234375,10735673,0.0,0.0,ITC
2022-10-13,272.52596846198963,273.64100875818514,270.915343066546,271.45220947265625,7546587,0.0,0.0,ITC
2022-10-14,274.467022634996,275.78854822524454,273.2693671638556,274.30181884765625,6672357,0.0,0.0,ITC
2022-10-17,273.47585731860227,276.49062362060135,272.2369205105713,274.42572021484375,7195922,0.0,0.0,ITC
2022-10-18,275.82985973080156,281.65288102967787,275.49947832843105,281.07470703125,21691854,0.0,0.0,ITC
2022-10-19,283.387392555128,286.98033271098154,280.6617264534334,286.07177734375,16923690,0.0,0.0,ITC
2022-10-20,286.6085774931978,289.8711355037464,284.7914671793168,288.83868408203125,19186222,0.0,0.0,ITC
2022-10-21,291.72959990597735,291.72959990597735,284.54374564177084,285.4523010253906,28426343,0.0,0.0,ITC
2022-10-24,288.2192803128107,288.83876180337546,286.60865461446,287.18682861328125,3292671,0.0,0.0,ITC
2022-10-25,288.6322570253071,288.67356451798145,283.84168731405646,286.0304870605469,17906260,0.0,0.0,ITC
2022-10-27,286.3195367520154,287.72367725871584,284.00686707741687,285.61749267578125,19273344,0.0,0.0,ITC
2022-10-28,287.0629144945448,287.93016235037976,285.0393187128526,285.61749267578125,13572499,0.0,0.0,ITC
2022-10-31,287.4346433394769,289.4995468975155,284.7502582431789,288.0128173828125,14358449,0.0,0.0,ITC
2022-11-01,288.467098861316,289.4995506537312,286.7738842042639,288.673583984375,20422565,0.0,0.0,ITC
2022-11-02,287.8476066512364,294.24880229164387,287.8476066512364,292.9272766113281,17427813,0.0,0.0,ITC
2022-11-03,292.39037070096987,296.1071808091715,291.56440417344214,292.142578125,11149636,0.0,0.0,ITC
2022-11-04,292.39037459812306,294.0422814980806,291.15141170175997,292.0599670410156,8709851,0.0,0.0,ITC
2022-11-07,293.21632322879685,294.3313898669706,289.08651659676076,291.9773864746094,10437370,0.0,0.0,ITC
2022-11-09,291.9773987935478,298.54379789803886,291.72960619683226,297.92431640625,21404869,0.0,0.0,ITC
2022-11-10,296.5201663378375,297.2635178614976,292.47294882466497,294.0422668457031,20071989,0.0,0.0,ITC
2022-11-11,297.346068719666,298.1307538071816,292.92718909702626,294.3313293457031,11372654,0.0,0.0,ITC
2022-11-14,294.33137689069605,294.82693586425324,286.27824907784293,286.7738342285156,18319254,0.0,0.0,ITC
2022-11-15,288.21925534997126,288.21925534997126,280.1248200675382,285.1632080078125,16046491,0.0,0.0,ITC
2022-11-16,285.5349045589136,286.48476748246463,282.1897567570709,284.21337890625,7897812,0.0,0.0,ITC
2022-11-17,284.21337701643785,286.98035078256225,282.97444018102414,283.88299560546875,10379179,0.0,0.0,ITC
2022-11-18,283.88295225040315,284.75020004960976,280.6617012640111,281.69415283203125,8140173,0.0,0.0,ITC
2022-11-21,280.08353490002287,280.82688643696554,276.2015210878058,278.5141906738281,9553090,0.0,0.0,ITC
2022-11-22,278.3490276469138,281.6528676912749,277.27526850722194,281.03338623046875,6746019,0.0,0.0,ITC
2022-11-23,282.4788540067165,282.4788540067165,278.7620173361109,280.6617431640625,8067471,0.0,0.0,ITC
2022-11-24,280.6617215551485,282.8918024441172,278.80330336293036,281.4463806152344,8454385,0.0,0.0,ITC
2022-11-25,281.65288102967787,282.39625881784985,279.00980363359594,281.07470703125,7200274,0.0,0.0,ITC
2022-11-28,280.8268870923846,282.27233503627656,279.79443549408256,280.8681945800781,10284123,0.0,0.0,ITC
2022-11-29,280.82695848728315,284.9567659304161,280.82695848728315,282.7266845703125,10582296,0.0,0.0,ITC
2022-11-30,281.8593865882039,284.2546715620514,280.0009681600286,280.8269348144531,23425220,0.0,0.0,ITC
2022-12-01,282.2310646005803,282.2310646005803,278.1838464743152,280.45526123046875,17270904,0.0,0.0,ITC
2022-12-02,280.2900723859349,281.4877279790107,278.14257999458243,278.47296142578125,8711914,0.0,0.0,ITC
2022-12-05,278.88592979592084,279.877100259975,275.9950595709625,278.142578125,10090597,0.0,0.0,ITC
2022-12-06,275.9537548902143,279.34018388337773,275.9537548902143,278.5968322753906,6571118,0.0,0.0,ITC
2022-12-07,279.5879636603009,282.06583714281305,278.0599268457191,280.9095153808594,10191144,0.0,0.0,ITC
2022-12-08,280.9921003986574,282.6027259937334,278.7619933527383,279.50537109375,6439244,0.0,0.0,ITC
2022-12-09,280.62041282855523,282.89180119697886,279.1749910060446,281.9832458496094,8445424,0.0,0.0,ITC
2022-12-12,281.65289035891783,284.1307902244493,280.9095387232414,283.4700012207031,11646572,0.0,0.0,ITC
2022-12-13,284.54374564177084,285.78268242151444,282.809223679283,285.4523010253906,11105261,0.0,0.0,ITC
2022-12-14,285.7826640082351,286.8977044204494,283.924245869801,285.2870788574219,7664099,0.0,0.0,ITC
2022-12-15,284.7502335577192,285.86527405280185,279.17500490518864,279.8770751953125,8469001,0.0,0.0,ITC
2022-12-16,278.762012546044,279.9183605491572,273.64106151591244,276.77972412109375,12907968,0.0,0.0,ITC
2022-12-19,278.1838250316687,282.7679093295101,276.9861957719093,281.2398986816406,8113695,0.0,0.0,ITC
2022-12-20,280.86821685923945,281.6115684568815,278.1425507060231,280.9508056640625,5693354,0.0,0.0,ITC
2022-12-21,281.652891678751,281.85937679089994,276.284147877286,276.8210144042969,7316532,0.0,0.0,ITC
2022-12-22,277.2340199661604,278.67944197608153,272.4847313442147,274.5909423828125,6838031,0.0,0.0,ITC
2022-12-23,273.3106265818551,274.13659301903834,268.7265429591678,269.8415832519531,10461859,0.0,0.0,ITC
2022-12-26,269.6764342665518,276.7797261273581,268.85049383872786,276.3667297363281,9934633,0.0,0.0,ITC
2022-12-27,277.19269381349454,277.85345662057523,272.69119810816125,275.1690979003906,6986433,0.0,0.0,ITC
2022-12-28,274.92129383990306,276.69709708202555,273.80622720019244,276.2015380859375,8035558,0.0,0.0,ITC
2022-12-29,276.1602090386157,277.3165569010839,273.8475133136792,276.9861755371094,8417520,0.0,0.0,ITC
2022-12-30,277.0275088271671,278.1425755890615,272.98031672624506,273.8475646972656,7228324,0.0,0.0,ITC
2023-01-02,273.31066952244794,275.8711318497507,272.2782178580357,274.9212951660156,6181118,0.0,0.0,ITC
2023-01-03,273.80621144888335,275.3342481936164,272.7737598488454,273.475830078125,6228015,0.0,0.0,ITC
2023-01-04,274.0953268419764,274.6321933273518,269.263449942248,270.08941650390625,6947412,0.0,0.0,ITC
2023-01-05,271.45223693585825,275.7885284616498,271.08054807381785,275.4168395996094,8486143,0.0,0.0,ITC
2023-01-06,276.44927275918127,278.8032758845486,275.12774735183467,276.7383728027344,8603181,0.0,0.0,ITC
2023-01-09,278.30775312834186,281.90069367244115,277.64699027661214,279.21630859375,11027747,0.0,0.0,ITC
2023-01-10,279.09239021384553,279.5053865963529,274.67350954312764,275.3755798339844,7217255,0.0,0.0,ITC
2023-01-11,276.77970835225443,276.77970835225443,273.6410459258907,274.05401611328125,4760847,0.0,0.0,ITC
2023-01-12,275.3755672187192,275.5407448224612,270.9979680628125,272.4433898925781,6894087,0.0,0.0,ITC
2023-01-13,272.4434064814698,274.4257210868893,269.5938439608081,271.53485107421875,14967746,0.0,0.0,ITC
2023-01-16,272.8564097297577,274.38442049284765,270.5437136614806,272.7325134277344,8571826,0.0,0.0,ITC
2023-01-17,272.7325057046308,275.45817191772255,271.82395030026686,274.42572021484375,14240647,0.0,0.0,ITC
2023-01-18,275.87112736233075,277.9773381472333,274.5496018183956,276.40802001953125,13039078,0.0,0.0,ITC
2023-01-19,275.8711504141537,277.2340097387525,273.9301432486104,274.3431396484375,8667564,0.0,0.0,ITC
2023-01-20,274.21923750517345,276.8623149347169,271.9478489744216,276.3667297363281,13608325,0.0,0.0,ITC
2023-01-23,277.52305354205777,279.2988828966497,275.08646143199167,278.9684753417969,7399204,0.0,0.0,ITC
2023-01-24,279.00979290572695,281.4463851037806,278.84461529945156,279.95965576171875,12776694,0.0,0.0,ITC
2023-01-25,279.91838889505897,281.652911075375,276.90362228328684,280.2074890136719,12978859,0.0,0.0,ITC
2023-01-27,282.313640378076,288.1366877827789,282.06584778505237,285.7826843261719,21850457,0.0,0.0,ITC
2023-01-30,286.5260870665607,290.5319978637795,282.3549724672283,284.79156494140625,14634225,0.0,0.0,ITC
2023-01-31,285.7827096716558,293.2163572360525,281.6942100555176,291.0275573730469,17794183,0.0,0.0,ITC
2023-02-01,291.5644403392269,302.05413539091774,271.8239609151385,298.50250244140625,67003785,0.0,0.0,ITC
2023-02-02,298.66766275838864,317.7473765717263,297.67651865297285,312.7090148925781,57892084,0.0,0.0,ITC
2023-02-03,315.4346732478112,315.72374712187093,307.25764949867965,314.4022216796875,23153980,0.0,0.0,ITC
2023-02-06,315.93032386607115,320.63830503971246,313.5350126956419,316.6736755371094,26783409,0.0,0.0,ITC
2023-02-07,317.0866104420805,317.0866104420805,304.3255277315778,308.2901306152344,21438758,0.0,0.0,ITC
2023-02-08,309.5290913583647,311.63530234613074,306.8860138388054,310.18988037109375,10821785,0.0,0.0,ITC
2023-02-09,308.9096342719434,313.8654078652711,307.38159731824504,309.1161193847656,12318006,0.0,0.0,ITC
2023-02-10,307.42286491190487,311.3461600776877,305.85352066847634,306.7207946777344,10674456,0.0,0.0,ITC
2023-02-13,308.08365437884055,309.8594576851963,305.6057546003046,309.0747985839844,10282470,0.0,0.0,ITC
2023-02-14,309.73556777940473,320.1839803775418,308.7030899714619,319.19281005859375,30246745,0.0,0.0,ITC
2023-02-15,320.478146363348,321.4015912156221,317.7917540823391,320.8559265136719,12679568,6.0,0.0,ITC
2023-02-16,320.68799683880496,323.4163734032337,319.8484943108186,321.14971923828125,10151755,0.0,0.0,ITC
2023-02-17,319.8905256882678,322.8287716643076,318.3794315586062,321.86334228515625,7967611,0.0,0.0,ITC
2023-02-20,322.9546879209602,325.3052846255775,320.10038432075044,322.40899658203125,8105569,0.0,0.0,ITC
2023-02-21,323.2064962108482,323.96202984256394,320.43613527827057,320.8978576660156,8577674,0.0,0.0,ITC
2023-02-22,320.6879800842814,323.12251866397247,319.00900172213585,322.2410583496094,9306194,0.0,0.0,ITC
2023-02-23,322.7448435177751,330.7620369844762,321.61150291630275,325.3892517089844,19555814,0.0,0.0,ITC
2023-02-24,326.5645385687466,326.5645385687466,319.84854390951875,323.2904968261719,13407431,0.0,0.0,ITC
2023-02-27,323.2904653611316,324.7176170805041,317.4139739320152,320.8559265136719,8455904,0.0,0.0,ITC
2023-02-28,321.1078133029105,322.57692300974134,314.8115832345855,316.23870849609375,16997837,0.0,0.0,ITC
2023-03-01,314.1818999265662,319.34481521626765,313.63623525418024,317.91766357421875,8065784,0.0,0.0,ITC
2023-03-02,318.58928429660216,318.7991532971468,314.5597090253691,315.2732849121094,5212922,0.0,0.0,ITC
2023-03-03,316.49054096598246,323.5423309457619,315.73500724306933,323.16455078125,8495772,0.0,0.0,ITC
2023-03-06,323.96204753922774,329.50274310094,323.41638285284193,325.8509216308594,11126980,0.0,0.0,ITC
2023-03-08,325.72498303801314,330.04839574998107,323.2904443487868,329.41876220703125,9261146,0.0,0.0,ITC
2023-03-09,329.1670196737032,330.4262604759027,323.75224963629626,325.3053283691406,10005328,0.0,0.0,ITC
2023-03-10,324.84354568707505,327.5718958188082,321.9472577905193,325.7250061035156,8684320,0.0,0.0,ITC
2023-03-13,326.7323588741816,328.15951045175945,321.10774804355736,322.0731506347656,9130473,0.0,0.0,ITC
2023-03-14,323.79419129774107,324.42379831258455,316.6584588867369,318.7572021484375,10623744,0.0,0.0,ITC
2023-03-15,319.8485234584673,322.61888471389494,317.3300422511081,318.5053405761719,8748113,0.0,0.0,ITC
2023-03-16,319.5127119934485,320.9818481304396,316.3645973363221,320.2262878417969,16315136,0.0,0.0,ITC
2023-03-17,323.2065353391372,323.2065353391372,310.3202381474808,315.2732849121094,50787703,0.0,0.0,ITC
2023-03-20,313.3844233266862,318.463370411472,312.2930672313096,318.00164794921875,10512002,0.0,0.0,ITC
2023-03-21,318.0016258127998,318.0016258127998,314.01400849486106,316.44854736328125,12057999,0.0,0.0,ITC
2023-03-22,316.44856016486983,318.0436231202378,314.139947920916,317.12017822265625,4958761,0.0,0.0,ITC
2023-03-23,316.49060587786374,321.31772690925794,314.30791993431285,319.5547790527344,10127917,0.0,0.0,ITC
2023-03-24,320.2682600185091,321.5275005119195,317.3300144631462,317.91766357421875,10317108,0.0,0.0,ITC
2023-03-27,317.2880666567205,322.70283599148394,315.9448837369688,319.17694091796875,11232922,0.0,0.0,ITC
2023-03-28,319.17694399547383,320.9818759931685,317.45598088565663,318.7991638183594,9523719,0.0,0.0,ITC
2023-03-29,319.176899520549,322.36699845036867,316.6164341315187,321.317626953125,10551626,0.0,0.0,ITC
2023-03-31,320.6880250253946,322.78676822677375,319.00904642795757,321.947265625,9877493,0.0,0.0,ITC
2023-04-03,322.3670883838042,322.3670883838042,317.74983654415394,318.08563232421875,7331070,0.0,0.0,ITC
2023-04-05,318.08557963436516,324.9275006639533,318.08557963436516,324.3818359375,12055499,0.0,0.0,ITC
2023-04-06,324.59173310392913,327.65587933261986,322.53494752985904,325.17938232421875,13394394,0.0,0.0,ITC
2023-04-10,325.1793499002608,327.4040198262392,322.9966378104752,326.1867370605469,7044256,0.0,0.0,ITC
2023-04-11,326.18673389143686,334.2039264718616,325.7250114550278,332.44097900390625,18939829,0.0,0.0,ITC
2023-04-12,333.9101112023239,333.95209564371703,329.1669601754004,330.38421630859375,10122932,0.0,0.0,ITC
2023-04-13,332.02128232124977,332.94472730896774,330.5101881044282,332.105224609375,6292395,0.0,0.0,ITC
2023-04-17,329.8385360430229,337.47794801298824,329.8385360430229,335.9248962402344,11466474,0.0,0.0,ITC
2023-04-18,335.7989704940616,337.47794898377504,333.2804628503284,334.5397033691406,9860308,0.0,0.0,ITC
2023-04-19,332.48294902354615,336.932288639274,332.4409645834719,334.7496032714844,10119480,0.0,0.0,ITC
2023-04-20,335.7990193411143,338.0236894439417,333.8681605394353,336.0508728027344,6924577,0.0,0.0,ITC
2023-04-21,336.05081002487003,343.35442601689675,335.0014385348951,342.72479248046875,14801099,0.0,0.0,ITC
2023-04-24,344.1939867275371,344.1939867275371,339.3248819701276,343.1026306152344,6212135,0.0,0.0,ITC
2023-04-25,343.1026578311616,347.1742180951766,342.01130163228925,345.4952392578125,9180650,0.0,0.0,ITC
2023-04-26,345.87295960977156,346.71246225078784,343.3964627370243,346.0828552246094,7914219,0.0,0.0,ITC
2023-04-27,346.04085775788565,350.4062553632205,345.03347059024406,349.23095703125,13100076,0.0,0.0,ITC
2023-04-28,350.9099245244589,359.51476613463143,347.30008736382564,357.2481384277344,13208557,0.0,0.0,ITC
2023-05-02,357.625901463848,358.46537740037974,353.5962999016182,356.3246765136719,10648421,0.0,0.0,ITC
2023-05-03,355.9469311197148,359.7246796272577,354.30991031392773,358.5913391113281,7607609,0.0,0.0,ITC
2023-05-04,357.0382717097041,358.46539684287774,355.9469156844678,356.45062255859375,8292456,0.0,0.0,ITC
2023-05-05,357.58394314626037,362.57894772161086,356.2407602648026,359.9345397949219,12890455,0.0,0.0,ITC
2023-05-08,361.82341831390767,363.88017710294014,360.4382509736069,362.201171875,7522610,0.0,0.0,ITC
2023-05-09,363.33451927997135,363.62833056708234,353.8481901134796,355.7790222167969,10377820,0.0,0.0,ITC
2023-05-10,355.9049628239586,357.9197638931349,354.43585311887716,357.08026123046875,10130159,0.0,0.0,ITC
2023-05-11,358.67530870562666,358.80123542986723,351.66550301604906,352.92474365234375,16597954,0.0,0.0,ITC
2023-05-12,352.92472088152385,354.855552851783,349.2728993263859,352.9667053222656,11564770,0.0,0.0,ITC
2023-05-15,352.5889408216,359.89255764989645,351.79142265487985,359.13702392578125,9503538,0.0,0.0,ITC
2023-05-16,360.9839421544759,360.9839421544759,355.52721467294293,355.90496826171875,8302077,0.0,0.0,ITC
2023-05-17,356.07288506748245,360.1024607249822,354.7716598908181,358.9691467285156,9844782,0.0,0.0,ITC
2023-05-18,360.9838924661413,363.04065112279585,350.9938838393776,352.3370666503906,24919291,0.0,0.0,ITC
2023-05-19,353.3864881775905,355.19142026703014,345.3273103533905,352.4630432128906,26759905,0.0,0.0,ITC
2023-05-22,354.2259718716724,357.4160446310784,351.83339069600646,356.5765686035156,16015615,0.0,0.0,ITC
2023-05-23,357.6259471532527,361.99131836291735,356.11485302589,360.2703552246094,9068926,0.0,0.0,ITC
2023-05-24,359.5568124748358,364.9715824510116,358.4654562686763,363.9222106933594,11921823,0.0,0.0,ITC
2023-05-25,366.8184347059653,371.4356593216248,365.01350269777276,370.3443298339844,18905572,0.0,0.0,ITC
2023-05-26,372.233150853127,373.3664913098744,368.95913601863043,372.40106201171875,13496209,0.0,0.0,ITC
2023-05-29,373.57638433239805,379.2849650000539,372.8208239793013,377.018310546875,20589822,0.0,0.0,ITC
2023-05-30,378.5340511282782,387.5038534045596,378.5340511282782,386.17340087890625,19627897,9.5,0.0,ITC
2023-05-31,385.65842153341305,387.97598863487576,379.7786896234105,382.39666748046875,14821960,0.0,0.0,ITC
2023-06-01,383.6842103628602,383.6842103628602,376.8173641905987,377.418212890625,9142172,0.0,0.0,ITC
2023-06-02,377.6756973540104,381.881637964553,377.5040146499432,380.5940856933594,9558309,0.0,0.0,ITC
2023-06-05,381.96748999447993,383.5554530940748,377.7615491165868,378.233642578125,7427630,0.0,0.0,ITC
2023-06-06,378.36241367322003,380.76580856133046,378.01907543259387,380.0791320800781,6703067,0.0,0.0,ITC
2023-06-07,381.109123419648,382.5254037767352,380.036181282122,381.06622314453125,7833952,0.0,0.0,ITC
2023-06-08,382.56837303043864,382.61130051396833,379.30661878284866,380.16497802734375,7294955,0.0,0.0,ITC
2023-06-09,373.51268476799805,381.70995582008555,373.51268476799805,376.3452453613281,7329661,0.0,0.0,ITC
2023-06-12,377.6757170059225,378.49114868429234,372.39683403052095,375.0577392578125,9054977,0.0,0.0,ITC
2023-06-13,378.5340739069618,383.1691806856377,376.2165069157611,382.3108215332031,16732376,0.0,0.0,ITC
2023-06-14,383.0403769667961,384.3279019306084,380.8944929592015,381.53826904296875,9039402,0.0,0.0,ITC
2023-06-15,381.9674519407133,385.1862780951758,381.7528689711605,384.62835693359375,7787525,0.0,0.0,ITC
2023-06-16,385.40090157093005,391.0660503441356,384.4567146426835,388.920166015625,12181426,0.0,0.0,ITC
2023-06-19,390.3364491318434,391.32356354688983,388.19056478835836,389.3493347167969,4350517,0.0,0.0,ITC
2023-06-20,390.37932999535724,390.37932999535724,386.3879994608957,388.70556640625,4644353,0.0,0.0,ITC
2023-06-21,387.976011065019,389.86438507715513,382.01045105191906,383.7271423339844,6292873,0.0,0.0,ITC
2023-06-22,384.54250666755473,385.95881413204916,382.6970604624499,384.2420959472656,6892713,0.0,0.0,ITC
2023-06-23,384.11336642917564,384.24212166183725,379.99328059518047,381.7528991699219,6325479,0.0,0.0,ITC
2023-06-26,383.5983435096489,387.4609460620195,381.10912103063964,382.5683288574219,5688287,0.0,0.0,ITC
2023-06-27,382.9117039546197,383.8558909443643,380.3795537531556,382.0533447265625,5052984,0.0,0.0,ITC
2023-06-28,381.96750739402796,386.7742971877239,381.5383413926168,385.70135498046875,12548096,0.0,0.0,ITC
2023-06-30,386.2592797284209,387.933070675078,383.34086384041257,387.6326599121094,9456776,0.0,0.0,ITC
2023-07-03,387.6326586414976,399.95001675366007,386.30220594419177,397.6324768066406,11111199,0.0,0.0,ITC
2023-07-04,399.1345650454297,401.70964255111215,394.67114089487524,400.2933349609375,8022597,0.0,0.0,ITC
2023-07-05,400.29332954380067,412.5678138010311,398.53371095448574,407.8039245605469,16878943,0.0,0.0,ITC
2023-07-06,409.7351803857059,409.7781078600926,403.85547658086824,406.77386474609375,9835812,0.0,0.0,ITC
2023-07-07,406.0014089058079,408.147293213273,401.3662748624045,402.052978515625,7605499,0.0,0.0,ITC
2023-07-10,403.4263617309754,404.19889319750484,398.0187230764531,399.86419677734375,6772454,0.0,0.0,ITC
2023-07-11,399.9928853379448,407.3317970278463,399.9928853379448,406.130126953125,8783282,0.0,0.0,ITC
2023-07-12,410.0785810019085,410.0785810019085,403.81261058479845,405.40057373046875,12816220,0.0,0.0,ITC
2023-07-13,406.7738992013875,409.220221374186,404.28467675429124,405.1430358886719,8214385,0.0,0.0,ITC
2023-07-14,406.00138229710444,407.71807330833167,404.5850748077213,405.91552734375,5277090,0.0,0.0,ITC
2023-07-17,407.28892444643,408.4047668496178,403.9413428294161,405.4434509277344,6325310,0.0,0.0,ITC
2023-07-18,405.61513206815613,407.0314124077616,404.28467948145015,405.57220458984375,5558415,0.0,0.0,ITC
2023-07-19,405.7868136998256,412.3961495805734,401.7954828864581,411.0227966308594,14401395,0.0,0.0,ITC
2023-07-20,411.92406465463,423.76935650857695,408.8339932499008,422.43890380859375,21030102,0.0,0.0,ITC
2023-07-21,422.1384452121807,427.2027452802702,418.01835927513474,420.97967529296875,14510084,0.0,0.0,ITC
2023-07-24,423.5547346399295,428.919472774112,401.8383804408482,404.5851135253906,40477929,0.0,0.0,ITC
2023-07-25,401.6237788744661,402.13879980516936,390.89435750965157,396.8170166015625,45211370,0.0,0.0,ITC
2023-07-26,399.0487077247394,406.0013811101244,396.60238563577195,405.35760498046875,18842179,0.0,0.0,ITC
2023-07-27,407.2030751174403,407.8468240381567,395.78695080095144,399.1774597167969,14528232,0.0,0.0,ITC
2023-07-28,401.45213724855495,402.95424541008026,397.7612172595792,402.09588623046875,10362522,0.0,0.0,ITC
2023-07-31,402.5679426286087,403.1687912786355,397.8470083810578,399.7353820800781,8510403,0.0,0.0,ITC
2023-08-01,399.99293585258584,402.4392309902516,398.1045619490417,398.9629211425781,6686176,0.0,0.0,ITC
2023-08-02,398.79125281075716,398.96293553714946,393.1261036919994,394.92864990234375,10715605,0.0,0.0,ITC
2023-08-03,394.92861065300184,398.0616092694034,389.9501657308603,391.4523010253906,11026824,0.0,0.0,ITC
2023-08-04,391.6669148466131,396.0445114363515,389.90726895140716,390.50811767578125,7097614,0.0,0.0,ITC
2023-08-07,389.77853349008217,391.8814903834742,387.07470068003323,390.4652099609375,9513953,0.0,0.0,ITC
2023-08-08,392.26775569479224,392.26775569479224,387.160528038295,388.2763977050781,6638681,0.0,0.0,ITC
2023-08-09,388.27635269460086,394.75693254013754,383.5983187770358,393.6839904785156,10134166,0.0,0.0,ITC
2023-08-10,393.8985945175745,394.24193273120994,385.4008853179906,387.7613525390625,13702317,0.0,0.0,ITC
2023-08-11,389.6068027390924,389.6068027390924,381.7528701621482,385.186279296875,12028396,0.0,0.0,ITC
2023-08-14,385.18630510626537,387.3321893597199,382.01040620449373,385.57257080078125,7854074,0.0,0.0,ITC
2023-08-16,387.11759205167533,392.6110577135574,384.7141974241364,386.47381591796875,15494896,0.0,0.0,ITC
2023-08-17,386.25926638958845,386.25926638958845,377.6757289500683,378.5340881347656,16896158,0.0,0.0,ITC
2023-08-18,378.5340892680003,380.5512183960282,376.38820490169604,379.0920104980469,20068497,0.0,0.0,ITC
2023-08-21,379.3924652235636,384.9717593818017,378.83451676513033,384.37091064453125,9940689,0.0,0.0,ITC
2023-08-22,385.4008752214677,390.6797579257352,383.6841841982633,389.9072265625,10234488,0.0,0.0,ITC
2023-08-23,391.0660314924344,391.1089317665518,385.05754478075903,386.6455078125,8770272,0.0,0.0,ITC
2023-08-24,386.7742888396267,389.26351144228437,385.6584191748243,387.03179931640625,6322751,0.0,0.0,ITC
2023-08-25,387.0317889070838,387.1176166624597,379.43533886130297,380.55120849609375,9628041,0.0,0.0,ITC
2023-08-28,381.9674820643546,383.55544513098135,378.53407266956555,378.8774108886719,7176903,0.0,0.0,ITC
2023-08-29,380.2078578243325,381.1091172355908,376.9890314639849,377.76153564453125,9845106,0.0,0.0,ITC
2023-08-30,378.5340963953967,381.1091468019567,378.1049031918186,380.0791320800781,7648569,0.0,0.0,ITC
2023-08-31,380.25077367486637,381.88166426278127,374.3281416344115,377.418212890625,20666732,0.0,0.0,ITC
2023-09-01,377.6757363703921,381.967505174474,376.2165284481097,378.5769958496094,11879159,0.0,0.0,ITC
2023-09-04,380.5512188793833,380.5512188793833,374.8002422414889,375.52984619140625,14128562,0.0,0.0,ITC
2023-09-05,376.73154710205716,381.5383368383768,376.388208864281,380.3366394042969,8701612,0.0,0.0,ITC
2023-09-06,381.06618810686894,384.9716905994724,379.3923974380785,384.0704040527344,13358433,0.0,0.0,ITC
2023-09-07,385.229212574637,385.40086807191096,381.62412068719937,382.739990234375,8401953,0.0,0.0,ITC
2023-09-08,384.456699370507,384.456699370507,379.26367147143907,379.9503479003906,10322317,0.0,0.0,ITC
2023-09-11,382.82582035972797,384.6283663146376,379.9503323271619,383.8558349609375,9679540,0.0,0.0,ITC
2023-09-12,385.3150974708065,389.9502046405092,382.48253651216504,387.24639892578125,14961276,0.0,0.0,ITC
2023-09-13,388.147619169723,392.26773215076497,387.2034322790102,389.26348876953125,12268130,0.0,0.0,ITC
2023-09-14,391.3235667416479,391.3235667416479,383.81297147813405,386.2163391113281,14986708,0.0,0.0,ITC
2023-09-15,384.58550708119753,388.0618443822609,383.68424754568014,384.843017578125,15657801,0.0,0.0,ITC
2023-09-18,384.8429610100351,389.6926506435505,382.9974875224736,388.01885986328125,8513132,0.0,0.0,ITC
2023-09-20,387.7184701849169,390.6368587375678,385.8729965971384,388.7914123535156,10343224,0.0,0.0,ITC
2023-09-21,388.6626827680115,389.30643178942125,381.5383528272174,384.1134033203125,11132308,0.0,0.0,ITC
2023-09-22,384.1133872235612,384.88591866135266,379.607035447625,380.3366394042969,7795399,0.0,0.0,ITC
2023-09-25,380.33663337876266,381.79581406526216,376.2594476637083,379.9074401855469,6005673,0.0,0.0,ITC
2023-09-26,380.76580094782963,381.538332376587,377.4182191640011,379.7786865234375,5533023,0.0,0.0,ITC
2023-09-27,379.7786864629706,386.08758431524456,376.6457148790023,385.5296630859375,10894817,0.0,0.0,ITC
2023-09-28,386.21632194812275,386.21632194812275,377.3323741461521,378.3194885253906,10610213,0.0,0.0,ITC
2023-09-29,379.39242433925773,382.48249545401796,376.98902964917204,381.45245361328125,8474326,0.0,0.0,ITC
2023-10-03,378.5340933176777,380.1649567483239,377.0319579229584,377.4611511230469,7770032,0.0,0.0,ITC
2023-10-04,377.46112359689323,379.13491438660606,371.9247303066969,374.328125,13912656,0.0,0.0,ITC
2023-10-05,377.6757265216054,378.1048925093312,373.4268853097046,374.28521728515625,10416552,0.0,0.0,ITC
2023-10-06,375.8302289301865,380.76577349254103,374.800214303173,379.5211486816406,8742804,0.0,0.0,ITC
2023-10-09,378.49117772859574,380.42247918035736,375.3152785260447,378.06201171875,5827256,0.0,0.0,ITC
2023-10-10,378.0619717641228,381.8387193035575,378.0619717641228,381.45245361328125,5207891,0.0,0.0,ITC
2023-10-11,383.8559153802975,385.7872169654393,381.79585854256425,384.7572021484375,7946195,0.0,0.0,ITC
2023-10-12,385.95887842473115,388.40517368163955,382.9546347027776,386.8601379394531,12227957,0.0,0.0,ITC
2023-10-13,386.13054285903365,387.80433388533345,383.68424754568014,384.843017578125,7926432,0.0,0.0,ITC
2023-10-16,384.5425428121438,387.11762033136023,382.9975071821044,385.3580017089844,4377288,0.0,0.0,ITC
2023-10-17,386.08758228347983,390.12186771668456,385.40090581968064,389.2205810546875,7203352,0.0,0.0,ITC
2023-10-18,389.90721847754884,393.29772738412527,387.11758542128985,387.6755065917969,7160492,0.0,0.0,ITC
2023-10-19,386.04467887581023,390.4652027817204,383.5554563119322,386.60260009765625,9830006,0.0,0.0,ITC
2023-10-20,381.96752983198763,385.4009396561479,375.40112096155644,376.216552734375,13521824,0.0,0.0,ITC
2023-10-23,375.9590097457904,377.632800630929,371.7530959964487,374.1564636230469,7555671,0.0,0.0,ITC
2023-10-25,375.01479042048845,375.95897727890315,366.5600089677685,371.4096984863281,11308597,0.0,0.0,ITC
2023-10-26,368.705906299922,374.7572933458955,368.705906299922,372.8260192871094,19525305,0.0,0.0,ITC
2023-10-27,372.82599501188975,374.928951643101,370.980521622353,372.31097412109375,13638258,0.0,0.0,ITC
2023-10-30,372.99769185716616,375.2294039584859,367.6759084759495,369.47845458984375,7911426,0.0,0.0,ITC
2023-10-31,369.09216053859353,371.9676486039867,367.2896145631058,367.7187805175781,8952141,0.0,0.0,ITC
2023-11-01,369.09219766402157,370.03638462181203,365.22959487034984,367.4613342285156,8297973,0.0,0.0,ITC
2023-11-02,369.1350977801737,371.4097100435163,367.9334004313936,370.07928466796875,8465990,0.0,0.0,ITC
2023-11-03,371.4955669301622,372.86891979091905,370.03635911281424,371.8818054199219,14334179,0.0,0.0,ITC
2023-11-06,372.0964208224146,374.9289815402163,371.2809891494467,373.6843566894531,7589690,0.0,0.0,ITC
2023-11-07,373.29809940688176,373.29809940688176,370.9376050571208,371.4096984863281,5321353,0.0,0.0,ITC
2023-11-08,371.79598534060756,375.5298327139069,371.0663814168752,375.0577392578125,7248663,0.0,0.0,ITC
2023-11-09,375.78737344952606,375.959028972627,372.43979150805103,372.86895751953125,8085620,0.0,0.0,ITC
2023-11-10,372.86894287880256,375.9590142105664,371.23807945474016,374.71441650390625,4236307,0.0,0.0,ITC
2023-11-13,376.3023389149238,376.3023389149238,373.3839504081949,374.2423095703125,3888975,0.0,0.0,ITC
2023-11-15,376.04483329093347,379.8215807352238,375.5298123835396,379.3494873046875,7722827,0.0,0.0,ITC
2023-11-16,379.3495286654918,381.5383405568395,375.61568108723014,376.5169677734375,11276031,0.0,0.0,ITC
2023-11-17,377.03192138671875,378.96322259064704,376.21648975041495,377.03192138671875,6911592,0.0,0.0,ITC
2023-11-20,377.54696335478775,377.93322905786397,372.9547840084122,374.9289855957031,4502356,0.0,0.0,ITC
2023-11-21,375.22941341727187,377.07488705791997,373.81313297859464,374.4569091796875,6228803,0.0,0.0,ITC
2023-11-22,375.10067305032794,378.0190615906513,373.21227199044085,377.418212890625,5074887,0.0,0.0,ITC
2023-11-23,378.49118675856886,379.607056496009,376.1736467241457,377.9761657714844,6611803,0.0,0.0,ITC
2023-11-24,378.53405583244916,379.6069979208294,374.97189136347384,375.7873229980469,7084608,0.0,0.0,ITC
2023-11-28,375.95900860246815,376.817367782649,373.2981305087519,373.5985412597656,9082513,0.0,0.0,ITC
2023-11-29,374.24232415474165,376.38820854179903,372.6543610031265,375.2723388671875,14316126,0.0,0.0,ITC
2023-11-30,374.8431490638451,376.34525715789107,372.95477527576713,374.07061767578125,15710110,0.0,0.0,ITC
2023-12-01,375.87318455434155,387.074699876353,375.4440185618797,386.08758544921875,20081576,0.0,0.0,ITC
2023-12-04,390.5510579725975,391.752755460777,387.1176482365395,389.7356262207031,13293194,0.0,0.0,ITC
2023-12-05,390.5510129299725,392.95440762914575,386.3450722064194,387.7613525390625,12603697,0.0,0.0,ITC
2023-12-06,389.6068603446522,398.705419020116,388.06182464539677,397.6324768066406,21203900,0.0,0.0,ITC
2023-12-07,398.91999377329,398.9629212542833,392.61109586480706,393.2119445800781,11746535,0.0,0.0,ITC
2023-12-08,394.7998770071899,396.2161846263528,384.97174185663044,385.5296630859375,19386851,0.0,0.0,ITC
2023-12-11,387.5468119053872,389.3493581267413,385.65843792217663,388.36224365234375,6854157,0.0,0.0,ITC
2023-12-12,389.86435294387155,394.8427980571218,388.27638983558137,388.920166015625,10549319,0.0,0.0,ITC
2023-12-13,391.6668656126497,393.85565003051704,388.9201328184608,391.1089172363281,11718443,0.0,0.0,ITC
2023-12-14,394.8428221410115,395.7011813655176,385.7871908104874,394.92864990234375,14924265,0.0,0.0,ITC
2023-12-15,396.4736590030865,397.3749456496042,390.5510269980168,393.2977600097656,16397959,0.0,0.0,ITC
2023-12-18,390.5509946002291,391.4093536958949,386.559637047059,387.6755065917969,12490839,0.0,0.0,ITC
2023-12-19,389.13480213252257,393.12613338251225,388.01893233601675,391.4952697753906,10664235,0.0,0.0,ITC
2023-12-20,393.98443362414525,394.19901661338577,385.6584068932969,387.11761474609375,10766954,0.0,0.0,ITC
2023-12-21,385.40086138181516,389.4780466215667,381.4953588400811,387.50384521484375,11584223,0.0,0.0,ITC
2023-12-22,388.834316199954,391.32356599323725,386.73135932353364,390.72271728515625,11450973,0.0,0.0,ITC
2023-12-26,391.45234655958086,393.89864182694373,390.2935493451927,391.7956848144531,6097422,0.0,0.0,ITC
2023-12-27,392.26774890380545,393.55527406397204,389.478088387006,392.35357666015625,7833901,0.0,0.0,ITC
2023-12-28,392.4394313945744,398.877084841687,391.49524439862944,398.3620910644531,21493169,0.0,0.0,ITC
2023-12-29,398.36204296714664,401.6237695761511,396.0015485585568,396.64532470703125,13384631,0.0,0.0,ITC
2024-01-01,397.8470301222474,403.3834235003086,397.1174262070781,401.7525329589844,9706230,0.0,0.0,ITC
2024-01-02,403.4263381690342,404.5851080974229,397.93287207365034,403.7267761230469,10924918,0.0,0.0,ITC
2024-01-03,403.6408968636394,412.610699407938,402.8683926924601,409.6493835449219,24961710,0.0,0.0,ITC
2024-01-04,412.00987104917436,413.25449592440776,407.03142595569284,408.9197998046875,12240910,0.0,0.0,ITC
2024-01-05,411.494898602191,411.494898602191,405.1430730693269,406.8168640136719,9564086,0.0,0.0,ITC
2024-01-08,407.71812631002143,408.1473195214147,398.74832279775234,399.56378173828125,8311403,0.0,0.0,ITC
2024-01-09,401.28047170009194,403.3834558606761,397.9758172811093,398.7483215332031,5916180,0.0,0.0,ITC
2024-01-10,398.7482655551929,400.63666644752294,394.8856904295139,397.6753234863281,6123200,0.0,0.0,ITC
2024-01-11,398.3620565020552,400.4650133189814,395.7869790243903,397.117431640625,6786448,0.0,0.0,ITC
2024-01-12,397.6324644529848,401.45213970243634,395.1432418595045,400.5937805175781,9714589,0.0,0.0,ITC
2024-01-15,403.426328510034,403.8555216906725,400.0787468381923,401.36627197265625,7167978,0.0,0.0,ITC
2024-01-16,401.5379709667349,407.71811362572754,398.4908271181607,405.40057373046875,12531058,0.0,0.0,ITC
2024-01-17,404.6280512168097,409.43484103698813,399.306267632846,400.5079650878906,11536527,0.0,0.0,ITC
2024-01-18,399.3491715307208,401.5809109410194,390.16478501461893,399.56378173828125,9495938,0.0,0.0,ITC
2024-01-19,402.18174431302083,406.00141956877525,400.33627070234405,404.7138671875,12673308,0.0,0.0,ITC
2024-01-23,406.64515567762464,406.64515567762464,391.7527208406185,394.241943359375,8728196,0.0,0.0,ITC
2024-01-24,394.9286178877544,401.1946152353453,393.2119267816324,397.932861328125,22459072,0.0,0.0,ITC
2024-01-25,397.8899350748913,399.0916051688578,388.0617737195785,391.1089172363281,20435547,0.0,0.0,ITC
2024-01-29,391.3235683388679,392.48233828149625,384.1133837986769,386.08758544921875,18557346,0.0,0.0,ITC
2024-01-30,383.68416912859067,389.4351178351049,375.4439709296809,376.00189208984375,45190319,0.0,0.0,ITC
2024-01-31,377.6757423653789,379.82162680148224,376.5598726652632,379.0061950683594,20648695,0.0,0.0,ITC
2024-02-01,379.3924737499081,384.32799179923006,377.0749065101442,380.16497802734375,19903526,0.0,0.0,ITC
2024-02-02,381.9674763724285,383.85585015123644,377.2465419254087,377.76153564453125,17816750,0.0,0.0,ITC
2024-02-05,379.3924009335579,380.8086811734719,374.7143670720786,376.00189208984375,12505666,0.0,0.0,ITC
2024-02-06,377.6756930803656,378.4481972306161,368.66296330261633,370.2938537597656,19487043,0.0,0.0,ITC
2024-02-07,373.3839399508634,373.3839399508634,369.7788478931724,370.63720703125,13376903,0.0,0.0,ITC
2024-02-08,373.8535172676072,373.9406548583127,356.07587448707574,361.2610168457031,50039587,6.25,0.0,ITC
2024-02-09,357.3830233416138,369.67052751049914,356.07584909868194,362.0888671875,33527317,0.0,0.0,ITC
2024-02-12,363.87536246137586,364.2675230445882,353.8536558100145,354.5508117675781,11326971,0.0,0.0,ITC
2024-02-13,354.5943737512555,357.99304337034437,351.4571445057712,354.4636535644531,16207766,0.0,0.0,ITC
2024-02-14,353.81010311289634,359.25668585200435,352.41576356986315,358.64666748046875,12618012,0.0,0.0,ITC
2024-02-15,359.9102525686611,361.26100948205914,351.3264405397178,351.98004150390625,21169031,0.0,0.0,ITC
2024-02-16,352.93863534518886,356.9037408495518,348.0584884974271,352.5900573730469,38963810,0.0,0.0,ITC
2024-02-19,352.93863831509657,359.6923952723139,352.59006034002135,356.6423034667969,17602580,0.0,0.0,ITC
2024-02-20,357.68804696525905,357.68804696525905,352.3286021787309,353.897216796875,14626643,0.0,0.0,ITC
2024-02-21,354.6815166984585,357.3830304413687,349.714232381529,351.500732421875,20162369,0.0,0.0,ITC
2024-02-22,354.59440707535987,361.7839075496002,351.58789773413196,361.17388916015625,19321180,0.0,0.0,ITC
2024-02-23,362.437422138074,362.437422138074,357.7315785908986,358.5158996582031,11576964,0.0,0.0,ITC
2024-02-26,358.2544765395862,359.9538113149577,354.94294457199726,356.5987243652344,8289561,0.0,0.0,ITC
2024-02-27,357.29588340568495,359.69237410510254,356.03226415387263,358.29803466796875,8083518,0.0,0.0,ITC
2024-02-28,358.2980510039956,359.34381253424715,354.50724831349424,355.8144226074219,8949664,0.0,0.0,ITC
2024-02-29,356.42443849344016,358.210910936739,352.5028880199136,354.0715026855469,15468800,0.0,0.0,ITC
2024-03-01,356.3372848204357,360.04094973021984,355.1172481779193,356.8601379394531,12873024,0.0,0.0,ITC
2024-03-04,359.2566932173203,359.86671160136217,355.94516090125154,356.5115966796875,7103794,0.0,0.0,ITC
2024-03-05,356.9908877579181,358.5159474971022,352.0236031921604,353.9407958984375,10108373,0.0,0.0,ITC
2024-03-06,354.245817593779,357.25232683748783,349.19139545598193,355.4222717285156,11534613,0.0,0.0,ITC
2024-03-07,355.422242231896,361.60956300525106,351.7621323177054,360.3895263671875,23907135,0.0,0.0,ITC
2024-03-11,363.22174052850943,364.52891467883273,355.552943164324,356.7729797363281,18298683,0.0,0.0,ITC
2024-03-12,354.245792445932,354.245792445932,348.0148889968415,352.4593200683594,36226074,0.0,0.0,ITC
2024-03-13,379.08222489894086,381.69657345167786,367.01260581088286,368.1454772949219,105525827,0.0,0.0,ITC
2024-03-14,367.7097716994342,370.8034184912404,364.2675193135294,365.7054138183594,31949569,0.0,0.0,ITC
2024-03-15,363.57035249882944,373.4613385589126,361.87101765864895,365.2261047363281,76074975,0.0,0.0,ITC
2024-03-18,365.13893424389084,366.6204111749259,363.3088793794741,363.7881774902344,16547358,0.0,0.0,ITC
2024-03-19,364.26749180614473,365.61824861989226,356.16297854254486,356.9037170410156,21803126,0.0,0.0,ITC
2024-03-20,357.2958991887677,363.09105972476596,356.9037386154801,362.26318359375,20364534,0.0,0.0,ITC
2024-03-21,365.13895628515684,367.75330475277406,362.69888298530844,367.0997314453125,19968509,0.0,0.0,ITC
2024-03-22,367.0997346711346,374.419927016119,367.0997346711346,373.5049133300781,40358503,0.0,0.0,ITC
2024-03-26,370.84700787081954,374.0278199287093,370.84700787081954,372.67706298828125,10669833,0.0,0.0,ITC
2024-03-27,372.1105664607041,373.7663462493522,371.6312683263577,372.9820251464844,12698464,0.0,0.0,ITC
2024-03-28,372.98202537113855,377.55714895063414,372.1105666848334,373.28704833984375,29009002,0.0,0.0,ITC
2024-04-01,373.94061930272346,375.90139442993103,371.02124791223844,371.8491516113281,9743648,0.0,0.0,ITC
2024-04-02,373.5920573017108,373.5920573017108,370.01911246222807,371.1084289550781,9194659,0.0,0.0,ITC
2024-04-03,371.23917578330645,373.67924932140846,366.8819094992353,370.5419921875,13152268,0.0,0.0,ITC
2024-04-04,370.8470255103089,372.4156403114754,365.9233233103204,368.4069519042969,19065447,0.0,0.0,ITC
2024-04-05,368.1890562257562,376.20643221522545,365.96684064487147,372.58990478515625,16768902,0.0,0.0,ITC
2024-04-08,373.24345690797344,375.94497048593604,372.76415878467856,373.94061279296875,8844633,0.0,0.0,ITC
2024-04-09,375.1171315326912,376.0321452699147,370.8470029815778,371.5441589355469,6967273,0.0,0.0,ITC
2024-04-10,373.24347735208397,381.5222937012438,371.02126177569613,380.78155517578125,14547618,0.0,0.0,ITC
2024-04-12,379.08226262781966,379.735863640498,373.24351897752365,374.8121337890625,18785009,0.0,0.0,ITC
2024-04-15,372.9820631978144,373.9842421696475,368.5376593514713,371.1520080566406,9083087,0.0,0.0,ITC
2024-04-16,368.84265473222285,372.11060442312856,368.79909974576583,371.1520080566406,10357752,0.0,0.0,ITC
2024-04-18,371.2391432432269,372.0234367437925,363.96250587237773,365.00823974609375,22133191,0.0,0.0,ITC
2024-04-19,364.26751553828564,371.45701560681107,362.52462568029154,370.14984130859375,17221280,0.0,0.0,ITC
2024-04-22,372.11059990884166,372.6334806910874,368.9298154672141,370.629150390625,7386048,0.0,0.0,ITC
2024-04-23,370.62913183698697,375.1606729933093,370.45482904533475,374.0278015136719,12484384,0.0,0.0,ITC
2024-04-24,374.0713833231087,375.4221402938995,373.24350714588553,373.7663879394531,6070285,0.0,0.0,ITC
2024-04-25,375.5964204369422,381.9580166930137,373.8535029761323,381.304443359375,30337038,0.0,0.0,ITC
2024-04-26,382.78588270732047,386.31527251993987,380.30225439111325,383.4394836425781,15342965,0.0,0.0,ITC
2024-04-29,385.1824430460164,385.57457603103137,378.7336810510775,381.87091064453125,12075706,0.0,0.0,ITC
2024-04-30,383.3958986847647,383.8751968280465,379.16935297976505,379.6486511230469,12528665,0.0,0.0,ITC
2024-05-02,379.95370549597897,385.7052836906617,378.9515265248856,382.56805419921875,24123523,0.0,0.0,ITC
2024-05-03,383.4830821961626,383.4830821961626,375.9014215073461,380.3458251953125,23786388,0.0,0.0,ITC
2024-05-06,381.696586307185,383.8316643954197,377.6443431520748,378.8643798828125,10753860,0.0,0.0,ITC
2024-05-07,380.7379975534372,388.6682364613034,379.2565204053134,383.7445068359375,26969062,0.0,0.0,ITC
2024-05-08,384.52880137635015,387.5353104505702,381.87087026244257,384.3109436035156,10916481,0.0,0.0,ITC
2024-05-09,383.4830771249932,384.74666881049484,368.9298019173525,370.454833984375,24314298,0.0,0.0,ITC
2024-05-10,371.6748545706709,380.2586660910364,371.6748545706709,377.6443176269531,14524604,0.0,0.0,ITC
2024-05-13,377.55719789702965,379.474418303003,374.2892481138932,376.3371887207031,7584217,0.0,0.0,ITC
2024-05-14,375.1606874498413,377.60076091368103,373.46135254601626,374.4635314941406,11423749,0.0,0.0,ITC
2024-05-15,375.3785050214278,377.5571378637732,371.89269799745216,372.8077392578125,7856433,0.0,0.0,ITC
2024-05-16,374.7249642167052,376.9907348358264,368.5376430939357,375.9885559082031,23911954,0.0,0.0,ITC
2024-05-17,376.8164487683138,381.260852290136,373.7663570890688,380.2151184082031,11894830,0.0,0.0,ITC
2024-05-21,379.9537206023592,380.912317006252,377.51364698558154,378.907958984375,11175153,0.0,0.0,ITC
2024-05-22,381.1301099979817,385.13879774122665,379.43077527659403,383.3523254394531,11036895,0.0,0.0,ITC
2024-05-23,384.65951888111425,387.70961053618345,380.4329731658347,384.6159362792969,27244733,0.0,0.0,ITC
2024-05-24,384.310951047624,385.5745427258716,379.34366668390487,380.1279602050781,13252938,0.0,0.0,ITC
2024-05-27,382.3937588680947,382.48089645524146,375.33497907481865,376.0321350097656,12282545,0.0,0.0,ITC
2024-05-28,376.55499875688963,376.9035767086136,373.19988418613605,373.8534851074219,9668761,0.0,0.0,ITC
2024-05-29,370.80339947365115,376.8164451895943,370.80339947365115,375.5528259277344,10832067,0.0,0.0,ITC
2024-05-30,373.417810468783,375.5528610140028,368.0583651839346,369.36553955078125,21314885,0.0,0.0,ITC
2024-05-31,371.8927270015866,374.3328003943377,369.7140939893284,371.63128662109375,29300711,0.0,0.0,ITC
2024-06-03,378.21078029410506,378.9951014605376,373.548518756603,375.02996826171875,16116836,0.0,0.0,ITC
2024-06-04,378.0819920118962,378.34825137293643,357.5359728112726,368.4967956542969,47791986,7.5,0.0,ITC
2024-06-05,374.5319394116942,386.9571898919485,371.02626584102927,381.8983459472656,28197030,0.0,0.0,ITC
2024-06-06,386.95714028519546,388.4658963975464,382.60830317461443,386.42462158203125,32318523,0.0,0.0,ITC
2024-06-07,382.8745629155196,391.9715980453364,382.60830356366677,389.7528076171875,29543660,0.0,0.0,ITC
2024-06-10,390.50722975348344,391.3947516185539,386.82404073501334,387.75592041015625,11872688,0.0,0.0,ITC
2024-06-11,387.844704269185,388.55471053198954,383.6289963758289,384.29461669921875,13158571,0.0,0.0,ITC
2024-06-12,382.1201976859324,385.53712730991356,381.80955237758644,383.67333984375,10751658,0.0,0.0,ITC
2024-06-13,387.7559399211235,387.7559399211235,381.4102131161108,381.8983459472656,9641349,0.0,0.0,ITC
2024-06-14,382.51958027789186,383.3183302481955,380.7889225262687,382.6527099609375,9572809,0.0,0.0,ITC
2024-06-18,384.29460735192566,385.3596448481991,380.0345417507453,380.5226745605469,14641141,0.0,0.0,ITC
2024-06-19,381.6320579972225,382.2976782837194,375.4638191590513,375.996337890625,11329972,0.0,0.0,ITC
2024-06-20,376.351347889539,378.5257525366393,374.08817136690516,375.6856994628906,15147549,0.0,0.0,ITC
2024-06-21,377.1944701000712,377.4607294610519,371.46997822289575,372.4018859863281,26176371,0.0,0.0,ITC
2024-06-24,372.7569026415791,376.26257601400545,372.7569026415791,375.6856994628906,9723008,0.0,0.0,ITC
2024-06-25,375.41944009223124,376.3069619517722,372.53502920868647,375.6856994628906,10655609,0.0,0.0,ITC
2024-06-26,375.4194068774307,378.4369753072999,374.576271030252,376.2625427246094,11511714,0.0,0.0,ITC
2024-06-27,376.2625632571175,379.19138810710024,373.73315557755257,377.72698974609375,38438054,0.0,0.0,ITC
2024-06-28,377.63823402627366,379.8570246308186,375.86321841942026,377.1057434082031,18554411,0.0,0.0,ITC
2024-07-01,378.3482763390493,381.8539498161556,376.8838497566948,380.7889404296875,13391362,0.0,0.0,ITC
2024-07-02,381.6320790804071,382.20895565283456,375.02006489132174,377.63824462890625,11177863,0.0,0.0,ITC
2024-07-03,378.1707597480842,381.32143008834834,377.63824099221983,380.123291015625,7435499,0.0,0.0,ITC
2024-07-04,381.6320763766379,382.9633451417158,379.0138966576025,380.7889404296875,9478861,0.0,0.0,ITC
2024-07-05,380.7445568579234,385.1821381877556,379.5020318353326,384.87152099609375,13427543,0.0,0.0,ITC
2024-07-08,386.20276307915896,394.5454064017364,384.871494397807,393.7022705078125,21311436,0.0,0.0,ITC
2024-07-09,397.25239022458226,403.8200190152989,394.05733365136314,401.6899719238281,27489709,0.0,0.0,ITC
2024-07-10,402.6662006020045,404.1306271806451,396.2760880434586,400.6693115234375,12065662,0.0,0.0,ITC
2024-07-11,399.3824242772935,407.81384048178734,398.22864294708677,407.0594482421875,19556596,0.0,0.0,ITC
2024-07-12,407.0594255817072,411.1420037598132,404.5743755491234,407.4144287109375,19693114,0.0,0.0,ITC
2024-07-15,407.41441139257415,413.98203932408734,405.77249737770325,411.2751159667969,16876907,0.0,0.0,ITC
2024-07-16,411.3195010056231,414.24832611511465,409.5000993772223,413.18328857421875,13497253,0.0,0.0,ITC
2024-07-18,410.92014365573266,417.9315189735093,410.6094983275924,417.3546142578125,21907158,0.0,0.0,ITC
2024-07-19,418.02022824325525,425.47537796795797,416.6001876694199,421.1708984375,25939326,0.0,0.0,ITC
2024-07-22,421.21530556282863,425.51975718184343,413.44953827294006,414.07080078125,18762384,0.0,0.0,ITC
2024-07-23,414.0708177614114,441.45069893305146,413.9376880664591,436.8356018066406,56125835,0.0,0.0,ITC
2024-07-24,440.20813578403585,453.210261927794,435.4599375014016,438.47747802734375,43693692,0.0,0.0,ITC
2024-07-25,434.8830724128117,440.20817585100497,430.13487369800487,434.8387145996094,18567567,0.0,0.0,ITC
2024-07-26,438.47750808548517,449.438331919922,432.57552818447857,445.7107849121094,21534703,0.0,0.0,ITC
2024-07-29,448.63953149070636,449.26079394354224,438.4774588253125,440.25250244140625,12978187,0.0,0.0,ITC
2024-07-30,440.47441788326415,441.8056866583547,433.6849161895334,434.7943115234375,13891052,0.0,0.0,ITC
2024-07-31,437.057492794329,441.9388210644049,435.3268349298526,439.63128662109375,11982586,0.0,0.0,ITC
2024-08-01,440.1637898116665,440.8738242304474,435.72620830215726,438.1669006347656,12114803,0.0,0.0,ITC
2024-08-02,430.26800111466224,443.2701002450131,430.26800111466224,434.0843200683594,22141163,0.0,0.0,ITC
2024-08-05,426.0522903769102,436.5693674354034,425.6085153542388,431.3330078125,25022076,0.0,0.0,ITC
2024-08-06,431.55485722587554,436.3918274973879,429.60232599318414,431.5992431640625,14251363,0.0,0.0,ITC
2024-08-07,434.88306494116813,439.8531651484879,433.1967929971014,437.2349853515625,11320399,0.0,0.0,ITC
2024-08-08,438.4331345718136,441.98319394772153,437.1018376938733,439.0987548828125,21349889,0.0,0.0,ITC
2024-08-09,441.98320282176905,441.98320282176905,437.6343652317819,440.1194152832031,9556181,0.0,0.0,ITC
2024-08-12,436.65807241158785,443.75819086408256,436.65807241158785,438.9656066894531,9425644,0.0,0.0,ITC
2024-08-13,440.16377394612385,441.85007398597685,433.32991441946837,434.883056640625,8056478,0.0,0.0,ITC
2024-08-14,436.61372835771095,442.870739636552,434.7943266973262,436.8356018066406,9609981,0.0,0.0,ITC
2024-08-16,438.87691939201966,447.4858232645307,437.2350051859108,446.11016845703125,13643352,0.0,0.0,ITC
2024-08-19,447.97393247220106,452.01212479668385,443.40322137860943,445.0451354980469,10591508,0.0,0.0,ITC
2024-08-20,444.6457074143468,446.77575417595006,441.71691069712347,442.69317626953125,6888634,0.0,0.0,ITC
2024-08-21,443.75819937308097,451.7458679452625,442.91506345507685,448.5508117675781,8801221,0.0,0.0,ITC
2024-08-22,450.72521402910553,451.3020905746001,445.0451079369473,447.7964172363281,8686423,0.0,0.0,ITC
2024-08-23,448.24017431856487,449.9264461841349,443.7138493421569,448.90582275390625,8195369,0.0,0.0,ITC
2024-08-26,449.08333702673025,450.85838087482534,445.5332774585128,448.81707763671875,8126402,0.0,0.0,ITC
2024-08-27,450.4589802075658,450.50336614741735,443.7582222004659,444.2907409667969,8260450,0.0,0.0,ITC
2024-08-28,444.11321976952377,445.79951979911414,440.65193221566744,441.3619384765625,8081932,0.0,0.0,ITC
2024-08-29,441.9832074702022,450.5921108617591,441.4063027627872,448.2845764160156,19389694,0.0,0.0,ITC
2024-08-30,445.4888768545288,451.87901762056,443.9357346345459,445.44451904296875,15523349,0.0,0.0,ITC
2024-09-02,447.30830387252314,455.20720087112886,446.6870413627012,452.6777648925781,16497266,0.0,0.0,ITC
2024-09-03,452.67773713088366,457.91409626795934,450.76959190714877,452.1008605957031,12481552,0.0,0.0,ITC
2024-09-04,443.75823319159593,452.6777821087004,443.7138753786177,449.39398193359375,8739052,0.0,0.0,ITC
2024-09-05,451.16898926523896,454.3196878148697,450.01523610168874,453.69842529296875,11318636,0.0,0.0,ITC
2024-09-06,454.40842025952134,454.40842025952134,441.2288060631329,445.2669982910156,14245025,0.0,0.0,ITC
2024-09-09,445.5332347318398,454.9852734029617,444.068836355185,454.1865234375,14265060,0.0,0.0,ITC
2024-09-10,454.3196763029774,457.0709575777058,451.5239809612763,455.8284606933594,11332248,0.0,0.0,ITC
2024-09-11,455.29594052025584,461.06479055779437,454.36403269993195,456.49407958984375,15497555,0.0,0.0,ITC
2024-09-12,457.15972630822966,461.95231069647195,451.3464903537594,461.0647888183594,19085324,0.0,0.0,ITC
2024-09-13,461.06478122957145,461.50852809733834,454.4084094452432,456.0503234863281,9165077,0.0,0.0,ITC
2024-09-16,457.8697459360179,458.84601159207153,452.36715513571806,453.60968017578125,7821668,0.0,0.0,ITC
2024-09-17,453.56527143027444,455.78406201482926,449.30517775626555,450.636474609375,10889862,0.0,0.0,ITC
2024-09-18,450.72523863670733,454.76343093157726,448.2845745094767,450.2814636230469,5638729,0.0,0.0,ITC
2024-09-19,452.63337290269794,456.89346666395045,450.4145822727039,451.0802307128906,14461616,0.0,0.0,ITC
2024-09-20,454.4084053209533,459.15663177722325,450.8583460271267,456.5384521484375,24725118,0.0,0.0,ITC
2024-09-23,457.4703364918065,461.0203958219378,455.8284505768036,458.8016052246094,8105508,0.0,0.0,ITC
2024-09-24,458.84598883876305,459.55599507559924,456.31658107204504,457.2928466796875,7015487,0.0,0.0,ITC
2024-09-25,457.51473537232573,460.88730730174024,454.67468220228506,459.3341369628906,8802667,0.0,0.0,ITC
2024-09-26,459.4228959190351,464.836771186585,458.84601932926836,463.9492492675781,16086557,0.0,0.0,ITC
2024-09-27,461.7304111043963,469.0524028961381,461.7304111043963,463.9048156738281,17916386,0.0,0.0,ITC
2024-09-30,462.041073483364,465.3692595674388,456.22783728937105,459.8666687011719,10936940,0.0,0.0,ITC
2024-10-01,459.86667475733265,461.28668733714517,456.18348548447455,458.1360168457031,5285319,0.0,0.0,ITC
2024-10-03,451.3464608766862,457.6921870412127,450.9470718384236,455.07403564453125,16481353,0.0,0.0,ITC
2024-10-04,452.63336905434744,459.15663932880176,445.1338612892048,446.9089050292969,18930962,0.0,0.0,ITC
2024-10-07,449.97082947423615,457.0265903354445,449.7489560397519,452.8108825683594,17114457,0.0,0.0,ITC
2024-10-08,452.63336638342724,454.8965429194943,449.08330705216247,450.81396484375,9868331,0.0,0.0,ITC
2024-10-09,452.4558677197935,452.4558677197935,435.37116365980967,436.3918151855469,24874940,0.0,0.0,ITC
2024-10-10,439.63128105582945,439.8975404359125,434.39492158878744,436.7024841308594,13292273,0.0,0.0,ITC
2024-10-11,437.5456162489988,438.38875219322694,432.57551620558445,433.2855224609375,14949380,0.0,0.0,ITC
2024-10-14,435.7705826929564,442.8707297967612,433.6849216890066,441.0513000488281,6970606,0.0,0.0,ITC
2024-10-15,441.98318067862937,443.2257056420901,438.8768682699775,442.4713134765625,8347216,0.0,0.0,ITC
2024-10-16,440.2081640936547,442.73760011362725,436.9687218016791,437.7231140136719,6939430,0.0,0.0,ITC
2024-10-17,439.3206464164686,439.3206464164686,433.1080492847109,433.90679931640625,7669729,0.0,0.0,ITC
2024-10-18,433.77365572961855,436.25870575391593,424.58787595548876,431.9542541503906,22616838,0.0,0.0,ITC
2024-10-21,431.9542685241088,432.7530466847723,423.65598222997573,429.2473449707031,7680088,0.0,0.0,ITC
2024-10-22,429.24735239464593,433.4630604613462,426.71791630343665,427.6054382324219,12772970,0.0,0.0,ITC
2024-10-23,426.8954190593147,428.9366941192119,425.56415026999287,426.31854248046875,10553961,0.0,0.0,ITC
2024-10-24,427.78290078317127,428.1379038851162,417.13269521294427,418.6414794921875,13596626,0.0,0.0,ITC
2024-10-25,422.2802860102857,437.9893351421083,420.86027359030857,428.0491638183594,32154050,0.0,0.0,ITC
2024-10-28,427.73850894134046,431.24421023259157,422.4577921648733,429.6910400390625,8946214,0.0,0.0,ITC
2024-10-29,430.44547989302475,434.173055017219,427.1616797853139,433.06365966796875,7131161,0.0,0.0,ITC
2024-10-30,433.0636412897533,437.76748187143,431.7767303629288,436.2586975097656,6640080,0.0,0.0,ITC
2024-10-31,436.6580767162302,437.5455985635339,430.1791925460866,433.8180236816406,8111694,0.0,0.0,ITC
2024-11-01,435.7705850330851,436.74685069430546,434.26180060102746,435.1493225097656,1517892,0.0,0.0,ITC
2024-11-04,437.9449338097809,437.9449338097809,425.6084568010547,430.0904235839844,8754385,0.0,0.0,ITC
2024-11-05,428.626027623895,430.48981496576437,423.30092495112115,426.18536376953125,7610046,0.0,0.0,ITC
2024-11-06,426.1853808967422,429.91295573028174,424.23284973478434,426.984130859375,11749720,0.0,0.0,ITC
2024-11-07,427.5610311124764,428.4041670029908,422.5465454495721,424.1440734863281,9267980,0.0,0.0,ITC
2024-11-08,424.14409199348466,426.62914196530926,421.21529515296464,424.2772216796875,6325023,0.0,0.0,ITC
2024-11-11,424.27719940013185,427.3391257660674,420.77152618880274,423.3009338378906,5700343,0.0,0.0,ITC
2024-11-12,423.8778783496949,424.1884955450853,418.1533859891892,419.66217041015625,5236095,0.0,0.0,ITC
2024-11-13,417.1771207432275,421.30405680700125,415.57959256886795,419.08526611328125,11548660,0.0,0.0,ITC
2024-11-14,418.19778263445596,419.75092490711046,410.25449937906205,413.5382995605469,12087836,0.0,0.0,ITC
2024-11-18,413.582667962433,415.18019610837695,410.0326085412211,414.07080078125,8448573,0.0,0.0,ITC
2024-11-19,415.35772747288905,420.46092929422525,413.8045570792864,414.78082275390625,7121472,0.0,0.0,ITC
2024-11-21,409.14507908254996,411.8520025055283,404.17497910804383,405.7281494140625,20313155,0.0,0.0,ITC
2024-11-22,404.8849760938828,422.90155996145944,404.26371361127775,421.2596740722656,20214206,0.0,0.0,ITC
2024-11-25,425.1203780003654,427.96043122898016,419.26278403833174,423.1678466796875,14427013,0.0,0.0,ITC
2024-11-26,426.00790505967507,428.3598254865603,420.7715735570813,423.3453674316406,6791715,0.0,0.0,ITC
2024-11-27,423.78906661901124,426.09662897337176,419.7952606265615,423.3009338378906,7339184,0.0,0.0,ITC
2024-11-28,423.3453549185364,429.3804644079403,417.6208626211006,421.4815673828125,14967609,0.0,0.0,ITC
2024-11-29,419.9728059672548,425.0316500902855,419.44028717704947,423.1235046386719,8668142,0.0,0.0,ITC
2024-12-02,422.45781779270055,425.3866146169551,420.1502834579519,423.5228271484375,5689595,0.0,0.0,ITC
2024-12-03,413.5826685185779,420.150296739833,410.69822941298054,419.3959045410156,23073942,0.0,0.0,ITC
2024-12-04,421.0378138404822,424.41035759923045,413.93766694127874,414.5589294433594,13957078,0.0,0.0,ITC
2024-12-05,414.95829584839544,419.573364359292,410.4763288904174,414.9139099121094,27432375,0.0,0.0,ITC
2024-12-06,417.1327297650406,421.5259532874458,415.09145472778096,418.15338134765625,7842234,0.0,0.0,ITC
2024-12-09,418.46402375156447,418.9077987884686,410.87577158981935,412.6507873535156,12154116,0.0,0.0,ITC
2024-12-10,413.00576919388504,413.982034779044,410.5650771030177,413.0945129394531,9163636,0.0,0.0,ITC
2024-12-11,414.64764990839933,415.5351717369577,412.42885940098836,412.9169921875,7005617,0.0,0.0,ITC
2024-12-12,413.13890698990156,415.2689256931872,407.5031586682021,408.7900695800781,13380617,0.0,0.0,ITC
2024-12-13,408.25752859892617,421.0377807622414,400.84676509488423,417.1326904296875,32976794,0.0,0.0,ITC
2024-12-16,417.3546262796443,421.0378437429753,415.35773707139464,417.22149658203125,9354160,0.0,0.0,ITC
2024-12-17,417.1327264699478,422.2803140258282,410.96448733951416,416.73333740234375,20608409,0.0,0.0,ITC
2024-12-18,419.5290082075605,420.50527378595007,414.38139282481444,417.57647705078125,12841386,0.0,0.0,ITC
2024-12-19,416.24520549634906,420.9934321229976,412.96140545412305,414.07080078125,15161531,0.0,0.0,ITC
2024-12-20,414.02640741203714,414.8695714730185,407.63629494293747,412.384521484375,20231570,0.0,0.0,ITC
2024-12-23,418.1978004181174,423.9666509835454,415.0027157268919,420.90472412109375,19562956,0.0,0.0,ITC
2024-12-24,421.4815623327857,426.22976080207064,419.48464513072406,424.6322326660156,12009880,0.0,0.0,ITC
2024-12-26,426.49598988303813,427.64977106021837,422.4577979548613,423.3009338378906,9188830,0.0,0.0,ITC
2024-12-27,425.78603247431005,427.6942060097115,422.4578463685404,424.765380859375,16906420,0.0,0.0,ITC
2024-12-30,426.67355353066995,427.294816060941,422.45784551297163,423.3453674316406,13578360,0.0,0.0,ITC
2024-12-31,424.6322478965829,430.13486688433846,421.1709321229858,429.2473449707031,13787501,0.0,0.0,ITC
2025-01-01,431.3330125070726,432.0874047386494,427.9160826223791,429.51361083984375,18931186,0.0,0.0,ITC
2025-01-02,430.75611694752047,434.8830529409553,428.0491934724373,434.0399169921875,27131131,0.0,0.0,ITC
2025-01-03,435.1049437212856,435.7705921957735,425.8747776002328,427.4279479980469,38500784,0.0,0.0,ITC
2025-01-06,419.92534197219254,425.5937753688359,406.698978628043,407.9893493652344,22009958,0.0,0.0,ITC
2025-01-07,410.61619292699265,412.551763098371,405.68510619666324,406.56072998046875,14294780,0.0,0.0,ITC
2025-01-08,408.31192319196157,416.65327289988676,402.8739144906199,414.3490295410156,13482926,0.0,0.0,ITC
2025-01-09,414.21078814534843,424.57988345002826,411.1230963623607,414.8559875488281,19732649,0.0,0.0,ITC
2025-01-10,414.71772931211405,416.60719760759747,407.8510728791192,410.0631408691406,9145729,0.0,0.0,ITC
2025-01-13,400.93834065834005,409.2336166719609,400.93834065834005,404.67120361328125,17799607,0.0,0.0,ITC
2025-01-14,406.468518001142,406.92936666100724,401.72178243012405,402.4130554199219,18048459,0.0,0.0,ITC
2025-01-15,402.4130665906223,407.2058759094838,401.2609449089771,403.1043395996094,9786805,0.0,0.0,ITC
2025-01-16,403.7495048035536,405.03990357000157,397.3437252265509,398.9566955566406,15774070,0.0,0.0,ITC
2025-01-17,399.09496873161544,407.20589448929087,398.63412003792996,405.731201171875,11270061,0.0,0.0,ITC
2025-01-20,404.6251362205085,406.65288163954455,401.86004417344355,403.42694091796875,8742771,0.0,0.0,ITC
2025-01-21,403.7034408317465,411.99871701322076,401.16877310962934,403.2886657714844,15686500,0.0,0.0,ITC
2025-01-22,405.45465494630946,407.34415137338146,402.36696322633964,402.78173828125,9619648,0.0,0.0,ITC
2025-01-23,400.9383635063573,407.2519962354426,400.10884148331786,405.731201171875,8888248,0.0,0.0,ITC
2025-01-24,404.99380003866463,410.1553106977586,404.6712003484769,407.02154541015625,9665384,0.0,0.0,ITC
2025-01-27,406.2841788337263,410.1553189378108,402.36696511353375,405.6390075683594,10480203,0.0,0.0,ITC
2025-01-28,405.5468305521421,407.205874516849,400.47749517024033,401.3531188964844,20813072,0.0,0.0,ITC
2025-01-29,401.81396017503766,403.24257977791996,396.4220251969846,399.41754150390625,15158510,0.0,0.0,ITC
2025-01-30,399.0949602480921,403.70344708698457,397.66634057922397,402.0444030761719,22496695,0.0,0.0,ITC
2025-01-31,402.3209231243453,413.1047941706201,401.0305523642032,412.4595947265625,13546181,0.0,0.0,ITC
2025-02-01,412.9204004159707,434.58028749136196,405.13204679086533,426.3310852050781,30393007,0.0,0.0,ITC
2025-02-03,425.8242034381593,428.77364640147414,416.88372730958895,418.7732238769531,16991730,0.0,0.0,ITC
2025-02-04,422.13740225440523,424.30339673436174,413.61170144468196,419.51055908203125,18923681,0.0,0.0,ITC
2025-02-05,419.51056712020244,420.1557665531382,411.5378902142114,413.0586853027344,12836283,0.0,0.0,ITC
2025-02-06,414.76383123938655,414.76383123938655,403.88781313807607,406.56072998046875,17469129,0.0,0.0,ITC
2025-02-07,405.5468369559543,410.6161724179037,394.8551419924304,397.1133117675781,18875982,0.0,0.0,ITC
2025-02-10,393.5647947742935,399.37147721649563,393.1039460684688,393.7491455078125,12227140,0.0,0.0,ITC
2025-02-11,395.22381215861816,396.83678252001545,384.8086433619268,385.5459899902344,14288751,0.0,0.0,ITC
2025-02-12,386.80994975406657,387.4185038147077,381.61379694988227,383.76715087890625,13884574,6.5,0.0,ITC
2025-02-13,383.8139869931189,387.55897028927046,382.92454203150083,383.5799255371094,12989029,0.0,0.0,ITC
2025-02-14,385.49918673722794,389.6654917445899,382.3627577670518,384.0948181152344,14124236,0.0,0.0,ITC
2025-02-17,383.6735266720701,385.1715257026187,380.8179883419268,382.550048828125,11975265,0.0,0.0,ITC
2025-02-18,381.98828064755554,384.6565868517638,378.243297503952,379.4136047363281,12998403,0.0,0.0,ITC
2025-02-19,378.9922963842513,382.7372796630362,378.7114340671244,380.49029541015625,7079032,0.0,0.0,ITC
2025-02-20,374.4515396266307,378.14969359579993,370.9406176845331,376.4176330566406,15355585,0.0,0.0,ITC
2025-02-21,376.4175887530304,377.5410950710494,373.7493112486519,375.3409118652344,8240986,0.0,0.0,ITC
2025-02-24,374.49832980990334,377.6815598988965,373.3280225292474,376.2771911621094,7037625,0.0,0.0,ITC
2025-02-25,376.3708172507043,381.05204632098673,374.96644852961964,379.03912353515625,15760891,0.0,0.0,ITC
2025-02-27,379.03910612899966,380.5839059368619,374.0301855394252,375.9963073730469,19051003,0.0,0.0,ITC
2025-02-28,373.5620607013944,376.8389208829856,367.1956009202271,369.81707763671875,31954776,0.0,0.0,ITC
2025-03-03,370.7065321930963,373.5620704254616,366.2593646880312,372.11090087890625,10702826,0.0,0.0,ITC
2025-03-04,370.19155946983375,371.8768189431307,367.80414426427035,369.6766357421875,13404774,0.0,0.0,ITC
2025-03-05,369.34893741865807,386.4354218493058,369.34893741865807,379.226318359375,15665018,0.0,0.0,ITC
2025-03-06,383.06496126915613,383.57991359952393,375.01324171862086,379.8349304199219,17869996,0.0,0.0,ITC
2025-03-07,377.82199696260744,379.97537953583947,376.08996501773333,378.1496887207031,11180761,0.0,0.0,ITC
2025-03-10,375.48135271072846,380.9115952921479,374.8727986777293,379.1795349121094,9785018,0.0,0.0,ITC
2025-03-11,375.902673045256,382.36276308182994,375.6218107457345,380.30303955078125,11099475,0.0,0.0,ITC
2025-03-12,380.49028283582663,386.9503730638485,378.2432986572043,386.1077575683594,13844306,0.0,0.0,ITC
2025-03-13,386.66950472868797,387.9802430981233,382.17553644149433,385.7800598144531,8196569,0.0,0.0,ITC
2025-03-17,386.66952781576737,389.7123267634701,381.052052835393,381.9414978027344,5257805,0.0,0.0,ITC
2025-03-18,383.86074286990106,385.68643344159955,381.7541900126882,383.01812744140625,13861897,0.0,0.0,ITC
2025-03-19,383.8607709374216,384.56295527450226,376.9325578592833,377.3538513183594,12830387,0.0,0.0,ITC
2025-03-20,379.17954934766647,380.72434920469203,376.27718165061447,378.1965026855469,16994037,0.0,0.0,ITC
2025-03-21,380.06900971850354,381.5201793399715,376.08996490330134,379.6944885253906,25302035,0.0,0.0,ITC
2025-03-24,381.0520466941976,386.5290904261833,379.7413082676257,384.7033996582031,14362572,0.0,0.0,ITC
2025-03-25,385.73324448631945,388.77604313821394,382.6436449762537,383.6734924316406,20338110,0.0,0.0,ITC
2025-03-26,384.14163817608556,384.9842822489654,380.34985413594273,381.3797302246094,13891436,0.0,0.0,ITC
2025-03-27,381.98828786888856,384.5161629673909,379.78810451603715,383.3458557128906,18642328,0.0,0.0,ITC
2025-03-28,384.70338591875066,389.10375252075136,382.12871001952664,383.626708984375,12981873,0.0,0.0,ITC
2025-04-01,383.67353391685737,387.9802704965241,379.74131853086607,380.724365234375,15206240,0.0,0.0,ITC
2025-04-02,381.0988219723193,383.8607583698592,380.1625762201977,382.9713134765625,8001323,0.0,0.0,ITC
2025-04-03,381.09882796400086,384.0480249871138,380.77116480316903,383.29901123046875,7059566,0.0,0.0,ITC
2025-04-04,381.520173295444,386.4822647340628,378.7114358233303,383.5799255371094,18627592,0.0,0.0,ITC
2025-04-07,365.27629507252,382.0819186994949,365.27629507252,380.16259765625,26762866,0.0,0.0,ITC
2025-04-08,385.639645397668,389.29099836095855,381.2861080732848,386.2481994628906,18600796,0.0,0.0,ITC
2025-04-09,386.66952496818857,392.3338007695701,385.0310947776454,389.7591247558594,21785572,0.0,0.0,ITC
2025-04-11,393.2232079835811,395.51702145893296,390.4144707836984,394.67437744140625,8939356,0.0,0.0,ITC
2025-04-15,401.8366972313636,401.8366972313636,392.2869789172459,393.59771728515625,11685880,0.0,0.0,ITC
2025-04-16,391.3507297543969,398.8874967335651,391.3507297543969,397.3895263671875,13034594,0.0,0.0,ITC
2025-04-17,397.9044638020452,400.5727700384027,394.6744043729881,400.0110168457031,22410217,0.0,0.0,ITC
2025-04-21,400.76000152305585,401.7430767519647,394.6276029884348,395.89154052734375,27388236,0.0,0.0,ITC
2025-04-22,398.7939022404639,407.0796545529523,396.5468895062768,405.9561767578125,32031936,0.0,0.0,ITC
2025-04-23,408.39042088422286,409.5607281098517,401.5090086831345,403.3815002441406,19566317,0.0,0.0,ITC
2025-04-24,404.317736314244,408.2499513547456,401.9302924881275,402.6324768066406,26064089,0.0,0.0,ITC
2025-04-25,402.63249298157206,405.11356719755287,396.3128338610747,400.52593994140625,22944377,0.0,0.0,ITC
2025-04-28,399.4492355949674,403.05378737531595,397.67037441966426,401.462158203125,6287095,0.0,0.0,ITC
2025-04-29,401.5558052623093,402.21118873045583,397.90445247166593,398.8406982421875,11189930,0.0,0.0,ITC
2025-04-30,400.151441347787,401.9303026184644,395.0957198414577,398.6534423828125,10026546,0.0,0.0,ITC
2025-05-02,397.06183232395665,403.990045229964,397.06183232395665,402.1175537109375,9263372,0.0,0.0,ITC
2025-05-05,402.8197624517931,410.5437904360518,401.9771469315377,409.0926208496094,11525305,0.0,0.0,ITC
2025-05-06,409.60755115118997,411.6204739738847,405.3944449107777,407.7818603515625,15026568,0.0,0.0,ITC
2025-05-07,405.76890647461266,407.2669054042834,402.30481430744925,403.662353515625,9710361,0.0,0.0,ITC
2025-05-08,401.6494314878609,403.9900458904708,396.54688066139005,403.1474304199219,19937960,0.0,0.0,ITC
2025-05-09,398.7939183424925,401.7898878224534,396.031981745509,396.5469055175781,8226512,0.0,0.0,ITC
2025-05-12,402.1175715800131,408.3904298762828,400.85363403411344,407.73504638671875,8031891,0.0,0.0,ITC
2025-05-13,407.1732884018215,410.02885520481095,398.23215253511023,400.61956787109375,14976369,0.0,0.0,ITC
2025-05-14,399.8706113129977,404.31777913456966,398.7471048556076,401.74310302734375,9557309,0.0,0.0,ITC
2025-05-15,401.7430504961949,407.64138719634747,398.84068300407523,405.06671142578125,24263510,0.0,0.0,ITC
2025-05-16,407.17328847071144,408.3904251412249,404.5518116867584,407.92230224609375,16402035,0.0,0.0,ITC
2025-05-19,407.266912756039,410.54377297361634,405.0667294669892,407.5946044921875,7543854,0.0,0.0,ITC
2025-05-20,409.13940063587995,412.69712312567145,405.30078727250276,407.17327880859375,9868414,0.0,0.0,ITC
2025-05-21,408.7649303606408,410.2629293856914,404.4581938781033,405.3944396972656,5776672,0.0,0.0,ITC
2025-05-22,405.3944162358384,405.3944162358384,395.9383282951614,398.934326171875,19451749,0.0,0.0,ITC
2025-05-23,406.3306853522196,411.01191444613914,401.6494562583,408.4840393066406,18536884,0.0,0.0,ITC
2025-05-26,410.30973168302756,415.2718231131618,408.90536294937203,414.66326904296875,13107662,0.0,0.0,ITC
2025-05-27,414.6632730298236,415.8804097538671,403.381522189769,406.237060546875,26986022,0.0,0.0,ITC
2025-05-28,398.2753781298962,402.9475037342144,393.79393430833676,400.65911865234375,431851622,7.85,0.0,ITC
2025-05-29,402.37538231693094,403.1381676108757,397.22650883681956,399.2765197753906,21478547,0.0,0.0,ITC
2025-05-30,399.61025828083166,400.5160622005545,397.03580693342064,398.60906982421875,30656239,0.0,0.0,ITC
2025-06-02,398.8474376645607,400.8974777159352,395.2718270145734,399.8009338378906,14973380,0.0,0.0,ITC
2025-06-03,399.5149278857097,402.0893793944988,396.32070963544066,397.5602722167969,13216486,0.0,0.0,ITC
2025-06-04,397.7509287646849,399.5149025311001,396.60675079881145,397.60791015625,12598933,0.0,0.0,ITC
2025-06-05,399.0381564747108,401.37423378518696,396.4160419459044,399.6102600097656,13212523,0.0,0.0,ITC
2025-06-06,400.7544518057209,401.7079480309055,399.5149183523392,401.4695739746094,8774988,0.0,0.0,ITC
2025-06-09,402.375397024289,403.9009967663349,400.94515272206996,403.3765563964844,10473123,0.0,0.0,ITC
2025-06-10,404.75914276623337,408.62079079284285,403.3765616168375,407.14288330078125,13041075,0.0,0.0,ITC
2025-06-11,408.0963712404173,408.1917266795449,405.09286404746234,406.3323974609375,20789182,0.0,0.0,ITC
2025-06-12,407.1428518408551,407.3335627082408,400.0392939574362,401.421875,18508835,0.0,0.0,ITC
2025-06-13,395.70092072544685,399.8486349912841,394.27067643366814,394.6520690917969,17873926,0.0,0.0,ITC
2025-06-16,395.65327347360335,399.4195661344484,394.0323182383462,398.75213623046875,7006629,0.0,0.0,ITC
2025-06-17,398.65677784510535,399.5625818006199,396.3683927227586,397.98931884765625,9028406,0.0,0.0,ITC
2025-06-18,397.6079031209599,398.99048420762057,395.60555534311806,396.5590515136719,8036215,0.0,0.0,ITC
2025-06-19,396.3206894558478,398.799785393935,395.51021186668925,396.6544189453125,12601006,0.0,0.0,ITC
2025-06-20,396.6544118043789,399.9916484421562,396.6544118043789,399.0858154296875,13203184,0.0,0.0,ITC
2025-06-23,397.60791311448514,398.08466121174473,392.6020580932596,394.6520690917969,14839890,0.0,0.0,ITC
2025-06-24,397.51258055441934,401.0881914896625,394.50907318849437,395.0811767578125,16690068,0.0,0.0,ITC
2025-06-25,397.0357918303469,398.7044100961672,395.7962584722378,396.9881286621094,9946718,0.0,0.0,ITC
2025-06-26,397.7986102268212,401.32652856542074,396.89277723401676,400.7544250488281,13703918,0.0,0.0,ITC
2025-06-27,401.4219047765532,402.37540098742386,398.370705262409,399.1811828613281,21409935,0.0,0.0,ITC
2025-06-30,400.27768502039476,401.1835180314217,396.46370029757674,397.08349609375,12317124,0.0,0.0,ITC
2025-07-01,397.60790154563335,399.3718752738479,395.6055537757248,395.7962646484375,13670465,0.0,0.0,ITC
2025-07-02,397.512538667108,397.512538667108,392.5543761517345,393.7462463378906,15990899,0.0,0.0,ITC
2025-07-03,394.7474217316605,396.65441410717574,392.125307215327,394.1276550292969,14185298,0.0,0.0,ITC
2025-07-04,395.60555949045533,395.70091492818915,392.60205234140216,393.3648376464844,8256733,0.0,0.0,ITC
2025-07-07,393.7939474948049,397.7986433459749,392.8404512538974,396.7974548339844,6845218,0.0,0.0,ITC
2025-07-08,396.7974565033287,398.656785820279,395.3672121359503,397.79864501953125,6807192,0.0,0.0,ITC
2025-07-09,396.84513753591426,400.7544487506528,396.13001537247743,399.9440002441406,9930533,0.0,0.0,ITC
2025-07-10,400.75444928229246,400.75444928229246,397.0358198471668,397.46490478515625,6220360,0.0,0.0,ITC
2025-07-11,397.6079166905238,398.6090760644153,396.1776723858816,397.4172058105469,8578844,0.0,0.0,ITC
2025-07-14,397.6555793753181,400.42074163962934,397.1788312743534,399.89630126953125,6896989,0.0,0.0,ITC
2025-07-15,401.3265570457718,402.75680138955454,399.5149200299927,402.47076416015625,8532755,0.0,0.0,ITC
2025-07-16,402.47075168839604,405.66496977687433,400.7544410700043,404.8544921875,9780773,0.0,0.0,ITC
2025-07-17,405.99865531946784,406.0940107556235,403.3288776974709,404.2347106933594,7240795,0.0,0.0,ITC
2025-07-18,405.4265924462953,405.4265924462953,400.56375604779373,403.09051513671875,6730256,0.0,0.0,ITC
2025-07-21,402.3753881438521,403.09051027917883,398.9427960746048,400.5637512207031,4822343,0.0,0.0,ITC
2025-07-22,400.5637591824813,400.8497964029397,395.8916336251602,396.6544189453125,9869507,0.0,0.0,ITC
2025-07-23,397.7032702848046,398.46605560438246,394.74742624924966,395.65325927734375,12196187,0.0,0.0,ITC
2025-07-24,396.5113943772586,396.5113943772586,390.4090246125477,390.8857727050781,9005157,0.0,0.0,ITC
2025-07-25,390.93343164953177,391.1718056932205,388.7880652563331,390.361328125,5824089,0.0,0.0,ITC
2025-07-28,391.69624504720383,391.7439373183991,389.59857077130863,390.8381042480469,8123337,0.0,0.0,ITC
2025-07-29,390.9334433644723,392.2683322294525,389.02645095781634,389.4555358886719,6811772,0.0,0.0,ITC
2025-07-30,389.979938885481,390.26597610105154,386.8810762904252,388.6450500488281,10915863,0.0,0.0,ITC
2025-07-31,387.07180823457605,394.7474412869076,386.6903864618624,392.79278564453125,19364174,0.0,0.0,ITC
2025-08-01,393.22181910286025,399.8486291981142,392.6497155747587,397.08349609375,14324065,0.0,0.0,ITC
2025-08-04,400.6591229390907,402.85215260384814,395.79628640159,397.46490478515625,18352458,0.0,0.0,ITC
2025-08-05,397.798622737676,398.5137448813091,393.7939270939727,394.89044189453125,8495104,0.0,0.0,ITC
2025-08-06,394.8904345378628,395.700912105227,391.4101793233631,392.8404235839844,9080543,0.0,0.0,ITC
2025-08-07,392.84042811675334,395.4625426248142,392.5066986324122,394.36602783203125,11514878,0.0,0.0,ITC
2025-08-08,394.6520785787631,396.03465973340934,393.74627463123227,395.22418212890625,9814361,0.0,0.0,ITC
2025-08-11,395.22418285040254,397.6079233983543,394.74743474081214,397.46490478515625,8514272,0.0,0.0,ITC
2025-08-12,397.60789534116395,400.277672927119,395.9869402435813,396.9881286621094,13635738,0.0,0.0,ITC
2025-08-13,397.79861741128474,398.08465462555023,394.3660253481281,394.8427734375,10874910,0.0,0.0,ITC
2025-08-14,394.98578714952254,395.7485724437067,391.8869246070097,392.3160095214844,9580361,0.0,0.0,ITC
2025-08-18,393.79392311853456,394.4613820852118,386.02293505585004,387.4054870605469,30950814,0.0,0.0,ITC
2025-08-19,387.45317241186046,390.36132407533586,385.68919868718467,390.0752868652344,16681331,0.0,0.0,ITC
2025-08-20,390.07529508093324,391.17180987394187,386.5950398255606,387.1671142578125,18188129,0.0,0.0,ITC
2025-08-21,387.16711674788274,387.9299311597819,384.59269449100873,386.69036865234375,15028966,0.0,0.0,ITC
2025-08-22,387.1194281666145,387.5961762308591,379.01471107445633,379.7774963378906,13087624,0.0,0.0,ITC
2025-08-25,380.44498754804886,381.92289503325094,377.82287297221643,380.7787170410156,10440286,0.0,0.0,ITC
2025-08-26,380.7310351895941,386.5473680457286,379.87289439733723,384.59271240234375,13715752,0.0,0.0,ITC
2025-08-28,385.6892144680879,385.6892144680879,381.39848155064317,382.2566223144531,12471719,0.0,0.0,ITC
2025-08-29,383.3054728016321,391.3625273394323,383.21011736185324,390.695068359375,25255050,0.0,0.0,ITC
2025-09-01,390.69506980769,391.12415473908817,386.1659628361549,386.9764404296875,12268090,0.0,0.0,ITC
2025-09-02,387.6438838396435,388.88344640782555,385.6415650189729,387.8345947265625,19808255,0.0,0.0,ITC
2025-09-03,389.50318820677745,394.03229504639114,388.3589811553069,392.60205078125,12936588,0.0,0.0,ITC
2025-09-04,404.2347131456668,407.1428648264985,395.7009107798522,396.5590515136719,27274123,0.0,0.0,ITC
2025-09-05,397.5125541844266,397.60790962272006,385.59385185760647,388.40667724609375,16000675,0.0,0.0,ITC
2025-09-08,388.5020552463618,391.4578703163545,387.88225941065747,388.5973815917969,7419022,0.0,0.0,ITC
2025-09-09,389.5032021316832,391.8392794876205,388.4543504800707,390.9811096191406,8825896,0.0,0.0,ITC
2025-09-10,391.8869277335158,394.46137904411546,389.9322722150785,393.8415832519531,9252397,0.0,0.0,ITC
2025-09-11,393.8416037431192,397.32188823995943,393.26952928734954,395.74859619140625,8274406,0.0,0.0,ITC
2025-09-12,396.03463286721455,397.65555886786507,393.6508924853225,394.509033203125,7803379,0.0,0.0,ITC
2025-09-15,393.84159774229215,395.03346800431143,392.60206430915014,393.460205078125,5707331,0.0,0.0,ITC
2025-09-16,393.98463766531836,395.0811524650244,392.84043059703714,393.8892822265625,8239087,0.0,0.0,ITC
2025-09-17,394.6997410484167,395.31950772328065,389.0740905115468,390.2659606933594,14113882,0.0,0.0,ITC
2025-09-18,392.22066465605855,393.84159072448466,391.02879441527705,392.4113464355469,15647808,0.0,0.0,ITC
2025-09-19,392.411332862674,393.4125212893377,389.932266126311,391.5531921386719,19505321,0.0,0.0,ITC
2025-09-22,391.5532176336283,391.8869471309128,387.16712919399254,388.0252990722656,8930779,0.0,0.0,ITC
2025-09-23,388.16830584530703,389.1218020379517,383.4008248820839,384.4496765136719,14936357,0.0,0.0,ITC
2025-09-24,384.4496624147626,385.83221438435834,382.0659220205699,382.3519592285156,12380865,0.0,0.0,ITC
2025-09-25,382.7810611389299,384.2589686096089,379.4914876094897,381.49383544921875,22006368,0.0,0.0,ITC
2025-09-26,381.49381081167934,387.02407677530545,381.20774451111,386.26129150390625,14414044,0.0,0.0,ITC
2025-09-29,387.97758033993085,389.02643193197514,384.44966201919163,388.3113098144531,19717660,0.0,0.0,ITC
2025-09-30,387.8345649867495,387.8345649867495,381.7798585213034,382.8763732910156,9465490,0.0,0.0,ITC
2025-10-01,383.6392049522153,387.1194602903188,381.16010899274613,386.7380676269531,17643039,0.0,0.0,ITC
2025-10-03,386.0706081822361,386.6427117258004,383.5915122257209,385.4985046386719,16987141,0.0,0.0,ITC
2025-10-06,384.25895278749806,385.1170935125061,381.20775343369894,382.11358642578125,13989077,0.0,0.0,ITC
2025-10-07,383.78224573811093,383.8776011840606,380.92175695000077,381.2077941894531,12298968,0.0,0.0,ITC
2025-10-08,381.3984692581301,383.0670875611344,379.4914769118394,381.16009521484375,8402463,0.0,0.0,ITC
2025-10-09,380.4449598795719,382.73334479601107,380.3972967119267,381.3031005859375,15656267,0.0,0.0,ITC
2025-10-10,381.82757497204756,385.0694563176354,380.92174191886477,384.0682678222656,15085738,0.0,0.0,ITC
2025-10-13,381.3984717438948,382.3043047536442,380.0158906444655,380.683349609375,9508594,0.0,0.0,ITC
2025-10-14,381.3984588314936,382.2089363761892,377.77518511195166,378.3472595214844,10291102,0.0,0.0,ITC
2025-10-15,379.4914637395229,382.2089335583413,378.7763416344861,381.3031005859375,16043867,0.0,0.0,ITC
2025-10-16,382.3519869568705,387.11946809099607,380.96940578861586,386.3089904785156,22962049,0.0,0.0,ITC
2025-10-17,386.49966683131913,394.60438403521437,386.40431139747704,392.9834289550781,21071344,0.0,0.0,ITC
2025-10-20,393.3648351646861,395.5578938251509,392.17296494651845,393.8415832519531,13083621,0.0,0.0,ITC
2025-10-21,394.27067613010945,394.6997610566706,393.1741613269356,393.6509094238281,1142130,0.0,0.0,ITC
2025-10-23,396.65441365825745,400.89748332833454,394.3183363615374,396.60675048828125,24305990,0.0,0.0,ITC
2025-10-24,396.6067573166322,398.5137497228218,394.22301680889524,397.4172058105469,14935678,0.0,0.0,ITC
2025-10-27,397.60791001997336,403.0428499257912,397.22651736481293,401.0881652832031,11603679,0.0,0.0,ITC
2025-10-28,400.9451604443985,402.04167527754,396.559072013437,398.466064453125,17163147,0.0,0.0,ITC
2025-10-29,398.7521371748908,402.56612211545064,396.7020969906232,401.9940185546875,11470661,0.0,0.0,ITC
2025-10-30,401.9939896699586,402.08934510630013,396.7974239224796,399.2765197753906,12938674,0.0,0.0,ITC
2025-10-31,400.94517315884843,406.5707952146441,398.7521434230218,400.8021545410156,18599864,0.0,0.0,ITC
2025-11-03,400.42074533071906,402.041671429904,394.07997225072296,394.69976806640625,7635440,0.0,0.0,ITC
2025-11-04,394.7474188614159,395.22416695182824,389.36017125943533,389.88458251953125,10085404,0.0,0.0,ITC
2025-11-06,390.933423001342,394.07994866906864,387.6438496318514,388.5496826171875,10095563,0.0,0.0,ITC
2025-11-07,387.1671242550703,390.0753051532848,384.3543278958865,385.2601318359375,8411611,0.0,0.0,ITC
2025-11-10,385.26012436572665,388.1683052075514,384.8787317089743,386.69036865234375,6650003,0.0,0.0,ITC
2025-11-11,387.11945405752516,389.07410961230016,385.7845652080402,387.929931640625,12005318,0.0,0.0,ITC
2025-11-12,389.0264331714527,389.1217886071048,386.6903559407471,388.07293701171875,7987236,0.0,0.0,ITC
2025-11-13,388.07296852755434,388.54971664613856,385.68922793463327,386.83343505859375,6617185,0.0,0.0,ITC
2025-11-14,385.87991971501265,389.74156764498133,381.49383142153096,389.1694641113281,64020258,0.0,0.0,ITC
2025-11-17,390.69506352506284,392.8404299507648,387.1194528155595,388.1683044433594,7855399,0.0,0.0,ITC
2025-11-18,389.26482550088946,390.74273297855876,385.73687790475674,386.9764404296875,7661681,0.0,0.0,ITC
2025-11-19,386.0229487699935,386.6903786619881,384.06826406864894,384.78338623046875,7882450,0.0,0.0,ITC
2025-11-20,384.78336574606783,388.07293915467255,384.49732853592553,386.59503173828125,6693410,0.0,0.0,ITC
2025-11-21,386.1659529187517,389.5031895489138,385.8799157040955,388.8834228515625,5808131,0.0,0.0,ITC
2025-11-24,389.40784869658233,389.78924136320717,384.1159563384741,384.78338623046875,11037491,0.0,0.0,ITC
2025-11-25,384.78336936119564,385.6892023658129,381.49382502007865,382.1612548828125,8199785,0.0,0.0,ITC
2025-11-26,382.3519887554517,385.16481427717554,382.3043255832445,383.5915222167969,11443953,0.0,0.0,ITC
2025-11-27,384.7357193128495,387.07179665807234,383.40083044346284,385.4985046386719,8679529,0.0,0.0,ITC
2025-11-28,385.4984993519528,386.1659583266901,383.782217843192,385.4508361816406,6883500,0.0,0.0,ITC
2025-12-01,384.0682550618539,386.6427064233897,379.6821958509331,385.4508361816406,13442658,0.0,0.0,ITC
2025-12-02,385.45084717768543,386.64271745343586,381.8752363504342,382.3043212890625,8093808,0.0,0.0,ITC
2025-12-03,383.0194512680452,383.496199388071,380.3019811642192,381.875244140625,10772192,0.0,0.0,ITC
2025-12-04,381.493813935015,384.7833581805478,380.49262552241476,384.3066101074219,8057989,0.0,0.0,ITC
2025-12-05,384.3066201289768,386.49967878158014,383.3054607886625,386.1182861328125,4419747,0.0,0.0,ITC
2025-12-08,386.11831050848593,386.40434773852076,381.92290381200377,383.5915222167969,6056866,0.0,0.0,ITC
2025-12-09,383.30549127709355,385.6892318944884,381.3984987831776,382.399658203125,9426717,0.0,0.0,ITC
2025-12-10,382.447322017598,385.5938477590759,382.35196658031816,384.4019775390625,6969146,0.0,0.0,ITC
2025-12-11,384.40197878110104,385.2124563530077,382.44732325332086,384.1636047363281,6980147,0.0,0.0,ITC
2025-12-12,384.1636131699276,385.21246480963276,381.2554613992128,381.49383544921875,12407516,0.0,0.0,ITC
2025-12-15,381.49384796695153,384.5927107187102,380.9217444084862,383.5915222167969,7756564,0.0,0.0,ITC
2025-12-16,382.7333428800691,386.8810568881978,382.39961341304394,383.0194091796875,12347384,0.0,0.0,ITC
2025-12-17,382.35200134405585,384.35434931541226,380.54036426459874,381.2077941894531,8087490,0.0,0.0,ITC
2025-12-18,381.3984840446188,383.2578132936943,381.2554654327811,381.7798767089844,7227668,0.0,0.0,ITC
2025-12-19,381.63687284491715,383.9252580179369,381.63687284491715,382.399658203125,10654835,0.0,0.0,ITC
2025-12-22,382.92407926981116,384.87873483805475,382.5426866099581,383.9729309082031,6847871,0.0,0.0,ITC
2025-12-23,383.78221492360865,389.8845846952617,383.114755953949,388.40667724609375,10081997,0.0,0.0,ITC
2025-12-24,388.9787845212552,390.45669198464753,386.7857258129762,387.6915588378906,5777430,0.0,0.0,ITC
2025-12-26,387.5962212494621,388.21598798528635,385.0694620351657,385.3554992675781,3152453,0.0,0.0,ITC
2025-12-29,385.30780773012765,385.97523758942174,382.7810487018413,383.8775634765625,6647710,0.0,0.0,ITC
2025-12-30,384.258966100121,384.6880510266874,381.68451473751173,381.9705810546875,12340527,0.0,0.0,ITC
2025-12-31,382.4473351908261,384.97409432460887,382.2089611386127,384.25897216796875,9945109,0.0,0.0,ITC
2026-01-01,383.9729288975114,383.9729288975114,345.833081144032,346.9295959472656,282626710,0.0,0.0,ITC
2026-01-02,343.25859919211456,343.25859919211456,329.19453158632655,333.77130126953125,118790358,0.0,0.0,ITC
2026-01-05,333.91437015500077,337.4899807901625,329.9573377733733,333.4376220703125,48358124,0.0,0.0,ITC
2026-01-06,333.96207009159815,334.39115505441515,322.04336666220496,326.5248107910156,72582738,0.0,0.0,ITC
2026-01-07,327.0492030999599,328.5271105999748,323.5212554504856,325.3805847167969,29440734,0.0,0.0,ITC
2026-01-08,325.61894801457146,329.0992032790893,323.2828707159584,325.0468444824219,36706319,0.0,0.0,ITC
2026-01-09,325.0468633519181,325.1422187958776,320.47009302582137,321.47125244140625,35193201,0.0,0.0,ITC
2026-01-12,322.52009784112477,323.71196812139505,320.1840204524369,322.6631164550781,16156143,0.0,0.0,ITC
2026-01-13,323.23521493145626,323.71196303607496,318.18169666185645,319.13519287109375,24922339,0.0,0.0,ITC
2026-01-14,320.37473160941005,320.37473160941005,317.9433278749468,319.182861328125,14913422,0.0,0.0,ITC
2026-01-15,319.182861328125,319.182861328125,319.182861328125,319.182861328125,0,0.0,0.0,ITC
2026-01-16,321.8049675143545,321.8049675143545,313.2711648846159,313.8909606933594,30526898,0.0,0.0,ITC
2026-01-19,314.65372624927437,319.0874774812901,312.07927503151404,317.7049255371094,15507440,0.0,0.0,ITC
2026-01-20,318.5153888891398,318.9444738116522,310.3630081485584,311.12579345703125,18771011,0.0,0.0,ITC
2026-01-21,310.8397584229455,313.9862842154765,309.2664955266801,309.64788818359375,14177965,0.0,0.0,ITC
2026-01-22,310.9351259007337,313.4142219142513,306.1199524882791,309.7432556152344,18622852,0.0,0.0,ITC
2026-01-23,310.41066769194697,311.2211452592271,307.6932268757636,308.36065673828125,11950089,0.0,0.0,ITC
2026-01-27,308.551360559787,309.60021214650556,303.06875768662377,303.83154296875,47847784,0.0,0.0,ITC
2026-01-28,305.07112352260765,308.64673430417406,304.499019977878,306.2153015136719,28400238,0.0,0.0,ITC
2026-01-29,307.5978899534603,307.5978899534603,303.25946464318696,303.7839050292969,17719420,0.0,0.0,ITC
2026-01-30,303.9745746586993,310.02928130332384,301.7338818840886,307.1687927246094,41975824,0.0,0.0,ITC
2026-02-02,295.0593918522917,300.7326764202941,287.9558339773994,300.06524658203125,35227572,0.0,0.0,ITC
2026-02-03,306.26298563884325,309.64788544935533,297.1094164617701,301.924560546875,33168353,0.0,0.0,ITC
2026-02-04,304.2122558533025,306.5972918224836,303.09276069340797,305.5264587402344,11196759,6.5,0.0,ITC
2026-02-05,305.62381368471375,306.98667865411124,301.09711153502366,301.9732666015625,15816704,0.0,0.0,ITC
2026-02-06,301.7785557148148,319.0091496502099,300.12362917115206,317.1595153808594,68057745,0.0,0.0,ITC
2026-02-09,319.25251636686045,319.9826257687896,313.11957956571865,314.23907470703125,20059198,0.0,0.0,ITC
2026-02-10,314.43379342333833,314.9691951201795,312.2434651409776,312.876220703125,11489090,0.0,0.0,ITC
2026-02-11,313.41163831821643,313.6550081166595,307.91145710682224,309.80975341796875,24843366,0.0,0.0,ITC
2026-02-12,308.8849296992704,311.90272107711473,308.49554397172875,309.0309753417969,13294561,0.0,0.0,ITC
2026-02-13,307.6194359281623,309.9557801328065,304.9423680522052,305.4291076660156,8730618,0.0,0.0,ITC
2026-02-16,305.4291060946274,309.80976259638305,304.8450126194144,309.5177307128906,11693763,0.0,0.0,ITC
2026-02-17,310.0044627469445,319.34983928901715,309.7124011623626,316.8188171386719,39360672,0.0,0.0,ITC
2026-02-18,317.35422585595626,324.11991832114603,316.18603890816456,323.6331787109375,35473203,0.0,0.0,ITC
2026-02-19,325.19071316475083,325.38542088701683,316.3807383344217,317.3542175292969,19911747,0.0,0.0,ITC
2026-02-20,316.4294014344681,319.1551610138723,316.4294014344681,318.32769775390625,11282027,0.0,0.0,ITC
2026-02-23,318.3277143412081,319.39854745647875,315.79666235281263,316.7701416015625,13486092,0.0,0.0,ITC
2026-02-24,315.4072718436051,316.7701368296786,313.5089754538475,314.9205322265625,13135859,0.0,0.0,ITC
2026-02-25,316.86749468006315,317.93832779267075,309.6637541988749,311.2699890136719,13492101,0.0,0.0,ITC
2026-02-26,311.5133555396741,312.87622052851447,309.1770113147723,309.8584289550781,11270119,0.0,0.0,ITC
2026-02-27,307.6194251776827,309.32301376648314,304.3582639374763,305.2830810546875,13892595,0.0,0.0,ITC
2026-03-02,298.85810450075655,307.376047218612,298.85810450075655,306.548583984375,22194311,0.0,0.0,ITC
2026-03-04,302.3626464990797,307.13268865380064,302.2652926371002,303.6768493652344,24165489,0.0,0.0,ITC
2026-03-05,303.9202168516899,305.28308178434213,300.026300067982,303.23876953125,19938009,0.0,0.0,ITC
2026-03-06,301.8272051738374,304.0175333092302,300.9997716448259,301.48651123046875,21288269,0.0,0.0,ITC
2026-03-09,296.9111643273846,299.05283051074235,295.54829935080625,297.8846435546875,14084931,0.0,0.0,ITC
2026-03-10,300.8050671722483,301.77854635403554,295.69430146786544,300.8537292480469,18352950,0.0,0.0,ITC
2026-03-11,300.85374630707344,302.41131902789596,299.53957310372596,300.8050842285156,14842485,0.0,0.0,ITC
2026-03-12,298.9067800288785,299.83159716315987,294.8181851652266,296.0350341796875,23319679,0.0,0.0,ITC
2026-03-13,295.937682389217,297.8846408259882,292.67652106597967,293.455322265625,25659996,0.0,0.0,ITC
2026-03-16,294.52613802796225,301.2431686839447,293.99073631862075,300.0749816894531,37472204,0.0,0.0,ITC
2026-03-17,301.7298865244703,301.7298865244703,295.98633554258623,296.76513671875,25649286,0.0,0.0,ITC
2026-03-18,297.7872705212262,298.8094414690324,295.45092646773946,295.986328125,16702554,0.0,0.0,ITC
2026-03-19,293.50397895966603,297.3978957617843,289.2206764189814,290.0968017578125,17851126,0.0,0.0,ITC
2026-03-20,293.0658899820715,300.56169141647746,290.2428063525175,291.9950866699219,58679529,0.0,0.0,ITC
2026-03-23,290.9729210433315,291.07027490300464,281.87088476609046,282.7470397949219,31788160,0.0,0.0,ITC
2026-03-24,288.1011820084419,288.14984408530046,281.0921198636166,283.52581787109375,33335721,0.0,0.0,ITC
2026-03-25,284.9373809296547,290.58354854916115,284.49930339528424,287.8578186035156,26184716,0.0,0.0,ITC
2026-03-27,286.88433837890625,288.9773127628988,283.81785506545845,286.88433837890625,22179022,0.0,0.0,ITC
2026-03-30,285.813498126197,286.64096138513423,279.38852948557997,280.0699768066406,24586921,0.0,0.0,ITC
2026-04-01,285.22940879596706,286.64096553507443,283.1850965114152,283.9638977050781,18604340,0.0,0.0,ITC
2026-04-02,282.5523525472668,285.86217605837106,280.75140999162466,285.0834045410156,18082775,0.0,0.0,ITC
2026-04-06,285.2294224223722,287.51710461894146,282.552354464483,287.0303649902344,18047063,0.0,0.0,ITC
2026-04-07,286.3489031712945,291.0702832730548,284.98603822136056,290.5348815917969,26963485,0.0,0.0,ITC
2026-04-08,295.8403295367806,296.52177687527063,293.5526474241106,294.4288024902344,22310207,0.0,0.0,ITC
2026-04-09,293.5039840547165,296.32706784361375,293.26061425035937,294.9642028808594,17691477,0.0,0.0,ITC
2026-04-10,294.96421173271233,297.30055598300885,294.57482597570106,296.1810607910156,17744386,0.0,0.0,ITC
2026-04-13,292.0437560666014,293.4553127708808,290.19415155315835,290.72955322265625,16522014,0.0,0.0,ITC
2026-04-15,292.725224960759,295.9376946310278,292.57917930537735,294.0393981933594,18701403,0.0,0.0,ITC
2026-04-16,294.91552885499743,297.2518729405252,293.84469581756434,295.35357666015625,16512053,0.0,0.0,ITC
2026-04-17,295.7916756720069,301.729905030981,295.7916756720069,298.6634216308594,35111203,0.0,0.0,ITC
2026-04-20,298.8581217781442,299.7829389242669,296.37576164015127,296.9111633300781,13540471,0.0,0.0,ITC
2026-04-21,296.91116324455527,302.849392451092,296.4730857105753,301.4378356933594,24411865,0.0,0.0,ITC
2026-04-22,301.77854447435044,302.3139461377078,297.0085024549496,297.39788818359375,24500511,0.0,0.0,ITC
2026-04-23,295.93767496628874,298.22535701375915,295.2075655708127,297.20318603515625,10701849,0.0,0.0,ITC
2026-04-24,298.5174072251711,298.5174072251711,293.114609250071,293.6013488769531,17011704,0.0,0.0,ITC
2026-04-27,295.5969487737246,297.5439071449768,294.8181773085145,295.7916564941406,14382348,0.0,0.0,ITC
2026-04-28,296.32707115310103,297.6899361310764,294.526128639099,296.3757629394531,12907339,0.0,0.0,ITC
2026-04-29,297.00850597252486,309.0796419528162,297.00850597252486,307.86279296875,31199038,0.0,0.0,ITC
2026-04-30,307.86278680248944,309.07963576218305,304.99101137432183,306.548583984375,11541956,0.0,0.0,ITC
2026-05-01,306.548583984375,306.548583984375,306.548583984375,306.548583984375,0,0.0,0.0,ITC
2026-05-04,309.4690426623296,309.4690426623296,302.26530226968964,302.8493957519531,20245091,0.0,0.0,ITC
2026-05-05,302.8494008323303,305.38045282577866,301.4378440355334,303.19012451171875,26795704,0.0,0.0,ITC
2026-05-06,304.504273955316,305.28307511999276,301.04843476850743,302.4599914550781,20287609,0.0,0.0,ITC
2026-05-07,303.1901061095417,303.38478412292693,298.85811182359606,299.24749755859375,25718615,0.0,0.0,ITC
2026-05-08,300.70773068347654,300.70773068347654,297.59261494674206,299.29620361328125,17739844,0.0,0.0,ITC
2026-05-11,298.85811207299713,299.83159126541733,297.05716962537434,297.7386169433594,14968661,0.0,0.0,ITC
2026-05-12,297.25189225671994,298.1280176321973,292.141126240168,292.7252197265625,15968338,0.0,0.0,ITC
2026-05-13,293.99072694682496,297.6899361310764,293.0659097966479,296.3757629394531,13024778,0.0,0.0,ITC
2026-05-14,296.91115977719784,300.9997843525029,296.7651438369858,299.0528259277344,11113377,0.0,0.0,ITC
2026-05-15,299.0528357626027,303.77418633135375,298.17668067606064,301.2431640625,11954564,0.0,0.0,ITC
2026-05-18,301.24314294849347,304.01753483399096,298.371367495507,301.924560546875,14422870,0.0,0.0,ITC
2026-05-19,303.67685162223455,305.91584192326644,300.17232052251813,302.0705871582031,17519355,0.0,0.0,ITC
2026-05-20,300.8050809313701,301.43783648682927,298.07935098097914,299.3935241699219,12127920,0.0,0.0,ITC
2026-05-21,301.6325293694972,303.0440563532439,297.68992087203304,299.8802490234375,21868988,0.0,0.0,ITC
2026-05-22,297.7872949531656,298.8581280637695,293.01725259672514,293.6986999511719,30751752,0.0,0.0,ITC
2026-05-25,295.8890075683594,297.3978884085819,294.33143494437775,295.8890075683594,15734247,0.0,0.0,ITC
2026-05-26,296.27839961224,296.32706168880947,293.1145922213104,293.6499938964844,37560542,0.0,0.0,ITC
2026-05-27,295.6499938964844,296.3500061035156,291.04998779296875,291.95001220703125,25446093,8.0,0.0,ITC
2026-05-28,291.95001220703125,291.95001220703125,291.95001220703125,291.95001220703125,0,0.0,0.0,ITC
2026-05-29,292.0,292.3999938964844,285.8999938964844,286.8999938964844,31930439,0.0,0.0,ITC
2026-06-01,287.79998779296875,288.54998779296875,278.29998779296875,279.6499938964844,23477875,0.0,0.0,ITC
2026-06-02,279.5,283.6000061035156,277.1000061035156,283.25,20206131,0.0,0.0,ITC
2026-06-03,282.3500061035156,282.3500061035156,275.20001220703125,277.0,28001438,0.0,0.0,ITC
2026-06-04,277.0,280.6499938964844,275.04998779296875,280.29998779296875,22017634,0.0,0.0,ITC
2026-06-05,280.0,281.3999938964844,277.8500061035156,280.70001220703125,16065822,0.0,0.0,ITC
2026-06-08,279.0,283.45001220703125,276.95001220703125,279.45001220703125,15779677,0.0,0.0,ITC
2026-06-09,281.70001220703125,281.70001220703125,277.1499938964844,280.0,12302522,0.0,0.0,ITC
2026-06-10,280.0,285.8500061035156,278.6499938964844,283.6499938964844,19823743,0.0,0.0,ITC
2026-06-11,283.0,283.25,281.20001220703125,282.3999938964844,12603100,0.0,0.0,ITC
2026-06-12,283.54998779296875,285.8500061035156,283.0,285.1000061035156,12893433,0.0,0.0,ITC
2026-06-15,287.0,288.8500061035156,286.70001220703125,287.8999938964844,11194950,0.0,0.0,ITC
2026-06-16,288.1499938964844,292.1499938964844,287.5,291.6499938964844,14467499,0.0,0.0,ITC
2026-06-17,291.95001220703125,292.3500061035156,290.0,290.75,8626353,0.0,0.0,ITC
2026-06-18,291.04998779296875,291.8999938964844,288.0,291.1499938964844,10409670,0.0,0.0,ITC
2026-06-19,289.79998779296875,294.54998779296875,288.3999938964844,292.5,13874008,0.0,0.0,ITC
2026-06-22,292.79998779296875,293.95001220703125,290.04998779296875,291.25,9947873,0.0,0.0,ITC
2026-06-23,291.25,293.1499938964844,289.6499938964844,290.0,9410364,0.0,0.0,ITC
2026-06-24,290.0,291.3999938964844,289.45001220703125,290.3500061035156,6218635,0.0,0.0,ITC
2026-06-25,290.3500061035156,292.25,289.20001220703125,290.0,11230239,0.0,0.0,ITC
2026-06-26,290.0,290.0,290.0,290.0,0,0.0,0.0,ITC
2026-06-29,290.45001220703125,291.8999938964844,289.3500061035156,290.70001220703125,10110022,0.0,0.0,ITC
2026-06-30,291.5,291.6000061035156,285.5,286.95001220703125,18180676,0.0,0.0,ITC
2026-07-01,287.8500061035156,291.0,287.1000061035156,290.29998779296875,6551425,0.0,0.0,ITC
2026-07-02,290.70001220703125,291.0,287.70001220703125,289.8999938964844,12722639,0.0,0.0,ITC
2026-07-03,291.29998779296875,291.6000061035156,289.0,289.95001220703125,6517591,0.0,0.0,ITC
2026-07-06,289.95001220703125,290.3999938964844,287.6000061035156,288.25,27126124,0.0,0.0,ITC
2026-07-07,288.29998779296875,290.70001220703125,286.54998779296875,288.75,18491160,0.0,0.0,ITC
2026-07-08,286.8999938964844,287.8500061035156,280.0,280.6499938964844,21593793,0.0,0.0,ITC
2026-07-09,281.25,284.3999938964844,281.0,282.04998779296875,12512120,0.0,0.0,ITC
2026-07-10,282.8500061035156,283.6499938964844,280.8500061035156,281.75,11774274,0.0,0.0,ITC
2026-07-13,281.3500061035156,281.5,279.5,279.6499938964844,12559492,0.0,0.0,ITC
2026-07-14,279.25,280.6499938964844,275.0,275.54998779296875,15018851,0.0,0.0,ITC
2026-07-15,276.6499938964844,277.70001220703125,275.29998779296875,276.6499938964844,8523722,0.0,0.0,ITC
2026-07-16,277.0,280.45001220703125,276.0,279.3500061035156,11220653,0.0,0.0,ITC
2026-07-17,279.3500061035156,281.95001220703125,277.79998779296875,280.70001220703125,15215868,0.0,0.0,ITC
2026-07-20,280.70001220703125,283.70001220703125,279.5,282.70001220703125,9913943,0.0,0.0,ITC
2026-07-21,283.0,283.95001220703125,278.79998779296875,281.0,9858768,0.0,0.0,ITC
2026-07-22,280.5,282.20001220703125,278.5,280.79998779296875,12995017,0.0,0.0,ITC
2026-07-23,279.95001220703125,284.0,279.6499938964844,281.29998779296875,21143589,0.0,0.0,ITC
2026-07-24,279.54998779296875,284.8500061035156,279.54998779296875,283.45001220703125,24954082,0.0,0.0,ITC
2026-07-27,287.75,287.8999938964844,285.5,285.8500061035156,19312804,0.0,0.0,ITC
2026-07-28,284.8999938964844,287.95001220703125,282.29998779296875,284.6499938964844,14843878,0.0,0.0,ITC
2026-07-29,285.6000061035156,289.04998779296875,284.1499938964844,286.25,19030590,0.0,0.0,ITC
2026-07-30,286.1000061035156,288.3999938964844,283.75,285.04998779296875,18283697,0.0,0.0,ITC
2026-07-31,285.54998779296875,285.79998779296875,280.04998779296875,281.0,16833813,0.0,0.0,ITC
2026-08-03,284.45001220703125,292.54998779296875,283.0,287.0,45392755,0.0,0.0,ITC
2026-08-04,286.04998779296875,289.0,284.70001220703125,289.0,12689243,0.0,0.0,ITC
2026-08-05,288.25,288.5,285.0,286.95001220703125,11771241,0.0,0.0,ITC
2026-08-06,285.45001220703125,286.3500061035156,283.70001220703125,285.8999938964844,12447629,0.0,0.0,ITC
2026-08-07,285.0,286.1000061035156,284.3999938964844,286.1000061035156,6128841,0.0,0.0,ITC
2026-08-10,286.1000061035156,286.1000061035156,281.3999938964844,282.6499938964844,9347929,0.0,0.0,ITC
2026-08-11,282.0,282.6000061035156,278.0,279.0,13053722,0.0,0.0,ITC
2026-08-12,279.0,279.54998779296875,275.3999938964844,276.1499938964844,12630816,0.0,0.0,ITC
2026-08-13,276.20001220703125,278.5,276.04998779296875,278.5,11335590,0.0,0.0,ITC
2026-08-14,278.3500061035156,278.3500061035156,275.95001220703125,278.20001220703125,7338537,0.0,0.0,ITC
2026-08-17,278.20001220703125,278.20001220703125,273.0,273.04998779296875,12795275,0.0,0.0,ITC
2026-08-18,273.04998779296875,273.6499938964844,269.1499938964844,270.0,14561572,0.0,0.0,ITC
2026-08-19,270.0,270.95001220703125,265.8500061035156,267.04998779296875,13821291,0.0,0.0,ITC
2026-08-20,268.20001220703125,271.6499938964844,265.0,271.6499938964844,28272797,0.0,0.0,ITC
2026-08-21,271.6000061035156,271.6000061035156,269.0,269.3999938964844,8312928,0.0,0.0,ITC
2026-08-24,270.6000061035156,270.6000061035156,267.0,269.70001220703125,8518400,0.0,0.0,ITC
2026-08-25,269.70001220703125,271.3999938964844,267.6499938964844,271.3999938964844,8414719,0.0,0.0,ITC
2026-08-26,271.8500061035156,273.95001220703125,270.25,270.25,11693367,0.0,0.0,ITC
2026-08-27,269.5,271.25,268.0,269.0,8834890,0.0,0.0,ITC
2026-08-28,269.0,269.0,264.79998779296875,266.0,15200847,0.0,0.0,ITC
2026-08-31,266.0,266.54998779296875,255.5,255.5,24575845,0.0,0.0,ITC
2026-09-01,261.5,268.20001220703125,261.5,266.6000061035156,31258553,0.0,0.0,ITC
2026-09-02,266.0,269.0,262.79998779296875,266.29998779296875,14643482,0.0,0.0,ITC
2026-09-03,266.5,267.6000061035156,262.3500061035156,263.0,17813663,0.0,0.0,ITC
2026-09-04,264.0,266.25,262.6499938964844,264.1000061035156,9519153,0.0,0.0,ITC
2026-09-07,264.1000061035156,264.95001220703125,262.95001220703125,263.5,6688002,0.0,0.0,ITC
2026-09-08,263.5,265.8999938964844,262.70001220703125,263.5,7406617,0.0,0.0,ITC
2026-09-09,263.6499938964844,264.5,260.20001220703125,260.79998779296875,10065188,0.0,0.0,ITC
2026-09-10,261.0,263.8999938964844,259.1000061035156,259.29998779296875,17541602,0.0,0.0,ITC
2026-09-11,258.0,261.6499938964844,257.70001220703125,259.8500061035156,11116049,0.0,0.0,ITC
2026-09-14,259.8500061035156,259.8500061035156,259.8500061035156,259.8500061035156,0,0.0,0.0,ITC
2026-09-15,261.0,264.20001220703125,258.0,258.0,12133201,0.0,0.0,ITC
2026-09-16,259.3999938964844,264.8999938964844,259.29998779296875,264.1499938964844,15199856,0.0,0.0,ITC
2026-09-17,264.79998779296875,268.5,264.1000061035156,266.20001220703125,13365227,0.0,0.0,ITC
2026-09-18,266.6000061035156,266.6000061035156,262.29998779296875,262.29998779296875,14399150,0.0,0.0,ITC
2026-09-21,263.54998779296875,267.95001220703125,263.54998779296875,267.0,8662786,0.0,0.0,ITC
2026-09-22,267.8999938964844,268.25,264.75,265.79998779296875,7177847,0.0,0.0,ITC
2026-09-23,265.8500061035156,271.04998779296875,265.1499938964844,270.1499938964844,13142058,0.0,0.0,ITC
2026-09-24,268.70001220703125,270.29998779296875,266.70001220703125,268.0,7398276,0.0,0.0,ITC
2026-09-25,268.1000061035156,269.0,266.29998779296875,269.0,6240148,0.0,0.0,ITC
2026-09-28,269.0,269.29998779296875,265.0,265.20001220703125,7863377,0.0,0.0,ITC
2026-09-29,265.45001220703125,266.75,263.29998779296875,265.1000061035156,14419948,0.0,0.0,ITC
2026-09-30,265.0,266.8999938964844,261.3999938964844,262.75,14079098,0.0,0.0,ITC
2026-10-01,262.70001220703125,262.70001220703125,254.64999389648438,255.89999389648438,16440881,0.0,0.0,ITC
