Date,Open,High,Low,Close,Volume,Dividends,Stock Splits,Symbol
2021-10-04,641.0562904246448,652.7464083591577,629.2710959812734,647.3765869140625,5617530,0.0,0.0,JSWSTEEL
2021-10-05,647.3765073097798,656.59550501315,643.5748396353689,645.6657104492188,4186464,0.0,0.0,JSWSTEEL
2021-10-06,646.2835927130735,650.0852609055033,623.0458842850755,626.5624389648438,5994344,0.0,0.0,JSWSTEEL
2021-10-07,632.977648523385,636.779316082084,626.3247302956618,633.5003662109375,3042177,0.0,0.0,JSWSTEEL
2021-10-08,636.8269685140676,649.1348816045339,631.5521651921125,632.835205078125,3826818,0.0,0.0,JSWSTEEL
2021-10-11,637.7773270276911,644.382736891103,633.6430362113549,639.0604248046875,2257738,0.0,0.0,JSWSTEEL
2021-10-12,639.0604050956431,647.2339679781713,632.4074861883786,640.3434448242188,2930894,0.0,0.0,JSWSTEEL
2021-10-13,640.3910291593585,657.6886319482069,637.7298728861948,647.6617431640625,5601758,0.0,0.0,JSWSTEEL
2021-10-14,655.7877336641867,664.3414867119805,649.0873053785184,658.4963989257812,4751065,0.0,0.0,JSWSTEEL
2021-10-18,661.0150183322907,691.2382670942401,661.0150183322907,680.3084716796875,9493244,0.0,0.0,JSWSTEEL
2021-10-19,686.6762819876341,686.6762819876341,654.3145947635509,657.2608642578125,4164143,0.0,0.0,JSWSTEEL
2021-10-20,657.6885558217551,661.2051102797974,641.9116570214782,651.17822265625,3256699,0.0,0.0,JSWSTEEL
2021-10-21,657.0707799298693,659.5418989734773,622.6181631459161,640.6760864257812,5811087,0.0,0.0,JSWSTEEL
2021-10-22,642.4819077553859,655.7877460816809,625.4219105852588,634.6884765625,10162556,0.0,0.0,JSWSTEEL
2021-10-25,636.7793922862787,644.3827283135776,620.6698124766692,640.8186645507812,3987950,0.0,0.0,JSWSTEEL
2021-10-26,645.0480660187436,662.8683857775741,641.0563027909949,659.9220581054688,4238644,0.0,0.0,JSWSTEEL
2021-10-27,659.9220687240088,664.8167398334004,648.2794596275697,650.940673828125,3330934,0.0,0.0,JSWSTEEL
2021-10-28,649.0397891365319,650.4654146291363,631.1243939741611,634.3558349609375,3080237,0.0,0.0,JSWSTEEL
2021-10-29,636.779327749519,650.8454863726648,630.1264093998972,635.9714965820312,3612552,0.0,0.0,JSWSTEEL
2021-11-01,646.283611527073,656.5005950916554,639.1554834587598,654.7898559570312,3234840,0.0,0.0,JSWSTEEL
2021-11-02,659.0191523125159,659.0191523125159,638.2049973993045,639.488037109375,3204544,0.0,0.0,JSWSTEEL
2021-11-03,643.8599623555276,649.6574824387232,640.1533131162084,646.5211181640625,2265795,0.0,0.0,JSWSTEEL
2021-11-04,646.5211181640625,646.5211181640625,646.5211181640625,646.5211181640625,0,0.0,0.0,JSWSTEEL
2021-11-08,649.1347797083306,653.8393552333156,634.9260346414959,651.8434448242188,2919045,0.0,0.0,JSWSTEEL
2021-11-09,651.9860459376918,657.070753558885,641.674044945278,643.0996704101562,2494969,0.0,0.0,JSWSTEEL
2021-11-10,641.5315059889824,642.5294322854169,619.862008944014,629.5562744140625,6871348,0.0,0.0,JSWSTEEL
2021-11-11,629.5562038771055,636.6367636687271,627.5127842538083,634.3082885742188,3868489,0.0,0.0,JSWSTEEL
2021-11-12,638.7277424762257,642.244297028801,630.4591028549949,638.0624389648438,2542949,0.0,0.0,JSWSTEEL
2021-11-15,641.5314343510842,641.5789435963039,625.4218556200543,628.7008056640625,3143670,0.0,0.0,JSWSTEEL
2021-11-16,625.3744112434666,640.5810838572895,623.188463657,631.9323120117188,2795558,0.0,0.0,JSWSTEEL
2021-11-17,627.5603237741472,638.3951006098017,625.9446032974129,629.5086669921875,2882577,0.0,0.0,JSWSTEEL
2021-11-18,630.1264653527556,633.8331148230764,611.1181255231099,618.2937622070312,4010171,0.0,0.0,JSWSTEEL
2021-11-22,622.4756070057574,630.6016605092692,613.0664557855763,624.4239501953125,3944981,0.0,0.0,JSWSTEEL
2021-11-23,624.5189262789496,655.5025522471373,624.5189262789496,649.4198608398438,9033812,0.0,0.0,JSWSTEEL
2021-11-24,649.4198847336022,661.4901914962953,636.7793510093647,649.3723754882812,4374307,0.0,0.0,JSWSTEEL
2021-11-25,649.372433861253,653.6968197334214,640.7711713665076,647.1389770507812,2850008,0.0,0.0,JSWSTEEL
2021-11-26,635.1161656068729,639.2029471395726,593.2978172541569,597.4796752929688,8921840,0.0,0.0,JSWSTEEL
2021-11-29,600.3785119086059,606.1760331911664,587.4528041506666,594.5809326171875,4230776,0.0,0.0,JSWSTEEL
2021-11-30,590.6842049769934,601.2338111785116,574.3370198826976,578.2337646484375,6606473,0.0,0.0,JSWSTEEL
2021-12-01,584.458993932515,608.0768351259468,583.5560861063125,605.6057739257812,6580138,0.0,0.0,JSWSTEEL
2021-12-02,606.3660412564626,616.5830239265362,599.5230273082248,614.6821899414062,4017457,0.0,0.0,JSWSTEEL
2021-12-03,605.4156110234295,622.3805307661512,605.4156110234295,612.5912475585938,4885753,0.0,0.0,JSWSTEEL
2021-12-06,612.7338310991062,628.2256160814944,605.1780045989283,610.9755249023438,13699768,0.0,0.0,JSWSTEEL
2021-12-07,616.7731150266305,630.7442563307587,615.0623760526014,627.8930053710938,12896360,0.0,0.0,JSWSTEEL
2021-12-08,632.5500208998243,642.4818901225718,627.4178039201314,639.5831298828125,9676621,0.0,0.0,JSWSTEEL
2021-12-09,642.4819019573082,644.7153587383826,628.2731559853282,640.6760864257812,9692290,0.0,0.0,JSWSTEEL
2021-12-10,636.7794247525114,647.6617115981869,636.7794247525114,645.8558959960938,2430834,0.0,0.0,JSWSTEEL
2021-12-13,648.1844105531156,658.5914885706582,634.4983822000664,637.3021240234375,4149735,0.0,0.0,JSWSTEEL
2021-12-14,632.5500333346017,642.4819027525917,628.4632517679753,637.0645141601562,2942047,0.0,0.0,JSWSTEEL
2021-12-15,637.0645186397825,644.0501185611241,624.0437938285398,625.849609375,4724542,0.0,0.0,JSWSTEEL
2021-12-16,632.0272686061126,633.1677805422087,621.0974737354805,629.318603515625,2474595,0.0,0.0,JSWSTEEL
2021-12-17,629.3186940773899,632.0273595576664,620.6698638254982,627.5128784179688,3003978,0.0,0.0,JSWSTEEL
2021-12-20,617.8660422361049,623.4735255013175,599.237893031373,610.7379150390625,4070706,0.0,0.0,JSWSTEEL
2021-12-21,614.9197846162662,632.9777071938689,613.3991406553758,625.6594848632812,3127861,0.0,0.0,JSWSTEEL
2021-12-22,630.2690055249498,633.1202562931987,625.041712449827,628.2255859375,1273217,0.0,0.0,JSWSTEEL
2021-12-23,632.7877025398748,637.6348646238348,615.1099674330623,618.0087280273438,2971327,0.0,0.0,JSWSTEEL
2021-12-24,619.7194045598859,622.950845622409,607.601587588701,619.006591796875,3973912,0.0,0.0,JSWSTEEL
2021-12-27,615.8702056372167,622.3330295267016,611.2607064683173,620.6697998046875,1838919,0.0,0.0,JSWSTEEL
2021-12-28,622.5706442984687,628.6058270542657,620.0995833018093,624.756591796875,2232852,0.0,0.0,JSWSTEEL
2021-12-29,622.6181600240105,624.6140705502457,612.9714621781843,623.3785400390625,3014867,0.0,0.0,JSWSTEEL
2021-12-30,623.4736240319364,626.7050654088154,611.6409194130955,613.7793579101562,3713255,0.0,0.0,JSWSTEEL
2021-12-31,615.6800435759843,632.0272255220834,615.2048351357422,623.4259643554688,2499623,0.0,0.0,JSWSTEEL
2022-01-03,623.4260414974224,637.7298057168729,622.2380202498127,633.9756469726562,2383218,0.0,0.0,JSWSTEEL
2022-01-04,636.7794169139847,640.4860665741892,630.5066876524029,637.1596069335938,1999008,0.0,0.0,JSWSTEEL
2022-01-05,634.9735443817574,662.4406175826247,633.3103147106389,660.0645751953125,6342812,0.0,0.0,JSWSTEEL
2022-01-06,657.6885851354606,658.1637936507319,638.8703395324881,640.5335693359375,4714784,0.0,0.0,JSWSTEEL
2022-01-07,642.4818737780042,645.3331246971374,634.403329507127,639.488037109375,2862614,0.0,0.0,JSWSTEEL
2022-01-10,644.2876722247695,645.8083161379648,636.7793551323567,638.7752075195312,1841965,0.0,0.0,JSWSTEEL
2022-01-11,631.0768845395788,635.4012702640966,611.355731897717,613.6842651367188,6912370,0.0,0.0,JSWSTEEL
2022-01-12,619.6718416268412,626.514855160686,616.8205908218098,624.471435546875,5343630,0.0,0.0,JSWSTEEL
2022-01-13,626.3248159184591,657.2608783047706,624.6615861341537,653.7443237304688,7202966,0.0,0.0,JSWSTEEL
2022-01-14,646.1885753078683,655.3600650323502,643.6699469225703,648.8497314453125,2054419,0.0,0.0,JSWSTEEL
2022-01-17,648.18434100098,669.9013444717416,641.9116125174119,664.7216186523438,5920282,0.0,0.0,JSWSTEEL
2022-01-18,668.4758139144291,669.6163259847312,643.9550654427746,646.4736938476562,3450193,0.0,0.0,JSWSTEEL
2022-01-19,647.2339156785754,655.0748551856947,627.2751605695445,641.1987915039062,4889920,0.0,0.0,JSWSTEEL
2022-01-20,645.3330866887019,651.9860051081731,639.0603582395958,648.6595458984375,2862609,0.0,0.0,JSWSTEEL
2022-01-21,645.2380682005332,646.2835036057693,629.3185848396558,633.2152709960938,3836844,0.0,0.0,JSWSTEEL
2022-01-24,623.9487819520473,624.4239904683855,587.3577261940064,590.9692993164062,7296421,0.0,0.0,JSWSTEEL
2022-01-25,589.2585401346631,608.8371071355974,582.2254311295159,599.855712890625,5007835,0.0,0.0,JSWSTEEL
2022-01-27,588.3081534627241,600.8061608634137,581.7027433689245,595.0560913085938,4760551,0.0,0.0,JSWSTEEL
2022-01-28,599.7131657611086,613.8744031799282,594.5333811745548,596.909423828125,3719102,0.0,0.0,JSWSTEEL
2022-01-31,604.4651986075892,607.3164495444174,596.8618627760471,597.7647705078125,2892647,0.0,0.0,JSWSTEEL
2022-02-01,602.5168858265291,626.1822349918727,596.861892914502,621.8578491210938,5150345,0.0,0.0,JSWSTEEL
2022-02-02,627.2752151469682,630.8867881172565,619.8619742060921,627.1326293945312,2562721,0.0,0.0,JSWSTEEL
2022-02-03,624.4239134639914,634.3082725884206,617.7709950556992,620.7648315429688,2456228,0.0,0.0,JSWSTEEL
2022-02-04,614.9197990496212,632.8827035546109,614.9197990496212,624.756591796875,3284062,0.0,0.0,JSWSTEEL
2022-02-07,626.7050152351796,633.595538729613,613.5892137628316,618.8640747070312,2768417,0.0,0.0,JSWSTEEL
2022-02-08,623.0933627526223,630.0314532681222,612.3061529930714,627.3702392578125,3184065,0.0,0.0,JSWSTEEL
2022-02-09,629.9838552026081,633.5479187826384,625.2317704292344,630.1739501953125,2200828,0.0,0.0,JSWSTEEL
2022-02-10,633.1678776055742,644.3827876772417,631.171966909225,639.2030029296875,4284880,0.0,0.0,JSWSTEEL
2022-02-11,635.7814521423118,641.5314632855458,626.9425858054807,638.1099853515625,3122555,0.0,0.0,JSWSTEEL
2022-02-14,623.7587345643528,632.0273749816738,574.3370450921017,595.4838256835938,6491576,0.0,0.0,JSWSTEEL
2022-02-15,604.3226563554699,611.5458607206599,586.5023367176128,608.8847045898438,4001839,0.0,0.0,JSWSTEEL
2022-02-16,609.3598644958698,614.1119493534876,603.5147769174606,606.3660278320312,1939683,0.0,0.0,JSWSTEEL
2022-02-17,609.977569024743,617.2482816826172,602.9445186062482,606.5560913085938,2382178,0.0,0.0,JSWSTEEL
2022-02-18,603.7048892643004,610.6429217540551,599.8557120207724,601.4713745117188,1458069,0.0,0.0,JSWSTEEL
2022-02-21,600.5685503372982,603.5148199555877,590.4465856652107,592.204833984375,1857572,0.0,0.0,JSWSTEEL
2022-02-22,580.7048359469202,593.7255615461918,572.6262907659892,591.159423828125,3353278,0.0,0.0,JSWSTEEL
2022-02-23,593.5353880279946,596.8143381224727,582.4630073055987,584.2213134765625,2339927,0.0,0.0,JSWSTEEL
2022-02-24,569.2998233319719,574.5271172022989,537.9360601100102,541.1199340820312,5487481,0.0,0.0,JSWSTEEL
2022-02-25,547.5828005673483,575.9052167455682,547.5828005673483,568.9196166992188,4524909,0.0,0.0,JSWSTEEL
2022-02-28,562.1716688029862,598.5726291625928,560.9361382755192,596.3391723632812,7142843,0.0,0.0,JSWSTEEL
2022-03-02,594.0105841933901,621.5726752999633,591.3019191330065,612.6387329101562,8894940,0.0,0.0,JSWSTEEL
2022-03-03,618.2462740074795,629.6512782935514,617.105761977102,622.238037109375,5940599,0.0,0.0,JSWSTEEL
2022-03-04,622.2380775653254,627.6554665552013,597.5272333388821,600.6160888671875,7605400,0.0,0.0,JSWSTEEL
2022-03-07,598.7627829922716,611.1182054984613,591.6346546233159,605.5582885742188,5507113,0.0,0.0,JSWSTEEL
2022-03-08,608.2193635796152,608.2193635796152,582.7006326252234,598.6201171875,5422987,0.0,0.0,JSWSTEEL
2022-03-09,597.8122642752578,602.8019532855044,587.3576777775983,596.0540161132812,3784214,0.0,0.0,JSWSTEEL
2022-03-10,600.6635672781406,619.8144937738565,593.0602309834807,618.48388671875,5201836,0.0,0.0,JSWSTEEL
2022-03-11,616.3453879931294,639.6306031139185,615.1098575680813,636.541748046875,8172290,0.0,0.0,JSWSTEEL
2022-03-14,633.9281242959865,639.6306261637166,625.9445984776249,631.8847045898438,2529995,0.0,0.0,JSWSTEEL
2022-03-15,626.3248457199996,628.0355848349147,603.5148361641878,609.3599243164062,4754984,0.0,0.0,JSWSTEEL
2022-03-16,616.4880131614523,629.8888697211227,615.3950104027566,622.7607421875,3150421,0.0,0.0,JSWSTEEL
2022-03-17,629.1760073652001,658.5914229366867,627.6077962278966,651.130615234375,9991824,0.0,0.0,JSWSTEEL
2022-03-21,655.5025683862798,664.3414342357154,645.3330956309738,647.51904296875,4609771,0.0,0.0,JSWSTEEL
2022-03-22,645.1905705033449,665.1968951714997,643.8600214813159,661.9654541015625,4811589,0.0,0.0,JSWSTEEL
2022-03-23,668.0481902946416,674.7961283748481,657.9262251654768,669.4738159179688,8964532,0.0,0.0,JSWSTEEL
2022-03-24,669.5687311276234,683.8249851615686,669.2836176487139,679.6431274414062,6069039,0.0,0.0,JSWSTEEL
2022-03-25,682.3993783357382,690.4779225082366,675.0336468843427,685.583251953125,16121868,0.0,0.0,JSWSTEEL
2022-03-28,686.2011200841869,695.1825729391371,682.5420375919887,693.8994750976562,8935680,0.0,0.0,JSWSTEEL
2022-03-29,695.2301041103157,726.8314724789664,690.6206044089571,716.5194702148438,7285191,0.0,0.0,JSWSTEEL
2022-03-30,712.8127855108636,713.4780890457777,679.5006796030931,681.9717407226562,5994838,0.0,0.0,JSWSTEEL
2022-03-31,688.1019285825798,700.932558466371,684.8229782327295,696.3230590820312,5946576,0.0,0.0,JSWSTEEL
2022-04-01,698.5564806505971,712.765226110498,692.3787702774965,695.8953247070312,5079937,0.0,0.0,JSWSTEEL
2022-04-04,696.1805104511561,701.4078043862843,690.7631214984342,696.37060546875,4901374,0.0,0.0,JSWSTEEL
2022-04-05,701.3127413587634,709.0110960073131,693.9470094632451,697.0833740234375,3524949,0.0,0.0,JSWSTEEL
2022-04-06,694.2795633958589,709.4862341889235,693.6142599468932,700.8374633789062,4111360,0.0,0.0,JSWSTEEL
2022-04-07,698.5564592181112,705.9221905908191,689.7651024184274,691.9510498046875,2954985,0.0,0.0,JSWSTEEL
2022-04-08,698.0338075941339,724.2652947308328,694.9449522098665,719.0855102539062,8125253,0.0,0.0,JSWSTEEL
2022-04-11,718.5151993759366,736.5731210533742,718.5151993759366,729.3499755859375,7926472,0.0,0.0,JSWSTEEL
2022-04-12,731.2508564355383,735.3851471448645,701.5503254523046,718.4202270507812,8595936,0.0,0.0,JSWSTEEL
2022-04-13,722.3169259847858,742.3707016474021,722.3169259847858,728.35205078125,6722613,0.0,0.0,JSWSTEEL
2022-04-18,726.1185667862225,737.3809847036474,720.7962549452554,729.7776489257812,5866740,0.0,0.0,JSWSTEEL
2022-04-19,734.3871895583314,750.8293912070454,699.6018943502664,709.3912353515625,7301285,0.0,0.0,JSWSTEEL
2022-04-20,720.4160848975632,720.4160848975632,696.1804514346504,702.215576171875,4679947,0.0,0.0,JSWSTEEL
2022-04-21,707.110217170265,710.199072285592,689.5275034368644,697.796142578125,3995936,0.0,0.0,JSWSTEEL
2022-04-22,693.8044062082724,700.4573251719135,686.248579497796,687.5316772460938,2244262,0.0,0.0,JSWSTEEL
2022-04-25,675.7464685615224,683.8250128410905,660.7774012199696,680.2134399414062,4935672,0.0,0.0,JSWSTEEL
2022-04-26,686.5336795806436,688.3870042860739,677.6948133034172,685.4407348632812,3260695,0.0,0.0,JSWSTEEL
2022-04-27,677.6472768375555,697.7961275262198,675.7464429614333,684.8704223632812,3391522,0.0,0.0,JSWSTEEL
2022-04-28,693.6618484193715,697.8437065686421,686.8188921879864,692.9490356445312,4079934,0.0,0.0,JSWSTEEL
2022-04-29,694.8498650084948,703.308599749564,687.4366238020941,691.0957641601562,3622889,0.0,0.0,JSWSTEEL
2022-05-02,684.3002804556836,697.7962142553303,673.8932020886493,695.6577758789062,2802163,0.0,0.0,JSWSTEEL
2022-05-04,697.606099998842,699.5069340587844,672.9427664693196,676.2692260742188,3011231,0.0,0.0,JSWSTEEL
2022-05-05,684.3002624403921,690.382954643403,670.1390254724598,672.6576538085938,3131221,0.0,0.0,JSWSTEEL
2022-05-06,660.9199311486631,666.1472240645362,646.901281965185,656.1678466796875,3930624,0.0,0.0,JSWSTEEL
2022-05-09,647.2339602194909,652.0810635902824,634.97355803382,644.71533203125,3380947,0.0,0.0,JSWSTEEL
2022-05-10,640.581056590175,643.4323075838997,611.2131481512694,613.3040771484375,4293241,0.0,0.0,JSWSTEEL
2022-05-11,612.5437650136653,625.3743946919965,603.847426139256,616.7731323242188,4158341,0.0,0.0,JSWSTEEL
2022-05-12,615.5851933928586,619.2442761795818,589.2586270039739,593.8206176757812,4123927,0.0,0.0,JSWSTEEL
2022-05-13,602.6118420464092,605.415583587871,564.6902413962126,570.6778564453125,5567335,0.0,0.0,JSWSTEEL
2022-05-16,585.4569443730865,595.6264191319877,569.3473626298802,572.4362182617188,4641172,0.0,0.0,JSWSTEEL
2022-05-17,579.7543293264499,613.7792439376101,578.9464981366646,610.0250854492188,6309092,0.0,0.0,JSWSTEEL
2022-05-18,611.0706053165364,612.9239300184597,596.861859946922,599.7606201171875,4941565,0.0,0.0,JSWSTEEL
2022-05-19,588.308073063616,593.9630653353827,562.6943254859755,570.4402465820312,5816509,0.0,0.0,JSWSTEEL
2022-05-20,590.208977671248,602.8495126121951,586.1221960298842,599.8081665039062,6187868,0.0,0.0,JSWSTEEL
2022-05-23,564.5476992181191,564.5476992181191,510.8491386022542,520.4008178710938,17554373,0.0,0.0,JSWSTEEL
2022-05-24,521.73148275596,528.8121018084986,510.61159099660784,512.9401245117188,7517949,0.0,0.0,JSWSTEEL
2022-05-25,515.0309837290574,517.9772531581607,495.16724567963615,502.24786376953125,4725882,0.0,0.0,JSWSTEEL
2022-05-26,504.1962986056172,528.1468224125946,494.26442777589307,524.3451538085938,8178844,0.0,0.0,JSWSTEEL
2022-05-27,530.332596622855,533.4689605925124,512.6548666056293,521.2086181640625,5193961,0.0,0.0,JSWSTEEL
2022-05-30,503.7209744602662,517.7396242211887,499.5391167517746,512.1321411132812,12211769,0.0,0.0,JSWSTEEL
2022-05-31,510.944202986934,530.6178482980482,505.8119855202447,523.9174194335938,20152169,0.0,0.0,JSWSTEEL
2022-06-01,526.5785571222076,543.9711776071598,521.9690576142405,541.2625122070312,8495547,0.0,0.0,JSWSTEEL
2022-06-02,542.5930737754326,546.4897601661212,530.0000488672567,544.9691162109375,7010273,0.0,0.0,JSWSTEEL
2022-06-03,547.4402119719624,553.0952049300404,531.8058401498121,534.5620727539062,6367536,0.0,0.0,JSWSTEEL
2022-06-06,525.5806008768823,554.3307151201475,525.5806008768823,550.2914428710938,10383944,0.0,0.0,JSWSTEEL
2022-06-07,546.4898142444389,550.7191817999276,538.9814962017127,543.7335815429688,3735461,0.0,0.0,JSWSTEEL
2022-06-08,545.1591539771206,554.0930967509149,543.8286050166471,547.582763671875,4138705,0.0,0.0,JSWSTEEL
2022-06-09,541.7376843014745,547.1550727462591,536.035182361459,543.82861328125,3922515,0.0,0.0,JSWSTEEL
2022-06-10,536.9856415461245,545.5393951282751,533.5165960564884,544.11376953125,3374125,0.0,0.0,JSWSTEEL
2022-06-13,535.1797577971262,539.7893147794067,527.4814037566489,536.03515625,4071346,0.0,0.0,JSWSTEEL
2022-06-14,534.8947693549125,548.200609677218,532.3761986706493,534.0394287109375,3413396,0.0,0.0,JSWSTEEL
2022-06-15,534.2293183799853,540.7872182192218,529.4297246179456,535.084716796875,3803101,0.0,0.0,JSWSTEEL
2022-06-16,543.1632505166492,543.1632505166492,517.4544853441827,518.7850341796875,4899759,0.0,0.0,JSWSTEEL
2022-06-17,513.320091623122,533.8491293542827,512.9399597075757,527.1011352539062,6776372,0.0,0.0,JSWSTEEL
2022-06-20,523.2996159864534,527.101284269708,509.5185684596555,523.06201171875,5614520,0.0,0.0,JSWSTEEL
2022-06-21,528.431874248514,552.0022052391232,525.2955096182338,547.6303100585938,4657829,0.0,0.0,JSWSTEEL
2022-06-22,539.1240619061022,541.642690246798,515.6012403421074,523.1095581054688,8511658,0.0,0.0,JSWSTEEL
2022-06-23,522.7293519201095,537.4608154742217,520.8285179131274,531.235595703125,5037690,0.0,0.0,JSWSTEEL
2022-06-24,533.8492687475762,544.4939513125531,532.4711524228904,539.6467895507812,3406061,0.0,0.0,JSWSTEEL
2022-06-27,547.155085500591,559.3204116544312,541.7852061783632,543.305908203125,6550599,0.0,0.0,JSWSTEEL
2022-06-28,545.0166763777969,551.7646143215389,539.8368917826887,549.7212524414062,4285360,0.0,0.0,JSWSTEEL
2022-06-29,545.0641800495296,552.3348937105754,540.9298890713526,547.4877319335938,3334027,0.0,0.0,JSWSTEEL
2022-06-30,548.3906504087896,553.9030578232595,528.6219869178345,536.5104370117188,5646362,0.0,0.0,JSWSTEEL
2022-07-01,528.9545769589431,551.7170760210117,528.9545769589431,550.1488647460938,3737790,0.0,0.0,JSWSTEEL
2022-07-04,550.7367022997909,557.2522914744677,533.1986001280026,540.3510131835938,6026463,17.35,0.0,JSWSTEEL
2022-07-05,544.2701443616947,552.5983103870312,539.4691776736342,541.477783203125,3562565,0.0,0.0,JSWSTEEL
2022-07-06,536.9217804545956,546.033762213732,530.0632905582777,543.33935546875,3281658,0.0,0.0,JSWSTEEL
2022-07-07,549.2181115145266,566.3153605716274,540.4490295246558,562.9840698242188,4952962,0.0,0.0,JSWSTEEL
2022-07-08,568.2748556829043,569.3525944197205,551.1776088404637,554.7538452148438,3313755,0.0,0.0,JSWSTEEL
2022-07-11,552.5983365408597,579.395412805438,549.7569381948689,565.6294555664062,4900994,0.0,0.0,JSWSTEEL
2022-07-12,562.2982277689013,569.6955871957414,552.1084472356956,562.8370971679688,3425619,0.0,0.0,JSWSTEEL
2022-07-13,563.9148161976696,581.7469016050194,562.9840091948445,576.7009887695312,4569908,0.0,0.0,JSWSTEEL
2022-07-14,577.0929522579663,579.4934357513852,562.641133844036,572.1940307617188,4660656,0.0,0.0,JSWSTEEL
2022-07-15,570.2343870615639,572.1939554019817,557.8400933879097,564.7476196289062,3051005,0.0,0.0,JSWSTEEL
2022-07-18,571.1162841462079,580.0322972269863,566.3153172249968,574.1046142578125,3583550,0.0,0.0,JSWSTEEL
2022-07-19,569.107657435361,577.6807696189952,565.7274496154131,573.0267944335938,3586372,0.0,0.0,JSWSTEEL
2022-07-20,583.4615625827751,587.8216147672031,575.13339586245,578.4156494140625,4550328,0.0,0.0,JSWSTEEL
2022-07-21,577.9747701475384,583.8534758219954,573.2227805132471,575.6722412109375,3773423,0.0,0.0,JSWSTEEL
2022-07-22,576.1132063015483,580.5712131995758,567.4911158545726,570.6754150390625,4351458,0.0,0.0,JSWSTEEL
2022-07-25,561.9062849219084,576.5050946233061,561.9062849219084,573.6636962890625,5783353,0.0,0.0,JSWSTEEL
2022-07-26,572.1939826432456,587.5276295575374,569.8424766022807,585.666015625,6031921,0.0,0.0,JSWSTEEL
2022-07-27,583.9514246447743,591.5937299869152,578.072719027545,590.5159912109375,2913380,0.0,0.0,JSWSTEEL
2022-07-28,592.867437780099,614.2757599576123,590.8588919871149,604.2329711914062,5104503,0.0,0.0,JSWSTEEL
2022-07-29,610.4056397029441,625.053427447406,608.0051561258769,616.8721923828125,4732970,0.0,0.0,JSWSTEEL
2022-08-01,621.7710329454026,628.0416757816763,615.5494271604339,626.278076171875,3055387,0.0,0.0,JSWSTEEL
2022-08-02,624.8574699992031,636.8108510445107,613.6389272173207,635.5861206054688,3053206,0.0,0.0,JSWSTEEL
2022-08-03,636.859765461562,647.4414234505125,631.9608441887808,639.6031494140625,4446383,0.0,0.0,JSWSTEEL
2022-08-04,639.7011953067993,659.8357507718566,639.7011953067993,650.919677734375,4705675,0.0,0.0,JSWSTEEL
2022-08-05,651.6545412327154,660.3746457875177,651.5565867191384,653.6631469726562,2455459,0.0,0.0,JSWSTEEL
2022-08-08,656.9453995755083,662.3342134422724,649.0581476035027,655.6716918945312,2446698,0.0,0.0,JSWSTEEL
2022-08-10,658.9539504065252,661.1584651865791,646.6576688158159,656.553466796875,3252353,0.0,0.0,JSWSTEEL
2022-08-11,659.4927738764206,664.5876640844035,655.9165971410006,659.982666015625,3480693,0.0,0.0,JSWSTEEL
2022-08-12,659.9826416634434,671.1522059456809,659.3947950386032,664.4896850585938,3476671,0.0,0.0,JSWSTEEL
2022-08-16,664.2937286997396,667.1351269760492,656.8473922395488,660.2276000976562,2747244,0.0,0.0,JSWSTEEL
2022-08-17,658.9538913996531,662.7750739300901,654.8878226057627,659.0028686523438,2349839,0.0,0.0,JSWSTEEL
2022-08-18,656.4555134938084,664.0488421946696,655.3777746309768,659.7868041992188,1806855,0.0,0.0,JSWSTEEL
2022-08-19,663.1180196097652,663.1180196097652,649.6949623887074,651.1156616210938,1961510,0.0,0.0,JSWSTEEL
2022-08-22,647.5394717970435,649.6949494293498,628.0417401858898,629.9523315429688,2303053,0.0,0.0,JSWSTEEL
2022-08-23,629.021524838416,641.7587208242406,623.8286799736836,639.6521606445312,1751341,0.0,0.0,JSWSTEEL
2022-08-24,641.2688819727161,644.0122662989719,633.92049906241,638.3295288085938,1781643,0.0,0.0,JSWSTEEL
2022-08-25,640.7789657067484,646.5106802409484,633.969452505417,635.5861206054688,1525852,0.0,0.0,JSWSTEEL
2022-08-26,642.7384862256372,656.9943355071223,640.7789176700712,653.51611328125,3070661,0.0,0.0,JSWSTEEL
2022-08-29,640.7789091581488,646.6086374937745,629.6093446192816,636.4678344726562,2728484,0.0,0.0,JSWSTEEL
2022-08-30,639.6521350573458,654.4958906291041,638.3294502168583,653.4181518554688,2321586,0.0,0.0,JSWSTEEL
2022-09-01,641.7587281844974,656.2595241282557,640.0441056282792,648.2252807617188,2472832,0.0,0.0,JSWSTEEL
2022-09-02,646.6576359739389,655.4756946463108,640.7789301923576,648.0293579101562,2022058,0.0,0.0,JSWSTEEL
2022-09-05,648.617230950601,669.731571448025,648.617230950601,668.1639404296875,4930594,0.0,0.0,JSWSTEEL
2022-09-06,668.212865806376,673.1117871099418,664.78362089388,670.7113037109375,3295941,0.0,0.0,JSWSTEEL
2022-09-07,664.2937624136472,673.8466594395071,662.1382249706313,670.7603149414062,2310672,0.0,0.0,JSWSTEEL
2022-09-08,673.1118463155461,677.1289382172915,665.5674948842113,671.4951782226562,1889770,0.0,0.0,JSWSTEEL
2022-09-09,673.1117824282192,687.563600173221,671.2501684252982,673.0628051757812,3953738,0.0,0.0,JSWSTEEL
2022-09-12,673.0628051757812,673.0628051757812,673.0628051757812,673.0628051757812,0,0.0,0.0,JSWSTEEL
2022-09-13,676.0511335157425,683.8404302752026,672.7198431402235,677.0798950195312,2094822,0.0,0.0,JSWSTEEL
2022-09-14,671.1522232795327,687.6125870143063,668.2128704768486,678.843505859375,2755630,0.0,0.0,JSWSTEEL
2022-09-15,678.1086755957177,683.8894267625058,670.6623389956092,675.708251953125,2887795,0.0,0.0,JSWSTEEL
2022-09-16,671.1521926826156,680.4601428001117,665.2734873452496,671.9849853515625,4073365,0.0,0.0,JSWSTEEL
2022-09-19,668.2128915547255,677.5208423901652,661.6973020494025,666.204345703125,1708723,0.0,0.0,JSWSTEEL
2022-09-20,669.535545149491,684.1343544349616,668.2618375812618,675.0713500976562,1802967,0.0,0.0,JSWSTEEL
2022-09-21,671.3482094067001,678.5006227840944,668.2128877093897,671.0052490234375,1806929,0.0,0.0,JSWSTEEL
2022-09-22,667.2331231295714,673.1118290602284,660.3746328771382,665.616455078125,1504203,0.0,0.0,JSWSTEEL
2022-09-23,667.7229497935206,673.062785783674,653.5160785213179,655.4756469726562,1558314,0.0,0.0,JSWSTEEL
2022-09-26,645.8738195809284,648.5682263936664,625.1023805552003,633.087646484375,2192702,0.0,0.0,JSWSTEEL
2022-09-27,636.2719070457589,637.790560651939,620.2034216481063,624.12255859375,2512782,0.0,0.0,JSWSTEEL
2022-09-28,616.3822448765322,619.7135352314921,602.5673109365496,604.0369873046875,2164186,0.0,0.0,JSWSTEEL
2022-09-29,607.95610138322,615.3044829470784,604.5758339035887,605.7515869140625,3577828,0.0,0.0,JSWSTEEL
2022-09-30,608.4460112587224,621.1342290898334,601.7834904064842,618.8807373046875,1588501,0.0,0.0,JSWSTEEL
2022-10-03,618.2438008767019,618.2438008767019,608.6909053797957,610.9443969726562,1285991,0.0,0.0,JSWSTEEL
2022-10-04,620.9872694027928,631.960865382088,619.3706612093317,630.197265625,1384242,0.0,0.0,JSWSTEEL
2022-10-06,635.2921819822467,664.2937741607859,635.2921819822467,660.8155517578125,3704140,0.0,0.0,JSWSTEEL
2022-10-07,657.8271475577375,659.3947783852428,646.2166686994565,652.5852661132812,1601796,0.0,0.0,JSWSTEEL
2022-10-10,642.3955727667847,654.4958844342389,641.2687969494152,652.5363159179688,1089870,0.0,0.0,JSWSTEEL
2022-10-11,655.8185856535202,655.8185856535202,627.0619408790354,629.75634765625,1644047,0.0,0.0,JSWSTEEL
2022-10-12,632.9406242553401,640.5339521779081,625.2983190806254,637.9375,1530483,0.0,0.0,JSWSTEEL
2022-10-13,639.3092930653479,642.7385383155068,628.7276339679728,635.2431640625,938662,0.0,0.0,JSWSTEEL
2022-10-14,644.6980557216419,646.1677321404603,626.0821544166097,627.306884765625,1386827,0.0,0.0,JSWSTEEL
2022-10-17,620.3504597402302,623.3877671804369,611.3854093840355,618.684814453125,2281559,0.0,0.0,JSWSTEEL
2022-10-18,621.7710644424803,625.5922469583547,618.3908566029974,623.8776245117188,1809430,0.0,0.0,JSWSTEEL
2022-10-19,627.0129665522093,627.0129665522093,612.3651794983513,613.2470092773438,2157157,0.0,0.0,JSWSTEEL
2022-10-20,606.0945382785222,617.2641031125015,602.56733875268,615.6964721679688,2686775,0.0,0.0,JSWSTEEL
2022-10-21,617.3621057095035,617.7540433768097,604.0370622391803,609.474853515625,2547197,0.0,0.0,JSWSTEEL
2022-10-24,609.474853515625,609.474853515625,609.474853515625,609.474853515625,0,0.0,0.0,JSWSTEEL
2022-10-25,611.5813573197003,637.79058671471,611.5813573197003,631.323974609375,4787246,0.0,0.0,JSWSTEEL
2022-10-27,636.859739301918,669.1926183741692,634.9001708732967,665.861328125,8328955,0.0,0.0,JSWSTEEL
2022-10-28,662.9219652683262,664.7346019176429,650.0378389294185,656.8473510742188,2500826,0.0,0.0,JSWSTEEL
2022-10-31,658.4150921250929,662.7751445019535,655.5247162931545,660.32568359375,1380329,0.0,0.0,JSWSTEEL
2022-11-01,656.4554059622817,674.3364673933439,656.4554059622817,672.474853515625,2846573,0.0,0.0,JSWSTEEL
2022-11-02,671.1522236573581,679.9213048172261,668.5067941731961,670.368408203125,1912908,0.0,0.0,JSWSTEEL
2022-11-03,664.9795424633422,674.0915234803641,664.2447043200133,666.44921875,1639039,0.0,0.0,JSWSTEEL
2022-11-04,669.3886127239726,689.7191359468168,668.5557602292539,687.5635986328125,3624889,0.0,0.0,JSWSTEEL
2022-11-07,691.0417918005408,700.986625458998,685.8489474444323,695.6467895507812,3121786,0.0,0.0,JSWSTEEL
2022-11-09,701.525513525047,701.7214823326572,688.8372956986599,692.2665405273438,1632827,0.0,0.0,JSWSTEEL
2022-11-10,685.6530771778866,691.4338287719028,683.1056617846575,686.8778076171875,932886,0.0,0.0,JSWSTEEL
2022-11-11,691.7277090101812,707.3552804020427,690.8949162838709,704.4649047851562,2607860,0.0,0.0,JSWSTEEL
2022-11-14,707.9920732741938,716.6142224926273,702.1624048429982,704.8568115234375,2089880,0.0,0.0,JSWSTEEL
2022-11-15,705.8365390246329,710.1965307341551,698.3901434620336,707.7470703125,1065114,0.0,0.0,JSWSTEEL
2022-11-16,705.934546915331,707.3552460276035,689.7681069096365,693.9321899414062,1395043,0.0,0.0,JSWSTEEL
2022-11-17,690.7478861214526,698.5371827549938,683.4484816057279,694.2750854492188,1391449,0.0,0.0,JSWSTEEL
2022-11-18,695.6468394915897,697.2144704206336,687.0247497792753,693.8832397460938,893816,0.0,0.0,JSWSTEEL
2022-11-21,705.4447040576922,708.2370654240718,678.6476270671272,682.46875,3360316,0.0,0.0,JSWSTEEL
2022-11-22,682.4197250888661,695.5488578624894,677.0309117536347,693.9321899414062,2421572,0.0,0.0,JSWSTEEL
2022-11-23,695.7447632636873,707.4042196127209,693.6872402850504,705.9835205078125,1735389,0.0,0.0,JSWSTEEL
2022-11-24,707.4042541742808,713.7238747764,702.6032872545223,711.2744140625,1654760,0.0,0.0,JSWSTEEL
2022-11-25,707.4041815721066,713.8707332726135,705.5425677000887,711.519287109375,1466688,0.0,0.0,JSWSTEEL
2022-11-28,703.9749783585966,710.0986298752858,695.6468122958992,701.1826171875,2418509,0.0,0.0,JSWSTEEL
2022-11-29,700.0558723936539,721.023280035966,699.4189886871966,717.740966796875,3306817,0.0,0.0,JSWSTEEL
2022-11-30,719.2596016041016,730.576157652199,716.3202488230447,728.3716430664062,3962572,0.0,0.0,JSWSTEEL
2022-12-01,732.0458652328683,737.7286022247779,728.077690968342,731.2130126953125,1942307,0.0,0.0,JSWSTEEL
2022-12-02,731.555945760028,736.111906713856,725.5792258596744,728.0286865234375,1392199,0.0,0.0,JSWSTEEL
2022-12-05,731.360034375311,743.656315912687,730.9191194609546,741.3048095703125,2129340,0.0,0.0,JSWSTEEL
2022-12-06,739.6881122298821,740.4719276492078,725.2362949188323,731.6538696289062,1468238,0.0,0.0,JSWSTEEL
2022-12-07,731.947889101025,735.8180492564402,721.3662300466766,723.2278442382812,1162282,0.0,0.0,JSWSTEEL
2022-12-08,723.227749990114,731.6048931580767,721.1701672357464,729.6453247070312,1053397,0.0,0.0,JSWSTEEL
2022-12-09,733.3196252822772,735.62209463627,723.2768354679267,725.432373046875,1338271,0.0,0.0,JSWSTEEL
2022-12-12,723.0807468327379,726.9998836719398,712.7930126298331,725.8731079101562,1224081,0.0,0.0,JSWSTEEL
2022-12-13,729.4494138492768,730.9190903043121,720.7783466850826,729.2044677734375,1201367,0.0,0.0,JSWSTEEL
2022-12-14,732.8296597013687,744.2931476674698,730.772076845189,742.6275024414062,1471083,0.0,0.0,JSWSTEEL
2022-12-15,740.7169270893631,747.4774626460113,726.0201626629869,728.3226318359375,1690335,0.0,0.0,JSWSTEEL
2022-12-16,724.8444176592587,732.4377460311853,720.1414649504522,728.420654296875,1498658,0.0,0.0,JSWSTEEL
2022-12-19,726.999972228984,735.6220623652423,724.7954574883975,734.2993774414062,944749,0.0,0.0,JSWSTEEL
2022-12-20,725.4812616661499,732.0458281176344,718.2798115300769,730.7230834960938,1512103,0.0,0.0,JSWSTEEL
2022-12-21,734.8382334219032,737.728609100287,724.6974897211962,728.0776977539062,1605753,0.0,0.0,JSWSTEEL
2022-12-22,728.0776834382702,733.8584346813755,719.6025851935502,722.639892578125,1403642,0.0,0.0,JSWSTEEL
2022-12-23,715.1935692605189,721.6601217879543,707.7962096780449,713.135986328125,1687270,0.0,0.0,JSWSTEEL
2022-12-26,712.8420504061343,722.4439245171992,708.6289899065258,717.3980712890625,1168456,0.0,0.0,JSWSTEEL
2022-12-27,721.0233005879793,753.7480607945729,719.6026013724316,749.4860229492188,4992699,0.0,0.0,JSWSTEEL
2022-12-28,745.6158358222434,751.5924959996469,741.8436902711212,746.3016967773438,1917734,0.0,0.0,JSWSTEEL
2022-12-29,740.7169357084211,755.8546152039897,737.2876906356969,753.8460693359375,2103907,0.0,0.0,JSWSTEEL
2022-12-30,757.3732596477149,761.7822889729604,749.7799313653478,752.5233154296875,2190914,0.0,0.0,JSWSTEEL
2023-01-02,756.2954784505812,767.6609517091695,750.6617190730091,759.626708984375,3360043,0.0,0.0,JSWSTEEL
2023-01-03,760.459624454611,760.8025250463506,748.1632833884263,752.3764038085938,1635681,0.0,0.0,JSWSTEEL
2023-01-04,750.9066406272686,752.1313708867721,719.7004777343514,721.4151000976562,2819669,0.0,0.0,JSWSTEEL
2023-01-05,726.8529213651728,737.6305481066199,721.6600768045507,735.5240478515625,2452379,0.0,0.0,JSWSTEEL
2023-01-06,734.8382080174731,739.1492827583569,711.2744081073034,713.6258544921875,3536096,0.0,0.0,JSWSTEEL
2023-01-09,721.8560664392384,731.5559547068835,720.2884355157722,727.3428344726562,1761359,0.0,0.0,JSWSTEEL
2023-01-10,729.2043859271213,736.2588440797529,720.1903593877189,730.1351928710938,2289489,0.0,0.0,JSWSTEEL
2023-01-11,734.838141517558,743.1173298722454,732.9275503893562,738.9532470703125,2794465,0.0,0.0,JSWSTEEL
2023-01-12,743.0683978926517,748.9471033829376,737.3856014110142,748.0162963867188,2422254,0.0,0.0,JSWSTEEL
2023-01-13,749.5349275964999,756.3444398793653,746.3016516337912,752.9641723632812,1816006,0.0,0.0,JSWSTEEL
2023-01-16,753.2091617570696,755.4136763768464,738.4634203717088,743.8522338867188,1673126,0.0,0.0,JSWSTEEL
2023-01-17,743.1173914893477,748.3102361597244,732.1927729591039,742.1865844726562,1480994,0.0,0.0,JSWSTEEL
2023-01-18,743.6562746589104,753.944009683836,739.9331063244329,751.6415405273438,1740579,0.0,0.0,JSWSTEEL
2023-01-19,747.526457035161,758.3530617838327,741.7457056410994,744.68505859375,2185302,0.0,0.0,JSWSTEEL
2023-01-20,744.6360458340306,748.5551829173676,723.4727295045252,726.4610595703125,3001352,0.0,0.0,JSWSTEEL
2023-01-23,722.6399316548842,732.045897247143,711.3234344310125,719.1127319335938,3335294,0.0,0.0,JSWSTEEL
2023-01-24,720.1414658091117,722.9828642205745,704.4649168935391,707.4532470703125,3146984,0.0,0.0,JSWSTEEL
2023-01-25,708.3840034748724,712.2051859203543,702.5052980518445,710.0006713867188,1567673,0.0,0.0,JSWSTEEL
2023-01-27,713.0870158411785,713.5279307452543,697.2144979034774,706.7673950195312,2706934,0.0,0.0,JSWSTEEL
2023-01-30,710.3436104403603,710.3436104403603,678.7945443336482,687.5146484375,2277856,0.0,0.0,JSWSTEEL
2023-01-31,694.3731631794659,705.2487452678865,689.915156460385,701.9664916992188,2294866,0.0,0.0,JSWSTEEL
2023-02-01,707.4042574049143,723.7666670087481,705.2487200065809,714.9486083984375,3271508,0.0,0.0,JSWSTEEL
2023-02-02,714.9975373649428,722.0030184860855,707.1592635740287,712.695068359375,2299091,0.0,0.0,JSWSTEEL
2023-02-03,712.3031848201471,719.4555982370382,704.9548025833506,717.0551147460938,2558496,0.0,0.0,JSWSTEEL
2023-02-06,713.1359620365494,716.5162297521847,694.7650068442777,696.6755981445312,1202963,0.0,0.0,JSWSTEEL
2023-02-07,693.687219642979,706.0815138014632,691.825605726249,699.6638793945312,1946683,0.0,0.0,JSWSTEEL
2023-02-08,703.2891054536373,721.1211903268681,698.1452382672023,717.153076171875,1793312,0.0,0.0,JSWSTEEL
2023-02-09,718.1818395637683,722.4929140901215,707.8451279122955,709.1188354492188,956700,0.0,0.0,JSWSTEEL
2023-02-10,707.4042848300452,711.9603058758514,697.6064415498506,704.4159545898438,997205,0.0,0.0,JSWSTEEL
2023-02-13,701.5255118967343,712.988999400555,700.5457276622417,703.5340576171875,863438,0.0,0.0,JSWSTEEL
2023-02-14,707.0613802417209,711.3234181240144,700.9867054820569,709.2168579101562,931784,0.0,0.0,JSWSTEEL
2023-02-15,705.5426075419815,713.8707735847967,705.5426075419815,712.4501342773438,859372,0.0,0.0,JSWSTEEL
2023-02-16,716.0263089106808,716.6631925856636,709.3148108033264,713.2339477539062,649802,0.0,0.0,JSWSTEEL
2023-02-17,711.3233596215753,721.0232475369287,710.7355129969473,713.6748657226562,1142716,0.0,0.0,JSWSTEEL
2023-02-20,713.6748871219378,718.1818708493181,706.8163972229675,708.7269287109375,606435,0.0,0.0,JSWSTEEL
2023-02-21,715.2424903700743,721.1211957703763,702.799218645845,705.5426025390625,1749017,0.0,0.0,JSWSTEEL
2023-02-22,705.5426042631223,708.628948526336,680.9500438656115,685.7999877929688,1810091,0.0,0.0,JSWSTEEL
2023-02-23,687.7105870932071,699.8598758788296,685.9469276070579,687.1226806640625,1824396,0.0,0.0,JSWSTEEL
2023-02-24,690.7478441669994,692.4624664752153,663.5098560310248,671.1521606445312,2142286,0.0,0.0,JSWSTEEL
2023-02-27,670.6623009563281,671.1521930680566,652.3893012683415,666.7431640625,1814311,0.0,0.0,JSWSTEEL
2023-02-28,670.1234841991875,670.1234841991875,651.4586052373724,653.7120971679688,1915622,0.0,0.0,JSWSTEEL
2023-03-01,654.4959447745041,665.0776037776661,654.4959447745041,663.0200805664062,1464537,0.0,0.0,JSWSTEEL
2023-03-02,666.400289908498,669.8785120793258,659.9826551495526,661.4523315429688,1091983,0.0,0.0,JSWSTEEL
2023-03-03,667.7230204342987,672.1320499162566,662.383183879225,668.5068359375,1084202,0.0,0.0,JSWSTEEL
2023-03-06,669.6825726954283,669.9764960267707,659.7377380757783,660.6195678710938,1215223,0.0,0.0,JSWSTEEL
2023-03-08,656.4554182209364,663.3139076650358,650.576712983137,661.7462768554688,1539129,0.0,0.0,JSWSTEEL
2023-03-09,663.4118518768053,677.9616829954858,658.9538457675329,666.44921875,6336933,0.0,0.0,JSWSTEEL
2023-03-10,654.7407875906566,667.5759366105669,652.6342276532044,665.6654052734375,5369878,0.0,0.0,JSWSTEEL
2023-03-13,668.9967197858844,677.4718780496983,659.4438226937273,661.9422607421875,1602921,0.0,0.0,JSWSTEEL
2023-03-14,664.2937174702047,668.9966698814183,654.2019517166812,658.4639892578125,1555671,0.0,0.0,JSWSTEEL
2023-03-15,667.2330852293759,670.956253480384,661.0604563130618,665.910400390625,1173429,0.0,0.0,JSWSTEEL
2023-03-16,661.5503825663762,662.0402747247043,635.9289987653068,649.0091552734375,2512474,0.0,0.0,JSWSTEEL
2023-03-17,656.455491711076,664.2937662389694,651.0666779731492,662.7261352539062,1667707,0.0,0.0,JSWSTEEL
2023-03-20,659.2968585788719,659.2968585788719,646.6576175873324,654.6428833007812,1480884,0.0,0.0,JSWSTEEL
2023-03-21,657.9252029860149,657.9252029860149,648.6172514917973,652.2914428710938,1133592,0.0,0.0,JSWSTEEL
2023-03-22,652.5363125309668,657.6801798594768,646.7065842650653,648.8621215820312,949388,0.0,0.0,JSWSTEEL
2023-03-23,648.5192959131208,657.2393408915906,644.9430590559475,654.2999877929688,1099501,0.0,0.0,JSWSTEEL
2023-03-24,657.5822309659088,657.5822309659088,642.4935294196789,644.5020751953125,1563002,0.0,0.0,JSWSTEEL
2023-03-27,647.7352760508261,653.0261343683202,642.5914092759818,645.53076171875,1134491,0.0,0.0,JSWSTEEL
2023-03-28,648.7642140256072,649.5480295245112,642.6895392568443,646.6576538085938,1190600,0.0,0.0,JSWSTEEL
2023-03-29,649.89086725343,671.5931118502334,645.2858694160373,665.175537109375,2208428,0.0,0.0,JSWSTEEL
2023-03-31,665.273501463123,678.5005887528905,663.1179641667559,674.1895141601562,1447293,0.0,0.0,JSWSTEEL
2023-04-03,676.4430561205392,677.6677864076916,662.4811308470015,668.4088134765625,1335604,0.0,0.0,JSWSTEEL
2023-04-05,664.7836467917537,676.051166228902,661.4033790003516,672.6708984375,1188370,0.0,0.0,JSWSTEEL
2023-04-06,674.0915874209469,674.0915874209469,666.4982592196208,668.8987426757812,726290,0.0,0.0,JSWSTEEL
2023-04-10,670.221429894027,679.2354572991487,668.9966995346704,674.5814819335938,600036,0.0,0.0,JSWSTEEL
2023-04-11,679.7253179456195,700.5457330898997,674.5814506746797,699.1740112304688,4076632,0.0,0.0,JSWSTEEL
2023-04-12,705.3467706213461,707.8941859860392,697.0186037273927,703.7301025390625,1810361,0.0,0.0,JSWSTEEL
2023-04-13,702.5053672653727,707.4042889338899,699.8109603476881,706.0816040039062,835749,0.0,0.0,JSWSTEEL
2023-04-17,699.5659637101487,709.0209057676418,699.5659637101487,706.6204223632812,1253589,0.0,0.0,JSWSTEEL
2023-04-18,705.4936612515572,710.3436054142984,697.9983473648542,704.8078002929688,837349,0.0,0.0,JSWSTEEL
2023-04-19,700.8885811318659,718.8676565075818,700.8885811318659,707.7470703125,2268330,0.0,0.0,JSWSTEEL
2023-04-20,711.3233397571743,712.3031239717158,698.2922216640279,701.3295288085938,1033900,0.0,0.0,JSWSTEEL
2023-04-21,704.4649276106667,704.4649276106667,688.8863329683018,696.2837524414062,1416385,0.0,0.0,JSWSTEEL
2023-04-24,694.2261548589511,709.2658797675622,690.8949241146652,705.78759765625,729151,0.0,0.0,JSWSTEEL
2023-04-25,705.7876069472782,715.8303961697324,703.2891689058522,710.3436279296875,1079227,0.0,0.0,JSWSTEEL
2023-04-26,705.4446834368163,710.0007042711937,697.6064091764072,708.824951171875,1277410,0.0,0.0,JSWSTEEL
2023-04-27,708.3839755072354,719.8964398394761,703.0931169148845,717.2999877929688,1247848,0.0,0.0,JSWSTEEL
2023-04-28,721.1211538194518,721.1211538194518,706.9632605104308,710.637451171875,1593083,0.0,0.0,JSWSTEEL
2023-05-02,717.1531206546114,731.4089700667193,713.7728529050302,722.9828491210938,1965606,0.0,0.0,JSWSTEEL
2023-05-03,716.22224529541,720.6312741652175,711.2253698301405,717.6429443359375,1215913,0.0,0.0,JSWSTEEL
2023-05-04,719.1126872483566,726.999938774807,715.4874734370658,723.7666625976562,1464468,0.0,0.0,JSWSTEEL
2023-05-05,721.4151558695743,726.6570376662632,715.7324189864077,718.5247802734375,945667,0.0,0.0,JSWSTEEL
2023-05-08,720.7292848738206,726.0201438507371,715.29149413722,717.9859008789062,1132367,0.0,0.0,JSWSTEEL
2023-05-09,718.7697186115231,725.5302540144136,707.8941371038674,709.95166015625,1179219,0.0,0.0,JSWSTEEL
2023-05-10,710.3436097828147,714.8505935933357,704.8568416829382,709.7067260742188,919645,0.0,0.0,JSWSTEEL
2023-05-11,712.7930583029203,714.6546723413393,694.177157123875,696.2346801757812,1284636,0.0,0.0,JSWSTEEL
2023-05-12,685.7510278539005,694.5690861985217,677.1779155744075,688.4454345703125,1499306,0.0,0.0,JSWSTEEL
2023-05-15,687.7105666485403,696.1366870042218,682.9096000590325,691.2867431640625,998259,0.0,0.0,JSWSTEEL
2023-05-16,696.0877468381295,696.6755934798317,686.3878586410426,688.5433959960938,874913,0.0,0.0,JSWSTEEL
2023-05-17,687.1716248840113,687.1716248840113,677.8146977324359,681.0479736328125,1686465,0.0,0.0,JSWSTEEL
2023-05-18,686.6328665558337,695.1570024360265,675.3163691741103,678.0597534179688,3667407,0.0,0.0,JSWSTEEL
2023-05-19,681.9298633590071,682.5177100103534,667.2820763165411,679.8233032226562,2329260,0.0,0.0,JSWSTEEL
2023-05-22,678.0106394866463,693.4912172718948,673.5526335138613,690.3558959960938,2182824,0.0,0.0,JSWSTEEL
2023-05-23,695.6467785034883,697.508392394644,688.2983970404233,689.8660278320312,2324758,0.0,0.0,JSWSTEEL
2023-05-24,685.8490077928566,692.2665829769464,680.4601941601984,681.9298706054688,1185182,0.0,0.0,JSWSTEEL
2023-05-25,678.990475046509,688.4454168374393,676.05112234068,682.5667114257812,1213068,0.0,0.0,JSWSTEEL
2023-05-26,682.5667497319315,691.1888395259846,680.1172890062751,687.5146484375,1461749,0.0,0.0,JSWSTEEL
2023-05-29,689.0332781102222,694.6180603303133,686.9267180390691,688.0045166015625,1467219,0.0,0.0,JSWSTEEL
2023-05-30,686.9266514322162,703.3870731798519,683.7913899576945,690.3558959960938,3317461,0.0,0.0,JSWSTEEL
2023-05-31,686.9757443312822,690.6989124859235,677.030910367027,682.2237548828125,14943096,0.0,0.0,JSWSTEEL
2023-06-01,684.7712617101844,687.7106145694904,677.1779334903104,679.8233032226562,1995511,0.0,0.0,JSWSTEEL
2023-06-02,683.8894308285769,694.7160352159639,681.6849161876538,692.3155517578125,3405152,0.0,0.0,JSWSTEEL
2023-06-05,694.6180354660116,699.5659338220031,688.7883073905717,697.7533569335938,2454283,0.0,0.0,JSWSTEEL
2023-06-06,699.5659848412589,702.9952298649906,694.4710945600287,698.439208984375,2436996,0.0,0.0,JSWSTEEL
2023-06-07,700.7907467483045,717.3981032138176,699.5660163275629,714.9976196289062,3667486,0.0,0.0,JSWSTEEL
2023-06-08,714.9975965369069,748.9961238789126,713.1359824369875,733.6624755859375,9618332,0.0,0.0,JSWSTEEL
2023-06-09,736.3079443799709,741.6477810865642,726.5101008087138,733.3685913085938,2408734,0.0,0.0,JSWSTEEL
2023-06-12,739.3452236312379,742.6275369825896,729.5964174924918,732.1928100585938,1703619,0.0,0.0,JSWSTEEL
2023-06-13,739.7371527715599,747.1834895941755,735.9650071050944,741.3538208007812,3419413,0.0,0.0,JSWSTEEL
2023-06-14,746.1547069139443,763.2519545702884,743.803260521329,757.2262573242188,4758206,0.0,0.0,JSWSTEEL
2023-06-15,762.2722175975465,762.2722175975465,752.9642663543888,755.0217895507812,2222061,0.0,0.0,JSWSTEEL
2023-06-16,761.243374943208,765.9953045724303,757.0792919357075,760.4105224609375,2285788,0.0,0.0,JSWSTEEL
2023-06-19,764.7216037632426,766.1912801317818,752.3273091347147,756.050537109375,1422461,0.0,0.0,JSWSTEEL
2023-06-20,756.5893956563748,770.6002982090092,753.0131592902633,757.5202026367188,2282549,0.0,0.0,JSWSTEEL
2023-06-21,757.5202333465145,758.3530260566824,736.8467493393914,743.4113159179688,2768203,0.0,0.0,JSWSTEEL
2023-06-22,738.9533228508897,748.3102508521882,730.8701024652523,737.1406860351562,1972478,0.0,0.0,JSWSTEEL
2023-06-23,734.8382417100113,743.3623772741053,728.8125442074736,731.4089965820312,1704679,0.0,0.0,JSWSTEEL
2023-06-26,734.7402742021549,736.1609136033012,722.2480243140486,733.6624755859375,1602537,0.0,0.0,JSWSTEEL
2023-06-27,734.8382668417008,749.5350321785348,733.907459743443,747.0855712890625,2783577,0.0,0.0,JSWSTEEL
2023-06-28,752.4742872466757,775.4502393578888,746.595581877561,767.56298828125,8340755,0.0,0.0,JSWSTEEL
2023-06-30,770.404307653673,773.0497369647593,764.2316791286594,768.9346313476562,2515440,0.0,0.0,JSWSTEEL
2023-07-03,772.0700246969458,791.9596339312924,771.1392176561526,777.94873046875,4781944,0.0,0.0,JSWSTEEL
2023-07-04,781.8678508653715,786.5218261681415,773.3437157189879,780.545166015625,2473106,0.0,0.0,JSWSTEEL
2023-07-05,780.5941881783598,787.3546641789778,772.168007054112,775.8912353515625,2526894,0.0,0.0,JSWSTEEL
2023-07-06,788.1875116332359,788.2854661451488,773.0498318627381,779.4674072265625,3316923,0.0,0.0,JSWSTEEL
2023-07-07,779.90825032093,785.6890012224655,768.542777126214,772.4619140625,2547821,0.0,0.0,JSWSTEEL
2023-07-10,773.0497582613186,797.3483952299348,771.8250279725651,794.2130737304688,4777540,0.0,0.0,JSWSTEEL
2023-07-11,802.4288151323575,802.5764258424538,780.5367896232758,784.5708618164062,3085989,3.4,0.0,JSWSTEEL
2023-07-12,791.5565991790214,801.6908730248732,775.9616299162803,792.7373046875,25929716,0.0,0.0,JSWSTEEL
2023-07-13,797.6568751118621,801.1005645418045,783.9804844973912,789.2444458007812,3049961,0.0,0.0,JSWSTEEL
2023-07-14,794.9019172752268,794.9019172752268,779.3560715926156,791.9009399414062,2011903,0.0,0.0,JSWSTEEL
2023-07-17,792.6881111237848,798.9359234496886,784.1772549130565,785.3087768554688,1769593,0.0,0.0,JSWSTEEL
2023-07-18,786.932127223294,788.1128326161246,775.8139432182451,778.1753540039062,1527919,0.0,0.0,JSWSTEEL
2023-07-19,783.193374999711,785.0135868374213,776.3551796269546,779.1593627929688,1563134,0.0,0.0,JSWSTEEL
2023-07-20,782.2094463372986,788.5556859314253,773.1082672446947,786.1942749023438,1780010,0.0,0.0,JSWSTEEL
2023-07-21,785.1611597401265,810.10328534218,770.0089028115908,773.7969970703125,8469798,0.0,0.0,JSWSTEEL
2023-07-24,776.3059673833927,776.3059673833927,760.7601818215849,763.1707763671875,2710762,0.0,0.0,JSWSTEEL
2023-07-25,765.4829192668523,792.5404774671588,764.4990080595684,787.6701049804688,4850069,0.0,0.0,JSWSTEEL
2023-07-26,794.459155519445,795.9842059553247,787.2273717572893,792.4913330078125,3062011,0.0,0.0,JSWSTEEL
2023-07-27,793.0325279896654,801.3957742525837,778.2738581139272,780.9796142578125,2865447,0.0,0.0,JSWSTEEL
2023-07-28,782.2094076944901,793.0324309456089,773.3542068526657,791.2122192382812,2111325,0.0,0.0,JSWSTEEL
2023-07-31,793.2291853581004,807.9878526865697,793.2291853581004,803.6094360351562,4226070,0.0,0.0,JSWSTEEL
2023-08-01,809.7589385756897,811.7267610266634,803.8062876721293,807.6927490234375,2406158,0.0,0.0,JSWSTEEL
2023-08-02,803.8554761114052,804.6917766368848,785.50550762321,791.3106079101562,1975596,0.0,0.0,JSWSTEEL
2023-08-03,791.3105910011822,795.9841692508006,781.4222953468349,791.5073852539062,1829238,0.0,0.0,JSWSTEEL
2023-08-04,795.0002823997695,801.6908668251718,789.8839319380465,792.9832763671875,1275614,0.0,0.0,JSWSTEEL
2023-08-07,795.0002545602582,803.4618669117834,790.6218376823051,799.968994140625,1422051,0.0,0.0,JSWSTEEL
2023-08-08,801.9367988045241,803.3634820324852,786.6369918983122,788.4080200195312,933777,0.0,0.0,JSWSTEEL
2023-08-09,788.8016517583116,815.5640494507938,788.4572467929997,810.2017211914062,3133311,0.0,0.0,JSWSTEEL
2023-08-10,811.7267693515578,821.5658817073343,806.0692797469864,818.1221923828125,6313077,0.0,0.0,JSWSTEEL
2023-08-11,816.6463850811385,817.9746413247574,802.4780382343622,807.4468383789062,3239511,0.0,0.0,JSWSTEEL
2023-08-14,801.887636909194,801.887636909194,780.782729424078,786.5878295898438,1866848,0.0,0.0,JSWSTEEL
2023-08-16,790.769517547583,790.769517547583,776.3060095416838,782.504638671875,1317570,0.0,0.0,JSWSTEEL
2023-08-17,782.0618688962852,783.8329572700254,770.9928668263066,777.0439453125,1434401,0.0,0.0,JSWSTEEL
2023-08-18,777.191522989233,781.1271680023636,770.6976726856614,774.4365234375,1546387,0.0,0.0,JSWSTEEL
2023-08-21,780.2415953111483,784.7675628894134,775.1252449706042,781.9634399414062,1033216,0.0,0.0,JSWSTEEL
2023-08-22,787.0305835605951,787.0797671093766,779.5528224974387,782.4061889648438,823108,0.0,0.0,JSWSTEEL
2023-08-23,786.145022403015,789.9822999754374,780.290738948954,785.062744140625,1274976,0.0,0.0,JSWSTEEL
2023-08-24,787.1289958892099,793.7212132404173,773.5018491691486,775.2236938476562,1726077,0.0,0.0,JSWSTEEL
2023-08-25,768.4346777408585,774.8792843463598,758.152793281578,760.7109985351562,1502054,0.0,0.0,JSWSTEEL
2023-08-28,763.0231324821364,768.3854605108596,758.5955321002284,760.5633544921875,1769280,0.0,0.0,JSWSTEEL
2023-08-29,766.3684385609009,773.2558167888858,763.072300091319,770.05810546875,1807893,0.0,0.0,JSWSTEEL
2023-08-30,772.0751233456107,779.2084794781181,771.4847405992923,774.4857177734375,1978468,0.0,0.0,JSWSTEEL
2023-08-31,774.4857798339958,779.0609312054164,764.499056426967,767.1064453125,3999415,0.0,0.0,JSWSTEEL
2023-09-01,766.4668341601285,794.7050979556103,765.482922948113,793.426025390625,3513798,0.0,0.0,JSWSTEEL
2023-09-04,798.886795630452,813.3010602082246,795.492289619584,796.7713623046875,3571051,0.0,0.0,JSWSTEEL
2023-09-05,795.9349485088643,804.839332536686,787.6208871584562,802.8223266601562,1770212,0.0,0.0,JSWSTEEL
2023-09-06,802.9207685532667,804.3474518852889,790.3759000376247,801.789306640625,2225037,0.0,0.0,JSWSTEEL
2023-09-07,798.9851127277789,808.1847188801257,792.5405060978912,806.1184692382812,2652562,0.0,0.0,JSWSTEEL
2023-09-08,806.118422013186,810.7428165942001,797.5583826914233,802.6255493164062,1866220,0.0,0.0,JSWSTEEL
2023-09-11,806.8072078428306,816.0067538134267,803.3143349902437,810.9888305664062,1715172,0.0,0.0,JSWSTEEL
2023-09-12,820.385235384022,826.485497495218,798.8376138026621,803.0684204101562,2776481,0.0,0.0,JSWSTEEL
2023-09-13,804.8394004476112,806.9548336509874,795.0002879727016,797.6568603515625,1380634,0.0,0.0,JSWSTEEL
2023-09-14,799.8705829565582,811.7267003264498,795.8365112018212,797.3123779296875,2398032,0.0,0.0,JSWSTEEL
2023-09-15,799.969011052898,806.5120447333189,792.0485376866665,799.772216796875,4454542,0.0,0.0,JSWSTEEL
2023-09-18,799.772181799725,801.8384313177875,794.5574645357686,795.787353515625,1335464,0.0,0.0,JSWSTEEL
2023-09-20,795.0494603523669,797.7552162449456,772.567112684392,774.0921630859375,3359951,0.0,0.0,JSWSTEEL
2023-09-21,777.2898601888292,778.8640941122454,761.5472807419667,765.8272705078125,2875491,0.0,0.0,JSWSTEEL
2023-09-22,767.4507805726762,771.0912642347462,760.2682404061571,761.5964965820312,2147621,0.0,0.0,JSWSTEEL
2023-09-25,764.4498667596464,770.8452899604554,761.8916614474163,767.3524169921875,2326745,0.0,0.0,JSWSTEEL
2023-09-26,767.3524231298832,775.7156689209118,765.4337841436587,767.1064453125,1727679,0.0,0.0,JSWSTEEL
2023-09-27,767.4507784644538,773.0590846254064,762.1868772744621,767.0571899414062,2612372,0.0,0.0,JSWSTEEL
2023-09-28,768.1395669967102,774.7317847437453,752.0525811453807,755.7422485351562,3157286,0.0,0.0,JSWSTEEL
2023-09-29,763.3675227372503,771.2880563780469,759.0383492496135,767.0571899414062,1704218,0.0,0.0,JSWSTEEL
2023-10-03,764.0562335558475,764.0562335558475,755.6438047711781,757.8576049804688,1099773,0.0,0.0,JSWSTEEL
2023-10-04,755.5946750886566,755.6438586417346,741.0328002400505,744.42724609375,1654158,0.0,0.0,JSWSTEEL
2023-10-05,749.7403940116232,750.3799603637443,740.7868254009973,743.344970703125,1459736,0.0,0.0,JSWSTEEL
2023-10-06,748.1169103229442,758.7432000843235,746.4443092060402,752.888916015625,2026927,0.0,0.0,JSWSTEEL
2023-10-09,744.3288436981915,749.1500327348234,737.0971201964192,745.3619384765625,725323,0.0,0.0,JSWSTEEL
2023-10-10,747.4282269712644,761.744124067352,745.1159994341476,759.4811401367188,1351582,0.0,0.0,JSWSTEEL
2023-10-11,763.5151060931972,769.9597125682716,762.0884228147335,764.7449951171875,1841618,0.0,0.0,JSWSTEEL
2023-10-12,769.8121201303115,777.240637421343,766.9095701806158,770.84521484375,2139718,0.0,0.0,JSWSTEEL
2023-10-13,765.4829285315817,767.4507509699663,760.5633724356204,764.7449951171875,998547,0.0,0.0,JSWSTEEL
2023-10-16,764.7450193669094,781.5698777273359,760.5633965527448,777.9786376953125,2157341,0.0,0.0,JSWSTEEL
2023-10-17,779.9464004505153,783.1932953174531,775.4696166148,777.4374389648438,1050381,0.0,0.0,JSWSTEEL
2023-10-18,780.3399476476498,788.1128701384496,768.6314404153248,771.7799682617188,1250892,0.0,0.0,JSWSTEEL
2023-10-19,767.5983933202085,770.1073550219518,756.7753694628884,767.8935546875,2130597,0.0,0.0,JSWSTEEL
2023-10-20,767.0571474665715,767.2047581678348,749.6419672698406,757.0213012695312,1501944,0.0,0.0,JSWSTEEL
2023-10-23,758.3988288144544,762.3344740704227,734.0962073482141,736.900390625,1715908,0.0,0.0,JSWSTEEL
2023-10-25,741.9674151619637,749.5927269955004,729.5701580087091,736.2607421875,2417579,0.0,0.0,JSWSTEEL
2023-10-26,732.7187151522078,733.0138765146656,713.8276072636106,716.9761352539062,2519570,0.0,0.0,JSWSTEEL
2023-10-27,717.9600386359714,723.6175282249746,713.5816216390641,720.2230224609375,1588987,0.0,0.0,JSWSTEEL
2023-10-30,722.978022712177,724.9458453434312,714.3196151452944,722.682861328125,1162173,0.0,0.0,JSWSTEEL
2023-10-31,725.1426181152781,726.6676685986432,715.303505250756,724.5030517578125,1363728,0.0,0.0,JSWSTEEL
2023-11-01,725.044263400401,725.4377918898006,711.367872263686,712.7945556640625,1845107,0.0,0.0,JSWSTEEL
2023-11-02,716.2873685228534,722.5844243553134,713.3356348613581,721.55126953125,1095177,0.0,0.0,JSWSTEEL
2023-11-03,724.1095171820369,735.9656360733856,723.1747894571369,734.0469970703125,2526039,0.0,0.0,JSWSTEEL
2023-11-06,736.0639792163448,744.2796741535229,732.9155112712369,741.8690795898438,2782755,0.0,0.0,JSWSTEEL
2023-11-07,744.8207863930895,747.3789315192729,734.9324907376075,736.555908203125,2288975,0.0,0.0,JSWSTEEL
2023-11-08,737.9334175581373,745.5587295395713,733.013861441083,744.525634765625,2664277,0.0,0.0,JSWSTEEL
2023-11-09,744.5256925260285,747.6742206958414,736.9987470617239,738.769775390625,2579350,0.0,0.0,JSWSTEEL
2023-11-10,739.8028716681393,746.7886173214175,733.063043767128,742.6069946289062,1108868,0.0,0.0,JSWSTEEL
2023-11-13,744.3780740419604,750.9702916920813,740.8852009749587,748.8548583984375,942603,0.0,0.0,JSWSTEEL
2023-11-15,756.6277372631704,769.9105388926279,756.6277372631704,760.415771484375,2443652,0.0,0.0,JSWSTEEL
2023-11-16,758.1035856992606,761.8424362787065,751.1178401443269,756.7753295898438,1699954,0.0,0.0,JSWSTEEL
2023-11-17,759.5794360106952,762.4328024729372,753.675968891441,756.430908203125,1567731,0.0,0.0,JSWSTEEL
2023-11-20,757.5132454855202,759.579434953113,748.4120670226752,749.5927124023438,1024654,0.0,0.0,JSWSTEEL
2023-11-21,754.5122810731677,767.0571488960197,753.6267970234591,763.3182983398438,1846834,0.0,0.0,JSWSTEEL
2023-11-22,763.318332522471,764.253060216667,753.1840587008157,756.0866088867188,1312655,0.0,0.0,JSWSTEEL
2023-11-23,759.530331078403,765.433798808705,754.8075689047972,763.0723876953125,1068229,0.0,0.0,JSWSTEEL
2023-11-24,766.4668561653314,773.6002126572423,763.9087109619165,769.4677734375,2069730,0.0,0.0,JSWSTEEL
2023-11-28,772.3702670349606,772.9114061668348,766.2208222337268,769.7628784179688,858569,0.0,0.0,JSWSTEEL
2023-11-29,770.5993136745774,781.9142932061598,770.5993136745774,780.4876098632812,1481172,0.0,0.0,JSWSTEEL
2023-11-30,781.225497138258,795.1478647168404,776.8962638129476,788.2112426757812,3142500,0.0,0.0,JSWSTEEL
2023-12-01,792.0485150457911,801.8876270339375,784.078858356662,797.7551879882812,2064512,0.0,0.0,JSWSTEEL
2023-12-04,806.8072237745793,810.1525460407689,799.2802787022408,806.4136352539062,2789349,0.0,0.0,JSWSTEEL
2023-12-05,802.871552455211,812.7106646176524,801.1005242766065,808.4798583984375,1338828,0.0,0.0,JSWSTEEL
2023-12-06,811.677618443787,819.9916807294213,802.0844835110962,811.431640625,1543909,0.0,0.0,JSWSTEEL
2023-12-07,815.6132040124851,816.6462987653487,804.6917536235983,805.9708862304688,1717648,0.0,0.0,JSWSTEEL
2023-12-08,811.5299895091534,839.7190709304509,808.8734171152695,825.8458862304688,7142037,0.0,0.0,JSWSTEEL
2023-12-11,828.0104840757048,833.3728122929474,818.4173495776454,831.5033569335938,1630946,0.0,0.0,JSWSTEEL
2023-12-12,832.9791926728775,848.9185660235136,831.6509365824801,840.112548828125,2518863,0.0,0.0,JSWSTEEL
2023-12-13,841.0965332741357,845.3765833719433,826.4854747945744,837.7020874023438,2170707,0.0,0.0,JSWSTEEL
2023-12-14,846.1637381460783,847.6887886867519,832.1921853427975,833.7664794921875,2711444,0.0,0.0,JSWSTEEL
2023-12-15,840.3093464621633,856.543881225703,837.8987520169422,853.247802734375,4058044,0.0,0.0,JSWSTEEL
2023-12-18,830.4210953029418,851.6243707375415,822.697416008895,841.145751953125,4324786,0.0,0.0,JSWSTEEL
2023-12-19,841.7852381336367,847.6395219441179,833.9631318694255,844.8845825195312,1285256,0.0,0.0,JSWSTEEL
2023-12-20,845.1797315598101,849.8533098193084,826.1902571686937,828.69921875,1764901,0.0,0.0,JSWSTEEL
2023-12-21,816.6462911664681,834.0123477649522,806.9055463228517,828.3548583984375,2106856,0.0,0.0,JSWSTEEL
2023-12-22,831.404972156679,843.7530458271877,829.5355168370688,841.5392456054688,1846933,0.0,0.0,JSWSTEEL
2023-12-26,843.7038747907757,849.1153865241276,836.275357058355,838.5875244140625,1294151,0.0,0.0,JSWSTEEL
2023-12-27,844.6386583534811,867.3178015623718,841.8837187539358,861.8079223632812,2466359,0.0,0.0,JSWSTEEL
2023-12-28,868.6952168235557,881.3384516396511,859.9383831795201,866.6289672851562,4482599,0.0,0.0,JSWSTEEL
2023-12-29,867.8096741814737,873.2211857551677,859.2496347724503,866.0878295898438,1906630,0.0,0.0,JSWSTEEL
2024-01-01,866.0878575226876,870.5646415946748,860.9223235812003,863.48046875,778184,0.0,0.0,JSWSTEEL
2024-01-02,869.6299375417314,869.6299375417314,845.2781340132092,856.1995849609375,1615515,0.0,0.0,JSWSTEEL
2024-01-03,856.002783579026,856.002783579026,822.5498012322594,824.1732788085938,3983411,0.0,0.0,JSWSTEEL
2024-01-04,826.7313632597368,830.2242359138713,821.5658296005715,823.6320190429688,1878399,0.0,0.0,JSWSTEEL
2024-01-05,825.4523708787992,832.1921390480602,813.8914134716821,816.0560302734375,2060548,0.0,0.0,JSWSTEEL
2024-01-08,822.3037927488349,823.1893368580185,807.4959410671336,808.725830078125,1107367,0.0,0.0,JSWSTEEL
2024-01-09,815.1704379565841,818.5649436436827,806.069259258819,808.1846923828125,1458862,0.0,0.0,JSWSTEEL
2024-01-10,810.5952401161323,817.9745743165699,798.1487991299662,816.4495239257812,1265739,0.0,0.0,JSWSTEEL
2024-01-11,821.3691489785099,823.2877880422471,806.905640721419,808.8242797851562,1205504,0.0,0.0,JSWSTEEL
2024-01-12,811.2348433732767,817.4334723732555,808.0371317408169,812.513916015625,1326357,0.0,0.0,JSWSTEEL
2024-01-15,814.3832900943872,817.1382293688011,806.8071620498699,811.8743286132812,1497605,0.0,0.0,JSWSTEEL
2024-01-16,814.3341505867583,825.9934745988367,806.1676393647416,818.9093017578125,1920936,0.0,0.0,JSWSTEEL
2024-01-17,816.6463366364594,816.6463366364594,797.0172952090802,799.5755004882812,1433551,0.0,0.0,JSWSTEEL
2024-01-18,799.427866153586,801.3956885933487,779.8480088566774,790.7202758789062,1991900,0.0,0.0,JSWSTEEL
2024-01-19,792.294556839861,807.4959981000165,792.294556839861,803.5111694335938,1358166,0.0,0.0,JSWSTEEL
2024-01-23,795.2462633728687,802.8715755177989,775.7648327422634,777.6834716796875,1533222,0.0,0.0,JSWSTEEL
2024-01-24,782.2094654839884,800.903779753417,771.3864414332666,799.1327514648438,1490515,0.0,0.0,JSWSTEEL
2024-01-25,801.887666132238,807.7911336129662,780.0448244429086,802.576416015625,3240065,0.0,0.0,JSWSTEEL
2024-01-29,805.8724704959917,810.3492545239443,791.0646186866832,798.6407470703125,1574830,0.0,0.0,JSWSTEEL
2024-01-30,804.839380424011,816.0067487839298,797.115701344635,798.9359130859375,1892910,0.0,0.0,JSWSTEEL
2024-01-31,798.935909248222,808.7750214310818,795.0494479253573,805.4789428710938,1954023,0.0,0.0,JSWSTEEL
2024-02-01,808.7750840441984,808.7750840441984,787.2274026743037,788.8016967773438,2287350,0.0,0.0,JSWSTEEL
2024-02-02,796.2301308163029,813.0058046016744,792.14687535495,810.300048828125,2871131,0.0,0.0,JSWSTEEL
2024-02-05,810.8904302187817,820.5819314065709,797.9519740656223,801.5432739257812,2056107,0.0,0.0,JSWSTEEL
2024-02-06,801.5433194612456,807.545154032234,792.1469190324626,805.5773315429688,1547506,0.0,0.0,JSWSTEEL
2024-02-07,814.0882011624298,829.3388257039912,809.7589675938767,823.14013671875,3647454,0.0,0.0,JSWSTEEL
2024-02-08,827.9121317696188,827.9121317696188,804.8394009897777,808.8734130859375,2294805,0.0,0.0,JSWSTEEL
2024-02-09,811.6283981093709,811.7267652111565,787.5717565115688,798.68994140625,1396058,0.0,0.0,JSWSTEEL
2024-02-12,804.8393927742799,806.413626733986,789.5395850322989,798.4439697265625,1408603,0.0,0.0,JSWSTEEL
2024-02-13,799.8706618523337,801.592506538013,777.8310258543681,799.5755004882812,1675844,0.0,0.0,JSWSTEEL
2024-02-14,785.1611857984457,802.6747942229133,783.7345024602315,800.1658325195312,1546826,0.0,0.0,JSWSTEEL
2024-02-15,804.8393959762102,807.5451518917781,792.6388725538333,799.2802734375,1482200,0.0,0.0,JSWSTEEL
2024-02-16,804.9869674667399,811.1364124298079,800.4117563929478,806.7579956054688,1774587,0.0,0.0,JSWSTEEL
2024-02-19,812.6615180713252,812.6615180713252,800.9037664911937,807.0040283203125,829517,0.0,0.0,JSWSTEEL
2024-02-20,811.7267657068346,811.7267657068346,798.7391254448901,807.9879150390625,1384043,0.0,0.0,JSWSTEEL
2024-02-21,807.7910823896865,836.3245067371906,807.7418988411013,814.9244384765625,6419882,0.0,0.0,JSWSTEEL
2024-02-22,817.6302215384969,821.7134771113731,806.856381698925,815.3180541992188,2366934,0.0,0.0,JSWSTEEL
2024-02-23,821.5658952199585,822.8449678366117,806.0692930047318,807.7911376953125,1736000,0.0,0.0,JSWSTEEL
2024-02-26,811.923509945816,814.4816549679688,793.2291977054277,795.7381591796875,1188689,0.0,0.0,JSWSTEEL
2024-02-27,795.9349966469473,807.348342823812,792.7372851690216,805.7741088867188,1331211,0.0,0.0,JSWSTEEL
2024-02-28,809.4638238098797,809.5130073633499,782.2094692845496,785.7515258789062,1851909,0.0,0.0,JSWSTEEL
2024-02-29,788.1129000907632,792.9340891687685,777.2898764940111,787.2273559570312,3155812,0.0,0.0,JSWSTEEL
2024-03-01,791.3106649445148,826.1903326247598,791.3106649445148,822.7466430664062,5377896,0.0,0.0,JSWSTEEL
2024-03-04,825.5015321727398,825.5015321727398,805.3313517084475,811.0380249023438,3821690,0.0,0.0,JSWSTEEL
2024-03-05,811.8251424360479,813.3502529049724,797.9520179334448,806.1184692382812,2630517,0.0,0.0,JSWSTEEL
2024-03-06,807.2008064785854,809.7589516849953,787.1289931324377,799.8214721679688,2041620,0.0,0.0,JSWSTEEL
2024-03-07,806.8072495058359,831.3066643962479,804.8886104994241,816.6463623046875,5074846,0.0,0.0,JSWSTEEL
2024-03-11,818.6141406352114,823.1401082568763,808.9226390732401,816.4495239257812,1622850,0.0,0.0,JSWSTEEL
2024-03-12,815.662457594261,815.9576189699682,801.8876995649249,804.6426391601562,1231413,0.0,0.0,JSWSTEEL
2024-03-13,805.2329973681626,807.3975540926823,775.7648431877576,780.1924438476562,3047464,0.0,0.0,JSWSTEEL
2024-03-14,779.2577170870383,780.1924447936746,749.4944015038527,772.8131103515625,5262918,0.0,0.0,JSWSTEEL
2024-03-15,769.5169552839303,777.4866723443133,762.0884374470342,768.09033203125,3992861,0.0,0.0,JSWSTEEL
2024-03-18,768.0903592214224,795.4922641508002,765.9749259633865,791.458251953125,3561533,0.0,0.0,JSWSTEEL
2024-03-19,789.0968370904185,796.9189436831848,780.97956912783,788.162109375,2192986,0.0,0.0,JSWSTEEL
2024-03-20,789.2935687444871,796.9680640169788,776.6010903703548,781.8650512695312,1538050,0.0,0.0,JSWSTEEL
2024-03-21,791.0646385878642,806.2660792877813,790.1790944487715,799.2802734375,2783067,0.0,0.0,JSWSTEEL
2024-03-22,795.0002716538094,819.5488687854377,793.7703826196914,811.5299682617188,3983433,0.0,0.0,JSWSTEEL
2024-03-26,807.3483805310304,820.5819991222345,804.8886023562036,808.6766967773438,2454193,0.0,0.0,JSWSTEEL
2024-03-27,811.7268062485736,819.0077737440747,802.2812819789525,804.8886108398438,1884038,0.0,0.0,JSWSTEEL
2024-03-28,813.6946116073985,827.3217585302176,806.8072327908909,816.8431396484375,3722941,0.0,0.0,JSWSTEEL
2024-04-01,824.5175893175074,862.3489871387128,824.5175893175074,857.92138671875,6053539,0.0,0.0,JSWSTEEL
2024-04-02,857.0850423819255,867.6620880297666,847.6887022123855,865.1039428710938,2784783,0.0,0.0,JSWSTEEL
2024-04-03,863.7264502376266,865.399111341205,853.1494045028392,855.0188598632812,1980049,0.0,0.0,JSWSTEEL
2024-04-04,862.2014376963955,864.5136652230093,839.8174562050855,848.6234741210938,2790334,0.0,0.0,JSWSTEEL
2024-04-05,846.1636693616325,850.6404535086663,833.3236396453267,843.310302734375,1847243,0.0,0.0,JSWSTEEL
2024-04-08,850.0992923487494,863.8740494006967,846.4096252812635,862.3489990234375,2462906,0.0,0.0,JSWSTEEL
2024-04-09,867.6129205060859,877.1076880052271,856.543919042247,860.5287475585938,2512308,0.0,0.0,JSWSTEEL
2024-04-10,867.1701273227152,874.6970721561273,861.2666600190744,869.7283325195312,2519596,0.0,0.0,JSWSTEEL
2024-04-12,869.6791504771376,869.6791504771376,848.1314707602193,852.5098876953125,4129109,0.0,0.0,JSWSTEEL
2024-04-15,849.0170398806222,867.8097206952694,836.5705385727357,846.6064453125,1974756,0.0,0.0,JSWSTEEL
2024-04-16,845.6717365742153,849.705748759988,829.1912228015357,831.6510009765625,1706563,0.0,0.0,JSWSTEEL
2024-04-18,832.4872634999084,844.1958310993632,828.1580901415605,831.2081909179688,3437879,0.0,0.0,JSWSTEEL
2024-04-19,829.2894907344113,853.34613041993,819.7947841461652,850.8863525390625,3157898,0.0,0.0,JSWSTEEL
2024-04-22,853.1493982903929,856.888308984051,839.719046114993,841.0473022460938,1584578,0.0,0.0,JSWSTEEL
2024-04-23,844.6878216022662,851.0832448293073,834.8978924979294,837.65283203125,1755588,0.0,0.0,JSWSTEEL
2024-04-24,837.6527614726238,871.7453079786093,836.3245053970857,868.4984130859375,4257548,0.0,0.0,JSWSTEEL
2024-04-25,868.4984805726443,894.7689232059214,860.282785525792,891.226806640625,4893459,0.0,0.0,JSWSTEEL
2024-04-26,895.3592623197115,899.2949074288092,870.4171354620768,872.9752807617188,3626999,0.0,0.0,JSWSTEEL
2024-04-29,883.9458285910256,887.9798404098456,871.8929166297839,881.3384399414062,1956431,0.0,0.0,JSWSTEEL
2024-04-30,887.9306714594435,888.2258328078144,865.8910366324193,868.0064697265625,1831578,0.0,0.0,JSWSTEEL
2024-05-02,868.7936061533255,880.2069522695172,868.7936061533255,876.0253295898438,2448369,0.0,0.0,JSWSTEEL
2024-05-03,881.4368345623976,889.1605736024865,852.0671089283429,860.1351928710938,3672279,0.0,0.0,JSWSTEEL
2024-05-06,865.5467176370416,878.6327249339332,860.2827565453418,866.4814453125,2556178,0.0,0.0,JSWSTEEL
2024-05-07,866.4813915683195,866.8749200024573,832.142867884992,843.5562133789062,2369111,0.0,0.0,JSWSTEEL
2024-05-08,836.718096172989,852.6574093355986,836.718096172989,850.7388305664062,1849894,0.0,0.0,JSWSTEEL
2024-05-09,850.7880556215732,854.8220676576694,817.6794185928921,821.1231079101562,2282517,0.0,0.0,JSWSTEEL
2024-05-10,822.5005804827723,842.1788045026811,822.5005804827723,839.8665771484375,1947295,0.0,0.0,JSWSTEEL
2024-05-13,834.2090992986853,848.623422614214,816.6463081388957,846.7539672851562,1735081,0.0,0.0,JSWSTEEL
2024-05-14,850.2469730424107,870.7123160507409,847.3444226997578,867.3178100585938,2706050,0.0,0.0,JSWSTEEL
2024-05-15,867.8097071090416,869.2855739578665,849.5089822048832,856.9375,2194086,0.0,0.0,JSWSTEEL
2024-05-16,858.7576875975255,874.1559219749681,850.5420530581534,872.138916015625,3282175,0.0,0.0,JSWSTEEL
2024-05-17,873.7131948327312,900.2296151775357,864.5628321677536,892.8502807617188,4635724,0.0,0.0,JSWSTEEL
2024-05-21,877.6487554201789,914.0042848218172,876.4680500166027,908.5927734375,5938708,0.0,0.0,JSWSTEEL
2024-05-22,910.1178519037031,912.3808356329371,891.4727228189331,901.0658569335938,2938404,0.0,0.0,JSWSTEEL
2024-05-23,897.3270866701881,906.0346774702227,876.3697884329346,902.2466430664062,3800388,0.0,0.0,JSWSTEEL
2024-05-24,900.278756985306,910.1178690835061,891.4727396467821,894.0309448242188,2113036,0.0,0.0,JSWSTEEL
2024-05-27,895.8511494700508,904.3620053890863,885.6184489474209,887.438720703125,1893682,0.0,0.0,JSWSTEEL
2024-05-28,891.2759642088023,901.1150765147036,886.7008130184636,892.7518310546875,1931419,0.0,0.0,JSWSTEEL
2024-05-29,885.1265434669351,895.3592445689947,882.027259036872,887.3895874023438,1740879,0.0,0.0,JSWSTEEL
2024-05-30,885.5201017837364,886.3072187524647,859.2004765362753,869.4823608398438,3993159,0.0,0.0,JSWSTEEL
2024-05-31,877.648852690846,881.0433585824047,862.8901836433541,866.383056640625,5249761,0.0,0.0,JSWSTEEL
2024-06-03,897.3270186096214,902.9353244865664,883.355467493442,900.5739135742188,2541803,0.0,0.0,JSWSTEEL
2024-06-04,899.294884965928,899.294884965928,810.5460779619374,828.3056640625,4022430,0.0,0.0,JSWSTEEL
2024-06-05,843.2119150432895,867.5145341736086,815.8100116037011,864.2676391601562,1969854,0.0,0.0,JSWSTEEL
2024-06-06,869.7775114891933,878.5343452980806,863.3820886105963,873.8115234375,3095781,0.0,0.0,JSWSTEEL
2024-06-07,873.8115568129881,900.6723819715922,862.9885330665892,897.4746704101562,3609817,0.0,0.0,JSWSTEEL
2024-06-10,892.4075332401358,905.1983799128168,886.2580877244236,901.1643676757812,1765715,0.0,0.0,JSWSTEEL
2024-06-11,901.2134972563027,904.0176202222591,890.4888408979206,895.4575805664062,2003998,0.0,0.0,JSWSTEEL
2024-06-12,895.4083656817453,909.4291001272334,893.4405433034311,902.148193359375,1782777,0.0,0.0,JSWSTEEL
2024-06-13,902.7877518651901,910.1670862110772,893.4405950270665,901.0167236328125,1788757,0.0,0.0,JSWSTEEL
2024-06-14,899.2949053817615,908.6420624945915,889.0622041001287,906.3298950195312,2625892,0.0,0.0,JSWSTEEL
2024-06-18,906.3298401757363,912.5284688227284,899.5900123176815,910.4622192382812,2395045,0.0,0.0,JSWSTEEL
2024-06-19,914.0535553720175,921.8264783033411,898.6061366667204,900.2296142578125,1793533,0.0,0.0,JSWSTEEL
2024-06-20,900.2295478158462,922.9086885461376,896.6382479809381,914.6930541992188,3120339,0.0,0.0,JSWSTEEL
2024-06-21,914.0535541300194,928.8122229265213,908.2976973206545,921.8264770507812,4299319,0.0,0.0,JSWSTEEL
2024-06-24,920.940957954747,926.5000807072623,907.1662000366204,920.3013916015625,1857847,0.0,0.0,JSWSTEEL
2024-06-25,921.826465600211,924.8765664256634,913.0204479837143,914.9390869140625,1733931,0.0,0.0,JSWSTEEL
2024-06-26,915.9229669848067,917.4480173456334,903.3288554876178,904.4111938476562,1341496,0.0,0.0,JSWSTEEL
2024-06-27,901.4594717251032,930.3864255596087,900.5739276058819,927.9758911132812,4700053,0.0,0.0,JSWSTEEL
2024-06-28,927.9758954512868,934.1253406046957,913.8075497965625,916.5133056640625,2402672,0.0,0.0,JSWSTEEL
2024-07-01,919.9570329064774,932.2559237207352,916.6117105837282,928.7138671875,2562034,0.0,0.0,JSWSTEEL
2024-07-02,929.7961250140513,938.3561648422763,921.4328794451418,923.1547241210938,1936180,0.0,0.0,JSWSTEEL
2024-07-03,924.3845965482514,938.0609866067973,923.9418244860498,935.1092529296875,1369238,0.0,0.0,JSWSTEEL
2024-07-04,935.1092662184197,943.9644673755898,927.8282990234762,929.1565551757812,1384884,0.0,0.0,JSWSTEEL
2024-07-05,932.7478495351112,940.6191394046058,929.9929100914233,938.7005004882812,1583550,0.0,0.0,JSWSTEEL
2024-07-08,940.5207456515062,940.5207456515062,919.0222497727342,924.0894165039062,1569620,0.0,0.0,JSWSTEEL
2024-07-09,931.1299387136023,932.9148402294194,924.4860814657712,927.4609375,1489629,7.3,0.0,JSWSTEEL
2024-07-10,923.1969611167679,927.4609091976572,911.198399687633,917.6439208984375,1483892,0.0,0.0,JSWSTEEL
2024-07-11,919.3792577299475,924.188583984375,907.7773073928058,917.2472534179688,2348723,0.0,0.0,JSWSTEEL
2024-07-12,922.1557663924981,929.8903796799442,916.2556233796519,926.5684814453125,1498780,0.0,0.0,JSWSTEEL
2024-07-15,930.0887298770999,930.8324438686019,918.3876418488553,923.89111328125,1337839,0.0,0.0,JSWSTEEL
2024-07-16,924.3373472558214,931.4769531049612,920.3708726624775,926.5188598632812,1442535,0.0,0.0,JSWSTEEL
2024-07-18,926.5188462001709,927.5104648338837,913.6278039619037,923.6431884765625,1812254,0.0,0.0,JSWSTEEL
2024-07-19,919.2305082589428,919.7263175945733,879.1195209017154,881.9952392578125,3001973,0.0,0.0,JSWSTEEL
2024-07-22,868.1621111425791,885.9121088408273,857.8988825246903,881.1027221679688,2725373,0.0,0.0,JSWSTEEL
2024-07-23,882.5406136916066,888.6390927035224,864.6914776843606,886.45751953125,1640412,0.0,0.0,JSWSTEEL
2024-07-24,887.4986925242164,887.4986925242164,872.6244127612406,873.9630737304688,1519772,0.0,0.0,JSWSTEEL
2024-07-25,862.7082481842303,872.6244349449686,855.1719704555095,867.1705322265625,1636466,0.0,0.0,JSWSTEEL
2024-07-26,872.6243856920389,901.1829898463316,867.9637660728279,893.0021362304688,2056457,0.0,0.0,JSWSTEEL
2024-07-29,902.2738288275162,902.2738288275162,887.5482556427355,891.0189208984375,1066351,0.0,0.0,JSWSTEEL
2024-07-30,887.5482244420045,900.3401287156328,882.6893295689899,894.5391235351562,979026,0.0,0.0,JSWSTEEL
2024-07-31,901.3317437186223,928.5020571995257,895.1341274332525,920.469970703125,2716481,0.0,0.0,JSWSTEEL
2024-08-01,929.6920801573438,949.9211254132841,919.974229210314,926.7172241210938,4039078,0.0,0.0,JSWSTEEL
2024-08-02,912.1900352535094,916.106880566148,888.4903249217156,892.0105590820312,3306705,0.0,0.0,JSWSTEEL
2024-08-05,876.5908895665705,876.5908895665705,846.9910969733381,856.5601806640625,4059902,0.0,0.0,JSWSTEEL
2024-08-06,859.782933226146,885.5650179716654,859.782933226146,876.5908813476562,2665068,0.0,0.0,JSWSTEEL
2024-08-07,891.4651512459163,903.0175325321242,887.4986767131203,898.8527221679688,2262055,0.0,0.0,JSWSTEEL
2024-08-08,892.4568096578517,895.3820968608949,875.9959638224917,880.1111450195312,2796559,0.0,0.0,JSWSTEEL
2024-08-09,888.5399011863784,907.0831825043607,881.5490016358312,897.5140380859375,1722454,0.0,0.0,JSWSTEEL
2024-08-12,897.2165143544057,918.4371770101591,890.5726575024756,909.6613159179688,3822527,0.0,0.0,JSWSTEEL
2024-08-13,917.2472508463304,919.7262974702394,897.4148778550584,900.240966796875,1329629,0.0,0.0,JSWSTEEL
2024-08-14,904.3066417547258,904.3066417547258,877.9791786500508,882.8380737304688,2024615,0.0,0.0,JSWSTEEL
2024-08-16,892.4568086162061,903.0671405566967,875.1530506110939,900.8359985351562,2208842,0.0,0.0,JSWSTEEL
2024-08-19,902.3729996563011,912.2891864657109,896.3241499120014,910.0580444335938,847523,0.0,0.0,JSWSTEEL
2024-08-20,916.1564996523648,916.1564996523648,903.1662589564512,909.4630737304688,696605,0.0,0.0,JSWSTEEL
2024-08-21,902.3730248866931,919.2305429340269,900.4889251307852,918.0405883789062,1600466,0.0,0.0,JSWSTEEL
2024-08-22,919.2801135109611,927.014727348533,917.0489714122228,925.4281616210938,1073406,0.0,0.0,JSWSTEEL
2024-08-23,926.7667673207834,936.0384380248505,921.3624940899307,933.1627197265625,1441218,0.0,0.0,JSWSTEEL
2024-08-26,937.5754250099328,960.7793254173971,929.3450023948403,955.424560546875,2364465,0.0,0.0,JSWSTEEL
2024-08-27,955.375007688723,958.8456729900297,934.8484893734172,936.0880126953125,2480788,0.0,0.0,JSWSTEEL
2024-08-28,939.5586737049294,943.5251483168763,927.1634405425953,941.2940063476562,2285575,0.0,0.0,JSWSTEEL
2024-08-29,937.0796022614899,942.5335047085144,922.9986056571796,931.8240356445312,2233515,0.0,0.0,JSWSTEEL
2024-08-30,939.9553354615053,946.747898953381,930.7828630181235,933.2122802734375,2896103,0.0,0.0,JSWSTEEL
2024-09-02,933.2123258935848,943.4756156596279,928.3038617920007,932.5678100585938,1316611,0.0,0.0,JSWSTEEL
2024-09-03,929.2458183225472,933.6585334464404,922.1557812463498,923.1473999023438,1116938,0.0,0.0,JSWSTEEL
2024-09-04,912.2891255111911,926.8659312517958,904.3561765937025,925.229736328125,3020790,0.0,0.0,JSWSTEEL
2024-09-05,926.7171868495739,936.633373238256,916.0077176545168,917.6934814453125,1482001,0.0,0.0,JSWSTEEL
2024-09-06,917.6934996279443,931.5265920189563,904.0587430733553,924.9818725585938,1984209,0.0,0.0,JSWSTEEL
2024-09-09,915.2640287763204,928.8492166061061,911.3471229406508,926.4197387695312,1793548,0.0,0.0,JSWSTEEL
2024-09-10,926.2709680547806,940.5503009984084,922.0070199124863,930.8820190429688,1388455,0.0,0.0,JSWSTEEL
2024-09-11,933.162697776614,936.3854583176206,916.5035169308991,919.9741821289062,1087490,0.0,0.0,JSWSTEEL
2024-09-12,927.9567307938862,949.5740054974475,921.2137360042799,946.7974853515625,3061006,0.0,0.0,JSWSTEEL
2024-09-13,949.970656959015,964.2995584093065,943.376368794693,946.549560546875,2445329,0.0,0.0,JSWSTEEL
2024-09-16,953.3421796518393,970.3484029235312,949.0781711035636,962.8616943359375,2186706,0.0,0.0,JSWSTEEL
2024-09-17,962.8616997479218,966.3819338163278,953.6396584976923,956.1682739257812,543055,0.0,0.0,JSWSTEEL
2024-09-18,953.986715186033,962.8121454272672,942.0377224948966,948.6815795898438,644373,0.0,0.0,JSWSTEEL
2024-09-19,951.9539242502502,957.8540674479798,936.0880255127461,940.451171875,1278919,0.0,0.0,JSWSTEEL
2024-09-20,961.8700592567398,979.719194376968,957.110301996065,973.3232421875,8035572,0.0,0.0,JSWSTEEL
2024-09-23,977.7359892897313,979.6696577627218,968.0181386205775,973.86865234375,1714600,0.0,0.0,JSWSTEEL
2024-09-24,982.9915338571207,1001.3364784755954,976.8931156089216,981.4049682617188,5545642,0.0,0.0,JSWSTEEL
2024-09-25,987.6521468858687,990.2799604419417,964.5474451126356,974.4140625,1309311,0.0,0.0,JSWSTEEL
2024-09-26,975.752761331747,999.5020403408321,967.2744338944076,997.1221313476562,2706617,0.0,0.0,JSWSTEEL
2024-09-27,999.5516534278077,1010.3603215086406,989.1396570379346,993.1557006835938,2757284,0.0,0.0,JSWSTEEL
2024-09-30,995.5851550750933,1024.242959146755,995.5851550750933,1021.4168701171875,4250590,0.0,0.0,JSWSTEEL
2024-10-01,1020.3755836453118,1021.3175729372813,1005.8979756669753,1018.6898803710938,1392457,0.0,0.0,JSWSTEEL
2024-10-03,1019.3840475913287,1051.1158467381406,1016.8553714279342,1030.3909912109375,6615927,0.0,0.0,JSWSTEEL
2024-10-04,1033.2666695794287,1054.090661960588,1018.6899233314982,1025.0858154296875,4855592,0.0,0.0,JSWSTEEL
2024-10-07,1031.2337535096824,1035.34899506419,1004.01387033287,1010.2114868164062,2708970,0.0,0.0,JSWSTEEL
2024-10-08,1005.8979743343867,1005.8979743343867,975.7527434177327,989.833740234375,4115797,0.0,0.0,JSWSTEEL
2024-10-09,991.5194987326471,1003.0222507052952,976.7443568410438,986.1647338867188,2138939,0.0,0.0,JSWSTEEL
2024-10-10,990.6270440627287,1004.4601365124688,988.3959020715964,998.9566650390625,1368830,0.0,0.0,JSWSTEEL
2024-10-11,998.8574384391932,1017.3510896586826,997.5683463190472,1003.567626953125,1957211,0.0,0.0,JSWSTEEL
2024-10-14,1008.4761387803819,1023.3504181134259,1000.9398614610786,1004.0138549804688,1831080,0.0,0.0,JSWSTEEL
2024-10-15,1004.0138681257617,1012.0459548613285,983.68568610445,992.4614868164062,1444250,0.0,0.0,JSWSTEEL
2024-10-16,986.6605307624968,996.37838117182,973.8190574785066,981.057861328125,1248745,0.0,0.0,JSWSTEEL
2024-10-17,982.793218422972,986.8588911964121,961.622184484695,971.2904663085938,1079467,0.0,0.0,JSWSTEEL
2024-10-18,970.2988410083948,989.883309184088,964.9440761331962,984.2806396484375,1291683,0.0,0.0,JSWSTEEL
2024-10-21,988.6437787580246,996.5767278353206,971.8358307957839,973.22412109375,953143,0.0,0.0,JSWSTEEL
2024-10-22,972.7779241295626,975.058634986614,952.3506035509612,955.5733642578125,1318146,0.0,0.0,JSWSTEEL
2024-10-23,955.5733432039294,962.8617161247853,944.1697286463238,946.450439453125,1306503,0.0,0.0,JSWSTEEL
2024-10-24,946.4503915821014,953.9866687860716,944.4671543680464,950.0697631835938,650392,0.0,0.0,JSWSTEEL
2024-10-25,950.0698362564998,951.9043671347583,919.0321835740539,935.9392700195312,2541293,0.0,0.0,JSWSTEEL
2024-10-28,928.1550450092078,964.2995564628437,901.3813417877883,959.1431274414062,1737402,0.0,0.0,JSWSTEEL
2024-10-29,964.2995962247321,964.6466385528432,939.0628887466207,950.7639770507812,1032874,0.0,0.0,JSWSTEEL
2024-10-30,958.1019191521219,960.4321986909354,944.3183961764246,949.2764892578125,733890,0.0,0.0,JSWSTEEL
2024-10-31,949.9706945118461,959.7381142908625,946.4504603060057,955.5733642578125,1445602,0.0,0.0,JSWSTEEL
2024-11-01,961.770952325178,969.8030391764017,956.9119967333615,960.184326171875,136508,0.0,0.0,JSWSTEEL
2024-11-04,956.9615604041364,960.729699147076,933.2122817727216,946.8966674804688,957723,0.0,0.0,JSWSTEEL
2024-11-05,946.8966368468122,994.5934678765165,944.0209186624563,991.122802734375,5177028,0.0,0.0,JSWSTEEL
2024-11-06,991.6186415334834,1006.5424899838425,976.4468884227408,1000.1961669921875,2761749,0.0,0.0,JSWSTEEL
2024-11-07,1005.5013343809658,1010.4098589168356,977.3889692120033,981.504150390625,2477876,0.0,0.0,JSWSTEEL
2024-11-08,985.6689800893328,993.1556891110455,968.3156529750839,988.0488891601562,3568198,0.0,0.0,JSWSTEEL
2024-11-11,979.7192457625766,987.1068169573081,963.8533470457737,970.794677734375,1336153,0.0,0.0,JSWSTEEL
2024-11-12,978.7276457345464,979.5209285807761,945.6571866762595,949.2269897460938,731821,0.0,0.0,JSWSTEEL
2024-11-13,945.5083635998449,950.218552091821,920.271657364432,928.10546875,1167594,0.0,0.0,JSWSTEEL
2024-11-14,927.2130296956366,941.3931646394648,924.6348453507954,931.1795043945312,1662673,0.0,0.0,JSWSTEEL
2024-11-18,927.2129726375514,948.0369635252982,927.0642661596543,941.888916015625,1143965,0.0,0.0,JSWSTEEL
2024-11-19,941.8889670597555,952.895970582515,937.0796407321048,939.3603515625,617409,0.0,0.0,JSWSTEEL
2024-11-21,933.1131933031801,942.9798114369829,928.601340339325,936.23681640625,1669641,0.0,0.0,JSWSTEEL
2024-11-22,939.9553269272102,973.0753529727659,931.1794657063604,969.158447265625,1889389,0.0,0.0,JSWSTEEL
2024-11-25,966.828133244236,972.2324667091409,937.7241515965273,945.3099975585938,4563438,0.0,0.0,JSWSTEEL
2024-11-26,946.9958461762005,958.6969345792071,942.6326997435398,955.5237426757812,1184177,0.0,0.0,JSWSTEEL
2024-11-27,955.2757728857197,963.8532981538322,947.24368627721,960.7296752929688,1327011,0.0,0.0,JSWSTEEL
2024-11-28,960.7296997605686,966.778609807728,941.0956626991573,946.1529541015625,2959350,0.0,0.0,JSWSTEEL
2024-11-29,950.962294868801,963.5558639545781,945.4092545826567,957.9036254882812,1326686,0.0,0.0,JSWSTEEL
2024-12-02,957.8045004210526,983.2394830683041,953.6892587188302,981.504150390625,1272868,0.0,0.0,JSWSTEEL
2024-12-03,986.6605721135452,1006.9887547550805,982.7436662803342,990.4287109375,2118830,0.0,0.0,JSWSTEEL
2024-12-04,987.7513641969896,994.5935574456879,977.0914631575666,986.5118408203125,1030877,0.0,0.0,JSWSTEEL
2024-12-05,982.6940932910624,1001.4852790263228,968.8114320336709,990.8253784179688,2221958,0.0,0.0,JSWSTEEL
2024-12-06,991.5195033992054,999.5515901823023,986.3135055336726,995.3867797851562,1218982,0.0,0.0,JSWSTEEL
2024-12-09,997.0725616850744,1006.9887482756769,985.4706112693497,1003.4189453125,1457470,0.0,0.0,JSWSTEEL
2024-12-10,1012.4426622330341,1014.9217089084333,998.2129585256828,1004.4601440429688,2227505,0.0,0.0,JSWSTEEL
2024-12-11,1007.3854419942256,1011.9468637162843,988.7429623770437,991.8170166015625,1246315,0.0,0.0,JSWSTEEL
2024-12-12,996.5767733131331,1004.4601539231662,982.6941117943433,997.3700561523438,1510341,0.0,0.0,JSWSTEEL
2024-12-13,986.6605832955164,995.0893420472871,964.894541237694,991.4699096679688,2444182,0.0,0.0,JSWSTEEL
2024-12-16,995.5851800831437,997.865891000526,975.7528059779017,982.049560546875,1220082,0.0,0.0,JSWSTEEL
2024-12-17,982.049560570309,982.4958010924082,952.9455757796131,958.7465209960938,1673092,0.0,0.0,JSWSTEEL
2024-12-18,958.9448329883909,961.374310860629,933.658556632593,938.9141235351562,1612799,0.0,0.0,JSWSTEEL
2024-12-19,926.2214181725268,934.7989439845562,913.8757534721728,918.1893310546875,1926448,0.0,0.0,JSWSTEEL
2024-12-20,918.2388411816422,933.8072656044523,904.4057493420589,909.6613159179688,29003345,0.0,0.0,JSWSTEEL
2024-12-23,928.1550405673244,942.9797512366611,913.8757080414647,929.1962280273438,3988457,0.0,0.0,JSWSTEEL
2024-12-24,929.1962112468149,930.088692209913,910.752129213963,914.1235961914062,2048135,0.0,0.0,JSWSTEEL
2024-12-26,914.1236474157502,921.6104167987464,905.4469840467418,906.7857055664062,2056005,0.0,0.0,JSWSTEEL
2024-12-27,906.9839851084446,918.734641417951,903.6124576277473,905.645263671875,1917836,0.0,0.0,JSWSTEEL
2024-12-30,905.6452916510115,909.0168192358692,888.0936296213202,891.4155883789062,1959379,0.0,0.0,JSWSTEEL
2024-12-31,890.5231174165532,898.8031694664766,889.0852582678983,893.9442138671875,1031176,0.0,0.0,JSWSTEEL
2025-01-01,893.5971968044837,902.3729979043327,883.2347695040489,897.8611450195312,1020555,0.0,0.0,JSWSTEEL
2025-01-02,901.8771338893943,908.0251814312926,893.8946161119701,904.8519897460938,1636373,0.0,0.0,JSWSTEEL
2025-01-03,906.3394277776432,916.949759222867,900.8855253128982,907.380615234375,2691743,0.0,0.0,JSWSTEEL
2025-01-06,907.3806723826216,912.1404300014565,890.3744481219967,893.3493041992188,1104617,0.0,0.0,JSWSTEEL
2025-01-07,893.9938065058618,906.0419976457204,891.6635268234105,904.1578979492188,688211,0.0,0.0,JSWSTEEL
2025-01-08,902.3730249904571,904.3066935773,887.6475113745046,894.737548828125,744601,0.0,0.0,JSWSTEEL
2025-01-09,893.4484215429882,901.3318020730876,881.3506616659879,883.482666015625,1459142,0.0,0.0,JSWSTEEL
2025-01-10,883.4826340167007,900.3897196207181,872.8723025287853,892.555908203125,1614629,0.0,0.0,JSWSTEEL
2025-01-13,888.4407158271216,891.1676670356004,872.6243867132249,876.3429565429688,1416585,0.0,0.0,JSWSTEEL
2025-01-14,875.1035073204129,903.6621139248457,875.1035073204129,898.4561157226562,1948192,0.0,0.0,JSWSTEEL
2025-01-15,902.3729824996093,905.0503649919655,893.9442238718657,896.4728393554688,1581897,0.0,0.0,JSWSTEEL
2025-01-16,902.3729598100184,906.7361060229348,892.5559110927557,899.1997680664062,1946590,0.0,0.0,JSWSTEEL
2025-01-17,899.1997787124916,909.8101103603789,897.6627819114256,900.9846801757812,911260,0.0,0.0,JSWSTEEL
2025-01-20,900.9846559001454,917.8918018271331,892.9525692699547,911.495849609375,1299378,0.0,0.0,JSWSTEEL
2025-01-21,917.2472557721143,925.1802050112244,911.8429219982506,919.0817260742188,1474919,0.0,0.0,JSWSTEEL
2025-01-22,924.188584686775,924.188584686775,899.5468853667444,911.6942138671875,1080075,0.0,0.0,JSWSTEEL
2025-01-23,911.3471025714026,929.4937116500495,905.1494860470289,922.106201171875,1267989,0.0,0.0,JSWSTEEL
2025-01-24,922.2053488514728,945.0125779090898,917.3960225857195,924.6348266601562,3538998,0.0,0.0,JSWSTEEL
2025-01-27,893.5475517118964,919.230499255442,893.5475517118964,911.6445922851562,3908402,0.0,0.0,JSWSTEEL
2025-01-28,915.6607321599402,917.842244881941,896.9191145129159,908.4714965820312,1101031,0.0,0.0,JSWSTEEL
2025-01-29,905.9427306972974,933.1626734305082,900.3896907348031,929.7415771484375,1298065,0.0,0.0,JSWSTEEL
2025-01-30,930.039201508021,947.987475740956,928.3534376158951,942.880615234375,2020147,0.0,0.0,JSWSTEEL
2025-01-31,941.7898396002552,951.8547933932098,932.6669356562907,937.0796508789062,2037829,0.0,0.0,JSWSTEEL
2025-02-01,939.9057284185504,947.1941619282751,904.0091811259433,926.4197387695312,1339508,0.0,0.0,JSWSTEEL
2025-02-03,907.331067831921,929.5929187047575,906.3394491785529,926.1222534179688,1130056,0.0,0.0,JSWSTEEL
2025-02-04,928.5020652031706,941.492305363439,926.4692591487659,936.3358764648438,1262634,0.0,0.0,JSWSTEEL
2025-02-05,933.2123059198741,946.7974938005708,933.2123059198741,941.9385986328125,1209743,0.0,0.0,JSWSTEEL
2025-02-06,942.5831157036918,948.5328277302558,934.1047881705581,940.451171875,3060140,0.0,0.0,JSWSTEEL
2025-02-07,942.9797452869591,976.7443474257384,939.8561224030112,972.5299682617188,2846285,0.0,0.0,JSWSTEEL
2025-02-10,965.836535236976,965.836535236976,940.3023557889759,951.1110229492188,1665049,0.0,0.0,JSWSTEEL
2025-02-11,942.0872849094237,959.3910424305919,940.5998569366632,946.5,2535726,0.0,0.0,JSWSTEEL
2025-02-12,944.9134289882803,954.8791842442777,930.2374246551113,948.3840942382812,2768806,0.0,0.0,JSWSTEEL
2025-02-13,946.0042504334547,975.7528117678401,945.2605364000951,961.6718139648438,1414535,0.0,0.0,JSWSTEEL
2025-02-14,964.7458029885668,975.455272239397,946.2520910679228,956.5153198242188,2690126,0.0,0.0,JSWSTEEL
2025-02-17,956.5153208459291,966.8281789643214,946.1033250724671,965.3903198242188,1321057,0.0,0.0,JSWSTEEL
2025-02-18,966.8281747463733,972.9762224238392,954.7304152243144,970.5963134765625,1800070,0.0,0.0,JSWSTEEL
2025-02-19,967.4231146569573,981.6033095352346,962.9608308060975,969.158447265625,1581818,0.0,0.0,JSWSTEEL
2025-02-20,968.8113942490907,979.3721567888805,966.8281570039543,972.9266357421875,1474610,0.0,0.0,JSWSTEEL
2025-02-21,970.8937685607017,982.6444855451964,967.3735345574302,973.6703491210938,1599075,0.0,0.0,JSWSTEEL
2025-02-24,962.8617098518181,976.6452333063044,949.7227627297412,958.6968994140625,1898963,0.0,0.0,JSWSTEEL
2025-02-25,958.8952091142438,965.2911613418039,949.4748321891296,950.71435546875,1095348,0.0,0.0,JSWSTEEL
2025-02-27,950.7143829345704,972.7778979492188,950.664814106673,966.8281860351562,2049890,0.0,0.0,JSWSTEEL
2025-02-28,959.9860009356061,960.4818102658122,932.6669189459701,942.7318725585938,2553800,0.0,0.0,JSWSTEEL
2025-03-03,950.9622986513609,973.3232874169101,945.0125866681408,967.869384765625,1744769,0.0,0.0,JSWSTEEL
2025-03-04,951.9538706791514,969.9021434064757,951.9043018531063,965.9356689453125,1077034,0.0,0.0,JSWSTEEL
2025-03-05,966.8281721282691,999.5515871849183,962.7625599215794,994.2960205078125,2472192,0.0,0.0,JSWSTEEL
2025-03-06,1004.509710028974,1007.6829018692249,988.7429490086151,1002.6256103515625,2203409,0.0,0.0,JSWSTEEL
2025-03-07,1002.5264649252035,1011.8477045355306,997.1221311252883,1002.6752319335938,759943,0.0,0.0,JSWSTEEL
2025-03-10,1002.6752135659681,1024.0941520130098,1001.7827325791752,1005.0054931640625,1855010,0.0,0.0,JSWSTEEL
2025-03-11,995.4363612301541,1012.4426453492308,993.0565127756183,1010.1123657226562,1595868,0.0,0.0,JSWSTEEL
2025-03-12,1016.111592768348,1016.3594974334177,985.7680859732704,1001.9315185546875,1263600,0.0,0.0,JSWSTEEL
2025-03-13,1006.3937812128304,1007.9307779989917,990.4286848062931,992.80859375,1218174,0.0,0.0,JSWSTEEL
2025-03-17,999.1053442900344,1006.9391557214662,991.7674027000485,997.2708740234375,1522656,0.0,0.0,JSWSTEEL
2025-03-18,997.2708740234375,997.2708740234375,997.2708740234375,997.2708740234375,0,0.0,0.0,JSWSTEEL
2025-03-19,1027.3170228758838,1038.2248291033304,1015.4175979004874,1024.689208984375,2652155,0.0,0.0,JSWSTEEL
2025-03-20,1029.3001810394846,1043.9761857968856,1018.5906509681703,1041.447509765625,2301795,0.0,0.0,JSWSTEEL
2025-03-21,1043.182863342815,1053.6444889558663,1038.9188545509544,1049.82666015625,2630144,0.0,0.0,JSWSTEEL
2025-03-24,1054.0906628141513,1063.015230984732,1047.6451413576206,1052.4544677734375,2267252,0.0,0.0,JSWSTEEL
2025-03-25,1052.4543493100987,1065.8908294067337,1043.1827398525957,1052.8013916015625,1571677,0.0,0.0,JSWSTEEL
2025-03-26,1059.0983319931559,1059.0983319931559,1043.3810797837846,1047.595458984375,1254060,0.0,0.0,JSWSTEEL
2025-03-27,1043.1331244520377,1060.0402697837417,1041.1995166257518,1050.8677978515625,2514499,0.0,0.0,JSWSTEEL
2025-03-28,1050.867904375725,1059.2470338685916,1045.1164675677148,1054.2889404296875,1674204,0.0,0.0,JSWSTEEL
2025-04-01,1054.090642797707,1061.4781534464119,1044.521498453744,1047.397216796875,1776263,0.0,0.0,JSWSTEEL
2025-04-02,1049.2316835390477,1057.4125375121364,1037.4810265871424,1047.0501708984375,878958,0.0,0.0,JSWSTEEL
2025-04-03,1036.2415499006297,1046.9510803663318,1032.8205137767777,1035.299560546875,1607693,0.0,0.0,JSWSTEEL
2025-04-04,1023.6480201946957,1030.2421876331214,989.486683759654,997.3204956054688,3818643,0.0,0.0,JSWSTEEL
2025-04-07,898.4065462387405,950.9623375750023,897.6132633798948,922.5028686523438,4581682,0.0,0.0,JSWSTEEL
2025-04-08,941.3931839796538,962.3163747603342,925.9735253756363,946.5991821289062,1717533,0.0,0.0,JSWSTEEL
2025-04-09,937.2283888551759,945.4092426967114,930.1878601440586,937.625,1773658,0.0,0.0,JSWSTEEL
2025-04-11,964.299578368344,988.6438043753748,960.2339055467227,981.9503784179688,3641633,0.0,0.0,JSWSTEEL
2025-04-15,1001.5348119584341,1007.1870502296517,993.8001987826826,999.5515747070312,1287903,0.0,0.0,JSWSTEEL
2025-04-16,994.5934968596584,1006.5920582055548,983.7848294640073,1000.9398803710938,1281034,0.0,0.0,JSWSTEEL
2025-04-17,987.6521599700399,1000.1465305554023,978.8267299134787,998.75830078125,2074019,0.0,0.0,JSWSTEEL
2025-04-21,992.610204818401,1035.051528728014,992.1143955252849,1025.3336181640625,1345056,0.0,0.0,JSWSTEEL
2025-04-22,1051.1157428157726,1051.5124144753308,1028.308514433921,1035.4481201171875,2153582,0.0,0.0,JSWSTEEL
2025-04-23,1042.1912614708158,1045.0669799316986,1019.8798405544567,1030.4901123046875,893969,0.0,0.0,JSWSTEEL
2025-04-24,1026.821159278793,1038.720583625819,1020.8714471052799,1035.7457275390625,1242921,0.0,0.0,JSWSTEEL
2025-04-25,1041.1995781903422,1048.0417710564611,1009.0711098538862,1019.7806396484375,2784217,0.0,0.0,JSWSTEEL
2025-04-28,1012.8393282095466,1050.0250281312267,1010.6577550427546,1045.562744140625,1485915,0.0,0.0,JSWSTEEL
2025-04-29,1046.1575904668223,1052.7022488138596,1025.4327381618807,1026.920166015625,1206750,0.0,0.0,JSWSTEEL
2025-04-30,1021.3672206257804,1033.5641785725215,1012.4426526785649,1021.1689453125,1755328,0.0,0.0,JSWSTEEL
2025-05-02,1012.6409863204418,1028.3085490224282,940.3519618952497,959.3910522460938,6209775,0.0,0.0,JSWSTEEL
2025-05-05,951.7555863553671,964.250017898322,944.7151180152484,947.4916381835938,1646426,0.0,0.0,JSWSTEEL
2025-05-06,951.9539123062016,963.7541985536037,946.99581901294,959.3910522460938,1462046,0.0,0.0,JSWSTEEL
2025-05-07,949.8715221300998,966.8281767122286,949.8715221300998,958.0027465820312,1014461,0.0,0.0,JSWSTEEL
2025-05-08,954.4329791155652,961.3743098727693,941.0461269409573,945.2109375,1646385,0.0,0.0,JSWSTEEL
2025-05-09,927.163454253098,950.962302276707,927.163454253098,948.9790649414062,1481537,0.0,0.0,JSWSTEEL
2025-05-12,964.8449526106222,999.2541320900477,961.5726231494478,996.7750854492188,1335817,0.0,0.0,JSWSTEEL
2025-05-13,996.7750858629822,1002.4273243111385,979.8183705185138,981.6033325195312,934177,0.0,0.0,JSWSTEEL
2025-05-14,986.8588749209705,1003.6171934918544,978.7275900317923,981.00830078125,1650066,0.0,0.0,JSWSTEEL
2025-05-15,984.6772845770053,1031.8783064359102,981.7024287323617,1029.59765625,5297654,0.0,0.0,JSWSTEEL
2025-05-16,1034.6549618598594,1035.844855864958,1011.7485338840878,1013.2359619140625,1048380,0.0,0.0,JSWSTEEL
2025-05-19,1025.234577872789,1025.3337155313884,1008.1787244652256,1011.0543823242188,1434608,0.0,0.0,JSWSTEEL
2025-05-20,1022.3588284335951,1025.829493709558,1002.3281195933189,1004.2122192382812,1624336,0.0,0.0,JSWSTEEL
2025-05-21,1007.4845254631056,1010.3602436920752,990.7261464501954,992.5111083984375,875245,0.0,0.0,JSWSTEEL
2025-05-22,993.601888958014,1003.0222661487337,979.6200901791225,997.1716918945312,1283310,0.0,0.0,JSWSTEEL
2025-05-23,1002.526409794094,1013.9300237531762,996.6758358143437,1000.04736328125,1568154,0.0,0.0,JSWSTEEL
2025-05-26,1000.7415824659598,1027.3169509455452,971.2904956092293,1023.6480102539062,4716572,0.0,0.0,JSWSTEEL
2025-05-27,1023.3504669698174,1024.4412232968762,1000.5432375702962,1005.203857421875,1158374,0.0,0.0,JSWSTEEL
2025-05-28,1006.3938142755752,1009.3686702911417,990.131243847705,992.6102905273438,1790498,0.0,0.0,JSWSTEEL
2025-05-29,1011.8477209330196,1015.1200504582365,989.8337742269044,997.7667236328125,3282246,0.0,0.0,JSWSTEEL
2025-05-30,994.5935341806704,1004.0139116230596,982.1983007038425,985.1731567382812,1710817,0.0,0.0,JSWSTEEL
2025-06-02,978.7275984355595,978.7275984355595,961.1263675619716,970.5963134765625,1790184,0.0,0.0,JSWSTEEL
2025-06-03,971.8358612900123,979.0746654454642,963.9029119637964,965.6382446289062,1138571,0.0,0.0,JSWSTEEL
2025-06-04,964.8449048483611,971.2904257954467,954.085867169203,960.4321899414062,2398032,0.0,0.0,JSWSTEEL
2025-06-05,964.6465975726996,968.712270296889,956.5649419986279,960.6305541992188,2182562,0.0,0.0,JSWSTEEL
2025-06-06,960.6305618884564,1002.1794073037039,959.539805588913,996.4776000976562,2089570,0.0,0.0,JSWSTEEL
2025-06-09,997.8658109386193,1008.4761423383441,993.5522941262573,999.5515747070312,1864322,0.0,0.0,JSWSTEEL
2025-06-10,1006.4929746592443,1010.6082164498041,992.4119770962369,994.6926879882812,1747781,0.0,0.0,JSWSTEEL
2025-06-11,995.5355562176059,1007.4845488507318,995.5355562176059,998.6591186523438,1003090,0.0,0.0,JSWSTEEL
2025-06-12,998.6591613959117,1001.5348798147214,984.2311215191428,987.30517578125,2223026,0.0,0.0,JSWSTEEL
2025-06-13,976.4469094167868,985.718519705029,973.1249505820667,978.9755249023438,1044815,0.0,0.0,JSWSTEEL
2025-06-16,978.9755033804345,1002.526446105464,975.9510786299398,995.3867797851562,871032,0.0,0.0,JSWSTEEL
2025-06-17,996.080932682373,1001.9810757472324,989.5362738099773,991.2716064453125,1075499,0.0,0.0,JSWSTEEL
2025-06-18,988.6438320858981,990.5775006325116,975.504884467906,978.0830688476562,854561,0.0,0.0,JSWSTEEL
2025-06-19,978.6284470696837,989.5858207919027,976.7443474691872,987.7017211914062,1391083,0.0,0.0,JSWSTEEL
2025-06-20,985.6193791023724,1015.4175077273464,985.272276257251,997.1221313476562,9697195,0.0,0.0,JSWSTEEL
2025-06-23,996.576748066465,996.7750839021435,975.2569469884263,988.643798828125,1132847,0.0,0.0,JSWSTEEL
2025-06-24,997.5683788917034,1013.9796557240188,992.9077590525986,998.5599975585938,1434360,0.0,0.0,JSWSTEEL
2025-06-25,999.5516296259401,1019.1857279124735,999.5516296259401,1015.8637084960938,2029126,0.0,0.0,JSWSTEEL
2025-06-26,1021.367198075343,1031.779193783878,1008.6249227748133,1023.8958740234375,3892783,0.0,0.0,JSWSTEEL
2025-06-27,1029.7463750717222,1036.9356105383379,1014.6242506483048,1020.2764892578125,1941604,0.0,0.0,JSWSTEEL
2025-06-30,1024.3916391439732,1024.4411474454641,1005.9970657670107,1011.94677734375,765716,0.0,0.0,JSWSTEEL
2025-07-01,1015.1200064007542,1022.9537572849333,1007.6828666554965,1020.9705200195312,988673,0.0,0.0,JSWSTEEL
2025-07-02,1022.3587991801169,1055.9746946720059,1022.3587991801169,1051.0166015625,3166924,0.0,0.0,JSWSTEEL
2025-07-03,1056.0738926240988,1058.8504733428363,1033.861610015804,1037.332275390625,1703765,0.0,0.0,JSWSTEEL
2025-07-04,1042.8853530551744,1042.8853530551744,1023.4496504709564,1032.6717529296875,961108,0.0,0.0,JSWSTEEL
2025-07-07,1032.2750066473645,1036.2414812166146,1026.622828805062,1033.861572265625,871937,0.0,0.0,JSWSTEEL
2025-07-08,1036.0491154866927,1043.6056874478547,1033.364583794295,1039.031982421875,828011,2.8,0.0,JSWSTEEL
2025-07-09,1045.6936443087416,1045.9919795441888,1027.4982292755496,1034.458251953125,1666607,0.0,0.0,JSWSTEEL
2025-07-10,1034.9553571312126,1043.6056221527554,1028.1941439518937,1037.3416748046875,1101654,0.0,0.0,JSWSTEEL
2025-07-11,1037.0432911814905,1045.1964113644328,1028.1940959658098,1031.2763671875,931901,0.0,0.0,JSWSTEEL
2025-07-14,1034.060490426781,1038.932530473616,1025.907369724603,1032.966796875,1238524,0.0,0.0,JSWSTEEL
2025-07-15,1038.7335428300973,1038.7335428300973,1022.3277763346831,1029.0889892578125,982842,0.0,0.0,JSWSTEEL
2025-07-16,1028.0947270558677,1029.089015960177,1014.6718268476914,1023.9187622070312,1099243,0.0,0.0,JSWSTEEL
2025-07-17,1024.6147585517092,1035.7507461943696,1017.6547359317558,1028.2935791015625,1553977,0.0,0.0,JSWSTEEL
2025-07-18,1033.0661361690527,1047.483324787389,1021.1346697262918,1028.492431640625,1694015,0.0,0.0,JSWSTEEL
2025-07-21,1044.997691304626,1047.4834136911734,1012.4844303512664,1028.8902587890625,2771028,0.0,0.0,JSWSTEEL
2025-07-22,1032.6685058149244,1037.2422108281903,1022.7256160586222,1024.8135986328125,1237568,0.0,0.0,JSWSTEEL
2025-07-23,1028.0948053404873,1031.8731520138292,1019.1462045203091,1027.89599609375,1192492,0.0,0.0,JSWSTEEL
2025-07-24,1033.0662502405864,1042.810330794047,1025.9074181337103,1027.89599609375,1462398,0.0,0.0,JSWSTEEL
2025-07-25,1027.8959573335364,1029.089055515304,1014.2741259970213,1021.0353393554688,912255,0.0,0.0,JSWSTEEL
2025-07-28,1023.1233087484114,1028.0947533973347,1011.5895814375415,1022.9244995117188,1839488,0.0,0.0,JSWSTEEL
2025-07-29,1017.9529806376647,1045.295986529667,1017.9529806376647,1028.9896240234375,2215340,0.0,0.0,JSWSTEEL
2025-07-30,1040.4239903259377,1046.2903194550263,1025.8078698138186,1031.9725341796875,1781038,0.0,0.0,JSWSTEEL
2025-07-31,1012.1861079030248,1052.5542132756061,1012.1861079030248,1042.3131103515625,3144726,0.0,0.0,JSWSTEEL
2025-08-01,1047.9804963052295,1047.9804963052295,1017.7540895944702,1021.93017578125,1604653,0.0,0.0,JSWSTEEL
2025-08-04,1023.8193070573031,1052.8526178958784,1020.538226269955,1049.8697509765625,1835680,0.0,0.0,JSWSTEEL
2025-08-05,1052.9520272026512,1057.3269229784096,1042.7108021848414,1047.384033203125,1524968,0.0,0.0,JSWSTEEL
2025-08-06,1052.9519743881958,1055.437696707337,1039.8274090923946,1046.5885009765625,1797515,0.0,0.0,JSWSTEEL
2025-08-07,1046.588474634325,1068.76116571225,1040.0261921515946,1058.7188720703125,1837589,0.0,0.0,JSWSTEEL
2025-08-08,1063.8891438161006,1065.2811725779684,1035.7507188462803,1043.2078857421875,2234463,0.0,0.0,JSWSTEEL
2025-08-11,1043.2078550950823,1058.9176681102049,1040.3245144118982,1046.6878662109375,1492814,0.0,0.0,JSWSTEEL
2025-08-12,1048.7760271789236,1053.8468765211012,1039.6284960658788,1042.213623046875,1231299,0.0,0.0,JSWSTEEL
2025-08-13,1046.1906956081734,1053.5484574866482,1044.3016438624652,1047.68212890625,1125769,0.0,0.0,JSWSTEEL
2025-08-14,1048.9747973551082,1052.057068693558,1032.9667702198656,1039.529052734375,870899,0.0,0.0,JSWSTEEL
2025-08-18,1053.9462103828268,1077.8091434480984,1044.0033216056304,1073.6331787109375,3252940,0.0,0.0,JSWSTEEL
2025-08-19,1073.832058137947,1081.7863696797094,1064.585122421383,1067.269775390625,1867228,0.0,0.0,JSWSTEEL
2025-08-20,1065.8776764333818,1082.9793965731633,1061.2045672594747,1076.4171142578125,1321114,0.0,0.0,JSWSTEEL
2025-08-21,1074.4286250956654,1079.8972143715646,1063.193232679989,1065.678955078125,2069244,0.0,0.0,JSWSTEEL
2025-08-22,1062.39766604474,1065.281128065304,1045.2959458939833,1048.5770263671875,1950366,0.0,0.0,JSWSTEEL
2025-08-25,1053.4491538166646,1056.6308299415032,1043.8045994475522,1051.7589111328125,1552036,0.0,0.0,JSWSTEEL
2025-08-26,1045.196433223603,1050.9633573382027,1038.7335554348629,1041.119873046875,1758169,0.0,0.0,JSWSTEEL
2025-08-28,1041.1199135611998,1049.0742249953385,1027.9953482441351,1029.884521484375,1313061,0.0,0.0,JSWSTEEL
2025-08-29,1026.1061840517382,1032.3702529106208,1016.4615692154861,1020.7369995117188,1062037,0.0,0.0,JSWSTEEL
2025-09-01,1020.7369859351851,1032.6684530329037,1020.2398414727802,1029.586181640625,624424,0.0,0.0,JSWSTEEL
2025-09-02,1029.68554673381,1043.5061865327916,1025.310651357946,1038.03759765625,1071341,0.0,0.0,JSWSTEEL
2025-09-03,1036.0490610649879,1073.7326356413118,1034.0604832126558,1066.0765380859375,3357124,0.0,0.0,JSWSTEEL
2025-09-04,1068.8606397353883,1070.2526685640953,1060.0114436527135,1066.2755126953125,922622,0.0,0.0,JSWSTEEL
2025-09-05,1062.8948751739738,1070.4514468313548,1056.929141543437,1066.971435546875,748933,0.0,0.0,JSWSTEEL
2025-09-08,1073.9314603004973,1105.9476370067378,1073.9314603004973,1095.10986328125,3219380,0.0,0.0,JSWSTEEL
2025-09-09,1093.7178384237777,1103.660727863994,1089.44234741522,1098.192138671875,1058374,0.0,0.0,JSWSTEEL
2025-09-10,1101.6721017444793,1109.1292684981647,1091.033259058484,1094.910888671875,1305818,0.0,0.0,JSWSTEEL
2025-09-11,1094.9108977922263,1101.6721109211499,1088.9451643395846,1092.7235107421875,852085,0.0,0.0,JSWSTEEL
2025-09-12,1092.7235107421875,1101.5727063049042,1086.7577772895459,1092.7235107421875,1057815,0.0,0.0,JSWSTEEL
2025-09-15,1093.7177866165746,1098.6892311011952,1084.272042095795,1094.6126708984375,565667,0.0,0.0,JSWSTEEL
2025-09-16,1094.214934337947,1111.5155854708066,1093.717789887998,1108.8309326171875,1644497,0.0,0.0,JSWSTEEL
2025-09-17,1113.1064854166082,1116.1887569032897,1100.7772780967177,1104.655029296875,950577,0.0,0.0,JSWSTEEL
2025-09-18,1105.5498562605383,1116.4870342008612,1098.6892385506135,1114.697265625,824725,0.0,0.0,JSWSTEEL
2025-09-19,1114.6973312528537,1119.5693714422887,1107.3395686579074,1116.3876953125,1351221,0.0,0.0,JSWSTEEL
2025-09-22,1115.5921721565157,1120.3648075385347,1105.2515430775811,1110.6207275390625,786218,0.0,0.0,JSWSTEEL
2025-09-23,1118.5750634290584,1141.4437091702746,1110.7201564867908,1131.8985595703125,2075493,0.0,0.0,JSWSTEEL
2025-09-24,1131.8985108088127,1154.3694157292557,1126.529326461022,1142.537353515625,2111388,0.0,0.0,JSWSTEEL
2025-09-25,1142.5373449608014,1150.8893959533664,1133.4893402910045,1141.9407958984375,1581307,0.0,0.0,JSWSTEEL
2025-09-26,1148.4036613967442,1161.230012279183,1121.4584569061356,1124.3419189453125,2999892,0.0,0.0,JSWSTEEL
2025-09-29,1123.5465180154338,1137.3671587506103,1113.30529324001,1115.791015625,2615670,0.0,0.0,JSWSTEEL
2025-09-30,1122.3534306993313,1143.332903557376,1120.6630666372548,1136.1739501953125,2771126,0.0,0.0,JSWSTEEL
2025-10-01,1138.460871836181,1142.0402878572775,1125.7339244576544,1139.5545654296875,1129506,0.0,0.0,JSWSTEEL
2025-10-03,1139.5545462746975,1169.0850010419817,1139.3557370330982,1155.0654296875,2179883,0.0,0.0,JSWSTEEL
2025-10-06,1155.0654040901602,1158.2472014973794,1142.6367924365552,1153.2757568359375,1013304,0.0,0.0,JSWSTEEL
2025-10-07,1153.2757528501218,1166.3009135434515,1147.6082331317689,1150.1934814453125,1565661,0.0,0.0,JSWSTEEL
2025-10-08,1151.3866152007179,1156.059724761507,1136.1739455697846,1138.65966796875,737972,0.0,0.0,JSWSTEEL
2025-10-09,1139.4550935585057,1172.0678184330036,1139.4550935585057,1168.48828125,2001612,0.0,0.0,JSWSTEEL
2025-10-10,1167.29515780812,1168.2894466989276,1149.7956976045373,1161.130615234375,1457768,0.0,0.0,JSWSTEEL
2025-10-13,1154.2700674385849,1158.2472232424059,1147.0117095473463,1154.7672119140625,488298,0.0,0.0,JSWSTEEL
2025-10-14,1158.346593953404,1162.9202987192748,1132.8928218287165,1141.244873046875,1408990,0.0,0.0,JSWSTEEL
2025-10-15,1141.2448980298877,1157.0539951348271,1138.4608404385026,1154.170654296875,1284749,0.0,0.0,JSWSTEEL
2025-10-16,1158.346578880742,1166.7980346064812,1151.9831055890832,1165.406005859375,655759,0.0,0.0,JSWSTEEL
2025-10-17,1168.2895041152165,1171.272370934234,1143.034540772902,1156.6563720703125,2207267,0.0,0.0,JSWSTEEL
2025-10-20,1167.8917876552143,1167.8917876552143,1132.892864827049,1138.65966796875,1214428,0.0,0.0,JSWSTEEL
2025-10-21,1143.4322464750542,1148.105355802689,1142.040217726453,1145.91796875,115719,0.0,0.0,JSWSTEEL
2025-10-23,1154.3694205810427,1155.8608539409665,1128.6173136250598,1131.6995849609375,1740322,0.0,0.0,JSWSTEEL
2025-10-24,1133.4893189548325,1144.4264965938705,1125.037863506485,1134.88134765625,1320560,0.0,0.0,JSWSTEEL
2025-10-27,1141.2448724379556,1150.0939467391574,1136.6710463013658,1144.02880859375,1275776,0.0,0.0,JSWSTEEL
2025-10-28,1139.057361639307,1179.6243980947236,1138.4608125623777,1177.4368896484375,3451230,0.0,0.0,JSWSTEEL
2025-10-29,1182.4083116550682,1216.910209318426,1178.7294912733219,1201.0015869140625,3819737,0.0,0.0,JSWSTEEL
2025-10-30,1201.0016171408831,1204.6804376152181,1192.5501612758587,1203.089599609375,1273913,0.0,0.0,JSWSTEEL
2025-10-31,1203.089582402117,1209.0553158685739,1192.1524043802797,1199.1124267578125,1337807,0.0,0.0,JSWSTEEL
2025-11-03,1206.9673783623025,1210.5467943007977,1183.203848228295,1188.17529296875,1486643,0.0,0.0,JSWSTEEL
2025-11-04,1195.731830651614,1195.731830651614,1168.488289975037,1174.6529541015625,1110884,0.0,0.0,JSWSTEEL
2025-11-06,1174.6530167831006,1176.7409993514232,1154.9660465716813,1162.125,1304994,0.0,0.0,JSWSTEEL
2025-11-07,1153.4745733683906,1176.1444097172077,1144.6253775404243,1165.00830078125,845047,0.0,0.0,JSWSTEEL
2025-11-10,1167.295161718056,1178.2323395535743,1165.30658392978,1172.56494140625,740226,0.0,0.0,JSWSTEEL
2025-11-11,1180.220890507796,1199.8083327277038,1159.4402288181586,1184.6951904296875,1588730,0.0,0.0,JSWSTEEL
2025-11-12,1185.1923573121228,1188.0758193688052,1171.2723128470477,1175.0506591796875,976290,0.0,0.0,JSWSTEEL
2025-11-13,1184.894052595562,1193.5444389882748,1171.3717476131915,1177.138671875,1427189,0.0,0.0,JSWSTEEL
2025-11-14,1175.3488735490303,1176.1443532109386,1152.3808244460058,1161.130615234375,1059030,0.0,0.0,JSWSTEEL
2025-11-17,1167.1957831023246,1171.272343384464,1158.744327313897,1168.78662109375,1102752,0.0,0.0,JSWSTEEL
2025-11-18,1173.1615395146332,1173.1615395146332,1146.31573825056,1156.3580322265625,1912105,0.0,0.0,JSWSTEEL
2025-11-19,1160.8323193117872,1164.2129259295968,1150.988834684961,1158.2471923828125,522344,0.0,0.0,JSWSTEEL
2025-11-20,1163.9145422192591,1168.1900329656198,1154.3693932166466,1163.3179931640625,908758,0.0,0.0,JSWSTEEL
2025-11-21,1159.340896775173,1160.2357810901976,1126.628766579526,1133.7877197265625,1045627,0.0,0.0,JSWSTEEL
2025-11-24,1135.4779964398733,1138.4608633306962,1097.993351061133,1099.68359375,2209717,0.0,0.0,JSWSTEEL
2025-11-25,1100.976182562708,1117.4813545534266,1100.976182562708,1105.6492919921875,1394051,0.0,0.0,JSWSTEEL
2025-11-26,1105.6492553277546,1150.3922557681763,1105.6492553277546,1147.80712890625,2167703,0.0,0.0,JSWSTEEL
2025-11-27,1152.3808417130022,1156.3579973358253,1129.810532102744,1153.9716796875,2342042,0.0,0.0,JSWSTEEL
2025-11-28,1153.375126694103,1165.9031425887351,1146.713439597805,1153.6734619140625,1243394,0.0,0.0,JSWSTEEL
2025-12-01,1158.2471617081019,1178.2323442859154,1150.6905903569332,1161.7271728515625,3039396,0.0,0.0,JSWSTEEL
2025-12-02,1161.7272431389292,1166.1021388300314,1152.6792378931366,1155.36376953125,2834317,0.0,0.0,JSWSTEEL
2025-12-03,1155.3636650384576,1164.5110740781413,1098.5897949295288,1137.0687255859375,6026786,0.0,0.0,JSWSTEEL
2025-12-04,1152.3808598074522,1158.3465933353598,1136.5716416838657,1144.02880859375,2285777,0.0,0.0,JSWSTEEL
2025-12-05,1143.4322240850554,1163.3180018952303,1136.869941682329,1155.5625,2326439,0.0,0.0,JSWSTEEL
2025-12-08,1158.2472227167225,1161.3294941886522,1108.4333705711056,1112.708740234375,1727184,0.0,0.0,JSWSTEEL
2025-12-09,1111.6149645987296,1114.200091404561,1093.0218111462054,1101.4732666015625,1947088,0.0,0.0,JSWSTEEL
2025-12-10,1095.0104329394005,1106.7429693371557,1083.774919627031,1090.5361328125,1222924,0.0,0.0,JSWSTEEL
2025-12-11,1094.6127358312367,1104.953365247289,1089.2435511947133,1099.0870361328125,759090,0.0,0.0,JSWSTEEL
2025-12-12,1103.6606657891632,1122.353345434674,1102.4675676727072,1119.0721435546875,827546,0.0,0.0,JSWSTEEL
2025-12-15,1113.7030081234932,1116.1887304527454,1103.6607141879467,1108.433349609375,1017965,0.0,0.0,JSWSTEEL
2025-12-16,1107.6378092787195,1107.6378092787195,1074.3291318901763,1076.4171142578125,2000325,0.0,0.0,JSWSTEEL
2025-12-17,1082.0847089160345,1087.4537721280628,1069.4571664728612,1073.1361083984375,1781774,0.0,0.0,JSWSTEEL
2025-12-18,1072.8377332189407,1085.2663445861667,1067.0708089952848,1076.0194091796875,1134603,0.0,0.0,JSWSTEEL
2025-12-19,1084.7692444767874,1084.7692444767874,1069.5565749921466,1073.434326171875,1068212,0.0,0.0,JSWSTEEL
2025-12-22,1078.8034879843415,1094.0161571475783,1071.5451302532472,1088.64697265625,1086319,0.0,0.0,JSWSTEEL
2025-12-23,1088.7463642124762,1096.6012709321112,1085.7634974612092,1090.5361328125,961759,0.0,0.0,JSWSTEEL
2025-12-24,1093.2206251614946,1096.9989714602914,1081.8857076382587,1085.0675048828125,806530,0.0,0.0,JSWSTEEL
2025-12-26,1085.86286728814,1093.4194385412784,1075.8205738219194,1088.1497802734375,1317269,0.0,0.0,JSWSTEEL
2025-12-29,1093.7178700953311,1104.6550487962845,1083.1784312581367,1086.360107421875,3084525,0.0,0.0,JSWSTEEL
2025-12-30,1086.7578364782692,1107.637904699718,1083.2778251080276,1105.2515869140625,1609086,0.0,0.0,JSWSTEEL
2025-12-31,1149.3980357663486,1162.3237922239286,1126.1316498680717,1158.1478271484375,5881898,0.0,0.0,JSWSTEEL
2026-01-01,1156.8551370292662,1170.0792279700108,1154.369414775228,1164.8094482421875,1173697,0.0,0.0,JSWSTEEL
2026-01-02,1165.3066439047448,1177.2381112484793,1162.4231816887097,1173.9569091796875,903240,0.0,0.0,JSWSTEEL
2026-01-05,1173.956822308709,1186.0872193677726,1172.26657977602,1179.127197265625,1017822,0.0,0.0,JSWSTEEL
2026-01-06,1179.127303070845,1190.7604353647496,1162.3237953560772,1169.5821533203125,1395370,0.0,0.0,JSWSTEEL
2026-01-07,1168.1900757087271,1186.6838253354267,1162.7214866518818,1183.0050048828125,1161485,0.0,0.0,JSWSTEEL
2026-01-08,1183.2038117956522,1183.2038117956522,1147.3100061494242,1149.298583984375,1275035,0.0,0.0,JSWSTEEL
2026-01-09,1153.3751049469656,1164.0139474519558,1147.8071114735767,1152.1820068359375,1387896,0.0,0.0,JSWSTEEL
2026-01-12,1153.3751250686626,1178.2323475916942,1139.8528202907648,1175.9454345703125,1391748,0.0,0.0,JSWSTEEL
2026-01-13,1175.9454086704343,1187.9764012051278,1161.7271505243077,1171.3717041015625,1570887,0.0,0.0,JSWSTEEL
2026-01-14,1173.1614860133675,1195.035841601343,1163.6163369405185,1175.0506591796875,2281726,0.0,0.0,JSWSTEEL
2026-01-15,1175.0506591796875,1175.0506591796875,1175.0506591796875,1175.0506591796875,0,0.0,0.0,JSWSTEEL
2026-01-16,1175.0506980315677,1192.4507541882274,1172.4654497326221,1180.519287109375,1883089,0.0,0.0,JSWSTEEL
2026-01-19,1180.618726506671,1188.970777982541,1169.6815480288603,1177.3375244140625,2213860,0.0,0.0,JSWSTEEL
2026-01-20,1181.2152112237338,1188.175233512089,1149.8951109261347,1153.3751220703125,1106893,0.0,0.0,JSWSTEEL
2026-01-21,1156.8551410610514,1172.1672144739211,1152.9773900566065,1167.8917236328125,1401954,0.0,0.0,JSWSTEEL
2026-01-22,1173.2609685749342,1185.1924360519674,1169.3832173702658,1177.6358642578125,1428697,0.0,0.0,JSWSTEEL
2026-01-23,1186.484972688301,1186.484972688301,1158.147739521484,1163.3179931640625,2406992,0.0,0.0,JSWSTEEL
2026-01-27,1190.1638939790366,1223.373169764864,1175.945513195936,1215.0211181640625,3808562,0.0,0.0,JSWSTEEL
2026-01-28,1224.9639594574696,1224.9639594574696,1201.2998344186863,1211.7398681640625,2214293,0.0,0.0,JSWSTEEL
2026-01-29,1220.4896062677556,1237.8896617542614,1210.9444572469322,1230.4324951171875,2471027,0.0,0.0,JSWSTEEL
2026-01-30,1220.9867824511866,1220.9867824511866,1187.6781039396926,1207.4644775390625,2876505,0.0,0.0,JSWSTEEL
2026-02-02,1193.1466759556288,1196.9250223120841,1167.2951646432568,1192.3511962890625,1839134,0.0,0.0,JSWSTEEL
2026-02-03,1218.003888794285,1237.5913313546127,1205.873612900045,1222.3787841796875,2093172,0.0,0.0,JSWSTEEL
2026-02-04,1221.9810265237072,1233.017608753888,1216.9101775393706,1221.185546875,1062043,0.0,0.0,JSWSTEEL
2026-02-05,1211.6404839663442,1234.7080603116517,1207.265588334203,1232.719482421875,1198051,0.0,0.0,JSWSTEEL
2026-02-06,1226.8531009265355,1231.5262102184786,1215.4187785491167,1229.139892578125,918161,0.0,0.0,JSWSTEEL
2026-02-09,1241.3696594973644,1247.5342019684344,1228.046164307824,1237.8896484375,1503210,0.0,0.0,JSWSTEEL
2026-02-10,1237.8897573870888,1254.69326511541,1229.6371104552427,1236.994873046875,1150559,0.0,0.0,JSWSTEEL
2026-02-11,1241.36972013142,1247.6337888944026,1230.9296864418886,1242.065673828125,835404,0.0,0.0,JSWSTEEL
2026-02-12,1247.0371408618132,1247.0371408618132,1233.316026304214,1240.773193359375,762998,0.0,0.0,JSWSTEEL
2026-02-13,1232.9183008763696,1240.6738032537282,1218.2027758327736,1224.9639892578125,1726700,0.0,0.0,JSWSTEEL
2026-02-16,1222.8759962847164,1242.7617751612117,1219.4953896010798,1241.0714111328125,627073,0.0,0.0,JSWSTEEL
2026-02-17,1238.8839720970368,1240.8725499013658,1226.1570256000678,1237.491943359375,1115057,0.0,0.0,JSWSTEEL
2026-02-18,1237.4919168795152,1256.781145443388,1237.0941770525287,1244.05419921875,1389762,0.0,0.0,JSWSTEEL
2026-02-19,1244.8497154889276,1248.3297266744,1216.1147417113966,1221.384521484375,824461,0.0,0.0,JSWSTEEL
2026-02-20,1223.472529686357,1245.8440306355183,1215.6176228562415,1228.7423095703125,876475,0.0,0.0,JSWSTEEL
2026-02-23,1232.9182608134322,1240.8725721735188,1221.285128998569,1233.4154052734375,787962,0.0,0.0,JSWSTEEL
2026-02-24,1223.1741799313313,1251.8097493554453,1223.1741799313313,1247.33544921875,1515571,0.0,0.0,JSWSTEEL
2026-02-25,1253.7983387905942,1277.36293784588,1250.119518304549,1267.7183837890625,2095033,0.0,0.0,JSWSTEEL
2026-02-26,1268.2155276948338,1274.9767409546623,1262.746938590701,1273.286376953125,779191,0.0,0.0,JSWSTEEL
2026-02-27,1264.735530656956,1270.5024550535557,1253.301207856205,1257.4771728515625,2081751,0.0,0.0,JSWSTEEL
2026-03-02,1246.0428072698392,1264.7354872341987,1237.5913515768434,1260.0623779296875,1608917,0.0,0.0,JSWSTEEL
2026-03-04,1228.941155870002,1246.7389525476067,1193.1467532718466,1206.072509765625,1682849,0.0,0.0,JSWSTEEL
2026-03-05,1207.5638418161982,1246.2417034285402,1207.5638418161982,1240.971923828125,1696077,0.0,0.0,JSWSTEEL
2026-03-06,1233.614197146811,1241.9662482319904,1222.1798747276082,1226.6541748046875,1140348,0.0,0.0,JSWSTEEL
2026-03-09,1196.1295694610901,1206.072458650293,1163.5168443712416,1185.7889404296875,2145649,0.0,0.0,JSWSTEEL
2026-03-10,1189.2689807141355,1212.9331061121027,1188.3740963906027,1207.3651123046875,1131600,0.0,0.0,JSWSTEEL
2026-03-11,1205.0782159178107,1215.9159898240475,1164.312368679667,1172.06787109375,1802500,0.0,0.0,JSWSTEEL
2026-03-12,1168.2895159963018,1175.7466831196825,1143.4322922516997,1165.9031982421875,1265744,0.0,0.0,JSWSTEEL
2026-03-13,1160.0367886224938,1162.5225108243703,1109.1292464773232,1112.9075927734375,2284551,0.0,0.0,JSWSTEEL
2026-03-16,1115.0950341271562,1143.4322686101023,1113.7030053516075,1139.057373046875,2593202,0.0,0.0,JSWSTEEL
2026-03-17,1140.449348661985,1162.6220392994442,1132.6938468262686,1160.533935546875,1760476,0.0,0.0,JSWSTEEL
2026-03-18,1157.650582150502,1177.3374289910473,1153.4744960644566,1173.5592041015625,1284823,0.0,0.0,JSWSTEEL
2026-03-19,1152.6792369160912,1159.2415197606003,1120.2653198048297,1124.44140625,2207126,0.0,0.0,JSWSTEEL
2026-03-20,1132.5944762468496,1179.7237949861621,1131.5007827174484,1162.9202880859375,3580084,0.0,0.0,JSWSTEEL
2026-03-23,1147.2105816684816,1147.2105816684816,1096.203512535915,1103.262939453125,2532216,0.0,0.0,JSWSTEEL
2026-03-24,1125.4356944984984,1136.1739424082496,1105.6493199831598,1127.225341796875,1218013,0.0,0.0,JSWSTEEL
2026-03-25,1133.4893270842344,1163.417398200161,1130.804795648297,1149.39794921875,1632217,0.0,0.0,JSWSTEEL
2026-03-27,1143.432292396779,1144.2277721059725,1120.464241928485,1123.8448486328125,2750813,0.0,0.0,JSWSTEEL
2026-03-30,1123.54652265451,1130.0094008821688,1107.6378993248886,1116.08935546875,2454814,0.0,0.0,JSWSTEEL
2026-04-01,1135.3785183097884,1152.3808342120562,1128.0207561808263,1133.8870849609375,2025282,0.0,0.0,JSWSTEEL
2026-04-02,1128.517913734701,1139.2562825203827,1100.08127516104,1134.781982421875,2208479,0.0,0.0,JSWSTEEL
2026-04-06,1125.53501655261,1139.1567257125093,1108.7315101404001,1127.1258544921875,3213623,0.0,0.0,JSWSTEEL
2026-04-07,1132.4950600151647,1150.9888093281384,1115.8904838916856,1145.3214111328125,3158128,0.0,0.0,JSWSTEEL
2026-04-08,1163.3179799147686,1197.72035060172,1163.3179799147686,1187.479248046875,2383883,0.0,0.0,JSWSTEEL
2026-04-09,1180.4197590323151,1211.0439063631763,1178.2323719543217,1202.791259765625,2563654,0.0,0.0,JSWSTEEL
2026-04-10,1203.0895474334789,1217.8050714389517,1197.0244095268336,1207.8621826171875,1719725,0.0,0.0,JSWSTEEL
2026-04-13,1192.251782775604,1206.4701624405513,1182.5078244852511,1197.3226318359375,1031668,0.0,0.0,JSWSTEEL
2026-04-15,1215.915994008888,1224.9639992743498,1203.6861912460877,1211.6405029296875,1404182,0.0,0.0,JSWSTEEL
2026-04-16,1214.2256174844927,1235.8017605286104,1204.3822539756416,1207.961669921875,2686363,0.0,0.0,JSWSTEEL
2026-04-17,1206.0724176219803,1235.205130504568,1191.7546334019605,1233.216552734375,1875945,0.0,0.0,JSWSTEEL
2026-04-20,1234.011918176759,1271.6954914151383,1225.9582024353913,1267.22119140625,4606071,0.0,0.0,JSWSTEEL
2026-04-21,1277.064749759997,1288.9962171422956,1266.425785186883,1272.2921142578125,2108883,0.0,0.0,JSWSTEEL
2026-04-22,1275.6727316628103,1279.2521476329057,1251.213247598468,1256.1846923828125,2882614,0.0,0.0,JSWSTEEL
2026-04-23,1256.1846403270818,1262.6475182789109,1243.8554334981914,1249.8211669921875,1715185,0.0,0.0,JSWSTEEL
2026-04-24,1256.781211145194,1260.758366876666,1239.3811548200033,1248.528564453125,1996768,0.0,0.0,JSWSTEEL
2026-04-27,1265.729835367331,1289.5927702053639,1260.8577952299333,1275.3743896484375,2309506,0.0,0.0,JSWSTEEL
2026-04-28,1276.6669573012023,1299.3367929427295,1268.3149062031048,1274.2806396484375,1902689,0.0,0.0,JSWSTEEL
2026-04-29,1275.6726814700178,1280.4453168244693,1249.8211696085832,1272.3914794921875,2364369,0.0,0.0,JSWSTEEL
2026-04-30,1265.2326315521204,1266.127515841209,1243.2588710273005,1257.2783203125,1366233,0.0,0.0,JSWSTEEL
2026-05-01,1257.2783203125,1257.2783203125,1257.2783203125,1257.2783203125,0,0.0,0.0,JSWSTEEL
2026-05-04,1270.701251071344,1280.544735741599,1252.704645733776,1259.3663330078125,1550369,0.0,0.0,JSWSTEEL
2026-05-05,1253.3011522992817,1257.6760477124426,1238.685154090274,1245.2474365234375,1471611,0.0,0.0,JSWSTEEL
2026-05-06,1255.2897077464459,1271.297734398324,1245.843963410928,1266.028076171875,988216,0.0,0.0,JSWSTEEL
2026-05-07,1264.8349211337638,1286.212133087447,1261.3549098854896,1276.0704345703125,1773360,0.0,0.0,JSWSTEEL
2026-05-08,1276.0704351313043,1277.5618685240772,1259.5652631925805,1270.50244140625,811858,0.0,0.0,JSWSTEEL
2026-05-11,1268.7126558956163,1274.8771986210807,1251.4120044951353,1255.38916015625,1023862,0.0,0.0,JSWSTEEL
2026-05-12,1254.792625327498,1265.3320636744756,1239.082811738476,1245.1480712890625,1475577,0.0,0.0,JSWSTEEL
2026-05-13,1247.8326439889158,1275.0761857498405,1247.8326439889158,1267.6190185546875,2366540,0.0,0.0,JSWSTEEL
2026-05-14,1280.5446861199175,1298.5412907601087,1274.5789527779875,1289.4932861328125,3292597,0.0,0.0,JSWSTEEL
2026-05-15,1306.4956251139517,1306.4956251139517,1266.9228780262295,1271.4967041015625,3871553,0.0,0.0,JSWSTEEL
2026-05-18,1272.689801482784,1294.5641574457695,1251.1137807412845,1285.416748046875,2965138,0.0,0.0,JSWSTEEL
2026-05-19,1290.5870545055554,1292.2772971678924,1275.374385051872,1277.860107421875,1136358,0.0,0.0,JSWSTEEL
2026-05-20,1270.7012062624965,1281.638384094177,1254.295439514976,1275.8714599609375,1039407,0.0,0.0,JSWSTEEL
2026-05-21,1285.6155535082946,1285.6155535082946,1265.530966186817,1273.982421875,5339554,0.0,0.0,JSWSTEEL
2026-05-22,1276.8658230792962,1282.5333429272423,1270.8006847492454,1278.158447265625,588674,0.0,0.0,JSWSTEEL
2026-05-25,1283.328635559491,1289.9904440179466,1276.6669484741922,1282.0361328125,922291,0.0,0.0,JSWSTEEL
2026-05-26,1282.036193172917,1293.5699206892104,1275.374384400812,1286.212158203125,1712866,0.0,0.0,JSWSTEEL
2026-05-27,1287.6041298977996,1320.415663709867,1287.6041298977996,1301.822509765625,2030720,0.0,0.0,JSWSTEEL
2026-05-28,1301.822509765625,1301.822509765625,1301.822509765625,1301.822509765625,0,0.0,0.0,JSWSTEEL
2026-05-29,1302.021396260866,1304.7059279100763,1263.0453174841095,1270.7012939453125,3129836,0.0,0.0,JSWSTEEL
2026-06-01,1272.1926307824046,1297.348188170115,1272.1926307824046,1291.97900390625,1388242,0.0,0.0,JSWSTEEL
2026-06-02,1290.0898736589074,1309.379102980925,1282.831515993875,1303.31396484375,1602109,0.0,0.0,JSWSTEEL
2026-06-03,1307.4899600447297,1310.969971345229,1289.8910943028982,1305.4019775390625,814920,0.0,0.0,JSWSTEEL
2026-06-04,1303.5127962733607,1306.4956630840547,1286.8086935842086,1293.6693115234375,958385,0.0,0.0,JSWSTEEL
2026-06-05,1293.6693086966734,1302.3196952526814,1259.2669358298044,1276.6669921875,1618038,0.0,0.0,JSWSTEEL
2026-06-08,1262.7469355576784,1265.7298023345863,1247.832601673139,1253.5,1172766,0.0,0.0,JSWSTEEL
2026-06-09,1257.7754646305682,1265.7297758693385,1249.920558007651,1254.4942626953125,1070798,0.0,0.0,JSWSTEEL
2026-06-10,1258.769749328075,1284.621260767672,1245.346849157515,1262.548095703125,3053155,0.0,0.0,JSWSTEEL
2026-06-11,1258.769727210988,1286.0132669086688,1253.7982827907235,1274.9766845703125,1915489,0.0,0.0,JSWSTEEL
2026-06-12,1290.5870709135772,1298.0442381183939,1277.7607190466601,1290.1893310546875,1091577,0.0,0.0,JSWSTEEL
2026-06-15,1305.1036083457946,1312.6601798413253,1286.8086679960327,1289.0955810546875,1168850,0.0,0.0,JSWSTEEL
2026-06-16,1292.575638471871,1295.0613608535477,1261.7526809390802,1267.0224609375,1110628,0.0,0.0,JSWSTEEL
2026-06-17,1272.6898012298452,1282.1355458483479,1261.8520278666158,1279.8486328125,1194899,0.0,0.0,JSWSTEEL
2026-06-18,1280.644168961008,1289.5927695205182,1276.7664177772544,1286.510498046875,685833,0.0,0.0,JSWSTEEL
2026-06-19,1281.6384493723383,1287.604183038928,1259.8634972146538,1280.3458251953125,1138608,0.0,0.0,JSWSTEEL
2026-06-22,1282.632743609228,1289.4933616287472,1267.7184093812136,1275.076171875,961383,0.0,0.0,JSWSTEEL
2026-06-23,1262.746870068716,1271.0989208855333,1226.3559215523899,1235.1055908203125,2156617,0.0,0.0,JSWSTEEL
2026-06-24,1232.918247985572,1237.7902879175658,1215.0210476115878,1224.16845703125,2339439,0.0,0.0,JSWSTEEL
2026-06-25,1217.7055360336647,1231.52617566365,1217.108986983604,1223.9696044921875,1706161,0.0,0.0,JSWSTEEL
2026-06-26,1223.9696044921875,1223.9696044921875,1223.9696044921875,1223.9696044921875,0,0.0,0.0,JSWSTEEL
2026-06-29,1231.923976960368,1243.5571088230786,1219.5947700268914,1225.3616943359375,2091046,0.0,0.0,JSWSTEEL
2026-06-30,1224.9639899552776,1231.6256773903472,1214.523955949977,1219.39599609375,1242580,0.0,0.0,JSWSTEEL
2026-07-01,1222.5776463523107,1224.864559444875,1203.7855612653418,1209.254150390625,1634758,0.0,0.0,JSWSTEEL
2026-07-02,1218.9981780223573,1227.1512983636198,1210.1489826348395,1216.810791015625,1302096,0.0,0.0,JSWSTEEL
2026-07-03,1224.9639629609562,1238.0885283005596,1219.0976339935728,1223.1741943359375,1153646,0.0,0.0,JSWSTEEL
2026-07-06,1222.975409979327,1237.3925997717663,1218.401705078427,1236.0999755859375,1090418,0.0,0.0,JSWSTEEL
2026-07-07,1236.0,1252.800048828125,1221.199951171875,1246.4000244140625,2548642,7.1,0.0,JSWSTEEL
2026-07-08,1231.0,1245.800048828125,1212.199951171875,1219.5,1038782,0.0,0.0,JSWSTEEL
2026-07-09,1224.0,1240.5,1220.300048828125,1225.800048828125,1151162,0.0,0.0,JSWSTEEL
2026-07-10,1232.300048828125,1259.0,1232.300048828125,1245.4000244140625,1504035,0.0,0.0,JSWSTEEL
2026-07-13,1235.199951171875,1240.0999755859375,1220.4000244140625,1237.4000244140625,1403822,0.0,0.0,JSWSTEEL
2026-07-14,1225.0999755859375,1254.800048828125,1225.0999755859375,1247.699951171875,1042163,0.0,0.0,JSWSTEEL
2026-07-15,1249.5999755859375,1252.5999755859375,1224.9000244140625,1226.9000244140625,836306,0.0,0.0,JSWSTEEL
2026-07-16,1232.9000244140625,1233.300048828125,1219.4000244140625,1221.0,1342230,0.0,0.0,JSWSTEEL
2026-07-17,1221.0,1243.9000244140625,1218.0,1237.300048828125,2800390,0.0,0.0,JSWSTEEL
2026-07-20,1252.699951171875,1266.5999755859375,1247.199951171875,1257.0,2686712,0.0,0.0,JSWSTEEL
2026-07-21,1259.0,1271.4000244140625,1252.0,1267.4000244140625,1941639,0.0,0.0,JSWSTEEL
2026-07-22,1264.5,1279.300048828125,1261.699951171875,1266.9000244140625,3988761,0.0,0.0,JSWSTEEL
2026-07-23,1256.0,1274.699951171875,1238.5,1246.800048828125,2674866,0.0,0.0,JSWSTEEL
2026-07-24,1238.5999755859375,1245.0,1228.0999755859375,1240.800048828125,1083729,0.0,0.0,JSWSTEEL
2026-07-27,1251.0,1251.0,1234.300048828125,1244.5999755859375,1128386,0.0,0.0,JSWSTEEL
2026-07-28,1241.199951171875,1259.9000244140625,1241.199951171875,1246.9000244140625,1515691,0.0,0.0,JSWSTEEL
2026-07-29,1255.699951171875,1279.0,1243.199951171875,1276.5999755859375,1516573,0.0,0.0,JSWSTEEL
2026-07-30,1279.0999755859375,1304.5,1261.5,1270.800048828125,923153,0.0,0.0,JSWSTEEL
2026-07-31,1276.4000244140625,1282.199951171875,1262.0,1270.0,1449872,0.0,0.0,JSWSTEEL
2026-08-03,1278.9000244140625,1294.800048828125,1268.699951171875,1292.300048828125,2577735,0.0,0.0,JSWSTEEL
2026-08-04,1280.5,1300.0,1275.9000244140625,1300.0,1475041,0.0,0.0,JSWSTEEL
2026-08-05,1304.5,1331.0,1284.699951171875,1330.0,2186609,0.0,0.0,JSWSTEEL
2026-08-06,1330.0,1335.0,1303.5,1307.9000244140625,2307926,0.0,0.0,JSWSTEEL
2026-08-07,1303.800048828125,1309.9000244140625,1288.5,1299.5,720726,0.0,0.0,JSWSTEEL
2026-08-10,1299.5,1312.0,1295.0,1302.0,1520170,0.0,0.0,JSWSTEEL
2026-08-11,1299.0,1303.9000244140625,1276.0999755859375,1283.4000244140625,1514657,0.0,0.0,JSWSTEEL
2026-08-12,1285.9000244140625,1288.9000244140625,1268.199951171875,1269.0999755859375,862476,0.0,0.0,JSWSTEEL
2026-08-13,1269.0999755859375,1275.699951171875,1264.0,1275.0,1693193,0.0,0.0,JSWSTEEL
2026-08-14,1267.300048828125,1276.699951171875,1260.300048828125,1270.0,975420,0.0,0.0,JSWSTEEL
2026-08-17,1263.5999755859375,1297.0,1250.4000244140625,1277.800048828125,1404965,0.0,0.0,JSWSTEEL
2026-08-18,1275.0,1285.800048828125,1265.0,1267.5999755859375,719017,0.0,0.0,JSWSTEEL
2026-08-19,1273.699951171875,1285.800048828125,1262.0999755859375,1285.800048828125,1009930,0.0,0.0,JSWSTEEL
2026-08-20,1298.5,1310.5999755859375,1281.5,1299.699951171875,3416352,0.0,0.0,JSWSTEEL
2026-08-21,1298.0,1298.800048828125,1280.5,1293.699951171875,2013069,0.0,0.0,JSWSTEEL
2026-08-24,1298.0,1327.0,1295.300048828125,1327.0,3648206,0.0,0.0,JSWSTEEL
2026-08-25,1326.0,1326.300048828125,1310.0999755859375,1320.300048828125,1234494,0.0,0.0,JSWSTEEL
2026-08-26,1329.0,1341.0,1310.4000244140625,1341.0,1894784,0.0,0.0,JSWSTEEL
2026-08-27,1351.0,1351.0,1330.0,1337.5,2647838,0.0,0.0,JSWSTEEL
2026-08-28,1335.199951171875,1344.0,1320.4000244140625,1334.9000244140625,1403899,0.0,0.0,JSWSTEEL
2026-08-31,1323.800048828125,1326.800048828125,1303.300048828125,1307.699951171875,1981744,0.0,0.0,JSWSTEEL
2026-09-01,1314.5999755859375,1328.0,1307.0999755859375,1313.5,1134147,0.0,0.0,JSWSTEEL
2026-09-02,1308.0999755859375,1309.800048828125,1299.4000244140625,1306.0,1562597,0.0,0.0,JSWSTEEL
2026-09-03,1315.0,1325.0,1295.0,1308.0,1291167,0.0,0.0,JSWSTEEL
2026-09-04,1305.0,1331.699951171875,1300.0999755859375,1325.0,1094356,0.0,0.0,JSWSTEEL
2026-09-07,1334.300048828125,1335.0,1301.0,1302.0,1276231,0.0,0.0,JSWSTEEL
2026-09-08,1306.4000244140625,1315.0,1295.699951171875,1297.300048828125,1345313,0.0,0.0,JSWSTEEL
2026-09-09,1303.9000244140625,1313.0,1290.0999755859375,1310.0,1484708,0.0,0.0,JSWSTEEL
2026-09-10,1301.0,1311.300048828125,1292.699951171875,1304.0,1102536,0.0,0.0,JSWSTEEL
2026-09-11,1281.0,1286.9000244140625,1265.0,1265.0,1580944,0.0,0.0,JSWSTEEL
2026-09-14,1265.0,1265.0,1265.0,1265.0,0,0.0,0.0,JSWSTEEL
2026-09-15,1265.0,1267.699951171875,1229.199951171875,1229.199951171875,1030088,0.0,0.0,JSWSTEEL
2026-09-16,1244.0,1250.199951171875,1227.0,1248.9000244140625,1803781,0.0,0.0,JSWSTEEL
2026-09-17,1248.9000244140625,1260.0,1242.0999755859375,1253.4000244140625,1351578,0.0,0.0,JSWSTEEL
2026-09-18,1270.0999755859375,1278.699951171875,1262.699951171875,1275.5999755859375,2378010,0.0,0.0,JSWSTEEL
2026-09-21,1281.300048828125,1287.0,1268.5999755859375,1268.5999755859375,942361,0.0,0.0,JSWSTEEL
2026-09-22,1274.699951171875,1277.5,1264.4000244140625,1267.0,874592,0.0,0.0,JSWSTEEL
2026-09-23,1273.0,1304.0,1270.800048828125,1297.800048828125,1356042,0.0,0.0,JSWSTEEL
2026-09-24,1289.0,1298.4000244140625,1272.199951171875,1273.199951171875,836579,0.0,0.0,JSWSTEEL
2026-09-25,1279.0,1288.5999755859375,1266.300048828125,1277.0,1032391,0.0,0.0,JSWSTEEL
2026-09-28,1278.4000244140625,1278.4000244140625,1254.0999755859375,1264.0999755859375,1216506,0.0,0.0,JSWSTEEL
2026-09-29,1260.699951171875,1272.4000244140625,1246.5999755859375,1272.4000244140625,2499215,0.0,0.0,JSWSTEEL
2026-09-30,1272.4000244140625,1275.9000244140625,1253.4000244140625,1253.4000244140625,1329600,0.0,0.0,JSWSTEEL
2026-10-01,1253.0,1256.4000244140625,1214.800048828125,1233.0,3157989,0.0,0.0,JSWSTEEL
