Date,Open,High,Low,Close,Volume,Dividends,Stock Splits,Symbol
2021-10-04,396.85214605579904,400.81073227447064,395.45968845608763,396.0465087890625,10215265,0.0,0.0,KOTAKBANK
2021-10-05,396.8323138901428,397.43901570936737,392.9731949539706,394.3358154296875,13599035,0.0,0.0,KOTAKBANK
2021-10-06,393.0825761866734,398.84141711729154,386.32914860906476,389.04443359375,14896375,0.0,0.0,KOTAKBANK
2021-10-07,391.4812137630684,394.31587796869604,387.7514004275843,388.387939453125,11110650,0.0,0.0,KOTAKBANK
2021-10-08,387.90064872018365,391.1132727124144,384.1211160791033,385.1853332519531,9689170,0.0,0.0,KOTAKBANK
2021-10-11,387.7016708443108,398.84139270712666,386.90598943409543,392.9532470703125,11880835,0.0,0.0,KOTAKBANK
2021-10-12,393.8683378550368,398.642487384686,390.88448681068047,396.8720703125,9454510,0.0,0.0,KOTAKBANK
2021-10-13,398.6424786070392,402.22310585208606,396.7626682742033,399.70672607421875,8712390,0.0,0.0,KOTAKBANK
2021-10-14,399.43819345536684,402.9193529569766,394.8629491825908,401.38763427734375,8261780,0.0,0.0,KOTAKBANK
2021-10-18,401.3876121746001,407.186245965824,399.4282155774578,400.154296875,10833895,0.0,0.0,KOTAKBANK
2021-10-19,400.21396728962765,406.78837066249304,396.27529272469394,404.87872314453125,8476015,0.0,0.0,KOTAKBANK
2021-10-20,406.201579898567,406.78840029074917,397.48875555083396,400.920166015625,8974465,0.0,0.0,KOTAKBANK
2021-10-21,404.0134454702888,428.6799354130603,402.22311662317145,426.4420471191406,47477590,0.0,0.0,KOTAKBANK
2021-10-22,428.66003685040533,437.95968132822196,422.2646266022446,431.9422607421875,29659130,0.0,0.0,KOTAKBANK
2021-10-25,428.08313585321923,434.23981729753535,420.7329322623598,428.5804443359375,33886310,0.0,0.0,KOTAKBANK
2021-10-26,428.5804579864528,445.58841470779,422.45361364182446,439.8096923828125,53345005,0.0,0.0,KOTAKBANK
2021-10-27,437.6314844624628,448.1744308406281,432.97668413979096,435.29412841796875,22752840,0.0,0.0,KOTAKBANK
2021-10-28,435.29412224786256,435.6422442671382,415.829460350495,417.4407653808594,15511445,0.0,0.0,KOTAKBANK
2021-10-29,413.2733184508288,417.13243725865203,400.8306500958393,404.04327392578125,23331725,0.0,0.0,KOTAKBANK
2021-11-01,408.78758170414926,415.1133311726141,404.76932057728135,413.0644226074219,9832940,0.0,0.0,KOTAKBANK
2021-11-02,411.00556700027295,416.4461228491599,409.7821772429664,413.09423828125,7681030,0.0,0.0,KOTAKBANK
2021-11-03,413.7606641899733,420.04665079611334,403.41665365588426,405.3163757324219,10336455,0.0,0.0,KOTAKBANK
2021-11-04,405.8037330995185,410.1800417975785,405.6047975596196,409.1854248046875,1025885,0.0,0.0,KOTAKBANK
2021-11-08,408.7875529441502,423.22937965382147,408.7875529441502,421.4888000488281,10609980,0.0,0.0,KOTAKBANK
2021-11-09,421.7176105429122,423.1001427508337,414.41712536128733,417.1821594238281,8887865,0.0,0.0,KOTAKBANK
2021-11-10,414.75522617486723,416.0183786463422,410.388843636681,412.974853515625,7228940,0.0,0.0,KOTAKBANK
2021-11-11,412.36820195901055,413.3031443393611,407.30560522255547,408.6085510253906,7735765,0.0,0.0,KOTAKBANK
2021-11-12,411.3736072110504,413.76068199807105,408.3996816689434,412.7063903808594,7172140,0.0,0.0,KOTAKBANK
2021-11-15,413.7805415569575,419.3305212557857,413.76066014471587,417.2020263671875,9096640,0.0,0.0,KOTAKBANK
2021-11-16,417.7192845418839,418.505010166327,411.7714635851315,414.32763671875,7725535,0.0,0.0,KOTAKBANK
2021-11-17,411.77141707932014,414.12865439302874,406.89780009759215,408.40960693359375,7233815,0.0,0.0,KOTAKBANK
2021-11-18,407.79295788575877,410.2695444291306,399.6172051745025,402.7104797363281,13965995,0.0,0.0,KOTAKBANK
2021-11-22,406.59943088107474,406.59943088107474,386.11034428734393,388.9847717285156,13741645,0.0,0.0,KOTAKBANK
2021-11-23,385.5135791599089,396.48420413559717,384.4592875028414,394.4452209472656,16148125,0.0,0.0,KOTAKBANK
2021-11-24,393.778796893238,402.80990536526605,391.87907489285885,400.114501953125,9737415,0.0,0.0,KOTAKBANK
2021-11-25,401.8252775257473,407.3951389284479,400.44274529338776,404.8290100097656,15822140,0.0,0.0,KOTAKBANK
2021-11-26,398.244629202087,399.2392461732977,388.9151171556029,390.7452087402344,13237765,0.0,0.0,KOTAKBANK
2021-11-29,396.45435760954604,406.79836873909716,385.3544278176916,401.7457275390625,20859500,0.0,0.0,KOTAKBANK
2021-11-30,402.4220431870285,405.72417890292905,387.28397127365986,390.267822265625,21329080,0.0,0.0,KOTAKBANK
2021-12-01,393.6694378868973,395.0420143478702,385.91143661179666,388.56707763671875,12928465,0.0,0.0,KOTAKBANK
2021-12-02,387.413273423691,394.0573076309965,387.02535822807056,390.73529052734375,9664645,0.0,0.0,KOTAKBANK
2021-12-03,391.22262211925806,395.8376592737154,378.9888459429182,380.7791442871094,17458620,0.0,0.0,KOTAKBANK
2021-12-06,381.93290131395395,383.2258911822906,373.3791896409502,375.0103759765625,15406680,0.0,0.0,KOTAKBANK
2021-12-07,380.34152967491366,390.6457774416957,379.9834821292568,385.3444519042969,36722375,0.0,0.0,KOTAKBANK
2021-12-08,391.87911959301,391.87911959301,381.02784388269544,382.0224609375,25627975,0.0,0.0,KOTAKBANK
2021-12-09,383.12648203050225,385.2947398141376,375.1894274124628,381.20684814453125,23272265,0.0,0.0,KOTAKBANK
2021-12-10,380.9382987433934,381.9329157113918,375.6668409543222,377.3079528808594,15274610,0.0,0.0,KOTAKBANK
2021-12-13,379.94367143527927,381.1372239057154,370.44509179071736,372.6033935546875,20425550,0.0,0.0,KOTAKBANK
2021-12-14,372.6034058013268,372.7824295717862,361.25482248991636,366.0986022949219,50556260,0.0,0.0,KOTAKBANK
2021-12-15,367.13302800216246,374.32411995332274,365.3725668114496,371.4695739746094,26528735,0.0,0.0,KOTAKBANK
2021-12-16,375.1495891951617,376.15416196152,368.1872710039541,370.14666748046875,15272310,0.0,0.0,KOTAKBANK
2021-12-17,369.0028984723178,369.9875595665055,356.0728777711314,356.82879638671875,14675630,0.0,0.0,KOTAKBANK
2021-12-20,354.0836509146342,354.0836509146342,342.6256740369448,346.6240234375,16345895,0.0,0.0,KOTAKBANK
2021-12-21,350.31407789101326,351.6966102201237,342.3472156148657,345.4404602050781,11321155,0.0,0.0,KOTAKBANK
2021-12-22,347.71810926748225,352.09441799678183,344.76409556337717,350.5826110839844,17269195,0.0,0.0,KOTAKBANK
2021-12-23,355.0583773739392,355.8142656319507,351.5672620913045,353.2083740234375,9598245,0.0,0.0,KOTAKBANK
2021-12-24,354.083655239331,354.083655239331,344.13748514833856,347.79766845703125,11357850,0.0,0.0,KOTAKBANK
2021-12-27,346.74333830717853,353.87475482505266,342.34714861354644,352.7806701660156,8269165,0.0,0.0,KOTAKBANK
2021-12-28,355.07826824054536,356.01321064680985,351.20919354923575,353.06915283203125,6428355,0.0,0.0,KOTAKBANK
2021-12-29,352.890084046482,354.08363653567534,348.9315279854821,350.9406433105469,7059540,0.0,0.0,KOTAKBANK
2021-12-30,349.90624105452764,352.08445466669997,346.8527899976494,349.1602783203125,12491975,0.0,0.0,KOTAKBANK
2021-12-31,350.50302076980523,358.26105149414616,350.11513592790413,357.28631591796875,11064460,0.0,0.0,KOTAKBANK
2022-01-03,357.46534379630975,363.65186275160085,356.3911707915614,362.9258117675781,9925545,0.0,0.0,KOTAKBANK
2022-01-04,364.0298242372932,369.400749999642,361.10564781105734,368.5254821777344,13177875,0.0,0.0,KOTAKBANK
2022-01-05,369.4007082739121,383.59391077405945,366.03889831645625,382.3605651855469,21040835,0.0,0.0,KOTAKBANK
2022-01-06,379.36681422321686,380.9382956645006,372.9813599848243,376.3431701660156,11290150,0.0,0.0,KOTAKBANK
2022-01-07,376.3432213186645,383.00713764417384,374.6921532983221,378.7999267578125,11516755,0.0,0.0,KOTAKBANK
2022-01-10,378.79991544773293,388.9549471870641,378.223020551921,387.49285888671875,14310435,0.0,0.0,KOTAKBANK
2022-01-11,387.5027734201277,388.74604461927254,381.97270555459545,385.2748107910156,13570095,0.0,0.0,KOTAKBANK
2022-01-12,388.85545359063576,393.10248760423224,387.33369079566967,389.2135314941406,10746980,0.0,0.0,KOTAKBANK
2022-01-13,389.8898586853987,391.26243498321736,382.44018717000205,383.1960754394531,7435760,0.0,0.0,KOTAKBANK
2022-01-14,379.74472473393354,386.90597863927064,377.5565857402412,385.5533142089844,9143810,0.0,0.0,KOTAKBANK
2022-01-17,382.33078129846876,388.48746315913394,381.6544490010268,385.4041442871094,8382365,0.0,0.0,KOTAKBANK
2022-01-18,383.92216874289073,392.8737219001084,383.92216874289073,386.3390808105469,10407280,0.0,0.0,KOTAKBANK
2022-01-19,386.90603095492725,386.90603095492725,377.9743589532515,379.0783996582031,7608510,0.0,0.0,KOTAKBANK
2022-01-20,382.9275200242386,382.9275200242386,373.37919137635083,376.4823913574219,7449105,0.0,0.0,KOTAKBANK
2022-01-21,371.6386289656949,378.15338840472816,367.9187711689535,376.711181640625,8769480,0.0,0.0,KOTAKBANK
2022-01-24,374.7915708302451,375.5474590809685,360.0513401715778,364.2088317871094,12737170,0.0,0.0,KOTAKBANK
2022-01-25,360.9862783375181,372.7625393856096,354.5212681611524,368.9332580566406,12845325,0.0,0.0,KOTAKBANK
2022-01-27,366.0189970608306,377.6659517564246,362.26930250182374,375.81597900390625,18593095,0.0,0.0,KOTAKBANK
2022-01-28,376.95985161283943,389.2732152107055,375.69669892116747,377.6163024902344,24859820,0.0,0.0,KOTAKBANK
2022-01-31,381.9329633705274,385.6926147645738,366.21802545649945,369.4505310058594,22583125,0.0,0.0,KOTAKBANK
2022-02-01,374.3738581190608,378.9491027000105,364.8454399683044,374.43353271484375,15485430,0.0,0.0,KOTAKBANK
2022-02-02,380.10283926841,387.50279223324924,377.33780520140243,386.4285888671875,13552540,0.0,0.0,KOTAKBANK
2022-02-03,385.891530726728,386.3987647776972,377.1687198457916,379.7547302246094,11198565,0.0,0.0,KOTAKBANK
2022-02-04,380.73934015620034,381.53505189440244,374.02567602869703,374.8114318847656,8856335,0.0,0.0,KOTAKBANK
2022-02-07,368.00829346411933,375.9652295390192,362.0405914079445,363.72149658203125,10269795,0.0,0.0,KOTAKBANK
2022-02-08,365.02445133245374,367.6203872205732,356.6895557343286,361.60296630859375,17846850,0.0,0.0,KOTAKBANK
2022-02-09,365.14376323781806,367.57063098028505,362.5677090262035,365.0244140625,8120290,0.0,0.0,KOTAKBANK
2022-02-10,365.0244430729985,375.7464132385038,364.07954477113435,371.4297790527344,12540405,0.0,0.0,KOTAKBANK
2022-02-11,368.82388492937463,368.82388492937463,362.43843040441027,363.68170166015625,9298775,0.0,0.0,KOTAKBANK
2022-02-14,356.08282386233924,362.80641380182493,345.71890189138594,347.48931884765625,15134105,0.0,0.0,KOTAKBANK
2022-02-15,349.3094905164407,361.8416400023834,347.33018211433244,360.6679992675781,10276375,0.0,0.0,KOTAKBANK
2022-02-16,361.06586931243555,368.5752462258918,358.0621367590351,364.039794921875,11348780,0.0,0.0,KOTAKBANK
2022-02-17,365.02443161156344,366.8644790949795,360.1309027151602,361.50347900390625,14051145,0.0,0.0,KOTAKBANK
2022-02-18,359.86240707785555,364.2287906746436,359.22586792366764,363.34356689453125,6148340,0.0,0.0,KOTAKBANK
2022-02-21,359.6534978328268,368.2668843255004,358.47985710799685,363.45294189453125,6719555,0.0,0.0,KOTAKBANK
2022-02-22,356.07289521298634,367.82927574196196,356.07289521298634,366.3671875,15110375,0.0,0.0,KOTAKBANK
2022-02-23,368.58515121674736,380.5106295806168,368.58515121674736,375.1894226074219,34579605,0.0,0.0,KOTAKBANK
2022-02-24,364.895126766414,372.86201849298965,353.4371500786537,357.03765869140625,24780215,0.0,0.0,KOTAKBANK
2022-02-25,362.2295890709765,371.24081719539885,358.27100224978125,369.3410949707031,19969430,0.0,0.0,KOTAKBANK
2022-02-28,365.42226711677944,368.40611801379174,360.98628394881206,366.5660705566406,13562810,0.0,0.0,KOTAKBANK
2022-03-02,360.40940529059844,361.91128668924097,353.1487132565707,359.25567626953125,14154775,0.0,0.0,KOTAKBANK
2022-03-03,360.6381450385245,361.96100253871816,352.61157921694166,356.52044677734375,14810715,0.0,0.0,KOTAKBANK
2022-03-04,352.0943994064212,355.26722989713295,344.873470654691,348.5436096191406,12745970,0.0,0.0,KOTAKBANK
2022-03-07,336.8768038791315,344.3165199186177,334.2012816109655,340.5369873046875,13489675,0.0,0.0,KOTAKBANK
2022-03-08,338.1697369618866,344.03797044438915,332.70930003988093,342.7648620605469,27182480,0.0,0.0,KOTAKBANK
2022-03-09,342.76490632382684,347.7479472161928,336.5783873581371,345.94769287109375,34597305,0.0,0.0,KOTAKBANK
2022-03-10,358.06212028067785,360.6481305533654,345.331034812019,348.98126220703125,20942345,0.0,0.0,KOTAKBANK
2022-03-11,347.1213380096948,354.0637756970776,345.3310395251778,350.70196533203125,12531700,0.0,0.0,KOTAKBANK
2022-03-14,347.2108322022929,357.5349611416303,346.5245440691022,355.82421875,16583245,0.0,0.0,KOTAKBANK
2022-03-15,354.87934232763166,356.06293901547565,340.95470397963464,344.8834533691406,24037275,0.0,0.0,KOTAKBANK
2022-03-16,350.10518310849915,353.0492409220779,348.66297632085076,350.20465087890625,14636205,0.0,0.0,KOTAKBANK
2022-03-17,356.07288637266055,363.55239529329975,354.59091675416613,362.04058837890625,16795035,0.0,0.0,KOTAKBANK
2022-03-21,361.17526320024166,364.02980903202473,352.69118170660545,353.50677490234375,11988495,0.0,0.0,KOTAKBANK
2022-03-22,353.50679906461454,360.7674912609133,349.1802089023585,359.6236877441406,16987280,0.0,0.0,KOTAKBANK
2022-03-23,361.0459488918744,363.4827725339798,349.7073218568392,352.044677734375,16131700,0.0,0.0,KOTAKBANK
2022-03-24,341.15359529806915,343.91862905457464,338.368680130833,340.9844970703125,98550890,0.0,0.0,KOTAKBANK
2022-03-25,343.73965925206386,344.49554757135985,340.55687254424794,342.5958557128906,15195750,0.0,0.0,KOTAKBANK
2022-03-28,343.739630779815,343.739630779815,336.58833233980664,343.1826477050781,15351020,0.0,0.0,KOTAKBANK
2022-03-29,345.72887495867747,346.305739462704,341.8995934414726,344.1374816894531,12928950,0.0,0.0,KOTAKBANK
2022-03-30,347.99656120110654,351.8656051069432,345.33099522934316,350.7218017578125,16790770,0.0,0.0,KOTAKBANK
2022-03-31,349.130459677945,353.83500916693197,347.51918494248355,348.8818054199219,14242040,0.0,0.0,KOTAKBANK
2022-04-01,347.97665021362144,354.0836124816238,347.24064342882195,353.4172058105469,11868865,0.0,0.0,KOTAKBANK
2022-04-04,355.47614606330484,366.0190934115821,345.13213427668205,365.23333740234375,19987830,0.0,0.0,KOTAKBANK
2022-04-05,365.23330205883315,365.63114279033795,356.90836258005356,358.499755859375,10664355,0.0,0.0,KOTAKBANK
2022-04-06,355.57553842240895,356.66962307282995,352.4425012873887,353.9642639160156,11745005,0.0,0.0,KOTAKBANK
2022-04-07,352.29331913532917,356.47069191537355,350.7019260200889,351.3882141113281,21943915,0.0,0.0,KOTAKBANK
2022-04-08,353.13874281928247,356.0728750201263,349.3293731822012,354.9787902832031,11908355,0.0,0.0,KOTAKBANK
2022-04-11,353.0890532509447,359.2855284084252,350.7616529930391,354.76995849609375,9589710,0.0,0.0,KOTAKBANK
2022-04-12,352.30330052811996,360.57852175691505,352.0944394443238,358.4301452636719,12061210,0.0,0.0,KOTAKBANK
2022-04-13,359.59383193409474,361.7422082561943,352.64143859425405,354.00408935546875,9618460,0.0,0.0,KOTAKBANK
2022-04-18,353.20834267774893,353.20834267774893,344.13744156020425,348.1954650878906,9800705,0.0,0.0,KOTAKBANK
2022-04-19,350.70196764943177,351.43797453186073,335.58377679002416,339.6617126464844,11947870,0.0,0.0,KOTAKBANK
2022-04-20,340.7557924784687,343.5407079551918,334.86764644486567,342.4068603515625,16007725,0.0,0.0,KOTAKBANK
2022-04-21,343.14281475578616,352.78065450284294,342.9538351251931,350.27423095703125,13653455,0.0,0.0,KOTAKBANK
2022-04-22,346.12670407848395,347.897121063374,342.4267277517888,343.68988037109375,11280190,0.0,0.0,KOTAKBANK
2022-04-25,338.6671010665222,345.7089763323639,336.97623996246057,343.9087219238281,10746970,0.0,0.0,KOTAKBANK
2022-04-26,347.34015063591005,347.71810995318026,344.38613692597966,346.663818359375,7273885,0.0,0.0,KOTAKBANK
2022-04-27,342.9438897313893,348.51375035682616,342.9438897313893,346.425048828125,14112960,0.0,0.0,KOTAKBANK
2022-04-28,347.9169737213671,352.69115297434365,344.61486873651745,351.22906494140625,11712485,0.0,0.0,KOTAKBANK
2022-04-29,351.88556081767695,360.11103257138944,351.4976456138051,356.2220764160156,18443295,0.0,0.0,KOTAKBANK
2022-05-02,351.20921159519395,354.173181328339,348.1259230260036,352.9597473144531,9897330,0.0,0.0,KOTAKBANK
2022-05-04,351.6965671541133,362.77658443167974,351.6965671541133,353.2083740234375,28732370,0.0,0.0,KOTAKBANK
2022-05-05,358.26104889525925,362.23951682145514,354.9390014659804,357.5846862792969,17840235,0.0,0.0,KOTAKBANK
2022-05-06,349.1404068332053,357.05754971181767,348.1159525298923,353.1487121582031,14237415,0.0,0.0,KOTAKBANK
2022-05-09,347.1213003371696,354.8793000658497,346.72345964526534,351.5970764160156,10846810,0.0,0.0,KOTAKBANK
2022-05-10,352.0944152397875,359.8126528123378,351.59710674368614,357.49517822265625,9949270,0.0,0.0,KOTAKBANK
2022-05-11,357.6642934132379,361.6427615705524,357.26645266816706,360.0414123535156,13109420,0.0,0.0,KOTAKBANK
2022-05-12,358.6191055794244,359.37502421772473,349.5084101538286,350.2842102050781,21411340,0.0,0.0,KOTAKBANK
2022-05-13,355.07826951417366,357.06750351705415,349.30950304714094,353.994140625,13685110,0.0,0.0,KOTAKBANK
2022-05-16,354.2825808195476,363.03519811216415,351.32856717146177,360.6182861328125,15195905,0.0,0.0,KOTAKBANK
2022-05-17,362.6373689857418,366.9937963589132,361.56316561392566,366.0787353515625,15103905,0.0,0.0,KOTAKBANK
2022-05-18,367.40157174939515,370.79318885663173,366.18813784959383,367.3717041015625,26608920,0.0,0.0,KOTAKBANK
2022-05-19,360.44918962155947,363.4927151701667,353.7554367325272,354.7599792480469,15541605,0.0,0.0,KOTAKBANK
2022-05-20,360.2502836195592,365.99916857092745,356.95810383193987,363.8607177734375,13248360,0.0,0.0,KOTAKBANK
2022-05-23,368.4061321381125,372.28513238228527,366.2677116505957,368.8636474609375,14130390,0.0,0.0,KOTAKBANK
2022-05-24,369.5897097710169,375.96520807952334,366.57602161879714,374.4931640625,17109500,0.0,0.0,KOTAKBANK
2022-05-25,377.5267699986497,386.2097567070892,375.22920722979853,379.4563293457031,31263010,0.0,0.0,KOTAKBANK
2022-05-26,380.9283371013454,382.330750647416,374.7816116168407,379.6751403808594,24749145,0.0,0.0,KOTAKBANK
2022-05-27,382.13186649115,387.90063299436065,380.540473208205,387.14471435546875,12201835,0.0,0.0,KOTAKBANK
2022-05-30,386.95570510191277,388.2487253249869,377.0692103734361,378.59100341796875,19939000,0.0,0.0,KOTAKBANK
2022-05-31,376.1840500359786,377.18862293794683,363.7016185923116,367.3816833496094,74151530,0.0,0.0,KOTAKBANK
2022-06-01,366.019027385727,372.7824103156651,365.0940409328322,371.0119934082031,11913225,0.0,0.0,KOTAKBANK
2022-06-02,367.65021907013215,373.7770326896127,367.2125851896978,369.530029296875,13321505,0.0,0.0,KOTAKBANK
2022-06-03,373.77704134649485,373.77704134649485,368.6249327795923,369.7289733886719,9076875,0.0,0.0,KOTAKBANK
2022-06-06,367.0136795257457,373.3792223682689,366.6456760857307,371.8475036621094,12940485,0.0,0.0,KOTAKBANK
2022-06-07,370.79320148123065,370.9921370204175,364.4276588201734,369.6295166015625,8558195,0.0,0.0,KOTAKBANK
2022-06-08,369.9975425536656,373.9958921669756,365.7704200916949,367.1131591796875,7328080,0.0,0.0,KOTAKBANK
2022-06-09,365.77041922401224,372.5537147728642,363.5723240479268,371.0319519042969,6404340,0.0,0.0,KOTAKBANK
2022-06-10,366.01909264788287,368.8438015683123,354.889324875244,356.43096923828125,14299750,0.0,0.0,KOTAKBANK
2022-06-13,346.72350095209146,348.63314864205705,341.87972089733887,345.5995788574219,11747225,0.0,0.0,KOTAKBANK
2022-06-14,345.2514234352332,347.8473894028668,342.4665081761817,346.0670166015625,7755235,0.0,0.0,KOTAKBANK
2022-06-15,345.72886263715884,348.1159372792708,343.9186524785144,345.4602966308594,8850845,0.0,0.0,KOTAKBANK
2022-06-16,346.52455423301484,348.8221170581993,332.2020756068528,333.3558349609375,14866460,0.0,0.0,KOTAKBANK
2022-06-17,330.4118191945917,334.9273590621317,327.9451578113749,332.9182434082031,15819320,0.0,0.0,KOTAKBANK
2022-06-20,332.91822977338427,336.1507352789339,328.6214767089068,334.0321960449219,8837885,0.0,0.0,KOTAKBANK
2022-06-21,336.18054610041963,339.96007856022777,332.70934248243935,334.48968505859375,12518015,0.0,0.0,KOTAKBANK
2022-06-22,331.2074830665551,333.36581545580594,328.8204081781777,332.1424255371094,8859625,0.0,0.0,KOTAKBANK
2022-06-23,333.1966867924542,337.1751546944536,327.98490355389134,335.00689697265625,12454005,0.0,0.0,KOTAKBANK
2022-06-24,338.1697861954674,341.13375583695773,336.210389455438,337.85150146484375,8088605,0.0,0.0,KOTAKBANK
2022-06-27,341.59125094189534,342.12835259885986,335.185915295521,336.4888610839844,10640560,0.0,0.0,KOTAKBANK
2022-06-28,335.16601604136895,336.6479855188294,331.14775524064305,331.9633483886719,13997215,0.0,0.0,KOTAKBANK
2022-06-29,328.2236221613607,330.00399515625173,325.5779372009364,326.72174072265625,14664150,0.0,0.0,KOTAKBANK
2022-06-30,324.642992739299,333.57466460188465,324.4440875451472,330.4316711425781,19910320,0.0,0.0,KOTAKBANK
2022-07-01,327.2290210055732,334.0918728222632,325.43872239367306,331.7545166015625,11502570,0.0,0.0,KOTAKBANK
2022-07-04,331.5157611394929,335.0765066890569,330.2227712927592,332.3810729980469,9343905,0.0,0.0,KOTAKBANK
2022-07-05,333.1966987871508,337.1353736529937,329.6061459459251,330.8195495605469,13210485,0.0,0.0,KOTAKBANK
2022-07-06,334.58913463077516,340.6364226615149,332.40099556111693,339.0649108886719,27864745,0.0,0.0,KOTAKBANK
2022-07-07,341.75040290448584,346.9223930264277,341.36248770985685,345.8283386230469,15850325,0.0,0.0,KOTAKBANK
2022-07-08,349.11057752601494,349.39902496363646,344.5751262975309,347.0716247558594,8890745,0.0,0.0,KOTAKBANK
2022-07-11,346.72348822753844,347.51916967693927,343.7794304407935,346.3753662109375,7665895,0.0,0.0,KOTAKBANK
2022-07-12,342.44665669010215,345.9278165533318,340.546964732791,341.9394226074219,9144160,0.0,0.0,KOTAKBANK
2022-07-13,342.9439019970839,347.31028484702614,342.82455282316926,346.53448486328125,18067340,0.0,0.0,KOTAKBANK
2022-07-14,346.1267422975466,353.48690258608644,345.5399218653582,352.1044006347656,32854910,0.0,0.0,KOTAKBANK
2022-07-15,352.55194946476377,356.0729023049161,352.0944341227383,355.6153869628906,11668660,0.0,0.0,KOTAKBANK
2022-07-18,358.06208710369646,368.00825618991024,356.91828372944167,367.1429443359375,15585190,0.0,0.0,KOTAKBANK
2022-07-19,365.0244212146028,368.4061127791733,363.64188908238015,365.01446533203125,14475875,0.0,0.0,KOTAKBANK
2022-07-20,367.2623092160835,368.008271929454,361.6626109245207,363.58221435546875,12857345,0.0,0.0,KOTAKBANK
2022-07-21,363.03520042738677,363.03520042738677,355.6352476123288,358.1715087890625,10933370,0.0,0.0,KOTAKBANK
2022-07-22,358.2610401632573,366.4168810011933,356.01319612668755,363.45294189453125,16747900,0.0,0.0,KOTAKBANK
2022-07-25,361.2449208018858,367.7696061511913,355.09816443072594,357.1769104003906,9432575,0.0,0.0,KOTAKBANK
2022-07-26,356.2718146169239,357.0575401772753,348.51378395572556,350.4234619140625,9012235,0.0,0.0,KOTAKBANK
2022-07-27,350.3339320679305,350.3339320679305,344.60492883992504,348.9315185546875,17398225,0.0,0.0,KOTAKBANK
2022-07-28,353.0492678230901,364.3978522713075,351.0998268584387,363.7314758300781,10772005,0.0,0.0,KOTAKBANK
2022-07-29,365.55160278559475,369.3808844947039,358.7882189940722,360.1210021972656,11939990,0.0,0.0,KOTAKBANK
2022-08-01,361.0459769954274,370.3953708800204,360.4492007148571,369.152099609375,8277685,0.0,0.0,KOTAKBANK
2022-08-02,368.34645540132647,376.5620015179613,364.86529590828485,374.89105224609375,16788030,0.0,0.0,KOTAKBANK
2022-08-03,372.9813799250521,373.9362037587356,366.01906083311786,368.22711181640625,12678395,0.0,0.0,KOTAKBANK
2022-08-04,369.3211788585786,369.79857557583404,360.8967719479315,365.1338195800781,11805930,0.0,0.0,KOTAKBANK
2022-08-05,366.9639658584076,368.0083016000054,362.5677452243813,364.8056335449219,8322855,0.0,0.0,KOTAKBANK
2022-08-08,364.0298015033775,367.90880151431077,361.4039982016378,366.9141845703125,7779625,0.0,0.0,KOTAKBANK
2022-08-10,367.61043651062255,367.8590907519916,362.249436497122,363.70159912109375,8286635,0.0,0.0,KOTAKBANK
2022-08-11,368.0307647002936,369.5534435518959,364.84609258814714,368.9264831542969,13891690,0.22,0.0,KOTAKBANK
2022-08-12,370.22029276455584,370.22029276455584,365.5427661643298,366.478271484375,6982610,0.0,0.0,KOTAKBANK
2022-08-16,368.3194106587152,370.5785395840862,365.9507922024572,367.5033264160156,6568120,0.0,0.0,KOTAKBANK
2022-08-17,369.0259592275187,369.0259592275187,364.4778466864264,366.1796569824219,16916670,0.0,0.0,KOTAKBANK
2022-08-18,366.04033503870164,380.57049083823404,364.6470390845709,379.0776672363281,18306580,0.0,0.0,KOTAKBANK
2022-08-19,381.96377932152046,386.6313434552458,372.4097327534497,373.6039733886719,22819530,0.0,0.0,KOTAKBANK
2022-08-22,363.64190379057834,365.84132213226115,360.5268735794904,364.6570129394531,20813785,0.0,0.0,KOTAKBANK
2022-08-23,363.0547023712005,372.0116443412621,362.25854190026956,369.37432861328125,11071500,0.0,0.0,KOTAKBANK
2022-08-24,368.4288780265987,372.9969146153428,366.51805044785567,371.73297119140625,7078125,0.0,0.0,KOTAKBANK
2022-08-25,373.2257966034015,379.2667634460714,369.45395080903455,371.9618835449219,11022045,0.0,0.0,KOTAKBANK
2022-08-26,372.67847291564783,383.5561746437193,371.9917715635153,378.5900573730469,16715440,0.0,0.0,KOTAKBANK
2022-08-29,369.82220980636777,373.7931112631652,367.2346425649282,368.2298583984375,18198365,0.0,0.0,KOTAKBANK
2022-08-30,371.1855937975037,382.16282154525584,369.6230978889877,381.2571716308594,19429250,0.0,0.0,KOTAKBANK
2022-09-01,373.2059085276169,383.25759373827566,373.2059085276169,378.749267578125,21039210,0.0,0.0,KOTAKBANK
2022-09-02,381.5557729784031,383.95421615867747,379.057771779325,381.9339294433594,16656880,0.0,0.0,KOTAKBANK
2022-09-05,380.3715028652096,389.5274702900723,380.3715028652096,385.7257385253906,19033850,0.0,0.0,KOTAKBANK
2022-09-06,387.12899513121886,388.12421095900396,380.17244621390563,381.3070068359375,13839270,0.0,0.0,KOTAKBANK
2022-09-07,378.18199671563207,381.18753743997337,375.3356941608127,379.8240966796875,9881290,0.0,0.0,KOTAKBANK
2022-09-08,382.18273854491804,385.74562791155824,380.570493901335,384.1632385253906,12060915,0.0,0.0,KOTAKBANK
2022-09-09,388.1341392037896,388.2734839859619,381.4661815867871,383.4267578125,14089865,0.0,0.0,KOTAKBANK
2022-09-12,383.1580396611153,386.9398471247259,381.71496476571065,382.958984375,7418405,0.0,0.0,KOTAKBANK
2022-09-13,384.7504272737032,386.14372329374703,382.1927154255949,382.839599609375,7922905,0.0,0.0,KOTAKBANK
2022-09-14,376.5896273166336,393.6675329405794,376.5896273166336,389.06964111328125,18712145,0.0,0.0,KOTAKBANK
2022-09-15,391.61738069344796,395.5385330086431,382.75996697571253,384.9792785644531,18737490,0.0,0.0,KOTAKBANK
2022-09-16,383.40689031995316,394.1054602639882,380.1923323239315,384.2130126953125,25844110,0.0,0.0,KOTAKBANK
2022-09-19,382.7798969607763,386.1437312314717,379.6847903944681,384.05377197265625,8379560,0.0,0.0,KOTAKBANK
2022-09-20,386.93987271605215,390.46294498660785,384.7504162818407,386.0939636230469,8063650,0.0,0.0,KOTAKBANK
2022-09-21,383.5561675034917,388.1341663086266,377.86353184943545,381.86431884765625,11191380,0.0,0.0,KOTAKBANK
2022-09-22,379.28667209127826,383.07847216246375,374.4399760924975,376.7389221191406,9286135,0.0,0.0,KOTAKBANK
2022-09-23,372.230590327387,375.93279419636343,366.6175891934018,370.7576904296875,13068795,0.0,0.0,KOTAKBANK
2022-09-26,365.4432531722657,369.822196609127,361.5917425219027,364.0499267578125,11425880,0.0,0.0,KOTAKBANK
2022-09-27,364.68684194962646,365.2143050534666,356.6952611282902,358.1383056640625,13700720,0.0,0.0,KOTAKBANK
2022-09-28,356.2872472661903,359.87003012865694,353.3214933244533,356.80474853515625,8855585,0.0,0.0,KOTAKBANK
2022-09-29,358.6757602923851,360.2681116113914,350.2662051918047,351.3708801269531,13998135,0.0,0.0,KOTAKBANK
2022-09-30,351.90827471590063,363.5423485834662,349.8581328203955,362.0992736816406,14023265,0.0,0.0,KOTAKBANK
2022-10-03,359.87000608372364,360.86522179171425,352.96320664054286,355.07305908203125,12200320,0.0,0.0,KOTAKBANK
2022-10-04,359.8700194335527,363.81106527935316,358.67574839103173,362.7063903808594,8344610,0.0,0.0,KOTAKBANK
2022-10-06,363.2537457185586,366.23939294364266,360.63632345844974,362.0395812988281,8740755,0.0,0.0,KOTAKBANK
2022-10-07,360.3676200832779,364.24895533631735,358.7155583352511,363.3333435058594,5319220,0.0,0.0,KOTAKBANK
2022-10-10,358.496648453172,362.60689470148174,357.19291814212255,359.9197998046875,5188610,0.0,0.0,KOTAKBANK
2022-10-11,360.23827476205844,360.23827476205844,354.95368114090854,355.8692626953125,7483590,0.0,0.0,KOTAKBANK
2022-10-12,355.88919210113573,360.86527132410583,354.3366578132953,360.3079528808594,5175590,0.0,0.0,KOTAKBANK
2022-10-13,359.2728961038631,361.44245921220977,356.8843843093436,358.57623291015625,5864895,0.0,0.0,KOTAKBANK
2022-10-14,363.8508947864882,369.82218945900746,362.7561513555446,365.0451354980469,8351190,0.0,0.0,KOTAKBANK
2022-10-17,363.86083225712116,370.6581731455305,362.3082980465383,369.85205078125,5521415,0.0,0.0,KOTAKBANK
2022-10-18,371.70309461635867,373.385011545339,369.244910671816,370.1605224609375,8049290,0.0,0.0,KOTAKBANK
2022-10-19,372.0116569499521,373.69357409550645,369.22506483567184,372.0813293457031,4566430,0.0,0.0,KOTAKBANK
2022-10-20,370.2202546949917,374.7882912897845,369.294711347432,370.9268493652344,7955535,0.0,0.0,KOTAKBANK
2022-10-21,372.21068460889296,383.15805768562507,371.47423468445277,378.7094421386719,19709855,0.0,0.0,KOTAKBANK
2022-10-24,378.67959376432424,381.1676331451674,376.1915543834811,377.34600830078125,3245405,0.0,0.0,KOTAKBANK
2022-10-25,380.3714847415616,380.49090577617324,366.63748870128916,367.5531005859375,17558250,0.0,0.0,KOTAKBANK
2022-10-27,374.93758190419254,375.7934832651663,368.1203781327098,371.2154846191406,22967460,0.0,0.0,KOTAKBANK
2022-10-28,373.0068476132822,377.1569106171355,372.41967397062587,375.04705810546875,15243435,0.0,0.0,KOTAKBANK
2022-10-31,377.9828949115144,380.5704616976675,375.99246359471533,378.5700988769531,9371740,0.0,0.0,KOTAKBANK
2022-11-01,379.7743415293489,386.44226892367004,378.8587296631866,380.01318359375,12727085,0.0,0.0,KOTAKBANK
2022-11-02,381.91403446323767,382.1628383944841,377.6843676320487,380.1624450683594,9320405,0.0,0.0,KOTAKBANK
2022-11-03,379.13739641691535,380.7695648803786,376.90812278055137,378.21185302734375,7959355,0.0,0.0,KOTAKBANK
2022-11-04,379.3762911418969,379.7743714044055,377.04745934448863,378.17205810546875,10407065,0.0,0.0,KOTAKBANK
2022-11-07,379.77434101082355,380.17242124147344,372.5391029802787,374.7186279296875,13123005,0.0,0.0,KOTAKBANK
2022-11-09,377.783928561535,378.89856541226635,374.34049035375926,376.8683166503906,11613170,0.0,0.0,KOTAKBANK
2022-11-10,377.1867591549145,381.16762204837005,376.5299131329055,380.600341796875,12550620,0.0,0.0,KOTAKBANK
2022-11-11,384.75043049377655,384.9295620468009,376.3707001783643,378.00286865234375,17120150,0.0,0.0,KOTAKBANK
2022-11-14,378.7492830164823,383.8945316770289,378.38105803117764,382.7201843261719,10711335,0.0,0.0,KOTAKBANK
2022-11-15,383.1580793426689,384.81014119948867,377.2464951173702,380.650146484375,9951460,0.0,0.0,KOTAKBANK
2022-11-16,380.9685753760002,391.8463065609155,380.95864387121185,391.2989196777344,32188255,0.0,0.0,KOTAKBANK
2022-11-17,390.88096799796034,391.11981007146613,386.79061525971866,388.2436218261719,12043355,0.0,0.0,KOTAKBANK
2022-11-18,390.31366285398497,397.5986493478992,387.7161339836678,390.0350036621094,21360200,0.0,0.0,KOTAKBANK
2022-11-21,389.03977501156305,389.03977501156305,384.71058061910276,386.95977783203125,5963050,0.0,0.0,KOTAKBANK
2022-11-22,388.9004489648231,388.9004489648231,384.1731741368724,386.0939636230469,5833775,0.0,0.0,KOTAKBANK
2022-11-23,388.2337145415039,390.42317121891045,387.2683539387578,388.8009948730469,12502815,0.0,0.0,KOTAKBANK
2022-11-24,389.02982892426394,389.38812238593863,384.7603448711213,387.10906982421875,7002105,0.0,0.0,KOTAKBANK
2022-11-25,387.9351232790591,387.9351232790591,382.1628835408747,383.8348388671875,10487705,0.0,0.0,KOTAKBANK
2022-11-28,381.36666732461225,386.7308641394282,381.36666732461225,383.7850341796875,7822520,0.0,0.0,KOTAKBANK
2022-11-29,384.4717499966087,385.9446498464567,382.80972635582947,383.26751708984375,6817525,0.0,0.0,KOTAKBANK
2022-11-30,385.9446534115224,389.12935594125696,381.3666852859434,387.5469665527344,14753670,0.0,0.0,KOTAKBANK
2022-12-01,389.1293322640689,390.47287951116215,383.7253183916251,385.0091247558594,12355025,0.0,0.0,KOTAKBANK
2022-12-02,381.5856489902838,385.1286147490492,381.5856489902838,384.3125305175781,7954840,0.0,0.0,KOTAKBANK
2022-12-05,386.5417997722071,386.9299485016449,382.16285644970264,385.835205078125,6227545,0.0,0.0,KOTAKBANK
2022-12-06,382.2723357514664,386.76076883864437,382.2723357514664,385.1982727050781,6833490,0.0,0.0,KOTAKBANK
2022-12-07,384.6509096160344,384.6509096160344,379.27675032960815,380.4610595703125,11811400,0.0,0.0,KOTAKBANK
2022-12-08,377.96305624915834,379.1374036069008,373.6239299287231,377.5848693847656,63099190,0.0,0.0,KOTAKBANK
2022-12-09,380.96857794744955,381.5159648343254,374.05184668980974,375.80340576171875,13242275,0.0,0.0,KOTAKBANK
2022-12-12,371.21550031286347,374.141437249077,370.8174200597655,371.3647766113281,16407235,0.0,0.0,KOTAKBANK
2022-12-13,370.9666727764429,372.5590240591879,369.86199786645034,371.9121398925781,34697825,0.0,0.0,KOTAKBANK
2022-12-14,372.42962177346556,373.3949822207101,370.96665347447794,372.8476257324219,18735705,0.0,0.0,KOTAKBANK
2022-12-15,373.3153926950209,374.5594124734638,369.20517685916985,370.85723876953125,10208995,0.0,0.0,KOTAKBANK
2022-12-16,369.16532394910024,369.6131831745716,365.2839886907856,366.3488464355469,12439140,0.0,0.0,KOTAKBANK
2022-12-19,366.34887174479576,371.01643625339926,366.33894023951655,369.85205078125,8568235,0.0,0.0,KOTAKBANK
2022-12-20,367.23458394378264,370.60837965918176,365.19440395939046,367.652587890625,7052930,0.0,0.0,KOTAKBANK
2022-12-21,370.3197891785324,370.4093549520552,360.06904866057704,361.1837158203125,11914345,0.0,0.0,KOTAKBANK
2022-12-22,363.45277601546786,365.244152078669,362.0594497756758,363.46270751953125,8570465,0.0,0.0,KOTAKBANK
2022-12-23,361.4523964787356,366.07018158418595,360.6562360586289,362.64666748046875,10510630,0.0,0.0,KOTAKBANK
2022-12-26,362.64671715106033,363.4727329407684,357.1232509759788,360.9747314453125,23733690,0.0,0.0,KOTAKBANK
2022-12-27,362.78598416321296,363.8409103936818,359.67095410903545,362.4376525878906,7741430,0.0,0.0,KOTAKBANK
2022-12-28,363.1343131691583,364.527609089016,361.31305141155207,362.2784118652344,9521340,0.0,0.0,KOTAKBANK
2022-12-29,361.1438718053279,362.25850851052405,358.47670106481235,362.00970458984375,10772450,0.0,0.0,KOTAKBANK
2022-12-30,363.2736637582969,365.841337554242,362.7163453348436,363.7016296386719,13463440,0.0,0.0,KOTAKBANK
2023-01-02,363.8110588940419,364.84609175462236,361.5519301265146,363.2637023925781,5625005,0.0,0.0,KOTAKBANK
2023-01-03,362.70640108011605,365.5427417395159,362.4575971365494,364.8162536621094,8317240,0.0,0.0,KOTAKBANK
2023-01-04,365.224283954593,365.224283954593,361.05432756563965,362.4078063964844,8320520,0.0,0.0,KOTAKBANK
2023-01-05,362.258526790437,364.8062766370394,359.5017901439577,362.3182373046875,8663090,0.0,0.0,KOTAKBANK
2023-01-06,363.4528175695142,363.4528175695142,352.43577151798894,355.6502990722656,18998275,0.0,0.0,KOTAKBANK
2023-01-09,358.47673814595487,361.46238550295647,356.0881959630932,360.64630126953125,17134340,0.0,0.0,KOTAKBANK
2023-01-10,359.979504452864,361.46239667200024,356.06831358351576,357.3919372558594,7370655,0.0,0.0,KOTAKBANK
2023-01-11,358.2777100493843,359.10372585072616,355.1129308997934,358.64593505859375,8018505,0.0,0.0,KOTAKBANK
2023-01-12,359.6709830270763,359.6709830270763,352.7841067186629,354.1972961425781,17648025,0.0,0.0,KOTAKBANK
2023-01-13,354.1972986919501,355.7498329170017,350.1169078198218,354.3565368652344,19915985,0.0,0.0,KOTAKBANK
2023-01-16,355.6901251702533,358.0786370449782,354.2968291076284,355.2522277832031,10590805,0.0,0.0,KOTAKBANK
2023-01-17,354.296825952869,358.66583790744204,353.62008649584516,357.8099365234375,10661970,0.0,0.0,KOTAKBANK
2023-01-18,358.8648464595026,363.65183182478114,357.4815123493833,358.0985412597656,14176160,0.0,0.0,KOTAKBANK
2023-01-19,358.9743341176344,358.9743341176344,351.31116067385256,351.7689514160156,22128220,0.0,0.0,KOTAKBANK
2023-01-20,354.07786052746764,354.07786052746764,349.7188106558413,350.8931579589844,21351470,0.0,0.0,KOTAKBANK
2023-01-23,356.2872325573756,358.2079916336608,352.30636962377366,355.043212890625,38823135,0.0,0.0,KOTAKBANK
2023-01-24,356.82466299962135,356.82466299962135,348.0767080655695,350.3656921386719,20795940,0.0,0.0,KOTAKBANK
2023-01-25,349.71884936125537,350.395588861195,344.9418253514041,348.2857360839844,21401665,0.0,0.0,KOTAKBANK
2023-01-27,348.7435364790762,348.7435364790762,339.16953490288086,340.9808349609375,37584895,0.0,0.0,KOTAKBANK
2023-01-30,340.98081381424754,344.46406892299177,335.15879562960305,343.5982360839844,24697780,0.0,0.0,KOTAKBANK
2023-01-31,344.44417352360773,346.05641816218497,340.97084993999823,344.543701171875,21926920,0.0,0.0,KOTAKBANK
2023-02-01,347.33027935994073,355.09294967265123,342.5034771397931,347.27056884765625,18260490,0.0,0.0,KOTAKBANK
2023-02-02,342.35421852352437,351.90829581244924,342.35421852352437,350.6642761230469,20922350,0.0,0.0,KOTAKBANK
2023-02-03,352.4258157750796,355.03327632301045,347.3701328525022,354.3565368652344,13376060,0.0,0.0,KOTAKBANK
2023-02-06,353.30160809472227,353.94849228874955,346.3350975125728,347.7283935546875,15201045,0.0,0.0,KOTAKBANK
2023-02-07,348.76340978259924,354.29680692164965,347.73833877518894,353.3811950683594,18215935,0.0,0.0,KOTAKBANK
2023-02-08,354.05795249537726,354.2967945480793,350.5348803601564,351.4106750488281,7233450,0.0,0.0,KOTAKBANK
2023-02-09,351.8983305073028,353.34140548157865,347.9174675400029,352.4855041503906,10819125,0.0,0.0,KOTAKBANK
2023-02-10,351.88837042589654,354.0281085789939,351.3111586561864,352.71441650390625,7229710,0.0,0.0,KOTAKBANK
2023-02-13,353.3215101191972,355.18258921807455,350.6443771288478,353.0627746582031,11945710,0.0,0.0,KOTAKBANK
2023-02-14,352.30636520801374,353.69966114299626,351.0623455568555,352.37603759765625,8074465,0.0,0.0,KOTAKBANK
2023-02-15,351.99788149568485,356.2872591976398,350.3657129925123,355.3915710449219,12046460,0.0,0.0,KOTAKBANK
2023-02-16,357.08338340924917,359.0539214422479,355.00338622687036,355.8791809082031,11458010,0.0,0.0,KOTAKBANK
2023-02-17,354.9138245357971,356.56588627246185,348.5344881380718,350.1666564941406,12939545,0.0,0.0,KOTAKBANK
2023-02-20,351.9182084081291,351.9182084081291,344.3645249045393,345.7976379394531,16124195,0.0,0.0,KOTAKBANK
2023-02-21,347.33029051227356,347.33029051227356,343.359389459991,344.38446044921875,14684670,0.0,0.0,KOTAKBANK
2023-02-22,343.140451457137,343.56838694608433,337.9752792170146,338.4828186035156,17695745,0.0,0.0,KOTAKBANK
2023-02-23,339.8462877998815,341.11020087812113,335.9350667905672,339.7965087890625,13850550,0.0,0.0,KOTAKBANK
2023-02-24,340.96092960281453,343.20016509008576,337.1790914458114,337.8359375,10401815,0.0,0.0,KOTAKBANK
2023-02-27,338.0350015537385,344.3048489317749,336.5421778569131,343.5385437011719,11718990,0.0,0.0,KOTAKBANK
2023-02-28,343.53852749495024,346.61374052075024,342.68262615592755,344.19537353515625,21975490,0.0,0.0,KOTAKBANK
2023-03-01,344.1953944554766,348.44495503649176,343.54851025236593,347.3104248046875,28066930,0.0,0.0,KOTAKBANK
2023-03-02,345.4592950761255,347.59900291878876,341.9561464807003,342.6925964355469,20599675,0.0,0.0,KOTAKBANK
2023-03-03,344.74272858990554,351.3111585925802,342.33432349092186,348.5245666503906,18131345,0.0,0.0,KOTAKBANK
2023-03-06,349.57949291218915,351.23155469633525,346.6237009295642,348.5245666503906,25934230,0.0,0.0,KOTAKBANK
2023-03-08,345.53890039303974,347.19093171468984,343.7176386686939,346.3748779296875,26013040,0.0,0.0,KOTAKBANK
2023-03-09,346.19575215869196,347.2407469672578,341.1002521435,341.6973876953125,34641580,0.0,0.0,KOTAKBANK
2023-03-10,339.76664954163454,341.06044823411844,336.78100230423604,338.2340087890625,24380720,0.0,0.0,KOTAKBANK
2023-03-13,338.1743171150544,343.0110817023337,331.6457038886011,333.1783447265625,44894690,0.0,0.0,KOTAKBANK
2023-03-14,332.99917526297463,333.9048251835994,327.1274087783737,328.0728454589844,70694930,0.0,0.0,KOTAKBANK
2023-03-15,332.00401993403494,335.9848834095711,330.7301448367265,331.5959777832031,23461815,0.0,0.0,KOTAKBANK
2023-03-16,332.4020925606029,334.16361367423707,328.06296605044435,331.1182556152344,18160315,0.0,0.0,KOTAKBANK
2023-03-17,334.3129050442043,339.6074300200984,332.6309879117502,336.9999694824219,44641505,0.0,0.0,KOTAKBANK
2023-03-20,335.7857555131277,338.9604958784312,334.60144645539646,338.30364990234375,22319685,0.0,0.0,KOTAKBANK
2023-03-21,339.876130667996,340.75192536210915,336.78099398182684,339.7367858886719,9025900,0.0,0.0,KOTAKBANK
2023-03-22,340.36382862943117,341.0007813666274,336.80096916692156,339.3984680175781,16630495,0.0,0.0,KOTAKBANK
2023-03-23,338.20416781084754,338.37336785826994,333.39728891917775,334.3327941894531,28210755,0.0,0.0,KOTAKBANK
2023-03-24,333.6062864140959,340.1548235157361,333.39729959600254,336.8108825683594,27403045,0.0,0.0,KOTAKBANK
2023-03-27,338.5027362577921,340.9310651056874,336.9999507637097,339.40838623046875,14186020,0.0,0.0,KOTAKBANK
2023-03-28,340.1547816982935,340.3239513587608,335.4772557721607,338.1543884277344,11858260,0.0,0.0,KOTAKBANK
2023-03-29,338.3932455173619,343.74751106649984,337.37813639471966,342.5632019042969,14105000,0.0,0.0,KOTAKBANK
2023-03-31,343.44898830513733,346.4644910490091,342.5533001342839,344.9119567871094,17828775,0.0,0.0,KOTAKBANK
2023-04-03,345.1408337845443,348.7634339430532,344.98162598053597,347.46966552734375,12184330,0.0,0.0,KOTAKBANK
2023-04-05,347.3303022179114,350.2562389986995,346.1459930270413,348.7037048339844,12631750,0.0,0.0,KOTAKBANK
2023-04-06,348.32551925776164,350.6045718735177,346.2057048096839,349.7387390136719,7786775,0.0,0.0,KOTAKBANK
2023-04-10,349.7487002142291,351.9083319804845,348.2558764335185,350.1766357421875,6265855,0.0,0.0,KOTAKBANK
2023-04-11,367.6725173939172,370.021212038481,363.452812237745,367.5331726074219,46468815,0.0,0.0,KOTAKBANK
2023-04-12,366.6374596253704,368.41890424125245,364.54750057068304,367.0455017089844,17043565,0.0,0.0,KOTAKBANK
2023-04-13,365.8413282469806,373.06657418564106,364.4480322237937,372.1111755371094,14620580,0.0,0.0,KOTAKBANK
2023-04-17,375.98258641130496,380.9288101630247,363.4727164886682,377.2166442871094,51771495,0.0,0.0,KOTAKBANK
2023-04-18,378.3710745384327,379.0975929622421,375.37546544277734,375.8531799316406,14863605,0.0,0.0,KOTAKBANK
2023-04-19,375.8531614998291,375.86312337564215,373.43479465992687,375.1764221191406,9383280,0.0,0.0,KOTAKBANK
2023-04-20,375.05702497349466,378.85875675210707,372.6187644008615,374.997314453125,11613885,0.0,0.0,KOTAKBANK
2023-04-21,374.59922099852196,378.9085224200619,373.63386045778043,376.9180908203125,8356705,0.0,0.0,KOTAKBANK
2023-04-24,376.2313552424277,378.58004973798694,373.71346071279766,377.6346130371094,10087030,0.0,0.0,KOTAKBANK
2023-04-25,378.58007213132305,379.5752878994767,373.60399329055497,376.0522155761719,23692095,0.0,0.0,KOTAKBANK
2023-04-26,373.7035366584974,377.0673709557811,370.8870892796646,373.9224853515625,15797590,0.0,0.0,KOTAKBANK
2023-04-27,373.58410391734213,380.7695630553709,373.57414204064975,379.8937683105469,25306465,0.0,0.0,KOTAKBANK
2023-04-28,379.376278115227,386.8005795380241,377.405739881843,385.7555847167969,21838060,0.0,0.0,KOTAKBANK
2023-05-02,381.76479384320265,385.63616758184156,376.1915791883197,382.39178466796875,23028855,0.0,0.0,KOTAKBANK
2023-05-03,381.96379646469353,384.91958848617867,380.7098452600095,384.3423767089844,17245035,0.0,0.0,KOTAKBANK
2023-05-04,384.14332267662024,388.3530962882624,382.5111846183698,387.65643310546875,17257895,0.0,0.0,KOTAKBANK
2023-05-05,388.5620957607759,392.91118392780305,381.26717734301224,383.89453125,17421090,0.0,0.0,KOTAKBANK
2023-05-08,385.3276237881355,391.8164498652944,382.36190031409217,389.8956604003906,19354705,0.0,0.0,KOTAKBANK
2023-05-09,391.08991113467675,392.11498208109185,387.76589437279125,388.989990234375,18115375,0.0,0.0,KOTAKBANK
2023-05-10,390.1245800268858,390.9207404905556,384.48169327371824,389.8658142089844,19562195,0.0,0.0,KOTAKBANK
2023-05-11,392.1150264647,394.10545807111976,388.5023882395959,389.716552734375,22059120,0.0,0.0,KOTAKBANK
2023-05-12,388.9303263963195,391.7169488872434,386.8702527520336,390.2440185546875,16085405,0.0,0.0,KOTAKBANK
2023-05-15,389.5373871211534,393.5082881098749,388.61184379426805,392.7121276855469,14858460,0.0,0.0,KOTAKBANK
2023-05-16,393.7073544384101,393.7073544384101,385.74562848564784,387.5469665527344,22847485,0.0,0.0,KOTAKBANK
2023-05-17,388.094312994736,388.3132616676196,377.2962163771304,380.0032043457031,27410085,0.0,0.0,KOTAKBANK
2023-05-18,382.9590029224524,384.87979237461775,380.4112530689611,383.6357727050781,20726140,0.0,0.0,KOTAKBANK
2023-05-19,384.1532980054613,387.5071703850724,382.8595296167676,386.4721374511719,19734635,0.0,0.0,KOTAKBANK
2023-05-22,387.1389313421356,388.63175498484304,382.88937097299527,386.18353271484375,17004400,0.0,0.0,KOTAKBANK
2023-05-23,386.1835227696391,386.1835227696391,381.16762695527314,382.4613952636719,21677620,0.0,0.0,KOTAKBANK
2023-05-24,382.55100381928645,386.14371816509544,377.66449075152576,380.2420959472656,17787685,0.0,0.0,KOTAKBANK
2023-05-25,381.7647607414115,384.8598670885375,379.68476350681834,384.143310546875,29833785,0.0,0.0,KOTAKBANK
2023-05-26,388.1241566831277,388.1241566831277,382.85948755789923,387.14886474609375,16477060,0.0,0.0,KOTAKBANK
2023-05-29,390.74159535560244,392.7718439504146,387.78580342035156,388.7710876464844,18877545,0.0,0.0,KOTAKBANK
2023-05-30,389.69663440910006,393.92630130201746,388.60189102132426,393.0505065917969,37148525,0.0,0.0,KOTAKBANK
2023-05-31,395.0906924255304,410.90468533350423,388.9104110977948,400.94256591796875,442990630,0.0,0.0,KOTAKBANK
2023-06-01,391.7169223672431,393.9362340354652,383.1580609064466,384.1632385253906,29837160,0.0,0.0,KOTAKBANK
2023-06-02,387.12895524132875,388.40283015477013,383.75518972599104,385.8948974609375,17790360,0.0,0.0,KOTAKBANK
2023-06-05,387.13894011307946,388.43270848410737,382.61072044290626,383.13818359375,12029545,0.0,0.0,KOTAKBANK
2023-06-06,385.12863720734566,391.3984848590237,384.1831700094619,389.9355163574219,20564205,0.0,0.0,KOTAKBANK
2023-06-07,392.5131188129785,392.5131188129785,385.34758303189705,386.0243225097656,15502070,0.0,0.0,KOTAKBANK
2023-06-08,385.52666435331446,385.52666435331446,374.11153901125186,375.494873046875,27458070,0.0,0.0,KOTAKBANK
2023-06-09,370.61836353545834,377.72421903490465,370.35962807615783,372.6087951660156,70984620,0.0,0.0,KOTAKBANK
2023-06-12,373.17603247904026,374.99726384769593,371.1059971852278,374.0916442871094,14075865,0.0,0.0,KOTAKBANK
2023-06-13,373.2755962038627,374.79827515814,368.6279250692024,369.4141540527344,47809135,0.0,0.0,KOTAKBANK
2023-06-14,369.4141472525886,371.8026590466829,367.5132814710571,371.14581298828125,27892715,0.0,0.0,KOTAKBANK
2023-06-15,371.8026382122114,372.0116250099453,363.99018871442206,364.94561767578125,24190940,0.0,0.0,KOTAKBANK
2023-06-16,365.6323601862222,370.5486984690994,364.8461311725581,369.7027893066406,15988285,0.0,0.0,KOTAKBANK
2023-06-19,370.98656582127404,371.90217767878363,361.8604543618189,363.1641845703125,38049565,0.0,0.0,KOTAKBANK
2023-06-20,362.2585596927323,367.6327190644081,361.3230543890744,367.03558349609375,23114525,0.0,0.0,KOTAKBANK
2023-06-21,367.64266865332496,368.18009368400243,365.46314364335166,367.3440856933594,11995540,0.0,0.0,KOTAKBANK
2023-06-22,367.3440460952974,367.6923776585875,364.32854379131453,365.4631042480469,17141050,0.0,0.0,KOTAKBANK
2023-06-23,364.8460837046731,367.34405447276777,363.0347838315151,363.9603271484375,12920315,0.0,0.0,KOTAKBANK
2023-06-26,364.6371096805517,364.6371096805517,362.2386361017498,362.845703125,11068395,0.0,0.0,KOTAKBANK
2023-06-27,363.7911990469175,367.63271753059365,362.38794109728525,367.1749267578125,10693325,0.0,0.0,KOTAKBANK
2023-06-28,367.4336583042153,367.85163190118647,364.12953480367105,366.3488464355469,26699910,0.0,0.0,KOTAKBANK
2023-06-30,367.8118186530673,368.3392817787227,364.83613331885795,367.5431213378906,19673600,0.0,0.0,KOTAKBANK
2023-07-03,369.4241084318806,370.0212136005955,365.84132556171505,367.025634765625,16042700,0.0,0.0,KOTAKBANK
2023-07-04,368.2298534108767,371.8823088338782,365.4531927689532,370.55865478515625,32877935,0.0,0.0,KOTAKBANK
2023-07-05,370.77756582079957,371.7727815397456,368.8568067724114,371.18560791015625,15595925,0.0,0.0,KOTAKBANK
2023-07-06,370.2202885409198,374.76843217050686,370.03119510360557,373.6637268066406,18271205,0.0,0.0,KOTAKBANK
2023-07-07,372.60876313130126,373.08647761533143,368.32934764215264,368.9264831542969,10382720,0.0,0.0,KOTAKBANK
2023-07-10,368.82695990056095,373.0765201833028,367.2346086397324,371.5936584472656,17187710,0.0,0.0,KOTAKBANK
2023-07-11,373.00686599605274,376.94794239254384,370.87711999837126,371.5339660644531,20483785,0.0,0.0,KOTAKBANK
2023-07-12,373.18598425619285,376.37065618907593,371.79265801576116,373.8229064941406,21775415,0.0,0.0,KOTAKBANK
2023-07-13,375.99251940989444,378.50048267916816,371.50411677688874,372.1510009765625,26326850,0.0,0.0,KOTAKBANK
2023-07-14,372.2305758724178,375.6640822846731,370.2202510344382,372.0116271972656,35659580,0.0,0.0,KOTAKBANK
2023-07-17,372.4495091303522,378.07250206137013,371.5438592102376,377.59478759765625,16649280,0.0,0.0,KOTAKBANK
2023-07-18,377.2564363792065,379.7743309767206,374.0717338750012,376.3607482910156,28978225,0.0,0.0,KOTAKBANK
2023-07-19,377.1469416061386,381.1676216281366,376.50005746098003,379.49566650390625,16888935,0.0,0.0,KOTAKBANK
2023-07-20,378.3810332531509,390.60228122072755,376.7687582560491,389.5075378417969,46527925,0.0,0.0,KOTAKBANK
2023-07-21,388.5123224488885,395.6480022416582,388.2535566395774,392.1548156738281,19248750,0.0,0.0,KOTAKBANK
2023-07-24,388.1341266214448,388.1341266214448,375.83327503302803,377.6346130371094,35165465,0.0,0.0,KOTAKBANK
2023-07-25,378.38102613114717,378.58005105075057,369.5136504860738,373.305419921875,39724580,0.0,0.0,KOTAKBANK
2023-07-26,374.20113262675795,377.7639917494451,373.3352997591215,377.2464904785156,12310365,0.0,0.0,KOTAKBANK
2023-07-27,375.99248809241664,378.69947607449944,370.7278187839964,372.95709228515625,31450005,0.0,0.0,KOTAKBANK
2023-07-28,372.1310825982418,375.35557187463274,370.4392036928217,373.5741271972656,11510165,0.0,0.0,KOTAKBANK
2023-07-31,371.4145417410075,373.20591799877144,368.0606390458019,369.5335693359375,20126035,0.0,0.0,KOTAKBANK
2023-08-01,368.2298583984375,371.36478219967637,367.1152215243594,368.2298583984375,22339710,0.0,0.0,KOTAKBANK
2023-08-02,366.34886744778214,367.8118358642382,361.8703964224972,362.9949951171875,20902255,0.0,0.0,KOTAKBANK
2023-08-03,362.2784047632745,365.015247912461,359.4420643422848,362.9053955078125,35076460,0.0,0.0,KOTAKBANK
2023-08-04,364.34966577593883,367.0987326682345,360.7938431960225,366.2421569824219,27217660,0.3,0.0,KOTAKBANK
2023-08-07,367.5370032406234,367.5370032406234,363.8317509351798,364.857666015625,18541550,0.0,0.0,KOTAKBANK
2023-08-08,364.84768859314613,367.06885807448117,362.96519783529357,364.1504821777344,20448115,0.0,0.0,KOTAKBANK
2023-08-09,365.34570437463,365.34570437463,361.90940112392144,364.8476867675781,13121620,0.0,0.0,KOTAKBANK
2023-08-10,363.7022710799668,365.02701500503025,357.77587948881205,358.7420349121094,25560495,0.0,0.0,KOTAKBANK
2023-08-11,358.1742494279723,358.57265741244777,354.98692475900714,356.86944580078125,21328080,0.0,0.0,KOTAKBANK
2023-08-14,356.3813635630794,359.04079078099835,355.5845476038318,357.3973388671875,16499595,0.0,0.0,KOTAKBANK
2023-08-16,355.9829776794952,356.5507250439042,354.09051686138093,355.8236083984375,9419700,0.0,0.0,KOTAKBANK
2023-08-17,354.986952889173,356.06268796873985,351.20203114185716,351.7398986816406,25658695,0.0,0.0,KOTAKBANK
2023-08-18,350.0266814809334,352.2777002225632,347.91506145578614,348.77166748046875,20566460,0.0,0.0,KOTAKBANK
2023-08-21,348.8115522704337,353.1144013942817,348.38323401698,350.67413330078125,19777340,0.0,0.0,KOTAKBANK
2023-08-22,352.3972380571246,352.99486525043034,350.295618396621,351.221923828125,16644060,0.0,0.0,KOTAKBANK
2023-08-23,352.55662028974575,354.9670389125694,349.40914532615824,354.5985107421875,16691425,0.0,0.0,KOTAKBANK
2023-08-24,356.3813730355914,358.37344338323936,353.8414955009727,354.77777099609375,20618955,0.0,0.0,KOTAKBANK
2023-08-25,352.8355033783596,356.45111605733933,351.9988374488029,354.35943603515625,10216750,0.0,0.0,KOTAKBANK
2023-08-28,354.35946072481187,357.8954042077802,353.52279473696126,356.6503601074219,9902680,0.0,0.0,KOTAKBANK
2023-08-29,357.9650915406616,358.0846108966751,354.3892985593001,355.2060546875,13543460,0.0,0.0,KOTAKBANK
2023-08-30,356.77983601500864,357.1682739533526,351.60044059547874,353.5726013183594,12979480,0.0,0.0,KOTAKBANK
2023-08-31,353.5726125934178,355.3455541657063,349.4689217304074,350.35540771484375,41570050,0.0,0.0,KOTAKBANK
2023-09-01,351.3812891860905,354.50885423810314,349.478858346858,352.8155822753906,13476050,0.0,0.0,KOTAKBANK
2023-09-04,354.070619224841,356.3813978878531,350.0665380930319,351.04266357421875,23488415,0.0,0.0,KOTAKBANK
2023-09-05,351.60040900327596,355.1861416333337,351.2219107816892,352.80560302734375,21286715,0.0,0.0,KOTAKBANK
2023-09-06,352.79567900038666,353.9909029990555,350.64423932688436,352.6562194824219,31101115,0.0,0.0,KOTAKBANK
2023-09-07,353.5925220843046,357.04876569913284,352.05861925210655,356.38140869140625,11040445,0.0,0.0,KOTAKBANK
2023-09-08,357.9750446953828,359.56870709423043,354.897299575878,357.21807861328125,11930910,0.0,0.0,KOTAKBANK
2023-09-11,358.57267058696334,360.86353937930284,357.6264249920594,360.1463928222656,11584510,0.0,0.0,KOTAKBANK
2023-09-12,362.3576150625347,362.3576150625347,357.8555466346625,360.8038024902344,17044830,0.0,0.0,KOTAKBANK
2023-09-13,358.6922180132053,365.74416477528683,358.6922180132053,363.47320556640625,29659350,0.0,0.0,KOTAKBANK
2023-09-14,364.1504639477013,364.8974903246195,361.3615472359248,362.8655700683594,12797115,0.0,0.0,KOTAKBANK
2023-09-15,361.7998119625469,363.24407514378095,360.7639572525648,361.3416442871094,20607700,0.0,0.0,KOTAKBANK
2023-09-18,360.7639558370006,360.9631446358702,357.37741189382024,358.2439880371094,19850560,0.0,0.0,KOTAKBANK
2023-09-20,355.9730517121626,359.2599558704434,353.7319724051757,356.4710693359375,26840715,0.0,0.0,KOTAKBANK
2023-09-21,355.3853350242148,356.7399586560217,348.8115272467296,349.747802734375,23923755,0.0,0.0,KOTAKBANK
2023-09-22,350.2060158241965,352.57658468990496,349.040641154473,349.8972473144531,18550615,0.0,0.0,KOTAKBANK
2023-09-25,351.4012467855096,356.44118304498846,349.9669535009495,355.465087890625,11132835,0.0,0.0,KOTAKBANK
2023-09-26,353.8116209517282,354.9470852606425,349.34937236350896,351.421142578125,18280835,0.0,0.0,KOTAKBANK
2023-09-27,351.40124151451,352.81562501433586,348.6123548344683,351.6303405761719,15021030,0.0,0.0,KOTAKBANK
2023-09-28,351.04267853374546,352.97498941978483,344.4289896461501,345.26568603515625,41315985,0.0,0.0,KOTAKBANK
2023-09-29,347.4170635482368,347.4170635482368,345.21583428028833,345.763671875,17858645,0.0,0.0,KOTAKBANK
2023-10-03,344.62818447315186,345.6242196883922,341.72971834921265,344.04052734375,27674345,0.0,0.0,KOTAKBANK
2023-10-04,341.64008131759095,344.030559772275,340.4448268919575,343.04449462890625,31104895,0.0,0.0,KOTAKBANK
2023-10-05,344.62818697961853,348.01470065674914,342.86521557859083,345.4748229980469,14834005,0.0,0.0,KOTAKBANK
2023-10-06,345.68397400224217,348.01469272212626,344.668029041241,347.39715576171875,9961615,0.0,0.0,KOTAKBANK
2023-10-09,344.6281729460851,345.38516941125425,342.0484454724889,342.49664306640625,9197565,0.0,0.0,KOTAKBANK
2023-10-10,344.1301615714684,352.33748189188174,342.7556281321293,349.8274841308594,16844910,0.0,0.0,KOTAKBANK
2023-10-11,350.61437714225093,354.5785779728416,350.61437714225093,352.8753662109375,17499220,0.0,0.0,KOTAKBANK
2023-10-12,353.59250740101254,353.9710056526697,350.85341051269484,351.371337890625,11919135,0.0,0.0,KOTAKBANK
2023-10-13,349.6083643798891,352.58649997918167,349.0406170058017,351.0028076171875,10619635,0.0,0.0,KOTAKBANK
2023-10-16,350.8036097183429,351.03267836060854,347.90514363776396,348.5625305175781,7899785,0.0,0.0,KOTAKBANK
2023-10-17,349.60836871222557,353.55265974562786,348.7717027594786,352.9052429199219,16086785,0.0,0.0,KOTAKBANK
2023-10-18,353.1941139796869,353.632371931651,347.63622013277154,349.2896423339844,15258400,0.0,0.0,KOTAKBANK
2023-10-19,347.0186388450794,349.28959776247575,345.74371507384956,346.31146240234375,9965895,0.0,0.0,KOTAKBANK
2023-10-20,345.3254094445928,353.23393121422106,345.1560700893107,352.51678466796875,20361915,0.0,0.0,KOTAKBANK
2023-10-23,352.39727720717974,352.39727720717974,343.1241909899644,346.7696838378906,37732210,0.0,0.0,KOTAKBANK
2023-10-25,348.4131364403705,350.9530446981257,343.03455188951426,344.23974609375,17563340,0.0,0.0,KOTAKBANK
2023-10-26,344.1700269681595,344.1700269681595,336.4606935044269,337.6260681152344,31396400,0.0,0.0,KOTAKBANK
2023-10-27,340.2456141658379,340.2456141658379,336.4606623484727,339.1898193359375,14874150,0.0,0.0,KOTAKBANK
2023-10-30,339.0504070762735,342.81541926149157,336.3411898680975,342.13812255859375,7557815,0.0,0.0,KOTAKBANK
2023-10-31,344.1700136867849,348.0146949926411,342.00860391467523,346.500732421875,24196680,0.0,0.0,KOTAKBANK
2023-11-01,344.8274080734119,345.8134732221715,342.2078305604616,343.51263427734375,12640525,0.0,0.0,KOTAKBANK
2023-11-02,345.62421134313604,350.335468740237,345.0465243067415,346.1620788574219,12752790,0.0,0.0,KOTAKBANK
2023-11-03,346.6202578794821,347.46689389902156,344.64809719360494,345.2756042480469,7794790,0.0,0.0,KOTAKBANK
2023-11-06,347.41706128776934,348.0146884796655,345.02658291676636,346.66009521484375,5933425,0.0,0.0,KOTAKBANK
2023-11-07,345.6540935713423,349.488835163239,343.8512722945571,348.861328125,17998015,0.0,0.0,KOTAKBANK
2023-11-08,349.2099796520118,350.79367211959726,346.6202818120302,347.8653259277344,18214185,0.0,0.0,KOTAKBANK
2023-11-09,347.7955418323603,349.9469813758073,346.4409486364382,347.6062927246094,9718555,0.0,0.0,KOTAKBANK
2023-11-10,345.54458353157713,348.46295969817527,345.54458353157713,347.7059631347656,8173995,0.0,0.0,KOTAKBANK
2023-11-13,348.8115614956156,349.05060023198934,345.3254380727731,348.2537841796875,14276385,0.0,0.0,KOTAKBANK
2023-11-15,350.8036150610367,353.0546339784118,348.64220526888505,352.4968566894531,17161355,0.0,0.0,KOTAKBANK
2023-11-16,352.7956869201136,355.26583481076284,351.6004324980312,353.1642150878906,10395580,0.0,0.0,KOTAKBANK
2023-11-17,350.60441664361474,355.4351938045269,350.46495711481646,351.5207824707031,13554350,0.0,0.0,KOTAKBANK
2023-11-20,349.80758837114064,353.78175925097634,348.632243686791,352.7060241699219,9618255,0.0,0.0,KOTAKBANK
2023-11-21,354.3793544527935,354.3793544527935,350.7338621569934,352.0386657714844,13528825,0.0,0.0,KOTAKBANK
2023-11-22,350.2059661020148,351.202001255663,346.12221589274117,347.7457580566406,22568660,0.0,0.0,KOTAKBANK
2023-11-23,346.6302340468189,348.3732957190693,346.02263674341117,346.4808044433594,14181445,0.0,0.0,KOTAKBANK
2023-11-24,346.52065809274785,348.5127285967551,345.36525355283356,347.4170837402344,12809895,0.0,0.0,KOTAKBANK
2023-11-28,347.61631921849784,348.213946476987,346.22187587974634,347.0685119628906,16746460,0.0,0.0,KOTAKBANK
2023-11-29,348.3134954996666,350.45496493989094,346.6600735439669,349.299560546875,17365700,0.0,0.0,KOTAKBANK
2023-11-30,349.89721724740286,351.79964814508935,347.80553722818956,349.697998046875,31274735,0.0,0.0,KOTAKBANK
2023-12-01,350.60443614525946,351.7996906998436,348.2637470405407,348.71197509765625,10011890,0.0,0.0,KOTAKBANK
2023-12-04,352.5964810179921,363.742117976813,349.1402374599468,362.2679748535156,22895865,0.0,0.0,KOTAKBANK
2023-12-05,364.1504727848717,365.94332397435164,360.26594160994387,364.2401123046875,27857360,0.0,0.0,KOTAKBANK
2023-12-06,364.957283847598,366.41148681847915,361.19227177464273,362.8357238769531,23479400,0.0,0.0,KOTAKBANK
2023-12-07,363.55282806083704,365.9134264919162,361.2420192283944,363.9213562011719,12503210,0.0,0.0,KOTAKBANK
2023-12-08,363.92136882179454,367.13857339568665,362.6962650043122,366.232177734375,14927330,0.0,0.0,KOTAKBANK
2023-12-11,367.5369663933454,370.8537500326437,366.60069093069825,367.34771728515625,16029165,0.0,0.0,KOTAKBANK
2023-12-12,368.1345970398834,369.13063218858616,362.3675450178514,363.42333984375,19074810,0.0,0.0,KOTAKBANK
2023-12-13,363.3536426982773,365.6943315871163,361.1822931744111,363.7919006347656,16256660,0.0,0.0,KOTAKBANK
2023-12-14,367.3377970862906,371.6107969250477,365.0369580338639,369.29998779296875,24394315,0.0,0.0,KOTAKBANK
2023-12-15,371.5211437215351,371.5211437215351,367.08877475442773,368.6525573730469,19385985,0.0,0.0,KOTAKBANK
2023-12-18,367.57685765694123,369.70835728853535,366.5409724845285,367.92547607421875,18793650,0.0,0.0,KOTAKBANK
2023-12-19,368.5031510520413,369.4991862706703,365.6843847578175,367.84576416015625,15444615,0.0,0.0,KOTAKBANK
2023-12-20,368.96131959963765,371.3219182098251,361.620544884723,363.8516540527344,19842810,0.0,0.0,KOTAKBANK
2023-12-21,362.7560327996305,370.0171075381245,359.5687079939598,369.0708923339844,12019200,0.0,0.0,KOTAKBANK
2023-12-22,369.46929037323184,374.43949617128436,368.7322340703845,370.62469482421875,16546475,0.0,0.0,KOTAKBANK
2023-12-26,371.91951853966907,378.2941374136511,369.95732808036877,375.873779296875,21753345,0.0,0.0,KOTAKBANK
2023-12-27,377.29809477617425,380.4854193481942,375.13671556793025,378.96148681640625,17036215,0.0,0.0,KOTAKBANK
2023-12-28,380.68465971264,383.77234446763384,379.1109070988868,382.7464294433594,24750070,0.0,0.0,KOTAKBANK
2023-12-29,380.90381054271614,382.0293048328174,376.51129147879897,380.1069641113281,12230850,0.0,0.0,KOTAKBANK
2024-01-01,380.2862517497313,382.27832227832414,377.11886690444896,380.3161315917969,7129510,0.0,0.0,KOTAKBANK
2024-01-02,380.087067300681,380.087067300681,370.5450323370302,371.5311279296875,25603980,0.0,0.0,KOTAKBANK
2024-01-03,371.3219411822961,372.51719568001016,368.0649167510728,371.700439453125,18907575,0.0,0.0,KOTAKBANK
2024-01-04,372.81597080877236,372.81597080877236,370.6346512445354,371.24224853515625,14328830,0.0,0.0,KOTAKBANK
2024-01-05,371.6207548286798,372.4972707049968,366.81985766758737,368.054931640625,38996705,0.0,0.0,KOTAKBANK
2024-01-08,368.1346425276597,368.82190929691177,362.2779502661644,363.7720031738281,61265835,0.0,0.0,KOTAKBANK
2024-01-09,365.94333094651057,370.12669099710996,362.75603650486653,363.88153076171875,21696115,0.0,0.0,KOTAKBANK
2024-01-10,362.7161865234375,365.0469052724027,360.88348538057386,362.7161865234375,35263790,0.0,0.0,KOTAKBANK
2024-01-11,364.9472731878669,366.819824134896,361.63048951007056,363.1245422363281,20850350,0.0,0.0,KOTAKBANK
2024-01-12,363.55286749128356,367.04896095762706,361.4412776175273,365.1963195800781,10863105,0.0,0.0,KOTAKBANK
2024-01-15,367.13857604682084,369.25016578003385,365.79392246491057,368.8318176269531,30861560,0.0,0.0,KOTAKBANK
2024-01-16,368.642600875033,370.7143712681937,366.74020024962795,368.1346435546875,23254490,0.0,0.0,KOTAKBANK
2024-01-17,363.16440826703416,365.4752174081022,353.81165280908283,354.5188293457031,54184415,0.0,0.0,KOTAKBANK
2024-01-18,352.5964776989446,357.11848623471457,351.52077300588525,354.0407409667969,21467250,0.0,0.0,KOTAKBANK
2024-01-19,355.99294644049064,358.56270389614946,349.43901776630395,351.4609680175781,22801645,0.0,0.0,KOTAKBANK
2024-01-23,358.7718892137488,363.53293622754535,351.38129469614074,355.4849548339844,33904120,0.0,0.0,KOTAKBANK
2024-01-24,356.3813967396311,359.26992325311056,351.1820915705846,356.3017272949219,16341755,0.0,0.0,KOTAKBANK
2024-01-25,356.58058917012517,358.0945516785811,349.0904156699911,352.2777099609375,33510850,0.0,0.0,KOTAKBANK
2024-01-29,355.64434727672904,364.55887500666904,353.79173628467254,363.134521484375,26180740,0.0,0.0,KOTAKBANK
2024-01-30,363.5528754776216,366.4314320135446,359.24005611015133,363.27398681640625,19145935,0.0,0.0,KOTAKBANK
2024-01-31,361.75998984790385,366.8298052709044,356.28179635315996,363.6026306152344,40587005,0.0,0.0,KOTAKBANK
2024-02-01,364.54887743360007,364.95725550673023,361.20221380489664,363.1046142578125,10360840,0.0,0.0,KOTAKBANK
2024-02-02,366.89951197911876,368.5330242988026,362.238074534519,363.14447021484375,25249380,0.0,0.0,KOTAKBANK
2024-02-05,363.5528680084208,363.9413363481598,358.3734725247358,360.236083984375,17304030,0.0,0.0,KOTAKBANK
2024-02-06,361.3615551436005,361.3615551436005,355.2160350370899,355.98297119140625,23459485,0.0,0.0,KOTAKBANK
2024-02-07,356.7798330861916,360.52490489749675,355.38535944090006,357.0985412597656,22961120,0.0,0.0,KOTAKBANK
2024-02-08,358.88144140769066,359.3296694074818,344.04052296865535,344.56842041015625,22713870,0.0,0.0,KOTAKBANK
2024-02-09,344.62815859438217,348.4130799694456,342.43686912676844,347.1082763671875,20319880,0.0,0.0,KOTAKBANK
2024-02-12,347.2178910347158,348.41311508576894,336.8790403713857,340.5544128417969,22532445,0.0,0.0,KOTAKBANK
2024-02-13,341.2416537597852,347.63618249983824,340.44480738948295,346.052490234375,22461670,0.0,0.0,KOTAKBANK
2024-02-14,343.36323194878105,351.5605823463866,341.07233270739744,348.4031677246094,19251615,0.0,0.0,KOTAKBANK
2024-02-15,349.6083297677585,350.09637725334926,342.64605395313515,346.4708251953125,12708350,0.0,0.0,KOTAKBANK
2024-02-16,348.60235721143596,348.81154649334985,345.066444336122,345.67401123046875,8215730,0.0,0.0,KOTAKBANK
2024-02-19,347.41710252014656,347.41710252014656,343.8612795796842,344.9071044921875,22239770,0.0,0.0,KOTAKBANK
2024-02-20,346.56049879558964,352.3275512623343,346.09236102373677,351.1024169921875,38055620,0.0,0.0,KOTAKBANK
2024-02-21,352.39724660748055,352.39724660748055,346.72980380724294,347.8354187011719,20924355,0.0,0.0,KOTAKBANK
2024-02-22,347.51668788905835,347.61629749201165,341.4807167884022,343.5823669433594,31003800,0.0,0.0,KOTAKBANK
2024-02-23,343.53256248831997,345.1760146233742,341.7197709809243,343.4329528808594,17268830,0.0,0.0,KOTAKBANK
2024-02-26,343.05445730464066,343.71181378831176,339.0404366604538,339.906982421875,29790330,0.0,0.0,KOTAKBANK
2024-02-27,341.24168714501724,341.6301250913202,338.0543621451395,339.99664306640625,22158260,0.0,0.0,KOTAKBANK
2024-02-28,340.8432631761348,341.2117913427122,333.7116473798444,335.3849792480469,15381635,0.0,0.0,KOTAKBANK
2024-02-29,336.0622760779851,339.1002017272558,332.157835050111,336.55035400390625,33034875,0.0,0.0,KOTAKBANK
2024-03-01,337.7555742212413,344.67800127549435,337.6559646125401,344.1700439453125,17220745,0.0,0.0,KOTAKBANK
2024-03-04,344.21980325434413,346.91905015203474,342.3373125208966,344.0704040527344,13885990,0.0,0.0,KOTAKBANK
2024-03-05,344.0106501882714,344.0704098699257,340.4348873852386,341.779541015625,15610970,0.0,0.0,KOTAKBANK
2024-03-06,343.20385140954033,352.9849242333586,342.31736550344914,350.5545959472656,37258560,0.0,0.0,KOTAKBANK
2024-03-07,350.55459551742564,351.58051054210665,347.61627956305944,348.2238464355469,15696800,0.0,0.0,KOTAKBANK
2024-03-11,351.77972734576963,352.5666037156,343.4827669687543,344.5584716796875,18200715,0.0,0.0,KOTAKBANK
2024-03-12,345.60430716523155,347.3075188586395,340.11614344620534,342.7058410644531,51216490,0.0,0.0,KOTAKBANK
2024-03-13,342.70587291461595,347.1680916041301,342.0783658122568,344.53857421875,29080415,0.0,0.0,KOTAKBANK
2024-03-14,343.6321749212036,350.17613406923124,342.46680025784315,347.098388671875,24048165,0.0,0.0,KOTAKBANK
2024-03-15,345.78359858946345,349.80758948201725,342.87516230555826,346.2816162109375,77537270,0.0,0.0,KOTAKBANK
2024-03-18,346.1023556021196,347.58643846627496,341.69986621923516,346.2019348144531,11570715,0.0,0.0,KOTAKBANK
2024-03-19,345.594346754077,349.9868657886558,344.7377406456292,348.5426025390625,22405375,0.0,0.0,KOTAKBANK
2024-03-20,348.8912281884656,352.2976821378249,344.7875677979912,351.68011474609375,22104430,0.0,0.0,KOTAKBANK
2024-03-21,353.0148100735037,356.7100921661324,351.4609671917404,353.0247497558594,18918405,0.0,0.0,KOTAKBANK
2024-03-22,352.57656527214215,355.0865631347002,351.60043979396687,353.87139892578125,35306415,0.0,0.0,KOTAKBANK
2024-03-26,351.600445156063,353.6721851127974,348.6123393898642,349.3493957519531,26518150,0.0,0.0,KOTAKBANK
2024-03-27,350.206002965685,354.5487021023571,349.3892467585401,353.7120361328125,41155650,0.0,0.0,KOTAKBANK
2024-03-28,354.18015071529146,359.3495757999142,353.43312432036424,355.6841735839844,33150360,0.0,0.0,KOTAKBANK
2024-04-01,357.57666853109004,362.0887071716217,355.8833963821975,356.7200927734375,14429400,0.0,0.0,KOTAKBANK
2024-04-02,357.35750096021155,358.1742571036669,349.4987991897317,350.0864562988281,34255950,0.0,0.0,KOTAKBANK
2024-04-03,349.30957864297744,349.94702540461805,344.42898154049993,344.8572998046875,63417755,0.0,0.0,KOTAKBANK
2024-04-04,348.0147053078501,348.9509808612251,343.29350801708307,348.4429931640625,65626460,0.0,0.0,KOTAKBANK
2024-04-05,348.42306566573245,356.02281899144674,346.64015417337276,355.61444091796875,32790115,0.0,0.0,KOTAKBANK
2024-04-08,357.33760640102963,358.9412085200169,355.6044844429907,356.2618713378906,13174055,0.0,0.0,KOTAKBANK
2024-04-09,356.6503190617404,357.178216483675,353.73194332154674,354.7080383300781,11866155,0.0,0.0,KOTAKBANK
2024-04-10,356.361471491466,364.52897226377223,355.38534605584283,363.7420959472656,27629090,0.0,0.0,KOTAKBANK
2024-04-12,360.7639545710405,362.17830750540327,358.4431755781627,361.17230224609375,19831135,0.0,0.0,KOTAKBANK
2024-04-15,356.57065019375415,360.5050015984185,354.58854976886306,358.20416259765625,21599340,0.0,0.0,KOTAKBANK
2024-04-16,354.1901353976856,359.4890501393608,353.72199762169953,357.0985412597656,20483890,0.0,0.0,KOTAKBANK
2024-04-18,356.5905839236478,361.16238200104607,355.2060803577468,355.9331970214844,21253700,0.0,0.0,KOTAKBANK
2024-04-19,351.4012275259475,359.5687288155719,351.20203871192246,357.1085205078125,19351900,0.0,0.0,KOTAKBANK
2024-04-22,361.1624069113065,363.05486790750183,358.5727090444463,360.5548095703125,30755695,0.0,0.0,KOTAKBANK
2024-04-23,360.5647353762884,364.34965690392625,359.19020196361083,361.17230224609375,29780025,0.0,0.0,KOTAKBANK
2024-04-24,360.96314399453496,367.6365918747316,360.12647808897344,367.0987243652344,16475385,0.0,0.0,KOTAKBANK
2024-04-25,331.6797200101078,338.21370845906085,319.1296704709495,327.1875915527344,330895395,0.0,0.0,KOTAKBANK
2024-04-26,327.1875870257657,329.68764505809725,319.7272932436532,320.4245300292969,110734245,0.0,0.0,KOTAKBANK
2024-04-29,320.74323462151716,328.1437990388081,320.6237152645251,326.7792053222656,56137045,0.0,0.0,KOTAKBANK
2024-04-30,326.77925364551857,328.09402756001884,322.715442923937,323.5023193359375,91032240,0.0,0.0,KOTAKBANK
2024-05-02,316.739200943621,317.6356265650883,309.2490270087303,313.8805847167969,133202390,0.0,0.0,KOTAKBANK
2024-05-03,315.34475067587306,316.3208457189166,307.5457780309474,308.113525390625,80617945,0.0,0.0,KOTAKBANK
2024-05-06,319.72730956057165,325.3051129406334,317.5360198909314,323.5719909667969,108041055,0.0,0.0,KOTAKBANK
2024-05-07,324.4485152515518,328.16373770709185,322.31701560540876,327.4764709472656,49333925,0.0,0.0,KOTAKBANK
2024-05-08,326.69955335864137,330.1757065622887,325.92264710005423,328.3629455566406,49268765,0.0,0.0,KOTAKBANK
2024-05-09,328.29320306080444,331.0522095805312,326.1019134951352,327.31707763671875,23280220,0.0,0.0,KOTAKBANK
2024-05-10,327.29717851446065,329.3091587108236,321.8986542616975,324.2991027832031,58847010,0.0,0.0,KOTAKBANK
2024-05-13,324.10983193504046,327.42664600871683,321.91857284160716,326.9385681152344,29196240,0.0,0.0,KOTAKBANK
2024-05-14,327.09795324887057,328.6916156464729,325.20549245022244,327.9545593261719,21410130,0.0,0.0,KOTAKBANK
2024-05-15,328.6318537078939,329.4884293827268,326.11188588778487,328.8509826660156,26304500,0.0,0.0,KOTAKBANK
2024-05-16,329.6876834684453,333.6718246583963,328.1338708360912,333.08416748046875,34991785,0.0,0.0,KOTAKBANK
2024-05-17,333.47259292963815,339.7775131482865,331.6797416200552,337.9647216796875,48087255,0.0,0.0,KOTAKBANK
2024-05-21,337.0583007445005,341.6400686778049,336.659892749557,338.3033447265625,29050835,0.0,0.0,KOTAKBANK
2024-05-22,339.20976424899675,339.63805211376706,334.8869748868548,338.5623474121094,30293485,0.0,0.0,KOTAKBANK
2024-05-23,338.6519821114011,341.3611991841556,338.06432496650365,340.4548034667969,28406475,0.0,0.0,KOTAKBANK
2024-05-24,340.843286924326,342.20785040227804,337.5962021660449,339.3392639160156,24680885,0.0,0.0,KOTAKBANK
2024-05-27,339.33926920457776,343.0345516610624,339.15002006561906,340.8432922363281,17271435,0.0,0.0,KOTAKBANK
2024-05-28,341.1022108216042,341.8392975495241,338.25356470037303,339.37908935546875,18580705,0.0,0.0,KOTAKBANK
2024-05-29,338.25357877031126,340.8233363544209,335.10610371605594,336.23162841796875,24762360,0.0,0.0,KOTAKBANK
2024-05-30,335.53434474836047,340.1659019596164,335.26542620974107,336.6797790527344,27902445,0.0,0.0,KOTAKBANK
2024-05-31,339.2496270567567,339.2496270567567,330.7932667449813,334.7475280761719,64022380,0.0,0.0,KOTAKBANK
2024-06-03,342.92494662503987,346.39112945603705,338.671857126363,342.24761962890625,49005355,0.0,0.0,KOTAKBANK
2024-06-04,339.2993855207711,341.73968392458295,319.2193121985658,326.2911682128906,76147340,0.0,0.0,KOTAKBANK
2024-06-05,331.19169230394675,343.58237330551606,327.6955988326551,342.25762939453125,72131590,0.0,0.0,KOTAKBANK
2024-06-06,342.83535669306355,346.32148018484304,339.4089928865592,345.5644836425781,31799505,0.0,0.0,KOTAKBANK
2024-06-07,344.63816844772657,350.3354913244757,343.03453588030965,349.3493957519531,23040730,0.0,0.0,KOTAKBANK
2024-06-10,348.63221353716557,353.28371107919804,345.8532973440252,347.7457580566406,24240220,0.0,0.0,KOTAKBANK
2024-06-11,347.93502295140695,348.05454231181375,342.0584213576106,342.6361083984375,20528235,0.0,0.0,KOTAKBANK
2024-06-12,342.6560355496027,345.4250123270211,341.221742358766,341.78948974609375,29407880,0.0,0.0,KOTAKBANK
2024-06-13,344.907097895868,346.13223224139756,342.4369194418433,343.9010925292969,30080725,0.0,0.0,KOTAKBANK
2024-06-14,343.2337431266289,345.6043118153073,340.7237149166952,342.0783386230469,15768330,0.0,0.0,KOTAKBANK
2024-06-18,342.3572322772694,343.56242640088317,339.2993968098606,342.5166015625,28536650,0.0,0.0,KOTAKBANK
2024-06-19,344.4289524949112,351.21194962735655,341.64006615432476,347.9549255371094,49798990,0.0,0.0,KOTAKBANK
2024-06-20,351.60044797126574,356.5507444461013,350.66417239196676,351.8494567871094,46215520,0.0,0.0,KOTAKBANK
2024-06-21,352.5964602256615,356.38138182086345,347.6760439139497,353.72198486328125,95158445,0.0,0.0,KOTAKBANK
2024-06-24,350.03665611723113,353.6323591297794,348.5625434199748,353.1044616699219,21144440,0.0,0.0,KOTAKBANK
2024-06-25,353.90130644763974,358.22409608066766,351.2020592465926,354.9670715332031,29669295,0.0,0.0,KOTAKBANK
2024-06-26,354.58854976886306,361.76001574304655,353.8116434880418,358.20416259765625,33429660,0.0,0.0,KOTAKBANK
2024-06-27,356.7798352632025,366.14256044346973,355.58458081611167,364.658447265625,66713845,0.0,0.0,KOTAKBANK
2024-06-28,362.99509056276753,368.12466604385816,358.3535626294497,359.0707092285156,24845035,0.0,0.0,KOTAKBANK
2024-07-01,359.0707246275053,361.1922846739175,356.58063638459606,360.186279296875,14507550,0.0,0.0,KOTAKBANK
2024-07-02,362.74605503505467,362.74605503505467,346.0425559908452,352.51678466796875,48125085,0.0,0.0,KOTAKBANK
2024-07-03,351.7597862947565,361.73010813033324,349.05056940101275,360.7041931152344,44905015,0.0,0.0,KOTAKBANK
2024-07-04,359.88742264502974,366.2520713580308,358.83162783256586,365.3157958984375,25344465,0.0,0.0,KOTAKBANK
2024-07-05,362.55681360055775,370.1167171376608,362.2480451196025,369.0708923339844,17328265,0.0,0.0,KOTAKBANK
2024-07-08,369.3298405922471,369.97728779054853,365.6345585053781,369.1705017089844,19306015,0.0,0.0,KOTAKBANK
2024-07-09,370.764164029314,372.5171958543592,364.54891359009486,368.1047668457031,19601055,0.0,0.0,KOTAKBANK
2024-07-10,367.1385899559587,367.4373883647781,362.5966717624073,364.5190124511719,28148945,0.0,0.0,KOTAKBANK
2024-07-11,364.71822129690577,368.93143072451943,362.86558002509156,367.4373779296875,23076860,0.0,0.0,KOTAKBANK
2024-07-12,367.43738687355983,368.73225089854856,363.80186439695876,365.11663818359375,21204275,0.0,0.0,KOTAKBANK
2024-07-15,366.34174272754404,370.1067546532516,363.88153451176544,367.2481384277344,29549980,0.0,0.0,KOTAKBANK
2024-07-16,366.95931412926274,368.3537573769551,358.75196313490443,359.62847900390625,32713510,0.0,0.0,KOTAKBANK
2024-07-18,359.5686996321101,364.78791424335435,357.20810112124707,363.9014587402344,37954190,0.0,0.0,KOTAKBANK
2024-07-19,362.6550710937018,365.14788838076356,360.1522727999243,363.2732849121094,20694325,0.4,0.0,KOTAKBANK
2024-07-22,363.1536029164098,363.1536029164098,348.7750206680162,350.50006103515625,53711805,0.0,0.0,KOTAKBANK
2024-07-23,352.78348138771736,355.0768914918608,346.83063263928557,352.7635498046875,30775980,0.0,0.0,KOTAKBANK
2024-07-24,352.5741110581228,355.1566661810991,344.81646468222635,348.2366027832031,37436035,0.0,0.0,KOTAKBANK
2024-07-25,345.4047390394214,354.7777254597317,345.4047390394214,354.00994873046875,15481985,0.0,0.0,KOTAKBANK
2024-07-26,350.6097335054592,364.9185097002786,350.6097335054592,361.7276916503906,26546755,0.0,0.0,KOTAKBANK
2024-07-29,363.89148117598694,364.350151014308,355.6751655317632,357.7491760253906,40031835,0.0,0.0,KOTAKBANK
2024-07-30,357.74918004595776,360.2918414127163,355.2364312683413,356.19366455078125,28397685,0.0,0.0,KOTAKBANK
2024-07-31,357.5696886881316,362.1564782096097,353.61109394073344,360.5411071777344,29031285,0.0,0.0,KOTAKBANK
2024-08-01,360.3815890488383,362.6051623846206,356.2235568159542,357.4998779296875,19080220,0.0,0.0,KOTAKBANK
2024-08-02,355.19655841914636,360.9599508930044,353.98006233982477,359.6537170410156,16212945,0.0,0.0,KOTAKBANK
2024-08-05,353.0228259328979,360.0824711904509,352.6937570060791,353.7108459472656,24559090,0.0,0.0,KOTAKBANK
2024-08-06,355.9743016661559,357.41016682995746,350.9886671890389,353.09259033203125,19620110,0.0,0.0,KOTAKBANK
2024-08-07,355.9743009369397,356.2933888459971,350.9986474765369,354.2891540527344,17688725,0.0,0.0,KOTAKBANK
2024-08-08,352.31484547855314,355.3361388651812,351.51715610494864,353.5313415527344,12361105,0.0,0.0,KOTAKBANK
2024-08-09,355.98428434818004,356.0640411110342,351.98579574114524,352.9131164550781,12322215,0.0,0.0,KOTAKBANK
2024-08-12,351.18809445156876,357.1808062251685,349.24368489049795,353.491455078125,22722215,0.0,0.0,KOTAKBANK
2024-08-13,351.5869697389621,357.27057511352945,348.2166757687968,349.40325927734375,17651595,0.0,0.0,KOTAKBANK
2024-08-14,349.9915255620737,350.9886524155269,347.9075340899441,348.5755920410156,12928245,0.0,0.0,KOTAKBANK
2024-08-16,351.3875148118996,356.1238676049329,348.1967269776898,354.438720703125,14809355,0.0,0.0,KOTAKBANK
2024-08-19,355.0868549660538,356.97143946230403,353.1823693159486,355.24639892578125,10861395,0.0,0.0,KOTAKBANK
2024-08-20,355.57545416105586,361.5681660624753,354.2293267769794,360.0924377441406,15577430,0.0,0.0,KOTAKBANK
2024-08-21,358.9656629057862,362.35588808058384,356.4429332142275,361.5482177734375,28585950,0.0,0.0,KOTAKBANK
2024-08-22,361.757636029296,363.8117150593324,360.1223636966966,363.2533264160156,16089940,0.0,0.0,KOTAKBANK
2024-08-23,363.2532989054772,364.52962005495476,361.4983763436309,362.5553283691406,9075930,0.0,0.0,KOTAKBANK
2024-08-26,362.95421706627155,363.5425183269613,360.9001379425413,361.4585266113281,11781285,0.0,0.0,KOTAKBANK
2024-08-27,361.16934265006654,361.57816834958214,357.31046623719175,359.6337890625,22708480,0.0,0.0,KOTAKBANK
2024-08-28,358.1680146633854,360.14230656055753,356.1438481604879,357.230712890625,21403980,0.0,0.0,KOTAKBANK
2024-08-29,355.62530600550593,358.66656133586616,353.5812080140346,354.42877197265625,27655790,0.0,0.0,KOTAKBANK
2024-08-30,354.43871775119646,356.97142858611744,353.850416534444,355.13671875,37290860,0.0,0.0,KOTAKBANK
2024-09-02,355.3760085453163,357.65943758618596,353.52136718305235,355.0270080566406,20242600,0.0,0.0,KOTAKBANK
2024-09-03,354.9871402127843,356.26346136576984,353.4515563407888,355.7349853515625,25981365,0.0,0.0,KOTAKBANK
2024-09-04,352.98290550329193,356.63239343211694,351.6866527680351,355.7349853515625,15962215,0.0,0.0,KOTAKBANK
2024-09-05,355.226436222432,356.24349464295886,350.9886471587258,354.5683288574219,17865025,0.0,0.0,KOTAKBANK
2024-09-06,352.49432304792117,355.3660532493227,350.2906507963519,351.8162536621094,16274400,0.0,0.0,KOTAKBANK
2024-09-09,352.52425273021015,357.75916895497016,350.6795618793151,357.0013427734375,17182305,0.0,0.0,KOTAKBANK
2024-09-10,358.5668179649412,358.8958564331841,354.58826117862657,357.2904968261719,17488060,0.0,0.0,KOTAKBANK
2024-09-11,357.9685587507928,360.05255032981546,355.97430494159613,356.8218688964844,18669360,0.0,0.0,KOTAKBANK
2024-09-12,359.7434515818812,365.77605731954634,357.99847945926246,364.4399108886719,31827540,0.0,0.0,KOTAKBANK
2024-09-13,366.34440590391546,366.34440590391546,362.30605425290463,363.02398681640625,10283600,0.0,0.0,KOTAKBANK
2024-09-16,365.54672212603015,368.0794329342949,364.6094204197408,365.20770263671875,13653170,0.0,0.0,KOTAKBANK
2024-09-17,366.8230441347686,369.61498724699123,365.0780720821551,368.26885986328125,18374310,0.0,0.0,KOTAKBANK
2024-09-18,368.9369525120477,370.82153695690624,366.0652221750621,366.88287353515625,34387495,0.0,0.0,KOTAKBANK
2024-09-19,368.9170282106971,373.9225943861157,367.9597644595416,373.3143615722656,14462150,0.0,0.0,KOTAKBANK
2024-09-20,373.7231533141575,384.1531226916266,372.92546395893197,379.8056335449219,94247895,0.0,0.0,KOTAKBANK
2024-09-23,381.8896142378257,387.28407431309773,380.5435172930239,385.8282775878906,18431360,0.0,0.0,KOTAKBANK
2024-09-24,385.8881155495244,386.6060481444869,380.8227242177712,381.83978271484375,18546930,0.0,0.0,KOTAKBANK
2024-09-25,380.91245009306294,383.43517988840443,377.77147606950354,378.4993896484375,16537335,0.0,0.0,KOTAKBANK
2024-09-26,377.9110856071587,381.5605736210741,375.7772194884088,379.36688232421875,21022565,0.0,0.0,KOTAKBANK
2024-09-27,378.9082107762445,380.9024645171721,372.1875854068856,373.4140319824219,33215560,0.0,0.0,KOTAKBANK
2024-09-30,370.2731085643566,375.80718125434873,367.56092211199245,369.7247009277344,16234200,0.0,0.0,KOTAKBANK
2024-10-01,368.3386858150895,375.86701247544676,368.3386858150895,374.8000793457031,24357630,0.0,0.0,KOTAKBANK
2024-10-03,370.512392990874,371.65911324775027,362.1166016950004,363.5125732421875,31816160,0.0,0.0,KOTAKBANK
2024-10-04,362.05678126690464,368.93695074894595,358.636643323948,360.760498046875,18673160,0.0,0.0,KOTAKBANK
2024-10-07,360.9599649932129,366.2247942046472,352.86329882402765,357.02130126953125,37233165,0.0,0.0,KOTAKBANK
2024-10-08,358.96566831619083,361.75761134224695,355.3460929585524,359.6437072753906,25485515,0.0,0.0,KOTAKBANK
2024-10-09,359.1651377387944,362.9542079576008,356.951514703835,359.125244140625,35394010,0.0,0.0,KOTAKBANK
2024-10-10,360.9400169619816,375.7174149331836,360.02264679751624,374.1419677734375,29528990,0.0,0.0,KOTAKBANK
2024-10-11,373.3641985526254,377.6319004637973,371.16055662587235,375.3983459472656,26057900,0.0,0.0,KOTAKBANK
2024-10-14,375.92684448435693,382.09906279387855,375.40831899063176,381.0620422363281,21955690,0.0,0.0,KOTAKBANK
2024-10-15,381.3412141442079,381.9694089601132,376.40542381629325,377.95098876953125,21477465,0.0,0.0,KOTAKBANK
2024-10-16,375.71740592716804,377.4025528323336,372.5565306765782,374.1918029785156,15727780,0.0,0.0,KOTAKBANK
2024-10-17,374.19181535051945,374.5807094629842,369.1962300797058,371.7388916015625,17707160,0.0,0.0,KOTAKBANK
2024-10-18,372.5266243613129,374.6205969847075,368.5381166709988,373.1348571777344,19173835,0.0,0.0,KOTAKBANK
2024-10-21,368.9369249650831,369.93405178931306,346.00300800779416,356.8118591308594,65890685,0.0,0.0,KOTAKBANK
2024-10-22,357.3603122953124,358.0682638501642,350.7593068778945,351.6168518066406,27471910,0.0,0.0,KOTAKBANK
2024-10-23,351.21802404600703,356.3831341598959,350.6097608046202,352.544189453125,14180685,0.0,0.0,KOTAKBANK
2024-10-24,352.1852248451183,353.5313217840678,349.0542318475056,351.4273986816406,11584100,0.0,0.0,KOTAKBANK
2024-10-25,351.9857938025428,356.27342727747015,350.3903846851636,352.7535705566406,14146135,0.0,0.0,KOTAKBANK
2024-10-28,352.5840527968746,355.1067824568805,348.00724430365716,348.9644775390625,16510740,0.0,0.0,KOTAKBANK
2024-10-29,347.69816423919923,352.4145550286988,345.1455217946346,351.028564453125,20790595,0.0,0.0,KOTAKBANK
2024-10-30,344.4076264398882,350.9886700900564,344.3278696767502,345.92327880859375,21929745,0.0,0.0,KOTAKBANK
2024-10-31,344.477435577563,348.31638027554203,343.7993965804375,345.22528076171875,14723350,0.0,0.0,KOTAKBANK
2024-11-01,346.9204216780966,349.8220343229881,346.27226481696664,347.8776550292969,912445,0.0,0.0,KOTAKBANK
2024-11-04,347.79785630042693,347.79785630042693,343.85922323822297,344.87628173828125,14424150,0.0,0.0,KOTAKBANK
2024-11-05,343.3107686449081,351.0883764769723,341.21682656502264,350.4202880859375,20143075,0.0,0.0,KOTAKBANK
2024-11-06,351.00857769550635,352.6737929000289,348.3163534974593,351.50714111328125,18261260,0.0,0.0,KOTAKBANK
2024-11-07,351.5869707181531,351.98581541451256,345.6042089830622,348.376220703125,15304920,0.0,0.0,KOTAKBANK
2024-11-08,347.9972858794147,351.8063179162846,346.7807898519813,348.1568298339844,18234125,0.0,0.0,KOTAKBANK
2024-11-11,347.9972891150409,351.6467772312736,346.44177358089564,347.7978515625,16025150,0.0,0.0,KOTAKBANK
2024-11-12,347.95737889907906,348.87474899509374,342.05440495654767,343.29083251953125,16141950,0.0,0.0,KOTAKBANK
2024-11-13,341.8150822809242,344.63696839197496,334.845175127518,336.6001281738281,17967450,0.0,0.0,KOTAKBANK
2024-11-14,337.0289012858427,341.5359040405821,336.9890076883958,340.5986022949219,16638790,0.0,0.0,KOTAKBANK
2024-11-18,341.81508653210443,344.6569042613354,338.9633182262803,343.56005859375,10412075,0.0,0.0,KOTAKBANK
2024-11-19,344.96601562415157,346.96026943467604,341.7154026053275,344.55718994140625,13798315,0.0,0.0,KOTAKBANK
2024-11-21,342.0344617342364,347.14972765163117,339.77099460316214,346.4218444824219,16470295,0.0,0.0,KOTAKBANK
2024-11-22,345.8035848463295,353.4216487064855,345.5842157186837,351.27783203125,17768630,0.0,0.0,KOTAKBANK
2024-11-25,355.3760300780539,357.88880940485404,352.3647177185207,357.1210021972656,34357160,0.0,0.0,KOTAKBANK
2024-11-26,357.96857763978295,358.15803419604555,353.9800698109274,355.69512939453125,11563695,0.0,0.0,KOTAKBANK
2024-11-27,355.1666371630247,360.0625339517516,354.7977050744273,355.6153564453125,16012220,0.0,0.0,KOTAKBANK
2024-11-28,355.6253101336049,356.7520684226274,349.6924232141811,350.8291320800781,19856975,0.0,0.0,KOTAKBANK
2024-11-29,350.3903912104593,353.70085986543967,350.3903912104593,352.03564453125,14939970,0.0,0.0,KOTAKBANK
2024-12-02,351.98577682019527,353.5013986721371,348.19670697539254,349.7821350097656,21326400,0.0,0.0,KOTAKBANK
2024-12-03,350.98867271036426,351.2279734314629,347.0001650659283,348.9744873046875,19858250,0.0,0.0,KOTAKBANK
2024-12-04,349.3932666069434,352.38464736630067,348.2764893255672,350.4901123046875,15933930,0.0,0.0,KOTAKBANK
2024-12-05,351.786344872618,356.7022034308299,348.5955571709681,354.00994873046875,28486145,0.0,0.0,KOTAKBANK
2024-12-06,353.76069426308726,355.9842982922098,351.1881201491731,354.36895751953125,12979410,0.0,0.0,KOTAKBANK
2024-12-09,352.6040266036591,359.9528473441504,352.6040266036591,356.2236022949219,12770115,0.0,0.0,KOTAKBANK
2024-12-10,355.62529286623396,359.5240625879272,355.62529286623396,357.9087219238281,9899420,0.0,0.0,KOTAKBANK
2024-12-11,358.1679846481542,360.3217519136881,356.961439223327,357.9087219238281,11967140,0.0,0.0,KOTAKBANK
2024-12-12,356.97143370333333,358.2577359373286,352.0556053412647,352.7236633300781,17441295,0.0,0.0,KOTAKBANK
2024-12-13,350.6596259089589,360.76049571800894,348.60551652524595,360.0924377441406,19467655,0.0,0.0,KOTAKBANK
2024-12-16,359.563943593315,361.5581972677872,357.7391844404311,359.8531188964844,14946965,0.0,0.0,KOTAKBANK
2024-12-17,358.1879305839825,360.3317473590311,353.9800537976984,355.78485107421875,17964305,0.0,0.0,KOTAKBANK
2024-12-18,355.37601752159594,356.31331923261826,353.0527252569753,354.9771728515625,17647150,0.0,0.0,KOTAKBANK
2024-12-19,351.6766840076966,352.5840731259313,348.0770401241549,351.407470703125,20370400,0.0,0.0,KOTAKBANK
2024-12-20,349.9915283985189,352.7535588502059,345.67398247723025,347.7080993652344,73428440,0.0,0.0,KOTAKBANK
2024-12-23,348.495834880034,351.8262349151397,347.00014460157894,348.06707763671875,13740180,0.0,0.0,KOTAKBANK
2024-12-24,347.50867894223217,349.92170881399034,346.6112404573033,348.804931640625,13563125,0.0,0.0,KOTAKBANK
2024-12-26,350.35048473944,352.87324494982147,347.408978711546,349.55279541015625,5660030,0.0,0.0,KOTAKBANK
2024-12-27,350.98868158396266,354.4188006792888,349.79211708842126,350.96875,12241355,0.0,0.0,KOTAKBANK
2024-12-30,351.98579259268087,355.1766108164717,345.7039053500964,347.1397705078125,27513860,0.0,0.0,KOTAKBANK
2024-12-31,346.01300935559556,358.28763884909614,346.01300935559556,356.1836853027344,23658490,0.0,0.0,KOTAKBANK
2025-01-01,354.8275845432374,358.31752840891227,354.3788653028352,356.6523132324219,7424140,0.0,0.0,KOTAKBANK
2025-01-02,358.96568306867823,366.9825918442502,358.34746926106584,366.37432861328125,25484935,0.0,0.0,KOTAKBANK
2025-01-03,369.1363971357642,369.53524181689824,362.3758778503815,366.6734924316406,21385745,0.0,0.0,KOTAKBANK
2025-01-06,363.15363829616615,363.95132766429276,353.56125171551554,354.9073791503906,19961975,0.0,0.0,KOTAKBANK
2025-01-07,356.373153893344,358.45714549737113,352.9629968794446,353.3917541503906,21999690,0.0,0.0,KOTAKBANK
2025-01-08,354.99711332544473,355.914483476405,351.47725653267173,352.7137145996094,21823395,0.0,0.0,KOTAKBANK
2025-01-09,353.7806101892152,360.7006732752039,353.7806101892152,357.0113220214844,27349135,0.0,0.0,KOTAKBANK
2025-01-10,355.8147515648296,356.90161621047844,349.6624957670863,350.2308349609375,17513090,0.0,0.0,KOTAKBANK
2025-01-13,345.5842455756023,347.9075684141068,343.7595166429118,346.68109130859375,15461940,0.0,0.0,KOTAKBANK
2025-01-14,348.9146675796308,352.75358190350244,344.9261598728352,349.11407470703125,24744805,0.0,0.0,KOTAKBANK
2025-01-15,351.00858972241826,357.96854622779404,351.00858972241826,356.89166259765625,17549305,0.0,0.0,KOTAKBANK
2025-01-16,358.1281000564105,361.9470826836004,356.04410849281265,360.0724792480469,22257670,0.0,0.0,KOTAKBANK
2025-01-17,358.3673999051384,360.0625277982576,348.6553936873538,350.70947265625,17608640,0.0,0.0,KOTAKBANK
2025-01-20,376.9139495680543,384.871032791476,372.1277528566091,382.9964294433594,66621575,0.0,0.0,KOTAKBANK
2025-01-21,383.0861931603074,383.0861931603074,377.1134126575037,377.57208251953125,22078315,0.0,0.0,KOTAKBANK
2025-01-22,378.7087811717552,382.9964450626006,376.3256637249191,382.3981628417969,20883345,0.0,0.0,KOTAKBANK
2025-01-23,380.32413751163426,383.68445013614627,377.33275695380445,377.88116455078125,15805795,0.0,0.0,KOTAKBANK
2025-01-24,377.1133916273603,382.5975893719523,373.53367941212633,376.1561279296875,20126830,0.0,0.0,KOTAKBANK
2025-01-27,373.92259234288434,378.6689261859242,371.47961923428477,375.19891357421875,9642515,0.0,0.0,KOTAKBANK
2025-01-28,377.9111172578264,379.90537117475424,373.085026430449,376.46527099609375,25786920,0.0,0.0,KOTAKBANK
2025-01-29,376.47524659053465,383.83404830698237,375.91685793621497,382.966552734375,11758155,0.0,0.0,KOTAKBANK
2025-01-30,382.9665242001883,386.50631241613894,374.41115861627316,379.20733642578125,21195905,0.0,0.0,KOTAKBANK
2025-01-31,379.51645053590823,380.69308339140235,376.8342072005698,379.16748046875,11666145,0.0,0.0,KOTAKBANK
2025-02-01,378.7087768778252,382.32835232125524,373.24454105018754,379.52642822265625,5481785,0.0,0.0,KOTAKBANK
2025-02-03,377.63188634608264,379.66603366467655,375.2288069573789,375.8171081542969,16599040,0.0,0.0,KOTAKBANK
2025-02-04,377.12335672889867,387.1245383293178,374.3613261677304,384.59185791015625,26663090,0.0,0.0,KOTAKBANK
2025-02-05,386.44651824967747,386.675868402907,379.3768918268252,381.2514953613281,17136925,0.0,0.0,KOTAKBANK
2025-02-06,382.2984384166913,382.89672062865304,378.2002615600635,382.08905029296875,15969855,0.0,0.0,KOTAKBANK
2025-02-07,383.0961408568758,390.9933683220803,380.48364299707896,384.74139404296875,22070870,0.0,0.0,KOTAKBANK
2025-02-10,385.9479341132086,391.87087031263104,383.60467982052495,390.9036560058594,17846865,0.0,0.0,KOTAKBANK
2025-02-11,391.79113380466947,392.9677363001557,380.22445512167246,382.6175537109375,17533410,0.0,0.0,KOTAKBANK
2025-02-12,383.5847472814943,388.6800511034068,379.8953656017905,387.6729736328125,16095020,0.0,0.0,KOTAKBANK
2025-02-13,391.4720313762161,397.41489924588484,390.9834184974557,393.4263916015625,63391865,0.0,0.0,KOTAKBANK
2025-02-14,393.6656888706699,393.6656888706699,385.5590727157849,389.3581237792969,13050240,0.0,0.0,KOTAKBANK
2025-02-17,389.87659770966775,391.6614632886073,385.4194394802923,387.9421691894531,11500595,0.0,0.0,KOTAKBANK
2025-02-18,387.2940691987456,392.0703156480348,386.7157185465677,391.5418395996094,21720625,0.0,0.0,KOTAKBANK
2025-02-19,391.6614793169709,397.83369719531737,391.27258522384415,395.859375,19570825,0.0,0.0,KOTAKBANK
2025-02-20,395.32091539312665,395.33089639952084,390.8737380166756,392.9776611328125,23621860,0.0,0.0,KOTAKBANK
2025-02-21,392.97767615644983,394.5332221484296,385.78839957773795,389.48773193359375,20042760,0.0,0.0,KOTAKBANK
2025-02-24,386.5462173539508,392.86799824261215,385.5989346278533,392.0902404785156,11090405,0.0,0.0,KOTAKBANK
2025-02-25,392.6685806842356,394.7725343719951,390.59457001767566,392.3196105957031,20099470,0.0,0.0,KOTAKBANK
2025-02-27,393.26683426394436,393.8651164762168,386.8652967533519,388.3908996582031,18540340,0.0,0.0,KOTAKBANK
2025-02-28,386.2969337174284,386.2969337174284,377.6917237520592,379.49652099609375,34851575,0.0,0.0,KOTAKBANK
2025-03-03,380.015027010229,383.62465203252845,377.9509974063852,381.8198547363281,13038950,0.0,0.0,KOTAKBANK
2025-03-04,379.13754929169056,382.0990172234031,378.2600728037911,380.4637145996094,15860250,0.0,0.0,KOTAKBANK
2025-03-05,379.526424568216,389.6073930521799,377.9908406673262,385.5091857910156,19058440,0.0,0.0,KOTAKBANK
2025-03-06,387.6829257353213,387.872382280316,380.8725624117534,383.2357482910156,25965465,0.0,0.0,KOTAKBANK
2025-03-07,382.29844532111434,387.00488548103715,380.91245476110396,385.9678649902344,13901690,0.0,0.0,KOTAKBANK
2025-03-10,385.38954427375194,386.89521562025425,382.16881345351857,383.2457275390625,11142670,0.0,0.0,KOTAKBANK
2025-03-11,383.49501693042737,387.6829317082311,379.79568460255945,385.9280090332031,16035260,0.0,0.0,KOTAKBANK
2025-03-12,386.88522909540944,398.39208180073183,386.4863844297442,395.37078857421875,33522470,0.0,0.0,KOTAKBANK
2025-03-13,394.00473000506054,397.5245866745819,392.7782529877869,395.8793029785156,24628970,0.0,0.0,KOTAKBANK
2025-03-17,394.88219534474075,398.6214213273253,393.7155738789177,397.4747314453125,15854645,0.0,0.0,KOTAKBANK
2025-03-18,397.4747314453125,397.4747314453125,397.4747314453125,397.4747314453125,0,0.0,0.0,KOTAKBANK
2025-03-19,406.6782142283784,409.0214685407517,402.2908619330253,403.14837646484375,26691440,0.0,0.0,KOTAKBANK
2025-03-20,405.03294543041426,406.6083924906647,402.14125317303154,405.96026611328125,13416530,0.0,0.0,KOTAKBANK
2025-03-21,406.82776914735877,418.3146599096975,405.8306422621937,414.6053466796875,94254040,0.0,0.0,KOTAKBANK
2025-03-24,418.79329952557276,435.5948939377569,416.84888989153046,433.97955322265625,42541755,0.0,0.0,KOTAKBANK
2025-03-25,434.7273738703643,439.234376265706,430.75879806307603,432.7530517578125,36712165,0.0,0.0,KOTAKBANK
2025-03-26,433.7501903880516,433.94962793490157,424.7561169352279,427.74749755859375,15084580,0.0,0.0,KOTAKBANK
2025-03-27,427.56802305819724,429.04378189575175,421.1565040868164,424.5068664550781,47106120,0.0,0.0,KOTAKBANK
2025-03-28,426.63069618392956,434.72739208491436,426.57087100497256,432.99237060546875,18361265,0.0,0.0,KOTAKBANK
2025-04-01,433.61057268816,434.4481860307138,425.9526456896707,427.9468994140625,18754695,0.0,0.0,KOTAKBANK
2025-04-02,426.96975936089984,430.88846085373666,426.70051561733635,429.68194580078125,10660960,0.0,0.0,KOTAKBANK
2025-04-03,424.57662307678885,429.1035877362616,424.2076909915048,425.2945556640625,8470190,0.0,0.0,KOTAKBANK
2025-04-04,424.9555594567347,428.0267275266694,422.4128978869945,425.16497802734375,18942015,0.0,0.0,KOTAKBANK
2025-04-07,402.5800042719004,415.5227223694855,399.010303364345,406.3990173339844,35695245,0.0,0.0,KOTAKBANK
2025-04-08,411.3048567822744,414.7848502840164,406.42892216512666,409.84906005859375,20471695,0.0,0.0,KOTAKBANK
2025-04-09,409.61973646352453,411.8134279125,407.2465998976866,409.3605041503906,19597890,0.0,0.0,KOTAKBANK
2025-04-11,411.8134125857548,426.6705974138859,410.5171597786306,421.02685546875,27973445,0.0,0.0,KOTAKBANK
2025-04-15,427.76742653784186,428.166271199217,418.71352796204644,422.8216857910156,28178320,0.0,0.0,KOTAKBANK
2025-04-16,422.78179988752447,429.08364911355164,421.44565351116574,423.4598388671875,14498895,0.0,0.0,KOTAKBANK
2025-04-17,421.78468042944695,437.519341758768,418.33462986167217,436.3626708984375,26943160,0.0,0.0,KOTAKBANK
2025-04-21,437.73872860261855,450.94067960923906,433.82997759131644,446.9920654296875,24432490,0.0,0.0,KOTAKBANK
2025-04-22,448.50768475976474,459.0573048097072,447.7897521468577,452.4563293457031,33664915,0.0,0.0,KOTAKBANK
2025-04-23,455.686978031386,456.68410489797543,442.72432876572293,444.12030029296875,17619395,0.0,0.0,KOTAKBANK
2025-04-24,442.32547447348225,446.2940198409596,441.4679295633417,443.3226013183594,20842685,0.0,0.0,KOTAKBANK
2025-04-25,442.7243428213227,445.39663560544705,434.3883765583353,439.6133117675781,10680015,0.0,0.0,KOTAKBANK
2025-04-28,438.13755834359966,445.07755311960926,436.62193639455575,443.84112548828125,12190890,0.0,0.0,KOTAKBANK
2025-04-29,443.84109842539885,448.1088001244932,438.4965131178904,439.7329406738281,15291325,0.0,0.0,KOTAKBANK
2025-04-30,441.507836598342,444.91802390079266,436.38262028319247,440.3511657714844,23114585,0.0,0.0,KOTAKBANK
2025-05-02,439.53351154246,443.44226225684275,432.9923617183069,435.0863342285156,9079030,0.0,0.0,KOTAKBANK
2025-05-05,419.8103531564253,425.53388220939956,410.41743487360293,415.781982421875,44108085,0.0,0.0,KOTAKBANK
2025-05-06,416.0013441745257,417.0782278097303,411.8133991300577,413.60821533203125,17025485,0.0,0.0,KOTAKBANK
2025-05-07,411.5541524854477,419.152254696519,409.7194426164406,417.7762451171875,18697280,0.0,0.0,KOTAKBANK
2025-05-08,418.59387431596554,426.5110645986522,417.77625335760047,421.3060607910156,34624355,0.0,0.0,KOTAKBANK
2025-05-09,413.8076508850548,422.78179271147764,413.8076508850548,419.4114990234375,23271500,0.0,0.0,KOTAKBANK
2025-05-12,425.57373425983207,431.4767386960257,423.99828720062163,427.7674255371094,15109370,0.0,0.0,KOTAKBANK
2025-05-13,425.77318461807874,427.9868075445303,419.0126654799806,421.9043273925781,21539120,0.0,0.0,KOTAKBANK
2025-05-14,420.9869927585709,422.7618774377373,415.6024831110812,417.2776794433594,10687970,0.0,0.0,KOTAKBANK
2025-05-15,415.8218403512926,421.1863878320051,411.89315801151054,420.0696105957031,21311795,0.0,0.0,KOTAKBANK
2025-05-16,418.7733546082737,421.7647352239233,416.8189640298566,420.4285888671875,10289540,0.0,0.0,KOTAKBANK
2025-05-19,419.1921456114812,423.57949791624566,418.87305769806966,421.02685546875,7528520,0.0,0.0,KOTAKBANK
2025-05-20,421.74477897537884,422.3629927756121,415.74208607936555,416.8189697265625,19545490,0.0,0.0,KOTAKBANK
2025-05-21,417.7961654051811,418.0554281332146,410.8162772003213,413.0697937011719,10708700,0.0,0.0,KOTAKBANK
2025-05-22,413.60823374907704,414.3261663478138,408.96164908574843,411.97296142578125,16446640,0.0,0.0,KOTAKBANK
2025-05-23,411.97296190207993,420.64794784778894,411.97296190207993,418.9528503417969,8254765,0.0,0.0,KOTAKBANK
2025-05-26,416.8189677806497,421.18638838758244,415.8218408997937,416.659423828125,10201425,0.0,0.0,KOTAKBANK
2025-05-27,416.7990341731788,418.5938503780422,411.05557362978027,414.2862854003906,17299700,0.0,0.0,KOTAKBANK
2025-05-28,413.80767267818203,414.884556364912,411.494330915697,413.6680603027344,8173180,0.0,0.0,KOTAKBANK
2025-05-29,414.2663563620124,417.9956318674673,409.8191786613873,415.1239013671875,24936910,0.0,0.0,KOTAKBANK
2025-05-30,415.12387322588023,416.83893269006654,411.9131234300162,413.7478332519531,49038640,0.0,0.0,KOTAKBANK
2025-06-02,412.2122491853679,413.9672022448451,409.06132456944187,411.5342102050781,13505700,0.0,0.0,KOTAKBANK
2025-06-03,412.81054255836426,413.967213430647,405.6711101997284,407.7251892089844,32319090,0.0,0.0,KOTAKBANK
2025-06-04,408.24371143709214,410.51715956665333,406.9873217973695,408.08416748046875,11655570,0.0,0.0,KOTAKBANK
2025-06-05,409.77924940387254,410.09833730500327,405.6710915739801,406.8078308105469,18626660,0.0,0.0,KOTAKBANK
2025-06-06,407.6055135641951,415.7819659269836,405.5913282768267,413.4885559082031,22121620,0.0,0.0,KOTAKBANK
2025-06-09,420.98697386470667,427.2489293491462,416.7990288668134,426.4113464355469,28895440,0.0,0.0,KOTAKBANK
2025-06-10,428.1064407342016,433.33137572244993,426.41134333681794,428.9839172363281,24578710,0.0,0.0,KOTAKBANK
2025-06-11,428.5651346852621,430.8984384380862,425.3743468242084,427.8272705078125,8910305,0.0,0.0,KOTAKBANK
2025-06-12,427.8272600750463,428.5252610685143,423.2205387218712,424.13787841796875,14890860,0.0,0.0,KOTAKBANK
2025-06-13,413.209367707786,423.1806363804155,413.209367707786,420.26904296875,22336370,0.0,0.0,KOTAKBANK
2025-06-16,420.36873148231547,427.70760105189834,416.5597299745455,426.57086181640625,14707980,0.0,0.0,KOTAKBANK
2025-06-17,426.57087938751926,429.92124162443673,424.81595672046564,426.13214111328125,15541500,0.0,0.0,KOTAKBANK
2025-06-18,423.7789104993046,426.2517960376868,420.528267236496,425.2546691894531,19503255,0.0,0.0,KOTAKBANK
2025-06-19,426.67059088002094,429.7018651512141,425.3942696758182,428.046630859375,17025995,0.0,0.0,KOTAKBANK
2025-06-20,427.7674547280271,433.9496538913941,425.0353366661664,432.71319580078125,16863180,0.0,0.0,KOTAKBANK
2025-06-23,430.3798999651666,436.6817491629497,429.0038599991427,435.5649719238281,8603070,0.0,0.0,KOTAKBANK
2025-06-24,440.33126009479156,445.43654512755916,437.02079137107853,443.4422912597656,28022600,0.0,0.0,KOTAKBANK
2025-06-25,443.3226294287824,443.44227978897106,436.94102330289985,438.3968200683594,17877145,0.0,0.0,KOTAKBANK
2025-06-26,439.214484930182,440.73010692230037,434.74734528987096,439.51361083984375,28350635,0.0,0.0,KOTAKBANK
2025-06-27,440.73008598040053,442.1858827214124,435.2658196609935,440.311279296875,48247195,0.0,0.0,KOTAKBANK
2025-06-30,440.31127885215824,440.53064798523144,429.66197096638217,431.4568176269531,18638285,0.0,0.0,KOTAKBANK
2025-07-01,431.45683172070716,436.04359122223354,430.61921832714097,435.46527099609375,20128770,0.0,0.0,KOTAKBANK
2025-07-02,435.7444339644276,438.1774259156917,430.9582372507358,432.5735778808594,9382555,0.0,0.0,KOTAKBANK
2025-07-03,426.59083972298583,429.14348216493147,423.16072073601543,424.0980224609375,23336995,0.0,0.0,KOTAKBANK
2025-07-04,423.5795046550147,426.2318659213854,420.9869989995219,424.7361755371094,8431075,0.0,0.0,KOTAKBANK
2025-07-07,424.776056434098,430.1206419744296,423.14075372316506,428.72467041015625,10852925,0.0,0.0,KOTAKBANK
2025-07-08,435.74443849884796,447.0119598624429,433.9894854849469,443.6217346191406,37631455,0.0,0.0,KOTAKBANK
2025-07-09,442.12605586910036,445.5362432137952,441.52777365057,444.5789794921875,10104510,0.0,0.0,KOTAKBANK
2025-07-10,444.53911191041834,447.2512982349035,436.1233586284084,439.49365234375,28609065,0.0,0.0,KOTAKBANK
2025-07-11,439.0947872575218,443.72147068176815,438.45664186480735,442.843994140625,13395830,0.0,0.0,KOTAKBANK
2025-07-14,443.50209143726005,444.120305232638,438.1973691448277,439.49365234375,11976685,0.0,0.0,KOTAKBANK
2025-07-15,440.730091607129,445.4365318116228,435.1262432749352,436.3626708984375,14870715,0.0,0.0,KOTAKBANK
2025-07-16,435.564956700063,436.7415590765919,429.961108687544,434.6276550292969,11438515,0.0,0.0,KOTAKBANK
2025-07-17,433.75018056022697,437.0805805938604,432.0949463345475,432.91259765625,10897805,0.0,0.0,KOTAKBANK
2025-07-18,432.77282427382914,432.85270345550344,425.46546332967466,427.3621826171875,12832715,0.5,0.0,KOTAKBANK
2025-07-21,426.8829985375476,432.77282388398464,425.30573504818955,432.2936706542969,9135495,0.0,0.0,KOTAKBANK
2025-07-22,433.65132819632447,434.2503002206598,428.2606409072714,431.29541015625,7822810,0.0,0.0,KOTAKBANK
2025-07-23,433.4516974406974,435.2086434818748,430.49677686852147,433.3318786621094,13952705,0.0,0.0,KOTAKBANK
2025-07-24,432.333582404694,433.6113751332544,427.26235108149626,427.681640625,10292000,0.0,0.0,KOTAKBANK
2025-07-25,427.08267899433366,429.2389599883455,422.9298449093829,424.18768310546875,8727375,0.0,0.0,KOTAKBANK
2025-07-28,404.36187672461557,410.35153572567935,391.32438806949864,392.6421203613281,69123495,0.0,0.0,KOTAKBANK
2025-07-29,392.72199647393273,395.2576274914692,389.9268342644319,393.86004638671875,25219670,0.0,0.0,KOTAKBANK
2025-07-30,392.5422885575496,395.49717848247747,390.7254180066558,391.2644958496094,17949955,0.0,0.0,KOTAKBANK
2025-07-31,387.57087488385605,399.0311005524212,386.33302172067715,395.0379943847656,21519590,0.0,0.0,KOTAKBANK
2025-08-01,395.91647865379014,400.70819382102934,393.740243125793,397.7932434082031,13361865,0.0,0.0,KOTAKBANK
2025-08-04,396.71508634722477,400.7081924613689,395.73679484684794,398.7116394042969,7716305,0.0,0.0,KOTAKBANK
2025-08-05,400.90785292705664,400.90785292705664,398.2723883147173,399.9095764160156,12106660,0.0,0.0,KOTAKBANK
2025-08-06,399.9095832308442,404.4217821702482,397.8531360202545,399.789794921875,13311395,0.0,0.0,KOTAKBANK
2025-08-07,395.5171623489094,398.4121581122293,392.3226653559474,397.73333740234375,72760995,0.0,0.0,KOTAKBANK
2025-08-08,398.09270145303674,399.21076625864436,388.96847008478943,389.8669128417969,10928645,0.0,0.0,KOTAKBANK
2025-08-11,392.12299841430604,404.102316457085,390.60562909628055,394.4989013671875,11012565,0.0,0.0,KOTAKBANK
2025-08-12,394.3192223672201,396.4954578524867,390.60563252278274,391.1247253417969,7889120,0.0,0.0,KOTAKBANK
2025-08-13,392.9216464515522,398.57189524055485,391.76364202640497,396.8548583984375,13733665,0.0,0.0,KOTAKBANK
2025-08-14,396.9147432965791,398.0128535417985,394.41905204152636,394.9581298828125,9922965,0.0,0.0,KOTAKBANK
2025-08-18,398.8913126683514,404.50165221991955,398.73161523665283,399.5901184082031,21519720,0.0,0.0,KOTAKBANK
2025-08-19,398.11265554022253,405.79939676706715,397.81318477657135,405.2803039550781,15558845,0.0,0.0,KOTAKBANK
2025-08-20,403.40353741923343,404.1422522761842,400.4087079364848,402.8045654296875,13134705,0.0,0.0,KOTAKBANK
2025-08-21,407.0971541469084,407.0971541469084,401.88614947500423,402.8644714355469,14493935,0.0,0.0,KOTAKBANK
2025-08-22,401.3471205329002,403.0242178580681,395.3574611158864,396.63525390625,8958465,0.0,0.0,KOTAKBANK
2025-08-25,396.71509429164684,399.0710427879616,394.65864703887974,395.97637939453125,11849075,0.0,0.0,KOTAKBANK
2025-08-26,394.9182151985585,396.0961742336374,391.563990098439,392.46246337890625,18550690,0.0,0.0,KOTAKBANK
2025-08-28,390.32613109392344,392.92165621721205,387.55092350321047,388.2696838378906,17989700,0.0,0.0,KOTAKBANK
2025-08-29,389.36780016626466,396.29584196853955,389.36780016626466,391.3843078613281,15371790,0.0,0.0,KOTAKBANK
2025-09-01,391.3843001490987,393.87999151385344,390.3660690396724,393.04144287109375,7891610,0.0,0.0,KOTAKBANK
2025-09-02,392.52235636331784,394.35918158159484,387.41115477530616,387.8304443359375,12917095,0.0,0.0,KOTAKBANK
2025-09-03,388.12991260908706,392.08310970382456,385.5543725003788,391.3643493652344,20037270,0.0,0.0,KOTAKBANK
2025-09-04,391.5240589949514,393.66035488230744,388.62903274702046,389.2679443359375,9457295,0.0,0.0,KOTAKBANK
2025-09-05,389.2679614904682,390.78533088354266,386.7523155444542,388.4294128417969,9906260,0.0,0.0,KOTAKBANK
2025-09-08,387.830439450164,391.62387815197184,385.6342188554442,389.3478088378906,12527790,0.0,0.0,KOTAKBANK
2025-09-09,390.52577811239297,392.5023460803835,387.2913415434412,391.40423583984375,15873920,0.0,0.0,KOTAKBANK
2025-09-10,396.2958367943458,397.094445850384,392.4824130520508,393.9798278808594,42604510,0.0,0.0,KOTAKBANK
2025-09-11,394.71853374228476,396.3157822827684,391.98326579975713,393.7801513671875,11816335,0.0,0.0,KOTAKBANK
2025-09-12,393.9598642959161,396.3157822827684,392.52234365597906,393.7801513671875,18077285,0.0,0.0,KOTAKBANK
2025-09-15,392.9216499510977,395.63696334270014,392.3027233742956,393.4806823730469,13098130,0.0,0.0,KOTAKBANK
2025-09-16,394.59874454017506,405.4001038784605,393.9598634044166,403.64312744140625,20084385,0.0,0.0,KOTAKBANK
2025-09-17,405.1006037174715,409.8324551862034,403.36361230393936,409.353271484375,23917190,0.0,0.0,KOTAKBANK
2025-09-18,409.29336420936994,411.54947884380573,407.73605530957667,410.2117919921875,17420580,0.0,0.0,KOTAKBANK
2025-09-19,410.2118054084459,410.2118054084459,404.78117864412536,405.49993896484375,22431125,0.0,0.0,KOTAKBANK
2025-09-22,405.69957465069393,407.2169744699615,402.78462425101594,403.64312744140625,13229910,0.0,0.0,KOTAKBANK
2025-09-23,403.9026791195159,409.912292698884,400.9876983267941,408.83416748046875,25428240,0.0,0.0,KOTAKBANK
2025-09-24,407.6961409670819,408.91403958875,405.1006158183649,405.5598449707031,18394385,0.0,0.0,KOTAKBANK
2025-09-25,405.7594805811606,406.79769673000413,401.3071756698445,402.0059814453125,20039275,0.0,0.0,KOTAKBANK
2025-09-26,401.10750162038886,403.14399429235846,397.134380488437,398.27239990234375,9595825,0.0,0.0,KOTAKBANK
2025-09-29,398.49201759617813,400.04932654446014,393.38084664130577,397.6335144042969,26530510,0.0,0.0,KOTAKBANK
2025-09-30,400.1092337272251,402.30545434886966,396.5354170410758,397.8531494140625,29309685,0.0,0.0,KOTAKBANK
2025-10-01,396.51544506843504,413.68578289613794,396.51544506843504,411.94879150390625,30579755,0.0,0.0,KOTAKBANK
2025-10-03,411.94879673826716,420.873391358273,411.6892350915389,419.3759765625,23679650,0.0,0.0,KOTAKBANK
2025-10-06,422.07130250014336,430.1773334721175,417.87855937496556,428.4602966308594,25764180,0.0,0.0,KOTAKBANK
2025-10-07,427.661665298593,429.8778404445717,423.6086649677014,424.6468811035156,12364695,0.0,0.0,KOTAKBANK
2025-10-08,424.5670085545185,425.76495261186983,421.7119522176401,422.83001708984375,4402475,0.0,0.0,KOTAKBANK
2025-10-09,422.86994763844575,429.6582159116338,419.53570765694,428.1807861328125,15827485,0.0,0.0,KOTAKBANK
2025-10-10,428.26063851870305,430.81622404096333,426.5835412319039,429.27886962890625,9681210,0.0,0.0,KOTAKBANK
2025-10-13,426.46374053318596,430.45684660385257,426.0244964282141,429.6781921386719,10600020,0.0,0.0,KOTAKBANK
2025-10-14,429.05925369589795,432.25375087682374,427.5818238833307,429.6182861328125,8022815,0.0,0.0,KOTAKBANK
2025-10-15,430.25717184713756,432.4334073072979,427.5019189561206,429.1790466308594,11540535,0.0,0.0,KOTAKBANK
2025-10-16,429.83789024916655,442.1566493057548,429.69814737826357,440.3197937011719,33692100,0.0,0.0,KOTAKBANK
2025-10-17,440.0203387553533,441.2182828075126,437.3249798704862,440.3996887207031,16706510,0.0,0.0,KOTAKBANK
2025-10-20,442.0368268502596,452.4189269358333,439.2816043963023,441.9969177246094,15207085,0.0,0.0,KOTAKBANK
2025-10-21,441.99692517030456,443.19483872460165,436.62619257667416,438.6427001953125,1134020,0.0,0.0,KOTAKBANK
2025-10-23,444.23305592905706,448.10637374054346,441.4378938305524,444.35284423828125,21496105,0.0,0.0,KOTAKBANK
2025-10-24,446.8285814865207,446.8285814865207,432.8926496402778,436.6461486816406,16293685,0.0,0.0,KOTAKBANK
2025-10-27,433.6912671732111,436.4465202022546,423.6685620728347,428.9794006347656,18599700,0.0,0.0,KOTAKBANK
2025-10-28,427.6616621245238,432.8726668634206,427.6616621245238,431.4151916503906,23304345,0.0,0.0,KOTAKBANK
2025-10-29,433.2520064367184,434.1105096143005,428.63997382324067,429.3587341308594,7088915,0.0,0.0,KOTAKBANK
2025-10-30,429.25889349933607,429.85786549023834,424.54702721720923,426.70330810546875,12438465,0.0,0.0,KOTAKBANK
2025-10-31,428.63998781695545,428.63998781695545,419.27614894935596,419.71539306640625,18931270,0.0,0.0,KOTAKBANK
2025-11-03,419.7153819012876,423.10951597140115,416.8602952164107,421.97149658203125,7657265,0.0,0.0,KOTAKBANK
2025-11-04,422.6103812272446,423.4888694452829,417.8785602386985,418.5973205566406,9581885,0.0,0.0,KOTAKBANK
2025-11-06,413.88544344274857,420.03483034522856,413.70576098414875,415.92193603515625,11902845,0.0,0.0,KOTAKBANK
2025-11-07,415.0234811753937,419.13637566744586,411.13020874189687,416.940185546875,7000945,0.0,0.0,KOTAKBANK
2025-11-10,415.48270114228853,420.2344766765381,415.48270114228853,417.81866455078125,10866480,0.0,0.0,KOTAKBANK
2025-11-11,419.2761547588791,419.8751267872455,414.26481740034535,416.6606750488281,10814210,0.0,0.0,KOTAKBANK
2025-11-12,419.29610600196844,419.29610600196844,415.2830452341666,416.1814880371094,9035425,0.0,0.0,KOTAKBANK
2025-11-13,417.1797633354703,417.1797633354703,412.2083656237895,414.32470703125,10711530,0.0,0.0,KOTAKBANK
2025-11-14,412.4878765733133,416.3811489679997,411.88890455913486,415.22314453125,12202755,0.0,0.0,KOTAKBANK
2025-11-17,418.2778695307826,423.24929765870917,417.7587766982812,419.8551330566406,25151640,0.0,0.0,KOTAKBANK
2025-11-18,417.3993907722806,420.6737366734581,415.2830493375538,417.8985290527344,10300340,0.0,0.0,KOTAKBANK
2025-11-19,419.1763088227944,421.2726956286347,417.17975576294305,420.4541015625,12464500,0.0,0.0,KOTAKBANK
2025-11-20,422.231022614109,422.231022614109,417.91849125987375,419.0165710449219,36702845,0.0,0.0,KOTAKBANK
2025-11-21,419.2761291233556,421.57215288256253,414.98355236832316,416.84033203125,39194210,0.0,0.0,KOTAKBANK
2025-11-24,418.2778634098207,420.0747489664001,414.76394101396227,416.7405090332031,24922845,0.0,0.0,KOTAKBANK
2025-11-25,418.1381045407307,418.1381045407307,412.62762890690965,413.26654052734375,15164895,0.0,0.0,KOTAKBANK
2025-11-26,414.2847683954061,421.27270424785877,414.1050859279389,420.03485107421875,14896715,0.0,0.0,KOTAKBANK
2025-11-27,420.07473849565287,425.3656222181128,417.5590926861503,421.3126220703125,20148975,0.0,0.0,KOTAKBANK
2025-11-28,423.06957988633235,427.6217184114977,419.71538537936084,424.1477355957031,15840785,0.0,0.0,KOTAKBANK
2025-12-01,426.0644107413828,431.8544328933307,424.8864517477903,428.77972412109375,16310160,0.0,0.0,KOTAKBANK
2025-12-02,427.26236292000397,431.255469115518,427.14257460853577,427.7415466308594,18294165,0.0,0.0,KOTAKBANK
2025-12-03,426.2840345662378,429.5983199705965,423.0895679365398,428.4802551269531,14031015,0.0,0.0,KOTAKBANK
2025-12-04,428.4802595333141,428.6200024077155,423.5687255311066,426.34393310546875,12871640,0.0,0.0,KOTAKBANK
2025-12-05,426.2640919682435,432.45341883855315,425.66511993805506,430.23724365234375,9658475,0.0,0.0,KOTAKBANK
2025-12-08,430.99590795396324,431.03584754615895,424.46720125166354,425.58526611328125,14960235,0.0,0.0,KOTAKBANK
2025-12-09,423.2692556956905,425.94462952858635,421.05308054396755,424.8066101074219,16037550,0.0,0.0,KOTAKBANK
2025-12-10,425.2657883326833,430.3570045676905,424.00795019586315,425.16595458984375,10941335,0.0,0.0,KOTAKBANK
2025-12-11,425.16597439476266,440.2399563162756,423.0895725858904,435.28851318359375,24978600,0.0,0.0,KOTAKBANK
2025-12-12,435.58796372715665,439.44132685339974,434.19038272216477,434.5697326660156,14312745,0.0,0.0,KOTAKBANK
2025-12-15,432.67301605831847,436.36662084660577,430.5566442778355,435.50811767578125,13779900,0.0,0.0,KOTAKBANK
2025-12-16,434.8492644609115,438.0437310918794,433.5514866872522,435.7277526855469,8544595,0.0,0.0,KOTAKBANK
2025-12-17,436.84582020539585,437.88403633768615,431.95427125005875,433.89093017578125,8060720,0.0,0.0,KOTAKBANK
2025-12-18,433.89092601189697,435.0289454153279,431.2355067839153,432.17388916015625,5633400,0.0,0.0,KOTAKBANK
2025-12-19,432.95255573324937,434.74944135307834,430.51675849260295,431.1556396484375,11504670,0.0,0.0,KOTAKBANK
2025-12-22,433.25200532016913,434.44994931810686,428.6799123091702,429.1990051269531,9041130,0.0,0.0,KOTAKBANK
2025-12-23,429.75803255956146,433.431682762064,429.1990001576581,431.7945251464844,8070815,0.0,0.0,KOTAKBANK
2025-12-24,432.85270479082646,434.8891974200609,431.4750783200202,431.9941711425781,7791790,0.0,0.0,KOTAKBANK
2025-12-26,431.6547805324864,433.9707894744504,429.8379098729294,432.0940246582031,3691745,0.0,0.0,KOTAKBANK
2025-12-29,433.371809768569,435.6079394853607,430.3370405350784,430.9759521484375,4858980,0.0,0.0,KOTAKBANK
2025-12-30,431.1955546423937,432.2537252971466,427.0427207389374,429.7979736328125,28360690,0.0,0.0,KOTAKBANK
2025-12-31,430.8561647311619,440.3198069200647,430.39696604872137,439.4613037109375,14284445,0.0,0.0,KOTAKBANK
2026-01-01,441.23822328745234,443.41445879659574,437.0454497037056,442.7955322265625,6734875,0.0,0.0,KOTAKBANK
2026-01-02,442.79555083555135,444.812058529919,435.34841618914203,438.26336669921875,12238470,0.0,0.0,KOTAKBANK
2026-01-05,438.6227487151993,440.5793621931248,435.6478736742348,437.4248046875,10914245,0.0,0.0,KOTAKBANK
2026-01-06,439.6609766519108,444.83204192925524,426.2640917910288,428.5401611328125,26541035,0.0,0.0,KOTAKBANK
2026-01-07,428.5401578343537,429.35875192013754,421.11297783622985,428.06097412109375,10561315,0.0,0.0,KOTAKBANK
2026-01-08,427.282312232926,427.8613296845505,422.9897353114908,425.8647766113281,11484710,0.0,0.0,KOTAKBANK
2026-01-09,425.8647757088061,425.8647757088061,422.4706415845176,424.62689208984375,10319615,0.0,0.0,KOTAKBANK
2026-01-12,424.6269048044945,427.14258124433906,420.47410110582933,425.9246826171875,12720435,0.0,0.0,KOTAKBANK
2026-01-13,424.6468622241772,428.1408299723652,423.2692357804946,425.7848815917969,12717650,0.0,0.0,KOTAKBANK
2026-01-14,425.26579665231594,426.86304517405335,418.07819353698835,420.2744140625,10818517,0.0,5.0,KOTAKBANK
2026-01-15,420.2744140625,420.2744140625,420.2744140625,420.2744140625,0,0.0,0.0,KOTAKBANK
2026-01-16,423.26923961026824,426.8630411339177,416.3811377945125,417.479248046875,17993251,0.0,0.0,KOTAKBANK
2026-01-19,418.2778670921923,429.65821346900736,414.2847609624339,426.16424560546875,22228439,0.0,0.0,KOTAKBANK
2026-01-20,427.26235367872204,430.2571832605823,421.77183277864503,423.069580078125,18805991,0.0,0.0,KOTAKBANK
2026-01-21,421.3725208231926,424.7666548630621,415.68233253210144,420.8733825683594,16386060,0.0,0.0,KOTAKBANK
2026-01-22,423.0695875208091,429.05924678990016,419.57561961383925,425.26580810546875,10087657,0.0,0.0,KOTAKBANK
2026-01-23,428.26064647030415,429.05925553647,419.6754619165975,422.0713195800781,10548118,0.0,0.0,KOTAKBANK
2026-01-27,414.28476603165916,414.28476603165916,399.80975613416746,407.9956359863281,47613963,0.0,0.0,KOTAKBANK
2026-01-28,408.59457613120605,413.4861555551203,405.59974650757647,411.6892395019531,14823671,0.0,0.0,KOTAKBANK
2026-01-29,406.2985522724163,413.88546007860776,406.2985522724163,411.6892395019531,26085514,0.0,0.0,KOTAKBANK
2026-01-30,409.29336697447536,411.78905823651485,404.70128895932646,407.29681396484375,20681886,0.0,0.0,KOTAKBANK
2026-02-02,407.9956287419803,410.14191718188175,404.40182715203855,407.4964904785156,15422034,0.0,0.0,KOTAKBANK
2026-02-03,414.28476497574223,424.2675303968445,409.5928530418313,415.0833740234375,35396945,0.0,0.0,KOTAKBANK
2026-02-04,415.98185236595316,417.92847336786326,409.8923592916805,411.63934326171875,14948177,0.0,0.0,KOTAKBANK
2026-02-05,410.29165442230504,413.23658237604917,403.40355244835763,408.0455322265625,24814864,0.0,0.0,KOTAKBANK
2026-02-06,410.291656059999,423.91812467556457,409.59285029920807,421.6221008300781,21228778,0.0,0.0,KOTAKBANK
2026-02-09,429.2589181717522,434.1504671928058,423.46892634519605,428.06097412109375,22538542,0.0,0.0,KOTAKBANK
2026-02-10,430.05750386079467,433.1521671026884,427.4620093337042,428.5600891113281,18428055,0.0,0.0,KOTAKBANK
2026-02-11,430.9559807296188,430.9559807296188,427.01277633666,428.8096618652344,12299205,0.0,0.0,KOTAKBANK
2026-02-12,428.6599459093862,430.30709612939364,424.3673689160354,425.515380859375,14003384,0.0,0.0,KOTAKBANK
2026-02-13,425.2658038652311,428.1607997234299,418.8269080291661,419.9250183105469,23233320,0.0,0.0,KOTAKBANK
2026-02-16,418.2778545856067,425.9645958415494,417.52914720866346,424.8664855957031,12403028,0.0,0.0,KOTAKBANK
2026-02-17,422.91983585766116,424.76665348755984,419.8751046990307,423.7184753417969,6427007,0.0,0.0,KOTAKBANK
2026-02-18,424.96633020713955,426.66338202595625,420.62382121681645,425.6152038574219,7333331,0.0,0.0,KOTAKBANK
2026-02-19,424.9663325714642,425.2159017048829,415.13330262176845,415.6823425292969,6473423,0.0,0.0,KOTAKBANK
2026-02-20,414.2847479397285,422.67026445563283,414.2847479397285,420.6238098144531,6603883,0.0,0.0,KOTAKBANK
2026-02-23,422.2709613667453,431.05578241958824,419.6255347230468,429.95770263671875,10399627,0.0,0.0,KOTAKBANK
2026-02-24,430.1573572910767,431.7047042153327,425.066140816881,426.962890625,15016915,0.0,0.0,KOTAKBANK
2026-02-25,424.76666075154463,429.40864049284835,420.6737209121761,424.2176208496094,10192468,0.0,0.0,KOTAKBANK
2026-02-26,425.9646173005251,425.9646173005251,420.9732345361176,423.81829833984375,13417228,0.0,0.0,KOTAKBANK
2026-02-27,419.7752895678544,421.6221072796393,413.73572862213393,414.48443603515625,17806739,0.0,0.0,KOTAKBANK
2026-03-02,409.29336774212993,413.8854457658916,406.39837196573063,412.3880310058594,15236666,0.0,0.0,KOTAKBANK
2026-03-04,404.3019963799578,409.7925173184511,401.50683426999046,402.65484619140625,18393751,0.0,0.0,KOTAKBANK
2026-03-05,402.9044175427905,409.3432829452956,401.65657186808227,406.5980224609375,14963265,0.0,0.0,KOTAKBANK
2026-03-06,403.00423410756787,405.99906359918225,398.3123223847129,399.1109313964844,17512726,0.0,0.0,KOTAKBANK
2026-03-09,389.32784630420565,393.1712170337948,384.4362974051748,385.68414306640625,20275976,0.0,0.0,KOTAKBANK
2026-03-10,389.8269727333991,393.57050960343815,386.83214323736786,391.1746520996094,21346381,0.0,0.0,KOTAKBANK
2026-03-11,388.17983764186386,390.4259598509032,379.29518255243795,382.5395812988281,29991868,0.0,0.0,KOTAKBANK
2026-03-12,376.3502500034559,379.49481496486504,373.4053220680992,374.6531677246094,25048123,0.0,0.0,KOTAKBANK
2026-03-13,372.35713734889805,372.956109346477,362.77367678257895,366.2177429199219,32179473,0.0,0.0,KOTAKBANK
2026-03-16,366.2177558208054,372.70655334903427,363.42256322196357,369.21258544921875,27927294,0.0,0.0,KOTAKBANK
2026-03-17,369.2125752937637,374.50342863910555,367.964729649581,373.5550842285156,15176772,0.0,0.0,KOTAKBANK
2026-03-18,374.35368621702094,376.30033757134186,370.4604139733601,374.75299072265625,15235416,0.0,0.0,KOTAKBANK
2026-03-19,365.51894984522363,369.5120560141513,362.7237877129672,367.5155029296875,17308390,0.0,0.0,KOTAKBANK
2026-03-20,367.96473760820606,371.95784375595656,364.7702405040128,366.117919921875,17077194,0.0,0.0,KOTAKBANK
2026-03-23,364.22119934703227,364.27110098771533,354.6377385322632,355.93548583984375,16980244,0.0,0.0,KOTAKBANK
2026-03-24,362.3743722725201,370.3106826942331,360.77712376730335,366.2177429199219,19990983,0.0,0.0,KOTAKBANK
2026-03-25,368.3141302991329,377.34852052247476,362.374372882694,370.4604187011719,42442702,0.0,0.0,KOTAKBANK
2026-03-27,366.91653248814987,368.2143102776179,361.875248114207,365.5189514160156,28928069,0.0,0.0,KOTAKBANK
2026-03-30,360.37783188924624,362.3244833333667,351.043940122664,352.7909240722656,39762775,0.0,0.0,KOTAKBANK
2026-04-01,363.1729833091824,363.42255243747763,354.388162179184,355.43634033203125,21245776,0.0,0.0,KOTAKBANK
2026-04-02,349.69625418438636,359.22981326793473,344.9045390549985,357.38299560546875,22056018,0.0,0.0,KOTAKBANK
2026-04-06,357.38299591468177,360.77713000635,349.4966174609575,359.9285888671875,18320378,0.0,0.0,KOTAKBANK
2026-04-07,356.3847356284031,363.3726716211169,356.3847356284031,362.3244934082031,23655155,0.0,0.0,KOTAKBANK
2026-04-08,376.35024707477993,380.4930885291585,368.8132715541026,379.49481201171875,30162218,0.0,0.0,KOTAKBANK
2026-04-09,376.3502495688028,378.0473318456893,368.8132739981789,371.259033203125,12422256,0.0,0.0,KOTAKBANK
2026-04-10,372.8562713278809,378.4965274383721,371.7082594502558,373.9044494628906,23751660,0.0,0.0,KOTAKBANK
2026-04-13,367.3158592120961,372.35714347258204,364.9699032875701,371.259033203125,30027087,0.0,0.0,KOTAKBANK
2026-04-15,374.8528343640066,382.3399082860573,374.8528343640066,381.7409362792969,19100372,0.0,0.0,KOTAKBANK
2026-04-16,382.489657752434,385.7839886784025,377.59810870294694,378.4965515136719,12060624,0.0,0.0,KOTAKBANK
2026-04-17,378.6462660418718,384.5361217915114,376.0008393974469,382.9388732910156,11626179,0.0,0.0,KOTAKBANK
2026-04-20,383.43802725185,385.3347465954633,377.34853423079045,378.5464782714844,11146713,0.0,0.0,KOTAKBANK
2026-04-21,380.79258824495815,382.4896400388497,377.6979249602387,381.4913635253906,12323488,0.0,0.0,KOTAKBANK
2026-04-22,377.4483767167286,382.1402583106071,375.6015589716455,376.2005310058594,14471487,0.0,0.0,KOTAKBANK
2026-04-23,369.4122243125531,375.30208031632253,367.0163666909259,369.7616271972656,27628052,0.0,0.0,KOTAKBANK
2026-04-24,369.96127682238074,372.1574668423793,367.0163489627464,370.2108459472656,19678907,0.0,0.0,KOTAKBANK
2026-04-27,374.35368821303865,379.7943073343939,372.60670433471114,376.15057373046875,11559552,0.0,0.0,KOTAKBANK
2026-04-28,371.35885715448444,382.5894677539144,371.35885715448444,377.2986145019531,12852733,0.0,0.0,KOTAKBANK
2026-04-29,377.3485380642077,385.3846521518042,376.89930142813813,381.3416442871094,7913344,0.0,0.0,KOTAKBANK
2026-04-30,375.95093944683924,386.18327366584316,374.65316170592797,382.6393737792969,24812228,0.0,0.0,KOTAKBANK
2026-05-01,382.6393737792969,382.6393737792969,382.6393737792969,382.6393737792969,0,0.0,0.0,KOTAKBANK
2026-05-04,378.24696517794484,381.39153010501576,362.37437469345906,371.00946044921875,74467483,0.0,0.0,KOTAKBANK
2026-05-05,370.3605885804022,374.8528329162831,368.11446641246175,370.7099914550781,19084772,0.0,0.0,KOTAKBANK
2026-05-06,373.35543310528345,379.3450924599137,365.01981774375986,375.9509582519531,36195481,0.0,0.0,KOTAKBANK
2026-05-07,375.4518237751584,381.79088608267705,373.65490767157956,378.7461242675781,27286751,0.0,0.0,KOTAKBANK
2026-05-08,378.3467912544696,380.8424824896574,373.35540878409404,380.1436767578125,16183126,0.0,0.0,KOTAKBANK
2026-05-11,375.4517990978753,385.3347303905433,373.7547168557587,380.39324951171875,21347878,0.0,0.0,KOTAKBANK
2026-05-12,379.54476351967634,380.3932742308924,373.90447653581367,375.35198974609375,13065308,0.0,0.0,KOTAKBANK
2026-05-13,377.2486841158025,383.33817687266134,376.2005059744088,376.9991149902344,16267456,0.0,0.0,KOTAKBANK
2026-05-14,377.348531118611,384.3364668800667,374.95267352196544,382.5395812988281,10652514,0.0,0.0,KOTAKBANK
2026-05-15,382.5395941444389,392.6221631382673,379.84423521708914,386.3829345703125,19461437,0.0,0.0,KOTAKBANK
2026-05-18,381.3416277070331,392.322669342576,379.644545450093,391.1247253417969,14575831,0.0,0.0,KOTAKBANK
2026-05-19,387.8304473935137,391.12474788808305,379.594665692107,381.291748046875,22567886,0.0,0.0,KOTAKBANK
2026-05-20,375.6514488191217,383.3880919835906,375.6514488191217,382.5395812988281,12342444,0.0,0.0,KOTAKBANK
2026-05-21,384.03700488284875,385.7839888631438,377.2487059947126,380.1936340332031,10133840,0.0,0.0,KOTAKBANK
2026-05-22,380.3433501270712,385.63420344153394,380.3433501270712,383.4879150390625,10348359,0.0,0.0,KOTAKBANK
2026-05-25,387.63076659912866,394.46896696119046,386.58258842271005,392.1729431152344,15571552,0.0,0.0,KOTAKBANK
2026-05-26,392.17293714604006,394.26932393195074,386.3330134084967,387.98016357421875,15059212,0.0,0.0,KOTAKBANK
2026-05-27,387.88032448404437,389.8269758580605,386.03353731867367,388.03009033203125,9326451,0.0,0.0,KOTAKBANK
2026-05-28,388.03009033203125,388.03009033203125,388.03009033203125,388.03009033203125,0,0.0,0.0,KOTAKBANK
2026-05-29,388.1798214084353,391.8734261631799,380.5929139488522,383.537841796875,40109830,0.0,0.0,KOTAKBANK
2026-06-01,383.4879085617731,386.33300265884606,375.0025583741757,376.7495422363281,12335552,0.0,0.0,KOTAKBANK
2026-06-02,372.3571373134064,380.8923892669035,371.5585282933648,378.3966979980469,14834956,0.0,0.0,KOTAKBANK
2026-06-03,376.9492192040528,382.7891429260207,374.45352790962045,380.3433532714844,14844206,0.0,0.0,KOTAKBANK
2026-06-04,377.84766916897473,383.33819012123195,377.2486971539139,380.8424987792969,13889236,0.0,0.0,KOTAKBANK
2026-06-05,380.8425073910831,383.0387280076408,374.0043068665559,376.79949951171875,10129597,0.0,0.0,KOTAKBANK
2026-06-08,372.3571335100725,378.24695875141794,372.0576627468611,376.4500732421875,14460894,0.0,0.0,KOTAKBANK
2026-06-09,379.0456221721567,381.7908827132733,376.64973405519595,381.04217529296875,13987913,0.0,0.0,KOTAKBANK
2026-06-10,379.8442142140513,390.52578511775835,379.8442142140513,387.4311218261719,21427363,0.0,0.0,KOTAKBANK
2026-06-11,385.3347498578859,399.2107878659894,383.8872366685407,392.6720886230469,16135289,0.0,0.0,KOTAKBANK
2026-06-12,397.0644967807851,403.80286347662496,394.26933463368897,402.60491943359375,17227481,0.0,0.0,KOTAKBANK
2026-06-15,407.29681182128,410.2916413199659,401.7563894347036,405.0506896972656,14269679,0.0,0.0,KOTAKBANK
2026-06-16,405.05070789032584,407.84587002865305,403.8028622098258,407.1470947265625,9079548,0.0,0.0,KOTAKBANK
2026-06-17,407.14708891430837,408.04553169844615,401.85620502552894,403.8028564453125,11654415,0.0,0.0,KOTAKBANK
2026-06-18,403.2538307645823,403.5533015481981,398.96122325452933,402.25555419921875,9342524,0.0,0.0,KOTAKBANK
2026-06-19,401.8063190152067,402.85449722664447,397.3140744547883,398.5619201660156,17504009,0.0,0.0,KOTAKBANK
2026-06-22,398.56191327270693,402.405284089811,398.0627749968488,401.4569091796875,7158956,0.0,0.0,KOTAKBANK
2026-06-23,397.31406041682766,404.30199615280196,397.31406041682766,400.957763671875,10077909,0.0,0.0,KOTAKBANK
2026-06-24,400.95775888820594,407.2469192545386,399.51027621058415,405.2503662109375,11768059,0.0,0.0,KOTAKBANK
2026-06-25,408.79424325061603,413.08682018788966,406.4982193939315,408.29510498046875,16587414,0.0,0.0,KOTAKBANK
2026-06-26,408.29510498046875,408.29510498046875,408.29510498046875,408.29510498046875,0,0.0,0.0,KOTAKBANK
2026-06-29,401.8062949391593,404.1522508286948,393.42077835516443,394.818359375,37210245,0.0,0.0,KOTAKBANK
2026-06-30,394.81837337924236,396.3157881961042,389.2280186366283,391.573974609375,24824891,0.0,0.0,KOTAKBANK
2026-07-01,396.6651937755247,400.7082016225359,392.572253821956,399.7598571777344,21723944,0.0,0.0,KOTAKBANK
2026-07-02,399.7598588170068,404.3020049583232,396.61526329534473,398.61181640625,12980945,0.0,0.0,KOTAKBANK
2026-07-03,399.31062194785756,400.75813513841166,393.8700025378249,396.06622314453125,14747410,0.0,0.0,KOTAKBANK
2026-07-06,389.07827098745855,389.07827098745855,380.0438807297398,380.642822265625,34164881,0.0,0.0,KOTAKBANK
2026-07-07,380.8425077948944,382.2400888864662,377.9974135047407,381.04217529296875,23216875,0.0,0.0,KOTAKBANK
2026-07-08,377.8476751518066,381.09207394769396,368.4638816505443,369.462158203125,22517529,0.0,0.0,KOTAKBANK
2026-07-09,370.8597435066903,377.29863953014825,367.7650800654548,376.5,30720415,0.0,0.0,KOTAKBANK
2026-07-10,376.79948336551075,380.4930881978325,376.25041300240804,376.94921875,15468937,0.0,0.0,KOTAKBANK
2026-07-13,375.15230717775006,384.48619881106305,374.4535318868759,383.987060546875,14167721,0.0,0.0,KOTAKBANK
2026-07-14,382.8390533207743,382.8390533207743,375.4518130133178,377.9974060058594,16237528,0.0,0.0,KOTAKBANK
2026-07-15,378.69620814243245,382.1402438955259,375.6015448032169,377.7478332519531,8082156,0.0,0.0,KOTAKBANK
2026-07-16,376.8494028903784,380.5929400051835,375.9010279686346,376.5,10889356,0.0,0.0,KOTAKBANK
2026-07-17,377.5,391.79998779296875,375.70001220703125,389.95001220703125,17847316,0.65,0.0,KOTAKBANK
2026-07-20,382.0,383.75,376.1000061035156,382.04998779296875,32539419,0.0,0.0,KOTAKBANK
2026-07-21,383.0,386.95001220703125,381.04998779296875,385.95001220703125,17152911,0.0,0.0,KOTAKBANK
2026-07-22,384.29998779296875,390.0,378.1499938964844,381.1499938964844,11688952,0.0,0.0,KOTAKBANK
2026-07-23,379.70001220703125,386.1000061035156,378.8500061035156,383.3500061035156,12720546,0.0,0.0,KOTAKBANK
2026-07-24,378.6000061035156,386.5,378.6000061035156,384.75,13308317,0.0,0.0,KOTAKBANK
2026-07-27,386.0,388.75,383.54998779296875,384.6499938964844,16710096,0.0,0.0,KOTAKBANK
2026-07-28,383.04998779296875,387.29998779296875,383.04998779296875,385.29998779296875,14247981,0.0,0.0,KOTAKBANK
2026-07-29,387.0,392.25,385.1499938964844,390.20001220703125,9190194,0.0,0.0,KOTAKBANK
2026-07-30,385.70001220703125,390.20001220703125,385.70001220703125,389.3999938964844,12205963,0.0,0.0,KOTAKBANK
2026-07-31,390.20001220703125,391.8500061035156,388.0,390.29998779296875,7014637,0.0,0.0,KOTAKBANK
2026-08-03,392.0,397.5,391.04998779296875,397.5,11247062,0.0,0.0,KOTAKBANK
2026-08-04,395.5,398.25,392.1000061035156,398.0,9131231,0.0,0.0,KOTAKBANK
2026-08-05,397.0,400.0,393.8500061035156,400.0,11842327,0.0,0.0,KOTAKBANK
2026-08-06,397.25,398.79998779296875,393.75,394.0,10378024,0.0,0.0,KOTAKBANK
2026-08-07,393.0,394.8500061035156,387.75,390.75,7315232,0.0,0.0,KOTAKBANK
2026-08-10,388.0,393.5,386.5,393.5,11662079,0.0,0.0,KOTAKBANK
2026-08-11,392.1000061035156,392.8999938964844,388.29998779296875,392.8999938964844,7853813,0.0,0.0,KOTAKBANK
2026-08-12,391.0,394.25,387.5,390.5,10733474,0.0,0.0,KOTAKBANK
2026-08-13,390.3999938964844,392.3999938964844,388.54998779296875,392.3999938964844,5726518,0.0,0.0,KOTAKBANK
2026-08-14,393.1000061035156,394.3500061035156,389.8500061035156,391.1499938964844,9519332,0.0,0.0,KOTAKBANK
2026-08-17,389.0,396.3500061035156,389.0,392.70001220703125,5105327,0.0,0.0,KOTAKBANK
2026-08-18,391.0,392.8999938964844,387.6499938964844,387.6499938964844,5653147,0.0,0.0,KOTAKBANK
2026-08-19,387.0,393.1000061035156,386.75,390.25,6704930,0.0,0.0,KOTAKBANK
2026-08-20,393.6000061035156,399.54998779296875,393.1499938964844,397.3500061035156,9258923,0.0,0.0,KOTAKBANK
2026-08-21,398.8999938964844,406.0,398.29998779296875,402.79998779296875,15670257,0.0,0.0,KOTAKBANK
2026-08-24,403.5,405.6000061035156,398.20001220703125,401.45001220703125,14932117,0.0,0.0,KOTAKBANK
2026-08-25,398.29998779296875,402.04998779296875,398.1499938964844,401.6000061035156,10154716,0.0,0.0,KOTAKBANK
2026-08-26,402.5,417.45001220703125,401.0,416.70001220703125,20168995,0.0,0.0,KOTAKBANK
2026-08-27,415.75,427.70001220703125,415.0,424.20001220703125,32914085,0.0,0.0,KOTAKBANK
2026-08-28,424.6000061035156,426.20001220703125,421.0,423.70001220703125,18952918,0.0,0.0,KOTAKBANK
2026-08-31,421.0,425.04998779296875,419.3999938964844,419.3999938964844,18992797,0.0,0.0,KOTAKBANK
2026-09-01,420.79998779296875,429.1000061035156,420.75,425.0,7669677,0.0,0.0,KOTAKBANK
2026-09-02,421.8999938964844,425.75,418.95001220703125,423.5,10022695,0.0,0.0,KOTAKBANK
2026-09-03,425.0,426.8999938964844,421.1499938964844,421.1499938964844,5991118,0.0,0.0,KOTAKBANK
2026-09-04,421.6499938964844,425.95001220703125,421.6499938964844,424.5,9408316,0.0,0.0,KOTAKBANK
2026-09-07,421.79998779296875,425.70001220703125,421.0,422.1000061035156,7148641,0.0,0.0,KOTAKBANK
2026-09-08,422.29998779296875,423.8500061035156,419.0,419.25,12406799,0.0,0.0,KOTAKBANK
2026-09-09,418.20001220703125,420.6499938964844,413.95001220703125,414.0,10886349,0.0,0.0,KOTAKBANK
2026-09-10,413.70001220703125,416.54998779296875,412.79998779296875,416.54998779296875,7755254,0.0,0.0,KOTAKBANK
2026-09-11,412.6000061035156,420.0,409.25,419.0,15197483,0.0,0.0,KOTAKBANK
2026-09-14,419.0,419.0,419.0,419.0,0,0.0,0.0,KOTAKBANK
2026-09-15,420.5,420.5,409.79998779296875,409.79998779296875,14367343,0.0,0.0,KOTAKBANK
2026-09-16,413.6000061035156,417.04998779296875,409.3500061035156,415.0,10898426,0.0,0.0,KOTAKBANK
2026-09-17,415.0,417.6000061035156,412.5,416.5,11475105,0.0,0.0,KOTAKBANK
2026-09-18,415.5,419.20001220703125,412.5,412.5,15461137,0.0,0.0,KOTAKBANK
2026-09-21,415.20001220703125,420.6000061035156,414.54998779296875,414.79998779296875,8470861,0.0,0.0,KOTAKBANK
2026-09-22,416.5,417.79998779296875,412.54998779296875,412.6499938964844,3795161,0.0,0.0,KOTAKBANK
2026-09-23,414.6499938964844,417.25,411.3500061035156,413.25,8628172,0.0,0.0,KOTAKBANK
2026-09-24,407.0,410.0,404.29998779296875,405.0,12799846,0.0,0.0,KOTAKBANK
2026-09-25,406.8999938964844,407.95001220703125,399.29998779296875,404.0,18175573,0.0,0.0,KOTAKBANK
2026-09-28,402.0,403.70001220703125,395.75,401.54998779296875,15062655,0.0,0.0,KOTAKBANK
2026-09-29,401.25,409.25,394.70001220703125,406.0,32613940,0.0,0.0,KOTAKBANK
2026-09-30,406.1000061035156,419.1499938964844,405.95001220703125,417.0,32537029,0.0,0.0,KOTAKBANK
2026-10-01,426.0,435.6000061035156,416.04998779296875,418.3500061035156,76628600,0.0,0.0,KOTAKBANK
