Date,Open,High,Low,Close,Volume,Dividends,Stock Splits,Symbol
2021-10-04,1612.3546707827188,1638.4431217021001,1600.5222293309125,1630.1746826171875,1588493,0.0,0.0,LT
2021-10-05,1629.4617774567193,1653.696991994571,1621.383372610769,1631.5526123046875,1705242,0.0,0.0,LT
2021-10-06,1631.5526424100342,1649.800403302305,1606.176993126096,1610.9765625,1845661,0.0,0.0,LT
2021-10-07,1625.1849927183378,1643.527770328981,1615.6809869129672,1627.513427734375,1378863,0.0,0.0,LT
2021-10-08,1653.6970508805368,1654.6474514844913,1634.6890388014504,1641.246826171875,1755402,0.0,0.0,LT
2021-10-11,1647.7569013380526,1660.2071249453134,1629.9368915903447,1631.74267578125,1528151,0.0,0.0,LT
2021-10-12,1625.66011171615,1639.9636861442489,1615.6809061195293,1632.9781494140625,1671988,0.0,0.0,LT
2021-10-13,1641.3417123523127,1676.411515049255,1638.5380772001406,1665.1492919921875,2105025,0.0,0.0,LT
2021-10-14,1686.9609834829519,1727.7331904559037,1679.7854128934093,1700.5517578125,4440909,0.0,0.0,LT
2021-10-18,1717.5164572073584,1720.7002759951517,1693.6138590573655,1699.743896484375,1918546,0.0,0.0,LT
2021-10-19,1720.03503906176,1791.5051172259816,1712.6694344683906,1754.487060546875,6639827,0.0,0.0,LT
2021-10-20,1762.9931412387405,1775.9661328396749,1707.204671531428,1717.0887451171875,3295376,0.0,0.0,LT
2021-10-21,1724.9769960921276,1735.906602403455,1702.2149493543789,1716.185791015625,2774633,0.0,0.0,LT
2021-10-22,1725.9274829125402,1740.658692155461,1692.996079047,1703.35546875,1520637,0.0,0.0,LT
2021-10-25,1703.3555707206956,1722.886350550501,1673.0377666800653,1695.6573486328125,2488386,0.0,0.0,LT
2021-10-26,1696.4649762689196,1722.0307741844579,1693.18614078829,1707.156982421875,1930107,0.0,0.0,LT
2021-10-27,1711.6715194040864,1724.0267274841826,1687.0561201029086,1696.0374755859375,1408879,0.0,0.0,LT
2021-10-28,1710.2934398640773,1769.6459107101332,1702.1674683575986,1724.2642822265625,6379424,0.0,0.0,LT
2021-10-29,1731.6297934613042,1734.3859782456927,1649.705312866283,1679.025146484375,3984689,0.0,0.0,LT
2021-11-01,1687.9114079632939,1715.473024422154,1664.341427481853,1706.3016357421875,2316925,0.0,0.0,LT
2021-11-02,1710.7210562461994,1733.958304187265,1706.3492367500428,1725.5948486328125,1687119,0.0,0.0,LT
2021-11-03,1727.8282202271187,1820.0170746616789,1727.8282202271187,1795.7818603515625,11580233,0.0,0.0,LT
2021-11-04,1805.7610512978608,1825.576879631333,1805.7610512978608,1814.26708984375,764191,0.0,0.0,LT
2021-11-08,1848.1015177006168,1856.9877400332578,1817.3559657348503,1829.093505859375,3674523,0.0,0.0,LT
2021-11-09,1837.5995854093692,1866.681820966781,1834.5583498537615,1847.1986083984375,3550645,0.0,0.0,LT
2021-11-10,1836.8391463979613,1857.0827250682898,1836.1739124011956,1853.4237060546875,3208195,0.0,0.0,LT
2021-11-11,1851.2377868495848,1883.456390416093,1830.138939920561,1835.8887939453125,7061537,0.0,0.0,LT
2021-11-12,1843.7769830548377,1867.53699572307,1832.4671938216215,1862.7374267578125,2026320,0.0,0.0,LT
2021-11-15,1863.9730582479228,1876.5658653973353,1846.6282484006192,1850.4774169921875,1127678,0.0,0.0,LT
2021-11-16,1853.2810679956533,1881.7455179926944,1847.5786647095129,1858.3182373046875,2279531,0.0,0.0,LT
2021-11-17,1852.3307679753361,1880.7477690966198,1847.1511311155991,1856.037353515625,2166686,0.0,0.0,LT
2021-11-18,1856.037202416256,1857.0826197872052,1799.1081879514736,1802.9097900390625,1883794,0.0,0.0,LT
2021-11-22,1804.097993882932,1805.7611949835748,1746.6937726918927,1772.02197265625,2407464,0.0,0.0,LT
2021-11-23,1758.2410485382786,1801.5792911801914,1753.0138454210025,1792.7880859375,2028470,0.0,0.0,LT
2021-11-24,1800.058712248322,1808.0421003843473,1754.3919176247616,1770.12109375,1361828,0.0,0.0,LT
2021-11-25,1762.9930156830555,1774.255238968243,1747.0262400781398,1758.14599609375,1930012,0.0,0.0,LT
2021-11-26,1729.7289505687838,1750.4001619286032,1680.8783405199124,1689.9547119140625,2796595,0.0,0.0,LT
2021-11-29,1689.812265426068,1701.2646390530358,1649.0876229523196,1679.595458984375,2111420,0.0,0.0,LT
2021-11-30,1679.5954839552678,1709.6756865711586,1664.4366405785024,1677.219482421875,3385628,0.0,0.0,LT
2021-12-01,1676.50659289045,1705.0186097763421,1674.6533581991446,1697.4154052734375,1359786,0.0,0.0,LT
2021-12-02,1697.367863165489,1705.0186342124643,1675.5562163414575,1700.4566650390625,2813690,0.0,0.0,LT
2021-12-03,1710.6734904476043,1753.299049594169,1707.4422212638265,1711.9090576171875,3612772,0.0,0.0,LT
2021-12-06,1709.7705932063127,1730.6794053522488,1689.8121816124649,1694.2315673828125,1566109,0.0,0.0,LT
2021-12-07,1701.4070953147013,1720.2250734638444,1684.2048677832024,1708.915283203125,2097201,0.0,0.0,LT
2021-12-08,1712.621905970312,1749.6875299064063,1712.621905970312,1734.5286865234375,3433206,0.0,0.0,LT
2021-12-09,1743.9851166824099,1790.697329795599,1737.284745985879,1786.5631103515625,3791595,0.0,0.0,LT
2021-12-10,1786.563055661637,1797.064912455173,1768.7430447968973,1780.48046875,1771926,0.0,0.0,LT
2021-12-13,1799.7735061276962,1802.1970739782162,1763.0406170500692,1769.170654296875,1857829,0.0,0.0,LT
2021-12-14,1758.2409894545956,1781.0506022907632,1754.6294210159263,1773.1622314453125,1685243,0.0,0.0,LT
2021-12-15,1773.4474529765153,1804.5730714572126,1771.2140348535584,1787.513427734375,2176709,0.0,0.0,LT
2021-12-16,1798.157915949259,1813.364325386462,1773.7326671970304,1780.9556884765625,2469902,0.0,0.0,LT
2021-12-17,1773.9227808279752,1781.7160196093662,1740.8487924057215,1755.4849853515625,2352938,0.0,0.0,LT
2021-12-20,1730.6794673776437,1738.9004556509735,1683.6346383632597,1710.103271484375,2488158,0.0,0.0,LT
2021-12-21,1727.7332740920076,1760.3319450653976,1722.6010876484258,1736.9046630859375,2077840,0.0,0.0,LT
2021-12-22,1736.9047238490182,1786.3255567821923,1736.9047238490182,1778.1995849609375,1692505,0.0,0.0,LT
2021-12-23,1789.6041538674087,1794.2135731211258,1769.7407600770016,1785.27978515625,1677127,0.0,0.0,LT
2021-12-24,1795.0692856024457,1795.0692856024457,1758.2412592267501,1767.175048828125,1203991,0.0,0.0,LT
2021-12-27,1767.1749186989923,1782.6189286225201,1754.249493596903,1773.6375732421875,1139744,0.0,0.0,LT
2021-12-28,1779.244889764809,1814.3146941166672,1779.244889764809,1805.285888671875,1916098,0.0,0.0,LT
2021-12-29,1801.009160443433,1814.2672025797315,1796.3047238184754,1800.8665771484375,1287946,0.0,0.0,LT
2021-12-30,1798.443024589243,1807.376697033212,1787.6084350111712,1792.1702880859375,1805349,0.0,0.0,LT
2021-12-31,1793.7384089817792,1812.5088193644067,1793.6909585649075,1801.8643798828125,1145546,0.0,0.0,LT
2022-01-03,1801.0091495123759,1841.3536088563867,1799.7261318966018,1827.477783203125,1906676,0.0,0.0,LT
2022-01-04,1827.4777720277043,1846.6283673367811,1819.5895166505584,1841.44873046875,1643920,0.0,0.0,LT
2022-01-05,1844.4422521039414,1854.2314239158209,1832.0395948645073,1851.950439453125,1711667,0.0,0.0,LT
2022-01-06,1848.0539098528027,1856.1323147043065,1824.388912437612,1829.0458984375,1372015,0.0,0.0,LT
2022-01-07,1833.370288065635,1838.9775586836736,1803.0524863140217,1810.4180908203125,1447123,0.0,0.0,LT
2022-01-10,1815.2651737100382,1862.7376379984264,1812.6515720201414,1856.2274169921875,2397846,0.0,0.0,LT
2022-01-11,1852.33066193461,1872.2890733766965,1841.5436389535728,1863.8780517578125,2232435,0.0,0.0,LT
2022-01-12,1880.3676529183906,1885.5948564013581,1863.0704077992154,1876.2808837890625,1585970,0.0,0.0,LT
2022-01-13,1877.5639321370008,1928.3627972704487,1877.5639321370008,1918.28857421875,2373324,0.0,0.0,LT
2022-01-14,1914.1067257801992,1948.2735794691544,1907.4539218673585,1943.33154296875,3124945,0.0,0.0,LT
2022-01-17,1943.3315085116528,1969.1823568511973,1940.7179070208072,1966.7587890625,1858651,0.0,0.0,LT
2022-01-18,1972.698638889433,1975.4549394658675,1910.827707632112,1921.8997802734375,1460676,0.0,0.0,LT
2022-01-19,1919.714272213407,1926.4620935411704,1888.446068014951,1920.6646728515625,2336679,0.0,0.0,LT
2022-01-20,1919.8091730584758,1934.065181769306,1885.689769007416,1904.1275634765625,2031107,0.0,0.0,LT
2022-01-21,1883.8365602250071,1895.859150939852,1846.6759202101487,1859.0311279296875,2209132,0.0,0.0,LT
2022-01-24,1858.0331879742077,1861.8347904048455,1788.2263097479015,1805.6661376953125,2307120,0.0,0.0,LT
2022-01-25,1801.0090905701716,1835.5086778670552,1758.3360815271378,1829.8062744140625,2998042,0.0,0.0,LT
2022-01-27,1819.5894276368795,1826.66986536012,1774.3978348737483,1816.0728759765625,2932713,0.0,0.0,LT
2022-01-28,1821.0626011139116,1851.380404034036,1797.492735394767,1803.4327392578125,2233620,0.0,0.0,LT
2022-01-31,1796.4471495250175,1828.5707358860514,1758.6687260575172,1814.5047607421875,3161064,0.0,0.0,LT
2022-02-01,1832.9900866827677,1900.7061274485488,1821.917896814066,1891.7723388671875,5392787,0.0,0.0,LT
2022-02-02,1896.144243758674,1908.4044348951545,1872.8594286914772,1884.3592529296875,3579380,0.0,0.0,LT
2022-02-03,1883.2187090072696,1886.545110966152,1834.2730801837145,1837.7420654296875,2262217,0.0,0.0,LT
2022-02-04,1851.3803301071603,1860.6943021987827,1827.905482184051,1851.332763671875,1440816,0.0,0.0,LT
2022-02-07,1836.6490102491127,1850.9050180906324,1781.5733463609843,1791.02978515625,2641464,0.0,0.0,LT
2022-02-08,1796.2570804980046,1802.8623180649865,1756.3402564869377,1782.5712890625,2040523,0.0,0.0,LT
2022-02-09,1791.029930233535,1805.6661226728627,1782.5713416925985,1795.11669921875,1390810,0.0,0.0,LT
2022-02-10,1798.1578209248423,1816.2154311772588,1787.7034149892327,1806.71142578125,1288856,0.0,0.0,LT
2022-02-11,1795.306744543775,1795.306744543775,1758.2411209137024,1778.4371337890625,1744894,0.0,0.0,LT
2022-02-14,1751.8257301419626,1755.3421656027842,1705.9689057940175,1709.7705078125,2290199,0.0,0.0,LT
2022-02-15,1720.2250198163763,1788.6538603836575,1716.5660008502923,1782.9990234375,2602134,0.0,0.0,LT
2022-02-16,1782.9991428287747,1793.691149883359,1750.78053836782,1768.410400390625,1898439,0.0,0.0,LT
2022-02-17,1776.2985943002498,1791.409985962122,1762.1376031703735,1776.013427734375,1459905,0.0,0.0,LT
2022-02-18,1777.2492374251726,1801.9596546300147,1772.6398174189492,1789.699462890625,1912482,0.0,0.0,LT
2022-02-21,1781.9535520697134,1790.459707018133,1757.148119703252,1771.4991455078125,1262585,0.0,0.0,LT
2022-02-22,1723.0761366811619,1762.9929583803394,1711.1961302230734,1752.9661865234375,2288298,0.0,0.0,LT
2022-02-23,1757.2907334130102,1760.1419352519713,1726.0700964795262,1730.0142822265625,1583872,0.0,0.0,LT
2022-02-24,1694.8017990810222,1710.7210084653525,1664.1513810126846,1670.1864013671875,3616355,0.0,0.0,LT
2022-02-25,1693.6137379569727,1709.485380340754,1677.4569290090108,1688.9093017578125,2476882,0.0,0.0,LT
2022-02-28,1677.3618931879575,1731.8673395545572,1665.862070152319,1726.64013671875,2553662,0.0,0.0,LT
2022-03-02,1710.7210774420357,1736.334327167458,1680.7834585868,1695.9898681640625,3152628,0.0,0.0,LT
2022-03-03,1720.224903206876,1723.5988713846334,1658.9716374519994,1665.3868408203125,2259979,0.0,0.0,LT
2022-03-04,1653.6969601193953,1667.0501342783605,1618.5321397030634,1626.84814453125,3906819,0.0,0.0,LT
2022-03-07,1576.00190650614,1584.1278786176101,1525.9158377471135,1553.38232421875,6318251,0.0,0.0,LT
2022-03-08,1547.1571450067154,1583.367384313998,1515.8889423654423,1576.2393798828125,4421730,0.0,0.0,LT
2022-03-09,1593.3464708146582,1615.4908493235173,1568.2084234821637,1607.0797119140625,3306502,0.0,0.0,LT
2022-03-10,1653.6969505871623,1670.8041604208227,1622.3337325587852,1642.482177734375,2776325,0.0,0.0,LT
2022-03-11,1634.6889242580785,1649.372566154004,1621.193283033852,1642.909912109375,1577597,0.0,0.0,LT
2022-03-14,1648.9449760073394,1667.0025866956044,1630.4121650378045,1660.1121826171875,1558334,0.0,0.0,LT
2022-03-15,1661.300199084996,1677.4570088014978,1640.961603650496,1656.975830078125,2062332,0.0,0.0,LT
2022-03-16,1673.655352792388,1682.826741216677,1659.5893783785436,1669.0933837890625,2101909,0.0,0.0,LT
2022-03-17,1692.805987599901,1715.0928344171612,1680.7358308289101,1699.22119140625,3383036,0.0,0.0,LT
2022-03-21,1715.472935393717,1715.472935393717,1658.4489043002973,1669.1884765625,2301462,0.0,0.0,LT
2022-03-22,1669.1886169220525,1688.8618628973006,1635.782012694242,1686.0582275390625,3986030,0.0,0.0,LT
2022-03-23,1691.7130666245225,1702.6902399518767,1671.8972373337738,1679.595458984375,1574226,0.0,0.0,LT
2022-03-24,1667.953074438117,1691.4279231535586,1664.1514719892552,1683.6822509765625,1580887,0.0,0.0,LT
2022-03-25,1687.531026999614,1689.7169944553716,1652.7463935022429,1664.2462158203125,1483897,0.0,0.0,LT
2022-03-28,1665.1018407482848,1667.953042530388,1639.5360415656196,1655.2176513671875,1799629,0.0,0.0,LT
2022-03-29,1661.9654635120169,1667.0976498955524,1647.0442206715884,1660.0172119140625,2071779,0.0,0.0,LT
2022-03-30,1679.262855504228,1688.9094448672274,1667.0976813298494,1685.6304931640625,1712835,0.0,0.0,LT
2022-03-31,1691.6654433055014,1692.9960273028178,1670.8041972602082,1679.9755859375,1401916,0.0,0.0,LT
2022-04-01,1671.7546975863274,1705.018719425737,1671.7546975863274,1701.3121337890625,2050573,0.0,0.0,LT
2022-04-04,1695.5147168467995,1739.0905623473732,1688.4817290109986,1735.76416015625,1955281,0.0,0.0,LT
2022-04-05,1748.7370681132445,1753.4890710157263,1736.3818605667923,1744.9830322265625,1718581,0.0,0.0,LT
2022-04-06,1742.0843647620018,1765.8443806480084,1737.0471949878875,1760.90234375,2245496,0.0,0.0,LT
2022-04-07,1758.1461059246064,1763.8009431294372,1720.3676817999628,1735.7166748046875,2003954,0.0,0.0,LT
2022-04-08,1744.3651865263153,1747.6915884395937,1727.8757602450596,1739.94580078125,1903321,0.0,0.0,LT
2022-04-11,1729.9666951897102,1738.9955009055748,1690.7626703708252,1693.138671875,2262446,0.0,0.0,LT
2022-04-12,1691.7129991860118,1693.1386000280224,1647.614389936676,1661.0150146484375,4215141,0.0,0.0,LT
2022-04-13,1667.1927172119981,1684.9177119357635,1660.44489602927,1673.4654541015625,1673417,0.0,0.0,LT
2022-04-18,1659.6845382132374,1663.1534074318893,1629.9369543886714,1652.1287841796875,1808707,0.0,0.0,LT
2022-04-19,1661.5853421059098,1673.4177826477883,1603.3257414890352,1621.145751953125,2737766,0.0,0.0,LT
2022-04-20,1625.1373362491606,1627.4658871518902,1588.4518990759718,1607.697509765625,3832617,0.0,0.0,LT
2022-04-21,1618.4846189031973,1640.2013649365304,1615.6809836026357,1629.4617919921875,1797489,0.0,0.0,LT
2022-04-22,1616.631221571291,1631.2674122125218,1606.5569996547008,1610.31103515625,1474689,0.0,0.0,LT
2022-04-25,1591.921078947347,1591.921078947347,1570.0618641319506,1575.146484375,1964344,0.0,0.0,LT
2022-04-26,1596.6730982860106,1618.6273301843023,1581.4666878261437,1615.633544921875,2440990,0.0,0.0,LT
2022-04-27,1591.9208951934265,1607.6975208620563,1584.0325243512666,1593.8692626953125,1346726,0.0,0.0,LT
2022-04-28,1606.1769793389649,1645.1434030980759,1596.67297354406,1633.9761962890625,3117433,0.0,0.0,LT
2022-04-29,1645.1432360610845,1652.7464399250293,1603.4681980849732,1610.31103515625,2404830,0.0,0.0,LT
2022-05-02,1585.8383237898304,1602.327750017549,1572.9604660339362,1596.150146484375,1399802,0.0,0.0,LT
2022-05-04,1596.1977752788541,1598.4787598756634,1544.4485100662378,1552.906982421875,1777673,0.0,0.0,LT
2022-05-05,1568.8261193068633,1588.3093303065116,1552.0040762158822,1556.4234619140625,1707752,0.0,0.0,LT
2022-05-06,1535.8473794889967,1552.004189793027,1532.1407939219912,1541.9774169921875,1439520,0.0,0.0,LT
2022-05-09,1527.8163252373256,1549.0101861544517,1512.3247511367686,1535.98974609375,1400010,0.0,0.0,LT
2022-05-10,1531.095301315804,1548.7727285189185,1521.5912957210442,1528.196533203125,1176030,0.0,0.0,LT
2022-05-11,1521.116008757853,1529.194413053037,1480.1062037503411,1492.88916015625,2988788,0.0,0.0,LT
2022-05-12,1473.1207639026698,1477.8251999359559,1438.0509625137208,1450.4537353515625,3407191,0.0,0.0,LT
2022-05-13,1454.1129676617484,1496.7859792622828,1427.501749952906,1458.3897705078125,4328846,0.0,0.0,LT
2022-05-16,1473.1208676462409,1489.7528774422467,1463.0940953343713,1466.373046875,1775914,0.0,0.0,LT
2022-05-17,1468.3689447214995,1528.1491663861168,1468.3689447214995,1524.53759765625,1608711,0.0,0.0,LT
2022-05-18,1542.5001111635534,1542.5001111635534,1487.3768786019475,1494.5048828125,2984009,0.0,0.0,LT
2022-05-19,1473.1209751178278,1485.2385831389581,1463.9495858437924,1471.172607421875,1798843,0.0,0.0,LT
2022-05-20,1491.5586130495353,1533.423686732293,1483.6227918374716,1530.2398681640625,2175224,0.0,0.0,LT
2022-05-23,1548.2026037508547,1577.6650228523135,1525.963206129194,1562.6011962890625,4177811,0.0,0.0,LT
2022-05-24,1563.218884940653,1571.677357098281,1530.2399159531103,1545.636474609375,1970395,0.0,0.0,LT
2022-05-25,1552.0041442280026,1558.3717816957767,1493.1743252332446,1496.643310546875,1417130,0.0,0.0,LT
2022-05-26,1496.8809809223742,1510.0915727825436,1460.4331402408332,1486.9493408203125,3578710,0.0,0.0,LT
2022-05-27,1497.0708791052816,1526.3432620439069,1495.9304448674404,1520.926025390625,1279218,0.0,0.0,LT
2022-05-30,1539.6490569418675,1581.1815190469188,1533.5664695631538,1578.472900390625,2119326,0.0,0.0,LT
2022-05-31,1578.1401475645257,1591.3507386997012,1563.4089387194488,1572.437744140625,3534742,0.0,0.0,LT
2022-06-01,1571.5350238617907,1578.6154622198308,1557.1838813926845,1566.26025390625,1425466,0.0,0.0,LT
2022-06-02,1551.0538996548717,1567.6383450065407,1543.1655276559814,1555.948486328125,1852251,0.0,0.0,LT
2022-06-03,1575.7165232831942,1590.6853317349626,1563.3613163071316,1570.1092529296875,2928263,0.0,0.0,LT
2022-06-06,1570.2044028832029,1579.8509923507577,1553.049625336757,1558.8470458984375,1538005,0.0,0.0,LT
2022-06-07,1549.1530503486197,1557.1364389646,1507.4304388569487,1510.6142578125,2157491,0.0,0.0,LT
2022-06-08,1515.8890378543915,1528.054212589536,1492.2240384490096,1505.9573974609375,2122442,0.0,0.0,LT
2022-06-09,1479.013282300665,1520.640872594208,1479.013282300665,1515.98388671875,1361104,0.0,0.0,LT
2022-06-10,1492.1289544917463,1515.4137693866812,1491.2261203204673,1506.47998046875,1337799,0.0,0.0,LT
2022-06-13,1482.7675128374617,1488.2797666840436,1442.9932711037707,1456.061279296875,2460367,0.0,0.0,LT
2022-06-14,1456.0612309754965,1477.2076435316567,1449.550894297337,1468.0362548828125,1983405,0.0,0.0,LT
2022-06-15,1471.1725291541395,1489.2777065817206,1462.7140568176358,1482.95751953125,1461683,0.0,0.0,LT
2022-06-16,1490.608268855213,1496.8808893789958,1441.5200564860902,1451.641845703125,2329325,0.0,0.0,LT
2022-06-17,1446.5097018025228,1454.0653401067104,1407.923460949695,1416.04931640625,4548572,0.0,0.0,LT
2022-06-20,1416.0968039607908,1423.557424993285,1384.1158026010885,1398.799560546875,1837431,0.0,0.0,LT
2022-06-21,1406.5928088277915,1440.0468616585001,1403.6465903367634,1425.885986328125,1458922,0.0,0.0,LT
2022-06-22,1416.097037127536,1416.9998713825078,1395.1882218142434,1405.405029296875,1906619,0.0,0.0,LT
2022-06-23,1408.018420256793,1436.768037005202,1408.018420256793,1420.18359375,1828491,0.0,0.0,LT
2022-06-24,1427.2640861025866,1437.0056921505648,1415.1464785794915,1420.706298828125,1731440,0.0,0.0,LT
2022-06-27,1448.4105921228645,1468.0838391922673,1434.867382846125,1459.6253662109375,2389778,0.0,0.0,LT
2022-06-28,1454.112896195466,1480.2489123035543,1448.5055095364096,1474.5465087890625,2072405,0.0,0.0,LT
2022-06-29,1455.3009287682398,1476.9225425670822,1449.7411084231057,1471.1251220703125,1480197,0.0,0.0,LT
2022-06-30,1472.2180311920822,1489.1826579540361,1465.6126777027002,1480.961669921875,3308971,0.0,0.0,LT
2022-07-01,1483.527685489073,1497.8312601089538,1458.4846543115827,1494.1722412109375,1294305,0.0,0.0,LT
2022-07-04,1494.1248342168467,1508.7134609478048,1473.3110368406267,1503.2486572265625,1269969,0.0,0.0,LT
2022-07-05,1505.434487854242,1518.027295281053,1484.1454920955887,1487.2818603515625,1445200,0.0,0.0,LT
2022-07-06,1487.899608572238,1511.612055587469,1474.8316011756158,1478.9658203125,2422594,0.0,0.0,LT
2022-07-07,1488.2322490311744,1534.0890757098912,1487.9946488929427,1531.1903076171875,1697912,0.0,0.0,LT
2022-07-08,1540.5993456113788,1617.5817928627803,1537.748143861327,1603.75341796875,6516138,0.0,0.0,LT
2022-07-11,1601.3773589294071,1605.0839442743354,1571.3922912122898,1580.51611328125,1316037,0.0,0.0,LT
2022-07-12,1572.9127319981812,1589.9249231183971,1567.2578957727978,1571.7247314453125,781516,0.0,0.0,LT
2022-07-13,1581.4666963879192,1599.7619090714934,1562.8388666768756,1565.5474853515625,1914814,0.0,0.0,LT
2022-07-14,1569.9191900771968,1584.6503992098937,1553.524779913389,1564.501953125,1170472,0.0,0.0,LT
2022-07-15,1571.8674979216473,1604.1335502920153,1567.400545712814,1601.2823486328125,1345141,0.0,0.0,LT
2022-07-18,1611.9269594281882,1648.5648323894459,1606.1769894796894,1641.9595947265625,3200640,0.0,0.0,LT
2022-07-19,1634.6413913897334,1648.8973997428484,1628.9865544826082,1644.0029296875,1351783,0.0,0.0,LT
2022-07-20,1654.0295974910405,1660.2072011538164,1642.2446073004521,1653.6494140625,1509911,0.0,0.0,LT
2022-07-21,1662.2645306557908,1702.740586465624,1650.9061414325038,1699.0828857421875,2827327,22.0,0.0,LT
2022-07-22,1699.419785665869,1712.9439606690337,1686.9545331907111,1701.5855712890625,1495629,0.0,0.0,LT
2022-07-25,1698.9385275681198,1718.6712413444068,1694.173846120256,1715.7353515625,1916615,0.0,0.0,LT
2022-07-26,1714.0989806388293,1714.0989806388293,1676.7031061198352,1685.703125,1585897,0.0,0.0,LT
2022-07-27,1688.3501177491178,1751.3985400481868,1684.4998324178769,1729.40380859375,5369460,0.0,0.0,LT
2022-07-28,1737.4414299694222,1748.0297156922277,1720.06696866917,1733.831787109375,1831059,0.0,0.0,LT
2022-07-29,1747.0189681954248,1763.9121437762135,1726.8531437569043,1740.3773193359375,1747781,0.0,0.0,LT
2022-08-01,1740.3291387568242,1749.8104438056353,1723.2916715118092,1746.7783203125,1341943,0.0,0.0,LT
2022-08-02,1741.2915645981739,1743.8424021648882,1709.2378917816336,1725.9385986328125,1749346,0.0,0.0,LT
2022-08-03,1725.9386597190296,1736.4787693283106,1706.6390565516044,1722.810302734375,1264299,0.0,0.0,LT
2022-08-04,1726.660441818231,1746.874439081678,1708.5640544104028,1713.47314453125,1856927,0.0,0.0,LT
2022-08-05,1716.2165246705554,1739.3664124118422,1708.8529479162944,1720.548095703125,1430542,0.0,0.0,LT
2022-08-08,1729.1632036545461,1763.4788959215232,1723.2433663277554,1761.168701171875,2625195,0.0,0.0,LT
2022-08-10,1761.5056612685244,1797.120803053735,1754.0457329216222,1785.71435546875,3422074,0.0,0.0,LT
2022-08-11,1800.0567394204436,1808.4792393849762,1785.7624597652357,1797.2652587890625,1918049,0.0,0.0,LT
2022-08-12,1795.195589509483,1799.0458749561521,1769.2061627444664,1777.33984375,1041383,0.0,0.0,LT
2022-08-16,1790.3828837736014,1794.2331695451574,1773.0565978015986,1779.6983642578125,1426893,0.0,0.0,LT
2022-08-17,1791.7785601947028,1797.4577551916389,1780.8053397785507,1786.2437744140625,1748371,0.0,0.0,LT
2022-08-18,1787.4950462476081,1827.4899339436877,1780.7570466117797,1823.6396484375,2519639,0.0,0.0,LT
2022-08-19,1823.2063651958501,1869.3135562261123,1821.9069173774324,1863.5863037109375,4134598,0.0,0.0,LT
2022-08-22,1864.596995047672,1871.2387610640724,1804.8213359028475,1810.2598876953125,3175874,0.0,0.0,LT
2022-08-23,1800.0085024225466,1840.388325302539,1795.86939843781,1806.794677734375,1811509,0.0,0.0,LT
2022-08-24,1805.7839071436488,1826.9604774832865,1782.2971419939547,1822.4844970703125,1534933,0.0,0.0,LT
2022-08-25,1828.8855966718663,1846.2118812719157,1802.8961697717925,1807.61279296875,1121363,0.0,0.0,LT
2022-08-26,1819.4524619915087,1840.436566073871,1816.564747714196,1834.0836181640625,1119310,0.0,0.0,LT
2022-08-29,1800.0083110321718,1819.259736818612,1791.3451694282735,1811.077880859375,1183546,0.0,0.0,LT
2022-08-30,1823.0140596305519,1855.8377219806566,1818.4418453258795,1850.5435791015625,1394462,0.0,0.0,LT
2022-09-01,1833.6983132287478,1858.2438812011012,1821.2811200483404,1841.3507080078125,2014905,0.0,0.0,LT
2022-09-02,1829.366896022137,1885.4848541187675,1829.126253178672,1867.8697509765625,3201140,0.0,0.0,LT
2022-09-05,1875.0407675424317,1898.9125834285649,1869.4097487854242,1894.67724609375,2474746,0.0,0.0,LT
2022-09-06,1899.923330013191,1910.800315494752,1878.2654751809969,1888.853759765625,1172733,0.0,0.0,LT
2022-09-07,1868.447321353502,1887.9393922067754,1861.6130879126326,1884.81103515625,1238549,0.0,0.0,LT
2022-09-08,1894.2442625253725,1903.003638677073,1874.65595823249,1900.5009765625,1632797,0.0,0.0,LT
2022-09-09,1903.3405063196258,1913.014395748022,1871.2387741016476,1876.7735595703125,980869,0.0,0.0,LT
2022-09-12,1876.773727257257,1893.3780851468264,1874.9929935345979,1888.468994140625,791708,0.0,0.0,LT
2022-09-13,1895.206847453657,1920.3299374203823,1889.623886349322,1916.8165283203125,1761021,0.0,0.0,LT
2022-09-14,1891.1159532541533,1899.1052254947508,1876.4367391810376,1880.768310546875,2322752,0.0,0.0,LT
2022-09-15,1885.7734890815398,1910.4152918903305,1881.6345028195192,1884.2333984375,1566565,0.0,0.0,LT
2022-09-16,1874.1265127182007,1883.6559930628089,1843.3242279688518,1848.1370849609375,3881617,0.0,0.0,LT
2022-09-19,1849.1959470165486,1859.6398235111203,1833.6985705244686,1839.1851806640625,1755456,0.0,0.0,LT
2022-09-20,1858.7252479965803,1882.597064106567,1852.9498199862337,1860.361572265625,1666658,0.0,0.0,LT
2022-09-21,1849.1958813020728,1873.452750928939,1820.8000251823137,1824.698486328125,1618385,0.0,0.0,LT
2022-09-22,1811.559447829971,1834.2761102854768,1802.8963048807311,1817.52734375,1875115,0.0,0.0,LT
2022-09-23,1819.2599739075813,1824.5059411174982,1783.211721425155,1787.3507080078125,1948766,0.0,0.0,LT
2022-09-26,1779.7945790217468,1806.5541118507554,1749.954864608727,1782.15283203125,1529101,0.0,0.0,LT
2022-09-27,1786.5324803704275,1794.233051406507,1763.9120529519444,1772.286376953125,1443698,0.0,0.0,LT
2022-09-28,1761.2169231842097,1786.5325991490026,1757.2704037661103,1766.751708984375,1853503,0.0,0.0,LT
2022-09-29,1775.6071950319597,1787.879979265841,1730.1257005181646,1747.5482177734375,2377718,0.0,0.0,LT
2022-09-30,1755.6820205582321,1812.4737319461367,1748.077800661641,1778.5430908203125,2339518,0.0,0.0,LT
2022-10-03,1782.6822142090027,1782.6822142090027,1746.1045013904595,1751.2061767578125,1850414,0.0,0.0,LT
2022-10-04,1766.6072762396666,1810.548565126785,1766.6072762396666,1801.50048828125,1637532,0.0,0.0,LT
2022-10-06,1811.559173488978,1847.1743113312164,1807.805121945872,1841.3507080078125,2771898,0.0,0.0,LT
2022-10-07,1833.6984068922359,1856.7519435373877,1831.8214397754984,1852.5167236328125,1469264,0.0,0.0,LT
2022-10-10,1833.698458110032,1845.2493145390715,1813.0031736746694,1838.1744384765625,1656954,0.0,0.0,LT
2022-10-11,1851.7949576438784,1851.7949576438784,1801.2117821713866,1808.62353515625,1047963,0.0,0.0,LT
2022-10-12,1809.634123099248,1844.2866914139142,1788.5057291412759,1839.7144775390625,1907748,0.0,0.0,LT
2022-10-13,1829.8482203721273,1840.4365057083153,1798.324007212113,1805.9283447265625,1303645,0.0,0.0,LT
2022-10-14,1828.8857086352232,1864.2602085259307,1827.393675924989,1840.051513671875,1819114,0.0,0.0,LT
2022-10-17,1831.6770819427377,1842.361600640532,1808.0940833974435,1812.71435546875,2588147,0.0,0.0,LT
2022-10-18,1822.2438214250476,1858.9177668073728,1822.2438214250476,1846.30810546875,1401849,0.0,0.0,LT
2022-10-19,1848.1369766152914,1874.1264028489438,1830.4738159901044,1833.6021728515625,1636141,0.0,0.0,LT
2022-10-20,1827.5862283467163,1846.0194943207575,1815.698494951383,1832.88037109375,1374019,0.0,0.0,LT
2022-10-21,1842.072949771464,1852.9500542332366,1797.217143387448,1806.5059814453125,2225676,0.0,0.0,LT
2022-10-24,1834.6611091622758,1848.0408752739686,1828.885680696917,1838.270751953125,269400,0.0,0.0,LT
2022-10-25,1843.3242869821663,1881.490267651554,1820.7520339671987,1876.14794921875,2136147,0.0,0.0,LT
2022-10-27,1879.0355318041827,1898.046316199072,1876.9179218088511,1890.538330078125,2245395,0.0,0.0,LT
2022-10-28,1898.190819185382,1911.666818915907,1890.2977806294887,1901.126708984375,2013794,0.0,0.0,LT
2022-10-31,1911.6666785935276,1958.4957977199751,1904.1585751513678,1947.3780517578125,3176507,0.0,0.0,LT
2022-11-01,1955.9450733326362,1979.046786797195,1915.5652503399326,1948.6776123046875,4464211,0.0,0.0,LT
2022-11-02,1960.2766780893223,1965.5708208487092,1925.1428215952099,1937.945068359375,1889651,0.0,0.0,LT
2022-11-03,1930.9181941104582,1946.8006219284157,1918.4047661326736,1933.51708984375,1052241,0.0,0.0,LT
2022-11-04,1934.7685216455666,1953.394254808891,1929.7150217755968,1939.6776123046875,2312753,0.0,0.0,LT
2022-11-07,1945.7418448862418,1955.94507819149,1918.4047937183266,1942.1322021484375,1395070,0.0,0.0,LT
2022-11-09,1949.255178547691,1960.7096837245826,1921.533076393655,1928.51171875,1301233,0.0,0.0,LT
2022-11-10,1920.3298620466296,1926.923452358392,1896.4580453324124,1903.6292724609375,1261210,0.0,0.0,LT
2022-11-11,1928.6079851888026,1943.2391406028291,1917.394005159663,1935.8272705078125,1203125,0.0,0.0,LT
2022-11-14,1937.7042654520806,1946.2229982337124,1920.570448754581,1924.9501953125,1175155,0.0,0.0,LT
2022-11-15,1928.0304376971555,1941.5064367624377,1904.062387287912,1921.8218994140625,1450841,0.0,0.0,LT
2022-11-16,1911.6666781003505,1934.6239810213694,1910.752282329406,1928.60791015625,1195832,0.0,0.0,LT
2022-11-17,1927.0677830496845,1981.934348301349,1926.201445361224,1953.586669921875,3786182,0.0,0.0,LT
2022-11-18,1962.6830730931324,1974.1857542551377,1931.7363792642893,1948.6776123046875,1248459,0.0,0.0,LT
2022-11-21,1943.431523071226,1956.9075217453205,1931.880667064859,1936.1640625,714687,0.0,0.0,LT
2022-11-22,1945.886178861988,1957.051983132279,1944.009094210069,1953.827392578125,1337869,0.0,0.0,LT
2022-11-23,1962.634854909167,1967.495887345679,1942.4690316358024,1949.20703125,1046988,0.0,0.0,LT
2022-11-24,1954.501164313592,1982.8970196926864,1952.4797879394255,1975.388916015625,1611889,0.0,0.0,LT
2022-11-25,1983.8595675074423,2017.3570977439304,1981.404963545634,1985.5440673828125,2652761,0.0,0.0,LT
2022-11-28,1987.084425850846,1994.4480032904496,1975.19657468726,1987.1805419921875,1105372,0.0,0.0,LT
2022-11-29,1992.5227475049865,1994.4478902561991,1962.2979828106718,1973.80078125,1413764,0.0,0.0,LT
2022-11-30,1976.159005921691,2007.9238608634423,1968.4584350267207,1997.1912841796875,2104550,0.0,0.0,LT
2022-12-01,2007.2019883407695,2031.0256302117366,2001.619027285603,2025.4908447265625,2614357,0.0,0.0,LT
2022-12-02,2017.6459776532074,2020.3409895337304,1991.7044907795441,2007.442626953125,1957264,0.0,0.0,LT
2022-12-05,2017.5014130934114,2018.3196927578626,1991.4158700050236,2007.5389404296875,1767537,0.0,0.0,LT
2022-12-06,2003.1110462000127,2021.3999024603684,1989.635046850277,2015.1431884765625,1530731,0.0,0.0,LT
2022-12-07,2017.8384070042978,2063.7530142861347,2017.8384070042978,2044.5015869140625,3438327,0.0,0.0,LT
2022-12-08,2040.6510717150854,2093.5924910284484,2040.6510717150854,2086.565673828125,3743754,0.0,0.0,LT
2022-12-09,2086.8545804602045,2112.218428241348,2057.496155781221,2073.4267578125,2573609,0.0,0.0,LT
2022-12-12,2068.469715708653,2087.817496049372,2054.6569562639006,2082.7158203125,1536090,0.0,0.0,LT
2022-12-13,2088.7799260196234,2094.266535967598,2071.9349266162394,2091.5712890625,1233124,0.0,0.0,LT
2022-12-14,2095.4695306771364,2127.282558932309,2093.6407392203337,2113.277099609375,1516631,0.0,0.0,LT
2022-12-15,2114.480511275397,2126.320186293795,2092.2452533167266,2096.04736328125,1323412,0.0,0.0,LT
2022-12-16,2080.1165314071477,2128.822732066834,2080.1165314071477,2093.592529296875,2822390,0.0,0.0,LT
2022-12-19,2089.742431640625,2105.5766835808754,2074.389465382466,2102.255859375,1592779,0.0,0.0,LT
2022-12-20,2098.309189662704,2098.309189662704,2057.9775441411216,2082.282470703125,1747181,0.0,0.0,LT
2022-12-21,2072.5123286163357,2093.5443702008806,2062.645972940888,2065.966796875,1979681,0.0,0.0,LT
2022-12-22,2063.753019171279,2067.940298635727,2018.4158136016204,2030.9774169921875,1993744,0.0,0.0,LT
2022-12-23,2016.105707978815,2025.394427576176,1973.3676337133884,1985.5440673828125,2026125,0.0,0.0,LT
2022-12-26,1975.918261769112,2029.100326785672,1974.2337619722075,2012.7847900390625,1154610,0.0,0.0,LT
2022-12-27,2022.8921109766416,2048.352079246795,2006.961506216902,2044.59814453125,1059351,0.0,0.0,LT
2022-12-28,2049.3145473436657,2056.0525472644763,2034.5389820876308,2041.7103271484375,1153883,0.0,0.0,LT
2022-12-29,2030.6885094720078,2041.1806779558833,2015.768653878031,2031.8917236328125,1517150,0.0,0.0,LT
2022-12-30,2035.8383590234237,2053.164642930006,2003.2072850004665,2007.7313232421875,1189427,0.0,0.0,LT
2023-01-02,2014.5655752832981,2019.0898488345877,1997.3838169124567,2011.2447509765625,807344,0.0,0.0,LT
2023-01-03,2009.849153943059,2018.319829561768,1990.5495496931912,2010.7635498046875,1260225,0.0,0.0,LT
2023-01-04,2012.6887317958124,2022.7957320480239,1980.9720494334788,1993.0523681640625,1015547,0.0,0.0,LT
2023-01-05,2002.148395293169,2020.629718095321,1991.0788248384229,2009.223388671875,1881403,0.0,0.0,LT
2023-01-06,2011.9669052602972,2042.287907554918,1994.3038592109883,2008.45361328125,1877917,0.0,0.0,LT
2023-01-09,2029.1005383705372,2047.6782136398567,2022.12189562709,2042.2877197265625,1844365,0.0,0.0,LT
2023-01-10,2052.105707127621,2052.105707127621,2018.7045292587304,2027.80078125,1425414,0.0,0.0,LT
2023-01-11,2027.2715276941287,2059.902601065036,2018.6083859139487,2045.801025390625,1455621,0.0,0.0,LT
2023-01-12,2038.8223301110575,2083.629835367396,2038.8223301110575,2078.913330078125,2726901,0.0,0.0,LT
2023-01-13,2080.9831268684957,2083.8229006524825,2037.9562299896563,2072.80126953125,2180210,0.0,0.0,LT
2023-01-16,2066.640520856192,2080.1165186633584,2052.4907701592174,2057.207275390625,1009649,0.0,0.0,LT
2023-01-17,2059.8064316719865,2134.7908842536053,2056.437431793555,2130.266845703125,4645453,0.0,0.0,LT
2023-01-18,2137.8709722452018,2189.657357970111,2117.656973858372,2181.66796875,4090049,0.0,0.0,LT
2023-01-19,2175.26716861958,2198.320707669915,2157.1226029249615,2188.021240234375,2176835,0.0,0.0,LT
2023-01-20,2197.0208727356176,2211.651909868338,2154.6677344550894,2165.7373046875,1962410,0.0,0.0,LT
2023-01-23,2170.5983598690746,2188.2134622956164,2143.6463624959774,2149.903076171875,1466706,0.0,0.0,LT
2023-01-24,2160.6838273425064,2167.9994634851055,2117.6569356950736,2124.876220703125,1036962,0.0,0.0,LT
2023-01-25,2118.6193825454775,2122.4696676568733,2074.341103764427,2093.3037109375,2134447,0.0,0.0,LT
2023-01-27,2093.3040545866243,2112.84430173535,2047.4857952408722,2079.010009765625,1647900,0.0,0.0,LT
2023-01-30,2049.699567721572,2091.908420136582,2005.8064502586335,2033.817138671875,3441304,0.0,0.0,LT
2023-01-31,2040.6030791177823,2052.9240393541745,1995.0734074254208,2044.886474609375,4516463,0.0,0.0,LT
2023-02-01,2053.1645563873176,2133.0097976907177,2002.4370965329172,2065.244873046875,6868872,0.0,0.0,LT
2023-02-02,2055.6676583883864,2085.8441319884814,2028.9563009657668,2064.619384765625,3488506,0.0,0.0,LT
2023-02-03,2095.469877625793,2100.186618747211,2051.2879419338315,2085.459228515625,2045634,0.0,0.0,LT
2023-02-06,2083.2450088525175,2099.945715492456,2062.1166150794484,2075.400146484375,1332484,0.0,0.0,LT
2023-02-07,2081.3199696608517,2090.705040630533,2069.576645807037,2084.255859375,1089248,0.0,0.0,LT
2023-02-08,2079.6835363764235,2093.833287942821,2045.9935397884458,2051.09521484375,1452145,0.0,0.0,LT
2023-02-09,2069.5286587272262,2071.4056260915586,2055.7638397174574,2067.02587890625,1563181,0.0,0.0,LT
2023-02-10,2060.0951540175965,2088.7316516487945,2057.5444339439928,2082.860107421875,1454665,0.0,0.0,LT
2023-02-13,2091.6677780588575,2127.6678565839243,2079.34681639693,2120.833740234375,2978938,0.0,0.0,LT
2023-02-14,2132.09576631297,2133.05833776503,2100.47520011168,2109.61962890625,1874906,0.0,0.0,LT
2023-02-15,2104.181223829148,2105.962075041651,2076.507294192786,2093.64111328125,1946344,0.0,0.0,LT
2023-02-16,2104.950898758003,2119.870753432523,2090.415978590112,2096.76904296875,2464602,0.0,0.0,LT
2023-02-17,2088.587534754324,2164.8231449710665,2079.1542877445545,2143.02099609375,3753179,0.0,0.0,LT
2023-02-20,2150.095675146679,2167.7107786522693,2132.095637084714,2142.20263671875,1779752,0.0,0.0,LT
2023-02-21,2155.197242019587,2177.336382960387,2139.507282091423,2146.004638671875,1882604,0.0,0.0,LT
2023-02-22,2145.5715850680604,2157.1224415152637,2100.3789062189317,2112.603515625,2103097,0.0,0.0,LT
2023-02-23,2121.5073586496783,2125.5501115158772,2072.8975031089303,2078.3359375,2000556,0.0,0.0,LT
2023-02-24,2079.154217865115,2090.9938930507365,2039.448147732274,2054.175537109375,1479060,0.0,0.0,LT
2023-02-27,2054.175457305121,2059.8063587580773,2004.1699221659312,2034.5870361328125,1398112,0.0,0.0,LT
2023-02-28,2035.838656625163,2058.2666188500098,2006.9615125595578,2030.20751953125,2108587,0.0,0.0,LT
2023-03-01,2021.3999299883233,2050.2770718452994,2021.3999299883233,2036.1273193359375,1389077,0.0,0.0,LT
2023-03-02,2050.2289808707806,2068.5660137071327,2028.6674747290217,2042.191650390625,1727640,0.0,0.0,LT
2023-03-03,2059.9026772823013,2079.0577530372298,2052.442749362237,2071.501708984375,1821066,0.0,0.0,LT
2023-03-06,2077.469585326363,2103.074076857729,2059.710191182808,2061.009521484375,1821012,0.0,0.0,LT
2023-03-08,2071.453659449478,2107.646438206772,2060.4804394553666,2089.550048828125,2965342,0.0,0.0,LT
2023-03-09,2093.544644009375,2116.6945334517304,2090.2238196409426,2111.111572265625,1873933,0.0,0.0,LT
2023-03-10,2090.2237219459203,2100.330721292193,2053.1647243429184,2077.084716796875,1900535,0.0,0.0,LT
2023-03-13,2083.052764685979,2097.394985092345,2028.138017219187,2053.983154296875,2334468,0.0,0.0,LT
2023-03-14,2064.0900833528385,2089.7425172581875,2054.512309884596,2063.945556640625,2871343,0.0,0.0,LT
2023-03-15,2083.1969414773384,2129.6410107380625,2079.154188666598,2095.180908203125,3044201,0.0,0.0,LT
2023-03-16,2103.122230521694,2105.1437245326497,2052.202295703525,2092.245361328125,2946792,0.0,0.0,LT
2023-03-17,2104.8546007609266,2145.47506235119,2104.8546007609266,2113.56591796875,3286473,0.0,0.0,LT
2023-03-20,2109.0902525291035,2122.4699007595373,2071.4536174306236,2096.04736328125,1996773,0.0,0.0,LT
2023-03-21,2101.004316521967,2143.6462718489256,2100.330563616684,2125.79052734375,3178680,0.0,0.0,LT
2023-03-22,2136.427034598067,2162.1758172858335,2125.261113337968,2131.084716796875,1956033,0.0,0.0,LT
2023-03-23,2131.133099325348,2158.0850987748104,2118.186560876074,2124.05810546875,2455799,0.0,0.0,LT
2023-03-24,2123.432539461598,2136.282961840687,2072.4644300865925,2085.073974609375,1449544,0.0,0.0,LT
2023-03-27,2093.641082301888,2108.031478499304,2069.528620444522,2073.37890625,1540581,0.0,0.0,LT
2023-03-28,2086.614150927096,2088.587469296307,2043.0096195362742,2053.742431640625,1627243,0.0,0.0,LT
2023-03-29,2057.6404845489214,2078.4802945916326,2041.6137661004404,2067.07373046875,2372385,0.0,0.0,LT
2023-03-31,2075.785268546233,2095.469807097157,2070.058015594159,2083.197021484375,1489542,0.0,0.0,LT
2023-04-03,2098.405739090874,2101.774739130699,2074.3414530921254,2088.92431640625,1231654,0.0,0.0,LT
2023-04-05,2088.779964064749,2177.817819675804,2083.967107004692,2173.24560546875,2763363,0.0,0.0,LT
2023-04-06,2173.2455021444225,2205.8765774590897,2170.0689696352524,2189.1279296875,2389899,0.0,0.0,LT
2023-04-10,2199.3791603346162,2233.0691572280252,2192.7856876585674,2223.2509765625,1955914,0.0,0.0,LT
2023-04-11,2233.165479714317,2242.7911929889474,2201.6894443068277,2215.35791015625,1342440,0.0,0.0,LT
2023-04-12,2217.7643379943192,2226.13866154088,2196.539593227805,2202.844482421875,1165839,0.0,0.0,LT
2023-04-13,2208.9089995548616,2209.1014668433522,2158.5182903950295,2174.208251953125,1956668,0.0,0.0,LT
2023-04-17,2174.2078772512987,2188.694622006197,2118.7636775591404,2131.1328125,4125850,0.0,0.0,LT
2023-04-18,2136.9083907668455,2146.534104238768,2106.106107656693,2133.6357421875,2848601,0.0,0.0,LT
2023-04-19,2125.4536242286217,2151.3466962812004,2125.4536242286217,2136.523193359375,1970015,0.0,0.0,LT
2023-04-20,2141.7212244831903,2167.1811893422237,2139.074153306863,2149.18115234375,1898996,0.0,0.0,LT
2023-04-21,2156.3041950026736,2159.0476174521755,2119.582190650776,2132.2880859375,1009316,0.0,0.0,LT
2023-04-24,2136.9083070031525,2149.1329156327533,2104.7103437022383,2145.47509765625,1239073,0.0,0.0,LT
2023-04-25,2147.5448937701212,2169.635859626007,2135.079641577173,2163.812255859375,1350118,0.0,0.0,LT
2023-04-26,2163.7162046283606,2201.6895991671618,2160.0583863261677,2190.956787109375,1894812,0.0,0.0,LT
2023-04-27,2190.5718375499196,2223.5399076086187,2182.245689039856,2219.3046875,1252989,0.0,0.0,LT
2023-04-28,2225.7537390339317,2280.33148658352,2225.7537390339317,2275.903564453125,2884961,0.0,0.0,LT
2023-05-02,2284.374440695244,2325.9095383563103,2284.374440695244,2295.203369140625,1840153,0.0,0.0,LT
2023-05-03,2294.866464296418,2300.545541296837,2260.5988300149047,2268.10693359375,998235,0.0,0.0,LT
2023-05-04,2273.401066799677,2292.5079671406397,2255.160386674652,2268.684326171875,1230912,0.0,0.0,LT
2023-05-05,2268.7807146876644,2316.861107525314,2268.7807146876644,2288.513427734375,2425866,0.0,0.0,LT
2023-05-08,2288.46524287697,2295.7327036774263,2265.941166955207,2276.8662109375,1583576,0.0,0.0,LT
2023-05-09,2279.0320290777986,2312.00009877368,2279.0320290777986,2285.4814453125,1417301,0.0,0.0,LT
2023-05-10,2297.6579364109916,2299.5349036442017,2262.0427945395186,2275.951904296875,1675409,0.0,0.0,LT
2023-05-11,2213.9140943783245,2227.438268781494,2153.609093591258,2158.229248046875,9470848,0.0,0.0,LT
2023-05-12,2139.4593270335567,2151.347178373787,2115.1064574908896,2137.967529296875,5367292,0.0,0.0,LT
2023-05-15,2137.774746069045,2175.411382123715,2132.095668762845,2162.753662109375,2662740,0.0,0.0,LT
2023-05-16,2170.2134632218285,2170.5983977613428,2139.8924656477784,2143.8388671875,2528855,0.0,0.0,LT
2023-05-17,2141.0954066959907,2160.009837340051,2127.4748828073753,2136.523193359375,1961004,0.0,0.0,LT
2023-05-18,2146.5341134706114,2149.951288768395,2099.368117255338,2106.298583984375,2290757,0.0,0.0,LT
2023-05-19,2109.956312758174,2116.7424874982084,2087.3358869599,2108.079345703125,1729803,0.0,0.0,LT
2023-05-22,2108.0312503510772,2138.83353346123,2096.865328722539,2133.6357421875,1112099,0.0,0.0,LT
2023-05-23,2142.2990791341613,2145.1867934383486,2111.8817277956055,2115.39501953125,2265389,0.0,0.0,LT
2023-05-24,2117.6568264074776,2125.8386823276883,2094.5551155739413,2103.362548828125,2648479,0.0,0.0,LT
2023-05-25,2108.0313995391816,2124.683932024683,2096.480542555405,2122.18115234375,1689521,0.0,0.0,LT
2023-05-26,2126.3204941557347,2137.63070955018,2118.6199219722826,2135.416748046875,1249128,0.0,0.0,LT
2023-05-29,2141.721196032774,2157.8924412775295,2137.1008066767345,2141.2880859375,1369656,0.0,0.0,LT
2023-05-30,2146.5343030932686,2153.2723031478213,2124.587627343595,2128.052978515625,1716729,0.0,0.0,LT
2023-05-31,2118.715947230931,2140.758737714379,2117.6570247174614,2123.095458984375,2809284,0.0,0.0,LT
2023-06-01,2134.020893496281,2138.833750721126,2119.7266135373734,2125.165283203125,1049488,0.0,0.0,LT
2023-06-02,2137.8711724616855,2153.5611339652273,2129.352321199746,2150.9140625,1399950,0.0,0.0,LT
2023-06-05,2160.972916998755,2187.7324504547996,2156.1600597225884,2183.40087890625,2344944,0.0,0.0,LT
2023-06-06,2184.074242994709,2195.3362800148884,2178.9725681898954,2192.689208984375,1677680,0.0,0.0,LT
2023-06-07,2192.7375583702224,2231.2404127753184,2192.7375583702224,2228.833984375,2128603,0.0,0.0,LT
2023-06-08,2230.2296751926024,2257.2780245266404,2226.1869224636807,2252.705810546875,2556995,0.0,0.0,LT
2023-06-09,2257.230109926305,2280.187533616868,2250.732752467029,2274.556396484375,2501720,0.0,0.0,LT
2023-06-12,2276.481357012698,2281.2942140042683,2245.7754234075933,2252.368896484375,1172382,0.0,0.0,LT
2023-06-13,2258.048035210332,2269.646831666449,2239.9998228789073,2266.27783203125,1688768,0.0,0.0,LT
2023-06-14,2264.834139094841,2271.6684899938164,2252.4170621125127,2266.90380859375,1013564,0.0,0.0,LT
2023-06-15,2266.8554314903454,2280.812715463428,2261.0800036394144,2272.919677734375,2561534,0.0,0.0,LT
2023-06-16,2275.2779776351595,2290.919761722551,2264.208407357929,2278.2138671875,1794542,0.0,0.0,LT
2023-06-19,2289.9571950473405,2329.3262684600363,2272.630911099946,2277.78076171875,3111256,0.0,0.0,LT
2023-06-20,2276.4330820776804,2300.2085475777,2266.326082836546,2292.844970703125,1771306,0.0,0.0,LT
2023-06-21,2292.8451343219544,2321.722277071601,2292.8451343219544,2304.8291015625,1607299,0.0,0.0,LT
2023-06-22,2304.973412878823,2333.2729161277807,2290.9197773861874,2325.81298828125,1741775,0.0,0.0,LT
2023-06-23,2328.411807002019,2336.1605529937533,2294.0480584764578,2300.1123046875,1212955,0.0,0.0,LT
2023-06-26,2308.3424113628625,2313.877196536471,2279.320744624804,2288.5615234375,793572,0.0,0.0,LT
2023-06-27,2298.090820245858,2307.235247663748,2282.7860304633364,2298.66845703125,1012317,0.0,0.0,LT
2023-06-28,2310.1712508213386,2341.839754383572,2300.5937128445294,2330.818359375,1734938,0.0,0.0,LT
2023-06-30,2329.4226691452036,2390.545949926493,2324.65798795887,2382.8935546875,2690699,0.0,0.0,LT
2023-07-03,2385.4444925734415,2399.1129600034983,2356.3748821229733,2362.198486328125,1078456,0.0,0.0,LT
2023-07-04,2366.1930162860926,2391.412340475068,2366.1930162860926,2369.70654296875,1441581,0.0,0.0,LT
2023-07-05,2368.8882862006303,2391.9418249190912,2362.4872802004325,2378.321533203125,1191896,0.0,0.0,LT
2023-07-06,2375.7226082177976,2406.38036684653,2375.1931469379083,2395.455322265625,1796824,0.0,0.0,LT
2023-07-07,2389.823859201929,2410.2784990198893,2353.1018586592577,2357.674072265625,1837661,0.0,0.0,LT
2023-07-10,2358.2998752642875,2371.150297157145,2329.4227339345207,2347.470947265625,1178479,0.0,0.0,LT
2023-07-11,2355.604730027937,2386.214548158564,2355.604730027937,2381.93115234375,1219658,0.0,0.0,LT
2023-07-12,2387.465730481443,2392.904164526003,2356.182162077166,2363.064453125,1822435,0.0,0.0,LT
2023-07-13,2373.7009416475835,2391.893446104358,2354.690157544769,2358.444091796875,1141663,0.0,0.0,LT
2023-07-14,2358.5404711289452,2384.33743053691,2357.0002629542596,2379.717041015625,845623,0.0,0.0,LT
2023-07-17,2382.3641357152073,2400.6529917065563,2372.7384220355502,2376.396240234375,878697,0.0,0.0,LT
2023-07-18,2376.5885857966327,2396.75440792222,2375.722365610935,2382.0751953125,720865,0.0,0.0,LT
2023-07-19,2381.979038186707,2409.2677935996885,2374.0857655072496,2400.797119140625,1431080,0.0,0.0,LT
2023-07-20,2400.653264509413,2402.2895890203463,2376.637153150106,2396.51416015625,1045704,0.0,0.0,LT
2023-07-21,2427.604746971665,2497.8724497983626,2426.738526828327,2489.449951171875,4610417,0.0,0.0,LT
2023-07-24,2538.926478638414,2539.2634726453794,2487.1882634546805,2507.7392578125,2155297,0.0,0.0,LT
2023-07-25,2518.0868518699654,2519.7713518664377,2457.44485199695,2465.049072265625,2068876,0.0,0.0,LT
2023-07-26,2494.022280478714,2573.7714080335286,2488.2468525810405,2547.204345703125,5820099,0.0,0.0,LT
2023-07-27,2569.055068691831,2576.178238546102,2547.397210694087,2560.632568359375,2117794,0.0,0.0,LT
2023-07-28,2560.5844644858776,2568.2850364340366,2526.750170489775,2550.38134765625,1325724,0.0,0.0,LT
2023-07-31,2555.627115920243,2589.3171155651426,2532.6217530209833,2580.990966796875,1284981,0.0,0.0,LT
2023-08-01,2580.9910527775924,2588.354630372737,2555.964195064803,2566.841064453125,1298745,0.0,0.0,LT
2023-08-02,2568.1550522768116,2574.9209932226527,2533.7896243982796,2552.724609375,1479486,30.0,0.0,LT
2023-08-03,2545.764221395254,2572.7795013737314,2517.824141529422,2529.311767578125,1612618,0.0,0.0,LT
2023-08-04,2536.0290487297975,2565.234757544344,2529.7011451533126,2557.34912109375,1101278,0.0,0.0,LT
2023-08-07,2558.4198548326954,2583.7314667907053,2553.649684572805,2566.110595703125,1163125,0.0,0.0,LT
2023-08-08,2569.1775208365666,2579.3507949874465,2558.712142068454,2562.5087890625,767310,0.0,0.0,LT
2023-08-09,2565.2346768985485,2584.7051488294674,2546.0075858667665,2581.395263671875,906865,0.0,0.0,LT
2023-08-10,2570.1996364630936,2591.13039292684,2552.23793670521,2573.509521484375,1040041,0.0,0.0,LT
2023-08-11,2572.0979017858276,2586.5545836667434,2561.5838000782064,2568.641845703125,1320121,0.0,0.0,LT
2023-08-14,2567.1815042749163,2593.028601085367,2546.737510497983,2589.47509765625,1364413,0.0,0.0,LT
2023-08-16,2598.334537925511,2623.6461520079624,2581.8333601263225,2619.80078125,1703875,0.0,0.0,LT
2023-08-17,2619.8008686578014,2619.8008686578014,2572.049486039114,2582.271484375,1629067,0.0,0.0,LT
2023-08-18,2579.837645256952,2603.883631622692,2563.0443624717886,2572.000732421875,1898966,0.0,0.0,LT
2023-08-21,2571.9033973815463,2595.998106290907,2553.9904206772794,2591.76318359375,1376318,0.0,0.0,LT
2023-08-22,2597.361141011988,2614.5437386470376,2591.519999015709,2607.875244140625,1497180,0.0,0.0,LT
2023-08-23,2618.3405634773317,2653.8254527552513,2611.428450536318,2645.64794921875,1990672,0.0,0.0,LT
2023-08-24,2674.756013988986,2693.5450664633477,2609.6273820948204,2616.977294921875,2619182,0.0,0.0,LT
2023-08-25,2606.5605756728733,2611.6715742991196,2561.3404544102714,2568.54443359375,1408427,0.0,0.0,LT
2023-08-28,2583.293724512123,2628.5138504408546,2579.886391743033,2623.987060546875,1551734,0.0,0.0,LT
2023-08-29,2638.2489254786306,2650.0286559730175,2624.911699848258,2646.9619140625,1101830,0.0,0.0,LT
2023-08-30,2650.8559970945485,2665.166746252531,2635.3283434558416,2637.275390625,1920079,0.0,0.0,LT
2023-08-31,2647.9843407457765,2652.4626446280013,2607.4371755987763,2631.142333984375,2439625,0.0,0.0,LT
2023-09-01,2638.2488465189385,2644.0412641632347,2617.123432810925,2630.55810546875,1263430,0.0,0.0,LT
2023-09-04,2660.639895157585,2669.4016072162817,2633.3812354194174,2639.31982421875,1548282,0.0,0.0,LT
2023-09-05,2648.4709871564314,2666.4811739832626,2647.9842253503007,2660.59130859375,1066447,0.0,0.0,LT
2023-09-06,2667.4546686346107,2670.1805822546785,2640.1960077872495,2658.157470703125,1747425,0.0,0.0,LT
2023-09-07,2660.640111798295,2780.3347959664375,2657.7195408742573,2771.03759765625,4100519,0.0,0.0,LT
2023-09-08,2811.5361072495525,2851.158469535917,2796.3977680010184,2824.776123046875,3638510,0.0,0.0,LT
2023-09-11,2828.085879093955,2848.5298734006583,2813.5317497299884,2817.57177734375,1545803,0.0,0.0,LT
2023-09-12,2873.452305786712,2929.332464441182,2854.809186545939,2866.15087890625,7788759,0.0,0.0,LT
2023-09-13,2865.5665408874547,2865.7611980601864,2811.974022458341,2829.78955078125,2458417,0.0,0.0,LT
2023-09-14,2847.459180624869,2854.0304651511588,2829.059679021925,2841.326171875,1910041,0.0,0.0,LT
2023-09-15,2855.344595645533,2857.242919048324,2823.2183182311783,2831.5419921875,1655275,0.0,0.0,LT
2023-09-18,2832.953666252331,2852.4241381853367,2830.03309546238,2842.54296875,736631,0.0,0.0,LT
2023-09-20,2849.454803146066,2866.9782276364963,2809.6377836801394,2813.483154296875,1399240,0.0,0.0,LT
2023-09-21,2808.664015660929,2828.18320933269,2770.6965992359455,2822.58544921875,2444711,0.0,0.0,LT
2023-09-22,2831.6879371823115,2858.703216027127,2825.408757742901,2841.228515625,1965569,0.0,0.0,LT
2023-09-25,2840.6932363390206,2846.3884446606567,2794.9863493217053,2825.65234375,1049532,0.0,0.0,LT
2023-09-26,2837.821364640914,2866.053549743688,2832.9537465197463,2835.436279296875,953456,0.0,0.0,LT
2023-09-27,2844.635904863339,2915.6056788770497,2834.5598407251423,2886.546142578125,2903693,0.0,0.0,LT
2023-09-28,2909.861913494731,2969.733612283599,2899.3965352511486,2930.305908203125,4081102,0.0,0.0,LT
2023-09-29,2959.5119755312726,2977.3762300595095,2925.682027784657,2943.49755859375,2698016,0.0,0.0,LT
2023-10-03,2959.9984503534783,2995.9700991643276,2915.8005748120545,2991.88134765625,3254492,0.0,0.0,LT
2023-10-04,2982.9736137210602,2982.9736137210602,2910.884147088422,2947.5859375,3100946,0.0,0.0,LT
2023-10-05,2952.2588912485066,3032.4284130436918,2952.2588912485066,3014.07763671875,3413447,0.0,0.0,LT
2023-10-06,3032.477416423008,3032.477416423008,2991.784080715004,3011.7900390625,1898118,0.0,0.0,LT
2023-10-09,2993.5850733656607,3003.3203093766056,2974.650086859704,2993.29296875,1181760,0.0,0.0,LT
2023-10-10,2992.465857050547,3016.9498825172454,2990.810676654193,2994.558837890625,1551789,0.0,0.0,LT
2023-10-11,3008.1879915249915,3027.6584639620464,3002.73616417195,3006.92236328125,2066921,0.0,0.0,LT
2023-10-12,3012.082158796494,3022.839642613244,2985.8457440889174,3000.156494140625,1870280,0.0,0.0,LT
2023-10-13,2986.5269984350853,3016.9496106756837,2982.3895231703636,3007.798583984375,1437808,0.0,0.0,LT
2023-10-16,3016.9008580454692,3030.8222928086698,2993.2929111730336,3019.772705078125,818794,0.0,0.0,LT
2023-10-17,3027.5609651014033,3031.747164139594,2981.90280308275,2985.115478515625,1847182,0.0,0.0,LT
2023-10-18,2987.403152277704,2997.6251502563455,2956.73715834178,2964.963623046875,1350839,0.0,0.0,LT
2023-10-19,2945.492984986287,2988.6198886522316,2927.5312851216245,2973.5302734375,1599104,0.0,0.0,LT
2023-10-20,2959.4628572740226,2975.3313386153,2898.47170216415,2932.59375,1667471,0.0,0.0,LT
2023-10-23,2923.4913099952078,2927.2879568855783,2870.9210366886005,2879.974853515625,1614030,0.0,0.0,LT
2023-10-25,2880.6564023681162,2886.984305921814,2833.2458494318957,2838.892333984375,2108353,0.0,0.0,LT
2023-10-26,2829.0596422077756,2838.9408118887986,2781.4057085022037,2788.755859375,3286109,0.0,0.0,LT
2023-10-27,2788.804360165674,2833.4892372053214,2781.9896947836364,2825.068115234375,2399538,0.0,0.0,LT
2023-10-30,2822.43954156325,2854.3711628163082,2780.5293035234017,2848.870849609375,1693052,0.0,0.0,LT
2023-10-31,2852.3755879383502,2873.4037939754976,2830.9580675095303,2851.49951171875,1556467,0.0,0.0,LT
2023-11-01,2869.4119810554225,2904.166724753426,2795.034875839621,2818.642822265625,3875595,0.0,0.0,LT
2023-11-02,2857.2918094884953,2860.06644686139,2826.333711001975,2840.83935546875,1451606,0.0,0.0,LT
2023-11-03,2856.3183167735615,2869.9963712450462,2828.0861316384444,2834.170654296875,1136175,0.0,0.0,LT
2023-11-06,2855.3446263502524,2900.1267105003076,2849.7468658314956,2896.670654296875,1235499,0.0,0.0,LT
2023-11-07,2891.3651156664937,2904.60513180553,2877.833232586396,2882.8955078125,1112206,0.0,0.0,LT
2023-11-08,2895.940365407755,2923.2477476602153,2882.603140728298,2917.114501953125,1013438,0.0,0.0,LT
2023-11-09,2923.491353845821,2948.5108626853935,2917.6502122796956,2944.762939453125,1719911,0.0,0.0,LT
2023-11-10,2941.0634894235445,2963.405808281134,2925.681769164546,2952.9404296875,947753,0.0,0.0,LT
2023-11-13,2969.247150718335,2973.482073692488,2951.3828965605567,2967.786865234375,531769,0.0,0.0,LT
2023-11-15,2981.270006708633,2989.7396142523266,2974.1145133815544,2983.801025390625,1160184,0.0,0.0,LT
2023-11-16,2976.9864631335927,3000.4972008221303,2964.3793799724904,2970.366455078125,1597607,0.0,0.0,LT
2023-11-17,2969.246923152792,3032.963994017576,2964.5252387125265,3026.684814453125,1325050,0.0,0.0,LT
2023-11-20,3013.1530216715832,3029.556751901108,2994.753282828709,3007.019775390625,1231164,0.0,0.0,LT
2023-11-21,3006.727711375348,3016.949709422763,2981.36737344619,2993.439208984375,1884782,0.0,0.0,LT
2023-11-22,2993.4391911143334,3006.873626897974,2981.4160793644346,3000.69189453125,1104208,0.0,0.0,LT
2023-11-23,2998.4528394509907,3006.24102864437,2950.7989043593366,2965.01220703125,1514688,0.0,0.0,LT
2023-11-24,2969.247046092279,2985.796947660662,2959.1224954975814,2973.384521484375,915121,0.0,0.0,LT
2023-11-28,2973.1411648309427,2978.1547164527706,2954.6442158683403,2969.2470703125,1210508,0.0,0.0,LT
2023-11-29,2969.2468514073266,3008.0903462944216,2968.2733278494884,3002.103271484375,1801107,0.0,0.0,LT
2023-11-30,2994.8505645909777,3041.8230761951563,2977.716454924804,3026.87939453125,3131624,0.0,0.0,LT
2023-12-01,3047.0800190073683,3113.2796210856454,3038.415754394254,3106.1728515625,2112908,0.0,0.0,LT
2023-12-04,3198.0251882123744,3258.9191400164104,3163.951860484084,3225.8193359375,3095974,0.0,0.0,LT
2023-12-05,3231.1734811255383,3236.965898882945,3192.232537981082,3227.668701171875,1659309,0.0,0.0,LT
2023-12-06,3241.8335635023623,3310.9537385800404,3233.0718511685723,3302.484130859375,2057233,0.0,0.0,LT
2023-12-07,3302.4843744657855,3319.6182483541866,3248.697192004651,3266.756103515625,2128823,0.0,0.0,LT
2023-12-08,3287.5891707485644,3339.1859211334245,3276.880411234725,3289.000732421875,2428891,0.0,0.0,LT
2023-12-11,3288.513994674936,3314.847855570971,3271.039293603073,3296.15625,1534238,0.0,0.0,LT
2023-12-12,3285.6422387251864,3285.6422387251864,3243.7807227947615,3253.9052734375,1888423,0.0,0.0,LT
2023-12-13,3264.175967950125,3319.7155379010755,3257.6046835275934,3309.78564453125,1509107,0.0,0.0,LT
2023-12-14,3335.2432649346474,3348.921319603828,3310.0778214616494,3342.2041015625,2425646,0.0,0.0,LT
2023-12-15,3344.199572175741,3406.261703025037,3341.960657988393,3395.650390625,2632935,0.0,0.0,LT
2023-12-18,3403.438437981109,3413.1736737876913,3374.2327305613626,3399.155029296875,1767429,0.0,0.0,LT
2023-12-19,3396.575066877133,3431.6706396778222,3384.0167076919533,3406.310302734375,1311700,0.0,0.0,LT
2023-12-20,3412.2002712292715,3421.546193005729,3322.198060540597,3327.990478515625,1876048,0.0,0.0,LT
2023-12-21,3300.293952382983,3348.8726882593187,3244.754379686792,3333.490966796875,2292802,0.0,0.0,LT
2023-12-22,3333.344902873383,3403.438604102029,3318.352734070145,3385.866455078125,1681707,0.0,0.0,LT
2023-12-26,3385.866509074923,3415.4617704494394,3385.866509074923,3397.646240234375,1072263,0.0,0.0,LT
2023-12-27,3417.0676795838917,3455.035098245935,3411.3724717139257,3450.16748046875,1389266,0.0,0.0,LT
2023-12-28,3451.1409529107455,3465.6950823136435,3407.8191553354204,3424.904541015625,3371121,0.0,0.0,LT
2023-12-29,3437.5116607267887,3446.273372691258,3402.4648128689114,3432.64404296875,968577,0.0,0.0,LT
2024-01-01,3444.3264109890674,3444.3264109890674,3403.487144521857,3432.108642578125,777080,0.0,0.0,LT
2024-01-02,3431.719361397301,3432.1086757607013,3341.132944262997,3347.071533203125,1511464,0.0,0.0,LT
2024-01-03,3342.1064694655865,3374.0868143241737,3321.273159803781,3349.261962890625,1283859,0.0,0.0,LT
2024-01-04,3349.9436232493176,3387.959769542773,3332.371473727195,3367.126220703125,1651616,0.0,0.0,LT
2024-01-05,3373.2104677622956,3460.876313332966,3368.391573595517,3428.652587890625,2069018,0.0,0.0,LT
2024-01-08,3446.2735373493792,3465.6952855965674,3397.5973574433146,3408.403564453125,1993855,0.0,0.0,LT
2024-01-09,3434.0558463570214,3498.6005099081913,3426.90059035493,3461.80126953125,1807271,0.0,0.0,LT
2024-01-10,3455.9600621795576,3464.721774594502,3426.8030778451557,3451.6279296875,1534821,0.0,0.0,LT
2024-01-11,3451.6278374986227,3465.3058912719607,3407.868000308086,3412.05419921875,1105348,0.0,0.0,LT
2024-01-12,3412.2489063003786,3483.900099910731,3401.5401468115224,3474.31103515625,1782631,0.0,0.0,LT
2024-01-15,3481.417923196578,3510.23407983068,3444.375301806993,3449.242919921875,1783518,0.0,0.0,LT
2024-01-16,3454.061865992724,3493.9763351318734,3444.326629617322,3478.88671875,1791818,0.0,0.0,LT
2024-01-17,3460.876398845912,3518.7523293447257,3453.7696290288427,3476.404052734375,2699076,0.0,0.0,LT
2024-01-18,3476.258267388991,3521.1862883836993,3431.6708370628826,3500.791015625,2148898,0.0,0.0,LT
2024-01-19,3507.6055262696923,3559.056343533904,3507.6055262696923,3549.467041015625,1913923,0.0,0.0,LT
2024-01-23,3541.289413495488,3564.4105981536663,3442.5739814436324,3456.982177734375,1742142,0.0,0.0,LT
2024-01-24,3475.4790497996682,3522.159456168511,3428.4578151199903,3494.170654296875,3711521,0.0,0.0,LT
2024-01-25,3504.5872847452247,3522.4515367145805,3470.4167512125587,3498.30810546875,2206540,0.0,0.0,LT
2024-01-29,3508.578986998129,3634.9911191003416,3504.782340101729,3609.825439453125,2072982,0.0,0.0,LT
2024-01-30,3617.5649003174335,3638.9336953675434,3528.9255308046827,3537.103271484375,1454989,0.0,0.0,LT
2024-01-31,3426.8032231122925,3444.3266486850257,3297.3733023201326,3387.618896484375,9637606,0.0,0.0,LT
2024-02-01,3387.8621385741612,3401.2480881159413,3281.748065842959,3308.033203125,6149780,0.0,0.0,LT
2024-02-02,3312.608860862017,3345.368074137656,3272.0129723817845,3286.66455078125,7579802,0.0,0.0,LT
2024-02-05,3286.1288821409535,3317.719675140498,3230.5893137268954,3253.2724609375,2954238,0.0,0.0,LT
2024-02-06,3257.4101528277174,3336.995711702095,3249.1839254702268,3333.58837890625,2545192,0.0,0.0,LT
2024-02-07,3353.788841837622,3355.7358890607493,3299.2715195900437,3304.820556640625,2099940,0.0,0.0,LT
2024-02-08,3322.6358179439226,3327.308778437391,3206.640584064091,3247.187744140625,3471727,0.0,0.0,LT
2024-02-09,3247.918255264219,3300.2451510965016,3221.3410122643027,3236.528076171875,3121873,0.0,0.0,LT
2024-02-12,3241.8334420153906,3250.7410874836023,3199.971929100477,3212.189697265625,1922273,0.0,0.0,LT
2024-02-13,3224.3101196748457,3250.157218441266,3197.1489066721606,3233.55859375,2151493,0.0,0.0,LT
2024-02-14,3202.941423431917,3229.1291136567993,3176.6562857746753,3221.3896484375,2502138,0.0,0.0,LT
2024-02-15,3221.3895294942777,3233.9966123327604,3203.0872386363435,3212.919921875,1999189,0.0,0.0,LT
2024-02-16,3217.4467766145026,3308.033195195431,3216.5707004445326,3297.0810546875,2768329,0.0,0.0,LT
2024-02-19,3310.5159344166905,3317.768638159021,3247.1881727052273,3251.423095703125,1216447,0.0,0.0,LT
2024-02-20,3251.4227908755515,3278.584003412405,3240.324479569715,3267.875244140625,1578162,0.0,0.0,LT
2024-02-21,3268.020975079116,3268.020975079116,3202.9410710529346,3209.122802734375,2430672,0.0,0.0,LT
2024-02-22,3222.3632892337882,3279.801184721641,3190.188284988733,3274.690185546875,2521388,0.0,0.0,LT
2024-02-23,3274.690043747072,3309.882827184458,3252.299000712904,3298.249267578125,2107176,0.0,0.0,LT
2024-02-26,3309.980122042526,3399.2034617322174,3303.16545708538,3378.272705078125,4122419,0.0,0.0,LT
2024-02-27,3382.99454639222,3419.0149199797056,3360.506055919638,3413.61181640625,2122286,0.0,0.0,LT
2024-02-28,3412.20020185819,3419.988390621347,3354.908243198552,3378.321533203125,1666903,0.0,0.0,LT
2024-02-29,3392.7297540831973,3403.438513708711,3345.465135655257,3385.47705078125,2119512,0.0,0.0,LT
2024-03-01,3408.9386752400123,3561.4900070738727,3407.3324564383515,3537.2978515625,4407803,0.0,0.0,LT
2024-03-04,3572.831583126821,3582.3721618650525,3526.1511744193917,3547.9580078125,1307501,0.0,0.0,LT
2024-03-05,3535.058812182142,3547.957999748582,3495.2417924250776,3516.951416015625,1981370,0.0,0.0,LT
2024-03-06,3522.208354741387,3555.7461949398426,3491.104323522162,3545.767578125,1500196,0.0,0.0,LT
2024-03-07,3563.826621012567,3607.0509750228152,3546.7899575234683,3579.59765625,2344401,0.0,0.0,LT
2024-03-11,3602.037413346041,3602.037413346041,3535.302321301283,3544.210205078125,1748541,0.0,0.0,LT
2024-03-12,3542.7011723221276,3574.778728024377,3517.4867679906843,3525.76171875,1470377,0.0,0.0,LT
2024-03-13,3538.660668142778,3540.5105054996834,3418.9172711097776,3444.86181640625,2503293,0.0,0.0,LT
2024-03-14,3433.6666200200048,3539.731973619388,3428.750278076866,3512.66796875,4528490,0.0,0.0,LT
2024-03-15,3502.7380315769433,3507.605649742003,3430.746006451044,3443.4990234375,4054210,0.0,0.0,LT
2024-03-18,3443.499062341833,3477.621113599743,3433.325787797255,3466.912353515625,1354787,0.0,0.0,LT
2024-03-19,3447.2470739135283,3455.5220245286837,3388.8356578065495,3408.987548828125,1447405,0.0,0.0,LT
2024-03-20,3410.0096934722833,3431.6218692458056,3395.4068398852205,3416.775634765625,1442811,0.0,0.0,LT
2024-03-21,3431.816505123692,3500.79074487579,3431.816505123692,3465.743896484375,2504962,0.0,0.0,LT
2024-03-22,3452.3092881474963,3550.732617620486,3452.3092881474963,3522.013671875,3020545,0.0,0.0,LT
2024-03-26,3509.552475498462,3579.5487252234566,3504.684857640628,3572.928955078125,2320963,0.0,0.0,LT
2024-03-27,3585.487464804003,3628.5171609407685,3572.9291052735357,3608.267822265625,2387693,0.0,0.0,LT
2024-03-28,3608.4139258038645,3712.3862932051306,3599.652213455611,3664.245361328125,4278668,0.0,0.0,LT
2024-04-01,3680.7467667272217,3749.8669417375013,3680.7467667272217,3736.383544921875,1905190,0.0,0.0,LT
2024-04-02,3747.871047393619,3757.800940166501,3671.40072424946,3706.593505859375,3608162,0.0,0.0,LT
2024-04-03,3699.097726143796,3699.097726143796,3670.330055056019,3682.304443359375,1684618,0.0,0.0,LT
2024-04-04,3704.1600265647603,3718.616947782315,3632.2654478948357,3697.296875,2339529,0.0,0.0,LT
2024-04-05,3670.2814754921155,3689.6545003573633,3617.8571337606995,3643.996337890625,1645597,0.0,0.0,LT
2024-04-08,3645.8459283139514,3718.6655420543266,3643.9963285211197,3707.031982421875,1083395,0.0,0.0,LT
2024-04-09,3718.860219148339,3726.599684372752,3675.0516563573246,3685.0302734375,1997057,0.0,0.0,LT
2024-04-10,3699.389563866302,3699.389563866302,3650.8108328219823,3653.82861328125,1951581,0.0,0.0,LT
2024-04-12,3650.664989058719,3701.434390363741,3566.5039164688374,3581.8369140625,3437544,0.0,0.0,LT
2024-04-15,3530.045338373408,3582.420956197923,3491.2503273915177,3505.4638671875,1719910,0.0,0.0,LT
2024-04-16,3485.2631381567744,3502.8837723388842,3436.0027499657804,3449.632080078125,2291042,0.0,0.0,LT
2024-04-18,3467.6423533929515,3521.8675705951105,3445.9814532060723,3456.93359375,3273257,0.0,0.0,LT
2024-04-19,3431.670614069844,3449.0965910536074,3380.4631787722105,3425.19677734375,2759031,0.0,0.0,LT
2024-04-22,3474.2622702510453,3524.155353641691,3447.1982672374716,3517.048583984375,2605754,0.0,0.0,LT
2024-04-23,3536.5676450753876,3536.5676450753876,3493.002466597066,3514.56591796875,1434580,0.0,0.0,LT
2024-04-24,3520.797018424512,3558.1802316676067,3505.75612550548,3538.612548828125,1501234,0.0,0.0,LT
2024-04-25,3520.3588345168127,3568.9375677690264,3515.9779782552305,3555.600341796875,2420380,0.0,0.0,LT
2024-04-26,3555.3082674974617,3563.972532662482,3490.0821848243154,3509.747314453125,1973113,0.0,0.0,LT
2024-04-29,3510.623586022925,3553.263730010906,3509.747272167695,3538.076904296875,1396979,0.0,0.0,LT
2024-04-30,3542.652444500173,3552.3389569601068,3489.1573692475736,3499.135986328125,1571996,0.0,0.0,LT
2024-05-02,3494.9982480876793,3537.930493789475,3481.3689184661603,3504.197998046875,3748847,0.0,0.0,LT
2024-05-03,3514.4201925319253,3526.1024757203973,3396.088351533365,3407.137939453125,4079696,0.0,0.0,LT
2024-05-06,3429.5291491495896,3433.6179009292264,3349.9923147722734,3371.6044921875,2614667,0.0,0.0,LT
2024-05-07,3387.27800562745,3403.438592872511,3334.3184155001004,3336.99560546875,3376013,0.0,0.0,LT
2024-05-08,3338.2125681042994,3404.8014901401734,3278.6329687548323,3394.531005859375,4116670,0.0,0.0,LT
2024-05-09,3225.0402605073564,3287.589150926977,3180.1607281083748,3188.727783203125,12120574,0.0,0.0,LT
2024-05-10,3194.7151474006923,3218.614961688515,3148.9595381065947,3184.833740234375,4132191,0.0,0.0,LT
2024-05-13,3180.5501464486542,3227.2305529139962,3139.8080910041035,3206.640625,3557067,0.0,0.0,LT
2024-05-14,3212.6279608042837,3295.2800214524914,3206.2026098120086,3289.974365234375,2870328,0.0,0.0,LT
2024-05-15,3300.2448577349305,3326.919308122069,3264.3704195942023,3320.98095703125,2718682,0.0,0.0,LT
2024-05-16,3338.163907761379,3376.6668160651666,3289.244343826746,3368.97607421875,3398714,0.0,0.0,LT
2024-05-17,3383.9192211507398,3383.9192211507398,3321.808369564093,3359.386474609375,2676919,0.0,0.0,LT
2024-05-21,3366.4445719995083,3378.4189596839415,3343.0800058549194,3349.845947265625,2100848,0.0,0.0,LT
2024-05-22,3358.705379269164,3380.7555952849334,3344.102524245032,3369.219482421875,1409992,0.0,0.0,LT
2024-05-23,3369.2677468198476,3506.291194115664,3363.5240526255366,3490.471435546875,4525637,0.0,0.0,LT
2024-05-24,3491.05567287108,3562.1228965519467,3487.453683041766,3529.899169921875,2740360,0.0,0.0,LT
2024-05-27,3548.395992996985,3597.169619306416,3504.684879432503,3555.30810546875,2570708,0.0,0.0,LT
2024-05-28,3555.3081953421342,3587.677855116265,3549.515777444201,3561.343994140625,1440187,0.0,0.0,LT
2024-05-29,3515.3938108861275,3564.8975823022824,3514.761115600362,3538.563720703125,1506146,0.0,0.0,LT
2024-05-30,3530.0451806620645,3547.4711574555445,3512.229651835461,3538.466064453125,2701849,0.0,0.0,LT
2024-05-31,3540.121319807171,3645.6514264910425,3540.121319807171,3572.150390625,6432341,0.0,0.0,LT
2024-06-03,3753.3226761151627,3816.114946370256,3700.460536413825,3793.96728515625,5767666,0.0,0.0,LT
2024-06-04,3750.0131733496746,3794.7952621279937,3232.0985813917237,3313.095703125,9920882,0.0,0.0,LT
2024-06-05,3350.3814602731854,3350.3814602731854,3090.9861452951395,3318.741943359375,10372458,0.0,0.0,LT
2024-06-06,3346.974201804827,3444.52122088405,3295.6695546237215,3390.3447265625,8374602,0.0,0.0,LT
2024-06-07,3373.308047710879,3454.061783992392,3354.762375320683,3438.97216796875,5879660,0.0,0.0,LT
2024-06-10,3427.8253778442504,3490.0821655919312,3427.8253778442504,3449.92431640625,3151257,0.0,0.0,LT
2024-06-11,3475.479110803564,3542.652236474557,3457.1768203317893,3503.419189453125,2548176,0.0,0.0,LT
2024-06-12,3519.2879023389096,3552.3389818532046,3483.267528234749,3534.182861328125,2242274,0.0,0.0,LT
2024-06-13,3568.450746004489,3617.5162402391384,3538.7582762859956,3605.590576171875,2965500,0.0,0.0,LT
2024-06-14,3619.560765745425,3621.507812956692,3577.6992507031837,3590.160400390625,1746508,0.0,0.0,LT
2024-06-18,3609.8254844512553,3611.7725316381225,3577.6992058679516,3591.523193359375,1936792,0.0,0.0,LT
2024-06-19,3592.3022101835263,3601.063922891291,3480.346992250977,3494.901123046875,2936151,0.0,0.0,LT
2024-06-20,3517.4678877586944,3545.284331357324,3497.501094013525,3526.7890625,2618715,28.0,0.0,LT
2024-06-21,3536.2087729009913,3542.046724440859,3449.8161449124823,3468.45849609375,4508508,0.0,0.0,LT
2024-06-24,3454.0843244488224,3499.8561062184517,3439.0231713752937,3465.12255859375,2330559,0.0,0.0,LT
2024-06-25,3489.553779970902,3524.3364345784094,3461.5902532651035,3520.2646484375,2158039,0.0,0.0,LT
2024-06-26,3533.2161484970234,3556.6661681883425,3524.6308551620195,3535.12939453125,2480187,0.0,0.0,LT
2024-06-27,3529.7328583391873,3533.5104831538574,3483.1760878347363,3497.304931640625,5519875,0.0,0.0,LT
2024-06-28,3473.364380945658,3508.637623854451,3471.5002416439474,3481.6552734375,3141514,0.0,0.0,LT
2024-07-01,3468.654560018073,3474.737805435941,3447.8536694545537,3460.16748046875,2961120,0.0,0.0,LT
2024-07-02,3468.507553407131,3565.5949067142474,3468.507553407131,3558.236083984375,5087748,0.0,0.0,LT
2024-07-03,3581.6372910517402,3581.7843716905904,3537.1408464442075,3546.31494140625,1923801,0.0,0.0,LT
2024-07-04,3548.0317474576927,3575.4064706659233,3498.678531196746,3506.037353515625,1851947,0.0,0.0,LT
2024-07-05,3506.037575430059,3569.5196387433475,3500.8372927532337,3558.873779296875,1635209,0.0,0.0,LT
2024-07-08,3571.5801927576968,3577.074636691156,3526.3478663776414,3563.632568359375,1706210,0.0,0.0,LT
2024-07-09,3581.2937847862586,3615.6349580650312,3577.46729272463,3597.0908203125,2425176,0.0,0.0,LT
2024-07-10,3615.683945584045,3624.465425981089,3533.216025705983,3581.3427734375,2231438,0.0,0.0,LT
2024-07-11,3591.1056547500657,3615.2426902147554,3535.1785994711713,3552.93798828125,2942924,0.0,0.0,LT
2024-07-12,3561.6701476838834,3598.660448140635,3544.6957489333035,3580.656005859375,2001185,0.0,0.0,LT
2024-07-15,3600.91707375713,3604.841779014631,3568.538255382747,3582.863525390625,943302,0.0,0.0,LT
2024-07-16,3577.466961151237,3582.8634307377356,3552.839340493037,3568.0966796875,2220953,0.0,0.0,LT
2024-07-18,3571.48194403035,3609.9931160916663,3530.9102057987047,3587.376953125,3240772,0.0,0.0,LT
2024-07-19,3582.2749509897058,3590.0752552747235,3542.0467195488463,3550.38671875,2432533,0.0,0.0,LT
2024-07-22,3549.7977943876153,3592.920686284693,3500.4448159864874,3582.71630859375,3639057,0.0,0.0,LT
2024-07-23,3600.524720570956,3644.088853371615,3394.870068030638,3471.450927734375,6957691,0.0,0.0,LT
2024-07-24,3482.1949818901894,3490.9764626055644,3435.098515524811,3453.201171875,3184060,0.0,0.0,LT
2024-07-25,3472.3832227089542,3562.553236573613,3465.5640947496818,3551.0244140625,4691483,0.0,0.0,LT
2024-07-26,3560.6890775280353,3631.333776779074,3528.4084704938305,3610.630859375,2617659,0.0,0.0,LT
2024-07-29,3631.3336586429027,3718.6583534873284,3617.2048150703467,3703.8916015625,4159919,0.0,0.0,LT
2024-07-30,3703.7935990607602,3723.5642064734407,3668.2259567723117,3713.408935546875,1979989,0.0,0.0,LT
2024-07-31,3705.952149876589,3750.0559785335436,3692.264787816845,3743.187744140625,2703636,0.0,0.0,LT
2024-08-01,3738.2819788329634,3766.6869869048573,3694.9631378096365,3708.159912109375,1998663,0.0,0.0,LT
2024-08-02,3660.1314394799247,3678.332069864614,3588.260268966907,3596.6982421875,2512525,0.0,0.0,LT
2024-08-05,3529.2912545755607,3539.985980741122,3445.4006784659664,3461.590087890625,2900685,0.0,0.0,LT
2024-08-06,3481.2136873584077,3566.4778162956036,3479.251334659784,3508.8828125,2125532,0.0,0.0,LT
2024-08-07,3561.6701876062925,3586.9354788820124,3542.390167945932,3569.764892578125,1613097,0.0,0.0,LT
2024-08-08,3552.8394749391305,3560.4435914624055,3480.673908283438,3486.6591796875,2038088,0.0,0.0,LT
2024-08-09,3532.234874417838,3537.680451091567,3508.392241106516,3524.4345703125,848232,0.0,0.0,LT
2024-08-12,3511.63023194983,3543.0278758230893,3495.9314100132005,3504.712890625,1965035,0.0,0.0,LT
2024-08-13,3512.6112632837126,3539.103024207919,3478.466279072401,3484.942138671875,1316218,0.0,0.0,LT
2024-08-14,3491.957483252983,3511.335715945336,3469.930122354727,3478.46630859375,1584372,0.0,0.0,LT
2024-08-16,3510.6491646598424,3513.4944804062598,3466.4962265911745,3501.180908203125,2808865,0.0,0.0,LT
2024-08-19,3532.08785281875,3532.1367200012605,3480.232585824866,3488.131103515625,1898535,0.0,0.0,LT
2024-08-20,3494.9501913347194,3512.611365799634,3481.213722306453,3505.44873046875,1285569,0.0,0.0,LT
2024-08-21,3522.422966252373,3547.246774898472,3514.475342293247,3528.359130859375,1714248,0.0,0.0,LT
2024-08-22,3539.1522437361164,3544.156099454285,3516.486973960555,3538.612548828125,1734927,0.0,0.0,LT
2024-08-23,3538.612560051415,3553.820793707535,3519.5287276628987,3530.812255859375,1825180,0.0,0.0,LT
2024-08-26,3543.0276947678326,3579.3312186411117,3527.034472828172,3573.345947265625,1606911,0.0,0.0,LT
2024-08-27,3574.082019867214,3666.6561064927087,3567.5572928037163,3633.001708984375,3315435,0.0,0.0,LT
2024-08-28,3635.258357368185,3654.2930826386964,3615.6348304728103,3619.608642578125,1278175,0.0,0.0,LT
2024-08-29,3621.031354915697,3640.1642939269036,3582.814583620265,3614.114013671875,2165489,0.0,0.0,LT
2024-08-30,3648.357102278157,3674.505355653256,3597.3848003013845,3634.914794921875,2592912,0.0,0.0,LT
2024-09-02,3636.2395948078406,3651.8893098608423,3597.336047902118,3613.770751953125,1277813,0.0,0.0,LT
2024-09-03,3624.4162621096075,3644.039788741092,3597.875394431524,3620.687744140625,1211993,0.0,0.0,LT
2024-09-04,3581.2936243039085,3611.710090702106,3562.749487382364,3582.07861328125,1930121,0.0,0.0,LT
2024-09-05,3598.954854579987,3598.954854579987,3540.476648256813,3555.93017578125,2958770,0.0,0.0,LT
2024-09-06,3547.050767159477,3555.586953612089,3469.635808359902,3507.460205078125,3096557,0.0,0.0,LT
2024-09-09,3516.53601662637,3526.3477800656174,3486.9536456750407,3510.943359375,1454589,0.0,0.0,LT
2024-09-10,3517.5172547816233,3556.76430922828,3503.7807857252933,3528.457275390625,1203483,0.0,0.0,LT
2024-09-11,3527.3291642010095,3536.110645087443,3450.2086032074244,3470.371826171875,1865165,0.0,0.0,LT
2024-09-12,3491.025513301957,3569.568729378419,3467.4772804972217,3553.82080078125,3751523,0.0,0.0,LT
2024-09-13,3553.8208217288266,3566.3308204800805,3532.2840482582187,3544.990234375,1752455,0.0,0.0,LT
2024-09-16,3551.024192949311,3600.917104783176,3544.9900543819117,3593.31298828125,1045964,0.0,0.0,LT
2024-09-17,3598.954873295229,3635.258398462057,3590.8110616325876,3625.642822265625,1289060,0.0,0.0,LT
2024-09-18,3619.5595364583974,3687.211597532537,3614.8498420937167,3660.229248046875,2249929,0.0,0.0,LT
2024-09-19,3679.4111682225493,3679.8035429291604,3604.8417685465724,3614.359130859375,1711564,0.0,0.0,LT
2024-09-20,3630.352499714604,3738.1836849016377,3610.9742667769383,3722.48486328125,5401701,0.0,0.0,LT
2024-09-23,3728.4701283367426,3766.5398186087614,3678.4301345090653,3716.401611328125,1937874,0.0,0.0,LT
2024-09-24,3716.401540067454,3759.671512071468,3703.9406485759473,3720.228271484375,2676546,0.0,0.0,LT
2024-09-25,3716.2545761693636,3741.4216540256025,3706.8842940073782,3722.43603515625,2113862,0.0,0.0,LT
2024-09-26,3729.4513166520505,3731.364562630834,3666.0672284489583,3691.33251953125,2750597,0.0,0.0,LT
2024-09-27,3667.63714640242,3667.63714640242,3582.27480511376,3635.89599609375,4095425,0.0,0.0,LT
2024-09-30,3629.3713305426427,3645.7078210056707,3596.0113345333293,3606.36279296875,1837697,0.0,0.0,LT
2024-10-01,3597.9736638855506,3653.9007156557923,3570.8442337132515,3584.727783203125,1674100,0.0,0.0,LT
2024-10-03,3515.0644364024,3548.915022042563,3419.792112594254,3431.8115234375,5315877,0.0,0.0,LT
2024-10-04,3448.8347173640486,3486.6591118888045,3403.2100191115796,3428.180908203125,3445879,0.0,0.0,LT
2024-10-07,3439.0232513433066,3446.823555744768,3364.453845608045,3403.063232421875,2304227,0.0,0.0,LT
2024-10-08,3427.199867646705,3471.892498087252,3403.700742084125,3465.9072265625,2249452,0.0,0.0,LT
2024-10-09,3475.375798534109,3490.7311128591805,3415.474933421605,3421.460205078125,1645791,0.0,0.0,LT
2024-10-10,3448.8350618763316,3487.983904598541,3390.4550658075855,3395.2138671875,2686116,0.0,0.0,LT
2024-10-11,3404.0932364871355,3431.2720138454197,3382.1149813961556,3416.995849609375,1280465,0.0,0.0,LT
2024-10-14,3443.929060119898,3506.5772671882323,3435.3928736063813,3488.131103515625,1974378,0.0,0.0,LT
2024-10-15,3502.7994260883984,3502.7994260883984,3453.8876912254395,3485.0400390625,1231552,0.0,0.0,LT
2024-10-16,3483.176132880612,3514.4755634397593,3447.412301904122,3466.103759765625,1961835,0.0,0.0,LT
2024-10-17,3483.077852737479,3515.5548859613777,3455.506940841957,3503.093994140625,2968537,0.0,0.0,LT
2024-10-18,3502.750306896012,3524.8267737885767,3473.609418506825,3510.45263671875,2102609,0.0,0.0,LT
2024-10-21,3512.6112737459366,3553.7715730251043,3504.0750875539347,3518.10595703125,1750549,0.0,0.0,LT
2024-10-22,3517.51730166589,3524.0420287366096,3434.117309855123,3445.793212890625,1363574,0.0,0.0,LT
2024-10-23,3435.147533894267,3447.8046130863913,3378.1901984396873,3390.356689453125,2125268,0.0,0.0,LT
2024-10-24,3379.171363583563,3409.195455837588,3352.434307933838,3377.8466796875,1924421,0.0,0.0,LT
2024-10-25,3360.5289959569714,3370.3407594488162,3252.648704273135,3263.784912109375,3236774,0.0,0.0,LT
2024-10-28,3253.5808406321084,3309.5078936827813,3201.137011601489,3277.9140625,2991674,0.0,0.0,LT
2024-10-29,3253.580783765879,3320.6931504356885,3253.580783765879,3317.259033203125,2253467,0.0,0.0,LT
2024-10-30,3316.3270738977785,3373.6767856803704,3289.8844182364055,3344.192626953125,1785128,0.0,0.0,LT
2024-10-31,3463.552606969321,3586.150547230521,3442.310234248832,3554.115234375,7637083,0.0,0.0,LT
2024-11-01,3556.7153206498506,3573.346212615072,3551.8585454097442,3558.089111328125,212796,0.0,0.0,LT
2024-11-04,3556.7151773732153,3556.7151773732153,3464.4354933484624,3507.165771484375,1724189,0.0,0.0,LT
2024-11-05,3489.0631139839893,3517.517228243139,3475.228431577917,3507.50927734375,1251506,0.0,0.0,LT
2024-11-06,3526.347869437788,3591.007296323164,3490.436718522003,3576.829345703125,1819732,0.0,0.0,LT
2024-11-07,3578.693680400606,3594.0489945648405,3551.8584112270605,3577.90869140625,1581009,0.0,0.0,LT
2024-11-08,3571.8741061093674,3597.9734915030353,3552.4958741875826,3591.399658203125,1622142,0.0,0.0,LT
2024-11-11,3577.36907123832,3592.0867168961845,3538.1220161506803,3560.5419921875,926127,0.0,0.0,LT
2024-11-12,3581.2937002087674,3582.274876564989,3512.611355273257,3523.747802734375,1116206,0.0,0.0,LT
2024-11-13,3517.5171821205345,3536.9936283053685,3469.0960338791992,3481.16455078125,1568694,0.0,0.0,LT
2024-11-14,3491.0256418103063,3498.6297589334176,3434.264491079784,3459.873291015625,1291765,0.0,0.0,LT
2024-11-18,3454.820305443358,3501.131783447937,3444.7632473794974,3475.473876953125,1233217,0.0,0.0,LT
2024-11-19,3492.8895277768793,3539.103028822926,3429.211279660695,3439.906005859375,1826460,0.0,0.0,LT
2024-11-21,3463.5524335707623,3464.0921284594974,3387.4621615191522,3417.927734375,1510581,0.0,0.0,LT
2024-11-22,3434.117194004093,3545.48070872394,3407.723646245321,3535.6689453125,2534018,0.0,0.0,LT
2024-11-25,3591.1055764763187,3690.204391564873,3585.218518154227,3682.35498046875,4753829,0.0,0.0,LT
2024-11-26,3684.2191423123977,3684.2191423123977,3620.5408902237596,3632.90380859375,1141534,0.0,0.0,LT
2024-11-27,3634.2771868414757,3649.9760083829074,3615.634836261025,3629.076904296875,971816,0.0,0.0,LT
2024-11-28,3630.3526385374244,3650.466754507699,3579.3314663201418,3597.041748046875,2124283,0.0,0.0,LT
2024-11-29,3566.6743185324817,3679.411387631506,3566.6743185324817,3654.685791015625,2094305,0.0,0.0,LT
2024-12-02,3637.073513461759,3647.8664529100997,3603.7623859829273,3634.326171875,1158369,0.0,0.0,LT
2024-12-03,3650.9571706802785,3727.3418447668805,3631.8242320002823,3715.763916015625,3252670,0.0,0.0,LT
2024-12-04,3703.9408703488857,3762.8114537186693,3687.309978455925,3718.560302734375,2510166,0.0,0.0,LT
2024-12-05,3738.2821141722115,3810.8891683582337,3689.223293776251,3759.426513671875,2765170,0.0,0.0,LT
2024-12-06,3759.867779290104,3810.839842846165,3728.470136039247,3793.91455078125,1856562,0.0,0.0,LT
2024-12-09,3794.699635845581,3884.4772742889863,3794.699635845581,3872.99755859375,3332753,0.0,0.0,LT
2024-12-10,3880.552319209978,3888.892317873261,3827.863199093295,3849.3017578125,2349493,0.0,0.0,LT
2024-12-11,3849.3018937465476,3873.3407142719752,3828.5501098048444,3843.0224609375,1237958,0.0,0.0,LT
2024-12-12,3856.0229883966945,3884.47710205153,3774.536246038242,3787.242431640625,1899867,0.0,0.0,LT
2024-12-13,3786.3595813921,3824.6254595144874,3722.7793052182087,3813.83251953125,2300361,0.0,0.0,LT
2024-12-16,3808.9265222894905,3840.7165396405203,3784.642408063147,3804.854736328125,918660,0.0,0.0,LT
2024-12-17,3790.3332169161704,3802.4506006965134,3725.526473310008,3735.534423828125,1690180,0.0,0.0,LT
2024-12-18,3735.534708884533,3747.112638210369,3674.505585257353,3687.407958984375,1318341,0.0,0.0,LT
2024-12-19,3632.4618797708927,3691.3815667096774,3630.3524464645975,3646.394775390625,1856838,0.0,0.0,LT
2024-12-20,3646.3949505772566,3654.882030481039,3539.20143062288,3561.523193359375,2796593,0.0,0.0,LT
2024-12-23,3600.917113704548,3630.3524034623506,3548.963875191026,3571.972412109375,1217612,0.0,0.0,LT
2024-12-24,3579.2821703192803,3609.747743489315,3564.0248303713397,3571.236572265625,627922,0.0,0.0,LT
2024-12-26,3589.1432144579144,3596.1585297889987,3542.3902555550567,3561.1796875,1124705,0.0,0.0,LT
2024-12-27,3564.0250117517803,3575.063246103768,3535.669109990014,3540.1826171875,1309122,0.0,0.0,LT
2024-12-30,3539.9860621495345,3554.8019208726373,3498.8748688467635,3511.5810546875,1591690,0.0,0.0,LT
2024-12-31,3495.489813505843,3552.4471478790047,3483.176002545589,3539.74072265625,1267628,0.0,0.0,LT
2025-01-01,3532.234710506135,3619.559401960314,3532.1856037817115,3598.464111328125,1202029,0.0,0.0,LT
2025-01-02,3607.393077046229,3653.9989538368345,3581.342796952162,3643.598388671875,1882900,0.0,0.0,LT
2025-01-03,3638.2017563930235,3649.8776586605363,3582.7161881701013,3591.007080078125,1290107,0.0,0.0,LT
2025-01-06,3615.389489506093,3622.748311996437,3518.0077385505383,3535.37451171875,1212012,0.0,0.0,LT
2025-01-07,3539.201191767013,3581.1464793531127,3528.0156380170533,3574.7197265625,1453540,0.0,0.0,LT
2025-01-08,3593.067694229379,3594.882966244628,3522.422998985109,3528.653564453125,1813201,0.0,0.0,LT
2025-01-09,3532.136640437175,3538.4163127933175,3420.3807501834913,3461.491943359375,2921681,0.0,0.0,LT
2025-01-10,3434.0681338002832,3485.334598319579,3426.5622305068487,3469.586669921875,1794238,0.0,0.0,LT
2025-01-13,3439.5628808380425,3467.967888915489,3383.684934328107,3399.08935546875,2137212,0.0,0.0,LT
2025-01-14,3400.6099655440958,3426.2185231745875,3383.6846744170202,3397.421142578125,2924491,0.0,0.0,LT
2025-01-15,3405.957458707444,3459.774836941175,3405.957458707444,3435.49072265625,1155446,0.0,0.0,LT
2025-01-16,3468.45838299686,3476.7492752112885,3418.1730952660005,3441.868408203125,2305460,0.0,0.0,LT
2025-01-17,3457.665425707677,3512.4642201709044,3445.842202889545,3501.474853515625,1600246,0.0,0.0,LT
2025-01-20,3507.6073110946336,3549.0620127484026,3489.5537616953757,3525.36669921875,1593334,0.0,0.0,LT
2025-01-21,3544.74479185411,3574.7197766923596,3461.688311205306,3474.443603515625,2576596,0.0,0.0,LT
2025-01-22,3495.931358053237,3514.917216368667,3424.4036974855876,3451.974609375,1626055,0.0,0.0,LT
2025-01-23,3426.267918071612,3461.394080375507,3395.4590755656063,3437.30615234375,1993204,0.0,0.0,LT
2025-01-24,3448.344280291684,3454.820140016338,3381.182807077918,3393.10400390625,1206454,0.0,0.0,LT
2025-01-27,3382.3112077462342,3428.1320973050597,3337.1279870236654,3392.564453125,1552938,0.0,0.0,LT
2025-01-28,3399.727041435355,3416.603227219977,3339.9734958614013,3349.637939453125,1657689,0.0,0.0,LT
2025-01-29,3366.4159666711275,3389.964198440322,3347.773616520515,3384.763916015625,1238704,0.0,0.0,LT
2025-01-30,3389.9642782998344,3451.5822007897996,3331.0936974899964,3356.55517578125,2717740,0.0,0.0,LT
2025-01-31,3435.147386229306,3522.422971557076,3415.523859925367,3500.248291015625,3995513,0.0,0.0,LT
2025-02-01,3510.6489825054387,3560.885163747996,3337.961944796954,3382.60546875,4752505,0.0,0.0,LT
2025-02-03,3355.6233227486114,3355.6233227486114,3208.4468612245496,3227.285400390625,6077580,0.0,0.0,LT
2025-02-04,3253.5805888054583,3384.0770358232885,3244.9952962384955,3374.412353515625,4742516,0.0,0.0,LT
2025-02-05,3379.808860993891,3385.990319620355,3315.8362138586517,3319.515625,2670316,0.0,0.0,LT
2025-02-06,3339.9244504278204,3339.9244504278204,3279.778289472041,3289.63916015625,2874856,0.0,0.0,LT
2025-02-07,3303.6209075221423,3306.5153299657345,3248.773243099434,3274.08740234375,1722789,0.0,0.0,LT
2025-02-10,3284.782347267599,3285.9597110197556,3232.0441166114892,3265.99267578125,1236663,0.0,0.0,LT
2025-02-11,3297.6847117439966,3297.7338184720784,3170.1808888673863,3178.66796875,2593537,0.0,0.0,LT
2025-02-12,3197.653846188099,3237.882078067115,3161.595613955079,3227.726806640625,1632415,0.0,0.0,LT
2025-02-13,3227.7266492790254,3252.5013518503324,3191.7175255299285,3202.216064453125,2127644,0.0,0.0,LT
2025-02-14,3213.4017062314106,3223.949352168714,3160.908770636458,3176.70556640625,1378340,0.0,0.0,LT
2025-02-17,3153.0593133707102,3178.42257833882,3134.416962685713,3161.203125,1966689,0.0,0.0,LT
2025-02-18,3166.256065891852,3179.9925347243548,3123.0843067039864,3159.534912109375,2428215,0.0,0.0,LT
2025-02-19,3159.5347727318085,3240.678244534589,3151.145906986596,3214.2353515625,1677978,0.0,0.0,LT
2025-02-20,3198.6839240635686,3223.605706883726,3186.615407365224,3214.137451171875,1236693,0.0,0.0,LT
2025-02-21,3214.1374761511306,3262.3130903234783,3209.3295683975134,3252.69775390625,1706850,0.0,0.0,LT
2025-02-24,3227.7758172868807,3262.901978815365,3188.8231637798635,3196.378173828125,1512844,0.0,0.0,LT
2025-02-25,3172.142961183161,3187.7926751766895,3146.0435759227034,3165.176513671875,2529084,0.0,0.0,LT
2025-02-27,3177.0489747843317,3197.1630896648376,3124.0654526600715,3149.08544921875,2572065,0.0,0.0,LT
2025-02-28,3139.568164101987,3139.568164101987,3081.8749462348164,3104.294921875,2494680,0.0,0.0,LT
2025-03-03,3106.3552595666883,3166.256124456815,3100.5173081138937,3137.115234375,1352460,0.0,0.0,LT
2025-03-04,3111.3594732910274,3160.369186596079,3108.1706499888114,3152.519775390625,1442098,0.0,0.0,LT
2025-03-05,3152.519713999044,3183.91735820943,3127.84322382045,3178.66796875,1945855,0.0,0.0,LT
2025-03-06,3188.9212846995256,3204.9633739617284,3154.48189971204,3198.53662109375,1854837,0.0,0.0,LT
2025-03-07,3198.5368803851457,3227.089209709554,3179.1097791199018,3183.623046875,930240,0.0,0.0,LT
2025-03-10,3184.898425682085,3185.192826495493,3109.39695361073,3117.884033203125,1777752,0.0,0.0,LT
2025-03-11,3110.6235584273086,3144.0815296132955,3101.596783544536,3135.300048828125,1274649,0.0,0.0,LT
2025-03-12,3144.67013857302,3161.3010294624005,3093.698076123559,3133.53369140625,1360149,0.0,0.0,LT
2025-03-13,3141.9720055011107,3172.2902592716723,3118.227585447547,3127.303466796875,1414376,0.0,0.0,LT
2025-03-17,3129.952628201622,3179.060553553098,3099.536160654835,3113.714111328125,2805790,0.0,0.0,LT
2025-03-18,3113.714111328125,3113.714111328125,3113.714111328125,3113.714111328125,0,0.0,0.0,LT
2025-03-19,3213.352511021465,3263.9813059444155,3206.974864816384,3257.06396484375,1616312,0.0,0.0,LT
2025-03-20,3272.4683135373043,3295.6730376324017,3215.2165795827627,3287.970947265625,2434722,0.0,0.0,LT
2025-03-21,3293.809114254698,3389.9643996872155,3270.01558699206,3351.6494140625,3042073,0.0,0.0,LT
2025-03-24,3384.077342059388,3450.7973360460614,3381.1338129129167,3416.30908203125,1955564,0.0,0.0,LT
2025-03-25,3439.0230976614544,3458.646624609594,3370.6842608825614,3404.28955078125,4235900,0.0,0.0,LT
2025-03-26,3407.6256698044867,3430.9777162569253,3354.1515554928415,3379.95654296875,2315715,0.0,0.0,LT
2025-03-27,3394.870223253125,3461.5902160800647,3386.0396359672063,3435.687255859375,3467864,0.0,0.0,LT
2025-03-28,3443.8308160982156,3447.853734999173,3407.1840227158823,3426.562255859375,1348143,0.0,0.0,LT
2025-04-01,3414.4937040802274,3435.6872090959696,3365.434886492868,3372.10693359375,1935147,0.0,0.0,LT
2025-04-02,3368.3784083421438,3392.662522995936,3343.84899960094,3355.52490234375,1338839,0.0,0.0,LT
2025-04-03,3335.999412946053,3397.8135197153474,3329.131178860576,3355.77001953125,1200631,0.0,0.0,LT
2025-04-04,3335.99933620767,3339.7278539630174,3176.362004116377,3198.78173828125,2366979,0.0,0.0,LT
2025-04-07,2991.655913259223,3032.423840083069,2909.48239077744,3010.73974609375,4953864,0.0,0.0,LT
2025-04-08,3066.127010634854,3133.779072579321,3034.4840731036807,3101.5966796875,2877816,0.0,0.0,LT
2025-04-09,3099.339917217843,3099.339917217843,2990.625529205188,2996.65966796875,4451381,0.0,0.0,LT
2025-04-11,3055.3831407534835,3097.5737236219484,3041.793752546452,3057.29638671875,3979116,0.0,0.0,LT
2025-04-15,3120.1408904807195,3210.409117500916,3116.3143984141734,3196.2802734375,2161492,0.0,0.0,LT
2025-04-16,3208.446678792638,3215.1187259113617,3163.4107799450203,3166.94287109375,1578260,0.0,0.0,LT
2025-04-17,3153.5990647105064,3188.724987099061,3102.872054776453,3186.174072265625,3209331,0.0,0.0,LT
2025-04-21,3188.332556518871,3228.0701987835314,3164.3919493428566,3218.7490234375,1643003,0.0,0.0,LT
2025-04-22,3218.2586309345156,3223.164512993867,3186.8609857546667,3196.4765625,2060322,0.0,0.0,LT
2025-04-23,3213.744827462232,3252.599505609687,3205.2086413746097,3238.863037109375,2381699,0.0,0.0,LT
2025-04-24,3244.750135843254,3244.750135843254,3218.258374830926,3238.470703125,1993448,0.0,0.0,LT
2025-04-25,3247.6938131494953,3272.9099981703844,3169.2979163177597,3210.50732421875,2004819,0.0,0.0,LT
2025-04-28,3198.6349946924197,3287.725857791015,3193.5329254319745,3264.668212890625,1689485,0.0,0.0,LT
2025-04-29,3272.2230986583695,3312.8437033754367,3252.5995718298336,3259.76220703125,1843861,0.0,0.0,LT
2025-04-30,3261.4301098683964,3291.846575995328,3241.1198078152197,3278.110107421875,1930714,0.0,0.0,LT
2025-05-02,3262.411449697103,3311.37205503395,3262.411449697103,3272.125,1411889,0.0,0.0,LT
2025-05-05,3286.940767342896,3286.940767342896,3238.5687254547884,3267.513427734375,1947332,0.0,0.0,LT
2025-05-06,3283.0160595322345,3289.8842939664023,3240.6292892189426,3271.241943359375,1695516,0.0,0.0,LT
2025-05-07,3269.279715893045,3276.93293960756,3222.2814628541255,3258.879150390625,2422707,0.0,0.0,LT
2025-05-08,3247.7919890181015,3302.6396521287957,3237.6858245265303,3261.33203125,3204333,0.0,0.0,LT
2025-05-09,3268.298288470599,3411.5500297244885,3268.298288470599,3379.072998046875,5637694,0.0,0.0,LT
2025-05-12,3446.87254344212,3534.9822282429814,3424.305487222601,3519.67578125,3147384,0.0,0.0,LT
2025-05-13,3519.6756709198476,3538.1218337691867,3478.2700778457474,3499.85595703125,2374439,0.0,0.0,LT
2025-05-14,3519.4795640274842,3548.91485449886,3499.8560370465675,3505.84130859375,2440116,0.0,0.0,LT
2025-05-15,3526.3476224628544,3580.017918167856,3476.3076311591244,3550.092041015625,3720879,0.0,0.0,LT
2025-05-16,3573.444115622975,3573.444115622975,3532.234710665214,3536.84619140625,1278520,0.0,0.0,LT
2025-05-19,3536.8464460499713,3551.760279104204,3519.4796720478375,3532.43115234375,1519244,0.0,0.0,LT
2025-05-20,3561.66998740703,3565.594692627313,3489.06294083179,3500.640869140625,1532347,0.0,0.0,LT
2025-05-21,3498.5804378335674,3542.53718590278,3488.0818988739466,3521.44189453125,1563885,0.0,0.0,LT
2025-05-22,3517.517181412424,3524.38541579733,3470.322503606713,3484.549560546875,1597159,0.0,0.0,LT
2025-05-23,3502.799641103302,3563.240201316815,3484.3534774372292,3532.13671875,1119217,0.0,0.0,LT
2025-05-26,3547.7374606151934,3603.370111223932,3540.476611967004,3580.01806640625,1678934,0.0,0.0,LT
2025-05-27,3580.01811997658,3596.0113424783226,3535.178408444583,3571.48193359375,2013954,0.0,0.0,LT
2025-05-28,3591.1053980031797,3594.0489270179364,3551.8583444730903,3577.663330078125,1293244,0.0,0.0,LT
2025-05-29,3594.9321139328026,3599.837995929788,3549.8962130184864,3586.494140625,1972248,0.0,0.0,LT
2025-05-30,3586.4940466109406,3625.741101558025,3585.7090576029964,3605.92138671875,2571304,0.0,0.0,LT
2025-06-02,3605.9213762531426,3627.703443776553,3537.729618480499,3610.336669921875,1954517,0.0,0.0,LT
2025-06-03,3619.6457221369187,3633.7083192679256,3580.329782758445,3609.54443359375,2472483,34.0,0.0,LT
2025-06-04,3609.7424388776626,3626.2808538220524,3580.329771064847,3591.42138671875,1086783,0.0,0.0,LT
2025-06-05,3594.7883746045572,3641.828913569135,3577.0616155800667,3607.36572265625,1466416,0.0,0.0,LT
2025-06-06,3609.742360631415,3631.529557321097,3587.9551639417327,3620.93310546875,1172711,0.0,0.0,LT
2025-06-09,3628.5586753109446,3673.024267606258,3626.7760380862514,3643.314453125,898170,0.0,0.0,LT
2025-06-10,3668.1716786661445,3668.1716786661445,3631.727592034163,3644.205810546875,1454535,0.0,0.0,LT
2025-06-11,3654.2079940176677,3656.2877777101226,3620.7351303210544,3649.157470703125,1265737,0.0,0.0,LT
2025-06-12,3649.157403635138,3672.1329443594564,3550.3227091501217,3569.039794921875,2335718,0.0,0.0,LT
2025-06-13,3467.333312317492,3561.216372952479,3452.1812588153534,3552.699462890625,1981445,0.0,0.0,LT
2025-06-16,3540.9145008243536,3618.358030699406,3527.3470680834566,3593.599853515625,1322630,0.0,0.0,LT
2025-06-17,3586.9648163998227,3592.51074496453,3567.1582740674103,3587.261962890625,930603,0.0,0.0,LT
2025-06-18,3586.964791688359,3603.8994819775367,3552.5013599115728,3566.6630859375,743311,0.0,0.0,LT
2025-06-19,3572.110020977579,3607.761798287031,3556.3639160442067,3586.07373046875,1580819,0.0,0.0,LT
2025-06-20,3579.0421795264283,3634.401368325457,3579.0421795264283,3626.577880859375,2575277,0.0,0.0,LT
2025-06-23,3609.7422554310338,3624.5971618319845,3540.023324767535,3549.03515625,1867977,0.0,0.0,LT
2025-06-24,3601.918765795773,3648.365009734674,3562.206552664393,3569.93115234375,2751637,0.0,0.0,LT
2025-06-25,3604.7906921438557,3606.7713463703085,3573.9914222108846,3584.7861328125,1405262,0.0,0.0,LT
2025-06-26,3585.0832512090933,3633.510149954749,3585.0832512090933,3624.201171875,2578926,0.0,0.0,LT
2025-06-27,3629.5489752059107,3695.306600719016,3629.5489752059107,3643.611572265625,2720600,0.0,0.0,LT
2025-06-30,3646.3844326657727,3681.5410452023384,3617.3677998783687,3634.302490234375,1508882,0.0,0.0,LT
2025-07-01,3634.302532674973,3643.314364447488,3609.742371612438,3631.232421875,1054380,0.0,0.0,LT
2025-07-02,3631.1334245333373,3638.659765390575,3549.233180324374,3562.008544921875,1330176,0.0,0.0,LT
2025-07-03,3570.129245852185,3589.9357881315314,3541.4097595471326,3548.242919921875,1229034,0.0,0.0,LT
2025-07-04,3555.2744765130965,3565.177748035417,3535.567062895315,3559.830078125,696402,0.0,0.0,LT
2025-07-07,3565.078620686346,3574.8830045666114,3540.518700719949,3546.757568359375,719539,0.0,0.0,LT
2025-07-08,3545.3710857718625,3579.0422078155057,3525.5645433932486,3571.515625,1513912,0.0,0.0,LT
2025-07-09,3570.1292993238308,3570.2284287483444,3533.6852126281756,3545.073974609375,1008876,0.0,0.0,LT
2025-07-10,3540.4194609455244,3555.175238350839,3534.4774982138674,3540.122314453125,1063910,0.0,0.0,LT
2025-07-11,3540.419451110438,3551.9073424046946,3501.3015299023646,3506.352294921875,1439747,0.0,0.0,LT
2025-07-14,3506.35228822281,3514.373792805488,3454.260985141215,3462.08447265625,1358844,0.0,0.0,LT
2025-07-15,3484.961058312576,3486.941712508832,3448.0218091965844,3460.202880859375,1585193,0.0,0.0,LT
2025-07-16,3470.1062201927107,3481.9901456043294,3443.367388016568,3469.908203125,1266964,0.0,0.0,LT
2025-07-17,3480.9998971151767,3480.9998971151767,3433.959357964972,3440.396484375,2217275,0.0,0.0,LT
2025-07-18,3455.2512679662464,3465.1545390122947,3416.628510886658,3431.285400390625,1818696,0.0,0.0,LT
2025-07-21,3434.0585016330883,3474.166750969609,3411.5778820384844,3468.91796875,1521623,0.0,0.0,LT
2025-07-22,3468.1255395496387,3473.6714680777977,3420.6889676877618,3431.08740234375,2586522,0.0,0.0,LT
2025-07-23,3442.575120295206,3456.2416830424227,3425.1455078779727,3451.19091796875,1192261,0.0,0.0,LT
2025-07-24,3451.1908727811447,3459.608653274326,3427.522151400184,3443.862548828125,1083671,0.0,0.0,LT
2025-07-25,3436.435129815252,3443.3674197024875,3404.1503687716367,3409.59716796875,1338744,0.0,0.0,LT
2025-07-28,3396.9211414026654,3412.7663752777876,3372.162963472787,3389.097412109375,2256080,0.0,0.0,LT
2025-07-29,3384.938115982578,3470.4033952948885,3373.549354035884,3461.78759765625,1241060,0.0,0.0,LT
2025-07-30,3586.9647545171442,3649.6525082735493,3555.274287332012,3629.64794921875,8760659,0.0,0.0,LT
2025-07-31,3589.935701355291,3627.4690013557615,3585.9743929951746,3601.324462890625,1927627,0.0,0.0,LT
2025-08-01,3600.8294691403003,3600.8294691403003,3543.4896246354265,3552.6005859375,1205945,0.0,0.0,LT
2025-08-04,3560.4239189093996,3601.621622718892,3542.4000141599004,3595.976806640625,1033049,0.0,0.0,LT
2025-08-05,3594.887552678455,3622.3195663637375,3573.397501890162,3617.26904296875,1158433,0.0,0.0,LT
2025-08-06,3614.6938963361813,3635.4907653288005,3587.1627547425182,3593.302734375,931383,0.0,0.0,LT
2025-08-07,3575.3779577261193,3613.703567928493,3564.385230265241,3606.375244140625,1211790,0.0,0.0,LT
2025-08-08,3606.375222575065,3626.8749449533707,3565.1775189774735,3572.7041015625,1337067,0.0,0.0,LT
2025-08-11,3575.0810068518304,3641.3337963890554,3565.177735364706,3632.916015625,1822410,0.0,0.0,LT
2025-08-12,3644.4037321901733,3691.840303623083,3637.570571903948,3650.44482421875,2280103,0.0,0.0,LT
2025-08-13,3660.2489921110528,3680.055534276156,3645.6912319755174,3657.97119140625,1227196,0.0,0.0,LT
2025-08-14,3664.2103853451354,3672.6281659601173,3606.474265241853,3641.432861328125,1769702,0.0,0.0,LT
2025-08-18,3663.2200390614244,3665.6958568764157,3586.6677038660705,3599.938232421875,1950151,0.0,0.0,LT
2025-08-19,3613.6046500159473,3618.655415205292,3573.2983832653463,3578.052001953125,1352944,0.0,0.0,LT
2025-08-20,3578.547133180976,3584.8851301879954,3545.3711738723932,3557.55224609375,1325096,0.0,0.0,LT
2025-08-21,3564.187216509058,3612.713244185897,3553.2936184591554,3577.65576171875,1624009,0.0,0.0,LT
2025-08-22,3575.08090731123,3599.343921779132,3547.3517479193424,3561.018310546875,1060447,0.0,0.0,LT
2025-08-25,3581.0229260853794,3582.9044509333585,3549.629604209751,3568.247802734375,980393,0.0,0.0,LT
2025-08-26,3564.1872355123155,3565.1775626130416,3496.8449926629582,3507.04541015625,1787363,0.0,0.0,LT
2025-08-28,3505.7579029732888,3542.3008759282447,3502.9849387620147,3525.66357421875,1695226,0.0,0.0,LT
2025-08-29,3541.013756545707,3580.0325484674395,3505.9560313355887,3566.16796875,1678055,0.0,0.0,LT
2025-09-01,3566.1679648058634,3593.501090073076,3547.252620072072,3563.593017578125,1094155,0.0,0.0,LT
2025-09-02,3563.5929997406147,3584.885032747986,3525.5645351739663,3540.3203125,1230950,0.0,0.0,LT
2025-09-03,3559.2356978772013,3571.4167699068885,3525.5645755266655,3565.969970703125,1314831,0.0,0.0,LT
2025-09-04,3587.856084029622,3589.836738301471,3537.943693090656,3557.849365234375,1434998,0.0,0.0,LT
2025-09-05,3558.047337382281,3574.1897178498575,3514.770090444606,3519.2265625,830812,0.0,0.0,LT
2025-09-08,3535.467859637405,3545.272001528127,3490.903138717606,3495.458740234375,1039999,0.0,0.0,LT
2025-09-09,3512.888289742588,3515.6612540170654,3482.386166281497,3490.903076171875,1522116,0.0,0.0,LT
2025-09-10,3524.5743212890625,3542.796244108677,3506.847562043667,3515.661376953125,1136732,0.0,0.0,LT
2025-09-11,3513.680701137509,3530.2191160593115,3498.825794001922,3505.4609375,1177793,0.0,0.0,LT
2025-09-12,3521.9992958762114,3560.6220538086504,3513.7797741497543,3545.173095703125,1146873,0.0,0.0,LT
2025-09-15,3546.3613337803777,3572.109838298191,3540.914534747763,3551.510986328125,1177076,0.0,0.0,LT
2025-09-16,3569.0397307325097,3638.461756993749,3558.344391500482,3632.32177734375,2928060,0.0,0.0,LT
2025-09-17,3636.4811698717945,3668.1716375830956,3627.2710793373817,3649.8505859375,1610471,0.0,0.0,LT
2025-09-18,3655.2973386419903,3664.210282572572,3636.976287229127,3650.345703125,1270148,0.0,0.0,LT
2025-09-19,3643.413418820417,3669.161923547063,3635.490801981449,3639.84814453125,2227521,0.0,0.0,LT
2025-09-22,3657.872227019285,3657.872227019285,3598.7495064736067,3609.2470703125,839430,0.0,0.0,LT
2025-09-23,3611.6237657042916,3637.9665629945675,3578.249791146559,3622.220458984375,1262120,0.0,0.0,LT
2025-09-24,3622.220664612041,3673.3214002597188,3601.918958126379,3638.263916015625,1745130,0.0,0.0,LT
2025-09-25,3648.364998684974,3668.171540480224,3600.5321518936316,3609.14794921875,1999071,0.0,0.0,LT
2025-09-26,3628.558621505899,3758.1923467252477,3625.5876401018277,3693.425048828125,5870301,0.0,0.0,LT
2025-09-29,3701.8427334272105,3703.8233876452027,3644.0077269734734,3652.722412109375,2599630,0.0,0.0,LT
2025-09-30,3659.2587099286434,3660.8433300329384,3612.7133352691994,3623.60693359375,1676302,0.0,0.0,LT
2025-10-01,3623.507733402203,3652.3263487550407,3580.032470376755,3634.797607421875,2005028,0.0,0.0,LT
2025-10-03,3654.30703918401,3709.7653573938487,3630.8363350117334,3696.990234375,1959124,0.0,0.0,LT
2025-10-06,3684.0169776056996,3730.5623533980297,3667.1814161488996,3700.8525390625,1581506,0.0,0.0,LT
2025-10-07,3711.746081702309,3729.571970034924,3688.968557721745,3693.623046875,1673945,0.0,0.0,LT
2025-10-08,3693.9201850384043,3723.6299988590886,3679.0652781280623,3693.72216796875,1424633,0.0,0.0,LT
2025-10-09,3699.36699090069,3759.6778163536533,3694.0193211149704,3732.740966796875,1827249,0.0,0.0,LT
2025-10-10,3728.581490385608,3762.252611414323,3723.629854940209,3747.397705078125,1129678,0.0,0.0,LT
2025-10-13,3743.4365207172705,3747.397829204802,3708.7750714513695,3733.0380859375,1191248,0.0,0.0,LT
2025-10-14,3738.484780545012,3750.1706886121997,3694.1180783697487,3708.081787109375,1364583,0.0,0.0,LT
2025-10-15,3710.755608261642,3806.7182066235514,3708.0817734729926,3791.665283203125,2575918,0.0,0.0,LT
2025-10-16,3793.250008284209,3848.3120509754262,3792.952861793004,3824.4453125,2330283,0.0,0.0,LT
2025-10-17,3822.6627988916825,3832.070906816416,3793.0521138191575,3802.261962890625,1337364,0.0,0.0,LT
2025-10-20,3824.643294384854,3849.9957650830866,3808.203767666286,3835.23974609375,1223232,0.0,0.0,LT
2025-10-21,3854.3531351462984,3857.3241164940473,3839.6962454749205,3850.58984375,260327,0.0,0.0,LT
2025-10-23,3852.3725812636535,3927.8354611063683,3852.3725812636535,3880.794921875,2815778,0.0,0.0,LT
2025-10-24,3891.2922999965385,3901.7896221286937,3859.7998500419208,3867.128173828125,1146636,0.0,0.0,LT
2025-10-27,3874.1597944485043,3909.81157169803,3869.2081587194034,3885.845703125,1057688,0.0,0.0,LT
2025-10-28,3884.162046024061,3947.4438514977546,3879.4084275510377,3934.37158203125,3391806,0.0,0.0,LT
2025-10-29,3949.424649733679,3977.846990406787,3882.082403950858,3919.81396484375,2563641,0.0,0.0,LT
2025-10-30,3941.5019898608934,4023.303107769138,3937.1446471867516,3948.929443359375,4959400,0.0,0.0,LT
2025-10-31,3962.3978695741725,4006.7643303770587,3941.6998880485453,3991.909423828125,2328183,0.0,0.0,LT
2025-11-03,3991.018262368892,4001.911860603646,3936.451141772266,3941.9970703125,1154072,0.0,0.0,LT
2025-11-04,3946.4536181325493,3951.4052537889265,3878.913356135383,3886.439697265625,2042881,0.0,0.0,LT
2025-11-06,3906.8405995609546,3939.521395450818,3834.6458471704373,3844.053955078125,1749063,0.0,0.0,LT
2025-11-07,3839.5973985882933,3855.2443737626,3794.0423507725736,3844.945068359375,1577294,0.0,0.0,LT
2025-11-10,3857.3242358837683,3905.652248992122,3856.3339087372,3880.596923828125,1397176,0.0,0.0,LT
2025-11-11,3890.9951479288484,3928.4295603955593,3859.3046809566613,3916.74365234375,1775462,0.0,0.0,LT
2025-11-12,3931.5985969168373,3935.361888262145,3898.8186731125243,3916.34765625,981350,0.0,0.0,LT
2025-11-13,3916.3476087646436,3983.9867556218724,3887.628123140424,3963.7841796875,1834962,0.0,0.0,LT
2025-11-14,3963.2890831386517,3972.6971906573467,3933.1832357904595,3965.665771484375,1916910,0.0,0.0,LT
2025-11-17,3965.6658083468374,3991.018279239245,3961.4075951694253,3988.740478515625,1206133,0.0,0.0,LT
2025-11-18,3981.1149295809723,3987.8492021957804,3940.4123891863123,3960.912353515625,1748928,0.0,0.0,LT
2025-11-19,3968.24077569857,3987.5521545670804,3941.799089911349,3980.718994140625,923032,0.0,0.0,LT
2025-11-20,3995.9699912742126,4008.844244034204,3968.934012122414,3998.3466796875,1463574,0.0,0.0,LT
2025-11-21,3987.056985840705,4017.757126566254,3976.361404586955,3985.967529296875,1241149,0.0,0.0,LT
2025-11-24,3986.0667597125935,3998.941012601106,3964.9727431625206,3974.47998046875,1584741,0.0,0.0,LT
2025-11-25,3974.182663333758,4016.2715652006113,3943.086489019054,3958.040283203125,1749083,0.0,0.0,LT
2025-11-26,3960.318132003266,4035.186958592229,3959.3278048884863,4022.708740234375,2058237,0.0,0.0,LT
2025-11-27,4031.6216040492895,4099.954173609447,4020.331971877068,4041.822021484375,2225064,0.0,0.0,LT
2025-11-28,4045.486292526487,4064.5007666881884,4015.4793323803274,4030.2353515625,1318133,0.0,0.0,LT
2025-12-01,4047.46685529645,4063.7081230151744,4010.8247526182095,4033.80029296875,1251770,0.0,0.0,LT
2025-12-02,4027.1652037915483,4049.0515296938343,3984.878284435106,3991.513427734375,1490917,0.0,0.0,LT
2025-12-03,3992.9989538929285,4007.754731291664,3931.697801783636,3949.424560546875,1123990,0.0,0.0,LT
2025-12-04,3951.405135410527,3970.4193674055587,3923.378830079243,3945.067138671875,1026968,0.0,0.0,LT
2025-12-05,3960.318141380168,4008.84417011926,3936.649419992529,3999.138916015625,1073758,0.0,0.0,LT
2025-12-08,4007.853784827241,4008.7449825080844,3938.4317582128697,3958.040283203125,1127841,0.0,0.0,LT
2025-12-09,3951.405310081496,3981.015995016837,3910.9010265469324,3958.832763671875,1788464,0.0,0.0,LT
2025-12-10,3961.3084244204233,3991.018237603577,3931.5986112372702,3952.692626953125,957277,0.0,0.0,LT
2025-12-11,3954.5742024814103,3976.1633820273128,3946.0575343270825,3965.170654296875,841371,0.0,0.0,LT
2025-12-12,4021.7185122960796,4074.205850673743,4009.4385524816194,4034.69189453125,2207898,0.0,0.0,LT
2025-12-15,4033.4044410018055,4056.3799823899935,4024.4914967045615,4052.7158203125,1064975,0.0,0.0,LT
2025-12-16,4044.1988683310005,4064.1042986548377,4012.0132364794144,4024.491455078125,2199214,0.0,0.0,LT
2025-12-17,4039.544262989653,4039.544262989653,4000.9215058784503,4023.104736328125,1087334,0.0,0.0,LT
2025-12-18,4027.6603121627704,4032.413930594411,3984.48195392906,3992.107666015625,1004303,0.0,0.0,LT
2025-12-19,4001.020583924859,4051.9232997779573,4001.020583924859,4034.097412109375,1327935,0.0,0.0,LT
2025-12-22,4041.524966562853,4058.8556911192977,4029.145877593964,4033.008056640625,764774,0.0,0.0,LT
2025-12-23,4049.447625827489,4055.389588594661,4014.0929957186345,4019.539794921875,1867147,0.0,0.0,LT
2025-12-24,4025.679769249292,4041.2278567796284,4008.9433375229637,4014.39013671875,1021436,0.0,0.0,LT
2025-12-26,4012.805367872498,4022.213475225605,3991.216188959028,4008.15087890625,594330,0.0,0.0,LT
2025-12-29,4013.7957591696304,4021.817505436967,3994.3852511874034,3999.634033203125,952143,0.0,0.0,LT
2025-12-30,3999.931167587476,4024.590215731732,3967.4483902648694,4012.805419921875,1362208,0.0,0.0,LT
2025-12-31,4018.7473912496557,4054.894330574597,4008.8441202017266,4044.000732421875,1160164,0.0,0.0,LT
2026-01-01,4050.437710116081,4106.688094182946,4048.754202455465,4100.35009765625,1360716,0.0,0.0,LT
2026-01-02,4098.072846397531,4132.3382622505915,4087.179247826558,4123.1279296875,984027,0.0,0.0,LT
2026-01-05,4122.632506474317,4154.422102468241,4092.8235646412827,4110.25341796875,1167460,0.0,0.0,LT
2026-01-06,4112.828298731514,4144.518764794459,4089.9516468306983,4100.54833984375,1205337,0.0,0.0,LT
2026-01-07,4066.2833534738093,4139.5675639358315,4054.399427452941,4116.7900390625,1213160,0.0,0.0,LT
2026-01-08,4119.760736848472,4129.5648784288605,3952.6926033998798,3989.43359375,2328813,0.0,0.0,LT
2026-01-09,3990.0279398241755,4054.3992021941363,3967.448433283204,3986.2646484375,1718127,0.0,0.0,LT
2026-01-12,3987.057045804888,3987.9482435148198,3906.147367225221,3980.124755859375,1386513,0.0,0.0,LT
2026-01-13,3989.0376992976735,3989.0376992976735,3799.8852165355447,3849.797607421875,4978634,0.0,0.0,LT
2026-01-14,3862.2758783975337,3867.128384712603,3819.295776872643,3828.40673828125,1914244,0.0,0.0,LT
2026-01-15,3828.40673828125,3828.40673828125,3828.40673828125,3828.40673828125,0,0.0,0.0,LT
2026-01-16,3852.3725000813506,3876.1403509815955,3811.4719416346966,3819.097412109375,1807300,0.0,0.0,LT
2026-01-19,3783.0495812141053,3840.8845880477356,3771.660819385843,3832.367919921875,1709380,0.0,0.0,LT
2026-01-20,3820.682141143715,3836.824522029507,3763.2431664971787,3773.6416015625,1658119,0.0,0.0,LT
2026-01-21,3763.243097558244,3792.952911486335,3685.997581345206,3730.067138671875,2537185,0.0,0.0,LT
2026-01-22,3762.1535505226097,3764.5304806471427,3718.777416654062,3757.10302734375,1856812,0.0,0.0,LT
2026-01-23,3761.2623507419985,3762.648711979561,3684.1159658520496,3707.586669921875,1898703,0.0,0.0,LT
2026-01-27,3707.586739308066,3778.097982259424,3702.833120751766,3751.1611328125,2162193,0.0,0.0,LT
2026-01-28,3767.5014428981335,3791.170163926839,3732.6419772598138,3757.301025390625,2111741,0.0,0.0,LT
2026-01-29,3822.662671754787,3922.586581151978,3806.421403747047,3894.857421875,4227139,0.0,0.0,LT
2026-01-30,3864.751630858486,3904.2655866955392,3854.15517890676,3894.263427734375,2208465,0.0,0.0,LT
2026-02-02,3793.646137206122,3896.739289473399,3788.001320848518,3883.369873046875,3034613,0.0,0.0,LT
2026-02-03,4077.176685441057,4082.1283209589596,3991.61252040333,3999.733154296875,3742190,0.0,0.0,LT
2026-02-04,3990.028058400209,4067.2735755397516,3978.0450032605168,4047.566162109375,1403373,0.0,0.0,LT
2026-02-05,4048.457370023944,4048.9525335965986,3996.8612290417004,4023.996337890625,1433240,0.0,0.0,LT
2026-02-06,4015.7763741904337,4038.5538973979255,4003.1992684273296,4028.749755859375,1630836,0.0,0.0,LT
2026-02-09,4034.4936336236087,4084.80254240429,4023.1048715286006,4073.809814453125,1830267,0.0,0.0,LT
2026-02-10,4099.954341193931,4134.219756795737,4082.524486896545,4128.673828125,1890409,0.0,0.0,LT
2026-02-11,4132.53587635422,4147.1930076310955,4100.251116046062,4130.06005859375,1689489,0.0,0.0,LT
2026-02-12,4147.390810471535,4158.3835381126855,4120.651978480812,4145.41015625,2006458,0.0,0.0,LT
2026-02-13,4133.724626039453,4158.383675198847,4094.1115403028602,4133.5263671875,2234376,0.0,0.0,LT
2026-02-16,4129.664070867548,4165.315847018922,4095.299526542819,4160.859375,852552,0.0,0.0,LT
2026-02-17,4169.376344676558,4245.532404224515,4149.569802086287,4238.40185546875,1763048,0.0,0.0,LT
2026-02-18,4248.998667692766,4293.068226185325,4219.883145984599,4284.05615234375,2042626,0.0,0.0,LT
2026-02-19,4284.254227989648,4292.077715484829,4220.675033797088,4239.09521484375,2007080,0.0,0.0,LT
2026-02-20,4225.824923381601,4347.536028937959,4225.824923381601,4338.22705078125,2542442,0.0,0.0,LT
2026-02-23,4353.08189805949,4388.733673664306,4329.413177077925,4375.3642578125,2122782,0.0,0.0,LT
2026-02-24,4372.789400346814,4397.052414797838,4187.202194686123,4218.00146484375,3673070,0.0,0.0,LT
2026-02-25,4228.69657702178,4302.871977644797,4213.049602782989,4256.9208984375,2481469,0.0,0.0,LT
2026-02-26,4263.2590312828725,4298.0196091654025,4236.9162337408725,4245.037109375,2370148,0.0,0.0,LT
2026-02-27,4247.414068535446,4263.061527830492,4213.247781445278,4236.91650390625,2357853,0.0,0.0,LT
2026-03-02,4021.718464978784,4101.340669322136,3936.946366148908,4027.36328125,6542141,0.0,0.0,LT
2026-03-04,3911.7921409181713,3920.705085036719,3723.629987304386,3845.044189453125,7635350,0.0,0.0,LT
2026-03-05,3886.2415796070422,4033.5031718602877,3871.089526534894,3999.634033203125,4996312,0.0,0.0,LT
2026-03-06,3976.1632721469473,3976.1632721469473,3902.8790673801045,3911.593994140625,2379314,0.0,0.0,LT
2026-03-09,3812.759522920217,3814.7401772178378,3706.794517997499,3804.93603515625,4248784,0.0,0.0,LT
2026-03-10,3897.9274380804954,3933.5792134287926,3813.7496351747936,3838.5078125,3330102,0.0,0.0,LT
2026-03-11,3842.1720063386033,3859.007567059743,3794.933451965104,3801.667724609375,2066473,0.0,0.0,LT
2026-03-12,3788.0012398366084,3792.952875444238,3669.0628558297135,3683.521728515625,4255443,0.0,0.0,LT
2026-03-13,3660.2489254688862,3661.239252559111,3391.3751204729983,3405.73486328125,10778730,0.0,0.0,LT
2026-03-16,3420.0947157845285,3460.995274278437,3363.7451992550614,3435.8408203125,8459233,0.0,0.0,LT
2026-03-17,3444.3577594550566,3515.6613128422805,3416.6285998044696,3508.531005859375,5003418,0.0,0.0,LT
2026-03-18,3534.477591355991,3603.602474645025,3520.613011283426,3573.001220703125,4190485,0.0,0.0,LT
2026-03-19,3492.586678462303,3494.171298598927,3388.899475195398,3401.278564453125,4898518,0.0,0.0,LT
2026-03-20,3441.3867859706,3489.9128154706173,3377.0155223481283,3401.57568359375,4743217,0.0,0.0,LT
2026-03-23,3372.16304103714,3376.916417885746,3256.294765660181,3310.0693359375,5645839,0.0,0.0,LT
2026-03-24,3406.72529938431,3512.789430852937,3357.7041068495646,3482.782470703125,6037848,0.0,0.0,LT
2026-03-25,3535.3686156571594,3624.5971840303014,3511.6998946916524,3614.000732421875,5090205,0.0,0.0,LT
2026-03-27,3604.7907320135955,3604.7907320135955,3512.6903094648965,3529.625,3991388,0.0,0.0,LT
2026-03-30,3466.144884403692,3509.3232431038955,3457.33106983784,3470.205322265625,3549203,0.0,0.0,LT
2026-04-01,3619.6455172871188,3647.2755464119623,3562.503692497252,3572.60498046875,4099786,0.0,0.0,LT
2026-04-02,3505.0649310073672,3593.8972280231887,3436.435211143694,3578.151123046875,4121638,0.0,0.0,LT
2026-04-06,3581.61713670185,3700.8524244991,3542.4000862813164,3691.642333984375,3353246,0.0,0.0,LT
2026-04-07,3644.4037006454223,3700.060034891855,3622.616504608955,3687.284912109375,3083714,0.0,0.0,LT
2026-04-08,3909.811522872209,3992.9990020822556,3892.975961603509,3967.1513671875,7368477,0.0,0.0,LT
2026-04-09,3949.424528544847,3949.424528544847,3848.015128836471,3858.512451171875,4415151,0.0,0.0,LT
2026-04-10,3893.9661619938656,3926.646956334099,3877.7248942455017,3921.59619140625,2822017,0.0,0.0,LT
2026-04-13,3788.0011935064013,3933.2821321015367,3778.6922153895466,3916.050537109375,4897563,0.0,0.0,LT
2026-04-15,4006.2693514998937,4064.302619137815,3992.107866693713,4036.87060546875,4562142,0.0,0.0,LT
2026-04-16,4088.0703386726873,4108.867208128145,4049.447581112553,4079.949462890625,5092608,0.0,0.0,LT
2026-04-17,4094.0123049589974,4102.826119595728,4033.4043337058415,4056.47900390625,2796673,0.0,0.0,LT
2026-04-20,4060.3412146981454,4090.051028464229,3985.0763531573994,4011.815185546875,3545024,0.0,0.0,LT
2026-04-21,3999.931193844929,4052.220513563709,3992.9989040809,4035.97900390625,2426718,0.0,0.0,LT
2026-04-22,4030.6314906487546,4030.6314906487546,3972.202188941561,3982.20458984375,2178082,0.0,0.0,LT
2026-04-23,3971.1126019970075,4024.6893956337844,3940.0164272955244,4014.88525390625,2229134,0.0,0.0,LT
2026-04-24,4032.6120414365805,4048.5564048149936,3944.670944632933,3975.47021484375,2162213,0.0,0.0,LT
2026-04-27,4018.7474793637457,4049.942783848703,3991.2163368910456,4014.39013671875,2000348,0.0,0.0,LT
2026-04-28,4020.728142151919,4048.3581723284724,3984.977236097506,3998.643798828125,1750237,0.0,0.0,LT
2026-04-29,4020.7280982422662,4086.089688016648,4012.112300673278,4056.47900390625,2175030,0.0,0.0,LT
2026-04-30,4043.5056676023564,4060.341228794921,3951.40524460774,3975.173095703125,2569328,0.0,0.0,LT
2026-05-01,3975.173095703125,3975.173095703125,3975.173095703125,3975.173095703125,0,0.0,0.0,LT
2026-05-04,3987.0570248896283,4099.459154130804,3987.0570248896283,4061.13330078125,2173027,0.0,0.0,LT
2026-05-05,4045.486226723394,4050.4378622518193,3985.0762732766066,4015.28125,3849402,0.0,0.0,LT
2026-05-06,3935.5600322215682,3982.1054075397396,3862.2758242738087,3969.726318359375,9540104,0.0,0.0,LT
2026-05-07,3989.0375730176484,4026.471985886887,3952.3954701870493,3984.0859375,3477185,0.0,0.0,LT
2026-05-08,3971.21178887478,3975.173097392361,3921.6954324050193,3936.05517578125,1620273,0.0,0.0,LT
2026-05-11,3909.811514041804,3915.258313263493,3848.510361331151,3902.0869140625,2027769,0.0,0.0,LT
2026-05-12,3887.133070256449,3901.8888476132015,3809.788425575631,3819.196533203125,2255075,0.0,0.0,LT
2026-05-13,3810.7788666919755,3914.7632172643916,3810.7788666919755,3877.923095703125,2486330,0.0,0.0,LT
2026-05-14,3903.86953222323,3949.424580037098,3887.0339710746266,3902.284912109375,2982228,0.0,0.0,LT
2026-05-15,3911.197839728613,3911.197839728613,3855.3434867478295,3871.188720703125,1339185,0.0,0.0,LT
2026-05-18,3836.4280596540248,3886.7367247380407,3814.7399928548766,3879.903564453125,1771638,0.0,0.0,LT
2026-05-19,3902.780167473302,3921.695512743879,3862.2758837629112,3883.07275390625,2318170,0.0,0.0,LT
2026-05-20,3863.8604825083903,3905.3550931385853,3845.5394303407566,3872.872314453125,1972259,0.0,0.0,LT
2026-05-21,3931.5985745195367,3931.5985745195367,3874.8527835138552,3890.5,1624945,0.0,0.0,LT
2026-05-22,3907.0,3960.0,3900.10009765625,3926.60009765625,1330428,38.0,0.0,LT
2026-05-25,3970.0,4038.39990234375,3961.5,4033.39990234375,2099927,0.0,0.0,LT
2026-05-26,4029.60009765625,4052.89990234375,4014.199951171875,4037.800048828125,1552847,0.0,0.0,LT
2026-05-27,4043.0,4069.89990234375,4017.89990234375,4047.5,1607028,0.0,0.0,LT
2026-05-28,4047.5,4047.5,4047.5,4047.5,0,0.0,0.0,LT
2026-05-29,4045.800048828125,4128.0,4045.0,4076.5,4882940,0.0,0.0,LT
2026-06-01,4089.0,4105.7998046875,4002.10009765625,4010.800048828125,1409388,0.0,0.0,LT
2026-06-02,3980.0,4017.0,3923.5,4000.89990234375,2085054,0.0,0.0,LT
2026-06-03,4000.89990234375,4008.0,3894.0,3953.199951171875,1872929,0.0,0.0,LT
2026-06-04,3945.0,3974.89990234375,3930.10009765625,3942.10009765625,1398297,0.0,0.0,LT
2026-06-05,3960.0,3978.0,3923.89990234375,3953.199951171875,1278243,0.0,0.0,LT
2026-06-08,3901.10009765625,3916.699951171875,3863.10009765625,3875.5,1678709,0.0,0.0,LT
2026-06-09,3924.89990234375,3924.89990234375,3885.0,3900.60009765625,1506501,0.0,0.0,LT
2026-06-10,3904.0,3962.800048828125,3900.0,3917.5,2033070,0.0,0.0,LT
2026-06-11,3900.0,3909.800048828125,3854.39990234375,3862.0,2224659,0.0,0.0,LT
2026-06-12,3930.0,4059.800048828125,3921.0,4049.300048828125,3065790,0.0,0.0,LT
2026-06-15,4130.0,4214.89990234375,4130.0,4169.7998046875,3978153,0.0,0.0,LT
2026-06-16,4205.0,4235.39990234375,4177.10009765625,4186.39990234375,2647549,0.0,0.0,LT
2026-06-17,4200.10009765625,4214.7001953125,4172.0,4207.7001953125,1312925,0.0,0.0,LT
2026-06-18,4207.7001953125,4244.89990234375,4165.60009765625,4190.0,1485427,0.0,0.0,LT
2026-06-19,4190.0,4217.5,4161.60009765625,4209.39990234375,1397746,0.0,0.0,LT
2026-06-22,4228.0,4235.39990234375,4190.0,4201.2998046875,1169466,0.0,0.0,LT
2026-06-23,4210.0,4242.39990234375,4166.0,4179.39990234375,2198497,0.0,0.0,LT
2026-06-24,4176.5,4215.0,4170.0,4181.7001953125,1367416,0.0,0.0,LT
2026-06-25,4207.0,4272.2998046875,4187.10009765625,4216.39990234375,3104020,0.0,0.0,LT
2026-06-26,4216.39990234375,4216.39990234375,4216.39990234375,4216.39990234375,0,0.0,0.0,LT
2026-06-29,4225.0,4252.0,4157.7998046875,4165.2001953125,2706906,0.0,0.0,LT
2026-06-30,4183.0,4193.7998046875,4134.10009765625,4143.39990234375,1539094,0.0,0.0,LT
2026-07-01,4130.10009765625,4142.7998046875,4081.10009765625,4092.60009765625,1437109,0.0,0.0,LT
2026-07-02,4100.0,4110.0,4012.0,4059.39990234375,2481554,0.0,0.0,LT
2026-07-03,4080.0,4094.0,4019.0,4026.60009765625,1505428,0.0,0.0,LT
2026-07-06,4027.699951171875,4068.0,4016.5,4041.0,1252054,0.0,0.0,LT
2026-07-07,4044.5,4046.300048828125,3975.0,3991.89990234375,2442514,0.0,0.0,LT
2026-07-08,3950.0,3988.0,3871.0,3892.10009765625,2252308,0.0,0.0,LT
2026-07-09,3916.0,3947.300048828125,3867.800048828125,3886.0,5117653,0.0,0.0,LT
2026-07-10,3905.0,3953.800048828125,3905.0,3945.800048828125,1283990,0.0,0.0,LT
2026-07-13,3895.0,3939.0,3875.60009765625,3928.5,1744547,0.0,0.0,LT
2026-07-14,3892.0,3897.89990234375,3843.0,3848.699951171875,2409089,0.0,0.0,LT
2026-07-15,3868.0,3868.0,3778.60009765625,3783.89990234375,3602201,0.0,0.0,LT
2026-07-16,3795.0,3802.0,3762.300048828125,3775.60009765625,2936753,0.0,0.0,LT
2026-07-17,3788.89990234375,3828.89990234375,3767.699951171875,3814.5,1942610,0.0,0.0,LT
2026-07-20,3815.0,3850.0,3807.0,3838.800048828125,1450930,0.0,0.0,LT
2026-07-21,3839.0,3859.5,3815.699951171875,3846.60009765625,1393919,0.0,0.0,LT
2026-07-22,3835.0,3843.300048828125,3806.199951171875,3817.39990234375,1157406,0.0,0.0,LT
2026-07-23,3800.0,3827.60009765625,3777.699951171875,3792.39990234375,1278355,0.0,0.0,LT
2026-07-24,3751.0,3805.0,3720.0,3785.60009765625,1994087,0.0,0.0,LT
2026-07-27,3820.0,3837.300048828125,3798.699951171875,3806.0,1454211,0.0,0.0,LT
2026-07-28,3812.0,3837.0,3793.0,3832.0,1702441,0.0,0.0,LT
2026-07-29,3895.39990234375,3978.199951171875,3891.10009765625,3931.39990234375,3115802,0.0,0.0,LT
2026-07-30,3931.39990234375,3951.699951171875,3883.5,3937.699951171875,2141252,0.0,0.0,LT
2026-07-31,3962.89990234375,3973.10009765625,3923.199951171875,3938.89990234375,1753377,0.0,0.0,LT
2026-08-03,3974.0,4025.0,3962.5,4025.0,1890377,0.0,0.0,LT
2026-08-04,4007.199951171875,4042.39990234375,3988.199951171875,3990.0,1827982,0.0,0.0,LT
2026-08-05,4025.0,4074.0,4024.800048828125,4057.0,1910224,0.0,0.0,LT
2026-08-06,4056.0,4070.0,4045.0,4061.800048828125,1401341,0.0,0.0,LT
2026-08-07,4040.10009765625,4062.0,4030.0,4056.0,901290,0.0,0.0,LT
2026-08-10,4055.699951171875,4080.0,4025.800048828125,4080.0,1082855,0.0,0.0,LT
2026-08-11,4075.10009765625,4075.5,4028.5,4037.39990234375,1401285,0.0,0.0,LT
2026-08-12,4038.0,4044.10009765625,3990.0,4020.0,2226623,0.0,0.0,LT
2026-08-13,4010.0,4070.699951171875,3990.0,4070.699951171875,2299928,0.0,0.0,LT
2026-08-14,4068.699951171875,4072.5,4033.10009765625,4057.0,934044,0.0,0.0,LT
2026-08-17,4041.0,4086.699951171875,4026.0,4086.699951171875,1066164,0.0,0.0,LT
2026-08-18,4068.0,4085.0,4050.0,4064.300048828125,1355575,0.0,0.0,LT
2026-08-19,4064.0,4069.0,4024.800048828125,4041.300048828125,1190832,0.0,0.0,LT
2026-08-20,4050.5,4084.89990234375,4048.300048828125,4081.0,1056060,0.0,0.0,LT
2026-08-21,4081.0,4100.0,4061.39990234375,4093.0,1258912,0.0,0.0,LT
2026-08-24,4100.0,4107.10009765625,4077.699951171875,4090.0,1369496,0.0,0.0,LT
2026-08-25,4085.0,4125.2998046875,4066.60009765625,4119.0,1316074,0.0,0.0,LT
2026-08-26,4114.0,4124.89990234375,4038.10009765625,4038.10009765625,1384669,0.0,0.0,LT
2026-08-27,4058.0,4067.300048828125,4023.0,4027.0,1161440,0.0,0.0,LT
2026-08-28,4045.0,4060.0,4021.300048828125,4045.800048828125,893956,0.0,0.0,LT
2026-08-31,4035.10009765625,4044.89990234375,3976.0,4044.89990234375,1553171,0.0,0.0,LT
2026-09-01,4038.0,4038.0,3980.10009765625,3980.10009765625,944703,0.0,0.0,LT
2026-09-02,3966.0,4002.300048828125,3956.699951171875,3981.0,1307081,0.0,0.0,LT
2026-09-03,3999.800048828125,4027.699951171875,3975.0,3975.0,940768,0.0,0.0,LT
2026-09-04,3981.0,3994.89990234375,3964.10009765625,3964.10009765625,1319056,0.0,0.0,LT
2026-09-07,3962.0,4004.89990234375,3960.89990234375,3999.0,1256683,0.0,0.0,LT
2026-09-08,3988.699951171875,3988.699951171875,3946.10009765625,3946.10009765625,1200872,0.0,0.0,LT
2026-09-09,3935.300048828125,4020.199951171875,3922.60009765625,3922.60009765625,2954721,0.0,0.0,LT
2026-09-10,3949.39990234375,3965.5,3910.0,3955.0,1376951,0.0,0.0,LT
2026-09-11,3926.0,3948.0,3880.699951171875,3930.699951171875,1195489,0.0,0.0,LT
2026-09-14,3930.699951171875,3930.699951171875,3930.699951171875,3930.699951171875,0,0.0,0.0,LT
2026-09-15,3959.0,3959.0,3835.699951171875,3850.699951171875,1848703,0.0,0.0,LT
2026-09-16,3844.199951171875,3867.89990234375,3799.89990234375,3807.699951171875,2038640,0.0,0.0,LT
2026-09-17,3811.0,3875.0,3811.0,3836.199951171875,1319415,0.0,0.0,LT
2026-09-18,3846.0,3898.0,3846.0,3885.0,1547690,0.0,0.0,LT
2026-09-21,3885.0,3908.699951171875,3883.0,3904.800048828125,947371,0.0,0.0,LT
2026-09-22,3919.60009765625,3930.5,3866.0,3866.39990234375,1355288,0.0,0.0,LT
2026-09-23,3870.0,3945.0,3870.0,3929.89990234375,945462,0.0,0.0,LT
2026-09-24,3887.300048828125,3907.0,3849.0,3858.39990234375,1649308,0.0,0.0,LT
2026-09-25,3865.0,3887.5,3842.39990234375,3876.199951171875,1230579,0.0,0.0,LT
2026-09-28,3857.0,3858.199951171875,3766.39990234375,3766.39990234375,1361601,0.0,0.0,LT
2026-09-29,3768.0,3791.800048828125,3740.199951171875,3749.10009765625,2546475,0.0,0.0,LT
2026-09-30,3756.199951171875,3786.5,3730.0,3760.0,2396040,0.0,0.0,LT
2026-10-01,3726.0,3737.300048828125,3655.89990234375,3693.39990234375,2218837,0.0,0.0,LT
