Date,Open,High,Low,Close,Volume,Dividends,Stock Splits,Symbol
2021-10-04,121.59032712315854,126.59126165422141,119.08986632441412,123.37032318115234,58612212,0.0,0.0,NTPC
2021-10-05,123.37034456830521,125.31986131893429,122.22605934214268,123.24319458007812,24390676,0.0,0.0,NTPC
2021-10-06,124.13319267392414,124.85367047262977,121.03940363293789,121.46321105957031,14421296,0.0,0.0,NTPC
2021-10-07,122.22605376117072,123.45509265645583,120.57320745829932,121.03939819335938,10035682,0.0,0.0,NTPC
2021-10-08,121.67508779152958,121.97174516424298,118.92034012928194,119.59843444824219,10686586,0.0,0.0,NTPC
2021-10-11,120.36127279373775,124.38744213014799,119.89508217859684,122.7345962524414,17449923,0.0,0.0,NTPC
2021-10-12,123.75174378239986,123.96364745326014,121.88699406554419,122.522705078125,16030831,0.0,0.0,NTPC
2021-10-13,123.32793088639433,124.81125651561213,122.64983658346587,124.04840850830078,19100941,0.0,0.0,NTPC
2021-10-14,125.02315858376372,127.65076912403808,124.47221424478985,126.63362121582031,29263867,0.0,0.0,NTPC
2021-10-18,128.20171501439305,128.58313901780392,126.04029508363413,126.76077270507812,25346029,0.0,0.0,NTPC
2021-10-19,127.94745237156054,128.9222171585493,125.53175793474604,126.84555053710938,20234486,0.0,0.0,NTPC
2021-10-20,127.69316889987861,127.69316889987861,123.15843732187477,123.96366882324219,16129487,0.0,0.0,NTPC
2021-10-21,125.19272325214136,125.91320111997337,123.66701378316492,125.36224365234375,20818539,0.0,0.0,NTPC
2021-10-22,125.31985576892323,125.5317594730076,122.05653355259375,122.81938171386719,11379569,0.0,0.0,NTPC
2021-10-25,122.64984268873344,123.96364804101104,121.33603733645585,121.97174835205078,14079380,0.0,0.0,NTPC
2021-10-26,123.15842168769298,123.45507908023488,120.74271455667355,121.37842559814453,16224116,0.0,0.0,NTPC
2021-10-27,122.056508920884,122.52269956250476,119.38652796166889,119.76795196533203,15072448,0.0,0.0,NTPC
2021-10-28,119.76793564579305,120.23412622389085,115.52986299685183,116.41986083984375,19999659,0.0,0.0,NTPC
2021-10-29,111.03751436442798,116.03843541046554,108.96086114814365,112.43607330322266,29217522,0.0,0.0,NTPC
2021-11-01,112.90228199367121,114.68227814021527,110.95276548402168,113.83466339111328,10043407,0.0,0.0,NTPC
2021-11-02,114.42799414526993,119.34416240637431,114.42799414526993,115.82655334472656,21525811,0.0,0.0,NTPC
2021-11-03,116.92844332486709,117.77605801070675,114.89417325228136,115.91130828857422,9808728,0.0,0.0,NTPC
2021-11-04,117.22510792409797,117.22510792409797,116.08082298056414,116.2503433227539,1026849,0.0,0.0,NTPC
2021-11-08,117.5641679230166,119.17464377233613,115.74180131132827,118.92035675048828,12765483,0.0,0.0,NTPC
2021-11-09,119.30174791081288,119.85269219487644,117.01319121255956,117.39461517333984,9556650,0.0,0.0,NTPC
2021-11-10,117.14035174814741,117.18273507087342,115.91131299053845,116.4622573852539,5479056,0.0,0.0,NTPC
2021-11-11,116.54703107388605,116.75893476674766,113.87704971725974,115.82655334472656,11418813,0.0,0.0,NTPC
2021-11-12,117.14036171422606,117.14036171422606,114.13132661471548,115.65703582763672,9306659,0.0,0.0,NTPC
2021-11-15,116.37749327957603,116.67415064501488,115.2755916549829,116.2503433227539,3991733,0.0,0.0,NTPC
2021-11-16,116.7165483646302,116.80131501297026,113.58037637966774,113.83466339111328,5762128,0.0,0.0,NTPC
2021-11-17,113.58038217312671,116.97084134247378,113.58038217312671,115.65703582763672,15264066,0.0,0.0,NTPC
2021-11-18,115.7841524761135,116.63176702444942,114.21606038826344,114.6822509765625,9942974,0.0,0.0,NTPC
2021-11-22,114.42798355356872,116.03844629681906,109.93562309401015,110.31704711914062,15990636,0.0,0.0,NTPC
2021-11-23,110.23230209994244,113.36847412452268,108.62182629615947,113.15657043457031,11510010,0.0,0.0,NTPC
2021-11-24,114.00420022529119,116.3775244523843,113.19896868402117,114.72467803955078,7570759,0.0,0.0,NTPC
2021-11-25,114.85179830250482,115.86893341293386,112.13943369683588,114.5975112915039,13919886,0.0,0.0,NTPC
2021-11-26,112.90229630932295,113.6227741108438,108.49470164183852,109.21517944335938,13323593,0.0,0.0,NTPC
2021-11-29,108.32517607854366,109.63898163014404,105.99423533439243,107.22327423095703,16077669,0.0,0.0,NTPC
2021-11-30,108.3251613140946,109.72372039653496,105.69755056903062,107.85897064208984,22883512,0.0,0.0,NTPC
2021-12-01,110.18991875560928,112.690379709887,106.67231620966889,108.24040222167969,17010938,0.0,0.0,NTPC
2021-12-02,108.24039796895642,110.44420143091195,107.30802306332217,109.0880126953125,12916313,0.0,0.0,NTPC
2021-12-03,109.08801430776829,110.40181973975474,107.13850428840543,107.6470718383789,12827354,0.0,0.0,NTPC
2021-12-06,107.6470823654964,108.15564996520416,105.10423790016972,105.4009017944336,8158812,0.0,0.0,NTPC
2021-12-07,106.03660095711616,107.13850268792068,105.1042260516285,106.24850463867188,8701301,0.0,0.0,NTPC
2021-12-08,105.8246940674671,108.19801781565813,105.8246940674671,107.85897064208984,12093435,0.0,0.0,NTPC
2021-12-09,107.85897007050032,108.19801724227186,106.50278785020112,106.84183502197266,11518172,0.0,0.0,NTPC
2021-12-10,106.884229525489,107.39279713372783,105.44328689101437,106.9266128540039,8389566,0.0,0.0,NTPC
2021-12-13,108.15563112218045,109.00325226307018,106.3756415999216,106.62992858886719,13223189,0.0,0.0,NTPC
2021-12-14,105.95183657069852,108.02848998076945,105.95183657069852,107.09611511230469,11649242,0.0,0.0,NTPC
2021-12-15,106.92659229915003,108.87610216710274,106.71468863088647,107.39277648925781,11916145,0.0,0.0,NTPC
2021-12-16,108.11325800081514,108.66420238457226,107.01135629972693,107.98611450195312,10758513,0.0,0.0,NTPC
2021-12-17,107.98610796875833,108.24038848431135,105.18897703016911,106.41802215576172,13041775,0.0,0.0,NTPC
2021-12-20,105.52803838522283,106.33326982634689,100.95091735467494,103.19709777832031,14185935,0.0,0.0,NTPC
2021-12-21,104.72278369401054,105.69753528523887,102.43422045343955,103.57849884033203,10168470,0.0,0.0,NTPC
2021-12-22,104.2989904515265,105.01946164646729,103.11232858920742,103.87518310546875,7885198,0.0,0.0,NTPC
2021-12-23,104.34135896731748,106.29087519009661,104.08707846007653,105.57040405273438,9836979,0.0,0.0,NTPC
2021-12-24,105.78231190533579,105.95183225022149,102.47661344577155,102.77327728271484,8509575,0.0,0.0,NTPC
2021-12-27,102.7732851816369,103.53613972582708,102.22233431823358,103.28185272216797,5097217,0.0,0.0,NTPC
2021-12-28,103.40900557511402,105.61280276122612,103.36662224840914,105.18899536132812,6511374,0.0,0.0,NTPC
2021-12-29,105.61279735499757,105.73994086181615,103.57852064626246,104.38375854492188,8960770,0.0,0.0,NTPC
2021-12-30,104.46850683371893,108.36753297594056,103.62089217381046,107.56230163574219,32394253,0.0,0.0,NTPC
2021-12-31,107.47755990729387,107.47755990729387,105.10423586555021,105.44328308105469,9155163,0.0,0.0,NTPC
2022-01-03,106.29089379446195,107.26565207646594,105.69755957347418,106.7994613647461,9034081,0.0,0.0,NTPC
2022-01-04,107.64708772965972,112.98706395965733,107.43518401365645,112.64801025390625,33986738,0.0,0.0,NTPC
2022-01-05,112.39372111858701,112.60562480626642,110.7832453320787,111.88514709472656,16122852,0.0,0.0,NTPC
2022-01-06,112.18181816186564,112.18181816186564,109.59659056861703,110.95276641845703,8037648,0.0,0.0,NTPC
2022-01-07,111.29181467557848,112.054662745713,109.72372227926688,111.33419799804688,8820039,0.0,0.0,NTPC
2022-01-10,111.84276457979806,112.13943491812589,110.8256294582916,111.75801086425781,7324926,0.0,0.0,NTPC
2022-01-11,112.01227722015423,113.58036958562413,111.03752549042358,112.1394271850586,11971883,0.0,0.0,NTPC
2022-01-12,113.02941686420324,113.74988154453311,112.18180222835193,113.4532241821289,10439580,0.0,0.0,NTPC
2022-01-13,113.91939897508472,115.82653185703528,113.15655099573354,114.38558959960938,15114699,0.0,0.0,NTPC
2022-01-14,113.91943356470422,115.40275958994036,112.98706496613029,114.72467803955078,9344382,0.0,0.0,NTPC
2022-01-17,114.13132058293577,116.41989074815558,113.96180022014255,115.7841796875,9803141,0.0,0.0,NTPC
2022-01-18,115.7841748579457,116.75892660352919,113.9194121442787,114.42798614501953,6473378,0.0,0.0,NTPC
2022-01-19,113.66513331159798,114.68226833685793,112.69036867331145,114.25846099853516,21136414,0.0,0.0,NTPC
2022-01-20,114.00418284826067,115.57227529506805,113.70751251500266,114.34322357177734,8466412,0.0,0.0,NTPC
2022-01-21,113.62275492224249,115.36036767149243,112.35133285209484,113.6651382446289,12437749,0.0,0.0,NTPC
2022-01-24,112.73273265567128,114.63986535097399,111.03750359317999,112.39369201660156,14284658,0.0,0.0,NTPC
2022-01-25,111.20702615495665,114.97890830833711,111.0798891461349,114.6822509765625,10007486,0.0,0.0,NTPC
2022-01-27,113.74989178855645,115.27560085720486,112.85989375404704,114.42798614501953,18760325,0.0,0.0,NTPC
2022-01-28,118.6660605974826,122.05651947169639,116.97083116037571,118.79319763183594,34009553,0.0,0.0,NTPC
2022-01-31,120.36128794274254,121.54794335466393,117.43701980127098,120.40367126464844,27928927,0.0,0.0,NTPC
2022-02-01,122.056507357623,122.18364437935803,119.04747281868924,119.64080047607422,17413984,0.0,0.0,NTPC
2022-02-02,120.36127808876712,120.99698906458808,119.30175979573221,119.64080047607422,10783943,0.0,0.0,NTPC
2022-02-03,119.94614144122033,120.9057158970639,118.89934141443567,119.20465087890625,9571728,4.0,0.0,NTPC
2022-02-04,119.50997080022573,119.90251913704773,116.80572526072446,117.06742858886719,7213085,0.0,0.0,NTPC
2022-02-07,117.06741738867217,118.9429466352707,117.06741738867217,117.89613342285156,10562489,0.0,0.0,NTPC
2022-02-08,118.15783760883949,118.33230204195199,115.84615392083717,117.76528930664062,8721631,0.0,0.0,NTPC
2022-02-09,118.02700570724846,118.2887090413457,116.7621217883604,117.80892181396484,5144026,0.0,0.0,NTPC
2022-02-10,117.8961581329371,119.37913939109086,117.15468081464596,119.03019714355469,6081460,0.0,0.0,NTPC
2022-02-11,117.28549744620706,120.12058763105036,117.28549744620706,119.64080047607422,8426925,0.0,0.0,NTPC
2022-02-14,117.50359289586578,119.0301800690398,114.9738251903481,115.58445739746094,7705072,0.0,0.0,NTPC
2022-02-15,115.23554958111399,118.46318896097156,113.97065218629,118.07064056396484,12674466,0.0,0.0,NTPC
2022-02-16,117.67805900316843,119.24826563707813,115.88978179507703,116.1950912475586,12946623,0.0,0.0,NTPC
2022-02-17,117.32914630437301,117.67807524416091,115.54085553869194,115.80255889892578,5811964,0.0,0.0,NTPC
2022-02-18,115.80254217063326,116.9802004661736,115.06105164221394,115.45361328125,6760078,0.0,0.0,NTPC
2022-02-21,115.49721598017142,117.02380311976998,114.40679659474388,115.10466766357422,12212740,0.0,0.0,NTPC
2022-02-22,114.31957208421481,115.58445592081416,111.57171387652842,115.23552703857422,13578566,0.0,0.0,NTPC
2022-02-23,115.14828578282805,116.41316959328579,113.27276978567868,113.57807922363281,9263264,0.0,0.0,NTPC
2022-02-24,110.7866104372937,112.53128146780226,107.86428779227022,108.51853942871094,18045779,0.0,0.0,NTPC
2022-02-25,109.04194563071883,114.27595902099333,109.04194563071883,113.70894622802734,10424521,0.0,0.0,NTPC
2022-02-28,112.48767273390861,116.84935072522562,112.35682771848306,116.45680236816406,13262687,0.0,0.0,NTPC
2022-03-02,115.84615631111642,117.76529173651782,113.79616257509333,114.23233032226562,12587947,0.0,0.0,NTPC
2022-03-03,115.23552703857422,116.41317199922177,113.62170100895129,115.23552703857422,15628119,0.0,0.0,NTPC
2022-03-04,115.14828578282805,116.32594402992032,113.18553091152985,113.57807922363281,15883138,0.0,0.0,NTPC
2022-03-07,112.53128016485358,113.83978342258445,110.69937693510873,113.44723510742188,14985637,0.0,0.0,NTPC
2022-03-08,113.83979785954841,118.46317928534994,113.83979785954841,116.67488861083984,28572640,0.0,0.0,NTPC
2022-03-09,116.84933163110742,116.84933163110742,114.3631835687842,114.71211242675781,14286413,0.0,0.0,NTPC
2022-03-10,115.93338556661962,117.76529548740383,115.10466948275389,115.97700500488281,13101323,0.0,0.0,NTPC
2022-03-11,115.93338373434244,116.36955148851345,114.712119346977,115.10466766357422,8669803,0.0,0.0,NTPC
2022-03-14,115.10466459346199,115.93338064212641,114.05786467352888,115.27912902832031,5670284,0.0,0.0,NTPC
2022-03-15,114.53765632852172,115.9770046108305,113.97063025459427,114.31957244873047,6895190,0.0,0.0,NTPC
2022-03-16,115.497236093522,116.02064281398967,114.75575876877627,115.80255889892578,5561866,0.0,0.0,NTPC
2022-03-17,116.4567867399854,117.15465778710075,115.06104464575473,115.93338012695312,13995384,0.0,0.0,NTPC
2022-03-21,115.93338012695312,116.36954786755233,114.88658021167168,115.93338012695312,9172207,0.0,0.0,NTPC
2022-03-22,116.28233411083556,117.02381135865879,114.9302113155545,115.88978576660156,10343712,0.0,0.0,NTPC
2022-03-23,115.9333978693866,116.6748884661961,115.32276560125324,116.4131851196289,11892811,0.0,0.0,NTPC
2022-03-24,116.45680260850926,118.37593826649251,116.32595759281367,118.1142349243164,11276181,0.0,0.0,NTPC
2022-03-25,118.63762238737824,118.76846738187474,117.06741589950639,117.54720306396484,7266868,0.0,0.0,NTPC
2022-03-28,118.2014447910876,118.2014447910876,116.71847729719339,117.59081268310547,7778682,0.0,0.0,NTPC
2022-03-29,117.76528542168431,118.02698871811124,116.80571110504644,117.19827270507812,5116935,0.0,0.0,NTPC
2022-03-30,117.76528187990083,118.59399786801035,116.41315931467885,118.02698516845703,24047012,0.0,0.0,NTPC
2022-03-31,117.1546571353554,118.28869591676113,117.1546571353554,117.76528930664062,11615450,0.0,0.0,NTPC
2022-04-01,120.38230488523565,125.136530930503,119.33550489621649,124.70036315917969,32589741,0.0,0.0,NTPC
2022-04-04,123.74080932660011,127.36099671719269,123.43548654440251,125.8780288696289,15437496,0.0,0.0,NTPC
2022-04-05,126.83757925143591,131.37373460290948,126.27056648789356,130.0652313232422,23958626,0.0,0.0,NTPC
2022-04-06,131.15564719175774,135.47370523624457,129.36735676220326,133.4673309326172,52737388,0.0,0.0,NTPC
2022-04-07,133.42373141999346,137.8290289962719,132.76947970007447,133.9035186767578,37738903,0.0,0.0,NTPC
2022-04-08,135.12479003179544,135.12479003179544,131.8971507132063,132.63864135742188,17585569,0.0,0.0,NTPC
2022-04-11,132.98752419520505,134.86305322295513,132.4641309608512,133.55455017089844,15583159,0.0,0.0,NTPC
2022-04-12,133.2056185015231,133.99072838090228,131.59180593034483,133.11839294433594,11306524,0.0,0.0,NTPC
2022-04-13,133.5109847186338,136.25883691459288,133.2492813402599,134.29608154296875,19454061,0.0,0.0,NTPC
2022-04-18,135.1247848883692,142.8449606024978,134.77585595777654,142.36517333984375,82098517,0.0,0.0,NTPC
2022-04-19,143.8481117324967,145.11300879550964,139.13750558254193,140.14068603515625,38522118,0.0,0.0,NTPC
2022-04-20,141.44919010968675,142.36514500869623,138.70133872344115,140.0098419189453,20047692,0.0,0.0,NTPC
2022-04-21,140.96942451589396,142.53961779390596,139.87900512239474,141.92898559570312,21966151,0.0,0.0,NTPC
2022-04-22,140.66408804697102,142.19067504903117,139.44282376963582,139.96621704101562,9922564,0.0,0.0,NTPC
2022-04-25,138.3524394676374,140.35880081478214,135.56095473793297,136.17160034179688,12008027,0.0,0.0,NTPC
2022-04-26,137.48005631393724,138.22153337404967,136.0843144313545,136.95664978027344,11735823,0.0,0.0,NTPC
2022-04-27,136.7822314512631,139.22477391322568,135.3864890984886,135.77903747558594,17873048,0.0,0.0,NTPC
2022-04-28,137.8290285616446,139.66093869595525,135.43010559617295,139.31199645996094,29123808,0.0,0.0,NTPC
2022-04-29,139.92259514069926,140.44600171363433,135.8226213553148,136.2587890625,28941216,0.0,0.0,NTPC
2022-05-02,134.86306996732537,138.13432800362094,133.4673278808594,137.39283752441406,13368198,0.0,0.0,NTPC
2022-05-04,137.82901384072727,141.23111708590005,137.2183816314378,138.39602661132812,24511385,0.0,0.0,NTPC
2022-05-05,139.2247459489718,140.22792641236762,136.9566684089687,138.1779327392578,33396072,0.0,0.0,NTPC
2022-05-06,136.47689662522887,139.87901331876762,136.12796772317668,138.70135498046875,22604305,0.0,0.0,NTPC
2022-05-09,138.65773554001612,139.39922609535753,136.04072884227142,138.70135498046875,22958742,0.0,0.0,NTPC
2022-05-10,138.65772752691385,140.6641018747256,134.77583714508592,135.60455322265625,20322427,0.0,0.0,NTPC
2022-05-11,134.38330198537895,136.91306990376114,130.8939595816601,133.07479858398438,13794764,0.0,0.0,NTPC
2022-05-12,131.80992306449744,133.46735548807425,129.10567720415025,129.58546447753906,11818556,0.0,0.0,NTPC
2022-05-13,130.85035387901405,130.85035387901405,125.18017187759011,125.74718475341797,22913410,0.0,0.0,NTPC
2022-05-16,125.09291297132951,129.89075851265474,123.56632575363513,129.32374572753906,16286682,0.0,0.0,NTPC
2022-05-17,128.66947744375844,131.5045676247226,127.62267757755892,131.28648376464844,13925542,0.0,0.0,NTPC
2022-05-18,131.28651084000816,131.63543976377383,128.4078006311931,129.54183959960938,17611218,0.0,0.0,NTPC
2022-05-19,128.66949931995288,129.58545435015017,127.14291203988564,129.1056671142578,11701170,0.0,0.0,NTPC
2022-05-20,131.67901802349786,131.67901802349786,128.8003087150173,130.50137329101562,17841739,0.0,0.0,NTPC
2022-05-23,134.68861223848688,135.51734171279273,129.45459860262673,130.98118591308594,26055890,0.0,0.0,NTPC
2022-05-24,130.98119379530857,132.46417506334018,127.6227094966615,128.14610290527344,16581141,0.0,0.0,NTPC
2022-05-25,129.45457686073757,133.59817029321056,128.58224140126958,133.16200256347656,19926619,0.0,0.0,NTPC
2022-05-26,133.59819962731393,135.29926479540492,131.37375436587618,134.4705352783203,22698086,0.0,0.0,NTPC
2022-05-27,135.21200335784644,135.21200335784644,130.41415807740674,131.2428741455078,10245727,0.0,0.0,NTPC
2022-05-30,130.89392939084377,133.03114845801286,129.80351014118793,131.63540649414062,12513990,0.0,0.0,NTPC
2022-05-31,131.809926344431,137.82903720171024,131.1556745855621,136.08436584472656,124665699,0.0,0.0,NTPC
2022-06-01,136.47688854939403,139.74814672800264,136.3024241086916,136.78221130371094,16084988,0.0,0.0,NTPC
2022-06-02,135.64818581587895,138.96306375842397,134.5577663157513,138.74497985839844,17646975,0.0,0.0,NTPC
2022-06-03,138.7013633481918,139.0939117143787,134.9503175263038,135.21202087402344,14063328,0.0,0.0,NTPC
2022-06-06,135.90988126334665,138.39602959275157,134.8630812661875,135.386474609375,18485464,0.0,0.0,NTPC
2022-06-07,135.38649857368333,137.56733783328127,133.903530539314,137.17478942871094,14911957,0.0,0.0,NTPC
2022-06-08,136.17158903890638,139.3556085740305,136.17158903890638,137.00030517578125,16416591,0.0,0.0,NTPC
2022-06-09,135.4737080450722,137.82901127173628,134.9503014121319,135.3428497314453,13821409,0.0,0.0,NTPC
2022-06-10,134.4269188894904,136.6077578506386,134.3396800067306,135.4300994873047,7908849,0.0,0.0,NTPC
2022-06-13,134.3396948856923,135.12479167434617,128.88759687896777,129.89077758789062,19208167,0.0,0.0,NTPC
2022-06-14,129.8907554079874,132.98754920916144,129.8907554079874,132.07159423828125,17034328,0.0,0.0,NTPC
2022-06-15,133.07479578015955,134.07797637577818,128.71311786740955,129.23651123046875,15172295,0.0,0.0,NTPC
2022-06-16,130.93757027557356,130.98117640407867,123.8716470558222,124.70036315917969,18494040,0.0,0.0,NTPC
2022-06-17,123.08654204193635,126.0088579250911,121.73441938040115,122.51951599121094,21387729,0.0,0.0,NTPC
2022-06-20,122.5195290436612,123.34824517908726,117.7653028144211,119.72805786132812,16578770,0.0,0.0,NTPC
2022-06-21,120.55675646910319,123.21738225246335,120.16420817895099,122.08334350585938,51398446,0.0,0.0,NTPC
2022-06-22,122.08335497549658,122.08335497549658,119.1174194926074,120.07698059082031,8317317,0.0,0.0,NTPC
2022-06-23,120.29507895897657,121.38549850469168,118.33232377668938,119.07381439208984,11257409,0.0,0.0,NTPC
2022-06-24,120.29506682428683,120.29506682428683,117.7216796181451,119.16104125976562,21879039,0.0,0.0,NTPC
2022-06-27,119.7280316955346,121.2982380520586,119.29186400265469,120.81845092773438,12872030,0.0,0.0,NTPC
2022-06-28,120.81848468451409,121.51635585026402,119.64082626038699,120.90572357177734,14272044,0.0,0.0,NTPC
2022-06-29,120.20784168607659,124.83122277223033,119.33550613437906,123.653564453125,53487394,0.0,0.0,NTPC
2022-06-30,124.1333525623287,125.57270090867756,123.13015868418422,124.65674591064453,19270932,0.0,0.0,NTPC
2022-07-01,123.87165866136206,124.91845874845595,121.90890350651654,122.69400024414062,9592229,0.0,0.0,NTPC
2022-07-04,121.5599814892,124.04613017348491,121.5599814892,123.34825897216797,17526429,0.0,0.0,NTPC
2022-07-05,123.34824314877825,125.8344048249188,122.30144313648172,122.86846923828125,11370649,0.0,0.0,NTPC
2022-07-06,123.43547972722402,123.87164750011175,118.72487310435031,121.21102142333984,15929985,0.0,0.0,NTPC
2022-07-07,122.12696768580605,124.52589026534866,121.69079994407103,122.51951599121094,18144208,0.0,0.0,NTPC
2022-07-08,122.99929599322455,125.79076671531146,122.99929599322455,125.35459899902344,15375888,0.0,0.0,NTPC
2022-07-11,125.61630743002902,128.2333138348213,125.26737856703656,126.31417846679688,16779135,0.0,0.0,NTPC
2022-07-12,125.65994566109083,129.1929074981571,125.65994566109083,128.32057189941406,19138561,0.0,0.0,NTPC
2022-07-13,128.88758352030314,130.28332578967616,128.66949962263763,129.6290740966797,13644449,0.0,0.0,NTPC
2022-07-14,129.97797219443297,130.23967547174587,128.23330142672248,129.36734008789062,9775869,0.0,0.0,NTPC
2022-07-15,129.49820905361784,130.98117681865415,129.2365057278387,130.6322479248047,11518139,0.0,0.0,NTPC
2022-07-18,132.07161716876993,132.2024755077777,130.2397202197365,130.67588806152344,8286352,0.0,0.0,NTPC
2022-07-19,130.67587673013094,131.8971412569195,130.1960894836122,131.5045928955078,6798359,0.0,0.0,NTPC
2022-07-20,132.68223129324124,132.8130762903964,130.981166465526,131.33010864257812,7271345,0.0,0.0,NTPC
2022-07-21,131.7226571311293,131.9407410005517,130.8503216534397,131.59181213378906,7521568,0.0,0.0,NTPC
2022-07-22,131.72266241134767,132.0715912920974,129.2365008759591,129.9343719482422,6800124,0.0,0.0,NTPC
2022-07-25,130.1524359484136,131.24285517269786,128.5386234829418,130.9375457763672,7996687,0.0,0.0,NTPC
2022-07-26,130.850341796875,131.67905796609818,130.10885120237867,130.850341796875,5774871,0.0,0.0,NTPC
2022-07-27,130.45779328832697,131.33012889933445,130.02162548282323,130.58863830566406,5403197,0.0,0.0,NTPC
2022-07-28,130.89393635244502,131.6790329296399,130.02160090632515,131.1556396484375,6030744,0.0,0.0,NTPC
2022-07-29,131.67903513325115,134.73220924576475,131.24286740289207,133.4237060546875,11771461,0.0,0.0,NTPC
2022-08-01,133.38010954853004,137.56732314194704,131.72267721255366,136.52052307128906,14221965,0.0,0.0,NTPC
2022-08-02,137.04391768923074,139.660924290725,136.56413048346667,139.18113708496094,18278835,0.0,0.0,NTPC
2022-08-03,139.61728321036793,140.40237974480803,137.13112200000458,139.26834106445312,10147608,0.0,0.0,NTPC
2022-08-04,139.3119797189226,140.0098507962632,133.5109538420202,134.95030212402344,15754128,0.0,0.0,NTPC
2022-08-05,134.68859932224257,137.08752200862875,133.4673349153049,135.73541259765625,33864055,0.0,0.0,NTPC
2022-08-08,135.64820424914214,139.57371498304016,135.1684169417306,139.05030822753906,16964235,0.0,0.0,NTPC
2022-08-10,139.49483540797692,139.7171025221172,137.80561076695426,138.472412109375,14055597,3.0,0.0,NTPC
2022-08-11,138.87247368754356,139.45037625525157,135.89410285190291,136.6053466796875,15810624,0.0,0.0,NTPC
2022-08-12,136.64979725705066,141.36186203821222,135.67183025053788,140.91732788085938,17998843,0.0,0.0,NTPC
2022-08-16,141.36183918630044,142.0730964363076,139.5392467225645,141.1395721435547,8309725,0.0,0.0,NTPC
2022-08-17,141.36185503025436,145.49601706224425,141.36185503025436,143.54006958007812,19674110,0.0,0.0,NTPC
2022-08-18,143.54007770287308,144.60695697478235,142.16201909219168,142.96218872070312,9585888,0.0,0.0,NTPC
2022-08-19,143.1844779424275,143.71791087781713,139.71710281490854,140.25054931640625,9599472,0.0,0.0,NTPC
2022-08-22,139.85046337265075,141.31742082025778,138.69467172835962,139.1392059326172,11400211,0.0,0.0,NTPC
2022-08-23,139.0947570683214,141.539695319515,138.3834995911162,141.0507049560547,14362373,0.0,0.0,NTPC
2022-08-24,141.27295077124964,144.91813631355444,140.4727947088442,142.96218872070312,20602844,0.0,0.0,NTPC
2022-08-25,143.45117743400547,143.98461028104504,140.8728711919439,141.27294921875,12889454,0.0,0.0,NTPC
2022-08-26,141.36186275643217,146.4295494627812,141.27295049806753,145.2737579345703,30724938,0.0,0.0,NTPC
2022-08-29,143.85127941266632,145.27378080773022,142.87329868109705,143.09556579589844,10928330,0.0,0.0,NTPC
2022-08-30,143.8512877079519,147.0963823447393,143.62902058033336,145.80723571777344,24663153,0.0,0.0,NTPC
2022-09-01,143.58451778854848,146.029455397951,142.51763863584827,142.87326049804688,14554158,0.0,0.0,NTPC
2022-09-02,144.91815197018028,147.9409791615202,143.3622822404391,143.8512725830078,25106698,0.0,0.0,NTPC
2022-09-05,144.56253019298813,146.7852012379842,144.2068946861243,146.2517547607422,15226001,0.0,0.0,NTPC
2022-09-06,147.4075242773009,150.1191852581362,146.5184559928372,149.7635498046875,27866331,0.0,0.0,NTPC
2022-09-07,149.8080139286383,151.27497124986502,148.16323208814256,148.7411346435547,19415892,0.0,0.0,NTPC
2022-09-08,149.36346425733927,150.43034343167076,147.54087165288294,148.2965850830078,11595205,0.0,0.0,NTPC
2022-09-09,149.0523005694188,150.5637275880834,147.54088711686035,148.11878967285156,16415150,0.0,0.0,NTPC
2022-09-12,148.87448819890412,149.45239074939414,147.14080767964612,147.9409637451172,15469466,0.0,0.0,NTPC
2022-09-13,148.42998475068902,150.20812176732767,147.27419297665213,148.83006286621094,15644741,0.0,0.0,NTPC
2022-09-14,146.69628370811137,153.85328692951637,146.69628370811137,153.23094177246094,38751148,0.0,0.0,NTPC
2022-09-15,155.05352930547022,156.6093990633879,153.4976595475525,155.67588806152344,29483891,0.0,0.0,NTPC
2022-09-16,154.65340440742375,155.3202055303929,152.2973791993742,153.6309814453125,26126152,0.0,0.0,NTPC
2022-09-19,154.25334078247784,154.7867871568707,151.63059216827338,152.03067016601562,13304030,0.0,0.0,NTPC
2022-09-20,152.83084106445312,153.9421764810536,151.94177273117276,152.83084106445312,15395199,0.0,0.0,NTPC
2022-09-21,152.03070093589045,152.96422549696393,149.49685049384925,149.89694213867188,7370283,0.0,0.0,NTPC
2022-09-22,148.4744183429018,150.83044410573268,148.34106351334788,149.94137573242188,7447846,0.0,0.0,NTPC
2022-09-23,148.60775685790708,149.80800445655302,144.60694961722763,145.7627410888672,12264388,0.0,0.0,NTPC
2022-09-26,144.4291144754294,145.67381799252493,139.22807407367168,141.00621032714844,21951865,0.0,0.0,NTPC
2022-09-27,141.71746878524505,143.71787227945015,140.02824459435806,141.36184692382812,8367800,0.0,0.0,NTPC
2022-09-28,140.29498989902623,141.7619472663515,137.80559577819875,140.4283447265625,14261815,0.0,0.0,NTPC
2022-09-29,141.13958800696503,143.76233669292853,140.4727868037825,141.85084533691406,17623352,0.0,0.0,NTPC
2022-09-30,142.25092236109913,143.6289808846933,139.93933944628924,141.9397430419922,12015533,0.0,0.0,NTPC
2022-10-03,142.11758434535346,145.89612491717313,141.3174146728335,142.56211853027344,10528629,0.0,0.0,NTPC
2022-10-04,143.98461995725538,145.8072128308625,143.45118707436748,144.51806640625,9013773,0.0,0.0,NTPC
2022-10-06,146.0294866742714,146.78520025093127,144.3847046855916,144.82923889160156,6456408,0.0,0.0,NTPC
2022-10-07,145.00704955387513,146.5629191260579,143.45117998169238,146.0739288330078,8825983,0.0,0.0,NTPC
2022-10-10,144.65140574423398,147.22971188344616,143.8957058495466,145.7627410888672,10484521,0.0,0.0,NTPC
2022-10-11,146.16280324426452,146.16280324426452,142.5176318489518,143.18443298339844,13805741,0.0,0.0,NTPC
2022-10-12,143.94017153851914,146.96301230128967,143.27337022459866,146.6962890625,12496248,0.0,0.0,NTPC
2022-10-13,146.56291127781495,148.2965917093326,146.0294648837609,146.4739990234375,9447511,0.0,0.0,NTPC
2022-10-14,147.80762528611385,148.91896081458086,146.5629349206738,146.7852020263672,9588164,0.0,0.0,NTPC
2022-10-17,146.7851791913974,150.29699620180787,145.80719865204517,149.7635498046875,13426449,0.0,0.0,NTPC
2022-10-18,150.20808346260824,150.6526176034068,147.94095663131458,148.42994689941406,20635735,0.0,0.0,NTPC
2022-10-19,148.02988411226636,149.45239893558372,145.67385835013548,145.85166931152344,6947654,0.0,0.0,NTPC
2022-10-20,145.8071981819237,149.27455905371022,143.58452747793095,148.42994689941406,12020720,0.0,0.0,NTPC
2022-10-21,148.91893723391303,149.7635493885858,146.2517323879325,146.74072265625,7414335,0.0,0.0,NTPC
2022-10-24,148.42994689941406,149.31901518101114,147.80760181551716,148.42994689941406,685185,0.0,0.0,NTPC
2022-10-25,148.87448280836458,150.87488646571643,147.0963462240518,150.563720703125,8131380,0.0,0.0,NTPC
2022-10-27,151.05269646571927,152.47521115071035,148.96339413188883,151.71949768066406,16225577,0.0,0.0,NTPC
2022-10-28,151.71948477220832,155.32021373977747,151.0526836139957,154.74232482910156,16185760,0.0,0.0,NTPC
2022-10-31,151.05270604529275,154.6978916779396,150.29700609342638,153.89773559570312,24233760,0.0,0.0,NTPC
2022-11-01,154.69789352336596,162.6550525747086,154.25335934657468,161.63262939453125,41101936,0.0,0.0,NTPC
2022-11-02,161.72153486548874,162.43279229137394,160.03231034935501,160.87692260742188,22146420,0.0,0.0,NTPC
2022-11-03,159.45442038140985,161.6770913453765,157.58737134523508,158.3875274658203,16719953,0.0,0.0,NTPC
2022-11-04,159.187681790571,159.58775981225523,156.78720009435986,157.3206329345703,14881752,0.0,0.0,NTPC
2022-11-07,158.12081866563935,159.58777608341737,155.45361349432875,156.34268188476562,12799401,0.0,0.0,NTPC
2022-11-09,158.03189665610753,158.03189665610753,153.1420208102083,154.16444396972656,14929008,0.0,0.0,NTPC
2022-11-10,154.2533572437929,154.8757023695956,151.63060834969895,153.0086669921875,10668583,0.0,0.0,NTPC
2022-11-11,153.8088295747644,154.34227602863405,150.83044507852128,152.43077087402344,16963169,0.0,0.0,NTPC
2022-11-14,153.23094055482795,154.1644514999396,152.11960508102186,152.43077087402344,10224241,0.0,0.0,NTPC
2022-11-15,153.18647794725882,154.83124623930118,152.38630830027853,153.0086669921875,13899999,0.0,0.0,NTPC
2022-11-16,153.00864221545007,153.76434204365893,150.38588017995448,151.09713745117188,9781274,0.0,0.0,NTPC
2022-11-17,151.0971605709597,151.85287408090645,148.9189458670215,149.6302032470703,12778124,0.0,0.0,NTPC
2022-11-18,149.85247775587882,150.29701194467341,146.7851945664175,147.45199584960938,11134908,0.0,0.0,NTPC
2022-11-21,146.69625764262096,147.76313680316457,145.94054422226262,146.16281127929688,12788632,0.0,0.0,NTPC
2022-11-22,146.91854932991492,148.91895317858246,146.56292740548344,148.5188751220703,15198091,0.0,0.0,NTPC
2022-11-23,149.23011752247132,149.58573941112243,147.8076028356559,149.40792846679688,12004998,0.0,0.0,NTPC
2022-11-24,149.98580995278027,151.1416013824553,149.00784302467432,150.6970672607422,10986350,0.0,0.0,NTPC
2022-11-25,151.36386088173236,152.25292908074402,149.8969037798048,150.91932678222656,12358833,0.0,0.0,NTPC
2022-11-28,151.14161625326153,152.830840655532,150.60816982827814,151.4972381591797,5471921,0.0,0.0,NTPC
2022-11-29,152.0306768481609,152.56412324600015,150.29699640434157,151.27496337890625,7693168,0.0,0.0,NTPC
2022-11-30,151.2305293319234,153.67546725514546,150.91934998797996,153.09756469726562,9133076,0.0,0.0,NTPC
2022-12-01,154.2533562469191,154.3867110708342,151.89733058371124,153.09756469726562,9214914,0.0,0.0,NTPC
2022-12-02,153.27536765827614,153.67545924137005,152.16403229658297,153.0531005859375,6376672,0.0,0.0,NTPC
2022-12-05,153.8532861930443,156.1648558462004,152.3863152233212,155.72032165527344,9861212,0.0,0.0,NTPC
2022-12-06,156.12039068997007,156.47601256481175,154.56452124685404,155.76475524902344,7008295,0.0,0.0,NTPC
2022-12-07,154.7867804208878,155.58693638155123,152.29738672556212,152.786376953125,7718718,0.0,0.0,NTPC
2022-12-08,152.78637635446802,153.3198091374521,151.14159474986604,151.45277404785156,4225180,0.0,0.0,NTPC
2022-12-09,152.2084805613458,152.69747080845116,149.36346489560287,150.6970672607422,6174919,0.0,0.0,NTPC
2022-12-12,151.14163119984318,151.14163119984318,148.96341628694927,150.1636505126953,7153044,0.0,0.0,NTPC
2022-12-13,150.91933387358347,151.1416009337802,149.40792057746663,150.4303436279297,5166993,0.0,0.0,NTPC
2022-12-14,151.0971617886122,154.4311680662343,150.65262761826258,152.5641326904297,8562333,0.0,0.0,NTPC
2022-12-15,152.91975473159872,154.74234754481867,152.65303151593864,153.0086669921875,10644546,0.0,0.0,NTPC
2022-12-16,152.83084151811087,153.89773437409917,150.29700490040418,150.96380615234375,9433166,0.0,0.0,NTPC
2022-12-19,150.9638066813057,153.14202139871935,150.69708346637404,152.741943359375,7706855,0.0,0.0,NTPC
2022-12-20,152.16401683440122,152.43074000732554,149.85244765663342,150.91932678222656,7387632,0.0,0.0,NTPC
2022-12-21,151.14160819735415,152.07513260826477,148.11878145984923,149.3190155029297,8454254,0.0,0.0,NTPC
2022-12-22,149.8080280088466,149.94138284472606,146.29621048091116,147.49644470214844,6979001,0.0,0.0,NTPC
2022-12-23,146.0739281293836,147.8965209040968,144.3402476133807,144.9181365966797,5313321,0.0,0.0,NTPC
2022-12-26,144.0290608783794,149.14120347128483,143.94014862423458,147.27415466308594,8321609,0.0,0.0,NTPC
2022-12-27,148.47439474469562,149.5412739098797,146.2961802895063,146.8740692138672,9244387,0.0,0.0,NTPC
2022-12-28,146.69628230221585,149.00786551039045,146.51847133991936,147.45199584960938,9652984,0.0,0.0,NTPC
2022-12-29,146.69628183344852,148.83004050640142,145.80721345870035,148.2521514892578,19571340,0.0,0.0,NTPC
2022-12-30,148.25213579506635,149.185660202949,147.5853345845938,147.98541259765625,8626291,0.0,0.0,NTPC
2023-01-02,148.51888258549818,149.85248521829322,147.94097997162245,149.36349487304688,7322962,0.0,0.0,NTPC
2023-01-03,149.36346488848974,150.43034406732943,148.29658570965006,149.00784301757812,9629995,0.0,0.0,NTPC
2023-01-04,149.23012508886603,149.8080140787511,146.42955170084588,148.11878967285156,11995082,0.0,0.0,NTPC
2023-01-05,149.36347945667572,151.45279545885143,148.6077659496489,151.05270385742188,18887530,0.0,0.0,NTPC
2023-01-06,151.54170997660142,153.05312358237495,149.85248539946178,150.2525634765625,13216749,0.0,0.0,NTPC
2023-01-09,151.3638833359869,152.03068458416305,150.65262595804444,151.4972381591797,6012344,0.0,0.0,NTPC
2023-01-10,151.49723008431752,151.76395328259275,148.6077581628975,149.3190155029297,7557693,0.0,0.0,NTPC
2023-01-11,149.76353423542395,150.0747135290785,147.14078578213537,147.62977600097656,8463293,0.0,0.0,NTPC
2023-01-12,148.38549044835176,148.65221364547,147.18525641047768,147.54087829589844,7628932,0.0,0.0,NTPC
2023-01-13,147.76318441308908,149.49686530333483,147.14083916609172,149.18569946289062,5090393,0.0,0.0,NTPC
2023-01-16,149.94135993775194,149.94135993775194,146.38508681912296,147.54087829589844,10321015,0.0,0.0,NTPC
2023-01-17,148.11878895972475,149.54129014571086,147.40753158367863,149.0967559814453,13015434,0.0,0.0,NTPC
2023-01-18,148.91895304624236,150.87490076109106,148.56333112212693,150.6526336669922,5536057,0.0,0.0,NTPC
2023-01-19,151.49723803301362,151.49723803301362,148.7411343491778,149.98582458496094,6812613,0.0,0.0,NTPC
2023-01-20,151.05270386793308,151.05270386793308,149.05230012507053,149.98582458496094,8545359,0.0,0.0,NTPC
2023-01-23,150.60816247455395,150.69707472974522,147.5853357235263,148.34104919433594,7787735,0.0,0.0,NTPC
2023-01-24,148.6521989953776,148.96337828903216,147.05187353649006,147.62977600097656,7033092,0.0,0.0,NTPC
2023-01-25,147.58535697013969,148.11880344587232,146.16284207892429,147.49644470214844,9257370,0.0,0.0,NTPC
2023-01-27,147.80760991030346,148.51886728775472,145.8072061671565,147.85206604003906,13756671,0.0,0.0,NTPC
2023-01-30,149.00786618315217,153.14202873116466,148.56333199235053,150.11920166015625,30768122,0.0,0.0,NTPC
2023-01-31,151.00825406153166,153.49763441370027,148.78558334273433,152.16403198242188,24990701,0.0,0.0,NTPC
2023-02-01,153.1420051125919,154.52006360476508,148.6522077647202,151.1416015625,13878016,0.0,0.0,NTPC
2023-02-02,151.14161528138982,151.89732878423916,147.1408078180589,148.385498046875,19898080,0.0,0.0,NTPC
2023-02-03,150.07327168063736,151.85225296811436,148.2942903931604,151.03118896484375,11730514,4.25,0.0,NTPC
2023-02-06,150.07323795908806,152.21714692673675,149.66270604969955,151.4873046875,7588936,0.0,0.0,NTPC
2023-02-07,151.89786643808802,152.99262305172286,149.8908103263265,150.7574920654297,8699758,0.0,0.0,NTPC
2023-02-08,151.07680070253366,151.21364005742836,149.7083514712447,150.98556518554688,8839686,0.0,0.0,NTPC
2023-02-09,151.39607841415045,152.03468519218367,150.21008644318377,151.4416961669922,5507650,0.0,0.0,NTPC
2023-02-10,150.62065446442276,151.25926133643725,149.70835495566328,150.5294189453125,9468345,0.0,0.0,NTPC
2023-02-13,150.62064729551616,153.4487672857125,150.3469546717978,153.1294708251953,9829152,0.0,0.0,NTPC
2023-02-14,153.722435234689,153.722435234689,150.3925482889363,151.4873046875,12916373,0.0,0.0,NTPC
2023-02-15,151.4416886491085,151.89783831371426,149.7995470724112,151.2592315673828,11855678,0.0,0.0,NTPC
2023-02-16,151.4417344850286,152.99264102997472,151.07682021113092,152.7189483642578,7923121,0.0,0.0,NTPC
2023-02-17,152.35400299183036,154.7715908842454,151.85223552720146,153.31192016601562,10182025,0.0,0.0,NTPC
2023-02-20,152.99262223117347,155.09091384972808,152.58209024333541,153.17507934570312,6679716,0.0,0.0,NTPC
2023-02-21,154.2242079399228,158.9681617769844,154.2242079399228,158.0558624267578,26883881,0.0,0.0,NTPC
2023-02-22,157.78218900087316,158.01026386613043,153.72245918341048,155.54705810546875,12225021,0.0,0.0,NTPC
2023-02-23,155.95757849457328,156.59618528574214,154.1785974618229,154.72598266601562,11184381,0.0,0.0,NTPC
2023-02-24,155.31896457337496,156.18564617307447,154.54350455646397,156.00318908691406,8338893,0.0,0.0,NTPC
2023-02-27,156.14003651823413,158.28394567339853,155.5470474773167,157.28041076660156,17669762,0.0,0.0,NTPC
2023-02-28,157.6453496499528,157.82780675804162,154.95406902403383,155.54705810546875,19044910,0.0,0.0,NTPC
2023-03-01,155.95759309865858,157.87342757215055,155.04529361996435,157.14358520507812,9318790,0.0,0.0,NTPC
2023-03-02,157.09796871714673,157.09796871714673,155.3189875034272,155.8207550048828,7725981,0.0,0.0,NTPC
2023-03-03,156.91549018106684,159.65238826562032,156.45934050030792,157.46287536621094,12962719,0.0,0.0,NTPC
2023-03-06,157.73657923347696,161.93316253501303,157.5541221161462,161.2945556640625,12402804,0.0,0.0,NTPC
2023-03-08,160.29101274563556,163.43844310652506,160.06293788005536,163.16476440429688,22099710,0.0,0.0,NTPC
2023-03-09,162.75424085207194,166.22098206890888,162.38932658528364,163.712158203125,18874546,0.0,0.0,NTPC
2023-03-10,162.38929370758774,165.12619191614257,162.20683661113424,164.8981170654297,12399692,0.0,0.0,NTPC
2023-03-13,165.39988542645006,165.62796027841136,163.71212595370275,163.94020080566406,13669178,0.0,0.0,NTPC
2023-03-14,162.9823050902574,165.12621454904573,161.65947355892644,162.29808044433594,9217542,0.0,0.0,NTPC
2023-03-15,163.71212105183326,163.8033565581197,162.16121488905054,162.57174682617188,8548173,0.0,0.0,NTPC
2023-03-16,162.5717713457113,164.21391326245305,161.4313969480554,163.8489990234375,9405016,0.0,0.0,NTPC
2023-03-17,165.76480351462854,165.76480351462854,160.4734640407333,161.43138122558594,47276890,0.0,0.0,NTPC
2023-03-20,161.9787641449789,161.9787641449789,159.60678009441207,160.564697265625,5627841,0.0,0.0,NTPC
2023-03-21,161.3401472061502,161.97875397332862,159.9260804155943,161.56822204589844,12894327,0.0,0.0,NTPC
2023-03-22,162.20684810332284,162.20684810332284,158.55765023337446,159.05941772460938,7893205,0.0,0.0,NTPC
2023-03-23,158.78573856971678,160.42788053461015,158.4664281607758,159.28750610351562,5759884,0.0,0.0,NTPC
2023-03-24,159.83485622493473,159.83485622493473,157.23481122011762,157.55410766601562,4977283,0.0,0.0,NTPC
2023-03-27,157.50849110022676,158.6944831439382,155.72950999495185,156.2312774658203,12077986,0.0,0.0,NTPC
2023-03-28,156.32250778430662,157.82779622632404,155.54704772594363,156.91549682617188,8750986,0.0,0.0,NTPC
2023-03-29,157.50850241684793,160.01732603085878,156.64182067976128,158.7401123046875,20272070,0.0,0.0,NTPC
2023-03-31,159.46995970222187,161.7050907536273,159.28750258139846,159.74365234375,8125121,0.0,0.0,NTPC
2023-04-03,160.19977702968134,162.48052548442863,160.0629237700462,162.2068328857422,9098662,0.0,0.0,NTPC
2023-04-05,162.6629919610462,162.6629919610462,159.78924038992184,160.4734649658203,10829323,0.0,0.0,NTPC
2023-04-06,160.92961063576445,161.11208165454934,159.51555768427158,159.83485412597656,7159274,0.0,0.0,NTPC
2023-04-10,160.42784444178415,162.38928245375067,159.83484151867614,162.0243682861328,10968456,0.0,0.0,NTPC
2023-04-11,162.48052978515625,163.9858182368997,161.06646292166698,162.48052978515625,9208605,0.0,0.0,NTPC
2023-04-12,162.38931940333796,162.66301205161815,159.92611340998886,160.38226318359375,7591360,0.0,0.0,NTPC
2023-04-13,160.5647090359276,160.65594455247762,157.18920373235756,157.87342834472656,9944382,0.0,0.0,NTPC
2023-04-17,157.234805997495,158.69447667436896,154.40667231013921,154.72598266601562,17401126,0.0,0.0,NTPC
2023-04-18,155.09089340072197,155.77511793043104,154.17859402777657,155.18212890625,16199789,0.0,0.0,NTPC
2023-04-19,153.95052465668638,155.0452811590171,152.17154360032598,152.4452362060547,16314641,0.0,0.0,NTPC
2023-04-20,152.4452447315488,155.27336469401695,152.17155211051383,154.8172149658203,15498083,0.0,0.0,NTPC
2023-04-21,154.77159720888366,155.04528982991863,153.63122288839207,154.8172149658203,6672391,0.0,0.0,NTPC
2023-04-24,153.72244980733043,156.23127317213851,153.44875720159817,155.95758056640625,8088991,0.0,0.0,NTPC
2023-04-25,156.27689374575945,157.3260325126447,155.41021207912584,156.0944366455078,9175412,0.0,0.0,NTPC
2023-04-26,156.0944453860809,156.6418167174861,154.63476066116326,154.95407104492188,9032416,0.0,0.0,NTPC
2023-04-27,155.09089891540756,156.32250868091066,153.9961424130627,155.95758056640625,9054900,0.0,0.0,NTPC
2023-04-28,156.824261317923,157.37164652624796,154.72598383404033,156.91549682617188,21552892,0.0,0.0,NTPC
2023-05-02,157.50851891125888,160.5647281111549,157.41729730445704,160.19981384277344,8893428,0.0,0.0,NTPC
2023-05-03,160.1997781443618,162.98228014204724,159.74362845023845,160.88400268554688,11194149,0.0,0.0,NTPC
2023-05-04,160.9752242720212,161.88752366026793,159.46993584964764,160.88400268554688,4671155,0.0,0.0,NTPC
2023-05-05,160.8840044708268,160.92960830427802,157.82779591805283,158.96817016601562,5958697,0.0,0.0,NTPC
2023-05-08,159.46995491521534,161.97877853283845,159.19626228190296,161.5226287841797,6287186,0.0,0.0,NTPC
2023-05-09,161.65945378104647,162.98228515053844,159.83485494848256,160.564697265625,7918748,0.0,0.0,NTPC
2023-05-10,160.5647115278792,161.79632141749207,159.6067942715787,161.5226287841797,6231734,0.0,0.0,NTPC
2023-05-11,162.02439403328668,164.21390722809377,161.4313910159451,163.80337524414062,12125975,0.0,0.0,NTPC
2023-05-12,163.3928319574007,163.52967130239065,159.196249050305,159.60678100585938,8920297,0.0,0.0,NTPC
2023-05-15,158.74009247546127,161.2489157760792,158.60325313638836,160.51907348632812,7980565,0.0,0.0,NTPC
2023-05-16,161.38574479487784,162.38927961918463,160.10853130992643,161.88751220703125,7874923,0.0,0.0,NTPC
2023-05-17,161.88752863511698,162.25245675398037,159.69801560427402,160.564697265625,6639494,0.0,0.0,NTPC
2023-05-18,161.47701587245152,162.1156227556265,159.33310642116479,159.74365234375,6921939,0.0,0.0,NTPC
2023-05-19,159.652392376452,159.97170272943848,157.78217585306822,158.1014862060547,6657753,0.0,0.0,NTPC
2023-05-22,158.10148704968526,161.52260976172153,157.96463378885346,158.83132934570312,13339834,0.0,0.0,NTPC
2023-05-23,159.60681084153046,160.24541777183407,157.6453722869008,158.87696838378906,8359389,0.0,0.0,NTPC
2023-05-24,158.74009933955912,159.92609137161526,158.2383318736218,159.60678100585938,8507023,0.0,0.0,NTPC
2023-05-25,159.6067752268227,160.15416042813177,158.1927083905941,159.1962432861328,7986243,0.0,0.0,NTPC
2023-05-26,159.65239298036244,161.70506660439565,158.8313290989827,159.1962432861328,6926193,0.0,0.0,NTPC
2023-05-29,159.60676921002525,162.20682793735153,159.46992987514847,160.83837890625,9943211,0.0,0.0,NTPC
2023-05-30,161.47701278139326,162.38931228863277,160.19979903949223,161.2945556640625,9727639,0.0,0.0,NTPC
2023-05-31,161.47699376676076,161.47699376676076,156.86987901359228,158.60325622558594,41785992,0.0,0.0,NTPC
2023-06-01,158.37518259731587,159.37870359249985,156.77865863532915,159.10501098632812,11602551,0.0,0.0,NTPC
2023-06-02,160.47347831090556,160.47347831090556,158.1927295349087,159.24188232421875,7262018,0.0,0.0,NTPC
2023-06-05,160.3822355243761,160.74714971209306,158.32956189715435,158.83132934570312,12239684,0.0,0.0,NTPC
2023-06-06,159.19625478490067,160.33662910284409,158.32957308738065,160.01731872558594,4889564,0.0,0.0,NTPC
2023-06-07,160.51909800132108,162.38931480425128,160.0173304804492,161.79632568359375,6270083,0.0,0.0,NTPC
2023-06-08,163.07353066161622,168.18241327435408,162.48054157289897,166.08412170410156,27382635,0.0,0.0,NTPC
2023-06-09,167.8630668946804,168.09114171383078,164.7156371745216,166.768310546875,10235269,0.0,0.0,NTPC
2023-06-12,166.76833868454776,170.09822603773938,166.63148541761788,169.41400146484375,17450400,0.0,0.0,NTPC
2023-06-13,169.68771569966754,170.28070483683507,168.77541615289513,169.0947265625,8332566,0.0,0.0,NTPC
2023-06-14,169.09470980244205,171.87721200783724,169.09470980244205,170.78245544433594,15061573,0.0,0.0,NTPC
2023-06-15,170.59998654741983,170.87367914952713,169.09469811670562,170.3262939453125,9840499,0.0,0.0,NTPC
2023-06-16,170.5087710490089,172.15091293377364,169.73332482605446,171.69476318359375,8562558,0.0,0.0,NTPC
2023-06-19,171.6947374371632,171.6947374371632,168.95783934649458,169.55084228515625,5363723,0.0,0.0,NTPC
2023-06-20,169.68770312499998,171.51230208333334,168.3648716643254,171.05615234375,6035600,0.0,0.0,NTPC
2023-06-21,171.05615234375,172.15090893463292,170.14385286458332,171.05615234375,5906854,0.0,0.0,NTPC
2023-06-22,171.05614266744473,171.4666746257297,167.27010561130578,168.31924438476562,6683123,0.0,0.0,NTPC
2023-06-23,168.36485581794744,171.05613624407067,167.63501351918927,170.3262939453125,15255365,0.0,0.0,NTPC
2023-06-26,170.9648914254468,170.9648914254468,168.27361114589561,168.68414306640625,7231775,0.0,0.0,NTPC
2023-06-27,168.6841390534272,170.55435544746484,168.5929174735857,169.73329162597656,6787438,0.0,0.0,NTPC
2023-06-28,169.73332240256184,173.8842878540475,169.04909778706153,172.51583862304688,32476741,0.0,0.0,NTPC
2023-06-30,171.60354379232902,174.84219592377923,171.51230827288572,172.5614471435547,9579059,0.0,0.0,NTPC
2023-07-03,173.3368901271446,175.7088741918551,172.15089809478937,174.47726440429688,7352149,0.0,0.0,NTPC
2023-07-04,174.3404121935279,177.71591702068068,172.42457798106054,177.0316925048828,13258826,0.0,0.0,NTPC
2023-07-05,176.98607536832145,177.67029988649796,175.48078699656654,176.43869018554688,6558910,0.0,0.0,NTPC
2023-07-06,176.52994557711492,179.8598330391469,175.84572098185478,179.4949188232422,16276609,0.0,0.0,NTPC
2023-07-07,179.49491466803735,180.407214107265,175.29833167935635,175.70887756347656,12652336,0.0,0.0,NTPC
2023-07-10,175.75449768629676,176.39311848940542,173.1544523959003,174.7509765625,10238356,0.0,0.0,NTPC
2023-07-11,175.7544878320222,176.02818045792526,174.0667421600262,175.5264129638672,11236383,0.0,0.0,NTPC
2023-07-12,176.75802260012162,177.6703220716061,173.56497444992587,174.06674194335938,9191559,0.0,0.0,NTPC
2023-07-13,174.97904259940694,174.97904259940694,170.55438456451924,171.4210662841797,10612659,0.0,0.0,NTPC
2023-07-14,171.46666298848555,171.8315910870929,168.54730780254468,171.01051330566406,12369394,0.0,0.0,NTPC
2023-07-17,171.9228257183847,172.378975435823,169.50523778419546,170.1438446044922,9058800,0.0,0.0,NTPC
2023-07-18,170.60000114023507,172.56143943537802,169.9613942944154,170.9193115234375,7177677,0.0,0.0,NTPC
2023-07-19,174.24921718966155,179.3581003299491,173.51937475239382,175.6632843017578,31761232,0.0,0.0,NTPC
2023-07-20,175.8000716113815,177.21413830475086,175.0246255618827,175.98252868652344,8936996,0.0,0.0,NTPC
2023-07-21,175.8913325543028,179.12999830877325,175.2527257386317,177.9896240234375,11031250,0.0,0.0,NTPC
2023-07-24,178.3545377022958,179.72298684067658,176.02817138293156,178.71945190429688,9981788,0.0,0.0,NTPC
2023-07-25,179.26686459366144,183.6915230539025,178.7194792862095,183.0529022216797,18028061,0.0,0.0,NTPC
2023-07-26,183.82835066270525,184.42133977402804,182.45990140218882,183.91958618164062,13857423,0.0,0.0,NTPC
2023-07-27,184.05640398806347,185.1967782382993,183.00726524608015,184.23886108398438,16013422,0.0,0.0,NTPC
2023-07-28,184.14762141150644,191.99338713025986,182.00371246337892,191.58285522460938,39630520,0.0,0.0,NTPC
2023-07-31,193.58992719806463,199.74794806224807,191.26356097636744,199.20057678222656,43494779,0.0,0.0,NTPC
2023-08-01,200.29532213096047,206.77263906835137,199.65671537946884,205.40419006347656,63510580,0.0,0.0,NTPC
2023-08-02,205.3129902453066,205.4042118362845,197.83213767647194,199.8848114013672,22647784,0.0,0.0,NTPC
2023-08-03,199.88481966960097,203.99016728920913,198.8356669255722,200.797119140625,29868065,0.0,0.0,NTPC
2023-08-04,202.256770266544,202.71291995768217,198.5163511515614,198.8356475830078,12879897,0.0,0.0,NTPC
2023-08-07,200.43217150199138,201.93747383509762,198.56195498420814,198.8356475830078,12929354,0.0,0.0,NTPC
2023-08-08,200.97957239859744,201.0707939916003,195.23208305718936,198.4707489013672,15314866,0.0,0.0,NTPC
2023-08-09,199.29180734505394,200.43218163052643,197.46720848829798,199.51988220214844,12554174,0.0,0.0,NTPC
2023-08-10,199.9760192143692,201.48132152793062,197.51281369832208,198.33387756347656,10970619,0.0,0.0,NTPC
2023-08-11,198.7964359755877,200.27654542161827,196.71504000700276,197.038818359375,7970536,3.0,0.0,NTPC
2023-08-14,197.31634064492695,197.96388323430165,195.928743332537,197.038818359375,9283695,0.0,0.0,NTPC
2023-08-16,196.99254294434726,201.61786686469057,196.15999028483284,201.15533447265625,9687712,0.0,0.0,NTPC
2023-08-17,203.00545461455886,203.3292329200961,199.02767340469185,199.5827178955078,11865239,0.0,0.0,NTPC
2023-08-18,199.6289647076598,200.41526123196084,197.31630296200888,199.0276641845703,14101163,0.0,0.0,NTPC
2023-08-21,200.92408067151237,203.09798869432802,199.53648340980945,202.40419006347656,13336739,0.0,0.0,NTPC
2023-08-22,202.82047738467793,205.64192812576002,202.4504570743659,205.08688354492188,16930149,0.0,0.0,NTPC
2023-08-23,206.19695859122808,206.19695859122808,204.48559701182228,205.08688354492188,13507905,0.0,0.0,NTPC
2023-08-24,205.36440184373978,205.73442214685986,203.19049374564236,204.3005828857422,11182959,0.0,0.0,NTPC
2023-08-25,205.2256577335632,205.2256577335632,200.92409739503066,201.57164001464844,7413549,0.0,0.0,NTPC
2023-08-28,201.57163653935987,202.8667358716371,200.92409393090634,202.3116912841797,4851793,0.0,0.0,NTPC
2023-08-29,202.7741982713355,205.13311629874653,201.8953895476953,204.53182983398438,8799235,0.0,0.0,NTPC
2023-08-30,205.36440204722555,205.36440204722555,203.2830060805307,203.88429260253906,5490930,0.0,0.0,NTPC
2023-08-31,205.0406075770788,205.0406075770788,202.35792529925894,203.79177856445312,18532999,0.0,0.0,NTPC
2023-09-01,201.5253853482542,214.2912691208613,199.9527637943401,213.41246032714844,29859815,0.0,0.0,NTPC
2023-09-04,216.18763784267284,218.77782206867374,213.22743334811543,218.13027954101562,21895573,0.0,0.0,NTPC
2023-09-05,219.14784033452773,219.14784033452773,214.33750631041056,217.02020263671875,13952922,0.0,0.0,NTPC
2023-09-06,217.85277640221298,218.17655475214335,211.28481019362047,214.5225372314453,14623019,0.0,0.0,NTPC
2023-09-07,215.54011646998842,220.1654408577564,212.16363531306573,216.5576934814453,30334731,0.0,0.0,NTPC
2023-09-08,218.3153006308533,225.34579900918098,217.3902357976717,222.246826171875,28856420,0.0,0.0,NTPC
2023-09-11,225.34580268781323,225.62331085000253,220.304187972377,224.88327026367188,22493483,0.0,0.0,NTPC
2023-09-12,225.90083945427205,226.594638109915,216.5576926941688,217.48275756835938,21174310,0.0,0.0,NTPC
2023-09-13,218.40781308903965,220.58170698106673,215.67886053475135,219.37911987304688,9151928,0.0,0.0,NTPC
2023-09-14,220.11917114257812,221.2755021678232,218.269041502186,220.11917114257812,7568464,0.0,0.0,NTPC
2023-09-15,217.94525953928635,221.36799627225955,217.94525953928635,218.5002899169922,14098284,0.0,0.0,NTPC
2023-09-18,219.24035629652485,224.00443434205295,218.36154756482347,223.12562561035156,11163399,0.0,0.0,NTPC
2023-09-20,223.40314847360352,227.5659400600682,222.33932960321,223.63441467285156,18936709,0.0,0.0,NTPC
2023-09-21,222.06179684544688,224.69822292304454,219.3328586463751,221.04421997070312,10134737,0.0,0.0,NTPC
2023-09-22,220.72047174492693,221.36801429599038,218.3152975662696,220.11917114257812,7209300,0.0,0.0,NTPC
2023-09-25,221.2292400634681,222.24681698404822,219.3791104735905,221.6917724609375,8027642,0.0,0.0,NTPC
2023-09-26,221.78428518766057,224.9757559157753,221.13674265252214,222.2005615234375,10681642,0.0,0.0,NTPC
2023-09-27,221.92304189043165,222.47808642162272,220.02667032549456,221.36801147460938,9679279,0.0,0.0,NTPC
2023-09-28,221.6455392367573,223.12563449769013,217.9915218606435,219.28662109375,32887087,0.0,0.0,NTPC
2023-09-29,221.59928444202794,232.65380641689399,221.5530283771217,227.14967346191406,35038887,0.0,0.0,NTPC
2023-10-03,226.03958818224802,228.21348198010213,222.52433914007392,223.12562561035156,14885044,0.0,0.0,NTPC
2023-10-04,222.9406266648238,222.9406266648238,214.15251067596145,217.52899169921875,25424437,0.0,0.0,NTPC
2023-10-05,219.47163078964508,219.61038486791662,214.6612964995212,216.326416015625,22472389,0.0,0.0,NTPC
2023-10-06,216.69643026610407,219.70289087812046,216.14138573773818,217.89901733398438,8825123,0.0,0.0,NTPC
2023-10-09,216.32643522794095,218.59284143833017,213.2274621278736,217.11273193359375,10659145,0.0,0.0,NTPC
2023-10-10,217.29771353028937,219.1016011631293,216.23389466791014,218.2227783203125,11665907,0.0,0.0,NTPC
2023-10-11,218.5465670025454,221.73803785633413,218.3153007940771,220.81297302246094,14313043,0.0,0.0,NTPC
2023-10-12,221.04422116647058,224.55947007098493,220.72045697029554,223.4956512451172,13170027,0.0,0.0,NTPC
2023-10-13,222.5243443043671,225.53080495626568,221.64553555227053,223.9119415283203,11880728,0.0,0.0,NTPC
2023-10-16,224.65200081824042,226.64088456727498,222.94062522740109,225.20703125,6936948,0.0,0.0,NTPC
2023-10-17,226.50210584058726,228.6759994969821,225.06825267934187,227.51966857910156,10084205,0.0,0.0,NTPC
2023-10-18,227.47342387766747,228.30599064933432,223.495656613832,223.8656768798828,6987265,0.0,0.0,NTPC
2023-10-19,222.20055153924537,223.6806607948002,220.62794427732337,221.55300903320312,11485237,0.0,0.0,NTPC
2023-10-20,221.04422716397977,224.0044316477007,219.7491421134045,222.94061279296875,9040953,0.0,0.0,NTPC
2023-10-23,222.75562235667167,222.84812037396716,217.3902433155958,218.8240966796875,7058625,0.0,0.0,NTPC
2023-10-25,218.31528846475672,218.5928107223195,211.2385485314321,214.66128540039062,23949207,0.0,0.0,NTPC
2023-10-26,213.55121920240788,215.81762518684042,210.68351261615024,214.291259765625,17410264,0.0,0.0,NTPC
2023-10-27,214.61504217320237,220.5817075484783,214.61504217320237,218.87034606933594,10519462,0.0,0.0,NTPC
2023-10-30,219.65662878566965,220.53543750198662,213.36618547011565,217.02020263671875,8812268,0.0,0.0,NTPC
2023-10-31,216.9276924951543,219.42536459633186,216.04888377080624,218.13027954101562,6583581,0.0,0.0,NTPC
2023-11-01,218.96286266460297,218.96286266460297,214.70757252274234,215.17010498046875,6718059,0.0,0.0,NTPC
2023-11-02,216.65018482273592,218.03778209630005,216.2339084637406,217.6215057373047,6057787,0.0,0.0,NTPC
2023-11-03,217.90169992584364,219.72299287189608,217.90169992584364,218.8824005126953,6825146,2.25,0.0,NTPC
2023-11-06,219.81638733174117,221.54427470602798,219.06918624344198,220.28338623046875,5338605,0.0,0.0,NTPC
2023-11-07,220.70369994368107,223.73919302685235,219.67629658409095,223.36558532714844,7002346,0.0,0.0,NTPC
2023-11-08,224.01938751212916,225.00007384229568,220.37678738695348,221.07728576660156,9777991,0.0,0.0,NTPC
2023-11-09,221.54428311944696,223.87927770175918,220.4234885702723,222.24478149414062,13987058,0.0,0.0,NTPC
2023-11-10,222.1513977328106,227.19498049955044,220.23669926058807,226.7279815673828,9589671,0.0,0.0,NTPC
2023-11-13,228.78276274466603,234.0598589691222,227.24167204512503,229.48326110839844,18792969,0.0,0.0,NTPC
2023-11-15,232.51875181777143,232.51875181777143,229.7167583893548,230.9776611328125,10965645,0.0,0.0,NTPC
2023-11-16,232.3786561465902,237.46894132063048,231.30455012255157,235.69435119628906,22145147,0.0,0.0,NTPC
2023-11-17,236.30144191914323,236.39484739922804,234.4334463308496,234.9938507080078,5618928,0.0,0.0,NTPC
2023-11-20,234.43346083128765,238.54304567905407,233.77966518528063,234.48016357421875,6283832,0.0,0.0,NTPC
2023-11-21,235.9278506713733,236.11464738158512,230.97765946654604,233.49945068359375,6851869,0.0,0.0,NTPC
2023-11-22,234.2466686980665,237.23545903239122,232.89237463660268,236.90855407714844,5275418,0.0,0.0,NTPC
2023-11-23,237.23545998894969,238.8232535243672,235.08726202847822,236.06796264648438,8200025,0.0,0.0,NTPC
2023-11-24,236.58166914139184,239.8973645117953,236.3014669231634,237.14205932617188,7149443,0.0,0.0,NTPC
2023-11-28,238.02935513708755,241.25163058189068,236.90854632815913,240.55113220214844,6151585,0.0,0.0,NTPC
2023-11-29,242.41910820725562,242.41910820725562,239.1968330239653,241.3450164794922,8637363,0.0,0.0,NTPC
2023-11-30,240.92474948506083,244.38052432299864,239.10344233158511,244.05361938476562,21687673,0.0,0.0,NTPC
2023-12-01,245.03430925541423,257.26968517360694,244.47390491882743,251.19869995117188,29121320,0.0,0.0,NTPC
2023-12-04,257.78340647705636,260.58540002572005,255.21491239078136,256.66259765625,20464526,0.0,0.0,NTPC
2023-12-05,257.0362028419644,267.6370549406324,254.79458534648788,266.60968017578125,18883076,0.0,0.0,NTPC
2023-12-06,268.99139373917404,269.22489321290595,260.53872419142,262.54681396484375,13415314,0.0,0.0,NTPC
2023-12-07,263.24732463776456,269.22490574283205,262.7336086696334,265.068603515625,25133786,0.0,0.0,NTPC
2023-12-08,267.5436731500781,272.6339439046945,262.45337389211176,266.2360534667969,20815064,0.0,0.0,NTPC
2023-12-11,267.1700880734332,269.4583943313145,265.628997238067,268.33758544921875,8071675,0.0,0.0,NTPC
2023-12-12,268.47771603791404,269.5518079553751,262.3133240070939,264.69500732421875,8640883,0.0,0.0,NTPC
2023-12-13,265.95592018207805,275.4359938136214,265.7224206911368,274.64208984375,23629670,0.0,0.0,NTPC
2023-12-14,278.0978239489024,278.7983222460029,274.2217390722826,275.9029235839844,24900443,0.0,0.0,NTPC
2023-12-15,278.3313776810782,286.73735888621144,275.5293839460338,284.9627685546875,28843558,0.0,0.0,NTPC
2023-12-18,285.80335407495204,286.3170415126342,281.8338630461333,283.18817138671875,13307504,0.0,0.0,NTPC
2023-12-19,284.86934849478314,291.87433247416305,282.5343538349898,289.2124328613281,15650536,0.0,0.0,NTPC
2023-12-20,291.8742973600474,292.6682011495366,275.66943066994776,278.0044250488281,23497233,0.0,0.0,NTPC
2023-12-21,276.2765807530482,283.1414713500505,273.8482088985269,282.02069091796875,17868637,0.0,0.0,NTPC
2023-12-22,283.9353535272093,288.55865440210215,279.82576858472294,282.8145446777344,15207726,0.0,0.0,NTPC
2023-12-26,286.2236534307481,290.1931443056868,284.49575170216303,289.1657409667969,9917180,0.0,0.0,NTPC
2023-12-27,291.0336797579648,291.64077254297337,283.51498141025314,285.8499755859375,12630732,0.0,0.0,NTPC
2023-12-28,288.698737067715,294.6763175228165,287.4378342873115,293.1819152832031,37591916,0.0,0.0,NTPC
2023-12-29,293.6022076153281,293.6022076153281,287.8114099824917,290.6134033203125,12682889,0.0,0.0,NTPC
2024-01-01,291.40731168659204,292.6214974172792,287.4845095510092,289.3058166503906,8024960,0.0,0.0,NTPC
2024-01-02,290.2865230464224,290.2865230464224,282.11404178381645,285.8033447265625,13506040,0.0,0.0,NTPC
2024-01-03,286.9241406387938,287.67132749067576,283.2815263516529,285.9901428222656,14259987,0.0,0.0,NTPC
2024-01-04,290.3798875080192,300.5137685426042,288.2317041381139,296.1706848144531,40057506,0.0,0.0,NTPC
2024-01-05,301.58789382571854,304.156387860087,292.0611330547994,294.1626281738281,27456415,0.0,0.0,NTPC
2024-01-08,295.5635681152344,297.33815795179504,291.96767145754666,295.5635681152344,10136462,0.0,0.0,NTPC
2024-01-09,296.87119243503423,300.23359005718817,295.1899793722825,298.6457824707031,12229517,0.0,0.0,NTPC
2024-01-10,298.5523875601216,298.6457930396939,287.67131901868873,292.668212890625,14455000,0.0,0.0,NTPC
2024-01-11,294.1626375204287,296.35750968958286,291.7342373828328,292.2479248046875,10316319,0.0,0.0,NTPC
2024-01-12,294.39611577116665,294.4894927477913,289.2591279093835,292.014404296875,12341629,0.0,0.0,NTPC
2024-01-15,294.11592423527617,297.0113233395715,289.16574691429116,296.3575134277344,9706124,0.0,0.0,NTPC
2024-01-16,296.3108259173496,296.3108259173496,289.67943530253183,290.9403381347656,10162832,0.0,0.0,NTPC
2024-01-17,289.3058390055117,293.36873542345097,286.8307503611795,288.8855285644531,13502940,0.0,0.0,NTPC
2024-01-18,288.55863386656125,290.75350591027393,276.97703825737864,279.5455322265625,32481018,0.0,0.0,NTPC
2024-01-19,283.74853154142625,289.025642124314,281.7871588859781,288.0916442871094,28651237,0.0,0.0,NTPC
2024-01-23,292.76162864939937,294.4895018170768,280.47953448984475,282.62774658203125,21652362,0.0,0.0,NTPC
2024-01-24,282.9546588870077,290.19314219453014,278.56485760884675,288.4652404785156,23922028,0.0,0.0,NTPC
2024-01-25,289.53934018814533,296.2641362648241,288.7921532922268,293.975830078125,32525422,0.0,0.0,NTPC
2024-01-29,296.8245121699274,304.24980664990795,295.2834213825785,303.1289978027344,24694773,0.0,0.0,NTPC
2024-01-30,300.6071881858156,302.56858920485996,293.74229887083516,294.6296081542969,20918448,0.0,0.0,NTPC
2024-01-31,297.52496722674397,298.8792753444882,291.9676978028167,296.5442810058594,20931224,0.0,0.0,NTPC
2024-02-01,298.92600720338754,305.3706153157798,296.1707305860307,300.747314453125,24020951,0.0,0.0,NTPC
2024-02-02,302.61533863956765,311.6751302409217,301.7747461773511,310.5543212890625,32346639,0.0,0.0,NTPC
2024-02-05,315.69127724824244,318.53995932502903,311.0679764315795,313.91668701171875,19651482,0.0,0.0,NTPC
2024-02-06,316.88748036035946,316.88748036035946,310.28565785285195,315.18988037109375,12024661,3.25,0.0,NTPC
2024-02-07,318.67937478022736,318.67937478022736,310.89865595978756,311.8889465332031,8080437,0.0,0.0,NTPC
2024-02-08,314.9541321328193,316.18017349275766,309.342570934003,312.0776062011719,17754869,0.0,0.0,NTPC
2024-02-09,314.0110290489558,315.9444086939688,301.4204028267584,306.4189147949219,18304439,0.0,0.0,NTPC
2024-02-12,307.5977705725481,308.11650247279147,296.61045732157885,298.1665954589844,11714289,0.0,0.0,NTPC
2024-02-13,300.4301075775482,305.52296577188775,297.9308516305724,303.25946044921875,15426888,0.0,0.0,NTPC
2024-02-14,302.64641937920993,310.61577427733926,300.2414811128302,309.3425598144531,14085723,0.0,0.0,NTPC
2024-02-15,312.171916739591,321.508774958249,311.3702610460115,319.95263671875,21973316,0.0,0.0,NTPC
2024-02-16,322.45183429776586,323.44212483981426,317.6419297866055,318.53790283203125,20307449,0.0,0.0,NTPC
2024-02-19,321.03718668053347,322.45186291042563,318.3021517257409,319.4810485839844,8496898,0.0,0.0,NTPC
2024-02-20,321.2258610738862,326.7902491706758,318.58511451865945,326.0357666015625,19340526,0.0,0.0,NTPC
2024-02-21,327.2617869716911,328.2520488778162,315.66145272138294,316.9818115234375,17751633,0.0,0.0,NTPC
2024-02-22,319.7168315571632,320.89572842868665,311.7946503368579,320.23553466796875,16083122,0.0,0.0,NTPC
2024-02-23,320.6599169885733,320.6599169885733,315.80286811993113,318.53790283203125,9665454,0.0,0.0,NTPC
2024-02-26,318.7736950775129,319.2452537980418,315.5199283931997,318.3964538574219,7711995,0.0,0.0,NTPC
2024-02-27,316.9818115234375,318.77372909634465,315.0955764400272,316.9818115234375,8882923,0.0,0.0,NTPC
2024-02-28,316.60453883628986,317.3590212820973,312.92635776341274,314.3410339355469,12977628,0.0,0.0,NTPC
2024-02-29,314.34106628342363,316.88749516797446,311.7946661805361,316.51025390625,13149469,0.0,0.0,NTPC
2024-03-01,316.51025362125716,324.76253213382597,315.9443773383484,323.96087646484375,13027254,0.0,0.0,NTPC
2024-03-04,328.20486423537403,337.91896221013644,326.08285002695567,333.72210693359375,38075510,0.0,0.0,NTPC
2024-03-05,334.71237696076054,339.4751373481601,333.4391626480236,337.871826171875,15918221,0.0,0.0,NTPC
2024-03-06,339.0036185177219,339.0036185177219,325.37555826052153,331.93023681640625,13120921,0.0,0.0,NTPC
2024-03-07,331.97741110087696,333.7693288703723,329.80825202964576,332.1660461425781,9172926,0.0,0.0,NTPC
2024-03-11,332.21316998996457,333.061970061853,326.9788788952655,328.15777587890625,10664917,0.0,0.0,NTPC
2024-03-12,328.2049333048178,329.5724653729209,323.0649307389582,325.1398010253906,9637912,0.0,0.0,NTPC
2024-03-13,324.2909600055148,324.9039806277253,301.3260429914607,304.1553955078125,23722232,0.0,0.0,NTPC
2024-03-14,302.78790804950364,308.3523251736276,298.49673428259416,303.54241943359375,20859127,0.0,0.0,NTPC
2024-03-15,304.2968461281452,307.5034397718044,288.358166631579,298.30804443359375,43285007,0.0,0.0,NTPC
2024-03-18,299.06259684358344,304.53266741324495,297.03489975905364,299.1097412109375,13690352,0.0,0.0,NTPC
2024-03-19,296.4218050352715,299.8170336346599,292.460728987369,295.62017822265625,13388060,0.0,0.0,NTPC
2024-03-20,298.02510857748774,299.3926403668522,290.76309283682804,295.80877685546875,10026655,0.0,0.0,NTPC
2024-03-21,299.2040528517503,307.78642860320036,298.96827345628003,306.5132141113281,23370426,0.0,0.0,NTPC
2024-03-22,306.0416559068123,308.6352292619548,302.88220624512405,306.2774353027344,14709219,0.0,0.0,NTPC
2024-03-26,301.89188719976227,311.5116674650467,301.89188719976227,310.37994384765625,11208959,0.0,0.0,NTPC
2024-03-27,313.11500368723387,315.095556153636,307.73922253295115,312.7377624511719,45209520,0.0,0.0,NTPC
2024-03-28,313.0206999576888,320.6599576461804,311.5117061653743,316.6988525390625,19868037,0.0,0.0,NTPC
2024-04-01,319.7168625773023,324.8096918000769,317.0289716931071,322.8763122558594,8580656,0.0,0.0,NTPC
2024-04-02,323.48932008639093,325.9414314760316,321.3673055960283,325.1869201660156,9745257,0.0,0.0,NTPC
2024-04-03,324.76254450171075,333.95794090876007,322.54621243188393,331.2700500488281,21679943,0.0,0.0,NTPC
2024-04-04,334.8067509719976,342.06876806912675,332.5904188359907,334.4766540527344,28962927,0.0,0.0,NTPC
2024-04-05,336.1270668094873,337.8246955560894,331.55294123849666,334.3822937011719,11208130,0.0,0.0,NTPC
2024-04-08,335.37255931279253,345.18097469534473,333.1562276260397,342.82318115234375,11447140,0.0,0.0,NTPC
2024-04-09,344.2379073569061,346.02982495393803,339.85241648526727,342.2573547363281,10010148,0.0,0.0,NTPC
2024-04-10,343.38905955145583,347.3973086001493,340.7954866375954,341.88006591796875,12886638,0.0,0.0,NTPC
2024-04-12,341.88009814385634,353.19750828930813,340.4654218756749,341.1727600097656,30924494,0.0,0.0,NTPC
2024-04-15,335.27829458661336,345.18102902588043,332.73186564670766,340.6069030761719,18126999,0.0,0.0,NTPC
2024-04-16,340.46542759777856,341.3614007620168,334.42948117509235,338.8149719238281,15328939,0.0,0.0,NTPC
2024-04-18,339.09790183757383,340.70121317695424,329.3366582708451,331.17572021484375,22966560,0.0,0.0,NTPC
2024-04-19,323.58362455881763,332.35460591955143,323.4893070511583,330.6098327636719,12867942,0.0,0.0,NTPC
2024-04-22,334.80671666185924,334.80671666185924,322.4518715019483,323.3949890136719,37382916,0.0,0.0,NTPC
2024-04-23,326.3186798261619,328.8179356349716,324.43244468265806,327.40325927734375,14651106,0.0,0.0,NTPC
2024-04-24,329.9025046232929,333.06195414479265,327.54471076869055,331.64727783203125,11132307,0.0,0.0,NTPC
2024-04-25,331.0343067862698,340.0882423008602,329.2423889446149,338.76788330078125,19865014,0.0,0.0,NTPC
2024-04-26,340.18248048417394,340.8426454394083,334.8066994313443,335.74981689453125,10986589,0.0,0.0,NTPC
2024-04-29,339.23934756113687,342.9646441019589,336.6457746555675,342.35162353515625,13652173,0.0,0.0,NTPC
2024-04-30,344.19076947198084,344.6623282580602,338.8621321639529,342.5403137207031,14566548,0.0,0.0,NTPC
2024-05-02,342.5403109082678,351.40561025743796,342.5403109082678,348.0575256347656,27892188,0.0,0.0,NTPC
2024-05-03,351.12262529630823,358.76188261899205,339.8523887112432,344.19073486328125,26844664,0.0,0.0,NTPC
2024-05-06,346.8786266437853,347.8689173496087,334.240857111112,336.50433349609375,15319437,0.0,0.0,NTPC
2024-05-07,337.871833970562,338.060468977418,327.12030055797754,329.2894592285156,10028071,0.0,0.0,NTPC
2024-05-08,325.56418537965993,338.10763711273927,325.56418537965993,335.23114013671875,9595776,0.0,0.0,NTPC
2024-05-09,336.2214354841355,337.6361119307728,325.23412083825224,326.3658447265625,9043486,0.0,0.0,NTPC
2024-05-10,327.87481125408806,336.0799454705955,327.7804937425388,335.2782897949219,11699095,0.0,0.0,NTPC
2024-05-13,335.2782878777377,335.7498466511241,326.7902299567823,330.93994140625,10691781,0.0,0.0,NTPC
2024-05-14,330.6098209760175,336.92871960228683,330.37404160610686,335.5611877441406,10891985,0.0,0.0,NTPC
2024-05-15,337.16452390509795,342.82322920140734,336.3628682317881,340.7955322265625,8538183,0.0,0.0,NTPC
2024-05-16,343.1533077843476,343.1533077843476,332.9676215256498,340.88983154296875,13114162,0.0,0.0,NTPC
2024-05-17,341.83294005769295,345.6525543157758,339.8523876054176,344.66229248046875,8509179,0.0,0.0,NTPC
2024-05-21,346.12416413009805,352.82030494180907,344.5680258242659,350.8397521972656,10939593,0.0,0.0,NTPC
2024-05-22,353.6690826041481,355.88541461146684,349.51937112459217,352.5845031738281,14001806,0.0,0.0,NTPC
2024-05-23,353.71622339269084,354.2349553109301,348.48193253573953,351.1226501464844,15370357,0.0,0.0,NTPC
2024-05-24,351.7828574479573,356.639907230115,347.7274633653785,353.6219482421875,13317821,0.0,0.0,NTPC
2024-05-27,358.3375102113439,358.8562133302996,347.0672444298298,348.6233825683594,21891930,0.0,0.0,NTPC
2024-05-28,351.40556949343096,352.018590082856,343.38907112583746,344.6151123046875,10200096,0.0,0.0,NTPC
2024-05-29,340.93698664282624,345.5111124135923,339.5223103497025,343.86065673828125,18146672,0.0,0.0,NTPC
2024-05-30,343.29477366342434,344.04925615881086,336.83441296315107,339.2393798828125,14425073,0.0,0.0,NTPC
2024-05-31,342.7760776344811,345.7940364601038,335.27828176174324,338.5791931152344,30515612,0.0,0.0,NTPC
2024-06-03,363.1002102114405,370.8337846428936,352.20721541776123,369.5133972167969,39261174,0.0,0.0,NTPC
2024-06-04,369.60775722457834,369.60775722457834,296.09176243855705,312.4076843261719,84042244,0.0,0.0,NTPC
2024-06-05,320.6599708176778,322.78198533044184,297.3649555426692,321.60308837890625,46418629,0.0,0.0,NTPC
2024-06-06,328.01625603614235,339.286521709843,325.37553854036366,329.8553466796875,33171039,0.0,0.0,NTPC
2024-06-07,331.9773492885706,341.40852398426864,327.9219556820849,340.0881652832031,23930193,0.0,0.0,NTPC
2024-06-10,344.2378721896375,349.04777698204407,341.2198848112011,344.1435546875,16072588,0.0,0.0,NTPC
2024-06-11,347.7745570777151,350.79254440773155,344.1435491661309,346.5013427734375,11235777,0.0,0.0,NTPC
2024-06-12,348.529079199092,352.72596381057303,344.61514712169776,350.1795349121094,12134524,0.0,0.0,NTPC
2024-06-13,354.98940129939444,354.98940129939444,347.02007614113006,348.90631103515625,11243702,0.0,0.0,NTPC
2024-06-14,348.95348937372086,349.7551450380742,345.2753367285467,347.4916687011719,10298434,0.0,0.0,NTPC
2024-06-18,350.6510794629077,351.0754938559896,347.7274382009211,348.6233825683594,10228382,0.0,0.0,NTPC
2024-06-19,348.76481159482535,349.8022465167015,340.984092853244,341.88006591796875,8337334,0.0,0.0,NTPC
2024-06-20,341.8800948847965,344.1435711359772,336.7400929800706,337.30596923828125,14338604,0.0,0.0,NTPC
2024-06-21,339.4751698554742,342.3045224739724,336.45718221641084,339.33367919921875,17931844,0.0,0.0,NTPC
2024-06-24,337.2588258453874,343.90779274890775,335.3254176894142,342.1158752441406,9335598,0.0,0.0,NTPC
2024-06-25,343.5305685318571,343.95498294318924,337.4003044400052,340.323974609375,14983828,0.0,0.0,NTPC
2024-06-26,342.3516851505414,346.0298379949994,339.19223546788805,344.2850646972656,15918394,0.0,0.0,NTPC
2024-06-27,344.28501972223717,359.4220723324751,343.3890753978269,355.6967468261719,55378829,0.0,0.0,NTPC
2024-06-28,356.4513109597523,367.3443078043129,355.2724139513944,356.82855224609375,25141039,0.0,0.0,NTPC
2024-07-01,360.0350914388351,360.27087080454487,346.878591319565,348.7176818847656,23389211,0.0,0.0,NTPC
2024-07-02,351.405589023142,351.405589023142,344.3793520801558,349.3307189941406,13702830,0.0,0.0,NTPC
2024-07-03,349.47217577837915,352.9617220177389,347.68025829667886,351.4527282714844,9207317,0.0,0.0,NTPC
2024-07-04,352.6316316223521,359.1863098367604,350.6039347299438,351.7356872558594,14916930,0.0,0.0,NTPC
2024-07-05,353.0560413066604,359.5635462897357,349.8965919304707,358.1960144042969,15946104,0.0,0.0,NTPC
2024-07-08,359.18633029194734,359.5635715615152,354.75366622494965,355.979736328125,8898299,0.0,0.0,NTPC
2024-07-09,357.6302038838944,358.6204658469399,353.71624283551233,355.60247802734375,8355819,0.0,0.0,NTPC
2024-07-10,357.2529057766154,361.96849338603045,348.9534830967101,359.70501708984375,17715196,0.0,0.0,NTPC
2024-07-11,360.6481391010833,361.49693912501135,353.2918338514895,355.6496276855469,19873143,0.0,0.0,NTPC
2024-07-12,357.3943755353077,357.8187611263459,350.8396976287724,355.6967468261719,16151583,0.0,0.0,NTPC
2024-07-15,357.0642899970516,366.8255618439583,355.4609787400413,363.7132568359375,22951140,0.0,0.0,NTPC
2024-07-16,364.6563935497805,366.63694615350187,358.38466762271565,358.80908203125,11893034,0.0,0.0,NTPC
2024-07-18,361.11965269400366,361.11965269400366,352.9145484468909,356.2626037597656,15709153,0.0,0.0,NTPC
2024-07-19,356.2626519696329,356.49843135545,342.2573506957647,343.9078063964844,13330099,0.0,0.0,NTPC
2024-07-22,344.00208640960324,355.79105441541554,341.7386103088193,352.2543640136719,18715538,0.0,0.0,NTPC
2024-07-23,355.2723566191035,363.713240567794,340.9841041582493,360.6952819824219,49882257,0.0,0.0,NTPC
2024-07-24,362.25144541100974,372.5314206289964,359.9879691179509,370.2679443359375,36868466,0.0,0.0,NTPC
2024-07-25,368.7117821773607,373.7574375586215,364.27911860657116,369.843505859375,25973101,0.0,0.0,NTPC
2024-07-26,372.4842303011427,376.7754029775855,367.53286392909683,373.7574157714844,20381410,0.0,0.0,NTPC
2024-07-29,381.0194808137866,385.0748746662187,370.31509112865086,371.4939880371094,27751449,0.0,0.0,NTPC
2024-07-30,374.41766568393496,389.2246226657131,374.41766568393496,383.80169677734375,34447139,0.0,0.0,NTPC
2024-07-31,386.2065896987915,393.6572116802384,385.3106166227237,392.33685302734375,29727771,0.0,0.0,NTPC
2024-08-01,396.0150441694004,400.2119286808022,391.95965031249983,399.3631286621094,28803487,0.0,0.0,NTPC
2024-08-02,392.5727097456287,402.05103032411813,389.8376744010313,395.82647705078125,24233263,0.0,0.0,NTPC
2024-08-05,384.4619129696513,392.00685434045437,381.63255995560013,389.7433776855469,42489503,0.0,0.0,NTPC
2024-08-06,389.74334304993414,400.7778303367905,389.74334304993414,391.393798828125,18230579,0.0,0.0,NTPC
2024-08-07,400.1864933432385,400.1864933432385,394.4831228917909,395.7188415527344,15556736,3.25,0.0,NTPC
2024-08-08,395.766359031384,396.38421831812144,385.7379159587989,387.54400634765625,16447385,0.0,0.0,NTPC
2024-08-09,393.34243874585275,395.766388602562,388.01931617729446,390.3481750488281,10954753,0.0,0.0,NTPC
2024-08-12,389.73025613219835,389.73025613219835,380.31970209077383,381.0326232910156,26254763,0.0,0.0,NTPC
2024-08-13,383.07638768322295,384.5022303172796,375.4718936349207,376.6125793457031,11355664,0.0,0.0,NTPC
2024-08-14,379.17907834289656,380.22470207537236,374.1886291281573,376.7551574707031,9424614,0.0,0.0,NTPC
2024-08-16,378.3710632324219,381.12771529773863,373.8558952749522,378.3710632324219,13844122,0.0,0.0,NTPC
2024-08-19,382.4109504905436,387.35388280720224,381.6029962733553,383.1714172363281,10677045,0.0,0.0,NTPC
2024-08-20,384.54971348285216,388.01928679884855,383.1714164613233,386.1656799316406,10126083,0.0,0.0,NTPC
2024-08-21,387.35391263025474,389.44516008112066,385.16763221158413,388.73223876953125,9726854,0.0,0.0,NTPC
2024-08-22,389.5401630188982,389.7778034377748,382.36343397236266,383.4090576171875,10445288,0.0,0.0,NTPC
2024-08-23,383.4090581336238,385.8329788058934,379.7969063565307,382.0782775878906,11513586,0.0,0.0,NTPC
2024-08-26,382.55355621448194,395.38613877690653,382.0782753788366,394.34051513671875,13772637,0.0,0.0,NTPC
2024-08-27,394.958343635608,395.62374835718146,388.8747552153108,389.3975524902344,8441188,0.0,0.0,NTPC
2024-08-28,389.7778016614085,393.9127507327839,387.21130255454244,388.8272399902344,15884745,0.0,0.0,NTPC
2024-08-29,388.82724016604055,392.2017515055384,383.7892749100759,389.6352233886719,19014705,0.0,0.0,NTPC
2024-08-30,392.29681344649856,398.4754643114834,391.15612783711913,395.623779296875,22633988,0.0,0.0,NTPC
2024-09-02,397.14462398680877,398.3803714693433,387.54397505538583,389.7302551269531,11107165,0.0,0.0,NTPC
2024-09-03,390.2055667172164,391.2036448702043,385.54782032187273,386.3082580566406,7538160,0.0,0.0,NTPC
2024-09-04,380.22466993970386,388.06680375721027,380.12960797045093,385.0725402832031,11052003,0.0,0.0,NTPC
2024-09-05,385.3102113566716,388.2094130920823,381.98324523001025,383.31402587890625,14246871,0.0,0.0,NTPC
2024-09-06,383.3140272220206,384.64480787557966,373.2856123229109,375.2817687988281,17956121,0.0,0.0,NTPC
2024-09-09,371.85971049833466,373.33306937866183,366.2513738365626,370.5764465332031,12293356,0.0,0.0,NTPC
2024-09-10,370.8141155809618,379.6543275635485,370.48141319261924,376.70758056640625,15852309,0.0,0.0,NTPC
2024-09-11,379.2741100423236,379.5592669425787,368.3426507303268,370.3863525390625,11492592,0.0,0.0,NTPC
2024-09-12,371.6695854290533,386.16564982238594,371.33688306743875,384.8348693847656,24028069,0.0,0.0,NTPC
2024-09-13,384.8349306007224,387.16378948480167,379.6068409714912,381.55548095703125,12017217,0.0,0.0,NTPC
2024-09-16,382.5535268818104,391.63137854304733,382.1257625589928,390.77587890625,11479712,0.0,0.0,NTPC
2024-09-17,391.4888592065494,397.0021057060785,389.82537615821053,395.7188415527344,14432501,0.0,0.0,NTPC
2024-09-18,397.81005892991215,398.9982610175164,392.5819697444533,393.67510986328125,10303840,0.0,0.0,NTPC
2024-09-19,403.0381781045975,410.5000935717459,399.7587284952567,402.99066162109375,59601773,0.0,0.0,NTPC
2024-09-20,406.8879415513522,408.5989700901204,395.9564815320058,402.99066162109375,36084164,0.0,0.0,NTPC
2024-09-23,406.3651124847207,409.2167974846135,403.98870831814344,407.173095703125,14139629,0.0,0.0,NTPC
2024-09-24,410.1198427075273,410.1198427075273,405.8898316871116,406.9354553222656,12539885,0.0,0.0,NTPC
2024-09-25,406.9354541970759,415.3954472056752,404.60656651652874,414.5399475097656,19443168,0.0,0.0,NTPC
2024-09-26,416.2984926026924,416.2984926026924,409.2643130777903,413.1141052246094,20041825,0.0,0.0,NTPC
2024-09-27,414.4448848270497,420.62353563295756,412.0684806709313,415.3003845214844,53885913,0.0,0.0,NTPC
2024-09-30,415.3004146343217,426.27942003696455,412.1635725243334,421.2889709472656,20903229,0.0,0.0,NTPC
2024-10-01,423.9505325390118,425.6140155702748,417.10647646399326,418.34222412109375,15984996,0.0,0.0,NTPC
2024-10-03,410.6426692726652,420.6235674841536,410.6426692726652,413.8270568847656,13563784,0.0,0.0,NTPC
2024-10-04,411.49820106635565,417.62933633424865,405.2244873289675,409.1693420410156,18347292,0.0,0.0,NTPC
2024-10-07,409.3118616803518,411.59320389091215,388.8272402476825,394.9108581542969,23431004,0.0,0.0,NTPC
2024-10-08,393.5325613378291,406.5552688117241,390.9660330299151,400.13897705078125,18706355,0.0,0.0,NTPC
2024-10-09,403.46591274904824,403.75106964673415,396.38421669850067,397.7625427246094,13916492,0.0,0.0,NTPC
2024-10-10,399.9013058607012,408.6464558125779,399.71118192331346,401.80242919921875,15866037,0.0,0.0,NTPC
2024-10-11,402.9906307094901,405.55712980751457,398.85568165235975,401.6123046875,8639087,0.0,0.0,NTPC
2024-10-14,403.60848970286486,404.93927023520314,399.23590023189047,403.513427734375,8483177,0.0,0.0,NTPC
2024-10-15,405.5571600380884,406.07998639970896,402.6104128461792,405.5096435546875,9365964,0.0,0.0,NTPC
2024-10-16,404.27386550064836,408.17117413836075,400.4241023516051,403.2757873535156,6219440,0.0,0.0,NTPC
2024-10-17,402.70547644828764,404.55908344988336,396.00402776653505,397.09716796875,11968387,0.0,0.0,NTPC
2024-10-18,397.04962053042465,404.8917542954398,393.9602951078429,403.9411926269531,8828971,0.0,0.0,NTPC
2024-10-21,404.9867866429599,407.5533147475299,398.38040046226894,403.98870849609375,9139781,0.0,0.0,NTPC
2024-10-22,401.94500806480335,405.22442842184404,393.0097341662697,395.1960144042969,14242323,0.0,0.0,NTPC
2024-10-23,393.53253197843156,394.2454532320157,381.8406350231881,388.11431884765625,22522821,0.0,0.0,NTPC
2024-10-24,389.01733348823035,394.72070306899855,386.68844597254827,391.53631591796875,9400171,0.0,0.0,NTPC
2024-10-25,382.6010744651104,387.35388284355895,372.23995800186054,379.1790466308594,19642277,0.0,0.0,NTPC
2024-10-28,379.17904587902217,386.40332040170773,378.1334222360687,383.9318542480469,11716022,0.0,0.0,NTPC
2024-10-29,388.7797233551699,393.8176886068476,384.4546793565885,391.77398681640625,20284308,0.0,0.0,NTPC
2024-10-30,393.67508006954256,394.29293930656854,385.7378849232731,388.3044128417969,12264297,0.0,0.0,NTPC
2024-10-31,391.1736762388107,392.7517549142615,385.9133945289978,390.3607177734375,12204072,2.5,0.0,NTPC
2024-11-01,394.0429284796623,397.34257147322825,392.46484977348683,393.4212646484375,2145479,0.0,0.0,NTPC
2024-11-04,395.8123256490677,396.2426948562084,376.5405705968591,383.4745788574219,13866505,0.0,0.0,NTPC
2024-11-05,382.56596123442426,386.48726817457043,379.8401729231357,385.5308532714844,6665326,0.0,0.0,NTPC
2024-11-06,388.9739686048246,392.89524651723633,385.5786780480831,391.07806396484375,9700643,0.0,0.0,NTPC
2024-11-07,392.9908999315078,392.9908999315078,384.4788126530508,386.2003479003906,7589295,0.0,0.0,NTPC
2024-11-08,385.57867199119596,386.5829251770488,378.30991270833965,380.3183898925781,7536509,0.0,0.0,NTPC
2024-11-11,380.7966033411183,383.4267444317655,374.72336262158484,375.440673828125,12243693,0.0,0.0,NTPC
2024-11-12,376.0145162971804,377.5925950623125,362.5290602190692,363.7245788574219,10549517,0.0,0.0,NTPC
2024-11-13,367.26328366894666,370.70638279083573,362.81596068076067,364.7287902832031,20602407,0.0,0.0,NTPC
2024-11-14,363.48544670313396,368.41100645791363,355.1646551434126,356.2645263671875,15086601,0.0,0.0,NTPC
2024-11-18,363.4376523486218,363.4376523486218,346.84384843679027,350.71734619140625,16383636,0.0,0.0,NTPC
2024-11-19,351.9606738534021,362.0030300367193,349.139238298341,350.71734619140625,17055094,0.0,0.0,NTPC
2024-11-21,347.8481168816721,348.4697807400389,339.33600077299775,340.6271667480469,21276150,0.0,0.0,NTPC
2024-11-22,341.48794176092724,351.0999293953261,340.19680494527046,349.5218505859375,15949254,0.0,0.0,NTPC
2024-11-25,357.6992222573548,360.75976203721876,351.4825245443259,352.3432922363281,18388844,0.0,0.0,NTPC
2024-11-26,353.8735216188755,354.25608175069976,344.54847611675643,345.887451171875,11222231,0.0,0.0,NTPC
2024-11-27,347.9437280729496,355.4037817867321,345.60052908630234,353.2040100097656,14225274,0.0,0.0,NTPC
2024-11-28,353.5865860558641,355.6428721710864,343.9267901149172,346.2699890136719,16837860,0.0,0.0,NTPC
2024-11-29,347.4177023397705,349.47398847758507,344.5006486544366,347.8002624511719,14280017,0.0,0.0,NTPC
2024-12-02,347.80027329354465,348.03937701905755,341.4401200323953,342.58782958984375,12510350,0.0,0.0,NTPC
2024-12-03,343.3529443959696,353.8735081518349,342.5878241614385,351.4346618652344,14205760,0.0,0.0,NTPC
2024-12-04,352.8693272879036,358.7990827983249,351.9607213594064,356.5036926269531,22035954,0.0,0.0,NTPC
2024-12-05,356.5036770933476,357.6513867227602,348.51760632297817,353.0605773925781,18758283,0.0,0.0,NTPC
2024-12-06,353.3474851209766,355.0212111421716,352.00848095404825,353.3952941894531,9736086,0.0,0.0,NTPC
2024-12-09,354.73432663948785,357.0297168600816,351.72162515074166,353.7301025390625,10878679,0.0,0.0,NTPC
2024-12-10,352.91712098576863,355.0212455772023,350.4304362470202,353.0605773925781,7913822,0.0,0.0,NTPC
2024-12-11,353.15619693865693,354.5908192688072,348.8045208788542,349.56964111328125,9998662,0.0,0.0,NTPC
2024-12-12,350.0478755226114,351.0042904830557,337.61448103683557,340.1011657714844,22538216,0.0,0.0,NTPC
2024-12-13,340.2446125771388,342.6834589824658,332.880205914537,341.5835876464844,14269143,0.0,0.0,NTPC
2024-12-16,341.583561990009,343.2572879978436,336.3711185066604,337.518798828125,12168143,0.0,0.0,NTPC
2024-12-17,336.65804451431103,338.42741791530284,332.1150737431662,333.83660888671875,15646176,0.0,0.0,NTPC
2024-12-18,334.31482202899264,335.70163533141687,325.1810712612015,326.85479736328125,14672392,0.0,0.0,NTPC
2024-12-19,322.3118063503156,325.7549056681087,320.4467857068336,322.6943664550781,14513129,0.0,0.0,NTPC
2024-12-20,323.07695709113017,328.91109409935586,316.57334713317,318.72528076171875,20375797,0.0,0.0,NTPC
2024-12-23,321.2597520816882,323.50733288527266,316.09511757156724,319.1078186035156,8884187,0.0,0.0,NTPC
2024-12-24,320.4946171137976,322.16834307540165,317.29062157837683,320.6858825683594,7755462,0.0,0.0,NTPC
2024-12-26,320.68590334762325,322.694380469183,317.7688495862276,320.0642395019531,9030212,0.0,0.0,NTPC
2024-12-27,321.9770655408446,325.1810612465019,319.63386658257735,320.39898681640625,9090597,0.0,0.0,NTPC
2024-12-30,320.3990325356618,322.12056790116384,313.13027252720946,316.9559326171875,36657549,0.0,0.0,NTPC
2024-12-31,315.71260454814814,320.01647214644544,311.98259180045113,318.8209533691406,8580998,0.0,0.0,NTPC
2025-01-01,318.4861547695367,320.06423348270346,314.4692006019617,319.1078186035156,7843971,0.0,0.0,NTPC
2025-01-02,319.107808563084,323.84207374109064,315.6169002013799,323.2682189941406,16543382,0.0,0.0,NTPC
2025-01-03,323.3160637429851,329.48495187543693,322.35964878833937,325.0376281738281,8689629,0.0,0.0,NTPC
2025-01-06,326.80699486096626,326.80699486096626,312.2216671068363,313.22589111328125,10538077,0.0,0.0,NTPC
2025-01-07,312.7476843650352,315.9516802411307,310.93050182242604,314.2779541015625,13891401,0.0,0.0,NTPC
2025-01-08,316.0951291262153,316.0951291262153,307.8221459563206,311.2174072265625,8993608,0.0,0.0,NTPC
2025-01-09,309.92626061553796,311.74347241591255,305.8614969764862,306.3875427246094,12403467,0.0,0.0,NTPC
2025-01-10,306.3875060057976,307.0091698268324,294.19321655005893,294.81488037109375,15941143,0.0,0.0,NTPC
2025-01-13,287.97647770677463,296.4407538067814,283.91171515132976,285.202880859375,29630336,0.0,0.0,NTPC
2025-01-14,287.35487436210485,299.0709571310088,287.11577063212724,296.8711853027344,22732888,0.0,0.0,NTPC
2025-01-15,298.92743481431563,310.16530874248485,298.92743481431563,307.3439025878906,21894626,0.0,0.0,NTPC
2025-01-16,310.54792907295,313.03458445791597,307.6308461214071,311.31304931640625,14865186,0.0,0.0,NTPC
2025-01-17,311.12176437417355,314.6605112824279,309.2567727772292,311.9347229003906,7129232,0.0,0.0,NTPC
2025-01-20,311.9825945782784,322.3118652311735,310.40448642820877,321.40325927734375,17991880,0.0,0.0,NTPC
2025-01-21,323.07691376030164,323.5073121032738,309.6871063118291,310.1653137207031,12774630,0.0,0.0,NTPC
2025-01-22,312.7476587176767,312.7476587176767,303.51826117099364,308.34814453125,11068145,0.0,0.0,NTPC
2025-01-23,307.0091770550428,310.9304839078808,305.6223638014589,309.5436706542969,6477347,0.0,0.0,NTPC
2025-01-24,310.6435419308638,315.5212636654932,308.06123926250655,309.5436706542969,7492600,0.0,0.0,NTPC
2025-01-27,309.5436749545241,310.8826499701401,301.270691949592,308.1568908691406,13803855,0.0,0.0,NTPC
2025-01-28,308.44379146363167,309.7349573584143,294.7192324245786,304.3790283203125,22008929,0.0,0.0,NTPC
2025-01-29,306.0528027723735,308.82640046000427,299.64481053933906,307.2483215332031,16056888,0.0,0.0,NTPC
2025-01-30,308.2047163783212,312.55639270805517,307.15265410012586,308.9220275878906,10375720,0.0,0.0,NTPC
2025-01-31,310.801598331615,314.46431265936957,306.07858588906396,312.29559326171875,13195557,2.5,0.0,NTPC
2025-02-01,314.2715410781492,318.8499489174682,305.3075122324861,306.22320556640625,10097627,0.0,0.0,NTPC
2025-02-03,298.89774432703854,302.7050342137615,293.0180989583333,300.0061950683594,15881217,0.0,0.0,NTPC
2025-02-04,303.47613146376784,308.87383880225735,299.090481382122,307.5726013183594,12141064,0.0,0.0,NTPC
2025-02-05,309.40398502652573,311.3799177131309,306.89790325231695,308.0545654296875,12226722,0.0,0.0,NTPC
2025-02-06,310.9462102005636,311.0426036236782,300.150793944871,301.5002136230469,13384442,0.0,0.0,NTPC
2025-02-07,302.17489325347316,307.7171759845975,300.8254737758793,305.5002746582031,8937447,0.0,0.0,NTPC
2025-02-10,305.06651564151196,305.403877860952,297.83745128981735,299.28326416015625,6806132,0.0,0.0,NTPC
2025-02-11,301.0664611235982,301.0664611235982,293.1626717587821,294.560302734375,13241830,0.0,0.0,NTPC
2025-02-12,295.1386160988041,296.3916421695631,289.1625777264031,295.1867980957031,7616083,0.0,0.0,NTPC
2025-02-13,295.09042587153056,297.45193219188593,292.1506178863165,295.6205749511719,9086906,0.0,0.0,NTPC
2025-02-14,295.76512812759324,297.1145476026962,287.57218845322853,289.49993896484375,7446248,0.0,0.0,NTPC
2025-02-17,286.7529027530418,292.24700374831565,282.22267706113945,291.4277038574219,6464173,0.0,0.0,NTPC
2025-02-18,290.27104331165907,301.114640533775,286.7529043181783,299.9580078125,15793327,0.0,0.0,NTPC
2025-02-19,299.9579901063294,304.92194176974266,299.3796590722601,303.42791748046875,13079903,0.0,0.0,NTPC
2025-02-20,301.2592178844723,315.3318033640376,300.24716056995555,313.404052734375,22888146,0.0,0.0,NTPC
2025-02-21,311.62085073319656,317.837857745525,309.93406907723096,314.46429443359375,10809296,0.0,0.0,NTPC
2025-02-24,310.4642189752304,313.64499548363744,307.90995548634135,308.5364685058594,6034113,0.0,0.0,NTPC
2025-02-25,308.5364923035202,309.88591185313413,304.34362882621184,307.18707275390625,10686112,0.0,0.0,NTPC
2025-02-27,303.95807843946125,307.7653681840605,303.1387785603244,304.2954406738281,7302366,0.0,0.0,NTPC
2025-02-28,302.65681409626916,304.2472023000534,295.475932059459,300.1989440917969,21127180,0.0,0.0,NTPC
2025-03-03,300.0543393815916,306.3195282105659,296.5844121776538,303.0423583984375,9779703,0.0,0.0,NTPC
2025-03-04,300.05438716167,303.5243443332939,296.8736102465139,302.4158935546875,8734999,0.0,0.0,NTPC
2025-03-05,302.22309149917504,315.4763770035505,302.1749094997606,314.4161376953125,10493615,0.0,0.0,NTPC
2025-03-06,317.1149371129251,326.56090219704276,311.5244727839797,325.69342041015625,26294903,0.0,0.0,NTPC
2025-03-07,323.7175123611259,326.5127447356134,316.8258101264868,317.64508056640625,8992315,0.0,0.0,NTPC
2025-03-10,317.54869969083074,322.8500133456684,314.5124692473141,317.50048828125,11383132,0.0,0.0,NTPC
2025-03-11,315.1872044215842,321.2114246895809,312.0064278861372,318.36798095703125,10299324,0.0,0.0,NTPC
2025-03-12,319.04268846788625,322.70540243046605,314.60885670282795,318.223388671875,6984859,0.0,0.0,NTPC
2025-03-13,320.0065801747548,322.46445027449965,316.58483483351966,319.9101867675781,8965150,0.0,0.0,NTPC
2025-03-17,320.9222754416158,322.41627030928066,318.56076931903516,319.6692199707031,4353561,0.0,0.0,NTPC
2025-03-18,319.6692199707031,319.6692199707031,319.6692199707031,319.6692199707031,0,0.0,0.0,NTPC
2025-03-19,326.7537405717848,331.4767238592632,324.19947680137574,328.97064208984375,30582397,0.0,0.0,NTPC
2025-03-20,332.2478015879448,332.2478015879448,328.00672706884234,329.40435791015625,15002119,0.0,0.0,NTPC
2025-03-21,329.64534663817545,341.06727461963135,329.40437781753354,338.609375,36406837,0.0,0.0,NTPC
2025-03-24,344.1034900564843,354.7061186016421,340.8745018437946,353.6940612792969,24588471,0.0,0.0,NTPC
2025-03-25,355.66999392392916,358.0315002295887,350.9951927278088,353.6940612792969,23189083,0.0,0.0,NTPC
2025-03-26,353.69403150382516,355.669963982115,340.5371109300999,341.8383483886719,18668095,0.0,0.0,NTPC
2025-03-27,341.1154843795667,351.28438708734166,338.3202517156566,347.62164306640625,37930538,0.0,0.0,NTPC
2025-03-28,348.92283840439154,351.13973970002166,343.57334256507556,344.6817932128906,11327077,0.0,0.0,NTPC
2025-04-01,339.62143671073017,349.79030842766747,338.17562389324314,339.42864990234375,18736320,0.0,0.0,NTPC
2025-04-02,339.4286655573083,340.6817210393388,334.51289586810225,339.0431213378906,13593404,0.0,0.0,NTPC
2025-04-03,339.0431423455,348.2963512605587,339.0431423455,345.9348449707031,10317410,0.0,0.0,NTPC
2025-04-04,345.886639967418,345.886639967418,335.958707225485,337.74188232421875,10872963,0.0,0.0,NTPC
2025-04-07,316.1511040680858,338.7057806094273,312.2956027989628,337.16357421875,18025165,0.0,0.0,NTPC
2025-04-08,343.95890636745287,345.30832590316726,337.3563546855786,340.1997985839844,17506712,0.0,0.0,NTPC
2025-04-09,341.21184195572465,341.9829303974788,335.62137721516086,336.7298278808594,7462119,0.0,0.0,NTPC
2025-04-11,338.3202208316663,348.4409111984255,338.3202208316663,347.09149169921875,11246077,0.0,0.0,NTPC
2025-04-15,353.7422238685345,355.13985477521504,348.48909188426774,349.40478515625,17497327,0.0,0.0,NTPC
2025-04-16,349.40475538287455,349.88669297650614,344.97092363843706,346.3203430175781,11541484,0.0,0.0,NTPC
2025-04-17,346.27217856606285,352.2482167958886,344.3444280938788,350.8505859375,12288196,0.0,0.0,NTPC
2025-04-21,352.5855508364619,354.898874943329,348.73004987853386,351.3807067871094,7375594,0.0,0.0,NTPC
2025-04-22,353.79039329983743,353.79039329983743,346.70593385351333,347.2360534667969,12077119,0.0,0.0,NTPC
2025-04-23,349.8385664072031,351.0915925831042,344.97097829128336,350.6578369140625,9719205,0.0,0.0,NTPC
2025-04-24,350.6096484697771,353.21212360591824,348.53732240995976,350.07952880859375,7491123,0.0,0.0,NTPC
2025-04-25,350.0794914715451,352.5855435100142,338.41659543313096,343.5733337402344,9785640,0.0,0.0,NTPC
2025-04-28,340.92270245913153,349.79033749417647,340.92270245913153,348.44091796875,5315840,0.0,0.0,NTPC
2025-04-29,350.85057578575817,351.18793799165644,341.3082171075795,344.0552673339844,9472828,0.0,0.0,NTPC
2025-04-30,344.1034801143822,347.95898129213435,339.28410364219195,341.7419738769531,16739088,0.0,0.0,NTPC
2025-05-02,341.74194852398716,345.0673298091527,335.04303337370203,336.1033020019531,8221620,0.0,0.0,NTPC
2025-05-05,338.3202222723164,339.2840975494455,333.06709024590714,336.0069274902344,9492646,0.0,0.0,NTPC
2025-05-06,336.3924586579658,336.8743962778196,327.717581500597,329.4525451660156,8904223,0.0,0.0,NTPC
2025-05-07,325.78985918820473,331.2839602956005,324.8259838651627,329.69354248046875,8465490,0.0,0.0,NTPC
2025-05-08,328.72961698311985,330.7055787428474,326.17535364994615,327.7175598144531,14286109,0.0,0.0,NTPC
2025-05-09,322.1271069630302,326.5127274026792,318.65715032384145,322.6572265625,11322011,0.0,0.0,NTPC
2025-05-12,328.10313223994723,336.5852521671801,325.8862309105771,335.9587097167969,7978210,0.0,0.0,NTPC
2025-05-13,336.0069111307284,337.16354375788575,328.19951588308135,329.16339111328125,14738980,0.0,0.0,NTPC
2025-05-14,330.07908320594566,331.4285026405291,325.5488578736256,326.3199462890625,22485535,0.0,0.0,NTPC
2025-05-15,327.2356314376291,331.3321010506186,320.63308041366577,329.5971374511719,43307763,0.0,0.0,NTPC
2025-05-16,330.60920351790907,335.04303545394646,329.6453282889939,330.7055969238281,6920351,0.0,0.0,NTPC
2025-05-19,330.7055861657448,335.1394179575466,330.03086176139846,332.6815185546875,6218209,0.0,0.0,NTPC
2025-05-20,334.36831509882245,337.0671834217282,329.21157667831176,330.2236633300781,9986143,0.0,0.0,NTPC
2025-05-21,330.1754896316336,334.85029096577495,327.57304383370695,333.64544677734375,5930972,0.0,0.0,NTPC
2025-05-22,333.6454242078947,334.4647240836346,326.03081533512795,329.0670166015625,8717514,0.0,0.0,NTPC
2025-05-23,329.6453163178798,332.4887599059746,327.8621413261154,332.1513977050781,4045937,0.0,0.0,NTPC
2025-05-26,338.32022054747205,338.5130073679706,330.17546273119956,331.0911560058594,16655082,0.0,0.0,NTPC
2025-05-27,331.5730780415313,332.05501565496377,324.6331646420489,326.3199462890625,24937330,0.0,0.0,NTPC
2025-05-28,326.36814569186095,328.3922894768332,324.92233290475747,327.7657470703125,10985957,0.0,0.0,NTPC
2025-05-29,328.68142203008483,329.8862659524825,325.83797860717243,327.0910339355469,15884093,0.0,0.0,NTPC
2025-05-30,325.3079085679085,328.44050324300684,320.82589437733407,321.83795166015625,19143010,0.0,0.0,NTPC
2025-06-02,321.83791951624323,322.7054013027558,318.3679629550567,320.53668212890625,29479727,0.0,0.0,NTPC
2025-06-03,320.9704668868705,322.65724861975946,315.1872152312512,316.3920593261719,14081719,0.0,0.0,NTPC
2025-06-04,317.11498819523536,318.03068153814735,313.11491140042097,317.35595703125,15654279,0.0,0.0,NTPC
2025-06-05,317.307767483912,319.62106237160947,315.7655610870669,316.7776184082031,16270360,0.0,0.0,NTPC
2025-06-06,317.74148451257656,321.45241027433366,317.1631534536428,320.8258972167969,11402511,0.0,0.0,NTPC
2025-06-09,321.8379506143509,325.35608950884756,320.7294999236381,324.92236328125,19416373,0.0,0.0,NTPC
2025-06-10,326.5609290462194,328.5850729921332,324.63317851013755,326.9465026855469,12061248,0.0,0.0,NTPC
2025-06-11,328.6814628326865,330.22366912783235,325.2597174343547,325.88623046875,10807496,0.0,0.0,NTPC
2025-06-12,325.9343991915783,329.3079624556952,320.6330854908232,321.6451721191406,11881618,0.0,0.0,NTPC
2025-06-13,314.99442341652326,320.87406838955627,314.8016660134751,319.9584045410156,11711773,0.0,0.0,NTPC
2025-06-16,320.00657248194324,322.5608359274614,318.65715305932395,321.6451721191406,8065112,0.0,0.0,NTPC
2025-06-17,321.93434132380366,324.7295737337071,321.06685946074936,323.09100341796875,6796992,0.0,0.0,NTPC
2025-06-18,323.0910194273088,323.76571450305414,318.80176248197887,320.39215087890625,17835507,0.0,0.0,NTPC
2025-06-19,320.3921268782895,321.1150333150253,316.6812012866846,318.12701416015625,11610604,0.0,0.0,NTPC
2025-06-20,318.0788402301054,323.8620918706528,317.78968941413365,323.09100341796875,16592862,0.0,0.0,NTPC
2025-06-23,321.6451991321458,323.57294973068394,318.41621099656646,320.5849304199219,8277787,0.0,0.0,NTPC
2025-06-24,319.0427274750314,319.71745195780204,309.74133662049434,318.0306701660156,100814893,0.0,0.0,NTPC
2025-06-25,319.52464535364925,321.6451826695628,317.50050144575687,318.89813232421875,17963666,0.0,0.0,NTPC
2025-06-26,320.3921127882183,325.5970330207888,319.3318441779395,324.97052001953125,13754087,0.0,0.0,NTPC
2025-06-27,326.70552192562155,328.9706051906053,322.3680833779949,326.0789794921875,50845169,0.0,0.0,NTPC
2025-06-30,323.6211187020816,325.0669315927834,321.59697477207146,322.80181884765625,11858890,0.0,0.0,NTPC
2025-07-01,323.139194079957,323.139194079957,320.1511747691949,320.5849304199219,8903292,0.0,0.0,NTPC
2025-07-02,320.6330907344818,323.524716436729,319.33185328544306,321.693359375,11326880,0.0,0.0,NTPC
2025-07-03,322.5126953125,324.1994771609805,319.0427381983119,322.5126953125,15786429,0.0,0.0,NTPC
2025-07-04,323.5729748291448,323.8621256752981,320.247593022672,323.38018798828125,5899185,0.0,0.0,NTPC
2025-07-07,323.3801361457435,326.75369941403,321.6933545116003,325.25970458984375,9454556,0.0,0.0,NTPC
2025-07-08,325.9826256392108,331.4766969879898,324.82596355781595,330.802001953125,12092302,0.0,0.0,NTPC
2025-07-09,330.8501831542614,333.1152958993795,330.41642752099716,331.5730895996094,9079872,0.0,0.0,NTPC
2025-07-10,331.57310463457827,332.5369799387486,328.87426554895745,329.115234375,6426072,0.0,0.0,NTPC
2025-07-11,328.1995309892771,331.5730944502535,327.2356557147124,330.320068359375,17234194,0.0,0.0,NTPC
2025-07-14,330.65742417936804,332.5369928615987,327.66943415243463,329.74176025390625,11516965,0.0,0.0,NTPC
2025-07-15,330.7537753252116,331.6694685487861,328.6332674937225,329.64532470703125,8450777,0.0,0.0,NTPC
2025-07-16,329.6453154427584,331.3802790211394,328.4886534470801,330.0790710449219,6001484,0.0,0.0,NTPC
2025-07-17,331.7658748818231,332.0550256925682,329.6453375525641,330.2718505859375,7562006,0.0,0.0,NTPC
2025-07-18,330.6092421783431,331.47672410277994,328.3441292424895,329.74176025390625,6370338,0.0,0.0,NTPC
2025-07-21,329.7417579700267,330.41645305540845,327.0428893830773,329.21160888671875,4463318,0.0,0.0,NTPC
2025-07-22,329.211590800268,330.2236774954491,327.76577787727143,328.5368957519531,4728372,0.0,0.0,NTPC
2025-07-23,329.45256554381035,331.573102968385,328.63329507149444,330.65740966796875,5058422,0.0,0.0,NTPC
2025-07-24,331.1875745216912,331.1875745216912,324.34405368716557,326.6573486328125,9098453,0.0,0.0,NTPC
2025-07-25,326.6573096894179,327.62118491978805,320.5366960935399,321.1632385253906,7790739,0.0,0.0,NTPC
2025-07-28,321.40423991012744,324.4404413105116,318.4162205100904,320.92230224609375,4605823,0.0,0.0,NTPC
2025-07-29,320.00661354030075,323.38017723726176,316.63304984333973,322.5126953125,7551356,0.0,0.0,NTPC
2025-07-30,322.8981990124483,329.9344763592019,320.48851096011657,326.5609130859375,12537358,0.0,0.0,NTPC
2025-07-31,323.91025660237716,327.8139689007444,320.97044894119296,322.17529296875,8935384,0.0,0.0,NTPC
2025-08-01,320.9704635213486,322.65724523655086,318.27162454308046,318.9463195800781,7107542,0.0,0.0,NTPC
2025-08-04,318.9463231097009,321.25961789026496,315.3800022357469,320.006591796875,8193399,0.0,0.0,NTPC
2025-08-05,320.4403469242535,322.2717040636368,319.33186682594607,321.5487976074219,9855535,0.0,0.0,NTPC
2025-08-06,321.548840448812,323.2838044088292,319.6210896420627,320.10302734375,13872826,0.0,0.0,NTPC
2025-08-07,320.10300353750125,320.4403657866211,316.7776218771121,317.837890625,8731389,0.0,0.0,NTPC
2025-08-08,318.07881931478715,325.3078833901232,317.74145710824405,322.6572265625,11247218,0.0,0.0,NTPC
2025-08-11,322.89823261321897,326.8501273133043,321.88617529197995,324.0066833496094,11993280,0.0,0.0,NTPC
2025-08-12,324.1030695738854,329.5007771360621,323.6211319239614,327.8139953613281,7221182,0.0,0.0,NTPC
2025-08-13,328.0067053326403,330.60918003189016,326.8982547811582,327.66937255859375,5417151,0.0,0.0,NTPC
2025-08-14,327.66936490132474,328.1513024702838,324.15119711581565,327.0910339355469,5689423,0.0,0.0,NTPC
2025-08-18,329.1152284004567,329.45256121868067,323.3319766804204,323.9102783203125,6511340,0.0,0.0,NTPC
2025-08-19,326.65730609434587,328.34408772892954,322.07889880047594,322.9463806152344,10316115,0.0,0.0,NTPC
2025-08-20,325.5970370235216,330.99474412982204,324.3440110056024,329.64532470703125,10824544,0.0,0.0,NTPC
2025-08-21,329.98268776933094,331.9104382111963,324.7295560491929,326.5609130859375,11135121,0.0,0.0,NTPC
2025-08-22,326.2718017759238,326.65734602793367,323.38017576313865,324.82598876953125,8534844,0.0,0.0,NTPC
2025-08-25,324.8741458119554,329.0670090914061,324.8741458119554,325.645263671875,7142387,0.0,0.0,NTPC
2025-08-26,324.0066528059,325.2114968438627,319.76560767529884,321.1632385253906,13113388,0.0,0.0,NTPC
2025-08-28,319.28367017065307,320.8740584182869,316.82580009841325,318.84991455078125,10486948,0.0,0.0,NTPC
2025-08-29,319.04269693970775,319.524634548378,315.18719607034575,315.7173156738281,11813425,0.0,0.0,NTPC
2025-09-01,316.1510652360041,319.6210218350364,316.1510652360041,318.7535400390625,6897558,0.0,0.0,NTPC
2025-09-02,319.139111306881,326.0308136805144,319.139111306881,324.1512451171875,9224639,0.0,0.0,NTPC
2025-09-03,324.34401221835265,325.7898250514211,321.4523865522158,322.17529296875,10778333,0.0,0.0,NTPC
2025-09-04,324.7067646668845,326.0698455924642,320.6174921772097,321.34771728515625,7934237,3.35,0.0,NTPC
2025-09-05,321.34767593254844,323.0515342984961,317.3558029598167,320.0332946777344,5678244,0.0,0.0,NTPC
2025-09-08,320.08199625494126,322.2240017272205,317.74528192068607,318.0860595703125,5239184,0.0,0.0,NTPC
2025-09-09,318.96231290195976,319.49779939538104,315.11644902506,315.5545959472656,9735495,0.0,0.0,NTPC
2025-09-10,316.91771213465705,319.4004657362514,316.5769344585915,317.0637512207031,6509477,0.0,0.0,NTPC
2025-09-11,317.8426598818364,324.70676399720276,317.4045129327979,322.32135009765625,10309925,0.0,0.0,NTPC
2025-09-12,323.246301779367,324.7067519380087,319.74121545604,322.9542236328125,5257048,0.0,0.0,NTPC
2025-09-15,322.2726563518913,324.9988179947702,321.93187871829815,322.3700256347656,6566824,0.0,0.0,NTPC
2025-09-16,322.4674162687391,326.9461064481625,322.4674162687391,326.21588134765625,8784889,0.0,0.0,NTPC
2025-09-17,326.654039746334,328.55263695939334,325.729076034754,327.5303039550781,7936518,0.0,0.0,NTPC
2025-09-18,328.1144962068359,328.69868226136424,325.2909649417087,328.0658264160156,6497322,0.0,0.0,NTPC
2025-09-19,328.0658186662319,330.54857219815693,327.579001917781,329.7209777832031,10646331,0.0,0.0,NTPC
2025-09-22,330.20780074061804,331.3761728440439,327.9684555408116,330.2565002441406,6966213,0.0,0.0,NTPC
2025-09-23,330.499911702105,335.0273016474207,329.1855005017392,333.956298828125,10738268,0.0,0.0,NTPC
2025-09-24,334.2483859815092,341.16119013223386,333.22608263872047,338.4350280761719,14653575,0.0,0.0,NTPC
2025-09-25,340.09014866507107,341.5505988248918,331.03536955935664,331.5221862792969,13228081,0.0,0.0,NTPC
2025-09-26,331.52217545991095,331.7655838119373,327.57897204225725,328.99072265625,6337702,0.0,0.0,NTPC
2025-09-29,330.15912972696384,334.6865196133277,329.0881269216138,331.9603576660156,16922231,0.0,0.0,NTPC
2025-09-30,332.1063971003872,334.004964622252,330.2077998655857,331.4735412597656,8308029,0.0,0.0,NTPC
2025-10-01,331.3274478630151,334.00493982395403,329.1367726222469,331.2787780761719,6022078,0.0,0.0,NTPC
2025-10-03,331.2787769830715,334.44308565374007,329.8183268273783,332.9826354980469,8506827,0.0,0.0,NTPC
2025-10-06,331.61953821818724,332.7878804571647,326.8000410577227,330.1590881347656,8436245,0.0,0.0,NTPC
2025-10-07,330.15910697960675,332.39845201683084,327.9684317294348,329.0881042480469,16130172,0.0,0.0,NTPC
2025-10-08,330.30518564342634,330.30518564342634,323.53842050778144,324.9988708496094,13223442,0.0,0.0,NTPC
2025-10-09,324.9988455389022,327.53029854351036,322.46742224723,326.99481201171875,6824759,0.0,0.0,NTPC
2025-10-10,327.140830577588,332.9339613375731,327.09216079154476,330.7432861328125,8970962,0.0,0.0,NTPC
2025-10-13,329.03942642997407,333.07999918352846,327.33556794364944,332.6905517578125,6663149,0.0,0.0,NTPC
2025-10-14,332.9826573309678,333.9562908319356,326.36196140956173,327.7737121582031,7545848,0.0,0.0,NTPC
2025-10-15,328.0658002318039,332.73922886915216,327.87106165819165,330.3051452636719,8121744,0.0,0.0,NTPC
2025-10-16,331.23010750751433,333.5668218162314,330.6945912888298,332.4958190917969,6788416,0.0,0.0,NTPC
2025-10-17,332.49581940502713,335.12464157539443,331.1814083198435,332.0090026855469,7032129,0.0,0.0,NTPC
2025-10-20,332.3984437520054,335.36804351171804,331.3274410470751,332.9339599609375,6896835,0.0,0.0,NTPC
2025-10-21,333.90759914849303,334.44308565374007,332.0576718476007,332.9826354980469,346988,0.0,0.0,NTPC
2025-10-23,334.735181602865,336.09829225769107,332.05768950835625,333.6155090332031,8710859,0.0,0.0,NTPC
2025-10-24,333.4208271870626,334.19972215614774,329.23418501764934,330.6459655761719,7584711,0.0,0.0,NTPC
2025-10-27,331.7169240706307,333.85889980555856,331.47351571123426,332.7392272949219,6752390,0.0,0.0,NTPC
2025-10-28,333.3721030511047,333.8589197990511,328.4065662794642,330.2077941894531,13186584,0.0,0.0,NTPC
2025-10-29,330.3051401920456,340.77169953490335,330.2077709067345,338.3376159667969,15423201,0.0,0.0,NTPC
2025-10-30,339.7980550625007,339.7980550625007,334.39440160212416,336.049560546875,6721032,0.0,0.0,NTPC
2025-10-31,335.9035643660486,335.9035643660486,326.75141522156105,328.0658264160156,18651312,0.0,0.0,NTPC
2025-11-03,327.9684276976862,328.60128348625807,324.6093804702085,326.3619384765625,10242245,0.0,0.0,NTPC
2025-11-04,326.55666864209536,327.14085468232963,321.00697554221045,321.88323974609375,11887651,0.0,0.0,NTPC
2025-11-06,323.29499910965524,324.17129304984485,316.04144719818703,318.0373840332031,11587302,0.0,0.0,NTPC
2025-11-07,318.5282985875436,321.1794401123665,315.04256618009566,320.1975402832031,8578167,2.75,0.0,NTPC
2025-11-10,320.19755509731823,322.3086338346486,318.1355593676349,319.559326171875,5246998,0.0,0.0,NTPC
2025-11-11,320.0502674312487,321.52311720320074,317.00637190950687,320.7375793457031,6103758,0.0,0.0,NTPC
2025-11-12,321.5722171004597,322.30864202511725,319.6575003102673,321.2285461425781,6850550,0.0,0.0,NTPC
2025-11-13,321.22855805298707,323.9778958527718,319.6575121624255,321.0321960449219,7276001,0.0,0.0,NTPC
2025-11-14,321.0812685537484,323.92877228182584,320.2957606167639,322.5050354003906,9169855,0.0,0.0,NTPC
2025-11-17,323.0450662911643,325.4507330262238,322.60319935118787,324.2233581542969,6283156,0.0,0.0,NTPC
2025-11-18,323.0941513705254,323.78149328929214,321.2285475462821,322.5050354003906,6776200,0.0,0.0,NTPC
2025-11-19,322.99597779312717,322.99597779312717,319.16654428563004,320.6885070800781,6935056,0.0,0.0,NTPC
2025-11-20,322.063160920233,324.0269606819417,320.29575312077765,320.6885070800781,5155775,0.0,0.0,NTPC
2025-11-21,320.93397130137885,322.4559040796471,319.117450589597,320.7375793457031,6142545,0.0,0.0,NTPC
2025-11-24,320.78669454761507,321.17944849649194,316.2208362506538,317.59552001953125,13719726,0.0,0.0,NTPC
2025-11-25,317.59552844775567,319.70660719854686,316.66271157486347,317.84100341796875,8074651,0.0,0.0,NTPC
2025-11-26,318.4301026115863,321.86675201365796,318.1355446489192,320.1975402832031,7101095,0.0,0.0,NTPC
2025-11-27,321.2285347987564,322.7995805755875,319.11745608232985,321.4249267578125,6755179,0.0,0.0,NTPC
2025-11-28,322.06316208278236,322.21044107240084,318.3810375162871,320.5412292480469,8930988,0.0,0.0,NTPC
2025-12-01,321.1794738769531,322.308652806157,319.5593449815555,321.1794738769531,6936186,0.0,0.0,NTPC
2025-12-02,321.52313434011546,323.97788409087156,320.835792423821,322.6523132324219,5806943,0.0,0.0,NTPC
2025-12-03,323.0450661313389,323.0450661313389,315.484424937927,317.1045837402344,8546132,0.0,0.0,NTPC
2025-12-04,317.0554707662575,318.43012462909417,315.2880629376399,317.1045837402344,5965357,0.0,0.0,NTPC
2025-12-05,316.41722880651815,318.2828325411183,315.14077097895114,317.4482116699219,6574010,0.0,0.0,NTPC
2025-12-08,317.3500520266732,317.3500520266732,312.09688169508877,313.7170104980469,7906928,0.0,0.0,NTPC
2025-12-09,311.7041456174841,315.5826323724719,309.838511773213,314.0606994628906,7152584,0.0,0.0,NTPC
2025-12-10,314.0606669946609,317.84098733772913,313.7169960607083,315.77899169921875,5484712,0.0,0.0,NTPC
2025-12-11,315.8281083678436,317.5955462314689,313.37335852825953,316.76092529296875,6317942,0.0,0.0,NTPC
2025-12-12,317.0554557382619,320.050268261456,317.0554557382619,319.1665344238281,4261023,0.0,0.0,NTPC
2025-12-15,317.20275292805815,319.41202771851414,315.7299030677541,318.08648681640625,10219819,0.0,0.0,NTPC
2025-12-16,316.2208633208038,317.93918821379265,313.2751635042515,315.18988037109375,5241263,0.0,0.0,NTPC
2025-12-17,314.2079584143969,316.56451210946364,313.7660914867942,315.4353332519531,5043027,0.0,0.0,NTPC
2025-12-18,316.1717569539835,316.3190359408899,311.26225762239994,312.735107421875,5554193,0.0,0.0,NTPC
2025-12-19,313.17698480349634,314.79711364396724,311.753217963721,314.1097717285156,10833662,0.0,0.0,NTPC
2025-12-22,314.15886930123196,317.79188077066647,313.7170023822171,314.8952941894531,8925871,0.0,0.0,NTPC
2025-12-23,315.23894766047425,318.8719892391196,314.4534397346514,317.3991394042969,6024641,0.0,0.0,NTPC
2025-12-24,318.03736281353645,320.737587463793,316.4172340164237,316.7117919921875,5678004,0.0,0.0,NTPC
2025-12-26,316.7117714475912,319.85386282287686,316.4662964953096,318.2337341308594,4174183,0.0,0.0,NTPC
2025-12-29,318.23377503863554,319.9029869495987,317.2027621273976,319.6084289550781,14043845,0.0,0.0,NTPC
2025-12-30,319.1174525702442,319.6574855038963,317.4973238040825,319.0192565917969,8035909,0.0,0.0,NTPC
2025-12-31,318.8719757222494,324.66517883393897,318.82289271591856,323.5850830078125,8497983,0.0,0.0,NTPC
2026-01-01,323.83057185522665,330.8020670698365,323.6342098562783,330.2129211425781,10357315,0.0,0.0,NTPC
2026-01-02,330.70387284694124,346.61066314150077,329.86928190785943,345.7269592285156,23128940,0.0,0.0,NTPC
2026-01-05,344.0086448916721,348.3780815810187,342.09392805086566,344.2541198730469,18248271,0.0,0.0,NTPC
2026-01-06,343.5667660613468,347.690757591952,339.8846414680231,344.4504699707031,8641743,0.0,0.0,NTPC
2026-01-07,343.2230785132978,344.9905162117712,340.0319040200265,342.5357666015625,7165806,0.0,0.0,NTPC
2026-01-08,340.47379156724156,343.46857428708546,336.00615899202387,338.16632080078125,8805975,0.0,0.0,NTPC
2026-01-09,338.16631862243713,338.16631862243713,328.34731964986224,329.9183654785156,10161744,0.0,0.0,NTPC
2026-01-12,330.6547601994002,334.4841634558847,327.65997777239147,331.34210205078125,9406174,0.0,0.0,NTPC
2026-01-13,331.3421290941072,333.10953690590406,328.9855453914359,331.7839660644531,5583379,0.0,0.0,NTPC
2026-01-14,332.7658593577418,344.15590382251236,331.3421225278992,342.78125,20389924,0.0,0.0,NTPC
2026-01-15,342.78125,342.78125,342.78125,342.78125,0,0.0,0.0,NTPC
2026-01-16,346.2669813321414,347.641635149834,339.14820731227024,340.0810241699219,14275582,0.0,0.0,NTPC
2026-01-19,337.2826244547877,341.6520911099357,335.8588575765374,337.1353454589844,9974363,0.0,0.0,NTPC
2026-01-20,336.79166588589715,341.9957233726868,331.58760839910747,332.61859130859375,7718407,0.0,0.0,NTPC
2026-01-21,332.66768506402855,335.4170228534848,330.70388519950603,332.56951904296875,6948955,0.0,0.0,NTPC
2026-01-22,332.569523157682,336.9880729075261,330.99847725358467,336.25164794921875,5885972,0.0,0.0,NTPC
2026-01-23,337.7244872641264,339.19733713450603,330.0165669494317,330.605712890625,10084314,0.0,0.0,NTPC
2026-01-27,334.3369154228415,340.2283148135524,330.94934878710006,338.4609069824219,12203590,0.0,0.0,NTPC
2026-01-28,338.4609034869478,346.8561355459258,338.4609034869478,341.750244140625,13566973,0.0,0.0,NTPC
2026-01-29,343.6649716054019,353.97492075356394,341.01382983836294,351.6674499511719,20624409,0.0,0.0,NTPC
2026-01-30,352.5020656800002,352.845736639582,344.74506242827283,349.5563659667969,22641103,0.0,0.0,NTPC
2026-02-02,338.7063829996888,346.3651902451066,331.6366917229901,344.0086364746094,12622760,0.0,0.0,NTPC
2026-02-03,359.3262947032176,359.3262947032176,347.3961864708703,352.0602111816406,11559806,0.0,0.0,NTPC
2026-02-04,352.9439152761472,361.8791799948705,351.12739454924434,360.60272216796875,15515053,0.0,0.0,NTPC
2026-02-05,363.0574940569719,363.9903109635528,358.39346945448204,360.3572692871094,18789794,0.0,0.0,NTPC
2026-02-06,357.9334447872593,362.03911804484557,357.1420064340637,361.1487121582031,7328789,2.75,0.0,NTPC
2026-02-09,362.6326786968706,364.6607885211468,357.1420034625941,358.0323791503906,7983235,0.0,0.0,NTPC
2026-02-10,358.03237774559113,364.21558415246943,357.38933031756335,362.97894287109375,8319282,0.0,0.0,NTPC
2026-02-11,365.05650021493585,365.05650021493585,362.08856118879817,364.51239013671875,5782448,0.0,0.0,NTPC
2026-02-12,366.0458119192337,368.024437929608,362.92948199118166,364.31451416015625,6763353,0.0,0.0,NTPC
2026-02-13,363.6219982726669,364.0672012202996,358.5270421199639,359.1206359863281,7111972,0.0,0.0,NTPC
2026-02-16,358.72489167178406,365.699536086429,358.62595433574904,365.1554260253906,6292850,0.0,0.0,NTPC
2026-02-17,364.8091562013766,365.551140925854,362.1379991166838,364.462890625,4442793,0.0,0.0,NTPC
2026-02-18,364.51237438815997,366.7383285615921,363.4735776590302,364.462890625,4871319,0.0,0.0,NTPC
2026-02-19,363.07785864076794,366.9361731711429,358.3291684789889,359.3184814453125,5375352,0.0,0.0,NTPC
2026-02-20,358.92274335746885,369.656795416868,358.82383621088445,368.96429443359375,16736731,0.0,0.0,NTPC
2026-02-23,370.00307557353455,372.47635816426674,368.1728404181052,371.4375915527344,16135451,0.0,0.0,NTPC
2026-02-24,370.94291667388126,380.88550011991754,369.5578543384779,378.6595458984375,20774629,0.0,0.0,NTPC
2026-02-25,378.659543189351,384.39754639820626,378.6100896169131,380.78656005859375,12750016,0.0,0.0,NTPC
2026-02-26,380.8855104150926,381.72643251533543,374.356038483975,377.8186340332031,10721570,0.0,0.0,NTPC
2026-02-27,376.9282583588319,381.0833850944805,376.08733625858906,377.8186340332031,11548959,0.0,0.0,NTPC
2026-03-02,361.09924028970323,374.9001685362541,361.09924028970323,373.5151062011719,14732253,0.0,0.0,NTPC
2026-03-04,366.78779749842613,369.8546738596943,360.2088720374161,361.89068603515625,11433169,0.0,0.0,NTPC
2026-03-05,363.0284155353574,375.84000070375265,362.6821499488739,374.009765625,16158714,0.0,0.0,NTPC
2026-03-06,372.9709989198574,381.4296129461071,370.64610734453646,376.53253173828125,14940896,0.0,0.0,NTPC
2026-03-09,369.01373676287375,374.9496145660299,367.4308299770783,372.22900390625,11286578,0.0,0.0,NTPC
2026-03-10,380.885514106757,381.3307170439763,370.8439929549573,373.2677917480469,10875834,0.0,0.0,NTPC
2026-03-11,373.4656512161283,379.79724827130656,372.42688466018114,375.8399963378906,9963701,0.0,0.0,NTPC
2026-03-12,374.9496368130693,388.20642532173457,371.63543213804354,386.3761901855469,23847146,0.0,0.0,NTPC
2026-03-13,387.6623104086712,390.2839838563644,379.10475887951236,380.3414001464844,27107369,0.0,0.0,NTPC
2026-03-16,380.3908568408736,384.1007806722215,371.4375860711289,378.31329345703125,16793109,0.0,0.0,NTPC
2026-03-17,378.80794038547214,381.7758793754728,374.257094562517,379.2531433105469,9720902,0.0,0.0,NTPC
2026-03-18,380.88552134827546,382.22109999388823,373.5646108723365,374.4549865722656,10681498,0.0,0.0,NTPC
2026-03-19,369.5084106709135,376.68093002128603,369.1126915036632,370.0525207519531,10568326,0.0,0.0,NTPC
2026-03-20,371.83331215454035,379.2036761883169,371.48704655222275,376.8788146972656,20930288,0.0,0.0,NTPC
2026-03-23,373.06994932918553,375.44429456084805,365.35328958698534,368.420166015625,13148432,0.0,0.0,NTPC
2026-03-24,373.9603280410193,374.10871895830354,367.0351367810004,371.5364990234375,9339144,0.0,0.0,NTPC
2026-03-25,371.9817033244563,376.87881495277634,371.58598414644126,374.3560485839844,9266292,0.0,0.0,NTPC
2026-03-27,375.8400174268992,375.8400174268992,370.64612397285276,371.63543701171875,20263654,0.0,0.0,NTPC
2026-03-30,370.0030780228232,373.91087661862343,365.69956024817384,366.6888732910156,17974103,0.0,0.0,NTPC
2026-04-01,377.2250466508289,377.81864050772765,357.58720713825926,360.75299072265625,15449629,0.0,0.0,NTPC
2026-04-02,356.1032390273179,357.438787471427,348.23818832243774,355.8064270019531,16551512,0.0,0.0,NTPC
2026-04-06,354.9654968921836,362.83054741998933,351.89865070585967,362.1875,11534034,0.0,0.0,NTPC
2026-04-07,360.9508595127945,365.8479408215277,358.3786396358509,364.9081115722656,12603971,0.0,0.0,NTPC
2026-04-08,369.5084113183961,371.53649092375616,364.3145179866114,370.1514587402344,19491331,0.0,0.0,NTPC
2026-04-09,372.92154904467407,380.0940683257955,372.47634611616763,374.6033630371094,18503665,0.0,0.0,NTPC
2026-04-10,377.12613810217323,380.34140544105884,368.07389974877594,376.08734130859375,14953758,0.0,0.0,NTPC
2026-04-13,370.34934272243123,383.853459685983,370.34934272243123,382.1221618652344,15240045,0.0,0.0,NTPC
2026-04-15,386.07940524459264,389.739875487484,382.9630752764215,388.404296875,7722460,0.0,0.0,NTPC
2026-04-16,392.75725725678825,393.004585504431,383.65556566695807,386.6235046386719,9896906,0.0,0.0,NTPC
2026-04-17,388.80002186472785,392.01528922111555,384.2986596423602,389.39361572265625,15320653,0.0,0.0,NTPC
2026-04-20,388.8000169303549,396.5661301770477,386.4751252946467,393.74658203125,9895187,0.0,0.0,NTPC
2026-04-21,394.3401654598922,398.3963547737153,391.4711638154834,391.9658203125,9493644,0.0,0.0,NTPC
2026-04-22,393.7465643823424,402.8977094088164,388.99787417490865,401.0674743652344,16411131,0.0,0.0,NTPC
2026-04-23,399.68246970167803,401.5621584466409,396.1209367056527,397.951171875,9144699,0.0,0.0,NTPC
2026-04-24,400.42445221194913,400.91910873104973,394.93377692650745,397.5554504394531,6266676,0.0,0.0,NTPC
2026-04-27,399.58350279715404,409.97128898871665,398.2974080119159,405.8161926269531,13001752,0.0,0.0,NTPC
2026-04-28,409.5755963191683,409.7734710026609,401.6116384673152,402.50201416015625,7726655,0.0,0.0,NTPC
2026-04-29,405.12367011265115,405.6183266085152,395.3789311058422,397.01129150390625,11920835,0.0,0.0,NTPC
2026-04-30,395.72519943082784,396.0219812538263,388.9483993522876,394.88427734375,7706357,0.0,0.0,NTPC
2026-05-01,394.88427734375,394.88427734375,394.88427734375,394.88427734375,0,0.0,0.0,NTPC
2026-05-04,395.7252046291212,400.47389500809584,393.004593847296,395.774658203125,6333200,0.0,0.0,NTPC
2026-05-05,394.0433523347002,396.219852992005,390.33342861754664,394.3896179199219,6791514,0.0,0.0,NTPC
2026-05-06,395.7252049995189,398.69314403701526,387.4644353068665,390.6302490234375,11120409,0.0,0.0,NTPC
2026-05-07,392.50993927051593,399.18780213145095,388.9484063730631,396.07147216796875,9700378,0.0,0.0,NTPC
2026-05-08,393.74659079983223,400.77071943781533,392.9056686756656,397.85223388671875,4740939,0.0,0.0,NTPC
2026-05-11,397.60488241237664,400.6717587024605,386.8213769201532,388.75054931640625,10088836,0.0,0.0,NTPC
2026-05-12,388.0085783534943,395.5768169149478,387.068718908324,388.50323486328125,10247516,0.0,0.0,NTPC
2026-05-13,387.81070582712596,389.83878545194284,381.67695299512195,386.27728271484375,12322076,0.0,0.0,NTPC
2026-05-14,389.49253814973764,394.2906820216197,387.0192556626081,392.0647277832031,7363948,0.0,0.0,NTPC
2026-05-15,391.76795522266366,393.74658125914175,388.30535965882694,391.0259704589844,7107857,0.0,0.0,NTPC
2026-05-18,388.80002136151944,389.64094347654304,380.78657976845244,384.1502380371094,7632596,0.0,0.0,NTPC
2026-05-19,382.56733745219174,388.552668842187,381.9242598687504,385.23846435546875,6693518,0.0,0.0,NTPC
2026-05-20,381.9737464504646,389.14626553357334,379.8961831605183,388.2558898925781,5386249,0.0,0.0,NTPC
2026-05-21,389.29468082050215,391.32276047374154,383.705068188813,384.6448974609375,10596954,0.0,0.0,NTPC
2026-05-22,385.78261549025615,387.31603855995974,383.309332996259,384.4964904785156,11755213,0.0,0.0,NTPC
2026-05-25,387.761249649884,388.6021415623989,382.3200280485236,385.88153076171875,10489850,0.0,0.0,NTPC
2026-05-26,386.57404486718156,388.0580143292437,384.84274716144245,385.5352783203125,9062218,0.0,0.0,NTPC
2026-05-27,386.17832929835413,398.7920698429061,386.17832929835413,393.89495849609375,14418621,0.0,0.0,NTPC
2026-05-28,393.89495849609375,393.89495849609375,393.89495849609375,393.89495849609375,0,0.0,0.0,NTPC
2026-05-29,395.72520423075076,397.3575646599152,380.9844464114427,382.76519775390625,17003143,0.0,0.0,NTPC
2026-06-01,382.76521141012705,384.84277484474876,372.4763617713314,374.6528625488281,18408900,0.0,0.0,NTPC
2026-06-02,371.9322468421442,373.4656699667571,359.17008456297765,363.4736022949219,17496468,0.0,0.0,NTPC
2026-06-03,364.11664616198163,367.5297881690634,359.813158663623,362.8800048828125,10825715,0.0,0.0,NTPC
2026-06-04,362.88000261584017,364.8586286501499,360.45620383867305,362.4842834472656,14363519,0.0,0.0,NTPC
2026-06-05,362.0390981204508,364.56183414993416,354.8170952313841,357.7850341796875,10277061,0.0,0.0,NTPC
2026-06-08,355.11392671139623,361.4455241099741,351.3545190558946,358.52703857421875,14933986,0.0,0.0,NTPC
2026-06-09,358.9227333059097,359.8131391317271,351.20610421935453,351.8491516113281,14246656,0.0,0.0,NTPC
2026-06-10,355.16336324978846,355.16336324978846,347.34779667060127,347.89190673828125,14939921,0.0,0.0,NTPC
2026-06-11,348.2381736255446,349.57375220472534,345.0723599705559,348.08978271484375,15079402,0.0,0.0,NTPC
2026-06-12,353.1847351744197,353.1847351744197,345.96276247011673,350.11785888671875,8740239,0.0,0.0,NTPC
2026-06-15,353.58045087674077,354.17404469944046,343.24214841308515,344.3798522949219,17190759,0.0,0.0,NTPC
2026-06-16,346.01221048640843,352.39329120526247,344.77556927666427,351.7502136230469,14555184,0.0,0.0,NTPC
2026-06-17,351.7502136230469,352.2448701069445,348.2876182357633,351.7502136230469,9299676,0.0,0.0,NTPC
2026-06-18,353.1847367765176,359.6647247724534,350.266251384843,358.08184814453125,12260776,0.0,0.0,NTPC
2026-06-19,358.0818551097652,364.06718672804,356.1032290949389,361.89068603515625,17465450,0.0,0.0,NTPC
2026-06-22,361.89067810377395,364.56183524182177,360.1593803787449,363.1273193359375,11946682,0.0,0.0,NTPC
2026-06-23,363.91878894188164,365.30382108781356,358.03236458237546,360.7035217285156,11696171,0.0,0.0,NTPC
2026-06-24,358.9722253658766,360.15938284201127,351.70076883273526,353.23419189453125,12770898,0.0,0.0,NTPC
2026-06-25,352.64062950948494,355.1633655727726,347.6940645293628,348.2876281738281,19767157,0.0,0.0,NTPC
2026-06-26,348.2876281738281,348.2876281738281,348.2876281738281,348.2876281738281,0,0.0,0.0,NTPC
2026-06-29,348.2381831371744,354.0751239185157,347.79298020147525,352.29437255859375,49895302,0.0,0.0,NTPC
2026-06-30,350.9587818236566,354.52031461195133,349.1285467610599,352.8384704589844,10291360,0.0,0.0,NTPC
2026-07-01,354.1740410944479,356.9935890799953,350.46411747963174,354.0751037597656,6915166,0.0,0.0,NTPC
2026-07-02,356.1032309165304,356.1032309165304,348.5349622179558,354.42138671875,6513560,0.0,0.0,NTPC
2026-07-03,354.4213762934975,356.30106492361955,351.65131201662666,352.640625,6588714,0.0,0.0,NTPC
2026-07-06,352.1954207785088,355.55907887125227,350.8598422176064,352.4427490234375,6204261,0.0,0.0,NTPC
2026-07-07,351.9975494811349,353.33312805484354,348.78228226623173,350.4146728515625,8149003,0.0,0.0,NTPC
2026-07-08,348.1887169060533,349.227483463009,343.8357156219206,344.97344970703125,9572223,0.0,0.0,NTPC
2026-07-09,345.27023274513823,347.24885872075504,339.4332921553558,340.0268859863281,17821421,0.0,0.0,NTPC
2026-07-10,340.81834427584806,345.0723782961847,339.53224939289186,340.8677978515625,13016441,0.0,0.0,NTPC
2026-07-13,341.36243560757714,351.2061119486274,340.0268872223302,347.9908447265625,8226337,0.0,0.0,NTPC
2026-07-14,344.7755868837612,350.1673549101683,343.7862738654434,344.4293212890625,8579646,0.0,0.0,NTPC
2026-07-15,343.78628243971525,344.7261419071329,339.3838273218257,340.6699523925781,11352533,0.0,0.0,NTPC
2026-07-16,340.52155045475615,342.3517553719133,338.4439870934176,338.7902526855469,10347549,0.0,0.0,NTPC
2026-07-17,338.8397026855022,340.2247348479731,336.61374843428354,338.1966552734375,7612446,0.0,0.0,NTPC
2026-07-20,339.3343601652493,345.5670200100771,337.45467149708196,343.5389404296875,14463484,0.0,0.0,NTPC
2026-07-21,343.4894942942517,345.4186365777892,340.4720714536867,344.8250427246094,8575793,0.0,0.0,NTPC
2026-07-22,343.6873350439277,347.1004770189875,341.95603726933393,346.75421142578125,7035952,0.0,0.0,NTPC
2026-07-23,344.825027954766,346.9520750201726,343.3905422450819,344.87451171875,6863144,0.0,0.0,NTPC
2026-07-24,344.2314867382846,346.25956640781226,341.4119385163905,343.489501953125,6300466,0.0,0.0,NTPC
2026-07-27,349.227495590697,349.227495590697,344.0830558170353,347.0509948730469,12350753,0.0,0.0,NTPC
2026-07-28,346.21010785960067,346.2595614346591,338.44399451485003,340.07635498046875,12409670,0.0,0.0,NTPC
2026-07-29,340.02688468314346,341.6592450684839,337.5041184590389,339.8290100097656,8471125,0.0,0.0,NTPC
2026-07-30,339.8290027606085,343.9346455184102,338.19664241008917,341.1645812988281,9943764,0.0,0.0,NTPC
2026-07-31,340.42261050727365,344.5282534330847,339.87847024054304,343.5389404296875,8519119,0.0,0.0,NTPC
2026-08-03,343.5389463747265,347.1499328613281,341.60977390814224,347.1499328613281,5460220,0.0,0.0,NTPC
2026-08-04,344.2809347144051,345.2207941702293,337.9493373556461,339.9774169921875,7201524,0.0,0.0,NTPC
2026-08-05,339.7795632536122,346.1606140136719,339.08703207433274,346.1606140136719,18554536,0.0,0.0,NTPC
2026-08-06,343.7862708050272,345.5175685716712,339.43329960146673,341.31298828125,10079779,0.0,0.0,NTPC
2026-08-07,341.312973579351,343.2915995131444,338.8396911621094,338.8396911621094,7012048,0.0,0.0,NTPC
2026-08-10,338.8396945158717,340.02688216447257,333.5468640523001,336.8116149902344,8818488,0.0,0.0,NTPC
2026-08-11,335.97071176120113,336.76215011035725,332.45863238215605,334.8330078125,10043994,0.0,0.0,NTPC
2026-08-12,334.83301361086006,337.70201541553126,331.7661371197543,335.82232666015625,10152704,0.0,0.0,NTPC
2026-08-13,334.4372614728004,340.5710144042969,334.3878078973198,340.5710144042969,9672695,0.0,0.0,NTPC
2026-08-14,339.97741102121824,339.97741102121824,333.8931420270134,336.3664245605469,7507624,0.0,0.0,NTPC
2026-08-17,336.3664069020076,336.6631887138763,332.1123732442329,333.3984680175781,7839848,0.0,0.0,NTPC
2026-08-18,333.3984686712306,335.67387641051346,330.33159244635357,333.4974060058594,9943991,0.0,0.0,NTPC
2026-08-19,332.7059493382513,335.2287155994345,330.0348223570086,332.9532775878906,7502595,0.0,0.0,NTPC
2026-08-20,333.4974082916147,335.92120695373524,330.82625119550914,333.89312744140625,4185077,0.0,0.0,NTPC
2026-08-21,333.3984855203068,339.1859726870624,333.3984855203068,336.3664245605469,6534716,0.0,0.0,NTPC
2026-08-24,337.0589528190787,338.39450122243744,333.8436855534105,335.87176513671875,5401943,0.0,0.0,NTPC
2026-08-25,335.37709551862594,337.1578467810886,332.06289104379783,336.218017578125,5260835,0.0,0.0,NTPC
2026-08-26,337.8998467135045,340.76887859756096,331.0241394042969,331.0241394042969,5903358,0.0,0.0,NTPC
2026-08-27,331.41986746941393,332.3597269313501,324.8903953854603,327.3636779785156,12911842,0.0,0.0,NTPC
2026-08-28,325.9786255355717,329.5401582868424,325.2860943759172,326.5227355957031,7332490,0.0,0.0,NTPC
2026-08-31,326.57221912108184,326.91848470065645,320.04274744708897,323.90106201171875,18400774,0.0,0.0,NTPC
2026-09-01,323.90106266400284,324.7419847328244,321.57617112953244,324.0,7377499,0.0,0.0,NTPC
2026-09-02,324.0,331.1000061035156,321.0,330.0,11993091,3.5,0.0,NTPC
2026-09-03,330.45001220703125,332.70001220703125,329.1000061035156,330.8999938964844,8100926,0.0,0.0,NTPC
2026-09-04,332.75,334.04998779296875,329.79998779296875,332.5,7032282,0.0,0.0,NTPC
2026-09-07,332.5,333.79998779296875,330.3500061035156,332.0,5245813,0.0,0.0,NTPC
2026-09-08,330.0,333.20001220703125,328.6499938964844,330.79998779296875,7351373,0.0,0.0,NTPC
2026-09-09,331.1000061035156,337.5,330.8999938964844,334.5,11795145,0.0,0.0,NTPC
2026-09-10,335.6499938964844,335.70001220703125,333.1000061035156,335.0,6905905,0.0,0.0,NTPC
2026-09-11,333.0,336.25,331.6000061035156,333.3999938964844,4968535,0.0,0.0,NTPC
2026-09-14,333.3999938964844,333.3999938964844,333.3999938964844,333.3999938964844,0,0.0,0.0,NTPC
2026-09-15,333.0,333.29998779296875,326.3999938964844,329.5,8445501,0.0,0.0,NTPC
2026-09-16,329.5,329.95001220703125,326.54998779296875,327.0,6556304,0.0,0.0,NTPC
2026-09-17,327.79998779296875,331.29998779296875,327.20001220703125,329.6000061035156,5589949,0.0,0.0,NTPC
2026-09-18,329.79998779296875,330.8500061035156,323.6499938964844,323.6499938964844,9448827,0.0,0.0,NTPC
2026-09-21,325.0,328.75,324.8500061035156,326.3999938964844,5098202,0.0,0.0,NTPC
2026-09-22,326.5,329.0,325.54998779296875,327.79998779296875,6219007,0.0,0.0,NTPC
2026-09-23,326.5,329.3999938964844,325.0,326.0,10525477,0.0,0.0,NTPC
2026-09-24,326.95001220703125,327.70001220703125,324.3999938964844,326.6000061035156,7662580,0.0,0.0,NTPC
2026-09-25,327.29998779296875,327.29998779296875,323.5,326.6000061035156,6075589,0.0,0.0,NTPC
2026-09-28,326.6000061035156,326.6000061035156,320.20001220703125,321.1000061035156,5982092,0.0,0.0,NTPC
2026-09-29,320.5,325.0,317.54998779296875,323.5,11956206,0.0,0.0,NTPC
2026-09-30,323.5,323.95001220703125,318.8999938964844,322.75,6908628,0.0,0.0,NTPC
2026-10-01,320.79998779296875,320.95001220703125,313.04998779296875,315.1000061035156,10089386,0.0,0.0,NTPC
