Date,Open,High,Low,Close,Volume,Dividends,Stock Splits,Symbol
2021-10-04,112.74070892499678,113.3572644555045,111.59569087855144,112.53519439697266,10757286,0.0,0.0,POWERGRID
2021-10-05,112.53518893344702,114.56099367001713,111.18464447811041,111.53695678710938,17200858,0.0,0.0,POWERGRID
2021-10-06,112.71133786068698,112.82878326000314,109.65794862142207,110.15705871582031,8929507,0.0,0.0,POWERGRID
2021-10-07,112.1535268032814,112.4764867637502,110.15707419864775,110.568115234375,6733699,0.0,0.0,POWERGRID
2021-10-08,110.97915085959745,111.65442321443268,109.80476831081864,110.2157974243164,8165175,0.0,0.0,POWERGRID
2021-10-11,111.5663127254967,114.56098504621009,111.15528372034476,113.59211730957031,12982042,0.0,0.0,POWERGRID
2021-10-12,113.85636903727988,114.29676241008026,112.53518891887872,113.53340911865234,8539966,0.0,0.0,POWERGRID
2021-10-13,114.56101034942907,120.08061048215016,114.00318344116728,117.0859375,33075614,0.0,0.0,POWERGRID
2021-10-14,117.55567780859643,120.93202733345274,116.41065970482825,120.16868591308594,19185455,0.0,0.0,POWERGRID
2021-10-18,123.19274167263849,123.28081081202834,118.70072575980667,119.66959381103516,38546365,0.0,0.0,POWERGRID
2021-10-19,119.78698546555243,120.25674312830452,115.67664772898937,116.64551544189453,16174177,0.0,0.0,POWERGRID
2021-10-20,117.43820667914413,117.58500443749305,113.53338391777615,114.12057495117188,21909934,0.0,0.0,POWERGRID
2021-10-21,115.23624301552975,115.88215077817745,113.6214676356943,113.94442749023438,16946547,0.0,0.0,POWERGRID
2021-10-22,115.03075567625034,115.67666359128008,112.30031427326048,114.1793212890625,7705870,0.0,0.0,POWERGRID
2021-10-25,114.17930467153676,114.50226455526604,111.85990460399067,113.12236785888672,7862419,0.0,0.0,POWERGRID
2021-10-26,113.0930243763166,113.29853891001991,111.39016748225141,111.80120849609375,8525850,0.0,0.0,POWERGRID
2021-10-27,111.65440277943074,112.65262298462353,110.71489930164314,111.71311950683594,9862679,0.0,0.0,POWERGRID
2021-10-28,111.97735452237035,112.21223338633165,108.77716733350792,109.15884399414062,11095238,0.0,0.0,POWERGRID
2021-10-29,109.74603026129243,110.77361479192919,106.45776215254176,108.65972900390625,12988035,0.0,0.0,POWERGRID
2021-11-01,108.39549303738357,110.68554110469894,108.36614064527018,110.24514770507812,5475153,0.0,0.0,POWERGRID
2021-11-02,110.77362008694884,112.3003147875845,108.71845092743749,108.92396545410156,10946890,0.0,0.0,POWERGRID
2021-11-03,108.92396797520547,109.98091691742052,107.45598997014879,108.0138168334961,13957727,0.0,0.0,POWERGRID
2021-11-04,108.60100033072206,109.12947476433649,108.18997129704125,108.65972900390625,830214,0.0,0.0,POWERGRID
2021-11-08,110.1570487172894,111.77182425323335,108.39547540535055,111.06719970703125,11947323,0.0,0.0,POWERGRID
2021-11-09,111.77182346713579,111.77182346713579,108.80651558075407,109.5405044555664,10381150,0.0,0.0,POWERGRID
2021-11-10,109.18820780920342,109.51116777424363,107.7789583708664,108.27806854248047,13857851,0.0,0.0,POWERGRID
2021-11-11,108.63035568265829,108.77715346060783,106.10542912335274,106.95686340332031,8851354,0.0,0.0,POWERGRID
2021-11-12,107.86702525407594,107.86702525407594,105.87058460920531,106.86880493164062,9590673,0.0,0.0,POWERGRID
2021-11-15,106.9862391143986,110.83234651371394,106.86880564501159,110.568115234375,24821341,0.0,0.0,POWERGRID
2021-11-16,110.97912872529461,112.35902555560791,109.51115083210289,110.15705871582031,23206330,0.0,0.0,POWERGRID
2021-11-17,109.8047550633673,113.797660026064,109.8047550633673,112.1828842163086,18359498,0.0,0.0,POWERGRID
2021-11-18,112.65262510284975,114.17931977626566,112.18287932834069,113.0343017578125,10742933,0.0,0.0,POWERGRID
2021-11-22,114.14996951453108,115.67666421642527,112.74070827184595,114.03252410888672,25095721,0.0,0.0,POWERGRID
2021-11-23,113.47468711922322,118.84748840703992,113.41597039486494,118.52452850341797,19671538,0.0,0.0,POWERGRID
2021-11-24,118.73006426900685,121.81281828730458,118.6126307992653,119.37598419189453,18120478,0.0,0.0,POWERGRID
2021-11-25,118.96493946520138,120.37420079057335,118.17223370294091,119.93380737304688,18537454,0.0,0.0,POWERGRID
2021-11-26,119.81637959509146,120.34484216406258,117.90800802854562,118.61263275146484,12814537,0.0,0.0,POWERGRID
2021-11-29,116.85104823499434,119.78700422079821,116.55745263641394,117.58503723144531,16066147,0.0,0.0,POWERGRID
2021-11-30,117.61438597508108,123.01653949410047,117.61438597508108,121.40176391601562,37739647,0.0,0.0,POWERGRID
2021-12-01,121.54856691588047,122.5761514187925,120.19802250490804,121.66600036621094,20332817,0.0,0.0,POWERGRID
2021-12-02,122.72293325570914,126.83327073317308,121.2549555851863,125.95248413085938,33758843,0.0,0.0,POWERGRID
2021-12-03,125.15979828650623,127.0975219488627,120.6677835180791,121.02009582519531,47614182,0.0,0.0,POWERGRID
2021-12-06,121.7541035563376,122.13578025893409,118.23095604886835,118.61263275146484,11322446,0.0,0.0,POWERGRID
2021-12-07,118.96491441843438,121.5191933130252,118.70068320212388,120.84393310546875,8049102,0.0,0.0,POWERGRID
2021-12-08,120.46226652688719,121.93024439841534,119.52276307839608,120.25675201416016,8788449,0.0,0.0,POWERGRID
2021-12-09,120.6677745726087,121.22560135531974,118.67132238504034,119.31723022460938,5755422,0.0,0.0,POWERGRID
2021-12-10,119.93378131810235,119.93378131810235,118.52452029888447,118.99427795410156,6164402,0.0,0.0,POWERGRID
2021-12-13,120.66776600906232,123.10461136154896,119.61081729464331,120.02185821533203,21648126,0.0,0.0,POWERGRID
2021-12-14,119.84571438415169,125.15979920583987,119.31723994637822,124.6313247680664,48042035,0.0,0.0,POWERGRID
2021-12-15,125.13042465830921,126.627766785411,122.01831890569905,123.22205352783203,15207306,0.0,0.0,POWERGRID
2021-12-16,124.1322078799886,124.36708672242719,121.13753549159058,122.25318908691406,13410737,0.0,0.0,POWERGRID
2021-12-17,122.25320003239375,123.60374453750592,120.40355735537025,123.2807846069336,15209414,0.0,0.0,POWERGRID
2021-12-20,123.75052792248171,124.86619343420129,121.84215679200453,123.22205352783203,22539246,0.0,0.0,POWERGRID
2021-12-21,124.16154927988559,124.3377113827319,120.25673814897935,121.31367492675781,17566511,0.0,0.0,POWERGRID
2021-12-22,121.43523371720008,123.38013733994738,120.34121770103243,122.49885559082031,14750231,5.25,0.0,POWERGRID
2021-12-23,123.07627858548229,127.39154316404161,122.80278069034081,126.6318130493164,15932489,0.0,0.0,POWERGRID
2021-12-24,126.5406553924097,126.84454746815075,124.50458095802477,124.8388671875,8975969,0.0,0.0,POWERGRID
2021-12-27,124.83884596839322,125.96324398443885,124.59572987604325,125.26428985595703,8648187,0.0,0.0,POWERGRID
2021-12-28,125.59858166777981,126.81414981870843,123.5625074880541,124.96040344238281,15736206,0.0,0.0,POWERGRID
2021-12-29,123.38014063094919,125.14271654161338,123.19780050159234,124.35259246826172,17172943,0.0,0.0,POWERGRID
2021-12-30,124.35261076643239,128.48554713990666,122.55965281397685,124.8084487915039,87481206,0.0,0.0,POWERGRID
2021-12-31,123.98792490326892,125.32504463743989,123.71442707390543,124.23104095458984,9842223,0.0,0.0,POWERGRID
2022-01-03,124.8388573865588,125.78091532815611,124.07912725685165,124.59574127197266,7410054,0.0,0.0,POWERGRID
2022-01-04,125.3858345156732,129.4579820567457,124.89960240686028,127.99929809570312,14784090,0.0,0.0,POWERGRID
2022-01-05,127.63465396591997,128.45515998262118,126.44947998239581,126.81414794921875,9565107,0.0,0.0,POWERGRID
2022-01-06,126.26717329421129,126.84456336431774,124.38304466157778,125.17315673828125,5615931,0.0,0.0,POWERGRID
2022-01-07,125.78090726969648,126.72297751633702,124.2918412570308,124.71728515625,11908249,0.0,0.0,POWERGRID
2022-01-10,125.96325145983228,125.96325145983228,123.65366699354071,123.98795318603516,11085710,0.0,0.0,POWERGRID
2022-01-11,124.32222288436223,125.08195288887337,123.68404473441399,123.89676666259766,7208789,0.0,0.0,POWERGRID
2022-01-12,125.20351634384261,125.62896023962837,124.20067017189236,124.56533813476562,11018139,0.0,0.0,POWERGRID
2022-01-13,126.1759665480573,128.54632682066696,125.53780071357659,126.41908264160156,20522807,0.0,0.0,POWERGRID
2022-01-14,126.38869511995821,127.42193548034875,125.53780729603507,126.26714324951172,14183654,0.0,0.0,POWERGRID
2022-01-17,127.11802170635136,127.36113777107933,125.0819478493735,125.41622161865234,7574539,0.0,0.0,POWERGRID
2022-01-18,125.35547258398915,126.32792468610629,124.35262633023737,124.6869125366211,8475422,0.0,0.0,POWERGRID
2022-01-19,125.20351687555677,126.05441703614024,122.19499071232775,124.38301086425781,13724367,0.0,0.0,POWERGRID
2022-01-20,125.8720715241435,130.88628982678517,124.83884360794012,130.46084594726562,30170343,0.0,0.0,POWERGRID
2022-01-21,130.00502375451552,133.2566662737483,129.45801558179426,130.73435974121094,29509593,0.0,0.0,POWERGRID
2022-01-24,131.52444933484543,132.3449551947763,128.54630550491476,130.06576538085938,12850189,0.0,0.0,POWERGRID
2022-01-25,129.7618775225053,133.83402517307167,128.819807423373,133.01351928710938,27389035,0.0,0.0,POWERGRID
2022-01-27,132.49688867946736,133.28701268655794,129.06290721079668,130.58236694335938,28512473,0.0,0.0,POWERGRID
2022-01-28,132.19300753744525,132.19300753744525,127.17879001016284,127.75617980957031,18932049,0.0,0.0,POWERGRID
2022-01-31,128.85021876597722,131.73719300719605,128.36398657919162,130.91668701171875,19907759,0.0,0.0,POWERGRID
2022-02-01,131.88914272568104,131.91953687523346,128.42477848503685,129.4276123046875,8622355,0.0,0.0,POWERGRID
2022-02-02,130.58237926560133,132.37534933845365,129.60992741807598,130.06576538085938,9921099,0.0,0.0,POWERGRID
2022-02-03,130.06578615184668,130.67357019928522,128.24243400953108,128.42477416992188,4594389,0.0,0.0,POWERGRID
2022-02-04,128.85019375825033,129.6706995944808,127.08761787998756,127.45228576660156,7329263,0.0,0.0,POWERGRID
2022-02-07,128.27280681520827,130.24810464072075,127.63462872542274,129.85304260253906,7869237,0.0,0.0,POWERGRID
2022-02-08,130.06577323592762,130.91667329092428,126.72296130696687,127.66503143310547,9074237,0.0,0.0,POWERGRID
2022-02-09,127.99932359887907,128.63750182317509,126.84453138440941,127.23959350585938,9833985,0.0,0.0,POWERGRID
2022-02-10,127.66504711093039,131.0990171673427,127.66504711093039,128.880615234375,19180334,0.0,0.0,POWERGRID
2022-02-11,127.75618752742554,128.85020363653595,125.84167788457741,126.29751586914062,20071130,0.0,0.0,POWERGRID
2022-02-14,125.78090969624083,125.78090969624083,122.3165454060549,122.68121337890625,12109375,0.0,0.0,POWERGRID
2022-02-15,122.77238168319238,123.89677973542904,120.94902947997664,123.6536636352539,19046061,0.0,0.0,POWERGRID
2022-02-16,124.05970682039144,125.55892035145636,122.2481576665617,122.62297058105469,20270061,4.125,0.0,POWERGRID
2022-02-17,123.84105008507743,124.21585021693379,122.43554005889118,123.06021118164062,16405551,0.0,0.0,POWERGRID
2022-02-18,122.9352945291309,125.0279404611309,121.96704910692287,122.2481460571289,14600643,0.0,0.0,POWERGRID
2022-02-21,122.24815051272907,124.30957058593235,122.15445999855753,123.77860260009766,10682638,0.0,0.0,POWERGRID
2022-02-22,121.31114369926728,123.96599633740904,119.81194296490301,123.77860260009766,13606058,0.0,0.0,POWERGRID
2022-02-23,123.90353448851091,124.62190893645462,123.43503107145658,123.71614074707031,6493463,0.0,0.0,POWERGRID
2022-02-24,121.18622108162646,122.43556356700404,118.62507152839618,119.37467193603516,13145037,0.0,0.0,POWERGRID
2022-02-25,120.28046152991693,123.62245037730945,120.03059047304359,123.24765014648438,10920938,0.0,0.0,POWERGRID
2022-02-28,123.34131827350505,131.33711438758476,122.46678879671897,130.6499786376953,31938385,0.0,0.0,POWERGRID
2022-03-02,129.77543212856028,133.14865889896612,128.80718675713098,131.74314880371094,20502615,0.0,0.0,POWERGRID
2022-03-03,131.61822339700177,137.02163209141582,131.61822339700177,136.08462524414062,19805555,0.0,0.0,POWERGRID
2022-03-04,134.8977499823822,135.86599549362552,131.77439376413795,134.33555603027344,12794317,0.0,0.0,POWERGRID
2022-03-07,131.49328958685203,134.42923918762673,130.46257954948447,132.93003845214844,17635653,0.0,0.0,POWERGRID
2022-03-08,133.67963579529706,139.55154757295884,131.05602185860272,132.64892578125,28410490,0.0,0.0,POWERGRID
2022-03-09,134.3980010410403,134.92896897902543,129.05705760203367,129.9940643310547,22830958,0.0,0.0,POWERGRID
2022-03-10,131.8056157361699,132.05548674381396,129.33816971948258,130.4625701904297,16516553,0.0,0.0,POWERGRID
2022-03-11,130.74370612546153,133.05498481566684,129.77546054204123,132.71141052246094,12992850,0.0,0.0,POWERGRID
2022-03-14,132.71139480707942,133.6796402758423,130.9310843825827,133.30484008789062,12598659,0.0,0.0,POWERGRID
2022-03-15,133.17988577610387,134.33553758535282,130.11900726967312,130.96231079101562,14528285,0.0,0.0,POWERGRID
2022-03-16,131.9617646699393,132.30533884497387,130.52501611302355,130.77488708496094,11933774,0.0,0.0,POWERGRID
2022-03-17,132.43026681974584,132.89877012217417,129.77541477265189,132.149169921875,28464621,0.0,0.0,POWERGRID
2022-03-21,134.92899636539474,134.92899636539474,127.74527665149641,127.99514770507812,17797415,0.0,0.0,POWERGRID
2022-03-22,128.05760274739126,130.86862329550473,127.46417015971036,130.36888122558594,13285297,0.0,0.0,POWERGRID
2022-03-23,130.86860804883588,131.55574378319383,130.11900774025762,131.243408203125,9408783,0.0,0.0,POWERGRID
2022-03-24,131.1809564230705,131.9305568047578,129.93161398094603,131.6494598388672,11188958,0.0,0.0,POWERGRID
2022-03-25,131.6494465228885,131.68068516436932,129.11952324989377,130.96231079101562,9842670,0.0,0.0,POWERGRID
2022-03-28,130.96232500894024,132.89880326680384,129.61927933190034,132.61770629882812,12823578,0.0,0.0,POWERGRID
2022-03-29,133.5859460758307,133.96074628910148,130.99355781150635,131.9930419921875,10470515,0.0,0.0,POWERGRID
2022-03-30,133.11741952592553,136.61557542420354,132.30535465628918,135.61610412597656,54218485,0.0,0.0,POWERGRID
2022-03-31,134.64787199692162,135.70980787252137,134.1481299913646,135.4287109375,10326026,0.0,0.0,POWERGRID
2022-04-01,134.9914598592313,141.01954019912748,134.9914598592313,140.582275390625,39663961,0.0,0.0,POWERGRID
2022-04-04,141.1757048858096,142.48751199118476,139.9576010113118,142.0502471923828,9907530,0.0,0.0,POWERGRID
2022-04-05,143.64312957900296,146.5478530435233,141.73789014754104,145.57962036132812,17167487,0.0,0.0,POWERGRID
2022-04-06,144.51769783160418,148.95286136999664,144.39276865941216,147.82846069335938,17153675,0.0,0.0,POWERGRID
2022-04-07,147.39115445908692,149.8586131554296,143.6743661573002,144.51766967773438,11913911,0.0,0.0,POWERGRID
2022-04-08,145.54839397852925,146.2355297774067,144.0491805116348,145.29852294921875,6746769,0.0,0.0,POWERGRID
2022-04-11,145.2360589365926,147.14131124493963,142.67490947133243,144.23658752441406,12413822,0.0,0.0,POWERGRID
2022-04-12,143.20588851583324,145.95444464310006,142.79984964891264,145.61087036132812,14769907,0.0,0.0,POWERGRID
2022-04-13,146.76646711829085,147.01633809541386,142.14391123186107,143.3620147705078,11015439,0.0,0.0,POWERGRID
2022-04-18,143.3620247029081,144.79877338918186,142.14392107986876,144.3614959716797,19069923,0.0,0.0,POWERGRID
2022-04-19,145.3609976855181,145.76703654789605,141.48804094199602,142.3313446044922,15036942,0.0,0.0,POWERGRID
2022-04-20,142.58120830048549,143.0497117231596,139.58278131178375,141.8003692626953,9814641,0.0,0.0,POWERGRID
2022-04-21,141.2381533007682,142.83106991641435,140.70718533187548,141.95652770996094,11134333,0.0,0.0,POWERGRID
2022-04-22,140.58226447953655,143.79931112591038,140.36361938328554,140.83212280273438,12032249,0.0,0.0,POWERGRID
2022-04-25,139.89509775341824,141.73788525541895,138.36465853269308,139.2079620361328,11042683,0.0,0.0,POWERGRID
2022-04-26,141.8003734406409,145.0486588499666,140.14499208995855,144.67385864257812,15389155,0.0,0.0,POWERGRID
2022-04-27,144.51770540428382,145.45471237173192,142.0814847471247,143.2371368408203,12680209,0.0,0.0,POWERGRID
2022-04-28,145.79824446501908,147.57855464593865,143.7055987187113,147.17251586914062,18378146,0.0,0.0,POWERGRID
2022-04-29,146.86022195234443,147.64106108725585,141.8316255488971,142.26889038085938,9026331,0.0,0.0,POWERGRID
2022-05-02,141.1132439060643,145.70457524664036,141.1132439060643,144.64263916015625,12634353,0.0,0.0,POWERGRID
2022-05-04,145.54840497700263,149.57752955908725,145.48594039219694,148.42189025878906,23124643,0.0,0.0,POWERGRID
2022-05-05,148.92161507103825,150.32712525640235,145.45468486355296,146.0168914794922,16481935,0.0,0.0,POWERGRID
2022-05-06,144.5801579789297,149.39013430416605,144.5801579789297,148.921630859375,17715186,0.0,0.0,POWERGRID
2022-05-09,149.29642250751124,153.95021804183577,147.20377644930429,153.13815307617188,54118806,0.0,0.0,POWERGRID
2022-05-10,153.5442023809065,155.1371064850129,151.48278211798126,152.20115661621094,30997494,0.0,0.0,POWERGRID
2022-05-11,152.41975212036786,154.9184365813575,149.10899012597005,149.42132568359375,15412618,0.0,0.0,POWERGRID
2022-05-12,149.29640230662346,151.10795115255578,145.01740754381277,147.35992431640625,26538994,0.0,0.0,POWERGRID
2022-05-13,149.82739275760395,149.82739275760395,145.61086193304303,147.6098175048828,15074553,0.0,0.0,POWERGRID
2022-05-16,147.11004435342608,148.60925753831154,145.54836660020501,146.92263793945312,7960529,0.0,0.0,POWERGRID
2022-05-17,146.73525721086133,149.48381284138998,145.3922116825268,149.07777404785156,15470937,0.0,0.0,POWERGRID
2022-05-18,148.359436660337,148.82794014452753,141.8628524711008,142.3625946044922,19181550,0.0,0.0,POWERGRID
2022-05-19,139.3016944317653,143.45576095549302,138.45839075166288,142.61245727539062,15085602,0.0,0.0,POWERGRID
2022-05-20,144.14286849324753,145.61084316037775,141.64418388231368,143.0809326171875,15148281,0.0,0.0,POWERGRID
2022-05-23,144.92373259426864,144.92373259426864,140.05129167345982,140.30116271972656,11572501,0.0,0.0,POWERGRID
2022-05-24,140.55102680223104,143.45575056460422,140.30115576834444,141.8003692626953,16336858,0.0,0.0,POWERGRID
2022-05-25,142.67492457957107,143.29959586695188,139.02060009018732,140.45733642578125,11062614,0.0,0.0,POWERGRID
2022-05-26,141.80036381109403,143.11217080235457,139.86388561361724,141.92529296875,14150454,0.0,0.0,POWERGRID
2022-05-27,142.7998372239385,142.83107586827953,139.55155198914525,140.36361694335938,8430491,0.0,0.0,POWERGRID
2022-05-30,140.23867517076474,143.61190197056322,140.11374602257368,142.58119201660156,9305758,0.0,0.0,POWERGRID
2022-05-31,142.58119269327867,146.89142625186784,142.549954051599,145.4859161376953,26351545,0.0,0.0,POWERGRID
2022-06-01,145.01739363295903,145.54836150868687,142.51870931521333,143.1746063232422,10282009,0.0,0.0,POWERGRID
2022-06-02,143.29957382993345,143.29957382993345,140.26992109383917,140.89459228515625,10071898,0.0,0.0,POWERGRID
2022-06-03,141.17568969726562,142.48749666150857,140.5510185039149,141.17568969726562,16082518,0.0,0.0,POWERGRID
2022-06-06,141.1756867586116,142.08145488652886,139.64524745034646,140.42608642578125,12693293,0.0,0.0,POWERGRID
2022-06-07,139.89510033430048,141.3318490770128,139.73893254526513,140.55101013183594,9103195,0.0,0.0,POWERGRID
2022-06-08,139.33290598869021,141.48801638648695,139.33290598869021,140.26991271972656,11240130,0.0,0.0,POWERGRID
2022-06-09,140.36363319088014,140.98830447826094,138.0523545111591,140.45733642578125,9468041,0.0,0.0,POWERGRID
2022-06-10,138.70825764704622,142.0814722663724,138.70825764704622,140.20745849609375,9019239,0.0,0.0,POWERGRID
2022-06-13,138.58332475176869,140.86337752850298,138.36469233952732,138.89566040039062,10186775,0.0,0.0,POWERGRID
2022-06-14,138.89563969915102,141.9877697850342,138.677007319495,139.89511108398438,17023962,0.0,0.0,POWERGRID
2022-06-15,140.08250267620966,141.36308359251092,138.61452804391567,138.83316040039062,5898563,0.0,0.0,POWERGRID
2022-06-16,139.52029623590482,140.11374144283323,134.71033355325795,135.14759826660156,11883333,0.0,0.0,POWERGRID
2022-06-17,133.80455646777753,135.4911762135532,131.33711048634157,132.0242462158203,19675226,0.0,0.0,POWERGRID
2022-06-20,130.61873649679075,131.74314966392356,128.9008908135956,130.0877685546875,7402273,0.0,0.0,POWERGRID
2022-06-21,130.58754731879532,133.14869724370456,129.4943724854463,131.3996124267578,9459619,0.0,0.0,POWERGRID
2022-06-22,131.68069357790756,131.96179053332622,130.0565382964768,131.5869903564453,10257637,0.0,0.0,POWERGRID
2022-06-23,131.2434250579194,132.24289650070222,128.7759787420835,130.2751922607422,13114525,0.0,0.0,POWERGRID
2022-06-24,132.43030736170573,132.43030736170573,129.77545450186022,130.52505493164062,9499105,0.0,0.0,POWERGRID
2022-06-27,133.27357022232377,133.27357022232377,130.96229234726343,132.149169921875,17545390,0.0,0.0,POWERGRID
2022-06-28,130.89984380818137,132.14918610094773,130.15023080714136,131.36834716796875,6770087,0.0,0.0,POWERGRID
2022-06-29,130.6187151401971,134.3042769087895,130.21267641240078,131.86805725097656,41502918,0.0,0.0,POWERGRID
2022-06-30,132.11795735008917,134.14813872780923,131.43082157942368,132.36782836914062,22260722,0.0,0.0,POWERGRID
2022-07-01,131.8368417400599,132.99248074204527,128.18250561012758,128.9945831298828,11133663,0.0,0.0,POWERGRID
2022-07-04,128.0888576107778,132.52402138423878,128.0888576107778,131.6182403564453,20178279,0.0,0.0,POWERGRID
2022-07-05,131.8056440726547,134.89776191873318,131.77440542412052,133.7733612060547,20083997,0.0,0.0,POWERGRID
2022-07-06,133.67962376008288,133.7733269727361,130.05652606991444,131.4620361328125,19203527,0.0,0.0,POWERGRID
2022-07-07,133.21112948967087,134.49171049566746,132.49275508896469,132.77386474609375,14069302,0.0,0.0,POWERGRID
2022-07-08,133.67964308382628,137.05287026418384,132.83633946597905,136.67807006835938,17142257,0.0,0.0,POWERGRID
2022-07-11,137.42765954016528,138.20849851482532,135.05390397361174,135.5848846435547,10826079,0.0,0.0,POWERGRID
2022-07-12,134.3667963843874,135.522435767342,133.1486924121594,133.36732482910156,8503695,0.0,0.0,POWERGRID
2022-07-13,133.99194725588924,135.36621855441464,133.33603753538603,133.96070861816406,10210005,0.0,0.0,POWERGRID
2022-07-14,136.95914199629803,136.95914199629803,132.96124431755464,134.21058654785156,10898403,0.0,0.0,POWERGRID
2022-07-15,135.5536616766694,135.5536616766694,130.43136249413408,130.7436981201172,22067479,0.0,0.0,POWERGRID
2022-07-18,131.39956173541123,132.68014255832855,130.49379373508057,131.33709716796875,15155654,0.0,0.0,POWERGRID
2022-07-19,131.1184588972967,132.11793005807058,130.93105249447925,131.18092346191406,14922395,0.0,0.0,POWERGRID
2022-07-20,131.99302915900304,132.6177003567097,130.2439447218372,130.7124481201172,14181034,0.0,0.0,POWERGRID
2022-07-21,131.14971875126784,133.17990023477955,130.8373831384199,132.61770629882812,12461554,0.0,0.0,POWERGRID
2022-07-22,133.64836908154012,133.64836908154012,130.8685879298619,131.18092346191406,9272199,0.0,0.0,POWERGRID
2022-07-25,131.18093214587645,131.80560325133303,129.55678981348265,129.86912536621094,6635194,0.0,0.0,POWERGRID
2022-07-26,129.86914354857498,131.8056217048142,129.36940151065676,130.61874389648438,11451315,0.0,0.0,POWERGRID
2022-07-27,131.11848695810215,131.80562273387852,130.8061513592067,131.5869903564453,9209354,0.0,0.0,POWERGRID
2022-07-28,131.8056377119775,134.17939361691845,131.212205090227,133.80458068847656,13192642,0.0,0.0,POWERGRID
2022-07-29,135.1788745823948,136.0534169617898,132.9612863391757,133.64842224121094,15433067,0.0,0.0,POWERGRID
2022-08-01,134.33555143351117,137.5213721253125,133.7733447916713,136.77175903320312,12136557,0.0,0.0,POWERGRID
2022-08-02,137.39642240266102,139.55154562171097,135.77227985937049,139.0518035888672,17748747,0.0,0.0,POWERGRID
2022-08-03,139.52031534828603,140.39485760374043,137.2090369029131,139.67648315429688,12406038,0.0,0.0,POWERGRID
2022-08-04,139.92635681128914,140.05128597485455,136.86546521424845,137.9274139404297,9712267,0.0,0.0,POWERGRID
2022-08-05,138.48960141727758,140.39485368096248,136.70929102029152,139.7077178955078,14099223,0.0,0.0,POWERGRID
2022-08-08,140.55102599023053,141.3631036684282,138.11480566460614,138.6145477294922,8392041,0.0,0.0,POWERGRID
2022-08-10,137.89616786606894,140.48855589662443,137.77123870923393,139.614013671875,8585266,0.0,0.0,POWERGRID
2022-08-11,140.33237518003043,141.73788525541895,138.48958767802972,139.2079620361328,5040626,0.0,0.0,POWERGRID
2022-08-12,139.30167375405406,142.7998298356807,138.67700257130045,142.45626831054688,13279062,0.0,0.0,POWERGRID
2022-08-16,143.17462601842857,143.6431293924535,141.83159318006437,142.95599365234375,11298246,0.0,0.0,POWERGRID
2022-08-17,142.95601337769747,144.2678204641795,142.2376388966097,142.7373809814453,11225465,0.0,0.0,POWERGRID
2022-08-18,142.39378520144172,144.7363020409629,142.26885605358748,144.51766967773438,11360485,0.0,0.0,POWERGRID
2022-08-19,144.1076453806331,144.8961529890493,142.37292864211744,143.9184112548828,9829530,1.6875,0.0,POWERGRID
2022-08-22,143.88689079590253,145.59007522602522,142.3414207486251,142.53065490722656,9190493,0.0,0.0,POWERGRID
2022-08-23,141.89984121910274,144.3599878213128,141.4267365969002,143.53994750976562,8903751,0.0,0.0,POWERGRID
2022-08-24,143.41377402213024,145.05386742692002,142.87759136741985,144.73846435546875,13007225,0.0,0.0,POWERGRID
2022-08-25,145.40083051727134,145.7162336203457,141.99447443731145,142.75144958496094,12124365,0.0,0.0,POWERGRID
2022-08-26,142.94066174225583,145.84236727709433,142.94066174225583,145.3692626953125,7966045,0.0,0.0,POWERGRID
2022-08-29,143.98149528309327,144.39152182327382,142.30985651699294,143.2245330810547,7517013,0.0,0.0,POWERGRID
2022-08-30,143.949952962413,145.24311065550853,143.88687491650714,144.8330841064453,7214498,0.0,0.0,POWERGRID
2022-09-01,141.9629206818844,145.14848384817427,141.93137524276165,142.62525939941406,13109081,0.0,0.0,POWERGRID
2022-09-02,143.5083926292106,144.3599783264075,141.17441511336975,141.42672729492188,6897237,0.0,0.0,POWERGRID
2022-09-05,141.93137584004162,142.27832433671946,139.84971052754105,140.92208862304688,18055474,0.0,0.0,POWERGRID
2022-09-06,141.30059996430913,143.8238249636718,141.30059996430913,141.96295166015625,14103701,0.0,0.0,POWERGRID
2022-09-07,140.7012861543898,143.16141933493907,140.7012861543898,141.55287170410156,7866745,0.0,0.0,POWERGRID
2022-09-08,142.56215875686294,143.12988673459785,140.95359829224427,141.55287170410156,7187735,0.0,0.0,POWERGRID
2022-09-09,142.59371586215508,142.65679390178158,140.35434920204773,140.60667419433594,9162027,0.0,0.0,POWERGRID
2022-09-12,141.016700293398,141.74211699767116,140.16510184267358,141.26901245117188,8778919,0.0,0.0,POWERGRID
2022-09-13,141.48981819227342,143.50839264765008,141.17441513150933,143.06683349609375,11278383,0.0,0.0,POWERGRID
2022-09-14,141.9313931054116,147.10399874285045,141.74214611442378,146.69398498535156,25072958,0.0,0.0,POWERGRID
2022-09-15,147.26166889781734,150.28954310543764,146.56778480175748,149.8795166015625,23606369,0.0,0.0,POWERGRID
2022-09-16,150.384192048473,150.41572465639914,147.23016122880617,148.64947509765625,29399642,0.0,0.0,POWERGRID
2022-09-19,148.8387135996583,150.19494945853776,146.12625471568393,147.0724639892578,13920046,0.0,0.0,POWERGRID
2022-09-20,147.60862728160544,149.02794100546703,146.41009312581016,146.78857421875,20162973,0.0,0.0,POWERGRID
2022-09-21,147.51400694891197,147.8294100053919,141.48981627041502,143.2245330810547,14468837,0.0,0.0,POWERGRID
2022-09-22,141.30055447431704,142.81449155329824,138.24114771428574,138.8404083251953,26264530,0.0,0.0,POWERGRID
2022-09-23,137.70500394425028,138.61966783627693,124.96271050885818,127.76980590820312,87162722,0.0,0.0,POWERGRID
2022-09-26,126.16123552865076,132.0592707228583,117.55072863706344,126.69741821289062,167547134,0.0,0.0,POWERGRID
2022-09-27,129.81990032545636,131.1445905667808,126.94972744110089,129.2206268310547,54127095,0.0,0.0,POWERGRID
2022-09-28,129.44141723742462,132.72161692760184,127.76979120190316,131.0184326171875,52877873,0.0,0.0,POWERGRID
2022-09-29,131.80693279578685,133.79397462780932,129.977605326537,131.20767211914062,36761869,0.0,0.0,POWERGRID
2022-09-30,130.57686892129226,137.9572955094171,130.57686892129226,133.8570556640625,62897614,0.0,0.0,POWERGRID
2022-10-03,134.3617217655953,135.40255457138156,131.83849694370616,132.9739532470703,11740863,0.0,0.0,POWERGRID
2022-10-04,133.7939762906878,133.95167782163716,131.20767374987483,131.4915313720703,19179333,0.0,0.0,POWERGRID
2022-10-06,131.7438474893773,133.03700508932593,129.69372772551597,130.1352996826172,20692745,0.0,0.0,POWERGRID
2022-10-07,128.68443454892912,132.31156934626412,128.68443454892912,132.09078979492188,14282850,0.0,0.0,POWERGRID
2022-10-10,131.17612443682106,133.69934885750556,130.92381226177906,131.8069305419922,16834226,0.0,0.0,POWERGRID
2022-10-11,132.46926881531644,133.38393244267138,130.2929931040061,131.42843627929688,17807162,0.0,0.0,POWERGRID
2022-10-12,132.75315412590558,136.22258808136678,132.05926990157025,135.97027587890625,35288330,0.0,0.0,POWERGRID
2022-10-13,135.59175882512372,137.07416334803602,134.5193936458677,134.96095275878906,16436903,0.0,0.0,POWERGRID
2022-10-14,137.5157561494629,137.5157561494629,133.44706115837138,134.1409454345703,23365190,0.0,0.0,POWERGRID
2022-10-17,133.69935429144135,135.5917726838682,133.1000936006863,133.6362762451172,9520537,0.0,0.0,POWERGRID
2022-10-18,134.330156515761,135.6233141798261,133.44703822533754,133.95167541503906,13256574,0.0,0.0,POWERGRID
2022-10-19,134.36170004069962,136.82184641101833,134.33015460201253,134.92942810058594,11595367,0.0,0.0,POWERGRID
2022-10-20,134.07784744603023,137.51573570514546,133.95167852034257,137.20033264160156,16371066,0.0,0.0,POWERGRID
2022-10-21,135.84407823577308,138.08344481274517,134.99249264797444,137.07415771484375,11634491,0.0,0.0,POWERGRID
2022-10-24,138.65118388690104,138.93504149423882,137.8942088776957,138.05191040039062,1132859,0.0,0.0,POWERGRID
2022-10-25,138.05191054669564,138.3988590305053,135.1502050927902,137.8311309814453,20622687,0.0,0.0,POWERGRID
2022-10-27,138.3357823113083,141.83674845206346,137.1057027209487,141.23748779296875,24298489,0.0,0.0,POWERGRID
2022-10-28,141.17441513150933,144.45460182994228,140.79592119156575,143.06683349609375,11669879,0.0,0.0,POWERGRID
2022-10-31,143.7922423372666,145.24310147026551,143.0037347288504,143.9184112548828,11755682,0.0,0.0,POWERGRID
2022-11-01,145.49541818159875,148.8071499482492,144.95923560518315,148.33404541015625,15220278,0.0,0.0,POWERGRID
2022-11-02,148.3340418216304,149.21717283812868,146.8831828063988,147.16705322265625,12884449,0.0,0.0,POWERGRID
2022-11-03,146.97780078782318,147.3562818282459,143.00371777893182,143.85531616210938,9358215,0.0,0.0,POWERGRID
2022-11-04,143.82378801202802,144.7384517057844,141.93136974871186,142.65679931640625,8059667,0.0,0.0,POWERGRID
2022-11-07,143.38223236525835,146.28393787270335,142.81450430572315,143.82379150390625,14862038,0.0,0.0,POWERGRID
2022-11-09,145.716205078125,145.716205078125,137.5472714421068,137.98883056640625,22831150,0.0,0.0,POWERGRID
2022-11-10,136.25412588465235,138.8719739255818,134.6771105387652,135.56024169921875,16217631,0.0,0.0,POWERGRID
2022-11-11,136.254145381431,137.42113433761668,134.70867525483177,135.02407836914062,12123886,0.0,0.0,POWERGRID
2022-11-14,136.25123773279597,138.02744497726147,135.79911750868166,136.5095977783203,18460862,3.75,0.0,POWERGRID
2022-11-15,135.6376541985406,139.83596254278112,135.41159406969078,139.5130157470703,15258103,0.0,0.0,POWERGRID
2022-11-16,139.4807152282204,140.4495556113034,137.8659812564154,140.22349548339844,9825807,0.0,0.0,POWERGRID
2022-11-17,140.094327246536,142.38724168756633,139.67449377006196,140.9985809326172,9449665,0.0,0.0,POWERGRID
2022-11-18,141.03086853027344,141.32152854213302,140.06202810555337,141.03086853027344,5828998,0.0,0.0,POWERGRID
2022-11-21,140.48184619800634,141.77363328948226,139.8359526522684,141.4829864501953,4712051,0.0,0.0,POWERGRID
2022-11-22,141.12774891721918,141.57986917232898,140.09432180501202,140.67562866210938,4366445,0.0,0.0,POWERGRID
2022-11-23,140.96628743846483,141.32153419804212,138.3827128691459,138.96401977539062,13510578,0.0,0.0,POWERGRID
2022-11-24,139.12545108102,142.7424517552688,138.93167779066874,142.5809783935547,7622243,0.0,0.0,POWERGRID
2022-11-25,142.58098699281587,142.6778736438349,139.9005263985522,142.48410034179688,10989671,0.0,0.0,POWERGRID
2022-11-28,141.54755989928296,143.51752714455563,141.54755989928296,142.9362335205078,4526153,0.0,0.0,POWERGRID
2022-11-29,142.93624281610929,143.54983641061332,141.1600356164279,141.67674255371094,6476054,0.0,0.0,POWERGRID
2022-11-30,141.67675277632466,145.2937541612385,140.57873895722634,144.68016052246094,17317951,0.0,0.0,POWERGRID
2022-12-01,144.68015002343944,145.22915689314877,142.4195226793232,143.3237762451172,13241961,0.0,0.0,POWERGRID
2022-12-02,141.1600251188683,143.06540562598983,141.1600251188683,141.96739196777344,12880949,0.0,0.0,POWERGRID
2022-12-05,141.90280260151593,143.54983635138132,140.28806878429006,143.3237762451172,16477957,0.0,0.0,POWERGRID
2022-12-06,143.0977210872581,144.77704168709744,141.70904732827518,144.35720825195312,11299945,0.0,0.0,POWERGRID
2022-12-07,143.93738082613922,144.74474779637865,142.3872336151318,142.7747802734375,5813973,0.0,0.0,POWERGRID
2022-12-08,143.2592030129967,143.29148980793957,140.09432180501202,140.67562866210938,11176439,0.0,0.0,POWERGRID
2022-12-09,141.06315080588837,141.4183843660326,139.3192303752924,140.28807067871094,6020031,0.0,0.0,POWERGRID
2022-12-12,139.51301318751973,140.80480034666346,138.60875954797146,139.2223663330078,8194429,0.0,0.0,POWERGRID
2022-12-13,139.22236692264448,140.02973390052867,137.6076329668761,139.706787109375,8235450,0.0,0.0,POWERGRID
2022-12-14,139.70678367193918,142.45183132920448,139.70678367193918,141.57986450195312,10055353,0.0,0.0,POWERGRID
2022-12-15,141.77364213113836,142.35494898670305,139.4484278496182,139.73907470703125,5385778,0.0,0.0,POWERGRID
2022-12-16,138.867111926228,140.93396601023022,137.31696479285745,137.70449829101562,11166617,0.0,0.0,POWERGRID
2022-12-19,138.25351221831767,141.579853309813,137.8982655285768,141.38609313964844,7758862,0.0,0.0,POWERGRID
2022-12-20,141.38608809234313,141.38608809234313,138.1566206308494,140.3526611328125,6541929,0.0,0.0,POWERGRID
2022-12-21,140.1912122084553,140.9662792780873,138.1243447882049,139.54531860351562,7005861,0.0,0.0,POWERGRID
2022-12-22,139.57760680930676,140.15891368777253,137.47845257204747,138.86712646484375,6961415,0.0,0.0,POWERGRID
2022-12-23,137.83369644691166,139.06089691130896,135.9283024482914,136.4450225830078,4554651,0.0,0.0,POWERGRID
2022-12-26,136.60648992768648,138.38269724353108,136.25124320822223,136.83255004882812,6864331,0.0,0.0,POWERGRID
2022-12-27,137.54303387298415,138.99629444138463,136.80026676172596,137.34927368164062,13115851,0.0,0.0,POWERGRID
2022-12-28,137.2523779664642,141.06315250050417,137.2523779664642,139.35153198242188,16815549,0.0,0.0,POWERGRID
2022-12-29,138.2535182149853,139.8359521399506,137.89827150983578,139.35153198242188,22536873,0.0,0.0,POWERGRID
2022-12-30,139.5453109626114,139.9974312050174,137.7368037115108,138.02745056152344,4643134,0.0,0.0,POWERGRID
2023-01-02,138.57646728545697,139.1900609055435,137.5753270203284,138.8994140625,5959394,0.0,0.0,POWERGRID
2023-01-03,139.02857857063927,139.64217215124154,138.44727178122088,139.254638671875,2873110,0.0,0.0,POWERGRID
2023-01-04,139.12544489803975,139.12544489803975,135.960564520949,136.31581115722656,9954542,0.0,0.0,POWERGRID
2023-01-05,136.86486222049854,136.86486222049854,133.44162074032613,134.8625946044922,21273509,0.0,0.0,POWERGRID
2023-01-06,134.4427461010373,135.83141987243118,134.05521259618595,134.4104461669922,11510471,0.0,0.0,POWERGRID
2023-01-09,135.12093744061377,136.89714486134275,131.92376933959727,135.0563507080078,52485126,0.0,0.0,POWERGRID
2023-01-10,135.57304692647074,137.22006745060764,134.99174015411904,136.8002471923828,17248326,0.0,0.0,POWERGRID
2023-01-11,137.05859862288614,137.60761862321058,135.70222486957135,136.89712524414062,9164361,0.0,0.0,POWERGRID
2023-01-12,137.93055432398603,138.15661440796097,136.5418807499454,137.89825439453125,21179555,0.0,0.0,POWERGRID
2023-01-13,137.9628618715238,139.09317560220933,137.76910168784917,138.22122192382812,6560245,0.0,0.0,POWERGRID
2023-01-16,138.86710810821774,139.4484149098415,137.38154774192787,139.2869415283203,8362194,0.0,0.0,POWERGRID
2023-01-17,139.28694883798278,141.256916311481,138.80252866799728,141.0631561279297,13000571,0.0,0.0,POWERGRID
2023-01-18,140.9985622346387,142.19346263173142,139.77136190489315,141.67674255371094,11171369,0.0,0.0,POWERGRID
2023-01-19,141.321491428479,142.9039251169829,141.22460478330336,142.5809783935547,11586815,0.0,0.0,POWERGRID
2023-01-20,142.74246410613364,144.61555789223482,142.74246410613364,144.1957244873047,10112645,0.0,0.0,POWERGRID
2023-01-23,144.68017514279273,147.45752304691902,144.38952826152496,145.39065551757812,14393610,0.0,0.0,POWERGRID
2023-01-24,146.13338438089255,146.35944444681542,142.41949726403007,142.71014404296875,6150893,0.0,0.0,POWERGRID
2023-01-25,142.54869912834175,142.90394583190258,140.6756183735307,141.70904541015625,5790331,0.0,0.0,POWERGRID
2023-01-27,141.64443676914215,143.03309715373837,140.15887659958042,141.6121368408203,10458603,0.0,0.0,POWERGRID
2023-01-30,140.80479812877377,141.35380503461445,135.99289629305366,136.83255004882812,24288177,0.0,0.0,POWERGRID
2023-01-31,137.31697182648708,142.22576038298294,137.0263249731654,139.93284606933594,20997546,0.0,0.0,POWERGRID
2023-02-01,145.32603508443268,145.32603508443268,137.96284667867408,139.8682403564453,20246369,0.0,0.0,POWERGRID
2023-02-02,139.51299988617484,140.22348012781808,136.50959239936668,137.3815460205078,12820663,0.0,0.0,POWERGRID
2023-02-03,137.70449097662717,138.96399120466322,135.89599703437065,138.7702178955078,10815686,0.0,0.0,POWERGRID
2023-02-06,137.865950455655,140.3849375170493,137.60760359047467,140.19117736816406,6948201,0.0,0.0,POWERGRID
2023-02-07,140.80479191894705,140.93396537083447,138.93169802215294,140.06201171875,10035526,0.0,0.0,POWERGRID
2023-02-08,140.72314288831643,140.9876006324336,139.13640987449295,140.1611785888672,12432719,3.75,0.0,POWERGRID
2023-02-09,140.16118022523986,141.45039324790312,140.16118022523986,140.72314453125,7011082,0.0,0.0,POWERGRID
2023-02-10,140.09507827760507,141.78097130546246,140.06201601297073,141.54957580566406,10892159,0.0,0.0,POWERGRID
2023-02-13,141.54957606128193,143.136309199863,141.4834649827745,142.8057403564453,7710133,0.0,0.0,POWERGRID
2023-02-14,143.49994522878654,143.49994522878654,140.65704769755519,142.1446075439453,6010681,0.0,0.0,POWERGRID
2023-02-15,140.98760381667486,142.27681685340386,140.82231940422858,141.81402587890625,8107497,0.0,0.0,POWERGRID
2023-02-16,143.40074882079995,143.40074882079995,141.48344708139035,141.880126953125,3963115,0.0,0.0,POWERGRID
2023-02-17,141.48346422173327,142.73962851013974,140.82232653845415,141.3512420654297,6491149,0.0,0.0,POWERGRID
2023-02-20,142.541287336921,143.46688281948096,141.61569185436102,142.67352294921875,6841917,0.0,0.0,POWERGRID
2023-02-21,143.8304842283811,144.6238439347576,142.83877786997132,143.5990753173828,6701434,0.0,0.0,POWERGRID
2023-02-22,142.8057258453812,143.66521013128383,140.8223129864176,141.91319274902344,9128659,0.0,0.0,POWERGRID
2023-02-23,142.1445700320102,142.73959650371506,140.55783725775643,140.98757934570312,10345874,0.0,0.0,POWERGRID
2023-02-24,140.4256406052155,142.4090535701172,140.4256406052155,142.1776580810547,9808830,0.0,0.0,POWERGRID
2023-02-27,143.10325794013443,145.4172400220088,141.84710699925085,144.92138671875,17763618,0.0,0.0,POWERGRID
2023-02-28,145.84695593279412,147.43368890717272,144.62385402889703,146.93783569335938,36559278,0.0,0.0,POWERGRID
2023-03-01,146.47505522410228,146.9378462097652,143.73133122112299,144.72303771972656,12896085,0.0,0.0,POWERGRID
2023-03-02,144.12798533752797,146.11139797978754,142.67348811355544,145.68165588378906,79708558,0.0,0.0,POWERGRID
2023-03-03,145.7147553448117,149.05349274118817,145.7147553448117,146.83868408203125,9951869,0.0,0.0,POWERGRID
2023-03-06,148.0948427824149,151.26830907953322,147.43370509142196,150.17742919921875,15659957,0.0,0.0,POWERGRID
2023-03-08,150.04518350678936,150.9707789021515,149.21876144858743,150.77244567871094,11591495,0.0,0.0,POWERGRID
2023-03-09,151.40053209337242,152.35917637037988,149.08655016181433,149.28489685058594,13941653,0.0,0.0,POWERGRID
2023-03-10,146.93783409259456,150.83854868894048,146.93783409259456,149.78073120117188,9605434,0.0,0.0,POWERGRID
2023-03-13,150.77244178001718,152.0947170389487,149.02042437175703,149.48321533203125,13209653,0.0,0.0,POWERGRID
2023-03-14,148.85515003935663,150.57410530213576,148.09483902383496,148.88819885253906,9583405,0.0,0.0,POWERGRID
2023-03-15,149.8137868211525,152.09471975405495,149.21876025383534,150.93772888183594,12228069,0.0,0.0,POWERGRID
2023-03-16,151.69801370920507,153.97894645115946,150.9707650548678,153.48309326171875,18437817,0.0,0.0,POWERGRID
2023-03-17,154.673162301633,154.70622456757684,150.93774499051398,151.8633270263672,33711025,0.0,0.0,POWERGRID
2023-03-20,148.954331156505,151.66499307210873,148.954331156505,150.40882873535156,9281411,0.0,0.0,POWERGRID
2023-03-21,150.24351353322024,150.54102006085546,147.0700478010121,147.53285217285156,11272787,0.0,0.0,POWERGRID
2023-03-22,147.4336705897242,148.55759902104367,145.97917339026628,148.16091918945312,7589846,0.0,0.0,POWERGRID
2023-03-23,148.09485199215283,148.42542085820676,146.27672322885633,146.8717498779297,17091298,0.0,0.0,POWERGRID
2023-03-24,147.4337283267796,148.26015057076378,145.97923055772057,147.03704833984375,10371666,0.0,0.0,POWERGRID
2023-03-27,147.36759411465798,149.58240269084348,145.15278553847247,145.5164031982422,19983733,0.0,0.0,POWERGRID
2023-03-28,146.27671971342147,147.4998217982501,144.59081315671088,146.83868408203125,8689166,0.0,0.0,POWERGRID
2023-03-29,146.8386576317672,147.8964750969949,145.8139024267474,147.07005310058594,19743258,0.0,0.0,POWERGRID
2023-03-31,148.09483661128763,149.91296518575655,147.43369894784436,149.21876525878906,10202058,0.0,0.0,POWERGRID
2023-04-03,150.30966012839792,150.30966012839792,147.99567807489007,148.4915313720703,7643214,0.0,0.0,POWERGRID
2023-04-05,149.81379011433867,149.81379011433867,147.89648822233966,149.1857147216797,12019382,0.0,0.0,POWERGRID
2023-04-06,150.21046237249232,150.34269796745025,148.52456950653334,148.92124938964844,4282875,0.0,0.0,POWERGRID
2023-04-10,148.88820287480883,151.6649892520499,148.75598071674625,151.43359375,4145643,0.0,0.0,POWERGRID
2023-04-11,151.33441124802528,153.3839352792531,151.03689123406772,152.95419311523438,5106602,0.0,0.0,POWERGRID
2023-04-12,152.98725779545921,153.08643113501205,150.11131165370793,150.27659606933594,9118795,0.0,0.0,POWERGRID
2023-04-13,150.27660005366187,153.15254627166394,150.07825336929739,152.8550262451172,11428621,0.0,0.0,POWERGRID
2023-04-17,153.7806236752055,158.60693418224432,153.5822904391578,156.45823669433594,21815047,0.0,0.0,POWERGRID
2023-04-18,156.62349997226065,157.02017984168492,151.83025237709344,152.25999450683594,13482833,0.0,0.0,POWERGRID
2023-04-19,151.40053478866892,152.9872679744469,151.16913928156987,152.0286102294922,8264190,0.0,0.0,POWERGRID
2023-04-20,152.6236302406383,153.97896786057538,151.83027040757494,152.6566925048828,7308750,0.0,0.0,POWERGRID
2023-04-21,153.25172546636134,153.6153431337417,151.79721444419673,153.08644104003906,5030650,0.0,0.0,POWERGRID
2023-04-24,152.7228004537574,153.58228479770204,152.02860052588824,153.3508758544922,5725067,0.0,0.0,POWERGRID
2023-04-25,152.9211709102795,154.64012641455963,152.4914286714889,153.97898864746094,8338703,0.0,0.0,POWERGRID
2023-04-26,154.73928283925625,158.3424778953535,153.38394518464307,157.5491180419922,13581018,0.0,0.0,POWERGRID
2023-04-27,157.35074452804736,157.54909118301396,154.3756254088196,155.9954071044922,9794457,0.0,0.0,POWERGRID
2023-04-28,156.65654226411613,157.31767983594335,154.11116530275686,156.85488891601562,10585487,0.0,0.0,POWERGRID
2023-05-02,157.8135555779075,159.43335093099844,157.51604900840113,158.73915100097656,6732907,0.0,0.0,POWERGRID
2023-05-03,158.67301706183488,159.99529220401683,157.87965735687703,158.47467041015625,4789217,0.0,0.0,POWERGRID
2023-05-04,158.44163520921026,159.13582164794602,155.3342802876938,157.9127197265625,9189783,0.0,0.0,POWERGRID
2023-05-05,157.87965847211552,159.6647245463193,157.4829651659561,159.36721801757812,3896441,0.0,0.0,POWERGRID
2023-05-08,159.89614409619514,162.80515255796533,159.4002908396734,161.81344604492188,8758321,0.0,0.0,POWERGRID
2023-05-09,161.35067117718623,163.2349110500952,160.45812446554564,160.92092895507812,9166941,0.0,0.0,POWERGRID
2023-05-10,162.0779143708402,163.92909191200164,161.71428324533423,163.7307586669922,9689409,0.0,0.0,POWERGRID
2023-05-11,163.7637973598246,164.75550387621647,163.03654860464664,164.32577514648438,12616726,0.0,0.0,POWERGRID
2023-05-12,164.52410713384575,165.01996038828824,159.43335243525487,159.8300323486328,13853807,0.0,0.0,POWERGRID
2023-05-15,160.92092017215046,162.40848000918595,160.22672020118148,160.82174682617188,12187763,0.0,0.0,POWERGRID
2023-05-16,161.02008156373688,161.68121922000205,158.67303750364346,159.06971740722656,11418509,0.0,0.0,POWERGRID
2023-05-17,159.26807089559776,159.92920858013667,156.9871378134102,157.8796844482422,11560929,0.0,0.0,POWERGRID
2023-05-18,159.3341879363038,159.3341879363038,155.10290390674027,155.79710388183594,14497723,0.0,0.0,POWERGRID
2023-05-19,155.7970693353278,157.02017113610708,153.38391454137619,154.50784301757812,10071694,0.0,0.0,POWERGRID
2023-05-22,155.16900230067577,158.01189959849015,153.81367817799497,154.93760681152344,12566129,0.0,0.0,POWERGRID
2023-05-23,154.73929005143756,156.3921343653778,154.27648557300543,154.7723388671875,12458561,0.0,0.0,POWERGRID
2023-05-24,157.21854611557993,157.25159492914224,155.26818188370203,155.89627075195312,8877971,0.0,0.0,POWERGRID
2023-05-25,157.15241882951682,158.8713875327775,156.2268368519215,157.3177032470703,12502747,0.0,0.0,POWERGRID
2023-05-26,157.25160290239802,157.2846651685173,155.23514094115316,156.8879852294922,6811801,0.0,0.0,POWERGRID
2023-05-29,157.4830085226489,157.5821818764922,154.77234640593065,155.03680419921875,13638297,0.0,0.0,POWERGRID
2023-05-30,155.96237191307023,155.96237191307023,154.50786103503765,155.43345642089844,9469926,0.0,0.0,POWERGRID
2023-05-31,155.36735141086436,155.49957356362788,152.0616630829736,154.60704040527344,48104157,0.0,0.0,POWERGRID
2023-06-01,154.01201219960663,154.77232319721753,152.09472375025757,154.04507446289062,8804790,0.0,0.0,POWERGRID
2023-06-02,154.7062253345508,155.43347413098996,154.1111987007801,155.1029052734375,6617781,0.0,0.0,POWERGRID
2023-06-05,156.32600243591284,157.35077124242383,155.23513600102928,155.7640380859375,27428302,0.0,0.0,POWERGRID
2023-06-06,156.32597126425605,156.6896023039625,155.0036961393281,155.565673828125,6898603,0.0,0.0,POWERGRID
2023-06-07,156.49127515062332,158.70609702150364,156.1276575164954,158.1441192626953,11153571,0.0,0.0,POWERGRID
2023-06-08,158.17718296343338,162.27623101828846,158.17718296343338,159.763916015625,19300834,0.0,0.0,POWERGRID
2023-06-09,161.02009495382498,162.3093081103983,159.863103959148,161.91262817382812,11037141,0.0,0.0,POWERGRID
2023-06-12,161.9787244557625,162.9373686691283,159.46639600221908,159.763916015625,8188909,0.0,0.0,POWERGRID
2023-06-13,159.9953143392431,160.95395856960135,159.63168324448364,160.1605987548828,6443218,0.0,0.0,POWERGRID
2023-06-14,160.06142015692961,163.43321943503224,160.06142015692961,162.97042846679688,10297426,0.0,0.0,POWERGRID
2023-06-15,163.26791619440286,163.26791619440286,161.18534362665642,162.93734741210938,9732749,0.0,0.0,POWERGRID
2023-06-16,162.90429860440693,163.53237391041327,161.64813454151604,162.93734741210938,9702361,0.0,0.0,POWERGRID
2023-06-19,162.93735772991732,164.16047306255805,160.25975849431128,160.72254943847656,10431647,0.0,0.0,POWERGRID
2023-06-20,161.2184003786351,165.08605263187758,161.1522893090943,164.45797729492188,13426365,0.0,0.0,POWERGRID
2023-06-21,164.49105116176347,171.2677120108771,164.45798889922077,170.7057342529297,31172093,0.0,0.0,POWERGRID
2023-06-22,170.57352712018223,170.57352712018223,167.06949191914393,167.6314697265625,7430965,0.0,0.0,POWERGRID
2023-06-23,167.6645221682483,168.35872215073545,164.9869224876863,165.3505401611328,5593393,0.0,0.0,POWERGRID
2023-06-26,165.28443119655432,165.44971562775086,163.40019137108987,164.292724609375,7305362,0.0,0.0,POWERGRID
2023-06-27,164.02828062446812,165.31750736675727,163.73077400364585,164.9869384765625,11142907,0.0,0.0,POWERGRID
2023-06-28,165.81333287354815,166.93726153122805,162.93737325082074,165.3835906982422,17808717,0.0,0.0,POWERGRID
2023-06-30,169.58180313533074,171.6974381839577,166.0777682944828,168.68927001953125,17659979,0.0,0.0,POWERGRID
2023-07-03,168.29258773578252,168.55703202494018,164.9538373509329,165.61497497558594,12467239,0.0,0.0,POWERGRID
2023-07-04,166.93726041479619,166.93726041479619,164.75550073991408,165.01995849609375,8637967,0.0,0.0,POWERGRID
2023-07-05,165.08606149248874,167.89589643125356,164.95383934631047,167.43310546875,5340907,0.0,0.0,POWERGRID
2023-07-06,171.86273381438798,174.27588902643674,168.19342777631536,173.6808624267578,16705046,0.0,0.0,POWERGRID
2023-07-07,173.5817074196283,173.5817074196283,168.39176574668474,168.8876190185547,13149183,0.0,0.0,POWERGRID
2023-07-10,168.88761888722578,169.51570776830116,164.29271728515624,165.284423828125,15319047,0.0,0.0,POWERGRID
2023-07-11,166.6066822300296,168.8545528550551,165.31746923598234,167.598388671875,7486045,0.0,0.0,POWERGRID
2023-07-12,167.92896832629444,168.4248215792264,166.044728655329,166.63975524902344,9390877,0.0,0.0,POWERGRID
2023-07-13,166.44139242446826,166.73889896702036,159.79695409926697,160.72254943847656,30591450,0.0,0.0,POWERGRID
2023-07-14,160.65645117806363,161.58204659107625,156.491278544947,158.7061004638672,72085831,0.0,0.0,POWERGRID
2023-07-17,160.32587391706917,161.94565571649812,158.14411437619648,159.33416748046875,11474161,0.0,0.0,POWERGRID
2023-07-18,159.33419151936576,161.1192579942094,158.40859601538403,159.43336486816406,14940593,0.0,0.0,POWERGRID
2023-07-19,159.33418698913638,162.77209767659934,159.03668040208169,160.82174682617188,22954874,0.0,0.0,POWERGRID
2023-07-20,161.2845177126776,162.54068188625888,160.19365139568689,161.4828643798828,10249082,0.0,0.0,POWERGRID
2023-07-21,160.82174840367185,162.83822380511864,160.12754842589345,161.3837127685547,18466409,0.0,0.0,POWERGRID
2023-07-24,161.3506684784063,164.06133048276808,160.5572951314272,163.59852600097656,14825562,0.0,0.0,POWERGRID
2023-07-25,164.590227735138,166.27613427815166,164.0613256369887,166.04473876953125,10500017,0.0,0.0,POWERGRID
2023-07-26,167.86285859079237,169.01984952354573,165.28441896476593,165.945556640625,12898171,0.0,0.0,POWERGRID
2023-07-27,166.60670732647503,167.53230283513176,165.0860851729046,165.74722290039062,10836773,0.0,0.0,POWERGRID
2023-07-28,166.47446409321137,172.65609837271467,165.35052202819634,170.7057342529297,17518458,0.0,0.0,POWERGRID
2023-07-31,173.21807784572633,176.52376635423255,171.33383808605396,175.89569091796875,24269734,0.0,0.0,POWERGRID
2023-08-01,173.2180392008257,173.2180392008257,165.61495732750703,166.4744415283203,31395702,0.0,0.0,POWERGRID
2023-08-02,167.20172135384468,167.7967479538559,163.03654860464664,164.32577514648438,20825405,0.0,0.0,POWERGRID
2023-08-03,164.62327343145535,165.68109097216424,162.7059715728006,164.4249267578125,10882019,0.0,0.0,POWERGRID
2023-08-04,163.9621518690922,164.6563518440517,163.03655638610658,163.53240966796875,7406390,0.0,0.0,POWERGRID
2023-08-07,164.49107023032101,164.59023012768463,162.63987923268587,163.92909240722656,6345966,0.0,0.0,POWERGRID
2023-08-08,165.31089261451862,165.31089261451862,162.21026291676105,162.783203125,15171726,3.5625,0.0,POWERGRID
2023-08-09,163.79426259363825,164.1312878253124,161.60359858775624,162.00802612304688,18442141,0.0,0.0,POWERGRID
2023-08-10,162.14284949223742,163.55835276662262,161.8058242500699,162.98541259765625,9962450,0.0,0.0,POWERGRID
2023-08-11,165.4793872899975,165.9849251330423,163.6594565404729,164.6705322265625,23866073,0.0,0.0,POWERGRID
2023-08-14,165.0412891162896,165.34462011894738,162.27768435800004,164.8053741455078,9188486,0.0,0.0,POWERGRID
2023-08-16,164.87275959279646,167.6026697693983,163.82798948235865,167.1982421875,9191471,0.0,0.0,POWERGRID
2023-08-17,167.19822860867882,167.70376647339333,163.25502229303194,164.26609802246094,15301142,0.0,0.0,POWERGRID
2023-08-18,164.23241894790723,164.23241894790723,161.83953401437455,162.44618225097656,12292241,0.0,0.0,POWERGRID
2023-08-21,163.32245320391914,166.96231519086442,162.91801190439767,166.6252899169922,9129526,0.0,0.0,POWERGRID
2023-08-22,167.16452873947875,168.61374009828555,166.28825757919753,167.02972412109375,11107830,0.0,0.0,POWERGRID
2023-08-23,168.5126191491774,168.5126191491774,166.6252723292698,168.2429962158203,8487619,0.0,0.0,POWERGRID
2023-08-24,168.51264313193852,170.29887989185588,165.68163621275954,166.01866149902344,18982087,0.0,0.0,POWERGRID
2023-08-25,165.91753636817154,166.76009950866236,162.7157964343064,163.12022399902344,12851343,0.0,0.0,POWERGRID
2023-08-28,163.79429340938208,167.83859695035449,163.4909761292469,167.50157165527344,11908665,0.0,0.0,POWERGRID
2023-08-29,168.24301219710284,170.53478677794408,167.56896165647854,169.2877960205078,12363321,0.0,0.0,POWERGRID
2023-08-30,169.38891244646717,169.59111938778284,166.11975623579505,166.55789184570312,6748007,0.0,0.0,POWERGRID
2023-08-31,167.0634086477816,168.2429969872344,164.16499981328144,164.83905029296875,20715819,0.0,0.0,POWERGRID
2023-09-01,166.49048703410273,170.26516739823006,165.27719055003618,169.99554443359375,13120723,0.0,0.0,POWERGRID
2023-09-04,170.93921513263177,172.89396445200077,169.05188183850478,172.1525115966797,10240031,0.0,0.0,POWERGRID
2023-09-05,172.0851223722785,173.23100289822978,170.5348005184908,171.41107177734375,10893186,0.0,0.0,POWERGRID
2023-09-06,173.0287582792498,173.39949154057533,169.961836725055,171.5458526611328,10018473,0.0,0.0,POWERGRID
2023-09-07,171.20883594319977,173.70281743803744,169.96184519578097,173.23098754882812,13760453,0.0,0.0,POWERGRID
2023-09-08,174.07353197944806,176.12939137596828,173.29837120468184,174.34315490722656,16781751,0.0,0.0,POWERGRID
2023-09-11,175.48906432626453,178.62340224037098,173.63542524641161,178.286376953125,17683806,0.0,0.0,POWERGRID
2023-09-12,182.44299534251994,183.5664128015256,171.34362536210716,171.9278106689453,29826173,0.0,1.3333333333333333,POWERGRID
2023-09-13,173.63540649414062,174.8936423254618,171.92781737528142,173.63540649414062,10692151,0.0,0.0,POWERGRID
2023-09-14,174.53414487228923,175.83730646552203,174.0847778598922,175.387939453125,10941807,0.0,0.0,POWERGRID
2023-09-15,176.2866686316483,176.33160807437116,172.73667207402275,174.44427490234375,20516593,0.0,0.0,POWERGRID
2023-09-18,175.477804753696,180.1961580185201,174.44426619064745,179.836669921875,25627043,0.0,0.0,POWERGRID
2023-09-20,178.5784388878821,185.09426023575253,178.35375539312795,183.9259033203125,33369524,0.0,0.0,POWERGRID
2023-09-21,184.24045860228588,184.734765014425,180.10627697260279,181.1847686767578,20332556,0.0,0.0,POWERGRID
2023-09-22,180.2411155302662,182.35313230859612,176.51136101406078,178.98287963867188,21193988,0.0,0.0,POWERGRID
2023-09-25,179.7468068930757,180.33097853004097,176.78098183662132,178.75819396972656,11951847,0.0,0.0,POWERGRID
2023-09-26,178.93795128092745,179.79174586872475,177.58985023274445,178.26390075683594,7440011,0.0,0.0,POWERGRID
2023-09-27,179.11770398612438,179.3873269514875,177.32023583516198,179.1626434326172,6736870,0.0,0.0,POWERGRID
2023-09-28,179.83668103957245,183.74616575824587,177.76959007209373,180.4208526611328,50185120,0.0,0.0,POWERGRID
2023-09-29,180.6006033539525,181.4543979528205,178.9379536011239,179.52212524414062,16293959,0.0,0.0,POWERGRID
2023-10-03,178.62338674916225,179.74680427588655,176.96072332417316,179.34237670898438,10830728,0.0,0.0,POWERGRID
2023-10-04,178.7582046018642,179.20757164582423,175.61263529414396,178.84808349609375,14120040,0.0,0.0,POWERGRID
2023-10-05,179.29743954267718,179.29743954267718,175.5676987920136,176.6911163330078,14575590,0.0,0.0,POWERGRID
2023-10-06,177.05061109106808,177.4550386782528,175.11833833363343,177.09555053710938,12857229,0.0,0.0,POWERGRID
2023-10-09,176.60122462959046,176.9607127311859,174.1297062187438,176.3765411376953,7853369,0.0,0.0,POWERGRID
2023-10-10,176.3765434059175,178.4436343006543,175.8822369746729,177.90438842773438,7440527,0.0,0.0,POWERGRID
2023-10-11,177.36515829702066,178.98286850709863,177.36515829702066,178.39869689941406,10031916,0.0,0.0,POWERGRID
2023-10-12,177.3651625099679,181.54427017458943,177.3651625099679,180.4208526611328,21872719,0.0,0.0,POWERGRID
2023-10-13,180.1512360282154,181.90376466790298,179.11769736505417,181.36453247070312,13105921,0.0,0.0,POWERGRID
2023-10-16,180.0164270009239,183.20693551556772,179.83668293959033,182.48794555664062,18336656,0.0,0.0,POWERGRID
2023-10-17,182.93731054200407,187.83540815549338,182.08351597492492,186.17274475097656,19378328,0.0,0.0,POWERGRID
2023-10-18,187.34112128988136,187.34112128988136,183.34175726865163,185.58859252929688,14923328,0.0,0.0,POWERGRID
2023-10-19,183.3417334770042,186.39742354951733,181.72400955654746,184.95945739746094,13192888,0.0,0.0,POWERGRID
2023-10-20,184.42022912467266,184.42022912467266,180.55566986621426,182.30821228027344,22081120,0.0,0.0,POWERGRID
2023-10-23,181.54427684263533,184.37528359509062,178.84807471130907,179.52212524414062,6988219,0.0,0.0,POWERGRID
2023-10-25,178.84807255871613,180.15123416378717,177.76959446188468,179.2974395751953,16817158,0.0,0.0,POWERGRID
2023-10-26,178.62341752856392,179.74683524886936,176.42152153948433,178.80316162109375,11070090,0.0,0.0,POWERGRID
2023-10-27,179.0727560828429,181.36453060980867,178.98287719410186,180.60060119628906,9995487,0.0,0.0,POWERGRID
2023-10-30,180.60060736571785,181.7240249453921,177.63478221265905,180.5107421875,7679981,0.0,0.0,POWERGRID
2023-10-31,181.09490551929628,182.3980671090987,180.241110940708,181.6790771484375,7474770,0.0,0.0,POWERGRID
2023-11-01,181.85883707069823,181.85883707069823,180.1961736241405,180.60060119628906,5598615,0.0,0.0,POWERGRID
2023-11-02,181.3195862929949,183.02717542444353,180.5556569000037,182.5328826904297,12924797,0.0,0.0,POWERGRID
2023-11-03,182.80249886712497,185.5885798859592,182.53288962509012,183.70123291015625,8684015,0.0,0.0,POWERGRID
2023-11-06,184.24047837257172,187.79047509117822,184.195538927811,187.11642456054688,9804415,0.0,0.0,POWERGRID
2023-11-07,187.11642008654263,187.92528893211588,184.91452448184674,186.93667602539062,10730361,0.0,0.0,POWERGRID
2023-11-08,187.83540130467807,188.37464717663553,185.72337097203547,186.03793334960938,7435543,0.0,0.0,POWERGRID
2023-11-09,186.3075776404256,189.18352395546208,185.22909948648612,188.55441284179688,13777877,0.0,0.0,POWERGRID
2023-11-10,189.18351330249922,191.43034837735075,188.37465816098987,189.76768493652344,12066023,0.0,0.0,POWERGRID
2023-11-13,190.5316008223215,193.31768160280168,189.36324392361715,190.8012237548828,11352269,0.0,0.0,POWERGRID
2023-11-15,193.22779198091254,193.22779198091254,188.55437835944127,188.86892700195312,19182861,0.0,0.0,POWERGRID
2023-11-16,189.37284638308248,191.34262557754354,188.4566739148724,189.8309326171875,27533260,4.0,0.0,POWERGRID
2023-11-17,190.2890275549966,193.0375450853423,189.5560867509678,191.93814086914062,16705395,0.0,0.0,POWERGRID
2023-11-20,192.48783883292202,193.49562014794537,191.34262326152123,191.75489807128906,11156900,0.0,0.0,POWERGRID
2023-11-21,192.3962338430818,192.53365413252487,190.51807733581978,191.4342498779297,9608081,0.0,0.0,POWERGRID
2023-11-22,190.74711143974883,194.77827882197266,190.74711143974883,193.8621063232422,13079580,0.0,0.0,POWERGRID
2023-11-23,194.27440154970833,195.2363855703161,191.70911548798244,193.22079467773438,11382709,0.0,0.0,POWERGRID
2023-11-24,193.58725442370394,194.320195228643,191.93814110751185,192.80850219726562,7250200,0.0,0.0,POWERGRID
2023-11-28,196.47318555494334,196.47318555494334,191.9381345745364,192.57945251464844,15629209,0.0,0.0,POWERGRID
2023-11-29,192.6710859342484,193.72467875230876,191.5716816937325,193.35821533203125,10062023,0.0,0.0,POWERGRID
2023-11-30,192.76269726805236,194.9615197569263,190.79293189438945,191.4342498779297,60354322,0.0,0.0,POWERGRID
2023-12-01,193.77047953467516,194.64084059480456,191.8923231545964,192.57945251464844,20719909,0.0,0.0,POWERGRID
2023-12-04,193.95369648937324,196.15251866218333,193.95369648937324,195.0531005859375,27914088,0.0,0.0,POWERGRID
2023-12-05,195.78605692420368,204.53550693739496,193.81629167659008,203.66514587402344,40709207,0.0,0.0,POWERGRID
2023-12-06,207.05499297646895,207.2840361102925,203.8483891029396,205.589111328125,29544730,0.0,0.0,POWERGRID
2023-12-07,206.13881816034734,212.91848925463654,205.4516887664795,210.7196807861328,24534268,0.0,0.0,POWERGRID
2023-12-08,212.36879148440835,213.8346591186069,207.4672629439444,209.43704223632812,22206320,0.0,0.0,POWERGRID
2023-12-11,208.88733595810496,213.37657574427863,207.55888859115015,211.5900421142578,19106395,0.0,0.0,POWERGRID
2023-12-12,210.71965882047684,213.74303063427223,210.26157260564972,211.9564971923828,14355329,0.0,0.0,POWERGRID
2023-12-13,211.6358431825346,217.59096431104746,211.26937978188377,217.08706665039062,26878281,0.0,0.0,POWERGRID
2023-12-14,217.36191350140484,217.68257945039252,211.72745853254582,212.6436309814453,29972018,0.0,0.0,POWERGRID
2023-12-15,215.300556349514,218.14069694004084,208.10859600298636,217.4535675048828,41341690,0.0,0.0,POWERGRID
2023-12-18,217.04125643005824,217.04125643005824,212.04811917525808,212.4145965576172,29051897,0.0,0.0,POWERGRID
2023-12-19,212.68944177798005,214.75082991746817,211.49842870335553,213.9720916748047,12612164,0.0,0.0,POWERGRID
2023-12-20,215.25471418525902,215.66698899154235,207.23820525320767,208.1085662841797,20400245,0.0,0.0,POWERGRID
2023-12-21,205.6348949665677,213.65140356724453,204.03159324643235,212.87266540527344,17755207,0.0,0.0,POWERGRID
2023-12-22,213.46818310388855,214.5675872595601,211.1777519547052,212.32296752929688,9735375,0.0,0.0,POWERGRID
2023-12-26,212.55202563607276,216.03348402432442,211.68166453393067,213.7888641357422,6772092,0.0,0.0,POWERGRID
2023-12-27,215.30052153699324,216.07927369612747,213.01009045681246,214.43016052246094,10231881,0.0,0.0,POWERGRID
2023-12-28,215.39214917918028,219.83557718608998,214.4759767266609,219.0568389892578,39164340,0.0,0.0,POWERGRID
2023-12-29,217.8658101328795,218.278084937034,215.0714813807712,217.31610107421875,12665999,0.0,0.0,POWERGRID
2024-01-01,217.95742547362536,219.42330702054164,216.58316676577226,218.27809143066406,5952776,0.0,0.0,POWERGRID
2024-01-02,219.88138625373355,219.97300908987876,216.35411675737376,217.91162109375,9128513,0.0,0.0,POWERGRID
2024-01-03,216.21672694118925,218.69039008907114,214.9340909325643,217.1787109375,8284439,0.0,0.0,POWERGRID
2024-01-04,218.04904665903297,222.7215318221709,217.1786856132632,221.2098388671875,19663959,0.0,0.0,POWERGRID
2024-01-05,221.71375599599256,224.4622736323065,219.2400929192467,221.02662658691406,16345257,0.0,0.0,POWERGRID
2024-01-08,222.08020601009505,224.69130319877348,220.2478610298808,222.03440856933594,13585746,0.0,0.0,POWERGRID
2024-01-09,222.26347151083652,224.1416140992817,221.25567608998162,221.98861694335938,8688409,0.0,0.0,POWERGRID
2024-01-10,220.7975859529556,221.80538135623263,218.04906828549142,219.1026611328125,16872195,0.0,0.0,POWERGRID
2024-01-11,220.11044774566287,222.72154501734943,219.14846380453187,221.66793823242188,18812468,0.0,0.0,POWERGRID
2024-01-12,222.1718267707586,222.30924705111488,218.7819913850382,219.42330932617188,11296498,0.0,0.0,POWERGRID
2024-01-15,220.24785295740887,221.25564825146233,217.13287219708727,220.9349822998047,12597366,0.0,0.0,POWERGRID
2024-01-16,221.39308756729338,222.08021696878055,217.77420884873098,219.01104736328125,7478450,0.0,0.0,POWERGRID
2024-01-17,218.50713482358717,220.98079770489883,217.77419404920676,219.14845275878906,13620300,0.0,0.0,POWERGRID
2024-01-18,208.20018121323747,215.94183532049965,207.10077711167816,213.8804473876953,25522629,0.0,0.0,POWERGRID
2024-01-19,215.30052879419134,217.08706230101518,212.918474798638,215.6669921875,20931080,0.0,0.0,POWERGRID
2024-01-23,220.7975636725004,226.11136675599082,216.4457444714864,218.00323486328125,27492163,0.0,0.0,POWERGRID
2024-01-24,216.35413922395296,226.29461685161596,215.30054639728644,225.56167602539062,28309825,0.0,0.0,POWERGRID
2024-01-25,224.23320453278646,227.8520828723128,222.72152559971912,224.9203338623047,20651484,0.0,0.0,POWERGRID
2024-01-29,224.87452159940966,233.62397115833468,224.59966707269876,232.6619873046875,26181011,0.0,0.0,POWERGRID
2024-01-30,232.7078003816559,235.41052027062153,230.41736927553723,232.79942321777344,16031367,0.0,0.0,POWERGRID
2024-01-31,232.70781918528303,238.20485428414798,231.24193756704577,237.5635223388672,34369455,0.0,0.0,POWERGRID
2024-02-01,237.28863964157804,248.236910453573,236.64730781015354,243.5186004638672,29929092,0.0,0.0,POWERGRID
2024-02-02,242.327620125654,257.81092939247117,241.823736447135,253.87139892578125,33900724,0.0,0.0,POWERGRID
2024-02-05,254.2378550230543,265.1403015925304,251.85580105979426,259.1851806640625,27440927,0.0,0.0,POWERGRID
2024-02-06,259.18520168952625,259.18520168952625,249.47376733419293,251.26031494140625,29668277,0.0,0.0,POWERGRID
2024-02-07,249.29054414082876,251.39772971806215,244.43481308990795,245.48843383789062,27335466,0.0,0.0,POWERGRID
2024-02-08,248.09947587346545,263.9034498459059,248.09947587346545,253.0468292236328,69776717,0.0,0.0,POWERGRID
2024-02-09,255.2456687310209,256.0244209620481,246.5420298228303,250.11509704589844,24496638,0.0,0.0,POWERGRID
2024-02-12,250.29834110553884,252.86361295173754,243.93093097246418,247.64141845703125,19140023,0.0,0.0,POWERGRID
2024-02-13,247.64140901230724,248.14532064959047,242.09857671774722,247.59561157226562,22031847,0.0,0.0,POWERGRID
2024-02-14,246.90849148145253,251.94744028719646,244.61806020611436,250.71060180664062,13546941,0.0,0.0,POWERGRID
2024-02-15,253.3653719693574,263.93779299241515,252.75990893494352,262.354248046875,25475670,4.5,0.0,POWERGRID
2024-02-16,262.68026035591356,263.5185959270031,254.5762835061171,255.7406463623047,25129188,0.0,0.0,POWERGRID
2024-02-19,256.2529651063185,259.2337167530478,254.57626565488434,257.4173278808594,11429901,0.0,0.0,POWERGRID
2024-02-20,259.2803347738335,268.9678283610385,258.6748717546635,268.1760559082031,43053543,0.0,0.0,POWERGRID
2024-02-21,267.8500163794547,269.6198706379582,260.1186584915295,260.9104309082031,24651085,0.0,0.0,POWERGRID
2024-02-22,260.9104404938916,264.07750185011463,254.52972621003113,263.2391662597656,26793590,0.0,0.0,POWERGRID
2024-02-23,263.1925383573884,265.66101006993085,259.88575959704457,262.6336669921875,14313526,0.0,0.0,POWERGRID
2024-02-26,263.56515071454845,271.5293801686632,262.7267868336323,268.0828552246094,31012494,0.0,0.0,POWERGRID
2024-02-27,264.6363646722438,273.29921193783224,264.6363646722438,272.46087646484375,36510093,0.0,0.0,POWERGRID
2024-02-28,271.52942225435123,273.53212071254256,259.3268936477781,260.3981018066406,18824161,0.0,0.0,POWERGRID
2024-02-29,260.44467215473117,265.4747136758559,255.6009116221958,263.4720153808594,35043015,0.0,0.0,POWERGRID
2024-03-01,265.47477160611555,269.57332379817694,265.1021811208067,267.98980712890625,15149735,0.0,0.0,POWERGRID
2024-03-04,268.2691583124385,276.6525695097022,268.2691583124385,274.46356201171875,23131460,0.0,0.0,POWERGRID
2024-03-05,272.04173453991314,275.20882434556415,269.8993181907524,274.7896423339844,13220556,0.0,0.0,POWERGRID
2024-03-06,270.4116151610447,274.696476106645,266.87196349071206,273.5787048339844,15969436,0.0,0.0,POWERGRID
2024-03-07,273.85810332179125,278.42239935845646,271.06363287973215,272.6005859375,14908694,0.0,0.0,POWERGRID
2024-03-11,268.64181375444434,271.9486215838131,264.9158523197729,265.987060546875,19020659,0.0,0.0,POWERGRID
2024-03-12,265.38156835387673,268.87465681525674,263.3788699880509,265.61444091796875,17906155,0.0,0.0,POWERGRID
2024-03-13,263.89118651874105,264.4500863754221,243.86414537993537,246.19287109375,39389523,0.0,0.0,POWERGRID
2024-03-14,245.95998763302268,250.0119758810326,242.83951805612517,248.10243225097656,26005940,0.0,0.0,POWERGRID
2024-03-15,249.73254149001608,253.3653477764454,239.99845701537424,247.72984313964844,43817794,0.0,0.0,POWERGRID
2024-03-18,247.7298059139231,248.3818319342736,241.72168333881896,246.75172424316406,12423655,0.0,0.0,POWERGRID
2024-03-19,244.19015468450795,248.2421428135463,240.60391166393777,241.25596618652344,20031514,0.0,0.0,POWERGRID
2024-03-20,242.14090323702618,246.98463550851142,241.2094129817221,246.51889038085938,11308487,0.0,0.0,POWERGRID
2024-03-21,249.45304473479317,255.69403995879708,248.80101870173868,254.99542236328125,23559105,0.0,0.0,POWERGRID
2024-03-22,254.99544850934774,259.18715451224114,252.7598776598364,256.8584289550781,22097588,0.0,0.0,POWERGRID
2024-03-26,251.5955265059148,255.32148756952898,247.86956544230057,251.54893493652344,28477120,0.0,0.0,POWERGRID
2024-03-27,252.43387775262346,254.1105489647507,250.75720654049618,251.73526000976562,18094214,0.0,0.0,POWERGRID
2024-03-28,253.36536022260088,260.35153743462115,253.0393329340077,257.9296569824219,26646830,0.0,0.0,POWERGRID
2024-04-01,261.5159005953733,262.3076730323188,258.6282749924809,260.9570007324219,8945400,0.0,0.0,POWERGRID
2024-04-02,260.11866608757316,262.40082869165997,259.42004836307655,260.3981018066406,13229425,0.0,0.0,POWERGRID
2024-04-03,260.9569940510786,263.70490172458483,259.4666039303096,260.9104309082031,14499308,0.0,0.0,POWERGRID
2024-04-04,263.42546562512473,267.0583008145515,256.206415247763,258.6282958984375,23722104,0.0,0.0,POWERGRID
2024-04-05,260.7707313762213,260.7707313762213,256.29956069974037,259.326904296875,9308711,0.0,0.0,POWERGRID
2024-04-08,261.329587983022,264.72955026339406,259.9323525560727,262.4473876953125,14473340,0.0,0.0,POWERGRID
2024-04-09,263.4720424525342,264.86927793123584,261.7487796767698,261.9350891113281,5780865,0.0,0.0,POWERGRID
2024-04-10,260.8173073288202,265.8007865649334,260.8173073288202,263.1925964355469,8809693,0.0,0.0,POWERGRID
2024-04-12,262.21448324898176,264.96239062534016,255.8337698895298,256.3926696777344,17731780,0.0,0.0,POWERGRID
2024-04-15,251.7352355688764,257.27761382817226,250.01197295177238,255.27488708496094,13378690,0.0,0.0,POWERGRID
2024-04-16,254.2968492951302,256.6721381650679,252.66674128682806,255.46121215820312,9662195,0.0,0.0,POWERGRID
2024-04-18,268.1760436600647,270.0390242043191,258.6748599404632,260.9104309082031,51039603,0.0,0.0,POWERGRID
2024-04-19,259.04746871727133,262.9131479351144,255.8804072530202,262.354248046875,18755469,0.0,0.0,POWERGRID
2024-04-22,264.5432514191239,265.1953060151842,262.4008350494892,264.21722412109375,14965203,0.0,0.0,POWERGRID
2024-04-23,264.21720592352756,267.47742182562916,261.4693267192808,265.8007507324219,11464036,0.0,0.0,POWERGRID
2024-04-24,265.4747191179495,271.85543296457075,264.9158192870728,270.5047607421875,19324163,0.0,0.0,POWERGRID
2024-04-25,271.99515922310337,274.3238849013834,269.4335609769954,273.2060852050781,22022414,0.0,0.0,POWERGRID
2024-04-26,274.0910078559399,275.86083365715496,271.4828465096047,272.22802734375,15581578,0.0,0.0,POWERGRID
2024-04-29,272.27459570897287,274.41704039518663,269.75958902536615,273.5787048339844,9804396,0.0,0.0,POWERGRID
2024-04-30,273.57870895918023,283.499074841118,272.9732175305118,281.17034912109375,33288857,0.0,0.0,POWERGRID
2024-05-02,281.26350040761236,295.51529026974873,281.1703456945811,292.1153564453125,44059506,0.0,0.0,POWERGRID
2024-05-03,290.6249188955003,294.4440340919916,287.1318309280063,289.5537109375,27074447,0.0,0.0,POWERGRID
2024-05-06,288.94828733396866,289.5071587433068,282.33470086414496,285.8277893066406,16855909,0.0,0.0,POWERGRID
2024-05-07,285.96746996718883,287.17839576570185,274.3238433398603,275.0224609375,13857464,0.0,0.0,POWERGRID
2024-05-08,271.99515599130797,282.10183100032293,271.99515599130797,281.31005859375,18754452,0.0,0.0,POWERGRID
2024-05-09,282.00865015952303,283.4990401231875,275.0224738549931,275.8608093261719,11196567,0.0,0.0,POWERGRID
2024-05-10,275.9539783619068,283.5922095556502,275.9539783619068,282.9401550292969,11786977,0.0,0.0,POWERGRID
2024-05-13,283.35933009849884,286.572954231131,277.2114890955688,285.5483093261719,11710605,0.0,0.0,POWERGRID
2024-05-14,286.8989917011924,291.5564428651728,286.6661191429934,288.0633544921875,9957875,0.0,0.0,POWERGRID
2024-05-15,288.76199051953546,294.63036798839494,287.69078236910275,293.27972412109375,11397656,0.0,0.0,POWERGRID
2024-05-16,292.9537094238281,293.9783544744283,284.383986998409,291.0907287597656,19843532,0.0,0.0,POWERGRID
2024-05-17,293.3263056227833,294.3509506934746,289.4606263544216,291.6961975097656,9069551,0.0,0.0,POWERGRID
2024-05-21,289.6934567556117,305.01648215730586,289.6934567556117,303.33978271484375,21976662,0.0,0.0,POWERGRID
2024-05-22,305.2959334050703,305.2959334050703,298.2631932969047,303.4329528808594,10287081,0.0,0.0,POWERGRID
2024-05-23,297.56455008736776,298.72891281516803,287.8304663122277,297.98370361328125,35705284,0.0,0.0,POWERGRID
2024-05-24,296.2138951095101,300.82478314939794,295.6549952824288,296.9590759277344,15058182,0.0,0.0,POWERGRID
2024-05-27,299.4741068029769,299.4741068029769,292.95367523961505,296.1673278808594,12857918,0.0,0.0,POWERGRID
2024-05-28,297.14539880173623,297.6111439409239,290.6249668531088,291.3701477050781,10935739,0.0,0.0,POWERGRID
2024-05-29,287.92365651933017,296.8659690568668,287.92365651933017,295.9344787597656,16812268,0.0,0.0,POWERGRID
2024-05-30,293.04687865363877,295.8879129362862,282.98676551344215,285.6881103515625,22768893,0.0,0.0,POWERGRID
2024-05-31,287.41132110056253,290.1592288601783,284.7565964832722,288.7619934082031,36929443,0.0,0.0,POWERGRID
2024-06-03,312.0492565379156,324.8106852655707,303.2932532338592,314.5177001953125,55218939,0.0,0.0,POWERGRID
2024-06-04,312.00271611278936,312.00271611278936,260.5844354428735,275.6745910644531,73262478,0.0,0.0,POWERGRID
2024-06-05,276.0005287025901,280.4251070534111,260.07206938109385,278.3292541503906,45312613,0.0,0.0,POWERGRID
2024-06-06,282.61412048401843,290.11263363656536,277.6772338036682,279.8662414550781,36508044,0.0,0.0,POWERGRID
2024-06-07,277.63063800405695,289.3674200092417,276.4662752739161,288.156494140625,38016104,0.0,0.0,POWERGRID
2024-06-10,291.55648071430073,301.1974115606667,290.25239990445897,294.1646423339844,25478964,0.0,0.0,POWERGRID
2024-06-11,294.53719089276336,297.79740635236845,293.5591091987882,294.8631896972656,12238518,0.0,0.0,POWERGRID
2024-06-12,297.98371612629523,304.69045709078586,295.18924546222837,302.4082946777344,20346144,0.0,0.0,POWERGRID
2024-06-13,304.5972797251832,305.4822067403742,298.6823115742072,299.4275207519531,11756503,0.0,0.0,POWERGRID
2024-06-14,303.6658272987947,303.6658272987947,297.4714227033718,299.47412109375,14159988,0.0,0.0,POWERGRID
2024-06-18,299.93985792678023,309.7205054678709,299.93985792678023,309.0684509277344,21653702,0.0,0.0,POWERGRID
2024-06-19,311.11770424260556,311.90947654056356,303.1068834180601,304.876708984375,14235150,0.0,0.0,POWERGRID
2024-06-20,305.06306268990625,305.80824353337977,300.21930192684715,302.3151550292969,11749507,0.0,0.0,POWERGRID
2024-06-21,304.31788039279195,307.0191964710139,300.8713550478291,303.6192626953125,17209541,0.0,0.0,POWERGRID
2024-06-24,300.964553866658,311.1177935393112,300.45221709065925,310.1397399902344,18044357,0.0,0.0,POWERGRID
2024-06-25,312.04921020152136,312.04921020152136,303.4794891774961,304.9698791503906,13979671,0.0,0.0,POWERGRID
2024-06-26,303.38638085890756,307.57808691569846,302.68776318277577,304.31787109375,12946277,0.0,0.0,POWERGRID
2024-06-27,306.0411308685254,309.72052897444183,302.12888861126106,308.8356018066406,27061015,0.0,0.0,POWERGRID
2024-06-28,310.1862464809578,314.2382346653985,307.0191853854363,308.2767028808594,21676594,0.0,0.0,POWERGRID
2024-07-01,308.323306883223,309.0219246480641,302.96723735277425,307.01922607421875,11959181,0.0,0.0,POWERGRID
2024-07-02,307.4383452041195,311.4903334712166,305.5753647067715,308.136962890625,12684459,0.0,0.0,POWERGRID
2024-07-03,308.4164405419675,313.81907285039165,306.55345996294847,312.18896484375,9369793,0.0,0.0,POWERGRID
2024-07-04,313.9122360001749,315.4957809056253,311.02461033973344,312.04925537109375,12878827,0.0,0.0,POWERGRID
2024-07-05,312.0492450675761,316.61354177275126,310.0465466428064,316.1477966308594,10894118,0.0,0.0,POWERGRID
2024-07-08,317.63818677027894,317.63818677027894,313.77250777794166,316.1477966308594,7828162,0.0,0.0,POWERGRID
2024-07-09,316.7067153790974,318.8957233619364,314.9368894196977,317.7779235839844,9214579,0.0,0.0,POWERGRID
2024-07-10,319.5011596768285,323.9723015610505,312.5149827159649,322.3421936035156,10662609,0.0,0.0,POWERGRID
2024-07-11,324.6243557078467,324.8572282729169,318.56966901602175,319.3148498535156,12642065,0.0,0.0,POWERGRID
2024-07-12,319.314835195055,322.2024605547315,316.7998286638469,319.59429931640625,11380570,0.0,0.0,POWERGRID
2024-07-15,321.7367367946499,321.7367367946499,316.8930043982389,320.2929382324219,5277531,0.0,0.0,POWERGRID
2024-07-16,319.2682968001681,323.2271305314612,318.1039339380231,318.9888610839844,11363095,0.0,0.0,POWERGRID
2024-07-18,318.5696503691621,321.08468529543813,313.86563620081535,317.87103271484375,13908161,0.0,0.0,POWERGRID
2024-07-19,316.28750111143614,318.42994572962584,308.32327089264373,309.4410705566406,12937990,0.0,0.0,POWERGRID
2024-07-22,307.39182595787656,316.1478298604015,306.9260807670313,315.40264892578125,10678640,0.0,0.0,POWERGRID
2024-07-23,315.86831889824805,317.1723994367053,299.1014960205368,311.3505859375,15954324,0.0,0.0,POWERGRID
2024-07-24,308.2301566438942,315.5889248551772,307.6712567385295,314.0519714355469,12573882,0.0,0.0,POWERGRID
2024-07-25,307.8109841860387,319.12858576260675,307.8109841860387,316.19439697265625,16271884,0.0,0.0,POWERGRID
2024-07-26,317.0327143481901,321.8764466238017,315.3094516890442,320.61895751953125,11468068,0.0,0.0,POWERGRID
2024-07-29,316.5203434479234,322.20243908147467,314.6108,318.8956604003906,31849674,0.0,0.0,POWERGRID
2024-07-30,321.36409434939713,332.4954127562865,319.78054976013476,325.8352355957031,25813219,0.0,0.0,POWERGRID
2024-07-31,324.3914422868095,326.62701294455564,319.12852866443404,324.3448791503906,17976593,0.0,0.0,POWERGRID
2024-08-01,327.09277570744854,337.66519508727004,326.1612855141043,336.3611145019531,26792459,0.0,0.0,POWERGRID
2024-08-02,333.47354830883637,336.3145825312384,329.7475868752181,333.7064208984375,13771470,0.0,0.0,POWERGRID
2024-08-05,328.58318931403994,330.49273297688484,318.10392388588133,319.3148498535156,13566586,0.0,0.0,POWERGRID
2024-08-06,319.3148476044734,326.7667696342331,316.00806857449817,317.4053039550781,12273667,0.0,0.0,POWERGRID
2024-08-07,322.15592947645604,328.3968974988622,319.87376684567505,327.93115234375,12441847,0.0,0.0,POWERGRID
2024-08-08,330.6790510827662,330.6790510827662,317.8710596675886,319.1751403808594,15489731,0.0,0.0,POWERGRID
2024-08-09,324.06548023915104,325.04356214210304,320.7121093645692,322.295654296875,8720610,0.0,0.0,POWERGRID
2024-08-12,319.5011863971483,320.2463672978968,316.24097020942224,317.7779235839844,12521136,0.0,0.0,POWERGRID
2024-08-13,313.9122247644228,318.9888581676941,312.18896205883715,313.86566162109375,10435954,0.0,0.0,POWERGRID
2024-08-14,313.91222403324707,315.1697415953036,309.7205177776102,310.6520080566406,12385993,0.0,0.0,POWERGRID
2024-08-16,312.7653018928379,318.9172805999318,310.5111432875079,318.0250244140625,13013828,2.75,0.0,POWERGRID
2024-08-19,321.82891239541556,322.43940949886047,318.68246896912984,319.6217041015625,5891370,0.0,0.0,POWERGRID
2024-08-20,319.7626200200177,321.82892016333454,318.21285908355236,319.8095703125,6393840,0.0,0.0,POWERGRID
2024-08-21,319.33992467103064,320.23220945523633,315.7238639090316,316.1934814453125,10118601,0.0,0.0,POWERGRID
2024-08-22,315.58296834066243,317.1796793481335,310.41717570413374,313.7044982910156,18370039,0.0,0.0,POWERGRID
2024-08-23,314.31499775703236,316.4752555287516,313.09400368058385,315.8177795410156,7494822,0.0,0.0,POWERGRID
2024-08-26,316.0056772600344,320.74880329591645,315.44213043815193,317.6962890625,7993675,0.0,0.0,POWERGRID
2024-08-27,318.4007061222347,320.7018436347032,314.64376563701654,314.9725036621094,9589690,0.0,0.0,POWERGRID
2024-08-28,314.9724725410637,318.3067454269775,313.4696907628235,314.1271667480469,8790600,0.0,0.0,POWERGRID
2024-08-29,312.295681464961,315.4890751818912,308.8205000104542,313.04705810546875,17653536,0.0,0.0,POWERGRID
2024-08-30,314.6437298812591,320.1382604491346,313.75144515214555,316.89788818359375,22713812,0.0,0.0,POWERGRID
2024-09-02,317.83713445687425,319.24598702863625,313.89236445384796,315.1603088378906,9789776,0.0,0.0,POWERGRID
2024-09-03,315.5830061269522,317.41452610992593,313.70453585238704,314.3150329589844,8434423,0.0,0.0,POWERGRID
2024-09-04,311.07470410540316,314.36202724622575,310.88684560351146,312.67138671875,9025610,0.0,0.0,POWERGRID
2024-09-05,312.1548380817304,313.98632960378563,309.5719411689577,311.1216735839844,13912371,0.0,0.0,POWERGRID
2024-09-06,312.8122492868071,312.85922824132194,305.2514179385255,309.7597351074219,23755639,0.0,0.0,POWERGRID
2024-09-09,307.7873359833855,309.1961885521288,303.88948761265266,308.5856628417969,18597200,0.0,0.0,POWERGRID
2024-09-10,307.1298429589055,314.925481941827,307.1298429589055,313.8453674316406,15472387,0.0,0.0,POWERGRID
2024-09-11,316.4282774301796,316.7570154249316,311.8260314931869,312.953125,10134008,0.0,0.0,POWERGRID
2024-09-12,314.5029094051951,318.4007297147897,313.00012736711994,317.64935302734375,18410837,0.0,0.0,POWERGRID
2024-09-13,319.15205694332974,320.51395922435313,315.67690447345655,316.75701904296875,10417461,0.0,0.0,POWERGRID
2024-09-16,316.75705391375647,320.74880329591645,316.5691954187349,317.6962890625,7748570,0.0,0.0,POWERGRID
2024-09-17,316.2404843781362,319.33994888735845,314.1741555965335,316.4283142089844,11451846,0.0,0.0,POWERGRID
2024-09-18,317.93106578195204,318.3067540709197,312.8592022229407,313.98626708984375,6583254,0.0,0.0,POWERGRID
2024-09-19,315.77082742003273,317.79017699466283,312.8591931048279,314.5498046875,10589610,0.0,0.0,POWERGRID
2024-09-20,317.602329025448,322.11067450027053,314.4089355619357,320.1382751464844,31236123,0.0,0.0,POWERGRID
2024-09-23,321.2183995012704,321.6880170444009,319.5747381003136,320.4200439453125,6542941,0.0,0.0,POWERGRID
2024-09-24,323.6134427812003,329.67152065160894,321.5471427556513,328.77923583984375,26145769,0.0,0.0,POWERGRID
2024-09-25,332.34833750967766,343.994846724153,330.9394848951078,341.6467590332031,40770462,0.0,0.0,POWERGRID
2024-09-26,341.92851720421515,343.85396630370917,335.4947798782393,343.24346923828125,18733959,0.0,0.0,POWERGRID
2024-09-27,340.1909599472928,341.22409561235946,331.87872369542464,332.7240295410156,33148043,0.0,0.0,POWERGRID
2024-09-30,332.7240420909916,335.72960594777055,328.45053374959076,331.40911865234375,16356171,0.0,0.0,POWERGRID
2024-10-01,329.76543028975243,334.367676281212,328.68531571979446,329.483642578125,9856291,0.0,0.0,POWERGRID
2024-10-03,322.1576173747398,328.638333391042,321.7819290929444,323.23773193359375,19350466,0.0,0.0,POWERGRID
2024-10-04,322.15764668183374,326.33725443787637,317.2266622938465,318.25982666015625,20121706,0.0,0.0,POWERGRID
2024-10-07,319.3399000318581,319.3399000318581,305.25137503045266,308.96136474609375,13851446,0.0,0.0,POWERGRID
2024-10-08,307.41160095149843,310.88678188191454,302.76240494603474,307.2707214355469,21148292,0.0,0.0,POWERGRID
2024-10-09,307.1299023400481,311.6382197164637,305.7210495770203,309.7127990722656,9228363,0.0,0.0,POWERGRID
2024-10-10,310.1354441937519,317.5553958159158,310.04151495029544,314.03326416015625,20773976,0.0,0.0,POWERGRID
2024-10-11,314.12716385381617,314.9724696390448,309.47793904029174,309.9945068359375,6098468,0.0,0.0,POWERGRID
2024-10-14,309.9945157928215,311.3564180762244,307.88123693710054,310.60504150390625,5944216,0.0,0.0,POWERGRID
2024-10-15,313.1879228824163,313.1879228824163,307.59946315524087,309.8066711425781,12415489,0.0,0.0,POWERGRID
2024-10-16,311.5443071500015,312.43656333436707,305.2044699601555,307.3177490234375,22085298,0.0,0.0,POWERGRID
2024-10-17,308.53874257991544,311.73213631385966,304.87573127735646,311.0277099609375,17039729,0.0,0.0,POWERGRID
2024-10-18,311.3564484963808,313.563656805085,308.3039342954359,311.8730163574219,10569021,0.0,0.0,POWERGRID
2024-10-21,312.76530069744854,313.4697270503707,309.43102742555624,311.0277099609375,8745904,0.0,0.0,POWERGRID
2024-10-22,312.6713529033233,315.25424937748636,301.5414114547482,303.13812255859375,11219831,0.0,0.0,POWERGRID
2024-10-23,299.803843044061,302.3397605117634,294.77892973327187,297.6435852050781,12541589,0.0,0.0,POWERGRID
2024-10-24,296.09385541963604,301.3065985858598,296.09385541963604,299.7568664550781,8327779,0.0,0.0,POWERGRID
2024-10-25,301.96409483101013,301.96409483101013,294.21540499475554,296.6104431152344,12979410,0.0,0.0,POWERGRID
2024-10-28,295.3894144747477,300.9778743219737,291.86728314158296,298.95849609375,9610615,0.0,0.0,POWERGRID
2024-10-29,296.89225884680087,301.682364202602,295.060738702082,301.07183837890625,15856332,0.0,0.0,POWERGRID
2024-10-30,299.19329632095173,305.6270617721106,297.5026847944939,299.0993957519531,14498110,0.0,0.0,POWERGRID
2024-10-31,300.9308913186699,303.0911490384805,298.5358535096563,301.30657958984375,9900390,0.0,0.0,POWERGRID
2024-11-01,302.8563382697408,303.0911470205583,300.5552010464578,302.4806213378906,847672,0.0,0.0,POWERGRID
2024-11-04,304.8287865775379,304.9696947945022,292.6657073815052,296.2817687988281,9249409,0.0,0.0,POWERGRID
2024-11-05,293.3700675263926,298.3949806724958,293.04132953306276,297.36181640625,7518195,0.0,0.0,POWERGRID
2024-11-06,298.11319802092095,300.883952873316,294.82587535823205,299.1463623046875,11019250,0.0,0.0,POWERGRID
2024-11-07,299.61598493029476,299.61598493029476,292.7595804394814,293.9336242675781,14504208,0.0,0.0,POWERGRID
2024-11-08,292.9004827091139,298.25410578302126,289.9418977652201,297.0331115722656,15740539,0.0,0.0,POWERGRID
2024-11-11,294.4971642104956,312.2017521835664,293.7927378614067,309.7597351074219,22838987,0.0,0.0,POWERGRID
2024-11-12,311.35641281439393,312.29564784550826,302.24582154731377,303.0911560058594,12069181,0.0,0.0,POWERGRID
2024-11-13,303.04419523655616,304.8757151223766,297.87840225552236,298.6767578125,12918639,0.0,0.0,POWERGRID
2024-11-14,300.2011073029307,303.72614246211606,295.91388116298776,297.34295654296875,12500377,4.5,0.0,POWERGRID
2024-11-18,299.15309761498344,300.629797135786,295.4375076315031,297.2952880859375,9408101,0.0,0.0,POWERGRID
2024-11-19,298.24803894050973,303.202178866046,297.48587698640335,300.1534729003906,13157158,0.0,0.0,POWERGRID
2024-11-21,301.05852642326954,311.3002326227953,298.20037585596003,310.49041748046875,25406386,0.0,0.0,POWERGRID
2024-11-22,310.3951580341165,321.6372350308631,308.6802792238292,321.0179748535156,31523269,0.0,0.0,POWERGRID
2024-11-25,325.68629225705126,329.06842576943063,320.25579406081664,326.5437316894531,29419152,0.0,0.0,POWERGRID
2024-11-26,325.82916208707815,328.3062317073407,321.92301719450387,322.78045654296875,13997179,0.0,0.0,POWERGRID
2024-11-27,321.30376425892797,325.1622559507992,320.58922660675836,323.2091979980469,12177260,0.0,0.0,POWERGRID
2024-11-28,323.20921345960136,325.5910057474392,316.49257083774364,317.8739929199219,16920231,0.0,0.0,POWERGRID
2024-11-29,315.6827915149084,316.77841027688265,311.0621081365479,313.8249816894531,13890537,0.0,0.0,POWERGRID
2024-12-02,312.6340700647042,316.2544120206496,310.77628940505355,312.3482666015625,16003524,0.0,0.0,POWERGRID
2024-12-03,308.91847508663005,315.6827713352154,308.91847508663005,314.0631408691406,23174488,0.0,0.0,POWERGRID
2024-12-04,313.49150135202564,315.5874902757783,305.9174190301753,309.6806335449219,17880011,0.0,0.0,POWERGRID
2024-12-05,309.63300788995787,314.8253268828812,304.4406888970346,312.8246154785156,19785053,0.0,0.0,POWERGRID
2024-12-06,311.6337233969545,317.0165684054449,311.2526424279189,313.3486022949219,8802058,0.0,0.0,POWERGRID
2024-12-09,312.2529803553411,315.01585369535496,311.2526391877096,313.5391540527344,9376929,0.0,0.0,POWERGRID
2024-12-10,316.15911750860914,316.15911750860914,309.9664574935151,312.3958740234375,14994365,0.0,0.0,POWERGRID
2024-12-11,311.7766050075849,313.44385957981797,311.3955240631398,312.0624084472656,5013051,0.0,0.0,POWERGRID
2024-12-12,312.4910971550981,314.3012531834529,310.4427619368384,313.6343688964844,10414162,0.0,0.0,POWERGRID
2024-12-13,315.0158087255954,318.49321928167865,309.68058875241877,318.06451416015625,14973536,0.0,0.0,POWERGRID
2024-12-16,318.0645376479448,320.35105235541045,315.920924658206,319.16015625,12695136,0.0,0.0,POWERGRID
2024-12-17,316.7783714476122,319.6841463829257,312.4911453678701,314.2060241699219,17360248,0.0,0.0,POWERGRID
2024-12-18,312.4911353336718,313.5391297122132,305.4886604800224,306.3460998535156,15037099,0.0,0.0,POWERGRID
2024-12-19,302.9639951395787,308.5373952047108,301.8683764437767,306.44140625,10234715,0.0,0.0,POWERGRID
2024-12-20,306.1079548788985,310.20465534883897,298.77205155766273,300.8680114746094,13973399,0.0,0.0,POWERGRID
2024-12-23,302.96401016284756,303.2498136369284,296.8189737985661,300.39166259765625,5984169,0.0,0.0,POWERGRID
2024-12-24,299.24836738710195,301.6777837165351,294.15132644193096,295.4375,4833589,0.0,0.0,POWERGRID
2024-12-26,295.43749531866473,298.29564581370255,294.15132178097565,295.6280212402344,3775101,0.0,0.0,POWERGRID
2024-12-27,296.0567729791006,297.53347252582086,294.19896341744806,294.7705993652344,3981693,0.0,0.0,POWERGRID
2024-12-30,294.38950770793383,297.247658268205,291.81716057384534,293.008056640625,12489142,0.0,0.0,POWERGRID
2024-12-31,292.8175251877014,295.1040397778376,290.7215365198871,294.10369873046875,8402716,0.0,0.0,POWERGRID
2025-01-01,294.1036959589199,296.62838973412437,291.43607140005787,295.7232971191406,4239498,0.0,0.0,POWERGRID
2025-01-02,295.19933043858487,302.2018053062228,294.15133605795,300.24871826171875,10766571,0.0,0.0,POWERGRID
2025-01-03,301.39197262824945,302.96394957053303,298.81962557752354,301.10614013671875,7636948,0.0,0.0,POWERGRID
2025-01-06,300.86798608193504,301.53489954331343,290.38810015783884,291.5313720703125,6722495,0.0,0.0,POWERGRID
2025-01-07,291.5314050451596,296.009186621778,288.6732540153051,290.6263122558594,10137739,0.0,0.0,POWERGRID
2025-01-08,291.6742763104146,293.2939066879751,288.6732238575115,292.150634765625,6907996,0.0,0.0,POWERGRID
2025-01-09,292.15063134012144,292.3888105649339,289.2924806423711,290.81683349609375,8244909,0.0,0.0,POWERGRID
2025-01-10,289.67353064927045,290.8168024361111,284.385964053003,285.52923583984375,6540783,0.0,0.0,POWERGRID
2025-01-13,281.05150350533,284.4336370871586,273.1915885767911,274.00140380859375,19474228,0.0,0.0,POWERGRID
2025-01-14,274.1443001733167,279.1936883381492,273.2392074481988,276.5260925292969,15954608,0.0,0.0,POWERGRID
2025-01-15,281.0514590856498,288.1968351640985,277.3358693397784,284.52886962890625,12198882,0.0,0.0,POWERGRID
2025-01-16,284.86237612646676,287.3394460816198,282.57586119656185,283.5762023925781,11694289,0.0,0.0,POWERGRID
2025-01-17,283.57618440841946,290.57865956028667,281.7184038658346,288.2921447753906,7593230,0.0,0.0,POWERGRID
2025-01-20,288.29212061084047,294.19894755382927,287.67286048188504,291.76953125,9435937,0.0,0.0,POWERGRID
2025-01-21,292.4840827643566,295.29460919600865,287.24413991352935,288.053955078125,13911546,0.0,0.0,POWERGRID
2025-01-22,287.72049774166834,288.00630117580545,281.8136414562,283.48089599609375,9723333,0.0,0.0,POWERGRID
2025-01-23,283.4332728269354,285.43398409710676,279.7176827963955,280.4322204589844,12228286,0.0,0.0,POWERGRID
2025-01-24,281.3373163342091,288.19689031197663,280.4322526358497,281.861328125,11142914,0.0,0.0,POWERGRID
2025-01-27,281.051483685962,281.051483685962,270.3334186301414,273.42974853515625,13477947,0.0,0.0,POWERGRID
2025-01-28,273.57263271897034,275.14460967814165,266.1414530531002,270.5239562988281,11298068,0.0,0.0,POWERGRID
2025-01-29,271.8577707599213,275.4780833171835,269.9046836878989,274.23956298828125,4800024,0.0,0.0,POWERGRID
2025-01-30,274.23957181539646,283.0522033439856,274.23957181539646,281.38494873046875,10969499,0.0,0.0,POWERGRID
2025-01-31,282.95695660676495,289.10199305180885,281.90896206366847,287.3870849609375,14141459,0.0,0.0,POWERGRID
2025-02-01,287.3870681458501,290.91213256420866,275.0017475375622,276.14501953125,6945157,0.0,0.0,POWERGRID
2025-02-03,276.2878988442246,278.19333262935726,264.85529613342914,270.38104248046875,14978897,0.0,0.0,POWERGRID
2025-02-04,267.713427275269,272.85809230478276,259.2342533651024,272.1435546875,19836427,0.0,0.0,POWERGRID
2025-02-05,272.09595521652335,277.0024414863986,271.0955850166028,271.7148742675781,15337191,0.0,0.0,POWERGRID
2025-02-06,273.9061119606006,277.1929969339729,266.52255589905394,267.8563537597656,21418561,0.0,0.0,POWERGRID
2025-02-07,263.22984536035307,271.71179107308274,260.24187718383365,268.0973205566406,17193482,3.25,0.0,POWERGRID
2025-02-10,265.0611595179972,266.02501827988084,258.4105399439272,258.9888610839844,16709670,0.0,0.0,POWERGRID
2025-02-11,258.9888767139346,259.08523906423034,250.60329321362397,252.0009002685547,22083955,0.0,0.0,POWERGRID
2025-02-12,250.12135347275927,252.6273921843152,244.8201301814291,247.7598876953125,17861265,0.0,0.0,POWERGRID
2025-02-13,247.95268593260317,251.9045130490532,246.84425415246946,249.7840118408203,12257226,0.0,0.0,POWERGRID
2025-02-14,250.9888453292077,252.0490959753203,245.5430485648675,248.04908752441406,11339563,0.0,0.0,POWERGRID
2025-02-17,247.61530949396624,254.4587125710386,243.08517626465746,253.68763732910156,8332653,0.0,0.0,POWERGRID
2025-02-18,254.31412563232016,258.2177416283961,250.79604723597723,257.3020935058594,10483635,0.0,0.0,POWERGRID
2025-02-19,253.01291924402253,258.7960716838859,252.82013573017332,253.54302978515625,14602009,0.0,0.0,POWERGRID
2025-02-20,253.25393105450377,256.8202208218884,251.8563238556163,256.1455078125,15312926,0.0,0.0,POWERGRID
2025-02-21,255.71174561205194,256.14549386799416,250.02498418050672,252.43463134765625,10757038,0.0,0.0,POWERGRID
2025-02-24,248.67558006068657,252.33823187712082,247.95268593260317,249.7840118408203,14599185,0.0,0.0,POWERGRID
2025-02-25,249.44665465261406,250.55511584422047,245.68761108024,246.50689697265625,21287363,0.0,0.0,POWERGRID
2025-02-27,244.82013302686735,248.1454576232048,244.29000775010937,246.9888153076172,13614799,0.0,0.0,POWERGRID
2025-02-28,246.651456405997,247.7117069490172,238.3622797060237,241.7839813232422,38512868,0.0,0.0,POWERGRID
2025-03-03,243.8562732658764,244.6273632374297,239.5189087216217,243.3743438720703,9873539,0.0,0.0,POWERGRID
2025-03-04,240.96469428595597,247.8562786596072,240.4345690170633,244.82012939453125,11947033,0.0,0.0,POWERGRID
2025-03-05,247.66352333442885,257.54307575154456,246.50688104169285,254.84425354003906,14536637,0.0,0.0,POWERGRID
2025-03-06,255.56715127384848,257.6394417812176,251.2779973241097,257.012939453125,11926868,0.0,0.0,POWERGRID
2025-03-07,256.38642696747985,258.9406467667477,252.14545435921536,253.78399658203125,10043068,0.0,0.0,POWERGRID
2025-03-10,251.61534999963314,264.33829903920804,251.61534999963314,261.4949035644531,30233763,0.0,0.0,POWERGRID
2025-03-11,260.24189605847135,262.02504085883675,256.2418876130929,257.63946533203125,9255499,0.0,0.0,POWERGRID
2025-03-12,260.916583278844,262.55512555459933,254.07318006402832,257.4466857910156,11875548,0.0,0.0,POWERGRID
2025-03-13,260.04909721548074,260.8683830933456,255.9045160657693,257.976806640625,9270442,0.0,0.0,POWERGRID
2025-03-17,260.2418724905185,260.8683748191426,255.37439738201317,257.6876525878906,11987667,0.0,0.0,POWERGRID
2025-03-18,257.6876525878906,257.6876525878906,257.6876525878906,257.6876525878906,0,0.0,0.0,POWERGRID
2025-03-19,262.1695636713129,268.2418616522586,260.04906278753003,267.181640625,13089950,0.0,0.0,POWERGRID
2025-03-20,273.2539839671414,273.3021651437849,267.0370826189651,270.21783447265625,13710249,0.0,0.0,POWERGRID
2025-03-21,270.844299017929,274.84430680377244,269.92862147247763,272.868408203125,26003527,0.0,0.0,POWERGRID
2025-03-24,274.6997764693322,283.32632507518935,274.1696658595449,281.3022155761719,19966817,0.0,0.0,POWERGRID
2025-03-25,280.48291015625,284.57931004684815,277.25397730073365,280.48291015625,16983852,0.0,0.0,POWERGRID
2025-03-26,281.1576342823605,286.02510963926306,279.08531425284303,280.3383483886719,20367015,0.0,0.0,POWERGRID
2025-03-27,278.55519963763084,286.50703492140406,278.55519963763084,284.8202819824219,37203166,0.0,0.0,POWERGRID
2025-03-28,283.27810184648604,283.61545831704626,277.88048656143303,279.8564147949219,10834900,0.0,0.0,POWERGRID
2025-04-01,279.1335051131836,286.2178729413537,276.62746643329984,278.8443298339844,11603556,0.0,0.0,POWERGRID
2025-04-02,276.482896887867,279.2780814665551,274.21782287225165,276.3865051269531,11679536,0.0,0.0,POWERGRID
2025-04-03,278.89256774122055,289.10947756642537,274.7961675756849,288.2901916503906,23478876,0.0,0.0,POWERGRID
2025-04-04,289.15762033494576,290.02508731302373,281.543142215719,283.278076171875,21020875,0.0,0.0,POWERGRID
2025-04-07,273.3503655084448,283.27809952588643,272.09733140157687,278.94073486328125,22847548,0.0,0.0,POWERGRID
2025-04-08,281.39862635024775,283.3745253906873,274.3624385131915,278.5070495605469,20831596,0.0,0.0,POWERGRID
2025-04-09,279.470877801485,288.6757178053846,278.84434603413774,282.7961730957031,21342531,0.0,0.0,POWERGRID
2025-04-11,282.65162213318166,293.97696419648906,282.65162213318166,293.1094970703125,19831004,0.0,0.0,POWERGRID
2025-04-15,296.0974316951614,299.2299727588666,292.72392593424803,293.5431823730469,16563441,0.0,0.0,POWERGRID
2025-04-16,293.44682442315855,295.9046526056572,291.8564338660445,294.6998291015625,7032401,0.0,0.0,POWERGRID
2025-04-17,294.41064982816675,298.6034116150757,291.0853255682393,297.83233642578125,8528993,0.0,0.0,POWERGRID
2025-04-21,298.79622650146484,310.362532043457,297.30225713481195,308.434814453125,13369014,0.0,0.0,POWERGRID
2025-04-22,308.19385402510807,308.19385402510807,300.82034002283734,301.2540588378906,10027268,0.0,0.0,POWERGRID
2025-04-23,302.796247577007,304.67578407387225,298.2661286946365,303.5673522949219,8225575,0.0,0.0,POWERGRID
2025-04-24,303.51913032787854,304.434807954007,301.5432315531419,303.0372009277344,8021180,0.0,0.0,POWERGRID
2025-04-25,301.6877806820644,304.00103573727483,292.43473104658864,295.4226989746094,11475773,0.0,0.0,POWERGRID
2025-04-28,293.2058884497129,299.71193600926597,292.57935663448905,297.3986511230469,7314824,0.0,0.0,POWERGRID
2025-04-29,297.3986544714796,299.5673370157479,290.3143150252479,292.0010681152344,14678005,0.0,0.0,POWERGRID
2025-04-30,293.4468631499714,298.7962684482698,290.98900522846765,296.33843994140625,17619987,0.0,0.0,POWERGRID
2025-05-02,294.4588780527398,297.8323840206108,291.37451797340265,292.097412109375,5688285,0.0,0.0,POWERGRID
2025-05-05,293.78413600655114,299.47092617821033,293.63956307659794,297.061279296875,4342960,0.0,0.0,POWERGRID
2025-05-06,296.48297119140625,299.2299746397729,294.50704301309804,296.48297119140625,9124804,0.0,0.0,POWERGRID
2025-05-07,296.868477480902,301.8323438675424,295.90461878778217,299.8564453125,14679327,0.0,0.0,POWERGRID
2025-05-08,302.07336437444764,305.92879985954494,293.0130968673966,297.1094970703125,19253478,0.0,0.0,POWERGRID
2025-05-09,289.15765363148995,292.09741134422177,285.68775590498456,288.4829406738281,11981497,0.0,0.0,POWERGRID
2025-05-12,293.0612601373344,299.8564824133733,293.0612601373344,297.88055419921875,7145884,0.0,0.0,POWERGRID
2025-05-13,293.97692903909257,297.5913994780978,287.2299175529494,287.6636657714844,17988336,0.0,0.0,POWERGRID
2025-05-14,288.3865386191556,289.6877243496545,283.42264271681205,285.2539978027344,10359258,0.0,0.0,POWERGRID
2025-05-15,285.2058115018777,289.54317607853073,280.5310904641134,288.8202819824219,22640626,0.0,0.0,POWERGRID
2025-05-16,289.1576498172097,291.27815101505746,284.8202850699515,289.3504333496094,16763668,0.0,0.0,POWERGRID
2025-05-19,291.0853803681782,293.4950275566565,288.19380374200426,293.061279296875,12575289,0.0,0.0,POWERGRID
2025-05-20,293.3985962501074,294.2660632381389,286.36243917374327,287.1335144042969,21339095,0.0,0.0,POWERGRID
2025-05-21,286.98895730455223,291.3263218985757,284.9648479444141,285.44677734375,11997632,0.0,0.0,POWERGRID
2025-05-22,285.20582992998084,285.63957818152653,276.19374373326247,280.38653564453125,26158839,0.0,0.0,POWERGRID
2025-05-23,281.4467796891957,287.95282682242197,281.2058149805577,287.3263244628906,9872024,0.0,0.0,POWERGRID
2025-05-26,289.2058014211132,292.82027167424144,285.06122063004653,285.9768981933594,16469130,0.0,0.0,POWERGRID
2025-05-27,286.266067912208,286.84438908384686,281.6395573683704,283.90460205078125,17074710,0.0,0.0,POWERGRID
2025-05-28,283.9045858229481,284.9648363412432,280.0009696131285,280.6274719238281,10099453,0.0,0.0,POWERGRID
2025-05-29,280.82026614965565,283.27809431405745,280.82026614965565,282.50701904296875,9773818,0.0,0.0,POWERGRID
2025-05-30,281.4467891400183,284.001009254423,277.8323183890763,279.2781066894531,21788566,0.0,0.0,POWERGRID
2025-06-02,279.8081896474623,283.0371224154552,277.97686386423266,282.45880126953125,7255782,0.0,0.0,POWERGRID
2025-06-03,281.92867494105053,284.7238593395906,277.3503460317514,277.832275390625,10989055,0.0,0.0,POWERGRID
2025-06-04,277.83231407121116,279.32628352586033,276.6756716830301,278.1214599609375,8580196,0.0,0.0,POWERGRID
2025-06-05,280.48293712165463,284.57933740607746,279.6154700031753,283.615478515625,13110486,0.0,0.0,POWERGRID
2025-06-06,282.9406930519839,286.26601713812784,282.3624013975514,285.109375,7935393,0.0,0.0,POWERGRID
2025-06-09,287.2299099888857,290.2660591947674,285.4467654030076,289.6395568847656,8666186,0.0,0.0,POWERGRID
2025-06-10,289.68774833809493,290.8925718287951,287.470884881061,290.169677734375,7273892,0.0,0.0,POWERGRID
2025-06-11,290.21789107321047,290.5070369478644,283.3744876982506,284.7720947265625,10941604,0.0,0.0,POWERGRID
2025-06-12,284.4829323146473,285.1094346811808,278.0732768761658,278.5552062988281,14071159,0.0,0.0,POWERGRID
2025-06-13,272.3383062869545,276.09737933346196,271.6154121494935,275.18170166015625,16028417,0.0,0.0,POWERGRID
2025-06-16,277.54315096692926,280.0009791210705,275.9527604281644,278.21783447265625,11067299,0.0,0.0,POWERGRID
2025-06-17,278.2178517290589,279.9528153113305,276.8202740425311,278.1214599609375,7286868,0.0,0.0,POWERGRID
2025-06-18,277.10940950555147,277.880484792234,275.1816918742085,276.9166259765625,11904855,0.0,0.0,POWERGRID
2025-06-19,276.4346781054641,277.2539639269915,274.988889978522,276.09735107421875,13573824,0.0,0.0,POWERGRID
2025-06-20,275.22986748303623,283.856415474692,274.7479380849468,282.50701904296875,33014151,0.0,0.0,POWERGRID
2025-06-23,280.86844147522316,282.84436961502786,277.6877192799178,279.760009765625,6833477,0.0,0.0,POWERGRID
2025-06-24,282.84435800454503,284.0491814252244,275.0370963556158,275.61541748046875,15007849,0.0,0.0,POWERGRID
2025-06-25,276.14553542928337,280.5792916192774,276.14553542928337,279.9527893066406,10838516,0.0,0.0,POWERGRID
2025-06-26,280.2901474121685,283.6154722769378,279.2781073653109,282.892578125,10232220,0.0,0.0,POWERGRID
2025-06-27,284.3383834953595,289.83239114570216,283.519097524394,288.4347839355469,15523628,0.0,0.0,POWERGRID
2025-06-30,289.54317818020087,290.12149934421296,285.5431700356249,289.0612487792969,8415241,0.0,0.0,POWERGRID
2025-07-01,290.12149770905336,290.60342710724115,286.266062523551,286.7961730957031,12349270,0.0,0.0,POWERGRID
2025-07-02,286.7961570594342,287.9527993162655,282.796149161064,284.1937561035156,10826029,0.0,0.0,POWERGRID
2025-07-03,287.6155076446605,288.14564772119377,282.5070669249398,283.08538818359375,10373094,0.0,0.0,POWERGRID
2025-07-04,283.0853353331474,284.48291291477994,281.1094071861946,283.3744812011719,14193884,0.0,0.0,POWERGRID
2025-07-07,284.0491976457554,285.92870464056324,282.8925553299998,285.205810546875,6220756,0.0,0.0,POWERGRID
2025-07-08,283.51905513501015,287.6154549627383,282.45880459078865,286.98895263671875,6254288,0.0,0.0,POWERGRID
2025-07-09,287.47088555261263,289.1576384435332,285.6877408992836,288.8202819824219,5650646,0.0,0.0,POWERGRID
2025-07-10,289.15767813087405,291.76010899990797,287.22996027666824,288.4347839355469,9307817,0.0,0.0,POWERGRID
2025-07-11,288.4347532261952,290.0251144036629,286.21788969574175,287.7600402832031,7073217,0.0,0.0,POWERGRID
2025-07-14,288.6757342690692,289.59141197000184,286.69983533291605,287.4227294921875,5484223,0.0,0.0,POWERGRID
2025-07-15,287.32631727875764,289.15764313568974,286.12149376569226,287.2781066894531,6173407,0.0,0.0,POWERGRID
2025-07-16,288.14556400716145,288.14556400716145,285.0130232987345,286.314208984375,8144630,0.0,0.0,POWERGRID
2025-07-17,286.79620250087515,287.4227343144664,285.10944943427535,285.88055419921875,8318287,0.0,0.0,POWERGRID
2025-07-18,285.78411689451707,290.6034106026877,282.89254066961473,283.51904296875,8702106,0.0,0.0,POWERGRID
2025-07-21,283.37447596077965,286.5070169365366,281.6877231276798,286.26605224609375,5298012,0.0,0.0,POWERGRID
2025-07-22,286.362456378966,288.04920928495073,283.90459878146356,287.0371398925781,7775653,0.0,0.0,POWERGRID
2025-07-23,288.04924624763373,288.82032162346,286.3624931252036,288.4347839355469,5310964,0.0,0.0,POWERGRID
2025-07-24,289.0130878819814,290.45887618612875,285.784154786458,288.5311584472656,6294709,0.0,0.0,POWERGRID
2025-07-25,286.410626865244,286.9889480086419,280.38650956867303,281.54315185546875,8202572,0.0,0.0,POWERGRID
2025-07-28,281.4467946035219,284.5793359818145,280.24197099648626,281.35040283203125,7037396,0.0,0.0,POWERGRID
2025-07-29,280.0009802899763,283.27809431405745,279.3262673667966,282.50701904296875,6586034,0.0,0.0,POWERGRID
2025-07-30,282.410666460787,285.78417271543805,276.24197519235315,278.5070495605469,10515572,0.0,0.0,POWERGRID
2025-07-31,274.6515761954883,283.6636324230953,274.6515761954883,280.48291015625,14283621,0.0,0.0,POWERGRID
2025-08-01,281.10938403270336,282.2178156550158,275.95273410366457,280.7238464355469,6697683,0.0,0.0,POWERGRID
2025-08-04,280.6756929400016,281.01301998662706,275.37446956617674,277.54315185546875,10397121,0.0,0.0,POWERGRID
2025-08-05,276.72385525285637,278.21782456162236,274.7961377372177,275.6636047363281,15561914,0.0,0.0,POWERGRID
2025-08-06,277.20581095231756,277.97688626593225,273.7840943883877,274.5069885253906,12985269,0.0,0.0,POWERGRID
2025-08-07,274.2178184617088,275.95275247171094,273.1575679379808,275.2298583984375,8893659,0.0,0.0,POWERGRID
2025-08-08,274.5069651940981,275.9045721727047,273.35035232198055,274.55517578125,6172968,0.0,0.0,POWERGRID
2025-08-11,274.55517578125,276.04914510489004,273.06117704297475,274.55517578125,8755499,0.0,0.0,POWERGRID
2025-08-12,274.12143154488643,277.1575808233433,273.73589391525684,274.3623962402344,13184438,0.0,0.0,POWERGRID
2025-08-13,276.6274763234643,278.9407315665869,275.711798695215,277.78411865234375,9928283,0.0,0.0,POWERGRID
2025-08-14,278.60340985492223,279.66366055287483,276.772083784626,278.2660827636719,8464495,0.0,0.0,POWERGRID
2025-08-18,279.0371289134576,280.7720630268575,278.0732700916494,279.8564147949219,9836105,0.0,0.0,POWERGRID
2025-08-19,280.7275867462158,280.824395270698,277.38788467337145,278.7915344238281,7196772,1.25,0.0,POWERGRID
2025-08-20,278.9851539462115,279.7595630653067,277.7751212339913,279.1787414550781,3106073,0.0,0.0,POWERGRID
2025-08-21,279.178773844126,280.29199816015694,274.5322595068588,274.9194641113281,7389271,0.0,0.0,POWERGRID
2025-08-22,274.9194638599614,275.45186649789275,272.7897942246008,274.2902526855469,6824793,0.0,0.0,POWERGRID
2025-08-25,274.29025752614973,275.5002903990004,273.17703319149075,275.0646667480469,7426789,0.0,0.0,POWERGRID
2025-08-26,273.95141817336537,274.7258273267405,269.98250479323264,270.9505310058594,22905910,0.0,0.0,POWERGRID
2025-08-28,272.98342210061895,272.98342210061895,264.8520069251345,265.6748352050781,12455072,0.0,0.0,POWERGRID
2025-08-29,264.8519813852024,267.27204695059754,263.5451400715259,266.44921875,12841075,0.0,0.0,POWERGRID
2025-09-01,267.1752535543409,271.62818035527675,267.1752535543409,270.90216064453125,10820878,0.0,0.0,POWERGRID
2025-09-02,271.24097136513063,278.69475588316203,270.902156263898,277.53314208984375,16983677,0.0,0.0,POWERGRID
2025-09-03,279.7595894332041,279.95320650213387,276.46830605411805,276.9039001464844,30178885,0.0,0.0,POWERGRID
2025-09-04,277.67834537950625,278.74318019990835,271.9185771749343,272.789794921875,5946090,0.0,0.0,POWERGRID
2025-09-05,273.32220918120356,277.4847101113277,273.32220918120356,276.2262878417969,9695914,0.0,0.0,POWERGRID
2025-09-08,277.24271291876016,278.5011647726046,273.0802118480685,273.7578125,5186605,0.0,0.0,POWERGRID
2025-09-09,273.99982273682576,275.2582746075427,272.6930109113595,274.7742614746094,7093190,0.0,0.0,POWERGRID
2025-09-10,275.5970916313803,277.29113760846366,273.4674220148913,273.9030456542969,7767863,0.0,0.0,POWERGRID
2025-09-11,273.5158318826157,279.46921753607126,273.5158318826157,277.62994384765625,7406625,0.0,0.0,POWERGRID
2025-09-12,278.0655541781181,279.3723955891465,275.98430354520076,278.4527587890625,7618852,0.0,0.0,POWERGRID
2025-09-15,279.0819455834,279.5659586902334,276.61349055527603,277.0975036621094,5420800,0.0,0.0,POWERGRID
2025-09-16,277.38793647071594,280.43724308133244,277.19434892741646,279.1304016113281,8626429,0.0,0.0,POWERGRID
2025-09-17,279.7596045882539,279.9532216676722,276.8071361489462,277.96875,19010126,0.0,0.0,POWERGRID
2025-09-18,277.8235536161957,280.58243453433704,276.9523358372613,279.8564147949219,16842964,0.0,0.0,POWERGRID
2025-09-19,280.72759042724823,280.9212074787514,275.7906510320613,277.0491027832031,14993879,0.0,0.0,POWERGRID
2025-09-22,277.8235257795024,279.7595782239589,276.7586910266882,277.4847106933594,9456933,0.0,0.0,POWERGRID
2025-09-23,279.42079550584987,279.7596106312412,276.27470991916636,279.3724060058594,13619147,0.0,0.0,POWERGRID
2025-09-24,278.69475275720373,285.1321214411502,277.7751455405353,283.9220886230469,14032389,0.0,0.0,POWERGRID
2025-09-25,284.59972944084694,285.42255769623335,274.5322619268132,275.3066711425781,16242837,0.0,0.0,POWERGRID
2025-09-26,274.4354356169384,275.06464675672686,271.1441523503542,273.22540283203125,8959035,0.0,0.0,POWERGRID
2025-09-29,274.8226486619157,276.95231824565417,270.99896266896224,271.628173828125,14600560,0.0,0.0,POWERGRID
2025-09-30,272.9834136826773,276.8555188412968,270.07933481371265,271.28936767578125,18772881,0.0,0.0,POWERGRID
2025-10-01,272.0153898197968,273.80624437999893,270.95055498331294,271.67657470703125,11812449,0.0,0.0,POWERGRID
2025-10-03,274.2902525508507,280.7276214092863,272.06377438010026,280.4372253417969,19597461,0.0,0.0,POWERGRID
2025-10-06,279.130395587742,279.42079166733424,275.4518778425999,277.72674560546875,11702722,0.0,0.0,POWERGRID
2025-10-07,279.71122353670273,283.00250719348134,277.9203688943643,279.7596130371094,11371062,0.0,0.0,POWERGRID
2025-10-08,281.0664374213744,281.0664374213744,275.54867578675805,276.1778869628906,9989251,0.0,0.0,POWERGRID
2025-10-09,275.8874776397279,277.77514061925257,273.2254054870639,277.0007019042969,10714949,0.0,0.0,POWERGRID
2025-10-10,276.12948867778306,281.9376461959836,276.12948867778306,279.90478515625,10773268,0.0,0.0,POWERGRID
2025-10-13,278.54954979239193,278.98517341591804,275.7906691076314,277.0007019042969,8950161,0.0,0.0,POWERGRID
2025-10-14,277.3394994586447,278.6947301968511,276.2746647565488,278.3075256347656,7667654,0.0,0.0,POWERGRID
2025-10-15,277.968729864698,283.87369585739236,277.87192133200136,281.6472473144531,8125514,0.0,0.0,POWERGRID
2025-10-16,283.0508657483099,283.8736939580007,281.3084303386957,282.5184631347656,7824732,0.0,0.0,POWERGRID
2025-10-17,281.6956591207061,282.17967228070734,278.79158016069886,280.4856262207031,14275188,0.0,0.0,POWERGRID
2025-10-20,280.8728325852496,282.76049573770894,277.9203641076277,278.9851989746094,13536721,0.0,0.0,POWERGRID
2025-10-21,279.08198038045856,280.3404323402235,278.9852013804776,279.3724060058594,398291,0.0,0.0,POWERGRID
2025-10-23,279.71119330376126,281.8408333024004,278.7915565608791,280.3887939453125,21031287,0.0,0.0,POWERGRID
2025-10-24,280.38879801201887,281.4536327976908,277.3879107221496,279.27557373046875,16350189,0.0,0.0,POWERGRID
2025-10-27,279.7595766271726,283.4380644339178,278.98516747053645,281.7440185546875,13396182,0.0,0.0,POWERGRID
2025-10-28,281.2600179163405,283.24448947365505,277.62991944275933,279.0335693359375,13543174,0.0,0.0,POWERGRID
2025-10-29,279.75961252027656,287.16500811980234,279.51760593505145,285.9065856933594,14608714,0.0,0.0,POWERGRID
2025-10-30,286.82617124979663,286.9713988233786,281.6472543520121,282.1796569824219,10329750,0.0,0.0,POWERGRID
2025-10-31,282.6636746765735,282.6636746765735,277.82354326087875,278.936767578125,10088802,0.0,0.0,POWERGRID
2025-11-03,279.759560585022,280.8727847620321,277.96870627845055,278.7915344238281,8578207,0.0,0.0,POWERGRID
2025-11-04,275.4034709987303,275.83909463250257,269.2081088424474,270.1277160644531,26098629,0.0,0.0,POWERGRID
2025-11-06,269.1113236473722,269.59533681939985,261.2219148516855,261.56072998046875,21919591,0.0,0.0,POWERGRID
2025-11-07,261.56072604474065,264.07757086795755,260.15707605025347,263.30316162109375,11379131,0.0,0.0,POWERGRID
2025-11-10,264.3859058404677,266.30529401479146,262.3680505325471,263.9921875,10717941,4.5,0.0,POWERGRID
2025-11-11,264.04136762422957,264.92724132145673,260.4978427965396,263.4507751464844,11154806,0.0,0.0,POWERGRID
2025-11-12,264.7796083627074,266.00999687740403,262.3188313333142,262.909423828125,16444701,0.0,0.0,POWERGRID
2025-11-13,262.9094475140372,266.2068950382525,261.482184692892,265.6163024902344,12573141,0.0,0.0,POWERGRID
2025-11-14,266.1084407945126,268.02782890342036,265.27177057529406,267.04351806640625,10308317,0.0,0.0,POWERGRID
2025-11-17,267.83097658169214,269.65195758232534,265.76391787931885,269.2582092285156,9884392,0.0,0.0,POWERGRID
2025-11-18,269.7011665905768,272.4572248905879,268.0278261692098,269.8980407714844,16434280,0.0,0.0,POWERGRID
2025-11-19,271.6205966021121,271.6698001301004,268.2247120849723,270.8331298828125,15765235,0.0,0.0,POWERGRID
2025-11-20,270.9315644716837,274.67193372771396,270.19333132598433,272.8509826660156,15337345,0.0,0.0,POWERGRID
2025-11-21,272.85094114712274,274.6226884116865,271.0791638437799,273.2446594238281,12941485,0.0,0.0,POWERGRID
2025-11-24,273.6383961164112,274.6719104171658,268.2246868407268,271.472900390625,49791096,0.0,0.0,POWERGRID
2025-11-25,270.68545970552685,272.5556441466453,268.3723234057417,269.1597900390625,12114606,0.0,0.0,POWERGRID
2025-11-26,269.701165825903,272.60489477275325,269.20901041381194,270.73468017578125,8352869,0.0,0.0,POWERGRID
2025-11-27,272.6540974836435,272.6540974836435,269.01213542954036,269.4058837890625,9865039,0.0,0.0,POWERGRID
2025-11-28,269.5042634071163,270.04565232695967,265.22253580158593,265.7146911621094,12580231,0.0,0.0,POWERGRID
2025-12-01,268.1754913587958,268.1754913587958,264.5335293577071,265.4194030761719,10428760,0.0,0.0,POWERGRID
2025-12-02,264.7796064995535,266.40371331976837,262.7125478016519,263.2539367675781,11029817,0.0,0.0,POWERGRID
2025-12-03,263.2539399158195,264.7796096660403,260.35021099132956,264.2382507324219,9063557,0.0,0.0,POWERGRID
2025-12-04,262.36804110480426,265.96079968427983,261.43296383464195,264.8780517578125,5103204,0.0,0.0,POWERGRID
2025-12-05,263.99217383876754,267.240387528015,263.5984254798919,265.5670471191406,5535798,0.0,0.0,POWERGRID
2025-12-08,264.5827405824509,265.17333309154225,260.59629371395454,261.03924560546875,10203843,0.0,0.0,POWERGRID
2025-12-09,259.95649221907075,261.5805990558757,258.77530722569503,260.3994140625,10686557,0.0,0.0,POWERGRID
2025-12-10,260.7439107182216,263.05704698005866,260.1533182626152,261.3345031738281,7157092,0.0,0.0,POWERGRID
2025-12-11,260.1041488464977,262.17120769276977,258.3816048144017,260.6455078125,8336183,0.0,0.0,POWERGRID
2025-12-12,260.8423540212639,262.5648978685741,259.1690136969359,259.4643249511719,5522827,0.0,0.0,POWERGRID
2025-12-15,259.46433282283635,259.7104105227748,256.4129633358435,258.0863037109375,6400400,0.0,0.0,POWERGRID
2025-12-16,258.0370979567852,259.2182830593007,255.62555426076136,256.2653503417969,9241981,0.0,0.0,POWERGRID
2025-12-17,256.2653374145048,258.6276774615828,255.23179299224458,257.0035705566406,10944698,0.0,0.0,POWERGRID
2025-12-18,256.6590428625546,257.594150144489,251.786707372973,253.90298461914062,10930748,0.0,0.0,POWERGRID
2025-12-19,254.0014086822263,259.8088668621264,253.90300162598444,259.31671142578125,16657897,0.0,0.0,POWERGRID
2025-12-22,255.034948669258,261.4329692300444,254.98571510321267,260.8423767089844,10054250,0.0,0.0,POWERGRID
2025-12-23,260.8423525920968,265.07487686392795,260.25176012564157,262.81097412109375,10526826,0.0,0.0,POWERGRID
2025-12-24,263.5984047363337,265.81310390620547,262.1219386230859,263.844482421875,6131188,0.0,0.0,POWERGRID
2025-12-26,263.7952893139851,265.07488131380165,260.694716361521,261.2853088378906,6029003,0.0,0.0,POWERGRID
2025-12-29,261.77748263063455,262.26963805574286,255.92082105633207,256.51141357421875,7270521,0.0,0.0,POWERGRID
2025-12-30,255.92083551699776,257.34809834597195,254.8873210813854,256.2653503417969,10929200,0.0,0.0,POWERGRID
2025-12-31,257.29886254671675,261.0392619797313,256.462192276254,260.44866943359375,5145868,0.0,0.0,POWERGRID
2026-01-01,259.95648413038066,263.3523383128031,259.95648413038066,262.6141052246094,4298196,0.0,0.0,POWERGRID
2026-01-02,263.3031512115236,267.83098710927277,262.0727626544604,266.69903564453125,13348375,0.0,0.0,POWERGRID
2026-01-05,266.994312681551,268.51998245278963,264.4843320801499,267.3880310058594,11526602,0.0,0.0,POWERGRID
2026-01-06,261.826689239789,269.0121465154427,261.826689239789,264.336669921875,11777253,0.0,0.0,POWERGRID
2026-01-07,264.2874433399749,264.7303952046605,259.31668593698873,259.95648193359375,14877056,0.0,0.0,POWERGRID
2026-01-08,259.8580693635278,261.1376614774559,253.90300062279385,255.23179626464844,11762204,0.0,0.0,POWERGRID
2026-01-09,256.21609710801266,259.66118501401473,252.22965026086615,253.9521942138672,14100782,0.0,0.0,POWERGRID
2026-01-12,253.95218660729736,255.42865280850256,250.31023964820267,254.49354553222656,9698555,0.0,0.0,POWERGRID
2026-01-13,254.9857017244025,255.87160547890193,252.0820028762848,254.7396240234375,9734559,0.0,0.0,POWERGRID
2026-01-14,253.06631862445653,255.62553277224967,252.7218038286182,254.2967071533203,15435341,0.0,0.0,POWERGRID
2026-01-15,254.2967071533203,254.2967071533203,254.2967071533203,254.2967071533203,0,0.0,0.0,POWERGRID
2026-01-16,254.247463861604,257.4464739142584,252.18043524322158,253.26315307617188,9648251,0.0,0.0,POWERGRID
2026-01-19,252.8694481462882,254.7396327297838,252.62337043691292,253.60768127441406,10588722,0.0,0.0,POWERGRID
2026-01-20,253.6076730971206,253.80454727378597,249.42435217262718,250.0641632080078,12452441,0.0,0.0,POWERGRID
2026-01-21,248.09554704382694,254.78886367385735,248.09554704382694,251.78671264648438,14263346,0.0,0.0,POWERGRID
2026-01-22,252.5741689373688,255.77317918491843,251.44220245352398,255.18258666992188,15520530,0.0,0.0,POWERGRID
2026-01-23,255.18257345682696,255.87160302844288,248.63691268160198,250.16258239746094,18022018,0.0,0.0,POWERGRID
2026-01-27,252.4757134496069,254.29669438867603,248.09553351059708,250.3594512939453,17375059,0.0,0.0,POWERGRID
2026-01-28,250.01496218897734,256.65906059360566,250.01496218897734,255.7239532470703,16046343,0.0,0.0,POWERGRID
2026-01-29,258.48002255871006,258.922944396248,254.690419964049,256.4129638671875,26914029,0.0,0.0,POWERGRID
2026-01-30,257.2004031484754,258.283151049383,250.06416478118865,252.47572326660156,23292764,0.0,0.0,POWERGRID
2026-02-02,247.30810661559937,266.9451205295456,246.07771802547202,266.15765380859375,37109237,0.0,0.0,POWERGRID
2026-02-03,271.7189895510991,280.0364279866007,268.96293127359803,278.7568359375,52651170,0.0,0.0,POWERGRID
2026-02-04,284.2689655791635,287.418772360269,278.46153748786,284.85955810546875,27775044,0.0,0.0,POWERGRID
2026-02-05,286.43444004859606,286.43444004859606,281.66052670669654,284.8103332519531,9870342,0.0,0.0,POWERGRID
2026-02-06,287.615623505425,288.89521551091485,284.85953528307425,288.156982421875,19951107,0.0,0.0,POWERGRID
2026-02-09,291.14306524768796,291.19282114262774,286.66394116695426,288.40582275390625,13114576,3.25,0.0,POWERGRID
2026-02-10,288.6546709311443,293.93007173224254,285.1709076612857,292.9844970703125,21823214,0.0,0.0,POWERGRID
2026-02-11,296.26918224120493,296.26918224120493,290.84448326094775,293.08404541015625,10508852,0.0,0.0,POWERGRID
2026-02-12,293.08402677474925,294.62682400681587,290.3965402161774,292.53656005859375,10482579,0.0,0.0,POWERGRID
2026-02-13,290.6453961706392,292.9347141955537,285.51929337502247,285.86767578125,10914157,0.0,0.0,POWERGRID
2026-02-16,286.66394550748754,299.5538815965073,285.9174248160618,299.10595703125,22196951,0.0,0.0,POWERGRID
2026-02-17,297.91151187563327,300.2008602223851,295.6221939048862,299.35479736328125,11190989,0.0,0.0,POWERGRID
2026-02-18,298.06082801511553,300.84782633197483,297.065467133951,299.15570068359375,9147320,0.0,0.0,POWERGRID
2026-02-19,298.7078100720766,300.2008514116145,291.7402838208999,293.2830810546875,7552362,0.0,0.0,POWERGRID
2026-02-20,294.1789198191354,300.6487660644475,292.8849627204753,297.56317138671875,11762183,0.0,0.0,POWERGRID
2026-02-23,300.59900567122924,302.8883236964689,297.61292283343556,301.9427490234375,11774742,0.0,0.0,POWERGRID
2026-02-24,302.58970976860905,304.77951587128337,299.40454277853803,303.385986328125,15863867,0.0,0.0,POWERGRID
2026-02-25,305.5758057633874,310.2540142886686,303.7343819661595,305.82464599609375,14240500,0.0,0.0,POWERGRID
2026-02-26,305.6753463222962,306.2725689528481,300.0017768960609,301.84320068359375,14249515,0.0,0.0,POWERGRID
2026-02-27,304.3813507187842,304.3813507187842,296.5180056930479,297.2645263671875,21400679,0.0,0.0,POWERGRID
2026-03-02,288.65465390000884,297.21476350465804,288.1569734622502,295.423095703125,15690227,0.0,0.0,POWERGRID
2026-03-04,294.6268417950837,294.6268417950837,287.5597729606086,290.59564208984375,28191826,0.0,0.0,POWERGRID
2026-03-05,290.6454007377213,298.7078306005099,290.54585856637704,298.06085205078125,19467441,0.0,0.0,POWERGRID
2026-03-06,298.55851397650866,301.34551234490385,295.6221871723747,297.76220703125,15887540,0.0,0.0,POWERGRID
2026-03-09,284.17555298118066,294.8756832598065,284.17555298118066,293.83056640625,21591866,0.0,0.0,POWERGRID
2026-03-10,296.7668459177611,298.6580255503806,292.38726403800956,297.2645263671875,14627316,0.0,0.0,POWERGRID
2026-03-11,297.26452030279364,301.49480403661744,296.6672977004649,297.413818359375,12618289,0.0,0.0,POWERGRID
2026-03-12,294.42775574914714,303.48554643518634,293.7310213123783,302.19158935546875,15284297,0.0,0.0,POWERGRID
2026-03-13,307.2181239360654,308.064186743842,297.3143015862189,299.5538635253906,23615092,0.0,0.0,POWERGRID
2026-03-16,299.55388046738534,301.59435819918923,290.0481654734583,296.36871337890625,25911819,0.0,0.0,POWERGRID
2026-03-17,300.5989975921273,300.5989975921273,290.794686463011,297.115234375,12300000,0.0,0.0,POWERGRID
2026-03-18,298.16034542306966,302.7887979085387,296.1696236232134,298.01104736328125,8691698,0.0,0.0,POWERGRID
2026-03-19,296.2691830829642,299.105967888556,294.57708767991363,295.3236083984375,8594078,0.0,0.0,POWERGRID
2026-03-20,298.70782373308566,303.5850862567638,295.224060448172,296.21942138671875,28392470,0.0,0.0,POWERGRID
2026-03-23,296.6175614162459,302.93810948806833,291.74029886413285,300.69854736328125,23771660,0.0,0.0,POWERGRID
2026-03-24,307.56652423769333,307.56652423769333,291.0435268927652,297.6129150390625,24123621,0.0,0.0,POWERGRID
2026-03-25,298.5087321315655,300.8478363554357,292.83519314550244,293.6314697265625,16423641,0.0,0.0,POWERGRID
2026-03-27,293.08403358024793,295.9207878872727,288.9532614820802,294.129150390625,27444747,0.0,0.0,POWERGRID
2026-03-30,290.69514937580664,296.518016929961,290.64539347938,294.72637939453125,23105779,0.0,0.0,POWERGRID
2026-04-01,303.5850651469023,304.4808838541024,288.8537364311588,291.441650390625,18635698,0.0,0.0,POWERGRID
2026-04-02,288.85375967094774,290.6453972294945,282.1848291594578,288.60491943359375,17222200,0.0,0.0,POWERGRID
2026-04-06,293.5319214953094,294.2286862713446,285.96717262751497,293.78076171875,9291741,0.0,0.0,POWERGRID
2026-04-07,291.1430615330052,294.8756648859925,289.6500201918103,294.02960205078125,9318575,0.0,0.0,POWERGRID
2026-04-08,299.6036414088905,300.3501621100755,292.23797656573345,293.482177734375,10887876,0.0,0.0,POWERGRID
2026-04-09,294.07940163710174,299.3050465679028,292.4868180591804,296.71710205078125,17644642,0.0,0.0,POWERGRID
2026-04-10,299.7031805686142,302.09204071322125,298.35943724477124,301.34552001953125,13245074,0.0,0.0,POWERGRID
2026-04-13,298.55852673741805,300.94738692328997,296.2691783449533,298.9566650390625,15681799,0.0,0.0,POWERGRID
2026-04-15,301.9924846181349,311.94609340829095,299.852464803452,311.0005187988281,21897202,0.0,0.0,POWERGRID
2026-04-16,313.5386952139837,315.5294170883582,309.05957099664107,310.80145263671875,21510277,0.0,0.0,POWERGRID
2026-04-17,311.84654770506387,317.47036090846245,309.95536813160385,316.6242980957031,13609827,0.0,0.0,POWERGRID
2026-04-20,317.5201236548927,321.5513231057524,314.0861164367502,318.2168884277344,10955277,0.0,0.0,POWERGRID
2026-04-21,317.4703614832527,320.5061999848822,316.5247565068091,317.8684997558594,8342335,0.0,0.0,POWERGRID
2026-04-22,318.26666259765625,320.50622472695954,314.5340590488174,318.26666259765625,7112538,0.0,0.0,POWERGRID
2026-04-23,318.5154964564133,320.3569202455029,316.5745304994801,317.66943359375,7294961,0.0,0.0,POWERGRID
2026-04-24,314.5340516474332,316.4252313258086,313.04101026303084,314.93218994140625,9980241,0.0,0.0,POWERGRID
2026-04-27,316.52477530018064,323.4425459044702,315.47965847553485,319.41131591796875,9334181,0.0,0.0,POWERGRID
2026-04-28,321.3025010439062,321.3025010439062,316.17639824999117,317.5201416015625,9083528,0.0,0.0,POWERGRID
2026-04-29,318.61502086624694,322.2978378631595,316.7735971797891,318.8638610839844,10372929,0.0,0.0,POWERGRID
2026-04-30,318.1173395128315,319.7596788699591,314.4842784195485,316.8731384277344,9521058,0.0,0.0,POWERGRID
2026-05-01,316.8731384277344,316.8731384277344,316.8731384277344,316.8731384277344,0,0.0,0.0,POWERGRID
2026-05-04,312.5433248235471,322.3973917284517,312.5433248235471,317.56988525390625,7370269,0.0,0.0,POWERGRID
2026-05-05,317.4205813812297,319.80944143928525,313.5386799898889,317.9680480957031,8569582,0.0,0.0,POWERGRID
2026-05-06,318.5652387708247,320.00852420301266,313.1405401786775,314.4842834472656,4884118,0.0,0.0,POWERGRID
2026-05-07,314.285204186724,315.28056508676116,311.05028126160335,312.34423828125,9126203,0.0,0.0,POWERGRID
2026-05-08,313.73776189246735,313.73776189246735,309.1590957639243,312.4935607910156,7929393,0.0,0.0,POWERGRID
2026-05-11,312.4935716554104,312.59308344618347,308.5121279923429,309.45770263671875,8204425,0.0,0.0,POWERGRID
2026-05-12,308.0144394232139,309.308396429234,304.08275175906994,304.8790283203125,7952584,0.0,0.0,POWERGRID
2026-05-13,302.83856089830795,303.9832198848426,294.2784508831712,300.101318359375,23775882,0.0,0.0,POWERGRID
2026-05-14,304.58044261663736,306.1232398977903,299.2054997044859,300.35015869140625,14012601,0.0,0.0,POWERGRID
2026-05-15,306.3720879688044,306.72047037617483,301.49482539363476,304.43115234375,10092811,0.0,0.0,POWERGRID
2026-05-18,294.9254151523098,297.0654653346542,288.8537381147846,295.17425537109375,16036198,0.0,0.0,POWERGRID
2026-05-19,295.22406083514085,298.60828195543473,293.1835526828422,297.21478271484375,12580156,0.0,0.0,POWERGRID
2026-05-20,296.1198679410037,299.40454676272077,293.1835411337081,298.50872802734375,5672695,0.0,0.0,POWERGRID
2026-05-21,300.9971239377358,303.0873878602485,297.3143069085499,298.16033935546875,10353164,0.0,0.0,POWERGRID
2026-05-22,297.314304518974,299.1556978307656,292.1881717290581,292.9346923828125,15105294,0.0,0.0,POWERGRID
2026-05-25,297.1152392703101,297.1152392703101,292.78541312534077,293.9798583984375,5896815,0.0,0.0,POWERGRID
2026-05-26,293.631456337903,294.57706131379916,290.6951296241227,291.19281005859375,5625947,0.0,0.0,POWERGRID
2026-05-27,290.64538309144143,299.85247142567374,290.64538309144143,298.757568359375,9883025,0.0,0.0,POWERGRID
2026-05-28,298.757568359375,298.757568359375,298.757568359375,298.757568359375,0,0.0,0.0,POWERGRID
2026-05-29,301.59434233172163,301.59434233172163,284.12577128766173,289.20208740234375,77407363,0.0,0.0,POWERGRID
2026-06-01,289.65001610931427,290.99375937265097,283.379254715081,284.822509765625,17628347,0.0,0.0,POWERGRID
2026-06-02,280.442926178826,283.92668923694805,277.10846117656564,280.841064453125,15198142,0.0,0.0,POWERGRID
2026-06-03,280.6917918256782,284.6732356813616,279.04945231041,283.7276306152344,13002063,0.0,0.0,POWERGRID
2026-06-04,278.70105781043566,284.7229792305807,278.70105781043566,283.27972412109375,16292818,0.0,0.0,POWERGRID
2026-06-05,282.68248972589095,285.2206478177467,281.6871288465744,284.3248291015625,6955072,0.0,0.0,POWERGRID
2026-06-08,281.6871249034171,290.74491485360386,281.28898663246446,288.9532470703125,8748933,0.0,0.0,POWERGRID
2026-06-09,291.5412143586933,291.6905124250596,283.429028742067,284.3746337890625,7973130,0.0,0.0,POWERGRID
2026-06-10,283.67786955011013,288.1569938061645,282.7322645012076,285.86767578125,8330040,0.0,0.0,POWERGRID
2026-06-11,287.908134795182,289.102580002642,284.67321193231476,285.3201904296875,12064071,0.0,0.0,POWERGRID
2026-06-12,287.55977630916897,287.55977630916897,281.38855656044547,283.4787902832031,5478294,0.0,0.0,POWERGRID
2026-06-15,288.6546736969251,288.6546736969251,282.7322639310171,284.3746337890625,9319070,0.0,0.0,POWERGRID
2026-06-16,284.7727534225044,285.07134953566197,281.5378305672834,283.8271484375,8146761,0.0,0.0,POWERGRID
2026-06-17,284.8723083820273,285.320202571883,281.9359815080639,285.0216064453125,6008101,0.0,0.0,POWERGRID
2026-06-18,285.02161347096194,288.10723848426977,281.98574435464076,287.3607177734375,8381654,0.0,0.0,POWERGRID
2026-06-19,287.6095472201896,291.54120459079974,286.3155598110233,290.89422607421875,10295261,0.0,0.0,POWERGRID
2026-06-22,287.659302073784,291.4914476402792,287.46021774201637,288.40582275390625,11678414,0.0,0.0,POWERGRID
2026-06-23,289.1026006618281,291.6905148362507,288.25653777741815,290.59564208984375,12328516,0.0,0.0,POWERGRID
2026-06-24,291.64074001299383,293.88030200968063,287.4104562414743,289.55047607421875,10221176,0.0,0.0,POWERGRID
2026-06-25,289.35141896348574,290.1476955143244,281.7368839570756,282.58294677734375,16305770,0.0,0.0,POWERGRID
2026-06-26,282.58294677734375,282.58294677734375,282.58294677734375,282.58294677734375,0,0.0,0.0,POWERGRID
2026-06-29,285.6685787817276,286.3155572926178,282.1848156258529,284.92205810546875,16957025,0.0,0.0,POWERGRID
2026-06-30,285.8676508316409,287.55974606619975,283.1304084696165,284.9718017578125,11985195,0.0,0.0,POWERGRID
2026-07-01,286.46484363320815,287.01231033233654,284.3248238573498,286.21600341796875,8147424,0.0,0.0,POWERGRID
2026-07-02,286.2160281929449,288.05745202031153,282.881593320909,286.863037109375,6456861,0.0,0.0,POWERGRID
2026-07-03,287.1616269637772,290.6453902025059,285.76812774348673,286.5146484375,10260404,0.0,0.0,POWERGRID
2026-07-06,285.86765657719536,286.6141772363879,283.3792543798869,284.07598876953125,7799856,0.0,0.0,POWERGRID
2026-07-07,284.0262447094559,286.01696655024267,282.0355228686691,283.0308837890625,7251465,0.0,0.0,POWERGRID
2026-07-08,281.5876025884303,284.07600492727465,277.9047853525436,278.4024658203125,7306244,0.0,0.0,POWERGRID
2026-07-09,278.70105649282476,282.63274426160746,278.70105649282476,280.0447998046875,6800579,0.0,0.0,POWERGRID
2026-07-10,281.78668212890625,282.48341654631867,280.04480052136836,281.78668212890625,6812700,0.0,0.0,POWERGRID
2026-07-13,281.48805073885757,285.1211423294267,280.3433917775568,284.6732177734375,8083023,0.0,0.0,POWERGRID
2026-07-14,281.0401505716436,285.61881669530766,280.9903643020365,284.822509765625,7596298,0.0,0.0,POWERGRID
2026-07-15,284.57368579490344,285.46950456294513,277.60615923634896,279.3978271484375,9907688,0.0,0.0,POWERGRID
2026-07-16,279.099188412917,283.080631986214,278.7010501307881,279.44757080078125,7143529,0.0,0.0,POWERGRID
2026-07-17,279.44759007986556,283.0308956182458,278.3526869464708,282.2345886230469,10985155,0.0,0.0,POWERGRID
2026-07-20,283.37927398233205,288.206750278243,282.0355306276329,287.3607177734375,11380170,0.0,0.0,POWERGRID
2026-07-21,287.6593131405684,289.0528123885396,283.13043299066055,285.3699951171875,7517060,0.0,0.0,POWERGRID
2026-07-22,284.32482466457805,288.4058102812913,283.0806235848486,287.9578857421875,4595987,0.0,0.0,POWERGRID
2026-07-23,285.9671642447882,289.6002557013248,285.668568135814,288.45556640625,7407258,0.0,0.0,POWERGRID
2026-07-24,285.17091134887477,288.7044305607361,285.071369178962,286.863037109375,8474555,0.0,0.0,POWERGRID
2026-07-27,286.9625430303121,289.20210511548936,285.22066140850757,287.510009765625,12143388,0.0,0.0,POWERGRID
2026-07-28,285.96719287574564,286.663957701116,281.78669505154124,283.9764709472656,7118852,0.0,0.0,POWERGRID
2026-07-29,282.6825007776399,283.42902146631326,279.74617391845624,281.537841796875,12375693,0.0,0.0,POWERGRID
2026-07-30,282.08528539275954,285.76813303515695,281.68714709044764,284.3746337890625,7903593,0.0,0.0,POWERGRID
2026-07-31,284.9718131411071,286.06671620485366,281.6871343258713,282.93133544921875,7804310,0.0,0.0,POWERGRID
2026-08-03,283.6778572959767,285.6685791015625,282.5829542277037,285.6685791015625,8749092,0.0,0.0,POWERGRID
2026-08-04,292.7356396342428,292.7356396342428,280.39317085010265,282.08526611328125,7656558,0.0,0.0,POWERGRID
2026-08-05,282.682494142358,283.87693936660054,279.94525168147254,280.44293212890625,7544704,0.0,0.0,POWERGRID
2026-08-06,278.45220541491733,279.6964065114987,268.39905447933893,269.49395751953125,18258733,0.0,0.0,POWERGRID
2026-08-07,267.4037000463713,271.5842279820348,267.1051039263971,270.34002685546875,7795199,0.0,0.0,POWERGRID
2026-08-10,270.2404840465155,270.34002621160454,267.55299746913204,268.84698486328125,8329347,0.0,0.0,POWERGRID
2026-08-11,268.74744794700246,269.5437245312584,265.41298279542207,266.70697021484375,7553241,0.0,0.0,POWERGRID
2026-08-12,266.7069708261259,268.7474485629613,265.0646010063263,268.20001220703125,6699919,0.0,0.0,POWERGRID
2026-08-13,269.0,269.0,266.04998779296875,266.6000061035156,9715149,1.25,0.0,POWERGRID
2026-08-14,267.0,268.20001220703125,265.75,266.04998779296875,6758273,0.0,0.0,POWERGRID
2026-08-17,266.04998779296875,268.0,265.25,266.1499938964844,6631423,0.0,0.0,POWERGRID
2026-08-18,266.20001220703125,268.95001220703125,266.04998779296875,268.0,6792173,0.0,0.0,POWERGRID
2026-08-19,267.04998779296875,267.5,262.04998779296875,263.5,9674185,0.0,0.0,POWERGRID
2026-08-20,264.0,267.1000061035156,262.79998779296875,264.79998779296875,7029993,0.0,0.0,POWERGRID
2026-08-21,264.6000061035156,275.95001220703125,264.20001220703125,272.3999938964844,18031357,0.0,0.0,POWERGRID
2026-08-24,274.0,274.3500061035156,268.29998779296875,271.3999938964844,7643689,0.0,0.0,POWERGRID
2026-08-25,271.3999938964844,271.70001220703125,268.3500061035156,271.0,5435918,0.0,0.0,POWERGRID
2026-08-26,270.1000061035156,271.1499938964844,265.20001220703125,265.20001220703125,5303523,0.0,0.0,POWERGRID
2026-08-27,264.79998779296875,266.29998779296875,262.29998779296875,264.8999938964844,7118715,0.0,0.0,POWERGRID
2026-08-28,266.04998779296875,267.3500061035156,265.04998779296875,266.04998779296875,5112511,0.0,0.0,POWERGRID
2026-08-31,266.04998779296875,266.04998779296875,263.1499938964844,263.54998779296875,11553385,0.0,0.0,POWERGRID
2026-09-01,263.29998779296875,264.54998779296875,261.70001220703125,264.54998779296875,8499123,0.0,0.0,POWERGRID
2026-09-02,264.0,268.3500061035156,262.3999938964844,266.79998779296875,9068868,0.0,0.0,POWERGRID
2026-09-03,269.8999938964844,270.75,265.6000061035156,265.6000061035156,9826724,0.0,0.0,POWERGRID
2026-09-04,266.8999938964844,267.5,265.04998779296875,266.0,7967122,0.0,0.0,POWERGRID
2026-09-07,266.0,268.79998779296875,264.25,266.45001220703125,7015606,0.0,0.0,POWERGRID
2026-09-08,265.6499938964844,267.25,263.0,265.75,7385483,0.0,0.0,POWERGRID
2026-09-09,265.0,269.25,264.5,265.8500061035156,11738891,0.0,0.0,POWERGRID
2026-09-10,265.8500061035156,271.75,265.29998779296875,271.75,12187656,0.0,0.0,POWERGRID
2026-09-11,269.95001220703125,274.04998779296875,268.3500061035156,269.1000061035156,11423068,0.0,0.0,POWERGRID
2026-09-14,269.1000061035156,269.1000061035156,269.1000061035156,269.1000061035156,0,0.0,0.0,POWERGRID
2026-09-15,267.1499938964844,268.5,262.79998779296875,262.79998779296875,10519594,0.0,0.0,POWERGRID
2026-09-16,264.1000061035156,266.3500061035156,262.79998779296875,262.79998779296875,7132902,0.0,0.0,POWERGRID
2026-09-17,263.5,265.70001220703125,263.25,263.75,6533662,0.0,0.0,POWERGRID
2026-09-18,264.6000061035156,270.29998779296875,263.3999938964844,270.29998779296875,17896733,0.0,0.0,POWERGRID
2026-09-21,267.75,269.04998779296875,266.1000061035156,266.1000061035156,6934502,0.0,0.0,POWERGRID
2026-09-22,267.0,268.29998779296875,265.95001220703125,265.95001220703125,7314792,0.0,0.0,POWERGRID
2026-09-23,265.95001220703125,270.8500061035156,265.95001220703125,270.20001220703125,6114433,0.0,0.0,POWERGRID
2026-09-24,270.3999938964844,270.8999938964844,265.75,266.3999938964844,8968993,0.0,0.0,POWERGRID
2026-09-25,268.70001220703125,269.75,266.8999938964844,269.5,6241140,0.0,0.0,POWERGRID
2026-09-28,269.8999938964844,269.8999938964844,261.8500061035156,261.8500061035156,10278456,0.0,0.0,POWERGRID
2026-09-29,262.29998779296875,269.20001220703125,259.54998779296875,261.5,25174350,0.0,0.0,POWERGRID
2026-09-30,261.5,262.0,258.1000061035156,260.5,9769840,0.0,0.0,POWERGRID
2026-10-01,258.20001220703125,259.0,252.35000610351562,254.5500030517578,10974555,0.0,0.0,POWERGRID
