Date,Open,High,Low,Close,Volume,Dividends,Stock Splits,Symbol
2021-10-04,28613.97681582695,28731.929729566084,28438.636854514785,28682.28125,22608,0.0,0.0,SHREECEM
2021-10-05,28682.28508549713,28815.416780188672,28106.176736245063,28170.26953125,42151,0.0,0.0,SHREECEM
2021-10-06,28221.73259104659,28331.65623459234,27425.776926442293,27527.181640625,35139,0.0,0.0,SHREECEM
2021-10-07,27620.45602906284,27757.35946218974,27291.81166621537,27477.82421875,43358,0.0,0.0,SHREECEM
2021-10-08,27634.35765370748,27634.35765370748,27147.413136367108,27181.884765625,29947,0.0,0.0,SHREECEM
2021-10-11,27179.781132509972,27513.95876938509,27054.4339163341,27441.6875,25350,0.0,0.0,SHREECEM
2021-10-12,27439.289042161043,27507.446208430214,27087.729271777895,27131.6015625,30650,0.0,0.0,SHREECEM
2021-10-13,27302.678492495037,27654.72787891393,27110.643034477085,27239.220703125,53052,0.0,0.0,SHREECEM
2021-10-14,27417.551199139303,27713.487391312185,27332.696622883537,27377.056640625,46335,0.0,0.0,SHREECEM
2021-10-18,27593.717438757576,27713.483540814133,27370.737277941877,27607.037109375,35497,0.0,0.0,SHREECEM
2021-10-19,27615.60928760497,27804.902028765606,26985.101444653283,27122.7890625,20380,0.0,0.0,SHREECEM
2021-10-20,27124.940130339688,27446.387171669125,26730.634641363155,26888.34765625,36072,0.0,0.0,SHREECEM
2021-10-21,27147.46261088679,27210.87066961469,26635.938677176408,27046.302734375,26460,0.0,0.0,SHREECEM
2021-10-22,27270.16464813723,27433.65383938609,26661.74034397229,27163.32421875,27130,0.0,0.0,SHREECEM
2021-10-25,27052.474802718265,27163.280163489326,26255.539956412453,26709.728515625,20656,0.0,0.0,SHREECEM
2021-10-26,26753.796566444846,27414.807279561617,26752.817291314303,27202.20703125,28367,0.0,0.0,SHREECEM
2021-10-27,27204.263277310085,27889.85341747493,27081.7563403293,27525.220703125,50424,0.0,0.0,SHREECEM
2021-10-28,27658.647209855157,27847.94186054143,27283.829647910243,27608.75390625,39917,0.0,0.0,SHREECEM
2021-10-29,27807.200995766878,28398.97769957919,27130.816454029016,28041.787109375,35291,0.0,0.0,SHREECEM
2021-11-01,28203.12266797046,28986.54274208075,28007.267649442885,28541.70703125,55692,0.0,0.0,SHREECEM
2021-11-02,28691.877192109092,28815.118574438366,28110.335087063737,28269.859375,21184,0.0,0.0,SHREECEM
2021-11-03,28322.594318711323,28527.262813718953,28105.1952474592,28379.931640625,33175,0.0,0.0,SHREECEM
2021-11-04,28398.980148554016,28614.12614000002,28379.934011409667,28445.201171875,2078,0.0,0.0,SHREECEM
2021-11-08,28447.940932267396,29200.90592005732,28377.87303558383,28914.615234375,38204,0.0,0.0,SHREECEM
2021-11-09,29084.468822159328,29143.225324830357,28547.336460241673,28623.8671875,18387,0.0,0.0,SHREECEM
2021-11-10,28495.923754022744,28818.986965049662,28364.70090158661,28747.40234375,23034,0.0,0.0,SHREECEM
2021-11-11,28593.36257451323,28691.192534630227,28252.085219264918,28409.30859375,18576,0.0,0.0,SHREECEM
2021-11-12,28622.688637120602,28927.68497310567,28271.27619782827,28779.814453125,23683,0.0,0.0,SHREECEM
2021-11-15,28839.64870321637,29131.472652742974,28429.577297631586,28474.57421875,12910,0.0,0.0,SHREECEM
2021-11-16,28633.85985126647,28668.721666194437,27421.90923454839,27555.775390625,46214,0.0,0.0,SHREECEM
2021-11-17,27564.63523738279,27708.049309275764,27046.3538959239,27117.15625,29245,0.0,0.0,SHREECEM
2021-11-18,27118.086608887148,27443.940404897086,26376.8250722487,26604.26171875,40803,0.0,0.0,SHREECEM
2021-11-22,26724.4173394998,26724.4173394998,25781.962605650035,26051.705078125,23769,0.0,0.0,SHREECEM
2021-11-23,25970.372600199138,26368.497610378796,25662.390617440364,26186.302734375,32528,0.0,0.0,SHREECEM
2021-11-24,26337.60278194309,26440.426663411912,26112.369517773284,26326.5859375,29212,0.0,0.0,SHREECEM
2021-11-25,26146.646429341406,26267.29236241359,25756.992465754563,26117.7578125,31286,0.0,0.0,SHREECEM
2021-11-26,25901.82988501421,25989.867110895684,25277.052287031634,25408.080078125,29540,0.0,0.0,SHREECEM
2021-11-29,25363.222492431727,25387.704367424423,24676.016261386787,25036.2421875,27395,0.0,0.0,SHREECEM
2021-11-30,24951.93118529054,25803.900578194887,24805.969456999184,25561.28515625,97672,0.0,0.0,SHREECEM
2021-12-01,25803.899071374846,25878.666343270535,25314.261517838324,25551.24609375,30525,0.0,0.0,SHREECEM
2021-12-02,25551.24782439245,26194.631613317248,25480.887285712914,25744.94921875,40560,0.0,0.0,SHREECEM
2021-12-03,25735.888694974823,25872.350296043012,25033.846001422437,25376.984375,62632,0.0,0.0,SHREECEM
2021-12-06,25396.02774612894,25607.501413436858,25000.840562077537,25081.533203125,22538,0.0,0.0,SHREECEM
2021-12-07,25118.89688932847,25549.14103802956,25082.271616693237,25212.95703125,22609,0.0,0.0,SHREECEM
2021-12-08,25402.25032881237,25734.91124762668,25314.262838381244,25610.8359375,15145,0.0,0.0,SHREECEM
2021-12-09,25705.970234335073,25916.514371492485,25323.22096101335,25869.01953125,23747,0.0,0.0,SHREECEM
2021-12-10,25759.82909670356,25977.815331050373,25640.06299811419,25859.17578125,20165,0.0,0.0,SHREECEM
2021-12-13,25950.78897052755,26084.06792305064,25633.69894250073,25885.814453125,25375,0.0,0.0,SHREECEM
2021-12-14,25803.554298252802,25950.787914324203,25430.695336049823,25912.98828125,24245,0.0,0.0,SHREECEM
2021-12-15,25867.550702844634,25867.60043165626,25561.037609148236,25707.244140625,26704,0.0,0.0,SHREECEM
2021-12-16,25852.86085666804,25950.788359912996,25398.86933415374,25819.615234375,24978,0.0,0.0,SHREECEM
2021-12-17,25632.525316480678,25786.51632339631,25321.165568669232,25681.341796875,27863,0.0,0.0,SHREECEM
2021-12-20,25598.248447432634,25598.248447432634,24481.924678533658,24942.4765625,38865,0.0,0.0,SHREECEM
2021-12-21,25069.44453053624,25735.35165087861,24845.190515009177,25301.97265625,32966,0.0,0.0,SHREECEM
2021-12-22,25307.014158551436,25724.185348543942,25144.896314347745,25654.314453125,16341,0.0,0.0,SHREECEM
2021-12-23,25706.165936473302,25843.0693576974,25375.073414499504,25787.005859375,29456,0.0,0.0,SHREECEM
2021-12-24,25901.823248044755,25960.579746906104,25392.45298413662,25765.654296875,16055,0.0,0.0,SHREECEM
2021-12-27,25618.03417687383,25901.828893285092,25373.265107079016,25750.236328125,7736,0.0,0.0,SHREECEM
2021-12-28,25835.239446269545,26195.907283122015,25782.798491977657,26163.1015625,18855,0.0,0.0,SHREECEM
2021-12-29,26072.219158660722,26190.85871453258,25911.71559403613,26063.748046875,25992,0.0,0.0,SHREECEM
2021-12-30,26048.71879850739,26288.591479677798,25559.08122710688,25866.083984375,26096,0.0,0.0,SHREECEM
2021-12-31,25902.216265867435,26757.56326353838,25902.216265867435,26428.134765625,28883,0.0,0.0,SHREECEM
2022-01-03,26440.430061095994,26783.029102895307,26332.709790476714,26682.703125,19537,0.0,0.0,SHREECEM
2022-01-04,26682.69869232231,26769.022168284686,26106.003247708653,26395.4765625,26215,0.0,0.0,SHREECEM
2022-01-05,26344.45817032861,26734.20965169768,26293.730956187246,26650.62890625,17262,0.0,0.0,SHREECEM
2022-01-06,26440.42589941278,26604.062374949837,25706.606535730054,25978.2578125,25411,0.0,0.0,SHREECEM
2022-01-07,26106.15210983672,26701.159268556177,26021.836907603836,26485.71875,32658,0.0,0.0,SHREECEM
2022-01-10,26440.427588960345,26672.466057872203,26264.207800514072,26386.6171875,21424,0.0,0.0,SHREECEM
2022-01-11,26440.91750465084,26655.86839045928,26244.57284585998,26478.1796875,26722,0.0,0.0,SHREECEM
2022-01-12,26557.93901831334,26718.245576901394,26032.068323149833,26161.822265625,41881,0.0,0.0,SHREECEM
2022-01-13,26330.748092242615,26391.463146605864,25813.69085508462,26298.7265625,32020,0.0,0.0,SHREECEM
2022-01-14,26273.946005839804,26587.313979073824,26026.434270730748,26517.24609375,24063,0.0,0.0,SHREECEM
2022-01-17,26445.32369914982,27357.763260589658,26102.087781484497,26974.474609375,47661,0.0,0.0,SHREECEM
2022-01-18,26979.032155747394,27066.824561244568,26293.539505692104,26592.7578125,44022,0.0,0.0,SHREECEM
2022-01-19,26391.951994392348,26537.863975511973,25803.897332229026,25855.064453125,48367,0.0,0.0,SHREECEM
2022-01-20,26027.95695922178,26159.374908373582,25416.98686137279,25532.001953125,40050,0.0,0.0,SHREECEM
2022-01-21,25348.536864989797,25348.536864989797,24297.334736568748,24518.306640625,133581,0.0,0.0,SHREECEM
2022-01-24,24660.690107541577,24765.814895729724,23573.694863048207,23816.849609375,50537,0.0,0.0,SHREECEM
2022-01-25,23600.531096923154,24160.626753477936,23013.015736189373,23989.79296875,43208,0.0,0.0,SHREECEM
2022-01-27,23884.51617735977,23884.51617735977,23259.886029190853,23465.19140625,38764,0.0,0.0,SHREECEM
2022-01-28,23447.66307121567,24088.011376687013,23447.66307121567,23624.71484375,24109,0.0,0.0,SHREECEM
2022-01-31,24041.201343607983,24041.201343607983,23708.835024784566,23764.1640625,19599,0.0,0.0,SHREECEM
2022-02-01,24080.373716323742,25103.71615363803,23835.604680227643,24961.37890625,78151,0.0,0.0,SHREECEM
2022-02-02,25059.65068170697,25348.144753684493,24638.562374042493,24741.826171875,25400,0.0,0.0,SHREECEM
2022-02-03,24756.074616431593,24873.537900037514,24199.89608645853,24286.904296875,21469,0.0,0.0,SHREECEM
2022-02-04,24290.91607646717,24701.232296424423,24114.646578633503,24211.64453125,34121,0.0,0.0,SHREECEM
2022-02-07,23981.46996157931,24604.288978099565,23796.38695195301,24350.216796875,39058,0.0,0.0,SHREECEM
2022-02-08,24403.536452865046,24511.011899321787,23999.14554945623,24250.76953125,29111,0.0,0.0,SHREECEM
2022-02-09,24408.430168370713,25068.461539824348,24166.40196172454,24938.365234375,32205,0.0,0.0,SHREECEM
2022-02-10,24983.34511319196,25074.481192044386,24704.886215353174,24767.916015625,19294,45.0,0.0,SHREECEM
2022-02-11,24427.11313414418,24696.44980059645,24211.341067872178,24427.408203125,19479,0.0,0.0,SHREECEM
2022-02-14,24083.76084956784,24162.241536654008,23064.49292603623,23141.20703125,35182,0.0,0.0,SHREECEM
2022-02-15,23156.70617030135,24498.578294404648,23141.20546923516,24436.13671875,53569,0.0,0.0,SHREECEM
2022-02-16,24458.015006697016,24706.307890971246,24099.161307670725,24443.15234375,35980,0.0,0.0,SHREECEM
2022-02-17,24711.358884379177,24711.358884379177,24112.453194608002,24254.306640625,30441,0.0,0.0,SHREECEM
2022-02-18,24122.999923798645,24270.151204342354,23652.213543706013,23887.1171875,36614,0.0,0.0,SHREECEM
2022-02-21,23877.746090224104,24518.344619267504,23593.303451589294,24209.669921875,65698,0.0,0.0,SHREECEM
2022-02-22,23535.378274711373,24083.76210429595,23455.91657489679,23930.4296875,62313,0.0,0.0,SHREECEM
2022-02-23,24132.811599237466,24328.375280758948,23687.43369411333,24136.1953125,46904,0.0,0.0,SHREECEM
2022-02-24,23642.604654888382,23769.0551430423,22398.390558692998,22712.55859375,93756,0.0,0.0,SHREECEM
2022-02-25,23166.813908166183,23632.497939252702,23053.702846510525,23527.970703125,46935,0.0,0.0,SHREECEM
2022-02-28,23416.672782773825,24030.78410083065,23112.855218192784,23951.02734375,39994,0.0,0.0,SHREECEM
2022-03-02,23647.21120679067,23740.407019470407,23206.738365809586,23478.134765625,44055,0.0,0.0,SHREECEM
2022-03-03,23569.712701573055,23765.914422222126,22316.42439408397,22393.533203125,80837,0.0,0.0,SHREECEM
2022-03-04,22464.11693754055,22464.11693754055,21696.62520816201,22122.087890625,92672,0.0,0.0,SHREECEM
2022-03-07,21729.193532102057,21945.310498829833,21238.836753586602,21572.72265625,55412,0.0,0.0,SHREECEM
2022-03-08,21567.47454213815,22272.769924102246,21299.659188487763,22154.951171875,51900,0.0,0.0,SHREECEM
2022-03-09,22154.114009362165,22266.832264404744,21433.613113720556,21547.5078125,246411,0.0,0.0,SHREECEM
2022-03-10,21876.49277780334,22317.848950280415,21631.240616617208,21776.037109375,342415,0.0,0.0,SHREECEM
2022-03-11,21729.338668510954,22008.33787416998,21503.020769875304,21969.29296875,45123,0.0,0.0,SHREECEM
2022-03-14,21969.29034293343,21999.06356468261,21542.944475276665,21936.76953125,31448,0.0,0.0,SHREECEM
2022-03-15,21898.123535243587,22416.046253268843,21877.52235487953,22367.486328125,83329,0.0,0.0,SHREECEM
2022-03-16,22514.146675694712,23264.470697059267,22330.600355501512,23147.337890625,58201,0.0,0.0,SHREECEM
2022-03-17,23348.984499985487,23921.89349322071,23251.276431605944,23632.69140625,65189,0.0,0.0,SHREECEM
2022-03-21,23728.68553841297,23728.68553841297,22889.87337900642,22946.0859375,50943,0.0,0.0,SHREECEM
2022-03-22,22902.43046765292,23219.982172960434,22594.589214289474,22929.408203125,39121,0.0,0.0,SHREECEM
2022-03-23,23014.460795101055,23200.852421318836,22832.974211678476,22968.548828125,39577,0.0,0.0,SHREECEM
2022-03-24,22968.546959767373,23181.230364479834,22759.592153688904,22831.74609375,29951,0.0,0.0,SHREECEM
2022-03-25,23049.729309106024,23049.729309106024,22711.331143381773,22817.623046875,34349,0.0,0.0,SHREECEM
2022-03-28,22966.931927493224,23004.355871570624,22470.00127050724,22756.99609375,28362,0.0,0.0,SHREECEM
2022-03-29,22788.83131670681,23289.14573648815,22788.83131670681,23196.490234375,31238,0.0,0.0,SHREECEM
2022-03-30,23387.24151700491,23691.354137402206,23259.219913902176,23631.66015625,34361,0.0,0.0,SHREECEM
2022-03-31,23847.340642767867,23867.5011380965,23451.748881930474,23576.189453125,22006,0.0,0.0,SHREECEM
2022-04-01,23539.30026347867,24182.84187518286,23496.185703924533,24145.416015625,34916,0.0,0.0,SHREECEM
2022-04-04,24123.00218869428,24348.6341733791,23866.909119664022,24294.728515625,23605,0.0,0.0,SHREECEM
2022-04-05,24250.53212088935,24790.08684040752,24213.744299104023,24680.1640625,32602,0.0,0.0,SHREECEM
2022-04-06,24525.21247232948,24798.42333927123,24189.657748870177,24263.283203125,33643,0.0,0.0,SHREECEM
2022-04-07,24260.34090901915,24590.40046200937,24100.43651887883,24272.603515625,30112,0.0,0.0,SHREECEM
2022-04-08,24279.961662210393,24809.706280294984,24134.62486202387,24780.9140625,29884,0.0,0.0,SHREECEM
2022-04-11,24780.91358012602,25008.702995055417,24477.143904703164,24724.99609375,35975,0.0,0.0,SHREECEM
2022-04-12,24623.312977729493,24917.565706442907,24378.060856437365,24645.533203125,46653,0.0,0.0,SHREECEM
2022-04-13,24645.535974269045,25030.77728329837,24642.93591828456,24881.861328125,36907,0.0,0.0,SHREECEM
2022-04-18,24691.986624483536,25015.769281457127,24427.114300740566,24952.296875,34525,0.0,0.0,SHREECEM
2022-04-19,24917.615190331268,25285.83633711266,24181.27061440925,24388.75390625,38327,0.0,0.0,SHREECEM
2022-04-20,24622.33505305651,25285.496872087795,24407.543984740343,25225.5078125,46140,0.0,0.0,SHREECEM
2022-04-21,25260.9702799365,25604.323274032726,25138.441928265413,25561.69921875,20640,0.0,0.0,SHREECEM
2022-04-22,25311.100657246494,25520.938780415727,25119.558727710602,25364.22265625,17334,0.0,0.0,SHREECEM
2022-04-25,25212.412237984954,25529.130490253778,25030.43513753375,25162.478515625,26453,0.0,0.0,SHREECEM
2022-04-26,25481.69485024522,25830.68861128371,25349.74921184838,25674.267578125,26557,0.0,0.0,SHREECEM
2022-04-27,25517.010823107892,25584.70040623789,24958.767197562767,25089.095703125,26064,0.0,0.0,SHREECEM
2022-04-28,25398.31211998758,25579.798707171733,24998.453406241297,25381.2421875,27928,0.0,0.0,SHREECEM
2022-04-29,25381.442440011695,25839.768934270298,25288.00136214574,25429.216796875,34276,0.0,0.0,SHREECEM
2022-05-02,25322.625306889993,25785.56360912346,25115.239723254825,25732.048828125,33592,0.0,0.0,SHREECEM
2022-05-04,25701.443165833945,25701.443165833945,24631.260548587696,24715.0390625,29265,0.0,0.0,SHREECEM
2022-05-05,24944.40256361823,25604.326330638953,24542.972665550515,24612.18359375,33435,0.0,0.0,SHREECEM
2022-05-06,24378.065957668856,24583.29220929784,23397.057267219407,23518.359375,43939,0.0,0.0,SHREECEM
2022-05-09,23426.48384904833,23728.339409283326,23053.75042205899,23601.3984375,35191,0.0,0.0,SHREECEM
2022-05-10,23544.499988686486,24051.288616376827,23445.270591828823,23839.095703125,33489,0.0,0.0,SHREECEM
2022-05-11,23995.472532058422,24270.15496496833,22809.48284394848,22938.240234375,43449,0.0,0.0,SHREECEM
2022-05-12,22731.92871509057,22938.235566812597,22081.37255217533,22197.671875,43801,0.0,0.0,SHREECEM
2022-05-13,22563.1985191621,22641.72902650809,21974.593340401345,22136.802734375,44842,0.0,0.0,SHREECEM
2022-05-16,22411.13927251127,22411.13927251127,21278.074450460474,21563.400390625,51382,0.0,0.0,SHREECEM
2022-05-17,21592.001708866876,21801.25163314005,21376.179792649215,21617.3125,43000,0.0,0.0,SHREECEM
2022-05-18,21695.006295208976,22158.43516468528,21561.53930196064,22073.970703125,57388,0.0,0.0,SHREECEM
2022-05-19,21292.986766223963,21876.491438816658,21292.986766223963,21794.4296875,28366,0.0,0.0,SHREECEM
2022-05-20,22239.464540018856,23519.680738727486,21405.754780334508,21583.365234375,50620,0.0,0.0,SHREECEM
2022-05-23,21390.940857550206,21753.766479911592,21336.93557144955,21524.994140625,56200,0.0,0.0,SHREECEM
2022-05-24,21583.165430967507,21679.10881722252,21165.30567670758,21236.28125,39072,0.0,0.0,SHREECEM
2022-05-25,21331.931070686405,21365.383075692527,20679.608350922408,20850.158203125,34128,0.0,0.0,SHREECEM
2022-05-26,20826.811575006926,21450.782831400225,20283.33283678018,21279.251953125,67112,0.0,0.0,SHREECEM
2022-05-27,21287.886234985504,21568.45468951112,21248.695708537278,21510.625,17959,0.0,0.0,SHREECEM
2022-05-30,21484.283541759625,22209.691492763446,21484.283541759625,22033.845703125,30978,0.0,0.0,SHREECEM
2022-05-31,21964.782537201685,22015.6474498663,21592.096987140223,21696.28125,59959,0.0,0.0,SHREECEM
2022-06-01,21680.29156472994,21751.414693166273,21189.787230686277,21377.650390625,29100,0.0,0.0,SHREECEM
2022-06-02,21336.936236841193,21365.38548515698,21007.317359803095,21223.875,38808,0.0,0.0,SHREECEM
2022-06-03,21395.796721308994,21434.00623835754,20159.7259341082,20246.0546875,105159,0.0,0.0,SHREECEM
2022-06-06,20208.725698028124,20208.725698028124,19534.822661531423,19622.818359375,69175,0.0,0.0,SHREECEM
2022-06-07,19433.974346214032,19611.439171873073,19131.62828474476,19409.646484375,72631,0.0,0.0,SHREECEM
2022-06-08,19522.070125502647,19526.189594995605,19144.381834129857,19211.826171875,72900,0.0,0.0,SHREECEM
2022-06-09,19155.173151581545,19203.09503655365,18717.69315045644,18833.40234375,60727,0.0,0.0,SHREECEM
2022-06-10,18616.59711142167,18964.462320021652,18404.551754529537,18814.61328125,64693,0.0,0.0,SHREECEM
2022-06-13,18250.144335757945,18978.54324769965,18238.32433131832,18772.23828125,46950,0.0,0.0,SHREECEM
2022-06-14,18764.732712003777,19056.042452639602,18539.296166773438,18844.046875,36353,0.0,0.0,SHREECEM
2022-06-15,18979.71991252579,19007.040617380953,18689.193847830946,18947.39453125,30378,0.0,0.0,SHREECEM
2022-06-16,19065.903116726982,19119.80877564272,18295.811326316347,18356.486328125,49042,0.0,0.0,SHREECEM
2022-06-17,18382.529087939532,18382.529087939532,17638.7273329362,17703.033203125,75217,0.0,0.0,SHREECEM
2022-06-20,17608.123954387625,18152.093241406845,17525.9146645261,18064.29296875,37518,0.0,0.0,SHREECEM
2022-06-21,18152.578933620796,18325.236407265264,18064.2881800526,18199.029296875,26893,0.0,0.0,SHREECEM
2022-06-22,18199.031430237137,18236.947791503913,17790.588929474095,18145.46875,27406,0.0,0.0,SHREECEM
2022-06-23,18145.419542995583,18292.67045481561,17893.252452305405,18181.619140625,20770,0.0,0.0,SHREECEM
2022-06-24,18246.763591717572,18577.75634244271,18208.944936247422,18436.736328125,30264,0.0,0.0,SHREECEM
2022-06-27,18541.06115684632,18821.97256529399,18494.070465205317,18738.734375,28772,0.0,0.0,SHREECEM
2022-06-28,18727.45390862065,18984.478158178463,18457.67654744356,18871.564453125,37399,0.0,0.0,SHREECEM
2022-06-29,18738.243669127573,19218.937842096137,18650.100437147852,19015.966796875,125068,0.0,0.0,SHREECEM
2022-06-30,19031.564150126487,19079.633564732478,18511.629665612723,18648.67578125,54351,0.0,0.0,SHREECEM
2022-07-01,18688.212381115216,18905.996273430577,18539.93255951477,18848.90234375,17699,0.0,0.0,SHREECEM
2022-07-04,18900.057038919414,19156.29756935046,18689.19006067095,18926.005859375,18325,0.0,0.0,SHREECEM
2022-07-05,19020.676990507327,19319.001306292565,18937.193546406346,19194.16796875,35621,0.0,0.0,SHREECEM
2022-07-06,19080.615296158445,19718.27082019459,19031.56487123259,19611.193359375,25203,0.0,0.0,SHREECEM
2022-07-07,19679.032313813892,19789.8364676325,19541.74092806742,19634.494140625,19677,0.0,0.0,SHREECEM
2022-07-08,19938.998834854687,19961.562031568177,19482.82985782111,19554.248046875,21583,0.0,0.0,SHREECEM
2022-07-11,19541.641011538075,19660.000079405396,19388.751208218295,19477.091796875,16712,0.0,0.0,SHREECEM
2022-07-12,19424.01701248267,20110.67310660485,19214.0812054186,19582.98828125,26628,0.0,0.0,SHREECEM
2022-07-13,19556.34523612306,19745.124435989106,19321.84607378946,19404.978515625,22871,45.0,0.0,SHREECEM
2022-07-14,19467.853242708592,19611.354150360763,19049.98265542823,19234.533203125,21860,0.0,0.0,SHREECEM
2022-07-15,19172.841101535905,19461.713427880066,19123.779701289666,19371.306640625,19672,0.0,0.0,SHREECEM
2022-07-18,19466.872525908802,19761.840037286784,19448.191250188196,19719.265625,18144,0.0,0.0,SHREECEM
2022-07-19,19644.835012795236,19848.362582747617,19568.439200334433,19731.5546875,16234,0.0,0.0,SHREECEM
2022-07-20,19949.635605829088,20033.209732319745,19775.554848329586,19869.20703125,19629,0.0,0.0,SHREECEM
2022-07-21,19869.203592084465,20165.941619159265,19763.8026565929,20100.015625,21427,0.0,0.0,SHREECEM
2022-07-22,20105.968532411724,20536.81697014046,20009.612479979998,20431.416015625,45573,0.0,0.0,SHREECEM
2022-07-25,20352.757952313226,20466.172574511453,19970.479295673056,20332.16015625,27434,0.0,0.0,SHREECEM
2022-07-26,20303.59800824721,20392.08826591027,20057.791736960924,20305.908203125,21917,0.0,0.0,SHREECEM
2022-07-27,20276.067169997263,20775.54550005054,20195.196908881357,20670.83203125,25232,0.0,0.0,SHREECEM
2022-07-28,20795.20917541958,21259.291384913577,19703.779473697043,20072.98046875,116841,0.0,0.0,SHREECEM
2022-07-29,20082.371057828048,20367.408375543622,19834.056810581693,20154.146484375,54333,0.0,0.0,SHREECEM
2022-08-01,20279.260649692154,20633.123697626623,20205.272971293623,20595.61328125,32066,0.0,0.0,SHREECEM
2022-08-02,20549.401959846444,20931.77853636771,20461.009650597625,20756.8125,32690,0.0,0.0,SHREECEM
2022-08-03,20844.369508118678,20932.859756030502,20484.50916661059,20604.904296875,23018,0.0,0.0,SHREECEM
2022-08-04,20696.88871202927,20893.287929142232,20195.393972978683,20340.86328125,28415,0.0,0.0,SHREECEM
2022-08-05,20442.574307571656,20920.07790326783,20352.855028130325,20881.142578125,32998,0.0,0.0,SHREECEM
2022-08-08,20844.323520385526,20915.46139719806,20651.169705312688,20840.046875,20766,0.0,0.0,SHREECEM
2022-08-10,20883.70051053568,21090.177775470358,20505.158858155446,20750.8671875,25095,0.0,0.0,SHREECEM
2022-08-11,20854.645892241413,21090.178231262424,20795.358571388617,20837.439453125,17013,0.0,0.0,SHREECEM
2022-08-12,20941.661329292627,20942.694483785024,20696.88821050116,20797.373046875,16651,0.0,0.0,SHREECEM
2022-08-16,20849.28728892627,21237.563247174316,20696.887405418434,21080.88671875,31930,0.0,0.0,SHREECEM
2022-08-17,21099.811153002465,21434.303506551976,21002.913567859334,21061.611328125,28971,0.0,0.0,SHREECEM
2022-08-18,21041.015634032836,21308.796586779663,20846.8786200774,21259.783203125,27367,0.0,0.0,SHREECEM
2022-08-19,21286.820408074702,21409.7235282137,20977.104545324422,21063.82421875,26082,0.0,0.0,SHREECEM
2022-08-22,21031.18281197309,21111.56145595994,20469.171784389262,20580.32421875,50277,0.0,0.0,SHREECEM
2022-08-23,20549.349817026203,20938.31511119455,20394.050217230626,20772.248046875,41131,0.0,0.0,SHREECEM
2022-08-24,20829.621048188063,21084.71799922941,20726.382426046937,20989.88671875,19541,0.0,0.0,SHREECEM
2022-08-25,21041.0153378866,21567.97401695422,20991.21460676461,21348.37109375,88611,0.0,0.0,SHREECEM
2022-08-26,21348.369689442054,21828.281404007572,21217.99444499685,21727.20703125,35767,0.0,0.0,SHREECEM
2022-08-29,21055.76462381753,21853.160146111066,21050.848498525957,21528.5,33834,0.0,0.0,SHREECEM
2022-08-30,21591.621850939708,22171.724623801932,21532.628348614737,21702.82421875,52105,0.0,0.0,SHREECEM
2022-09-01,21640.780514379654,21680.94486833615,21183.58092604769,21224.041015625,34381,0.0,0.0,SHREECEM
2022-09-02,21223.89495650795,21245.33002976005,20658.540578670832,20734.642578125,87390,0.0,0.0,SHREECEM
2022-09-05,20838.32454045085,21009.405704886147,20452.06495068173,20936.451171875,40749,0.0,0.0,SHREECEM
2022-09-06,20935.81161108384,21335.984218312085,20817.72666314603,21291.099609375,31067,0.0,0.0,SHREECEM
2022-09-07,21217.996243564376,23178.988645390946,21139.33824080788,22792.189453125,227529,0.0,0.0,SHREECEM
2022-09-08,22958.30137942809,24462.635474097253,22758.608786619723,24048.15625,368238,0.0,0.0,SHREECEM
2022-09-09,24174.554434824247,25121.400163084538,23826.001152718043,24094.51953125,434043,0.0,0.0,SHREECEM
2022-09-12,24186.350866310742,24580.624076497767,23502.222168869153,23730.232421875,174699,0.0,0.0,SHREECEM
2022-09-13,23971.024992536728,24529.446851320485,23449.915753568537,23530.8359375,137542,0.0,0.0,SHREECEM
2022-09-14,23351.592472706543,23891.382968180897,23110.80029930521,23726.544921875,161087,0.0,0.0,SHREECEM
2022-09-15,23941.52583737767,24124.701400737857,23312.261913931194,23511.462890625,102259,0.0,0.0,SHREECEM
2022-09-16,23562.98723550428,23663.424053797567,22821.63558202753,22926.544921875,122585,0.0,0.0,SHREECEM
2022-09-19,23007.46571153883,23337.141832379068,22625.48278722546,23008.546875,74383,0.0,0.0,SHREECEM
2022-09-20,23123.633210412558,23324.99653638961,22431.049142552492,22852.802734375,59048,0.0,0.0,SHREECEM
2022-09-21,22903.737437814056,23015.72716246749,21434.405442113708,21654.5,135651,0.0,0.0,SHREECEM
2022-09-22,21495.610703020146,22299.545083454283,21162.74100038681,21339.42578125,175114,0.0,0.0,SHREECEM
2022-09-23,21446.149624810656,21629.96273609318,20796.335959576412,20845.791015625,85503,0.0,0.0,SHREECEM
2022-09-26,20795.20818617159,20991.85318083988,20289.928488299167,20400.443359375,100129,0.0,0.0,SHREECEM
2022-09-27,20502.455279798487,21123.31199161067,20240.62167150425,20808.23828125,129321,0.0,0.0,SHREECEM
2022-09-28,20687.054476300706,20795.20922879087,20416.27392099396,20494.833984375,78914,0.0,0.0,SHREECEM
2022-09-29,20597.335144972414,21225.861739228567,20313.52685877728,20929.9609375,655229,0.0,0.0,SHREECEM
2022-09-30,20885.661674442264,21621.11384149258,20482.539497315753,20680.265625,217810,0.0,0.0,SHREECEM
2022-10-03,20748.01351903451,20863.8381897732,20265.445930913585,20371.48828125,98780,0.0,0.0,SHREECEM
2022-10-04,20539.571300229654,20813.103741071387,20485.641790294398,20657.3125,59059,0.0,0.0,SHREECEM
2022-10-06,20760.600995910838,21086.686046543608,20573.934184400463,20963.537109375,56605,0.0,0.0,SHREECEM
2022-10-07,20893.82673603743,20986.937374280555,20559.430381243215,20926.71484375,41735,0.0,0.0,SHREECEM
2022-10-10,20746.045542384752,20888.613153931947,20628.304359744914,20787.98046875,39434,0.0,0.0,SHREECEM
2022-10-11,20854.20239562281,20893.53139589744,20373.405367265455,20453.14453125,47401,0.0,0.0,SHREECEM
2022-10-12,20555.44808017831,20743.587784867035,20338.007504679445,20659.669921875,104160,0.0,0.0,SHREECEM
2022-10-13,20519.904872078663,20777.166066394293,20392.725107842172,20722.10546875,63593,0.0,0.0,SHREECEM
2022-10-14,20990.87010937537,21138.353856455153,20619.260996127858,20833.0625,63317,0.0,0.0,SHREECEM
2022-10-17,20377.336470044647,20637.891073883577,19811.982140960175,20481.65625,179228,0.0,0.0,SHREECEM
2022-10-18,20455.99632436672,20834.537953056035,20416.667323983413,20616.1640625,74047,0.0,0.0,SHREECEM
2022-10-19,20650.673850107272,21114.80596096201,20650.673850107272,20966.2890625,62446,0.0,0.0,SHREECEM
2022-10-20,20745.06386367614,21719.43981935665,20745.06386367614,21528.3984375,69424,0.0,0.0,SHREECEM
2022-10-21,21571.959036170207,21825.926851673205,20502.455916680956,20584.013671875,108220,0.0,0.0,SHREECEM
2022-10-24,20893.530392979592,20893.530392979592,20647.724153062187,20691.427734375,7274,0.0,0.0,SHREECEM
2022-10-25,20734.247711848995,20991.85264832967,20646.101211152734,20942.34765625,93534,0.0,0.0,SHREECEM
2022-10-27,21006.60207970659,21222.911579240194,20845.45111848179,21151.33203125,52523,0.0,0.0,SHREECEM
2022-10-28,21237.65955899424,21453.969054502515,21003.16040136368,21414.4921875,42127,0.0,0.0,SHREECEM
2022-10-31,21395.468745834456,22417.53118747389,21395.468745834456,22359.029296875,74994,0.0,0.0,SHREECEM
2022-11-01,22417.531379735214,22614.176391838155,22024.24135552933,22259.673828125,48449,0.0,0.0,SHREECEM
2022-11-02,22319.20719945876,22556.164421267993,21857.28733253425,21952.66015625,78457,0.0,0.0,SHREECEM
2022-11-03,21955.4124442256,22650.748338891535,21857.631494162353,22432.572265625,129148,0.0,0.0,SHREECEM
2022-11-04,22339.854769560145,22613.191313987667,22259.03444435235,22578.384765625,49873,0.0,0.0,SHREECEM
2022-11-07,22584.678840977198,23100.871979484513,22550.461841937304,23013.462890625,49932,0.0,0.0,SHREECEM
2022-11-09,23105.785706851428,23279.71857992545,22550.607369614354,22694.501953125,57776,0.0,0.0,SHREECEM
2022-11-10,22614.17552493467,22685.85301317076,21928.867684026867,22023.798828125,34107,0.0,0.0,SHREECEM
2022-11-11,22152.059872028625,22704.878143801732,22152.059872028625,22480.45703125,45310,0.0,0.0,SHREECEM
2022-11-14,22480.45852391133,22810.82215512346,22417.532117966162,22637.724609375,27815,0.0,0.0,SHREECEM
2022-11-15,22741.994679883963,22899.212744428067,22605.32640230057,22814.26171875,38556,0.0,0.0,SHREECEM
2022-11-16,22751.82807040531,22999.550858109415,22693.66992356878,22863.669921875,31180,0.0,0.0,SHREECEM
2022-11-17,22825.570577051694,22933.72533748571,22700.455183731436,22849.85546875,29926,0.0,0.0,SHREECEM
2022-11-18,22958.30481861959,22958.30481861959,22427.363293906332,22759.693359375,39104,0.0,0.0,SHREECEM
2022-11-21,22663.336243796693,22895.47528216089,22631.873043805306,22833.92578125,21914,0.0,0.0,SHREECEM
2022-11-22,22833.926624444728,22995.617213476733,22763.62603436796,22874.38671875,26184,0.0,0.0,SHREECEM
2022-11-23,22977.96791665405,22977.96791665405,22771.686546502086,22897.44140625,23001,0.0,0.0,SHREECEM
2022-11-24,22968.084369525925,22971.083973698296,22649.569422510547,22809.78515625,33304,0.0,0.0,SHREECEM
2022-11-25,22913.074454403795,22913.074454403795,22515.851570796727,22815.095703125,44115,0.0,0.0,SHREECEM
2022-11-28,22732.3580394021,23066.458664935602,22732.3580394021,23033.126953125,22672,0.0,0.0,SHREECEM
2022-11-29,23056.62183356964,23130.363694444597,22749.609886126906,22828.857421875,31156,0.0,0.0,SHREECEM
2022-11-30,22909.091421085366,23614.11364010367,22828.02529204759,23479.166015625,46520,0.0,0.0,SHREECEM
2022-12-01,23499.08064211705,23695.725668410916,23272.9388618791,23604.77734375,37020,0.0,0.0,SHREECEM
2022-12-02,23597.401642580677,23756.684103668096,23115.621359044653,23690.66015625,28427,0.0,0.0,SHREECEM
2022-12-05,23685.890436029596,23705.554936184042,23291.46934010954,23357.099609375,23170,0.0,0.0,SHREECEM
2022-12-06,23322.097973751817,23668.14325880548,23154.94971677299,23606.9375,29434,0.0,0.0,SHREECEM
2022-12-07,23567.904246206646,24029.134729130426,23428.482167168797,23849.40234375,44520,0.0,0.0,SHREECEM
2022-12-08,23853.03884679791,24133.208046476742,23824.427382954193,24073.28125,21481,0.0,0.0,SHREECEM
2022-12-09,24073.284013503515,24200.02211646738,23800.045366592098,24031.546875,22709,0.0,0.0,SHREECEM
2022-12-12,23961.24267878237,24162.753870177752,23794.044502881043,23871.177734375,26967,0.0,0.0,SHREECEM
2022-12-13,23921.864709826237,24011.338186546098,23574.294665645244,23801.861328125,28325,0.0,0.0,SHREECEM
2022-12-14,23862.869180384037,24025.101294712975,23774.378936204615,23944.72265625,15031,0.0,0.0,SHREECEM
2022-12-15,23931.696067977897,24157.592007649957,23698.328002512993,23888.92578125,18723,0.0,0.0,SHREECEM
2022-12-16,23794.043322102043,23921.81263369753,23236.554786414774,23327.798828125,26791,0.0,0.0,SHREECEM
2022-12-19,23376.17548303538,23521.201177409625,23171.468796476773,23424.009765625,27421,0.0,0.0,SHREECEM
2022-12-20,23410.587405845243,23413.537080864877,22891.494531784152,23332.02734375,32638,0.0,0.0,SHREECEM
2022-12-21,23371.259731134327,23538.997542692305,23046.79546057167,23175.84375,35053,0.0,0.0,SHREECEM
2022-12-22,23204.111047996565,23459.30787641687,23028.507439137822,23414.962890625,36764,0.0,0.0,SHREECEM
2022-12-23,23302.379395367705,23302.379395367705,22781.86168758375,22881.01953125,27459,0.0,0.0,SHREECEM
2022-12-26,22899.259980420982,23449.915901635137,22686.983242363563,23349.626953125,15650,0.0,0.0,SHREECEM
2022-12-27,23361.425897219207,23815.675845220692,23302.432397478755,23728.21875,14980,0.0,0.0,SHREECEM
2022-12-28,23695.72553616284,24031.988529248636,23608.66018311252,23876.884765625,25314,0.0,0.0,SHREECEM
2022-12-29,23705.553888252874,23744.882886823183,22835.39979488482,22866.6171875,90610,0.0,0.0,SHREECEM
2022-12-30,23007.46190225959,23027.12639961195,22668.642996950664,22898.765625,56763,0.0,0.0,SHREECEM
2023-01-02,22905.702610525976,23125.40348204066,22750.84466357438,23061.248046875,23428,0.0,0.0,SHREECEM
2023-01-03,23076.291820525756,23390.62809946351,23058.59376970473,23334.830078125,20755,0.0,0.0,SHREECEM
2023-01-04,23302.38652735628,24177.506855346455,23263.107450081214,23604.828125,94884,0.0,0.0,SHREECEM
2023-01-05,23725.169970818897,23970.78035069464,23503.69853349924,23831.408203125,44843,0.0,0.0,SHREECEM
2023-01-06,23892.367664251542,23957.89999502432,23157.013297623977,23452.916015625,28542,0.0,0.0,SHREECEM
2023-01-09,23570.21494467711,23644.59630473298,23266.054655642736,23353.857421875,17654,0.0,0.0,SHREECEM
2023-01-10,23440.085647509495,23499.07915165591,22815.737728626587,23164.291015625,31716,0.0,0.0,SHREECEM
2023-01-11,23204.11044345981,23373.175217296317,22859.981686883075,23122.20703125,19213,0.0,0.0,SHREECEM
2023-01-12,23135.28720206673,23597.403011032788,23110.26489076841,23454.6875,37645,0.0,0.0,SHREECEM
2023-01-13,23595.436432971033,23882.783974330137,23351.59660317785,23734.80859375,42213,0.0,0.0,SHREECEM
2023-01-16,23715.38497717942,23872.700963761043,23578.225101378568,23656.78515625,25269,0.0,0.0,SHREECEM
2023-01-17,23597.40099493517,23788.54032706643,23529.214722382505,23687.416015625,18810,0.0,0.0,SHREECEM
2023-01-18,23612.197665889715,23733.67395913804,23417.469191760898,23656.294921875,22616,0.0,0.0,SHREECEM
2023-01-19,23597.397189364277,24069.34513315156,23449.81551851468,23980.36328125,28281,0.0,0.0,SHREECEM
2023-01-20,23941.526118312548,24357.43024759576,23794.042384524175,24011.28515625,44330,0.0,0.0,SHREECEM
2023-01-23,24039.802609439263,24137.68343158143,22560.098834503184,22650.60546875,67600,0.0,0.0,SHREECEM
2023-01-24,22763.871064803156,22956.041623402925,22063.618986146503,22229.14453125,84528,0.0,0.0,SHREECEM
2023-01-25,22270.047133994558,22410.254640487736,21632.96723810063,21775.2890625,47092,0.0,0.0,SHREECEM
2023-01-27,21884.178421390832,22004.475605374148,21050.84537857962,21533.8046875,52018,0.0,0.0,SHREECEM
2023-01-30,21493.296705491903,22348.702384072778,21493.296705491903,22206.478515625,54148,0.0,0.0,SHREECEM
2023-01-31,22323.336032990843,23345.300470898965,22323.336032990843,23287.2421875,82554,0.0,0.0,SHREECEM
2023-02-01,23341.95717028793,24256.160535342107,23056.626045957535,23515.7421875,111351,0.0,0.0,SHREECEM
2023-02-02,23449.91680009659,24285.56013127168,23351.594297790107,24111.873046875,72967,0.0,0.0,SHREECEM
2023-02-03,24089.013124898673,24327.740929236097,23862.871369032277,24057.15625,54355,0.0,0.0,SHREECEM
2023-02-06,23911.00280095365,23951.315032622086,23597.403903472783,23716.32421875,30089,0.0,0.0,SHREECEM
2023-02-07,23727.18689044967,24000.52345416362,23621.98181017128,23855.251953125,38892,0.0,0.0,SHREECEM
2023-02-08,23960.06034259895,24192.10142502567,23351.591981502643,23833.322265625,81785,0.0,0.0,SHREECEM
2023-02-09,23558.07190558782,23744.88466276903,22703.15773522436,22810.625,72685,0.0,0.0,SHREECEM
2023-02-10,22901.767716425402,23670.158033926164,22370.334617757253,23568.4921875,70017,0.0,0.0,SHREECEM
2023-02-13,23596.416515540262,24138.17348458325,23412.947116629908,23788.5390625,77436,0.0,0.0,SHREECEM
2023-02-14,23740.753780405317,24314.169803452274,23658.112955162673,24221.55078125,75478,0.0,0.0,SHREECEM
2023-02-15,24148.007855014006,24580.626888247156,23882.587014019304,24473.013671875,54111,0.0,0.0,SHREECEM
2023-02-16,24530.583621683967,24797.520184544406,24457.69319492503,24740.98046875,50403,45.0,0.0,SHREECEM
2023-02-17,24575.89725616629,25659.453768253083,24457.942799395714,25371.19140625,132205,0.0,0.0,SHREECEM
2023-02-20,25216.149125517833,26522.21682992658,25157.0487760049,26115.361328125,187893,0.0,0.0,SHREECEM
2023-02-21,26063.306465863876,26643.424928523425,25922.89310349422,26133.09375,128006,0.0,0.0,SHREECEM
2023-02-22,26132.205034723138,26132.205034723138,25487.02620706601,25821.830078125,93446,0.0,0.0,SHREECEM
2023-02-23,25826.80403460004,26101.81882933083,25204.330341142104,25250.28125,78884,0.0,0.0,SHREECEM
2023-02-24,25363.899041560162,25487.02476506288,24822.145858148197,25031.755859375,31612,0.0,0.0,SHREECEM
2023-02-27,24969.898641048094,25614.979365856343,24506.945885178564,25260.525390625,38186,0.0,0.0,SHREECEM
2023-02-28,25386.852644159164,25820.943962991772,25236.835480117963,25696.783203125,63139,0.0,0.0,SHREECEM
2023-03-01,25521.502914832934,26023.85592473509,25511.602835984297,25934.712890625,29240,0.0,0.0,SHREECEM
2023-03-02,25905.602341454764,26387.320194157233,25766.766544438353,26178.302734375,45919,0.0,0.0,SHREECEM
2023-03-03,26058.328695252472,26215.48714172372,25068.44787634396,25271.2109375,93972,0.0,0.0,SHREECEM
2023-03-06,25363.89894292814,25504.55853844644,24831.99581946479,25188.025390625,64371,0.0,0.0,SHREECEM
2023-03-08,24990.58145988078,25755.832829481,24989.59645410805,25624.62890625,36651,0.0,0.0,SHREECEM
2023-03-09,25738.202391581668,26053.306142023775,25122.573746547663,25177.5859375,45802,0.0,0.0,SHREECEM
2023-03-10,25019.14559700459,26264.04470683414,24772.894163963207,25789.173828125,67356,0.0,0.0,SHREECEM
2023-03-13,25639.750308120725,25758.885986908797,25119.61723980529,25380.59375,36270,0.0,0.0,SHREECEM
2023-03-14,25380.59277798766,25412.459252616587,24684.29376232741,24846.5234375,50043,0.0,0.0,SHREECEM
2023-03-15,25019.14657925353,25167.53808339797,24816.77791317088,24951.279296875,36837,0.0,0.0,SHREECEM
2023-03-16,25018.16349344242,25263.82433630964,24659.571345514232,25091.00390625,40517,0.0,0.0,SHREECEM
2023-03-17,25091.001773821226,25216.14752550995,24683.25940788101,24784.46875,41257,0.0,0.0,SHREECEM
2023-03-20,24947.39149935039,24997.62679810464,24380.47060828498,24700.203125,35356,0.0,0.0,SHREECEM
2023-03-21,24812.2957314693,24812.2957314693,24505.02394628368,24765.90234375,29461,0.0,0.0,SHREECEM
2023-03-22,24849.18421137424,25314.649479411823,24731.722267778136,25111.73828125,52197,0.0,0.0,SHREECEM
2023-03-23,25019.198370756207,25253.727876632238,24843.81731130375,25032.1015625,27917,0.0,0.0,SHREECEM
2023-03-24,25032.099977719634,25206.29786483121,24734.085709981264,25129.123046875,35202,0.0,0.0,SHREECEM
2023-03-27,25068.39850722534,25418.9624687603,24951.773431563313,25200.044921875,37651,0.0,0.0,SHREECEM
2023-03-28,25176.748467613175,25198.762962667315,24750.831571210074,24815.595703125,23209,0.0,0.0,SHREECEM
2023-03-29,24815.155788239594,25624.139988256702,24655.682946556335,25417.78125,41315,0.0,0.0,SHREECEM
2023-03-31,25447.6229262131,26028.776304438983,25364.24180675571,25794.294921875,42060,0.0,0.0,SHREECEM
2023-04-03,25905.601230720105,25989.37673937595,25442.698547586915,25867.087890625,39037,0.0,0.0,SHREECEM
2023-04-05,25812.07816909215,26201.057362063624,25757.90284761533,26137.080078125,21471,0.0,0.0,SHREECEM
2023-04-06,26005.18655188382,26174.014996585513,25612.75988044601,25772.37890625,18301,0.0,0.0,SHREECEM
2023-04-10,25733.375716582534,26078.964631191808,25529.037024366044,25610.890625,28668,0.0,0.0,SHREECEM
2023-04-11,25610.89139041799,25956.874702471847,25610.152636015027,25808.533203125,45833,0.0,0.0,SHREECEM
2023-04-12,25808.531819730575,26086.894079077894,25657.677793963932,25725.298828125,25784,0.0,0.0,SHREECEM
2023-04-13,25807.154597035616,25807.154597035616,25388.773340734435,25421.228515625,27530,0.0,0.0,SHREECEM
2023-04-17,25462.40209475477,25708.6535656905,25069.38474714134,25149.318359375,19918,0.0,0.0,SHREECEM
2023-04-18,25216.148108050187,25656.29755851989,24837.018996454626,24884.841796875,31230,0.0,0.0,SHREECEM
2023-04-19,24960.04738343506,25078.24808138345,24305.018515637734,24387.708984375,20893,0.0,0.0,SHREECEM
2023-04-20,24452.718503654272,24525.51081566828,23813.449751519813,23890.724609375,37209,0.0,0.0,SHREECEM
2023-04-21,23934.657156114754,23983.90744862909,23472.73943215866,23528.884765625,21807,0.0,0.0,SHREECEM
2023-04-24,23687.616496327253,23728.79050966979,23196.887360013432,23512.43359375,29799,0.0,0.0,SHREECEM
2023-04-25,23600.740157011507,23821.62771878988,23498.94018722069,23717.365234375,45207,0.0,0.0,SHREECEM
2023-04-26,23640.088869063766,23906.040431563764,23344.637152777777,23603.201171875,35697,0.0,0.0,SHREECEM
2023-04-27,23678.55488980371,23700.22501782799,23199.349558721322,23389.751953125,31520,0.0,0.0,SHREECEM
2023-04-28,23490.418904912163,24034.142120087923,23319.02789143285,23969.57421875,33989,0.0,0.0,SHREECEM
2023-05-02,23984.891299740637,24034.141589883842,23597.834039040976,23828.916015625,34660,0.0,0.0,SHREECEM
2023-05-03,23768.191181460017,23960.267322379397,23592.071365788885,23894.814453125,28202,0.0,0.0,SHREECEM
2023-05-04,23886.39167501286,24198.58850718407,23758.340915517947,24089.697265625,22757,0.0,0.0,SHREECEM
2023-05-05,24043.99081315336,24250.842024573358,23935.640178600024,24148.59765625,26761,0.0,0.0,SHREECEM
2023-05-08,24152.3429717778,24339.494079634154,24152.3429717778,24202.97265625,16402,0.0,0.0,SHREECEM
2023-05-09,24231.53880363307,24370.326515567136,23708.056279404198,23844.037109375,23539,0.0,0.0,SHREECEM
2023-05-10,23911.705843971067,24105.900132883984,23754.647430063214,24065.466796875,14179,0.0,0.0,SHREECEM
2023-05-11,24083.3905252177,24561.118312732244,24034.140237845066,24503.83984375,19207,0.0,0.0,SHREECEM
2023-05-12,24231.19468934289,24550.286574916343,23847.04239580183,24379.732421875,41410,0.0,0.0,SHREECEM
2023-05-15,24379.730698801755,24674.395572007415,24078.02457311718,24223.212890625,19341,0.0,0.0,SHREECEM
2023-05-16,24223.214329746064,24377.762135482117,23970.215956861557,24032.517578125,12024,0.0,0.0,SHREECEM
2023-05-17,24034.140359453704,24476.357922474384,23984.890071831873,24052.85546875,28274,0.0,0.0,SHREECEM
2023-05-18,24142.492569602415,24300.0434804627,23541.639021358536,23624.67578125,17375,0.0,0.0,SHREECEM
2023-05-19,23714.555136995892,24130.67003221274,23371.82124378676,24042.66015625,29803,0.0,0.0,SHREECEM
2023-05-22,23962.431498858696,24542.649914802496,23870.825962629264,24101.76171875,33885,0.0,0.0,SHREECEM
2023-05-23,24043.991203532467,25068.397219578095,24043.991203532467,24394.45703125,64597,0.0,0.0,SHREECEM
2023-05-24,24280.393184562115,24329.643474997334,23350.301449693037,23631.078125,76229,0.0,0.0,SHREECEM
2023-05-25,23671.460677747982,23935.638436137055,23482.53581553528,23883.53125,37451,0.0,0.0,SHREECEM
2023-05-26,23886.392903346077,24710.546564417633,23815.47247905573,24602.4921875,48742,0.0,0.0,SHREECEM
2023-05-29,24674.39751516394,25087.60748552766,24617.66156073532,24882.578125,32876,0.0,0.0,SHREECEM
2023-05-30,24822.14767385534,25496.87668800577,24739.457201437985,25203.294921875,54929,0.0,0.0,SHREECEM
2023-05-31,25142.277005959524,25206.3023930462,24613.476943689304,24787.87109375,208322,0.0,0.0,SHREECEM
2023-06-01,24975.2340935946,25069.0647462625,24779.972401277817,24844.23828125,31272,55.0,0.0,SHREECEM
2023-06-02,24975.231770949325,24975.281900336216,24649.41774889788,24716.990234375,43663,0.0,0.0,SHREECEM
2023-06-05,24845.863094045268,24973.25728977627,24390.48581828284,24501.443359375,37650,0.0,0.0,SHREECEM
2023-06-06,24629.724200173463,25526.018342280695,24458.995079594384,25462.693359375,77331,0.0,0.0,SHREECEM
2023-06-07,25463.87879072156,25533.52393677082,25187.719841634356,25464.470703125,39831,0.0,0.0,SHREECEM
2023-06-08,25464.470239761173,25802.377021893877,25232.53698450394,25302.970703125,36793,0.0,0.0,SHREECEM
2023-06-09,25344.580761409066,25614.915064031964,25044.97667932437,25121.13671875,21413,0.0,0.0,SHREECEM
2023-06-12,25222.02357764548,25419.259586080683,25054.74951930786,25385.30078125,17611,0.0,0.0,SHREECEM
2023-06-13,25567.531446775625,25883.423727199108,25419.80206189814,25828.142578125,34032,0.0,0.0,SHREECEM
2023-06-14,25863.678243903414,26051.18913995039,25750.94496720665,25899.314453125,26924,0.0,0.0,SHREECEM
2023-06-15,25899.316872181058,25946.50405315552,25681.992467592583,25809.68359375,23905,0.0,0.0,SHREECEM
2023-06-16,25834.06562396781,26061.113201098597,25774.885950628373,25876.662109375,31673,0.0,0.0,SHREECEM
2023-06-19,26080.65887175828,26238.801668153104,25483.770170547574,25665.259765625,33881,0.0,0.0,SHREECEM
2023-06-20,25577.40162532111,25852.623530202796,25409.58386089407,25616.09765625,18089,0.0,0.0,SHREECEM
2023-06-21,25616.888557305418,25809.040286179275,24924.196815977208,25331.3515625,62343,0.0,0.0,SHREECEM
2023-06-22,25320.739710891805,25641.567796897256,25187.522789170285,25327.0078125,35342,0.0,0.0,SHREECEM
2023-06-23,25320.741433676587,25320.791563068437,24744.23800298391,24822.470703125,25869,0.0,0.0,SHREECEM
2023-06-26,22340.243586976754,23835.055462481523,22315.416046887713,23397.890625,438935,0.0,0.0,SHREECEM
2023-06-27,23800.508459056804,23964.871157457175,23336.838603018987,23709.837890625,154928,0.0,0.0,SHREECEM
2023-06-28,23741.278024701063,23988.01872717094,23521.830845791934,23744.634765625,71538,0.0,0.0,SHREECEM
2023-06-30,23771.881533250333,23899.22561023174,23543.846790748743,23579.828125,46765,0.0,0.0,SHREECEM
2023-07-03,23889.351132700758,23899.22276540022,23642.56031521418,23811.365234375,30015,0.0,0.0,SHREECEM
2023-07-04,23811.363947955055,23888.264348139943,23662.352431628377,23772.814453125,17326,0.0,0.0,SHREECEM
2023-07-05,23703.766941765578,24244.535809384564,23695.474383811437,24118.869140625,43292,0.0,0.0,SHREECEM
2023-07-06,24234.810411398834,24234.86054078832,23869.61009679273,23907.666015625,22295,0.0,0.0,SHREECEM
2023-07-07,23907.66589224212,23956.03689673785,23418.327859317564,23576.767578125,35053,0.0,0.0,SHREECEM
2023-07-10,23600.115107127367,23781.75317044403,23450.116401604377,23709.0,24408,0.0,0.0,SHREECEM
2023-07-11,23766.253190659863,24034.268024613233,23258.456007312136,23647.841796875,105568,0.0,0.0,SHREECEM
2023-07-12,23514.228645891908,24028.04711819194,23421.43530027,23949.962890625,62988,0.0,0.0,SHREECEM
2023-07-13,23999.91731793882,24197.251673270493,23706.72977913379,23842.908203125,32096,0.0,0.0,SHREECEM
2023-07-14,23960.42700323169,24091.71971876522,23693.30100671172,24027.208984375,20770,0.0,0.0,SHREECEM
2023-07-17,24126.274175013907,24212.50251482003,23761.02370673424,23808.357421875,36264,0.0,0.0,SHREECEM
2023-07-18,23849.817658442687,23942.414356754278,23149.870605218348,23640.8359375,17119,0.0,0.0,SHREECEM
2023-07-19,23741.280049811052,23815.21897495319,23599.07838914368,23719.859375,29499,0.0,0.0,SHREECEM
2023-07-20,23308.210425147947,23440.933764330104,23050.26387446629,23108.556640625,101108,0.0,0.0,SHREECEM
2023-07-21,23127.312474414866,23157.914537446104,22730.422688944833,22792.3671875,37839,0.0,0.0,SHREECEM
2023-07-24,22902.187849657872,23022.91868872457,22793.796551458447,22938.712890625,35964,0.0,0.0,SHREECEM
2023-07-25,23023.611646585152,23405.593747491963,22902.19055013401,23377.806640625,32141,0.0,0.0,SHREECEM
2023-07-26,23445.129312814115,24027.555683111394,23261.912182616026,23962.896484375,87313,0.0,0.0,SHREECEM
2023-07-27,23988.070191085826,24002.23560001184,23459.592659955873,23563.146484375,36633,0.0,0.0,SHREECEM
2023-07-28,23750.85242579583,23874.39630021171,23567.093517250974,23739.353515625,22865,0.0,0.0,SHREECEM
2023-07-31,23494.486191559427,23987.08067095389,23494.486191559427,23798.927734375,30798,0.0,0.0,SHREECEM
2023-08-01,23889.352030955615,23889.352030955615,23673.01480660181,23792.66015625,47864,0.0,0.0,SHREECEM
2023-08-02,23790.635102932796,23790.635102932796,23598.13826288832,23736.439453125,34126,0.0,0.0,SHREECEM
2023-08-03,23731.40557598817,23912.79683117069,23554.111434084378,23804.80078125,24563,0.0,0.0,SHREECEM
2023-08-04,23918.966552686936,23974.24769701011,23793.10323302257,23913.240234375,18589,0.0,0.0,SHREECEM
2023-08-07,24086.784788825946,24086.784788825946,23734.219026685394,23942.115234375,8891,0.0,0.0,SHREECEM
2023-08-08,23988.066720928073,24064.57187199276,23810.52579790666,23958.501953125,20046,0.0,0.0,SHREECEM
2023-08-09,24037.42863133512,24059.146225991768,23703.767404337534,24018.72265625,30445,0.0,0.0,SHREECEM
2023-08-10,23889.45133544153,24081.849857441444,23619.8072815152,23864.23046875,37905,0.0,0.0,SHREECEM
2023-08-11,23868.770426329604,23968.325461757573,23742.363391707186,23801.099609375,12901,0.0,0.0,SHREECEM
2023-08-14,23791.62412257567,23820.00506915565,23347.40061088906,23416.05859375,16303,0.0,0.0,SHREECEM
2023-08-16,23385.902183633025,23665.91148247243,23204.3142378144,23613.443359375,17783,0.0,0.0,SHREECEM
2023-08-17,23652.436067803243,23730.17518885247,23415.665301875455,23485.75390625,22943,0.0,0.0,SHREECEM
2023-08-18,23505.34927996447,23538.862708400935,23149.97043233996,23235.11328125,19865,0.0,0.0,SHREECEM
2023-08-21,23366.10605625786,23469.80833602599,23222.27712928536,23307.123046875,24001,0.0,0.0,SHREECEM
2023-08-22,23425.387003218773,23625.682838595716,23354.608160106796,23556.3828125,16676,0.0,0.0,SHREECEM
2023-08-23,23563.292561369886,23978.198094179726,23321.734457595554,23366.650390625,40294,0.0,0.0,SHREECEM
2023-08-24,23445.079418753103,23612.94731753917,23295.13084842267,23553.322265625,48660,0.0,0.0,SHREECEM
2023-08-25,23514.23299049538,23592.120571024236,23307.915832854174,23546.119140625,21989,0.0,0.0,SHREECEM
2023-08-28,23641.57604331093,23784.714734959023,23447.500106314637,23712.009765625,13891,0.0,0.0,SHREECEM
2023-08-29,23715.6093490862,23857.71072429354,23699.814737465098,23820.4453125,15323,0.0,0.0,SHREECEM
2023-08-30,23839.99341238525,24012.74698783732,23658.355367338507,23739.154296875,17040,0.0,0.0,SHREECEM
2023-08-31,23742.265421043445,23790.636424562264,23489.55160674104,23495.623046875,61972,0.0,0.0,SHREECEM
2023-09-01,23524.101881757993,23869.115461601654,23514.230248572196,23829.48046875,27413,0.0,0.0,SHREECEM
2023-09-04,24274.34639618851,25462.594130745605,24135.15636601923,25342.013671875,119316,0.0,0.0,SHREECEM
2023-09-05,25370.096959842616,25506.6224162603,25073.947968093482,25394.826171875,41937,0.0,0.0,SHREECEM
2023-09-06,25370.098357155595,25488.212838814285,25172.665685115473,25321.037109375,37280,0.0,0.0,SHREECEM
2023-09-07,25310.867882011185,25463.878198770613,25166.792164645194,25408.400390625,22670,0.0,0.0,SHREECEM
2023-09-08,25370.09942002043,25714.816108622803,25320.74124994257,25639.693359375,30009,0.0,0.0,SHREECEM
2023-09-11,25636.6320545107,25719.800566277838,25379.96958496227,25466.248046875,20820,0.0,0.0,SHREECEM
2023-09-12,25616.78899034206,25861.653687074202,25178.241699691538,25700.89453125,46577,0.0,0.0,SHREECEM
2023-09-13,25569.505723255188,25990.82782266302,25518.173227787298,25901.736328125,40313,0.0,0.0,SHREECEM
2023-09-14,25863.680132113823,26160.816304623982,25814.717214878983,26105.53515625,88963,0.0,0.0,SHREECEM
2023-09-15,26061.11164242328,26769.844776644277,25826.166772313554,26450.30078125,57876,0.0,0.0,SHREECEM
2023-09-18,26332.927190254224,26478.286991926783,25968.31879659319,26053.21484375,20562,0.0,0.0,SHREECEM
2023-09-20,26011.70346718577,26153.559993726616,25715.604599268896,25772.61328125,28131,0.0,0.0,SHREECEM
2023-09-21,25764.963684202197,26159.778898632037,25616.88918027,25956.078125,29874,0.0,0.0,SHREECEM
2023-09-22,25917.974082543908,26102.82042217279,25488.55801985464,25606.720703125,50277,0.0,0.0,SHREECEM
2023-09-25,25606.720411492504,25719.503824374115,25449.12132490637,25524.5390625,25519,0.0,0.0,SHREECEM
2023-09-26,25582.338940149282,25906.96723138474,25582.338940149282,25698.82421875,15228,0.0,0.0,SHREECEM
2023-09-27,25750.15613293448,26178.486698575078,25567.530912133527,26089.296875,16809,0.0,0.0,SHREECEM
2023-09-28,26165.751508104207,26202.276551709423,25223.25730858853,25302.673828125,46905,0.0,0.0,SHREECEM
2023-09-29,25467.82582143997,25468.812984733948,25017.235907123235,25138.11328125,22812,0.0,0.0,SHREECEM
2023-10-03,25172.566958811156,25366.741217489853,24984.215421423392,25295.171875,14992,0.0,0.0,SHREECEM
2023-10-04,25261.510284699576,25295.96267144102,24989.00306900414,25140.0390625,16317,0.0,0.0,SHREECEM
2023-10-05,25172.6650823726,25607.0169504606,25111.017503225557,25432.4375,26035,0.0,0.0,SHREECEM
2023-10-06,25567.234264935356,25567.234264935356,25224.048463110812,25456.228515625,9701,0.0,0.0,SHREECEM
2023-10-09,25319.802788993817,25443.83832096644,25173.6524844084,25399.712890625,6134,0.0,0.0,SHREECEM
2023-10-10,25419.503911304335,25885.394837651093,25419.503911304335,25827.892578125,11972,0.0,0.0,SHREECEM
2023-10-11,25891.271253047562,26574.438448041896,25863.68080752963,26161.162109375,31504,0.0,0.0,SHREECEM
2023-10-12,26332.57947845147,26451.03906748293,26089.243739316014,26311.35546875,21583,0.0,0.0,SHREECEM
2023-10-13,26115.40556921553,26554.149534536915,26115.40556921553,26506.470703125,14489,0.0,0.0,SHREECEM
2023-10-16,26505.334016833174,26948.52019931232,26235.64178047911,26316.6875,28766,0.0,0.0,SHREECEM
2023-10-17,26367.18172406256,26530.013538260253,26187.566205805964,26289.8359375,22537,0.0,0.0,SHREECEM
2023-10-18,26357.313026517637,26569.799949311884,26176.611994123235,26469.552734375,21203,0.0,0.0,SHREECEM
2023-10-19,26219.057450765707,26258.49385368436,25666.245998490525,25959.876953125,26692,0.0,0.0,SHREECEM
2023-10-20,25959.877748342464,26060.9636597514,25567.530450925962,25749.810546875,22799,0.0,0.0,SHREECEM
2023-10-23,25690.9256290358,25863.185629891388,25232.438392249245,25374.14453125,16692,0.0,0.0,SHREECEM
2023-10-25,25319.754242737767,25657.26579742298,25120.644154636782,25377.306640625,39909,0.0,0.0,SHREECEM
2023-10-26,25350.354335107982,25567.431937162983,25050.108222432544,25105.142578125,56816,0.0,0.0,SHREECEM
2023-10-27,25105.144237605997,25352.577128438916,24984.118390859854,25186.98046875,19096,0.0,0.0,SHREECEM
2023-10-30,25369.998758076188,25664.271755429345,25035.498855805974,25610.521484375,25503,0.0,0.0,SHREECEM
2023-10-31,25597.836604886175,25746.651483946447,25223.061571307506,25325.7265625,22304,0.0,0.0,SHREECEM
2023-11-01,25441.47233642358,25458.944357568547,25001.048995204914,25094.3359375,12977,0.0,0.0,SHREECEM
2023-11-02,25172.664102554816,25616.88758671755,25100.05747075534,25559.87890625,15029,0.0,0.0,SHREECEM
2023-11-03,25665.258874532097,25809.384717667668,25547.786440743515,25624.63671875,7457,0.0,0.0,SHREECEM
2023-11-06,25691.91142765662,26154.29909186231,25665.84993155299,26062.09765625,20370,0.0,0.0,SHREECEM
2023-11-07,26147.9310852843,26406.61799654278,25982.137782018915,26342.99609375,17181,0.0,0.0,SHREECEM
2023-11-08,26326.710124159003,26359.08792596161,25863.73050221792,25933.275390625,28452,0.0,0.0,SHREECEM
2023-11-09,26061.014249227603,26061.014249227603,25553.068573535984,25618.271484375,23367,0.0,0.0,SHREECEM
2023-11-10,25627.253527458528,26132.137439375743,25427.403083309066,26020.14453125,41966,0.0,0.0,SHREECEM
2023-11-13,25962.396061153315,26007.065202665373,25740.53109861551,25859.927734375,10644,0.0,0.0,SHREECEM
2023-11-15,25967.33119096767,26061.06157719101,25809.58172085575,25867.083984375,15802,0.0,0.0,SHREECEM
2023-11-16,25863.679198716123,25937.716448330768,25633.620013858865,25838.408203125,16298,0.0,0.0,SHREECEM
2023-11-17,25863.679083318413,26140.08481397983,25733.423653965565,25863.482421875,18638,0.0,0.0,SHREECEM
2023-11-20,25863.484800736474,25977.20525487556,25572.51838428675,25620.494140625,19776,0.0,0.0,SHREECEM
2023-11-21,25669.20811926713,25859.138729934413,25525.0321434225,25604.10546875,12026,0.0,0.0,SHREECEM
2023-11-22,25597.49293282835,25764.9655948053,25547.839768993115,25663.337890625,39407,0.0,0.0,SHREECEM
2023-11-23,25764.963729356612,25764.963729356612,25537.520905307465,25589.4453125,57461,0.0,0.0,SHREECEM
2023-11-24,25589.446849860728,25712.497155847326,25271.38356696974,25316.201171875,13597,0.0,0.0,SHREECEM
2023-11-28,25286.188798904644,25992.997746006564,25271.381348895524,25732.830078125,16523,0.0,0.0,SHREECEM
2023-11-29,25905.23714182406,25905.23714182406,25583.373710996497,25771.7734375,15622,0.0,0.0,SHREECEM
2023-11-30,25906.128822148417,26604.053338295922,25771.87460122047,26398.4765625,42932,0.0,0.0,SHREECEM
2023-12-01,26495.412925823835,26718.018250672936,26283.22294504377,26679.619140625,16305,0.0,0.0,SHREECEM
2023-12-04,26772.018961522757,27556.665377831072,26704.446472248896,27361.20703125,29221,0.0,0.0,SHREECEM
2023-12-05,27393.68369394628,27689.931019528496,27246.6946905528,27644.373046875,20686,0.0,0.0,SHREECEM
2023-12-06,27640.57738774279,27683.46886964623,27258.545121705058,27442.255859375,14937,0.0,0.0,SHREECEM
2023-12-07,27541.85736363778,27788.45153878161,27197.337355755717,27660.810546875,19069,0.0,0.0,SHREECEM
2023-12-08,27522.607734622754,27789.635420360653,27182.58009049322,27315.056640625,21927,0.0,0.0,SHREECEM
2023-12-11,27522.112292163976,28017.273008624674,27386.72246247619,27939.287109375,22308,0.0,0.0,SHREECEM
2023-12-12,27887.363346183116,28430.303163542434,27838.05531035518,28239.583984375,19543,0.0,0.0,SHREECEM
2023-12-13,28141.560343236306,28561.05465463731,27857.800997973856,28170.533203125,16860,0.0,0.0,SHREECEM
2023-12-14,28183.513820171975,28521.123688000305,28100.295178020988,28364.21484375,16406,0.0,0.0,SHREECEM
2023-12-15,28429.315330709098,28625.415702098617,28272.356369023528,28389.73046875,18437,0.0,0.0,SHREECEM
2023-12-18,28419.443756675246,28488.84210669729,28114.41030220261,28190.421875,9633,0.0,0.0,SHREECEM
2023-12-19,28331.588706645787,28355.92266931637,28042.399968751775,28219.001953125,11149,0.0,0.0,SHREECEM
2023-12-20,28410.462927427317,28410.462927427317,27747.731196962246,27890.326171875,15113,0.0,0.0,SHREECEM
2023-12-21,27645.508436349508,28132.17994711974,27591.21445441774,27851.62890625,32973,0.0,0.0,SHREECEM
2023-12-22,27851.628715579765,28008.14230013596,27547.53228945695,27824.728515625,21741,0.0,0.0,SHREECEM
2023-12-26,28005.822296229253,28489.532304165536,27894.469506854446,28239.533203125,15472,0.0,0.0,SHREECEM
2023-12-27,28232.674631840495,28874.52745904202,28064.955196134393,28277.1953125,27058,0.0,0.0,SHREECEM
2023-12-28,28282.230939728906,28509.13005783537,28135.143595574642,28234.353515625,9507,0.0,0.0,SHREECEM
2023-12-29,28331.58608199181,28530.005900893564,28078.92241217877,28285.486328125,11742,0.0,0.0,SHREECEM
2024-01-01,28380.946342930944,28380.946342930944,27987.068165858615,28096.248046875,5760,0.0,0.0,SHREECEM
2024-01-02,28242.74384622627,28242.74384622627,27591.216025935835,27727.98828125,16850,0.0,0.0,SHREECEM
2024-01-03,27727.989122760857,28069.991109403098,27660.713551846628,27859.478515625,9011,0.0,0.0,SHREECEM
2024-01-04,28074.924628656656,28132.180100824804,27813.32635064702,27993.87890625,14453,0.0,0.0,SHREECEM
2024-01-05,27838.00645131914,27887.41474817485,26585.641282571363,26676.412109375,78459,0.0,0.0,SHREECEM
2024-01-08,26636.67770756444,27245.70734009201,26604.10131835346,26978.828125,34058,0.0,0.0,SHREECEM
2024-01-09,27147.976033889663,27380.256313520607,26886.67469769046,26962.291015625,18242,0.0,0.0,SHREECEM
2024-01-10,27041.314329976856,27041.314329976856,26455.976618513574,26497.5859375,14247,0.0,0.0,SHREECEM
2024-01-11,26623.795555402008,26791.61332493921,26258.545115821038,26564.515625,19750,0.0,0.0,SHREECEM
2024-01-12,26680.362217802853,26702.770055833473,26407.608198284703,26529.029296875,14382,0.0,0.0,SHREECEM
2024-01-15,26605.04025643084,26609.039039341536,26382.583374341386,26469.501953125,11395,0.0,0.0,SHREECEM
2024-01-16,26544.821391984082,26996.94218772706,26291.0220907268,26734.455078125,26736,0.0,0.0,SHREECEM
2024-01-17,26613.87559730742,26740.13418397321,25727.452978087815,25801.490234375,48405,0.0,0.0,SHREECEM
2024-01-18,25911.95533087935,26256.573709155615,25320.74274907292,26137.275390625,28106,0.0,0.0,SHREECEM
2024-01-19,26277.251544158305,26436.234975679654,26116.542504797668,26307.41015625,52520,0.0,0.0,SHREECEM
2024-01-23,27245.706410547853,27803.453661343487,27062.88454310128,27140.8203125,38128,0.0,0.0,SHREECEM
2024-01-24,27101.579292308954,27502.17090190784,26869.05222246805,27280.404296875,46946,0.0,0.0,SHREECEM
2024-01-25,27344.37604861014,27886.8724662619,26920.389368341126,27590.033203125,25490,0.0,0.0,SHREECEM
2024-01-29,27639.33999260933,28479.662798759913,27563.525075705296,28046.841796875,35863,0.0,0.0,SHREECEM
2024-01-30,28069.942132606997,28331.59057216123,27639.63913392077,27717.328125,30799,0.0,0.0,SHREECEM
2024-01-31,27739.290312431604,28331.58832622018,27652.765058639972,28189.68359375,63061,0.0,0.0,SHREECEM
2024-02-01,29121.31893932109,30343.18038058023,28827.242590590955,29233.412109375,174274,0.0,0.0,SHREECEM
2024-02-02,29121.320311836105,29318.604531795587,28010.071243225855,28088.697265625,64360,0.0,0.0,SHREECEM
2024-02-05,28627.736695790943,28627.786825179013,26356.470524925593,26608.791015625,71596,0.0,0.0,SHREECEM
2024-02-06,26901.188753340026,27556.66522511052,26881.88893840914,27215.501953125,58072,0.0,0.0,SHREECEM
2024-02-07,27487.46434838777,27844.91580138746,27349.409943527142,27755.380859375,19792,0.0,0.0,SHREECEM
2024-02-08,27813.529792582172,27937.04653684272,26945.997966938092,27066.9921875,32063,50.0,0.0,SHREECEM
2024-02-09,27145.905323190127,27516.751024326604,26898.674855765807,27324.009765625,25267,0.0,0.0,SHREECEM
2024-02-12,27324.011725126085,27402.631019405086,26861.097751021207,26963.451171875,17053,0.0,0.0,SHREECEM
2024-02-13,26997.5189588362,27195.353567107835,26694.81033688323,26947.77734375,19098,0.0,0.0,SHREECEM
2024-02-14,26799.784788069363,26985.010641506164,26480.36299889791,26600.466796875,22415,0.0,0.0,SHREECEM
2024-02-15,26844.18822918519,26844.18822918519,25959.20157656864,26041.18359375,21511,0.0,0.0,SHREECEM
2024-02-16,26245.989038199197,26354.770454710197,25960.685050349894,26006.669921875,27371,0.0,0.0,SHREECEM
2024-02-19,26133.252136541098,26596.463576375256,25967.458980974887,26518.240234375,23096,0.0,0.0,SHREECEM
2024-02-20,26453.66258886016,26503.05846846351,26119.90142535585,26231.056640625,20365,0.0,0.0,SHREECEM
2024-02-21,26394.326505859746,26422.75801155639,25933.488883089773,26053.1484375,23910,0.0,0.0,SHREECEM
2024-02-22,26053.199334593504,26354.77031462277,25917.07384008544,26308.63671875,18526,0.0,0.0,SHREECEM
2024-02-23,26009.289073986005,26483.179674384985,26009.289073986005,26196.1953125,14216,0.0,0.0,SHREECEM
2024-02-26,26048.402144075044,26156.986550820824,25684.87480802556,25810.56640625,28996,0.0,0.0,SHREECEM
2024-02-27,25899.865972614654,26213.255726102885,25810.913215456716,25901.15234375,21987,0.0,0.0,SHREECEM
2024-02-28,25901.151282176248,25998.50987195203,25139.878420670735,25322.73046875,32860,0.0,0.0,SHREECEM
2024-02-29,25439.916647745446,25546.818715796056,25162.226613531544,25221.859375,56138,0.0,0.0,SHREECEM
2024-03-01,25404.417189918997,25609.07382467523,25221.71385090862,25353.78515625,18817,0.0,0.0,SHREECEM
2024-03-04,25504.29763470446,25559.48025328721,25138.396505396955,25445.259765625,29764,0.0,0.0,SHREECEM
2024-03-05,25515.274426197357,25515.274426197357,24678.497709332692,24732.69140625,47317,0.0,0.0,SHREECEM
2024-03-06,24732.69301901757,24848.941577551817,24187.055282804973,24480.0234375,33596,0.0,0.0,SHREECEM
2024-03-07,24574.66007832431,24754.595584844665,24312.943431156476,24432.20703125,73323,0.0,0.0,SHREECEM
2024-03-11,24328.519319468272,25077.973439411126,24328.519319468272,25031.83984375,53262,0.0,0.0,SHREECEM
2024-03-12,25079.013276016798,25079.013276016798,24493.1271729243,24683.890625,20622,0.0,0.0,SHREECEM
2024-03-13,24886.22080627146,24886.22080627146,23979.132150020618,24090.484375,35720,0.0,0.0,SHREECEM
2024-03-14,24090.485480439143,24766.36537529531,23975.02883778247,24681.119140625,22932,0.0,0.0,SHREECEM
2024-03-15,24658.47064612559,24863.326208318173,24231.20808913424,24792.716796875,30859,0.0,0.0,SHREECEM
2024-03-18,24818.282034842166,25123.90719632709,24673.601984876677,25062.4453125,92583,0.0,0.0,SHREECEM
2024-03-19,25062.447866740313,25167.02637078123,24522.052199305777,24728.439453125,16822,0.0,0.0,SHREECEM
2024-03-20,24910.745293688607,24910.745293688607,24574.70886426929,24659.607421875,18326,0.0,0.0,SHREECEM
2024-03-21,24910.845199539213,25118.61731314281,24651.401914494207,25080.4453125,17006,0.0,0.0,SHREECEM
2024-03-22,25117.627172545,25207.56884616194,24952.477216333533,25085.04296875,12712,0.0,0.0,SHREECEM
2024-03-26,25191.796814289577,25502.318295002733,24780.751034812263,25399.619140625,38595,0.0,0.0,SHREECEM
2024-03-27,25541.184641938326,26042.320839906737,25464.74020263766,25651.9921875,27139,0.0,0.0,SHREECEM
2024-03-28,25801.962868810115,25801.962868810115,25301.56835684745,25398.333984375,26276,0.0,0.0,SHREECEM
2024-04-01,25563.682168238087,26192.389286687758,25514.185852932005,26164.896484375,20317,0.0,0.0,SHREECEM
2024-04-02,26164.89810638252,26426.56647958856,25743.914786306912,26238.96875,41507,0.0,0.0,SHREECEM
2024-04-03,26306.30999654498,26447.034347671368,25993.909199439197,26062.34375,150756,0.0,0.0,SHREECEM
2024-04-04,26175.772985669882,26175.772985669882,25564.61926980816,25623.212890625,85718,0.0,0.0,SHREECEM
2024-04-05,25514.186873990653,25650.607887413466,25414.305754832785,25525.115234375,39306,0.0,0.0,SHREECEM
2024-04-08,25780.4011553061,25959.148782715765,25558.092678560217,25667.6640625,31828,0.0,0.0,SHREECEM
2024-04-09,25908.76911311124,26415.88911931107,25593.401481110624,25703.865234375,50143,0.0,0.0,SHREECEM
2024-04-10,25711.970574238578,25753.455077242896,25267.94462086038,25326.291015625,24321,0.0,0.0,SHREECEM
2024-04-12,25414.304850741322,25575.201677243906,24922.265968550884,25208.7578125,19756,0.0,0.0,SHREECEM
2024-04-15,25035.5482241882,25245.34840333469,24725.0267301767,25015.966796875,24121,0.0,0.0,SHREECEM
2024-04-16,24968.496170967624,24968.496170967624,24523.829001133872,24606.8984375,12999,0.0,0.0,SHREECEM
2024-04-18,24812.050684329606,24820.95098150613,24097.060144482246,24155.2578125,35792,0.0,0.0,SHREECEM
2024-04-19,24119.805606405487,24260.676761183444,23718.353525949475,24098.791015625,35614,0.0,0.0,SHREECEM
2024-04-22,24262.111527653724,24401.648022245216,24087.022131660775,24126.134765625,25584,0.0,0.0,SHREECEM
2024-04-23,24297.811645929687,24297.811645929687,24030.80272674365,24107.69140625,18872,0.0,0.0,SHREECEM
2024-04-24,24228.587549656346,24325.403393958524,24030.80316149589,24099.1875,17535,0.0,0.0,SHREECEM
2024-04-25,24180.13058445871,24228.58775997867,23516.563956420112,23706.041015625,48298,0.0,0.0,SHREECEM
2024-04-26,23773.6836566144,24025.85875363756,23685.669603143575,23873.0703125,15713,0.0,0.0,SHREECEM
2024-04-29,23981.605235632607,24026.74991029869,23783.57360921905,23877.669921875,25281,0.0,0.0,SHREECEM
2024-04-30,23907.18862086155,24747.72207653105,23907.18862086155,24174.048828125,74531,0.0,0.0,SHREECEM
2024-05-02,24228.539330662137,25091.474232618933,24201.04845733178,24552.1640625,98202,0.0,0.0,SHREECEM
2024-05-03,24723.049598421636,25608.92668422758,24651.748709677435,25461.330078125,221844,0.0,0.0,SHREECEM
2024-05-06,25810.86465838783,26267.400894093338,24826.887250912892,25254.1015625,51843,0.0,0.0,SHREECEM
2024-05-07,25291.681140724995,25595.824886334216,24777.29295597774,25114.318359375,36812,0.0,0.0,SHREECEM
2024-05-08,25162.327267577806,25457.62090891584,24881.77088117429,25376.181640625,31956,0.0,0.0,SHREECEM
2024-05-09,25415.939809870084,25435.075065194163,25139.190361136865,25218.25390625,31751,0.0,0.0,SHREECEM
2024-05-10,25316.40313702567,25546.920468354605,25095.873531574238,25376.974609375,24366,0.0,0.0,SHREECEM
2024-05-13,25512.754041161355,25834.597928488987,25308.541651319334,25704.5546875,55302,0.0,0.0,SHREECEM
2024-05-14,25761.417258216272,26144.079841017025,25346.07003178822,25736.595703125,84461,0.0,0.0,SHREECEM
2024-05-15,26503.15861156331,26527.68271715335,25361.695445053218,25533.619140625,224481,0.0,0.0,SHREECEM
2024-05-16,25808.291557671546,25934.477609619385,25222.45382014652,25401.052734375,51248,0.0,0.0,SHREECEM
2024-05-17,25425.232583262597,26051.56589010389,25184.132648454884,26014.3828125,32325,0.0,0.0,SHREECEM
2024-05-21,25830.640014770095,26008.645956678924,25356.204733488088,25547.263671875,55405,0.0,0.0,SHREECEM
2024-05-22,25662.52265618832,25662.52265618832,25237.68220498695,25394.474609375,37478,0.0,0.0,SHREECEM
2024-05-23,25564.620135909183,25564.620135909183,25143.389623568037,25392.44921875,73090,0.0,0.0,SHREECEM
2024-05-24,25365.946528201406,25464.838723220135,25123.562144508138,25174.44140625,30382,0.0,0.0,SHREECEM
2024-05-27,25217.50979167701,25217.50979167701,24975.32241918401,25133.6484375,43246,0.0,0.0,SHREECEM
2024-05-28,25207.569806419153,25440.066897623936,25131.225805929338,25350.66796875,19032,0.0,0.0,SHREECEM
2024-05-29,25170.044516862527,25217.51277620597,24906.3480606913,25044.99609375,39946,0.0,0.0,SHREECEM
2024-05-30,25041.730199343467,25041.730199343467,24426.471988661262,24784.708984375,40445,0.0,0.0,SHREECEM
2024-05-31,24947.832306836634,25143.3414102217,24331.880704719522,24407.1875,75751,0.0,0.0,SHREECEM
2024-06-03,24920.833323043946,25341.422604063453,24810.172569728504,25028.873046875,42209,0.0,0.0,SHREECEM
2024-06-04,25069.17002080221,25069.268526694024,23437.448895187863,24607.146484375,77396,0.0,0.0,SHREECEM
2024-06-05,24915.837426217935,25316.4010204274,24586.576647260394,25198.76953125,24620,0.0,0.0,SHREECEM
2024-06-06,25271.902039577137,25513.19901072395,25153.231398029526,25352.251953125,32684,0.0,0.0,SHREECEM
2024-06-07,25415.29137906241,25959.19839301122,25228.58216240625,25788.609375,77513,0.0,0.0,SHREECEM
2024-06-10,26004.692592655796,27145.908566641374,25789.107599303232,26937.9375,68197,0.0,0.0,SHREECEM
2024-06-11,26937.934730512985,26987.678273983303,26519.620772656814,26764.033203125,41867,0.0,0.0,SHREECEM
2024-06-12,26592.210858052225,27413.41206611358,26592.210858052225,27233.82421875,44979,0.0,0.0,SHREECEM
2024-06-13,27199.31024753781,27318.969807600057,26885.229011721658,27186.20703125,29976,0.0,0.0,SHREECEM
2024-06-14,27186.452310713266,27714.536612263622,27117.67201906778,27232.931640625,37314,0.0,0.0,SHREECEM
2024-06-18,27375.337369577886,27393.039458747986,26961.226303776617,27157.873046875,28615,0.0,0.0,SHREECEM
2024-06-19,27175.576971951006,27449.55858879957,26786.13870985225,27139.3828125,35730,0.0,0.0,SHREECEM
2024-06-20,27185.46545292543,27459.29833772854,27040.934118066663,27391.60546875,30646,0.0,0.0,SHREECEM
2024-06-21,27541.47691434226,27541.47691434226,26921.967517709912,27100.220703125,59054,0.0,0.0,SHREECEM
2024-06-24,27096.513977844184,27237.730885549943,26786.18947066416,27016.1640625,34949,0.0,0.0,SHREECEM
2024-06-25,27096.46123903565,27275.456110724168,26807.350295288314,26916.033203125,40713,0.0,0.0,SHREECEM
2024-06-26,26854.176915951964,27878.70010817904,26786.188528436895,27194.267578125,58935,0.0,0.0,SHREECEM
2024-06-27,27175.572453859288,27929.130903999056,27175.27500470892,27524.1171875,65372,0.0,0.0,SHREECEM
2024-06-28,27541.475996774974,27820.747938601842,27404.11435317206,27561.650390625,38614,0.0,0.0,SHREECEM
2024-07-01,27683.883209208016,28297.953568953817,27442.586234747534,28039.251953125,59357,0.0,0.0,SHREECEM
2024-07-02,28039.301151872023,28211.275072318433,27301.812577453184,27390.9140625,21261,0.0,0.0,SHREECEM
2024-07-03,27589.932351760348,27589.932351760348,26983.624715373848,27080.5390625,68891,0.0,0.0,SHREECEM
2024-07-04,27242.821254717786,27249.64520231415,26869.008766178387,27154.857421875,40849,0.0,0.0,SHREECEM
2024-07-05,27140.96238201411,27268.43480515057,26995.19490316378,27223.734375,16956,0.0,0.0,SHREECEM
2024-07-08,27205.24298237499,27244.40390549582,26653.37431278537,26892.001953125,21059,0.0,0.0,SHREECEM
2024-07-09,27037.124404755457,27541.474567389887,26905.5977937155,27468.591796875,32653,0.0,0.0,SHREECEM
2024-07-10,27468.592825509706,27658.118167159457,27021.600115612517,27596.310546875,42280,0.0,0.0,SHREECEM
2024-07-11,27568.969342659733,27690.803755331297,27294.44306183545,27464.93359375,14648,0.0,0.0,SHREECEM
2024-07-12,27483.12923290628,27576.0878939078,27161.72960710316,27359.01953125,17752,0.0,0.0,SHREECEM
2024-07-15,27249.74571683232,27527.335349706605,26514.037967343167,27310.91015625,65384,0.0,0.0,SHREECEM
2024-07-16,27439.615991971605,28365.443903258725,27341.16804411415,27597.646484375,99512,0.0,0.0,SHREECEM
2024-07-18,27492.028885392272,27884.63088062611,27365.64389367642,27750.73046875,30733,0.0,0.0,SHREECEM
2024-07-19,27543.45346016693,27687.93456713838,26807.645329140065,26981.89453125,46732,0.0,0.0,SHREECEM
2024-07-22,26905.69807170197,27682.892220588852,26701.88164355802,27610.50390625,30476,0.0,0.0,SHREECEM
2024-07-23,27547.28270199013,28135.861743211026,27353.516554956255,27905.185546875,90200,55.0,0.0,SHREECEM
2024-07-24,27715.734771551295,27843.458808536452,27002.45455815734,27300.55859375,40236,0.0,0.0,SHREECEM
2024-07-25,27248.982636804587,27335.68410529656,26951.770776934347,27233.525390625,20756,0.0,0.0,SHREECEM
2024-07-26,27398.6549564778,27615.656346498723,27071.12080577573,27315.173828125,25287,0.0,0.0,SHREECEM
2024-07-29,27546.29603669347,27546.29603669347,26907.182333683857,26989.326171875,75146,0.0,0.0,SHREECEM
2024-07-30,27164.36289801316,27239.123559781812,26714.05909217137,27065.076171875,54585,0.0,0.0,SHREECEM
2024-07-31,27110.805345132158,27559.572521571503,27063.045997265024,27487.287109375,51103,0.0,0.0,SHREECEM
2024-08-01,27571.066406883023,27645.184549097954,27237.19221871039,27515.08203125,29621,0.0,0.0,SHREECEM
2024-08-02,27304.07655454272,27542.33141391201,26805.715356499957,27046.25,39746,0.0,0.0,SHREECEM
2024-08-05,26753.59785982201,26803.042859223093,26135.342804881726,26589.90625,75142,0.0,0.0,SHREECEM
2024-08-06,26699.09765015294,26845.350253004213,25772.63053926435,25863.146484375,155613,0.0,0.0,SHREECEM
2024-08-07,25861.810400433977,26451.330089828567,24738.1593278634,24869.548828125,325580,0.0,0.0,SHREECEM
2024-08-08,24821.39031184198,24821.39031184198,23808.1714673276,23923.064453125,251869,0.0,0.0,SHREECEM
2024-08-09,24296.02943922002,24350.724901705074,23632.341359335343,24074.865234375,100935,0.0,0.0,SHREECEM
2024-08-12,24088.145590868262,24233.20992340364,23789.34677878311,24185.59765625,96808,0.0,0.0,SHREECEM
2024-08-13,24276.41020907341,24285.575792519692,23919.745927897467,23985.04296875,41826,0.0,0.0,SHREECEM
2024-08-14,23988.509962448366,24241.67822910429,23791.97052292841,24116.828125,51638,0.0,0.0,SHREECEM
2024-08-16,24152.549906520013,24474.63422308592,24058.16917303915,24417.955078125,39023,0.0,0.0,SHREECEM
2024-08-19,24603.697530836733,24738.05964766141,24473.595010698235,24622.17578125,28455,0.0,0.0,SHREECEM
2024-08-20,24732.21069397811,24732.21069397811,24375.496116661117,24504.85546875,24733,0.0,0.0,SHREECEM
2024-08-21,24531.75834078559,24665.27860077475,24447.336657383934,24581.650390625,11582,0.0,0.0,SHREECEM
2024-08-22,24623.216456930855,24994.743852248295,24574.117880982012,24784.134765625,25066,0.0,0.0,SHREECEM
2024-08-23,24853.497053821142,24870.936048213138,24413.053584760153,24480.58203125,28796,0.0,0.0,SHREECEM
2024-08-26,24525.11981750146,24706.252339940518,24377.67700755059,24679.150390625,16730,0.0,0.0,SHREECEM
2024-08-27,24679.150946072932,24821.143952787697,24504.362334999594,24586.751953125,23212,0.0,0.0,SHREECEM
2024-08-28,24593.489925889106,24672.759837012036,24381.09649483422,24466.85546875,20949,0.0,0.0,SHREECEM
2024-08-29,24480.084141588075,24662.45331192368,24316.09451993157,24594.826171875,41631,0.0,0.0,SHREECEM
2024-08-30,24584.574720406195,25328.622391233752,24583.58384640997,25249.451171875,83409,0.0,0.0,SHREECEM
2024-09-02,25356.46245215949,25514.903571775296,25029.47407352672,25195.248046875,60617,0.0,0.0,SHREECEM
2024-09-03,25195.943225559844,25467.789111267215,25123.60942598985,25274.81640625,45076,0.0,0.0,SHREECEM
2024-09-04,25168.196016801994,25629.94323506301,25123.953111940704,25535.5625,46475,0.0,0.0,SHREECEM
2024-09-05,25535.562548272053,26040.165061885647,25393.76888585134,25428.052734375,45730,0.0,0.0,SHREECEM
2024-09-06,25651.742422640906,25651.742422640906,25050.33230895896,25376.724609375,36981,0.0,0.0,SHREECEM
2024-09-09,25318.809094152773,25615.030063093654,25082.288275803734,25563.158203125,21329,0.0,0.0,SHREECEM
2024-09-10,25711.196727545856,25711.196727545856,25416.957488245243,25490.380859375,18493,0.0,0.0,SHREECEM
2024-09-11,25490.232056791843,25613.99259871663,25309.943317880687,25380.34375,30919,0.0,0.0,SHREECEM
2024-09-12,25416.907296325997,25841.59547763378,25389.213143974295,25782.193359375,20307,0.0,0.0,SHREECEM
2024-09-13,25841.9398502707,25906.09893245565,25579.11055993005,25646.88671875,22521,0.0,0.0,SHREECEM
2024-09-16,25763.710821869383,25812.26364023297,25274.911980427623,25385.59375,18917,0.0,0.0,SHREECEM
2024-09-17,25366.370769810183,25443.26219414607,25168.195998171042,25204.95703125,13175,0.0,0.0,SHREECEM
2024-09-18,25217.741218428342,25263.965873772933,24681.777129008773,24847.798828125,28048,0.0,0.0,SHREECEM
2024-09-19,24881.834385426435,25096.11086528978,24465.369313102437,24704.169921875,20392,0.0,0.0,SHREECEM
2024-09-20,24771.847846774726,25041.562952010165,24525.120242220848,24912.25390625,36895,0.0,0.0,SHREECEM
2024-09-23,24991.82124196995,25858.785577502473,24724.43430993778,25721.203125,33984,0.0,0.0,SHREECEM
2024-09-24,25722.04686472762,25960.89780741575,25536.01027834051,25675.1796875,23216,0.0,0.0,SHREECEM
2024-09-25,25675.17699086436,25816.17717968382,25470.809257642635,25667.25,22774,0.0,0.0,SHREECEM
2024-09-26,25663.685942628726,25956.042144039046,25528.38132894984,25884.69921875,24898,0.0,0.0,SHREECEM
2024-09-27,25886.57864189286,26307.700016928437,25705.941569728013,26008.357421875,64958,0.0,0.0,SHREECEM
2024-09-30,25910.363551961567,26206.882588747852,25671.264887861227,26068.8046875,36112,0.0,0.0,SHREECEM
2024-10-01,26151.642441286775,26338.224792434445,25960.206355706174,26281.19921875,27911,0.0,0.0,SHREECEM
2024-10-03,26147.030999574483,26455.243094920672,25713.47529336236,26019.5546875,29136,0.0,0.0,SHREECEM
2024-10-04,26129.444316188525,26258.159227158387,25628.954279639685,25796.609375,35441,0.0,0.0,SHREECEM
2024-10-07,25796.606635278084,25929.186327566575,25010.201170033528,25144.859375,29707,0.0,0.0,SHREECEM
2024-10-08,25074.065428377184,25405.5630841044,24888.67329847825,25349.4296875,26091,0.0,0.0,SHREECEM
2024-10-09,25347.49392422954,25347.49392422954,24629.557429314616,24747.125,55676,0.0,0.0,SHREECEM
2024-10-10,24870.885311285307,24966.95169992551,24375.498664378887,24416.91796875,34741,0.0,0.0,SHREECEM
2024-10-11,24326.945922538052,24432.623014524204,23998.9163329864,24114.94921875,16368,0.0,0.0,SHREECEM
2024-10-14,24212.004045237863,24373.51649293067,23924.650610692377,24347.951171875,15627,0.0,0.0,SHREECEM
2024-10-15,24426.030080898414,24738.898483723602,24356.66891479307,24492.9140625,25592,0.0,0.0,SHREECEM
2024-10-16,24505.301127542843,24505.301127542843,24041.12704770657,24216.51171875,14359,0.0,0.0,SHREECEM
2024-10-17,24277.400950627023,24319.215054271648,23830.516830438755,24023.8359375,18593,0.0,0.0,SHREECEM
2024-10-18,23980.139774626547,24152.55183697046,23868.22133931148,24103.255859375,6317,0.0,0.0,SHREECEM
2024-10-21,24098.449539855894,24209.723515591857,23780.8241429528,24076.005859375,29725,0.0,0.0,SHREECEM
2024-10-22,23998.96640022995,24621.235223489424,23998.96640022995,24211.41015625,59982,0.0,0.0,SHREECEM
2024-10-23,24211.410004779493,24617.27157379023,24127.779859193048,24484.7421875,38391,0.0,0.0,SHREECEM
2024-10-24,24412.754799431663,25133.91360942913,24375.498327259877,24836.552734375,71701,0.0,0.0,SHREECEM
2024-10-25,24940.2965139293,24952.187000944286,24494.006514240107,24729.04296875,34088,0.0,0.0,SHREECEM
2024-10-28,24735.184088175705,25019.564885087395,24729.08982689607,24827.484375,15081,0.0,0.0,SHREECEM
2024-10-29,24964.075488116447,25153.630427548876,24758.072430024386,25100.568359375,13388,0.0,0.0,SHREECEM
2024-10-30,24870.934470867283,25275.60775186772,24791.714878017552,25119.990234375,24313,0.0,0.0,SHREECEM
2024-10-31,25115.18571558442,25321.78292710078,24742.715823445167,24843.33984375,44337,0.0,0.0,SHREECEM
2024-11-01,25117.66132403982,25119.643071747738,24854.336597349866,25010.697265625,609,0.0,0.0,SHREECEM
2024-11-04,25010.697811882426,25168.19644028914,24539.188929936816,24638.376953125,12419,0.0,0.0,SHREECEM
2024-11-05,24643.03419856898,24771.847807166247,24376.489116163873,24470.5234375,8774,0.0,0.0,SHREECEM
2024-11-06,24471.610462811073,24870.932607869698,24471.610462811073,24780.912109375,6207,0.0,0.0,SHREECEM
2024-11-07,24801.077905122296,24968.04015474826,24480.926939932262,24552.517578125,13470,0.0,0.0,SHREECEM
2024-11-08,24489.39810688316,24622.27584503874,24024.23312891055,24309.109375,17563,0.0,0.0,SHREECEM
2024-11-11,24276.410190124192,24337.844371013485,23909.83717037354,24195.40625,25414,0.0,0.0,SHREECEM
2024-11-12,23285.53750122006,24247.527075141184,23285.53750122006,24150.373046875,84516,0.0,0.0,SHREECEM
2024-11-13,24078.433966495293,24078.433966495293,23707.25297834721,23829.724609375,34750,0.0,0.0,SHREECEM
2024-11-14,23829.72379679412,24017.147981842878,23454.035506243184,23871.8359375,40911,0.0,0.0,SHREECEM
2024-11-18,23766.011864507305,23961.709460361188,23619.312209039384,23716.6171875,8464,0.0,0.0,SHREECEM
2024-11-19,23716.565714540815,24134.466762801003,23632.440137208538,23886.3515625,61232,0.0,0.0,SHREECEM
2024-11-21,23721.469798330974,24216.46160728909,23603.704827588077,23833.33984375,18469,0.0,0.0,SHREECEM
2024-11-22,23934.561026496285,24595.47397224967,23824.227595700904,24568.47265625,13881,0.0,0.0,SHREECEM
2024-11-25,24744.400248231388,25527.883440913585,24734.63859239896,25234.8828125,55793,0.0,0.0,SHREECEM
2024-11-26,25268.27665522057,25348.58776316719,24698.326732031608,24752.67578125,13259,0.0,0.0,SHREECEM
2024-11-27,24771.898199962787,25345.16714247106,24576.645720835462,25189.84765625,22143,0.0,0.0,SHREECEM
2024-11-28,25169.43648486427,25425.97413311947,25015.405906134878,25312.46875,25103,0.0,0.0,SHREECEM
2024-11-29,25425.823999175504,26089.70950499965,25330.055650715534,25838.47265625,71555,0.0,0.0,SHREECEM
2024-12-02,25762.72127249477,26808.093231821003,25762.72127249477,26539.56640625,38030,0.0,0.0,SHREECEM
2024-12-03,26539.568035207718,27144.992022271334,26539.568035207718,26911.4921875,31134,0.0,0.0,SHREECEM
2024-12-04,26753.841972590722,27269.8395358439,26753.841972590722,27153.80859375,64106,0.0,0.0,SHREECEM
2024-12-05,27258.942123110293,27258.942123110293,26273.71538922963,26365.173828125,23411,0.0,0.0,SHREECEM
2024-12-06,26364.180629354814,26893.653686098816,26273.169252938904,26829.544921875,40294,0.0,0.0,SHREECEM
2024-12-09,26828.901723875708,26849.710075781506,26211.637601818944,26467.48046875,24896,0.0,0.0,SHREECEM
2024-12-10,26573.307817341192,26947.807851332822,26357.246979168005,26871.80859375,15924,0.0,0.0,SHREECEM
2024-12-11,26951.76944663163,27300.06161429674,26697.807697909513,27056.306640625,27741,0.0,0.0,SHREECEM
2024-12-12,27050.85757815728,27123.737127913908,26879.83312939359,26980.2578125,7755,0.0,0.0,SHREECEM
2024-12-13,26951.769676152217,27435.26581429223,26847.083463125724,27339.646484375,20464,0.0,0.0,SHREECEM
2024-12-16,27251.012355242958,27858.418019331533,27251.012355242958,27834.884765625,37442,0.0,0.0,SHREECEM
2024-12-17,27853.466186278816,28234.853949187353,27705.429234002393,28093.455078125,46165,0.0,0.0,SHREECEM
2024-12-18,28061.54812557027,28122.436551037496,27596.828278434237,27654.1015625,12410,0.0,0.0,SHREECEM
2024-12-19,27297.53405837395,27642.35816679579,27183.03974332397,27365.0625,8746,0.0,0.0,SHREECEM
2024-12-20,27448.197732300887,27532.422013274336,26753.595132743365,26816.515625,21938,0.0,0.0,SHREECEM
2024-12-23,26883.551241311325,27134.04302480718,26694.739428393274,26951.673828125,57436,0.0,0.0,SHREECEM
2024-12-24,26937.99736587745,27128.939933401194,26384.692976211565,26463.962890625,58697,0.0,0.0,SHREECEM
2024-12-26,26530.006057536328,26625.675713337245,25997.362916827344,26102.294921875,39157,0.0,0.0,SHREECEM
2024-12-27,26114.480841694978,26199.546976367354,25628.60622664068,25811.2734375,15086,0.0,0.0,SHREECEM
2024-12-30,25752.812736777225,26207.6238582155,25312.270586601055,25554.984375,98314,0.0,0.0,SHREECEM
2024-12-31,25475.419791107943,25812.266619183105,25403.28339280814,25459.712890625,9098,0.0,0.0,SHREECEM
2025-01-01,25475.714820952082,25663.535746010715,24946.34043087647,25271.49609375,16145,0.0,0.0,SHREECEM
2025-01-02,25529.0711393911,26506.81590579787,25354.18190577489,26446.32421875,41231,0.0,0.0,SHREECEM
2025-01-03,26605.903519918247,26709.004718485055,25763.711062338338,25858.091796875,27472,0.0,0.0,SHREECEM
2025-01-06,25882.61826253243,26087.678850895645,25545.473403460164,25672.15625,32735,0.0,0.0,SHREECEM
2025-01-07,25762.624394764214,26059.985284659448,25547.306708006803,25766.587890625,20692,0.0,0.0,SHREECEM
2025-01-08,25891.53285286102,26010.387393157256,25563.108500150694,25789.91796875,18111,0.0,0.0,SHREECEM
2025-01-09,25762.721703055013,25834.06462469424,25435.783630024373,25724.87109375,26639,0.0,0.0,SHREECEM
2025-01-10,25713.17738414222,25823.90754108549,25316.87814690261,25503.41015625,29569,0.0,0.0,SHREECEM
2025-01-13,25195.546136896373,25267.187097809037,24591.312361617638,24647.494140625,39339,0.0,0.0,SHREECEM
2025-01-14,24647.493684065066,25070.10141713523,24643.08506917674,24900.859375,12486,0.0,0.0,SHREECEM
2025-01-15,25049.49079372072,25152.046247288,24839.526152483904,25063.759765625,35010,0.0,0.0,SHREECEM
2025-01-16,25118.652659567193,25558.600658811683,25074.06333531944,25185.486328125,14703,0.0,0.0,SHREECEM
2025-01-17,25118.653436212295,25403.974802405955,24975.47215725637,25084.41796875,21618,0.0,0.0,SHREECEM
2025-01-20,25084.418436843967,25084.418436843967,24739.694947864336,24916.515625,15923,0.0,0.0,SHREECEM
2025-01-21,24878.464020321288,25316.827000931768,24781.853819437107,24857.8046875,15268,0.0,0.0,SHREECEM
2025-01-22,24875.98804128148,25195.94161169922,24797.016165313133,25061.728515625,27398,0.0,0.0,SHREECEM
2025-01-23,24970.02344792528,25787.49445366093,24952.385117560047,25690.19140625,58591,0.0,0.0,SHREECEM
2025-01-24,25690.18902563772,26152.53037909932,25412.744346370517,25547.849609375,31358,0.0,0.0,SHREECEM
2025-01-27,25366.37195266722,25509.553231853173,24635.65276598689,24902.048828125,42809,0.0,0.0,SHREECEM
2025-01-28,24920.478278921222,26050.32222951923,24841.15805008022,25795.419921875,33890,0.0,0.0,SHREECEM
2025-01-29,25795.418551080355,26827.216249767047,25659.668835661538,26408.125,37297,0.0,0.0,SHREECEM
2025-01-30,26426.60537331582,27124.180558273234,26308.641068273497,26585.640625,32714,0.0,0.0,SHREECEM
2025-01-31,26876.463856623413,27744.469399257323,26439.142044777742,27542.232421875,48056,0.0,0.0,SHREECEM
2025-02-01,27664.15779989064,27688.830946796406,26178.640439046725,27114.025390625,30109,0.0,0.0,SHREECEM
2025-02-03,26753.59551538987,27470.44246999588,26611.455427410754,27303.876953125,31317,0.0,0.0,SHREECEM
2025-02-04,27348.120756814078,27774.047533062512,27100.15455321289,27678.478515625,22726,0.0,0.0,SHREECEM
2025-02-05,27693.963034134184,28388.271819693397,27531.366067185554,28193.365234375,28456,50.0,0.0,SHREECEM
2025-02-06,28193.069124474434,28193.069124474434,27527.892299332667,27618.076171875,14552,0.0,0.0,SHREECEM
2025-02-07,27694.95624134591,28221.06114485535,27662.545806234004,28041.490234375,70630,0.0,0.0,SHREECEM
2025-02-10,28099.95664828088,28290.54558697206,27730.541294204177,27837.947265625,13510,0.0,0.0,SHREECEM
2025-02-11,27943.117196501622,28236.34660094662,27581.24560841832,27784.044921875,69686,0.0,0.0,SHREECEM
2025-02-12,27595.691428525577,28141.649352471228,27151.381331265107,28027.544921875,18436,0.0,0.0,SHREECEM
2025-02-13,28092.313780532175,28538.70803116696,27906.637688946244,28017.56640625,22179,0.0,0.0,SHREECEM
2025-02-14,28290.544746906064,28537.020689455007,27705.87348880334,28346.18359375,64359,0.0,0.0,SHREECEM
2025-02-17,28280.62011130594,28290.546618891512,27911.5033144905,28101.099609375,33067,0.0,0.0,SHREECEM
2025-02-18,28121.79569716383,28238.531037400684,27801.815116228274,28152.765625,22494,0.0,0.0,SHREECEM
2025-02-19,28142.6415260482,28588.341714584603,28052.95591818043,28444.556640625,15671,0.0,0.0,SHREECEM
2025-02-20,28439.444040219496,28687.60672817953,28080.203345374357,28287.3203125,23853,0.0,0.0,SHREECEM
2025-02-21,28198.823924103348,28382.663998873948,27972.350276842895,28196.9375,13779,0.0,0.0,SHREECEM
2025-02-24,28093.007111284645,28265.579045579052,27979.001567561805,28084.470703125,11442,0.0,0.0,SHREECEM
2025-02-25,28036.427417318195,28378.891921601396,27823.00750885185,27990.21875,31625,0.0,0.0,SHREECEM
2025-02-27,27894.480230943795,28300.474409601353,27537.67267511126,28098.37109375,53283,0.0,0.0,SHREECEM
2025-02-28,27901.77567264863,27964.95828370107,26803.754604590707,27083.484375,71987,0.0,0.0,SHREECEM
2025-03-03,27083.484235968608,27604.278862265593,27069.58712486673,27475.482421875,39731,0.0,0.0,SHREECEM
2025-03-04,27161.4046815372,27422.074366670062,26951.50946728179,27162.248046875,74924,0.0,0.0,SHREECEM
2025-03-05,27238.334247852497,28023.619801187113,26959.895736317416,27948.525390625,30701,0.0,0.0,SHREECEM
2025-03-06,27992.751546255135,28338.19401214509,27769.05808433031,27855.517578125,22246,0.0,0.0,SHREECEM
2025-03-07,27855.517488126046,28267.715716566694,27695.00663560591,27779.529296875,15712,0.0,0.0,SHREECEM
2025-03-10,27779.52908322588,28142.64150425852,27576.731697607665,27678.7265625,15735,0.0,0.0,SHREECEM
2025-03-11,27378.745849284394,27983.718003212078,27378.745849284394,27731.68359375,13576,0.0,0.0,SHREECEM
2025-03-12,27893.486249023827,27992.75132464313,27050.77616506217,27328.66796875,30641,0.0,0.0,SHREECEM
2025-03-13,27533.698993763035,27533.698993763035,27198.628976970867,27293.080078125,17124,0.0,0.0,SHREECEM
2025-03-17,27293.082034504954,27825.588761206913,27172.176395972547,27530.771484375,54828,0.0,0.0,SHREECEM
2025-03-18,27530.771484375,27530.771484375,27530.771484375,27530.771484375,0,0.0,0.0,SHREECEM
2025-03-19,27645.323480844752,28480.241641734665,27551.021659276343,28318.19140625,35602,0.0,0.0,SHREECEM
2025-03-20,28532.75334110021,28588.2429061355,27970.565972984245,28418.44921875,25300,0.0,0.0,SHREECEM
2025-03-21,28587.347501665765,29104.518516227654,28431.60021912318,28774.36328125,63982,0.0,0.0,SHREECEM
2025-03-24,28836.502892242115,29426.732611879575,28718.37745870763,29226.267578125,20004,0.0,0.0,SHREECEM
2025-03-25,29481.726935295374,29953.236036112387,29231.480071858055,29326.923828125,79264,0.0,0.0,SHREECEM
2025-03-26,29337.890290250245,29812.179569805303,29234.555740224474,29711.126953125,24799,0.0,0.0,SHREECEM
2025-03-27,29711.129525562174,30273.863643378398,29512.599368546118,29924.896484375,71437,0.0,0.0,SHREECEM
2025-03-28,30474.377996236275,31008.373691186356,30214.850233402132,30278.775390625,58593,0.0,0.0,SHREECEM
2025-04-01,30321.658383456415,30384.49201119461,29836.252178095074,30024.111328125,19571,0.0,0.0,SHREECEM
2025-04-02,30274.65793272686,30274.855687371488,29816.301441902775,30050.9140625,52150,0.0,0.0,SHREECEM
2025-04-03,29779.523523962853,30911.095009825807,29680.308853597275,30674.89453125,26224,0.0,0.0,SHREECEM
2025-04-04,30674.892996149552,30772.17276812621,30289.248185813518,30468.91796875,14821,0.0,0.0,SHREECEM
2025-04-07,29382.761958617713,30025.602222552217,29174.00672194477,29532.900390625,54086,0.0,0.0,SHREECEM
2025-04-08,30024.708262037537,30370.100326803386,29944.10579388949,30209.5390625,42775,0.0,0.0,SHREECEM
2025-04-09,30185.56444939625,30412.881451450583,29907.521447395226,30147.048828125,39073,0.0,0.0,SHREECEM
2025-04-11,30412.833028678706,30484.25347310679,29536.322435156828,29886.677734375,32572,0.0,0.0,SHREECEM
2025-04-15,30772.17061997992,31015.370032944276,29933.380807919177,30896.251953125,39498,0.0,0.0,SHREECEM
2025-04-16,30772.174690543834,31060.043421519887,30365.18786399148,30573.64453125,25525,0.0,0.0,SHREECEM
2025-04-17,30568.678480342744,30861.510438508067,30300.66278981855,30772.171875,36538,0.0,0.0,SHREECEM
2025-04-21,30772.17234141791,31184.122390504635,30494.23013962446,30926.033203125,28359,0.0,0.0,SHREECEM
2025-04-22,31060.04126079242,31154.343079896775,30573.64240435943,30682.833984375,45981,0.0,0.0,SHREECEM
2025-04-23,30682.834499269306,30906.180916685535,30057.46453050387,30141.83984375,27170,0.0,0.0,SHREECEM
2025-04-24,30310.58922419496,30623.274195723414,30037.6102807971,30479.33984375,55566,0.0,0.0,SHREECEM
2025-04-25,30762.245554626104,30762.245554626104,29734.852068048564,30315.552734375,26946,0.0,0.0,SHREECEM
2025-04-28,30315.555094829357,30603.423823627672,30107.09842914782,30176.583984375,22491,0.0,0.0,SHREECEM
2025-04-29,30553.79118703164,30553.79118703164,29471.80183050583,29804.33984375,25432,0.0,0.0,SHREECEM
2025-04-30,29968.1246805053,30206.360848882952,29322.901724482497,29491.65234375,22258,0.0,0.0,SHREECEM
2025-05-02,29491.654282866933,29605.809121053728,28767.01922307249,29064.814453125,17300,0.0,0.0,SHREECEM
2025-05-05,29124.373369634373,29407.27883692632,29119.410115822233,29253.41796875,14607,0.0,0.0,SHREECEM
2025-05-06,29402.3144885641,29705.07295983392,29154.151807195394,29268.306640625,28266,0.0,0.0,SHREECEM
2025-05-07,28821.613508134826,29402.314176371743,28821.613508134826,29352.681640625,11379,0.0,0.0,SHREECEM
2025-05-08,29476.762874620134,29531.35866374639,28886.135701345207,29193.857421875,44201,0.0,0.0,SHREECEM
2025-05-09,28861.320773218333,29362.60940573683,28508.929754319193,29015.181640625,24760,0.0,0.0,SHREECEM
2025-05-12,29392.387671493903,30017.75762195122,29392.387671493903,29913.529296875,13032,0.0,0.0,SHREECEM
2025-05-13,29987.97933037195,30221.252257966702,29432.09490716744,29923.45703125,39445,0.0,0.0,SHREECEM
2025-05-14,30072.35336190092,30682.833550630712,29888.712979925294,30394.96484375,98120,0.0,0.0,SHREECEM
2025-05-15,30762.245629105295,31601.035482496514,30667.94381126841,31169.232421875,172193,0.0,0.0,SHREECEM
2025-05-16,31169.232440099637,31486.88066878855,30777.13540781176,31382.65234375,34222,0.0,0.0,SHREECEM
2025-05-19,31382.651479059532,31417.39425311511,30960.77493695609,31367.76171875,28500,0.0,0.0,SHREECEM
2025-05-20,31079.892605075336,31685.40951625694,31079.892605075336,31293.3125,29706,0.0,0.0,SHREECEM
2025-05-21,31268.498773172036,31566.2939995832,31154.34393638109,31258.572265625,31519,0.0,0.0,SHREECEM
2025-05-22,31258.57221650151,31417.396337004535,31074.93182716989,31179.16015625,34673,0.0,0.0,SHREECEM
2025-05-23,31199.012857943722,31586.146647781396,31159.30682821678,31263.53515625,19027,0.0,0.0,SHREECEM
2025-05-26,31263.534535771705,31462.06468046624,30772.172427652735,30871.4375,15503,0.0,0.0,SHREECEM
2025-05-27,31099.74632724152,31099.74632724152,30533.93543012924,30722.5390625,37923,0.0,0.0,SHREECEM
2025-05-28,31000.483706645133,31000.483706645133,29605.80936761739,29675.294921875,34686,0.0,0.0,SHREECEM
2025-05-29,29680.256723476934,29799.37481066146,29397.351266413694,29695.146484375,50069,0.0,0.0,SHREECEM
2025-05-30,29729.889052336755,29853.970392288076,29263.343214119785,29377.498046875,65782,0.0,0.0,SHREECEM
2025-06-02,29566.101438644913,29566.101438644913,28975.474265369987,29193.857421875,25260,0.0,0.0,SHREECEM
2025-06-03,29183.931502659576,29417.204424534575,29035.033892952128,29159.115234375,26184,0.0,0.0,SHREECEM
2025-06-04,29134.29815541143,29481.725901728092,29000.290310403576,29223.63671875,16028,0.0,0.0,SHREECEM
2025-06-05,29243.490148017958,29397.351009285532,29124.372061875318,29298.0859375,27504,0.0,0.0,SHREECEM
2025-06-06,29476.764714091532,29620.69907622466,29233.56527462521,29382.462890625,28546,0.0,0.0,SHREECEM
2025-06-09,29481.727250104777,29670.330892445512,29129.336234152346,29605.80859375,26404,0.0,0.0,SHREECEM
2025-06-10,29779.52247485331,29923.456833481767,29516.470026325438,29605.80859375,22926,0.0,0.0,SHREECEM
2025-06-11,29729.889572813652,29978.052257060845,29437.057605401966,29610.771484375,35659,0.0,0.0,SHREECEM
2025-06-12,29764.63275263662,29824.191797664407,29312.9766611759,29471.80078125,36013,0.0,0.0,SHREECEM
2025-06-13,29372.533705093298,29476.76202679099,29025.105966100982,29392.38671875,16460,0.0,0.0,SHREECEM
2025-06-16,29481.726751226724,29685.220151361453,29327.86588771022,29585.955078125,19409,0.0,0.0,SHREECEM
2025-06-17,29630.624119709024,29680.25665592294,29288.15961983299,29402.314453125,17595,0.0,0.0,SHREECEM
2025-06-18,29561.139975846698,29561.139975846698,29010.21879765345,29089.630859375,13011,0.0,0.0,SHREECEM
2025-06-19,29253.417871460253,29253.417871460253,28881.173836787784,29094.59375,15605,0.0,0.0,SHREECEM
2025-06-20,29203.783695887447,29337.791540854978,28379.88361201299,28662.7890625,296684,0.0,0.0,SHREECEM
2025-06-23,28543.67396590014,28702.498095079205,28240.915469652544,28355.0703125,35494,0.0,0.0,SHREECEM
2025-06-24,28523.817470345115,28558.560244365024,28146.610209557533,28295.5078125,79141,0.0,0.0,SHREECEM
2025-06-25,28434.4804936049,28970.511894077816,28265.729867530095,28861.3203125,92269,0.0,0.0,SHREECEM
2025-06-26,28915.917435460266,29928.421238555682,28915.917435460266,29883.751953125,98924,0.0,0.0,SHREECEM
2025-06-27,29784.484205997724,31050.113846479213,29779.520952505638,30801.951171875,218128,0.0,0.0,SHREECEM
2025-06-30,30667.943327588724,30896.252988224598,30370.148118063666,30801.951171875,42009,0.0,0.0,SHREECEM
2025-07-01,30876.400442921276,31417.39508177008,30876.400442921276,30955.8125,46618,0.0,0.0,SHREECEM
2025-07-02,31203.97535259956,31467.02779314159,30801.951811393807,31407.46875,20945,0.0,0.0,SHREECEM
2025-07-03,31407.471064906906,31650.670508993575,31109.67582724976,31189.087890625,26592,0.0,0.0,SHREECEM
2025-07-04,31318.132309795623,31342.948579454733,30945.88826490899,31084.859375,12514,0.0,0.0,SHREECEM
2025-07-07,31084.857040103583,31154.342589929776,30598.458191320227,30876.400390625,15768,0.0,0.0,SHREECEM
2025-07-08,31040.18922723642,31119.601287939295,30727.504238218848,31069.96875,27148,0.0,0.0,SHREECEM
2025-07-09,31030.261340048237,31442.211386629173,30921.069761436425,31382.65234375,25101,0.0,0.0,SHREECEM
2025-07-10,31377.687808866278,31427.320342572173,30742.39137743083,30945.884765625,31524,0.0,0.0,SHREECEM
2025-07-11,31099.746992400273,31337.983164700818,30831.731298562157,30980.62890625,26485,0.0,0.0,SHREECEM
2025-07-14,30980.629079581995,31238.718267684886,30667.944101688103,30871.4375,24794,0.0,0.0,SHREECEM
2025-07-15,30921.06953388936,30965.73881572002,30603.421307538007,30851.583984375,13064,0.0,0.0,SHREECEM
2025-07-16,30960.7768320445,30960.7768320445,30375.112890688095,30727.50390625,15939,0.0,0.0,SHREECEM
2025-07-17,30772.173366834173,30772.173366834173,30474.37814070352,30618.3125,10121,0.0,0.0,SHREECEM
2025-07-18,30667.94512632196,30861.51202386631,30499.19449769355,30563.716796875,21051,0.0,0.0,SHREECEM
2025-07-21,30732.79736924251,31424.03666282256,30712.90559100999,31364.361328125,48993,60.0,0.0,SHREECEM
2025-07-22,31364.359588759853,32314.19194668805,31329.548978783427,32169.9765625,59832,0.0,0.0,SHREECEM
2025-07-23,32314.193495300096,32314.193495300096,31384.252869935193,31941.22265625,34639,0.0,0.0,SHREECEM
2025-07-24,31941.22250212878,32095.383781525634,31493.657497428238,31573.224609375,20833,0.0,0.0,SHREECEM
2025-07-25,31573.223538784834,31573.223538784834,30603.499394815226,30782.525390625,16681,0.0,0.0,SHREECEM
2025-07-28,30911.82297605473,31334.5232580632,30290.20491427757,30528.90625,27460,0.0,0.0,SHREECEM
2025-07-29,30528.907062464034,30543.825896343722,29947.07254115628,30245.44921875,20699,0.0,0.0,SHREECEM
2025-07-30,30334.96160790904,30613.446501358696,30061.449658985268,30424.474609375,18682,0.0,0.0,SHREECEM
2025-07-31,30235.501764849072,30852.146866632178,30225.555876110637,30643.283203125,15010,0.0,0.0,SHREECEM
2025-08-01,30822.30916679401,30867.065666068152,30374.744174052565,30509.013671875,29448,0.0,0.0,SHREECEM
2025-08-04,30558.744848708495,30941.661586438448,29957.018546561427,30479.177734375,91108,0.0,0.0,SHREECEM
2025-08-05,30712.906120675383,30712.906120675383,29837.667863350438,30041.55859375,38269,0.0,0.0,SHREECEM
2025-08-06,30136.04496979269,30509.01582337923,29937.1271812132,30404.583984375,45369,0.0,0.0,SHREECEM
2025-08-07,30136.04398369964,30543.825436944422,30016.693314457265,30489.123046875,13398,0.0,0.0,SHREECEM
2025-08-08,30394.635305359196,30767.606124714883,30165.87986948771,30250.419921875,14155,0.0,0.0,SHREECEM
2025-08-11,30270.314345715873,30678.095810534123,30185.774285936477,30474.205078125,18515,0.0,0.0,SHREECEM
2025-08-12,30474.204671571853,30533.880007090596,30190.74682785782,30245.44921875,19839,0.0,0.0,SHREECEM
2025-08-13,30285.2327757625,30568.69061947653,30086.31499070002,30245.44921875,47546,0.0,0.0,SHREECEM
2025-08-14,30444.365617932774,30444.365617932774,30066.42184351871,30235.501953125,34703,0.0,0.0,SHREECEM
2025-08-18,30832.257722758455,31747.279564853223,30588.583427852784,31170.41796875,40018,0.0,0.0,SHREECEM
2025-08-19,31324.576974169835,31429.00880723184,30474.203476379225,30737.76953125,44452,0.0,0.0,SHREECEM
2025-08-20,30857.120878008922,31056.03865965604,30454.31237017351,30523.93359375,29464,0.0,0.0,SHREECEM
2025-08-21,30623.39152035513,30782.52574066227,30235.501858356478,30439.392578125,12148,0.0,0.0,SHREECEM
2025-08-22,30633.338818530246,30633.338818530246,29748.154677345443,29842.640625,23082,0.0,0.0,SHREECEM
2025-08-25,29986.855439467767,30215.610887264702,29777.991769740132,29852.5859375,36110,0.0,0.0,SHREECEM
2025-08-26,29837.667484847225,30334.961942928014,29519.399031675523,29947.072265625,27970,0.0,0.0,SHREECEM
2025-08-28,29986.85551153117,29991.828456060444,29469.66928048652,29514.42578125,32689,0.0,0.0,SHREECEM
2025-08-29,29633.77805594844,29768.047565515586,29051.94351449082,29116.591796875,63260,0.0,0.0,SHREECEM
2025-09-01,29191.18485442124,29812.802930537535,29146.428352940868,29708.37109375,37442,0.0,0.0,SHREECEM
2025-09-02,29738.20936301884,29991.82954320512,29584.048077023257,29832.6953125,23155,0.0,0.0,SHREECEM
2025-09-03,29937.126414286908,30111.179474835088,29718.31685245491,29777.9921875,23539,0.0,0.0,SHREECEM
2025-09-04,30215.611018638338,30583.60891452037,29683.50595297107,29782.96484375,25439,0.0,0.0,SHREECEM
2025-09-05,29937.12650710511,29937.12650710511,29509.453271289323,29877.451171875,16653,0.0,0.0,SHREECEM
2025-09-08,29837.665424594063,30489.121119697702,29832.692480356633,30320.041015625,12239,0.0,0.0,SHREECEM
2025-09-09,30334.96122862496,30494.095451463647,29952.044504919366,30026.638671875,22879,0.0,0.0,SHREECEM
2025-09-10,30136.043160860656,30354.852715163935,29589.01927510246,29728.26171875,34161,0.0,0.0,SHREECEM
2025-09-11,29763.07383932126,29937.126902709104,29464.697159227813,29668.587890625,20878,0.0,0.0,SHREECEM
2025-09-12,29688.47845421843,29773.018510118218,29340.37234168991,29419.939453125,21104,0.0,0.0,SHREECEM
2025-09-15,29638.751000747226,29638.751000747226,29071.835293685952,29116.591796875,25565,0.0,0.0,SHREECEM
2025-09-16,29340.37262917371,29738.208190247253,29270.75140598584,29414.966796875,40795,0.0,0.0,SHREECEM
2025-09-17,29618.857037961094,30026.638481398433,29380.155705217283,29524.37109375,47492,0.0,0.0,SHREECEM
2025-09-18,29718.315702186246,29862.531089629923,29489.560260034214,29797.8828125,36221,0.0,0.0,SHREECEM
2025-09-19,29981.8844358554,29981.8844358554,29524.373510644138,29718.318359375,62728,0.0,0.0,SHREECEM
2025-09-22,29837.667401321327,29837.667401321327,29489.561281639242,29544.263671875,42575,0.0,0.0,SHREECEM
2025-09-23,29733.23456677209,29952.044120366,29529.34384637777,29628.802734375,33031,0.0,0.0,SHREECEM
2025-09-24,29837.66665788364,29837.66665788364,29395.074602458368,29489.560546875,35863,0.0,0.0,SHREECEM
2025-09-25,29544.26290425684,29753.126570639397,29270.75096018444,29355.291015625,31286,0.0,0.0,SHREECEM
2025-09-26,29355.290724108767,29474.64138942786,28639.1867321942,28753.564453125,20857,0.0,0.0,SHREECEM
2025-09-29,28753.565702770306,29947.07240783168,28564.593807802255,29574.1015625,143519,0.0,0.0,SHREECEM
2025-09-30,29439.831817016915,29544.263652854308,28972.3750280305,29106.64453125,29375,0.0,0.0,SHREECEM
2025-10-01,29106.64475426427,29295.61664913221,28773.457465944488,29136.482421875,26328,0.0,0.0,SHREECEM
2025-10-03,29141.456142370633,29216.050313383526,28833.13356885067,29022.10546875,13811,0.0,0.0,SHREECEM
2025-10-06,28843.078690369515,29211.076590901816,28748.592742935547,29136.482421875,12202,0.0,0.0,SHREECEM
2025-10-07,29211.07670959617,29589.020500867762,29196.15787573019,29370.2109375,13596,0.0,0.0,SHREECEM
2025-10-08,29514.4248168591,29529.34364995945,29012.157435813984,29126.53515625,10980,0.0,0.0,SHREECEM
2025-10-09,29191.185570390666,29559.18348047736,29136.48317835075,29325.455078125,22117,0.0,0.0,SHREECEM
2025-10-10,29310.534644172396,29544.263033767937,29186.21103268541,29285.669921875,17432,0.0,0.0,SHREECEM
2025-10-13,29265.778110754687,29509.452388992067,29111.61683268614,29454.75,13296,0.0,0.0,SHREECEM
2025-10-14,29479.61472226912,29584.04655579943,29290.642833023805,29454.75,15385,0.0,0.0,SHREECEM
2025-10-15,29464.696678513275,29937.126414286908,29375.183675945642,29777.9921875,15822,0.0,0.0,SHREECEM
2025-10-16,29822.748558423234,30121.125232344428,29777.992057335054,29847.61328125,12514,0.0,0.0,SHREECEM
2025-10-17,29812.80355174038,29877.45183300354,29390.103251173587,29529.345703125,16520,0.0,0.0,SHREECEM
2025-10-20,29673.560950958166,29678.533895645774,28609.35078781001,28723.728515625,23281,0.0,0.0,SHREECEM
2025-10-21,28887.8355580068,28927.61911532545,28599.404767446566,28793.349609375,1726,0.0,0.0,SHREECEM
2025-10-23,28867.942623497907,29191.18401376963,28693.889567197748,28813.240234375,48966,0.0,0.0,SHREECEM
2025-10-24,28942.536436106515,28952.482324916175,28370.647829551144,28549.673828125,25030,0.0,0.0,SHREECEM
2025-10-27,28688.9170464979,28773.457103663866,28365.675651451555,28435.296875,36230,0.0,0.0,SHREECEM
2025-10-28,28624.267091295696,28624.267091295696,28146.864443490904,28430.322265625,34211,0.0,0.0,SHREECEM
2025-10-29,28430.323351511684,29265.77801707998,28296.053851688208,29051.94140625,79429,0.0,0.0,SHREECEM
2025-10-30,29041.99724360647,29041.99724360647,28524.81099132307,28584.486328125,22402,0.0,0.0,SHREECEM
2025-10-31,28574.53984899329,28584.485738255036,28107.083053691276,28156.8125,24223,0.0,0.0,SHREECEM
2025-11-03,28236.604142928954,28321.383773877347,27787.77080261394,27902.47265625,12006,80.0,0.0,SHREECEM
2025-11-04,28022.161994735055,28022.161994735055,27468.60086616848,27528.4453125,12031,0.0,0.0,SHREECEM
2025-11-06,27548.39324766621,27618.211767844943,27328.96361281876,27378.833984375,15109,0.0,0.0,SHREECEM
2025-11-07,27328.96448344749,27688.031170091326,27139.457065496576,27304.029296875,23046,0.0,0.0,SHREECEM
2025-11-10,27328.96388485142,27463.61388939357,26964.910168867085,27019.767578125,32166,0.0,0.0,SHREECEM
2025-11-11,27179.35275597605,27179.35275597605,26845.221263379648,26964.91015625,19431,0.0,0.0,SHREECEM
2025-11-12,27174.365018482422,27174.365018482422,26900.077979389647,27024.75390625,24395,0.0,0.0,SHREECEM
2025-11-13,27129.482195776996,27204.287753302116,26880.130337359926,26925.013671875,14547,0.0,0.0,SHREECEM
2025-11-14,26885.11820027212,27019.768207952948,26541.01262508778,26630.779296875,18167,0.0,0.0,SHREECEM
2025-11-17,26750.467117515458,26750.467117515458,26541.011558429767,26610.830078125,20761,0.0,0.0,SHREECEM
2025-11-18,26620.80390831993,26690.622427375096,26231.81501644114,26351.50390625,36817,0.0,0.0,SHREECEM
2025-11-19,26426.310372633558,26560.960378306536,26336.543702184907,26441.271484375,12630,0.0,0.0,SHREECEM
2025-11-20,26451.24590787859,26550.98665413756,26326.569975054877,26411.349609375,15461,0.0,0.0,SHREECEM
2025-11-21,26436.284795939744,26680.649624274218,26351.50516161962,26411.349609375,15422,0.0,0.0,SHREECEM
2025-11-24,26421.322265625,26471.192636077292,26256.75004313243,26421.322265625,23404,0.0,0.0,SHREECEM
2025-11-25,26421.323323213946,26436.284434948495,26291.660354847852,26386.4140625,35989,0.0,0.0,SHREECEM
2025-11-26,26585.89583321248,26905.066220255358,26411.349527798404,26865.169921875,16119,0.0,0.0,SHREECEM
2025-11-27,26865.17006240072,26875.144137047984,26545.99967368833,26685.63671875,25657,0.0,0.0,SHREECEM
2025-11-28,26710.571471058236,26795.351104181464,26256.75108198686,26331.556640625,15137,0.0,0.0,SHREECEM
2025-12-01,26481.16758278322,26496.128694411913,26251.763871143292,26346.517578125,16587,0.0,0.0,SHREECEM
2025-12-02,26181.94450167169,26575.92042845875,26097.164871856752,26476.1796875,34844,0.0,0.0,SHREECEM
2025-12-03,26575.921982681797,26615.818281398526,26047.296024685125,26231.81640625,36102,0.0,0.0,SHREECEM
2025-12-04,26201.892448901228,26421.322077327502,26112.125782726842,26381.42578125,9275,0.0,0.0,SHREECEM
2025-12-05,26381.42621943912,26386.41325653164,25947.55399238974,26007.3984375,30319,0.0,0.0,SHREECEM
2025-12-08,25932.59413262866,26296.6478579521,25932.59413262866,26067.244140625,48562,0.0,0.0,SHREECEM
2025-12-09,26067.243244507306,26281.685842462884,25683.241383051965,26032.333984375,117831,0.0,0.0,SHREECEM
2025-12-10,25932.592476337646,26027.346179616572,25578.512848295344,25817.890625,32453,0.0,0.0,SHREECEM
2025-12-11,25678.25521756974,26281.68673462663,25673.26818023869,26012.38671875,46366,0.0,0.0,SHREECEM
2025-12-12,26032.33314657837,26391.399810669107,26032.33314657837,26216.853515625,23933,0.0,0.0,SHREECEM
2025-12-15,26216.854132188968,26650.726361502348,25957.52820202465,26555.97265625,66214,0.0,0.0,SHREECEM
2025-12-16,26610.83026825221,26630.77841687909,25847.813583274215,25922.619140625,30430,0.0,0.0,SHREECEM
2025-12-17,25922.61915374832,26117.113602958823,25832.852484881936,25977.4765625,64316,0.0,0.0,SHREECEM
2025-12-18,25977.476645895276,26022.35998047256,25468.798854019424,25578.513671875,23636,0.0,0.0,SHREECEM
2025-12-19,25423.916039276122,25648.332716751098,25294.25307006836,25533.630859375,47019,0.0,0.0,SHREECEM
2025-12-22,25782.982747015998,25782.982747015998,25538.617920206754,25643.345703125,13917,0.0,0.0,SHREECEM
2025-12-23,25643.344344069246,26082.20360161069,25533.629529683887,25872.748046875,46538,0.0,0.0,SHREECEM
2025-12-24,25877.735314397472,26122.100130432445,25782.981610220646,26077.216796875,18508,0.0,0.0,SHREECEM
2025-12-26,26072.229830029333,26421.322425305167,26002.411310974167,26351.50390625,46123,0.0,0.0,SHREECEM
2025-12-29,26381.427163861797,26381.427163861797,26102.15307668292,26206.880859375,57381,0.0,0.0,SHREECEM
2025-12-30,26206.879456446943,26336.542418553054,26022.359087295936,26271.7109375,137300,0.0,0.0,SHREECEM
2025-12-31,26331.55720837253,26565.947963825845,26201.894237270695,26506.103515625,24906,0.0,0.0,SHREECEM
2026-01-01,26531.036994014346,26795.3499565487,26356.490698001096,26765.427734375,9497,0.0,0.0,SHREECEM
2026-01-02,26705.584751325914,27024.755138643348,26635.766229100227,26974.884765625,36285,0.0,0.0,SHREECEM
2026-01-05,26999.81885851872,27618.211458898535,26999.81885851872,27573.328125,23089,0.0,0.0,SHREECEM
2026-01-06,27598.263671875,28017.17479374661,27473.587742746542,27598.263671875,35574,0.0,0.0,SHREECEM
2026-01-07,27488.549665995608,27593.277449556186,27134.470016814605,27249.171875,22391,0.0,0.0,SHREECEM
2026-01-08,27259.14621159218,27289.06843575419,26710.572101955306,26780.390625,17963,0.0,0.0,SHREECEM
2026-01-09,26780.390114071197,27014.780865535133,26600.85677252435,26880.130859375,33316,0.0,0.0,SHREECEM
2026-01-12,26895.09078382397,27174.364858345412,26615.816709302526,27094.572265625,22728,0.0,0.0,SHREECEM
2026-01-13,27109.53479590545,27328.96443737341,26850.208855988767,27084.599609375,16064,0.0,0.0,SHREECEM
2026-01-14,26875.142734091423,27598.263108269057,26860.181622901542,27478.57421875,37405,0.0,0.0,SHREECEM
2026-01-15,27478.57421875,27478.57421875,27478.57421875,27478.57421875,0,0.0,0.0,SHREECEM
2026-01-16,27478.57411702474,27827.666710162986,27299.040783410786,27767.822265625,32929,0.0,0.0,SHREECEM
2026-01-19,27538.418474957973,27907.45921511496,27373.84625299607,27438.677734375,10707,0.0,0.0,SHREECEM
2026-01-20,27428.705018939392,27842.62911286157,27024.75499956956,27154.41796875,42671,0.0,0.0,SHREECEM
2026-01-21,27154.416940094652,27378.833609021054,26920.026196993746,27299.041015625,25027,0.0,0.0,SHREECEM
2026-01-22,27428.7052411821,27643.147845794978,27259.145972418428,27358.88671875,14663,0.0,0.0,SHREECEM
2026-01-23,27383.82037037037,27483.56111111111,26865.16851851852,26930.0,24439,0.0,0.0,SHREECEM
2026-01-27,27129.48153930933,27648.133392266715,26969.896353783985,27149.4296875,32223,0.0,0.0,SHREECEM
2026-01-28,27129.48178220524,27478.57437866744,26974.883632343408,27408.755859375,18343,0.0,0.0,SHREECEM
2026-01-29,27428.70371840926,27428.70371840926,26795.35001436599,26984.857421875,28182,0.0,0.0,SHREECEM
2026-01-30,26984.857581468874,27129.481656475822,26735.50572800862,26915.0390625,42402,0.0,0.0,SHREECEM
2026-02-02,26316.595441493704,26780.389903509797,26042.308394064832,26730.51953125,42072,0.0,0.0,SHREECEM
2026-02-03,27129.482559215394,27363.87330926744,26710.571431462806,26949.94921875,51933,0.0,0.0,SHREECEM
2026-02-04,27009.79373857404,27453.640053702013,26835.24743487203,27279.09375,25807,0.0,0.0,SHREECEM
2026-02-05,27388.808720730027,27473.58835442493,27029.742036845728,27154.41796875,38447,0.0,0.0,SHREECEM
2026-02-06,27199.30008661498,27358.88527230836,26969.896382180752,27259.14453125,14772,0.0,0.0,SHREECEM
2026-02-09,26615.817576901823,27189.326855774543,26366.46571652238,27074.625,74200,0.0,0.0,SHREECEM
2026-02-10,26999.819478233978,27019.767627091187,26381.42686366046,26456.232421875,38471,0.0,0.0,SHREECEM
2026-02-11,26531.037338532922,26780.389193218383,26296.64659512859,26735.505859375,25422,0.0,0.0,SHREECEM
2026-02-12,26680.64797183466,26730.518341875475,26211.866493451023,26271.7109375,28166,0.0,0.0,SHREECEM
2026-02-13,26022.359562613612,26186.93178675433,25683.24104014184,26062.255859375,27809,0.0,0.0,SHREECEM
2026-02-16,25872.749545767623,26306.62179142718,25847.814359235465,26246.77734375,11713,0.0,0.0,SHREECEM
2026-02-17,26132.07549713216,26371.45328794558,26057.269937502962,26301.634765625,12987,0.0,0.0,SHREECEM
2026-02-18,26426.310223492936,26710.571344976066,26266.725032484865,26565.947265625,24271,0.0,0.0,SHREECEM
2026-02-19,26710.57034081156,27079.611081143907,26042.307378588117,26147.03515625,32451,0.0,0.0,SHREECEM
2026-02-20,26181.94554752334,26630.778899766596,25897.684424435945,26441.271484375,16060,0.0,0.0,SHREECEM
2026-02-23,26451.245745056498,26974.884659692798,26296.647589306733,26481.16796875,24261,0.0,0.0,SHREECEM
2026-02-24,26391.400938089067,26720.545394233035,26201.89352394557,26456.232421875,28322,0.0,0.0,SHREECEM
2026-02-25,26331.557091010607,26910.053421040386,26331.557091010607,26795.3515625,16889,0.0,0.0,SHREECEM
2026-02-26,26795.35100274292,26949.94915667648,26536.025067112427,26675.662109375,12433,0.0,0.0,SHREECEM
2026-02-27,26780.389186840843,26795.350298118406,25897.683621464526,26007.3984375,45243,0.0,0.0,SHREECEM
2026-03-02,25134.66764354067,26147.036201405503,25119.70653184809,26057.26953125,28282,0.0,0.0,SHREECEM
2026-03-04,25797.94341907415,25797.94341907415,24890.302649255573,25289.265625,37304,0.0,0.0,SHREECEM
2026-03-05,25289.266124906993,25453.83835565476,24695.80868675595,25134.66796875,37079,0.0,0.0,SHREECEM
2026-03-06,25084.79680826005,25209.472736730528,24760.63939423681,24810.509765625,19762,0.0,0.0,SHREECEM
2026-03-09,24536.223323574606,24536.223323574606,23459.023275222553,23528.841796875,37789,0.0,0.0,SHREECEM
2026-03-10,23862.973551296433,24182.143939443344,23788.1679915745,23897.8828125,69919,0.0,0.0,SHREECEM
2026-03-11,24067.442034804128,24067.442034804128,23633.56978925337,23678.453125,44506,0.0,0.0,SHREECEM
2026-03-12,23678.45199800532,23678.45199800532,23254.55384724069,23439.07421875,40125,0.0,0.0,SHREECEM
2026-03-13,23439.073896418464,23444.060933417702,22795.746123516765,22905.4609375,48594,0.0,0.0,SHREECEM
2026-03-16,22910.449117386874,23409.152842188505,22885.513931146794,23254.5546875,43173,0.0,0.0,SHREECEM
2026-03-17,23334.347011120644,23718.348874736006,23109.930337579197,23613.62109375,15748,0.0,0.0,SHREECEM
2026-03-18,23848.01154486677,23937.778213166144,23643.54302262931,23862.97265625,16992,0.0,0.0,SHREECEM
2026-03-19,23349.307509006056,23583.698250766687,23065.046396658054,23274.501953125,20065,0.0,0.0,SHREECEM
2026-03-20,23344.321406283194,23648.530679041854,23299.43807095815,23473.984375,29852,0.0,0.0,SHREECEM
2026-03-23,23434.0877101382,23434.0877101382,22491.53768306518,22666.083984375,36958,0.0,0.0,SHREECEM
2026-03-24,23025.15150346664,23414.140417755225,22556.369991375268,23264.529296875,39516,0.0,0.0,SHREECEM
2026-03-25,23439.074228422924,24291.85756737193,23384.216820654277,24167.181640625,19081,0.0,0.0,SHREECEM
2026-03-27,24157.207791736975,24157.207791736975,23503.905929491404,23643.54296875,52525,0.0,0.0,SHREECEM
2026-03-30,23304.423912545477,23563.749836673953,22895.486878342883,22960.318359375,81205,0.0,0.0,SHREECEM
2026-04-01,23429.100262935204,23449.04841130722,23020.163221308834,23204.68359375,19991,0.0,0.0,SHREECEM
2026-04-02,22895.487611486486,23204.68391554054,22616.213530405406,23065.046875,20490,0.0,0.0,SHREECEM
2026-04-06,23399.1776202126,23952.738727596145,22920.42206788088,23633.568359375,31374,0.0,0.0,SHREECEM
2026-04-07,23329.359186797377,23464.00918637915,23080.007335720024,23289.462890625,57843,0.0,0.0,SHREECEM
2026-04-08,24137.26050967262,24635.96423921131,23833.051234654016,24296.845703125,31556,0.0,0.0,SHREECEM
2026-04-09,24137.26025166736,24256.949145477283,23603.647266764798,23927.8046875,103272,0.0,0.0,SHREECEM
2026-04-10,23927.803889077906,24431.494633720857,23877.93351832118,24276.896484375,75983,0.0,0.0,SHREECEM
2026-04-13,23877.933333333334,24331.753703703704,23538.814814814814,24237.0,24038,0.0,0.0,SHREECEM
2026-04-15,24635.964365737032,25084.797724626977,24481.36620878605,24900.27734375,82224,0.0,0.0,SHREECEM
2026-04-16,25134.667058691757,25209.47261541405,24765.62631219509,25044.900390625,34710,0.0,0.0,SHREECEM
2026-04-17,25044.900258563168,25259.342853369664,24990.042850589412,25224.43359375,16254,0.0,0.0,SHREECEM
2026-04-20,25234.40859926687,25453.838239260494,24985.05673563775,25423.916015625,35020,0.0,0.0,SHREECEM
2026-04-21,25354.096267497065,25822.877748446066,25164.588860304913,25473.78515625,8307,0.0,0.0,SHREECEM
2026-04-22,25523.657166796194,25733.112735574123,25389.007158296095,25668.28125,11486,0.0,0.0,SHREECEM
2026-04-23,25538.61679756515,25782.98161363246,25059.86123955573,25403.966796875,15269,0.0,0.0,SHREECEM
2026-04-24,25403.96829127004,25483.760888965433,24750.66639763903,24885.31640625,11419,0.0,0.0,SHREECEM
2026-04-27,25005.003920242536,25398.979849580224,24955.1335494403,25059.861328125,35881,0.0,0.0,SHREECEM
2026-04-28,25134.66700356569,25164.589226188982,24616.01514476195,24825.470703125,29353,0.0,0.0,SHREECEM
2026-04-29,25034.92690198025,25289.265800785226,24436.482434203826,24491.33984375,11849,0.0,0.0,SHREECEM
2026-04-30,24386.61233919715,24386.61233919715,23738.29749173383,24132.2734375,32295,0.0,0.0,SHREECEM
2026-05-01,24132.2734375,24132.2734375,24132.2734375,24132.2734375,0,0.0,0.0,SHREECEM
2026-05-04,24232.013076621868,24835.44456093371,24232.013076621868,24675.859375,12120,0.0,0.0,SHREECEM
2026-05-05,24536.223067392835,24925.21196968077,24341.728616248867,24780.587890625,19537,0.0,0.0,SHREECEM
2026-05-06,25039.912962962964,25134.666666666668,24596.066666666666,24910.25,52938,0.0,0.0,SHREECEM
2026-05-07,25384.018504132888,25922.618503827653,25364.070355996046,25528.642578125,58542,0.0,0.0,SHREECEM
2026-05-08,25523.656749127676,25523.656749127676,25099.758581156624,25369.05859375,30524,0.0,0.0,SHREECEM
2026-05-11,25124.69318541088,25319.18763444443,24935.185773532037,25139.654296875,11351,0.0,0.0,SHREECEM
2026-05-12,25034.92661246732,25259.34328528824,24735.70438203942,24795.548828125,19036,0.0,0.0,SHREECEM
2026-05-13,24640.951058180384,25219.447379319612,24640.951058180384,24930.19921875,13838,0.0,0.0,SHREECEM
2026-05-14,25144.64146946803,25234.408138736264,24835.44516421079,24960.12109375,14353,0.0,0.0,SHREECEM
2026-05-15,24965.108118022876,25319.187757731153,24840.432188548133,24905.263671875,6055,0.0,0.0,SHREECEM
2026-05-18,24735.70429009193,24840.4320703524,24097.36353421859,24411.546875,14351,0.0,0.0,SHREECEM
2026-05-19,24386.610966287102,24521.26096548746,24207.07763401996,24361.67578125,16083,0.0,0.0,SHREECEM
2026-05-20,24286.870932989095,24481.36538193911,23927.804258004453,24356.689453125,13297,0.0,0.0,SHREECEM
2026-05-21,24446.4572273166,24805.5239185379,24336.742404998982,24541.2109375,11833,0.0,0.0,SHREECEM
2026-05-22,24546.197833398477,24965.10897074213,24546.197833398477,24720.744140625,13414,0.0,0.0,SHREECEM
2026-05-25,24885.315612058766,25359.084145755274,24805.52301690988,25289.265625,11177,0.0,0.0,SHREECEM
2026-05-26,25289.265047905083,25329.161344569104,24825.47059918586,25114.71875,17032,0.0,0.0,SHREECEM
2026-05-27,25324.174363312006,25533.629921259842,25039.91324895423,25334.1484375,7231,0.0,0.0,SHREECEM
2026-05-28,25334.1484375,25334.1484375,25334.1484375,25334.1484375,0,0.0,0.0,SHREECEM
2026-05-29,25339.13562144535,25508.694883623888,24960.120800105095,25209.47265625,86354,0.0,0.0,SHREECEM
2026-06-01,25209.473856494413,25229.422005935754,24905.264577513964,24995.03125,38284,0.0,0.0,SHREECEM
2026-06-02,24825.471436474792,25189.52515581241,24591.08068566838,24930.19921875,22992,0.0,0.0,SHREECEM
2026-06-03,24885.3158346998,24895.289909182644,24436.482482971747,24710.76953125,26132,0.0,0.0,SHREECEM
2026-06-04,24541.21037872358,24740.691869304548,24351.70296267166,24421.521484375,28175,0.0,0.0,SHREECEM
2026-06-05,24561.158620348506,24625.99010503166,23967.701183633486,24022.55859375,22308,0.0,0.0,SHREECEM
2026-06-08,23967.701063575525,24027.54551067559,23349.308443541533,23473.984375,45226,0.0,0.0,SHREECEM
2026-06-09,23473.98381321068,23563.750481712443,23229.61899340033,23354.294921875,51825,0.0,0.0,SHREECEM
2026-06-10,23354.295722779087,24062.455020800575,23229.619790028824,23788.16796875,55011,0.0,0.0,SHREECEM
2026-06-11,23623.595528827136,23768.21960953982,23449.049224518723,23638.556640625,20405,0.0,0.0,SHREECEM
2026-06-12,23723.335327527147,24251.961256624872,23723.335327527147,24112.32421875,19388,0.0,0.0,SHREECEM
2026-06-15,24611.027562075153,25064.847928468025,24496.3257112286,24760.638671875,22005,0.0,0.0,SHREECEM
2026-06-16,24905.264183127263,24975.082705066347,24486.353051492762,24805.5234375,48164,0.0,0.0,SHREECEM
2026-06-17,24885.31552315904,25389.006278237008,24675.85996164147,24905.263671875,22298,0.0,0.0,SHREECEM
2026-06-18,25104.745261308293,25403.96749326668,24730.717471360316,25344.123046875,24779,0.0,0.0,SHREECEM
2026-06-19,25284.279240403786,25339.136650984547,24875.342179710868,25009.9921875,14059,0.0,0.0,SHREECEM
2026-06-22,25184.53811856121,25194.512193063612,24835.445510977195,24930.19921875,30107,0.0,0.0,SHREECEM
2026-06-23,24960.121628548157,25114.719784489218,24700.795689550258,24970.095703125,18096,0.0,0.0,SHREECEM
2026-06-24,25473.786163154487,26097.16581671641,24890.302807420525,26002.412109375,59710,0.0,0.0,SHREECEM
2026-06-25,26017.373864629884,26266.725732222654,25593.47568972217,25668.28125,32062,0.0,0.0,SHREECEM
2026-06-26,25668.28125,25668.28125,25668.28125,25668.28125,0,0.0,0.0,SHREECEM
2026-06-29,25797.943917077824,25892.69762564625,24975.08276372042,25079.810546875,95945,0.0,0.0,SHREECEM
2026-06-30,25214.459331683167,25319.187109761755,24990.042664371904,25184.537109375,30948,0.0,0.0,SHREECEM
2026-07-01,25523.656326859087,25982.46374813127,25458.824843418453,25852.80078125,33234,0.0,0.0,SHREECEM
2026-07-02,25952.541946748664,26261.738257413235,25897.684536792047,26152.0234375,10263,0.0,0.0,SHREECEM
2026-07-03,26426.30937383243,26900.077894405007,26276.69826207267,26695.609375,21488,0.0,0.0,SHREECEM
2026-07-06,26700.597983359934,26775.403543642038,26456.23315310505,26560.9609375,7076,0.0,0.0,SHREECEM
2026-07-07,26590.88158256505,26780.38899069286,26481.16676733316,26640.751953125,8495,0.0,0.0,SHREECEM
2026-07-08,26565.946549127388,26705.583587493365,25738.098393100514,25842.826171875,15874,0.0,0.0,SHREECEM
2026-07-09,25842.82626806427,26506.10220277144,25837.83923096121,26226.828125,12300,0.0,0.0,SHREECEM
2026-07-10,26391.399899316646,26745.47952759546,26326.568418082497,26545.998046875,6542,0.0,0.0,SHREECEM
2026-07-13,26461.218721908117,26506.102055586438,26261.737238893358,26351.50390625,6450,0.0,0.0,SHREECEM
2026-07-14,26221.84126177226,26266.72459599743,25947.554219285103,26211.8671875,10021,0.0,0.0,SHREECEM
2026-07-15,26216.854551125813,26974.88420525766,26216.854551125813,26855.1953125,17102,0.0,0.0,SHREECEM
2026-07-16,26979.87037037037,27189.325925925925,26640.751851851852,26930.0,37283,0.0,0.0,SHREECEM
2026-07-17,26995.0,26995.0,26400.0,26515.0,12749,70.0,0.0,SHREECEM
2026-07-20,26515.0,27125.0,26400.0,26850.0,7046,0.0,0.0,SHREECEM
2026-07-21,26790.0,27285.0,26785.0,27245.0,19707,0.0,0.0,SHREECEM
2026-07-22,27245.0,27245.0,26620.0,26720.0,11733,0.0,0.0,SHREECEM
2026-07-23,26605.0,27135.0,26605.0,26825.0,31050,0.0,0.0,SHREECEM
2026-07-24,26575.0,27000.0,26425.0,26740.0,13408,0.0,0.0,SHREECEM
2026-07-27,26960.0,27040.0,26620.0,26860.0,12362,0.0,0.0,SHREECEM
2026-07-28,26755.0,27050.0,26680.0,26875.0,15715,0.0,0.0,SHREECEM
2026-07-29,26800.0,27125.0,26700.0,26825.0,11491,0.0,0.0,SHREECEM
2026-07-30,26705.0,26800.0,25940.0,26455.0,10456,0.0,0.0,SHREECEM
2026-07-31,26500.0,26590.0,25500.0,26055.0,112164,0.0,0.0,SHREECEM
2026-08-03,26150.0,27000.0,26110.0,27000.0,33488,0.0,0.0,SHREECEM
2026-08-04,27000.0,27040.0,26600.0,26900.0,17586,0.0,0.0,SHREECEM
2026-08-05,27010.0,27550.0,26730.0,26900.0,19392,0.0,0.0,SHREECEM
2026-08-06,26915.0,26920.0,26170.0,26245.0,24420,0.0,0.0,SHREECEM
2026-08-07,26355.0,26355.0,26010.0,26010.0,10742,0.0,0.0,SHREECEM
2026-08-10,26180.0,26355.0,25905.0,26100.0,14607,0.0,0.0,SHREECEM
2026-08-11,26135.0,26135.0,25450.0,25510.0,15647,0.0,0.0,SHREECEM
2026-08-12,25470.0,25570.0,25150.0,25570.0,19869,0.0,0.0,SHREECEM
2026-08-13,25570.0,25575.0,25050.0,25245.0,16386,0.0,0.0,SHREECEM
2026-08-14,25260.0,25300.0,24600.0,24795.0,51210,0.0,0.0,SHREECEM
2026-08-17,24790.0,24790.0,24410.0,24535.0,21237,0.0,0.0,SHREECEM
2026-08-18,24625.0,24935.0,24545.0,24725.0,39655,0.0,0.0,SHREECEM
2026-08-19,24700.0,24700.0,24150.0,24340.0,25056,0.0,0.0,SHREECEM
2026-08-20,24700.0,24700.0,24245.0,24300.0,18766,0.0,0.0,SHREECEM
2026-08-21,24295.0,24355.0,24070.0,24280.0,15450,0.0,0.0,SHREECEM
2026-08-24,24365.0,24365.0,23880.0,24020.0,12456,0.0,0.0,SHREECEM
2026-08-25,24045.0,24500.0,24005.0,24440.0,126056,0.0,0.0,SHREECEM
2026-08-26,24575.0,25255.0,24510.0,24865.0,50283,0.0,0.0,SHREECEM
2026-08-27,24825.0,24945.0,24425.0,24480.0,11780,0.0,0.0,SHREECEM
2026-08-28,24480.0,24485.0,23900.0,24000.0,20074,0.0,0.0,SHREECEM
2026-08-31,23950.0,23990.0,23200.0,23200.0,20510,0.0,0.0,SHREECEM
2026-09-01,23605.0,23800.0,23310.0,23490.0,15342,0.0,0.0,SHREECEM
2026-09-02,23450.0,23680.0,23060.0,23680.0,17542,0.0,0.0,SHREECEM
2026-09-03,23680.0,24050.0,23575.0,23910.0,20001,0.0,0.0,SHREECEM
2026-09-04,23850.0,24140.0,23780.0,23855.0,15350,0.0,0.0,SHREECEM
2026-09-07,23855.0,23920.0,23365.0,23365.0,17715,0.0,0.0,SHREECEM
2026-09-08,23500.0,23560.0,23130.0,23160.0,13107,0.0,0.0,SHREECEM
2026-09-09,23160.0,23240.0,22900.0,22950.0,12133,0.0,0.0,SHREECEM
2026-09-10,22910.0,22990.0,22700.0,22785.0,9990,0.0,0.0,SHREECEM
2026-09-11,22660.0,22680.0,22370.0,22570.0,16171,0.0,0.0,SHREECEM
2026-09-14,22570.0,22570.0,22570.0,22570.0,0,0.0,0.0,SHREECEM
2026-09-15,22620.0,22660.0,21905.0,21905.0,12171,0.0,0.0,SHREECEM
2026-09-16,21970.0,22235.0,21665.0,21795.0,21233,0.0,0.0,SHREECEM
2026-09-17,21760.0,22080.0,21685.0,21960.0,15117,0.0,0.0,SHREECEM
2026-09-18,22200.0,23000.0,22100.0,22600.0,62133,0.0,0.0,SHREECEM
2026-09-21,22450.0,22700.0,22355.0,22550.0,34945,0.0,0.0,SHREECEM
2026-09-22,22540.0,22650.0,22165.0,22200.0,9585,0.0,0.0,SHREECEM
2026-09-23,22210.0,22500.0,22210.0,22500.0,10207,0.0,0.0,SHREECEM
2026-09-24,22300.0,22725.0,22170.0,22350.0,17131,0.0,0.0,SHREECEM
2026-09-25,22350.0,22520.0,22225.0,22520.0,10112,0.0,0.0,SHREECEM
2026-09-28,22305.0,22340.0,22055.0,22170.0,17002,0.0,0.0,SHREECEM
2026-09-29,22170.0,22360.0,21550.0,21900.0,450209,0.0,0.0,SHREECEM
2026-09-30,21900.0,22400.0,21900.0,22345.0,20963,0.0,0.0,SHREECEM
2026-10-01,22250.0,22275.0,21355.0,21900.0,59305,0.0,0.0,SHREECEM
