Date,Open,High,Low,Close,Volume,Dividends,Stock Splits,Symbol
2021-10-04,3235.728229979652,3286.8510096871387,3220.6562261020495,3277.860107421875,1356860,0.0,0.0,TCS
2021-10-05,3261.0943406416723,3335.8024155737935,3250.3225635085573,3329.982177734375,1877966,0.0,0.0,TCS
2021-10-06,3332.327365878328,3350.9609058383885,3296.7107282346856,3310.52294921875,1678154,0.0,0.0,TCS
2021-10-07,3327.115055968153,3387.055248882462,3318.4715488271363,3381.756103515625,1647233,0.0,0.0,TCS
2021-10-08,3409.6415124864593,3466.019958648897,3387.9240506234883,3418.89306640625,2934339,0.0,0.0,TCS
2021-10-11,3261.963133084061,3264.1348795108815,3179.4367688648904,3201.675537109375,11845402,0.0,0.0,TCS
2021-10-12,3219.3970767689025,3220.265775386487,3153.897285836865,3173.225830078125,5752877,0.0,0.0,TCS
2021-10-13,3170.749899527101,3192.858236546606,3166.4064065140506,3175.26708984375,3545655,0.0,0.0,TCS
2021-10-14,3155.0737640746165,3194.240197007957,3140.4515866145366,3143.2802734375,6442299,7.0,0.0,TCS
2021-10-18,3136.3176201055894,3179.1831087021405,3134.5768896042064,3174.3525390625,3590107,0.0,0.0,TCS
2021-10-19,3193.370649232762,3211.7354441500183,3155.248602254649,3163.038330078125,3135441,0.0,0.0,TCS
2021-10-20,3143.7593878979965,3159.425962920744,3114.4281204926015,3141.017822265625,2933693,0.0,0.0,TCS
2021-10-21,3136.883919403963,3139.7995159026163,3056.0704096897393,3074.565673828125,4871211,0.0,0.0,TCS
2021-10-22,3098.5005871767303,3099.8932567069073,3033.2231871659847,3045.27783203125,2691670,0.0,0.0,TCS
2021-10-25,3048.8897923083487,3058.94255450439,3002.7604291932066,3040.142578125,2595594,0.0,0.0,TCS
2021-10-26,3041.491784387086,3071.5193896414444,3024.519659678101,3031.134521484375,3878763,0.0,0.0,TCS
2021-10-27,3031.482212206842,3056.0700308961455,3031.482212206842,3037.357177734375,2510813,0.0,0.0,TCS
2021-10-28,3061.9454848556675,3061.9454848556675,2972.297848431525,2978.085693359375,2424942,0.0,0.0,TCS
2021-10-29,2959.2858183959333,3012.334545192476,2947.0135816838533,2957.283935546875,3960501,0.0,0.0,TCS
2021-11-01,2992.2725316859896,3034.963994875041,2970.513397796722,3025.738037109375,2020718,0.0,0.0,TCS
2021-11-02,3041.0557437617904,3058.114985191622,3019.94938950128,3032.526123046875,3087414,0.0,0.0,TCS
2021-11-03,3049.9340259076293,3063.5987185482923,3016.729674881842,3039.533203125,1537639,0.0,0.0,TCS
2021-11-04,3057.5502310791953,3057.811383209604,3050.6308683269517,3053.8076171875,328991,0.0,0.0,TCS
2021-11-08,3088.0563970942476,3088.0563970942476,3029.915946668684,3048.67236328125,2526082,0.0,0.0,TCS
2021-11-09,3053.241873185459,3076.7417393701817,3042.7974882144713,3051.239990234375,1782692,0.0,0.0,TCS
2021-11-10,3044.5377312978912,3063.4246152630417,3029.045186907905,3032.61376953125,1516489,0.0,0.0,TCS
2021-11-11,3028.871104008793,3055.0256225632647,2990.5750325787967,3036.008056640625,1284514,0.0,0.0,TCS
2021-11-12,3051.500550347196,3076.001247008398,3033.832093367419,3068.951416015625,1747259,0.0,0.0,TCS
2021-11-15,3070.6491463666757,3106.856432182133,3070.6491463666757,3092.66943359375,1809157,0.0,0.0,TCS
2021-11-16,3106.333875700264,3112.034811133801,3082.8340116924446,3095.3671875,2013204,0.0,0.0,TCS
2021-11-17,3090.319008678797,3100.9809832225665,3051.8486938011238,3065.33935546875,1632914,0.0,0.0,TCS
2021-11-18,3059.4642841407654,3064.425535995087,3004.152743208787,3025.12841796875,2136598,0.0,0.0,TCS
2021-11-22,3027.4788407337737,3060.1611031208754,2994.3180473828165,3010.071533203125,3167936,0.0,0.0,TCS
2021-11-23,2998.4075822463374,3029.6971631389747,2966.0300450466443,3015.162109375,2153461,0.0,0.0,TCS
2021-11-24,3022.0821816920316,3040.229382169995,2980.1306190967416,2996.9287109375,2161746,0.0,0.0,TCS
2021-11-25,2997.4514078185894,3014.075472464091,2988.8784358610933,2999.192138671875,1849619,0.0,0.0,TCS
2021-11-26,2981.0012315223835,3037.574977522078,2969.5993607935234,3000.018798828125,1941251,0.0,0.0,TCS
2021-11-29,3000.27942498904,3071.823617064497,2964.855602539076,3048.01904296875,2981745,0.0,0.0,TCS
2021-11-30,3038.4457895244395,3101.764876086428,3038.4457895244395,3071.650146484375,5588446,0.0,0.0,TCS
2021-12-01,3076.7414849151487,3124.611578739854,3076.7414849151487,3113.9931640625,2102118,0.0,0.0,TCS
2021-12-02,3123.9152323855865,3175.092756819471,3110.772843260999,3170.65380859375,3152938,0.0,0.0,TCS
2021-12-03,3173.743920998995,3190.7160465699467,3160.166348037167,3168.521728515625,2486263,0.0,0.0,TCS
2021-12-06,3168.5217700801913,3183.7967257927357,3065.4270279502502,3077.960205078125,1849642,0.0,0.0,TCS
2021-12-07,3100.6764260141867,3131.574394610258,3067.4285135724954,3119.824462890625,1484458,0.0,0.0,TCS
2021-12-08,3134.1854072037404,3173.7434671096034,3134.1854072037404,3156.727783203125,1428660,0.0,0.0,TCS
2021-12-09,3142.018648297052,3163.560188891332,3103.7225761294426,3134.838134765625,1567957,0.0,0.0,TCS
2021-12-10,3120.259277904166,3169.8700948750275,3111.642747321619,3165.34423828125,1510718,0.0,0.0,TCS
2021-12-13,3176.833684068705,3187.278068783452,3134.7949930935406,3141.71435546875,1883864,0.0,0.0,TCS
2021-12-14,3137.6671180553103,3163.7780788158257,3113.035735906248,3154.030029296875,1747007,0.0,0.0,TCS
2021-12-15,3150.72258812373,3153.333684191236,3096.890405868701,3107.509033203125,1603233,0.0,0.0,TCS
2021-12-16,3117.649086578987,3140.6702105630893,3107.2047010293086,3117.301025390625,2072320,0.0,0.0,TCS
2021-12-17,3135.491628476876,3178.0090669921988,3110.4250602602733,3119.694580078125,4333992,0.0,0.0,TCS
2021-12-20,3123.7408108360028,3138.5370197477364,3055.1124274458575,3095.802001953125,2312310,0.0,0.0,TCS
2021-12-21,3118.2145505242247,3169.1744877679744,3104.071112614517,3140.53955078125,2340989,0.0,0.0,TCS
2021-12-22,3154.203647877505,3165.344365511799,3138.7546647787667,3160.07861328125,1224328,0.0,0.0,TCS
2021-12-23,3175.092635394332,3194.67585477382,3159.4260598907417,3187.886962890625,1792861,0.0,0.0,TCS
2021-12-24,3207.296161626964,3224.7034677959027,3172.307518725703,3195.02392578125,2209923,0.0,0.0,TCS
2021-12-27,3195.111506294972,3220.352103865812,3179.5320500323537,3216.957763671875,1534135,0.0,0.0,TCS
2021-12-28,3229.0554523377605,3242.110932603277,3214.9991369151708,3226.052734375,1456218,0.0,0.0,TCS
2021-12-29,3213.606172974233,3237.715248491065,3207.296024757275,3215.738525390625,1456923,0.0,0.0,TCS
2021-12-30,3204.1195040416433,3255.1663458319385,3202.94442584533,3249.7265625,1966475,0.0,0.0,TCS
2021-12-31,3257.6035521515405,3272.573794030178,3247.5943503878843,3253.73046875,1207141,0.0,0.0,TCS
2022-01-03,3263.8699085224853,3333.4991332376317,3259.5180819777884,3322.837158203125,2346158,0.0,0.0,TCS
2022-01-04,3334.456838580845,3384.9813780824193,3317.571622986017,3381.15185546875,2488606,0.0,0.0,TCS
2022-01-05,3363.961789441821,3368.313615818848,3318.180490958889,3360.436767578125,1733031,0.0,0.0,TCS
2022-01-06,3317.8322746286303,3337.8506750264423,3283.0176652411315,3313.8720703125,1810293,0.0,0.0,TCS
2022-01-07,3324.7953995758726,3363.874716003597,3304.2546937860716,3353.95263671875,2460591,0.0,0.0,TCS
2022-01-10,3462.312983509929,3462.312983509929,3360.4802487008137,3376.88671875,3937092,0.0,0.0,TCS
2022-01-11,3356.128390327744,3416.18359233309,3356.128390327744,3408.26318359375,1906106,0.0,0.0,TCS
2022-01-12,3416.183070685604,3419.6645311398056,3339.199318890361,3359.522216796875,3203744,0.0,0.0,TCS
2022-01-13,3410.091351901108,3414.4431785370202,3356.999066942974,3392.596923828125,6684507,0.0,0.0,TCS
2022-01-14,3375.146173409217,3461.4428081583696,3359.653628525893,3453.739990234375,3348123,0.0,0.0,TCS
2022-01-17,3475.1070570151496,3518.886468638485,3448.648040194632,3498.128173828125,3442604,0.0,0.0,TCS
2022-01-18,3511.0102394918767,3517.755570912798,3464.0540716471287,3473.280029296875,2389041,0.0,0.0,TCS
2022-01-19,3498.0421346447133,3498.0421346447133,3409.544807459659,3413.1630859375,3102539,7.0,0.0,TCS
2022-01-20,3409.108201339722,3417.827148146218,3322.790627955417,3336.3486328125,6176776,0.0,0.0,TCS
2022-01-21,3319.303479374878,3358.1464350043802,3288.002541429297,3342.40869140625,3112358,0.0,0.0,TCS
2022-01-24,3348.075453230145,3356.489151449722,3260.9732629131663,3288.219970703125,3258414,0.0,0.0,TCS
2022-01-25,3286.6073819205503,3321.3958985887766,3245.366716144262,3286.9560546875,3330501,0.0,0.0,TCS
2022-01-27,3253.038860524102,3255.1313224875653,3160.7053044667646,3181.761474609375,5718297,0.0,0.0,TCS
2022-01-28,3178.927958254504,3251.992773976616,3178.927958254504,3217.3349609375,3143862,0.0,0.0,TCS
2022-01-31,3268.7338470224154,3276.580900802944,3244.669463616145,3257.6171875,2739393,0.0,0.0,TCS
2022-02-01,3287.043355557894,3320.1753575502544,3257.7476054923573,3313.766845703125,2105169,0.0,0.0,TCS
2022-02-02,3337.525533494624,3369.0010163346046,3313.7664036563433,3362.2001953125,1984212,0.0,0.0,TCS
2022-02-03,3357.6668632762744,3385.131549382014,3327.194182693847,3334.64892578125,1960538,0.0,0.0,TCS
2022-02-04,3326.539803558479,3334.735528375889,3286.171037442491,3326.19091796875,2307366,0.0,0.0,TCS
2022-02-07,3305.352873326484,3340.9262203657618,3274.9672572822224,3294.89013671875,1919149,0.0,0.0,TCS
2022-02-08,3305.832014247331,3312.9378700936186,3244.31980762492,3263.893798828125,2946443,0.0,0.0,TCS
2022-02-09,3269.6046922158384,3293.9741032821757,3266.2043884818895,3278.80322265625,1638721,0.0,0.0,TCS
2022-02-10,3304.3064532399912,3304.3064532399912,3276.580160242393,3287.34814453125,2112459,0.0,0.0,TCS
2022-02-11,3271.7847587121223,3271.7847587121223,3217.2913416782762,3221.607177734375,3851488,0.0,0.0,TCS
2022-02-14,3246.9357944321227,3307.3145011357815,3234.729268889145,3255.436767578125,5951745,0.0,0.0,TCS
2022-02-15,3300.993431710489,3343.7162732725105,3267.861432131778,3328.7197265625,3931683,0.0,0.0,TCS
2022-02-16,3351.5632877458197,3360.3695095219214,3318.431288543338,3324.621826171875,3256906,0.0,0.0,TCS
2022-02-17,3334.9971738861013,3343.7161207459344,3294.8900183308697,3299.423828125,3134372,0.0,0.0,TCS
2022-02-18,3286.171253915909,3327.1066691225346,3276.2317390898334,3307.88134765625,3688883,0.0,0.0,TCS
2022-02-21,3321.9185433848156,3337.438310386208,3230.8491917697265,3242.9248046875,7465922,0.0,0.0,TCS
2022-02-22,3182.4159725046347,3198.022804045737,3112.664389545629,3126.96337890625,5408531,0.0,0.0,TCS
2022-02-23,3148.411687072803,3158.787148610905,3100.152231425736,3107.25830078125,2426203,0.0,0.0,TCS
2022-02-24,3028.962034594024,3037.550282100594,2956.682052765938,2965.88037109375,5039136,0.0,0.0,TCS
2022-02-25,3023.731181877086,3077.7886597537813,3018.499813050309,3069.7236328125,2549723,0.0,0.0,TCS
2022-02-28,3042.913064381152,3107.215310369149,3013.181364480041,3098.888671875,3288942,0.0,0.0,TCS
2022-03-02,3097.405756821156,3114.3640652601866,3056.8626554299713,3091.869140625,2761341,0.0,0.0,TCS
2022-03-03,3106.4303788627763,3120.1627215451904,3077.8758250310893,3090.34375,1928039,0.0,0.0,TCS
2022-03-04,3052.93918222262,3104.9912513670993,3040.340346833838,3072.862060546875,2370257,0.0,0.0,TCS
2022-03-07,3008.036538077574,3093.4822136519515,2991.9501243817053,3038.465576171875,3054130,0.0,0.0,TCS
2022-03-08,3016.755720684322,3146.6680335114793,3016.755720684322,3138.77734375,3300992,0.0,0.0,TCS
2022-03-09,3143.180735701617,3185.903580652901,3136.2492146549575,3167.2451171875,2719654,0.0,0.0,TCS
2022-03-10,3212.0604115144542,3212.0604115144542,3151.899670907913,3157.08740234375,2005441,0.0,0.0,TCS
2022-03-11,3141.654687525225,3173.5661198059825,3132.5870674744247,3138.079833984375,1623423,0.0,0.0,TCS
2022-03-14,3121.382892115444,3180.9769774502593,3121.382892115444,3176.312255859375,1765688,0.0,0.0,TCS
2022-03-15,3190.262377370944,3190.262377370944,3126.0908489414383,3133.501953125,3651133,0.0,0.0,TCS
2022-03-16,3174.133207166071,3198.1103155844385,3152.9897570153285,3187.560302734375,3090475,0.0,0.0,TCS
2022-03-17,3223.0459941926397,3234.7292978853975,3191.3961743923683,3202.251220703125,3600452,0.0,0.0,TCS
2022-03-21,3222.52293351387,3238.173401399915,3151.89946013329,3162.1005859375,2413831,0.0,0.0,TCS
2022-03-22,3173.696684055792,3235.6012072887484,3160.618263654463,3226.838623046875,2907611,0.0,0.0,TCS
2022-03-23,3232.985769686814,3251.993118025489,3217.291664008723,3236.822021484375,1596195,0.0,0.0,TCS
2022-03-24,3226.010570995481,3276.7548028095052,3221.6510972508927,3269.474609375,1879046,0.0,0.0,TCS
2022-03-25,3278.2366923518357,3295.325913070277,3201.597235823272,3232.505859375,1690133,0.0,0.0,TCS
2022-03-28,3221.6508570404744,3237.3449613508205,3192.1807741513976,3232.723876953125,1760990,0.0,0.0,TCS
2022-03-29,3221.4328800422795,3245.1920101542364,3218.163274981001,3230.675048828125,2689063,0.0,0.0,TCS
2022-03-30,3259.1429663483013,3259.1429663483013,3231.4166674002768,3253.519287109375,1583455,0.0,0.0,TCS
2022-03-31,3260.8864107485983,3273.6595838693274,3243.622851883413,3260.8427734375,2168110,0.0,0.0,TCS
2022-04-01,3267.861749927253,3280.9401720854466,3250.467491029845,3277.234619140625,1387014,0.0,0.0,TCS
2022-04-04,3280.067738912156,3295.7618429260897,3258.3576468388446,3287.34814453125,1472994,0.0,0.0,TCS
2022-04-05,3288.786867502642,3344.239456565145,3288.786867502642,3326.10400390625,2314947,0.0,0.0,TCS
2022-04-06,3321.3089461528684,3321.3089461528684,3253.1702389534807,3274.270263671875,2051729,0.0,0.0,TCS
2022-04-07,3265.681745359496,3265.681745359496,3207.7007452082726,3212.19091796875,2494829,0.0,0.0,TCS
2022-04-08,3217.291606580685,3230.370027745647,3175.8766062249715,3213.498779296875,2296773,0.0,0.0,TCS
2022-04-11,3217.2912972094496,3236.7782280173724,3187.734153364789,3222.871337890625,2291660,0.0,0.0,TCS
2022-04-12,3211.1878127326167,3260.0139103467973,3180.9767499798,3218.250244140625,4483476,0.0,0.0,TCS
2022-04-13,3232.1138622901385,3234.5988474920932,3187.2549196419677,3192.8349609375,1621672,0.0,0.0,TCS
2022-04-18,3147.5398627614222,3147.5398627614222,3071.249076614158,3076.088134765625,3820792,0.0,0.0,TCS
2022-04-19,3095.2261642756557,3107.0403799545356,2998.576552281814,3027.131103515625,3170014,0.0,0.0,TCS
2022-04-20,3051.6308885934754,3111.9223108607353,3034.1929978015123,3101.154541015625,2640370,0.0,0.0,TCS
2022-04-21,3121.3829461849764,3177.184205558116,3110.3969880999252,3163.800537109375,2280996,0.0,0.0,TCS
2022-04-22,3122.342380367201,3153.64331680634,3113.9721056051544,3149.763427734375,1581465,0.0,0.0,TCS
2022-04-25,3102.2013489316732,3124.8706111779416,3080.491256003329,3093.65673828125,1960694,0.0,0.0,TCS
2022-04-26,3117.1542787359804,3128.270936257901,3067.4562804026878,3092.000244140625,1943469,0.0,0.0,TCS
2022-04-27,3091.738940916967,3111.312936478098,3057.1247601525597,3104.99169921875,1727648,0.0,0.0,TCS
2022-04-28,3128.358047755058,3142.657035068176,3084.806951954192,3125.132080078125,1703660,0.0,0.0,TCS
2022-04-29,3136.20571795841,3159.0929573513504,3083.7613288382795,3092.349365234375,2051115,0.0,0.0,TCS
2022-05-02,3068.9822217914025,3093.4389119139187,3045.3103646568115,3088.599853515625,1324161,0.0,0.0,TCS
2022-05-04,3085.199647886039,3091.259273972882,3021.376993207293,3033.975830078125,2305825,0.0,0.0,TCS
2022-05-05,3062.1818925690936,3080.4044092212253,3038.858706057158,3063.315185546875,1612262,0.0,0.0,TCS
2022-05-06,3015.884148783102,3029.398518342552,2985.803777828197,2992.8662109375,2010812,0.0,0.0,TCS
2022-05-09,2962.697839506829,3013.2677261140675,2918.1005160327813,3003.76416015625,2481830,0.0,0.0,TCS
2022-05-10,2994.0862835389403,3020.9406818291613,2983.623547545211,2998.227783203125,1622685,0.0,0.0,TCS
2022-05-11,2994.9583637197297,3006.6853051327807,2948.878642613765,2974.90478515625,1841769,0.0,0.0,TCS
2022-05-12,2945.2603983861713,3007.7752079636566,2920.934620561456,2971.98388671875,2807195,0.0,0.0,TCS
2022-05-13,2994.958273964552,2999.2304728192926,2948.878554239539,2977.43310546875,2187823,0.0,0.0,TCS
2022-05-16,2977.5199530082805,2990.598371542724,2935.3203410164306,2944.213623046875,1195813,0.0,0.0,TCS
2022-05-17,2938.2856675819935,3022.8594686963716,2921.1964432417662,3009.432373046875,1754076,0.0,0.0,TCS
2022-05-18,3021.1156206320347,3047.2724658323123,3001.977571466822,3006.990966796875,1866781,0.0,0.0,TCS
2022-05-19,2961.8260731069436,2968.8012301822614,2816.2196691596782,2844.07666015625,4642963,0.0,0.0,TCS
2022-05-20,2885.971624824438,2889.371929206205,2851.139472106869,2871.1494140625,3065125,0.0,0.0,TCS
2022-05-23,2881.4372497585723,2911.1687272094014,2848.479592070727,2896.2158203125,2293690,0.0,0.0,TCS
2022-05-24,2890.4616510569685,2898.9192000018056,2855.9783857074317,2866.789794921875,1711510,0.0,0.0,TCS
2022-05-25,2890.357885421766,2890.357885421766,2768.523667729061,2780.461181640625,3548046,22.0,0.0,TCS
2022-05-26,2800.9572278964383,2845.2845046149496,2791.78459666296,2832.512939453125,2813186,0.0,0.0,TCS
2022-05-27,2855.5547884677594,2878.1133830004437,2834.4883566615804,2862.664794921875,3103153,0.0,0.0,TCS
2022-05-30,2894.0004601077003,2972.648541346063,2884.6523186812783,2962.685791015625,2094624,0.0,0.0,TCS
2022-05-31,2944.165004523289,2969.839714625581,2918.5781569271903,2953.118408203125,4840965,0.0,0.0,TCS
2022-06-01,2973.8774984812158,2973.8774984812158,2931.7885726124696,2945.086669921875,1493835,0.0,0.0,TCS
2022-06-02,2944.911151142661,3012.499275922984,2937.274613670097,3004.599365234375,2657939,0.0,0.0,TCS
2022-06-03,3036.5493712828948,3052.2615410485746,3011.7963660165333,3019.65234375,1913622,0.0,0.0,TCS
2022-06-06,3000.210585639355,3030.932461150583,2964.3536823588743,3011.57763671875,1084210,0.0,0.0,TCS
2022-06-07,2985.3324048192408,3000.9567154912565,2945.7889201087964,2951.669921875,2308256,0.0,0.0,TCS
2022-06-08,2966.986795089598,2996.655390105723,2937.4499938250347,2988.05322265625,2185707,0.0,0.0,TCS
2022-06-09,2971.2443716436987,3016.888302906763,2943.243661069149,3008.198486328125,1279197,0.0,0.0,TCS
2022-06-10,2968.610667955225,2978.2661136522997,2942.27763423593,2949.2119140625,1527582,0.0,0.0,TCS
2022-06-13,2887.8560463627555,2890.4893497484964,2802.229755076651,2826.061279296875,3030921,0.0,0.0,TCS
2022-06-14,2800.0792606285445,2843.002020001427,2786.6493705312914,2818.117431640625,2611493,0.0,0.0,TCS
2022-06-15,2825.0954422083905,2838.7008420388174,2809.7345069159724,2814.38671875,1404536,0.0,0.0,TCS
2022-06-16,2843.968032652371,2848.2252927417594,2750.090797397265,2757.94677734375,2032028,0.0,0.0,TCS
2022-06-17,2714.0580800045273,2737.5383690213844,2654.2382892194128,2711.3369140625,5240434,0.0,0.0,TCS
2022-06-20,2715.813756717515,2755.0938684218168,2693.869560234665,2731.964599609375,1502769,0.0,0.0,TCS
2022-06-21,2747.4134022673966,2841.9928891984864,2743.375584391192,2819.346435546875,2964461,0.0,0.0,TCS
2022-06-22,2808.769360580185,2853.2284323936533,2793.9351690902718,2829.001953125,3336315,0.0,0.0,TCS
2022-06-23,2829.0017025634374,2912.4335752382617,2829.0017025634374,2904.358154296875,3692578,0.0,0.0,TCS
2022-06-24,2930.8668511739374,2936.1334582739805,2876.8841283984966,2890.577392578125,2132118,0.0,0.0,TCS
2022-06-27,2940.521864495801,2951.8449823739074,2902.338968643393,2909.53662109375,2037686,0.0,0.0,TCS
2022-06-28,2902.7788901035688,2922.9675548971527,2872.583755436178,2912.56591796875,1400046,0.0,0.0,TCS
2022-06-29,2871.1791779988084,2925.600794946508,2871.1791779988084,2888.295654296875,2133994,0.0,0.0,TCS
2022-06-30,2872.0565922599853,2906.2016781293732,2857.1345378380965,2867.755615234375,2719603,0.0,0.0,TCS
2022-07-01,2861.5233311117086,2925.600387299179,2854.5451192222854,2909.888427734375,1502879,0.0,0.0,TCS
2022-07-04,2907.16724294786,2912.3899190179127,2830.8453680013654,2839.623046875,2622535,0.0,0.0,TCS
2022-07-05,2857.134368050925,2872.0564215860604,2814.9575797580337,2823.164794921875,2170627,0.0,0.0,TCS
2022-07-06,2825.095465404695,2868.983852314819,2810.8317396589046,2862.18115234375,2182144,0.0,0.0,TCS
2022-07-07,2871.1782778598463,2913.6621507610735,2865.9556026660175,2885.96875,1989921,0.0,0.0,TCS
2022-07-08,2896.6338058043334,2901.022644904037,2852.745414807298,2866.306884765625,2136916,0.0,0.0,TCS
2022-07-11,2814.255336753604,2830.801346623151,2726.3469713524055,2733.193603515625,6974600,0.0,0.0,TCS
2022-07-12,2734.158936312343,2752.8554340083,2703.7443666293075,2707.650390625,3734815,0.0,0.0,TCS
2022-07-13,2724.591492698478,2729.858099965292,2664.025509130116,2667.317138671875,3863530,0.0,0.0,TCS
2022-07-14,2689.539151729887,2690.419236530846,2611.21160444456,2639.154296875,4764908,8.0,0.0,TCS
2022-07-15,2656.580186606266,2665.688935952516,2598.8905812888142,2635.502197265625,4574806,0.0,0.0,TCS
2022-07-18,2660.4964567532797,2707.976990638422,2652.839761660094,2696.139892578125,3202795,0.0,0.0,TCS
2022-07-19,2666.701122969062,2709.7371858696033,2666.701122969062,2705.600830078125,1865074,0.0,0.0,TCS
2022-07-20,2735.127885487383,2791.585245676255,2726.547057742832,2785.292724609375,3402251,0.0,0.0,TCS
2022-07-21,2787.228784035556,2802.1902268295585,2767.0308792365477,2796.293701171875,2420640,0.0,0.0,TCS
2022-07-22,2803.0704563974546,2813.631475385451,2766.5469323972993,2790.749267578125,2075886,0.0,0.0,TCS
2022-07-25,2785.4681525136675,2804.3459268777215,2771.474891342548,2787.00830078125,1797504,0.0,0.0,TCS
2022-07-26,2785.204780048454,2788.9010938413444,2725.1830298245063,2742.256591796875,2639367,0.0,0.0,TCS
2022-07-27,2741.4641477682935,2811.078941286618,2737.063723775086,2806.45849609375,1389808,0.0,0.0,TCS
2022-07-28,2830.353067253872,2872.597142884527,2817.723762864332,2869.516845703125,2106333,0.0,0.0,TCS
2022-07-29,2895.4792244226105,2919.5055843641176,2882.277951362933,2905.9521484375,2430257,0.0,0.0,TCS
2022-08-01,2928.042472386347,2928.042472386347,2878.757717816574,2903.22412109375,1306913,0.0,0.0,TCS
2022-08-02,2895.4792807916037,2915.6331387759437,2879.3296371550764,2897.0634765625,1269114,0.0,0.0,TCS
2022-08-03,2886.6788862479416,2947.404753062304,2884.0826783932725,2939.0439453125,2895824,0.0,0.0,TCS
2022-08-04,2948.284004184291,2981.6391313007757,2910.7484743753057,2952.640380859375,2150567,0.0,0.0,TCS
2022-08-05,2958.1408845663077,2972.0462668986875,2952.6844019677515,2961.529296875,1106933,0.0,0.0,TCS
2022-08-08,2961.4857307835255,2973.718825122396,2935.9632683191207,2969.802490234375,1068836,0.0,0.0,TCS
2022-08-10,2979.0875141786073,2979.0875141786073,2935.0832672926604,2952.02490234375,1878359,0.0,0.0,TCS
2022-08-11,2992.2884233473337,3017.5468150068145,2970.3303498018386,3012.09033203125,1449248,0.0,0.0,TCS
2022-08-12,3009.010270550342,3009.010270550342,2975.787065603493,2993.65283203125,1472354,0.0,0.0,TCS
2022-08-16,3001.969119488297,3005.3575317636055,2981.2871276067444,2985.863525390625,839942,0.0,0.0,TCS
2022-08-17,2979.1749915692876,3008.085646866667,2966.853804993196,2993.25634765625,1622326,0.0,0.0,TCS
2022-08-18,2983.4873628119226,2985.2475323475046,2958.844989313771,2975.78662109375,1430659,0.0,0.0,TCS
2022-08-19,2980.8471762972567,3011.2101014765467,2966.98584088932,2979.7470703125,1398410,0.0,0.0,TCS
2022-08-22,2961.4856625107705,2978.2953698990436,2945.996082460912,2952.288818359375,1536532,0.0,0.0,TCS
2022-08-23,2921.837677410358,2941.155497044556,2877.877481785338,2890.726806640625,1849256,0.0,0.0,TCS
2022-08-24,2897.2389058456506,2911.320261402616,2860.4513214801914,2864.98388671875,1691923,0.0,0.0,TCS
2022-08-25,2883.157513491952,2885.0496096749976,2829.2523249384167,2832.28857421875,1946930,0.0,0.0,TCS
2022-08-26,2846.458193615582,2866.436074774527,2831.0567102540363,2835.80908203125,1457962,0.0,0.0,TCS
2022-08-29,2750.2647412404017,2765.8421977619005,2711.5410136837368,2756.909423828125,2539173,0.0,0.0,TCS
2022-08-30,2776.6677926566595,2839.5938614918264,2765.314783665754,2826.08447265625,3431525,0.0,0.0,TCS
2022-09-01,2807.4711070631924,2807.4711070631924,2746.74524299192,2756.162109375,3546935,0.0,0.0,TCS
2022-09-02,2783.708430697643,2783.708430697643,2746.1288498985514,2755.017578125,2052900,0.0,0.0,TCS
2022-09-05,2749.076887768465,2770.462992067452,2739.0440066723772,2757.65771484375,2147912,0.0,0.0,TCS
2022-09-06,2759.506009846509,2764.214549676102,2733.8516227618284,2752.0693359375,1936453,0.0,0.0,TCS
2022-09-07,2730.023159097114,2782.7401547857316,2730.023159097114,2771.915283203125,1291534,0.0,0.0,TCS
2022-09-08,2789.868662483827,2801.7498066300514,2781.1559093890387,2789.560546875,1346113,0.0,0.0,TCS
2022-09-09,2811.8708533119707,2845.7541171155735,2788.5486067978027,2831.8046875,1561185,0.0,0.0,TCS
2022-09-12,2851.386499317343,2877.7011622955056,2838.273322470928,2854.07080078125,1785928,0.0,0.0,TCS
2022-09-13,2872.1128147669933,2872.1128147669933,2838.273595799271,2842.10205078125,1972678,0.0,0.0,TCS
2022-09-14,2759.065876894723,2764.698333727928,2740.408121912217,2746.216552734375,5090269,0.0,0.0,TCS
2022-09-15,2754.6658898669316,2761.486548220436,2728.263341401753,2732.091796875,2138023,0.0,0.0,TCS
2022-09-16,2707.141133277641,2723.290777024356,2640.254681350105,2647.911376953125,5322221,0.0,0.0,TCS
2022-09-19,2671.93739753417,2677.2179062249493,2629.5173540244687,2665.600830078125,2072220,0.0,0.0,TCS
2022-09-20,2684.2589485371036,2710.617448353941,2666.6572505139093,2675.72216796875,1544295,0.0,0.0,TCS
2022-09-21,2664.8971095952425,2676.690161452811,2638.626489065098,2641.310791015625,2253818,0.0,0.0,TCS
2022-09-22,2631.4534566835873,2666.612800197156,2622.0365926375753,2646.766845703125,2017983,0.0,0.0,TCS
2022-09-23,2643.7748504500028,2660.056419935131,2621.772729524154,2624.45703125,2652374,0.0,0.0,TCS
2022-09-26,2604.9191687641182,2663.0047675160854,2575.216305765953,2635.325927734375,2925489,0.0,0.0,TCS
2022-09-27,2648.527090847732,2662.256499568145,2619.1323446991073,2655.61181640625,2227447,0.0,0.0,TCS
2022-09-28,2622.6529999705645,2684.2148957050317,2622.6529999705645,2671.629638671875,2739767,0.0,0.0,TCS
2022-09-29,2687.7789382550586,2689.407181056036,2631.453511913106,2637.878173828125,2493902,0.0,0.0,TCS
2022-09-30,2632.2014274292333,2657.5917422646244,2596.33797567958,2644.258544921875,2817353,0.0,0.0,TCS
2022-10-03,2635.854418181052,2658.472558362496,2617.3726342806176,2627.009521484375,1763331,0.0,0.0,TCS
2022-10-04,2666.6127334648536,2726.502543409668,2660.4961874523647,2720.473876953125,2145875,0.0,0.0,TCS
2022-10-06,2737.944059176487,2749.3851626060255,2721.61844169452,2729.979248046875,1790816,0.0,0.0,TCS
2022-10-07,2725.9745822630443,2732.663312710145,2691.387421404363,2697.371826171875,1939879,0.0,0.0,TCS
2022-10-10,2649.054899326978,2752.024807373907,2644.6544759061694,2744.588134765625,3064063,0.0,0.0,TCS
2022-10-11,2728.263141363747,2767.8669611577366,2687.2072674564333,2701.464599609375,4730645,0.0,0.0,TCS
2022-10-12,2714.97390779249,2736.9760309872313,2694.8640961111873,2728.92333984375,1665247,0.0,0.0,TCS
2022-10-13,2728.9232210277037,2737.064006255312,2686.3271983230893,2731.16748046875,2054781,0.0,0.0,TCS
2022-10-14,2767.866869127891,2772.267293403134,2702.7405898542934,2727.514892578125,2245977,0.0,0.0,TCS
2022-10-17,2711.19142977343,2760.3831460488755,2710.1326377090127,2745.69189453125,1517005,8.0,0.0,TCS
2022-10-18,2779.442189863882,2784.1629159418735,2760.5155551789203,2774.765625,1793722,0.0,0.0,TCS
2022-10-19,2787.3834440777728,2787.3834440777728,2745.91240201647,2754.603759765625,1194289,0.0,0.0,TCS
2022-10-20,2739.735696686924,2788.2656365638254,2739.735696686924,2785.88330078125,1587601,0.0,0.0,TCS
2022-10-21,2786.3247900140686,2788.6188036276535,2759.1479775951516,2768.324462890625,1021913,0.0,0.0,TCS
2022-10-24,2797.17735486645,2804.147932217598,2783.853595389088,2789.765380859375,260949,0.0,0.0,TCS
2022-10-25,2806.354036786087,2809.66289628552,2780.4566102689723,2790.11865234375,2069643,0.0,0.0,TCS
2022-10-27,2788.8830306568198,2800.6184946542526,2765.632908701152,2785.97119140625,2438421,0.0,0.0,TCS
2022-10-28,2779.4419971424763,2804.589329497575,2775.0301844485994,2791.13330078125,1355739,0.0,0.0,TCS
2022-10-31,2822.678020775369,2822.678020775369,2803.971976319488,2817.51611328125,1919414,0.0,0.0,TCS
2022-11-01,2836.354077010689,2878.7957967468583,2826.603928917729,2876.23681640625,2991060,0.0,0.0,TCS
2022-11-02,2885.325394187665,2885.325394187665,2843.0161551154115,2860.3544921875,1405955,0.0,0.0,TCS
2022-11-03,2848.310478720669,2848.310478720669,2819.148353296513,2829.51611328125,1422652,0.0,0.0,TCS
2022-11-04,2838.560227097683,2841.2514758680345,2793.692006783395,2838.9130859375,1464013,0.0,0.0,TCS
2022-11-07,2849.1488372988474,2861.325484271074,2819.2368313071347,2853.2958984375,1474498,0.0,0.0,TCS
2022-11-09,2867.50165781084,2867.50165781084,2825.015774743182,2837.721923828125,1162267,0.0,0.0,TCS
2022-11-10,2797.0892715513423,2845.6192115940316,2797.0892715513423,2828.54541015625,1573092,0.0,0.0,TCS
2022-11-11,2884.972259916198,2948.5023542732615,2872.133843597439,2925.86962890625,3265394,0.0,0.0,TCS
2022-11-14,2932.973191741774,2955.0322560599284,2919.7377531508814,2943.120361328125,1342074,0.0,0.0,TCS
2022-11-15,2930.3255450967117,2947.0462695764713,2904.7370353683755,2940.56103515625,1400708,0.0,0.0,TCS
2022-11-16,2946.1199747492524,2971.7084864646695,2930.72279268046,2960.635009765625,1748235,0.0,0.0,TCS
2022-11-17,2947.0912069717638,2964.738459708122,2927.4586383025658,2955.032470703125,1417986,0.0,0.0,TCS
2022-11-18,2955.914282904037,2967.164404428522,2930.3257712012855,2950.134765625,1164540,0.0,0.0,TCS
2022-11-21,2931.6496896547724,2941.5321075260067,2887.972741682489,2897.237548828125,1304194,0.0,0.0,TCS
2022-11-22,2894.149505432855,2928.5174877257564,2872.311029743995,2924.988037109375,1149739,0.0,0.0,TCS
2022-11-23,2938.2673417659494,2938.2673417659494,2903.855201727249,2919.1201171875,1150011,0.0,0.0,TCS
2022-11-24,2926.1346994104915,2993.8118614360064,2919.1199604786734,2982.517578125,1296591,0.0,0.0,TCS
2022-11-25,2985.032521665577,3002.988685816619,2954.149832260228,2990.900146484375,1588981,0.0,0.0,TCS
2022-11-28,2970.031963168903,3015.0324474593413,2969.6349431563262,2995.841064453125,2195437,0.0,0.0,TCS
2022-11-29,2985.0323478503824,3025.6210229911208,2985.0323478503824,2997.6943359375,1576028,0.0,0.0,TCS
2022-11-30,2985.0320807890316,3013.1793559501702,2977.973181396093,2991.91455078125,3410702,0.0,0.0,TCS
2022-12-01,3022.091387121142,3070.621321804839,3017.6795748771697,3066.782958984375,2180856,0.0,0.0,TCS
2022-12-02,3051.297846000532,3060.827188659679,3011.5032111008086,3034.576904296875,2411749,0.0,0.0,TCS
2022-12-05,3029.150602395043,3034.577045852439,3006.2091763355406,3022.8857421875,1475065,0.0,0.0,TCS
2022-12-06,3000.07664261676,3007.047220155349,2971.7968815829117,2987.10595703125,1166999,0.0,0.0,TCS
2022-12-07,2972.061449685332,2994.4733694927418,2959.4436237094437,2982.91455078125,1167505,0.0,0.0,TCS
2022-12-08,2964.738675064503,2982.9154328715235,2946.6060784766437,2956.400390625,1285619,0.0,0.0,TCS
2022-12-09,2977.1791964798053,2977.1791964798053,2890.9282679261296,2905.39892578125,1797896,0.0,0.0,TCS
2022-12-12,2872.531012608813,2908.266692538365,2855.4132669095334,2899.840087890625,1527610,0.0,0.0,TCS
2022-12-13,2891.67804747704,2943.9580202787447,2883.3839269897835,2940.119873046875,1378016,0.0,0.0,TCS
2022-12-14,2954.8555977030205,2979.7381772420185,2947.8848046662138,2969.458740234375,1213311,0.0,0.0,TCS
2022-12-15,2963.678961806573,2968.9289751611977,2910.869484401753,2916.296142578125,1415694,0.0,0.0,TCS
2022-12-16,2889.7372933102192,2904.737456359463,2845.7955961171497,2859.0751953125,2703680,0.0,0.0,TCS
2022-12-19,2847.3835518123956,2863.7072567112273,2818.70677293607,2825.36865234375,2120965,0.0,0.0,TCS
2022-12-20,2822.589128527509,2866.7955730239714,2791.485852458228,2862.339599609375,1529971,0.0,0.0,TCS
2022-12-21,2866.796154401474,2896.8406447177717,2858.854890815874,2884.04638671875,1432566,0.0,0.0,TCS
2022-12-22,2906.5018913277986,2906.5018913277986,2863.3544539726518,2876.23681640625,1384101,0.0,0.0,TCS
2022-12-23,2838.56029430426,2882.54615313989,2838.56029430426,2848.5751953125,1360281,0.0,0.0,TCS
2022-12-26,2848.575474519875,2887.0905170401593,2845.6636347651533,2870.2373046875,870157,0.0,0.0,TCS
2022-12-27,2884.6194199757956,2888.6783736131365,2851.354397062912,2876.060546875,835883,0.0,0.0,TCS
2022-12-28,2867.5013384213157,2881.883888463998,2846.5010704529063,2873.942626953125,910795,0.0,0.0,TCS
2022-12-29,2851.00155026507,2886.6489089761594,2848.2661403561187,2884.222412109375,1037927,0.0,0.0,TCS
2022-12-30,2899.487515031026,2910.9140670266365,2864.3252810692306,2873.590087890625,1163131,0.0,0.0,TCS
2023-01-02,2877.3842299429016,2882.546136946802,2854.6192334296225,2877.78125,709547,0.0,0.0,TCS
2023-01-03,2869.443216210816,2929.4438738683607,2863.5314297904347,2921.8115234375,1245178,0.0,0.0,TCS
2023-01-04,2917.708404852759,2935.929322035629,2899.6199713139727,2924.72314453125,1231668,0.0,0.0,TCS
2023-01-05,2938.4433252143804,2944.708184643928,2895.8693379101937,2921.59033203125,1826057,0.0,0.0,TCS
2023-01-06,2911.7963885995287,2913.1640936237372,2823.560134399543,2833.75146484375,2488376,0.0,0.0,TCS
2023-01-09,2849.1483482571443,2935.619868272381,2842.221716863226,2929.399169921875,2885060,0.0,0.0,TCS
2023-01-10,2898.5611652366442,2910.031879132558,2850.119544259817,2899.79638671875,3864655,0.0,0.0,TCS
2023-01-11,2903.061052704587,2955.473300937228,2886.3401103867363,2937.1201171875,2720512,0.0,0.0,TCS
2023-01-12,2937.3849869866353,2955.914600902742,2925.5172535387624,2942.105712890625,2250391,0.0,0.0,TCS
2023-01-13,2949.6497555026567,2981.5031305171833,2916.208300195114,2977.57666015625,1742837,0.0,0.0,TCS
2023-01-16,2993.323916583658,3025.8110015993384,2976.2231200624447,3008.710205078125,1843607,75.0,0.0,TCS
2023-01-17,3005.0549468178974,3051.800290054043,2996.9331766913624,3048.73193359375,1688475,0.0,0.0,TCS
2023-01-18,3050.1762493662427,3076.3012356043387,3043.1825020489086,3059.200439453125,2421189,0.0,0.0,TCS
2023-01-19,3050.1760655484736,3056.4929982286035,3033.030105416692,3043.949462890625,1585044,0.0,0.0,TCS
2023-01-20,3036.6398008661617,3063.3964349074176,3028.157150767711,3034.92529296875,1529349,0.0,0.0,TCS
2023-01-23,3057.3954283238595,3085.370416009231,3028.1571422247093,3081.67041015625,1067916,0.0,0.0,TCS
2023-01-24,3090.7845565408666,3115.104700447892,3083.8359754698736,3100.98193359375,1387863,0.0,0.0,TCS
2023-01-25,3091.055812758132,3099.80923290407,3072.736663184384,3095.071533203125,874110,0.0,0.0,TCS
2023-01-27,3091.6874086767493,3109.7357881786565,3052.251743528508,3078.1962890625,1785879,0.0,0.0,TCS
2023-01-30,3086.2724031105863,3120.970363111378,3055.18411843507,3098.59033203125,1953798,0.0,0.0,TCS
2023-01-31,3112.4430679566062,3112.4430679566062,3024.0060077479234,3030.95458984375,2820375,0.0,0.0,TCS
2023-02-01,3034.834977460141,3085.3704394695874,3027.615625744506,3075.759765625,2205161,0.0,0.0,TCS
2023-02-02,3092.5897637316407,3130.491359902265,3086.363161059032,3122.73046875,1813847,0.0,0.0,TCS
2023-02-03,3162.0758544483574,3162.0758544483574,3115.9621601108056,3142.493408203125,1804469,0.0,0.0,TCS
2023-02-06,3134.236104127505,3134.236104127505,3101.478474418645,3122.32421875,1138714,0.0,0.0,TCS
2023-02-07,3130.4008630130397,3152.149246830875,3123.6327212004912,3133.69482421875,1455647,0.0,0.0,TCS
2023-02-08,3138.658461421749,3194.4729446376878,3138.658461421749,3176.605224609375,1986946,0.0,0.0,TCS
2023-02-09,3172.0027035874955,3201.421650359285,3163.249283575588,3195.330322265625,1655427,0.0,0.0,TCS
2023-02-10,3176.5150407476153,3196.6841945451315,3165.821286929602,3192.3525390625,1187821,0.0,0.0,TCS
2023-02-13,3202.6849319015614,3202.6849319015614,3134.461969485681,3142.583740234375,1087939,0.0,0.0,TCS
2023-02-14,3162.9788942978053,3180.892001269694,3153.954703443889,3158.55712890625,1579818,0.0,0.0,TCS
2023-02-15,3146.7350075745903,3181.929348066534,3122.504969647513,3177.101318359375,1429449,0.0,0.0,TCS
2023-02-16,3183.012093754283,3226.147763863208,3182.831654026723,3210.851806640625,1618931,0.0,0.0,TCS
2023-02-17,3182.0648709651223,3193.5707139463975,3149.442510168604,3159.50439453125,1061369,0.0,0.0,TCS
2023-02-20,3160.271619935647,3178.3200015457874,3135.951469779414,3147.006103515625,1296082,0.0,0.0,TCS
2023-02-21,3153.05231202799,3166.498268391457,3108.6081716824324,3114.248291015625,1139541,0.0,0.0,TCS
2023-02-22,3081.715617084995,3110.6381891326687,3063.712402699568,3069.623291015625,1218430,0.0,0.0,TCS
2023-02-23,3087.1751064959585,3115.510972284333,3075.443660607491,3080.677734375,1441570,0.0,0.0,TCS
2023-02-24,3088.5289980581183,3098.861651446193,3052.2517986673643,3068.630615234375,977592,0.0,0.0,TCS
2023-02-27,3059.2004305919913,3059.2004305919913,2992.4214241424907,3006.724853515625,1128022,0.0,0.0,TCS
2023-02-28,3003.70187186879,3061.0054827636877,2977.892598362493,2989.5791015625,4116217,0.0,0.0,TCS
2023-03-01,2998.738199575175,3058.297850845702,2991.5188479060203,3055.31982421875,1669307,0.0,0.0,TCS
2023-03-02,3033.029821695641,3041.061261510807,2994.2258102904307,2997.339111328125,1556538,0.0,0.0,TCS
2023-03-03,3026.713284379806,3030.3229603301693,3006.047977690829,3016.01953125,1043190,0.0,0.0,TCS
2023-03-06,3033.8422880766893,3072.6914693231265,3031.22536115521,3042.821533203125,1334132,0.0,0.0,TCS
2023-03-08,3035.7372636633854,3064.6146692630373,3005.8221644268447,3059.56103515625,1844590,0.0,0.0,TCS
2023-03-09,3054.688696842155,3054.688696842155,3005.822790010675,3011.2373046875,1648500,0.0,0.0,TCS
2023-03-10,2989.6236484252595,3011.5976379632734,2968.9583426171757,3005.95751953125,1024404,0.0,0.0,TCS
2023-03-13,3007.762131470913,3040.971190367257,2952.714579709819,2961.693603515625,1901233,0.0,0.0,TCS
2023-03-14,2959.934084802029,2981.9530185255367,2896.223220337673,2901.231689453125,2670334,0.0,0.0,TCS
2023-03-15,2932.861249755203,2942.201372938956,2880.5209566826484,2886.74755859375,1780522,0.0,0.0,TCS
2023-03-16,2894.959981480573,2905.608569116776,2862.4728993941326,2874.204345703125,1901060,0.0,0.0,TCS
2023-03-17,2843.0710795687405,2907.0524989935184,2837.2053560273353,2869.060791015625,6739966,0.0,0.0,TCS
2023-03-20,2860.3523392948427,2860.3523392948427,2793.0320130478685,2836.57373046875,2289468,0.0,0.0,TCS
2023-03-21,2836.573850929424,2848.7113431184507,2795.1978492579433,2803.00390625,1815297,0.0,0.0,TCS
2023-03-22,2824.616642779389,2836.7541342993322,2803.003751733395,2825.29345703125,1123939,0.0,0.0,TCS
2023-03-23,2810.944823053039,2839.326076534462,2798.4012872223343,2819.743408203125,1372218,0.0,0.0,TCS
2023-03-24,2841.6269006823486,2860.668028367099,2802.9132164379207,2815.998291015625,1329577,0.0,0.0,TCS
2023-03-27,2829.083479625092,2845.1014163917093,2802.9133294148437,2817.622802734375,1524217,0.0,0.0,TCS
2023-03-28,2821.8638616076223,2842.213451587019,2806.6580152242736,2811.846923828125,1303530,0.0,0.0,TCS
2023-03-29,2823.6694103741997,2842.620211786107,2801.1992625412336,2832.603271484375,1740616,0.0,0.0,TCS
2023-03-31,2878.671402631456,2899.472204338833,2844.424646148771,2893.06494140625,2382581,0.0,0.0,TCS
2023-04-03,2910.256032039784,2910.256032039784,2864.0522245407105,2887.74072265625,1521830,0.0,0.0,TCS
2023-04-05,2874.655108871209,2945.810919909518,2874.655108871209,2923.656494140625,2655065,0.0,0.0,TCS
2023-04-06,2910.301099826736,2939.4944408464216,2901.276910369909,2906.420654296875,1703464,0.0,0.0,TCS
2023-04-10,2905.789686543298,2952.7154827235004,2901.27759075674,2944.95458984375,2203187,0.0,0.0,TCS
2023-04-11,2945.4954794330633,2953.572085045166,2880.656589162442,2900.194091796875,2348779,0.0,0.0,TCS
2023-04-12,2912.9630768697316,2942.742900903807,2886.8380934850798,2925.326171875,2417727,0.0,0.0,TCS
2023-04-13,2896.764537538864,2914.8129147197915,2869.6919717674728,2877.678466796875,4174070,0.0,0.0,TCS
2023-04-17,2828.2710691965544,2854.7117658395036,2770.6515362079326,2833.14404296875,5505048,0.0,0.0,TCS
2023-04-18,2847.086786804494,2848.801515098883,2807.064636248936,2825.248291015625,2617302,0.0,0.0,TCS
2023-04-19,2825.2482224420037,2833.595598009388,2771.779897861731,2788.11376953125,3298034,0.0,0.0,TCS
2023-04-20,2788.4747210897062,2809.230358172251,2777.6456930466393,2801.83056640625,2419999,0.0,0.0,TCS
2023-04-21,2806.5232795765946,2855.6599533822787,2798.22106827922,2852.411376953125,1929184,0.0,0.0,TCS
2023-04-24,2843.612470588807,2870.5495443318514,2821.09694130206,2864.999755859375,1640676,0.0,0.0,TCS
2023-04-25,2872.399207357796,2879.79899788449,2840.3633380957153,2866.082275390625,2024090,0.0,0.0,TCS
2023-04-26,2870.5946482272543,2895.3208390571563,2870.5946482272543,2886.071044921875,2000029,0.0,0.0,TCS
2023-04-27,2874.2041193174095,2887.018423289877,2861.2543203233117,2876.8662109375,2434446,0.0,0.0,TCS
2023-04-28,2888.101861479268,2912.3319012830834,2884.3569105201195,2905.112548828125,2931312,0.0,0.0,TCS
2023-05-02,2919.325628047492,2919.325628047492,2896.765151787465,2905.247802734375,2321159,0.0,0.0,TCS
2023-05-03,2902.1794643631756,2902.1794643631756,2863.510722614443,2869.60205078125,2468285,0.0,0.0,TCS
2023-05-04,2869.827521986016,2909.804725343185,2867.8874093796485,2906.420654296875,1953253,0.0,0.0,TCS
2023-05-05,2905.789472292151,2927.4475304707257,2896.8104464023822,2915.4453125,1710027,0.0,0.0,TCS
2023-05-08,2928.349198292563,2937.2381121830967,2915.9861039841476,2933.40283203125,928235,0.0,0.0,TCS
2023-05-09,2935.207649500147,2976.1773773009786,2929.251596943292,2962.86669921875,1107375,0.0,0.0,TCS
2023-05-10,2968.958741883984,2983.8486565469284,2947.3458492093846,2966.071044921875,1559987,0.0,0.0,TCS
2023-05-11,2986.1040583661356,2986.7357075154237,2952.7145599800533,2961.8740234375,1719623,0.0,0.0,TCS
2023-05-12,2959.166638227262,2968.9579707256435,2941.8854056430387,2954.7900390625,1027479,0.0,0.0,TCS
2023-05-15,2963.5439307236315,2970.7632825646147,2931.372782209103,2937.4189453125,1150390,0.0,0.0,TCS
2023-05-16,2938.4571236369734,2964.446838614286,2933.2682136454873,2940.216796875,986306,0.0,0.0,TCS
2023-05-17,2938.2308468250335,2959.9340659758723,2886.161319057114,2895.591552734375,1588815,0.0,0.0,TCS
2023-05-18,2911.1587181306295,2913.865975306526,2883.228892329398,2887.605712890625,1369364,0.0,0.0,TCS
2023-05-19,2896.7646688524947,2918.873931901369,2890.492901561237,2908.36083984375,1152449,0.0,0.0,TCS
2023-05-22,2914.813188789529,2985.6079108748772,2903.126907529479,2976.809326171875,1333243,0.0,0.0,TCS
2023-05-23,2983.397162487744,3003.2052151323046,2969.048788762343,2975.320556640625,1687418,0.0,0.0,TCS
2023-05-24,2956.324611866416,2993.5042301988665,2956.324611866416,2981.005859375,1016555,0.0,0.0,TCS
2023-05-25,2972.5681528543437,2983.3971807335947,2948.293170151878,2972.116943359375,1374917,0.0,0.0,TCS
2023-05-26,2972.1169557498865,3012.861085188572,2969.860908265637,3004.0625,1791115,0.0,0.0,TCS
2023-05-29,3032.84972720672,3042.9567756365113,2988.8116372799896,2996.346923828125,1210372,0.0,0.0,TCS
2023-05-30,2991.518947917476,3002.3028107703726,2979.201016847023,2992.601806640625,1344224,0.0,0.0,TCS
2023-05-31,2986.1044948593535,3002.9796862307608,2946.5333332663195,2968.50732421875,5815424,0.0,0.0,TCS
2023-06-01,2990.6159485818102,3014.0788377378535,2975.72603815586,2999.64013671875,1177314,0.0,0.0,TCS
2023-06-02,3001.671487107062,3010.3797431667695,2975.6817733469197,2983.03662109375,2030661,0.0,0.0,TCS
2023-06-05,2991.5192908883414,3002.3483199956295,2964.491883138167,2967.966064453125,1861468,0.0,0.0,TCS
2023-06-06,2959.9342573409676,2967.920753448757,2906.330658002561,2916.888916015625,2022849,0.0,0.0,TCS
2023-06-07,2935.5691423655453,2958.896762718088,2924.740113866195,2955.33203125,1567196,0.0,0.0,TCS
2023-06-08,2942.7879725257776,2950.9097424591514,2917.52024384417,2920.633544921875,1759366,0.0,0.0,TCS
2023-06-09,2928.3498614294867,2932.86195674756,2892.569033684028,2896.133544921875,1775689,0.0,0.0,TCS
2023-06-12,2901.277372301193,2936.8325962952204,2897.667695943742,2930.064453125,2324605,0.0,0.0,TCS
2023-06-13,2941.886233041138,2946.3983284905876,2922.9354321534497,2927.1767578125,1371928,0.0,0.0,TCS
2023-06-14,2927.176458412748,2938.140981423725,2911.068411496085,2933.809326171875,1658544,0.0,0.0,TCS
2023-06-15,2950.4011606002655,2952.3557023297635,2918.308810597265,2924.036376953125,2273810,24.0,0.0,TCS
2023-06-16,2906.489819361,2908.6716434866084,2869.2154738515223,2886.39794921875,4156189,0.0,0.0,TCS
2023-06-19,2900.1254627637627,2922.762716935374,2886.4885091770993,2918.671630859375,1468186,0.0,0.0,TCS
2023-06-20,2921.9451044006205,2938.7640167937166,2910.171910116586,2934.400146484375,1528452,0.0,0.0,TCS
2023-06-21,2954.673593600641,2965.0375906543964,2930.9907039438817,2962.12841796875,1645987,0.0,0.0,TCS
2023-06-22,2963.7650532654006,2970.7198119240816,2936.5821435529915,2944.21875,1529603,0.0,0.0,TCS
2023-06-23,2943.1277797551047,2954.1281240159633,2917.535626765662,2924.08154296875,1119505,0.0,0.0,TCS
2023-06-26,2913.7631025673095,2921.8542748186887,2884.670928064297,2899.807861328125,1978803,0.0,0.0,TCS
2023-06-27,2911.035717443629,2917.990476643383,2893.1258918679814,2906.808349609375,863542,0.0,0.0,TCS
2023-06-28,2916.4902067752564,2937.354704231224,2903.2168146828576,2923.26318359375,1575872,0.0,0.0,TCS
2023-06-30,2927.39956983638,3009.221296943608,2922.035789841607,3002.175537109375,2672406,0.0,0.0,TCS
2023-07-03,3013.130987303054,3017.2220741820643,2971.720052392161,2974.947509765625,1687264,0.0,0.0,TCS
2023-07-04,2991.0388296361334,3013.7670882199945,2979.4929186666623,3008.176025390625,1656681,0.0,0.0,TCS
2023-07-05,3018.31307903841,3026.495253047851,3004.676122356007,3018.267578125,1453008,0.0,0.0,TCS
2023-07-06,3006.0850703686824,3025.9949366964006,3001.9484827926003,3020.94921875,1848238,0.0,0.0,TCS
2023-07-07,3001.948608480936,3051.859779118901,3001.948608480936,3026.722412109375,1789326,0.0,0.0,TCS
2023-07-10,3022.6312796193856,3022.6312796193856,2968.4925202267236,2974.629150390625,1407431,0.0,0.0,TCS
2023-07-11,2995.5847665765177,2995.5847665765177,2964.4925502644905,2975.038330078125,1110172,0.0,0.0,TCS
2023-07-12,2982.811557100714,2990.2663825284512,2954.7650154067746,2963.67431640625,1515240,0.0,0.0,TCS
2023-07-13,2985.5842369007783,3061.4511244735218,2975.3565198894707,3036.99560546875,4585146,0.0,0.0,TCS
2023-07-14,3059.2243352079736,3204.5489440446368,3047.4056379248523,3195.275634765625,6306101,0.0,0.0,TCS
2023-07-17,3191.047775615765,3227.3219906075915,3161.0919726546085,3174.41064453125,2743228,0.0,0.0,TCS
2023-07-18,3160.137072859517,3203.775329331685,3150.136639084645,3179.092529296875,2600090,0.0,0.0,TCS
2023-07-19,3181.9564387643286,3197.275374973218,3132.545112140107,3154.72802734375,2405370,0.0,0.0,TCS
2023-07-20,3147.4816096060504,3170.9979886535184,3131.940584552698,3156.77880859375,1715404,9.0,0.0,TCS
2023-07-21,3102.773187280526,3130.892661714448,3061.7559309462104,3070.187255859375,3770223,0.0,0.0,TCS
2023-07-24,3081.7628492870426,3111.3408007755556,3073.650637395516,3094.2958984375,1680132,0.0,0.0,TCS
2023-07-25,3096.8020315497083,3105.2789734494727,3081.0331349031017,3098.305908203125,1272980,0.0,0.0,TCS
2023-07-26,3099.400300884362,3118.0859374639376,3085.408771798231,3088.416748046875,1066803,0.0,0.0,TCS
2023-07-27,3094.4780014441108,3109.699914070163,3085.454295510359,3096.25537109375,1701769,0.0,0.0,TCS
2023-07-28,3085.408792220562,3093.3387496319633,3036.1880906607657,3058.428466796875,2599831,0.0,0.0,TCS
2023-07-31,3066.6320067687398,3123.3725393934046,3063.441776018759,3118.6328125,2743678,0.0,0.0,TCS
2023-08-01,3112.753742203544,3153.7709950290664,3112.753742203544,3146.524658203125,1956167,0.0,0.0,TCS
2023-08-02,3130.9380706417523,3141.3746384347655,3111.477796074465,3136.133544921875,1914899,0.0,0.0,TCS
2023-08-03,3117.3109079687597,3129.3882090010948,3069.913198256954,3099.035400390625,2026351,0.0,0.0,TCS
2023-08-04,3100.2201122442098,3163.79684221967,3100.2201122442098,3138.7763671875,2248493,0.0,0.0,TCS
2023-08-07,3148.2560679609046,3179.2924970791487,3136.6801334786755,3175.692138671875,1853889,0.0,0.0,TCS
2023-08-08,3175.692417693925,3181.070146163837,3150.6719384869994,3163.432861328125,1634225,0.0,0.0,TCS
2023-08-09,3158.2370582327517,3160.1512856075137,3121.9141376043485,3156.049560546875,1794589,0.0,0.0,TCS
2023-08-10,3144.656284537411,3158.2374646951694,3126.472012268179,3137.45556640625,1096701,0.0,0.0,TCS
2023-08-11,3133.80930927876,3159.8322990598804,3111.8422029571116,3143.562255859375,1679974,0.0,0.0,TCS
2023-08-14,3136.178979187144,3149.213394617888,3109.1076379281085,3144.519287109375,1190425,0.0,0.0,TCS
2023-08-16,3144.655548093036,3159.2394578812937,3131.165387032337,3152.31201171875,1328445,0.0,0.0,TCS
2023-08-17,3149.2132599891765,3154.499972197025,3111.112748256115,3131.6669921875,1843241,0.0,0.0,TCS
2023-08-18,3108.1962872876197,3108.1962872876197,3059.431330874163,3069.09326171875,2526749,0.0,0.0,TCS
2023-08-21,3076.2937232176655,3107.968154886351,3073.559239908139,3100.5849609375,1375579,0.0,0.0,TCS
2023-08-22,3099.0808101413627,3109.1072480565263,3067.224126908382,3082.810546875,1222012,0.0,0.0,TCS
2023-08-23,3088.1437524714006,3100.90467706839,3077.205817102553,3097.486572265625,1330046,0.0,0.0,TCS
2023-08-24,3106.3730455778173,3110.9761369975763,3079.1194508870794,3087.915283203125,1152881,0.0,0.0,TCS
2023-08-25,3076.2939171345733,3086.138102175971,3053.73442840892,3082.036376953125,1158046,0.0,0.0,TCS
2023-08-28,3093.6119488049294,3093.6119488049294,3062.7123781054756,3076.794921875,1037485,0.0,0.0,TCS
2023-08-29,3081.8082530524075,3089.555955621917,3067.1787231057706,3077.341796875,944517,0.0,0.0,TCS
2023-08-30,3097.2581115677926,3106.464294438142,3083.6313141767887,3090.83203125,1188200,0.0,0.0,TCS
2023-08-31,3099.9925997056025,3114.941019553153,3047.7183044022304,3059.70458984375,3417652,0.0,0.0,TCS
2023-09-01,3068.0901446211,3089.0545157816123,3059.7044406634573,3080.121826171875,1277950,0.0,0.0,TCS
2023-09-04,3079.0283215980144,3129.023882322115,3071.7819850635196,3115.94384765625,1828332,0.0,0.0,TCS
2023-09-05,3117.311177679923,3141.921529082659,3103.7753953952833,3125.833740234375,1501842,0.0,0.0,TCS
2023-09-06,3130.071933045149,3139.095639063221,3097.349371389577,3126.334716796875,1314818,0.0,0.0,TCS
2023-09-07,3127.1556523960603,3153.771249649537,3119.4079484590598,3149.441650390625,1885092,0.0,0.0,TCS
2023-09-08,3149.441490267216,3158.328561978411,3131.029345177259,3137.27294921875,1518917,0.0,0.0,TCS
2023-09-11,3155.593978203435,3177.1963534783295,3140.0985716091377,3172.59326171875,1783604,0.0,0.0,TCS
2023-09-12,3182.9381661103935,3272.1733710440712,3174.734717228666,3263.87890625,4476016,0.0,0.0,TCS
2023-09-13,3255.0380406666054,3271.2170677568156,3231.247945622234,3252.07568359375,1754929,0.0,0.0,TCS
2023-09-14,3254.081009523971,3279.283743631725,3231.79501333232,3244.966064453125,2604721,0.0,0.0,TCS
2023-09-15,3252.0751204017056,3288.079146282796,3247.1529175210694,3279.830078125,2952897,0.0,0.0,TCS
2023-09-18,3263.1959666407256,3298.9721261758623,3258.820748484001,3286.98583984375,1395753,0.0,0.0,TCS
2023-09-20,3263.1502992373726,3304.167551602088,3263.1502992373726,3286.894775390625,1649396,0.0,0.0,TCS
2023-09-21,3270.9433138676945,3285.937352425598,3215.7522827621383,3267.98095703125,2004073,0.0,0.0,TCS
2023-09-22,3266.7964963365184,3312.143350603467,3249.5237189665327,3284.707275390625,1989083,0.0,0.0,TCS
2023-09-25,3283.658719154224,3299.6098718496296,3243.689598958607,3260.55224609375,1238778,0.0,0.0,TCS
2023-09-26,3251.8480295119207,3276.7772718114297,3223.044712861221,3268.345947265625,1726062,0.0,0.0,TCS
2023-09-27,3272.2651988981193,3294.141066523065,3241.0008935775677,3271.627197265625,1541134,0.0,0.0,TCS
2023-09-28,3281.37980335937,3283.9320321574332,3215.159824951922,3223.727783203125,1755753,0.0,0.0,TCS
2023-09-29,3224.1380349399456,3252.622235715334,3195.28932540776,3216.29931640625,2243791,0.0,0.0,TCS
2023-10-03,3221.40351413728,3221.40351413728,3172.091799849083,3202.854736328125,1948148,0.0,0.0,TCS
2023-10-04,3177.7428200143645,3233.981977311674,3169.539370804724,3224.63916015625,1788138,0.0,0.0,TCS
2023-10-05,3239.451432181438,3303.2560467713934,3236.8992030912727,3271.6728515625,2990768,0.0,0.0,TCS
2023-10-06,3273.176643439127,3313.2367809094894,3258.638351141779,3300.885986328125,2075691,0.0,0.0,TCS
2023-10-09,3322.4429058385053,3353.388098061812,3309.636364246382,3316.3359375,4233074,0.0,0.0,TCS
2023-10-10,3317.8857096422857,3325.1320466518578,3282.6109158249983,3307.722412109375,1848148,0.0,0.0,TCS
2023-10-11,3326.9545791162677,3326.9545791162677,3285.9373308805875,3290.403564453125,2426417,0.0,0.0,TCS
2023-10-12,3258.5930910385287,3271.034902918443,3224.959030384727,3229.01513671875,4241281,0.0,0.0,TCS
2023-10-13,3217.575421151711,3260.4156604701616,3213.0179488837907,3254.81005859375,2890357,0.0,0.0,TCS
2023-10-16,3250.389494786418,3258.273833459736,3207.6404903319494,3212.15234375,1671104,0.0,0.0,TCS
2023-10-17,3217.575737682961,3221.3583510243216,3193.2844971184086,3196.656982421875,1672065,0.0,0.0,TCS
2023-10-18,3200.256633189991,3210.921072479593,3175.64628596808,3178.608642578125,1408245,0.0,0.0,TCS
2023-10-19,3170.6127629599455,3177.3296712861907,3154.5288620352453,3157.955810546875,1514545,9.0,0.0,TCS
2023-10-20,3153.1578999999892,3198.028165823499,3147.355068054905,3193.504638671875,1481211,0.0,0.0,TCS
2023-10-23,3173.81148296811,3179.2488637203114,3108.288267201467,3116.375732421875,1106272,0.0,0.0,TCS
2023-10-25,3098.418430452583,3129.9463572629693,3086.2641415822154,3098.052978515625,1518537,0.0,0.0,TCS
2023-10-26,3077.9019771940552,3083.0651562866083,3043.129833424646,3049.29833984375,1984471,0.0,0.0,TCS
2023-10-27,3061.407763117545,3072.3739998809515,3049.5276732905218,3062.27587890625,1108851,0.0,0.0,TCS
2023-10-30,3061.407015378283,3091.42717042924,3046.5569067215974,3087.49755859375,910972,0.0,0.0,TCS
2023-10-31,3106.1857963966836,3106.1857963966836,3061.452744597805,3078.541748046875,999811,0.0,0.0,TCS
2023-11-01,3065.976774735599,3081.146823579833,3025.7672432636564,3043.724365234375,1563475,0.0,0.0,TCS
2023-11-02,3055.1936879519767,3085.1223774535883,3055.1936879519767,3070.637939453125,1245384,0.0,0.0,TCS
2023-11-03,3090.6504056818926,3096.0420483703,3056.198197111951,3062.2294921875,1402598,0.0,0.0,TCS
2023-11-06,3084.253541799562,3100.063241613325,3069.631895379179,3089.05126953125,1099852,0.0,0.0,TCS
2023-11-07,3086.9950929939328,3110.892257060667,3076.028858205322,3080.095458984375,1191144,0.0,0.0,TCS
2023-11-08,3081.009497872084,3108.8820129756928,3079.273266502525,3090.239501953125,992899,0.0,0.0,TCS
2023-11-09,3098.0528650963947,3099.3321699375433,3054.1421877854477,3059.076904296875,2112352,0.0,0.0,TCS
2023-11-10,3050.441034374945,3059.076899811592,3036.139325479398,3046.282958984375,1338557,0.0,0.0,TCS
2023-11-13,3066.890289328859,3066.890289328859,3040.388555601047,3044.546630859375,1030990,0.0,0.0,TCS
2023-11-15,3091.6561463483945,3118.9802615645867,3066.9363782941077,3111.02978515625,2059802,0.0,0.0,TCS
2023-11-16,3134.5612355569488,3225.3068746335257,3120.0765776114918,3196.5205078125,3951984,0.0,0.0,TCS
2023-11-17,3196.5205315189633,3220.874622639635,3191.6770664120663,3200.72412109375,2021292,0.0,0.0,TCS
2023-11-20,3190.4889097792343,3229.464646386725,3190.4889097792343,3216.396728515625,1475621,0.0,0.0,TCS
2023-11-21,3216.396992381275,3234.171387970376,3199.39923794906,3207.806640625,1807236,0.0,0.0,TCS
2023-11-22,3198.4850230582065,3228.322229815577,3181.2132931771357,3226.03759765625,1798051,0.0,0.0,TCS
2023-11-23,3225.9007144988595,3238.69465500962,3198.4851276900877,3206.0244140625,2729804,0.0,0.0,TCS
2023-11-24,3193.230552452981,3202.6432821116277,3155.5341196594813,3159.281005859375,1989733,0.0,0.0,TCS
2023-11-28,3159.2809411434473,3181.350399374295,3137.25699707058,3171.20654296875,1689195,0.0,0.0,TCS
2023-11-29,3181.122097340804,3214.934656261117,3176.37010665481,3211.05078125,1441634,0.0,0.0,TCS
2023-11-30,3197.9828327668433,3213.7010597281014,3181.122289556821,3187.15380859375,3266235,0.0,0.0,TCS
2023-12-01,3198.485050944408,3213.9748124979737,3189.3922594927312,3209.13134765625,1172141,0.0,0.0,TCS
2023-12-04,3239.288567355795,3242.1673378334053,3196.657419148335,3209.862548828125,1625213,0.0,0.0,TCS
2023-12-05,3233.2116065096975,3233.2116065096975,3201.044028590681,3227.363037109375,1377656,0.0,0.0,TCS
2023-12-06,3228.2771864947563,3301.6138895051217,3221.4688031800893,3293.61767578125,1896572,0.0,0.0,TCS
2023-12-07,3294.440005254403,3317.788993602691,3282.285715953096,3303.487060546875,1967653,0.0,0.0,TCS
2023-12-08,3320.027826121142,3330.9940617152665,3291.74412143969,3314.2705078125,1641155,0.0,0.0,TCS
2023-12-11,3310.797891464415,3338.304955567598,3303.5785421234236,3329.074951171875,1102503,0.0,0.0,TCS
2023-12-12,3325.464920258755,3379.793429797475,3318.199834425044,3355.75927734375,2236866,0.0,0.0,TCS
2023-12-13,3329.668470857527,3335.5627768963504,3256.0575819401906,3283.975830078125,3850968,0.0,0.0,TCS
2023-12-14,3317.2861268874835,3361.15106740831,3315.0929691048923,3351.3271484375,3290396,0.0,0.0,TCS
2023-12-15,3350.824558139156,3560.3253463636993,3350.824558139156,3528.38623046875,8531230,0.0,0.0,TCS
2023-12-18,3525.736106571666,3590.5281905815186,3500.1937384877283,3526.7412109375,2521612,0.0,0.0,TCS
2023-12-19,3513.7645660221524,3522.9945699903956,3463.5026541544753,3487.445556640625,2004435,0.0,0.0,TCS
2023-12-20,3497.543479836221,3562.9296988605265,3442.072653930527,3454.40966796875,2586083,0.0,0.0,TCS
2023-12-21,3432.6603552689257,3478.764194819794,3420.8717407298955,3461.21826171875,1517562,0.0,0.0,TCS
2023-12-22,3472.6410167486597,3514.6325128426206,3437.9146065811733,3494.573486328125,2413058,0.0,0.0,TCS
2023-12-26,3490.7808875582864,3503.711816102494,3463.6392795100446,3468.57421875,1285231,0.0,0.0,TCS
2023-12-27,3471.727259647645,3489.2731911736523,3443.3978189924524,3482.876220703125,1293976,0.0,0.0,TCS
2023-12-28,3494.5739961540417,3507.3679386085805,3465.4221736618024,3472.550048828125,1682889,0.0,0.0,TCS
2023-12-29,3465.330802381758,3493.294795252036,3441.02222175028,3466.610107421875,1574996,0.0,0.0,TCS
2024-01-01,3463.5027692673525,3501.8845941510544,3447.967268719188,3482.78515625,825907,0.0,0.0,TCS
2024-01-02,3482.7849604684966,3482.7849604684966,3442.7124205931514,3457.288330078125,1344068,0.0,0.0,TCS
2024-01-03,3442.4837365673884,3446.916012198502,3369.4212447573177,3373.71630859375,1803075,0.0,0.0,TCS
2024-01-04,3382.8551313574153,3398.6190946223346,3336.477094505551,3350.916015625,3598144,0.0,0.0,TCS
2024-01-05,3358.409607550091,3424.8924099852666,3358.2726188503784,3415.890869140625,1963127,0.0,0.0,TCS
2024-01-08,3415.890793989658,3417.5815111616193,3356.0334267910252,3361.42529296875,1067805,0.0,0.0,TCS
2024-01-09,3390.3486750012953,3429.09617357813,3365.4919196193155,3372.02587890625,1370944,0.0,0.0,TCS
2024-01-10,3372.1170435014856,3407.9857681511967,3370.289337786851,3393.181396484375,1292227,0.0,0.0,TCS
2024-01-11,3403.1878753109395,3447.966663143978,3387.652377491314,3413.742919921875,1777909,0.0,0.0,TCS
2024-01-12,3516.505737788772,3568.823813019647,3492.380111991251,3548.307861328125,6813450,0.0,0.0,TCS
2024-01-15,3618.8577598512566,3623.4270246995534,3550.318787126801,3567.499267578125,2801505,0.0,0.0,TCS
2024-01-16,3563.1128581170137,3563.1128581170137,3523.4059897648553,3528.66064453125,1432672,0.0,0.0,TCS
2024-01-17,3490.0045245140536,3573.1194082779125,3484.1102174250937,3549.953369140625,3458696,0.0,0.0,TCS
2024-01-18,3562.198531252639,3572.06818699225,3529.299827526345,3566.40234375,2239110,0.0,0.0,TCS
2024-01-19,3630.2658185854475,3647.3359347309056,3602.705290319906,3628.471435546875,2941975,27.0,0.0,TCS
2024-01-23,3588.8561772055014,3620.051529496022,3536.17360896319,3550.43701171875,2618854,0.0,0.0,TCS
2024-01-24,3570.4511632012504,3573.809874043728,3501.9869317926677,3535.298828125,2657709,0.0,0.0,TCS
2024-01-25,3533.550863134138,3552.9675849710666,3477.233473153438,3506.3125,2205154,0.0,0.0,TCS
2024-01-29,3497.5699073043315,3515.2380746842937,3479.2115753809107,3497.75390625,1646747,0.0,0.0,TCS
2024-01-30,3503.6897568365657,3540.8207042314343,3484.871312637016,3497.34033203125,1411621,0.0,0.0,TCS
2024-01-31,3507.140432085803,3528.12148113154,3493.5671947757637,3511.511474609375,2459358,0.0,0.0,TCS
2024-02-01,3515.2381710106256,3593.364709605868,3501.4809356666156,3546.66357421875,2363107,0.0,0.0,TCS
2024-02-02,3565.896668660393,3666.522537605696,3563.089954213246,3649.86669921875,2826510,0.0,0.0,TCS
2024-02-05,3665.234434230392,3701.12299635316,3646.0019356759444,3656.308349609375,1691523,0.0,0.0,TCS
2024-02-06,3678.1170862666413,3818.818548187844,3671.675550213635,3806.027587890625,4474396,0.0,0.0,TCS
2024-02-07,3821.6716355150297,3823.512074540079,3748.92823811736,3757.624267578125,2124267,0.0,0.0,TCS
2024-02-08,3763.697771027623,3826.272697294097,3760.0629489197368,3804.279541015625,2345173,0.0,0.0,TCS
2024-02-09,3806.533642964029,3850.888400846203,3772.8998012950433,3803.911376953125,2100596,0.0,0.0,TCS
2024-02-12,3800.5065922172184,3827.745179692485,3778.007045373113,3791.94873046875,1013716,0.0,0.0,TCS
2024-02-13,3796.3198278378054,3837.3154280400877,3755.8759998910355,3818.450927734375,1257415,0.0,0.0,TCS
2024-02-14,3779.341123293365,3786.6107667795436,3726.428507128435,3772.99169921875,1391283,0.0,0.0,TCS
2024-02-15,3798.665989794075,3815.505826442883,3757.2561134518432,3775.8447265625,1091582,0.0,0.0,TCS
2024-02-16,3785.092771105926,3817.024566750078,3772.9919748251077,3798.94189453125,1307556,0.0,0.0,TCS
2024-02-19,3794.1111997587996,3798.9423526049495,3731.4904364071886,3776.39697265625,772291,0.0,0.0,TCS
2024-02-20,3756.4277437698097,3771.0591425249713,3690.0798344375635,3709.082275390625,1193648,0.0,0.0,TCS
2024-02-21,3692.8403807798604,3739.1735165389455,3663.0253626616636,3673.0556640625,1885939,0.0,0.0,TCS
2024-02-22,3654.191483338692,3768.252640712782,3654.191483338692,3761.029052734375,2982052,0.0,0.0,TCS
2024-02-23,3800.5062936958448,3800.5062936958448,3723.5758585151752,3728.8212890625,2538072,0.0,0.0,TCS
2024-02-26,3714.0058645493514,3726.888937419443,3665.0041766684662,3681.84423828125,1379284,0.0,0.0,TCS
2024-02-27,3679.957687485479,3794.985122078048,3679.957687485479,3776.94873046875,2960475,0.0,0.0,TCS
2024-02-28,3768.8506776946274,3823.419508575245,3762.777139768197,3790.337890625,1939225,0.0,0.0,TCS
2024-02-29,3771.979635234801,3807.9603066412583,3740.278119193048,3768.390869140625,3772719,0.0,0.0,TCS
2024-03-01,3779.5253487627083,3809.7083657464814,3760.7527379598155,3767.700439453125,2043265,0.0,0.0,TCS
2024-03-04,3777.500781504877,3789.371522353806,3750.722306075315,3755.139404296875,1749271,0.0,0.0,TCS
2024-03-05,3737.9318050462825,3739.7722441428095,3662.4738020886766,3692.012939453125,2070859,0.0,0.0,TCS
2024-03-06,3675.4026769184316,3747.1337408010263,3642.642773405773,3740.048095703125,1744204,0.0,0.0,TCS
2024-03-07,3740.692062833141,3794.9850103625763,3715.570026925066,3780.813720703125,2688905,0.0,0.0,TCS
2024-03-11,3762.7773878887397,3821.6714335783654,3762.7773878887397,3793.466796875,2304068,0.0,0.0,TCS
2024-03-12,3793.466308402492,3892.4819998334233,3792.2697536579517,3857.78955078125,4039801,0.0,0.0,TCS
2024-03-13,3869.5232623236584,3902.6511665908765,3802.2551224047547,3817.990966796875,2837260,0.0,0.0,TCS
2024-03-14,3822.0854919676153,3887.9270110877537,3760.0165129714937,3871.915283203125,2919608,0.0,0.0,TCS
2024-03-15,3858.1119847979994,3900.8100755188275,3843.756472149597,3882.6357421875,3373143,0.0,0.0,TCS
2024-03-18,3878.9551986813763,3915.303868475081,3789.3259103717037,3821.21142578125,1526904,0.0,0.0,TCS
2024-03-19,3728.0389511805306,3734.2504323086932,3650.1424666014186,3659.98876953125,8931209,0.0,0.0,TCS
2024-03-20,3667.994768950826,3697.441791681991,3644.2530619412323,3654.099365234375,1817913,0.0,0.0,TCS
2024-03-21,3671.7219275853204,3688.6078209191865,3633.0266519750294,3655.986083984375,3829582,0.0,0.0,TCS
2024-03-22,3586.095512991223,3623.8245137694216,3547.4462926818487,3598.886474609375,5852485,0.0,0.0,TCS
2024-03-26,3565.850574289269,3631.8302677248153,3562.5837501208753,3568.151123046875,3440925,0.0,0.0,TCS
2024-03-27,3578.273237663649,3584.254663932085,3523.888179726998,3534.470703125,1968575,0.0,0.0,TCS
2024-03-28,3542.9366841718333,3602.65883138375,3534.1024883599725,3567.04638671875,4311783,0.0,0.0,TCS
2024-04-01,3586.73930579266,3619.499208082045,3577.8592779642013,3604.26953125,1569676,0.0,0.0,TCS
2024-04-02,3579.653802211397,3597.9202488822098,3564.0100709420926,3573.948486328125,2142666,0.0,0.0,TCS
2024-04-03,3543.7653833548334,3663.393921354347,3543.7653833548334,3632.382568359375,3973090,0.0,0.0,TCS
2024-04-04,3658.7006456486115,3707.2422246114506,3621.293812578453,3683.914794921875,3394637,0.0,0.0,TCS
2024-04-05,3660.632684762165,3682.717949828603,3644.5288456512203,3661.782958984375,1636819,0.0,0.0,TCS
2024-04-08,3665.2339237190768,3710.9227277310406,3644.068877210029,3655.61767578125,2302538,0.0,0.0,TCS
2024-04-09,3666.1543123632814,3695.463391899339,3611.9074203697137,3631.692138671875,1876992,0.0,0.0,TCS
2024-04-10,3640.756241235992,3671.859704425388,3605.419903259126,3666.75244140625,2101965,0.0,0.0,TCS
2024-04-12,3654.1916765092096,3693.163062647417,3630.7260789894453,3682.166259765625,4354821,0.0,0.0,TCS
2024-04-15,3682.1657161126545,3739.9555377772367,3606.3857854027738,3626.7685546875,4200329,0.0,0.0,TCS
2024-04-16,3590.6960447365877,3615.2658574140637,3554.6695456341977,3563.82568359375,3051420,0.0,0.0,TCS
2024-04-18,3567.5069887926393,3621.983938050233,3542.84506135503,3553.8876953125,3476284,0.0,0.0,TCS
2024-04-19,3531.802482817412,3545.1917216335364,3497.6622490979976,3520.94384765625,2957749,0.0,0.0,TCS
2024-04-22,3530.8821260588365,3568.6111245390066,3507.876639180684,3556.2802734375,1728883,0.0,0.0,TCS
2024-04-23,3567.7368242988855,3584.254718312047,3552.599259445536,3565.57421875,1807586,0.0,0.0,TCS
2024-04-24,3579.6541252503425,3587.0158818061273,3519.333687538785,3525.4072265625,1317312,0.0,0.0,TCS
2024-04-25,3507.140869714452,3564.6085383942886,3506.9568707283547,3544.869873046875,2856271,0.0,0.0,TCS
2024-04-26,3547.5841971159175,3567.507084546707,3499.1807851009403,3516.48095703125,2039178,0.0,0.0,TCS
2024-04-29,3531.8023275934233,3568.42710744999,3514.502156616341,3561.433349609375,1110693,0.0,0.0,TCS
2024-04-30,3563.089785398555,3572.0619252249066,3506.036178297648,3515.83642578125,2203078,0.0,0.0,TCS
2024-05-02,3476.6347957050957,3562.261252029638,3476.6347957050957,3555.08349609375,2491044,0.0,0.0,TCS
2024-05-03,3579.7919924770404,3582.9669296548414,3494.625852857069,3536.771728515625,2962234,0.0,0.0,TCS
2024-05-06,3545.6051034390266,3625.6181298129623,3545.6051034390266,3608.22607421875,2053831,0.0,0.0,TCS
2024-05-07,3617.1988452844685,3669.8353556027478,3601.2790030469796,3661.50732421875,2062112,0.0,0.0,TCS
2024-05-08,3644.9892925462136,3666.4304509643703,3624.3764664424393,3659.666748046875,1247685,0.0,0.0,TCS
2024-05-09,3645.9091253370098,3654.1910996247516,3598.1037742420194,3644.252685546875,1726486,0.0,0.0,TCS
2024-05-10,3646.4619361248674,3656.5843507790987,3575.098867879944,3583.24267578125,1672489,0.0,0.0,TCS
2024-05-13,3574.5928311660427,3639.4683092448704,3561.2496477313903,3632.8427734375,931326,0.0,0.0,TCS
2024-05-14,3621.983888045264,3631.0020839186186,3582.322338430397,3589.960205078125,1058317,0.0,0.0,TCS
2024-05-15,3592.996713752849,3613.655594732349,3566.3103506592815,3570.8193359375,1115021,0.0,0.0,TCS
2024-05-16,3606.691138597264,3623.746152107256,3562.5702354838822,3615.821044921875,2599399,28.0,0.0,TCS
2024-05-17,3632.551806574356,3633.4787144096645,3550.0570092318917,3553.857421875,2765804,0.0,0.0,TCS
2024-05-21,3550.6136110726075,3563.729267778147,3531.565607831029,3540.9736328125,1908117,0.0,0.0,TCS
2024-05-22,3554.6911235642083,3560.4842968425073,3538.516629030364,3551.910400390625,1311168,0.0,0.0,TCS
2024-05-23,3560.205999266363,3619.5744812799394,3545.88532090561,3608.86865234375,2095742,0.0,0.0,TCS
2024-05-24,3594.7799452001173,3599.9243284199265,3563.311472664004,3568.13134765625,1309452,0.0,0.0,TCS
2024-05-27,3573.229711889253,3622.680335515065,3560.577510431646,3565.86083984375,1841538,0.0,0.0,TCS
2024-05-28,3576.0105212093163,3587.1334155210093,3550.057101148699,3559.2333984375,1801993,0.0,0.0,TCS
2024-05-29,3567.57539103945,3567.57539103945,3522.2496895007944,3525.6328125,1568095,0.0,0.0,TCS
2024-05-30,3500.9307015339277,3517.058806463482,3443.8794821472993,3463.020263671875,2919230,0.0,0.0,TCS
2024-05-31,3466.6351077409063,3475.718849271696,3386.6893114728173,3402.632080078125,10956800,0.0,0.0,TCS
2024-06-03,3459.961527315394,3477.3410487975398,3425.8512745605985,3432.20068359375,2156773,0.0,0.0,TCS
2024-06-04,3429.559028800051,3471.2698818530243,3328.989527550103,3443.462646484375,3395997,0.0,0.0,TCS
2024-06-05,3444.389471569407,3507.2338672517226,3429.5589463958036,3472.61376953125,2799670,0.0,0.0,TCS
2024-06-06,3504.638577151665,3559.2333589407076,3468.025717115301,3550.427734375,4328036,0.0,0.0,TCS
2024-06-07,3556.823043507588,3628.8437281793376,3556.823043507588,3609.332275390625,4552445,0.0,0.0,TCS
2024-06-10,3610.305486125325,3620.4086895219543,3561.086596810267,3576.65869140625,1734661,0.0,0.0,TCS
2024-06-11,3563.960611925237,3596.3559953752433,3560.2529805994373,3570.541748046875,1419898,0.0,0.0,TCS
2024-06-12,3591.2112432293293,3608.9152715121113,3547.6929702664606,3551.5859375,2177001,0.0,0.0,TCS
2024-06-13,3574.898153664247,3605.6714482720763,3570.4489508339425,3594.6875,1932323,0.0,0.0,TCS
2024-06-14,3604.7443844726295,3604.7443844726295,3548.2030094526167,3551.95703125,1860730,0.0,0.0,TCS
2024-06-18,3546.395689059985,3561.179823442644,3517.661546809407,3536.24609375,1774045,0.0,0.0,TCS
2024-06-19,3547.8786522964565,3553.625661858595,3515.714995969622,3523.825439453125,1509050,0.0,0.0,TCS
2024-06-20,3518.542084048452,3531.4724028758133,3503.757949581445,3510.431640625,2846526,0.0,0.0,TCS
2024-06-21,3547.2761188024833,3594.363079879569,3520.4421834921905,3532.2138671875,4642195,0.0,0.0,TCS
2024-06-24,3530.3601242080126,3575.083426076877,3514.185628169532,3537.82177734375,1702154,0.0,0.0,TCS
2024-06-25,3538.0067905497995,3566.4164218366413,3515.668223832292,3557.888916015625,1338808,0.0,0.0,TCS
2024-06-26,3563.497327360351,3584.3063639061556,3560.2531497961004,3574.017822265625,1639845,0.0,0.0,TCS
2024-06-27,3550.9840267742684,3653.8707996721914,3539.0270058477204,3646.594482421875,4526556,0.0,0.0,TCS
2024-06-28,3631.4395370159273,3670.555002133022,3612.94777109011,3618.787109375,2731571,0.0,0.0,TCS
2024-07-01,3600.109652784797,3709.2066482395257,3600.109652784797,3687.42431640625,2658723,0.0,0.0,TCS
2024-07-02,3701.698567516881,3729.3202350916445,3691.4561924873765,3723.7587890625,2307449,0.0,0.0,TCS
2024-07-03,3726.169344471108,3731.8235725519535,3665.9203376575206,3675.421142578125,1821198,0.0,0.0,TCS
2024-07-04,3707.4921862442698,3751.5203059355035,3691.039573096493,3727.0498046875,2518001,0.0,0.0,TCS
2024-07-05,3716.900124285456,3732.4258292933814,3696.5081535287777,3718.568603515625,1668616,0.0,0.0,TCS
2024-07-08,3728.0228685887946,3736.596765041914,3687.285319349085,3701.327880859375,1758882,0.0,0.0,TCS
2024-07-09,3693.7274640836704,3714.0730443794923,3684.551167677433,3694.19091796875,1305801,0.0,0.0,TCS
2024-07-10,3692.5226544204043,3710.6901382951037,3616.794330433944,3623.421630859375,2669716,0.0,0.0,TCS
2024-07-11,3643.6749201302305,3689.0934067968246,3610.862471301693,3636.908447265625,4872189,0.0,0.0,TCS
2024-07-12,3689.0927313615903,3892.966265730662,3681.028679444162,3878.1357421875,13509164,0.0,0.0,TCS
2024-07-15,3926.1034789200803,3930.089001351756,3853.201819687219,3864.464111328125,4848030,0.0,0.0,TCS
2024-07-16,3867.059349578485,3887.960939474929,3841.940057628319,3873.0380859375,2029521,0.0,0.0,TCS
2024-07-18,3855.936139365209,4008.8759141236847,3855.936139365209,4000.116455078125,5613364,0.0,0.0,TCS
2024-07-19,4011.1260943754664,4049.5428404415234,3981.2568871814256,3997.190185546875,3903354,10.0,0.0,TCS
2024-07-22,3994.9147516811868,4013.4959657428576,3962.443898651249,3983.20849609375,1896386,0.0,0.0,TCS
2024-07-23,3979.1666292711343,4052.2838814085662,3963.6511354841136,3997.14404296875,2365208,0.0,0.0,TCS
2024-07-24,3983.3469610338807,4031.2865743722073,3965.323277758002,4000.766845703125,1809793,0.0,0.0,TCS
2024-07-25,3990.315577668631,4034.910489828839,3970.991297189703,4015.86474609375,2810342,0.0,0.0,TCS
2024-07-26,4041.4138211460827,4108.724446589915,4029.3823042903405,4076.578857421875,3552210,0.0,0.0,TCS
2024-07-29,4101.8026818187545,4116.66765190009,4060.924014095079,4070.3076171875,1746803,0.0,0.0,TCS
2024-07-30,4079.598115277588,4086.0085427265517,4020.323776464771,4055.6748046875,1797906,0.0,0.0,TCS
2024-07-31,4041.413235340456,4100.873108228224,4036.7679327710994,4074.255615234375,2330091,0.0,0.0,TCS
2024-08-01,4087.3085326195014,4105.79674520608,4055.3952148117914,4085.171875,2202244,0.0,0.0,TCS
2024-08-02,4055.349838389108,4086.0088406037335,3967.089074437913,3979.213134765625,2811282,0.0,0.0,TCS
2024-08-05,3938.2882837877764,3938.2882837877764,3818.90398455052,3860.29345703125,2787771,0.0,0.0,TCS
2024-08-06,3875.065098154798,3956.17189885466,3865.6347711065923,3875.29736328125,2203067,0.0,0.0,TCS
2024-08-07,3928.0680935195514,3943.8158516524645,3883.7517228332504,3902.47265625,1237666,0.0,0.0,TCS
2024-08-08,3884.402501608471,3931.7845938309133,3864.8922283404063,3876.5517578125,2441283,0.0,0.0,TCS
2024-08-09,3917.8486743229014,3951.898655663078,3907.210748658729,3928.76513671875,1302536,0.0,0.0,TCS
2024-08-12,3929.926753446621,3938.28829973055,3889.3733446981496,3898.013427734375,936912,0.0,0.0,TCS
2024-08-13,3914.1324330562766,3933.642706280625,3886.2606141643496,3899.22119140625,1495593,0.0,0.0,TCS
2024-08-14,3910.4163685993976,4000.7212473784566,3891.0453628588666,3990.5478515625,3226545,0.0,0.0,TCS
2024-08-16,4041.413561593398,4112.951226936545,4018.280043659057,4102.77783203125,3457058,0.0,0.0,TCS
2024-08-19,4107.376754658791,4175.430440991918,4078.901139092339,4171.48193359375,2055210,0.0,0.0,TCS
2024-08-20,4185.417806867609,4241.161440255413,4180.772504085293,4202.41943359375,2212298,0.0,0.0,TCS
2024-08-21,4197.496096539259,4236.516644581457,4173.851321089861,4228.61962890625,1896990,0.0,0.0,TCS
2024-08-22,4236.5168692386715,4237.399658376934,4178.172037672117,4182.63134765625,1829872,0.0,0.0,TCS
2024-08-23,4180.773068059991,4186.347432150737,4138.965337379391,4147.23388671875,1809253,0.0,0.0,TCS
2024-08-26,4170.5527823500615,4229.222864979793,4166.836540173764,4183.048828125,1844164,0.0,0.0,TCS
2024-08-27,4185.4182168111465,4190.06352004845,4168.509131570201,4178.125,930697,0.0,0.0,TCS
2024-08-28,4179.611105918801,4238.838715366386,4141.101365063979,4186.39306640625,1848058,0.0,0.0,TCS
2024-08-29,4143.610677557092,4232.800503800473,4143.610677557092,4191.73583984375,2133641,0.0,0.0,TCS
2024-08-30,4180.772468175268,4266.47830377286,4169.437748026632,4230.70947265625,3637222,0.0,0.0,TCS
2024-09-02,4251.3811612563195,4262.5298880777955,4191.921284875112,4200.3291015625,1216500,0.0,0.0,TCS
2024-09-03,4200.329136859027,4232.706988670382,4176.9633540945715,4192.24658203125,1717263,0.0,0.0,TCS
2024-09-04,4159.358459046624,4168.695337572208,4121.963766080883,4161.4951171875,1265505,0.0,0.0,TCS
2024-09-05,4163.120774045665,4179.843865751271,4138.1754048562225,4158.42919921875,1688793,0.0,0.0,TCS
2024-09-06,4156.5718243873325,4198.379561159503,4125.030028187581,4140.591796875,1649179,0.0,0.0,TCS
2024-09-09,4138.964928860649,4171.714314661398,4116.202944403391,4133.9013671875,1184938,0.0,0.0,TCS
2024-09-10,4127.30496423786,4217.888362209953,4125.446843253818,4188.0654296875,1385591,0.0,0.0,TCS
2024-09-11,4200.701434505407,4226.622135770557,4154.062408672436,4161.587890625,1325919,0.0,0.0,TCS
2024-09-12,4190.295114701829,4211.05970757852,4116.945606864631,4197.216796875,2742216,0.0,0.0,TCS
2024-09-13,4208.644488913913,4224.43851900476,4185.417974074432,4201.76953125,1458786,0.0,0.0,TCS
2024-09-16,4205.8580816078,4223.556507717359,4175.617335175356,4193.08349609375,1155120,0.0,0.0,TCS
2024-09-17,4193.083902443015,4214.034043259144,4149.185777058773,4186.02294921875,1699364,0.0,0.0,TCS
2024-09-18,4178.03182491242,4178.03182491242,4014.47088636393,4037.836669921875,2961779,0.0,0.0,TCS
2024-09-19,4078.622991629416,4108.492657858026,3978.0521647626097,3991.38427734375,2927551,0.0,0.0,TCS
2024-09-20,4010.6620715019503,4023.4833814320996,3927.604135103798,3980.93212890625,5447908,0.0,0.0,TCS
2024-09-23,3994.9607224434812,4003.6938016662916,3951.2948726865407,3965.6953125,1702319,0.0,0.0,TCS
2024-09-24,3950.040679548759,3986.599307388911,3939.2172135467213,3968.296630859375,3012026,0.0,0.0,TCS
2024-09-25,3950.6913284717216,3985.2988392847856,3939.2173381849816,3971.502197265625,2713073,0.0,0.0,TCS
2024-09-26,3957.7979636084015,4010.5684216660406,3957.7979636084015,3987.992431640625,3964251,0.0,0.0,TCS
2024-09-27,4027.4778141813813,4067.4274211040574,3995.0069638417276,4003.043701171875,3012477,0.0,0.0,TCS
2024-09-30,3982.789937420948,3993.799396652073,3957.844568692927,3965.6953125,2503416,0.0,0.0,TCS
2024-10-01,3953.664034258638,3991.012455419667,3941.958232489669,3983.71923828125,1823365,0.0,0.0,TCS
2024-10-03,3960.2142421580074,3975.4507469540895,3911.345558466164,3932.481689453125,3350119,0.0,0.0,TCS
2024-10-04,3925.281241847147,3993.102669221074,3924.398452773479,3950.59814453125,2965463,0.0,0.0,TCS
2024-10-07,3970.7119044131277,3992.4055595878863,3929.368708787632,3969.736572265625,1472619,0.0,0.0,TCS
2024-10-08,3969.5042681636573,3975.821698560318,3905.7243509858204,3951.52685546875,1541867,0.0,0.0,TCS
2024-10-09,3957.7974974173485,3990.3146130064583,3945.4411749506053,3951.247802734375,1082504,0.0,0.0,TCS
2024-10-10,3951.526558479922,3989.2465053830083,3900.7534930523875,3927.51025390625,2378875,0.0,0.0,TCS
2024-10-11,3849.098041297021,3941.028768538948,3820.7154216048507,3854.8583984375,5759183,0.0,0.0,TCS
2024-10-14,3846.3109301040067,3869.908978898292,3829.773832682932,3843.198486328125,2137590,0.0,0.0,TCS
2024-10-15,3837.995460690613,3874.1362795372975,3804.5030088222256,3824.75634765625,2759474,0.0,0.0,TCS
2024-10-16,3795.2124356440127,3823.0842527968452,3778.67511210238,3804.45654296875,2359151,0.0,0.0,TCS
2024-10-17,3821.0402585925135,3836.974010815032,3802.5985417542856,3817.510009765625,2522659,0.0,0.0,TCS
2024-10-18,3809.128022883925,3861.4219511234783,3799.814751434331,3839.908203125,2361000,10.0,0.0,TCS
2024-10-21,3848.802801800323,3855.6481475353057,3790.501629279664,3799.67529296875,1595450,0.0,0.0,TCS
2024-10-22,3786.7759141091938,3808.941544128123,3731.222344636917,3739.743896484375,1928049,0.0,0.0,TCS
2024-10-23,3724.936169449571,3831.0606256089795,3720.791581721823,3787.009033203125,1966476,0.0,0.0,TCS
2024-10-24,3729.033775833075,3798.8833095961822,3729.033775833075,3769.9189453125,2676744,0.0,0.0,TCS
2024-10-25,3778.440830569176,3810.990668738502,3755.762923689694,3778.906494140625,1759676,0.0,0.0,TCS
2024-10-28,3789.5234771784344,3850.106352412569,3772.8062006829505,3809.919677734375,1532534,0.0,0.0,TCS
2024-10-29,3814.5767896301018,3821.7013521086224,3781.28184060174,3795.391357421875,1445885,0.0,0.0,TCS
2024-10-30,3795.158291397516,3824.960761415852,3781.234995410785,3804.1455078125,1935002,0.0,0.0,TCS
2024-10-31,3790.501362953683,3798.23142349314,3688.055380171151,3695.925048828125,3740372,0.0,0.0,TCS
2024-11-01,3715.855396081881,3724.330335982368,3703.003037058592,3710.59326171875,154895,0.0,0.0,TCS
2024-11-04,3693.9228999424704,3717.7647384247807,3644.51594943524,3691.92041015625,2269192,0.0,0.0,TCS
2024-11-05,3670.453574014962,3712.2700726947464,3670.453574014962,3698.626220703125,967590,0.0,0.0,TCS
2024-11-06,3728.661529286281,3864.8212879793314,3702.258313204772,3855.368408203125,3792017,0.0,0.0,TCS
2024-11-07,3883.3546808183637,3916.975224376799,3804.517707610648,3865.845458984375,3724349,0.0,0.0,TCS
2024-11-08,3869.664484727288,3883.4015608162717,3834.8793231384825,3862.2138671875,1648039,0.0,0.0,TCS
2024-11-11,3844.704960664376,3943.518408459811,3834.879186284666,3910.363525390625,1406487,0.0,0.0,TCS
2024-11-12,3926.4748738261633,3928.3375279408815,3878.3719222634713,3909.152099609375,1587640,0.0,0.0,TCS
2024-11-13,3891.1778229560005,3908.5469823117096,3847.358610327207,3865.33349609375,1098813,0.0,0.0,TCS
2024-11-14,3851.038077317304,3874.3212579540473,3833.7621391846897,3861.189453125,1825432,0.0,0.0,TCS
2024-11-18,3923.6812860911455,3923.6812860911455,3716.181551430071,3743.469482421875,3313944,0.0,0.0,TCS
2024-11-19,3743.8418634756777,3848.383334503383,3738.440347986104,3762.142578125,1776233,0.0,0.0,TCS
2024-11-21,3767.1252292109634,3811.4098822098795,3747.660582048356,3793.156005859375,2384347,0.0,0.0,TCS
2024-11-22,3791.4328432690386,3962.750655117127,3775.6002816538157,3953.111328125,3096553,0.0,0.0,TCS
2024-11-25,3986.080344448122,4030.8772729139196,3960.189630652715,4018.77001953125,4052167,0.0,0.0,TCS
2024-11-26,4024.3109738880953,4066.733198149224,4014.0199908461996,4053.787841796875,2060669,0.0,0.0,TCS
2024-11-27,4059.6088862907295,4076.7916003061514,4027.1052031633953,4035.021484375,1558993,0.0,0.0,TCS
2024-11-28,4022.401811054281,4041.9132960200004,3942.307679137016,3953.390380859375,2558544,0.0,0.0,TCS
2024-11-29,3930.2002766528776,4003.4958997310346,3907.5223713104324,3977.558349609375,2017425,0.0,0.0,TCS
2024-12-02,3976.767214179378,3993.71755141835,3939.5605099829345,3982.96044921875,1670944,0.0,0.0,TCS
2024-12-03,4018.0710631615407,4027.9896055756494,3972.5292600738435,4007.267578125,2010905,0.0,0.0,TCS
2024-12-04,4017.3258027448396,4085.6855752155147,3994.508288951376,4055.37060546875,3302642,0.0,0.0,TCS
2024-12-05,4098.584281260393,4180.727516616581,4060.586315983135,4157.49072265625,3746747,0.0,0.0,TCS
2024-12-06,4147.199797372343,4158.375723168091,4109.713879599103,4140.21484375,1842087,0.0,0.0,TCS
2024-12-09,4126.198190317889,4162.47310676674,4112.321053205062,4146.40771484375,2066639,0.0,0.0,TCS
2024-12-10,4122.193893602826,4185.198089234919,4109.108928030726,4128.154296875,2087828,0.0,0.0,TCS
2024-12-11,4127.502045111503,4143.148158287083,4104.358476029229,4123.404296875,1635256,0.0,0.0,TCS
2024-12-12,4125.825703197917,4177.002312539005,4122.054010099808,4149.01611328125,1914642,0.0,0.0,TCS
2024-12-13,4130.389146191078,4186.221930852545,4092.6235608796533,4166.6640625,1967048,0.0,0.0,TCS
2024-12-16,4152.787550664486,4167.6887843067,4095.045270300907,4111.99560546875,1646224,0.0,0.0,TCS
2024-12-17,4107.152673369455,4128.52681305927,4021.470576782156,4031.24951171875,3225027,0.0,0.0,TCS
2024-12-18,4015.6033671632454,4062.448939888911,3995.020946646264,4049.270751953125,1575404,0.0,0.0,TCS
2024-12-19,3987.9423827197425,4064.3111999507137,3969.3158419317006,3978.535888671875,3015763,0.0,0.0,TCS
2024-12-20,4031.71487338267,4081.0752079378285,3867.335646043321,3883.9130859375,4116989,0.0,0.0,TCS
2024-12-23,3911.6202111793405,3927.4063874513017,3832.31779942793,3872.7373046875,2195338,0.0,0.0,TCS
2024-12-24,3872.737372652853,3928.337783494026,3872.737372652853,3892.481689453125,1181886,0.0,0.0,TCS
2024-12-26,3892.48160931481,3911.527430384508,3858.62777832456,3882.7958984375,1208464,0.0,0.0,TCS
2024-12-27,3877.114844483566,3893.8323483767854,3862.4464421773887,3878.837890625,858100,0.0,0.0,TCS
2024-12-30,3865.939198896072,3910.922120659606,3829.6174381740902,3873.203369140625,1527169,0.0,0.0,TCS
2024-12-31,3851.0376939335874,3855.6479451405453,3755.1576110916253,3813.598388671875,1555429,0.0,0.0,TCS
2025-01-01,3813.22564967337,3850.1062943866386,3804.890317466962,3830.036376953125,763161,0.0,0.0,TCS
2025-01-02,3837.0677703855595,3895.741379495824,3815.6008619680624,3888.9892578125,1720835,0.0,0.0,TCS
2025-01-03,3892.900907869697,3892.900907869697,3811.269950829448,3818.347900390625,1791953,0.0,0.0,TCS
2025-01-06,3823.563603014824,3864.681605615779,3787.148620607623,3813.78466796875,2085593,0.0,0.0,TCS
2025-01-07,3832.3649188830605,3856.0205380436832,3736.0655531105435,3751.665283203125,2669054,0.0,0.0,TCS
2025-01-08,3757.812097968954,3842.6560984111843,3741.839927142883,3826.2646484375,2181277,0.0,0.0,TCS
2025-01-09,3819.3726136468736,3853.5988861539504,3748.8711943929684,3761.49072265625,2392472,0.0,0.0,TCS
2025-01-10,3911.5735588082075,4001.9122814759207,3883.633747673863,3972.715087890625,7894300,0.0,0.0,TCS
2025-01-13,3953.4836967820274,4026.0808290149944,3937.092248220012,3996.41796875,4003771,0.0,0.0,TCS
2025-01-14,4006.5694375522967,4017.6521397931906,3929.3156678223904,3942.354248046875,3441709,0.0,0.0,TCS
2025-01-15,3928.3377943076216,3964.1475039910265,3918.512475086078,3957.767822265625,1653474,0.0,0.0,TCS
2025-01-16,3967.4538586211947,3999.118983314416,3903.984001105146,3917.44140625,2637705,0.0,0.0,TCS
2025-01-17,3945.5159044693314,3946.1800146177866,3888.7502327632087,3911.75048828125,1761466,76.0,0.0,TCS
2025-01-20,3932.1425484323627,3932.1425484323627,3858.447160711793,3867.647216796875,1287799,0.0,0.0,TCS
2025-01-21,3884.245525979371,3899.136367766385,3822.310766747393,3827.859375,1971591,0.0,0.0,TCS
2025-01-22,3841.2798581228535,3948.598485486215,3835.77871966863,3942.38623046875,2409223,0.0,0.0,TCS
2025-01-23,3953.1984717808796,3975.3452017162494,3926.6887142484056,3931.810791015625,1822998,0.0,0.0,TCS
2025-01-24,3892.4966488174464,3962.682991900412,3892.4966488174464,3938.35498046875,1910099,0.0,0.0,TCS
2025-01-27,3890.5999221421316,3942.149041037749,3832.7910788257336,3855.64892578125,1551782,0.0,0.0,TCS
2025-01-28,3861.007991181617,3890.6000269864126,3820.6982639395587,3832.079833984375,2468272,0.0,0.0,TCS
2025-01-29,3845.0734688360117,3896.148353343233,3845.0734688360117,3888.512939453125,1217089,0.0,0.0,TCS
2025-01-30,3888.6080671418995,3917.0619915773636,3849.3417440444105,3888.750244140625,1531251,0.0,0.0,TCS
2025-01-31,3898.187645857167,3915.6869946237944,3874.713158208757,3900.4638671875,1492943,0.0,0.0,TCS
2025-02-01,3901.032960408717,3922.7526963272944,3846.970505085766,3863.236572265625,437172,0.0,0.0,TCS
2025-02-03,3823.1637429283855,3866.8880293594016,3792.623246059982,3858.96826171875,1265713,0.0,0.0,TCS
2025-02-04,3873.2426631324765,3906.5813140143973,3856.5023649775358,3895.38916015625,2547132,0.0,0.0,TCS
2025-02-05,3936.1259160718655,3936.1259160718655,3865.9395744358853,3880.261474609375,1693912,0.0,0.0,TCS
2025-02-06,3893.8244160755,3926.1671344471406,3842.749763323274,3872.341796875,2284536,0.0,0.0,TCS
2025-02-07,3879.218228908592,3879.218228908592,3801.444171507491,3821.7412109375,1548940,0.0,0.0,TCS
2025-02-10,3831.7952057492353,3843.1767756673025,3807.46719267282,3828.90234375,1339511,0.0,0.0,TCS
2025-02-11,3811.308028813468,3831.7949459001434,3751.1754977809574,3759.284912109375,1810908,0.0,0.0,TCS
2025-02-12,3766.445947952812,3814.4855628593755,3737.090798282343,3746.575439453125,1678002,0.0,0.0,TCS
2025-02-13,3763.5057059907817,3779.1078947757164,3701.144188811121,3708.636962890625,2277310,0.0,0.0,TCS
2025-02-14,3722.721744594235,3744.536419785488,3699.010141125482,3732.064208984375,1681975,0.0,0.0,TCS
2025-02-17,3657.751558260601,3731.2575211194617,3657.4669727378136,3703.27783203125,1799806,0.0,0.0,TCS
2025-02-18,3697.4925589213967,3722.152626882654,3665.3397167799785,3673.59130859375,2149879,0.0,0.0,TCS
2025-02-19,3672.6428039185434,3675.251080308744,3573.955063643061,3589.083251953125,4366672,0.0,0.0,TCS
2025-02-20,3567.6480718032108,3592.7823729869897,3557.9737833196727,3584.62548828125,2888572,0.0,0.0,TCS
2025-02-21,3581.495794993982,3620.2878885485798,3580.4523917398187,3590.885498046875,1833931,0.0,0.0,TCS
2025-02-24,3550.2436192378755,3569.2603724469545,3480.863556771993,3486.175048828125,2508516,0.0,0.0,TCS
2025-02-25,3438.1822449152423,3469.4815591448155,3434.6255046618817,3442.497802734375,4101954,0.0,0.0,TCS
2025-02-27,3425.5677363307773,3450.512388419143,3415.1346312530945,3426.3740234375,3823856,0.0,0.0,TCS
2025-02-28,3400.196551952343,3414.4709839051175,3278.8406087111084,3303.73779296875,7085018,0.0,0.0,TCS
2025-03-03,3305.397532195103,3341.6762855972443,3297.0035319217445,3313.03271484375,4990439,0.0,0.0,TCS
2025-03-04,3294.9643171966636,3367.996053645755,3285.7642616440216,3350.022705078125,2797737,0.0,0.0,TCS
2025-03-05,3339.3997995005207,3414.8026927498004,3339.3997995005207,3364.24951171875,2501894,0.0,0.0,TCS
2025-03-06,3373.6869322947687,3423.4338299242468,3353.8641244726305,3415.988525390625,2786513,0.0,0.0,TCS
2025-03-07,3414.4707542689284,3438.1823567291294,3390.1899807262357,3425.093505859375,2051315,0.0,0.0,TCS
2025-03-10,3420.636010676855,3435.4321442725973,3397.9678097594306,3404.654296875,1004626,0.0,0.0,TCS
2025-03-11,3374.6352261327497,3403.8004968476407,3355.3338893126197,3391.043701171875,1995450,0.0,0.0,TCS
2025-03-12,3381.2746199098347,3385.305592458114,3307.15224085139,3325.5048828125,3174167,0.0,0.0,TCS
2025-03-13,3321.805675922365,3342.6718849425615,3304.5436765901054,3330.104736328125,1693004,0.0,0.0,TCS
2025-03-17,3309.1910361154605,3348.504824268339,3298.1415226710474,3317.442626953125,2690906,0.0,0.0,TCS
2025-03-18,3317.442626953125,3317.442626953125,3317.442626953125,3317.442626953125,0,0.0,0.0,TCS
2025-03-19,3364.2022912119846,3364.2022912119846,3284.294187734508,3316.8740234375,3051244,0.0,0.0,TCS
2025-03-20,3331.0059291540974,3394.505554527131,3331.0059291540974,3379.519775390625,2845192,0.0,0.0,TCS
2025-03-21,3295.9124851987917,3429.883028661908,3286.4278449536155,3393.69921875,4161925,0.0,0.0,TCS
2025-03-24,3414.470721860925,3461.6568103088644,3382.792113898217,3441.9287109375,1834751,0.0,0.0,TCS
2025-03-25,3457.1519546868594,3518.802126718312,3450.512705391164,3469.244873046875,3135390,0.0,0.0,TCS
2025-03-26,3459.7601257453803,3490.822326860632,3438.9888533482517,3448.426025390625,1734499,0.0,0.0,TCS
2025-03-27,3428.5556939598323,3474.2241497420814,3424.4297823215356,3463.0322265625,2528474,0.0,0.0,TCS
2025-03-28,3462.8426654904715,3472.279837617975,3406.7883407304835,3420.303955078125,2051919,0.0,0.0,TCS
2025-04-01,3388.577667798288,3399.2953585160476,3343.3359762190476,3367.806396484375,2618493,0.0,0.0,TCS
2025-04-02,3361.3565515448827,3380.4207713370747,3348.1255245230677,3361.30908203125,1764313,0.0,0.0,TCS
2025-04-03,3311.0882917953854,3321.52139726939,3221.1263760619972,3227.765625,4537821,0.0,0.0,TCS
2025-04-04,3189.3056688327865,3224.446080623458,3125.663631237096,3129.362548828125,5317367,0.0,0.0,TCS
2025-04-07,2940.238860434007,3121.7748058386424,2898.5539074179674,3105.319091796875,6623955,0.0,0.0,TCS
2025-04-08,3131.875989149625,3176.4063332063806,3087.535291604866,3123.244873046875,5557558,0.0,0.0,TCS
2025-04-09,3092.514474322123,3101.4774131953245,3046.513968346596,3079.283447265625,2990265,0.0,0.0,TCS
2025-04-11,3120.020055994998,3128.9355257101774,3040.7758359181594,3064.961669921875,7108961,0.0,0.0,TCS
2025-04-15,3143.5893021337306,3143.5893021337306,3071.69590901875,3080.801025390625,3512160,0.0,0.0,TCS
2025-04-16,3080.800771527295,3109.159984550683,3062.590308725503,3105.08154296875,2384391,0.0,0.0,TCS
2025-04-17,3078.240292358944,3133.3461501914685,3052.1575291360596,3128.88818359375,2932346,0.0,0.0,TCS
2025-04-21,3120.5420796132057,3181.1488478659085,3114.8512945544117,3150.418701171875,2432946,0.0,0.0,TCS
2025-04-22,3151.3669464223676,3162.0844056249766,3125.189244347029,3143.58935546875,2710498,0.0,0.0,TCS
2025-04-23,3191.581874951358,3244.6009284823726,3165.3094642241085,3237.108154296875,3543923,0.0,0.0,TCS
2025-04-24,3225.8214222352462,3236.633820616935,3213.1118640484187,3226.295654296875,2252175,0.0,0.0,TCS
2025-04-25,3243.747204561521,3298.568475558524,3229.5202431380058,3270.30419921875,2742991,0.0,0.0,TCS
2025-04-28,3257.9744314894683,3279.5994609272393,3229.5205063236217,3266.036376953125,1593296,0.0,0.0,TCS
2025-04-29,3276.943382576269,3314.881945616226,3253.6110736832507,3293.54150390625,1578332,0.0,0.0,TCS
2025-04-30,3293.06738873724,3329.014085869881,3192.53019311335,3275.71044921875,2809332,0.0,0.0,TCS
2025-05-02,3293.0674491310842,3311.562499608635,3243.7473145242825,3254.180419921875,1721761,0.0,0.0,TCS
2025-05-05,3272.2008552943626,3323.8921441678535,3268.7862922132254,3276.279296875,1284443,0.0,0.0,TCS
2025-05-06,3281.685791015625,3294.01582433447,3259.871116682284,3281.685791015625,1324763,0.0,0.0,TCS
2025-05-07,3244.3163408615387,3281.211501134211,3244.3163408615387,3267.5537109375,1477128,0.0,0.0,TCS
2025-05-08,3270.304189784248,3297.809648457028,3251.9987864937443,3271.15771484375,2543591,0.0,0.0,TCS
2025-05-09,3223.8298466966075,3268.5973110539226,3222.9763215318844,3263.00146484375,2531757,0.0,0.0,TCS
2025-05-12,3324.3664350329263,3443.3986711517946,3321.710689429311,3433.819091796875,2228678,0.0,0.0,TCS
2025-05-13,3433.8195935429753,3436.285693012091,3329.5834737286627,3333.8515625,3062887,0.0,0.0,TCS
2025-05-14,3339.542044274439,3377.4806076856794,3327.7811822404,3365.814453125,2119499,0.0,0.0,TCS
2025-05-15,3380.326007773164,3414.4707149223877,3332.9977424314357,3395.406494140625,3548330,0.0,0.0,TCS
2025-05-16,3408.6851728219754,3408.6851728219754,3363.3487722739774,3377.765380859375,1666727,0.0,0.0,TCS
2025-05-19,3367.0478467189873,3367.0478467189873,3323.133908772587,3337.455810546875,2537377,0.0,0.0,TCS
2025-05-20,3349.785756293493,3374.6354708973113,3313.9337648440714,3318.01220703125,2038374,0.0,0.0,TCS
2025-05-21,3327.212262398612,3354.7177229486574,3318.012206388427,3344.094970703125,1440153,0.0,0.0,TCS
2025-05-22,3314.881923566922,3317.5376692737764,3273.4340900331863,3297.8095703125,2034383,0.0,0.0,TCS
2025-05-23,3297.809340528579,3352.820252737569,3286.9969435109397,3333.4716796875,1274331,0.0,0.0,TCS
2025-05-26,3339.542185709067,3362.3053247198645,3329.204019365113,3355.002197265625,967470,0.0,0.0,TCS
2025-05-27,3349.9755052710357,3357.5632187597585,3303.5956991946746,3318.3916015625,2467680,0.0,0.0,TCS
2025-05-28,3338.593421360396,3347.1295977218288,3312.9848922760975,3317.442626953125,1222933,0.0,0.0,TCS
2025-05-29,3324.0822341714443,3350.4495836467595,3306.820233088302,3317.822509765625,3188072,0.0,0.0,TCS
2025-05-30,3310.139637529337,3325.97894134562,3275.1414056184462,3284.910400390625,3404365,0.0,0.0,TCS
2025-06-02,3272.2013652710425,3281.686006909509,3242.41968314971,3272.01171875,1877585,0.0,0.0,TCS
2025-06-03,3268.4075902412287,3294.4903553984063,3225.252469708444,3229.710205078125,2848125,0.0,0.0,TCS
2025-06-04,3242.9150002967904,3248.465034332547,3224.7340073768614,3235.1640625,2544807,30.0,0.0,TCS
2025-06-05,3262.0533171070215,3262.0533171070215,3218.7059499773954,3225.787109375,3584683,0.0,0.0,TCS
2025-06-06,3225.7868448606714,3244.7331673196672,3213.9212139850256,3238.322021484375,2070390,0.0,0.0,TCS
2025-06-09,3253.4410779830223,3285.975488762853,3244.7332451805223,3274.39697265625,1718678,0.0,0.0,TCS
2025-06-10,3291.7166070762078,3335.54241560308,3275.640735062478,3313.62939453125,2419874,0.0,0.0,TCS
2025-06-11,3320.423449229873,3338.604442179547,3300.424450431947,3322.241455078125,2847013,0.0,0.0,TCS
2025-06-12,3322.241373890929,3324.920724772973,3275.6406661399797,3286.16650390625,4060134,0.0,0.0,TCS
2025-06-13,3246.933943792306,3301.76403815699,3246.933943792306,3297.1708984375,2178493,0.0,0.0,TCS
2025-06-16,3291.7166438153617,3357.742355566309,3278.511454741814,3345.58984375,1934088,0.0,0.0,TCS
2025-06-17,3358.6994089523137,3368.2683531373627,3337.743514633776,3363.77099609375,2111940,0.0,0.0,TCS
2025-06-18,3367.4069330910083,3385.492142497093,3294.6829639474868,3302.625,2696327,0.0,0.0,TCS
2025-06-19,3301.285995055582,3302.2428895469025,3265.880898876725,3276.40673828125,2672768,0.0,0.0,TCS
2025-06-20,3277.3630840211995,3297.7449799970086,3263.870780505962,3287.601806640625,2351248,0.0,0.0,TCS
2025-06-23,3267.7945867055305,3277.3635313225304,3224.73433592903,3247.317138671875,3123421,0.0,0.0,TCS
2025-06-24,3286.549557502439,3293.726265410323,3236.2168192617623,3244.254638671875,3403048,0.0,0.0,TCS
2025-06-25,3260.4262751214173,3301.2856185170967,3253.440899408153,3296.309814453125,1757699,0.0,0.0,TCS
2025-06-26,3296.3101365520456,3302.625499921456,3268.0817495194324,3293.439453125,2879106,0.0,0.0,TCS
2025-06-27,3306.0702704397795,3316.978773543857,3283.1048040170426,3292.76953125,1778433,0.0,0.0,TCS
2025-06-30,3291.6210940950255,3315.5434551196317,3282.1479325760038,3312.7685546875,1468351,0.0,0.0,TCS
2025-07-01,3306.0703160886874,3334.7771495134807,3266.3591965177234,3281.86083984375,2375183,0.0,0.0,TCS
2025-07-02,3336.8820295980254,3339.4655976963195,3272.57877409358,3275.736572265625,3090585,0.0,0.0,TCS
2025-07-03,3282.147812903343,3287.2193999790024,3251.144527592608,3254.20654296875,2531870,0.0,0.0,TCS
2025-07-04,3261.096294049881,3279.27728864699,3243.967976797223,3272.3876953125,1109320,0.0,0.0,TCS
2025-07-07,3270.95207089655,3278.415893704088,3261.478676465787,3264.636474609375,1639174,0.0,0.0,TCS
2025-07-08,3258.2253086430815,3277.363195918518,3247.125240576613,3259.37353515625,2325242,0.0,0.0,TCS
2025-07-09,3263.0097947012437,3266.837372173034,3221.8633368794976,3237.939208984375,2034938,0.0,0.0,TCS
2025-07-10,3234.3027641165545,3252.483755985849,3211.337300702709,3236.216552734375,3035012,0.0,0.0,TCS
2025-07-11,3157.6556670087216,3191.242753149758,3120.5283520064395,3125.217041015625,7635550,0.0,0.0,TCS
2025-07-14,3125.217267735536,3130.9586344245786,3062.062234156067,3083.78369140625,3924009,0.0,0.0,TCS
2025-07-15,3067.8031684457687,3118.901231329378,3067.8031684457687,3112.107421875,2590889,0.0,0.0,TCS
2025-07-16,3098.377660261314,3115.5641051149655,3092.23284636304,3104.234619140625,2540733,11.0,0.0,TCS
2025-07-17,3095.5933632665156,3112.779808234124,3076.390526695053,3081.287109375,2947640,0.0,0.0,TCS
2025-07-18,3096.4574198500977,3100.1060057073505,3059.972030096825,3062.75634765625,3432645,0.0,0.0,TCS
2025-07-21,3062.8523807267275,3070.1495522628406,3026.3669918654064,3032.31982421875,3844346,0.0,0.0,TCS
2025-07-22,3033.6640625,3053.3469689942053,3028.8633535989743,3033.6640625,3198036,0.0,0.0,TCS
2025-07-23,3033.663712058185,3055.1707916864866,3031.7434287196015,3052.386474609375,1922875,0.0,0.0,TCS
2025-07-24,3038.944885626984,3047.2019644087272,3014.8452328363246,3022.5263671875,2934778,0.0,0.0,TCS
2025-07-25,3014.845292873372,3031.0715957495104,3001.019344529776,3010.812744140625,2568917,0.0,0.0,TCS
2025-07-28,2986.0407571253136,2993.7218909057005,2947.5389802872855,2956.564453125,3374473,0.0,0.0,TCS
2025-07-29,2938.0339265993125,2951.4759118844077,2919.9832137631183,2934.193359375,4785312,0.0,0.0,TCS
2025-07-30,2938.033974050545,2946.6752504448114,2925.7441118523307,2931.88916015625,2880121,0.0,0.0,TCS
2025-07-31,2920.4633903186314,2937.8420514011964,2894.827650050853,2915.7587890625,2968371,0.0,0.0,TCS
2025-08-01,2909.133383273443,2915.758501968501,2880.4252388236764,2883.3056640625,2053847,0.0,0.0,TCS
2025-08-04,2889.1625521624956,2956.660327755159,2872.360072011628,2951.859619140625,2519252,0.0,0.0,TCS
2025-08-05,2951.859809051624,2954.836342347973,2920.751308991888,2941.7783203125,1927996,0.0,0.0,TCS
2025-08-06,2940.9142942671037,2944.562879940478,2905.3890481398157,2911.43798828125,1487081,0.0,0.0,TCS
2025-08-07,2895.7876067904904,2929.9687479023937,2890.890789951502,2925.552001953125,2543076,0.0,0.0,TCS
2025-08-08,2926.6086035572216,2937.8422168454263,2904.4292320215636,2915.374755859375,2762140,0.0,0.0,TCS
2025-08-11,2915.3746004762743,2928.3365153663553,2900.876599282036,2919.599365234375,1884215,0.0,0.0,TCS
2025-08-12,2919.791194448837,2972.9829560524563,2906.253101394714,2914.414306640625,3358232,0.0,0.0,TCS
2025-08-13,2915.086743648966,2923.055733419127,2907.8856798255947,2915.1826171875,2148166,0.0,0.0,TCS
2025-08-14,2913.0700372499637,2934.0970475783347,2898.7640190971856,2901.83642578125,3342174,0.0,0.0,TCS
2025-08-18,2925.072007661826,2927.4723621732833,2883.6898021204543,2891.178955078125,2945609,0.0,0.0,TCS
2025-08-19,2891.1790271854784,2904.429031301108,2891.083153648401,2895.979736328125,2650784,0.0,0.0,TCS
2025-08-20,2890.890836056874,2979.7039520714934,2890.890836056874,2975.095458984375,4952358,0.0,0.0,TCS
2025-08-21,3005.2438266480435,3005.2438266480435,2960.2132701020532,2978.93603515625,3230726,0.0,0.0,TCS
2025-08-22,2962.997485687316,2972.3108139224278,2928.4323821601793,2932.27294921875,1593791,0.0,0.0,TCS
2025-08-25,2964.245782645686,3026.366909314735,2954.4523833109183,3015.42138671875,3448370,0.0,0.0,TCS
2025-08-26,3004.2834255253156,3035.968102112831,2995.642150092357,3031.359375,5522097,0.0,0.0,TCS
2025-08-28,3019.645945976872,3021.086158669707,2963.4776509563167,2970.390625,3116051,0.0,0.0,TCS
2025-08-29,2969.7184911417403,2990.841610057071,2954.548204311535,2961.749267578125,2271789,0.0,0.0,TCS
2025-09-01,2966.8382982161247,3006.3002217717835,2966.8382982161247,2988.53759765625,1246862,0.0,0.0,TCS
2025-09-02,2996.698656186325,3029.247369338668,2979.416103841445,2987.481201171875,2185229,0.0,0.0,TCS
2025-09-03,3005.1475613511693,3016.6692623196923,2964.917715899919,2974.0390625,1799774,0.0,0.0,TCS
2025-09-04,2991.8017155695825,2993.7219990840686,2967.6061901689773,2972.310791015625,1481391,0.0,0.0,TCS
2025-09-05,2973.655259644998,2979.703965451406,2907.885546409113,2926.80029296875,2802055,0.0,0.0,TCS
2025-09-08,2928.4323632618416,2942.7383816988513,2895.7875434746607,2898.66796875,2626187,0.0,0.0,TCS
2025-09-09,2911.2459361835313,2938.0337976334035,2909.997705008497,2927.856201171875,2489301,0.0,0.0,TCS
2025-09-10,2934.5773210773896,2998.2347696750494,2931.696895660388,2986.041015625,2079428,0.0,0.0,TCS
2025-09-11,3013.8854400458617,3013.8854400458617,2986.13743275291,2999.67529296875,2263446,0.0,0.0,TCS
2025-09-12,3018.685897890405,3023.198517586115,2996.6026359147436,3008.50830078125,1447167,0.0,0.0,TCS
2025-09-15,3009.0844623500607,3009.0844623500607,2972.5990732086116,2987.865234375,1732539,0.0,0.0,TCS
2025-09-16,3003.323408916267,3024.4465275211764,2985.176823514983,3020.31787109375,2573429,0.0,0.0,TCS
2025-09-17,3026.367137231914,3055.55535595913,3017.149681628776,3046.338134765625,2418271,0.0,0.0,TCS
2025-09-18,3058.0517436415034,3075.334296666793,3035.392302577828,3050.08251953125,2633138,0.0,0.0,TCS
2025-09-19,3043.64975218093,3053.731241896356,3018.6860633617807,3042.881591796875,4901694,0.0,0.0,TCS
2025-09-22,2971.6386491648127,2983.0642419680353,2942.8343973150727,2951.28369140625,3634901,0.0,0.0,TCS
2025-09-23,2947.6353061603577,2957.9087764692863,2930.352753876681,2940.338134765625,3177741,0.0,0.0,TCS
2025-09-24,2928.432470591566,2935.153463147022,2912.1100600997443,2914.414306640625,1625714,0.0,0.0,TCS
2025-09-25,2901.5486952997107,2908.8458671854296,2833.378623371756,2839.5234375,4974361,0.0,0.0,TCS
2025-09-26,2823.7769658283983,2837.0269692313786,2776.057966398974,2783.547119140625,3934636,0.0,0.0,TCS
2025-09-29,2799.7732301976002,2812.5431618400235,2778.6501125486475,2780.66650390625,3110035,0.0,0.0,TCS
2025-09-30,2794.9724895498107,2799.101145742985,2770.1049132760872,2773.273193359375,2253458,0.0,0.0,TCS
2025-10-01,2775.7701654990638,2808.223007812976,2752.342797471782,2798.04541015625,1952902,0.0,0.0,TCS
2025-10-03,2807.454578770542,2807.454578770542,2775.8660078142957,2786.2353515625,2899519,0.0,0.0,TCS
2025-10-06,2786.3316788238635,2874.28076699856,2780.1868646812827,2869.287841796875,2112774,0.0,0.0,TCS
2025-10-07,2875.624650921264,2884.745997894136,2837.699050349848,2855.173583984375,3062943,0.0,0.0,TCS
2025-10-08,2856.4219038307547,2921.711547346886,2849.7009111158586,2906.541259765625,4121889,0.0,0.0,TCS
2025-10-09,2913.069893498166,2943.794427641851,2899.6279098103037,2939.665771484375,3211304,0.0,0.0,TCS
2025-10-10,2928.4324419455565,2947.635277630445,2887.0502372807746,2907.597412109375,8817365,0.0,0.0,TCS
2025-10-13,2906.349233459963,2914.5104387736105,2878.6971026918,2887.33837890625,2866865,0.0,0.0,TCS
2025-10-14,2900.5884226064827,2906.5412549765147,2837.699133735008,2842.307861328125,3611416,0.0,0.0,TCS
2025-10-15,2863.220385125294,2871.6047262713414,2843.9459294866183,2862.06396484375,4282226,11.0,0.0,TCS
2025-10-16,2862.160371154854,2867.0754517571395,2836.332787245134,2862.931396484375,3251495,0.0,0.0,TCS
2025-10-17,2862.256586509825,2880.3746213869317,2848.1861401528254,2854.739501953125,4374683,0.0,0.0,TCS
2025-10-20,2877.1943748710046,2913.333979311689,2870.4483153754104,2905.81689453125,3133039,0.0,0.0,TCS
2025-10-21,2921.1404673344027,2921.815026282457,2887.3137006926995,2897.62548828125,310644,0.0,0.0,TCS
2025-10-23,2944.172939856895,2985.6130172427693,2925.958674375256,2961.712646484375,5564758,0.0,0.0,TCS
2025-10-24,2968.2662739630537,2977.9035021252716,2947.3535359078196,2952.07568359375,2684318,0.0,0.0,TCS
2025-10-27,2955.2558763824863,2981.9509500743798,2949.184375870237,2972.98828125,1946312,0.0,0.0,TCS
2025-10-28,2964.4114953280427,2978.096312781555,2929.9101701396817,2946.968017578125,3470737,0.0,0.0,TCS
2025-10-29,2946.96788369373,2964.4113606511696,2935.596142774,2946.678955078125,2895420,0.0,0.0,TCS
2025-10-30,2938.4874105526364,2952.654089267939,2922.7786811771543,2925.18798828125,2241536,0.0,0.0,TCS
2025-10-31,2924.898585437403,2956.1231088421955,2915.357824198127,2947.064208984375,1868085,0.0,0.0,TCS
2025-11-03,2936.367047373489,2947.06446508497,2900.80576844531,2907.359130859375,2194877,0.0,0.0,TCS
2025-11-04,2910.0574685167057,2919.4055326440953,2868.039060214524,2881.723876953125,2670720,0.0,0.0,TCS
2025-11-06,2881.627605776501,2914.2977142131544,2881.531139384038,2901.6728515625,2542721,0.0,0.0,TCS
2025-11-07,2892.1323165785257,2895.0234851722394,2853.101540563387,2883.26611328125,1830520,0.0,0.0,TCS
2025-11-10,2884.422275161144,2937.3305615709287,2883.4585523829414,2915.4541015625,1556656,0.0,0.0,TCS
2025-11-11,2934.5359333014544,2944.847720230334,2908.5154176367123,2936.46337890625,2806868,0.0,0.0,TCS
2025-11-12,2948.991669923252,3022.619995280987,2946.1969680097523,3018.18701171875,4460315,0.0,0.0,TCS
2025-11-13,3018.186949242595,3018.2831803470704,2989.4679642954256,2993.03369140625,1740435,0.0,0.0,TCS
2025-11-14,2977.9034333434784,3000.1655239975616,2965.6642009169345,2993.322998046875,2210794,0.0,0.0,TCS
2025-11-17,2993.323082448971,3010.188231818854,2974.626953832486,2989.660888671875,2232853,0.0,0.0,TCS
2025-11-18,2989.4682629851,2992.3594315179676,2966.338914722159,2975.10888671875,2548350,0.0,0.0,TCS
2025-11-19,2984.6495543039355,3040.5454775036865,2971.639296317787,3033.51025390625,3151053,0.0,0.0,TCS
2025-11-20,3033.79944214396,3049.7008686990343,3024.2586803244717,3030.715576171875,2700767,0.0,0.0,TCS
2025-11-21,3030.715536432949,3055.0013041600305,3021.463703354114,3036.30517578125,4177037,0.0,0.0,TCS
2025-11-24,3043.4366842823783,3063.578397230728,3017.4161679823073,3027.24609375,6703764,0.0,0.0,TCS
2025-11-25,3031.1974493056246,3035.534202019235,3001.996600643867,3006.044189453125,2737920,0.0,0.0,TCS
2025-11-26,3005.658657913636,3062.71099952004,3003.923909850209,3048.15869140625,2508527,0.0,0.0,TCS
2025-11-27,3064.6384631299097,3064.6384631299097,3011.6337098367826,3022.81298828125,2836233,0.0,0.0,TCS
2025-11-28,3026.0897270293826,3033.124950840084,3011.6338843843378,3023.680419921875,1616690,0.0,0.0,TCS
2025-12-01,3024.0657566161144,3039.581788202742,3008.935355329588,3019.72900390625,1747647,0.0,0.0,TCS
2025-12-02,3017.416350282513,3029.9447477765,3007.2007935969305,3021.94580078125,2512003,0.0,0.0,TCS
2025-12-03,3026.089516693691,3095.3810901757683,3025.125793917674,3064.638427734375,3952112,0.0,0.0,TCS
2025-12-04,3078.13047294951,3132.0989471151875,3071.769808666434,3112.053466796875,5025905,0.0,0.0,TCS
2025-12-05,3112.824571063191,3152.915532717371,3105.5001838412545,3120.72705078125,5244013,0.0,0.0,TCS
2025-12-08,3125.353065437683,3141.6398867746047,3092.2010949656524,3119.0888671875,2544725,0.0,0.0,TCS
2025-12-09,3112.8243568679477,3116.3900838422614,3065.794641509269,3091.91162109375,2734893,0.0,0.0,TCS
2025-12-10,3108.0062080861744,3108.0062080861744,3062.807700289892,3073.5048828125,1386849,0.0,0.0,TCS
2025-12-11,3088.7315521574005,3092.0081155406747,3038.7144333046613,3076.106689453125,1914362,0.0,0.0,TCS
2025-12-12,3081.696263178982,3106.078496384854,3070.131589906683,3103.669189453125,1146554,0.0,0.0,TCS
2025-12-15,3094.6101270221197,3120.7268716204835,3081.310706400481,3113.01708984375,1562190,0.0,0.0,TCS
2025-12-16,3103.187500999765,3103.187500999765,3075.3360054304358,3088.828125,1734623,0.0,0.0,TCS
2025-12-17,3084.3949307247763,3119.4743477745933,3084.3949307247763,3101.0673828125,1376350,0.0,0.0,TCS
2025-12-18,3110.897128527372,3168.5277977297296,3104.1510690788923,3161.78173828125,2307422,0.0,0.0,TCS
2025-12-19,3179.3215200364916,3197.5357868591873,3159.854366515901,3162.938232421875,3902511,0.0,0.0,TCS
2025-12-22,3189.9223631467994,3207.8477007511456,3171.6116305486757,3204.28173828125,2632816,0.0,0.0,TCS
2025-12-23,3199.4631245744913,3199.4631245744913,3174.0209376032617,3189.92236328125,2365420,0.0,0.0,TCS
2025-12-24,3184.236571775606,3206.4021959958864,3176.5267894381177,3198.595947265625,1367708,0.0,0.0,TCS
2025-12-26,3192.9103071634727,3199.559900795541,3153.108505919085,3161.010986328125,1176664,0.0,0.0,TCS
2025-12-29,3161.0105311971397,3168.7203129805475,3125.2563240630398,3133.54443359375,2079473,0.0,0.0,TCS
2025-12-30,3132.0992469072426,3148.9643966982817,3121.9801570326194,3129.015380859375,2807593,0.0,0.0,TCS
2025-12-31,3122.462063286045,3128.2444004402787,3082.467564635931,3089.88818359375,3362634,0.0,0.0,TCS
2026-01-01,3098.368779137981,3116.775978595714,3082.1781891606697,3110.31884765625,1255735,0.0,0.0,TCS
2026-01-02,3116.6795578205924,3136.243177859361,3102.7055771191704,3132.773681640625,1184324,0.0,0.0,TCS
2026-01-05,3122.9439430034404,3129.2081416238766,3075.23966120166,3099.42919921875,2341703,0.0,0.0,TCS
2026-01-06,3093.550169667909,3144.8201752673103,3088.7315556964636,3137.688720703125,2912325,0.0,0.0,TCS
2026-01-07,3125.2565425983025,3180.8635358265738,3106.271250685878,3176.044921875,1989442,0.0,0.0,TCS
2026-01-08,3167.6606296336045,3167.6606296336045,3066.566193971062,3087.671630859375,4159336,0.0,0.0,TCS
2026-01-09,3075.239584998998,3112.5356118812538,3075.239584998998,3091.43017578125,1938673,0.0,0.0,TCS
2026-01-12,3086.804068110982,3134.026484388671,3059.145271347969,3122.076416015625,2228342,0.0,0.0,TCS
2026-01-13,3127.2804209827063,3161.0107182814413,3094.0319850739534,3149.446044921875,5645341,0.0,0.0,TCS
2026-01-14,3141.736098705462,3141.736098705462,3067.529448521315,3076.684814453125,3539511,0.0,0.0,TCS
2026-01-15,3076.684814453125,3076.684814453125,3076.684814453125,3076.684814453125,0,0.0,0.0,TCS
2026-01-16,3159.0110444402844,3161.464149941515,3111.519017760894,3146.54931640625,4293470,57.0,0.0,TCS
2026-01-19,3128.2002715520307,3159.600023336744,3092.973770842994,3104.258056640625,3387562,0.0,0.0,TCS
2026-01-20,3092.4832014713097,3100.7255406282875,3033.118044759914,3044.10791015625,4499273,0.0,0.0,TCS
2026-01-21,3041.8509292683366,3079.6287553253787,3024.188569033875,3064.027099609375,2015150,0.0,0.0,TCS
2026-01-22,3090.9130188550284,3100.7254411371077,3063.7326570458863,3091.305419921875,2269827,0.0,0.0,TCS
2026-01-23,3130.457047950816,3134.578217290946,3092.875423666008,3103.178466796875,2068857,0.0,0.0,TCS
2026-01-27,3115.4440572399217,3115.4440572399217,3071.2881572160486,3098.762939453125,4279874,0.0,0.0,TCS
2026-01-28,3116.425451779539,3145.0776781720924,3111.1268393421374,3140.073486328125,2751234,0.0,0.0,TCS
2026-01-29,3140.07335254898,3140.07335254898,3066.9708064954257,3085.41796875,2457641,0.0,0.0,TCS
2026-01-30,3082.081828102924,3082.081828102924,3034.000959087629,3065.302490234375,3022068,0.0,0.0,TCS
2026-02-02,3138.0126916764966,3138.0126916764966,3075.2131881532646,3110.1455078125,2636272,0.0,0.0,TCS
2026-02-03,3287.1613923698505,3287.1613923698505,3126.53209104895,3164.800537109375,4366060,0.0,0.0,TCS
2026-02-04,3061.475843095512,3061.475843095512,2929.9893806035893,2942.84375,10852595,0.0,0.0,TCS
2026-02-05,2933.9143670738968,2972.869637012123,2916.5464269268496,2935.38623046875,3521545,0.0,0.0,TCS
2026-02-06,2920.765595757455,2929.0079343210614,2861.302223276454,2886.422119140625,4687389,0.0,0.0,TCS
2026-02-09,2903.5941220720847,2921.15826303242,2882.3991930324937,2892.8984375,2380318,0.0,0.0,TCS
2026-02-10,2894.468444356794,2955.109263473934,2888.2865702537815,2928.61572265625,3547763,0.0,0.0,TCS
2026-02-11,2924.1019081110685,2941.76426862986,2849.723697569715,2855.21875,3363513,0.0,0.0,TCS
2026-02-12,2815.9687988010764,2825.977420921291,2688.603518515395,2698.51416015625,10612156,0.0,0.0,TCS
2026-02-13,2536.5110796879476,2662.110080925881,2536.5110796879476,2641.7001953125,11168735,0.0,0.0,TCS
2026-02-16,2649.3540277067937,2668.7826718221954,2620.898002964758,2655.830322265625,2918730,0.0,0.0,TCS
2026-02-17,2665.0538469624375,2708.228504276998,2644.6439610469733,2666.427490234375,4209118,0.0,0.0,TCS
2026-02-18,2678.7913077273606,2678.7913077273606,2607.4550449905755,2644.349609375,2950820,0.0,0.0,TCS
2026-02-19,2657.2039438116426,2697.140454434555,2616.5806115438327,2627.66845703125,3238849,0.0,0.0,TCS
2026-02-20,2616.972941852777,2651.905259923164,2597.838718993336,2635.812744140625,2293482,0.0,0.0,TCS
2026-02-23,2635.616634548502,2653.2789947204583,2610.3005370564806,2626.0986328125,4699596,0.0,0.0,TCS
2026-02-24,2591.460746119642,2597.8388206557183,2513.255787797201,2525.423095703125,7798833,0.0,0.0,TCS
2026-02-25,2547.3048106742554,2604.4130601353972,2546.3235684513456,2579.980224609375,3621285,0.0,0.0,TCS
2026-02-26,2600.2918170703697,2620.897903167908,2585.5731841435563,2598.034912109375,3464267,0.0,0.0,TCS
2026-02-27,2631.299321894741,2638.168017666852,2576.8403768444346,2587.92822265625,5083717,0.0,0.0,TCS
2026-03-02,2543.37985460111,2574.5834053591284,2531.8993684474203,2564.4765625,3374385,0.0,0.0,TCS
2026-03-04,2575.7609535201655,2585.5733762002424,2531.997452542583,2539.2587890625,3446434,0.0,0.0,TCS
2026-03-05,2551.229777430436,2560.551578540278,2498.6350985020495,2530.427490234375,2960636,0.0,0.0,TCS
2026-03-06,2523.7550365456814,2570.069622274581,2505.7002751879877,2509.625244140625,3998643,0.0,0.0,TCS
2026-03-09,2482.542780637602,2511.9800468111703,2458.0117254929614,2479.991455078125,3653428,0.0,0.0,TCS
2026-03-10,2493.3365235176843,2497.45769299971,2443.39138949283,2465.9599609375,4323710,0.0,0.0,TCS
2026-03-11,2461.0536733182116,2473.711601954393,2413.9540474182472,2418.663818359375,2720664,0.0,0.0,TCS
2026-03-12,2413.6596961153996,2426.513825649523,2390.3060830242093,2396.5859375,2752075,0.0,0.0,TCS
2026-03-13,2391.287343235487,2400.0203033629555,2352.0376535639975,2365.284423828125,2466488,0.0,0.0,TCS
2026-03-16,2364.793830777467,2379.5124645789865,2321.7173916761253,2364.0087890625,3807907,0.0,0.0,TCS
2026-03-17,2374.6061161428333,2374.6061161428333,2315.731584337639,2346.8369140625,2993367,0.0,0.0,TCS
2026-03-18,2364.793804301608,2436.326267951688,2364.793804301608,2395.01611328125,3082388,0.0,0.0,TCS
2026-03-19,2371.6624152761565,2378.5311107279285,2306.115387909886,2311.806640625,2757060,0.0,0.0,TCS
2026-03-20,2341.2440023374425,2362.6351312433567,2319.8528734315287,2345.7578125,4206320,0.0,0.0,TCS
2026-03-23,2320.6378037995523,2361.6537756859007,2303.956686393805,2339.085205078125,3860515,0.0,0.0,TCS
2026-03-24,2359.0045869106293,2389.7172776589064,2334.47353068287,2353.803955078125,3420182,0.0,0.0,TCS
2026-03-25,2355.864368126978,2376.1762738846405,2325.3478785890734,2332.80517578125,5843778,0.0,0.0,TCS
2026-03-27,2358.8080275261386,2376.6668272056972,2340.262645780238,2344.97265625,4979411,0.0,0.0,TCS
2026-03-30,2330.5484146912077,2353.0187649541185,2302.1903717438945,2314.652099609375,6804756,0.0,0.0,TCS
2026-04-01,2383.4374750291136,2425.630892660341,2352.9207445923203,2363.027587890625,4132661,0.0,0.0,TCS
2026-04-02,2341.24390183887,2423.570027038862,2331.1370592120925,2404.730224609375,5378361,0.0,0.0,TCS
2026-04-06,2427.593337237373,2435.4432752720936,2402.2772391631793,2427.4951171875,2572417,0.0,0.0,TCS
2026-04-07,2414.837240451596,2496.182129281132,2402.0810908677395,2492.1591796875,4516550,0.0,0.0,TCS
2026-04-08,2523.755016821873,2531.899375247164,2492.453485493659,2511.195068359375,4769337,0.0,0.0,TCS
2026-04-09,2506.092558435327,2556.135910228672,2483.6222080623565,2540.43603515625,5628261,0.0,0.0,TCS
2026-04-10,2517.671257898199,2517.671257898199,2454.1849361455575,2476.94970703125,10480239,0.0,0.0,TCS
2026-04-13,2443.195026142192,2457.9136601554055,2423.6684008424363,2426.2197265625,3739587,0.0,0.0,TCS
2026-04-15,2454.9697496490417,2510.9987747578325,2446.629190999006,2506.9755859375,5261384,0.0,0.0,TCS
2026-04-16,2523.754997213638,2545.3423261167095,2510.0176060935014,2528.56298828125,3905403,0.0,0.0,TCS
2026-04-17,2521.792618261851,2540.4362212762385,2507.957006516208,2533.076904296875,2718206,0.0,0.0,TCS
2026-04-20,2538.571963483115,2545.3424392975157,2513.15764504414,2531.212646484375,2288558,0.0,0.0,TCS
2026-04-21,2511.9802240950007,2564.9673069470045,2511.9802240950007,2561.532958984375,2719959,0.0,0.0,TCS
2026-04-22,2531.6048516902206,2531.6048516902206,2456.6380441545243,2490.88330078125,5232045,0.0,0.0,TCS
2026-04-23,2481.5614778281533,2511.489364373728,2469.0997500312283,2474.49658203125,2509050,0.0,0.0,TCS
2026-04-24,2441.3307179215667,2458.0118361710306,2343.991534636913,2351.939453125,5107719,0.0,0.0,TCS
2026-04-27,2351.9393059532576,2412.874541687738,2351.9393059532576,2401.6884765625,5853425,0.0,0.0,TCS
2026-04-28,2398.155951805419,2440.349366669426,2381.867235359066,2398.8427734375,4508363,0.0,0.0,TCS
2026-04-29,2405.024637022461,2441.2323784506298,2401.688509360205,2428.280029296875,2835961,0.0,0.0,TCS
2026-04-30,2432.4995485090735,2444.2744555611544,2392.26861608113,2427.4951171875,3970446,0.0,0.0,TCS
2026-05-01,2427.4951171875,2427.4951171875,2427.4951171875,2427.4951171875,0,0.0,0.0,TCS
2026-05-04,2447.2181772447047,2451.4375668418284,2379.512461835769,2385.6943359375,2632358,0.0,0.0,TCS
2026-05-05,2384.4185931895904,2414.24826083551,2366.952433771704,2381.769287109375,3385720,0.0,0.0,TCS
2026-05-06,2396.0951150032492,2424.6493574491965,2361.359238648924,2389.717041015625,3147628,0.0,0.0,TCS
2026-05-07,2392.4647422177254,2393.9366055534624,2353.018852732181,2356.35498046875,5829594,0.0,0.0,TCS
2026-05-08,2353.0188960201936,2361.8500761970836,2330.548544505656,2349.486328125,3792199,0.0,0.0,TCS
2026-05-11,2326.5252955775945,2369.699953108347,2326.5252955775945,2348.014404296875,1975188,0.0,0.0,TCS
2026-05-12,2330.450360002076,2330.450360002076,2240.176072372522,2257.151611328125,6347884,0.0,0.0,TCS
2026-05-13,2262.7446759395275,2265.8846032931383,2226.4387119283556,2230.16748046875,3171843,0.0,0.0,TCS
2026-05-14,2222.513720137884,2222.513720137884,2165.012827845418,2203.8701171875,5633313,0.0,0.0,TCS
2026-05-15,2209.7573207679993,2261.6649346543286,2209.7573207679993,2221.5322265625,3410637,0.0,0.0,TCS
2026-05-18,2221.5322685970373,2249.8900714309348,2209.953563101145,2240.3720703125,3773336,0.0,0.0,TCS
2026-05-19,2256.857213357978,2333.0017090765828,2254.0117066090534,2283.448974609375,10394707,0.0,0.0,TCS
2026-05-20,2280.3085723429836,2298.06915136111,2274.3231388707036,2283.742919921875,2537422,0.0,0.0,TCS
2026-05-21,2287.275643394801,2292.0836345084317,2270.594525446405,2283.546875,3299087,0.0,0.0,TCS
2026-05-22,2287.373954930871,2296.106915322829,2264.805382686245,2273.832763671875,2617262,0.0,0.0,TCS
2026-05-25,2312.3217190072714,2313.415817804508,2280.496215777924,2295.61328125,3298364,31.0,0.0,TCS
2026-05-26,2295.613098349941,2315.205623652634,2260.008270887014,2263.78759765625,3587597,0.0,0.0,TCS
2026-05-27,2262.5943570616037,2283.0821217701528,2248.571147658945,2271.744140625,2653950,0.0,0.0,TCS
2026-05-28,2271.744140625,2271.744140625,2271.744140625,2271.744140625,0,0.0,0.0,TCS
2026-05-29,2278.507085795833,2321.2726050840133,2222.81245602518,2246.58203125,16331582,0.0,0.0,TCS
2026-06-01,2271.5452382799426,2322.267132829976,2267.5670504720965,2284.8720703125,7505095,0.0,0.0,TCS
2026-06-02,2307.34897134468,2443.9996279549005,2303.569644295269,2433.556884765625,11306127,0.0,0.0,TCS
2026-06-03,2379.9508308808004,2379.9508308808004,2212.6680838914085,2229.475830078125,15660062,0.0,0.0,TCS
2026-06-04,2229.4759194813155,2240.8139007540485,2204.5129359355733,2228.77978515625,4867263,0.0,0.0,TCS
2026-06-05,2250.560184151513,2259.4117976453776,2180.0469028924485,2186.9091796875,5019717,0.0,0.0,TCS
2026-06-08,2158.1668832997775,2165.128711955583,2131.6125282744956,2139.668212890625,6536734,0.0,0.0,TCS
2026-06-09,2162.145087858845,2162.145087858845,2121.169801728995,2139.2705078125,4148655,0.0,0.0,TCS
2026-06-10,2139.568864676436,2168.907999188303,2133.1043096144995,2142.154541015625,2848650,0.0,0.0,TCS
2026-06-11,2115.4013888441136,2142.8509821277357,2098.494090484758,2123.95458984375,3079815,0.0,0.0,TCS
2026-06-12,2138.276030955957,2156.177876796519,2126.3414670622496,2149.61376953125,2124656,0.0,0.0,TCS
2026-06-15,2180.046856932239,2180.046856932239,2147.525221086398,2150.21044921875,3337083,0.0,0.0,TCS
2026-06-16,2155.183285992923,2196.954258771743,2148.818282502735,2187.0087890625,3079898,0.0,0.0,TCS
2026-06-17,2196.9542720106556,2218.8343055028395,2188.6994835403766,2210.8779296875,2865010,0.0,0.0,TCS
2026-06-18,2196.9542695909468,2201.927004470057,2170.101501243751,2191.285400390625,3735188,0.0,0.0,TCS
2026-06-19,2093.521413717831,2126.341464384191,2048.6672473500757,2113.412353515625,13286502,0.0,0.0,TCS
2026-06-22,2120.5729308842238,2145.237743488044,2109.434053749718,2116.197021484375,4566101,0.0,0.0,TCS
2026-06-23,2099.4885101234904,2102.4721508294924,2043.7938836114508,2048.368896484375,6392736,0.0,0.0,TCS
2026-06-24,2049.7612582514666,2109.1356624395376,2049.7612582514666,2097.49951171875,4747277,0.0,0.0,TCS
2026-06-25,2121.965363861958,2136.78401555451,2076.61392807904,2083.27734375,4738903,0.0,0.0,TCS
2026-06-26,2083.27734375,2083.27734375,2083.27734375,2083.27734375,0,0.0,0.0,TCS
2026-06-29,2078.6031371123327,2093.521341445675,2059.706744956766,2086.4599609375,3412470,0.0,0.0,TCS
2026-06-30,2078.60311543387,2092.8251853118586,2007.791421498655,2020.422119140625,6848411,0.0,0.0,TCS
2026-07-01,2028.776408877907,2040.8104030555382,1966.0205187179013,1971.788818359375,4658295,0.0,0.0,TCS
2026-07-02,1997.0503819057583,2065.5745732846704,1991.580373389582,2056.82275390625,6040621,0.0,0.0,TCS
2026-07-03,2088.5485393778363,2105.0581154318793,2073.6303355251375,2082.083984375,4028819,0.0,0.0,TCS
2026-07-06,2078.6031065753987,2081.5867473982344,2039.4180542258837,2046.3798828125,2567386,0.0,0.0,TCS
2026-07-07,2038.8212111731864,2111.124724588052,2037.8266642409067,2084.669921875,4769048,0.0,0.0,TCS
2026-07-08,2082.5813599967723,2098.1956989000228,2037.6278854106638,2046.2803955078125,3666985,0.0,0.0,TCS
2026-07-09,2046.280350211656,2053.7394523387943,2005.006651774823,2038.323974609375,3791498,0.0,0.0,TCS
2026-07-10,2093.7200783959847,2121.666943317309,2053.341620075063,2057.717529296875,6714551,0.0,0.0,TCS
2026-07-13,2063.684994131224,2192.8765503750355,2053.8390761022306,2169.604248046875,12382622,0.0,0.0,TCS
2026-07-14,2170.996422535663,2215.850586742918,2167.1177865856457,2188.60009765625,9546290,0.0,0.0,TCS
2026-07-15,2174.10009765625,2202.89990234375,2145.39990234375,2189.199951171875,5426489,12.0,0.0,TCS
2026-07-16,2206.0,2231.39990234375,2187.800048828125,2201.0,5197595,0.0,0.0,TCS
2026-07-17,2224.800048828125,2275.0,2215.10009765625,2269.0,5615138,0.0,0.0,TCS
2026-07-20,2280.10009765625,2283.39990234375,2245.10009765625,2251.10009765625,2202693,0.0,0.0,TCS
2026-07-21,2245.10009765625,2259.89990234375,2218.5,2221.10009765625,2382160,0.0,0.0,TCS
2026-07-22,2216.0,2226.800048828125,2201.0,2208.300048828125,1599665,0.0,0.0,TCS
2026-07-23,2204.0,2250.0,2193.60009765625,2242.89990234375,2503539,0.0,0.0,TCS
2026-07-24,2205.10009765625,2264.300048828125,2205.10009765625,2254.300048828125,3211699,0.0,0.0,TCS
2026-07-27,2286.0,2315.0,2272.39990234375,2295.60009765625,4007292,0.0,0.0,TCS
2026-07-28,2325.0,2417.39990234375,2323.0,2398.0,8248513,0.0,0.0,TCS
2026-07-29,2440.0,2475.5,2415.10009765625,2446.60009765625,7169419,0.0,0.0,TCS
2026-07-30,2440.0,2495.0,2423.0,2431.800048828125,4901582,0.0,0.0,TCS
2026-07-31,2385.0,2391.0,2326.10009765625,2365.60009765625,4343683,0.0,0.0,TCS
2026-08-03,2383.89990234375,2473.699951171875,2383.0,2473.699951171875,3036839,0.0,0.0,TCS
2026-08-04,2463.10009765625,2467.39990234375,2435.10009765625,2460.0,2792792,0.0,0.0,TCS
2026-08-05,2460.0,2460.89990234375,2408.0,2413.0,3014409,0.0,0.0,TCS
2026-08-06,2417.0,2434.5,2368.5,2373.0,2729141,0.0,0.0,TCS
2026-08-07,2375.0,2457.699951171875,2375.0,2452.699951171875,4547979,0.0,0.0,TCS
2026-08-10,2452.699951171875,2472.89990234375,2423.5,2425.699951171875,2322023,0.0,0.0,TCS
2026-08-11,2438.0,2456.60009765625,2428.0,2445.699951171875,1514105,0.0,0.0,TCS
2026-08-12,2445.699951171875,2445.800048828125,2300.10009765625,2349.699951171875,7022647,0.0,0.0,TCS
2026-08-13,2349.699951171875,2375.0,2332.300048828125,2375.0,2123494,0.0,0.0,TCS
2026-08-14,2375.10009765625,2390.0,2333.39990234375,2361.0,2232160,0.0,0.0,TCS
2026-08-17,2351.0,2361.10009765625,2310.60009765625,2313.199951171875,2237636,0.0,0.0,TCS
2026-08-18,2300.0,2307.0,2280.0,2280.0,1797822,0.0,0.0,TCS
2026-08-19,2293.60009765625,2308.199951171875,2258.300048828125,2289.0,3368922,0.0,0.0,TCS
2026-08-20,2319.39990234375,2329.0,2288.10009765625,2298.0,2047848,0.0,0.0,TCS
2026-08-21,2290.10009765625,2307.199951171875,2263.300048828125,2302.0,2066749,0.0,0.0,TCS
2026-08-24,2302.39990234375,2321.60009765625,2279.5,2284.10009765625,1542723,0.0,0.0,TCS
2026-08-25,2305.0,2313.5,2262.0,2296.199951171875,3041609,0.0,0.0,TCS
2026-08-26,2305.10009765625,2306.300048828125,2266.39990234375,2270.0,1660737,0.0,0.0,TCS
2026-08-27,2270.0,2283.60009765625,2243.89990234375,2248.39990234375,1709113,0.0,0.0,TCS
2026-08-28,2272.0,2348.5,2263.300048828125,2342.0,4054069,0.0,0.0,TCS
2026-08-31,2342.0,2399.300048828125,2306.199951171875,2399.300048828125,2905846,0.0,0.0,TCS
2026-09-01,2355.0,2372.0,2325.0,2369.0,2678034,0.0,0.0,TCS
2026-09-02,2347.89990234375,2363.0,2303.5,2348.0,2533005,0.0,0.0,TCS
2026-09-03,2353.60009765625,2353.60009765625,2316.10009765625,2320.10009765625,1892786,0.0,0.0,TCS
2026-09-04,2330.0,2363.89990234375,2302.39990234375,2304.0,2564322,0.0,0.0,TCS
2026-09-07,2290.10009765625,2299.89990234375,2260.10009765625,2270.0,2297551,0.0,0.0,TCS
2026-09-08,2270.0,2274.5,2244.0,2255.5,2148114,0.0,0.0,TCS
2026-09-09,2237.0,2237.0,2193.199951171875,2208.0,3370071,0.0,0.0,TCS
2026-09-10,2199.0,2232.0,2190.60009765625,2204.10009765625,2490912,0.0,0.0,TCS
2026-09-11,2185.5,2232.60009765625,2185.5,2200.800048828125,2634124,0.0,0.0,TCS
2026-09-14,2200.800048828125,2200.800048828125,2200.800048828125,2200.800048828125,0,0.0,0.0,TCS
2026-09-15,2275.5,2323.0,2251.0,2251.0,5406210,0.0,0.0,TCS
2026-09-16,2270.0,2273.89990234375,2172.0,2188.800048828125,2763709,0.0,0.0,TCS
2026-09-17,2171.0,2263.60009765625,2162.5,2190.0,3295917,0.0,0.0,TCS
2026-09-18,2177.199951171875,2177.300048828125,2101.199951171875,2105.0,6875428,0.0,0.0,TCS
2026-09-21,2090.0,2145.0,2075.300048828125,2128.699951171875,2330811,0.0,0.0,TCS
2026-09-22,2135.10009765625,2135.199951171875,2098.199951171875,2105.0,3641623,0.0,0.0,TCS
2026-09-23,2099.0,2104.199951171875,2077.60009765625,2089.60009765625,2228402,0.0,0.0,TCS
2026-09-24,2076.0,2096.89990234375,2067.10009765625,2087.0,1760662,0.0,0.0,TCS
2026-09-25,2054.0,2090.199951171875,2038.0999755859375,2082.0,3342195,0.0,0.0,TCS
2026-09-28,2100.0,2100.0,2051.0,2070.699951171875,2457049,0.0,0.0,TCS
2026-09-29,2065.0,2085.10009765625,2032.4000244140625,2032.4000244140625,4437783,0.0,0.0,TCS
2026-09-30,2069.0,2101.0,2050.60009765625,2050.60009765625,3656425,0.0,0.0,TCS
2026-10-01,2052.60009765625,2093.89990234375,2045.0999755859375,2075.0,3427531,0.0,0.0,TCS
