Date,Open,High,Low,Close,Volume,Dividends,Stock Splits,Symbol
2021-10-04,1163.183827501596,1180.698449622478,1152.5575818566301,1175.23828125,2538936,0.0,0.0,TECHM
2021-10-05,1175.280234216407,1193.6768222171502,1160.0757857015374,1186.9986572265625,2481825,0.0,0.0,TECHM
2021-10-06,1195.2728990341047,1198.6330027055524,1159.1937243366015,1163.98193359375,2769341,0.0,0.0,TECHM
2021-10-07,1174.3141211812458,1195.6088589693213,1155.5816058497387,1190.484619140625,1956325,0.0,0.0,TECHM
2021-10-08,1191.5765806323632,1215.517315597483,1191.5765806323632,1209.5950927734375,2665924,0.0,0.0,TECHM
2021-10-11,1192.8367774622034,1204.975110694841,1163.9398660067868,1176.2042236328125,3073366,0.0,0.0,TECHM
2021-10-12,1175.1961619234398,1178.4302409313689,1143.2751796839182,1154.573486328125,2965629,0.0,0.0,TECHM
2021-10-13,1165.0318907363383,1184.436467677072,1156.7156141782468,1177.84228515625,1738985,0.0,0.0,TECHM
2021-10-14,1202.9171698185003,1226.1018657115837,1184.856611752091,1201.9091796875,4328124,0.0,0.0,TECHM
2021-10-18,1192.8366536474284,1249.0763407725822,1192.8366536474284,1242.9442138671875,3579606,0.0,0.0,TECHM
2021-10-19,1258.358746499431,1318.672644658281,1240.7602456343675,1292.8837890625,8645334,0.0,0.0,TECHM
2021-10-20,1296.9998380643342,1324.3006766246262,1273.3111514689042,1293.0517578125,5159270,0.0,0.0,TECHM
2021-10-21,1298.806010767165,1298.806010767165,1239.9202181804135,1280.409423828125,4261416,0.0,0.0,TECHM
2021-10-22,1286.0796576287412,1312.0784183124454,1246.3884337078018,1274.697265625,5223521,0.0,0.0,TECHM
2021-10-25,1286.079646455023,1289.4397500381845,1246.4304651906082,1280.283447265625,3890467,0.0,0.0,TECHM
2021-10-26,1320.4366038703683,1369.2420833894896,1296.1598372208482,1313.21240234375,16978043,0.0,0.0,TECHM
2021-10-27,1311.9941474486645,1333.2047968329953,1283.1392845372334,1317.0343017578125,3624131,0.0,0.0,TECHM
2021-10-28,1325.5609600794346,1329.6350654622338,1281.879610317628,1288.0118408203125,3054565,0.0,0.0,TECHM
2021-10-29,1283.0134067057745,1295.949824751847,1232.9899309995535,1241.43212890625,3795495,0.0,0.0,TECHM
2021-11-01,1251.6385337833183,1285.155586169584,1249.1604985084875,1278.6453857421875,2271900,0.0,0.0,TECHM
2021-11-02,1291.4560617091402,1292.0498907016304,1262.4412913027845,1264.6046142578125,2041689,15.0,0.0,TECHM
2021-11-03,1270.8825893062972,1304.5634816565282,1267.1496691324958,1271.3492431640625,2697346,0.0,0.0,TECHM
2021-11-04,1280.214918008162,1285.3052357736021,1273.427827654242,1277.54248046875,166444,0.0,0.0,TECHM
2021-11-08,1279.3664903568215,1325.858099203387,1276.2275025947172,1320.2586669921875,3050392,0.0,0.0,TECHM
2021-11-09,1324.3310919327585,1333.6633417798184,1317.544001134897,1322.803955078125,2061369,0.0,0.0,TECHM
2021-11-10,1320.0465746963212,1334.8085164992156,1312.0718266126814,1329.0819091796875,1299996,0.0,0.0,TECHM
2021-11-11,1323.4826794817438,1323.4826794817438,1285.3052944966935,1291.2015380859375,3027565,0.0,0.0,TECHM
2021-11-12,1305.2424170075908,1348.4676606955966,1299.1340766306555,1344.6923828125,3713868,0.0,0.0,TECHM
2021-11-15,1344.692287195577,1358.690661163228,1334.808566075558,1339.729248046875,2448280,0.0,0.0,TECHM
2021-11-16,1344.7768514995405,1361.6597564194112,1337.056558328344,1357.3330078125,2864344,0.0,0.0,TECHM
2021-11-17,1356.1454145246819,1378.6276500485505,1353.1760626630387,1373.0706787109375,2304359,0.0,0.0,TECHM
2021-11-18,1374.5555631964803,1378.4157626274157,1323.0585516648437,1330.0577392578125,2938804,0.0,0.0,TECHM
2021-11-22,1341.977191190712,1341.977191190712,1289.546888129805,1307.6175537109375,1951782,0.0,0.0,TECHM
2021-11-23,1291.243887019629,1327.2578423119849,1277.924264169964,1323.94921875,1823592,0.0,0.0,TECHM
2021-11-24,1330.9483512778363,1331.881555412833,1298.030924320929,1304.90283203125,1644163,0.0,0.0,TECHM
2021-11-25,1298.879421521278,1327.5549198029669,1298.0734959637348,1322.93115234375,1557493,0.0,0.0,TECHM
2021-11-26,1309.9083865276384,1314.998704091865,1281.1905323153487,1295.8251953125,1522173,0.0,0.0,TECHM
2021-11-29,1285.3051467810783,1311.1809269637997,1255.1026175098661,1303.6727294921875,1995524,0.0,0.0,TECHM
2021-11-30,1297.1826273140064,1352.7094681372284,1295.061661605514,1307.7449951171875,5662900,0.0,0.0,TECHM
2021-12-01,1314.9987670713713,1352.667139563262,1314.9987670713713,1346.8980712890625,2761193,0.0,0.0,TECHM
2021-12-02,1348.933978212736,1384.9903895800576,1340.4501167145427,1382.572509765625,2664202,0.0,0.0,TECHM
2021-12-03,1378.627690078556,1389.868808166889,1348.679613293585,1351.73388671875,2400296,0.0,0.0,TECHM
2021-12-06,1362.5083537236185,1374.004029141852,1312.326284989424,1316.4833984375,2911781,0.0,0.0,TECHM
2021-12-07,1326.8761689936534,1341.595650539435,1303.121352668959,1337.6082763671875,1758254,0.0,0.0,TECHM
2021-12-08,1342.6985794530349,1369.9742193255481,1342.1895683927767,1361.4903564453125,1604565,0.0,0.0,TECHM
2021-12-09,1351.4793331287715,1374.3857625038354,1344.6922429435674,1366.919921875,1947954,0.0,0.0,TECHM
2021-12-10,1366.7502643212777,1366.9199001481004,1339.2201716202394,1359.666259765625,1776362,0.0,0.0,TECHM
2021-12-13,1361.6600306638177,1404.5035394167915,1355.2546725835573,1389.7840576171875,3163063,0.0,0.0,TECHM
2021-12-14,1391.3534415327995,1412.5630976537263,1379.1791196319425,1393.64404296875,2725454,0.0,0.0,TECHM
2021-12-15,1390.505031942699,1396.6982928511402,1370.9073307285441,1392.7108154296875,1622068,0.0,0.0,TECHM
2021-12-16,1398.9889407319522,1414.8113651707965,1393.2198727471225,1402.0855712890625,2225836,0.0,0.0,TECHM
2021-12-17,1416.1263197961705,1421.0470015849785,1380.239642729631,1393.7713623046875,3405084,0.0,0.0,TECHM
2021-12-20,1387.1115020090556,1389.9535751996998,1337.565724894465,1355.763671875,2233189,0.0,0.0,TECHM
2021-12-21,1362.08415282924,1404.333830386955,1362.08415282924,1385.372314453125,2237445,0.0,0.0,TECHM
2021-12-22,1395.595433206008,1409.7634426833527,1384.3543149750174,1408.109130859375,1656110,0.0,0.0,TECHM
2021-12-23,1416.8049245705827,1434.7058523061967,1411.841886116227,1428.5126953125,1715034,0.0,0.0,TECHM
2021-12-24,1428.1310758418147,1472.1198853525298,1425.585916908935,1462.4483642578125,3343946,0.0,0.0,TECHM
2021-12-27,1463.0421369964001,1520.3082107843138,1445.353303805578,1514.3695068359375,4512000,0.0,0.0,TECHM
2021-12-28,1514.3694565758901,1546.608134082828,1506.8187982367103,1532.2703857421875,3605483,0.0,0.0,TECHM
2021-12-29,1527.5194579814352,1544.9113762755865,1512.460601897475,1515.93896484375,1902921,0.0,0.0,TECHM
2021-12-30,1516.0661742575035,1559.3338714523177,1515.2177880379975,1527.052734375,4650594,0.0,0.0,TECHM
2021-12-31,1527.2648471848393,1538.124232335205,1513.0543778568665,1519.0780029296875,2378048,0.0,0.0,TECHM
2022-01-03,1522.8959109852458,1542.3663356788506,1512.6728143649013,1514.199951171875,1779147,0.0,0.0,TECHM
2022-01-04,1521.1564447844303,1530.3190570983672,1499.098403755766,1518.441650390625,2701533,0.0,0.0,TECHM
2022-01-05,1510.0851434981807,1512.630302381728,1470.2534483957788,1474.1136474609375,3138050,0.0,0.0,TECHM
2022-01-06,1463.4662490117541,1466.7325152897477,1433.7727309158636,1435.5543212890625,4290750,0.0,0.0,TECHM
2022-01-07,1443.9534553059732,1463.084607434463,1438.099569234069,1445.52294921875,2103362,0.0,0.0,TECHM
2022-01-10,1458.3758470228502,1463.4661641154255,1431.6516822868293,1455.8306884765625,2330348,0.0,0.0,TECHM
2022-01-11,1446.4987713563314,1480.4342264028144,1446.4987713563314,1473.7744140625,2704832,0.0,0.0,TECHM
2022-01-12,1488.0697511809876,1488.9181375841695,1460.0729998759862,1468.0902099609375,3013194,0.0,0.0,TECHM
2022-01-13,1467.7083060791554,1483.7428279390504,1443.7838537288735,1458.2064208984375,2768371,0.0,0.0,TECHM
2022-01-14,1454.5583432872181,1481.9612628040065,1439.2873895519192,1474.2833251953125,1889385,0.0,0.0,TECHM
2022-01-17,1470.210910848758,1485.5243240898715,1459.2243503338543,1461.260498046875,2522806,0.0,0.0,TECHM
2022-01-18,1476.192004565426,1481.7489756628922,1399.8797064441776,1408.9573974609375,4878369,0.0,0.0,TECHM
2022-01-19,1410.9510671136788,1422.4042808023653,1380.7909998711327,1416.8897705078125,2610709,0.0,0.0,TECHM
2022-01-20,1416.8898433799607,1419.5198200200714,1394.3652507714082,1414.175048828125,2440011,0.0,0.0,TECHM
2022-01-21,1399.8374106677907,1402.3825695962776,1347.9585671295763,1351.946044921875,4079190,0.0,0.0,TECHM
2022-01-24,1347.237538102854,1347.237538102854,1274.2338504852007,1283.73583984375,3250275,0.0,0.0,TECHM
2022-01-25,1271.7309816264083,1296.0372682653117,1242.8858492879842,1273.08837890625,3910618,0.0,0.0,TECHM
2022-01-27,1259.4293693695215,1259.4293693695215,1213.1923194330857,1226.4271240234375,4434890,0.0,0.0,TECHM
2022-01-28,1226.7665572434166,1258.0720315951714,1193.043202713385,1196.776123046875,7080683,0.0,0.0,TECHM
2022-01-31,1219.1312005776178,1262.0595297253437,1214.4650755928044,1254.763427734375,4406035,0.0,0.0,TECHM
2022-02-01,1275.9729656109912,1285.2627539554546,1251.369763481524,1277.4576416015625,2542754,0.0,0.0,TECHM
2022-02-02,1255.5267420731755,1264.0954218712932,1224.221270980051,1258.1142578125,9031146,0.0,0.0,TECHM
2022-02-03,1254.6785096377582,1255.4420780141404,1229.396556677065,1233.8082275390625,2433692,0.0,0.0,TECHM
2022-02-04,1242.0376022429516,1242.8435278411507,1217.4343983733847,1228.633056640625,2406272,0.0,0.0,TECHM
2022-02-07,1230.160223724288,1243.5223089130172,1216.5860419452613,1225.324462890625,2741520,0.0,0.0,TECHM
2022-02-08,1227.1906852483871,1235.3776331041472,1204.878085909671,1216.7554931640625,1981111,0.0,0.0,TECHM
2022-02-09,1221.7186032064617,1247.9336542467663,1221.7186032064617,1234.2322998046875,2282701,0.0,0.0,TECHM
2022-02-10,1242.8858726950864,1248.8245765236636,1230.4146360801847,1245.855224609375,1850405,0.0,0.0,TECHM
2022-02-11,1230.0327963127963,1230.1176142261008,1205.5568734648582,1208.8656005859375,2426039,0.0,0.0,TECHM
2022-02-14,1179.2569986816952,1203.6905664104297,1163.1376584119453,1179.38427734375,2149302,0.0,0.0,TECHM
2022-02-15,1191.1766239448132,1223.8818481261144,1183.5411485396087,1221.379150390625,1955525,0.0,0.0,TECHM
2022-02-16,1230.584335200344,1241.995089575607,1212.216750987555,1225.06982421875,2164650,0.0,0.0,TECHM
2022-02-17,1239.8740288529145,1239.8740288529145,1221.8882819924897,1228.08154296875,1669669,0.0,0.0,TECHM
2022-02-18,1220.361204859382,1225.918176426774,1202.248178466947,1219.93701171875,2374188,0.0,0.0,TECHM
2022-02-21,1210.7745159265767,1221.676259053491,1196.309488239755,1203.181396484375,2109461,0.0,0.0,TECHM
2022-02-22,1171.1973595722636,1205.3024495160766,1166.5312346337287,1198.38818359375,2111878,0.0,0.0,TECHM
2022-02-23,1206.4053335387848,1208.9080317296632,1195.5459473392018,1199.0244140625,1319711,0.0,0.0,TECHM
2022-02-24,1162.7134116903248,1187.7408072721305,1128.353766908524,1130.89892578125,4108603,0.0,0.0,TECHM
2022-02-25,1149.5634771796056,1187.740862030589,1145.4063634499416,1179.00244140625,1885454,0.0,0.0,TECHM
2022-02-28,1170.7731414145612,1204.5813161261856,1156.5626703140583,1196.2247314453125,4983140,0.0,0.0,TECHM
2022-03-02,1187.7409134503216,1205.3024698169359,1173.1062486238802,1182.947509765625,2160190,0.0,0.0,TECHM
2022-03-03,1196.054932652774,1224.7303247096745,1192.1099160229203,1210.3502197265625,2730530,0.0,0.0,TECHM
2022-03-04,1200.4663071739571,1238.6436809003374,1186.4679368076177,1233.2139892578125,3567738,0.0,0.0,TECHM
2022-03-07,1211.495616877676,1242.0375231855166,1197.1155107495126,1208.1868896484375,3341715,0.0,0.0,TECHM
2022-03-08,1204.7084565559262,1244.4977917843069,1204.7084565559262,1240.2982177734375,2365949,0.0,0.0,TECHM
2022-03-09,1240.2983973728578,1281.9117897491278,1240.2983973728578,1276.609375,3667977,0.0,0.0,TECHM
2022-03-10,1293.7890486733754,1294.594974196619,1250.9455424714047,1260.1505126953125,2835942,0.0,0.0,TECHM
2022-03-11,1252.2181242388053,1265.6650257953456,1249.2487723181848,1261.3807373046875,1116432,0.0,0.0,TECHM
2022-03-14,1261.5504527241092,1280.1301337693208,1261.5504527241092,1275.1246337890625,1372791,0.0,0.0,TECHM
2022-03-15,1284.4567962224987,1285.3051824815625,1228.463303124292,1237.4561767578125,2188506,0.0,0.0,TECHM
2022-03-16,1251.5392808392833,1267.9131759247098,1245.770316816832,1264.0106201171875,1453944,0.0,0.0,TECHM
2022-03-17,1276.8213838743932,1281.0208546420904,1261.550430445995,1267.06494140625,2346185,0.0,0.0,TECHM
2022-03-21,1268.337569525549,1289.5472278788193,1252.3878650187762,1255.442138671875,2110200,0.0,0.0,TECHM
2022-03-22,1261.4655189922853,1309.865891770795,1251.41216277659,1304.9876708984375,3030660,0.0,0.0,TECHM
2022-03-23,1314.9986784918233,1324.9247561237164,1297.3522031875975,1308.3388671875,3741783,0.0,0.0,TECHM
2022-03-24,1298.1583936555417,1333.620880933951,1298.1583936555417,1330.7364501953125,2085571,0.0,0.0,TECHM
2022-03-25,1332.814739454403,1336.1658235677069,1291.5831902513085,1298.49755859375,1755511,0.0,0.0,TECHM
2022-03-28,1301.4243950374648,1305.6238651869578,1286.6200976793873,1293.322265625,1928306,0.0,0.0,TECHM
2022-03-29,1303.9695273653283,1306.1329534975134,1288.7833943952353,1291.5406494140625,2311150,0.0,0.0,TECHM
2022-03-30,1301.678983093562,1301.678983093562,1259.8535021688426,1269.4403076171875,3792481,0.0,0.0,TECHM
2022-03-31,1269.440580794452,1280.72405750167,1261.7201818924511,1272.1129150390625,2036984,0.0,0.0,TECHM
2022-04-01,1271.7309486047939,1274.8275790320963,1251.7514116228856,1261.6351318359375,2537230,0.0,0.0,TECHM
2022-04-04,1261.6351793588633,1276.2274850855463,1258.7082882036182,1271.43408203125,1675276,0.0,0.0,TECHM
2022-04-05,1279.3665519566746,1291.6681534177965,1255.6117353420946,1263.2896728515625,3207223,0.0,0.0,TECHM
2022-04-06,1257.308499752614,1257.308499752614,1233.5536832930504,1238.092529296875,2627895,0.0,0.0,TECHM
2022-04-07,1233.5535224958319,1251.072718063639,1230.7538066386503,1245.8975830078125,3336784,0.0,0.0,TECHM
2022-04-08,1251.369624693297,1258.4960893702055,1221.676108175151,1229.0994873046875,5402943,0.0,0.0,TECHM
2022-04-11,1235.2078078428174,1240.6375000655971,1217.9856306589759,1229.481201171875,3268704,0.0,0.0,TECHM
2022-04-12,1218.5797025070278,1223.0337308057733,1193.212930150188,1200.4666748046875,2021088,0.0,0.0,TECHM
2022-04-13,1203.096375917443,1212.0892483748207,1190.6251409653808,1196.606201171875,1430399,0.0,0.0,TECHM
2022-04-18,1179.2568668690535,1179.2568668690535,1128.5233285815202,1140.69775390625,3968044,0.0,0.0,TECHM
2022-04-19,1155.3748136735235,1155.3748136735235,1090.7278217394394,1103.920166015625,2677360,0.0,0.0,TECHM
2022-04-20,1107.483591383085,1120.6759373378939,1099.2966421758354,1110.7073974609375,3025261,0.0,0.0,TECHM
2022-04-21,1114.6947614226299,1119.0215107668678,1100.7387448860884,1113.6766357421875,3728173,0.0,0.0,TECHM
2022-04-22,1107.14404661264,1123.263385222326,1096.8361330523123,1108.4166259765625,1954666,0.0,0.0,TECHM
2022-04-25,1098.660073678426,1101.1627714172985,1071.1723414699807,1077.789794921875,2686619,0.0,0.0,TECHM
2022-04-26,1087.122179157329,1090.7701779540416,1073.208623718307,1082.07421875,2568317,0.0,0.0,TECHM
2022-04-27,1075.5417326338345,1081.2683401631411,1057.3014271701174,1070.0272216796875,2382463,0.0,0.0,TECHM
2022-04-28,1080.6745547042087,1089.667429140622,1060.6525543524997,1078.5535888671875,2576887,0.0,0.0,TECHM
2022-04-29,1089.3280668251093,1090.0068173261272,1059.0830729176025,1068.118408203125,3811317,0.0,0.0,TECHM
2022-05-02,1051.9987983331334,1059.6342734823254,1038.594256090559,1044.532958984375,2149957,0.0,0.0,TECHM
2022-05-04,1045.5936820242425,1055.3501247356446,1018.0635872767472,1028.9229736328125,2797667,0.0,0.0,TECHM
2022-05-05,1045.9330551009016,1074.141900273305,1036.8553628915874,1071.808837890625,3563713,0.0,0.0,TECHM
2022-05-06,1051.7445226606878,1102.0538749273678,1042.4122727575307,1095.0546875,5745203,0.0,0.0,TECHM
2022-05-09,1085.934567448698,1085.934567448698,1026.5475207913476,1069.9425048828125,5712061,0.0,0.0,TECHM
2022-05-10,1064.724658398679,1078.6805696673239,1047.7569347588592,1053.9501953125,2852416,0.0,0.0,TECHM
2022-05-11,1054.544001242586,1073.759968558634,1024.2566566303947,1038.806396484375,3244609,0.0,0.0,TECHM
2022-05-12,1025.6990641813227,1045.9330572658914,1015.5608890498053,1028.9229736328125,3110220,0.0,0.0,TECHM
2022-05-13,1041.8184438873861,1047.3754159374705,1013.8216941738001,1020.4815063476562,1892084,0.0,0.0,TECHM
2022-05-16,1009.5797903805251,1035.879768113127,981.5405791469415,1008.7738647460938,3474480,0.0,0.0,TECHM
2022-05-17,1014.5003936889559,1026.5474378986871,1003.7682861256405,1016.5364379882812,4434968,0.0,0.0,TECHM
2022-05-18,1025.6990283951336,1043.9393336974456,991.3393835233362,994.3511962890625,5294021,0.0,0.0,TECHM
2022-05-19,978.1893029904502,978.952871294237,933.2248337289637,940.308837890625,4393100,0.0,0.0,TECHM
2022-05-20,956.9798443125911,962.7489131679608,945.7387246874654,959.440185546875,2461651,0.0,0.0,TECHM
2022-05-23,962.0699476013008,973.7777185474821,946.5020815956146,969.62060546875,2783695,0.0,0.0,TECHM
2022-05-24,973.9474738107577,977.2137403579327,925.5894546407114,931.8250732421875,3666196,0.0,0.0,TECHM
2022-05-25,925.6318423643188,928.8981086538411,886.5636148494332,899.4166870117188,4711542,0.0,0.0,TECHM
2022-05-26,907.7732353194488,924.3167662434948,895.8533677670158,915.0693359375,2946857,0.0,0.0,TECHM
2022-05-27,928.9829181982736,955.4525270451157,926.4377595182784,952.9498291015625,3367600,0.0,0.0,TECHM
2022-05-30,969.6207969329253,993.036239886202,963.3002563782062,987.521728515625,2469771,0.0,0.0,TECHM
2022-05-31,977.3410095848337,1011.2764613065294,974.4989362156978,1001.3079223632812,9674664,0.0,0.0,TECHM
2022-06-01,1006.313234542035,1015.5182033923965,969.7901700124673,972.759521484375,2419021,0.0,0.0,TECHM
2022-06-02,967.160293019879,980.225461550421,960.1186459526082,972.2506103515625,3206663,0.0,0.0,TECHM
2022-06-03,984.1281245889205,1002.792623503538,970.6387614789815,973.8626708984375,3229236,0.0,0.0,TECHM
2022-06-06,972.2506474250332,974.795806187926,942.6419464374925,970.7235107421875,3938875,0.0,0.0,TECHM
2022-06-07,958.7613519082714,966.9907612846117,950.7864998510234,958.9310913085938,1656444,0.0,0.0,TECHM
2022-06-08,962.8336551353003,966.5665756552938,950.1078603372202,953.755859375,1303551,0.0,0.0,TECHM
2022-06-09,951.8894037155648,968.8146685329897,943.1086264526693,965.9725952148438,1323539,0.0,0.0,TECHM
2022-06-10,949.3441754856058,953.5012886556035,933.4369339392651,941.5814208984375,3119792,0.0,0.0,TECHM
2022-06-13,917.2752611600451,920.1597954027442,890.8056490144442,892.4599609375,2012004,0.0,0.0,TECHM
2022-06-14,877.2314766614816,896.3626300776176,865.6934431355512,873.9652099609375,5775453,0.0,0.0,TECHM
2022-06-15,879.7765192386848,879.7765192386848,863.487493289946,865.3963623046875,3238141,0.0,0.0,TECHM
2022-06-16,868.7899082936174,876.8919341678657,823.7829800589074,827.4310302734375,5600443,0.0,0.0,TECHM
2022-06-17,823.8678950903608,826.6251504980011,800.6221421070885,818.7351684570312,7043370,0.0,0.0,TECHM
2022-06-20,818.6926831350763,838.3328443808705,804.3125266864268,830.8670043945312,2985094,0.0,0.0,TECHM
2022-06-21,841.0901503736643,852.3312682050237,831.4185263948831,848.4710693359375,3433536,0.0,0.0,TECHM
2022-06-22,845.7987373310768,845.7987373310768,821.2379434390944,831.4185791015625,2719988,0.0,0.0,TECHM
2022-06-23,832.3517694139496,847.1561205486472,823.9951851598904,840.8356323242188,2915172,0.0,0.0,TECHM
2022-06-24,849.2346838429331,849.2346838429331,826.3282538092077,832.4366455078125,4056588,0.0,0.0,TECHM
2022-06-27,844.9926926884162,868.8323252535167,844.9926926884162,854.49462890625,3796002,0.0,0.0,TECHM
2022-06-28,850.0830423743757,872.9894716599129,834.854498474565,865.9478759765625,2755698,0.0,0.0,TECHM
2022-06-29,855.1733313599967,871.6320451562657,850.5496159879337,866.2871704101562,3770663,0.0,0.0,TECHM
2022-06-30,861.9604721679688,870.4443350830078,845.8411326293945,848.3862915039062,3264301,0.0,0.0,TECHM
2022-07-01,845.8410873303952,860.2636535135614,839.3085028793896,857.4639892578125,1842102,0.0,0.0,TECHM
2022-07-04,857.4640862826814,860.0940632305297,844.144410355962,848.3439331054688,1814322,0.0,0.0,TECHM
2022-07-05,852.6282202174207,866.9659692102496,847.5379024847794,851.1011352539062,3045188,0.0,0.0,TECHM
2022-07-06,855.1733237633626,861.0272094897736,849.7436311538979,856.7852783203125,2188175,0.0,0.0,TECHM
2022-07-07,866.1599830224537,871.2078917453154,861.9604605796901,865.9902954101562,1901699,0.0,0.0,TECHM
2022-07-08,874.6862072914447,877.82519493227,860.73024338527,870.8684692382812,2841036,0.0,0.0,TECHM
2022-07-11,861.1120529275461,863.1057399237394,838.2056239334144,854.7915649414062,2892507,0.0,0.0,TECHM
2022-07-12,848.3863059467527,862.63918553038,843.7201812640456,846.1380615234375,2013304,0.0,0.0,TECHM
2022-07-13,849.5740395433548,851.9495107655933,837.3996653846253,839.94482421875,2067142,0.0,0.0,TECHM
2022-07-14,846.6894705972608,847.198481630556,821.9165819429472,827.8552856445312,2212219,0.0,0.0,TECHM
2022-07-15,831.4185133332485,838.9691715648501,818.7351287174487,826.1585083007812,2544737,0.0,0.0,TECHM
2022-07-18,835.6605753822932,867.0508711073134,834.981876641815,855.1734619140625,3946821,0.0,0.0,TECHM
2022-07-19,848.3438298911249,857.6760785184396,840.7507626971687,854.9188232421875,2985845,0.0,0.0,TECHM
2022-07-20,866.4144271347068,892.247746107397,863.0208822548645,886.98779296875,5574762,0.0,0.0,TECHM
2022-07-21,895.2855771576571,904.71887271709,883.1009481526538,902.0548095703125,4935223,30.0,0.0,TECHM
2022-07-22,908.3874163265937,911.6191366011649,885.0226438393471,898.5173950195312,2985409,0.0,0.0,TECHM
2022-07-25,898.6920020099162,898.6920020099162,880.655252722447,888.5162963867188,2888919,0.0,0.0,TECHM
2022-07-26,886.5510335392573,905.9852803335908,868.3396370811479,872.8815307617188,5939871,0.0,0.0,TECHM
2022-07-27,873.4493775583248,882.140209527254,866.4617825378583,880.1312866210938,2546052,0.0,0.0,TECHM
2022-07-28,891.9665032081729,911.4006982902656,886.9005075476719,906.6404418945312,3428026,0.0,0.0,TECHM
2022-07-29,921.4891314761201,932.8439738544988,911.9685115421078,915.9427490234375,6185909,0.0,0.0,TECHM
2022-08-01,924.9391914319823,924.9391914319823,906.4658220805364,916.7724609375,2540084,0.0,0.0,TECHM
2022-08-02,913.6280713965939,916.6851442932364,899.6528810119423,901.923828125,2802273,0.0,0.0,TECHM
2022-08-03,897.4255347947511,923.2360069666992,895.0235489677327,919.4365234375,3509019,0.0,0.0,TECHM
2022-08-04,928.4766804736752,936.9490967152736,905.0681947046536,922.40625,5360632,0.0,0.0,TECHM
2022-08-05,925.856247953863,932.8001271646258,917.5147645804818,924.2839965820312,2641829,0.0,0.0,TECHM
2022-08-08,922.3624263733806,930.092431065417,916.2919966138472,922.886474609375,2579239,0.0,0.0,TECHM
2022-08-10,922.3626205693114,925.1140076653454,911.0514928239181,921.663818359375,2823021,0.0,0.0,TECHM
2022-08-11,936.3376698842538,955.4662312930893,934.7654184613019,940.9232788085938,3201408,0.0,0.0,TECHM
2022-08-12,937.473189791887,940.180861336297,927.6031699113579,931.0096435546875,1771561,0.0,0.0,TECHM
2022-08-16,939.8315239318762,943.2816063011325,922.8429763015195,941.3163452148438,2222701,0.0,0.0,TECHM
2022-08-17,936.7743544364849,966.8210310454199,936.5122770031365,964.7247314453125,4280823,0.0,0.0,TECHM
2022-08-18,960.7943169127053,968.8300085507161,950.4002479780202,965.2926025390625,3041422,0.0,0.0,TECHM
2022-08-19,969.5287244711199,991.3649570042531,960.7942314578664,964.4190673828125,4577717,0.0,0.0,TECHM
2022-08-22,957.3005365118919,960.7943340904025,939.1764615733684,942.1898193359375,2157609,0.0,0.0,TECHM
2022-08-23,927.6031699113579,934.6780880184391,914.5014302233444,931.0096435546875,2875768,0.0,0.0,TECHM
2022-08-24,931.0970613760828,937.5606082673069,921.576441581654,935.4205932617188,2180800,0.0,0.0,TECHM
2022-08-25,943.3253135135351,951.7541212040987,930.7040128473645,935.1148681640625,2734931,0.0,0.0,TECHM
2022-08-26,945.9456960588232,958.6544274220831,944.1987972664707,948.1730346679688,2624896,0.0,0.0,TECHM
2022-08-29,913.6279293985567,915.0254268953715,888.5599248799875,904.5004272460938,6118233,0.0,0.0,TECHM
2022-08-30,915.3749178569213,943.762021702675,910.3962992159446,939.9188232421875,4453769,0.0,0.0,TECHM
2022-09-01,922.3625178644779,930.2235620508229,911.0949998729363,919.6548461914062,6112823,0.0,0.0,TECHM
2022-09-02,924.2841200572831,931.533792785996,914.5452444647216,922.7119750976562,1645341,0.0,0.0,TECHM
2022-09-05,922.362513682121,935.2896067121659,921.3144171109217,930.2672729492188,1677079,0.0,0.0,TECHM
2022-09-06,930.2673768176857,935.4643583820202,917.3839974655523,929.088134765625,3051076,0.0,0.0,TECHM
2022-09-07,918.8688083724386,926.7298533109861,911.8812128715075,922.2315673828125,2615897,0.0,0.0,TECHM
2022-09-08,934.5908622257913,954.5928749006795,932.05783762989,951.71044921875,2634786,0.0,0.0,TECHM
2022-09-09,963.1089919672238,989.050396221779,948.7844006354829,984.07177734375,3394349,0.0,0.0,TECHM
2022-09-12,995.7320180321451,1017.5682464977623,995.6883029263302,1004.5538330078125,5230075,0.0,0.0,TECHM
2022-09-13,1009.7072912400225,1017.0878944483827,998.4397750565855,1002.2392578125,2483685,0.0,0.0,TECHM
2022-09-14,971.2756406255099,979.87909507459,956.4270022346524,973.6339111328125,5179539,0.0,0.0,TECHM
2022-09-15,978.5253201024271,982.0191173976285,941.5783710567795,945.9456176757812,3392174,0.0,0.0,TECHM
2022-09-16,930.2235465869816,938.0408755267767,897.9059210248047,902.4478149414062,6635089,0.0,0.0,TECHM
2022-09-19,904.8936105850169,918.7377627429737,893.6260915998084,907.95068359375,2485826,0.0,0.0,TECHM
2022-09-20,920.6156538022911,930.8349689802328,917.1218562546543,922.4935913085938,2321528,0.0,0.0,TECHM
2022-09-21,914.6761324714225,931.9267574319135,914.5014852472997,925.9873657226562,2760138,0.0,0.0,TECHM
2022-09-22,917.1217406825621,936.3376247730539,910.3525087870479,915.7242431640625,3867282,0.0,0.0,TECHM
2022-09-23,906.6403851671654,917.0344532965144,892.6651961857832,904.1073608398438,3230711,0.0,0.0,TECHM
2022-09-26,898.7793782722412,919.087075594719,885.284575195726,902.1858520507812,3314114,0.0,0.0,TECHM
2022-09-27,903.9763300840021,912.7545383891733,890.0885178980516,893.1019287109375,4448875,0.0,0.0,TECHM
2022-09-28,887.4245337037132,905.2429216497701,880.9173254272254,899.3907470703125,1965519,0.0,0.0,TECHM
2022-09-29,910.8766320913703,912.3178448413686,874.8905615689246,879.6508178710938,3176310,0.0,0.0,TECHM
2022-09-30,874.3228047585395,889.8701926224918,859.9545521999344,880.9609985351562,3848885,0.0,0.0,TECHM
2022-10-03,882.1837565508843,889.3897129781564,872.7068533618865,878.2532348632812,2431236,0.0,0.0,TECHM
2022-10-04,892.6651954442598,904.8934857928112,889.0840745952014,898.16796875,2715420,0.0,0.0,TECHM
2022-10-06,902.6662219884739,912.7546050085164,897.3382020779438,900.7883911132812,2397633,0.0,0.0,TECHM
2022-10-07,899.5654779408696,905.2865070259222,891.8354194554572,894.2810668945312,1539126,0.0,0.0,TECHM
2022-10-10,880.5243437670105,902.2732557677587,876.5064977376048,899.0851440429688,1660433,0.0,0.0,TECHM
2022-10-11,903.5834039341179,904.020128633941,873.9297861539012,877.6856079101562,2310765,0.0,0.0,TECHM
2022-10-12,880.262247490707,889.8701903758848,871.8771550244534,887.3372192382812,2192421,0.0,0.0,TECHM
2022-10-13,889.9138784312369,891.7918159204535,876.1133889058573,884.7605590820312,1344162,0.0,0.0,TECHM
2022-10-14,904.020071371366,917.0344879261833,887.4681956342755,890.7872924804688,3492929,0.0,0.0,TECHM
2022-10-17,890.0448594231958,897.8621882088837,879.9565304128597,893.7570190429688,1426207,0.0,0.0,TECHM
2022-10-18,898.2553928192231,903.1029730619376,885.6777000152679,890.3943481445312,2395805,0.0,0.0,TECHM
2022-10-19,894.8488754697781,899.6528469827931,887.6865800063322,890.2196044921875,1304927,0.0,0.0,TECHM
2022-10-20,882.1838585233647,911.3570886346243,879.5635104287409,909.8285522460938,1852905,0.0,0.0,TECHM
2022-10-21,909.8285093298059,912.1867798548338,900.6135763161491,909.3917846679688,1202009,0.0,0.0,TECHM
2022-10-24,917.9952296322867,918.1262683539211,912.754533744757,915.5059204101562,231316,0.0,0.0,TECHM
2022-10-25,920.0916160419893,948.5660450571954,917.9953161649285,945.5089721679688,3097049,0.0,0.0,TECHM
2022-10-27,954.9422562454537,959.047425710254,932.10153347991,939.7005004882812,2342818,0.0,0.0,TECHM
2022-10-28,944.1987451294648,944.1987451294648,912.7982837197053,916.2046508789062,1542568,0.0,0.0,TECHM
2022-10-31,919.9604572235628,941.840404409316,919.7420949028357,928.8259887695312,2629847,0.0,0.0,TECHM
2022-11-01,933.7173779949487,943.3253210800231,914.6325305549532,935.376953125,4709472,0.0,0.0,TECHM
2022-11-02,935.4643220742838,959.6588281849175,931.4027609761233,945.072265625,4104485,0.0,0.0,TECHM
2022-11-03,934.5907609635167,935.5952489936711,917.2528134981255,919.611083984375,3460133,0.0,0.0,TECHM
2022-11-04,919.7421731168195,924.8082220373924,907.2955197769195,920.3099365234375,2531080,0.0,0.0,TECHM
2022-11-07,924.9391503713258,932.7565860596027,912.2741347437767,920.1788940429688,2588984,0.0,0.0,TECHM
2022-11-09,930.3981868635866,932.1309767726459,910.8927477307722,914.1361694335938,2697639,18.0,0.0,TECHM
2022-11-10,901.9619321372252,918.8459486008776,893.2977657940351,907.382568359375,3285774,0.0,0.0,TECHM
2022-11-11,932.1754138480111,947.282165073384,929.6871996676945,940.7951049804688,5299457,0.0,0.0,TECHM
2022-11-14,943.7276318908827,954.791062151326,937.9070461382122,946.7045288085938,2229790,0.0,0.0,TECHM
2022-11-15,946.3936747450418,951.2811538164951,933.0641863683511,948.12646484375,1577944,0.0,0.0,TECHM
2022-11-16,947.2822207105904,955.2799130055203,941.0617933700893,948.0375366210938,2335937,0.0,0.0,TECHM
2022-11-17,941.9505221733093,943.594470729141,930.6649319488535,940.6620483398438,2089630,0.0,0.0,TECHM
2022-11-18,941.9503116224956,946.3934734697715,929.509458450123,942.7056274414062,1617331,0.0,0.0,TECHM
2022-11-21,937.5960646668688,940.0842788862532,922.2227885579936,926.4881591796875,1475958,0.0,0.0,TECHM
2022-11-22,926.4881283119893,935.6410855187344,920.6676511160101,933.6416625976562,1696991,0.0,0.0,TECHM
2022-11-23,938.3513725516437,940.7507452018199,925.3773607482615,927.7767333984375,1704144,0.0,0.0,TECHM
2022-11-24,932.4421325825219,951.725414585832,929.5096019204298,950.2147827148438,2208145,0.0,0.0,TECHM
2022-11-25,950.8367430106653,962.3001235701281,941.950418309631,959.8563842773438,1943246,0.0,0.0,TECHM
2022-11-28,955.27991521711,969.4980348854576,952.0808599868606,957.23486328125,1749691,0.0,0.0,TECHM
2022-11-29,956.2573200406147,964.5660114253398,953.3248981566369,954.8800048828125,1233868,0.0,0.0,TECHM
2022-11-30,955.0577668426429,961.5003523831026,944.7940182120659,957.0571899414062,3909954,0.0,0.0,TECHM
2022-12-01,969.8535684610815,984.5603718006281,966.9655127280878,978.8287353515625,4264917,0.0,0.0,TECHM
2022-12-02,978.8287076468852,991.9805121566849,977.5402339004327,990.6030883789062,3418928,0.0,0.0,TECHM
2022-12-05,995.2684914185041,995.2684914185041,974.1634676049422,977.273681640625,2760688,0.0,0.0,TECHM
2022-12-06,967.7207128802785,974.0744564276503,959.7674960498923,967.5430297851562,1838107,0.0,0.0,TECHM
2022-12-07,965.0548802871939,966.21014590984,954.5689735567987,957.9902954101562,1478573,0.0,0.0,TECHM
2022-12-08,958.0347133225761,961.8558766094844,951.1034446419542,954.524658203125,1110431,0.0,0.0,TECHM
2022-12-09,954.3468414970758,955.9019483908352,915.4691691530926,920.0012817382812,3138360,0.0,0.0,TECHM
2022-12-12,918.8459550917019,928.087754284851,908.0046283329976,917.1575317382812,1689393,0.0,0.0,TECHM
2022-12-13,924.044461231603,930.7980463742326,915.4247695789321,929.2874145507812,1983827,0.0,0.0,TECHM
2022-12-14,933.9526655189696,949.1038915420485,933.9526655189696,946.4823608398438,1983937,0.0,0.0,TECHM
2022-12-15,941.9505003838457,941.9505003838457,906.6273566194515,908.8489379882812,5184673,0.0,0.0,TECHM
2022-12-16,901.9619095896408,918.4016094195998,898.4073798966767,907.115966796875,2994364,0.0,0.0,TECHM
2022-12-19,906.3606719605286,913.6029938352792,897.2966101856131,912.35888671875,1529622,0.0,0.0,TECHM
2022-12-20,910.848283134049,910.848283134049,892.1870012356928,904.5834350585938,2149130,0.0,0.0,TECHM
2022-12-21,910.4039483774839,915.7802181100378,906.6272604510765,911.7813720703125,2037666,0.0,0.0,TECHM
2022-12-22,915.2914564718416,919.7346188818991,899.8292295897126,902.71728515625,1925482,0.0,0.0,TECHM
2022-12-23,893.120044973783,902.4062650480853,882.412034655587,884.8557739257812,1504806,0.0,0.0,TECHM
2022-12-26,888.9434853532425,894.4085968352937,882.4120582786354,889.5211181640625,966423,0.0,0.0,TECHM
2022-12-27,897.2522130495939,899.8292146619827,882.589777339647,897.118896484375,1615647,0.0,0.0,TECHM
2022-12-28,893.342157067133,905.8719066769654,890.5874182723214,903.0726928710938,1077963,0.0,0.0,TECHM
2022-12-29,897.518792014756,902.5840079261659,894.8528946127319,900.3624267578125,1977329,0.0,0.0,TECHM
2022-12-30,908.8488491174222,913.2031698696765,901.9619475474784,903.2060546875,1317151,0.0,0.0,TECHM
2023-01-02,904.5389972041597,908.0490520094633,893.2533541835287,897.074462890625,1348611,0.0,0.0,TECHM
2023-01-03,900.1847014586139,910.6706081037696,895.7859598388676,909.7819213867188,1439615,0.0,0.0,TECHM
2023-01-04,909.7818442730517,914.7137432671755,899.3848342997691,906.671630859375,1702044,0.0,0.0,TECHM
2023-01-05,907.2937381605435,910.8037929737483,892.6313026270969,898.9850463867188,1376035,0.0,0.0,TECHM
2023-01-06,897.0743731448538,898.9849544261725,875.3028801859148,876.3248291015625,2346808,0.0,0.0,TECHM
2023-01-09,886.8108117075698,907.2937799269154,884.5448096865608,902.1841430664062,2190779,0.0,0.0,TECHM
2023-01-10,900.1847517363958,901.117805044135,887.7883171112171,890.9874267578125,1411099,0.0,0.0,TECHM
2023-01-11,896.1414292928639,903.6948053222011,891.5205295802933,894.2752685546875,1294200,0.0,0.0,TECHM
2023-01-12,897.5188433211583,900.6290571346475,886.2331994932184,890.0098876953125,1948321,0.0,0.0,TECHM
2023-01-13,892.5869741607615,896.6302414087461,876.4582717108551,891.4317626953125,2837817,0.0,0.0,TECHM
2023-01-16,895.919241150221,920.4010541420124,891.5204997035713,919.2457885742188,4286551,0.0,0.0,TECHM
2023-01-17,918.8458913868928,933.0640096288563,916.091152672639,929.553955078125,2466876,0.0,0.0,TECHM
2023-01-18,929.5539888341917,934.3969921459772,927.2879327668352,931.5977783203125,1138627,0.0,0.0,TECHM
2023-01-19,927.6435364739472,936.6187034935077,924.2666894088519,935.9967041015625,1768051,0.0,0.0,TECHM
2023-01-20,935.285713498352,939.728876032786,925.8217556048781,929.9539184570312,1160517,0.0,0.0,TECHM
2023-01-23,936.1743107089795,950.4812718353169,930.6203577503359,946.6602172851562,1344952,0.0,0.0,TECHM
2023-01-24,950.8366542745418,957.3237140911542,946.6601254450845,951.3698120117188,1578750,0.0,0.0,TECHM
2023-01-25,946.3935978091332,948.7928621316306,932.1754780298411,934.0860595703125,1049973,0.0,0.0,TECHM
2023-01-27,933.9526885984003,939.8621159825665,907.7380317823653,915.3802490234375,1651820,0.0,0.0,TECHM
2023-01-30,915.3802415695776,931.2423087000737,904.9832855615249,920.7120361328125,2654212,0.0,0.0,TECHM
2023-01-31,910.8482383389778,914.2694514902942,885.1223187110107,901.9619140625,5797831,0.0,0.0,TECHM
2023-02-01,904.6723325804913,919.2903484861492,891.5650028171557,909.737548828125,1939670,0.0,0.0,TECHM
2023-02-02,912.8921184858581,927.9543944500964,898.4962083537046,903.4281616210938,3860090,0.0,0.0,TECHM
2023-02-03,910.3593720778664,912.5365864315312,891.2982514661745,898.6738891601562,2980262,0.0,0.0,TECHM
2023-02-06,893.9642294574668,903.2060284750177,885.9665375438314,893.3865966796875,2003960,0.0,0.0,TECHM
2023-02-07,893.0756944914198,896.1414875738061,885.9666342367617,890.8096923828125,1697633,0.0,0.0,TECHM
2023-02-08,895.2972088572303,907.427063704618,892.4979948961958,898.4518432617188,2611176,0.0,0.0,TECHM
2023-02-09,898.4518443808898,904.36127197807,890.942889191621,902.8505859375,1782899,0.0,0.0,TECHM
2023-02-10,898.896174396584,907.8269199740146,892.275851572282,904.0502319335938,1116554,0.0,0.0,TECHM
2023-02-13,901.961847395671,904.4500071616133,889.0766781471614,890.8539428710938,1682312,0.0,0.0,TECHM
2023-02-14,894.0086594375688,911.470254419456,893.7420805519332,899.3404541015625,2440189,0.0,0.0,TECHM
2023-02-15,901.8730202587437,955.2798043707643,896.0080140334057,952.0807495117188,6712218,0.0,0.0,TECHM
2023-02-16,955.2798299234648,1013.9740433290162,954.4356725337864,1004.3767700195312,14422445,0.0,0.0,TECHM
2023-02-17,984.6936024658004,1012.152367042052,984.6936024658004,1003.4437255859375,5333732,0.0,0.0,TECHM
2023-02-20,1003.7104001467575,1028.0144771183072,995.2683914691177,1016.7732543945312,4590531,0.0,0.0,TECHM
2023-02-21,1018.372818320587,1023.6601381668106,1005.0878061838877,1008.1090698242188,3494288,0.0,0.0,TECHM
2023-02-22,997.0455994501685,1007.9313468594952,993.4910696838577,1000.33349609375,2674708,0.0,0.0,TECHM
2023-02-23,1001.4887970646027,1021.4830277069751,998.8673746595271,1003.08837890625,2576193,0.0,0.0,TECHM
2023-02-24,1010.3752076504378,1013.9297378444587,991.7139241318281,994.3798217773438,1913493,0.0,0.0,TECHM
2023-02-27,985.4933417734392,993.7131915582943,974.6964363068537,989.8920288085938,2247105,0.0,0.0,TECHM
2023-02-28,993.4911841990811,1009.042253719192,974.6077426389465,977.7179565429688,3894204,0.0,0.0,TECHM
2023-03-01,977.7177669089693,1003.2659475939345,974.8297117011037,1001.3998413085938,2084324,0.0,0.0,TECHM
2023-03-02,995.2682917922513,998.822821405795,981.9388057414621,986.2042846679688,1838692,0.0,0.0,TECHM
2023-03-03,993.4911159160043,994.9129061935638,961.9001877575765,964.299560546875,2388401,0.0,0.0,TECHM
2023-03-06,970.3865984149506,973.9411280794742,964.1661715020342,968.65380859375,2076844,0.0,0.0,TECHM
2023-03-08,959.7230952311411,967.1876298891793,950.4812955819342,958.2124633789062,2230530,0.0,0.0,TECHM
2023-03-09,961.500291932304,962.6999240210105,939.5954807767961,941.9503784179688,2550755,0.0,0.0,TECHM
2023-03-10,928.6208803785703,944.5717889527128,925.1108257042364,943.0611572265625,1400844,0.0,0.0,TECHM
2023-03-13,999.7116064766815,1034.990274888309,999.7116064766815,1007.5316162109375,13080169,0.0,0.0,TECHM
2023-03-14,1002.377323664609,1011.4858055507458,976.0738269373309,991.0917358398438,4325522,0.0,0.0,TECHM
2023-03-15,999.6226326129934,1006.1095842043826,986.8707790599465,990.2919921875,2583351,0.0,0.0,TECHM
2023-03-16,982.8273688247874,997.5786439854409,978.4286821285261,993.268798828125,2396839,0.0,0.0,TECHM
2023-03-17,998.2452236709061,1006.3762321422828,990.1142151995294,1001.6220703125,2507004,0.0,0.0,TECHM
2023-03-20,1010.197434233641,1010.197434233641,973.9411861051624,985.493408203125,4007438,0.0,0.0,TECHM
2023-03-21,981.8945279849097,986.2488493313723,965.45482521968,973.6303100585938,3354949,0.0,0.0,TECHM
2023-03-22,974.829836023243,983.0941615238166,971.7640973403196,977.1402587890625,1750203,0.0,0.0,TECHM
2023-03-23,966.0322476369945,988.1592158010476,966.0322476369945,977.0068359375,1720354,0.0,0.0,TECHM
2023-03-24,981.9388880728343,993.4911102854559,974.5188285775486,979.228515625,1943460,0.0,0.0,TECHM
2023-03-27,968.6981801361264,989.625517034432,968.6981801361264,980.1615600585938,1455300,0.0,0.0,TECHM
2023-03-28,976.6069145079014,981.5832337784218,947.4597311760145,951.1032104492188,2431154,0.0,0.0,TECHM
2023-03-29,955.9019851211914,966.2990509815052,946.4825018407512,960.7006225585938,1642278,0.0,0.0,TECHM
2023-03-31,973.0525378184218,982.8274948193374,969.8978492142334,979.1396484375,2281085,0.0,0.0,TECHM
2023-04-03,981.5834015828135,981.9388762648254,964.2550684722578,980.3392944335938,1508662,0.0,0.0,TECHM
2023-04-05,979.2730692425733,990.8252923824585,976.2516968800882,980.6060180664062,1947605,0.0,0.0,TECHM
2023-04-06,981.0501538907001,981.894311266929,962.3888737895184,971.0530395507812,1355815,0.0,0.0,TECHM
2023-04-10,974.2522987956373,987.9372621020767,969.3648196487414,983.9384155273438,940829,0.0,0.0,TECHM
2023-04-11,984.6047793986883,992.6024716501216,970.7421345246657,975.9406127929688,1384483,0.0,0.0,TECHM
2023-04-12,980.1616877289919,989.4923293619514,969.3204141742899,986.2932739257812,1376719,0.0,0.0,TECHM
2023-04-13,977.7177539106922,977.7177539106922,956.1684191846442,965.81005859375,2725180,0.0,0.0,TECHM
2023-04-17,919.7345855037423,922.4004828530285,890.4097146615941,915.2469482421875,4349422,0.0,0.0,TECHM
2023-04-18,919.5568365939417,922.1782587428758,898.4073424129582,911.02587890625,2735592,0.0,0.0,TECHM
2023-04-19,911.0259790524268,914.4028258813136,897.5188086881698,900.9844970703125,1953837,0.0,0.0,TECHM
2023-04-20,902.0507296949638,909.781842440955,897.5631469118309,908.0045776367188,1250758,0.0,0.0,TECHM
2023-04-21,901.3398293701891,906.0495702264157,883.1672860051723,887.5216064453125,4269272,0.0,0.0,TECHM
2023-04-24,890.4097291776445,895.2527869553666,880.6347720709039,894.0531005859375,1625433,0.0,0.0,TECHM
2023-04-25,893.9643063712622,894.0531479272629,883.656190935272,885.9666137695312,1984203,0.0,0.0,TECHM
2023-04-26,885.9665359727296,890.8540143557286,882.1454273572216,885.344482421875,1589700,0.0,0.0,TECHM
2023-04-27,887.7439159240212,896.3192417119112,882.4121206331862,891.4317626953125,3543950,0.0,0.0,TECHM
2023-04-28,872.5927077828275,912.3589585379793,871.7929168252691,909.693115234375,5146250,0.0,0.0,TECHM
2023-05-02,906.760584054063,947.1045194409746,906.760584054063,936.1298217773438,4762884,0.0,0.0,TECHM
2023-05-03,924.088898748034,933.7305390550447,922.6226335226269,923.822265625,2217136,0.0,0.0,TECHM
2023-05-04,917.9573816433424,930.4427117829617,914.2695350364801,929.0208129882812,1744298,0.0,0.0,TECHM
2023-05-05,929.5095486095775,933.6860777608744,916.6688530156961,920.9786987304688,1222282,0.0,0.0,TECHM
2023-05-08,925.0219843639912,930.3982545354735,920.001297373618,927.1547241210938,1487285,0.0,0.0,TECHM
2023-05-09,931.6422275677827,934.3524912957478,924.0443771761829,931.1090698242188,1747630,0.0,0.0,TECHM
2023-05-10,931.2867705375726,933.9526677814779,922.5337629485443,929.642822265625,1186977,0.0,0.0,TECHM
2023-05-11,937.5072151320646,940.8840617616584,926.7991509433814,927.7767333984375,1451786,0.0,0.0,TECHM
2023-05-12,927.7767061586271,936.174238998593,918.8903821054844,929.8204956054688,1140016,0.0,0.0,TECHM
2023-05-15,929.5094995696088,950.7478358342519,925.9549699345433,945.9047241210938,2122222,0.0,0.0,TECHM
2023-05-16,950.7479168770002,952.4363402927064,935.7300061935791,939.4622192382812,1343911,0.0,0.0,TECHM
2023-05-17,940.1732277455745,947.6377627800838,923.2892094779319,936.7520141601562,2803566,0.0,0.0,TECHM
2023-05-18,941.061771166169,941.9059286093476,928.6653917917722,931.9088134765625,909923,0.0,0.0,TECHM
2023-05-19,938.8846697610644,958.6122669987304,932.1754512923924,952.747314453125,2624323,0.0,0.0,TECHM
2023-05-22,952.6141119012731,986.7819907149326,950.9256883287051,981.4501953125,2996190,0.0,0.0,TECHM
2023-05-23,981.050249312242,994.557419499472,965.410339496596,969.0537109375,1414119,0.0,0.0,TECHM
2023-05-24,964.3882895407824,980.472513909409,964.1661314459791,976.3848266601562,1782245,0.0,0.0,TECHM
2023-05-25,974.829837971416,977.4957354316844,961.1005094412928,975.8073120117188,1200289,0.0,0.0,TECHM
2023-05-26,976.6071263766926,995.6238837446713,976.6071263766926,990.6030883789062,2104054,0.0,0.0,TECHM
2023-05-29,1002.4219958922507,1002.4219958922507,986.4709764631586,989.9811401367188,1432241,0.0,0.0,TECHM
2023-05-30,990.8251287244975,995.9792400489238,973.0524806756276,976.0738525390625,2822485,0.0,0.0,TECHM
2023-05-31,976.0737765626727,1001.8884807588902,973.9410372676912,991.3138427734375,7599886,0.0,0.0,TECHM
2023-06-01,997.0456857491195,1010.1085403807065,993.1356809726204,995.9793701171875,1412280,0.0,0.0,TECHM
2023-06-02,1002.3773919385334,1012.3300318724899,993.1355928709226,998.0230712890625,1907589,0.0,0.0,TECHM
2023-06-05,998.9117109033735,1008.1979850499217,984.1604339941647,985.8043823242188,1754521,0.0,0.0,TECHM
2023-06-06,977.4957352650317,979.2730002382409,952.2141844113897,965.2770385742188,3284841,0.0,0.0,TECHM
2023-06-07,973.0525002077769,976.6070298889013,963.4552266784864,973.6744995117188,2086377,0.0,0.0,TECHM
2023-06-08,978.384282522171,978.8285987267678,949.9480454279753,951.991943359375,4054486,0.0,0.0,TECHM
2023-06-09,958.8344107473773,958.8344107473773,942.0392357963406,944.6607666015625,2782697,0.0,0.0,TECHM
2023-06-12,947.2822052094236,958.8344272241727,943.860991923261,955.0577392578125,1767945,0.0,0.0,TECHM
2023-06-13,959.3231969326303,966.7432561342453,955.6353506001989,959.1898803710938,1846534,0.0,0.0,TECHM
2023-06-14,959.7231328345019,964.1218204697332,951.7699150776615,957.5903930664062,1321534,0.0,0.0,TECHM
2023-06-15,958.7899131605017,962.8332340912415,950.2590635614198,961.0559692382812,1389325,0.0,0.0,TECHM
2023-06-16,962.8332912909196,965.8990299541493,952.1252265254375,957.23486328125,4392418,0.0,0.0,TECHM
2023-06-19,958.8343987696526,973.7634670897787,954.4357116002143,971.8084106445312,2188899,0.0,0.0,TECHM
2023-06-20,971.8084639748511,987.2262158956457,967.0098268603567,984.0271606445312,3318866,0.0,0.0,TECHM
2023-06-21,984.0270633838134,995.9347592018985,981.1390080927973,995.179443359375,1985965,0.0,0.0,TECHM
2023-06-22,992.5136128583748,1000.8223046356937,986.7375018882243,994.4241943359375,2360795,0.0,0.0,TECHM
2023-06-23,989.9365215771725,993.4910512776291,972.2083480864002,991.2694702148438,3492348,0.0,0.0,TECHM
2023-06-26,988.3370202693146,1000.6001921243296,984.8714403097921,988.0704956054688,1432154,0.0,0.0,TECHM
2023-06-27,985.4933851776958,996.1569745574365,983.4494871563226,995.001708984375,1227245,0.0,0.0,TECHM
2023-06-28,995.2684131354754,1001.4443657017263,981.672292315776,984.6936645507812,1876800,0.0,0.0,TECHM
2023-06-30,990.5143514882444,1006.3764217383931,986.9153460599757,1004.91015625,2478834,0.0,0.0,TECHM
2023-07-03,1009.486531174002,1010.2863221279844,990.9140900232944,996.556884765625,1899656,0.0,0.0,TECHM
2023-07-04,998.4231244725944,1027.2592067386215,995.3572771525601,1020.150146484375,2773593,0.0,0.0,TECHM
2023-07-05,1022.6383253467083,1052.9850384695733,1018.8171622028757,1044.1431884765625,3732838,0.0,0.0,TECHM
2023-07-06,1044.1431119529427,1052.1408038742845,1032.5908902887825,1047.9197998046875,2520085,0.0,0.0,TECHM
2023-07-07,1039.7000100950881,1052.407498053175,1023.0381509589489,1027.2591552734375,2261102,0.0,0.0,TECHM
2023-07-10,1030.7692678129984,1030.7692678129984,1009.1310872340657,1019.3948364257812,2088505,0.0,0.0,TECHM
2023-07-11,1026.0594155864924,1036.3230546534053,1017.5729328322216,1032.10205078125,1212566,0.0,0.0,TECHM
2023-07-12,1036.145347477654,1038.811244598094,1024.9929678002277,1030.2803955078125,1274203,0.0,0.0,TECHM
2023-07-13,1030.280552869514,1059.1611094187356,1025.0375993700643,1044.3653564453125,3215610,0.0,0.0,TECHM
2023-07-14,1052.0964209373217,1094.7952566000083,1051.2522634397808,1091.818359375,6033106,0.0,0.0,TECHM
2023-07-17,1098.2609977604482,1129.2298206448759,1084.7093512801537,1104.037109375,4880073,0.0,0.0,TECHM
2023-07-18,1104.5700824761032,1118.2550432461555,1088.574699141775,1108.6134033203125,2666872,0.0,0.0,TECHM
2023-07-19,1115.2336454509953,1121.1874390523928,1093.995309711025,1106.0806884765625,2293881,0.0,0.0,TECHM
2023-07-20,1106.347523997566,1115.6781657662202,1097.9943563381164,1113.412109375,2000345,0.0,0.0,TECHM
2023-07-21,1093.8513495914665,1110.6762799701676,1076.9807785473297,1089.8388671875,5032086,32.0,0.0,TECHM
2023-07-24,1091.1154768264976,1097.9092562040441,1053.498666614134,1059.517333984375,2669308,0.0,0.0,TECHM
2023-07-25,1061.4780925745783,1062.1163939790606,1044.1515601356464,1054.638671875,2557865,0.0,0.0,TECHM
2023-07-26,1056.0065105593173,1064.2138150455296,1039.0902995630365,1042.510009765625,3170213,0.0,0.0,TECHM
2023-07-27,1013.146185105824,1025.9131037300199,986.9740464537011,1003.0238647460938,17594818,0.0,0.0,TECHM
2023-07-28,1003.1151563647853,1003.1151563647853,989.4819539944023,994.9534912109375,4244321,0.0,0.0,TECHM
2023-07-31,998.5554606302177,1020.4416077125238,991.3968889524535,1017.2498779296875,4766331,0.0,0.0,TECHM
2023-08-01,1021.35350623087,1052.8148419138745,1021.2623362172676,1042.78369140625,3805214,0.0,0.0,TECHM
2023-08-02,1042.3276452784794,1051.0820809278418,1026.4601680472479,1044.7442626953125,2357217,0.0,0.0,TECHM
2023-08-03,1039.5918356883246,1045.929653667898,1022.5389264198584,1042.145263671875,2348236,0.0,0.0,TECHM
2023-08-04,1052.3131706594756,1077.755836628501,1042.1453214594478,1071.6915283203125,3580506,0.0,0.0,TECHM
2023-08-07,1076.0687987091371,1087.7869832787994,1068.8645870303126,1079.3973388671875,1694290,0.0,0.0,TECHM
2023-08-08,1081.5402459857512,1102.4232966078969,1071.6002669924662,1099.2315673828125,5137402,0.0,0.0,TECHM
2023-08-09,1100.645167259542,1127.59253024123,1094.4896884248244,1119.8411865234375,3396984,0.0,0.0,TECHM
2023-08-10,1112.5457990844036,1130.0546720507111,1108.5333165616707,1126.9542236328125,3715680,0.0,0.0,TECHM
2023-08-11,1126.9541576905472,1140.2225666612044,1108.2597416686642,1112.9560546875,2933959,0.0,0.0,TECHM
2023-08-14,1105.341396576094,1113.6398702379768,1097.0429229142114,1112.317626953125,1842625,0.0,0.0,TECHM
2023-08-16,1113.4578184105517,1129.8724299841717,1112.5458955453507,1119.7044677734375,2341456,0.0,0.0,TECHM
2023-08-17,1117.105264201086,1125.2213981802429,1107.575716882926,1123.2607421875,2636308,0.0,0.0,TECHM
2023-08-18,1117.971668758727,1117.971668758727,1099.0037420458436,1104.1561279296875,1794430,0.0,0.0,TECHM
2023-08-21,1098.866720568495,1116.1932497724795,1098.2739486214657,1111.496826171875,1175945,0.0,0.0,TECHM
2023-08-22,1111.49699014775,1115.2814917169876,1102.7425542590083,1106.3446044921875,1003208,0.0,0.0,TECHM
2023-08-23,1106.344651461541,1111.4970373358458,1093.577732780494,1095.21923828125,1569035,0.0,0.0,TECHM
2023-08-24,1099.9610788818375,1109.3539269005369,1091.2978135258531,1093.4864501953125,1218843,0.0,0.0,TECHM
2023-08-25,1085.18801701575,1091.7538159525711,1074.6552652642977,1084.7320556640625,1213340,0.0,0.0,TECHM
2023-08-28,1084.7776639982224,1090.9331420625556,1078.1662245957905,1080.400390625,950013,0.0,0.0,TECHM
2023-08-29,1087.3766535632997,1101.5114554629502,1083.5921520812683,1092.4833984375,1419344,0.0,0.0,TECHM
2023-08-30,1101.5569529556665,1114.0047197582048,1089.337278141023,1091.7537841796875,2016339,0.0,0.0,TECHM
2023-08-31,1093.395443540942,1107.5302470229142,1092.4835207356537,1096.0855712890625,2817747,0.0,0.0,TECHM
2023-09-01,1098.866975719932,1121.5738757392128,1098.0006935860567,1119.8868408203125,1686038,0.0,0.0,TECHM
2023-09-04,1126.22451943101,1154.4941227527602,1117.6068945587904,1146.058837890625,3466873,0.0,0.0,TECHM
2023-09-05,1147.882765410361,1155.0413367581184,1138.6723678682254,1144.052734375,2199985,0.0,0.0,TECHM
2023-09-06,1144.05277952518,1148.6579228186426,1126.9997565787994,1138.9459228515625,1753376,0.0,0.0,TECHM
2023-09-07,1138.9458104244293,1162.5646305930106,1129.5530734156468,1157.4578857421875,2554884,0.0,0.0,TECHM
2023-09-08,1159.9657137974689,1165.437250183306,1148.1563589588475,1151.7127685546875,1731105,0.0,0.0,TECHM
2023-09-11,1153.5821376836934,1162.7013640685448,1152.2142537259658,1157.093017578125,1293853,0.0,0.0,TECHM
2023-09-12,1159.7834594531505,1170.726533033201,1141.3170227868156,1154.4942626953125,2335224,0.0,0.0,TECHM
2023-09-13,1149.296281161026,1157.0019838362407,1143.4599533236499,1149.387451171875,1204376,0.0,0.0,TECHM
2023-09-14,1150.846589704394,1175.787656369667,1150.846589704394,1167.1243896484375,3288631,0.0,0.0,TECHM
2023-09-15,1165.6196857262937,1188.873717271804,1161.789654469808,1185.5452880859375,4316210,0.0,0.0,TECHM
2023-09-18,1186.4114882375065,1187.323410980195,1169.9968788691167,1176.197998046875,1967717,0.0,0.0,TECHM
2023-09-20,1169.0849961324684,1175.6052662295522,1157.2756407380166,1162.1087646484375,2843560,0.0,0.0,TECHM
2023-09-21,1163.5678767814215,1181.8519738362304,1154.403119238497,1177.8851318359375,2960250,0.0,0.0,TECHM
2023-09-22,1176.4260657646391,1203.7381094012237,1170.908888235736,1190.37841796875,3252940,0.0,0.0,TECHM
2023-09-25,1190.3781684502212,1198.6311126796588,1181.8973548847123,1184.997802734375,2100302,0.0,0.0,TECHM
2023-09-26,1185.499631494844,1188.2810405423695,1166.4860635149935,1169.358642578125,1141475,0.0,0.0,TECHM
2023-09-27,1158.0961492167173,1179.9367639351487,1152.6702538624813,1175.149169921875,1568115,0.0,0.0,TECHM
2023-09-28,1161.8350595899255,1161.8350595899255,1114.3694426484979,1121.2088623046875,6570797,0.0,0.0,TECHM
2023-09-29,1116.1935059954012,1123.1697376716127,1103.4265868091793,1115.0992431640625,2861162,0.0,0.0,TECHM
2023-10-03,1113.0929268455243,1122.3033246915693,1105.75201523241,1109.0804443359375,1622290,0.0,0.0,TECHM
2023-10-04,1103.426434655407,1108.4420093583863,1081.5859311580905,1098.8668212890625,2340603,0.0,0.0,TECHM
2023-10-05,1107.0741130638828,1116.1476990347498,1093.8512344482106,1099.4139404296875,2497613,0.0,0.0,TECHM
2023-10-06,1100.6906930542104,1115.2814561767186,1098.866847663897,1109.71875,1446719,0.0,0.0,TECHM
2023-10-09,1097.2710435765791,1119.6131508424226,1096.2679508202189,1105.8431396484375,1451064,0.0,0.0,TECHM
2023-10-10,1108.168484110401,1122.9872288358501,1106.1622985827416,1119.6131591796875,1503359,0.0,0.0,TECHM
2023-10-11,1121.756261250215,1129.7812267556037,1114.3697085229285,1123.1241455078125,1622663,0.0,0.0,TECHM
2023-10-12,1123.4887887773723,1123.4887887773723,1084.5497332392692,1093.1673583984375,2452842,0.0,0.0,TECHM
2023-10-13,1082.452372284917,1096.9974965341373,1076.0689126337,1088.927001953125,3266079,0.0,0.0,TECHM
2023-10-16,1090.0213121317622,1092.7114397279622,1076.7984322018183,1080.263671875,2638043,0.0,0.0,TECHM
2023-10-17,1085.1880617759784,1097.0430574088252,1083.774536999969,1092.11865234375,1163897,0.0,0.0,TECHM
2023-10-18,1094.3072825827533,1096.1311280537245,1074.2906230663211,1082.54345703125,2337078,0.0,0.0,TECHM
2023-10-19,1067.4512241777124,1081.03878415679,1064.9434366043167,1068.9102783203125,3107691,0.0,0.0,TECHM
2023-10-20,1066.9494672470541,1072.4210029765263,1047.2519608846906,1067.5877685546875,2962470,0.0,0.0,TECHM
2023-10-23,1061.5692778249024,1067.8159265564443,1050.124713814547,1054.1370849609375,1203959,0.0,0.0,TECHM
2023-10-25,1059.6542569956498,1063.2107780565348,1036.4002263989296,1041.5526123046875,1555285,0.0,0.0,TECHM
2023-10-26,1003.1605814464543,1021.3533942541318,1001.4279061031789,1017.2041015625,7099401,0.0,0.0,TECHM
2023-10-27,1021.3078598231284,1026.779396432891,1015.9276045451529,1021.8551025390625,1382498,0.0,0.0,TECHM
2023-10-30,1021.8549434693091,1038.5887013988556,1017.2496896788356,1027.6456298828125,2255915,0.0,0.0,TECHM
2023-10-31,1027.6456980510702,1036.992905591065,1017.2953978193012,1033.34521484375,1194765,0.0,0.0,TECHM
2023-11-01,1031.3388756249135,1037.7679748294938,1021.3077264833279,1026.004150390625,1288497,0.0,0.0,TECHM
2023-11-02,1036.9732154425565,1041.5819852889679,1026.6496159941132,1028.216552734375,2493118,12.0,0.0,TECHM
2023-11-03,1036.0515140823638,1047.112562275414,1028.6774819536638,1044.439453125,1108121,0.0,0.0,TECHM
2023-11-06,1048.4950718180412,1055.2239203633776,1045.5915245000183,1052.78125,572330,0.0,0.0,TECHM
2023-11-07,1052.6429376427873,1060.2935399028713,1047.6194239724086,1059.09521484375,902481,0.0,0.0,TECHM
2023-11-08,1061.6299445762322,1062.6438512576597,1048.0802086544863,1050.015869140625,806162,0.0,0.0,TECHM
2023-11-09,1050.7994440991906,1051.7211979975234,1029.7834102096924,1036.0052490234375,6042108,0.0,0.0,TECHM
2023-11-10,1034.2078900868482,1050.5690220378658,1033.7470131304815,1049.09423828125,706806,0.0,0.0,TECHM
2023-11-13,1051.3523947927563,1052.7811582351346,1039.7383190517844,1042.826171875,435537,0.0,0.0,TECHM
2023-11-15,1055.408146444855,1086.6094914145997,1054.0255156853202,1081.9085693359375,2816201,0.0,0.0,TECHM
2023-11-16,1083.0607817556245,1119.8848033278032,1076.0554749475996,1112.7412109375,2294942,0.0,0.0,TECHM
2023-11-17,1117.3500558965,1118.963125255172,1104.2611952507925,1108.6395263671875,1176628,0.0,0.0,TECHM
2023-11-20,1110.6213207604633,1126.8441672494168,1108.6395273286184,1116.9814453125,1077366,0.0,0.0,TECHM
2023-11-21,1124.4936161076641,1125.599788289896,1106.4733950212046,1110.2525634765625,1129326,0.0,0.0,TECHM
2023-11-22,1110.7134198096792,1122.6962201893687,1109.7916659343184,1120.2996826171875,750622,0.0,0.0,TECHM
2023-11-23,1119.9311465586686,1125.3695178399569,1112.5109816089278,1116.1519775390625,651637,0.0,0.0,TECHM
2023-11-24,1117.2118981487288,1119.8848945361628,1101.5881014920037,1104.1229248046875,884921,0.0,0.0,TECHM
2023-11-28,1101.588046158965,1114.4004476723546,1093.2001083038979,1108.31689453125,910795,0.0,0.0,TECHM
2023-11-29,1112.5569521928394,1137.9973372122986,1112.2343608330775,1126.106689453125,1898448,0.0,0.0,TECHM
2023-11-30,1126.3831697230821,1132.19026380527,1114.1237988912528,1125.415283203125,2978406,0.0,0.0,TECHM
2023-12-01,1130.807837424688,1130.807837424688,1116.7510891084492,1125.046875,1017856,0.0,0.0,TECHM
2023-12-04,1141.1313513040698,1151.4549501855731,1122.6962729308214,1128.1346435546875,1581599,0.0,0.0,TECHM
2023-12-05,1128.2267591611492,1130.3007054096072,1114.2621652511082,1125.0927734375,1499843,0.0,0.0,TECHM
2023-12-06,1127.3049502243634,1149.4270424609822,1123.2953435102322,1129.332763671875,2637916,0.0,0.0,TECHM
2023-12-07,1130.0702234857195,1134.6789927495274,1124.6318532506698,1127.535400390625,1076885,0.0,0.0,TECHM
2023-12-08,1133.7572469594004,1141.0851451334545,1122.0048852531138,1129.425048828125,2642571,0.0,0.0,TECHM
2023-12-11,1134.678993395554,1143.4356550017746,1129.4250414393339,1136.799072265625,1558876,0.0,0.0,TECHM
2023-12-12,1141.0851239202157,1147.5835335151023,1123.295342277394,1130.20849609375,1114846,0.0,0.0,TECHM
2023-12-13,1130.0702097539613,1137.3981077868605,1103.3854810482778,1120.94482421875,3025706,0.0,0.0,TECHM
2023-12-14,1138.3661399120615,1170.4432227081943,1133.8956557125218,1165.7421875,5287733,0.0,0.0,TECHM
2023-12-15,1170.6275363750565,1221.1396987001754,1163.714381632684,1203.90283203125,5900381,0.0,0.0,TECHM
2023-12-18,1202.8887756359468,1228.744016165749,1185.7901966912339,1190.675537109375,2671348,0.0,0.0,TECHM
2023-12-19,1198.28009881842,1199.1557200369639,1169.8900330081294,1181.1815185546875,1717860,0.0,0.0,TECHM
2023-12-20,1189.9842419209563,1211.1845808552566,1141.3155927512228,1150.90185546875,2860865,0.0,0.0,TECHM
2023-12-21,1135.6007022485214,1160.0733110910144,1130.0701793479604,1152.284423828125,3337533,0.0,0.0,TECHM
2023-12-22,1161.4099175868648,1180.6745966601186,1145.2792242870473,1175.37451171875,2297352,0.0,0.0,TECHM
2023-12-26,1175.236199389382,1187.9103152651496,1161.916900803816,1181.6884765625,1720830,0.0,0.0,TECHM
2023-12-27,1187.1267462754686,1190.445037464996,1168.0925077255254,1179.983154296875,1584695,0.0,0.0,TECHM
2023-12-28,1184.453724532968,1188.1407400178955,1171.1344261011805,1185.329345703125,2284964,0.0,0.0,TECHM
2023-12-29,1185.329203797519,1190.8597263628055,1168.8759216695457,1173.0699462890625,1187193,0.0,0.0,TECHM
2024-01-01,1173.3926973129662,1201.782762019804,1166.2491046938183,1195.653076171875,1776828,0.0,0.0,TECHM
2024-01-02,1196.4365529008771,1197.4504596792394,1173.2544199922995,1178.0936279296875,1615064,0.0,0.0,TECHM
2024-01-03,1166.0185939916914,1174.3143784548736,1142.9747482606303,1146.8460693359375,2231707,0.0,0.0,TECHM
2024-01-04,1152.2845993082246,1156.5246450072777,1135.3243039932183,1149.8880615234375,3355191,0.0,0.0,TECHM
2024-01-05,1156.7089190656231,1172.3326016832,1148.0905431449203,1150.6253662109375,1756868,0.0,0.0,TECHM
2024-01-08,1152.3766994025987,1156.109847765466,1125.8302541647026,1132.7894287109375,1320667,0.0,0.0,TECHM
2024-01-09,1143.4818264990408,1153.2984153545824,1136.1538156055142,1138.9652099609375,994439,0.0,0.0,TECHM
2024-01-10,1139.7487036731172,1148.9201100214839,1132.1903666586995,1143.804443359375,808638,0.0,0.0,TECHM
2024-01-11,1143.8044957445768,1163.0691757475156,1143.8044957445768,1151.639404296875,930492,0.0,0.0,TECHM
2024-01-12,1172.2867361943224,1209.1107620414302,1167.8622721604665,1205.7003173828125,5023455,0.0,0.0,TECHM
2024-01-15,1230.541338684174,1291.8379671654457,1229.4812992969082,1232.9840087890625,6012767,0.0,0.0,TECHM
2024-01-16,1226.0248300554806,1227.9604907262024,1207.9584762641011,1217.0838623046875,1883106,0.0,0.0,TECHM
2024-01-17,1203.8106179044187,1230.080604589163,1203.1193024653464,1222.93701171875,2313059,0.0,0.0,TECHM
2024-01-18,1222.8909011884957,1262.342014634385,1203.8106397316587,1249.1148681640625,4533782,0.0,0.0,TECHM
2024-01-19,1266.39768973916,1288.4736503581746,1248.976518745157,1281.145751953125,4463826,0.0,0.0,TECHM
2024-01-23,1287.229296704767,1305.4800685828532,1250.5895798812694,1259.7149658203125,2683661,0.0,0.0,TECHM
2024-01-24,1265.5219395231659,1300.133842587511,1258.7010508532246,1297.7833251953125,2008135,0.0,0.0,TECHM
2024-01-25,1242.5243284678797,1250.2209514705803,1209.387318869744,1218.6048583984375,8424862,0.0,0.0,TECHM
2024-01-29,1233.3065798718417,1233.3065798718417,1208.419227363217,1211.507080078125,2495791,0.0,0.0,TECHM
2024-01-30,1220.3559522912594,1236.0257675819269,1212.106300425155,1214.7332763671875,2293154,0.0,0.0,TECHM
2024-01-31,1214.9636802489754,1231.4630960303832,1209.6175756367559,1229.2969970703125,1798462,0.0,0.0,TECHM
2024-02-01,1225.9326953125,1231.78581011343,1207.2671787109375,1209.802001953125,2286420,0.0,0.0,TECHM
2024-02-02,1219.941220009825,1248.0547124241052,1219.5264757849955,1233.3988037109375,1838847,0.0,0.0,TECHM
2024-02-05,1240.496462886138,1247.2251989493293,1224.0891982039018,1228.467529296875,953919,0.0,0.0,TECHM
2024-02-06,1225.9327281062672,1255.7975779714109,1224.1813731337859,1245.335693359375,2713529,0.0,0.0,TECHM
2024-02-07,1245.7504613757676,1252.3870447973334,1211.2308210125689,1214.8717041015625,2004588,0.0,0.0,TECHM
2024-02-08,1222.2456519939253,1225.6100761792645,1200.1235587451665,1206.8062744140625,2308756,0.0,0.0,TECHM
2024-02-09,1213.9499672350091,1218.0517273559622,1203.764540953424,1208.465576171875,1085349,0.0,0.0,TECHM
2024-02-12,1215.240284749431,1226.8543606257538,1208.5114367121914,1215.6090087890625,1149683,0.0,0.0,TECHM
2024-02-13,1218.512505984146,1230.3571334478238,1198.2800531708142,1224.50390625,1127361,0.0,0.0,TECHM
2024-02-14,1207.4976879907797,1216.6690948882303,1182.28773968038,1191.7357177734375,3426103,0.0,0.0,TECHM
2024-02-15,1202.6121456146248,1205.6539781817676,1190.4911730814106,1198.6025390625,1703763,0.0,0.0,TECHM
2024-02-16,1202.9811425317725,1206.7603114896979,1196.4367115287114,1200.6307373046875,1994659,0.0,0.0,TECHM
2024-02-19,1200.9991488625076,1214.8715894859256,1186.7119640089174,1207.49755859375,1496111,0.0,0.0,TECHM
2024-02-20,1207.4977403288942,1220.079704936081,1200.1237083268857,1217.2222900390625,2113200,0.0,0.0,TECHM
2024-02-21,1216.7151825401227,1221.3239521709563,1191.0903783851709,1195.1461181640625,1769508,0.0,0.0,TECHM
2024-02-22,1204.7322905440774,1226.3935061736,1197.6808510375192,1224.1812744140625,2201424,0.0,0.0,TECHM
2024-02-23,1234.1362870386406,1237.5007111896841,1213.304671945498,1218.7890625,1660506,0.0,0.0,TECHM
2024-02-26,1218.7890856305964,1221.2317559520288,1193.6712920337472,1196.6669921875,1196507,0.0,0.0,TECHM
2024-02-27,1193.671395546979,1202.9350679871206,1183.2555306400934,1194.6392822265625,1488661,0.0,0.0,TECHM
2024-02-28,1200.1235300131966,1203.8566781670638,1171.5491602509776,1185.2371826171875,1289779,0.0,0.0,TECHM
2024-02-29,1179.8450789377175,1184.638154563384,1165.327453942976,1174.17626953125,2251498,0.0,0.0,TECHM
2024-03-01,1186.297234960675,1186.297234960675,1168.783911367627,1172.28662109375,1560034,0.0,0.0,TECHM
2024-03-04,1175.7891193087469,1184.914504390068,1170.7194734323211,1179.8909912109375,1843831,0.0,0.0,TECHM
2024-03-05,1175.1439944175115,1179.7527636226012,1160.5802387219164,1172.9317626953125,1420379,0.0,0.0,TECHM
2024-03-06,1168.3230557205356,1174.637047364065,1152.2845155287807,1171.5491943359375,2064350,0.0,0.0,TECHM
2024-03-07,1175.2362136076435,1191.91993656765,1166.525684326066,1187.3572998046875,2073691,0.0,0.0,TECHM
2024-03-11,1187.3572787788717,1194.8695953777587,1175.6970697348206,1188.1407470703125,1577732,0.0,0.0,TECHM
2024-03-12,1193.671430050398,1205.33164065465,1177.7250408422053,1191.1827392578125,1963068,0.0,0.0,TECHM
2024-03-13,1191.1826120147716,1197.727042212207,1167.2170105737837,1177.2640380859375,2001399,0.0,0.0,TECHM
2024-03-14,1172.470967255406,1195.9295591320501,1159.6125452871247,1192.150390625,2129097,0.0,0.0,TECHM
2024-03-15,1191.827666739466,1191.827666739466,1169.244698576189,1181.8726806640625,2499025,0.0,0.0,TECHM
2024-03-18,1181.6883214495467,1186.7118344388407,1168.8299014927634,1173.0699462890625,630807,0.0,0.0,TECHM
2024-03-19,1170.627365858642,1173.0700360155672,1151.1783825201792,1154.2662353515625,1243420,0.0,0.0,TECHM
2024-03-20,1154.0360377269956,1172.4711182018675,1149.4272676082774,1165.3736572265625,1139621,0.0,0.0,TECHM
2024-03-21,1175.2361683463566,1186.7119588650496,1171.2265615698725,1182.3797607421875,1420041,0.0,0.0,TECHM
2024-03-22,1160.0272380225547,1179.7527932189473,1139.3799289620201,1163.8525390625,2990908,0.0,0.0,TECHM
2024-03-26,1163.4837821214942,1172.1021580038234,1153.1140514430494,1156.201904296875,2144358,0.0,0.0,TECHM
2024-03-27,1159.5662671974749,1164.313321717181,1149.0122313151503,1155.6949462890625,2128854,0.0,0.0,TECHM
2024-03-28,1161.4098109088668,1165.9724473013553,1144.8182421815973,1150.44091796875,2436133,0.0,0.0,TECHM
2024-04-01,1154.1281202561688,1162.470038669946,1144.818427687749,1147.1689453125,1397037,0.0,0.0,TECHM
2024-04-02,1146.661974408268,1153.9898736905761,1138.458341315896,1140.025390625,1320357,0.0,0.0,TECHM
2024-04-03,1142.9748587581885,1164.1751988803162,1142.9748587581885,1156.939453125,1819093,0.0,0.0,TECHM
2024-04-04,1161.4098035653215,1188.140664123571,1149.3348511272468,1179.153564453125,2460669,0.0,0.0,TECHM
2024-04-05,1175.2361452758432,1176.111766415792,1161.5941434447375,1164.5438232421875,1184658,0.0,0.0,TECHM
2024-04-08,1170.627343845959,1170.627343845959,1157.814943326882,1166.1568603515625,686932,0.0,0.0,TECHM
2024-04-09,1166.1108942048616,1180.7668044452946,1145.5097160221624,1153.48291015625,1198161,0.0,0.0,TECHM
2024-04-10,1161.824812042105,1173.8076143283083,1154.0360355635933,1167.2171630859375,1994380,0.0,0.0,TECHM
2024-04-12,1165.97245273039,1170.3969160857737,1141.1312322222389,1144.910400390625,2887322,0.0,0.0,TECHM
2024-04-15,1138.3661979166666,1143.5741305566446,1116.2441017628205,1123.3876953125,2153147,0.0,0.0,TECHM
2024-04-16,1110.7134896162656,1118.2258066763495,1097.8089345501844,1102.2333984375,2085459,0.0,0.0,TECHM
2024-04-18,1105.6899716070056,1113.340461713818,1084.0287542545918,1087.3470458984375,3242357,0.0,0.0,TECHM
2024-04-19,1072.0459395221596,1110.5751857899259,1071.9536741153127,1100.2515869140625,2572144,0.0,0.0,TECHM
2024-04-22,1102.5098751493754,1121.4979839821729,1101.5881212009988,1113.52490234375,1364143,0.0,0.0,TECHM
2024-04-23,1122.6963380838627,1122.6963380838627,1104.9987068260195,1106.335205078125,1460983,0.0,0.0,TECHM
2024-04-24,1113.4326088178655,1113.4326088178655,1089.052262506468,1092.923583984375,1375843,0.0,0.0,TECHM
2024-04-25,1092.2784772090645,1100.1595188242943,1081.0331235482706,1097.163818359375,3357065,0.0,0.0,TECHM
2024-04-26,1152.192325536107,1241.6024499977088,1143.8965407922472,1178.6927490234375,20431926,0.0,0.0,TECHM
2024-04-29,1189.0625421058705,1208.4193741866638,1184.4537725628247,1187.49560546875,4120529,0.0,0.0,TECHM
2024-04-30,1187.4956512201857,1190.0764947524526,1161.4561022987325,1164.6361083984375,2613213,0.0,0.0,TECHM
2024-05-02,1164.3594626451259,1174.6370409676977,1155.4184949672133,1167.77001953125,2124221,0.0,0.0,TECHM
2024-05-03,1170.627388422488,1172.470896120791,1145.7861671953654,1152.6070556640625,2322455,0.0,0.0,TECHM
2024-05-06,1159.5664325547139,1166.6638927385106,1147.675784470705,1163.48388671875,1363667,0.0,0.0,TECHM
2024-05-07,1168.7840823593303,1193.4871347858013,1158.5526353724053,1191.3209228515625,2350444,0.0,0.0,TECHM
2024-05-08,1192.749518358161,1198.2800416272096,1180.1675554173185,1186.2972412109375,1332284,0.0,0.0,TECHM
2024-05-09,1181.6884993719502,1185.2833620844053,1162.7003915425857,1169.7978515625,2420777,0.0,0.0,TECHM
2024-05-10,1166.9406042596204,1173.577188281064,1150.579470195159,1165.4658203125,1322206,0.0,0.0,TECHM
2024-05-13,1165.4656597193725,1167.2630348261969,1152.2385136894031,1163.299560546875,593453,0.0,0.0,TECHM
2024-05-14,1165.050961567719,1183.532174882399,1155.9717068731995,1175.697265625,1386032,0.0,0.0,TECHM
2024-05-15,1175.2362675926834,1182.5641663713332,1166.0187282390152,1174.775390625,1008105,0.0,0.0,TECHM
2024-05-16,1186.2972118932391,1209.8940880875925,1181.0432599250007,1205.60791015625,4868225,0.0,0.0,TECHM
2024-05-17,1206.6680127954528,1216.7151528492532,1196.2522611952124,1203.257568359375,1925387,0.0,0.0,TECHM
2024-05-21,1204.7322740567442,1223.16735093596,1202.0591654055022,1220.3099365234375,1453689,0.0,0.0,TECHM
2024-05-22,1225.932667543657,1230.9101610284183,1208.4654764233874,1226.3013916015625,1411627,0.0,0.0,TECHM
2024-05-23,1231.4631943633178,1238.7910927653759,1221.416054480399,1232.8458251953125,1440740,0.0,0.0,TECHM
2024-05-24,1232.8458713497582,1239.759025768542,1214.8716698609207,1218.3282470703125,1288301,0.0,0.0,TECHM
2024-05-27,1219.48030029096,1237.7310708810564,1215.1019696587741,1225.656005859375,980450,0.0,0.0,TECHM
2024-05-28,1225.0110109261796,1226.2553562664768,1208.696010867186,1212.1986083984375,1608944,0.0,0.0,TECHM
2024-05-29,1211.1846486600969,1211.1846486600969,1183.624183998853,1185.790283203125,1405567,0.0,0.0,TECHM
2024-05-30,1179.891121061005,1186.9885810615854,1138.6886543468966,1143.75830078125,2610479,0.0,0.0,TECHM
2024-05-31,1148.4593076685296,1157.0316645504302,1128.2729858503412,1132.32861328125,4649449,0.0,0.0,TECHM
2024-06-03,1156.8013210667377,1163.0692935509555,1139.7950040235173,1147.9063720703125,1091287,0.0,0.0,TECHM
2024-06-04,1147.9062557840382,1155.6028787403538,1100.2516217154086,1142.3297119140625,2471911,0.0,0.0,TECHM
2024-06-05,1161.4098952203342,1184.407609645953,1139.9791173918636,1167.77001953125,2709585,0.0,0.0,TECHM
2024-06-06,1184.4537551366452,1220.0334329817397,1174.4987680626127,1214.3646240234375,3205121,0.0,0.0,TECHM
2024-06-07,1225.9326438758956,1272.9420911222644,1223.167382273168,1269.80810546875,5790599,0.0,0.0,TECHM
2024-06-10,1269.8082354731152,1270.1769595616524,1230.6798247960232,1235.472900390625,2532308,0.0,0.0,TECHM
2024-06-11,1243.3538206550215,1253.446980547617,1236.2102281458124,1243.8607177734375,1465705,0.0,0.0,TECHM
2024-06-12,1258.0098515662364,1272.9422207338735,1250.9584112575435,1263.35595703125,2786009,0.0,0.0,TECHM
2024-06-13,1272.020367229558,1287.5518977604518,1267.7341891405708,1280.27001953125,1953367,0.0,0.0,TECHM
2024-06-14,1285.8468789002286,1286.538194426519,1257.3646567133017,1264.1395263671875,1733356,0.0,0.0,TECHM
2024-06-18,1272.4351795485427,1282.5744728732677,1262.9411814921204,1264.0472412109375,950760,0.0,0.0,TECHM
2024-06-19,1269.25514307853,1278.4265495406087,1254.5070804138556,1273.0804443359375,1313197,0.0,0.0,TECHM
2024-06-20,1277.5509067210526,1289.5337074334434,1264.1393424546698,1284.0953369140625,1987190,0.0,0.0,TECHM
2024-06-21,1297.82945492529,1327.6021500706493,1277.5970023933078,1290.2711181640625,6836535,0.0,0.0,TECHM
2024-06-24,1281.237863726784,1298.7511870439128,1272.9420789976177,1292.0223388671875,1111433,0.0,0.0,TECHM
2024-06-25,1289.3494482972203,1319.9516339082472,1285.6162998558154,1316.0341796875,2201375,0.0,0.0,TECHM
2024-06-26,1320.6891380442626,1322.5326459909918,1299.6731024440323,1302.4844970703125,1565878,0.0,0.0,TECHM
2024-06-27,1294.4650508424106,1330.8283092558831,1283.0814128229185,1320.1820068359375,4286657,0.0,0.0,TECHM
2024-06-28,1328.24736556925,1339.3084123331853,1315.0202196511343,1318.4306640625,2222285,0.0,0.0,TECHM
2024-07-01,1318.4307137790038,1362.8131880966641,1312.715884409652,1356.9139404296875,3837301,0.0,0.0,TECHM
2024-07-02,1364.1959516421966,1380.7875240270341,1354.978411428398,1356.960205078125,2092643,0.0,0.0,TECHM
2024-07-03,1364.1495255975167,1368.8044274120518,1346.6823356558973,1364.0113525390625,896602,0.0,0.0,TECHM
2024-07-04,1366.0393501172935,1375.256889591769,1339.5850568330652,1344.977294921875,1322999,0.0,0.0,TECHM
2024-07-05,1352.2129367886523,1354.978198418077,1336.496988187242,1347.0050048828125,1334838,0.0,0.0,TECHM
2024-07-08,1347.005029378206,1363.2278753954208,1345.8989697138359,1352.7659912109375,807698,0.0,0.0,TECHM
2024-07-09,1351.2912294926873,1354.4252152844906,1341.1519365019508,1351.060791015625,1049695,0.0,0.0,TECHM
2024-07-10,1356.9138571500202,1357.559152373917,1328.708211073242,1348.8485107421875,802718,0.0,0.0,TECHM
2024-07-11,1360.5087532338478,1360.5087532338478,1328.4778052833897,1346.313720703125,1408434,0.0,0.0,TECHM
2024-07-12,1359.5868969785156,1393.507482873355,1346.7284760790096,1387.28564453125,4372156,0.0,0.0,TECHM
2024-07-15,1401.158225175557,1407.9792272417315,1375.2569604220382,1381.75537109375,2374623,0.0,0.0,TECHM
2024-07-16,1385.718838225619,1400.1443106714512,1372.5838438694188,1397.5633544921875,1794159,0.0,0.0,TECHM
2024-07-18,1389.083019550203,1424.7548477056598,1387.239511893202,1418.9017333984375,2752497,0.0,0.0,TECHM
2024-07-19,1443.9217324194894,1445.7524065899881,1395.5719474912685,1400.1722412109375,2504915,28.0,0.0,TECHM
2024-07-22,1389.4223873479075,1413.738124326216,1385.807912232983,1404.0682373046875,2225781,0.0,0.0,TECHM
2024-07-23,1399.7967099378425,1410.780984355565,1370.692955405265,1402.0499267578125,1640492,0.0,0.0,TECHM
2024-07-24,1402.0497874976559,1445.7992751095194,1383.2731735351947,1439.5091552734375,2561617,0.0,0.0,TECHM
2024-07-25,1431.7168571123111,1452.887535824398,1412.8463824408798,1436.4110107421875,3283912,0.0,0.0,TECHM
2024-07-26,1436.4110425730455,1450.1649359340415,1355.9063060366805,1446.8790283203125,7133745,0.0,0.0,TECHM
2024-07-29,1451.1037195380673,1459.6000687583812,1417.681368959189,1432.04541015625,1755979,0.0,0.0,TECHM
2024-07-30,1427.0228083099717,1457.018406366982,1427.0228083099717,1443.96875,1622543,0.0,0.0,TECHM
2024-07-31,1443.921634850037,1466.2188642568565,1441.105142714439,1459.3184814453125,2398955,0.0,0.0,TECHM
2024-08-01,1459.3186080067944,1473.0255146681184,1443.5462048382167,1449.9771728515625,1315921,0.0,0.0,TECHM
2024-08-02,1432.1863311040543,1439.7439645988827,1410.4055032111398,1415.47509765625,2894949,0.0,0.0,TECHM
2024-08-05,1380.0811756904766,1393.4595136180883,1339.4767465417601,1367.26611328125,2186582,0.0,0.0,TECHM
2024-08-06,1375.856406383041,1411.0625580305089,1375.856406383041,1392.6614990234375,1665788,0.0,0.0,TECHM
2024-08-07,1408.9973362474163,1422.5633957141488,1381.020132054455,1383.508056640625,3002937,0.0,0.0,TECHM
2024-08-08,1380.0813083453993,1397.1211106854403,1372.57066176937,1376.7484130859375,2333194,0.0,0.0,TECHM
2024-08-09,1394.116806238464,1416.9304414299866,1389.986042236358,1414.536376953125,1521252,0.0,0.0,TECHM
2024-08-12,1414.5363029690222,1431.2475368430398,1398.2945990925487,1419.9815673828125,1809860,0.0,0.0,TECHM
2024-08-13,1416.0384037447707,1430.449432202351,1403.692757004945,1411.4381103515625,580901,0.0,0.0,TECHM
2024-08-14,1419.5120406698172,1435.8945908004898,1412.940225666716,1431.153564453125,2833790,0.0,0.0,TECHM
2024-08-16,1463.0739201413696,1491.8021192785461,1437.6316287559082,1488.3284912109375,3224481,0.0,0.0,TECHM
2024-08-19,1490.7223505122843,1504.6639639209125,1479.4563817613346,1497.1064453125,1640507,0.0,0.0,TECHM
2024-08-20,1503.0680305522073,1533.7208774563464,1497.6697537404177,1528.979736328125,2442281,0.0,0.0,TECHM
2024-08-21,1517.1505797550499,1528.4165494066963,1504.0069484947958,1506.494873046875,1935929,0.0,0.0,TECHM
2024-08-22,1506.8703352531045,1521.5160719753237,1498.3738711573894,1512.6910400390625,1562554,0.0,0.0,TECHM
2024-08-23,1514.3809684336923,1518.0423166308021,1495.6043536654909,1500.6270751953125,1020913,0.0,0.0,TECHM
2024-08-26,1511.517592630426,1542.4990091253353,1510.57876182755,1539.8233642578125,1510157,0.0,0.0,TECHM
2024-08-27,1543.4378276563423,1544.3766584517537,1522.877410316159,1525.2244873046875,1083351,0.0,0.0,TECHM
2024-08-28,1520.9057694585451,1563.1531519435048,1517.338166874027,1527.80615234375,3033590,0.0,0.0,TECHM
2024-08-29,1520.9528738252418,1554.9385027303633,1520.9528738252418,1546.5828857421875,2194339,0.0,0.0,TECHM
2024-08-30,1546.254207006187,1561.9796216797472,1531.3267755297175,1536.396484375,1926984,0.0,0.0,TECHM
2024-09-02,1536.3965042588761,1560.3366881015902,1535.5046608982375,1545.9256591796875,1582818,0.0,0.0,TECHM
2024-09-03,1538.7436022971285,1557.754925022276,1532.2656471886278,1543.5316162109375,1739553,0.0,0.0,TECHM
2024-09-04,1520.6711529712431,1549.070784011453,1510.4848619485683,1544.6583251953125,1643875,0.0,0.0,TECHM
2024-09-05,1551.887227804423,1556.4875213943283,1533.0167526737532,1539.2130126953125,1080904,0.0,0.0,TECHM
2024-09-06,1539.2129078084693,1550.19718097985,1515.225737969258,1523.9569091796875,1672937,0.0,0.0,TECHM
2024-09-09,1523.9101179502402,1531.514739159003,1478.4238112560395,1482.6015625,2965098,0.0,0.0,TECHM
2024-09-10,1494.6185219255333,1514.9911029219932,1481.9443070725217,1509.0765380859375,2541973,0.0,0.0,TECHM
2024-09-11,1513.3950999272652,1527.4775605345287,1500.3453301771958,1504.570068359375,1395340,0.0,0.0,TECHM
2024-09-12,1520.811967306679,1548.6951949687993,1507.7621968540811,1542.733642578125,2356422,0.0,0.0,TECHM
2024-09-13,1548.976900303128,1558.3652079422727,1537.8047912918732,1554.750732421875,1373924,0.0,0.0,TECHM
2024-09-16,1550.1033575016488,1567.8472807857033,1545.7847591698567,1548.1318359375,1060407,0.0,0.0,TECHM
2024-09-17,1548.1319366764383,1569.7250443438477,1540.7151506873943,1550.5260009765625,1499644,0.0,0.0,TECHM
2024-09-18,1547.333865598852,1547.333865598852,1491.8020058948691,1507.1988525390625,2930297,0.0,0.0,TECHM
2024-09-19,1520.9057497195486,1535.3167781928246,1489.971323676164,1497.7635498046875,3032379,0.0,0.0,TECHM
2024-09-20,1509.6398266263711,1529.6369671860875,1485.6057826554793,1522.8304443359375,3984683,0.0,0.0,TECHM
2024-09-23,1525.5530381553162,1531.2330102455815,1496.9656865950826,1508.8419189453125,1535902,0.0,0.0,TECHM
2024-09-24,1503.5844735771893,1542.968378747999,1500.345438641345,1536.9598388671875,1781972,0.0,0.0,TECHM
2024-09-25,1536.9598745196997,1542.5928593004965,1492.787954292307,1504.7110595703125,2505756,0.0,0.0,TECHM
2024-09-26,1511.5175324104114,1520.7649925296407,1498.373901693799,1508.654052734375,2173853,0.0,0.0,TECHM
2024-09-27,1525.6000617766429,1562.965573746428,1506.4010176097863,1510.8134765625,3539822,0.0,0.0,TECHM
2024-09-30,1507.7622495611986,1507.7622495611986,1471.9458319825176,1480.723876953125,3460691,0.0,0.0,TECHM
2024-10-01,1483.3525265753015,1542.4050013450785,1483.3525265753015,1525.9754638671875,5176596,0.0,0.0,TECHM
2024-10-03,1516.2116694816543,1531.3738090971435,1498.5147326687486,1505.9315185546875,2332279,0.0,0.0,TECHM
2024-10-04,1493.6796799234676,1547.5685863310075,1493.6796799234676,1517.5728759765625,2927576,0.0,0.0,TECHM
2024-10-07,1525.5531033320303,1532.2188938726197,1502.317040411915,1519.544677734375,1619326,0.0,0.0,TECHM
2024-10-08,1525.6000354274413,1534.988343337764,1505.509033578677,1529.44921875,1311331,0.0,0.0,TECHM
2024-10-09,1538.7437451476906,1567.6597808307415,1532.218916657877,1557.3326416015625,2177241,0.0,0.0,TECHM
2024-10-10,1570.6638711657358,1573.4333760834686,1512.7849315341437,1520.6241455078125,1518162,0.0,0.0,TECHM
2024-10-11,1504.9457281654568,1549.070774468499,1504.9457281654568,1546.30126953125,1019027,0.0,0.0,TECHM
2024-10-14,1547.19298144387,1593.1956853824317,1547.19298144387,1588.970947265625,2070051,0.0,0.0,TECHM
2024-10-15,1596.0123187297547,1599.2512390646539,1561.7449954158512,1572.8701171875,2503380,0.0,0.0,TECHM
2024-10-16,1567.8474577716725,1574.8417014874492,1551.6996136287855,1558.7408447265625,1070524,0.0,0.0,TECHM
2024-10-17,1559.1162218132254,1605.306764693752,1554.7037630131697,1595.073486328125,3771316,0.0,0.0,TECHM
2024-10-18,1591.318141308661,1598.2655118669059,1544.9398787533878,1584.6524658203125,3119646,0.0,0.0,TECHM
2024-10-21,1638.259751023053,1654.0790271308824,1586.671044246225,1597.138916015625,5898020,0.0,0.0,TECHM
2024-10-22,1599.20428298774,1621.313677842361,1587.9851870402117,1592.7733154296875,2484594,0.0,0.0,TECHM
2024-10-23,1592.7733439767235,1642.0149706396965,1582.4930785717645,1629.76318359375,4198781,0.0,0.0,TECHM
2024-10-24,1628.9183037835276,1641.0761158946061,1622.3464886741097,1629.575439453125,1570443,0.0,0.0,TECHM
2024-10-25,1629.5755346750248,1635.8187823144588,1605.7292098210396,1611.4560546875,1743714,0.0,0.0,TECHM
2024-10-28,1605.4006154600643,1622.2525819272025,1589.6282126949,1598.4063720703125,1271473,0.0,0.0,TECHM
2024-10-29,1604.4617266268951,1618.6380478092456,1577.5642031398913,1594.60400390625,1499121,0.0,0.0,TECHM
2024-10-30,1599.8614441255222,1607.4190774380963,1579.3480153385724,1581.8828125,1305424,0.0,0.0,TECHM
2024-10-31,1578.7095553766876,1581.7408683968204,1511.406543301497,1523.815673828125,3638913,15.0,0.0,TECHM
2024-11-01,1533.619819319346,1533.619819319346,1514.4851402171407,1519.079345703125,249236,0.0,0.0,TECHM
2024-11-04,1528.8834491538487,1553.7491186335815,1523.2472769915482,1551.9967041015625,2746587,0.0,0.0,TECHM
2024-11-05,1551.9019891796925,1566.7739813224537,1538.1666670943384,1546.5499267578125,1376651,0.0,0.0,TECHM
2024-11-06,1562.937496679273,1608.2167420306337,1548.7759524194291,1604.23828125,3164061,0.0,0.0,TECHM
2024-11-07,1605.611725315623,1625.030628188172,1557.6328031405544,1563.93212890625,1285140,0.0,0.0,TECHM
2024-11-08,1572.4575857659488,1597.512661888451,1563.0323591405177,1592.681640625,1883257,0.0,0.0,TECHM
2024-11-11,1584.582605961114,1624.98330624038,1578.1885766222636,1614.279296875,1587351,0.0,0.0,TECHM
2024-11-12,1619.8208779163733,1620.2945097520214,1595.192022462674,1598.0338134765625,1414446,0.0,0.0,TECHM
2024-11-13,1591.4028462432016,1599.9282186337903,1575.9151095268517,1587.23486328125,1063556,0.0,0.0,TECHM
2024-11-14,1575.2993660300924,1602.7700104166665,1575.2993660300924,1598.50732421875,1919974,0.0,0.0,TECHM
2024-11-18,1595.9022475401819,1598.980854042337,1547.1181752752645,1573.21533203125,1617013,0.0,0.0,TECHM
2024-11-19,1577.099191448271,1633.4613756726342,1576.341334314838,1610.0166015625,1982317,0.0,0.0,TECHM
2024-11-21,1621.7151896846085,1634.0296157745033,1595.94966750347,1612.4793701171875,2212146,0.0,0.0,TECHM
2024-11-22,1624.3203020619471,1657.5692321952708,1612.479506741478,1655.2957763671875,2344087,0.0,0.0,TECHM
2024-11-25,1667.1839274696888,1674.5726297649892,1636.7293797589596,1641.2288818359375,3913302,0.0,0.0,TECHM
2024-11-26,1641.2288617135307,1669.0784341961366,1639.7606725387018,1653.3538818359375,1291712,0.0,0.0,TECHM
2024-11-27,1649.185899086599,1673.8147522607812,1644.0233588089613,1664.1527099609375,2088228,0.0,0.0,TECHM
2024-11-28,1664.3422217944262,1667.1840127252078,1616.7896331391216,1622.994140625,1787990,0.0,0.0,TECHM
2024-11-29,1617.9262319776444,1638.7660312185742,1610.821754963691,1621.99951171875,1556942,0.0,0.0,TECHM
2024-12-02,1619.8206773460508,1655.8166923981855,1615.936919901188,1653.874755859375,1370756,0.0,0.0,TECHM
2024-12-03,1667.1839387146326,1668.1312023161752,1645.9652109135302,1657.2376708984375,1824151,0.0,0.0,TECHM
2024-12-04,1650.227819394418,1681.0138849945165,1648.806924059029,1666.804931640625,1811165,0.0,0.0,TECHM
2024-12-05,1666.8048899073576,1699.343369146523,1662.5422040079186,1692.7125244140625,2762694,0.0,0.0,TECHM
2024-12-06,1702.2327132680182,1702.2327132680182,1681.9612488148455,1688.7816162109375,1180840,0.0,0.0,TECHM
2024-12-09,1685.276608769569,1705.7848883631839,1677.7932033755899,1684.092529296875,1069659,0.0,0.0,TECHM
2024-12-10,1673.0569089407823,1683.287401981394,1660.8373011174708,1670.5467529296875,1625591,0.0,0.0,TECHM
2024-12-11,1671.9201151344332,1676.4196168607157,1657.7585717437616,1669.836181640625,1285654,0.0,0.0,TECHM
2024-12-12,1674.8094393714252,1712.3683482719293,1668.178594230265,1695.222900390625,3018243,0.0,0.0,TECHM
2024-12-13,1687.0764244814984,1709.43182169058,1668.1311530106225,1701.664306640625,1503188,0.0,0.0,TECHM
2024-12-16,1698.917275889555,1698.917275889555,1672.867526747117,1681.9139404296875,1075193,0.0,0.0,TECHM
2024-12-17,1683.7136854696087,1694.7967392714218,1668.1312450778935,1677.3670654296875,1160899,0.0,0.0,TECHM
2024-12-18,1669.1257904555182,1693.659823981401,1667.7048951254744,1685.087158203125,1337600,0.0,0.0,TECHM
2024-12-19,1648.191289920544,1675.6146411084321,1643.5023812530724,1661.8319091796875,2402819,0.0,0.0,TECHM
2024-12-20,1676.6565195413132,1677.461670449569,1591.4975014391882,1597.1337890625,2921154,0.0,0.0,TECHM
2024-12-23,1601.7279500106838,1634.029613741279,1596.944222859382,1622.0941162109375,1301223,0.0,0.0,TECHM
2024-12-24,1627.0199476450218,1634.361240596512,1606.2748515329674,1614.98974609375,711026,0.0,0.0,TECHM
2024-12-26,1617.0737369223116,1624.2256236583253,1601.491296295445,1609.11669921875,659638,0.0,0.0,TECHM
2024-12-27,1615.0370534649978,1625.9779944667735,1609.1166558737264,1621.3837890625,647945,0.0,0.0,TECHM
2024-12-30,1624.5569619276796,1680.0665819317185,1604.4750212461656,1649.043701171875,6781500,0.0,0.0,TECHM
2024-12-31,1637.818725151479,1637.818725151479,1593.7235593750654,1616.2210693359375,1459630,0.0,0.0,TECHM
2025-01-01,1610.9163885442545,1627.0198690795971,1602.0594973763677,1613.9949951171875,721479,0.0,0.0,TECHM
2025-01-02,1618.8733748521083,1644.1652648825352,1606.55894894627,1635.876708984375,1238954,0.0,0.0,TECHM
2025-01-03,1621.9046160388923,1638.6238409464588,1592.6815584320552,1600.3543701171875,2448088,0.0,0.0,TECHM
2025-01-06,1614.8476955003448,1621.0523186154717,1586.6666021194178,1597.3707275390625,945693,0.0,0.0,TECHM
2025-01-07,1603.7172170379665,1615.0843798285487,1573.8784147126883,1583.01953125,1305847,0.0,0.0,TECHM
2025-01-08,1579.988226368515,1581.882753509762,1547.8286743989481,1576.009765625,673344,0.0,0.0,TECHM
2025-01-09,1575.9625130116995,1581.456688521126,1551.8072895571988,1556.164794921875,774065,0.0,0.0,TECHM
2025-01-10,1565.9213729023697,1623.6097470168602,1550.0074144232835,1615.6527099609375,2208899,0.0,0.0,TECHM
2025-01-13,1608.5010449657289,1611.295426406861,1562.8902782874468,1572.1260986328125,1401093,0.0,0.0,TECHM
2025-01-14,1581.8355496034003,1582.3564752171903,1535.798560581457,1560.6168212890625,2480288,0.0,0.0,TECHM
2025-01-15,1570.5629498836875,1590.455484230827,1563.1269542185698,1587.5662841796875,1079742,0.0,0.0,TECHM
2025-01-16,1605.611778293148,1631.993046037076,1582.8300427964148,1598.6494140625,2334315,0.0,0.0,TECHM
2025-01-17,1595.9023703498328,1610.2534371984812,1563.3638884035165,1572.7418212890625,2502285,0.0,0.0,TECHM
2025-01-20,1575.2993630489673,1598.1758020610478,1539.3033463346794,1586.28759765625,4856268,0.0,0.0,TECHM
2025-01-21,1586.2876280903254,1613.7109791508212,1549.8179788774687,1553.9859619140625,2500061,0.0,0.0,TECHM
2025-01-22,1556.069787732137,1599.69132047396,1549.012720535925,1595.1444091796875,2478559,0.0,0.0,TECHM
2025-01-23,1582.87750343345,1638.2924250078709,1582.87750343345,1623.04150390625,2255334,0.0,0.0,TECHM
2025-01-24,1628.346031512354,1644.8284402981928,1615.4158610151549,1632.1824951171875,1257165,0.0,0.0,TECHM
2025-01-27,1619.8207871442596,1623.5151383818436,1558.2486519604136,1566.6793212890625,1174799,0.0,0.0,TECHM
2025-01-28,1568.6210549709467,1576.8623173701073,1551.6177202240374,1561.421875,1820874,0.0,0.0,TECHM
2025-01-29,1576.1991845765053,1596.1391291492487,1566.821367659226,1592.4921875,1146508,0.0,0.0,TECHM
2025-01-30,1596.1391529953055,1614.9897216082716,1569.6157724114073,1582.02490234375,868832,0.0,0.0,TECHM
2025-01-31,1586.666549051862,1605.6118212793467,1577.430728840963,1586.1455078125,1065425,0.0,0.0,TECHM
2025-02-01,1586.1929133899134,1596.9917416598794,1550.3863027139118,1559.5748291015625,410470,0.0,0.0,TECHM
2025-02-03,1544.0396473645515,1576.2940187665906,1520.5001703456996,1567.43701171875,1415698,0.0,0.0,TECHM
2025-02-04,1575.062568363567,1588.513665379601,1558.296048710773,1571.5577392578125,1467006,0.0,0.0,TECHM
2025-02-05,1575.1571996290593,1582.877420828473,1557.6802330669118,1573.40478515625,1449280,0.0,0.0,TECHM
2025-02-06,1581.9301980944717,1595.8549266389648,1562.984926261005,1581.55126953125,1288106,0.0,0.0,TECHM
2025-02-07,1586.6664405036531,1606.1800464364303,1570.4682569838687,1602.8646240234375,1582031,0.0,0.0,TECHM
2025-02-10,1594.2446153777623,1613.9003347889857,1584.9613859810438,1609.4482421875,1235699,0.0,0.0,TECHM
2025-02-11,1616.0318111245833,1618.8736021171824,1575.4888800437302,1581.0777587890625,1800036,0.0,0.0,TECHM
2025-02-12,1591.4028786857034,1600.8755148683563,1580.7935724142383,1591.59228515625,1889477,0.0,0.0,TECHM
2025-02-13,1586.6665803219428,1600.3544935229565,1554.03339452007,1586.9508056640625,1555491,0.0,0.0,TECHM
2025-02-14,1596.1391302863506,1604.6645024955951,1564.9268416178318,1571.60498046875,961944,0.0,0.0,TECHM
2025-02-17,1568.5738181757013,1579.988275174654,1544.9869314120183,1577.146484375,1114005,0.0,0.0,TECHM
2025-02-18,1580.0355992828995,1618.825995350321,1576.293954518516,1615.0843505859375,2654136,0.0,0.0,TECHM
2025-02-19,1604.712019776928,1622.0942844896717,1586.7140105700257,1596.8970947265625,1113961,0.0,0.0,TECHM
2025-02-20,1591.4028098004087,1604.3329807565892,1567.721220368855,1570.4208984375,1485087,0.0,0.0,TECHM
2025-02-21,1570.326277460825,1577.1465293212564,1555.5962818097296,1562.5113525390625,1479239,0.0,0.0,TECHM
2025-02-24,1544.0396862799682,1557.2539674033073,1519.6476482911894,1528.5992431640625,1672609,0.0,0.0,TECHM
2025-02-25,1523.247256142826,1528.8834282279843,1505.2018385714168,1509.8907470703125,1425126,0.0,0.0,TECHM
2025-02-27,1491.9402120245848,1511.548522843801,1487.1091906550585,1504.491455078125,2208643,0.0,0.0,TECHM
2025-02-28,1487.2037065859063,1489.9507938838574,1400.4343924364891,1409.385986328125,4155992,0.0,0.0,TECHM
2025-03-03,1420.8953250681502,1450.7341268945813,1398.350406323966,1414.3118896484375,2851006,0.0,0.0,TECHM
2025-03-04,1397.2137722872133,1420.3743204289717,1357.4761115928948,1409.7650146484375,2386196,0.0,0.0,TECHM
2025-03-05,1409.765135933283,1467.3114030308452,1409.0546881913378,1456.9862060546875,1967418,0.0,0.0,TECHM
2025-03-06,1459.733247555143,1469.0164773423446,1421.7952930836173,1424.1634521484375,2246380,0.0,0.0,TECHM
2025-03-07,1422.7423882462183,1427.7155216934843,1403.844527399708,1413.648681640625,893696,0.0,0.0,TECHM
2025-03-10,1413.6487925077415,1420.8953820829167,1404.3182692919495,1408.4388427734375,798491,0.0,0.0,TECHM
2025-03-11,1387.26753217591,1408.9598915857184,1376.942335883965,1401.1922607421875,1769157,0.0,0.0,TECHM
2025-03-12,1402.8973263351902,1410.4754347826456,1334.504943850008,1362.44921875,2665932,0.0,0.0,TECHM
2025-03-13,1365.9541978536333,1379.452705009954,1347.00892465178,1364.6754150390625,995812,0.0,0.0,TECHM
2025-03-17,1366.8539750275281,1371.6377024944438,1350.0400460086908,1364.154296875,1747569,0.0,0.0,TECHM
2025-03-18,1364.154296875,1364.154296875,1364.154296875,1364.154296875,0,0.0,0.0,TECHM
2025-03-19,1355.2025637523175,1356.2919399154036,1320.864261513696,1322.52197265625,5557840,0.0,0.0,TECHM
2025-03-20,1329.1529459469286,1346.0615781119295,1326.2164519080013,1336.1627197265625,2863413,0.0,0.0,TECHM
2025-03-21,1316.7437385117012,1355.6288376995196,1309.165630142888,1334.93115234375,4056023,0.0,0.0,TECHM
2025-03-24,1341.1831458577049,1390.251446624625,1339.0518027562362,1381.72607421875,3072831,0.0,0.0,TECHM
2025-03-25,1396.2665643249743,1405.6444972119189,1373.0111963933214,1378.7421875,2056315,0.0,0.0,TECHM
2025-03-26,1386.7937988317863,1386.7937988317863,1335.1679367851114,1341.609375,2231144,0.0,0.0,TECHM
2025-03-27,1332.9419292665793,1354.5868782860673,1331.8525530560914,1348.80859375,2541022,0.0,0.0,TECHM
2025-03-28,1340.4727614296087,1354.5870128721026,1334.2682539321286,1343.4566650390625,1642693,0.0,0.0,TECHM
2025-04-01,1328.0635616076866,1342.2251061149486,1312.3390090404534,1321.5748291015625,1578367,0.0,0.0,TECHM
2025-04-02,1323.4693891664313,1350.8453308976816,1323.4693891664313,1348.0035400390625,1617949,0.0,0.0,TECHM
2025-04-03,1323.3272374097576,1326.1690281844385,1288.515300419916,1297.1353759765625,1943422,0.0,0.0,TECHM
2025-04-04,1278.8058964135473,1287.5206755285922,1249.298611306785,1251.287841796875,1757493,0.0,0.0,TECHM
2025-04-07,1179.3432252303414,1225.569736857939,1145.6206629607502,1220.0755615234375,3044730,0.0,0.0,TECHM
2025-04-08,1244.7043234008804,1271.2751126306923,1223.0593740847305,1245.083251953125,2868814,0.0,0.0,TECHM
2025-04-09,1221.9700580297952,1231.3952847049036,1197.6727232842777,1205.6297607421875,3724878,0.0,0.0,TECHM
2025-04-11,1207.7611228926507,1243.1413961896585,1207.0032657389056,1214.6287841796875,1803181,0.0,0.0,TECHM
2025-04-15,1244.8937734834433,1244.8937734834433,1218.9388434201962,1233.052978515625,1511866,0.0,0.0,TECHM
2025-04-16,1223.8645818856119,1245.2727163059744,1215.812841215312,1239.683837890625,1093342,0.0,0.0,TECHM
2025-04-17,1226.8011014466256,1239.8733857656036,1208.613686042868,1237.8841552734375,3027966,0.0,0.0,TECHM
2025-04-21,1235.2317094500818,1315.7491138237451,1234.2844458692152,1301.0665283203125,3759267,0.0,0.0,TECHM
2025-04-22,1301.5401662320082,1322.3799651090856,1289.4151460867859,1303.9083251953125,2471135,0.0,0.0,TECHM
2025-04-23,1344.0723536715286,1372.9638936543477,1333.7471572396405,1363.6806640625,5944062,0.0,0.0,TECHM
2025-04-24,1368.795945089643,1390.109376760589,1358.6602705036778,1368.9853515625,2501415,0.0,0.0,TECHM
2025-04-25,1378.6474972897288,1396.1718742802595,1302.4874790259491,1384.8994140625,8211667,0.0,0.0,TECHM
2025-04-28,1391.8144837424154,1401.950158227848,1361.2178225496066,1384.42578125,2079431,0.0,0.0,TECHM
2025-04-29,1388.8777754013026,1425.5369442885453,1386.1308036033229,1416.4432373046875,2652788,0.0,0.0,TECHM
2025-04-30,1416.443299192214,1431.125884907827,1411.4227558879636,1423.7371826171875,1858465,0.0,0.0,TECHM
2025-05-02,1425.6315919379178,1438.8932811652473,1411.2332327442045,1415.306396484375,1582577,0.0,0.0,TECHM
2025-05-05,1419.9481343276573,1427.0526113172887,1411.8963937394083,1415.7801513671875,846022,0.0,0.0,TECHM
2025-05-06,1417.9590524056453,1425.4424587450433,1407.72855821599,1417.2958984375,1545773,0.0,0.0,TECHM
2025-05-07,1410.570104245562,1425.5369143241155,1402.5183642128827,1416.348388671875,1272555,0.0,0.0,TECHM
2025-05-08,1421.7480275109476,1438.4198445317488,1409.5283033672981,1423.5478515625,2829448,0.0,0.0,TECHM
2025-05-09,1401.950026110642,1422.1267855773635,1400.150202274895,1414.927490234375,923174,0.0,0.0,TECHM
2025-05-12,1441.7351147896284,1493.3609779670494,1437.3777256112965,1490.1402587890625,1891418,0.0,0.0,TECHM
2025-05-13,1515.9059960028326,1516.47433104028,1482.562247668484,1489.572021484375,3724272,0.0,0.0,TECHM
2025-05-14,1500.465539272576,1524.5260577889794,1494.8766609176723,1518.6529541015625,2354571,0.0,0.0,TECHM
2025-05-15,1521.3053673847392,1550.1022044393721,1515.8111921585125,1543.1871337890625,2972408,0.0,0.0,TECHM
2025-05-16,1548.775964287526,1549.6285246421266,1516.8532276681601,1531.7252197265625,1159095,0.0,0.0,TECHM
2025-05-19,1531.7252568495899,1540.440035805523,1509.0856334517287,1513.537841796875,681874,0.0,0.0,TECHM
2025-05-20,1526.9888163145424,1534.0932928172465,1490.3297638136912,1492.8873291015625,1869716,0.0,0.0,TECHM
2025-05-21,1493.8346840859629,1518.4635374697516,1486.6355039157156,1513.9166259765625,930031,0.0,0.0,TECHM
2025-05-22,1505.8649186076254,1505.8649186076254,1475.836708343096,1483.035888671875,1789310,0.0,0.0,TECHM
2025-05-23,1491.940150093258,1519.410794126721,1485.1198985173648,1496.960693359375,1159290,0.0,0.0,TECHM
2025-05-26,1499.5183241531593,1519.7897889328253,1499.5183241531593,1516.947998046875,711029,0.0,0.0,TECHM
2025-05-27,1516.9479799781786,1519.6950675950964,1495.2556200139197,1508.422607421875,1394001,0.0,0.0,TECHM
2025-05-28,1516.3795969002713,1517.5162669519993,1494.8766440875238,1496.960693359375,820958,0.0,0.0,TECHM
2025-05-29,1508.1384202785978,1520.2634411410802,1500.939239730835,1515.621826171875,1799251,0.0,0.0,TECHM
2025-05-30,1510.8854320613457,1510.8854320613457,1485.309315029586,1490.898193359375,2780942,0.0,0.0,TECHM
2025-06-02,1482.46752008455,1486.2565744489834,1460.7751607216167,1467.406005859375,2120693,0.0,0.0,TECHM
2025-06-03,1473.8473637444622,1482.3727355971268,1453.0075658823926,1462.385498046875,2316285,0.0,0.0,TECHM
2025-06-04,1463.332758949278,1483.983034686647,1462.5749018661932,1474.6051025390625,1439090,0.0,0.0,TECHM
2025-06-05,1477.7311606880492,1487.4880216559523,1465.4167343489821,1480.383544921875,1529586,0.0,0.0,TECHM
2025-06-06,1482.2781581856254,1490.5193054229414,1473.3738570349376,1488.245849609375,828051,0.0,0.0,TECHM
2025-06-09,1491.9400951005905,1507.5699437159299,1488.245744119504,1495.8238525390625,598108,0.0,0.0,TECHM
2025-06-10,1495.823991465808,1547.3551566313868,1495.7292882283193,1525.947021484375,3324373,0.0,0.0,TECHM
2025-06-11,1532.6725246004294,1562.0376965797948,1519.9791690698926,1551.1441650390625,2660949,0.0,0.0,TECHM
2025-06-12,1549.7232604294063,1570.5630597750342,1526.8942306364306,1557.6802978515625,2316173,0.0,0.0,TECHM
2025-06-13,1520.3580214102055,1580.9828895536655,1519.9790928577572,1571.51025390625,2511076,0.0,0.0,TECHM
2025-06-16,1570.563038084222,1616.0316905739942,1564.1215993950657,1604.56982421875,2160406,0.0,0.0,TECHM
2025-06-17,1603.1489035792565,1634.0296731156434,1595.3812728549342,1627.9671630859375,2105126,0.0,0.0,TECHM
2025-06-18,1626.5462747041825,1641.4183823320152,1618.3051277879158,1620.4837646484375,1299278,0.0,0.0,TECHM
2025-06-19,1595.19189453125,1604.6645304845235,1573.1206065070176,1595.19189453125,3056884,0.0,0.0,TECHM
2025-06-20,1591.4027664713055,1618.3997776882295,1581.1722738623155,1606.6536865234375,3425550,0.0,0.0,TECHM
2025-06-23,1591.4029114254993,1602.7700750785386,1587.329631530053,1593.1080322265625,732380,0.0,0.0,TECHM
2025-06-24,1609.2114512350388,1618.3998619093672,1586.382305950358,1588.65576171875,1923989,0.0,0.0,TECHM
2025-06-25,1600.685990898333,1623.6097225245144,1587.4243012161023,1615.0843505859375,1416375,0.0,0.0,TECHM
2025-06-26,1605.6118530840197,1613.663593940193,1582.2144876727164,1601.06494140625,2528268,0.0,0.0,TECHM
2025-06-27,1608.4535416538326,1612.0531894724752,1574.9203881535786,1586.09814453125,6183785,0.0,0.0,TECHM
2025-06-30,1591.9713028537128,1600.4019726548029,1572.4576943515672,1598.0338134765625,1546996,0.0,0.0,TECHM
2025-07-01,1600.8754966045724,1607.8852704263168,1581.2671861832907,1583.06689453125,1689051,0.0,0.0,TECHM
2025-07-02,1586.6665312836933,1609.4008577020866,1579.5620542779454,1588.65576171875,1931642,0.0,0.0,TECHM
2025-07-03,1596.0445298567026,1603.7173422126787,1581.9302784968538,1583.7301025390625,1713273,0.0,0.0,TECHM
2025-07-04,1586.7202548372723,1604.950681314301,1582.3796827115777,1596.558837890625,1310544,30.0,0.0,TECHM
2025-07-07,1589.517391683443,1589.517391683443,1558.2652516663736,1566.36767578125,1550115,0.0,0.0,TECHM
2025-07-08,1565.4996164496201,1585.56275166993,1561.6413302722951,1577.4603271484375,1318755,0.0,0.0,TECHM
2025-07-09,1576.8816412572307,1578.4249322118237,1554.8893624812356,1557.5902099609375,1173847,0.0,0.0,TECHM
2025-07-10,1557.5901608751371,1560.0980233155121,1533.7651733277028,1543.410888671875,1631315,0.0,0.0,TECHM
2025-07-11,1524.023091665854,1550.066524244954,1521.9010812946674,1545.7259521484375,2559235,0.0,0.0,TECHM
2025-07-14,1541.3852638900566,1541.3852638900566,1508.6862663447819,1520.83984375,2068336,0.0,0.0,TECHM
2025-07-15,1499.5229023997451,1538.3951828156926,1497.9796114747023,1523.0584716796875,2574760,0.0,0.0,TECHM
2025-07-16,1524.023001359635,1553.924718474919,1521.4187053542646,1550.9345703125,2207039,0.0,0.0,TECHM
2025-07-17,1527.3026679401762,1547.0763853899784,1505.5998073245396,1508.300537109375,7617296,0.0,0.0,TECHM
2025-07-18,1517.2710532274314,1518.2356247806592,1483.5110488644561,1494.02490234375,3619191,0.0,0.0,TECHM
2025-07-21,1496.0504588113524,1498.365454056882,1477.0484465681254,1489.1055908203125,988104,0.0,0.0,TECHM
2025-07-22,1495.0858571218705,1497.7867044781158,1486.5975806412823,1492.385009765625,1404790,0.0,0.0,TECHM
2025-07-23,1496.0505350264689,1497.8832445952771,1480.135103802783,1491.806396484375,2887100,0.0,0.0,TECHM
2025-07-24,1498.9442475239953,1498.9442475239953,1442.5168096345785,1445.5069580078125,2207437,0.0,0.0,TECHM
2025-07-25,1437.3080484472391,1448.1113204947167,1404.12676345482,1410.107177734375,1179664,0.0,0.0,TECHM
2025-07-28,1410.2035361344876,1414.0618221430636,1393.9022541991458,1399.2073974609375,1070496,0.0,0.0,TECHM
2025-07-29,1399.2074897952448,1407.4063481045148,1385.510620659156,1402.294189453125,1458817,0.0,0.0,TECHM
2025-07-30,1399.8827764176394,1414.158365106025,1397.2783625131153,1411.361083984375,1299448,0.0,0.0,TECHM
2025-07-31,1398.6286792270298,1421.1032423431718,1395.9278319206494,1411.84326171875,1382994,0.0,0.0,TECHM
2025-08-01,1404.9949876542412,1408.0816874625336,1381.6524017227232,1387.82568359375,1620011,0.0,0.0,TECHM
2025-08-04,1384.1601798364673,1424.6721850999736,1368.8234685804582,1422.7430419921875,1581473,0.0,0.0,TECHM
2025-08-05,1418.0165450178106,1435.0895312923974,1409.4318350798535,1432.7745361328125,2929677,0.0,0.0,TECHM
2025-08-06,1427.6622494954904,1429.012673140716,1401.811804017153,1407.309814453125,1039973,0.0,0.0,TECHM
2025-08-07,1403.4515640320565,1439.1407103339027,1398.628706423699,1429.4949951171875,1587489,0.0,0.0,TECHM
2025-08-08,1421.58563338492,1442.9990752374142,1421.58563338492,1427.9517822265625,1371665,0.0,0.0,TECHM
2025-08-11,1427.9518001127149,1468.753107571732,1417.6308134904896,1428.626953125,888886,0.0,0.0,TECHM
2025-08-12,1430.0737499447537,1463.6408868295557,1428.5304590209173,1455.827880859375,2532937,0.0,0.0,TECHM
2025-08-13,1461.3259296687659,1464.894797382277,1446.1822031063932,1452.9342041015625,1815196,0.0,0.0,TECHM
2025-08-14,1456.4066964362983,1475.698128622366,1432.3888398155325,1434.028564453125,1715172,0.0,0.0,TECHM
2025-08-18,1446.8573448378577,1446.8573448378577,1416.0874884218622,1419.07763671875,1249405,0.0,0.0,TECHM
2025-08-19,1419.8493241070892,1446.471475384987,1412.518603863255,1443.6741943359375,1807647,0.0,0.0,TECHM
2025-08-20,1435.2823860970072,1477.7235319224565,1434.7036667484963,1470.1033935546875,2329633,0.0,0.0,TECHM
2025-08-21,1473.8652920884992,1477.434159637353,1455.6348666935305,1467.4027099609375,1251760,0.0,0.0,TECHM
2025-08-22,1475.4087363138449,1475.4087363138449,1445.8928680926858,1451.6802978515625,969599,0.0,0.0,TECHM
2025-08-25,1462.2904717129165,1485.1507703796012,1451.6801846490364,1472.9971923828125,1386218,0.0,0.0,TECHM
2025-08-26,1467.1133627909978,1472.4185064434307,1445.79635457306,1448.9793701171875,1510822,0.0,0.0,TECHM
2025-08-28,1446.8572974680367,1455.7313084609548,1430.0737292682977,1442.6131591796875,1771867,0.0,0.0,TECHM
2025-08-29,1445.699827604033,1451.390705321784,1426.3118460389235,1428.916259765625,2279980,0.0,0.0,TECHM
2025-09-01,1432.3887587147906,1456.4066139756842,1432.3887587147906,1452.1624755859375,1241192,0.0,0.0,TECHM
2025-09-02,1448.7864378015145,1466.0522917345436,1445.50687105099,1459.203857421875,1137022,0.0,0.0,TECHM
2025-09-03,1459.2039692768988,1462.3869849219955,1444.2531094185108,1454.766845703125,1431929,0.0,0.0,TECHM
2025-09-04,1452.7411747494884,1457.2747316407617,1442.3238727511605,1447.2431640625,1038934,0.0,0.0,TECHM
2025-09-05,1445.8928426854081,1453.9952677545714,1410.300126744641,1425.5404052734375,1875965,0.0,0.0,TECHM
2025-09-08,1429.8809816661317,1435.186125533943,1407.3099823885134,1408.94970703125,1308412,0.0,0.0,TECHM
2025-09-09,1414.6406553776026,1446.857369691852,1413.7725174066766,1445.12109375,1749566,0.0,0.0,TECHM
2025-09-10,1449.7510119996878,1481.581872542595,1448.593573259983,1471.9361572265625,1660976,0.0,0.0,TECHM
2025-09-11,1471.9361427481228,1477.2412861197577,1452.3552937509612,1467.30615234375,896908,0.0,0.0,TECHM
2025-09-12,1474.8298577502767,1475.794429272677,1458.9144276306693,1471.453857421875,770698,0.0,0.0,TECHM
2025-09-15,1473.7689388566696,1473.7689388566696,1452.2589455503464,1465.9559326171875,825515,0.0,0.0,TECHM
2025-09-16,1468.9460412034346,1479.6527618896405,1456.5030446240921,1477.2413330078125,1011289,0.0,0.0,TECHM
2025-09-17,1483.800417427621,1494.5071377585455,1471.5502884671007,1492.385009765625,1946337,0.0,0.0,TECHM
2025-09-18,1500.8733848925015,1511.3872387085328,1487.176515496203,1495.7611083984375,2246114,0.0,0.0,TECHM
2025-09-19,1496.05049529686,1502.2237768536427,1486.9834990489805,1498.7513427734375,2621234,0.0,0.0,TECHM
2025-09-22,1445.8927585481856,1456.5030456355971,1401.8118856559774,1452.0660400390625,5723501,0.0,0.0,TECHM
2025-09-23,1458.1428078575518,1458.1428078575518,1416.1839442003604,1419.7529296875,1380054,0.0,0.0,TECHM
2025-09-24,1417.9201611086041,1417.9201611086041,1388.0184434253615,1400.9437255859375,2122106,0.0,0.0,TECHM
2025-09-25,1400.557891144354,1408.467330759208,1386.0893178887304,1393.1307373046875,1581629,0.0,0.0,TECHM
2025-09-26,1388.8866687078616,1390.4299597168822,1353.7762389612515,1357.827392578125,1851067,0.0,0.0,TECHM
2025-09-29,1364.8686517507879,1374.5143666041504,1342.5870739886293,1360.720947265625,2708118,0.0,0.0,TECHM
2025-09-30,1358.116728958585,1376.1541696668467,1343.165870081555,1350.6895751953125,2225340,0.0,0.0,TECHM
2025-10-01,1351.3648001460706,1373.1640945721922,1344.034079597316,1365.8333740234375,1683484,0.0,0.0,TECHM
2025-10-03,1372.58530798438,1373.3570123182903,1347.7958663860445,1350.9788818359375,2568702,0.0,0.0,TECHM
2025-10-06,1355.126576881698,1390.9121573817297,1347.6028717893191,1388.307861328125,3036770,0.0,0.0,TECHM
2025-10-07,1388.9830022034416,1394.5775641716468,1376.0577201616054,1387.9219970703125,1105550,0.0,0.0,TECHM
2025-10-08,1381.3629137279095,1420.6210470434726,1381.3629137279095,1406.5382080078125,1154614,0.0,0.0,TECHM
2025-10-09,1406.538200354604,1423.128901818139,1400.5579037865186,1414.640625,1354036,0.0,0.0,TECHM
2025-10-10,1424.6721720893242,1425.3473250726631,1398.72517397745,1405.5736083984375,937053,0.0,0.0,TECHM
2025-10-13,1403.4515458102726,1409.7212606197343,1388.2112688675168,1399.496826171875,1229414,0.0,0.0,TECHM
2025-10-14,1408.2745161758132,1427.3730806851866,1406.2489393934384,1415.9910888671875,1430713,0.0,0.0,TECHM
2025-10-15,1417.920100922614,1426.6012443976504,1389.3688081538253,1407.309814453125,2810322,0.0,0.0,TECHM
2025-10-16,1414.061829553557,1414.736982510378,1396.6031088223663,1411.9398193359375,1619438,0.0,0.0,TECHM
2025-10-17,1413.097412380861,1413.097412380861,1389.0795556793375,1396.3138427734375,1433539,0.0,0.0,TECHM
2025-10-20,1403.5263648291468,1418.1464311294503,1402.55169374246,1407.81494140625,1800507,15.0,0.0,TECHM
2025-10-21,1413.273101472478,1420.388248126426,1405.4757326367678,1412.0059814453125,114229,0.0,0.0,TECHM
2025-10-23,1427.8930680262956,1449.8231663406925,1423.896940573574,1426.3336181640625,3244860,0.0,0.0,TECHM
2025-10-24,1428.2829952510267,1430.8171162115796,1413.2730371299663,1416.8792724609375,969361,0.0,0.0,TECHM
2025-10-27,1420.9729892863677,1438.2246197862232,1420.0957615199472,1425.7489013671875,1036807,0.0,0.0,TECHM
2025-10-28,1431.791762337185,1432.3765411673749,1398.9453957755404,1410.7388916015625,1432913,0.0,0.0,TECHM
2025-10-29,1416.1970207512813,1424.189275685841,1406.0604181422407,1415.417236328125,1311858,0.0,0.0,TECHM
2025-10-30,1416.3919216160687,1421.167833554548,1396.216278481724,1397.4833984375,1797868,0.0,0.0,TECHM
2025-10-31,1397.4834653029552,1401.0897007674814,1384.325405504443,1388.321533203125,1757591,0.0,0.0,TECHM
2025-11-03,1383.1556715691734,1387.9315835385464,1378.1848729799892,1383.8380126953125,2136091,0.0,0.0,TECHM
2025-11-04,1383.9355219078877,1389.1987696558233,1369.9976775540742,1373.5064697265625,1191278,0.0,0.0,TECHM
2025-11-06,1376.2355939801098,1384.910190570708,1374.2862517790047,1377.7950439453125,2502412,0.0,0.0,TECHM
2025-11-07,1364.6369097771872,1374.0912903247558,1349.9194007559609,1351.5762939453125,1209479,0.0,0.0,TECHM
2025-11-10,1351.5763196563494,1368.7306256009945,1348.5548631473728,1362.395263671875,2883323,0.0,0.0,TECHM
2025-11-11,1369.4129007512872,1374.6761485071515,1356.9370630320839,1372.3369140625,2488036,0.0,0.0,TECHM
2025-11-12,1379.159549111945,1423.2146334074114,1378.184878052502,1419.218505859375,2958869,0.0,0.0,TECHM
2025-11-13,1425.9437335264165,1426.723517950873,1405.768090561387,1414.6375732421875,1178211,0.0,0.0,TECHM
2025-11-14,1407.6199374704613,1409.1795063937325,1386.8595146864634,1402.74658203125,1220596,0.0,0.0,TECHM
2025-11-17,1403.526359809292,1419.023653827867,1401.869466559212,1416.002197265625,999416,0.0,0.0,TECHM
2025-11-18,1407.425063936687,1414.3452049290602,1383.5456220624149,1385.9822998046875,1553597,0.0,0.0,TECHM
2025-11-19,1391.3428921733257,1406.9376286180004,1381.8886307951004,1397.580810546875,5777445,0.0,0.0,TECHM
2025-11-20,1408.6921607760282,1427.6006845622271,1394.4618678125705,1419.12109375,2818268,0.0,0.0,TECHM
2025-11-21,1418.1464493784479,1431.7918447676564,1403.5263828900104,1424.4818115234375,2615232,0.0,0.0,TECHM
2025-11-24,1432.7664921513858,1475.45713318236,1424.7742368613585,1456.8408203125,6808658,0.0,0.0,TECHM
2025-11-25,1463.1761823526251,1463.9559668104635,1445.9245517731842,1456.8408203125,1675981,0.0,0.0,TECHM
2025-11-26,1460.0572371981734,1484.1315646126843,1458.3027817116485,1481.889892578125,1592891,0.0,0.0,TECHM
2025-11-27,1484.4240825847924,1493.1961224687473,1466.8800028168828,1471.5584716796875,1426194,0.0,0.0,TECHM
2025-11-28,1477.4064016514096,1486.66577647894,1465.6127869515212,1478.868408203125,1247146,0.0,0.0,TECHM
2025-12-01,1476.9191178313927,1493.1960770855467,1471.4608646645465,1490.7593994140625,1527101,0.0,0.0,TECHM
2025-12-02,1484.5214748547703,1500.0187685792419,1481.5000183498685,1497.7769775390625,1754978,0.0,0.0,TECHM
2025-12-03,1498.9467118237953,1511.519992837477,1491.5392352429803,1502.650390625,2142830,0.0,0.0,TECHM
2025-12-04,1505.964224152612,1537.933482366394,1502.0655399303655,1522.7286376953125,2422663,0.0,0.0,TECHM
2025-12-05,1527.4069514562518,1542.9042446709254,1517.1729056135198,1531.0133056640625,2223397,0.0,0.0,TECHM
2025-12-08,1540.9549502431973,1555.2825672745914,1532.8651328308258,1551.4814453125,2833786,0.0,0.0,TECHM
2025-12-09,1539.1030077630455,1545.8282617010564,1519.5121437528037,1522.0462646484375,1533609,0.0,0.0,TECHM
2025-12-10,1523.4108365657405,1533.060103664044,1508.985657572479,1511.5198974609375,735586,0.0,0.0,TECHM
2025-12-11,1510.740160075425,1532.1829236377857,1501.9681204362773,1528.4791259765625,1248064,0.0,0.0,TECHM
2025-12-12,1535.1068710720508,1540.4675617329374,1519.219685703883,1538.4207763671875,754479,0.0,0.0,TECHM
2025-12-15,1531.2082496718306,1548.4598800048436,1527.9917875521965,1535.496826171875,784781,0.0,0.0,TECHM
2025-12-16,1530.233574921488,1540.2727345011872,1525.0677706759338,1538.225830078125,999338,0.0,0.0,TECHM
2025-12-17,1538.2258311444532,1546.0231996844905,1530.526024893888,1539.3955078125,582251,0.0,0.0,TECHM
2025-12-18,1540.954999648371,1568.0509036535375,1534.717080850951,1564.931884765625,1748780,0.0,0.0,TECHM
2025-12-19,1570.1950978833574,1582.8658218265502,1554.6003607225048,1571.6571044921875,1802793,0.0,0.0,TECHM
2025-12-22,1574.971046384212,1608.012420304128,1571.9495897850516,1604.9908447265625,1466208,0.0,0.0,TECHM
2025-12-23,1604.7958764977348,1604.7958764977348,1587.544246582863,1591.6378173828125,1161166,0.0,0.0,TECHM
2025-12-24,1588.7138966669381,1595.1467021461046,1574.3862790552305,1590.1759033203125,955523,0.0,0.0,TECHM
2025-12-26,1589.201123458714,1592.3200231811038,1567.2710251589156,1571.462158203125,461192,0.0,0.0,TECHM
2025-12-29,1573.119142334179,1588.5189931776351,1569.3179012800697,1571.5596923828125,891096,0.0,0.0,TECHM
2025-12-30,1573.996312792699,1575.2633137789921,1558.4990192000948,1563.9571533203125,1973547,0.0,0.0,TECHM
2025-12-31,1573.8989107008142,1573.8989107008142,1548.0701270295233,1550.604248046875,729913,0.0,0.0,TECHM
2026-01-01,1550.7016783548534,1572.6317775144914,1546.9978806831978,1566.9786376953125,565878,0.0,0.0,TECHM
2026-01-02,1570.1951287129973,1578.0899407600073,1561.325645574297,1571.1697998046875,637080,0.0,0.0,TECHM
2026-01-05,1561.3256259048696,1569.3178811646821,1536.179064464693,1556.4522705078125,907810,0.0,0.0,TECHM
2026-01-06,1563.2749348416485,1584.230362603659,1555.6724529924427,1561.2281494140625,570335,0.0,0.0,TECHM
2026-01-07,1558.4990655446693,1592.5151102205934,1555.3801656627709,1584.035400390625,1309781,0.0,0.0,TECHM
2026-01-08,1583.8404542819649,1591.4429360538782,1534.6195663181254,1537.9334716796875,1657201,0.0,0.0,TECHM
2026-01-09,1542.9042961622456,1565.7116228828763,1538.1283841472382,1542.12451171875,1410053,0.0,0.0,TECHM
2026-01-12,1532.2803860853573,1553.6257066028718,1523.2160163987442,1545.92578125,652320,0.0,0.0,TECHM
2026-01-13,1541.9296663960881,1581.7937378248917,1541.9296663960881,1573.89892578125,2573438,0.0,0.0,TECHM
2026-01-14,1572.0470128586112,1572.1444561711864,1543.0017670069265,1548.2650146484375,1570385,0.0,0.0,TECHM
2026-01-15,1548.2650146484375,1548.2650146484375,1548.2650146484375,1548.2650146484375,0,0.0,0.0,TECHM
2026-01-16,1559.4736792876383,1638.1295853953488,1559.4736792876383,1628.18798828125,3733401,0.0,0.0,TECHM
2026-01-19,1647.1941049340048,1692.028974062386,1631.112032311868,1674.77734375,10621562,0.0,0.0,TECHM
2026-01-20,1671.5608447600164,1673.2177379477191,1632.5740028997245,1635.9853515625,1825981,0.0,0.0,TECHM
2026-01-21,1635.9854058774683,1651.3852565149207,1618.0514342306435,1643.9776611328125,1766163,0.0,0.0,TECHM
2026-01-22,1652.0675107270895,1669.2216982522325,1640.079008633106,1644.6600341796875,3123567,0.0,0.0,TECHM
2026-01-23,1655.96615399431,1666.3950868901406,1646.4143298819693,1658.012939453125,1831521,0.0,0.0,TECHM
2026-01-27,1676.4342177689357,1704.6996784173655,1656.9407966320878,1700.8984375,2932973,0.0,0.0,TECHM
2026-01-28,1703.7250576923996,1720.976688316802,1695.8302456944257,1718.2476806640625,2534826,0.0,0.0,TECHM
2026-01-29,1706.7464199263109,1731.6005312362936,1692.1263544498504,1723.6082763671875,1893136,0.0,0.0,TECHM
2026-01-30,1712.5944914858692,1715.421061348544,1687.1556006785963,1698.9490966796875,1672787,0.0,0.0,TECHM
2026-02-02,1670.2937263624608,1685.7910198120276,1665.9077066490968,1680.3328857421875,1030696,0.0,0.0,TECHM
2026-02-03,1798.2680548143705,1807.040094106148,1669.3190296338837,1673.0228271484375,2711705,0.0,0.0,TECHM
2026-02-04,1609.1819202246454,1614.0552755251442,1557.52435403936,1603.6263427734375,4823180,0.0,0.0,TECHM
2026-02-05,1588.8112380252012,1617.0766981766064,1588.7137947169106,1604.50341796875,1720981,0.0,0.0,TECHM
2026-02-06,1603.333848019562,1604.2110757442492,1559.4736515691789,1578.86962890625,1988639,0.0,0.0,TECHM
2026-02-09,1583.840485553369,1594.5618673017304,1572.7292115821144,1580.6240234375,933821,0.0,0.0,TECHM
2026-02-10,1583.840441124677,1616.4919209878626,1570.2924898633769,1602.9439697265625,1527966,0.0,0.0,TECHM
2026-02-11,1613.0806419147652,1616.0046551629491,1583.8405094329264,1593.00244140625,1521823,0.0,0.0,TECHM
2026-02-12,1564.347091440008,1570.195117950064,1489.297417894288,1497.6795654296875,5343729,0.0,0.0,TECHM
2026-02-13,1445.0472704940883,1508.790780763902,1427.3083050299551,1495.5352783203125,7058376,0.0,0.0,TECHM
2026-02-16,1487.3480605853533,1502.845354474944,1456.840808343716,1474.3848876953125,1873472,0.0,0.0,TECHM
2026-02-17,1474.38491311911,1508.3035147084388,1467.8546643947714,1485.203857421875,1781501,0.0,0.0,TECHM
2026-02-18,1485.983474193583,1489.8821584333555,1444.1700619263436,1466.68505859375,1989222,0.0,0.0,TECHM
2026-02-19,1468.6343865063313,1493.9758338197034,1435.0082352635873,1441.8309326171875,1108260,0.0,0.0,TECHM
2026-02-20,1427.893102805422,1439.881604433988,1416.29449339651,1419.998291015625,1599813,0.0,0.0,TECHM
2026-02-23,1422.5324225064478,1432.76646871153,1393.779626025502,1404.403564453125,2660793,0.0,0.0,TECHM
2026-02-24,1384.0329493662261,1387.1518492663938,1301.478355541166,1311.322509765625,7441035,0.0,0.0,TECHM
2026-02-25,1320.7767612607192,1362.2977256160254,1317.1705258436616,1327.30712890625,2683571,0.0,0.0,TECHM
2026-02-26,1331.790592094009,1361.2256112200141,1325.94256559387,1327.30712890625,1587449,0.0,0.0,TECHM
2026-02-27,1355.767479707542,1374.6761225588132,1319.7046495499726,1323.408447265625,2601590,0.0,0.0,TECHM
2026-03-02,1301.185906622473,1328.2818105464978,1288.7100690649931,1311.322509765625,1564363,0.0,0.0,TECHM
2026-03-04,1287.54044600114,1327.6968453251834,1287.54044600114,1316.9754638671875,1820421,0.0,0.0,TECHM
2026-03-05,1323.603257490986,1332.0828478526253,1285.883536256939,1299.5289306640625,1210010,0.0,0.0,TECHM
2026-03-06,1296.3124671953783,1325.0652625203886,1292.998561904613,1297.9693603515625,1033627,0.0,0.0,TECHM
2026-03-09,1271.945750741986,1306.4491305348056,1271.0685229802766,1302.4530029296875,1032250,0.0,0.0,TECHM
2026-03-10,1306.0592668456532,1313.7591922891556,1283.3493827486914,1302.745361328125,1069187,0.0,0.0,TECHM
2026-03-11,1309.860449203027,1321.0691662892568,1296.5073844176088,1300.60107421875,1499971,0.0,0.0,TECHM
2026-03-12,1300.6011254128366,1322.1413326916006,1293.3885355560294,1315.611083984375,3067753,0.0,0.0,TECHM
2026-03-13,1308.4958875916375,1308.4958875916375,1286.3709022978353,1299.0416259765625,1150005,0.0,0.0,TECHM
2026-03-16,1290.4644978157662,1312.297153598662,1282.5696859374982,1305.5718994140625,2062060,0.0,0.0,TECHM
2026-03-17,1306.9364929233923,1320.4844449172053,1284.8113877163782,1307.813720703125,1634005,0.0,0.0,TECHM
2026-03-18,1312.6869855915875,1369.1203428221559,1310.250308026247,1350.1142578125,2969039,0.0,0.0,TECHM
2026-03-19,1329.548813645286,1344.3638856401308,1297.3846675888738,1306.64404296875,1219405,0.0,0.0,TECHM
2026-03-20,1326.234820344752,1355.7674000875506,1321.2640218971198,1349.7244873046875,3397016,0.0,0.0,TECHM
2026-03-23,1331.4006236522873,1378.7696117962134,1323.2133632250711,1348.9447021484375,3647386,0.0,0.0,TECHM
2026-03-24,1378.1848321986852,1402.746494488095,1364.5394378204803,1396.4111328125,3988700,0.0,0.0,TECHM
2026-03-25,1386.372170583043,1392.5125270114963,1357.7168169817182,1372.82421875,4938929,0.0,0.0,TECHM
2026-03-27,1359.6660781279838,1385.007524745423,1350.406703402381,1356.3521728515625,2584016,0.0,0.0,TECHM
2026-03-30,1345.046018038182,1385.9822011958656,1332.4727379869282,1348.9447021484375,3048646,0.0,0.0,TECHM
2026-04-01,1376.8203490919684,1386.7620655331336,1359.6661618138685,1368.925537109375,1624500,0.0,0.0,TECHM
2026-04-02,1354.792723508498,1410.3489718825876,1348.4573618518036,1404.98828125,2501510,0.0,0.0,TECHM
2026-04-06,1398.653035580022,1427.7957254132245,1397.3859155522457,1412.7857666015625,1476736,0.0,0.0,TECHM
2026-04-07,1398.6529308432007,1444.4624693446854,1395.0466956163577,1436.080322265625,1673236,0.0,0.0,TECHM
2026-04-08,1446.4118253952167,1455.1838647675595,1409.179439206187,1414.6375732421875,2736951,0.0,0.0,TECHM
2026-04-09,1415.222405080851,1426.9184580154035,1397.28843345219,1424.5792236328125,1805451,0.0,0.0,TECHM
2026-04-10,1423.9943967334452,1423.9943967334452,1389.880910158722,1403.72119140625,2045026,0.0,0.0,TECHM
2026-04-13,1389.4910228139352,1402.9415308733173,1377.1127480905207,1399.0428466796875,1285567,0.0,0.0,TECHM
2026-04-15,1418.146345747407,1448.0686987158047,1413.2729906073816,1446.2169189453125,1678561,0.0,0.0,TECHM
2026-04-16,1452.0650614047113,1473.215376814926,1442.025901420895,1453.234619140625,1768783,0.0,0.0,TECHM
2026-04-17,1448.3612502603708,1483.9367453037783,1437.5424248784675,1473.117919921875,1859402,0.0,0.0,TECHM
2026-04-20,1472.6305279037063,1492.513841317365,1458.302791939005,1466.295166015625,1341688,0.0,0.0,TECHM
2026-04-21,1462.9812635740996,1472.630530880362,1451.2852108340003,1462.786376953125,2001948,0.0,0.0,TECHM
2026-04-22,1426.3336174277256,1464.73568002968,1368.5355774198156,1425.5538330078125,11668801,0.0,0.0,TECHM
2026-04-23,1432.9613047501925,1436.5676589583873,1378.0873969936933,1385.494873046875,4101549,0.0,0.0,TECHM
2026-04-24,1371.459690224622,1390.5632201172343,1313.2718727552126,1324.0906982421875,3693260,0.0,0.0,TECHM
2026-04-27,1328.3792487414287,1365.0268578300092,1325.7475654185482,1360.73828125,1834277,0.0,0.0,TECHM
2026-04-28,1357.2294810949656,1377.2102382672795,1348.554884673256,1372.434326171875,2009200,0.0,0.0,TECHM
2026-04-29,1378.1848479623422,1426.9183998704875,1369.6076952351495,1422.8248291015625,3334783,0.0,0.0,TECHM
2026-04-30,1422.7273477620297,1444.4625607410608,1408.9845091377047,1436.1778564453125,2635309,0.0,0.0,TECHM
2026-05-01,1436.1778564453125,1436.1778564453125,1436.1778564453125,1436.1778564453125,0,0.0,0.0,TECHM
2026-05-04,1446.411872839496,1454.599133651249,1418.341298335886,1434.325927734375,1483759,0.0,0.0,TECHM
2026-05-05,1427.893073228236,1446.2169363668247,1410.4464378210987,1415.417236328125,711081,0.0,0.0,TECHM
2026-05-06,1430.7197255302997,1443.0980008574127,1418.5363368310132,1429.550048828125,877900,0.0,0.0,TECHM
2026-05-07,1429.8424178587811,1438.517013923679,1407.4249839046215,1411.5185546875,1147147,0.0,0.0,TECHM
2026-05-08,1416.6843507444703,1432.5715362217152,1411.713552256836,1425.9437255859375,1360644,0.0,0.0,TECHM
2026-05-11,1423.0197166082546,1438.029674401035,1415.027461681677,1420.485595703125,1348443,0.0,0.0,TECHM
2026-05-12,1410.3490669276396,1410.3490669276396,1353.7207004064608,1357.619384765625,1474910,0.0,0.0,TECHM
2026-05-13,1357.6193655481663,1364.4420630801267,1336.8588240381264,1340.1727294921875,2142904,0.0,0.0,TECHM
2026-05-14,1335.2993961999368,1339.1980805684038,1293.680988157914,1309.3731689453125,2337353,0.0,0.0,TECHM
2026-05-15,1315.8059856048774,1352.5510385004068,1315.8059856048774,1335.7867431640625,5306932,0.0,0.0,TECHM
2026-05-18,1329.1589220242276,1401.2845829111923,1329.1589220242276,1393.7796630859375,6204623,0.0,0.0,TECHM
2026-05-19,1409.6668539928023,1468.6344553115377,1408.984512838435,1429.93994140625,6697277,0.0,0.0,TECHM
2026-05-20,1416.7818092236696,1439.1017999814733,1398.3605026513899,1402.5516357421875,2216454,0.0,0.0,TECHM
2026-05-21,1408.4971797453895,1413.2730919206647,1380.4267235135949,1384.032958984375,999422,0.0,0.0,TECHM
2026-05-22,1388.9062505632728,1393.0973836826483,1370.484943865385,1386.1771240234375,654078,0.0,0.0,TECHM
2026-05-25,1393.1947893220367,1408.3996335424558,1385.20241551628,1399.1402587890625,887430,0.0,0.0,TECHM
2026-05-26,1397.2884647399856,1428.672945537498,1393.682229262443,1421.752685546875,1725570,0.0,0.0,TECHM
2026-05-27,1423.1172210347179,1441.5385282543384,1414.3451813090323,1418.731201171875,1825192,0.0,0.0,TECHM
2026-05-28,1418.731201171875,1418.731201171875,1418.731201171875,1418.731201171875,0,0.0,0.0,TECHM
2026-05-29,1439.4917555002912,1458.6927283670382,1423.1172336096286,1446.314453125,3955137,0.0,0.0,TECHM
2026-06-01,1457.3280946632742,1522.9235033927669,1457.3280946632742,1504.1123046875,5243443,0.0,0.0,TECHM
2026-06-02,1523.3134404290147,1548.7523315825506,1514.6388441027586,1531.59814453125,4169279,0.0,0.0,TECHM
2026-06-03,1509.8629694913225,1515.321103827723,1430.4272752476386,1435.00830078125,3493572,0.0,0.0,TECHM
2026-06-04,1423.0197287220692,1461.714121699385,1416.294474701607,1449.6282958984375,2061503,0.0,0.0,TECHM
2026-06-05,1470.4862243985744,1485.3987396517948,1430.7197153539942,1445.924560546875,2201977,0.0,0.0,TECHM
2026-06-08,1431.8892902940534,1472.825476524922,1422.0451359723115,1465.320556640625,2467960,0.0,0.0,TECHM
2026-06-09,1478.0886139697202,1479.9405127186092,1435.8853108657408,1446.2169189453125,1330108,0.0,0.0,TECHM
2026-06-10,1442.5131543986788,1458.4003401094296,1433.9360015649486,1441.4410400390625,1082678,0.0,0.0,TECHM
2026-06-11,1419.900901866935,1444.3651226088136,1401.2845887293347,1427.9906005859375,2088978,0.0,0.0,TECHM
2026-06-12,1439.5892037465644,1441.148653699018,1388.9063069321967,1392.9998779296875,2460369,0.0,0.0,TECHM
2026-06-15,1404.6959341494671,1417.8539939284715,1387.5417466777053,1389.4910888671875,1926338,0.0,0.0,TECHM
2026-06-16,1398.7504517115378,1418.8286522872936,1386.8595120537962,1410.1541748046875,1987359,0.0,0.0,TECHM
2026-06-17,1418.1464190135193,1439.3942961131243,1417.1717479351594,1425.3590087890625,2126833,0.0,0.0,TECHM
2026-06-18,1417.1717252868953,1423.019751663595,1399.1403106254045,1411.03125,2273483,0.0,0.0,TECHM
2026-06-19,1315.8059883906765,1381.3038388880946,1309.957961775607,1373.8963623046875,5864187,0.0,0.0,TECHM
2026-06-22,1378.184920879689,1407.42505357162,1378.184920879689,1398.847900390625,2165308,0.0,0.0,TECHM
2026-06-23,1391.0505457250379,1396.9961346151827,1365.0268749576924,1379.744384765625,2402816,0.0,0.0,TECHM
2026-06-24,1384.032930588711,1429.355135710102,1384.032930588711,1424.5792236328125,3451553,0.0,0.0,TECHM
2026-06-25,1427.8930524399495,1438.6144337210685,1398.7503649801374,1400.69970703125,2553830,0.0,0.0,TECHM
2026-06-26,1400.69970703125,1400.69970703125,1400.69970703125,1400.69970703125,0,0.0,0.0,TECHM
2026-06-29,1403.2338624471308,1417.074262737794,1392.4150375927952,1397.4833984375,2466821,0.0,0.0,TECHM
2026-06-30,1401.5769545285245,1407.230094147885,1363.467340687163,1369.120361328125,2421536,0.0,0.0,TECHM
2026-07-01,1369.1204203711397,1369.1204203711397,1321.2640940728795,1327.6968994140625,3793024,0.0,0.0,TECHM
2026-07-02,1343.389192532353,1389.8809552969994,1338.6132804611077,1385.300048828125,3034626,0.0,0.0,TECHM
2026-07-03,1399.9000244140625,1445.0,1398.5,1410.0999755859375,2849871,36.0,0.0,TECHM
2026-07-06,1409.800048828125,1417.4000244140625,1391.0,1406.5,1158020,0.0,0.0,TECHM
2026-07-07,1398.5,1463.300048828125,1398.5,1447.5,4066916,0.0,0.0,TECHM
2026-07-08,1441.0,1452.9000244140625,1422.800048828125,1428.800048828125,1489170,0.0,0.0,TECHM
2026-07-09,1426.0,1436.300048828125,1399.0,1426.300048828125,1379708,0.0,0.0,TECHM
2026-07-10,1448.0,1478.9000244140625,1445.300048828125,1454.800048828125,1732609,0.0,0.0,TECHM
2026-07-13,1444.199951171875,1524.800048828125,1444.199951171875,1504.5,2285072,0.0,0.0,TECHM
2026-07-14,1509.0,1519.9000244140625,1480.0,1484.300048828125,2011058,0.0,0.0,TECHM
2026-07-15,1465.199951171875,1507.0,1453.0,1498.699951171875,1834279,0.0,0.0,TECHM
2026-07-16,1510.0,1538.300048828125,1504.199951171875,1510.300048828125,2903245,0.0,0.0,TECHM
2026-07-17,1540.0,1585.0,1527.300048828125,1572.9000244140625,10632264,0.0,0.0,TECHM
2026-07-20,1577.5999755859375,1608.0,1572.4000244140625,1576.4000244140625,2324331,0.0,0.0,TECHM
2026-07-21,1577.0,1614.5999755859375,1572.0,1576.300048828125,2624717,0.0,0.0,TECHM
2026-07-22,1574.0999755859375,1574.0999755859375,1551.5999755859375,1560.5999755859375,975901,0.0,0.0,TECHM
2026-07-23,1550.0,1567.5999755859375,1539.0,1555.800048828125,2424854,0.0,0.0,TECHM
2026-07-24,1549.0,1579.800048828125,1531.0999755859375,1559.5,1231512,0.0,0.0,TECHM
2026-07-27,1576.0,1599.5999755859375,1571.0,1575.0,1513324,0.0,0.0,TECHM
2026-07-28,1599.0,1643.9000244140625,1595.800048828125,1635.199951171875,5082959,0.0,0.0,TECHM
2026-07-29,1661.0,1673.0,1640.0999755859375,1644.199951171875,2189575,0.0,0.0,TECHM
2026-07-30,1649.0,1686.5999755859375,1638.0999755859375,1669.0,4167643,0.0,0.0,TECHM
2026-07-31,1620.0,1661.5,1610.5,1651.300048828125,3355677,0.0,0.0,TECHM
2026-08-03,1663.4000244140625,1670.0,1634.300048828125,1649.0,4154154,0.0,0.0,TECHM
2026-08-04,1652.9000244140625,1659.0,1640.0999755859375,1648.5,1978047,0.0,0.0,TECHM
2026-08-05,1663.0,1664.800048828125,1639.0,1650.0,2127405,0.0,0.0,TECHM
2026-08-06,1655.0,1670.0,1631.0,1632.199951171875,3585913,0.0,0.0,TECHM
2026-08-07,1639.800048828125,1681.5,1634.300048828125,1635.0,6089110,0.0,0.0,TECHM
2026-08-10,1644.0,1665.9000244140625,1630.800048828125,1640.0,2827966,0.0,0.0,TECHM
2026-08-11,1645.9000244140625,1660.300048828125,1640.0,1643.0,1923031,0.0,0.0,TECHM
2026-08-12,1654.0,1657.0,1622.0999755859375,1625.0,3746023,0.0,0.0,TECHM
2026-08-13,1634.699951171875,1652.800048828125,1626.300048828125,1639.0,3492955,0.0,0.0,TECHM
2026-08-14,1635.0,1652.0,1614.4000244140625,1632.800048828125,3398051,0.0,0.0,TECHM
2026-08-17,1621.0,1638.9000244140625,1604.199951171875,1610.0,1506025,0.0,0.0,TECHM
2026-08-18,1605.0,1608.0,1579.9000244140625,1592.0,1904893,0.0,0.0,TECHM
2026-08-19,1601.5,1610.699951171875,1575.800048828125,1589.800048828125,1752634,0.0,0.0,TECHM
2026-08-20,1601.5999755859375,1610.0,1588.699951171875,1592.0999755859375,1676285,0.0,0.0,TECHM
2026-08-21,1592.0999755859375,1602.0,1576.5,1584.0,1324911,0.0,0.0,TECHM
2026-08-24,1580.0999755859375,1599.0,1574.0999755859375,1584.0,2197042,0.0,0.0,TECHM
2026-08-25,1588.0999755859375,1599.9000244140625,1562.0,1599.9000244140625,1383429,0.0,0.0,TECHM
2026-08-26,1607.5,1614.9000244140625,1565.800048828125,1571.0,1639820,0.0,0.0,TECHM
2026-08-27,1571.5999755859375,1600.0,1571.5999755859375,1585.0,1979336,0.0,0.0,TECHM
2026-08-28,1600.0,1642.0,1598.0,1640.9000244140625,3415226,0.0,0.0,TECHM
2026-08-31,1640.0,1640.9000244140625,1609.0999755859375,1628.0,2975369,0.0,0.0,TECHM
2026-09-01,1630.0,1649.0,1613.699951171875,1638.0,2412137,0.0,0.0,TECHM
2026-09-02,1630.0,1637.199951171875,1604.5,1623.0,1508528,0.0,0.0,TECHM
2026-09-03,1623.0,1625.5999755859375,1592.0,1598.0,1647483,0.0,0.0,TECHM
2026-09-04,1605.0999755859375,1623.4000244140625,1586.9000244140625,1596.9000244140625,1173518,0.0,0.0,TECHM
2026-09-07,1575.0999755859375,1593.5999755859375,1545.300048828125,1564.0,2028588,0.0,0.0,TECHM
2026-09-08,1556.0999755859375,1569.9000244140625,1541.4000244140625,1559.0,1575629,0.0,0.0,TECHM
2026-09-09,1531.0,1531.0,1498.0,1508.0,1329200,0.0,0.0,TECHM
2026-09-10,1511.9000244140625,1544.699951171875,1498.0999755859375,1525.800048828125,1405653,0.0,0.0,TECHM
2026-09-11,1519.300048828125,1557.300048828125,1518.5999755859375,1541.0,2007328,0.0,0.0,TECHM
2026-09-14,1541.0,1541.0,1541.0,1541.0,0,0.0,0.0,TECHM
2026-09-15,1588.0,1633.199951171875,1575.9000244140625,1575.9000244140625,2577135,0.0,0.0,TECHM
2026-09-16,1578.199951171875,1589.199951171875,1548.0,1558.0,1472713,0.0,0.0,TECHM
2026-09-17,1545.0999755859375,1569.699951171875,1538.0,1561.0,2730331,0.0,0.0,TECHM
2026-09-18,1558.300048828125,1561.199951171875,1523.0999755859375,1537.0999755859375,3113722,0.0,0.0,TECHM
2026-09-21,1529.0,1560.5999755859375,1525.0999755859375,1558.5,970714,0.0,0.0,TECHM
2026-09-22,1553.699951171875,1558.699951171875,1530.9000244140625,1551.5999755859375,1013719,0.0,0.0,TECHM
2026-09-23,1540.0,1558.0,1539.300048828125,1557.0,851068,0.0,0.0,TECHM
2026-09-24,1549.9000244140625,1576.199951171875,1543.0,1543.0,1707105,0.0,0.0,TECHM
2026-09-25,1540.0,1554.699951171875,1526.5999755859375,1548.0,939846,0.0,0.0,TECHM
2026-09-28,1548.0,1557.0,1526.800048828125,1542.199951171875,1261918,0.0,0.0,TECHM
2026-09-29,1542.300048828125,1557.5,1510.5,1510.5,3218354,0.0,0.0,TECHM
2026-09-30,1524.5999755859375,1559.5,1518.0,1524.0,2794174,0.0,0.0,TECHM
2026-10-01,1540.0,1554.800048828125,1512.0,1533.0,2662773,0.0,0.0,TECHM
