Date,Open,High,Low,Close,Volume,Dividends,Stock Splits,Symbol
2021-10-04,2125.0479712019865,2139.116623864161,2103.4039640878923,2120.424072265625,870878,0.0,0.0,TITAN
2021-10-05,2120.4241984922924,2170.9431376269004,2095.533540791356,2157.169677734375,1329784,0.0,0.0,TITAN
2021-10-06,2158.497788621147,2169.0245985312863,2100.550975057343,2112.897705078125,895210,0.0,0.0,TITAN
2021-10-07,2218.510679552377,2345.6692185023303,2213.591587136518,2336.913330078125,8361061,0.0,0.0,TITAN
2021-10-08,2380.84105422123,2380.84105422123,2314.925206852295,2320.041015625,1845797,0.0,0.0,TITAN
2021-10-11,2338.5369441496264,2367.1661631010365,2319.4017193379577,2324.173095703125,1056932,0.0,0.0,TITAN
2021-10-12,2326.7312386566095,2467.2205978490356,2304.74279451123,2452.2666015625,3517011,0.0,0.0,TITAN
2021-10-13,2498.800793461106,2566.7335165739455,2449.7083408588855,2496.14453125,4023645,0.0,0.0,TITAN
2021-10-14,2533.6280175332213,2542.1871910750633,2491.373057886766,2522.56005859375,1546459,0.0,0.0,TITAN
2021-10-18,2577.604513508225,2634.5675095436964,2533.8245895192495,2546.909423828125,2572741,0.0,0.0,TITAN
2021-10-19,2595.313393298389,2595.313393298389,2428.802099964139,2444.690673828125,3546129,0.0,0.0,TITAN
2021-10-20,2446.8551369210372,2465.006540575191,2364.1159033213617,2372.3798828125,2868983,0.0,0.0,TITAN
2021-10-21,2394.5159030789487,2396.532779169994,2341.537417604888,2356.93408203125,2303014,0.0,0.0,TITAN
2021-10-22,2378.2827386517038,2454.57791113463,2359.196755885287,2372.97021484375,3063724,0.0,0.0,TITAN
2021-10-25,2366.0836615872063,2372.970391579352,2302.1354545172817,2340.65185546875,1446182,0.0,0.0,TITAN
2021-10-26,2351.326551599577,2428.5070759351925,2332.633997423681,2415.02880859375,2567357,0.0,0.0,TITAN
2021-10-27,2428.064307199771,2442.18220019976,2412.5199252663906,2420.292236328125,2082690,0.0,0.0,TITAN
2021-10-28,2430.031585177498,2430.031585177498,2321.8115550683788,2336.71630859375,3330380,0.0,0.0,TITAN
2021-10-29,2361.1642338985034,2365.0995076216673,2308.5791868107312,2344.98046875,1450019,0.0,0.0,TITAN
2021-11-01,2401.943921380231,2401.943921380231,2351.670934020256,2367.36279296875,1276469,0.0,0.0,TITAN
2021-11-02,2383.5953626311616,2424.9157370792846,2381.8736803624897,2414.2412109375,1546219,0.0,0.0,TITAN
2021-11-03,2422.16122904025,2431.6549818107846,2367.116630138865,2378.823974609375,1554405,0.0,0.0,TITAN
2021-11-04,2399.5335637513494,2405.2397596654464,2382.8086475628406,2392.40087890625,181506,0.0,0.0,TITAN
2021-11-08,2437.803843492779,2507.458243571421,2408.6829590700618,2495.70166015625,3449086,0.0,0.0,TITAN
2021-11-09,2488.0276363230923,2502.6374364710655,2450.8392506473865,2471.450439453125,1097405,0.0,0.0,TITAN
2021-11-10,2464.4655550076927,2485.9620871623365,2432.19625738714,2444.395751953125,911235,0.0,0.0,TITAN
2021-11-11,2443.805398268563,2501.653979888783,2436.2300430993873,2487.19189453125,1726010,0.0,0.0,TITAN
2021-11-12,2506.6222075929695,2520.297189465046,2482.1742203651065,2498.4072265625,1673817,0.0,0.0,TITAN
2021-11-15,2509.721229640446,2531.07004506115,2490.73348276587,2498.308837890625,846885,0.0,0.0,TITAN
2021-11-16,2508.835636133313,2510.0654092500813,2479.370080103488,2490.782470703125,1133767,0.0,0.0,TITAN
2021-11-17,2482.0757170601582,2497.915291748695,2450.7904794061496,2458.906982421875,892518,0.0,0.0,TITAN
2021-11-18,2451.6758653362767,2479.2227851715156,2416.7503062594556,2438.09912109375,739912,0.0,0.0,TITAN
2021-11-22,2452.069385202995,2452.069385202995,2314.925168291429,2352.60546875,1361329,0.0,0.0,TITAN
2021-11-23,2341.488121853342,2371.937257584807,2326.7800827393785,2349.0634765625,1247942,0.0,0.0,TITAN
2021-11-24,2361.164640699125,2366.329688350654,2326.730989688929,2337.405517578125,614145,0.0,0.0,TITAN
2021-11-25,2321.811613408246,2364.312523717368,2317.0399977029724,2359.0,662071,0.0,0.0,TITAN
2021-11-26,2339.3237601171654,2346.505683459317,2248.074591013228,2255.207275390625,1289322,0.0,0.0,TITAN
2021-11-29,2252.9442769652655,2296.6257205823695,2195.2924190420104,2286.5908203125,1094276,0.0,0.0,TITAN
2021-11-30,2298.5933925069726,2351.3261589254234,2298.5933925069726,2337.060791015625,2675375,0.0,0.0,TITAN
2021-12-01,2370.8055436123495,2402.4352079657156,2309.415133532758,2322.008056640625,2177426,0.0,0.0,TITAN
2021-12-02,2330.6659890268174,2383.3002779305466,2321.860861631402,2347.8828125,1682636,0.0,0.0,TITAN
2021-12-03,2366.0833748606824,2366.5260451256604,2316.941691266971,2330.911865234375,1062389,0.0,0.0,TITAN
2021-12-06,2323.140046880431,2341.340690194587,2280.8848476828025,2287.67333984375,547641,0.0,0.0,TITAN
2021-12-07,2298.6922813392594,2347.2438279113803,2287.7227994410077,2342.029541015625,904175,0.0,0.0,TITAN
2021-12-08,2346.407478717683,2378.873494146481,2338.6354074637984,2366.625,926476,0.0,0.0,TITAN
2021-12-09,2384.7760461428525,2384.7760461428525,2317.7289113836323,2334.748779296875,1250492,0.0,0.0,TITAN
2021-12-10,2346.800996203651,2346.800996203651,2259.1428954438497,2301.496337890625,2288164,0.0,0.0,TITAN
2021-12-13,2314.5314469106197,2347.390887992581,2302.2337159383196,2312.46533203125,992852,0.0,0.0,TITAN
2021-12-14,2304.7913352813666,2332.8793988543425,2281.2289324590433,2316.744873046875,765269,0.0,0.0,TITAN
2021-12-15,2316.9913021790107,2329.9284208115873,2279.950387435354,2285.55810546875,567271,0.0,0.0,TITAN
2021-12-16,2306.169083738342,2326.5340790195596,2287.6240086010826,2319.106201171875,998086,0.0,0.0,TITAN
2021-12-17,2298.1999139662275,2301.446562910098,2220.5767338385094,2243.49951171875,1591893,0.0,0.0,TITAN
2021-12-20,2223.1348220251225,2226.5289481260256,2169.319993135913,2203.1142578125,1063366,0.0,0.0,TITAN
2021-12-21,2214.8709056619746,2272.6210105767063,2214.8709056619746,2250.632568359375,883858,0.0,0.0,TITAN
2021-12-22,2268.980680380014,2270.7516017381568,2245.4182750751875,2262.53662109375,643034,0.0,0.0,TITAN
2021-12-23,2282.4590229554437,2299.7250864472812,2272.6208375116703,2292.19873046875,613686,0.0,0.0,TITAN
2021-12-24,2302.233720328389,2304.0044014397304,2272.6206880145996,2281.917724609375,534065,0.0,0.0,TITAN
2021-12-27,2268.832991894918,2306.070619085444,2249.3043383174722,2293.576171875,537545,0.0,0.0,TITAN
2021-12-28,2302.2340304776785,2346.358151120649,2289.837819887963,2341.3408203125,871453,0.0,0.0,TITAN
2021-12-29,2340.5044803411984,2377.3484393602535,2331.9945454147332,2363.27978515625,764644,0.0,0.0,TITAN
2021-12-30,2355.064735776319,2408.387649587842,2352.014802398938,2397.86083984375,1152684,0.0,0.0,TITAN
2021-12-31,2407.6991134528757,2493.9799496697074,2405.042851485324,2481.583740234375,2225749,0.0,0.0,TITAN
2022-01-03,2469.384515302742,2504.801982454494,2461.809160644409,2483.010498046875,921729,0.0,0.0,TITAN
2022-01-04,2484.1421306756315,2552.9601982973177,2483.5517434002213,2541.20361328125,1037293,0.0,0.0,TITAN
2022-01-05,2534.316390492337,2565.7985816785776,2518.673772822697,2534.4638671875,1244568,0.0,0.0,TITAN
2022-01-06,2498.8991692315276,2559.256534611636,2497.3742024091375,2553.89453125,1130508,0.0,0.0,TITAN
2022-01-07,2587.4426726922247,2643.7662822023503,2520.8874467881637,2531.06982421875,4625230,0.0,0.0,TITAN
2022-01-10,2543.1709576927033,2620.4499530137987,2529.3974979605186,2614.497802734375,1894316,0.0,0.0,TITAN
2022-01-11,2607.1191508523734,2635.403934092753,2591.6732476947727,2610.4150390625,1123968,0.0,0.0,TITAN
2022-01-12,2598.2648602779705,2628.7632361464357,2565.798847256701,2570.668701171875,1293999,0.0,0.0,TITAN
2022-01-13,2568.7501963005275,2586.360452010703,2546.122369983058,2576.86669921875,1023670,0.0,0.0,TITAN
2022-01-14,2583.5076224794498,2596.2972641748925,2546.9588578642765,2550.795654296875,1166457,0.0,0.0,TITAN
2022-01-17,2550.7956890624755,2562.1588419924697,2509.1308750491935,2555.51806640625,1172956,0.0,0.0,TITAN
2022-01-18,2555.9610182370393,2592.362310644572,2545.139012386151,2558.51904296875,1221314,0.0,0.0,TITAN
2022-01-19,2555.960657607684,2575.4403134288536,2529.4960340187254,2547.0078125,629040,0.0,0.0,TITAN
2022-01-20,2554.976726143116,2567.766367051803,2508.737255165555,2522.805908203125,1215237,0.0,0.0,TITAN
2022-01-21,2506.769616569367,2520.4445980719547,2464.465419743432,2487.24072265625,1457884,0.0,0.0,TITAN
2022-01-24,2479.2228179255835,2481.731603338882,2337.5529426155504,2364.165283203125,1411443,0.0,0.0,TITAN
2022-01-25,2347.391198650852,2368.7892533745135,2292.690787970882,2338.044921875,2849686,0.0,0.0,TITAN
2022-01-27,2289.345842961795,2322.205287562566,2223.4299978915583,2272.670166015625,2460051,0.0,0.0,TITAN
2022-01-28,2275.572346742089,2339.3238379573154,2270.6532539043415,2278.13037109375,1317407,0.0,0.0,TITAN
2022-01-31,2314.925010258292,2341.488110673495,2298.544527744945,2322.10693359375,900510,0.0,0.0,TITAN
2022-02-01,2340.307569040904,2402.5833300768513,2320.778675129031,2392.449951171875,1246431,0.0,0.0,TITAN
2022-02-02,2411.339265105012,2437.8038880136105,2402.2389435210785,2424.12890625,1144427,0.0,0.0,TITAN
2022-02-03,2440.3618521819462,2465.990372805866,2377.8893758209088,2434.901611328125,3883564,0.0,0.0,TITAN
2022-02-04,2469.3845322436755,2479.2227176311003,2390.6790491442753,2431.1630859375,2718069,0.0,0.0,TITAN
2022-02-07,2439.869976772591,2457.726187179797,2349.35867118264,2370.215576171875,1119632,0.0,0.0,TITAN
2022-02-08,2379.2664937679106,2425.112530584393,2362.0496705284677,2404.10791015625,1524580,0.0,0.0,TITAN
2022-02-09,2425.1126305925845,2454.627185934482,2416.307502953598,2444.59228515625,826261,0.0,0.0,TITAN
2022-02-10,2459.497351291514,2463.432625835932,2425.6540862855563,2451.528564453125,788689,0.0,0.0,TITAN
2022-02-11,2439.870108890367,2439.870108890367,2382.0707665930654,2402.73095703125,1030760,0.0,0.0,TITAN
2022-02-14,2341.4880442360823,2383.7922399932886,2313.2032621891126,2359.19677734375,816491,0.0,0.0,TITAN
2022-02-15,2382.75912252453,2459.3494873626228,2360.1805364188103,2455.512451171875,1293933,0.0,0.0,TITAN
2022-02-16,2469.3843177932645,2479.124024404954,2420.4393497413857,2447.78955078125,1008929,0.0,0.0,TITAN
2022-02-17,2468.892490531129,2496.439408138171,2446.756574596899,2452.856201171875,960885,0.0,0.0,TITAN
2022-02-18,2439.1812962190606,2459.054382216161,2420.9806536621495,2448.675048828125,654373,0.0,0.0,TITAN
2022-02-21,2447.7404059159153,2447.7404059159153,2372.035621061954,2414.635009765625,788568,0.0,0.0,TITAN
2022-02-22,2338.5368642264893,2417.242353977486,2338.5368642264893,2410.4541015625,874150,0.0,0.0,TITAN
2022-02-23,2412.3228553174517,2484.14160264134,2412.3228553174517,2455.315673828125,2096198,0.0,0.0,TITAN
2022-02-24,2363.1325409837896,2426.0969384121668,2356.2458100150607,2367.658203125,1875086,0.0,0.0,TITAN
2022-02-25,2384.2842404402195,2433.9670768925535,2384.2842404402195,2428.5068359375,1284338,0.0,0.0,TITAN
2022-02-28,2390.678924812972,2522.1661696016613,2390.678924812972,2505.343017578125,2355891,0.0,0.0,TITAN
2022-03-02,2508.737257161217,2562.650560764892,2483.5024078858005,2550.697021484375,3536974,0.0,0.0,TITAN
2022-03-03,2577.60467058063,2597.0843264344853,2518.575555987181,2532.594970703125,2153478,0.0,0.0,TITAN
2022-03-04,2523.494728022743,2523.494728022743,2390.679216021546,2401.501220703125,2652474,0.0,0.0,TITAN
2022-03-07,2375.7249461220445,2380.7915152875025,2292.2970898359263,2351.031005859375,1545686,0.0,0.0,TITAN
2022-03-08,2361.1644207959935,2380.348881714961,2287.968419827344,2332.879638671875,1467595,0.0,0.0,TITAN
2022-03-09,2354.2778898560728,2420.6856447935093,2336.56915520609,2394.27001953125,1581979,0.0,0.0,TITAN
2022-03-10,2457.578950523782,2464.219726310826,2405.28908614332,2427.86767578125,1051744,0.0,0.0,TITAN
2022-03-11,2437.902334746391,2457.7754211562687,2409.2241204681595,2453.25,812330,0.0,0.0,TITAN
2022-03-14,2449.7081745473733,2503.8181944670946,2434.9508963874496,2497.915283203125,1004492,0.0,0.0,TITAN
2022-03-15,2517.591827363897,2537.2681995980815,2502.0474452608732,2515.574951171875,1571483,0.0,0.0,TITAN
2022-03-16,2536.087318217876,2551.5332202697955,2524.4782121504895,2545.43359375,757197,0.0,0.0,TITAN
2022-03-17,2558.0268792509814,2677.609839860307,2558.0268792509814,2659.26171875,3336088,0.0,0.0,TITAN
2022-03-21,2695.662929835396,2723.2098502862686,2656.310186334149,2663.44287109375,1889261,0.0,0.0,TITAN
2022-03-22,2672.297124675469,2674.805910004942,2603.6265421497055,2668.853759765625,1279904,0.0,0.0,TITAN
2022-03-23,2685.8246661898816,2698.565068491485,2634.5186244117726,2646.471923828125,1281815,0.0,0.0,TITAN
2022-03-24,2650.4072077286614,2650.4072077286614,2570.2752338403598,2576.12890625,1835380,0.0,0.0,TITAN
2022-03-25,2588.4263797829617,2591.3778351761007,2477.2548933080566,2483.059326171875,2863040,0.0,0.0,TITAN
2022-03-28,2495.4558657485486,2504.359472069643,2442.82157092594,2494.865478515625,1316800,0.0,0.0,TITAN
2022-03-29,2508.737470459687,2517.5918380024855,2484.4371986858014,2497.71875,908172,0.0,0.0,TITAN
2022-03-30,2514.935260342588,2524.2322970584305,2469.384416103151,2482.321533203125,866666,0.0,0.0,TITAN
2022-03-31,2484.387801968989,2504.211649743934,2479.173515597963,2495.111328125,910316,0.0,0.0,TITAN
2022-04-01,2496.9314740481777,2508.7372966205094,2451.528344148115,2480.05908203125,1208002,0.0,0.0,TITAN
2022-04-04,2499.2437453934917,2520.543322593862,2468.154980701542,2476.271484375,1424995,0.0,0.0,TITAN
2022-04-05,2491.028564319592,2536.0875018701813,2479.271980705309,2507.9501953125,1586304,0.0,0.0,TITAN
2022-04-06,2505.7857327606716,2523.39598792784,2482.469282225293,2498.9482421875,1349078,0.0,0.0,TITAN
2022-04-07,2461.80908766122,2503.276941479339,2412.322968931025,2418.5703125,2785215,0.0,0.0,TITAN
2022-04-08,2428.4082593480716,2491.6675907232507,2425.11237161084,2469.3349609375,1217812,0.0,0.0,TITAN
2022-04-11,2462.4979092852172,2469.3354003880445,2437.3120575249245,2449.560791015625,660112,0.0,0.0,TITAN
2022-04-12,2439.8697484915865,2467.9085742303,2400.7629652244327,2447.93701171875,1182427,0.0,0.0,TITAN
2022-04-13,2451.872631919411,2455.561951616803,2401.599646290333,2421.52197265625,1165453,0.0,0.0,TITAN
2022-04-18,2395.5981491938205,2459.5463544084396,2371.002685649736,2453.102294921875,1109814,0.0,0.0,TITAN
2022-04-19,2468.794028283786,2479.812987548623,2401.5009394924273,2412.913330078125,929834,0.0,0.0,TITAN
2022-04-20,2413.356000823199,2464.465323465438,2403.17338335082,2442.526123046875,639190,0.0,0.0,TITAN
2022-04-21,2442.5262447936057,2484.092578169421,2426.0965231895825,2480.20654296875,880723,0.0,0.0,TITAN
2022-04-22,2474.303602140649,2485.56827626745,2436.4265887480387,2472.040771484375,878780,0.0,0.0,TITAN
2022-04-25,2431.015531220532,2448.7242643496174,2407.45312601179,2414.192138671875,682383,0.0,0.0,TITAN
2022-04-26,2420.1937987206998,2510.8525882349527,2419.2099801033337,2506.966552734375,1232557,0.0,0.0,TITAN
2022-04-27,2487.7329326468116,2496.735017406202,2447.986755272432,2452.0205078125,801135,0.0,0.0,TITAN
2022-04-28,2488.962436477916,2490.0447329515146,2436.9185316163184,2472.53271484375,933881,0.0,0.0,TITAN
2022-04-29,2480.2064577391498,2491.028461323097,2410.3553436973093,2418.422607421875,1496781,0.0,0.0,TITAN
2022-05-02,2395.5980879990598,2397.565725032324,2333.961954008088,2347.93212890625,1287401,0.0,0.0,TITAN
2022-05-04,2317.8765276047525,2368.0512741700504,2238.1872242363374,2252.895263671875,2357806,0.0,0.0,TITAN
2022-05-05,2271.637179940491,2271.637179940491,2215.7069956532737,2225.397705078125,2118580,0.0,0.0,TITAN
2022-05-06,2203.7536078098474,2203.7536078098474,2159.924442259363,2173.00927734375,1465638,0.0,0.0,TITAN
2022-05-09,2159.4816652421778,2177.5348312759247,2135.870020610828,2147.87255859375,968069,0.0,0.0,TITAN
2022-05-10,2144.724662022853,2150.6275739366774,2090.6146361461297,2102.764892578125,1092429,0.0,0.0,TITAN
2022-05-11,2092.7789340016493,2103.404223204593,2061.837886239956,2080.481201171875,1472911,0.0,0.0,TITAN
2022-05-12,2067.986666684146,2069.855825920529,2002.6119697168529,2015.401611328125,1362031,0.0,0.0,TITAN
2022-05-13,2022.8784729998217,2119.1452169294025,2022.8784729998217,2057.853271484375,2580348,0.0,0.0,TITAN
2022-05-16,2083.7273573352472,2117.177182712678,2062.771977516673,2075.46337890625,1370151,0.0,0.0,TITAN
2022-05-17,2110.2907380588335,2149.6434790948956,2076.8409081781806,2141.133544921875,1256142,0.0,0.0,TITAN
2022-05-18,2151.611291617991,2158.793215480797,2126.032007858472,2131.68896484375,1188772,0.0,0.0,TITAN
2022-05-19,2090.6145154751484,2121.2113698717844,2021.8456917244948,2077.775634765625,981115,0.0,0.0,TITAN
2022-05-20,2105.2732211781386,2120.670125615109,2094.7464107206074,2102.469482421875,1017542,0.0,0.0,TITAN
2022-05-23,2125.0481875001774,2164.4009317131436,2103.404178183046,2116.489013671875,1346294,0.0,0.0,TITAN
2022-05-24,2116.83311130382,2129.96718517295,2087.0236010490744,2105.61767578125,1150314,0.0,0.0,TITAN
2022-05-25,2125.047942086431,2145.708130412271,2071.9217435342703,2079.201904296875,1125068,0.0,0.0,TITAN
2022-05-26,2097.5013357950093,2116.0464131936255,2041.9155827591658,2107.290283203125,1382368,0.0,0.0,TITAN
2022-05-27,2120.129047384661,2124.998901334837,2089.0402840708757,2114.4228515625,865917,0.0,0.0,TITAN
2022-05-30,2128.9831745446995,2223.429747907126,2128.9831745446995,2219.39599609375,1691435,0.0,0.0,TITAN
2022-05-31,2218.4125385758894,2262.7828549822316,2141.3797317953104,2180.14208984375,7005071,0.0,0.0,TITAN
2022-06-01,2218.5108850097263,2267.60333579045,2144.7244919384493,2162.039794921875,2126105,0.0,0.0,TITAN
2022-06-02,2141.379750272346,2189.3409090254795,2141.379750272346,2185.011962890625,966727,0.0,0.0,TITAN
2022-06-03,2195.5385473862757,2208.6233819983718,2162.1871949764886,2168.7294921875,1228695,0.0,0.0,TITAN
2022-06-06,2168.729559755154,2173.205982286924,2130.901783774521,2162.974365234375,1285097,0.0,0.0,TITAN
2022-06-07,2138.3787025324336,2144.1831354810556,2054.21298363707,2066.805908203125,3255286,0.0,0.0,TITAN
2022-06-08,2071.9709898805154,2098.4848502884824,2062.6247141759955,2094.402099609375,1775344,0.0,0.0,TITAN
2022-06-09,2071.9217802948833,2119.145068734653,2068.970324767398,2105.076416015625,1035771,0.0,0.0,TITAN
2022-06-10,2073.8894210781596,2130.9508947131376,2073.8894210781596,2107.585205078125,927889,0.0,0.0,TITAN
2022-06-13,2073.8896071848694,2090.073375104248,2042.6041276912167,2068.380126953125,928411,0.0,0.0,TITAN
2022-06-14,2066.018935184497,2082.645372444,2039.111402024041,2067.986572265625,893733,0.0,0.0,TITAN
2022-06-15,2069.954491181862,2093.0742300329903,2056.1810297386364,2070.987548828125,783714,0.0,0.0,TITAN
2022-06-16,2091.991707328302,2110.2908287727128,2009.0067552153205,2027.600830078125,1265289,0.0,0.0,TITAN
2022-06-17,2007.9736324462137,2018.4512037810382,1879.6345524329745,1905.1153564453125,6066708,0.0,0.0,TITAN
2022-06-20,1906.6403356862115,1941.5166549856974,1874.6169940844268,1929.956787109375,1967950,0.0,0.0,TITAN
2022-06-21,1947.8624530154557,2059.870175620643,1934.679259872475,2044.4735107421875,3289922,0.0,0.0,TITAN
2022-06-22,2036.5043603838797,2037.4389399508725,1974.5237928939355,1998.3321533203125,1507811,0.0,0.0,TITAN
2022-06-23,2006.9896955411925,2014.6635277092146,1964.8330977690514,2008.3670654296875,1632845,0.0,0.0,TITAN
2022-06-24,2020.3206973630524,2042.8008078505834,2001.0377570773476,2012.499267578125,854618,0.0,0.0,TITAN
2022-06-27,2048.310219647582,2049.933424177901,1992.2325623373458,2007.2850341796875,1067849,0.0,0.0,TITAN
2022-06-28,1987.3135513332927,1989.2811885128306,1928.2844359471553,1936.2042236328125,3397585,0.0,0.0,TITAN
2022-06-29,1918.4461754192264,1922.6766432286788,1891.8830745288062,1904.8203125,2375427,0.0,0.0,TITAN
2022-06-30,1918.446058284369,1933.941199524358,1894.8344144900998,1909.837646484375,2489709,0.0,0.0,TITAN
2022-07-01,1864.3361791527084,1922.7257869187733,1795.5181186251664,1914.7076416015625,4064801,0.0,0.0,TITAN
2022-07-04,1922.3815603851513,1934.7776508292195,1896.8022765724522,1930.7440185546875,1023678,0.0,0.0,TITAN
2022-07-05,1935.1711281801681,1956.9134945692851,1909.1491750283697,1922.62744140625,1555345,0.0,0.0,TITAN
2022-07-06,1926.3167268485327,1992.7244791786022,1909.9361239214413,1980.9678955078125,1952701,0.0,0.0,TITAN
2022-07-07,2095.5337654230316,2136.4607181383217,2068.527990991164,2093.07421875,5915740,0.0,0.0,TITAN
2022-07-08,2112.8201425940124,2126.642330442758,2083.6948181984408,2117.114990234375,2039331,7.5,0.0,TITAN
2022-07-11,2125.654651840093,2146.239931484463,2099.5900558228536,2136.1201171875,1219508,0.0,0.0,TITAN
2022-07-12,2104.921619626614,2114.794610337808,2087.5944727205056,2102.947021484375,1096542,0.0,0.0,TITAN
2022-07-13,2102.946865589907,2114.5970419734344,2080.683224978637,2084.5830078125,1169721,0.0,0.0,TITAN
2022-07-14,2104.9217025178345,2112.8200953978267,2086.163019427854,2100.429443359375,767221,0.0,0.0,TITAN
2022-07-15,2107.8834622903237,2165.2948053742525,2105.118976754769,2161.888671875,1742573,0.0,0.0,TITAN
2022-07-18,2168.1089684814224,2218.7574639039144,2166.183783315738,2209.032470703125,2016386,0.0,0.0,TITAN
2022-07-19,2204.145165471944,2224.3847963307007,2188.5457920167446,2212.734619140625,867223,0.0,0.0,TITAN
2022-07-20,2251.0417953236833,2268.813177918344,2232.381940015211,2242.353515625,1620332,0.0,0.0,TITAN
2022-07-21,2255.9783418280103,2268.8132295495698,2235.2450616624137,2259.53271484375,1117118,0.0,0.0,TITAN
2022-07-22,2269.8006818086355,2300.357541431022,2254.102722182479,2295.470458984375,1185176,0.0,0.0,TITAN
2022-07-25,2309.5887112187474,2318.9680521748464,2283.622698048112,2299.271484375,1248393,0.0,0.0,TITAN
2022-07-26,2305.293955644076,2305.293955644076,2257.508776235493,2264.07421875,1142159,0.0,0.0,TITAN
2022-07-27,2256.077105747115,2281.6480541614765,2237.762660566115,2274.292724609375,1456382,0.0,0.0,TITAN
2022-07-28,2291.521023398558,2311.760653290704,2275.7736522514097,2304.99755859375,1126799,0.0,0.0,TITAN
2022-07-29,2325.0889973289386,2362.1127074774886,2309.341627487044,2322.176513671875,1239445,0.0,0.0,TITAN
2022-08-01,2334.764810175346,2350.8084195215783,2309.292446820752,2346.0693359375,581266,0.0,0.0,TITAN
2022-08-02,2339.8988622398656,2367.345825371993,2327.1133871288393,2354.658935546875,777687,0.0,0.0,TITAN
2022-08-03,2364.5811261426284,2395.088569099489,2325.089165789516,2385.709228515625,1207016,0.0,0.0,TITAN
2022-08-04,2399.0872195705933,2399.5808690835006,2340.836577047523,2392.8671875,1015590,0.0,0.0,TITAN
2022-08-05,2394.397554019652,2440.998019923989,2386.6474012752806,2401.901123046875,2443597,0.0,0.0,TITAN
2022-08-08,2428.7556385714956,2443.2688862525597,2402.246562929702,2415.871337890625,1576547,0.0,0.0,TITAN
2022-08-10,2438.5299262485405,2438.5299262485405,2386.4007271225482,2402.691162109375,1065998,0.0,0.0,TITAN
2022-08-11,2415.1307175088873,2454.425265134526,2415.1307175088873,2440.94873046875,1127878,0.0,0.0,TITAN
2022-08-12,2440.60312409538,2461.3364030622097,2430.6313077954155,2440.5537109375,761420,0.0,0.0,TITAN
2022-08-16,2429.841738032358,2467.7539243510155,2404.0731369452783,2462.17578125,1035928,0.0,0.0,TITAN
2022-08-17,2463.311116392346,2491.103488083215,2449.14327868575,2460.546630859375,863500,0.0,0.0,TITAN
2022-08-18,2460.5467997362634,2472.0981511434775,2435.963148253223,2447.21826171875,827663,0.0,0.0,TITAN
2022-08-19,2467.210803165164,2467.210803165164,2400.025057589934,2409.60205078125,751505,0.0,0.0,TITAN
2022-08-22,2409.009443079468,2426.7808242169394,2377.4158766128517,2386.89404296875,947292,0.0,0.0,TITAN
2022-08-23,2376.4289716828566,2470.1729745182183,2369.5178778723953,2448.69921875,1417877,0.0,0.0,TITAN
2022-08-24,2463.3111837085066,2463.3111837085066,2410.046447002211,2429.44677734375,672569,0.0,0.0,TITAN
2022-08-25,2441.5906365097467,2469.8274867486325,2425.4976132208662,2435.123779296875,732577,0.0,0.0,TITAN
2022-08-26,2451.513021951543,2523.5364414283204,2450.0320733356816,2500.729736328125,2398253,0.0,0.0,TITAN
2022-08-29,2426.0405568338883,2508.6280248005714,2426.0405568338883,2499.544921875,1149676,0.0,0.0,TITAN
2022-08-30,2512.6760677971693,2589.784219574569,2510.7014697085274,2571.568359375,1794736,0.0,0.0,TITAN
2022-09-01,2560.0169136668096,2613.528471673244,2533.0636025501244,2588.697998046875,1438313,0.0,0.0,TITAN
2022-09-02,2597.583685770114,2611.4058718593506,2573.937922775415,2579.41748046875,800453,0.0,0.0,TITAN
2022-09-05,2591.659731531276,2606.4692157114546,2577.6895478705533,2593.97998046875,733481,0.0,0.0,TITAN
2022-09-06,2598.274754955307,2613.281651690951,2577.837713667701,2598.225341796875,680071,0.0,0.0,TITAN
2022-09-07,2573.8886013470287,2607.851591960772,2567.3723312568104,2604.248046875,438635,0.0,0.0,TITAN
2022-09-08,2615.355196035157,2626.1166593160187,2582.774327228377,2593.33837890625,754150,0.0,0.0,TITAN
2022-09-09,2618.317208489224,2618.46520693803,2560.066561694026,2570.3837890625,777186,0.0,0.0,TITAN
2022-09-12,2583.564020769602,2635.792040430005,2576.8503394932327,2627.3505859375,808360,0.0,0.0,TITAN
2022-09-13,2645.961472605907,2688.415332054435,2638.0630801503676,2671.18701171875,1536444,0.0,0.0,TITAN
2022-09-14,2611.4058832771725,2677.554916993456,2611.4058832771725,2666.2998046875,915281,0.0,0.0,TITAN
2022-09-15,2679.6776522262585,2682.491550968373,2614.367915702706,2622.414306640625,753648,0.0,0.0,TITAN
2022-09-16,2614.3678626515984,2643.6411828246564,2571.1735295734234,2578.627685546875,1425731,0.0,0.0,TITAN
2022-09-19,2578.578317413746,2598.5711233590423,2520.1302613273097,2586.526123046875,808421,0.0,0.0,TITAN
2022-09-20,2608.6412557831422,2659.3391536372296,2601.631577812835,2649.910400390625,844553,0.0,0.0,TITAN
2022-09-21,2653.859691622817,2665.7072795318477,2622.907771794558,2632.78076171875,1052572,0.0,0.0,TITAN
2022-09-22,2626.2153353054123,2710.0863369975264,2616.342345323061,2702.829833984375,1352472,0.0,0.0,TITAN
2022-09-23,2702.8297524977797,2720.6997192032036,2633.1263489079242,2638.507080078125,1226889,0.0,0.0,TITAN
2022-09-26,2632.1388551988207,2643.9370287911765,2530.990131570646,2621.772216796875,1371409,0.0,0.0,TITAN
2022-09-27,2636.039113079101,2645.517280600611,2552.711167691761,2567.3232421875,1246270,0.0,0.0,TITAN
2022-09-28,2554.6362679315866,2601.0393228466723,2531.928389994417,2544.22021484375,1419969,0.0,0.0,TITAN
2022-09-29,2561.8929000153694,2572.950600579137,2485.3772277110133,2499.347412109375,1177076,0.0,0.0,TITAN
2022-09-30,2505.7651303367925,2603.9025650301933,2490.560820524515,2573.83935546875,1453944,0.0,0.0,TITAN
2022-10-03,2591.6599661245627,2591.6599661245627,2523.141509531324,2541.505126953125,1049142,0.0,0.0,TITAN
2022-10-04,2595.6091771599,2595.6091771599,2538.9874807781657,2552.266845703125,1291070,0.0,0.0,TITAN
2022-10-06,2565.052363921038,2586.7235300199222,2548.8113426370805,2559.91845703125,1409852,0.0,0.0,TITAN
2022-10-07,2655.834697170848,2710.1361500869803,2641.025210011903,2695.8203125,5284814,0.0,0.0,TITAN
2022-10-10,2675.5804481635028,2693.253004892275,2624.240897128631,2646.060302734375,1290447,0.0,0.0,TITAN
2022-10-11,2658.7964926727113,2659.783791778791,2583.169284731076,2591.16650390625,1067626,0.0,0.0,TITAN
2022-10-12,2596.596436637624,2611.3070956992324,2572.901260029524,2588.056396484375,1131702,0.0,0.0,TITAN
2022-10-13,2576.850226464125,2594.6216073362916,2558.091546654616,2565.644287109375,1038687,0.0,0.0,TITAN
2022-10-14,2606.4692582678176,2629.7696101743077,2574.6288667605686,2584.55126953125,1326916,0.0,0.0,TITAN
2022-10-17,2580.701039744786,2601.434320994786,2569.4953395026073,2591.66015625,1111199,0.0,0.0,TITAN
2022-10-18,2604.642695113086,2630.855531113662,2589.8332104844885,2607.555419921875,771852,0.0,0.0,TITAN
2022-10-19,2620.6372485198053,2642.99947489295,2606.4694111757144,2610.961669921875,1001916,0.0,0.0,TITAN
2022-10-20,2606.4694343174046,2610.418630430007,2548.564442732297,2598.077392578125,1022636,0.0,0.0,TITAN
2022-10-21,2616.342081541955,2645.615397472356,2606.518505707893,2631.793212890625,986521,0.0,0.0,TITAN
2022-10-24,2662.7454812742435,2665.6085520424886,2645.122097190267,2649.811767578125,184595,0.0,0.0,TITAN
2022-10-25,2663.0910071720646,2663.0910071720646,2628.1898917207136,2636.384521484375,505759,0.0,0.0,TITAN
2022-10-27,2665.7074439051303,2729.8818823695133,2645.9614628391664,2669.459228515625,2117791,0.0,0.0,TITAN
2022-10-28,2674.5437088615804,2704.1132671521636,2659.0431620102045,2701.64501953125,1003160,0.0,0.0,TITAN
2022-10-31,2715.072330693803,2755.551590896874,2703.4715670990204,2726.42626953125,1144647,0.0,0.0,TITAN
2022-11-01,2734.966124537581,2748.640311584041,2706.1864561967873,2719.959228515625,890107,0.0,0.0,TITAN
2022-11-02,2710.135990656898,2712.45623992457,2668.6694290512182,2693.796142578125,1704942,0.0,0.0,TITAN
2022-11-03,2670.6435983148276,2743.7037189341613,2670.6435983148276,2728.548583984375,1227960,0.0,0.0,TITAN
2022-11-04,2739.6558792118017,2746.122735823797,2711.7155105422253,2734.52197265625,1172058,0.0,0.0,TITAN
2022-11-07,2736.793190796044,2736.793190796044,2671.927686105272,2706.72998046875,1825529,0.0,0.0,TITAN
2022-11-09,2733.8310618073397,2733.8310618073397,2675.580418020184,2683.57763671875,1184702,0.0,0.0,TITAN
2022-11-10,2675.5804214564205,2676.6665468257015,2594.6218994787723,2607.456787109375,1198585,0.0,0.0,TITAN
2022-11-11,2637.0757221680105,2660.1784231683123,2607.9998137987163,2618.11962890625,833729,0.0,0.0,TITAN
2022-11-14,2624.2409557820283,2631.152049345036,2589.8828995751137,2596.399169921875,565428,0.0,0.0,TITAN
2022-11-15,2609.3817671492525,2635.2489519810265,2587.760016100659,2622.90771484375,1033296,0.0,0.0,TITAN
2022-11-16,2625.2280911191183,2644.1841840730567,2596.5964195725014,2610.71484375,835064,0.0,0.0,TITAN
2022-11-17,2604.494799483201,2611.4058925826635,2543.282260602246,2549.2060546875,1265647,0.0,0.0,TITAN
2022-11-18,2547.231512161786,2550.5882324673184,2512.6760459115294,2533.2119140625,1038751,0.0,0.0,TITAN
2022-11-21,2519.5870852474686,2546.194745482855,2507.3938460012964,2540.666015625,629040,0.0,0.0,TITAN
2022-11-22,2547.231446946814,2575.8631182497043,2528.472765748368,2573.0986328125,912070,0.0,0.0,TITAN
2022-11-23,2581.737621613695,2599.064768276836,2557.894445796424,2568.705322265625,992873,0.0,0.0,TITAN
2022-11-24,2577.837738985775,2585.0450700334886,2559.5727071316055,2577.0478515625,752066,0.0,0.0,TITAN
2022-11-25,2586.723443427082,2586.723443427082,2553.1552766039827,2562.435791015625,633047,0.0,0.0,TITAN
2022-11-28,2551.5757772821116,2575.369782750868,2546.2444583916,2559.326171875,665149,0.0,0.0,TITAN
2022-11-29,2564.163474729767,2606.4693328550934,2562.090291475235,2580.552734375,866621,0.0,0.0,TITAN
2022-11-30,2580.552954704322,2631.152032247544,2571.124200339525,2619.304443359375,1569918,0.0,0.0,TITAN
2022-12-01,2628.189905640345,2631.1518026038766,2596.5963380293415,2605.185791015625,539844,0.0,0.0,TITAN
2022-12-02,2614.367698046371,2617.7244181611795,2571.9138419225064,2584.64990234375,731396,0.0,0.0,TITAN
2022-12-05,2595.609249911935,2596.5471358186232,2556.364111956819,2582.4287109375,747114,0.0,0.0,TITAN
2022-12-06,2586.5259600083564,2590.6725675869316,2558.3879385997334,2583.761474609375,706596,0.0,0.0,TITAN
2022-12-07,2583.0703484364685,2590.4256775692984,2553.8462024517867,2563.867431640625,712914,0.0,0.0,TITAN
2022-12-08,2563.8675500183335,2580.7008054349185,2545.9973413856114,2550.68701171875,648288,0.0,0.0,TITAN
2022-12-09,2564.015582266697,2596.4976239549633,2535.3344972220607,2582.231201171875,935047,0.0,0.0,TITAN
2022-12-12,2580.305938209792,2580.305938209792,2538.3457306819882,2551.822265625,726330,0.0,0.0,TITAN
2022-12-13,2564.410277708115,2566.9773514755066,2532.4218871287208,2543.183349609375,832740,0.0,0.0,TITAN
2022-12-14,2542.1470642094505,2563.0283427741406,2538.4938648798134,2558.190673828125,767737,0.0,0.0,TITAN
2022-12-15,2552.1679565979957,2555.771501590812,2482.612789122269,2490.6591796875,1225728,0.0,0.0,TITAN
2022-12-16,2468.247265371414,2487.9932434943853,2448.5012872484426,2451.315185546875,1177053,0.0,0.0,TITAN
2022-12-19,2451.660912827804,2493.176885412196,2437.3450768359316,2489.770751953125,572224,0.0,0.0,TITAN
2022-12-20,2484.8339814930214,2485.6238688406097,2450.5747570194003,2476.293701171875,597902,0.0,0.0,TITAN
2022-12-21,2483.0570350173502,2495.8919222758896,2449.4888683411714,2457.979736328125,519326,0.0,0.0,TITAN
2022-12-22,2460.1516581792002,2477.330564096336,2433.6919971824027,2451.46337890625,557608,0.0,0.0,TITAN
2022-12-23,2436.3083895513873,2473.184105261326,2423.819153060501,2451.512939453125,1310439,0.0,0.0,TITAN
2022-12-26,2456.1533332165654,2480.49015958781,2438.875598986321,2449.587890625,1076808,0.0,0.0,TITAN
2022-12-27,2466.273127388149,2487.8948810482034,2454.030715085256,2471.752685546875,791283,0.0,0.0,TITAN
2022-12-28,2471.0121990432826,2563.028425590734,2465.779465682919,2547.379638671875,2443430,0.0,0.0,TITAN
2022-12-29,2522.549062392906,2555.9692315141124,2509.911586396832,2520.8212890625,1583143,0.0,0.0,TITAN
2022-12-30,2531.4345182416987,2576.8502701290304,2520.6236429025626,2564.509033203125,1057182,0.0,0.0,TITAN
2023-01-02,2573.888684435289,2582.7743760961707,2524.3263191570027,2533.16259765625,697408,0.0,0.0,TITAN
2023-01-03,2535.383853950555,2585.736103386489,2522.598379997821,2580.40478515625,852511,0.0,0.0,TITAN
2023-01-04,2585.538943867702,2592.894273990525,2552.7606617961856,2564.558837890625,832054,0.0,0.0,TITAN
2023-01-05,2558.0916822766358,2586.723352977532,2511.342978699083,2529.558837890625,1544601,0.0,0.0,TITAN
2023-01-06,2527.485768163279,2551.5757704751545,2485.031905651161,2505.864013671875,879019,0.0,0.0,TITAN
2023-01-09,2497.8169766279343,2497.8169766279343,2436.456442164365,2453.09228515625,2324487,0.0,0.0,TITAN
2023-01-10,2463.3107327018174,2466.9636903900546,2424.8060759581817,2436.85107421875,948787,0.0,0.0,TITAN
2023-01-11,2441.590569825083,2456.9925315419655,2400.1240093994243,2406.442626953125,1000412,0.0,0.0,TITAN
2023-01-12,2418.8825991585504,2443.565074660168,2401.111216797385,2415.52587890625,874520,0.0,0.0,TITAN
2023-01-13,2425.6952406616556,2425.6952406616556,2369.5180141585806,2386.49951171875,1416869,0.0,0.0,TITAN
2023-01-16,2397.1620340312243,2403.8757156129127,2361.619269111486,2375.29345703125,737012,0.0,0.0,TITAN
2023-01-17,2374.454459070768,2387.1905217076473,2355.6957751945333,2377.366943359375,926137,0.0,0.0,TITAN
2023-01-18,2387.289146846335,2398.988737220129,2382.155239899789,2393.311767578125,601233,0.0,0.0,TITAN
2023-01-19,2362.1128978269894,2381.167817060262,2337.1341844925832,2354.757568359375,1116874,0.0,0.0,TITAN
2023-01-20,2359.5951585414546,2366.506251429275,2323.114509291562,2341.18212890625,1229902,0.0,0.0,TITAN
2023-01-23,2353.6715223399256,2354.0171734233927,2325.681738892738,2334.666015625,932554,0.0,0.0,TITAN
2023-01-24,2342.366933447518,2360.2371421902662,2333.974891747074,2340.63916015625,714000,0.0,0.0,TITAN
2023-01-25,2339.8986556415584,2339.8986556415584,2303.9116549051573,2326.6689453125,650664,0.0,0.0,TITAN
2023-01-27,2338.318931776103,2338.318931776103,2273.3548482800297,2301.640869140625,1238620,0.0,0.0,TITAN
2023-01-30,2302.3812708065184,2313.0935613854945,2258.0022289103813,2305.88623046875,1401847,0.0,0.0,TITAN
2023-01-31,2317.190794702082,2356.1396927450796,2305.9848544344927,2346.957763671875,1252600,0.0,0.0,TITAN
2023-02-01,2377.959166203475,2379.193290011365,2270.8372196785895,2316.104736328125,1521514,0.0,0.0,TITAN
2023-02-02,2311.3163658628127,2354.708108586671,2240.7739007129026,2278.784912109375,1788381,0.0,0.0,TITAN
2023-02-03,2290.632410985115,2438.6284285099464,2290.632410985115,2431.816162109375,3693638,0.0,0.0,TITAN
2023-02-06,2443.417090863062,2448.4521712716805,2416.513192405101,2426.781005859375,1049075,0.0,0.0,TITAN
2023-02-07,2425.1025323780786,2428.508665650553,2401.2099452740154,2415.82177734375,563195,0.0,0.0,TITAN
2023-02-08,2415.920765715263,2448.5016342353297,2415.920765715263,2435.419921875,539085,0.0,0.0,TITAN
2023-02-09,2435.666625688227,2444.2066655966723,2420.4623175497877,2431.273193359375,464715,0.0,0.0,TITAN
2023-02-10,2420.8567857346316,2440.6027627797753,2411.0332103626242,2437.147216796875,597337,0.0,0.0,TITAN
2023-02-13,2448.5013484649057,2491.893088267044,2444.700151165289,2487.055419921875,1856317,0.0,0.0,TITAN
2023-02-14,2496.829806031248,2496.829806031248,2448.5015672564646,2475.059814453125,843477,0.0,0.0,TITAN
2023-02-15,2471.653490157848,2496.1385521473744,2451.7595128762346,2492.23876953125,707224,0.0,0.0,TITAN
2023-02-16,2497.8663614586108,2513.317493721285,2486.1176002850552,2490.36279296875,704946,0.0,0.0,TITAN
2023-02-17,2483.0569480479344,2513.515218160582,2464.2982673270953,2468.543701171875,607239,0.0,0.0,TITAN
2023-02-20,2468.247360056396,2475.405277400559,2434.9754338507914,2442.7255859375,460090,0.0,0.0,TITAN
2023-02-21,2454.376047942374,2454.376047942374,2419.376344502664,2432.31005859375,750272,0.0,0.0,TITAN
2023-02-22,2420.807795879405,2431.5200867154185,2383.7346692866977,2400.6669921875,1098118,0.0,0.0,TITAN
2023-02-23,2401.6050115152398,2401.6050115152398,2349.7718098278606,2364.087646484375,1602078,0.0,0.0,TITAN
2023-02-24,2369.517867315564,2383.09323009706,2347.747873701638,2368.62939453125,1145691,0.0,0.0,TITAN
2023-02-27,2368.6293550886644,2381.365416997475,2343.4532281676716,2370.505126953125,862629,0.0,0.0,TITAN
2023-02-28,2370.603695493969,2394.2000448812114,2333.5799834597233,2342.6630859375,1430349,0.0,0.0,TITAN
2023-03-01,2339.89894459184,2365.618135207661,2336.295399173273,2352.141357421875,479935,0.0,0.0,TITAN
2023-03-02,2352.0919557471607,2363.8901310239976,2321.8805088178656,2328.989013671875,529609,0.0,0.0,TITAN
2023-03-03,2339.8983944654533,2371.49195928524,2328.347045536173,2365.6669921875,710845,0.0,0.0,TITAN
2023-03-06,2381.908590864797,2395.5825393439636,2362.212021209505,2372.924072265625,682556,0.0,0.0,TITAN
2023-03-08,2365.9632388803716,2370.7023223117585,2342.120064328419,2366.654541015625,858496,0.0,0.0,TITAN
2023-03-09,2370.3075296684265,2377.3666212283656,2334.962176630291,2338.1708984375,601071,0.0,0.0,TITAN
2023-03-10,2324.9412287669643,2349.722289919251,2308.3051436128576,2345.328857421875,543004,0.0,0.0,TITAN
2023-03-13,2342.613783298185,2346.7603910336875,2291.521058280513,2302.38134765625,631722,0.0,0.0,TITAN
2023-03-14,2307.2686117019616,2361.47147757751,2299.271633518234,2325.681884765625,1470817,0.0,0.0,TITAN
2023-03-15,2349.7718850879346,2383.192056424127,2349.7224719244014,2368.62939453125,1656307,0.0,0.0,TITAN
2023-03-16,2382.8462058594546,2450.476189328016,2382.3525563450853,2419.228271484375,2317115,0.0,0.0,TITAN
2023-03-17,2435.814877145321,2442.577972393462,2416.3157199283564,2424.4609375,1625905,0.0,0.0,TITAN
2023-03-20,2430.730310129412,2443.515784876842,2410.5400923576235,2428.706298828125,918922,0.0,0.0,TITAN
2023-03-21,2443.5650658229447,2489.5238832487057,2436.7033858662703,2482.119140625,1652107,0.0,0.0,TITAN
2023-03-22,2485.969278840333,2491.9424855417624,2463.31081673007,2476.293701171875,754732,0.0,0.0,TITAN
2023-03-23,2478.1203163898845,2495.8916971448716,2462.3729466510595,2487.055419921875,610778,0.0,0.0,TITAN
2023-03-24,2484.834242914544,2487.6973136810175,2443.5156821595933,2461.68212890625,838919,0.0,0.0,TITAN
2023-03-27,2448.501496809944,2478.120466529419,2435.4691983413336,2462.718505859375,728727,0.0,0.0,TITAN
2023-03-28,2471.1105339097994,2475.3065545973554,2462.224843042033,2468.543701171875,599191,0.0,0.0,TITAN
2023-03-29,2468.5440274947678,2492.9302674475775,2462.3239948571318,2483.106689453125,710603,0.0,0.0,TITAN
2023-03-31,2494.855498868395,2504.53107859117,2468.247835410634,2482.95849609375,848456,0.0,0.0,TITAN
2023-04-03,2493.8184248850503,2512.3302809658107,2481.3786022226545,2505.17236328125,701713,0.0,0.0,TITAN
2023-04-05,2527.485277495381,2548.7122046305963,2517.7111144397286,2540.02392578125,1438377,0.0,0.0,TITAN
2023-04-06,2550.193259133946,2551.1805581115436,2512.675897985247,2516.08203125,1192271,0.0,0.0,TITAN
2023-04-10,2535.383974521005,2568.9521424079653,2528.5222942932496,2550.884521484375,1497452,0.0,0.0,TITAN
2023-04-11,2550.8843065517694,2570.432874411483,2543.282152672933,2547.28076171875,820568,0.0,0.0,TITAN
2023-04-12,2547.28109667213,2560.510808224815,2531.582896324287,2555.03125,553807,0.0,0.0,TITAN
2023-04-13,2555.130063747649,2566.928239752121,2544.56601161477,2552.809814453125,481459,0.0,0.0,TITAN
2023-04-17,2566.977620506013,2579.0720342949353,2549.502474912839,2572.506591796875,1044487,0.0,0.0,TITAN
2023-04-18,2569.98882049987,2574.530251470979,2527.5843748372035,2544.960693359375,674756,0.0,0.0,TITAN
2023-04-19,2547.280945185523,2562.9789035599892,2529.460149243818,2536.66748046875,687292,0.0,0.0,TITAN
2023-04-20,2544.9111919679003,2585.7361023712383,2537.8521004754743,2546.490966796875,995472,0.0,0.0,TITAN
2023-04-21,2560.6588897321553,2561.5967756133564,2526.74507125022,2535.68017578125,409932,0.0,0.0,TITAN
2023-04-24,2538.44452202417,2602.914953046803,2537.3583967224963,2596.152099609375,1026391,0.0,0.0,TITAN
2023-04-25,2601.385047462168,2603.5076440438525,2581.737651372042,2599.755859375,630987,0.0,0.0,TITAN
2023-04-26,2599.5583947213117,2614.02222936603,2592.3016502988557,2607.456787109375,631279,0.0,0.0,TITAN
2023-04-27,2607.4567667730785,2640.037635119732,2598.077425885406,2629.62158203125,620037,0.0,0.0,TITAN
2023-04-28,2638.5071025055886,2645.2701969130057,2586.2296698887294,2608.2958984375,1567472,0.0,0.0,TITAN
2023-05-02,2623.253263319198,2640.0373451695655,2599.952912099247,2630.016357421875,726439,0.0,0.0,TITAN
2023-05-03,2641.0249311263215,2645.467776804852,2609.5301881766623,2620.341064453125,808211,0.0,0.0,TITAN
2023-05-04,2645.66508320871,2660.030331872732,2622.809207764981,2636.483154296875,1936641,0.0,0.0,TITAN
2023-05-05,2636.680677118467,2730.868900705184,2632.4352434177295,2698.189208984375,2190777,0.0,0.0,TITAN
2023-05-08,2698.239018941911,2734.8184986937754,2698.1896057790973,2716.306640625,848638,0.0,0.0,TITAN
2023-05-09,2718.3305858627737,2754.56441363343,2703.669098212993,2713.49267578125,893686,0.0,0.0,TITAN
2023-05-10,2724.9453272428823,2732.547481578317,2701.44756208261,2710.580078125,522149,0.0,0.0,TITAN
2023-05-11,2722.9707523463294,2729.881845626396,2709.1979789461575,2722.82275390625,621067,0.0,0.0,TITAN
2023-05-12,2725.7351278763144,2749.134065972376,2721.835345033603,2737.9775390625,705516,0.0,0.0,TITAN
2023-05-15,2738.767512481514,2766.5107116734735,2729.141346927551,2744.2470703125,772914,0.0,0.0,TITAN
2023-05-16,2749.6277154054856,2765.227087815745,2739.310489061923,2754.81103515625,548885,0.0,0.0,TITAN
2023-05-17,2749.627751376738,2754.564246442046,2715.1216990781923,2727.314697265625,539547,0.0,0.0,TITAN
2023-05-18,2746.665721503982,2746.665721503982,2681.6028161056934,2687.27978515625,612441,0.0,0.0,TITAN
2023-05-19,2685.404046900658,2685.404046900658,2648.972807773831,2667.33642578125,846419,0.0,0.0,TITAN
2023-05-22,2667.2872679065863,2699.275661406377,2666.79361837085,2678.09814453125,559506,0.0,0.0,TITAN
2023-05-23,2685.4038448454444,2691.771875135324,2643.295639256278,2649.367431640625,713749,0.0,0.0,TITAN
2023-05-24,2641.0246001946452,2687.4276492447943,2636.0881056148423,2672.864990234375,814553,0.0,0.0,TITAN
2023-05-25,2679.9738402667567,2685.4533981658283,2647.936034514982,2673.556396484375,651488,0.0,0.0,TITAN
2023-05-26,2673.5564418338354,2724.6491681986736,2664.8681618962005,2707.322021484375,811400,0.0,0.0,TITAN
2023-05-29,2710.135639226959,2785.960247395801,2710.135639226959,2776.531494140625,1107678,0.0,0.0,TITAN
2023-05-30,2793.5623447605376,2805.804755174465,2762.166190327671,2766.9052734375,1263691,0.0,0.0,TITAN
2023-05-31,2766.90563421132,2796.129782999289,2754.6632222011176,2787.39208984375,1394580,0.0,0.0,TITAN
2023-06-01,2787.391868500233,2801.608877514726,2778.9504139429696,2791.341064453125,538550,0.0,0.0,TITAN
2023-06-02,2794.0562810427978,2834.535541651545,2790.5513212455426,2825.30419921875,1116501,0.0,0.0,TITAN
2023-06-05,2838.484606282306,2838.484606282306,2803.9291415101734,2819.4296875,724102,0.0,0.0,TITAN
2023-06-06,2824.613152793461,2856.2561353736046,2821.9969067417924,2844.852783203125,1148132,0.0,0.0,TITAN
2023-06-07,2858.230633633516,2873.040118781876,2833.548158386249,2870.02880859375,862821,0.0,0.0,TITAN
2023-06-08,2869.9793722570294,2884.739685167527,2834.5848476621773,2840.459228515625,560514,0.0,0.0,TITAN
2023-06-09,2853.2941112559756,2882.8636681110324,2826.8838629943502,2839.71875,727880,0.0,0.0,TITAN
2023-06-12,2848.308364616995,2848.802014145206,2797.265051607934,2816.369384765625,1112274,0.0,0.0,TITAN
2023-06-13,2823.576037897061,2880.938200610247,2818.8371959917536,2875.508056640625,776313,0.0,0.0,TITAN
2023-06-14,2882.9131597425676,2891.008963558542,2860.2052821144584,2870.127685546875,617700,0.0,0.0,TITAN
2023-06-15,2874.076739780103,2887.5038612648086,2863.167037858924,2871.0654296875,564711,0.0,0.0,TITAN
2023-06-16,2874.817138266286,2922.404899571624,2874.817138266286,2916.77734375,1022389,0.0,0.0,TITAN
2023-06-19,2929.3162212302495,2985.9870891212436,2925.7126761876298,2930.89599609375,1382633,0.0,0.0,TITAN
2023-06-20,2934.9440020176894,2948.4207794284694,2910.8540002651157,2936.2275390625,672298,0.0,0.0,TITAN
2023-06-21,2936.227084217707,2947.0873726932937,2920.5782994074257,2933.364013671875,509602,0.0,0.0,TITAN
2023-06-22,2937.2148172009142,2946.8409834085473,2918.258722723077,2932.525146484375,496441,0.0,0.0,TITAN
2023-06-23,2934.74634301977,2943.1383847071265,2894.76073262707,2901.81982421875,869340,0.0,0.0,TITAN
2023-06-26,2902.659169810205,2943.138430341572,2902.659169810205,2934.84521484375,839713,0.0,0.0,TITAN
2023-06-27,2935.240102467357,2951.234299015524,2903.3502946530393,2937.90576171875,913730,0.0,0.0,TITAN
2023-06-28,2956.9606855480783,3005.733162710143,2947.137108106223,2989.640380859375,1525117,0.0,0.0,TITAN
2023-06-30,3007.312703483906,3028.9838679619197,2990.6766191974366,3008.941650390625,946112,0.0,0.0,TITAN
2023-07-03,3011.3606250414673,3015.2109945321276,2987.8628618139087,2999.71044921875,429100,0.0,0.0,TITAN
2023-07-04,3002.870010408324,3050.7540135333625,3000.4017628245592,3035.598876953125,1291238,0.0,0.0,TITAN
2023-07-05,3035.9445265199156,3074.350362488263,3024.0969381237405,3060.47900390625,643663,0.0,0.0,TITAN
2023-07-06,3060.627183012892,3072.3267736606585,3042.263323498888,3066.94580078125,976956,0.0,0.0,TITAN
2023-07-07,3100.118919159013,3169.2298504778446,3086.6915560868633,3104.068115234375,3630808,0.0,0.0,TITAN
2023-07-10,3114.9284845260836,3114.9284845260836,2991.762928759165,3006.86865234375,1777220,0.0,0.0,TITAN
2023-07-11,3023.9488709725065,3058.6523347784932,3006.1280756235687,3048.384521484375,1141925,0.0,0.0,TITAN
2023-07-12,3074.449119406487,3084.3221095137656,3048.4336940578896,3057.17138671875,1300168,0.0,0.0,TITAN
2023-07-13,3084.360474727965,3085.0044433692838,3050.0398238125495,3055.43798828125,932018,10.0,0.0,TITAN
2023-07-14,3064.2534463848842,3067.9184817303626,3013.688726753088,3026.515625,721349,0.0,0.0,TITAN
2023-07-17,3040.828231057502,3043.750151188993,2991.3033413008648,3004.62548828125,866575,0.0,0.0,TITAN
2023-07-18,3004.625468965561,3011.063704592535,2935.241050498411,2967.97705078125,1359863,0.0,0.0,TITAN
2023-07-19,2981.497456653359,2988.7278969722024,2956.6854389638975,2967.1845703125,568891,0.0,0.0,TITAN
2023-07-20,2973.7221624318768,2987.9359032707316,2937.8166154627183,2960.895263671875,1021556,0.0,0.0,TITAN
2023-07-21,2962.331199068159,2976.445792259406,2941.7783703861683,2948.0185546875,599594,0.0,0.0,TITAN
2023-07-24,2949.702320196434,2964.4606400466887,2923.206505198027,2950.890869140625,523141,0.0,0.0,TITAN
2023-07-25,2951.683382252806,3004.080618048391,2944.50227335303,3000.2177734375,874788,0.0,0.0,TITAN
2023-07-26,3015.96641426544,3015.96641426544,2966.5406747105753,2979.763916015625,588487,0.0,0.0,TITAN
2023-07-27,2985.310494841205,2995.364191589619,2955.2983661641406,2973.5732421875,595544,0.0,0.0,TITAN
2023-07-28,2979.56587520558,2981.3983928730227,2923.6523224807997,2958.616943359375,837051,0.0,0.0,TITAN
2023-07-31,2921.968429827278,2989.2727051264387,2921.968429827278,2975.5048828125,656048,0.0,0.0,TITAN
2023-08-01,2996.1073620693746,2998.732084506703,2959.3102237681956,2973.375244140625,602288,0.0,0.0,TITAN
2023-08-02,2977.0895381255846,2977.139111378441,2931.8734114642402,2948.8603515625,1152335,0.0,0.0,TITAN
2023-08-03,2910.0328816841507,2958.567272525508,2855.6050774619202,2874.523681640625,3319847,0.0,0.0,TITAN
2023-08-04,2892.203801755662,2907.903287522946,2870.4624249207027,2876.801513671875,709334,0.0,0.0,TITAN
2023-08-07,2892.203996102626,2892.203996102626,2855.0603286879427,2877.0,580359,0.0,0.0,TITAN
2023-08-08,2890.272581367672,2904.139550572315,2877.0000075715293,2893.49169921875,474417,0.0,0.0,TITAN
2023-08-09,2896.215473786784,2933.8543889727953,2890.4209651153765,2927.812255859375,600081,0.0,0.0,TITAN
2023-08-10,2929.892586622723,2967.03625531723,2889.2821755167283,2960.15234375,970990,0.0,0.0,TITAN
2023-08-11,2960.102535299955,3038.3022845472947,2951.6833043981483,2988.579345703125,1823274,0.0,0.0,TITAN
2023-08-14,2991.6502588683707,2991.6502588683707,2959.95432787081,2982.042236328125,542561,0.0,0.0,TITAN
2023-08-16,2976.4461474171167,2987.2424776461608,2949.752277753687,2982.48828125,544441,0.0,0.0,TITAN
2023-08-17,2989.322268327297,3050.1883078984406,2983.3792817103445,3042.5615234375,1699758,0.0,0.0,TITAN
2023-08-18,3041.422542299572,3050.237875704012,3006.1607250403235,3021.4638671875,860782,0.0,0.0,TITAN
2023-08-21,3022.0086790749606,3053.2093586524306,3021.0181813105964,3049.04931640625,706621,0.0,0.0,TITAN
2023-08-22,3055.6362538239214,3061.628814101796,3011.212570927874,3046.375244140625,714220,0.0,0.0,TITAN
2023-08-23,3046.3750091875804,3055.6855914087946,3027.258354044116,3040.828125,602197,0.0,0.0,TITAN
2023-08-24,3046.4740345034575,3070.4440328946457,3027.2089006613537,3032.11181640625,618626,0.0,0.0,TITAN
2023-08-25,3025.9709063362657,3045.533238709471,3008.6867673630804,3038.054931640625,648003,0.0,0.0,TITAN
2023-08-28,3044.790151183712,3050.6835645630713,3011.80652701136,3019.58203125,471698,0.0,0.0,TITAN
2023-08-29,3022.949798990473,3060.6382897248614,3015.0753896189253,3050.138916015625,482639,0.0,0.0,TITAN
2023-08-30,3050.7330626943663,3081.4384928708355,3037.856591975202,3052.912109375,582766,0.0,0.0,TITAN
2023-08-31,3061.480302392473,3089.3131462121823,3052.9123511046364,3074.950927734375,1420498,0.0,0.0,TITAN
2023-09-01,3082.3795826880487,3095.2064808436453,3070.543182333205,3087.18359375,423739,0.0,0.0,TITAN
2023-09-04,3087.3320234276666,3095.2560057098126,3056.9733630374944,3070.84033203125,539813,0.0,0.0,TITAN
2023-09-05,3090.3531664755515,3127.496834341844,3085.4006774267127,3106.349609375,721199,0.0,0.0,TITAN
2023-09-06,3106.349597912397,3150.3278455962577,3091.1951749354735,3145.87060546875,1163154,0.0,0.0,TITAN
2023-09-07,3142.8494183769835,3152.7048228060435,3122.0489652455885,3142.6513671875,805295,0.0,0.0,TITAN
2023-09-08,3151.7638079373214,3174.545255951953,3142.651277095616,3168.701416015625,700158,0.0,0.0,TITAN
2023-09-11,3179.448337232913,3190.938208341788,3156.3203588954993,3182.7666015625,544452,0.0,0.0,TITAN
2023-09-12,3185.4903894598174,3190.5417829751623,3147.405798712283,3155.52783203125,591509,0.0,0.0,TITAN
2023-09-13,3147.8513538341854,3238.927571588561,3147.8513538341854,3232.192138671875,1370306,0.0,0.0,TITAN
2023-09-14,3246.40587811736,3271.069174826498,3209.212640051383,3230.35986328125,1264935,0.0,0.0,TITAN
2023-09-15,3230.6076723772453,3232.9847703330142,3208.222325707302,3217.731201171875,1397407,0.0,0.0,TITAN
2023-09-18,3226.0512671918277,3320.14855622567,3215.9482382070805,3307.767333984375,1423507,0.0,0.0,TITAN
2023-09-20,3282.5095031481746,3317.176923972009,3268.6921080696798,3275.229248046875,1201025,0.0,0.0,TITAN
2023-09-21,3268.6426135880047,3290.928813226105,3254.577593736108,3273.099853515625,1091384,0.0,0.0,TITAN
2023-09-22,3267.454154400138,3267.454154400138,3230.7065897035063,3243.385009765625,1019051,0.0,0.0,TITAN
2023-09-25,3243.3849615855524,3283.400974934535,3230.360012583251,3252.7451171875,623515,0.0,0.0,TITAN
2023-09-26,3262.6996780061672,3276.566646886582,3224.0702646964405,3231.59814453125,1054827,0.0,0.0,TITAN
2023-09-27,3215.948191591389,3235.9066248267573,3155.725879118513,3184.004638671875,1464192,0.0,0.0,TITAN
2023-09-28,3186.926761717513,3194.256348916703,3111.8965512435107,3127.249267578125,1214383,0.0,0.0,TITAN
2023-09-29,3130.0224943293892,3146.2665608623793,3113.1840324122013,3118.87939453125,697564,0.0,0.0,TITAN
2023-10-03,3118.8793483250392,3181.974006327606,3084.8060807990805,3165.87841796875,1007308,0.0,0.0,TITAN
2023-10-04,3155.7257983016666,3174.545255353685,3121.058377416369,3136.5595703125,486969,0.0,0.0,TITAN
2023-10-05,3143.7409748900236,3200.298497872906,3134.925640906143,3185.936279296875,1109881,0.0,0.0,TITAN
2023-10-06,3199.30785035572,3288.2545999464774,3190.4925167842775,3278.300048828125,1102120,0.0,0.0,TITAN
2023-10-09,3263.393152773353,3264.680848316756,3218.177023553337,3236.45166015625,822467,0.0,0.0,TITAN
2023-10-10,3263.690144677892,3267.850186938219,3228.329422733998,3238.13525390625,633934,0.0,0.0,TITAN
2023-10-11,3258.4404118288367,3264.680596041,3232.9846679240973,3249.327880859375,546575,0.0,0.0,TITAN
2023-10-12,3260.718640601218,3263.7397071469686,3231.598103054401,3253.78515625,429096,0.0,0.0,TITAN
2023-10-13,3253.7852413785927,3275.5761927668204,3235.510605510342,3252.547119140625,920545,0.0,0.0,TITAN
2023-10-16,3252.7947321116,3297.367132521168,3243.8802520296863,3270.029296875,778014,0.0,0.0,TITAN
2023-10-17,3286.421935582764,3296.8221618765424,3272.7036869448416,3277.01220703125,584625,0.0,0.0,TITAN
2023-10-18,3277.7552589715438,3292.563152661264,3246.356527194711,3251.556640625,324535,0.0,0.0,TITAN
2023-10-19,3238.927780634441,3269.58363894021,3208.2223490749097,3253.4384765625,698767,0.0,0.0,TITAN
2023-10-20,3241.552480711154,3260.223460694532,3213.1748158873042,3235.163818359375,657550,0.0,0.0,TITAN
2023-10-23,3215.353645588339,3243.8304549966115,3179.200478861315,3189.155029296875,566920,0.0,0.0,TITAN
2023-10-25,3185.4407645483793,3205.5479172409887,3148.79234779207,3157.558349609375,762466,0.0,0.0,TITAN
2023-10-26,3130.3196381662606,3159.588653009223,3062.6685939693057,3071.33544921875,1124281,0.0,0.0,TITAN
2023-10-27,3065.689546398373,3108.9246745345763,3057.914042678414,3091.046142578125,1050608,0.0,0.0,TITAN
2023-10-30,3075.495519029056,3092.284407556226,3045.7805864780507,3086.836669921875,802316,0.0,0.0,TITAN
2023-10-31,3089.9568902390456,3175.3377482733545,3058.5085865481988,3159.341064453125,1235478,0.0,0.0,TITAN
2023-11-01,3163.5014788301623,3182.3702683655747,3138.243785061326,3143.24560546875,756820,0.0,0.0,TITAN
2023-11-02,3169.5928666250197,3197.8220530933986,3149.7829112086133,3171.07861328125,774180,0.0,0.0,TITAN
2023-11-03,3174.693891376844,3256.756729915827,3174.5949866904034,3243.385009765625,1355614,0.0,0.0,TITAN
2023-11-06,3278.5476911727437,3278.5476911727437,3214.462532401282,3236.005859375,1137606,0.0,0.0,TITAN
2023-11-07,3242.8899167053573,3255.2215664056466,3219.316019832473,3239.1259765625,433992,0.0,0.0,TITAN
2023-11-08,3257.7471562448354,3292.2165269067405,3241.1067453921146,3280.380126953125,632305,0.0,0.0,TITAN
2023-11-09,3289.393588578388,3289.393588578388,3243.5334925199218,3252.547119140625,1317398,0.0,0.0,TITAN
2023-11-10,3232.0437573169834,3243.8305839078325,3192.3742737484827,3225.407470703125,1170763,0.0,0.0,TITAN
2023-11-13,3243.880385937739,3247.198650389063,3219.712335668522,3233.727783203125,275538,0.0,0.0,TITAN
2023-11-15,3244.128090479475,3269.5342636605797,3229.7658716223027,3264.63134765625,747863,0.0,0.0,TITAN
2023-11-16,3264.0862437574046,3326.0915006830696,3228.2798462183723,3304.2509765625,1055389,0.0,0.0,TITAN
2023-11-17,3307.2722572432003,3334.0156986764337,3295.0890855594644,3307.123779296875,633405,0.0,0.0,TITAN
2023-11-20,3306.2813809550985,3322.079771184791,3280.7760647299356,3314.056884765625,497379,0.0,0.0,TITAN
2023-11-21,3333.024957732374,3369.4257503613976,3323.219126650403,3362.195068359375,1038863,0.0,0.0,TITAN
2023-11-22,3367.692576647491,3402.360000230627,3363.780158635831,3397.259033203125,980779,0.0,0.0,TITAN
2023-11-23,3401.2701439225657,3409.243699213893,3364.027573429678,3376.012451171875,517362,0.0,0.0,TITAN
2023-11-24,3373.6354399953943,3386.6110576467527,3350.4083154094874,3364.67138671875,589530,0.0,0.0,TITAN
2023-11-28,3385.4720732316973,3413.20601299228,3365.0679626431556,3409.689697265625,733524,0.0,0.0,TITAN
2023-11-29,3440.840588816913,3440.840588816913,3391.464180926476,3396.7138671875,819200,0.0,0.0,TITAN
2023-11-30,3398.497022833831,3466.742223009928,3389.7310207702076,3457.431640625,1480088,0.0,0.0,TITAN
2023-12-01,3465.751770028277,3466.7422678190824,3437.027334094919,3456.342041015625,655263,0.0,0.0,TITAN
2023-12-04,3516.2672028373054,3516.2672028373054,3445.0009342312746,3455.25244140625,808838,0.0,0.0,TITAN
2023-12-05,3455.2523478146354,3516.2671075929984,3445.941765441138,3511.61181640625,713651,0.0,0.0,TITAN
2023-12-06,3516.267173096665,3539.9895469284766,3488.6323813378112,3513.196533203125,474140,0.0,0.0,TITAN
2023-12-07,3513.1966442250996,3560.8396864099586,3485.611424848426,3551.330810546875,820214,0.0,0.0,TITAN
2023-12-08,3541.0294547932276,3612.295719512261,3541.0294547932276,3600.112548828125,1562141,0.0,0.0,TITAN
2023-12-11,3600.0137616465563,3609.9683127190156,3564.1082170519057,3596.002197265625,620604,0.0,0.0,TITAN
2023-12-12,3602.4403731932302,3609.869106434624,3529.3911629861914,3537.463623046875,1075941,0.0,0.0,TITAN
2023-12-13,3550.9346393609962,3575.4494600929866,3518.991085073858,3568.119873046875,717618,0.0,0.0,TITAN
2023-12-14,3612.345455730765,3612.345455730765,3550.2908656475674,3557.273681640625,992762,0.0,0.0,TITAN
2023-12-15,3580.649558956141,3580.649558956141,3550.7365736604092,3566.3369140625,906271,0.0,0.0,TITAN
2023-12-18,3566.4852576770027,3632.3533591160945,3559.7498245040447,3585.205810546875,699850,0.0,0.0,TITAN
2023-12-19,3576.340873466382,3593.4765341951684,3565.8913148740353,3576.142822265625,577926,0.0,0.0,TITAN
2023-12-20,3576.1425277236317,3616.80250843649,3507.352507838864,3520.328125,849001,0.0,0.0,TITAN
2023-12-21,3490.613206275149,3564.7518175317255,3485.3635198528873,3545.98193359375,816722,0.0,0.0,TITAN
2023-12-22,3545.981915280409,3603.8764599185347,3526.7167825685215,3592.882080078125,777099,0.0,0.0,TITAN
2023-12-26,3600.45937188686,3630.1743048047706,3589.019074349316,3621.953125,526101,0.0,0.0,TITAN
2023-12-27,3633.146013067951,3659.8894542764665,3610.364563149586,3654.194091796875,666625,0.0,0.0,TITAN
2023-12-28,3664.7428235157645,3701.4903897273125,3645.7253135489655,3679.798583984375,1033648,0.0,0.0,TITAN
2023-12-29,3679.798529949203,3679.798529949203,3625.469628057603,3640.525146484375,709614,0.0,0.0,TITAN
2024-01-01,3653.946235414736,3662.8607152517466,3632.650533581877,3642.208740234375,286683,0.0,0.0,TITAN
2024-01-02,3653.946294013638,3672.6172738111036,3607.888147450441,3663.1083984375,453685,0.0,0.0,TITAN
2024-01-03,3672.7656566688925,3674.69707891707,3630.174253422732,3657.957763671875,356757,0.0,0.0,TITAN
2024-01-04,3660.8797434951457,3691.5851742441578,3651.6184926538394,3684.3544921875,545228,0.0,0.0,TITAN
2024-01-05,3684.3546677148156,3714.3667998215246,3652.213062037845,3677.272705078125,963628,0.0,0.0,TITAN
2024-01-08,3734.1765111563714,3740.9615174606406,3660.6816265953726,3670.834228515625,1202148,0.0,0.0,TITAN
2024-01-09,3701.4407585384592,3718.2792213804414,3650.132923396975,3658.89892578125,572612,0.0,0.0,TITAN
2024-01-10,3672.7656347902807,3694.556585158508,3654.936675398095,3679.154296875,556311,0.0,0.0,TITAN
2024-01-11,3691.4859710182504,3707.135883846268,3657.5120916197334,3663.455078125,392818,0.0,0.0,TITAN
2024-01-12,3664.842026731498,3698.816151181297,3613.286565531839,3690.594970703125,990582,0.0,0.0,TITAN
2024-01-15,3704.461831939596,3739.129255500528,3700.4998406754894,3723.1328125,661292,0.0,0.0,TITAN
2024-01-16,3723.1324978691723,3821.340251300666,3720.3094826037586,3783.99853515625,1170685,0.0,0.0,TITAN
2024-01-17,3782.661383960859,3818.368876684142,3763.8914997145885,3793.656005859375,723356,0.0,0.0,TITAN
2024-01-18,3755.324004771477,3788.3073887049404,3683.512912856162,3699.212158203125,1293580,0.0,0.0,TITAN
2024-01-19,3706.640677117774,3824.8071085052757,3705.154930474563,3774.390869140625,2566367,0.0,0.0,TITAN
2024-01-23,3750.0246598587273,3821.3405012506523,3670.537211640644,3704.114990234375,1053510,0.0,0.0,TITAN
2024-01-24,3728.2336059981158,3744.0815703169174,3676.4800975195285,3732.047119140625,636988,0.0,0.0,TITAN
2024-01-25,3734.572562901581,3760.870326127062,3694.655697642096,3734.37451171875,646135,0.0,0.0,TITAN
2024-01-29,3724.8661053994556,3838.178956443314,3724.8165321455444,3829.908203125,699215,0.0,0.0,TITAN
2024-01-30,3845.1125021174216,3850.015417917485,3679.6993676883617,3700.252197265625,852445,0.0,0.0,TITAN
2024-01-31,3713.3761004254493,3739.129042172865,3618.5359399517934,3662.4150390625,1386754,0.0,0.0,TITAN
2024-02-01,3702.480781476151,3702.480781476151,3566.782582690107,3592.981201171875,1408462,0.0,0.0,TITAN
2024-02-02,3600.4593204829016,3678.163820589698,3568.2185703631226,3578.073974609375,2320153,0.0,0.0,TITAN
2024-02-05,3578.6190724436838,3590.207848644902,3501.3106687524305,3518.2978515625,1771614,0.0,0.0,TITAN
2024-02-06,3518.2976889771217,3543.95148475931,3498.04205773357,3525.330078125,1069901,0.0,0.0,TITAN
2024-02-07,3544.0008833160036,3585.6017880391096,3522.0118820407947,3542.51513671875,900220,0.0,0.0,TITAN
2024-02-08,3570.546409849654,3575.6969498897784,3469.7136884941533,3515.375732421875,1011857,0.0,0.0,TITAN
2024-02-09,3515.3757681727784,3563.71186638632,3499.2801792457344,3557.471923828125,838509,0.0,0.0,TITAN
2024-02-12,3564.8014732399674,3584.2153262548736,3536.12661117058,3551.18212890625,487283,0.0,0.0,TITAN
2024-02-13,3572.7255279700967,3574.4588991023247,3517.4061296789664,3526.12255859375,796060,0.0,0.0,TITAN
2024-02-14,3512.305255204249,3559.700672423675,3470.011046829195,3551.4794921875,1046318,0.0,0.0,TITAN
2024-02-15,3560.889128031419,3597.4879730049715,3537.0676078195906,3587.632568359375,759063,0.0,0.0,TITAN
2024-02-16,3613.335940420977,3654.936847629771,3590.0592423398657,3620.66552734375,915502,0.0,0.0,TITAN
2024-02-19,3637.058368806731,3674.251609770118,3615.3169903385715,3659.93896484375,528874,0.0,0.0,TITAN
2024-02-20,3664.841882074123,3684.602264938994,3630.669707768297,3651.668212890625,744107,0.0,0.0,TITAN
2024-02-21,3617.347500594023,3672.2705546589605,3605.4119538661134,3621.606689453125,660426,0.0,0.0,TITAN
2024-02-22,3641.069785224039,3641.069785224039,3521.5663265695075,3617.347412109375,1017437,0.0,0.0,TITAN
2024-02-23,3637.1080248960684,3701.4903837245665,3620.269561817846,3656.868408203125,897831,0.0,0.0,TITAN
2024-02-26,3654.9369722923134,3654.9369722923134,3576.5391662138586,3588.078369140625,546842,0.0,0.0,TITAN
2024-02-27,3595.506902567591,3640.0793021861973,3586.641995896484,3619.13037109375,673959,0.0,0.0,TITAN
2024-02-28,3620.2695476352005,3634.136517174706,3548.111684410256,3560.54248046875,538608,0.0,0.0,TITAN
2024-02-29,3561.037474900412,3619.2787911684195,3551.2316438693847,3589.9599609375,1692242,0.0,0.0,TITAN
2024-03-01,3595.5069274636717,3738.138607230826,3591.5449363590287,3730.115478515625,1533727,0.0,0.0,TITAN
2024-03-04,3725.85656668397,3728.3328111477326,3679.699273151137,3696.933837890625,787542,0.0,0.0,TITAN
2024-03-05,3712.3857501937114,3723.4297039228973,3672.7658382386026,3715.109619140625,733660,0.0,0.0,TITAN
2024-03-06,3712.4351459838804,3778.748922084625,3667.5159762237263,3774.539306640625,765602,0.0,0.0,TITAN
2024-03-07,3775.8271803445036,3787.9112051195198,3732.294850473705,3750.916015625,838514,0.0,0.0,TITAN
2024-03-11,3766.763894385598,3771.8155297698386,3706.4922498282313,3714.51513671875,597848,0.0,0.0,TITAN
2024-03-12,3726.252500328067,3730.21449129067,3678.2133599065064,3713.177978515625,564569,0.0,0.0,TITAN
2024-03-13,3723.280953899863,3726.2524470793524,3555.8868381219763,3591.24755859375,1027729,0.0,0.0,TITAN
2024-03-14,3595.457517463578,3613.3360514992096,3546.130677606921,3605.560546875,1293906,0.0,0.0,TITAN
2024-03-15,3600.162260353328,3621.2103383405747,3575.6970133628893,3598.676513671875,1207241,0.0,0.0,TITAN
2024-03-18,3584.6114251294002,3585.6019228981563,3531.223692121728,3545.684814453125,785257,0.0,0.0,TITAN
2024-03-19,3544.9915159188763,3572.3786825085886,3513.3451605575133,3549.349609375,554444,0.0,0.0,TITAN
2024-03-20,3549.3496931632103,3562.721413362891,3516.2671636197083,3556.38232421875,526882,0.0,0.0,TITAN
2024-03-21,3572.6757282194726,3602.4402332814775,3555.9364133606186,3593.080078125,767905,0.0,0.0,TITAN
2024-03-22,3593.0802257548708,3691.4860338880912,3586.8400414539155,3671.47802734375,1281102,0.0,0.0,TITAN
2024-03-26,3630.1743599923607,3694.5071423735058,3630.1743599923607,3663.058837890625,1158224,0.0,0.0,TITAN
2024-03-27,3663.8512770917587,3748.934939407035,3657.7102392385605,3723.67724609375,1315714,0.0,0.0,TITAN
2024-03-28,3724.2714629486845,3801.8274835332786,3697.0823486378467,3765.67431640625,1590738,0.0,0.0,TITAN
2024-04-01,3786.623092835788,3796.131967381083,3695.051629826796,3702.87646484375,964052,0.0,0.0,TITAN
2024-04-02,3718.3285874996122,3745.517702621576,3698.617778822677,3720.260009765625,677963,0.0,0.0,TITAN
2024-04-03,3709.5132237997923,3716.34756155303,3669.7941672585225,3677.222900390625,801601,0.0,0.0,TITAN
2024-04-04,3704.461640475266,3756.2647219401783,3644.0412768204556,3746.805419921875,1177617,0.0,0.0,TITAN
2024-04-05,3742.4965422925757,3765.7732390470196,3705.452023760606,3718.774169921875,623873,0.0,0.0,TITAN
2024-04-08,3762.554365078659,3772.112813925454,3684.9985809222967,3713.277099609375,849267,0.0,0.0,TITAN
2024-04-09,3719.3192455677668,3725.262232378261,3629.530716567514,3644.38818359375,745285,0.0,0.0,TITAN
2024-04-10,3654.9370409658527,3684.998747231641,3646.4682360433644,3675.935546875,567546,0.0,0.0,TITAN
2024-04-12,3654.4911609925534,3659.6912743780067,3575.1521914690525,3584.90869140625,1910561,0.0,0.0,TITAN
2024-04-15,3572.72531922508,3604.6192978304503,3555.8868577815465,3566.38623046875,854076,0.0,0.0,TITAN
2024-04-16,3554.896630860624,3618.486541733378,3548.953644016053,3611.255859375,1116890,0.0,0.0,TITAN
2024-04-18,3611.255948541355,3625.2220646992378,3467.7329094295164,3491.60400390625,1677946,0.0,0.0,TITAN
2024-04-19,3491.6037733604626,3537.2655753029208,3445.1988562723973,3529.193115234375,1507940,0.0,0.0,TITAN
2024-04-22,3533.105688199959,3580.6495830790163,3518.2482210502535,3562.572998046875,668659,0.0,0.0,TITAN
2024-04-23,3585.5522276776537,3613.335737510322,3570.8928128345724,3598.478271484375,769991,0.0,0.0,TITAN
2024-04-24,3607.3927708809474,3610.215786169652,3546.031484221461,3575.44921875,652811,0.0,0.0,TITAN
2024-04-25,3560.839548455736,3568.2682818669787,3507.3526678947874,3537.166748046875,1889163,0.0,0.0,TITAN
2024-04-26,3553.906116870813,3559.106230336134,3522.507384882454,3550.736572265625,798783,0.0,0.0,TITAN
2024-04-29,3550.934712795384,3579.1143276331923,3539.1972168072125,3570.59619140625,703524,0.0,0.0,TITAN
2024-04-30,3568.416861119323,3585.1068460520673,3545.982182308717,3555.144287109375,963220,0.0,0.0,TITAN
2024-05-02,3550.9342893663547,3563.810759592788,3512.6020763641195,3534.54150390625,1435891,0.0,0.0,TITAN
2024-05-03,3560.839332127288,3564.801323039251,3458.818066144225,3500.31982421875,1681592,0.0,0.0,TITAN
2024-05-06,3442.970288401751,3455.648708368761,3226.051274259063,3248.981201171875,6891728,0.0,0.0,TITAN
2024-05-07,3298.3573587699175,3300.33835418059,3196.336095120277,3239.81884765625,3111444,0.0,0.0,TITAN
2024-05-08,3244.2760692128854,3249.8229530600843,3207.6772275692374,3228.8740234375,2054981,0.0,0.0,TITAN
2024-05-09,3228.8743314598455,3290.9289215441077,3202.2793689547325,3214.858642578125,1860654,0.0,0.0,TITAN
2024-05-10,3227.140807845126,3274.783604407242,3211.936570692766,3258.589111328125,1307103,0.0,0.0,TITAN
2024-05-13,3276.071310765029,3276.566559640428,3199.802983953568,3222.73291015625,1294603,0.0,0.0,TITAN
2024-05-14,3219.1179247727064,3276.5667985071113,3219.1179247727064,3257.648193359375,620163,0.0,0.0,TITAN
2024-05-15,3272.6047985876285,3275.031469883447,3229.0228944902146,3237.49169921875,657036,0.0,0.0,TITAN
2024-05-16,3245.167691905788,3316.1863292669836,3220.405249184261,3302.22021484375,1404971,0.0,0.0,TITAN
2024-05-17,3316.1371469875776,3335.9966767558126,3276.5668072174076,3329.211669921875,1194228,0.0,0.0,TITAN
2024-05-21,3323.120180807207,3348.1798239774453,3319.158189533517,3344.9111328125,827674,0.0,0.0,TITAN
2024-05-22,3352.587151999423,3370.7628818584312,3328.0723334716185,3351.69580078125,626567,0.0,0.0,TITAN
2024-05-23,3350.8541240602544,3427.5185585770782,3345.654010506806,3419.248046875,977789,0.0,0.0,TITAN
2024-05-24,3419.297565647304,3422.2194858047233,3371.8525757469906,3379.974609375,878625,0.0,0.0,TITAN
2024-05-27,3391.4148364025336,3403.6475807532775,3358.084682726359,3371.06005859375,804488,0.0,0.0,TITAN
2024-05-28,3371.6543385696514,3390.473795806086,3359.916843512316,3377.0029296875,548576,0.0,0.0,TITAN
2024-05-29,3372.991677267334,3385.5213773275655,3339.0671286501693,3348.278564453125,519533,0.0,0.0,TITAN
2024-05-30,3333.0252763534345,3333.0252763534345,3223.0800146371694,3240.760498046875,2365535,0.0,0.0,TITAN
2024-05-31,3266.6617499654712,3297.1691306215976,3186.1838035783594,3211.0947265625,2524214,0.0,0.0,TITAN
2024-06-03,3278.547519721513,3301.2793944925943,3219.1176553156847,3230.211181640625,1378542,0.0,0.0,TITAN
2024-06-04,3230.2114279602115,3263.888353691546,3026.6145535938304,3208.1728515625,2934800,0.0,0.0,TITAN
2024-06-05,3234.9658842598337,3302.3197361060274,3170.633099132657,3286.125,1396386,0.0,0.0,TITAN
2024-06-06,3297.3671696062424,3328.0726013448407,3259.480628832004,3290.0869140625,1825503,0.0,0.0,TITAN
2024-06-07,3263.095834696119,3423.754770283924,3263.095834696119,3411.323974609375,2084099,0.0,0.0,TITAN
2024-06-10,3410.2837983208074,3419.198278188622,3357.7874168770077,3389.681396484375,1655552,0.0,0.0,TITAN
2024-06-11,3385.719504925857,3405.62860727733,3369.5743425488854,3378.290771484375,1086157,0.0,0.0,TITAN
2024-06-12,3378.9346530168114,3386.412717698484,3338.8194934671656,3350.16064453125,2054168,0.0,0.0,TITAN
2024-06-13,3392.4055201473457,3444.0601274649075,3357.7876690912212,3439.20654296875,1753028,0.0,0.0,TITAN
2024-06-14,3456.8373503579237,3501.4097517235705,3445.9418744685436,3496.5068359375,2346892,0.0,0.0,TITAN
2024-06-18,3521.021750935159,3590.5546505625916,3504.3813389490892,3554.896728515625,1585048,0.0,0.0,TITAN
2024-06-19,3560.8396333155783,3560.8396333155783,3423.1604374794542,3429.4501953125,1862394,0.0,0.0,TITAN
2024-06-20,3440.9892699485017,3456.8372343466526,3385.620541060761,3403.30078125,2377432,0.0,0.0,TITAN
2024-06-21,3398.1006821152287,3440.6425133599314,3351.250088803496,3367.44482421875,2707405,0.0,0.0,TITAN
2024-06-24,3348.229121251178,3396.4167394172105,3340.255566105955,3379.925048828125,645002,0.0,0.0,TITAN
2024-06-25,3380.1232649830336,3390.870020859161,3352.7358561319547,3370.119140625,1299560,0.0,0.0,TITAN
2024-06-26,3369.17822743374,3369.17822743374,3337.9775470973705,3340.701416015625,1485709,0.0,0.0,TITAN
2024-06-27,3348.8998650820854,3371.258988810378,3340.0059510547903,3359.43359375,1462935,11.0,0.0,TITAN
2024-06-28,3359.433650911769,3398.4873935987493,3345.272872309567,3382.8857421875,1005498,0.0,0.0,TITAN
2024-07-01,3360.824510240644,3413.4926648955093,3360.327640857108,3409.96484375,1001832,0.0,0.0,TITAN
2024-07-02,3424.4239040870907,3428.398859286263,3364.1040074620505,3378.364013671875,878947,0.0,0.0,TITAN
2024-07-03,3399.381624251513,3405.4930206265944,3320.975489931672,3339.210693359375,980605,0.0,0.0,TITAN
2024-07-04,3343.9309732633815,3348.800196209364,3309.150116186348,3315.112548828125,741143,0.0,0.0,TITAN
2024-07-05,3311.1377673404545,3311.1377673404545,3236.6073554105224,3248.880126953125,2001382,0.0,0.0,TITAN
2024-07-08,3183.9392416108085,3183.9392416108085,3106.5270830621457,3136.4384765625,5323920,0.0,0.0,TITAN
2024-07-09,3150.152076192015,3201.876230571136,3145.1833820655293,3195.019287109375,2044328,0.0,0.0,TITAN
2024-07-10,3197.6030109163034,3232.3341333150493,3170.523628724564,3204.8076171875,1437517,0.0,0.0,TITAN
2024-07-11,3226.6201951545236,3238.3463616877943,3209.776370771485,3228.260009765625,1105185,0.0,0.0,TITAN
2024-07-12,3245.5510028900635,3248.532219365468,3199.888752397526,3209.62744140625,1496692,0.0,0.0,TITAN
2024-07-15,3221.45286034576,3232.0360818673694,3185.3303567385806,3204.0126953125,1243810,0.0,0.0,TITAN
2024-07-16,3207.739121645585,3230.64484958445,3203.913372820021,3213.801025390625,501336,0.0,0.0,TITAN
2024-07-18,3212.7079046233434,3248.631708925215,3185.926691654763,3241.675537109375,1086374,0.0,0.0,TITAN
2024-07-19,3241.6259227728287,3258.469748062457,3214.7452378719267,3238.594970703125,1111191,0.0,0.0,TITAN
2024-07-22,3229.651152977365,3252.9045442339957,3203.0189041781023,3234.0732421875,696255,0.0,0.0,TITAN
2024-07-23,3234.719128520233,3468.148265751977,3211.912629932349,3445.143310546875,7159507,0.0,0.0,TITAN
2024-07-24,3448.2737845152906,3530.2572390462738,3440.4728375545033,3456.62109375,3862140,0.0,0.0,TITAN
2024-07-25,3393.6179341924253,3432.771145085304,3363.259165936619,3384.4755859375,1476422,0.0,0.0,TITAN
2024-07-26,3384.4757802386,3479.7752376807207,3371.755874600109,3472.2724609375,1830745,0.0,0.0,TITAN
2024-07-29,3473.117113795065,3477.638673867616,3366.7870619564183,3390.338623046875,2213293,0.0,0.0,TITAN
2024-07-30,3403.5054873790305,3457.217115403459,3389.2454818665988,3446.534423828125,1316880,0.0,0.0,TITAN
2024-07-31,3457.2669712486936,3477.9862793653515,3424.9704607102985,3437.292724609375,1361595,0.0,0.0,TITAN
2024-08-01,3453.2422991192257,3470.135858568154,3420.9457884080384,3446.634033203125,879399,0.0,0.0,TITAN
2024-08-02,3393.6182424413964,3456.1243203452127,3388.649548089359,3440.671875,1168195,0.0,0.0,TITAN
2024-08-05,3299.262597352156,3437.342557010321,3295.7347760406847,3354.8125,1932064,0.0,0.0,TITAN
2024-08-06,3359.78103865771,3394.959536606987,3300.305918968777,3314.21826171875,976535,0.0,0.0,TITAN
2024-08-07,3338.962514092447,3347.7571999020524,3296.2814792873896,3305.423828125,1277139,0.0,0.0,TITAN
2024-08-08,3316.106283564244,3338.9125398688734,3263.338657703961,3275.85986328125,1280733,0.0,0.0,TITAN
2024-08-09,3329.025068656079,3329.025068656079,3264.5315158633402,3310.839599609375,1019809,0.0,0.0,TITAN
2024-08-12,3310.7898022229747,3324.0563123529555,3274.717277586603,3300.0576171875,874598,0.0,0.0,TITAN
2024-08-13,3309.1502285767515,3383.4322044284368,3284.704156870388,3362.364990234375,1314371,0.0,0.0,TITAN
2024-08-14,3368.7745591991966,3394.810467447006,3335.8322147580275,3380.848388671875,997803,0.0,0.0,TITAN
2024-08-16,3388.649218239713,3428.498240108976,3349.0983665249537,3423.181640625,1161982,0.0,0.0,TITAN
2024-08-19,3414.6852434436632,3482.2594823860104,3414.6852434436632,3443.156005859375,1135205,0.0,0.0,TITAN
2024-08-20,3458.2109871364046,3461.29167442837,3432.7711770827814,3453.142822265625,526591,0.0,0.0,TITAN
2024-08-21,3453.1429952646795,3559.5725219869882,3432.9205554543278,3538.107666015625,1990034,0.0,0.0,TITAN
2024-08-22,3552.566714278078,3602.3033930968973,3531.4497633530273,3581.832275390625,1531544,0.0,0.0,TITAN
2024-08-23,3588.8378850357876,3600.1666527471625,3521.8102525385157,3547.6474609375,1173387,0.0,0.0,TITAN
2024-08-26,3569.5099278049356,3617.2093923190328,3551.672364076756,3607.470703125,1156681,0.0,0.0,TITAN
2024-08-27,3607.470771418856,3635.8917999413597,3508.39505531448,3529.01513671875,1169007,0.0,0.0,TITAN
2024-08-28,3537.362425569775,3557.53537289096,3497.861306000736,3505.413818359375,727481,0.0,0.0,TITAN
2024-08-29,3514.8541368230913,3531.4992617288835,3488.023189213755,3511.077880859375,927472,0.0,0.0,TITAN
2024-08-30,3527.772591576962,3575.472051970115,3520.3195508905314,3542.82763671875,2116894,0.0,0.0,TITAN
2024-09-02,3542.827752009322,3579.3973880231874,3529.7601839586705,3565.087646484375,718800,0.0,0.0,TITAN
2024-09-03,3565.0875736686535,3612.1409588719416,3537.8589857970906,3598.47705078125,1112614,0.0,0.0,TITAN
2024-09-04,3563.6467161636992,3594.8500166371855,3545.858646533523,3585.111328125,529856,0.0,0.0,TITAN
2024-09-05,3593.9560187655698,3730.445904124736,3577.8572553202366,3699.540771484375,3437885,0.0,0.0,TITAN
2024-09-06,3691.6899879701955,3718.5706716255413,3642.052782337683,3672.36181640625,1408795,0.0,0.0,TITAN
2024-09-09,3666.9957678002197,3701.130551175434,3630.873264145304,3661.48046875,923357,0.0,0.0,TITAN
2024-09-10,3680.808620180345,3726.520606284096,3643.0465447033325,3704.06201171875,1109078,0.0,0.0,TITAN
2024-09-11,3708.5338313238576,3720.061298761515,3676.933130715832,3687.8642578125,831810,0.0,0.0,TITAN
2024-09-12,3712.6080321860263,3750.3701053185396,3687.864033941365,3740.68115234375,1337327,0.0,0.0,TITAN
2024-09-13,3753.3514505076982,3776.058479150094,3716.583114879214,3743.4140625,1003355,0.0,0.0,TITAN
2024-09-16,3744.407857560472,3765.276372690188,3712.011875123821,3717.22900390625,386602,0.0,0.0,TITAN
2024-09-17,3736.3584823073793,3753.351513128861,3703.9627424289965,3743.8115234375,392339,0.0,0.0,TITAN
2024-09-18,3745.4015035289917,3762.295062977119,3684.7834372739453,3702.02490234375,420638,0.0,0.0,TITAN
2024-09-19,3726.5204444490078,3771.238689782396,3717.676266305652,3757.276611328125,945257,0.0,0.0,TITAN
2024-09-20,3769.2513942511737,3795.08860391385,3716.5832360926415,3773.425048828125,1951755,0.0,0.0,TITAN
2024-09-23,3773.424876815344,3805.0258187923278,3757.3263569740902,3796.181640625,530107,0.0,0.0,TITAN
2024-09-24,3794.0947557722884,3815.857538547131,3757.87302486884,3761.201904296875,1281513,0.0,0.0,TITAN
2024-09-25,3776.2074516899124,3779.7352729632357,3686.8206948756024,3713.850341796875,942343,0.0,0.0,TITAN
2024-09-26,3714.5957945997397,3753.500573252785,3678.224855906362,3734.0234375,1863893,0.0,0.0,TITAN
2024-09-27,3750.370378610193,3842.788090642717,3727.713084557234,3792.802978515625,2164755,0.0,0.0,TITAN
2024-09-30,3762.2949863878966,3839.359476588687,3762.2949863878966,3800.00732421875,1068609,0.0,0.0,TITAN
2024-10-01,3800.0073223042573,3813.919665088962,3733.4765601526574,3752.307861328125,774221,0.0,0.0,TITAN
2024-10-03,3666.0017344833946,3758.3199676866348,3627.196187616689,3651.940185546875,1597560,0.0,0.0,TITAN
2024-10-04,3602.303132897351,3730.2967382520783,3602.303132897351,3647.120849609375,1542987,0.0,0.0,TITAN
2024-10-07,3716.5334929372552,3724.533139050202,3530.0584983217723,3566.777099609375,2523321,0.0,0.0,TITAN
2024-10-08,3566.776993075991,3572.490991184283,3458.2110290184437,3471.4775390625,1360120,0.0,0.0,TITAN
2024-10-09,3495.973241356889,3536.517834577236,3464.7699388057326,3471.576904296875,1063802,0.0,0.0,TITAN
2024-10-10,3488.0233727688283,3509.4384935656403,3393.7176526980365,3425.666259765625,1488328,0.0,0.0,TITAN
2024-10-11,3442.3112095993424,3469.142157249222,3422.734603725351,3452.64599609375,858463,0.0,0.0,TITAN
2024-10-14,3452.6460244814966,3502.9293053132096,3430.9329770498134,3475.899658203125,593206,0.0,0.0,TITAN
2024-10-15,3501.8856861603062,3507.3512493892836,3455.2296994826183,3486.532470703125,578719,0.0,0.0,TITAN
2024-10-16,3486.0359158923943,3488.0233936095506,3418.4616735090754,3449.267578125,591644,0.0,0.0,TITAN
2024-10-17,3465.1671685513224,3465.1671685513224,3358.93658870535,3382.041015625,560796,0.0,0.0,TITAN
2024-10-18,3373.7432856724404,3400.922139377966,3275.4626136589245,3360.278076171875,1249585,0.0,0.0,TITAN
2024-10-21,3396.5496044541915,3398.4378538089536,3314.6158859852935,3342.192138671875,714746,0.0,0.0,TITAN
2024-10-22,3353.768889126404,3400.0772130092096,3298.4674234344056,3308.951416015625,882086,0.0,0.0,TITAN
2024-10-23,3309.150210844666,3314.1189048549436,3261.947617747032,3268.009521484375,877837,0.0,0.0,TITAN
2024-10-24,3280.381476324016,3321.969299055836,3258.6681867503307,3310.04443359375,764369,0.0,0.0,TITAN
2024-10-25,3311.137814804105,3321.4231088426777,3212.111836445183,3246.09765625,805013,0.0,0.0,TITAN
2024-10-28,3249.525801061665,3294.2440460304033,3233.675716089591,3262.494140625,736462,0.0,0.0,TITAN
2024-10-29,3265.2271598213556,3277.3507252614095,3206.795266955297,3262.842041015625,702769,0.0,0.0,TITAN
2024-10-30,3240.5822495532016,3301.001617539828,3214.844511497293,3287.735107421875,895278,0.0,0.0,TITAN
2024-10-31,3270.394478799884,3279.2386573130584,3233.2287437246314,3246.594482421875,1170306,0.0,0.0,TITAN
2024-11-01,3283.312950601494,3296.82789514272,3261.7986029185363,3273.077392578125,176636,0.0,0.0,TITAN
2024-11-04,3297.225340887599,3297.225340887599,3170.1262453165136,3201.826416015625,1122152,0.0,0.0,TITAN
2024-11-05,3185.9267353653936,3238.495423192958,3165.058219631559,3210.02490234375,872402,0.0,0.0,TITAN
2024-11-06,3125.3083396800957,3188.8578836290926,3094.502438716635,3157.15771484375,4522923,0.0,0.0,TITAN
2024-11-07,3160.089367114235,3166.101535344512,3088.6396448208275,3101.309814453125,1608603,0.0,0.0,TITAN
2024-11-08,3101.4588354195275,3172.9085590304935,3086.5527532243036,3166.30029296875,1719882,0.0,0.0,TITAN
2024-11-11,3171.616867143465,3209.826075674043,3138.475580951276,3186.52294921875,1054929,0.0,0.0,TITAN
2024-11-12,3181.6037437743908,3218.7199851368437,3165.0580897378345,3178.423828125,992983,0.0,0.0,TITAN
2024-11-13,3155.120740032077,3201.429065891212,3142.4008346679693,3167.890380859375,911537,0.0,0.0,TITAN
2024-11-14,3125.358206382933,3175.144373818324,3116.364821879025,3163.76611328125,1161637,0.0,0.0,TITAN
2024-11-18,3163.7662697765372,3187.1191323201265,3137.730360909918,3152.437744140625,943251,0.0,0.0,TITAN
2024-11-19,3172.0143106216506,3262.4445431613026,3152.4377044074477,3204.509521484375,1174506,0.0,0.0,TITAN
2024-11-21,3204.80766239563,3213.7015762231313,3128.637679650474,3158.549072265625,1582159,0.0,0.0,TITAN
2024-11-22,3154.9718447676346,3296.2317234504353,3132.413779070443,3287.983642578125,2207527,0.0,0.0,TITAN
2024-11-25,3338.962558416016,3348.7509831990396,3277.4004847676256,3288.38134765625,1892510,0.0,0.0,TITAN
2024-11-26,3289.275342934119,3322.8140265667553,3275.0648299392233,3306.665771484375,721345,0.0,0.0,TITAN
2024-11-27,3304.1815698280107,3309.050792991372,3259.612286796201,3271.040283203125,732835,0.0,0.0,TITAN
2024-11-28,3271.3882621285984,3284.306867051949,3180.312194463782,3192.237060546875,1701387,0.0,0.0,TITAN
2024-11-29,3192.2370394926947,3239.588597873865,3192.2370394926947,3228.657470703125,1139585,0.0,0.0,TITAN
2024-12-02,3228.657376769841,3289.175972936881,3201.876164503094,3286.145263671875,915980,0.0,0.0,TITAN
2024-12-03,3269.400722030652,3317.7957541048727,3256.084718870228,3311.883056640625,1162310,0.0,0.0,TITAN
2024-12-04,3321.075133517411,3361.8184251015564,3317.100178240909,3343.384521484375,1630076,0.0,0.0,TITAN
2024-12-05,3353.818891757381,3443.702522444537,3332.6027128235,3419.505126953125,2383630,0.0,0.0,TITAN
2024-12-06,3432.3242629716433,3477.73808003365,3408.524265963487,3448.373291015625,1278516,0.0,0.0,TITAN
2024-12-09,3445.789294642513,3466.409374776279,3425.318178284187,3446.48486328125,926422,0.0,0.0,TITAN
2024-12-10,3448.273550869192,3494.929537854949,3414.536167964501,3453.987548828125,1063355,0.0,0.0,TITAN
2024-12-11,3462.9314527291153,3468.8938858208367,3438.634586402757,3451.3544921875,554702,0.0,0.0,TITAN
2024-12-12,3448.770572890687,3451.354390866056,3390.6368519530397,3424.175537109375,926472,0.0,0.0,TITAN
2024-12-13,3398.5868225225695,3495.97322854807,3359.0857037520223,3486.880615234375,1242351,0.0,0.0,TITAN
2024-12-16,3483.0544061092105,3489.0168387587555,3407.5302592149737,3416.672607421875,1295227,0.0,0.0,TITAN
2024-12-17,3400.6240115967535,3427.8026230290257,3376.3271457265655,3384.77392578125,1005604,0.0,0.0,TITAN
2024-12-18,3379.90428489308,3402.561577565156,3368.774459096343,3380.599853515625,646145,0.0,0.0,TITAN
2024-12-19,3328.6276689015035,3378.6622732277083,3311.137768517588,3335.832275390625,732634,0.0,0.0,TITAN
2024-12-20,3329.0249723580077,3397.5929494006054,3312.280376571641,3335.23583984375,1235769,0.0,0.0,TITAN
2024-12-23,3356.9493205087874,3384.9727076755817,3315.7586509114617,3375.68115234375,691202,0.0,0.0,TITAN
2024-12-24,3364.153712912882,3397.592926182805,3317.298783353421,3332.403564453125,485245,0.0,0.0,TITAN
2024-12-26,3343.9311922456873,3350.738400335632,3291.90886699462,3302.243896484375,637094,0.0,0.0,TITAN
2024-12-27,3299.06393279568,3324.0563671812492,3280.431329840628,3288.48046875,568989,0.0,0.0,TITAN
2024-12-30,3289.2258399205443,3297.175750676762,3227.1171621375915,3236.955322265625,941859,0.0,0.0,TITAN
2024-12-31,3229.651069854022,3255.140372791297,3210.571333594517,3232.78125,616440,0.0,0.0,TITAN
2025-01-01,3227.663825531203,3249.4266095760267,3223.738605546574,3233.477294921875,357376,0.0,0.0,TITAN
2025-01-02,3243.5635813458825,3379.6560672797646,3230.644976395669,3367.731201171875,1152493,0.0,0.0,TITAN
2025-01-03,3373.7433659089947,3460.148909629827,3356.8000701439546,3430.03857421875,1630862,0.0,0.0,TITAN
2025-01-06,3468.148520713473,3506.4074657127476,3419.654017230949,3448.671142578125,2145936,0.0,0.0,TITAN
2025-01-07,3468.148499431283,3554.3056070408834,3463.179805306024,3483.154052734375,2389563,0.0,0.0,TITAN
2025-01-08,3465.8131540858853,3492.4951388754093,3370.066562811258,3462.23583984375,1317377,0.0,0.0,TITAN
2025-01-09,3464.1238312561322,3484.4954773025356,3439.876700811562,3465.217041015625,826237,0.0,0.0,TITAN
2025-01-10,3440.323780180401,3466.160989390306,3407.281964556196,3418.7099609375,570060,0.0,0.0,TITAN
2025-01-13,3358.8372865434003,3445.292565812417,3331.5094683836537,3361.570068359375,1282557,0.0,0.0,TITAN
2025-01-14,3378.712025018811,3407.5304511145596,3289.2755302389014,3301.697265625,1133561,0.0,0.0,TITAN
2025-01-15,3301.2003097614524,3319.5844776514546,3262.4444963717183,3302.69091796875,1169593,0.0,0.0,TITAN
2025-01-16,3306.16893885495,3317.9448405061344,3261.4506935142604,3296.132080078125,1170734,0.0,0.0,TITAN
2025-01-17,3299.113214444294,3346.912145876464,3264.481564202768,3336.37841796875,559153,0.0,0.0,TITAN
2025-01-20,3352.974367564388,3386.3638475238195,3326.5408169776497,3361.0732421875,722342,0.0,0.0,TITAN
2025-01-21,3379.65607143241,3391.332502844065,3314.268007004736,3332.354248046875,1016047,0.0,0.0,TITAN
2025-01-22,3333.7949983257163,3363.8058617754314,3313.7710157969796,3335.4345703125,598329,0.0,0.0,TITAN
2025-01-23,3335.4344962028053,3411.505248712668,3304.678329331191,3377.27099609375,713603,0.0,0.0,TITAN
2025-01-24,3385.6681189355936,3426.063504436938,3359.2843050601705,3380.848388671875,564244,0.0,0.0,TITAN
2025-01-27,3366.786964280382,3380.649571646916,3286.542558328304,3298.56689453125,618309,0.0,0.0,TITAN
2025-01-28,3298.5668887290312,3349.744435469127,3278.8908125279136,3305.07568359375,579957,0.0,0.0,TITAN
2025-01-29,3318.2927541040503,3353.8686538285483,3288.3316245079927,3349.645263671875,570137,0.0,0.0,TITAN
2025-01-30,3349.545482541319,3368.774424753964,3324.254879408856,3347.3095703125,688608,0.0,0.0,TITAN
2025-01-31,3378.712042699305,3505.3640088363204,3371.159530500228,3468.39697265625,1212261,0.0,0.0,TITAN
2025-02-01,3504.916783650716,3612.3895389313498,3386.661865234375,3529.76025390625,2186692,0.0,0.0,TITAN
2025-02-03,3542.6788045531002,3619.7432966359775,3529.511765517945,3557.883056640625,1543897,0.0,0.0,TITAN
2025-02-04,3567.5223319423576,3591.372063409382,3497.9606151635376,3575.174072265625,1279779,0.0,0.0,TITAN
2025-02-05,3573.484770880986,3629.134144398599,3450.4598573321464,3469.042724609375,2165947,0.0,0.0,TITAN
2025-02-06,3469.0428470030197,3482.309357666964,3376.575641297843,3389.394775390625,1059617,0.0,0.0,TITAN
2025-02-07,3393.5187732045847,3432.2745891698332,3366.985993873859,3403.35693359375,740155,0.0,0.0,TITAN
2025-02-10,3393.6180937521435,3403.5554820208176,3290.269255757935,3306.6162109375,904436,0.0,0.0,TITAN
2025-02-11,3313.820637161762,3327.037411362515,3251.1158661647555,3261.251953125,903965,0.0,0.0,TITAN
2025-02-12,3262.196012013508,3296.6289640331374,3192.485332958168,3235.06689453125,774619,0.0,0.0,TITAN
2025-02-13,3229.899447701248,3257.425963197407,3195.0688551770227,3211.266845703125,727243,0.0,0.0,TITAN
2025-02-14,3216.0370765843113,3232.6324667939875,3166.499098054817,3193.13134765625,587411,0.0,0.0,TITAN
2025-02-17,3175.2439591957736,3218.223163087556,3156.114486943362,3212.956298828125,712614,0.0,0.0,TITAN
2025-02-18,3214.5463593343957,3223.6887078873824,3172.3124598013455,3201.677490234375,592636,0.0,0.0,TITAN
2025-02-19,3199.8389248352146,3233.278138293735,3171.8155392953954,3190.19970703125,521953,0.0,0.0,TITAN
2025-02-20,3189.9016774479605,3198.4974213719756,3168.1883867420183,3171.4677734375,653151,0.0,0.0,TITAN
2025-02-21,3171.4674771496416,3185.876688988224,3142.450354245378,3159.98974609375,407794,0.0,0.0,TITAN
2025-02-24,3111.3962700113752,3167.989647735266,3111.3962700113752,3153.13330078125,431232,0.0,0.0,TITAN
2025-02-25,3120.339838432762,3191.3921627792406,3116.9114880880966,3178.771728515625,642281,0.0,0.0,TITAN
2025-02-27,3178.7717759617603,3207.788900892286,3157.0584857681015,3202.919677734375,604023,0.0,0.0,TITAN
2025-02-28,3181.951579033888,3197.801664079753,3040.8406720311355,3057.982666015625,1322618,0.0,0.0,TITAN
2025-03-03,3070.653035772226,3082.6773728600265,3038.6049579716905,3062.703125,516171,0.0,0.0,TITAN
2025-03-04,3030.9034500509983,3050.7782267726443,2998.1100684602825,3029.412841796875,1186136,0.0,0.0,TITAN
2025-03-05,3029.412798677857,3087.9936537086965,3016.692893234648,3067.224609375,579883,0.0,0.0,TITAN
2025-03-06,3071.8454131185536,3112.0421001433083,3027.9222054930115,3101.558349609375,1399483,0.0,0.0,TITAN
2025-03-07,3101.5581737477764,3105.0362594446333,3055.3988137670276,3060.069580078125,1020056,0.0,0.0,TITAN
2025-03-10,3060.715488176788,3063.6967045613756,3002.184370204185,3007.8486328125,855408,0.0,0.0,TITAN
2025-03-11,2996.1226249702077,3036.7664467848617,2991.1539307331095,3027.325927734375,576260,0.0,0.0,TITAN
2025-03-12,3018.3820391830736,3034.6795005579197,2977.291086662101,3000.047607421875,489535,0.0,0.0,TITAN
2025-03-13,3000.4948182215303,3030.406452972341,2981.5145528191442,2991.302734375,785215,0.0,0.0,TITAN
2025-03-17,2966.3601945237288,3017.388538763107,2966.3601945237288,2998.4580078125,632348,0.0,0.0,TITAN
2025-03-18,2998.4580078125,2998.4580078125,2998.4580078125,2998.4580078125,0,0.0,0.0,TITAN
2025-03-19,3068.715249639024,3075.6216860011787,3039.052048449746,3057.038818359375,730983,0.0,0.0,TITAN
2025-03-20,3080.590243642106,3184.9328164106287,3060.715467876673,3173.107421875,1542807,0.0,0.0,TITAN
2025-03-21,3166.995871367945,3170.026823279377,3135.1962292535436,3142.897705078125,1181974,0.0,0.0,TITAN
2025-03-24,3148.36327210715,3156.0647479403924,3055.746862867204,3059.8212890625,1481216,0.0,0.0,TITAN
2025-03-25,3065.684150606554,3080.5404969144824,3026.928338005693,3034.580078125,1174346,0.0,0.0,TITAN
2025-03-26,3049.73470629094,3058.479656438445,3015.550187892165,3038.3564453125,1010449,0.0,0.0,TITAN
2025-03-27,3028.4688451055345,3078.304750800187,3028.4688451055345,3068.317626953125,1635143,0.0,0.0,TITAN
2025-03-28,3074.627919769082,3092.3165193489804,3031.9468858241025,3044.169921875,778417,0.0,0.0,TITAN
2025-04-01,3034.5801114786177,3056.442364980934,2963.329088359381,2968.248046875,1068622,0.0,0.0,TITAN
2025-04-02,2992.147398865565,3085.558842071597,2952.546812333952,3079.0498046875,1674921,0.0,0.0,TITAN
2025-04-03,3051.772036568597,3131.2711453036954,3048.7908199910307,3107.968017578125,1115568,0.0,0.0,TITAN
2025-04-04,3079.5965018573243,3095.396851530666,3030.9033012793934,3056.939208984375,901801,0.0,0.0,TITAN
2025-04-07,2906.6859812046773,3028.915853234823,2906.6859812046773,3003.27734375,1378989,0.0,0.0,TITAN
2025-04-08,3129.979078748573,3207.0435719228044,3081.58404726396,3102.750732421875,2830156,0.0,0.0,TITAN
2025-04-09,3118.2033549683465,3168.2876928708306,3071.3484255169224,3154.27587890625,1215988,0.0,0.0,TITAN
2025-04-11,3201.8266176609322,3222.247999824843,3181.2065362467592,3214.645751953125,814920,0.0,0.0,TITAN
2025-04-15,3249.5259260883518,3264.4320083181146,3224.781926631751,3252.904541015625,1121769,0.0,0.0,TITAN
2025-04-16,3229.651068657078,3265.425665109895,3224.7818456291375,3251.61279296875,889943,0.0,0.0,TITAN
2025-04-17,3229.651016476099,3313.9201130591687,3191.0939035108445,3306.665771484375,1083612,0.0,0.0,TITAN
2025-04-21,3293.250433343925,3332.503116541597,3269.4007017807826,3315.212158203125,672129,0.0,0.0,TITAN
2025-04-22,3315.2119958025914,3337.7698172786327,3299.3121755393727,3316.503662109375,609213,0.0,0.0,TITAN
2025-04-23,3335.981126714822,3352.576516028624,3294.740966822458,3336.279296875,628656,0.0,0.0,TITAN
2025-04-24,3335.7826316378287,3373.7434073155578,3323.0627257918186,3361.421142578125,901747,0.0,0.0,TITAN
2025-04-25,3361.421084128324,3398.0899501366057,3295.237980597451,3344.1298828125,704325,0.0,0.0,TITAN
2025-04-28,3334.987539415329,3376.128230252462,3330.018845226689,3348.005615234375,384147,0.0,0.0,TITAN
2025-04-29,3354.762756041738,3376.7244808163978,3332.999973118952,3357.446044921875,575435,0.0,0.0,TITAN
2025-04-30,3352.8747997128708,3387.6556586310544,3333.298193358469,3358.5390625,708818,0.0,0.0,TITAN
2025-05-02,3341.0494429933888,3360.32787939833,3303.1878962354126,3321.0751953125,514587,0.0,0.0,TITAN
2025-05-05,3336.67658931919,3387.158566900873,3286.294082658409,3301.00146484375,565178,0.0,0.0,TITAN
2025-05-06,3301.001701853081,3304.4797877663386,3225.179380421673,3278.642578125,650789,0.0,0.0,TITAN
2025-05-07,3259.463266446497,3359.8308853218314,3239.7871896693264,3317.994384765625,1047443,0.0,0.0,TITAN
2025-05-08,3328.9254237693217,3391.1335681000023,3304.1814253282073,3348.2041015625,1597339,0.0,0.0,TITAN
2025-05-09,3345.9184733209445,3507.8978945123063,3333.19856841051,3488.3212890625,2863992,0.0,0.0,TITAN
2025-05-12,3515.0530011695228,3562.5537665796564,3508.196300169869,3540.592041015625,956930,0.0,0.0,TITAN
2025-05-13,3540.5919665485094,3565.932306614644,3517.9349154025217,3540.89013671875,996541,0.0,0.0,TITAN
2025-05-14,3532.7414689267844,3587.3971034671426,3527.772774877661,3565.137451171875,588159,0.0,0.0,TITAN
2025-05-15,3574.478685794685,3642.0529283951964,3531.6484438074917,3614.029541015625,1227751,0.0,0.0,TITAN
2025-05-16,3631.121677197808,3633.0096839260373,3590.7757837396916,3610.94873046875,525064,0.0,0.0,TITAN
2025-05-19,3594.3532594835547,3626.6497706622154,3588.788225127965,3595.048828125,376760,0.0,0.0,TITAN
2025-05-20,3595.0487153034946,3597.334363006812,3552.7155890850377,3558.18115234375,811416,0.0,0.0,TITAN
2025-05-21,3547.6475296691715,3600.415157197291,3544.964483421236,3558.081787109375,415016,0.0,0.0,TITAN
2025-05-22,3542.6788328354455,3552.6162208658393,3494.085102411624,3518.8291015625,709846,0.0,0.0,TITAN
2025-05-23,3508.891591589974,3583.720169380776,3500.9416814419365,3557.28662109375,416717,0.0,0.0,TITAN
2025-05-26,3553.6100224313454,3617.2093069491325,3548.044987991232,3587.6953125,525514,0.0,0.0,TITAN
2025-05-27,3592.3658362411784,3616.215567934066,3539.8963779944224,3566.926025390625,1019733,0.0,0.0,TITAN
2025-05-28,3572.4908162978877,3579.0495891111345,3522.8038786581396,3552.31787109375,449324,0.0,0.0,TITAN
2025-05-29,3557.584927196318,3577.4597033259065,3537.809621992183,3565.8330078125,513095,0.0,0.0,TITAN
2025-05-30,3557.584925226354,3582.4283953745826,3519.922321526444,3532.741455078125,962944,0.0,0.0,TITAN
2025-06-02,3503.0288710412938,3519.822960340289,3454.136726175635,3503.42626953125,726392,0.0,0.0,TITAN
2025-06-03,3503.4262256676984,3557.5849916012935,3481.5639715293664,3497.761962890625,676943,0.0,0.0,TITAN
2025-06-04,3484.147810184949,3497.761983638535,3464.1735626498194,3477.88720703125,410354,0.0,0.0,TITAN
2025-06-05,3476.7939267990487,3512.866694132487,3452.447325948626,3482.060791015625,608651,0.0,0.0,TITAN
2025-06-06,3501.9357121254207,3548.5419672085,3464.3723350223286,3537.61083984375,602422,0.0,0.0,TITAN
2025-06-09,3542.48011189299,3557.5848930842412,3499.153003301126,3511.7734375,540262,0.0,0.0,TITAN
2025-06-10,3522.804093182995,3522.804093182995,3484.147750390053,3502.13427734375,561695,0.0,0.0,TITAN
2025-06-11,3502.9293754878017,3526.779107406017,3483.0545988892895,3519.425537109375,505077,0.0,0.0,TITAN
2025-06-12,3525.785390862945,3537.511557652593,3423.9271601517125,3431.08203125,811822,0.0,0.0,TITAN
2025-06-13,3388.3510448700417,3419.256417746883,3361.8182681604344,3400.474609375,821750,0.0,0.0,TITAN
2025-06-16,3389.643067637766,3432.0756661362175,3374.9356847849504,3416.573486328125,534665,0.0,0.0,TITAN
2025-06-17,3406.5366447147753,3416.07663434688,3374.1406624255987,3384.376220703125,1000345,0.0,0.0,TITAN
2025-06-18,3384.674536783687,3458.2112119809835,3368.7747151194067,3446.087646484375,972739,0.0,0.0,TITAN
2025-06-19,3457.0185976943762,3499.550667001118,3446.0874708572796,3483.451904296875,1022566,0.0,0.0,TITAN
2025-06-20,3478.086002715171,3522.804251321509,3467.1548752780664,3496.967041015625,2941214,0.0,0.0,TITAN
2025-06-23,3458.409903420396,3506.40753848347,3451.25503221003,3483.750244140625,643325,0.0,0.0,TITAN
2025-06-24,3501.0413501564576,3544.6663875136264,3484.147790137469,3503.923095703125,968797,0.0,0.0,TITAN
2025-06-25,3527.7727077623576,3642.0526687180395,3527.7727077623576,3629.332763671875,2697912,0.0,0.0,TITAN
2025-06-26,3632.11526904136,3677.3303838816832,3621.1841423766664,3671.566650390625,1620497,0.0,0.0,TITAN
2025-06-27,3676.8337833306864,3685.8769040047696,3636.587359486121,3643.245361328125,601285,0.0,0.0,TITAN
2025-06-30,3643.2452388562297,3675.3430514892466,3629.134196035887,3667.094970703125,921775,0.0,0.0,TITAN
2025-07-01,3675.839714109052,3703.1675303128904,3644.0400734354944,3677.330322265625,947173,0.0,0.0,TITAN
2025-07-02,3681.8022308843424,3698.596319454098,3665.902410184167,3684.783447265625,583514,0.0,0.0,TITAN
2025-07-03,3678.820909804947,3689.652565303872,3649.207446071259,3655.666748046875,528710,0.0,0.0,TITAN
2025-07-04,3643.046386124013,3666.9955878893807,3622.277342560526,3663.8154296875,629926,0.0,0.0,TITAN
2025-07-07,3652.4870439852675,3672.8586898570397,3625.0597554252945,3643.14599609375,829472,0.0,0.0,TITAN
2025-07-08,3570.0856562336476,3570.0856562336476,3423.765721700407,3430.045166015625,3952270,11.0,0.0,TITAN
2025-07-09,3430.045106416105,3450.1789926462607,3409.4128554607373,3420.875244140625,1868271,0.0,0.0,TITAN
2025-07-10,3420.8752996231224,3433.733012405282,3402.8343989409673,3408.615478515625,496586,0.0,0.0,TITAN
2025-07-11,3396.853860604248,3411.0073696883373,3346.0206602254875,3350.605712890625,856956,0.0,0.0,TITAN
2025-07-14,3360.971693038927,3398.8474119996263,3333.063268541569,3393.564697265625,755781,0.0,0.0,TITAN
2025-07-15,3406.821243022511,3410.808160802526,3376.6202921704703,3403.8310546875,686088,0.0,0.0,TITAN
2025-07-16,3405.824467658351,3411.007412034061,3377.4176788587424,3406.12353515625,669532,0.0,0.0,TITAN
2025-07-17,3407.219874166674,3436.7231633934557,3405.326185537628,3422.0712890625,559482,0.0,0.0,TITAN
2025-07-18,3432.736185058154,3432.736185058154,3380.906254273304,3391.7705078125,293360,0.0,0.0,TITAN
2025-07-21,3379.909579714012,3427.8523638052948,3354.193911123252,3421.772216796875,561799,0.0,0.0,TITAN
2025-07-22,3438.716570753606,3478.5857483855316,3419.081049438312,3461.043212890625,1752275,0.0,0.0,TITAN
2025-07-23,3461.0431161316833,3470.5120455545466,3432.736098141243,3460.04638671875,584590,0.0,0.0,TITAN
2025-07-24,3456.059506048824,3478.386391142719,3446.6903468038554,3473.00390625,630718,0.0,0.0,TITAN
2025-07-25,3465.0299831876705,3468.61830635869,3435.726236212185,3451.474609375,624410,0.0,0.0,TITAN
2025-07-28,3441.7068440971075,3451.2755443020064,3370.9390520522493,3381.903076171875,603916,0.0,0.0,TITAN
2025-07-29,3378.9126754372433,3385.88978125673,3344.6252813183346,3368.14794921875,511042,0.0,0.0,TITAN
2025-07-30,3368.9455843699097,3382.4014321181326,3334.3591206780934,3365.45703125,443735,0.0,0.0,TITAN
2025-07-31,3329.076365403816,3353.496236946449,3304.656493861183,3336.3525390625,553157,0.0,0.0,TITAN
2025-08-01,3329.076291442061,3336.352464939091,3296.1842202990706,3305.15478515625,422977,0.0,0.0,TITAN
2025-08-04,3304.1580243689627,3353.994495324754,3297.280688713921,3345.322998046875,450434,0.0,0.0,TITAN
2025-08-05,3345.323053090916,3431.739446481727,3337.0501501077033,3407.0205078125,837335,0.0,0.0,TITAN
2025-08-06,3425.759143986966,3451.0759748599594,3388.8801540749737,3406.522216796875,635456,0.0,0.0,TITAN
2025-08-07,3368.945373525441,3425.758949351166,3366.652847235975,3404.528564453125,509599,0.0,0.0,TITAN
2025-08-08,3438.816235602496,3478.3863445205566,3391.969953321262,3448.883056640625,2184271,0.0,0.0,TITAN
2025-08-11,3461.6412787114637,3475.894558098457,3391.6709220342127,3456.557861328125,563586,0.0,0.0,TITAN
2025-08-12,3456.5579079205527,3522.4418208655648,3448.783613006621,3475.396240234375,929276,0.0,0.0,TITAN
2025-08-13,3475.3962587141527,3483.4696211697365,3451.8733466024055,3455.461669921875,360474,0.0,0.0,TITAN
2025-08-14,3465.1298366173446,3494.334057359091,3452.770489117713,3477.987548828125,597987,0.0,0.0,TITAN
2025-08-18,3484.566088944574,3563.108416734523,3482.0742653683837,3543.173828125,1253006,0.0,0.0,TITAN
2025-08-19,3543.373166892668,3565.600282121353,3533.405872471029,3556.430419921875,537433,0.0,0.0,TITAN
2025-08-20,3548.356900317281,3591.116497088175,3540.383064586231,3583.242431640625,517031,0.0,0.0,TITAN
2025-08-21,3583.2422709000216,3613.1441535500912,3576.4644621642437,3604.47265625,673486,0.0,0.0,TITAN
2025-08-22,3604.472646961157,3629.4904093752903,3595.900676620036,3609.1572265625,691835,0.0,0.0,TITAN
2025-08-25,3617.828783588623,3657.5984340728096,3603.6752742720814,3639.457763671875,700503,0.0,0.0,TITAN
2025-08-26,3650.820639572976,3660.7879339677133,3577.361728552188,3582.24560546875,960778,0.0,0.0,TITAN
2025-08-28,3540.4825995873557,3638.9592696478444,3540.4825995873557,3625.802490234375,989246,0.0,0.0,TITAN
2025-08-29,3625.802679553231,3630.0886648660667,3591.8143512389356,3616.931884765625,660956,0.0,0.0,TITAN
2025-09-01,3619.1244840534064,3641.4511254779923,3598.5917608912955,3606.76513671875,297533,0.0,0.0,TITAN
2025-09-02,3602.180277273507,3643.843617472107,3594.3062118570588,3608.7587890625,536300,0.0,0.0,TITAN
2025-09-03,3593.2096473714037,3685.805715427277,3578.258705704116,3678.52978515625,791874,0.0,0.0,TITAN
2025-09-04,3727.7680476939026,3727.7680476939026,3664.7747967328514,3679.028076171875,635811,0.0,0.0,TITAN
2025-09-05,3682.915315982362,3687.89896322997,3648.0297852491053,3653.3125,454120,0.0,0.0,TITAN
2025-09-08,3641.0527296363493,3671.5527485518783,3628.0952466127324,3646.036376953125,548987,0.0,0.0,TITAN
2025-09-09,3655.8041892599585,3655.8041892599585,3607.3630424567327,3618.2275390625,428367,0.0,0.0,TITAN
2025-09-10,3620.121407597503,3636.7667409518913,3596.3991977228993,3608.7587890625,408800,0.0,0.0,TITAN
2025-09-11,3608.1605009725913,3632.0820070563877,3568.2913241662645,3572.4775390625,495417,0.0,0.0,TITAN
2025-09-12,3578.158903277064,3586.431806260404,3552.2439379532498,3560.2177734375,275049,0.0,0.0,TITAN
2025-09-15,3544.3697806402656,3564.802733537658,3503.503874845482,3522.54150390625,362285,0.0,0.0,TITAN
2025-09-16,3513.471192223468,3558.623083447279,3490.546415650095,3545.167236328125,724742,0.0,0.0,TITAN
2025-09-17,3550.250460707766,3561.0151872242204,3501.709786117043,3511.477783203125,659866,0.0,0.0,TITAN
2025-09-18,3518.4549541328097,3534.402625313015,3491.941853458858,3499.816162109375,829442,0.0,0.0,TITAN
2025-09-19,3492.5400445342584,3499.8162182954693,3448.6839480846274,3455.8603515625,2337255,0.0,0.0,TITAN
2025-09-22,3446.889556441614,3465.628117797587,3428.7491300614606,3446.19189453125,817833,0.0,0.0,TITAN
2025-09-23,3453.8668702125237,3453.966640495214,3393.863805491645,3427.951904296875,1144975,0.0,0.0,TITAN
2025-09-24,3418.7820473401257,3426.1577480062724,3399.844187602673,3407.120361328125,690454,0.0,0.0,TITAN
2025-09-25,3396.853958163756,3408.71494125593,3358.978239146672,3367.450439453125,1139904,0.0,0.0,TITAN
2025-09-26,3376.620330576102,3390.873610470201,3292.2971645749917,3316.41796875,7524068,0.0,0.0,TITAN
2025-09-29,3316.1188950217547,3406.8212753785265,3316.1188950217547,3390.076171875,1452636,0.0,0.0,TITAN
2025-09-30,3440.7100398282037,3463.1364523125994,3344.0272837843636,3355.988037109375,1733728,0.0,0.0,TITAN
2025-10-01,3358.978289084472,3403.7313446199823,3340.0404292943817,3397.153076171875,798754,0.0,0.0,TITAN
2025-10-03,3368.8457717179963,3447.6871685732563,3366.952083099294,3442.005859375,1655328,0.0,0.0,TITAN
2025-10-06,3442.0059196398147,3447.9862964462977,3389.8769198082055,3414.197021484375,1184781,0.0,0.0,TITAN
2025-10-07,3413.7983166424383,3434.6298645078646,3399.844104545214,3407.0205078125,996165,0.0,0.0,TITAN
2025-10-08,3462.637965399901,3568.291282709167,3448.6837536798093,3553.9384765625,4531362,0.0,0.0,TITAN
2025-10-09,3548.15741075332,3550.0510992999293,3514.8665023755325,3538.987548828125,597739,0.0,0.0,TITAN
2025-10-10,3537.2930333936433,3560.018513429724,3511.7769055826234,3520.3486328125,825274,0.0,0.0,TITAN
2025-10-13,3506.4941364382357,3533.4058310612695,3498.0219362791327,3522.043212890625,606122,0.0,0.0,TITAN
2025-10-14,3521.4450542783966,3537.791319491826,3495.031724547749,3525.83056640625,925998,0.0,0.0,TITAN
2025-10-15,3521.3453807646406,3550.2505348490877,3499.5171031204873,3537.392822265625,1005045,0.0,0.0,TITAN
2025-10-16,3537.39283911406,3640.0559730753866,3528.422274010643,3628.394287109375,1528118,0.0,0.0,TITAN
2025-10-17,3623.1113711876196,3702.8497232357654,3621.1179123864163,3662.78125,1123500,0.0,0.0,TITAN
2025-10-20,3667.964418391396,3737.635710414741,3664.1767977691916,3724.977294921875,707974,0.0,0.0,TITAN
2025-10-21,3724.977087539126,3733.7483549805997,3706.836661017846,3716.803955078125,156306,0.0,0.0,TITAN
2025-10-23,3752.6862289816786,3787.571758334762,3726.0736024007547,3759.96240234375,1622402,0.0,0.0,TITAN
2025-10-24,3762.6535350740623,3768.6339115536503,3693.9789758369843,3702.75,563296,0.0,0.0,TITAN
2025-10-27,3701.853179164865,3741.622586903039,3697.8662613628567,3727.56884765625,856124,0.0,0.0,TITAN
2025-10-28,3737.7353326460347,3757.6699210868137,3676.037878758682,3704.84326171875,1482961,0.0,0.0,TITAN
2025-10-29,3721.9870331577913,3741.2239600542875,3702.0524443204167,3736.041015625,789557,0.0,0.0,TITAN
2025-10-30,3732.751796263028,3761.5571800775697,3707.933330254909,3738.43310546875,544151,0.0,0.0,TITAN
2025-10-31,3746.606095098244,3770.6273713006426,3727.2696418130463,3734.446044921875,900994,0.0,0.0,TITAN
2025-11-03,3717.800859647688,3749.6962021433246,3655.3059716137295,3712.31884765625,1119367,0.0,0.0,TITAN
2025-11-04,3712.318670800743,3814.4834348649333,3702.8497414484523,3801.027587890625,2524600,0.0,0.0,TITAN
2025-11-06,3767.6372020024396,3825.148440782567,3749.2974780385443,3762.055419921875,927231,0.0,0.0,TITAN
2025-11-07,3753.6831562143093,3779.598122242342,3723.7812723358097,3756.972412109375,728998,0.0,0.0,TITAN
2025-11-10,3775.6110703104455,3802.5227648453933,3756.972278689855,3790.56201171875,599567,0.0,0.0,TITAN
2025-11-11,3798.037463778186,3807.5063932902954,3739.828562851129,3799.93115234375,668789,0.0,0.0,TITAN
2025-11-12,3825.4476296786647,3864.320078234545,3791.758125595138,3838.5048828125,805025,0.0,0.0,TITAN
2025-11-13,3847.3755753682763,3855.2496404784156,3804.516210150443,3826.6435546875,668623,0.0,0.0,TITAN
2025-11-14,3826.6435637916693,3842.092869895319,3787.5718189592553,3816.67626953125,575050,0.0,0.0,TITAN
2025-11-17,3835.4147864927622,3861.628818759101,3809.001457011978,3855.947509765625,504928,0.0,0.0,TITAN
2025-11-18,3852.3591862977646,3887.2447157985207,3829.0358153398306,3866.5126953125,849966,0.0,0.0,TITAN
2025-11-19,3870.2005607956366,3927.612272623836,3849.7676077214614,3920.236572265625,1578123,0.0,0.0,TITAN
2025-11-20,3937.0813827128363,3943.061759496704,3882.2612621940502,3889.636962890625,762391,0.0,0.0,TITAN
2025-11-21,3888.2414227641843,3912.16292856945,3869.403334279394,3891.430908203125,383311,0.0,0.0,TITAN
2025-11-24,3902.6941103839763,3924.3230904973966,3852.3592738179204,3861.62890625,1258036,0.0,0.0,TITAN
2025-11-25,3861.728382425328,3895.6171828362085,3832.424634701013,3842.49169921875,680366,0.0,0.0,TITAN
2025-11-26,3832.4245575268214,3901.6972510894,3830.929463421154,3884.9521484375,364592,0.0,0.0,TITAN
2025-11-27,3887.842814821566,3914.156373779023,3862.4262149918322,3890.533935546875,542241,0.0,0.0,TITAN
2025-11-28,3893.4245835384017,3922.030670486257,3883.7563564062066,3894.919677734375,574817,0.0,0.0,TITAN
2025-12-01,3894.919562382681,3897.90975068607,3848.671413960456,3882.161376953125,603073,0.0,0.0,TITAN
2025-12-02,3862.3265819678354,3886.8462235411876,3854.851111164027,3873.09130859375,661018,0.0,0.0,TITAN
2025-12-03,3857.3429490214967,3867.310243463413,3773.5179054281234,3805.313720703125,770638,0.0,0.0,TITAN
2025-12-04,3792.555511736211,3817.4737476871715,3765.6438169091734,3787.970458984375,776693,0.0,0.0,TITAN
2025-12-05,3764.6470423054793,3815.480243035577,3764.6470423054793,3800.828369140625,508448,0.0,0.0,TITAN
2025-12-08,3783.8839078816613,3812.489993280462,3745.8088930877857,3754.6796875,545864,0.0,0.0,TITAN
2025-12-09,3762.6536424081337,3861.329857136188,3738.732135807393,3836.41162109375,1121068,0.0,0.0,TITAN
2025-12-10,3818.470440522837,3845.581432309177,3813.088198945881,3833.122314453125,616248,0.0,0.0,TITAN
2025-12-11,3817.8722920720056,3843.1893654715554,3764.647038115413,3832.225341796875,669180,0.0,0.0,TITAN
2025-12-12,3832.225396672013,3882.0618686341904,3819.3674409004825,3867.509521484375,547866,0.0,0.0,TITAN
2025-12-15,3848.6712990350775,3863.721767040758,3837.408208093544,3853.55517578125,332337,0.0,0.0,TITAN
2025-12-16,3837.4082057344685,3924.62202859207,3815.480158844557,3916.648193359375,1560827,0.0,0.0,TITAN
2025-12-17,3917.14671453145,3922.8280236932565,3877.2775367754043,3895.118896484375,601010,0.0,0.0,TITAN
2025-12-18,3887.2447628556924,3911.1662690886506,3877.377238871455,3906.481689453125,516547,0.0,0.0,TITAN
2025-12-19,3906.1825441414267,3948.942138344164,3900.2021677023226,3917.246337890625,730780,0.0,0.0,TITAN
2025-12-22,3927.1140000415817,3937.8787266796685,3904.2889931650016,3920.934326171875,569521,0.0,0.0,TITAN
2025-12-23,3920.9342846674235,3943.360696866818,3903.591046561271,3912.96044921875,445656,0.0,0.0,TITAN
2025-12-24,3912.9604398704737,3922.1303019461116,3887.2447719415086,3896.514404296875,399227,0.0,0.0,TITAN
2025-12-26,3896.1155354546045,3993.7950186886505,3887.2447409467372,3978.94384765625,1113050,0.0,0.0,TITAN
2025-12-29,3996.8849305657486,4018.513910075195,3964.989589473952,3970.6708984375,1242846,0.0,0.0,TITAN
2025-12-30,3968.976604250397,3980.438992735801,3941.1679503922314,3961.1025390625,1169570,0.0,0.0,TITAN
2025-12-31,3970.970031354128,4048.61515626689,3962.0992368036736,4038.249267578125,1358731,0.0,0.0,TITAN
2026-01-01,4050.4094474750787,4054.6954328104425,4022.50102266714,4036.056640625,444679,0.0,0.0,TITAN
2026-01-02,4025.7900715381393,4046.7213890678004,3973.162710223706,4038.448486328125,659997,0.0,0.0,TITAN
2026-01-05,4038.448510056887,4080.6102128542193,4032.7672010767396,4066.35693359375,629273,0.0,0.0,TITAN
2026-01-06,4066.357180715941,4107.0237918666335,4055.1938592912024,4098.35205078125,820331,0.0,0.0,TITAN
2026-01-07,4211.182053756641,4297.997288817103,4188.257275712523,4259.224609375,3496340,0.0,0.0,TITAN
2026-01-08,4259.224563459027,4289.126447542047,4225.13622093066,4235.103515625,1055725,0.0,0.0,TITAN
2026-01-09,4217.162311862731,4265.005325563845,4169.419068443689,4188.0576171875,883117,0.0,0.0,TITAN
2026-01-12,4191.247154356343,4228.126142397053,4131.443389966003,4217.76025390625,514767,0.0,0.0,TITAN
2026-01-13,4217.760208474048,4253.642466721742,4196.230756188577,4225.33544921875,770707,0.0,0.0,TITAN
2026-01-14,4228.026542751453,4268.992220348958,4197.227700184324,4207.693359375,998692,0.0,0.0,TITAN
2026-01-15,4207.693359375,4207.693359375,4207.693359375,4207.693359375,0,0.0,0.0,TITAN
2026-01-16,4207.693470499,4222.544642310648,4167.425697124466,4183.173828125,686949,0.0,0.0,TITAN
2026-01-19,4152.075839006173,4193.639162802954,4115.595445780856,4130.54638671875,365905,0.0,0.0,TITAN
2026-01-20,4141.410890199439,4141.410890199439,4051.00757719733,4062.1708984375,586156,0.0,0.0,TITAN
2026-01-21,4062.1707923552003,4096.458187413636,4040.242744893094,4065.858642578125,552760,0.0,0.0,TITAN
2026-01-22,4085.5939810157674,4114.499134821442,3967.7806096900367,4005.45703125,818966,0.0,0.0,TITAN
2026-01-23,4011.935740174026,4050.010755865831,3966.983145385686,4008.646484375,1015415,0.0,0.0,TITAN
2026-01-27,4008.6464285094617,4026.786855278177,3942.0648546101957,3983.927490234375,1760501,0.0,0.0,TITAN
2026-01-28,3988.911127517355,4012.6333363144477,3951.932368803463,3962.19873046875,809022,0.0,0.0,TITAN
2026-01-29,3947.8460300090883,3955.620568339823,3830.5310231322255,3926.81494140625,1145612,0.0,0.0,TITAN
2026-01-30,3932.097664845873,3981.934137150637,3897.0128370117495,3964.3916015625,1427639,0.0,0.0,TITAN
2026-02-02,3986.9177381580034,3986.9177381580034,3880.566756161068,3940.270751953125,1273196,0.0,0.0,TITAN
2026-02-03,4129.450029300954,4129.450029300954,4030.873585991454,4055.29345703125,1043274,0.0,0.0,TITAN
2026-02-04,4073.6331995665796,4146.394448298745,4052.9011786566566,4130.44677734375,917279,0.0,0.0,TITAN
2026-02-05,4138.719539891277,4138.719539891277,4049.811564116971,4084.19873046875,693637,0.0,0.0,TITAN
2026-02-06,4084.198583323033,4140.414025475052,4052.004174273563,4127.45654296875,888701,0.0,0.0,TITAN
2026-02-09,4186.46328401321,4255.436670823227,4141.4109176242955,4243.87451171875,1092387,0.0,0.0,TITAN
2026-02-10,4285.93653727841,4315.43982566258,4225.734177207915,4255.1376953125,1713633,0.0,0.0,TITAN
2026-02-11,4335.773027308057,4364.080045827646,4194.237448025817,4235.203125,3342226,0.0,0.0,TITAN
2026-02-12,4218.55747049756,4272.3808588027905,4168.621229566406,4261.8154296875,998509,0.0,0.0,TITAN
2026-02-13,4253.343209814334,4257.828492152158,4151.178445452788,4165.53173828125,524758,0.0,0.0,TITAN
2026-02-16,4141.41055890807,4182.276463340135,4115.296054572897,4167.42529296875,500349,0.0,0.0,TITAN
2026-02-17,4153.471279199037,4231.016633695938,4141.4107558343585,4222.54443359375,464123,0.0,0.0,TITAN
2026-02-18,4237.096643046371,4243.973978510509,4200.516479706513,4234.70458984375,387328,0.0,0.0,TITAN
2026-02-19,4211.18188086087,4247.0641406741215,4177.293079926131,4184.4697265625,406232,0.0,0.0,TITAN
2026-02-20,4186.76194461666,4238.193280220919,4186.46312046324,4222.54443359375,532169,0.0,0.0,TITAN
2026-02-23,4256.034710056237,4266.002004459178,4226.2325971283,4258.72607421875,516387,0.0,0.0,TITAN
2026-02-24,4226.5314296798915,4285.936601776254,4221.149188028474,4280.45458984375,491126,0.0,0.0,TITAN
2026-02-25,4289.923661488439,4334.776487874819,4275.769908266122,4310.85498046875,586295,0.0,0.0,TITAN
2026-02-26,4315.838572373869,4337.966161113804,4292.913794737703,4328.3974609375,520985,0.0,0.0,TITAN
2026-02-27,4327.400662219876,4337.766551126517,4297.69783270388,4313.3466796875,1146258,0.0,0.0,TITAN
2026-03-02,4274.772990574043,4315.838437820091,4179.286505722781,4256.33349609375,770589,0.0,0.0,TITAN
2026-03-04,4191.247060748651,4224.437954570289,4070.144440562929,4190.64892578125,1024050,0.0,0.0,TITAN
2026-03-05,4224.139244667133,4288.428291689557,4159.551373495063,4261.2177734375,691367,0.0,0.0,TITAN
2026-03-06,4236.100014943159,4287.929944537757,4213.175238391702,4230.7177734375,580562,0.0,0.0,TITAN
2026-03-09,4146.394356825195,4185.964709183034,4099.249250278276,4145.59716796875,576017,0.0,0.0,TITAN
2026-03-10,4161.445028420832,4229.023087280567,4161.445028420832,4206.2978515625,788850,0.0,0.0,TITAN
2026-03-11,4178.289896824444,4221.049493326745,4112.705293022249,4126.7587890625,454575,0.0,0.0,TITAN
2026-03-12,4086.590462979199,4165.332084095139,4020.60702661123,4116.09375,1071366,0.0,0.0,TITAN
2026-03-13,4077.620005949474,4133.6363933228595,4032.7671826134374,4059.878173828125,868825,0.0,0.0,TITAN
2026-03-16,4043.7313942292744,4111.508997090401,3989.110571490407,4077.4208984375,1013667,0.0,0.0,TITAN
2026-03-17,4077.121826171875,4096.55805049906,4023.2984357273617,4077.121826171875,1126905,0.0,0.0,TITAN
2026-03-18,4070.3439664557445,4161.145872456678,4064.4633600951647,4131.94189453125,751307,0.0,0.0,TITAN
2026-03-19,4090.9761095476442,4124.566085473674,4004.759015235318,4024.693603515625,567278,0.0,0.0,TITAN
2026-03-20,4033.6642475921135,4136.327379255284,4027.6838709903755,4093.169189453125,1019586,0.0,0.0,TITAN
2026-03-23,4043.3327314437556,4045.72478475568,3812.4900964992553,3840.498291015625,1533645,0.0,0.0,TITAN
2026-03-24,3937.3802406338946,3971.966702524462,3830.431126173528,3886.746337890625,1300547,0.0,0.0,TITAN
2026-03-25,3937.081366043934,4083.6005966283537,3927.612436176233,4026.08935546875,1306823,0.0,0.0,TITAN
2026-03-27,3986.917766152832,4019.6105405037147,3959.009341789762,3968.478271484375,1040658,0.0,0.0,TITAN
2026-03-30,3929.107403218326,3994.2934104401893,3901.29874952784,3938.4765625,1488223,0.0,0.0,TITAN
2026-04-01,3986.917833753536,4086.5907795973744,3986.917833753536,4052.20361328125,781974,0.0,0.0,TITAN
2026-04-02,3982.930835009521,4095.6610318057337,3931.798566161915,4083.800048828125,1614868,0.0,0.0,TITAN
2026-04-06,4091.5742720255826,4243.974103115695,4091.5742720255826,4232.212890625,1678285,0.0,0.0,TITAN
2026-04-07,4221.448008238725,4229.621384331442,4155.165500389534,4216.763671875,1274146,0.0,0.0,TITAN
2026-04-08,4337.068733542139,4490.266247239322,4295.007042060272,4477.80712890625,3834533,0.0,0.0,TITAN
2026-04-09,4460.364368818537,4482.691011562465,4399.663641560751,4425.279296875,1385274,0.0,0.0,TITAN
2026-04-10,4415.611175793522,4509.104202301997,4410.62752860897,4490.26611328125,1565192,0.0,0.0,TITAN
2026-04-13,4376.738695227283,4481.2955150452835,4376.738695227283,4424.78076171875,850456,0.0,0.0,TITAN
2026-04-15,4475.415043264428,4519.171369197922,4432.754730388897,4507.41015625,918513,0.0,0.0,TITAN
2026-04-16,4539.105836555689,4539.105836555689,4425.478681226891,4446.80859375,1283713,0.0,0.0,TITAN
2026-04-17,4446.80860763948,4516.978262584491,4315.838457109326,4511.09765625,2124034,0.0,0.0,TITAN
2026-04-20,4517.277374817795,4534.122004205732,4453.088099309882,4498.23974609375,1646815,0.0,0.0,TITAN
2026-04-21,4498.73808672063,4529.636697707301,4450.39671146729,4465.048828125,656106,0.0,0.0,TITAN
2026-04-22,4447.108126662484,4477.308835307954,4430.662090201536,4440.03125,596352,0.0,0.0,TITAN
2026-04-23,4396.5736146026165,4459.367570104762,4379.130849185354,4441.9248046875,680187,0.0,0.0,TITAN
2026-04-24,4460.862435947686,4471.9262296400375,4347.13551391155,4395.57666015625,958536,0.0,0.0,TITAN
2026-04-27,4424.282272732981,4449.400048324654,4374.047208233913,4427.2724609375,649222,0.0,0.0,TITAN
2026-04-28,4397.868888135784,4460.364015495882,4381.024258799593,4402.5537109375,620778,0.0,0.0,TITAN
2026-04-29,4405.444477800803,4457.772774865154,4395.776493972833,4425.279296875,702730,0.0,0.0,TITAN
2026-04-30,4423.485027207771,4423.485027207771,4343.746676108938,4370.85791015625,869299,0.0,0.0,TITAN
2026-05-01,4370.85791015625,4370.85791015625,4370.85791015625,4370.85791015625,0,0.0,0.0,TITAN
2026-05-04,4392.686333602758,4432.854334640852,4338.464350375783,4348.73046875,709160,0.0,0.0,TITAN
2026-05-05,4340.756633847013,4382.619269581015,4316.1372224440165,4359.2958984375,850790,0.0,0.0,TITAN
2026-05-06,4383.117745600278,4426.57524685031,4283.046206403137,4345.341796875,1459870,0.0,0.0,TITAN
2026-05-07,4335.673340752591,4344.743676091845,4247.064189912217,4293.412109375,1377631,0.0,0.0,TITAN
2026-05-08,4299.890693872671,4589.938953473262,4199.619617443652,4494.2529296875,4777990,0.0,0.0,TITAN
2026-05-11,4336.1714356672355,4365.176358217959,4136.5267337657515,4191.84521484375,5925166,0.0,0.0,TITAN
2026-05-12,4146.394386830651,4199.8191810747485,4033.763962380683,4042.036865234375,1978748,0.0,0.0,TITAN
2026-05-13,4016.819616977272,4096.557971656722,3972.0665627502894,4077.321044921875,2841521,0.0,0.0,TITAN
2026-05-14,4101.541651857563,4133.436993986225,4045.8245734134175,4121.67578125,1127140,0.0,0.0,TITAN
2026-05-15,4141.410861180254,4180.283309696747,4128.851972784219,4155.46484375,901617,0.0,0.0,TITAN
2026-05-18,4116.592404667953,4169.020471149777,4052.3033550510295,4156.06298828125,851825,0.0,0.0,TITAN
2026-05-19,4122.7718541827335,4154.268602329223,4081.6071223236186,4088.584228515625,711398,0.0,0.0,TITAN
2026-05-20,4039.744471133866,4103.236331934217,4039.744471133866,4092.9697265625,913576,0.0,0.0,TITAN
2026-05-21,4106.525312929425,4122.871578488693,4056.6888406851363,4069.74609375,863060,0.0,0.0,TITAN
2026-05-22,4043.9306045995263,4100.345344469957,4040.8408893642713,4066.456787109375,768112,0.0,0.0,TITAN
2026-05-25,4106.624950595387,4156.361650952179,4096.9564806185,4145.59716796875,606086,0.0,0.0,TITAN
2026-05-26,4138.320744313574,4146.394349879764,4077.6200205187774,4092.47119140625,766717,0.0,0.0,TITAN
2026-05-27,4084.8961156102055,4151.477934967971,4077.7199555713896,4124.36669921875,474044,0.0,0.0,TITAN
2026-05-28,4124.36669921875,4124.36669921875,4124.36669921875,4124.36669921875,0,0.0,0.0,TITAN
2026-05-29,4102.737972358301,4149.6835402843,4045.724852927872,4061.57275390625,2001419,0.0,0.0,TITAN
2026-06-01,4086.590555568834,4091.5742025878203,3993.894721015687,4011.437255859375,450200,0.0,0.0,TITAN
2026-06-02,4004.2607791244304,4074.6299753506637,3972.963571856102,4064.762451171875,522015,0.0,0.0,TITAN
2026-06-03,4043.7312022976257,4090.37794384958,3988.9110849384024,4075.42724609375,959352,0.0,0.0,TITAN
2026-06-04,4061.672322312249,4259.821933203119,4039.046613504238,4217.162109375,1761933,0.0,0.0,TITAN
2026-06-05,4255.038114520642,4274.972703953861,4209.388099392295,4246.26708984375,1390200,0.0,0.0,TITAN
2026-06-08,4183.073988834731,4224.239207403382,4167.027033930725,4178.6884765625,666737,0.0,0.0,TITAN
2026-06-09,4177.193341811167,4203.208077712957,4073.8325468327307,4091.474609375,1284964,0.0,0.0,TITAN
2026-06-10,4091.4745404929363,4105.6282930748075,4021.8032506621894,4028.880126953125,613629,0.0,0.0,TITAN
2026-06-11,4006.951982284827,4056.3896148157537,3949.8393386542043,4012.03515625,767665,0.0,0.0,TITAN
2026-06-12,4054.4960073475113,4186.263588783162,4039.445295679552,4170.31591796875,1122271,0.0,0.0,TITAN
2026-06-15,4207.195130228091,4282.946570620732,4206.49722491917,4269.49072265625,1076822,0.0,0.0,TITAN
2026-06-16,4284.0430909399065,4329.792876901798,4269.490743142001,4323.8125,779706,0.0,0.0,TITAN
2026-06-17,4323.812338372832,4380.625916816181,4313.346679185898,4366.17333984375,623868,0.0,0.0,TITAN
2026-06-18,4365.674763217696,4395.576645157543,4318.9282517885895,4373.548828125,562833,0.0,0.0,TITAN
2026-06-19,4345.740340070183,4427.173329648428,4345.740340070183,4405.4443359375,941346,0.0,0.0,TITAN
2026-06-22,4390.891747775549,4400.061852755146,4338.762995819039,4358.19921875,390835,0.0,0.0,TITAN
2026-06-23,4360.691477754865,4402.952710396701,4277.065971666899,4291.21923828125,586588,0.0,0.0,TITAN
2026-06-24,4287.93018361535,4326.603092410774,4249.755639555354,4309.65869140625,652078,0.0,0.0,TITAN
2026-06-25,4320.821917574416,4320.821917574416,4211.181684371836,4277.2646484375,754050,0.0,0.0,TITAN
2026-06-26,4277.2646484375,4277.2646484375,4277.2646484375,4277.2646484375,0,0.0,0.0,TITAN
2026-06-29,4270.9857208678,4302.183158180815,4252.64599620607,4263.21142578125,569087,0.0,0.0,TITAN
2026-06-30,4263.50992478207,4413.916290951847,4261.018101330999,4389.59619140625,1243464,0.0,0.0,TITAN
2026-07-01,4454.384013002184,4489.767909279109,4375.742154951739,4384.21435546875,1168751,0.0,0.0,TITAN
2026-07-02,4389.596399722663,4482.292236501547,4368.7648520199655,4466.4443359375,820705,0.0,0.0,TITAN
2026-07-03,4480.298796026808,4492.957454484628,4436.442701026769,4446.509765625,542120,0.0,0.0,TITAN
2026-07-06,4435.44600307642,4475.81354535161,4435.44600307642,4469.7333984375,589165,0.0,0.0,TITAN
2026-07-07,4535.1191570791025,4640.672712211398,4490.266330250847,4589.14208984375,3385946,0.0,0.0,TITAN
2026-07-08,4575.386820187532,4614.857404177837,4546.78097666898,4571.39990234375,1045703,0.0,0.0,TITAN
2026-07-09,4614.7998046875,4679.7998046875,4546.10009765625,4555.7998046875,1777107,15.0,0.0,TITAN
2026-07-10,4578.60009765625,4602.7998046875,4560.7001953125,4584.39990234375,652646,0.0,0.0,TITAN
2026-07-13,4578.0,4635.0,4524.39990234375,4601.5,770367,0.0,0.0,TITAN
2026-07-14,4579.7998046875,4600.0,4554.0,4573.7001953125,631158,0.0,0.0,TITAN
2026-07-15,4573.7001953125,4607.0,4565.10009765625,4579.39990234375,619451,0.0,0.0,TITAN
2026-07-16,4585.2998046875,4668.7998046875,4580.0,4625.7998046875,1136159,0.0,0.0,TITAN
2026-07-17,4626.0,4647.5,4610.10009765625,4638.10009765625,667212,0.0,0.0,TITAN
2026-07-20,4638.10009765625,4660.0,4625.2998046875,4643.39990234375,274158,0.0,0.0,TITAN
2026-07-21,4644.2001953125,4691.7001953125,4629.2001953125,4688.7001953125,530094,0.0,0.0,TITAN
2026-07-22,4685.7001953125,4733.0,4675.0,4711.60009765625,996475,0.0,0.0,TITAN
2026-07-23,4700.0,4709.7998046875,4671.60009765625,4697.2998046875,421185,0.0,0.0,TITAN
2026-07-24,4605.0,4697.0,4604.10009765625,4677.0,513858,0.0,0.0,TITAN
2026-07-27,4686.89990234375,4749.10009765625,4686.89990234375,4740.10009765625,500721,0.0,0.0,TITAN
2026-07-28,4750.0,4860.0,4712.89990234375,4849.7001953125,1321587,0.0,0.0,TITAN
2026-07-29,4849.7001953125,4866.89990234375,4823.2001953125,4850.2001953125,837059,0.0,0.0,TITAN
2026-07-30,4820.89990234375,4869.89990234375,4820.89990234375,4850.0,777361,0.0,0.0,TITAN
2026-07-31,4850.0,4886.0,4820.89990234375,4875.2001953125,1003314,0.0,0.0,TITAN
2026-08-03,4875.2001953125,5000.0,4851.7998046875,5000.0,505420,0.0,0.0,TITAN
2026-08-04,4935.0,4935.0,4862.0,4935.0,1181747,0.0,0.0,TITAN
2026-08-05,4910.2001953125,4920.60009765625,4882.2998046875,4912.39990234375,546332,0.0,0.0,TITAN
2026-08-06,4883.89990234375,5005.0,4883.89990234375,4998.0,1283840,0.0,0.0,TITAN
2026-08-07,4978.10009765625,5003.0,4891.2998046875,4941.0,1166858,0.0,0.0,TITAN
2026-08-10,4932.0,5122.2001953125,4886.2001953125,5090.0,3664718,0.0,0.0,TITAN
2026-08-11,5090.0,5168.0,5090.0,5128.0,1664853,0.0,0.0,TITAN
2026-08-12,5128.0,5128.0,4992.0,5099.0,1105157,0.0,0.0,TITAN
2026-08-13,5069.5,5071.5,5010.0,5063.7001953125,533274,0.0,0.0,TITAN
2026-08-14,5064.0,5090.5,5046.39990234375,5056.2001953125,587764,0.0,0.0,TITAN
2026-08-17,5056.2001953125,5111.0,5037.2001953125,5068.5,565258,0.0,0.0,TITAN
2026-08-18,5060.0,5094.89990234375,5042.5,5048.60009765625,354873,0.0,0.0,TITAN
2026-08-19,5045.0,5074.7998046875,5038.0,5068.0,412981,0.0,0.0,TITAN
2026-08-20,5084.89990234375,5110.0,5060.10009765625,5068.0,614435,0.0,0.0,TITAN
2026-08-21,5068.0,5090.39990234375,5011.0,5086.10009765625,352381,0.0,0.0,TITAN
2026-08-24,5086.7998046875,5093.39990234375,5050.0,5079.0,256376,0.0,0.0,TITAN
2026-08-25,5059.10009765625,5124.7998046875,5052.7001953125,5124.7998046875,347515,0.0,0.0,TITAN
2026-08-26,5149.89990234375,5149.89990234375,5091.0,5100.0,377617,0.0,0.0,TITAN
2026-08-27,5100.0,5186.7001953125,5069.5,5139.2998046875,1101845,0.0,0.0,TITAN
2026-08-28,5155.0,5169.89990234375,5136.0,5169.2001953125,547804,0.0,0.0,TITAN
2026-08-31,5159.0,5159.0,5088.0,5102.39990234375,630695,0.0,0.0,TITAN
2026-09-01,5104.0,5126.5,5010.5,5050.0,466855,0.0,0.0,TITAN
2026-09-02,4972.0,5092.0,4971.5,5074.0,812660,0.0,0.0,TITAN
2026-09-03,5057.5,5072.5,4952.0,5027.0,571600,0.0,0.0,TITAN
2026-09-04,5010.0,5022.0,4980.0,5020.0,310845,0.0,0.0,TITAN
2026-09-07,5010.0,5028.0,4958.5,4995.0,480336,0.0,0.0,TITAN
2026-09-08,4975.0,5015.5,4969.0,4987.0,432671,0.0,0.0,TITAN
2026-09-09,5010.0,5019.0,4968.0,5005.0,502050,0.0,0.0,TITAN
2026-09-10,5000.5,5021.0,4974.5,5021.0,336565,0.0,0.0,TITAN
2026-09-11,4964.0,5015.0,4943.0,5009.5,403235,0.0,0.0,TITAN
2026-09-14,5009.5,5009.5,5009.5,5009.5,0,0.0,0.0,TITAN
2026-09-15,5003.0,5003.0,4856.0,4856.0,504447,0.0,0.0,TITAN
2026-09-16,4880.0,4921.5,4845.0,4908.5,376036,0.0,0.0,TITAN
2026-09-17,4895.0,4915.5,4838.5,4841.0,489416,0.0,0.0,TITAN
2026-09-18,4851.0,4864.5,4772.0,4798.5,1066023,0.0,0.0,TITAN
2026-09-21,4816.5,4880.0,4780.0,4875.0,665067,0.0,0.0,TITAN
2026-09-22,4876.0,4982.0,4862.5,4928.5,1238174,0.0,0.0,TITAN
2026-09-23,4928.5,4951.0,4852.5,4880.0,769737,0.0,0.0,TITAN
2026-09-24,4868.0,4912.0,4830.0,4832.5,504126,0.0,0.0,TITAN
2026-09-25,4855.0,4884.0,4821.5,4884.0,368677,0.0,0.0,TITAN
2026-09-28,4881.0,4881.0,4810.0,4819.5,632938,0.0,0.0,TITAN
2026-09-29,4808.0,4818.5,4675.0,4675.0,1188414,0.0,0.0,TITAN
2026-09-30,4683.0,4698.0,4587.0,4587.0,927060,0.0,0.0,TITAN
2026-10-01,4574.89990234375,4621.7998046875,4491.0,4515.7001953125,694025,0.0,0.0,TITAN
