Date,Open,High,Low,Close,Volume,Dividends,Stock Splits,Symbol
2021-10-04,7182.503306371403,7291.639702473239,7181.545128235547,7201.28369140625,339796,0.0,0.0,ULTRACEMCO
2021-10-05,7186.335229413686,7248.473168269422,7138.522239259393,7151.8408203125,229310,0.0,0.0,ULTRACEMCO
2021-10-06,7185.234019609309,7223.704777185123,7038.776401804206,7055.0654296875,279814,0.0,0.0,ULTRACEMCO
2021-10-07,7111.597217833943,7146.043904571341,7006.14991456814,7047.01611328125,583113,0.0,0.0,ULTRACEMCO
2021-10-08,7067.521256134342,7095.500242177504,7021.528709998977,7028.95458984375,234324,0.0,0.0,ULTRACEMCO
2021-10-11,7090.516995604686,7099.092875601613,7003.993711842996,7023.68408203125,346054,0.0,0.0,ULTRACEMCO
2021-10-12,7008.114825616146,7050.27466323265,6892.17527217076,6946.93505859375,407411,0.0,0.0,ULTRACEMCO
2021-10-13,6959.24751543134,7080.840222314751,6956.3729811416115,7042.9921875,347921,0.0,0.0,ULTRACEMCO
2021-10-14,7128.844979632884,7146.044463468495,7033.027170766851,7086.2060546875,599817,0.0,0.0,ULTRACEMCO
2021-10-18,7215.081235252016,7324.313540805631,6996.041623701367,7089.84716796875,1413642,0.0,0.0,ULTRACEMCO
2021-10-19,7175.795813642606,7175.795813642606,6853.84797102224,6870.23291015625,868388,0.0,0.0,ULTRACEMCO
2021-10-20,6803.064105883941,7004.089672178447,6795.638226050053,6831.42626953125,703897,0.0,0.0,ULTRACEMCO
2021-10-21,6899.696258221825,6904.055781049304,6788.6912415261395,6830.85107421875,318247,0.0,0.0,ULTRACEMCO
2021-10-22,6859.3575681953635,6930.502293103833,6803.064604042198,6850.59033203125,330818,0.0,0.0,ULTRACEMCO
2021-10-25,6850.589406838188,6874.8793123006135,6713.953132770463,6850.78076171875,245401,0.0,0.0,ULTRACEMCO
2021-10-26,6851.1168168646445,6989.909003536413,6850.973183726574,6965.09228515625,372893,0.0,0.0,ULTRACEMCO
2021-10-27,6966.912216007514,7063.688193702021,6931.459630119427,7046.6328125,364657,0.0,0.0,ULTRACEMCO
2021-10-28,7067.520640934187,7186.334708108243,7046.440725790403,7135.2158203125,556897,0.0,0.0,ULTRACEMCO
2021-10-29,7152.799144170557,7368.389205448304,7035.901422055513,7316.6953125,659277,0.0,0.0,ULTRACEMCO
2021-11-01,7349.225570159146,7484.328673860899,7327.810197383284,7449.93017578125,469658,0.0,0.0,ULTRACEMCO
2021-11-02,7461.332907491394,7488.928249785496,7366.856452717483,7390.76318359375,177655,0.0,0.0,ULTRACEMCO
2021-11-03,7435.365774808494,7571.762514131672,7406.764066373965,7557.96484375,388455,0.0,0.0,ULTRACEMCO
2021-11-04,7566.7316550967735,7601.130151675136,7532.9081588896515,7551.208984375,32611,0.0,0.0,ULTRACEMCO
2021-11-08,7607.9334735989105,7923.1740419634,7516.90656176114,7870.52197265625,825196,0.0,0.0,ULTRACEMCO
2021-11-09,7857.059987199211,7909.807501554489,7802.443838507704,7824.48193359375,253056,0.0,0.0,ULTRACEMCO
2021-11-10,7804.3604020207285,7845.418426007365,7713.333485115637,7767.7578125,209152,0.0,0.0,ULTRACEMCO
2021-11-11,7761.24223521114,7801.342080331807,7670.215320106812,7713.9560546875,125814,0.0,0.0,ULTRACEMCO
2021-11-12,7746.869620038846,7774.464961040287,7670.215375189977,7742.79736328125,180509,0.0,0.0,ULTRACEMCO
2021-11-15,7742.079085455771,7830.758281895636,7695.128358328626,7714.10009765625,119066,0.0,0.0,ULTRACEMCO
2021-11-16,7780.405877289787,7798.611260500194,7527.734134746456,7552.74267578125,277983,0.0,0.0,ULTRACEMCO
2021-11-17,7516.907122976628,7616.509922668068,7474.7472869777785,7529.076171875,183623,0.0,0.0,ULTRACEMCO
2021-11-18,7568.648931403517,7598.352452972515,7392.3918799813855,7442.84033203125,196805,0.0,0.0,ULTRACEMCO
2021-11-22,7472.83076790774,7482.029370951789,7234.819428892526,7333.703125,383629,0.0,0.0,ULTRACEMCO
2021-11-23,7301.316643842229,7392.056291113917,7225.33331263248,7337.6796875,475377,0.0,0.0,ULTRACEMCO
2021-11-24,7406.716817101862,7443.175307175128,7234.244756677757,7260.40283203125,292766,0.0,0.0,ULTRACEMCO
2021-11-25,7244.113325504586,7315.1626022124865,7203.151213860109,7290.5849609375,173989,0.0,0.0,ULTRACEMCO
2021-11-26,7234.24494904007,7281.19567784841,7061.868795415822,7085.48779296875,265808,0.0,0.0,ULTRACEMCO
2021-11-29,7046.919794686929,7124.00539858034,6900.222655691439,7079.25830078125,382413,0.0,0.0,ULTRACEMCO
2021-11-30,7078.348885458097,7204.54112827371,7040.2613060128415,7122.8564453125,547664,0.0,0.0,ULTRACEMCO
2021-12-01,7293.6511187639135,7357.609501866579,6986.075973056712,7016.3544921875,509749,0.0,0.0,ULTRACEMCO
2021-12-02,7052.190943353856,7079.978108755658,6958.289487858111,7016.93017578125,239691,0.0,0.0,ULTRACEMCO
2021-12-03,7069.869651265756,7143.2180003966205,6991.01130999516,7025.79345703125,401430,0.0,0.0,ULTRACEMCO
2021-12-06,7037.674275371394,7080.552743908604,6899.840266736133,6912.87158203125,173852,0.0,0.0,ULTRACEMCO
2021-12-07,6980.327329187686,7030.104867704705,6932.4184250752105,6994.125,162646,0.0,0.0,ULTRACEMCO
2021-12-08,7022.487113208478,7146.810718466876,6994.69994902741,7113.46630859375,209590,0.0,0.0,ULTRACEMCO
2021-12-09,7164.105615880899,7200.90002810471,7080.935946441679,7122.9521484375,198582,0.0,0.0,ULTRACEMCO
2021-12-10,7138.4262919081075,7140.1990148278355,7081.222876626121,7129.27587890625,144726,0.0,0.0,ULTRACEMCO
2021-12-13,7199.749716986612,7224.566434390045,7082.947908708716,7104.36328125,220084,0.0,0.0,ULTRACEMCO
2021-12-14,7099.1417356262145,7146.954730542153,7030.248821938002,7077.48681640625,210516,0.0,0.0,ULTRACEMCO
2021-12-15,7105.848965904405,7105.848965904405,7023.445647259882,7063.06640625,113049,0.0,0.0,ULTRACEMCO
2021-12-16,7104.69828260168,7128.844556145676,7063.49662723686,7103.6923828125,140591,0.0,0.0,ULTRACEMCO
2021-12-17,7100.8656898671525,7100.8656898671525,6996.616105405156,7030.48779296875,279606,0.0,0.0,ULTRACEMCO
2021-12-20,6965.954177517305,6965.954177517305,6740.974166465979,6861.369140625,285814,0.0,0.0,ULTRACEMCO
2021-12-21,6935.292944956266,7066.5633419525375,6879.8145276810155,7020.90625,241099,0.0,0.0,ULTRACEMCO
2021-12-22,7013.863058727846,7114.471750144024,7006.629001870159,7068.71875,158971,0.0,0.0,ULTRACEMCO
2021-12-23,7123.861649924404,7123.861649924404,6994.65172013878,7033.6015625,210152,0.0,0.0,ULTRACEMCO
2021-12-24,7054.107740874632,7138.427420472156,6900.703321125687,6922.6455078125,270337,0.0,0.0,ULTRACEMCO
2021-12-27,6917.08701341204,6989.908541742739,6872.3399134646925,6942.04736328125,142927,0.0,0.0,ULTRACEMCO
2021-12-28,6970.745073097141,7106.806351499862,6970.745073097141,7096.3623046875,185895,0.0,0.0,ULTRACEMCO
2021-12-29,7076.144621902229,7148.007972835562,7065.31739750575,7110.59130859375,219901,0.0,0.0,ULTRACEMCO
2021-12-30,7110.591689953559,7181.448677057858,7071.45002247386,7087.8349609375,243710,0.0,0.0,ULTRACEMCO
2021-12-31,7138.426803640955,7339.165114427906,7111.071006188611,7273.57763671875,258372,0.0,0.0,ULTRACEMCO
2022-01-03,7282.1534114353235,7425.880123503126,7253.455790781629,7400.87158203125,250533,0.0,0.0,ULTRACEMCO
2022-01-04,7424.921630999194,7447.774270822311,7293.363973268366,7330.3974609375,315188,0.0,0.0,ULTRACEMCO
2022-01-05,7330.541565950083,7444.085670984406,7277.362681313755,7339.212890625,400874,0.0,0.0,ULTRACEMCO
2022-01-06,7320.048377920207,7377.92270202619,7114.519201829167,7146.6181640625,403448,0.0,0.0,ULTRACEMCO
2022-01-07,7152.89537518585,7262.98994449269,7127.9345551484985,7241.8623046875,543512,0.0,0.0,ULTRACEMCO
2022-01-10,7272.571573632098,7299.017382017383,7207.702730949749,7267.92431640625,213126,0.0,0.0,ULTRACEMCO
2022-01-11,7291.447632755831,7358.232361561552,7244.975997722629,7288.189453125,234296,0.0,0.0,ULTRACEMCO
2022-01-12,7343.285259885607,7405.758660206829,7291.639552993832,7338.39892578125,297378,0.0,0.0,ULTRACEMCO
2022-01-13,7359.765454055742,7396.751219614087,7237.933211020188,7288.66845703125,274893,0.0,0.0,ULTRACEMCO
2022-01-14,7314.731457575548,7377.971210811072,7250.437614880688,7340.1708984375,250253,0.0,0.0,ULTRACEMCO
2022-01-17,7315.6892821147085,7613.682650384214,7186.43115903226,7540.95703125,1216949,0.0,0.0,ULTRACEMCO
2022-01-18,7480.496063745716,7563.85755440101,7205.498962388599,7239.8974609375,565178,0.0,0.0,ULTRACEMCO
2022-01-19,7282.056976539414,7282.056976539414,7045.482919055481,7123.478515625,439305,0.0,0.0,ULTRACEMCO
2022-01-20,7157.589633014994,7243.394285447359,7085.726283285928,7153.27783203125,249483,0.0,0.0,ULTRACEMCO
2022-01-21,7119.263243566847,7142.882240028944,7005.240050298415,7049.93896484375,207851,0.0,0.0,ULTRACEMCO
2022-01-24,7052.190491370878,7056.981381650341,6792.188782332295,6856.72216796875,319304,0.0,0.0,ULTRACEMCO
2022-01-25,6822.227860086049,6854.710003095,6707.246491657633,6801.4833984375,467078,0.0,0.0,ULTRACEMCO
2022-01-27,6841.3915633595225,6851.26061054346,6659.3377262393105,6803.7353515625,418032,0.0,0.0,ULTRACEMCO
2022-01-28,6823.089143850463,6962.504032985962,6797.314251046273,6812.50146484375,511605,0.0,0.0,ULTRACEMCO
2022-01-31,6888.245807829677,6975.104550931097,6867.836803345078,6914.595703125,250406,0.0,0.0,ULTRACEMCO
2022-02-01,6959.439465374664,7220.351178696159,6932.610478180251,7201.90625,731348,0.0,0.0,ULTRACEMCO
2022-02-02,7255.994471379337,7258.198093557338,7114.471398635411,7129.80224609375,324627,0.0,0.0,ULTRACEMCO
2022-02-03,7148.967280221139,7171.96355615269,7043.567682201527,7066.8994140625,167162,0.0,0.0,ULTRACEMCO
2022-02-04,7079.977652402605,7214.98484685645,7071.497683038979,7128.50927734375,462491,0.0,0.0,ULTRACEMCO
2022-02-07,7128.509696370921,7204.493501358129,7054.58634861255,7156.9677734375,391483,0.0,0.0,ULTRACEMCO
2022-02-08,7163.291223332561,7185.377039757746,7048.165758855324,7110.974609375,270604,0.0,0.0,ULTRACEMCO
2022-02-09,7125.011991051186,7232.232021443423,7111.070687545822,7190.2158203125,253643,0.0,0.0,ULTRACEMCO
2022-02-10,7200.420800334467,7233.23839864202,7148.29553997519,7161.90185546875,284223,0.0,0.0,ULTRACEMCO
2022-02-11,7148.104294486914,7148.104294486914,6989.046735291748,7017.31298828125,265177,0.0,0.0,ULTRACEMCO
2022-02-14,6939.604536687973,6939.604536687973,6755.155261808797,6792.6201171875,266661,0.0,0.0,ULTRACEMCO
2022-02-15,6803.06417707498,7012.378359920825,6736.997613168953,6985.4052734375,255775,0.0,0.0,ULTRACEMCO
2022-02-16,6980.327339023249,7013.863571949235,6867.21460339847,6878.66455078125,322839,0.0,0.0,ULTRACEMCO
2022-02-17,6846.182252230164,6922.836497181656,6735.991775112394,6751.27490234375,499955,0.0,0.0,ULTRACEMCO
2022-02-18,6754.197154405971,6769.384370250332,6611.4286232658815,6627.33447265625,510600,0.0,0.0,ULTRACEMCO
2022-02-21,6611.428165194276,6623.45311188683,6506.986763744105,6528.498046875,424346,0.0,0.0,ULTRACEMCO
2022-02-22,6432.249287025654,6486.86543619301,6396.94033210591,6467.2705078125,359236,0.0,0.0,ULTRACEMCO
2022-02-23,6496.447337397423,6578.850651706593,6453.329324096113,6496.63916015625,506540,0.0,0.0,ULTRACEMCO
2022-02-24,6347.83364328394,6371.0694608991125,6128.69860488305,6150.01806640625,610393,0.0,0.0,ULTRACEMCO
2022-02-25,6276.066133060719,6378.255726983443,6247.320791993266,6295.46923828125,376464,0.0,0.0,ULTRACEMCO
2022-02-28,6264.567856107092,6325.891249008721,6170.810043856513,6293.21728515625,557289,0.0,0.0,ULTRACEMCO
2022-03-02,6265.526267964376,6265.526267964376,6076.765192144069,6131.716796875,686927,0.0,0.0,ULTRACEMCO
2022-03-03,6147.670404002981,6167.93577630445,5715.388467842209,5730.57568359375,2406110,0.0,0.0,ULTRACEMCO
2022-03-04,5700.920029668275,5911.958751721208,5606.108121538249,5797.2646484375,1336552,0.0,0.0,ULTRACEMCO
2022-03-07,5681.324917766349,5681.324917766349,5446.906751692875,5459.79443359375,1280108,0.0,0.0,ULTRACEMCO
2022-03-08,5395.5005549554,5629.2959972230465,5393.776021623804,5589.48388671875,955847,0.0,0.0,ULTRACEMCO
2022-03-09,5643.668800984263,5805.361349399559,5577.7463372782095,5765.69287109375,813790,0.0,0.0,ULTRACEMCO
2022-03-10,5942.620808217611,5999.345141096458,5753.428347841814,5799.4208984375,967482,0.0,0.0,ULTRACEMCO
2022-03-11,5790.2698581494715,5864.001844993206,5729.904642021155,5769.18994140625,533023,0.0,0.0,ULTRACEMCO
2022-03-14,5796.977200948459,5814.128494466793,5706.956186030902,5783.466796875,466938,0.0,0.0,ULTRACEMCO
2022-03-15,5840.909864889806,5913.875031139713,5722.2871394465665,5769.4296875,819263,0.0,0.0,ULTRACEMCO
2022-03-16,5873.631381140073,6053.002497248239,5825.722479173189,6042.1748046875,888929,0.0,0.0,ULTRACEMCO
2022-03-17,6113.511647395977,6198.933130230114,6074.849068036004,6107.0439453125,979987,0.0,0.0,ULTRACEMCO
2022-03-21,6103.593647473754,6103.593647473754,5917.7548437004925,5932.3193359375,531422,0.0,0.0,ULTRACEMCO
2022-03-22,5902.377251106152,5965.473374221308,5805.697171847615,5951.8193359375,1073804,0.0,0.0,ULTRACEMCO
2022-03-23,6048.499206797527,6048.499206797527,5935.961002728478,5973.2822265625,664235,0.0,0.0,ULTRACEMCO
2022-03-24,5942.620055718572,6112.744375329157,5940.703699686414,6086.203125,642226,0.0,0.0,ULTRACEMCO
2022-03-25,6117.966511736556,6123.380123848325,6021.23825578117,6048.6904296875,321023,0.0,0.0,ULTRACEMCO
2022-03-28,6079.639407231133,6127.500585453477,5983.869329030609,6093.96435546875,325668,0.0,0.0,ULTRACEMCO
2022-03-29,6110.301488193187,6274.149936441742,6109.343310133254,6253.64501953125,671879,0.0,0.0,ULTRACEMCO
2022-03-30,6268.880018744142,6389.897721759313,6268.880018744142,6364.8896484375,705385,0.0,0.0,ULTRACEMCO
2022-03-31,6381.465771204547,6418.834714909799,6305.769705750319,6326.1787109375,399272,0.0,0.0,ULTRACEMCO
2022-04-01,6326.849480495467,6409.109157272225,6290.486437409356,6391.57421875,216837,0.0,0.0,ULTRACEMCO
2022-04-04,6354.636902113578,6475.798705100955,6345.055121501224,6461.85693359375,268314,0.0,0.0,ULTRACEMCO
2022-04-05,6486.865813125151,6530.942006242398,6400.6775048745485,6444.849609375,412049,0.0,0.0,ULTRACEMCO
2022-04-06,6419.792622811491,6507.944999124724,6410.210842777444,6454.4306640625,297453,0.0,0.0,ULTRACEMCO
2022-04-07,6415.959826215897,6512.256714288582,6415.959826215897,6454.90966796875,234000,0.0,0.0,ULTRACEMCO
2022-04-08,6514.6527098359575,6563.519791495265,6441.687543244186,6551.0634765625,309692,0.0,0.0,ULTRACEMCO
2022-04-11,6548.8111370710985,6629.154455488541,6515.610363131037,6571.9033203125,359038,0.0,0.0,ULTRACEMCO
2022-04-12,6563.519648500619,6571.903706445783,6440.6810352341645,6492.18310546875,385829,0.0,0.0,ULTRACEMCO
2022-04-13,6467.701776561542,6553.937800249029,6414.235629019448,6448.5859375,386535,0.0,0.0,ULTRACEMCO
2022-04-18,6367.572102120762,6410.115113105781,6295.2773825704735,6361.9189453125,240392,0.0,0.0,ULTRACEMCO
2022-04-19,6419.7925058687615,6481.355441466085,6233.953698349512,6310.27294921875,353426,0.0,0.0,ULTRACEMCO
2022-04-20,6311.518627910408,6542.199986597129,6310.273183626546,6522.46142578125,328054,0.0,0.0,ULTRACEMCO
2022-04-21,6544.356077808917,6598.972226628112,6523.276160720806,6560.166015625,181457,0.0,0.0,ULTRACEMCO
2022-04-22,6515.61138109938,6525.145440779128,6429.471259500753,6462.04931640625,237385,0.0,0.0,ULTRACEMCO
2022-04-25,6414.044333973857,6432.297440011976,6282.438475646575,6319.232421875,227496,0.0,0.0,ULTRACEMCO
2022-04-26,6400.628963591882,6414.235278173596,6338.347394335375,6381.6572265625,279555,0.0,0.0,ULTRACEMCO
2022-04-27,6300.020494024931,6352.576652098489,6262.699272927589,6274.5810546875,327597,0.0,0.0,ULTRACEMCO
2022-04-28,6322.059621530111,6357.512214133418,6277.072968906876,6340.21728515625,243308,0.0,0.0,ULTRACEMCO
2022-04-29,6340.647279529666,6512.736149389871,6247.512654593293,6352.9599609375,1139560,0.0,0.0,ULTRACEMCO
2022-05-02,6331.257565481467,6448.538468725436,6269.26325665432,6399.67138671875,329548,0.0,0.0,ULTRACEMCO
2022-05-04,6399.67112711476,6428.03329066177,6229.1154360492665,6249.189453125,228457,0.0,0.0,ULTRACEMCO
2022-05-05,6285.648171693809,6320.046671012556,6074.848995204077,6089.892578125,344367,0.0,0.0,ULTRACEMCO
2022-05-06,6036.521982578372,6036.521982578372,5902.377049632187,5940.89599609375,499910,0.0,0.0,ULTRACEMCO
2022-05-09,5916.749664123284,6012.471561068763,5859.258979127754,5964.275390625,355285,0.0,0.0,ULTRACEMCO
2022-05-10,5951.100748371834,6154.809512932658,5941.231232889902,6100.193359375,359456,0.0,0.0,ULTRACEMCO
2022-05-11,6103.546814282346,6167.313380101088,5950.2383173016615,6075.041015625,217452,0.0,0.0,ULTRACEMCO
2022-05-12,6036.521805440281,6036.521805440281,5823.423097499672,5926.7626953125,323730,0.0,0.0,ULTRACEMCO
2022-05-13,6006.24362893794,6029.623081474793,5885.896363591999,5937.3984375,319217,0.0,0.0,ULTRACEMCO
2022-05-16,5935.625975927753,5935.625975927753,5577.554638079215,5761.3330078125,685657,0.0,0.0,ULTRACEMCO
2022-05-17,5761.332818309985,5869.655128075338,5730.287942919727,5852.31201171875,637179,0.0,0.0,ULTRACEMCO
2022-05-18,5906.209560795569,6016.400037676083,5873.679228520169,5973.04248046875,371945,0.0,0.0,ULTRACEMCO
2022-05-19,5872.673967379571,5918.091518782814,5796.977892420689,5818.6328125,259111,0.0,0.0,ULTRACEMCO
2022-05-20,5907.16775677759,5907.16775677759,5810.583595197788,5872.337890625,374540,0.0,0.0,ULTRACEMCO
2022-05-23,5915.791834363849,5963.700741347684,5653.2510240924385,5668.869140625,528566,0.0,0.0,ULTRACEMCO
2022-05-24,5699.195027021203,5708.441351156883,5589.675000813192,5622.63623046875,458962,0.0,0.0,ULTRACEMCO
2022-05-25,5647.501320893382,5728.946453617498,5536.592213683778,5549.958984375,571568,0.0,0.0,ULTRACEMCO
2022-05-26,5577.554169647987,5669.539258169926,5468.082332526825,5628.5771484375,512954,0.0,0.0,ULTRACEMCO
2022-05-27,5658.041991777041,5726.551729696103,5639.884328638938,5699.24365234375,290626,0.0,0.0,ULTRACEMCO
2022-05-30,5749.068407862971,5899.262820018392,5716.058986277004,5847.42529296875,330562,0.0,0.0,ULTRACEMCO
2022-05-31,5854.467852035355,5883.213193371043,5792.234000899438,5828.2138671875,431470,0.0,0.0,ULTRACEMCO
2022-06-01,5825.722296974923,5844.598590903671,5701.159155756709,5725.736328125,268629,0.0,0.0,ULTRACEMCO
2022-06-02,5716.490485389518,5772.017092853543,5658.999799984997,5756.59033203125,320094,0.0,0.0,ULTRACEMCO
2022-06-03,5859.258353944035,5859.258353944035,5375.378473528379,5441.34912109375,2216480,0.0,0.0,ULTRACEMCO
2022-06-06,5442.451418800667,5495.1512124686315,5341.84272179819,5347.92724609375,999722,0.0,0.0,ULTRACEMCO
2022-06-07,5327.470161421458,5343.088277088662,5183.743448433469,5322.87109375,1203977,0.0,0.0,ULTRACEMCO
2022-06-08,5348.501881751956,5378.5403878058405,5269.979007397591,5300.4970703125,605175,0.0,0.0,ULTRACEMCO
2022-06-09,5293.933798559909,5303.515579190786,5217.279553512888,5252.63623046875,375314,0.0,0.0,ULTRACEMCO
2022-06-10,5227.7239526489775,5304.186847945485,5182.785492037925,5280.5673828125,493489,0.0,0.0,ULTRACEMCO
2022-06-13,5203.864736660499,5222.070118725782,5113.796004337522,5132.14501953125,441354,0.0,0.0,ULTRACEMCO
2022-06-14,5126.252541763534,5268.062892451572,5101.339912588609,5201.5654296875,610906,0.0,0.0,ULTRACEMCO
2022-06-15,5213.351015455693,5244.635436156945,5175.119803683029,5226.046875,286759,0.0,0.0,ULTRACEMCO
2022-06-16,5250.815130796145,5256.5641984576005,5056.352730003278,5083.37353515625,732233,0.0,0.0,ULTRACEMCO
2022-06-17,5078.343533170928,5081.170345489197,4941.371797334937,4960.77490234375,819352,0.0,0.0,ULTRACEMCO
2022-06-20,4962.404285683681,5123.809570708397,4945.923435532427,5110.2509765625,506142,0.0,0.0,ULTRACEMCO
2022-06-21,5131.043511627913,5205.78140031269,5041.980673801069,5192.27099609375,292408,0.0,0.0,ULTRACEMCO
2022-06-22,5174.16125415607,5200.990238436879,5097.507013353757,5183.6953125,214821,0.0,0.0,ULTRACEMCO
2022-06-23,5200.990701149265,5268.925434532139,5133.965956240664,5184.03076171875,296712,0.0,0.0,ULTRACEMCO
2022-06-24,5222.070508840103,5279.561193341095,5207.889660474013,5239.60498046875,265862,0.0,0.0,ULTRACEMCO
2022-06-27,5279.5605420450975,5348.549354935704,5258.528348748898,5327.708984375,226613,0.0,0.0,ULTRACEMCO
2022-06-28,5327.469753768337,5351.424204100029,5250.815512706922,5339.6865234375,278114,0.0,0.0,ULTRACEMCO
2022-06-29,5310.223226659394,5411.790109017008,5290.19739720059,5383.33203125,490615,0.0,0.0,ULTRACEMCO
2022-06-30,5393.584154392076,5412.74771507565,5303.515419179275,5372.79150390625,572821,0.0,0.0,ULTRACEMCO
2022-07-01,5365.797957243457,5461.376233356857,5255.607463478636,5453.6630859375,329610,0.0,0.0,ULTRACEMCO
2022-07-04,5442.354850829016,5504.732329017098,5396.554131911003,5470.28564453125,165959,0.0,0.0,ULTRACEMCO
2022-07-05,5471.675749799445,5521.980097381,5461.950336172419,5490.3125,307970,0.0,0.0,ULTRACEMCO
2022-07-06,5509.523958335253,5600.4549645277,5488.68358510155,5584.3095703125,371948,0.0,0.0,ULTRACEMCO
2022-07-07,5610.132195988197,5626.373500249673,5529.884788402542,5594.65771484375,261593,0.0,0.0,ULTRACEMCO
2022-07-08,5606.2996859884415,5709.735192069942,5562.798496746658,5594.8974609375,410980,0.0,0.0,ULTRACEMCO
2022-07-11,5576.596463039672,5623.547189274886,5538.844340006293,5609.4140625,189671,0.0,0.0,ULTRACEMCO
2022-07-12,5579.566368406598,5592.453581705006,5490.359903625534,5537.1669921875,171919,0.0,0.0,ULTRACEMCO
2022-07-13,5540.185939669508,5638.878286917166,5529.023258043191,5556.42724609375,263686,0.0,0.0,ULTRACEMCO
2022-07-14,5557.432580736838,5607.210116599826,5444.607117567569,5495.19873046875,285686,0.0,0.0,ULTRACEMCO
2022-07-15,5480.778290261753,5588.094228812332,5462.572907829065,5564.1875,255753,0.0,0.0,ULTRACEMCO
2022-07-18,5588.094220718244,5740.444526118485,5568.355659905637,5732.2041015625,512929,0.0,0.0,ULTRACEMCO
2022-07-19,5744.181642028907,5841.005817119104,5732.44396062286,5831.328125,555572,0.0,0.0,ULTRACEMCO
2022-07-20,5855.426598714126,5888.004655391639,5822.848542036613,5834.3466796875,371187,0.0,0.0,ULTRACEMCO
2022-07-21,5868.839956341651,5891.979860311732,5783.562118608686,5874.3017578125,328612,0.0,0.0,ULTRACEMCO
2022-07-22,5874.589816546207,6223.366638145101,5843.975839704016,6188.5849609375,1441549,0.0,0.0,ULTRACEMCO
2022-07-25,6083.4724474779605,6177.182073747473,5998.242322673837,6115.95458984375,919050,0.0,0.0,ULTRACEMCO
2022-07-26,6122.2784928649435,6191.794121458704,6043.420628524186,6132.00390625,549442,0.0,0.0,ULTRACEMCO
2022-07-27,6123.045283697747,6277.02469046607,6099.665831788622,6262.029296875,424070,0.0,0.0,ULTRACEMCO
2022-07-28,6285.648167374928,6285.648167374928,6175.4576888310075,6200.60986328125,462464,0.0,0.0,ULTRACEMCO
2022-07-29,6266.197162341389,6302.176560869159,6218.5755262519815,6271.08349609375,360851,0.0,0.0,ULTRACEMCO
2022-08-01,6312.428656050356,6385.29790250246,6285.695116774124,6379.21337890625,414339,0.0,0.0,ULTRACEMCO
2022-08-02,6387.116864459717,6450.864105362395,6355.459930514639,6409.71484375,274658,38.0,0.0,ULTRACEMCO
2022-08-03,6422.917354849349,6451.827710535093,6277.449893605455,6362.88037109375,266360,0.0,0.0,ULTRACEMCO
2022-08-04,6406.53443090539,6442.5279156575625,6312.093941400467,6348.76171875,275815,0.0,0.0,ULTRACEMCO
2022-08-05,6348.761938805148,6552.05010612146,6348.761938805148,6529.11474609375,741250,0.0,0.0,ULTRACEMCO
2022-08-08,6509.647991987854,6529.114485082418,6405.570718392785,6435.30029296875,313912,0.0,0.0,ULTRACEMCO
2022-08-10,6480.111547362737,6497.216840557656,6341.534298193968,6356.0859375,271291,0.0,0.0,ULTRACEMCO
2022-08-11,6389.28478829711,6413.232292649103,6334.836954143535,6357.4833984375,303393,0.0,0.0,ULTRACEMCO
2022-08-12,6355.460153708885,6370.059789899678,6278.365868296191,6321.056640625,269932,0.0,0.0,ULTRACEMCO
2022-08-16,6352.665178155813,6436.408746279203,6321.7789996882475,6414.244140625,270299,0.0,0.0,ULTRACEMCO
2022-08-17,6466.282816697647,6479.53339624006,6354.5441049924375,6369.7705078125,341063,0.0,0.0,ULTRACEMCO
2022-08-18,6369.047637331253,6466.523623020622,6369.047637331253,6460.45263671875,300992,0.0,0.0,ULTRACEMCO
2022-08-19,6480.738165172172,6536.535058388362,6366.060419201095,6406.10107421875,641293,0.0,0.0,ULTRACEMCO
2022-08-22,6413.280542586732,6424.700227143694,6210.956049347072,6232.5908203125,345960,0.0,0.0,ULTRACEMCO
2022-08-23,6210.907749918268,6341.004343593824,6172.4570730078285,6259.47705078125,379309,0.0,0.0,ULTRACEMCO
2022-08-24,6217.750115869885,6296.386375223866,6217.750115869885,6271.95703125,223101,0.0,0.0,ULTRACEMCO
2022-08-25,6292.821024542674,6366.06059542556,6220.159754907572,6239.86669921875,470687,0.0,0.0,ULTRACEMCO
2022-08-26,6271.089612939418,6331.3675126841945,6235.963344684844,6280.43701171875,415698,0.0,0.0,ULTRACEMCO
2022-08-29,6169.4694821770545,6341.00424753593,6169.4694821770545,6269.98095703125,366457,0.0,0.0,ULTRACEMCO
2022-08-30,6301.34898713806,6447.008892138971,6288.001946368727,6435.30029296875,467147,0.0,0.0,ULTRACEMCO
2022-09-01,6388.224781497362,6514.466665096117,6365.096497479269,6391.59765625,386222,0.0,0.0,ULTRACEMCO
2022-09-02,6398.824627042949,6424.506562498594,6307.275178312666,6338.5947265625,268505,0.0,0.0,ULTRACEMCO
2022-09-05,6336.185942917824,6379.407016424748,6260.440721034706,6285.06298828125,385312,0.0,0.0,ULTRACEMCO
2022-09-06,6302.457423949754,6317.876280032811,6221.556425220504,6259.57373046875,341220,0.0,0.0,ULTRACEMCO
2022-09-07,6225.362941941491,6551.086266148337,6197.4162661959335,6524.8740234375,918604,0.0,0.0,ULTRACEMCO
2022-09-08,6595.415203377666,6686.96465462268,6533.739783591551,6668.3173828125,879685,0.0,0.0,ULTRACEMCO
2022-09-09,6678.292260479532,6773.69643562924,6518.466081031118,6537.2578125,567059,0.0,0.0,ULTRACEMCO
2022-09-12,6537.257581958927,6649.381669878351,6495.193109417404,6620.0859375,488043,0.0,0.0,ULTRACEMCO
2022-09-13,6648.418038163298,6716.453835054717,6606.016183738137,6645.81591796875,412295,0.0,0.0,ULTRACEMCO
2022-09-14,6543.376778641194,6711.442208861133,6514.5628866412335,6626.01220703125,543948,0.0,0.0,ULTRACEMCO
2022-09-15,6658.054546871851,6673.47340238639,6512.683555614613,6543.4248046875,437578,0.0,0.0,ULTRACEMCO
2022-09-16,6543.424608180987,6571.082367648049,6216.689621073886,6245.9853515625,831639,0.0,0.0,ULTRACEMCO
2022-09-19,6162.72410418531,6275.426494746925,6017.786949620659,6225.21875,808807,0.0,0.0,ULTRACEMCO
2022-09-20,6256.875570015147,6324.959361766028,6223.38774222125,6249.11767578125,373825,0.0,0.0,ULTRACEMCO
2022-09-21,6263.909915734508,6295.663308833486,6067.84934715357,6084.4248046875,616165,0.0,0.0,ULTRACEMCO
2022-09-22,6071.17440039517,6133.669043689416,6003.7169070574455,6012.775390625,492098,0.0,0.0,ULTRACEMCO
2022-09-23,6032.627403870241,6055.707692140246,5904.602621166098,5916.93798828125,570526,0.0,0.0,ULTRACEMCO
2022-09-26,5897.664151630436,6013.353561988383,5786.889124958372,5952.73828125,497458,0.0,0.0,ULTRACEMCO
2022-09-27,5982.5156496233485,6046.070429834809,5905.421375787996,5967.916015625,467962,0.0,0.0,ULTRACEMCO
2022-09-28,5926.622648491141,6049.636112281084,5890.05086197834,5948.7392578125,378895,0.0,0.0,ULTRACEMCO
2022-09-29,5992.152990735552,6035.374066130482,5921.804459322927,5951.58203125,407574,0.0,0.0,ULTRACEMCO
2022-09-30,5948.016422627169,6095.266304176006,5947.823498715306,6027.9052734375,442887,0.0,0.0,ULTRACEMCO
2022-10-03,6058.068431512955,6124.465786089041,6002.946303611321,6015.81103515625,337932,0.0,0.0,ULTRACEMCO
2022-10-04,6118.297904313427,6150.051296874045,6052.045012097207,6078.44970703125,307268,0.0,0.0,ULTRACEMCO
2022-10-06,6109.721736575013,6135.5965986064875,6030.218259718949,6058.8876953125,495617,0.0,0.0,ULTRACEMCO
2022-10-07,6071.174664503909,6078.113338053231,5910.625729266687,5978.1796875,454883,0.0,0.0,ULTRACEMCO
2022-10-10,5932.597824120656,5949.028354477314,5897.712473883475,5926.5263671875,282642,0.0,0.0,ULTRACEMCO
2022-10-11,5956.159303084097,5979.624968180462,5840.4698897827975,5856.033203125,276525,0.0,0.0,ULTRACEMCO
2022-10-12,5863.983708809645,5965.169951936187,5837.771465228881,5953.31689453125,223353,0.0,0.0,ULTRACEMCO
2022-10-13,5947.823373425304,5990.225225082906,5879.4022037050845,5957.21923828125,314360,0.0,0.0,ULTRACEMCO
2022-10-14,6032.627304826288,6032.627304826288,5944.932562855171,5967.09716796875,249291,0.0,0.0,ULTRACEMCO
2022-10-17,5945.896108792005,6053.635172593483,5861.285328071729,6043.70947265625,453912,0.0,0.0,ULTRACEMCO
2022-10-18,6075.992984844605,6209.944297278134,6061.778726870543,6116.2265625,558284,0.0,0.0,ULTRACEMCO
2022-10-19,6117.527162972493,6211.871187582527,6023.0866764098055,6166.0,919146,0.0,0.0,ULTRACEMCO
2022-10-20,6109.721982690161,6180.070516560253,6049.010234281725,6073.39111328125,476962,0.0,0.0,ULTRACEMCO
2022-10-21,6086.207748051653,6187.779363158581,6086.207748051653,6131.78955078125,307899,0.0,0.0,ULTRACEMCO
2022-10-24,6206.089286912839,6209.944000755642,6138.969176234257,6162.33837890625,56532,0.0,0.0,ULTRACEMCO
2022-10-25,6186.815992627948,6238.854631818276,6155.2075259307985,6182.67236328125,313500,0.0,0.0,ULTRACEMCO
2022-10-27,6238.854889404688,6238.854889404688,6140.55967798682,6203.005859375,248556,0.0,0.0,ULTRACEMCO
2022-10-28,6208.016794508277,6234.999792062798,6173.806208323079,6211.72705078125,151834,0.0,0.0,ULTRACEMCO
2022-10-31,6242.805872617104,6486.423612619387,6220.303885216916,6471.05322265625,538107,0.0,0.0,ULTRACEMCO
2022-11-01,6498.999521895538,6601.197434098423,6474.184801614074,6573.154296875,429855,0.0,0.0,ULTRACEMCO
2022-11-02,6577.154034965371,6625.28996628433,6480.786180910325,6533.64404296875,255634,0.0,0.0,ULTRACEMCO
2022-11-03,6485.604550335801,6537.595195630364,6427.7838381102965,6483.8701171875,217701,0.0,0.0,ULTRACEMCO
2022-11-04,6513.503163710956,6707.2025476295685,6491.145633667062,6642.68408203125,646411,0.0,0.0,ULTRACEMCO
2022-11-07,6673.473507547546,6763.095606638076,6618.543833911414,6720.2119140625,353341,0.0,0.0,ULTRACEMCO
2022-11-09,6745.749367960998,6803.5700768292345,6608.907023639503,6652.75439453125,312745,0.0,0.0,ULTRACEMCO
2022-11-10,6644.563468092826,6644.563468092826,6543.377222385829,6554.2666015625,330402,0.0,0.0,ULTRACEMCO
2022-11-11,6591.512284011488,6676.171055319174,6540.919167829479,6565.73388671875,293195,0.0,0.0,ULTRACEMCO
2022-11-14,6596.379504254616,6646.972626821946,6571.709239903031,6605.43798828125,484476,0.0,0.0,ULTRACEMCO
2022-11-15,6630.10808504397,6745.7495051319465,6617.628260241019,6711.5869140625,625270,0.0,0.0,ULTRACEMCO
2022-11-16,6733.173692669927,6779.478256437514,6619.314701307911,6660.94580078125,307352,0.0,0.0,ULTRACEMCO
2022-11-17,6681.1827498522225,6706.816690946312,6601.293899786811,6622.25390625,196795,0.0,0.0,ULTRACEMCO
2022-11-18,6649.381964480638,6687.061889721928,6516.394325191026,6566.939453125,296995,0.0,0.0,ULTRACEMCO
2022-11-21,6562.458250534988,6626.10950350496,6495.723508415737,6509.50439453125,249498,0.0,0.0,ULTRACEMCO
2022-11-22,6509.74475788262,6665.764213604617,6495.722953318711,6594.5,393509,0.0,0.0,ULTRACEMCO
2022-11-23,6627.409829040987,6653.718063319256,6554.314722243982,6576.18994140625,258946,0.0,0.0,ULTRACEMCO
2022-11-24,6596.282780573417,6639.744774439863,6582.8877437153415,6611.02734375,297230,0.0,0.0,ULTRACEMCO
2022-11-25,6653.236037173589,6690.819496827379,6601.197400729879,6624.32568359375,377893,0.0,0.0,ULTRACEMCO
2022-11-28,6624.325809699032,6673.37694976404,6613.725346517959,6641.9609375,239438,0.0,0.0,ULTRACEMCO
2022-11-29,6649.381718764964,6750.567962311387,6644.563326215134,6677.23193359375,336266,0.0,0.0,ULTRACEMCO
2022-11-30,6695.638112183394,6837.2988494446145,6654.247933044059,6819.95263671875,489956,0.0,0.0,ULTRACEMCO
2022-12-01,6842.11730537488,7033.889325624119,6779.526198989649,7009.79736328125,1086727,0.0,0.0,ULTRACEMCO
2022-12-02,7010.7612412203425,7033.889525727462,6898.974532769269,6974.189453125,442739,0.0,0.0,ULTRACEMCO
2022-12-05,6996.305996995266,7020.397959794836,6897.528949517026,6937.13623046875,235887,0.0,0.0,ULTRACEMCO
2022-12-06,6924.077652619007,7009.508123570238,6880.664126704674,6979.00732421875,312838,0.0,0.0,ULTRACEMCO
2022-12-07,6991.486784391745,7029.937458400683,6886.445838906052,6902.0576171875,324940,0.0,0.0,ULTRACEMCO
2022-12-08,6937.520982957273,6957.37285262545,6894.155453823633,6918.29541015625,262827,0.0,0.0,ULTRACEMCO
2022-12-09,6939.641567209054,6960.74603153452,6784.296410055804,6820.337890625,211582,0.0,0.0,ULTRACEMCO
2022-12-12,6831.516730935265,6903.744621083975,6716.983449709145,6887.265625,260579,0.0,0.0,ULTRACEMCO
2022-12-13,6919.163766563975,6979.923508932034,6895.312723233025,6962.8662109375,285708,0.0,0.0,ULTRACEMCO
2022-12-14,6982.717973182823,7014.567830045626,6914.393261405826,6936.1240234375,226179,0.0,0.0,ULTRACEMCO
2022-12-15,6936.123817330352,6955.397386824273,6830.553028645848,6855.51220703125,241610,0.0,0.0,ULTRACEMCO
2022-12-16,6849.8747143059445,6904.563468706696,6739.14814972537,6759.33740234375,285180,0.0,0.0,ULTRACEMCO
2022-12-19,6786.994942494069,6855.9944191441955,6755.386475023406,6818.9892578125,251219,0.0,0.0,ULTRACEMCO
2022-12-20,6832.4805134644,6866.257256416174,6751.146142787112,6840.18994140625,488123,0.0,0.0,ULTRACEMCO
2022-12-21,6871.509437771628,6893.481119012706,6674.437187575387,6698.240234375,388167,0.0,0.0,ULTRACEMCO
2022-12-22,6727.439807066096,6834.408123723357,6610.834705124398,6757.69921875,338708,0.0,0.0,ULTRACEMCO
2022-12-23,6717.755126326092,6731.294621634321,6625.38644388706,6658.4404296875,289661,0.0,0.0,ULTRACEMCO
2022-12-26,6659.981932213254,6846.839094167716,6615.026425521185,6817.0615234375,328414,0.0,0.0,ULTRACEMCO
2022-12-27,6842.116503221521,6905.671280649456,6785.259478758131,6849.05517578125,295144,0.0,0.0,ULTRACEMCO
2022-12-28,6848.284798051205,6897.528863508711,6771.0940560946765,6797.59521484375,260015,0.0,0.0,ULTRACEMCO
2022-12-29,6774.7078310606175,6779.8636051298945,6654.200023203533,6728.59619140625,449116,0.0,0.0,ULTRACEMCO
2022-12-30,6745.749443557014,6796.872399335802,6697.806438583162,6706.28662109375,232317,0.0,0.0,ULTRACEMCO
2023-01-02,6726.379115947966,6784.248289171486,6697.661686369639,6763.04736328125,212580,0.0,0.0,ULTRACEMCO
2023-01-03,6774.611838727889,6783.332940907958,6707.250335345463,6739.58203125,188315,0.0,0.0,ULTRACEMCO
2023-01-04,6745.749011445424,6805.497074118226,6730.185698906811,6750.90478515625,319221,0.0,0.0,ULTRACEMCO
2023-01-05,6760.156549330834,6786.416787941275,6692.74705135824,6752.4951171875,236570,0.0,0.0,ULTRACEMCO
2023-01-06,6752.495229918488,6774.5633733952645,6698.529234074984,6728.59619140625,160184,0.0,0.0,ULTRACEMCO
2023-01-09,6784.296834683186,6807.425119346879,6748.544267197996,6779.333984375,298470,0.0,0.0,ULTRACEMCO
2023-01-10,6793.885136228627,6793.885136228627,6638.925357785372,6668.94384765625,263888,0.0,0.0,ULTRACEMCO
2023-01-11,6695.638131378489,6777.550802818784,6670.582490702634,6766.90234375,295408,0.0,0.0,ULTRACEMCO
2023-01-12,6769.7930786780835,6906.635417832848,6769.7930786780835,6893.529296875,566492,0.0,0.0,ULTRACEMCO
2023-01-13,6914.393140675238,6994.3784550551745,6878.737036674544,6985.60888671875,462134,0.0,0.0,ULTRACEMCO
2023-01-16,7005.942698128132,7068.340881030992,6986.910047744634,7020.25341796875,440500,0.0,0.0,ULTRACEMCO
2023-01-17,7015.579505430616,7120.620462311376,6999.052513204936,7109.6826171875,385734,0.0,0.0,ULTRACEMCO
2023-01-18,7105.2010232825305,7114.8378075267765,7005.942145566797,7018.90380859375,447736,0.0,0.0,ULTRACEMCO
2023-01-19,6996.305905133833,6996.305905133833,6925.041691889943,6950.38671875,412001,0.0,0.0,ULTRACEMCO
2023-01-20,6950.386514146286,7001.124091533167,6890.3010673726285,6916.46484375,353292,0.0,0.0,ULTRACEMCO
2023-01-23,6866.20954745155,6923.982263721904,6581.9243802237315,6600.95703125,998103,0.0,0.0,ULTRACEMCO
2023-01-24,6632.035091830316,6647.116565461159,6536.245548024989,6562.361328125,444188,0.0,0.0,ULTRACEMCO
2023-01-25,6558.747613834955,6582.7431134191675,6429.662695687351,6461.560546875,509299,0.0,0.0,ULTRACEMCO
2023-01-27,6489.410788880747,6552.049889159518,6364.229050279011,6471.67919921875,635582,0.0,0.0,ULTRACEMCO
2023-01-30,6501.9385727076615,6653.188095294937,6401.282169294413,6637.5283203125,699269,0.0,0.0,ULTRACEMCO
2023-01-31,6673.473979350855,6841.15404756848,6642.202422088354,6828.1923828125,593220,0.0,0.0,ULTRACEMCO
2023-02-01,6827.662297588466,6976.068789307396,6728.018032972129,6882.013671875,648015,0.0,0.0,ULTRACEMCO
2023-02-02,6842.117302629334,7044.48978622823,6750.615841469377,6907.31005859375,647192,0.0,0.0,ULTRACEMCO
2023-02-03,6923.982003107761,6962.577138682277,6871.991359992155,6928.07763671875,364197,0.0,0.0,ULTRACEMCO
2023-02-06,6896.37211301071,6945.953558987814,6854.452099162287,6868.37744140625,314446,0.0,0.0,ULTRACEMCO
2023-02-07,6895.071649705219,6943.3035702572515,6796.005217894891,6814.94140625,295067,0.0,0.0,ULTRACEMCO
2023-02-08,6855.608213962189,7028.829408291638,6855.608213962189,6987.005859375,559696,0.0,0.0,ULTRACEMCO
2023-02-09,6986.669610737883,6986.669610737883,6899.938539708033,6918.97119140625,334529,0.0,0.0,ULTRACEMCO
2023-02-10,6914.393399778696,6964.4082209933,6887.458396853082,6944.3154296875,407822,0.0,0.0,ULTRACEMCO
2023-02-13,6952.94027540035,6986.669022405064,6895.119566249412,6918.48876953125,323236,0.0,0.0,ULTRACEMCO
2023-02-14,6953.084652512125,6967.298910013725,6866.738967071149,6879.8935546875,328419,0.0,0.0,ULTRACEMCO
2023-02-15,6878.736943408642,6916.320403872769,6791.668499224189,6892.083984375,404971,0.0,0.0,ULTRACEMCO
2023-02-16,6926.583135030666,6932.509663233217,6849.826242614251,6911.2607421875,264069,0.0,0.0,ULTRACEMCO
2023-02-17,6915.356930420901,7124.76408068913,6915.356930420901,7032.78125,1063293,0.0,0.0,ULTRACEMCO
2023-02-20,7035.8161907784315,7219.878770211205,7035.8161907784315,7157.09521484375,713498,0.0,0.0,ULTRACEMCO
2023-02-21,7174.393661548253,7213.1337262926945,7055.0904489230215,7073.93017578125,399493,0.0,0.0,ULTRACEMCO
2023-02-22,7060.872385578575,7065.546320423447,6930.775787782327,6944.0263671875,402548,0.0,0.0,ULTRACEMCO
2023-02-23,6978.766633979944,7002.08784143356,6882.688171772677,6916.2724609375,286748,0.0,0.0,ULTRACEMCO
2023-02-24,6950.868357056862,6978.766566478262,6905.62346460286,6954.57861328125,206602,0.0,0.0,ULTRACEMCO
2023-02-27,6957.758889825216,6972.21406757416,6877.243737982057,6925.6201171875,295092,0.0,0.0,ULTRACEMCO
2023-02-28,6921.186588691491,7019.385798688038,6902.057947992376,6997.55810546875,429256,0.0,0.0,ULTRACEMCO
2023-03-01,6964.504062068571,7077.254439163081,6957.7583130116345,7009.94140625,317216,0.0,0.0,ULTRACEMCO
2023-03-02,7009.9416691559645,7063.763205973735,6989.41550590276,7024.4453125,180178,0.0,0.0,ULTRACEMCO
2023-03-03,7063.762804107058,7083.036372467514,6927.161388352328,6953.85546875,408754,0.0,0.0,ULTRACEMCO
2023-03-06,6980.887520428968,6991.969823919434,6929.812556516387,6939.06396484375,154817,0.0,0.0,ULTRACEMCO
2023-03-08,6952.892283847201,7018.904260167282,6926.246197260653,7003.29248046875,237790,0.0,0.0,ULTRACEMCO
2023-03-09,7003.05127844546,7036.057265274518,6945.327033545618,6979.875,158808,0.0,0.0,ULTRACEMCO
2023-03-10,6938.484764555851,6979.874941751751,6877.194721693052,6963.92578125,154319,0.0,0.0,ULTRACEMCO
2023-03-13,6962.576985761132,6994.378375453883,6798.558721006134,6818.603515625,176576,0.0,0.0,ULTRACEMCO
2023-03-14,6822.844294278622,6856.5730443209595,6737.07690131382,6807.37744140625,210976,0.0,0.0,ULTRACEMCO
2023-03-15,6867.173214949786,6926.921283898268,6824.9642834917395,6842.84033203125,265536,0.0,0.0,ULTRACEMCO
2023-03-16,6876.4243261535385,6890.108278381468,6819.036989756368,6846.55029296875,459814,0.0,0.0,ULTRACEMCO
2023-03-17,6899.11902353507,7043.429882766576,6899.11902353507,7025.16845703125,383505,0.0,0.0,ULTRACEMCO
2023-03-20,7010.760998630585,7019.8194823065305,6840.189906292769,6980.1162109375,520041,0.0,0.0,ULTRACEMCO
2023-03-21,6979.923297525267,7092.6736807657,6974.237688548011,7085.68701171875,350524,0.0,0.0,ULTRACEMCO
2023-03-22,7092.673466047994,7178.537310948642,7085.9277168275685,7127.9921875,381601,0.0,0.0,ULTRACEMCO
2023-03-23,7103.274215465569,7193.859994363109,7091.180238522706,7138.88232421875,232908,0.0,0.0,ULTRACEMCO
2023-03-24,7135.075551941808,7161.287795132281,7061.402143039134,7136.66552734375,228994,0.0,0.0,ULTRACEMCO
2023-03-27,7137.966071918946,7211.639475500991,7123.9447390969635,7179.59716796875,251626,0.0,0.0,ULTRACEMCO
2023-03-28,7212.169993712384,7239.056530124877,7100.7206677557615,7134.20849609375,249783,0.0,0.0,ULTRACEMCO
2023-03-29,7150.301584395818,7323.9566392447905,7131.220938212034,7295.76904296875,445346,0.0,0.0,ULTRACEMCO
2023-03-31,7299.960874006271,7366.647141819039,7272.929410588429,7345.3017578125,378456,0.0,0.0,ULTRACEMCO
2023-04-03,7392.281082947352,7455.980323936792,7304.77926607165,7362.9853515625,360584,0.0,0.0,ULTRACEMCO
2023-04-05,7299.864507741136,7419.986936521669,7299.864507741136,7412.56689453125,233489,0.0,0.0,ULTRACEMCO
2023-04-06,7410.68773742916,7449.234877805904,7390.306031064185,7422.107421875,227682,0.0,0.0,ULTRACEMCO
2023-04-10,7422.107142777789,7489.709093562205,7389.486532351389,7416.71044921875,226983,0.0,0.0,ULTRACEMCO
2023-04-11,7434.779558661301,7510.862163750308,7434.779558661301,7460.26904296875,354799,0.0,0.0,ULTRACEMCO
2023-04-12,7468.508279620606,7510.910133079097,7396.232393043633,7403.79736328125,264416,0.0,0.0,ULTRACEMCO
2023-04-13,7425.191198724166,7467.545059074043,7351.3737984770005,7377.2001953125,292568,0.0,0.0,ULTRACEMCO
2023-04-17,7377.199955390641,7539.820704872653,7367.370246314601,7461.23291015625,488286,0.0,0.0,ULTRACEMCO
2023-04-18,7496.454677652594,7496.454677652594,7295.045881196829,7319.4267578125,437232,0.0,0.0,ULTRACEMCO
2023-04-19,7328.774981138618,7356.721657595294,7206.869651077602,7242.9111328125,341302,0.0,0.0,ULTRACEMCO
2023-04-20,7297.551939719394,7323.95663664227,7175.164769607082,7204.267578125,263429,0.0,0.0,ULTRACEMCO
2023-04-21,7227.636526666307,7244.40490849504,7072.6772167809495,7091.22802734375,388408,0.0,0.0,ULTRACEMCO
2023-04-24,7083.036469551679,7187.113740124683,7043.091810358689,7170.29736328125,513771,0.0,0.0,ULTRACEMCO
2023-04-25,7185.090218451939,7234.768125964038,7155.601563127519,7168.9970703125,285446,0.0,0.0,ULTRACEMCO
2023-04-26,7192.896410760509,7208.315266946491,7034.853134854196,7186.05419921875,230254,0.0,0.0,ULTRACEMCO
2023-04-27,7188.078019154343,7235.298266230166,7166.780629935405,7228.4560546875,205177,0.0,0.0,ULTRACEMCO
2023-04-28,7239.15278132649,7303.719239839386,7217.951854650614,7281.74755859375,457487,0.0,0.0,ULTRACEMCO
2023-05-02,7271.436060538335,7306.610325492235,7169.767979644187,7185.76513671875,544731,0.0,0.0,ULTRACEMCO
2023-05-03,7250.716954153259,7268.063166962238,7164.419733647043,7234.52734375,384431,0.0,0.0,ULTRACEMCO
2023-05-04,7241.755310256072,7255.535725154849,7213.181865118008,7229.75732421875,232203,0.0,0.0,ULTRACEMCO
2023-05-05,7246.8619339414745,7390.353560838087,7232.88859643587,7351.7099609375,319654,0.0,0.0,ULTRACEMCO
2023-05-08,7352.866733425063,7472.362863824107,7343.229948715462,7454.48681640625,295156,0.0,0.0,ULTRACEMCO
2023-05-09,7477.133635995068,7538.85705694152,7408.278617568443,7435.984375,289797,0.0,0.0,ULTRACEMCO
2023-05-10,7478.145666365284,7492.600844844083,7441.525880885661,7461.9560546875,234884,0.0,0.0,ULTRACEMCO
2023-05-11,7507.055118457641,7570.4649721897085,7468.604442447935,7550.8544921875,320219,0.0,0.0,ULTRACEMCO
2023-05-12,7555.191434802906,7632.333710412546,7412.422088770334,7423.16748046875,246799,0.0,0.0,ULTRACEMCO
2023-05-15,7448.174369844365,7492.6000410458355,7436.224851026392,7479.060546875,183594,0.0,0.0,ULTRACEMCO
2023-05-16,7487.781865445275,7521.847994167564,7405.869193815565,7419.07177734375,250490,0.0,0.0,ULTRACEMCO
2023-05-17,7436.706991753348,7478.097171587175,7375.031567693193,7420.75830078125,205629,0.0,0.0,ULTRACEMCO
2023-05-18,7463.496849525446,7485.709920655932,7310.946735466904,7327.95556640625,157714,0.0,0.0,ULTRACEMCO
2023-05-19,7359.612940238513,7409.8686815140445,7309.598118595698,7402.3037109375,138709,0.0,0.0,ULTRACEMCO
2023-05-22,7376.958756081881,7456.94406983169,7372.140363687314,7435.40576171875,139603,0.0,0.0,ULTRACEMCO
2023-05-23,7396.232167854562,7470.820786421813,7348.337160256,7376.23583984375,149291,0.0,0.0,ULTRACEMCO
2023-05-24,7372.140456046457,7404.857529033903,7314.367742293363,7375.80224609375,160565,0.0,0.0,ULTRACEMCO
2023-05-25,7366.647265556669,7389.583095861254,7318.4633412354415,7344.91650390625,257361,0.0,0.0,ULTRACEMCO
2023-05-26,7391.413550440805,7468.507824760918,7356.624665044633,7441.38037109375,252078,0.0,0.0,ULTRACEMCO
2023-05-29,7468.5076630492795,7572.2960158239,7454.0524869272485,7555.7685546875,210769,0.0,0.0,ULTRACEMCO
2023-05-30,7579.331830601549,7680.518078816826,7555.81816798266,7614.93994140625,414785,0.0,0.0,ULTRACEMCO
2023-05-31,7608.241230753806,7639.51278413222,7497.273753270716,7584.197265625,1137662,0.0,0.0,ULTRACEMCO
2023-06-01,7585.113421732986,7611.903495631692,7526.136109717039,7557.9375,184642,0.0,0.0,ULTRACEMCO
2023-06-02,7575.476118959349,7658.786307239367,7542.181217505989,7565.501953125,248325,0.0,0.0,ULTRACEMCO
2023-06-05,7610.169044554642,7637.15204230664,7579.331332838073,7595.7138671875,186015,0.0,0.0,ULTRACEMCO
2023-06-06,7601.495758701733,7825.069163369431,7601.495758701733,7814.99853515625,635244,0.0,0.0,ULTRACEMCO
2023-06-07,7839.62094500406,7875.084125067855,7788.97935824072,7861.3037109375,298650,0.0,0.0,ULTRACEMCO
2023-06-08,7873.25346807396,7915.607327029488,7792.304472808572,7805.9404296875,349085,0.0,0.0,ULTRACEMCO
2023-06-09,7861.689289331517,7919.2210846317475,7813.69828772297,7857.11181640625,325814,0.0,0.0,ULTRACEMCO
2023-06-12,7864.098191401065,7906.981883517645,7808.060382216379,7900.81396484375,195134,0.0,0.0,ULTRACEMCO
2023-06-13,7914.209881177793,8016.166880834961,7913.487122284535,7975.6923828125,249199,0.0,0.0,ULTRACEMCO
2023-06-14,8007.156709360956,8063.050062699977,7976.126073254282,8054.7138671875,289643,0.0,0.0,ULTRACEMCO
2023-06-15,8075.625844569157,8121.882412652609,8007.20467094572,8030.52587890625,406197,0.0,0.0,ULTRACEMCO
2023-06-16,8061.122526643986,8125.881909016882,8004.168563558156,8030.57373046875,356982,0.0,0.0,ULTRACEMCO
2023-06-19,8054.424716719384,8109.932220598707,7953.142485148727,7968.271484375,187488,0.0,0.0,ULTRACEMCO
2023-06-20,7967.693763265888,7990.244216391287,7874.5058649715,7944.03564453125,343189,0.0,0.0,ULTRACEMCO
2023-06-21,7952.660577611235,8049.269344172202,7928.182768050656,7942.2041015625,373929,0.0,0.0,ULTRACEMCO
2023-06-22,7976.366869147385,7978.294226129177,7849.836071511177,7866.2666015625,226654,0.0,0.0,ULTRACEMCO
2023-06-23,7866.700648847228,7868.4830776646395,7767.248837792516,7786.71533203125,198255,0.0,0.0,ULTRACEMCO
2023-06-26,7767.2489201236785,7969.621410598365,7767.2489201236785,7870.458984375,241856,0.0,0.0,ULTRACEMCO
2023-06-27,7887.660053093889,7930.205891658395,7871.951812159574,7910.3544921875,236562,0.0,0.0,ULTRACEMCO
2023-06-28,7903.223519490046,8016.648669305196,7884.817636228609,7960.611328125,282115,0.0,0.0,ULTRACEMCO
2023-06-30,7998.530991459206,8016.840881680619,7937.530334887365,7993.4716796875,225746,0.0,0.0,ULTRACEMCO
2023-07-03,8078.517285588175,8190.303997401156,8059.532629932503,8156.38232421875,373703,0.0,0.0,ULTRACEMCO
2023-07-04,8189.339579554659,8189.339579554659,8079.480234759504,8106.17431640625,206677,0.0,0.0,ULTRACEMCO
2023-07-05,8123.7612839945905,8145.010205457917,8039.728335492669,8072.92724609375,195350,0.0,0.0,ULTRACEMCO
2023-07-06,8109.3539838679435,8171.9450860795205,8075.625238837001,8104.728515625,275687,0.0,0.0,ULTRACEMCO
2023-07-07,8112.197018515315,8140.577536463947,8023.2007509539435,8033.6572265625,354695,0.0,0.0,ULTRACEMCO
2023-07-10,8046.7160119376285,8128.098854911564,8033.224512037374,8048.0166015625,173234,0.0,0.0,ULTRACEMCO
2023-07-11,8090.369441925488,8136.626007175915,8003.397462470259,8023.49072265625,300378,0.0,0.0,ULTRACEMCO
2023-07-12,8060.206807200748,8069.216824552379,7856.388808668591,7921.9189453125,508967,0.0,0.0,ULTRACEMCO
2023-07-13,7967.693779697747,8046.715416119519,7908.427552381418,7934.9287109375,272841,0.0,0.0,ULTRACEMCO
2023-07-14,7997.567220090486,7997.567220090486,7852.051778442859,7885.3466796875,249245,0.0,0.0,ULTRACEMCO
2023-07-17,7908.909182587244,7959.984141363548,7892.478652935204,7951.31103515625,202735,0.0,0.0,ULTRACEMCO
2023-07-18,7926.255401193279,7951.311041367264,7860.725265353626,7879.03515625,280527,0.0,0.0,ULTRACEMCO
2023-07-19,7869.398383956293,8053.31604347066,7867.230107399361,8026.6708984375,150429,0.0,0.0,ULTRACEMCO
2023-07-20,8046.667084572198,8046.667084572198,7868.434566521761,7925.4365234375,307197,0.0,0.0,ULTRACEMCO
2023-07-21,7944.565223420901,8011.540876383996,7778.812528317991,7824.29833984375,656733,0.0,0.0,ULTRACEMCO
2023-07-24,7902.163351243643,7944.710131577785,7794.616741280907,7921.2919921875,482809,0.0,0.0,ULTRACEMCO
2023-07-25,7945.239657753235,8109.353904464115,7945.239657753235,8088.44189453125,583167,0.0,0.0,ULTRACEMCO
2023-07-26,8110.222503824124,8151.3708241140985,8037.078927079604,8048.97998046875,191345,0.0,0.0,ULTRACEMCO
2023-07-27,8085.428173920912,8122.989600401149,7991.524135023603,8023.712890625,216816,38.0,0.0,ULTRACEMCO
2023-07-28,8030.247584619154,8075.409029662908,7962.4817822173045,8041.62255859375,204996,0.0,0.0,ULTRACEMCO
2023-07-31,8063.162501030198,8141.577216192095,8036.588436257752,8052.6591796875,240038,0.0,0.0,ULTRACEMCO
2023-08-01,8080.5874518590335,8100.917191464765,8006.625544850347,8017.46826171875,217562,0.0,0.0,ULTRACEMCO
2023-08-02,8004.109729391199,8049.609627465871,7951.2527791469565,8023.18115234375,134414,0.0,0.0,ULTRACEMCO
2023-08-03,8020.662943870366,8020.662943870366,7822.109526980253,7876.46728515625,390602,0.0,0.0,ULTRACEMCO
2023-08-04,7916.982165612643,7969.113052999179,7888.665740038644,7897.765625,248048,0.0,0.0,ULTRACEMCO
2023-08-07,7926.952670150805,7986.683571515855,7899.556114372046,7914.51318359375,195297,0.0,0.0,ULTRACEMCO
2023-08-08,7914.513271820621,7967.273788123631,7877.290296469447,7896.5068359375,166007,0.0,0.0,ULTRACEMCO
2023-08-09,7899.556345353675,7913.061290684531,7827.918211829635,7852.3623046875,222338,0.0,0.0,ULTRACEMCO
2023-08-10,7874.38641003788,7943.120296823309,7818.23760111457,7843.6015625,296178,0.0,0.0,ULTRACEMCO
2023-08-11,7865.673668949649,7894.716156342694,7787.985015173254,7873.3701171875,293096,0.0,0.0,ULTRACEMCO
2023-08-14,7870.3202400569,7882.663297139667,7763.105057945806,7797.22998046875,544313,0.0,0.0,ULTRACEMCO
2023-08-16,7749.455656613639,8001.205434034727,7732.707538269784,7988.52392578125,282782,0.0,0.0,ULTRACEMCO
2023-08-17,7962.578002119645,7970.32266504681,7889.923572112873,7945.39453125,248724,0.0,0.0,ULTRACEMCO
2023-08-18,7938.279620818149,7983.199044634788,7905.170997223367,7952.6552734375,265260,0.0,0.0,ULTRACEMCO
2023-08-21,7952.220340058686,8014.709900510182,7943.6040243208545,7956.96337890625,216794,0.0,0.0,ULTRACEMCO
2023-08-22,7959.625717237022,8004.061099937049,7930.583230607839,7941.66796875,193112,0.0,0.0,ULTRACEMCO
2023-08-23,7947.863958420349,7972.066030249065,7886.971167541928,7901.3955078125,208545,0.0,0.0,ULTRACEMCO
2023-08-24,7948.928794927594,8058.322164045462,7903.428898037861,7949.31640625,273837,0.0,0.0,ULTRACEMCO
2023-08-25,7917.949641114243,7928.5985524789885,7803.715864656059,7813.83251953125,191154,0.0,0.0,ULTRACEMCO
2023-08-28,7875.160632763325,7890.2628206326535,7791.567052007638,7858.55810546875,327780,0.0,0.0,ULTRACEMCO
2023-08-29,7899.459762075789,7955.705474535619,7865.818880445208,7937.98974609375,230713,0.0,0.0,ULTRACEMCO
2023-08-30,7967.32223082433,8049.415471292894,7938.327959022287,8002.125,223225,0.0,0.0,ULTRACEMCO
2023-08-31,8024.245333683443,8093.173025081006,7963.449916784253,8032.61962890625,482614,0.0,0.0,ULTRACEMCO
2023-09-01,8035.088505700121,8078.65223856235,7985.716275122927,7998.68896484375,215635,0.0,0.0,ULTRACEMCO
2023-09-04,8020.519009988589,8319.704856022014,8018.195232755733,8308.6201171875,620108,0.0,0.0,ULTRACEMCO
2023-09-05,8308.087728520268,8325.513221309053,8178.55842120232,8184.99560546875,210587,0.0,0.0,ULTRACEMCO
2023-09-06,8214.037621307983,8283.6913733915,8174.588244067583,8264.9111328125,327847,0.0,0.0,ULTRACEMCO
2023-09-07,8264.91028642991,8272.267337384817,8160.937817923232,8224.0087890625,203477,0.0,0.0,ULTRACEMCO
2023-09-08,8262.58714614805,8277.108388935654,8131.895961059591,8161.470703125,125962,0.0,0.0,ULTRACEMCO
2023-09-11,8181.219574684033,8227.397313587682,8157.211310184942,8191.62646484375,131688,0.0,0.0,ULTRACEMCO
2023-09-12,8248.019253884007,8335.049351607859,8127.05708942428,8298.0693359375,335823,0.0,0.0,ULTRACEMCO
2023-09-13,8315.831885397181,8407.799758402156,8253.390540041173,8360.7021484375,321018,0.0,0.0,ULTRACEMCO
2023-09-14,8389.406640685549,8422.321460185123,8328.41741631869,8410.65625,311971,0.0,0.0,ULTRACEMCO
2023-09-15,8442.651569900076,8471.64584389089,8384.80861252116,8449.7666015625,357249,0.0,0.0,ULTRACEMCO
2023-09-18,8449.427429227515,8458.720646775979,8332.289400018471,8352.619140625,129308,0.0,0.0,ULTRACEMCO
2023-09-20,8315.83276855049,8348.26354826486,8171.636620114904,8188.19140625,317399,0.0,0.0,ULTRACEMCO
2023-09-21,8107.79088102334,8168.683674817854,8022.164703107541,8048.20556640625,393954,0.0,0.0,ULTRACEMCO
2023-09-22,8010.8861898657515,8045.398724236885,7917.998444301543,7926.08203125,524827,0.0,0.0,ULTRACEMCO
2023-09-25,7954.737332992667,8015.678341727184,7895.781177857041,7944.2822265625,467415,0.0,0.0,ULTRACEMCO
2023-09-26,7974.0989058902305,8062.194450437519,7944.282141429841,7966.2578125,515796,0.0,0.0,ULTRACEMCO
2023-09-27,7974.099083560404,8025.359263712857,7943.120429842555,7998.97900390625,541638,0.0,0.0,ULTRACEMCO
2023-09-28,8001.0118819682575,8058.274367375983,7874.386819511178,7894.08740234375,370431,0.0,0.0,ULTRACEMCO
2023-09-29,7938.279936296916,8021.486852268869,7872.450297800795,7991.37890625,320974,0.0,0.0,ULTRACEMCO
2023-10-03,8024.439622373275,8109.630922502222,7958.803787034446,8039.83251953125,454402,0.0,0.0,ULTRACEMCO
2023-10-04,8027.875803208472,8027.875803208472,7788.2752812832405,7861.65625,884369,0.0,0.0,ULTRACEMCO
2023-10-05,7916.013880647154,7946.798727817036,7865.673569800431,7916.44970703125,310506,0.0,0.0,ULTRACEMCO
2023-10-06,7936.343422256609,7976.664452223813,7891.085547776187,7933.875,158491,0.0,0.0,ULTRACEMCO
2023-10-09,7909.285800098571,7938.13448250505,7829.080507029556,7851.24951171875,152525,0.0,0.0,ULTRACEMCO
2023-10-10,7887.745773938982,7925.0656538743515,7846.312014317762,7897.91064453125,187020,0.0,0.0,ULTRACEMCO
2023-10-11,7934.359415674672,8122.215717658141,7918.144026727024,8076.7158203125,439622,0.0,0.0,ULTRACEMCO
2023-10-12,8097.965407054391,8117.375280512879,8037.024398189376,8085.1865234375,177704,0.0,0.0,ULTRACEMCO
2023-10-13,8051.061390238062,8148.3537211126995,8041.864602742449,8101.8857421875,285076,0.0,0.0,ULTRACEMCO
2023-10-16,8101.934393933762,8185.141312260098,8009.918298952105,8027.53759765625,363990,0.0,0.0,ULTRACEMCO
2023-10-17,8064.130640726327,8066.06680654643,8015.726495223768,8036.44384765625,205234,0.0,0.0,ULTRACEMCO
2023-10-18,8059.194288287422,8083.347202053654,7984.748329800039,8014.0810546875,322136,0.0,0.0,ULTRACEMCO
2023-10-19,7986.296033476478,8265.491510198046,7931.841372262067,8246.662109375,837498,0.0,0.0,ULTRACEMCO
2023-10-20,8263.555560377488,8372.319295060832,8142.4487688297095,8190.99755859375,539291,0.0,0.0,ULTRACEMCO
2023-10-23,8146.417667520307,8251.551093129137,8037.556555481108,8059.5322265625,217546,0.0,0.0,ULTRACEMCO
2023-10-25,8088.332813097684,8130.444420203579,7924.968820014473,7992.8310546875,255678,0.0,0.0,ULTRACEMCO
2023-10-26,7973.130489333364,7973.130489333364,7895.248033636555,7943.41015625,637430,0.0,0.0,ULTRACEMCO
2023-10-27,7948.928449313766,8006.045338670667,7918.917880329632,7948.10595703125,227682,0.0,0.0,ULTRACEMCO
2023-10-30,7978.93869424512,8147.675342633916,7935.81079319657,8133.4443359375,244073,0.0,0.0,ULTRACEMCO
2023-10-31,8136.447344220457,8182.333910987173,8084.557528407269,8153.43701171875,218908,0.0,0.0,ULTRACEMCO
2023-11-01,8170.620032029903,8175.460446740821,8102.950656213868,8113.93896484375,209234,0.0,0.0,ULTRACEMCO
2023-11-02,8117.85909103031,8202.760149739119,8107.646005598193,8189.01318359375,200590,0.0,0.0,ULTRACEMCO
2023-11-03,8204.502639581206,8257.747199484093,8166.747406195522,8250.5830078125,243686,0.0,0.0,ULTRACEMCO
2023-11-06,8266.459042737202,8373.916233713175,8249.227357947657,8365.1552734375,194715,0.0,0.0,ULTRACEMCO
2023-11-07,8365.156440703351,8417.481134351703,8308.620019044385,8408.5263671875,206360,0.0,0.0,ULTRACEMCO
2023-11-08,8411.671793437126,8440.859869208954,8376.67522062759,8421.20703125,132370,0.0,0.0,ULTRACEMCO
2023-11-09,8407.798827588416,8440.713641651515,8342.695261537141,8351.6982421875,128138,0.0,0.0,ULTRACEMCO
2023-11-10,8316.848080982336,8451.315168646863,8314.476088892186,8432.82421875,149939,0.0,0.0,ULTRACEMCO
2023-11-13,8433.066018084766,8445.36085918584,8383.597363301626,8400.4423828125,64412,0.0,0.0,ULTRACEMCO
2023-11-15,8431.034532297328,8534.377388689882,8417.72339154419,8487.0869140625,192348,0.0,0.0,ULTRACEMCO
2023-11-16,8509.061981108478,8530.457182701099,8422.322122236887,8494.9765625,233428,0.0,0.0,ULTRACEMCO
2023-11-17,8504.608857897521,8586.508298679,8491.685328456417,8510.369140625,151817,0.0,0.0,ULTRACEMCO
2023-11-20,8519.129282601167,8533.8443313498,8374.98136465069,8385.0498046875,174311,0.0,0.0,ULTRACEMCO
2023-11-21,8388.244475894648,8459.011902724656,8388.244475894648,8430.404296875,183507,0.0,0.0,ULTRACEMCO
2023-11-22,8455.235845646968,8494.927243594246,8337.371755401087,8480.3095703125,325320,0.0,0.0,ULTRACEMCO
2023-11-23,8470.724715426266,8487.182123444809,8315.831463487044,8330.5947265625,344271,0.0,0.0,ULTRACEMCO
2023-11-24,8362.300322465811,8378.75773222292,8272.316825332797,8283.111328125,197278,0.0,0.0,ULTRACEMCO
2023-11-28,8362.30024767411,8456.688332201573,8314.138122492148,8447.9755859375,343335,0.0,0.0,ULTRACEMCO
2023-11-29,8480.309217793892,8509.448133015803,8414.576015036788,8454.025390625,207727,0.0,0.0,ULTRACEMCO
2023-11-30,8496.428072228728,8731.285558891383,8483.746563970262,8716.2802734375,1025481,0.0,0.0,ULTRACEMCO
2023-12-01,8813.232231109198,8870.930534701825,8685.639103882511,8745.5146484375,353015,0.0,0.0,ULTRACEMCO
2023-12-04,8857.95858479951,9042.668614079259,8796.146869444385,9020.3544921875,473570,0.0,0.0,ULTRACEMCO
2023-12-05,9023.500954084213,9099.979505245317,8948.136076445506,9031.9716796875,448461,0.0,0.0,ULTRACEMCO
2023-12-06,9031.971926902077,9049.591225717868,8838.161530715382,8918.9482421875,308912,0.0,0.0,ULTRACEMCO
2023-12-07,8970.255942467835,9081.585473374786,8941.359046733274,9055.9794921875,346830,0.0,0.0,ULTRACEMCO
2023-12-08,9078.970784236782,9130.618569137663,9043.007075254438,9113.095703125,311761,0.0,0.0,ULTRACEMCO
2023-12-11,9113.532520542762,9419.446720297543,9099.979359794132,9362.2333984375,588082,0.0,0.0,ULTRACEMCO
2023-12-12,9392.775987150098,9643.219218858336,9327.526822470758,9548.685546875,1060266,0.0,0.0,ULTRACEMCO
2023-12-13,9583.972224346297,9722.408075137793,9367.944153153105,9428.3046875,1501931,0.0,0.0,ULTRACEMCO
2023-12-14,9516.255511560543,9671.148785400796,9464.947114600958,9645.30078125,710415,0.0,0.0,ULTRACEMCO
2023-12-15,9680.82863777058,9738.429568165317,9584.649983411698,9709.3388671875,439516,0.0,0.0,ULTRACEMCO
2023-12-18,9707.935357551365,9707.935357551365,9624.43820711371,9652.125,266562,0.0,0.0,ULTRACEMCO
2023-12-19,9652.124937050696,9729.233117978925,9635.329076939724,9697.3828125,675166,0.0,0.0,ULTRACEMCO
2023-12-20,9706.966868215695,9804.74323738791,9543.50645494011,9571.87109375,501448,0.0,0.0,ULTRACEMCO
2023-12-21,9565.627517509687,9666.30814313675,9511.269282343063,9636.7333984375,216730,0.0,0.0,ULTRACEMCO
2023-12-22,9668.2438514473,9679.860846162166,9585.956805550331,9650.818359375,226940,0.0,0.0,ULTRACEMCO
2023-12-26,9656.626593780467,9733.879417452026,9651.88260957703,9698.8837890625,226114,0.0,0.0,ULTRACEMCO
2023-12-27,9778.5563975885,10135.827174978378,9717.373373986555,10103.0087890625,658122,0.0,0.0,ULTRACEMCO
2023-12-28,10157.125695977466,10163.854061150994,9998.456531928865,10093.5224609375,421406,0.0,0.0,ULTRACEMCO
2023-12-29,10087.471390046914,10190.039955842438,10030.83854400694,10167.822265625,243089,0.0,0.0,ULTRACEMCO
2024-01-01,10167.822979661303,10184.232174001338,10082.195857522685,10130.01953125,97677,0.0,0.0,ULTRACEMCO
2024-01-02,10155.092531417005,10155.092531417005,9781.605416535709,9878.9951171875,337528,0.0,0.0,ULTRACEMCO
2024-01-03,9879.043873820809,9918.009210151564,9767.568750856308,9788.818359375,179575,0.0,0.0,ULTRACEMCO
2024-01-04,9835.722073435263,9840.126661466233,9681.796895317526,9695.15625,313755,0.0,0.0,ULTRACEMCO
2024-01-05,9777.636956700842,9777.636956700842,9675.988255665834,9696.3662109375,163191,0.0,0.0,ULTRACEMCO
2024-01-08,9756.338832438409,9758.274998112638,9608.270373423089,9617.4189453125,176843,0.0,0.0,ULTRACEMCO
2024-01-09,9670.759934284253,9697.237567123046,9555.171410735322,9583.1484375,242925,0.0,0.0,ULTRACEMCO
2024-01-10,9583.005035265767,9590.555893298148,9419.44722959507,9464.1728515625,374333,0.0,0.0,ULTRACEMCO
2024-01-11,9525.838500885802,9627.535411858207,9408.942500589106,9603.8173828125,375210,0.0,0.0,ULTRACEMCO
2024-01-12,9661.41878967947,9661.41878967947,9481.451806694253,9495.392578125,376816,0.0,0.0,ULTRACEMCO
2024-01-15,9563.690630138406,9677.730602637846,9506.573741062773,9636.8291015625,273931,0.0,0.0,ULTRACEMCO
2024-01-16,9636.248508079707,9726.134622864265,9564.997042830462,9651.3984375,146779,0.0,0.0,ULTRACEMCO
2024-01-17,9641.137232659628,9725.456871869932,9511.414129017056,9540.1181640625,252817,0.0,0.0,ULTRACEMCO
2024-01-18,9539.488409092346,9616.015169347816,9458.169449648083,9576.517578125,278338,0.0,0.0,ULTRACEMCO
2024-01-19,9679.861418046858,9805.421965753489,9530.776643731504,9771.5390625,567616,0.0,0.0,ULTRACEMCO
2024-01-23,9680.828660614383,9763.115704229605,9501.733330393017,9517.22265625,580285,0.0,0.0,ULTRACEMCO
2024-01-24,9550.137436717225,9712.387746283506,9423.899053314248,9671.6318359375,272419,0.0,0.0,ULTRACEMCO
2024-01-25,9665.920491316168,9727.491133197067,9565.821283107722,9651.1572265625,296269,0.0,0.0,ULTRACEMCO
2024-01-29,9680.92533890302,9971.253776034451,9670.664038417102,9946.1318359375,334463,0.0,0.0,ULTRACEMCO
2024-01-30,9961.331449923286,9990.615958911372,9624.680606927992,9645.5908203125,368827,0.0,0.0,ULTRACEMCO
2024-01-31,9642.106267323616,9861.038606560864,9587.071129286509,9842.837890625,341574,0.0,0.0,ULTRACEMCO
2024-02-01,9845.35549845276,9906.634960806303,9584.069529117416,9605.609375,401503,0.0,0.0,ULTRACEMCO
2024-02-02,9680.829017548254,9841.434349106763,9673.37459012605,9776.2333984375,334386,0.0,0.0,ULTRACEMCO
2024-02-05,9729.23329251664,9805.033995657253,9563.158857582275,9599.8486328125,162473,0.0,0.0,ULTRACEMCO
2024-02-06,9661.467735414852,9753.435614659784,9603.672994852759,9728.0234375,250870,0.0,0.0,ULTRACEMCO
2024-02-07,9791.190284967364,9959.249095407014,9758.565702710566,9900.099609375,250184,0.0,0.0,ULTRACEMCO
2024-02-08,9961.572348932767,9966.412763096485,9632.908227216278,9678.5537109375,320905,0.0,0.0,ULTRACEMCO
2024-02-09,9753.240467381058,9753.240467381058,9537.551807226077,9628.3095703125,400823,0.0,0.0,ULTRACEMCO
2024-02-12,9633.392544650182,9697.721839807853,9590.700468660321,9645.83203125,191687,0.0,0.0,ULTRACEMCO
2024-02-13,9678.699117403765,9685.379267632481,9516.835465958966,9537.9404296875,276453,0.0,0.0,ULTRACEMCO
2024-02-14,9489.197526129372,9511.269628857659,9394.22896453827,9475.40234375,417802,0.0,0.0,ULTRACEMCO
2024-02-15,9521.96682160331,9525.113090977866,9396.212476752125,9501.0556640625,415090,0.0,0.0,ULTRACEMCO
2024-02-16,9559.867110993224,9630.488949535998,9536.681335832764,9599.7041015625,250550,0.0,0.0,ULTRACEMCO
2024-02-19,9631.408264826923,9631.408264826923,9569.499176171488,9586.150390625,109778,0.0,0.0,ULTRACEMCO
2024-02-20,9586.150808316748,9680.82912811098,9540.45710575337,9660.451171875,320905,0.0,0.0,ULTRACEMCO
2024-02-21,9652.0288565175,9792.158860978861,9603.382689165626,9650.23828125,322960,0.0,0.0,ULTRACEMCO
2024-02-22,9680.82900558799,9701.062316367052,9489.438827068823,9643.267578125,363840,0.0,0.0,ULTRACEMCO
2024-02-23,9643.268089605626,9707.935841714252,9578.26094122773,9681.701171875,304238,0.0,0.0,ULTRACEMCO
2024-02-26,9679.909047641726,9729.184844978834,9584.94049413837,9613.111328125,162530,0.0,0.0,ULTRACEMCO
2024-02-27,9613.111302079342,9827.009405465751,9566.062851835022,9633.4892578125,214186,0.0,0.0,ULTRACEMCO
2024-02-28,9642.104959538436,9671.099229293635,9468.721703333005,9492.00390625,300668,0.0,0.0,ULTRACEMCO
2024-02-29,9472.691576492292,9617.904017624009,9395.874573291012,9576.6640625,328848,0.0,0.0,ULTRACEMCO
2024-03-01,9584.020390890928,9858.810334749152,9576.663339253271,9812.00390625,352952,0.0,0.0,ULTRACEMCO
2024-03-04,9832.81718187781,9841.529927239324,9648.107169292383,9659.91796875,221282,0.0,0.0,ULTRACEMCO
2024-03-05,9659.918655228033,9710.74300678201,9516.254776678079,9524.337890625,310715,0.0,0.0,ULTRACEMCO
2024-03-06,9583.924776383372,9597.816388560675,9227.766680864448,9333.3359375,534825,0.0,0.0,ULTRACEMCO
2024-03-07,9333.335105646183,9404.925022508138,9263.681354511971,9364.4111328125,585012,0.0,0.0,ULTRACEMCO
2024-03-11,9384.644383698507,9511.027424433563,9364.169996430126,9388.3720703125,319303,0.0,0.0,ULTRACEMCO
2024-03-12,9418.429773661555,9418.429773661555,9269.78084205273,9308.6005859375,235430,0.0,0.0,ULTRACEMCO
2024-03-13,9317.507723142666,9344.904280270506,9196.787595832364,9287.3515625,415925,0.0,0.0,ULTRACEMCO
2024-03-14,9153.223337476133,9398.14829827798,9152.255254627114,9387.451171875,347822,0.0,0.0,ULTRACEMCO
2024-03-15,9371.043232249012,9439.680693584778,9239.190141493413,9325.4951171875,379648,0.0,0.0,ULTRACEMCO
2024-03-18,9317.797717278014,9365.039972729526,9264.553158893568,9304.5830078125,226448,0.0,0.0,ULTRACEMCO
2024-03-19,9285.222152520906,9300.808855467207,9134.008349957987,9151.5302734375,316008,0.0,0.0,ULTRACEMCO
2024-03-20,9230.67004737042,9230.67004737042,9143.542590184963,9181.830078125,171219,0.0,0.0,ULTRACEMCO
2024-03-21,9220.989014224962,9332.028304608797,9201.530927375925,9294.3212890625,215837,0.0,0.0,ULTRACEMCO
2024-03-22,9303.276382191365,9440.550344100686,9274.23389608671,9372.736328125,224511,0.0,0.0,ULTRACEMCO
2024-03-26,9323.701609978909,9380.528257790596,9264.552130749742,9294.2724609375,397803,0.0,0.0,ULTRACEMCO
2024-03-27,9322.637628441187,9398.148088983078,9265.568956683734,9316.296875,267937,0.0,0.0,ULTRACEMCO
2024-03-28,9371.043013563882,9539.44123282951,9333.82003482903,9437.986328125,506387,0.0,0.0,ULTRACEMCO
2024-04-01,9437.985559780489,9677.972737786256,9437.985559780489,9636.6845703125,387442,0.0,0.0,ULTRACEMCO
2024-04-02,9574.437251574698,9762.34272815765,9530.777086653594,9717.7626953125,307109,0.0,0.0,ULTRACEMCO
2024-04-03,9874.4447978929,9949.665022343761,9663.548332989374,9682.66796875,481855,0.0,0.0,ULTRACEMCO
2024-04-04,9756.339244967068,9757.210897714687,9584.020492674537,9685.765625,346378,0.0,0.0,ULTRACEMCO
2024-04-05,9681.797868871656,9700.045854860651,9489.343161806808,9510.0595703125,280079,0.0,0.0,ULTRACEMCO
2024-04-08,9538.471652608128,9583.05167665299,9488.179561862406,9548.9267578125,215228,0.0,0.0,ULTRACEMCO
2024-04-09,9584.020928444832,9674.826917455845,9447.617666568462,9457.34765625,275924,0.0,0.0,ULTRACEMCO
2024-04-10,9496.89409078132,9543.362074100129,9395.29359234201,9504.4931640625,186223,0.0,0.0,ULTRACEMCO
2024-04-12,9477.483723495356,9535.616914693544,9303.277010173093,9344.46875,440963,0.0,0.0,ULTRACEMCO
2024-04-15,9310.925710514828,9310.925710514828,9183.815658393372,9202.8388671875,220692,0.0,0.0,ULTRACEMCO
2024-04-16,9147.319295452342,9191.89932588506,9052.543597204438,9161.7431640625,547648,0.0,0.0,ULTRACEMCO
2024-04-18,9167.744524942715,9222.731441356827,9042.668032524794,9083.279296875,584270,0.0,0.0,ULTRACEMCO
2024-04-19,9027.373060018135,9099.979277659033,8954.76684237724,9065.080078125,415558,0.0,0.0,ULTRACEMCO
2024-04-22,9201.627112239781,9283.914151118306,9154.287484657023,9259.9541015625,277781,0.0,0.0,ULTRACEMCO
2024-04-23,9235.510925386343,9317.797972415467,9218.085433074293,9229.2666015625,317450,0.0,0.0,ULTRACEMCO
2024-04-24,9272.297288088503,9377.624510258942,9238.2205836057,9350.56640625,317929,0.0,0.0,ULTRACEMCO
2024-04-25,9313.103156828767,9396.21269624532,9254.920806876395,9374.6728515625,398260,0.0,0.0,ULTRACEMCO
2024-04-26,9416.54295429246,9464.947102304654,9338.999887334328,9391.2763671875,265782,0.0,0.0,ULTRACEMCO
2024-04-29,9453.329734602416,9691.47813344647,9432.08012538296,9646.4140625,808505,0.0,0.0,ULTRACEMCO
2024-04-30,9836.012561159429,9855.08398348711,9595.00813262208,9653.5771484375,777837,0.0,0.0,ULTRACEMCO
2024-05-02,9653.577288078908,9724.392931837485,9629.036764213195,9664.8076171875,318855,0.0,0.0,ULTRACEMCO
2024-05-03,9663.403716574323,9709.871696778247,9467.221334493492,9502.9921875,517348,0.0,0.0,ULTRACEMCO
2024-05-06,9559.818158953673,9612.09463293681,9435.081061690156,9464.849609375,238521,0.0,0.0,ULTRACEMCO
2024-05-07,9486.244298460339,9630.488649972798,9322.638289026743,9373.3662109375,214305,0.0,0.0,ULTRACEMCO
2024-05-08,9366.153459230325,9366.153459230325,9198.14286788794,9215.568359375,392065,0.0,0.0,ULTRACEMCO
2024-05-09,9220.021457268966,9254.872441357762,9107.772056937616,9144.607421875,328724,0.0,0.0,ULTRACEMCO
2024-05-10,9160.773981282538,9215.132210146425,9115.516109144863,9188.751953125,205200,0.0,0.0,ULTRACEMCO
2024-05-13,9212.228397656241,9272.29775080321,9126.213667217127,9246.6435546875,215387,0.0,0.0,ULTRACEMCO
2024-05-14,9230.719729953937,9389.921170277785,9225.78288475259,9352.3115234375,171935,0.0,0.0,ULTRACEMCO
2024-05-15,9381.692052220666,9383.773808761347,9254.87318328651,9307.24609375,161067,0.0,0.0,ULTRACEMCO
2024-05-16,9323.21838633527,9415.28363329047,9221.473256201545,9399.212890625,368451,0.0,0.0,ULTRACEMCO
2024-05-17,9429.126857600102,9584.020111934396,9376.124322132588,9574.677734375,283850,0.0,0.0,ULTRACEMCO
2024-05-21,9512.382628053741,9536.342679961366,9450.473537177366,9476.951171875,346947,0.0,0.0,ULTRACEMCO
2024-05-22,9554.978673208896,9632.425308858004,9508.752712555834,9579.03515625,280237,0.0,0.0,ULTRACEMCO
2024-05-23,9589.00690730102,9874.30018733487,9540.457170735473,9845.935546875,521622,0.0,0.0,ULTRACEMCO
2024-05-24,9840.562831845229,10038.051746522695,9799.46752302115,9904.552734375,519418,0.0,0.0,ULTRACEMCO
2024-05-27,9949.907973849495,10023.482275304803,9852.80944666546,9899.1318359375,389326,0.0,0.0,ULTRACEMCO
2024-05-28,9936.403008904948,10035.001875336118,9822.605051676474,9854.01953125,403774,0.0,0.0,ULTRACEMCO
2024-05-29,9853.0994435089,9853.0994435089,9643.07367135615,9703.482421875,317883,0.0,0.0,ULTRACEMCO
2024-05-30,9701.15844470775,9705.030776189522,9516.254616453167,9553.8642578125,323424,0.0,0.0,ULTRACEMCO
2024-05-31,9614.998757469366,9758.275017649135,9438.90411088836,9599.025390625,791072,0.0,0.0,ULTRACEMCO
2024-06-03,9971.253671768925,10184.038099880025,9890.273160636454,10135.8759765625,732632,0.0,0.0,ULTRACEMCO
2024-06-04,10140.66826146705,10163.418209356738,9230.622130813797,9601.736328125,972018,0.0,0.0,ULTRACEMCO
2024-06-05,9671.100264737704,9748.59511427847,9429.127747077686,9717.712890625,361720,0.0,0.0,ULTRACEMCO
2024-06-06,9675.988631415905,9851.695678599695,9614.12775565497,9734.025390625,483566,0.0,0.0,ULTRACEMCO
2024-06-07,9646.946376914668,10169.711158001865,9646.946376914668,10129.197265625,545284,0.0,0.0,ULTRACEMCO
2024-06-10,10160.029584848748,10559.799589750517,10129.196524008741,10480.70703125,705256,0.0,0.0,ULTRACEMCO
2024-06-11,10555.92715711312,10638.262414238,10480.706930762048,10584.58203125,650137,0.0,0.0,ULTRACEMCO
2024-06-12,10524.513642767935,10745.672378660813,10524.513642767935,10692.2822265625,439143,0.0,0.0,ULTRACEMCO
2024-06-13,10890.93314866818,10938.369213049045,10645.1856708443,10817.1650390625,602322,0.0,0.0,ULTRACEMCO
2024-06-14,10813.485670125507,10911.26204010605,10791.509999872977,10883.9619140625,305318,0.0,0.0,ULTRACEMCO
2024-06-18,10890.932755730395,10909.664781912863,10698.91388836786,10764.162109375,322724,0.0,0.0,ULTRACEMCO
2024-06-19,10794.125095708554,10820.941183007091,10618.176016233663,10644.6044921875,659266,0.0,0.0,ULTRACEMCO
2024-06-20,10657.528704739054,10817.262390564701,10528.289631661939,10555.2021484375,445369,0.0,0.0,ULTRACEMCO
2024-06-21,10535.161570283208,10611.591900044072,10272.859334113487,10322.0869140625,586745,0.0,0.0,ULTRACEMCO
2024-06-24,10375.428508671543,10498.859078753709,10256.499902243873,10441.7421875,276148,0.0,0.0,ULTRACEMCO
2024-06-25,10457.183813825235,10656.608901582333,10455.683474331006,10500.021484375,562075,0.0,0.0,ULTRACEMCO
2024-06-26,10559.557229388973,10901.580702708567,10555.007051028462,10787.443359375,793197,0.0,0.0,ULTRACEMCO
2024-06-27,10910.29447650885,11495.936426329694,10909.32639359168,11342.7373046875,2339734,0.0,0.0,ULTRACEMCO
2024-06-28,11326.473770728322,11403.048751792152,11103.76553794272,11295.4951171875,684790,0.0,0.0,ULTRACEMCO
2024-07-01,11296.559362962313,11647.585844433874,11295.494849929426,11524.6884765625,520339,0.0,0.0,ULTRACEMCO
2024-07-02,11562.78212110365,11692.505229294198,11423.37818394366,11475.6064453125,422173,0.0,0.0,ULTRACEMCO
2024-07-03,11476.864938907776,11519.218566294563,11386.542992325047,11493.1767578125,206171,0.0,0.0,ULTRACEMCO
2024-07-04,11505.665272496737,11555.859992730515,11347.431933330574,11384.703125,227230,0.0,0.0,ULTRACEMCO
2024-07-05,11420.038613803066,11447.144936116005,11249.365780604232,11317.03515625,425987,0.0,0.0,ULTRACEMCO
2024-07-08,11320.761641832949,11340.897577446414,11161.996043298606,11213.2080078125,149210,0.0,0.0,ULTRACEMCO
2024-07-09,11213.255227755146,11386.300033971474,11117.899068805169,11307.013671875,530901,0.0,0.0,ULTRACEMCO
2024-07-10,11315.920505122269,11365.098925134202,11103.910359633195,11262.91796875,202406,0.0,0.0,ULTRACEMCO
2024-07-11,11228.794255945331,11268.485657315601,11131.985959920283,11186.150390625,366819,0.0,0.0,ULTRACEMCO
2024-07-12,11185.230065261005,11307.208513263677,11103.959314993226,11231.98828125,366274,0.0,0.0,ULTRACEMCO
2024-07-15,11377.782380603747,11518.250837249243,11289.686832932735,11455.955078125,394470,0.0,0.0,ULTRACEMCO
2024-07-16,11527.011889427082,11527.011889427082,11260.644433231615,11286.5888671875,556056,0.0,0.0,ULTRACEMCO
2024-07-18,11278.166134307454,11310.93536333,11108.751621560346,11275.50390625,731274,0.0,0.0,ULTRACEMCO
2024-07-19,11273.325628514172,11273.325628514172,10870.264682031642,10898.9677734375,514154,0.0,0.0,ULTRACEMCO
2024-07-22,10929.559415907896,11200.719055684593,10872.829191224711,11148.15234375,573833,0.0,0.0,ULTRACEMCO
2024-07-23,11278.117224731277,11360.840095082975,10967.507268537402,11177.291015625,525157,0.0,0.0,ULTRACEMCO
2024-07-24,11171.677403391222,11191.765124892121,10993.2116871539,11087.841796875,268139,0.0,0.0,ULTRACEMCO
2024-07-25,11053.570364735831,11110.493449211746,10930.623838520954,11076.3203125,254683,0.0,0.0,ULTRACEMCO
2024-07-26,11076.32009399489,11367.664821140066,11031.8847123577,11300.4794921875,333210,0.0,0.0,ULTRACEMCO
2024-07-29,11307.207993307877,11558.909541104113,11300.47962824002,11494.822265625,496437,0.0,0.0,ULTRACEMCO
2024-07-30,11547.603751921557,11547.603751921557,11339.692350248826,11497.4033203125,438108,70.0,0.0,ULTRACEMCO
2024-07-31,11509.576555678283,11603.112154182385,11442.771663317777,11576.0400390625,322531,0.0,0.0,ULTRACEMCO
2024-08-01,11576.040089914202,11717.341562721755,11494.530836216833,11670.79296875,250126,0.0,0.0,ULTRACEMCO
2024-08-02,11523.306216538123,11636.221283110737,11393.739142388118,11456.55078125,273420,0.0,0.0,ULTRACEMCO
2024-08-05,11393.739325362938,11393.739325362938,11054.069748324742,11118.390625,400844,0.0,0.0,ULTRACEMCO
2024-08-06,11150.235186134743,11272.79054390293,10977.040034420734,11028.84765625,368949,0.0,0.0,ULTRACEMCO
2024-08-07,11198.000739832882,11286.570211473661,11131.00184742563,11241.0439453125,230210,0.0,0.0,ULTRACEMCO
2024-08-08,11198.974956350485,11222.541685154265,10934.825220967,10963.3095703125,290349,0.0,0.0,ULTRACEMCO
2024-08-09,11149.30909830811,11149.30909830811,10937.064003053007,11004.5498046875,189230,0.0,0.0,ULTRACEMCO
2024-08-12,10994.47111909521,11081.920309452791,10917.733990944007,11006.984375,200411,0.0,0.0,ULTRACEMCO
2024-08-13,11066.535714251675,11066.535714251675,10940.571962775704,10976.1650390625,189972,0.0,0.0,ULTRACEMCO
2024-08-14,10906.826955490455,10906.826955490455,10676.12770850519,10714.59375,404673,0.0,0.0,ULTRACEMCO
2024-08-16,10751.016462033525,11028.556289178414,10663.567261084007,11000.0234375,435631,0.0,0.0,ULTRACEMCO
2024-08-19,11023.685887826254,11167.908818379236,10976.698887465156,11019.1572265625,244264,0.0,0.0,ULTRACEMCO
2024-08-20,11067.508690560297,11223.320515504392,10982.250597798682,11052.609375,421084,0.0,0.0,ULTRACEMCO
2024-08-21,10978.890245639781,11016.430965406937,10869.383561904044,10907.7041015625,456794,0.0,0.0,ULTRACEMCO
2024-08-22,10965.256977352048,11079.584282187272,10911.696663519511,11013.3642578125,305457,0.0,0.0,ULTRACEMCO
2024-08-23,11018.816750348695,11082.115299952997,10911.16071502935,11044.9150390625,258730,0.0,0.0,ULTRACEMCO
2024-08-26,11043.163336976999,11063.565138456495,10976.359395955751,11040.3388671875,234215,0.0,0.0,ULTRACEMCO
2024-08-27,11090.976670132066,11150.282922144104,10991.014223967071,11004.5498046875,184428,0.0,0.0,ULTRACEMCO
2024-08-28,10984.733828301867,11021.349227329572,10917.539977756403,10940.716796875,201101,0.0,0.0,ULTRACEMCO
2024-08-29,10936.042544430025,10962.043833110532,10824.442704385496,10928.251953125,406261,0.0,0.0,ULTRACEMCO
2024-08-30,10931.22161070878,11063.5161560931,10928.251638059348,11006.060546875,462185,0.0,0.0,ULTRACEMCO
2024-09-02,11028.555434359127,11164.890777477032,11028.555434359127,11125.8408203125,248673,0.0,0.0,ULTRACEMCO
2024-09-03,11135.189402837917,11202.918664994173,11063.613346070364,11160.80078125,181723,0.0,0.0,ULTRACEMCO
2024-09-04,11093.802029130284,11332.827299039714,11083.917336002467,11277.3193359375,198185,0.0,0.0,ULTRACEMCO
2024-09-05,11326.010337049207,11513.276482308225,11212.80330898312,11240.5087890625,406821,0.0,0.0,ULTRACEMCO
2024-09-06,11198.974685574856,11223.32028271741,11023.686386148467,11133.58203125,245248,0.0,0.0,ULTRACEMCO
2024-09-09,11101.59274929071,11216.942383451527,11012.000948156083,11193.47265625,154665,0.0,0.0,ULTRACEMCO
2024-09-10,11237.830868421026,11334.774848021692,11160.508869917883,11238.9501953125,237496,0.0,0.0,ULTRACEMCO
2024-09-11,11267.14288155323,11307.069662723818,11160.217204130526,11186.75390625,141341,0.0,0.0,ULTRACEMCO
2024-09-12,11206.618376113118,11427.8228433357,11142.735912156617,11403.720703125,455934,0.0,0.0,ULTRACEMCO
2024-09-13,11388.871252963016,11454.70137249465,11320.89853051172,11411.220703125,279660,0.0,0.0,ULTRACEMCO
2024-09-16,11369.394425416249,11489.126268259057,11300.25292612678,11337.8916015625,257856,0.0,0.0,ULTRACEMCO
2024-09-17,11298.84109292979,11411.853174248316,11272.012432803758,11340.8134765625,202725,0.0,0.0,ULTRACEMCO
2024-09-18,11377.185065510264,11455.382937516943,11233.88649266059,11326.44921875,185067,0.0,0.0,ULTRACEMCO
2024-09-19,11326.448100211539,11432.838354911468,11237.927132605892,11323.13671875,227247,0.0,0.0,ULTRACEMCO
2024-09-20,11354.787136222538,11533.873739122628,11276.491311075366,11489.466796875,608787,0.0,0.0,ULTRACEMCO
2024-09-23,11525.2065206379,11683.939825484877,11491.171183171638,11648.9306640625,279318,0.0,0.0,ULTRACEMCO
2024-09-24,11635.344082296215,11656.52475052494,11433.032182318382,11453.775390625,242038,0.0,0.0,ULTRACEMCO
2024-09-25,11501.834040736401,11545.266206117225,11374.263110304051,11506.9951171875,196686,0.0,0.0,ULTRACEMCO
2024-09-26,11525.206046188614,11763.792905615417,11459.764888831565,11749.185546875,277079,0.0,0.0,ULTRACEMCO
2024-09-27,11749.18470801293,11820.273848807372,11612.605913541416,11639.4345703125,404276,0.0,0.0,ULTRACEMCO
2024-09-30,11611.875848306961,11611.875848306961,11465.850768518456,11493.0693359375,405493,0.0,0.0,ULTRACEMCO
2024-10-01,11493.069514658646,11576.52641197659,11345.291739802737,11527.2998046875,324906,0.0,0.0,ULTRACEMCO
2024-10-03,11322.746868407863,11617.718491995174,11309.113334553049,11417.8896484375,304610,0.0,0.0,ULTRACEMCO
2024-10-04,11393.739867852231,11519.509607562723,11082.11621334687,11150.52734375,357277,0.0,0.0,ULTRACEMCO
2024-10-07,11191.135714350758,11228.14102240707,10899.134048469634,10936.3828125,374655,0.0,0.0,ULTRACEMCO
2024-10-08,10937.016135771153,11174.62916552168,10937.016135771153,11091.6591796875,447220,0.0,0.0,ULTRACEMCO
2024-10-09,11105.535408602156,11209.686056954435,11036.345415990323,11053.046875,286382,0.0,0.0,ULTRACEMCO
2024-10-10,11140.496705578718,11159.047860325001,11056.357941800454,11130.85546875,180542,0.0,0.0,ULTRACEMCO
2024-10-11,11092.584830344997,11168.104685233637,11062.834699752493,11122.3349609375,120279,0.0,0.0,ULTRACEMCO
2024-10-14,11101.543884508766,11130.758601312724,10945.780562549027,11004.501953125,144163,0.0,0.0,ULTRACEMCO
2024-10-15,11101.592776470874,11133.680465090572,10994.472144417208,11118.05078125,182286,0.0,0.0,ULTRACEMCO
2024-10-16,11044.137455941784,11113.278956635892,10938.964468970467,11025.9267578125,276811,0.0,0.0,ULTRACEMCO
2024-10-17,11053.874384612624,11066.485593514093,10647.838345177854,10728.9091796875,353330,0.0,0.0,ULTRACEMCO
2024-10-18,10728.909984751625,10848.349867838984,10615.654454099233,10779.548828125,330703,0.0,0.0,ULTRACEMCO
2024-10-21,10760.754352833826,10874.351293890635,10489.447388193117,10584.7841796875,566667,0.0,0.0,ULTRACEMCO
2024-10-22,10469.580617384609,10790.747545370237,10458.86855461917,10541.7900390625,793887,0.0,0.0,ULTRACEMCO
2024-10-23,10538.673997154097,10559.806166490089,10392.648909652538,10471.5771484375,351717,0.0,0.0,ULTRACEMCO
2024-10-24,10471.577134043784,10794.838175144929,10437.834705747142,10754.521484375,341400,0.0,0.0,ULTRACEMCO
2024-10-25,10774.095608628742,10824.052584202002,10663.371641656493,10707.388671875,519646,0.0,0.0,ULTRACEMCO
2024-10-28,10712.062571277196,10906.193979384894,10614.290274317591,10802.23828125,229113,0.0,0.0,ULTRACEMCO
2024-10-29,10784.12523106587,10845.427632146784,10631.283388796568,10821.2275390625,266761,0.0,0.0,ULTRACEMCO
2024-10-30,10824.051822455978,10936.041562409415,10723.164054515251,10911.79296875,239933,0.0,0.0,ULTRACEMCO
2024-10-31,10864.758597525191,10956.395999647175,10753.499213875972,10775.9951171875,423687,0.0,0.0,ULTRACEMCO
2024-11-01,10789.919977007452,10878.87840711882,10788.556243189705,10854.0458984375,19032,0.0,0.0,ULTRACEMCO
2024-11-04,10855.215179461124,10864.709962631461,10643.943890922208,10713.8642578125,276984,0.0,0.0,ULTRACEMCO
2024-11-05,10696.140801740803,10895.189827779715,10686.01265321442,10883.7958984375,274422,0.0,0.0,ULTRACEMCO
2024-11-06,10931.172993626844,11010.929549365595,10821.130895784541,10979.2802734375,282486,0.0,0.0,ULTRACEMCO
2024-11-07,10947.290116178963,10950.601497912528,10713.13396401921,10761.533203125,326254,0.0,0.0,ULTRACEMCO
2024-11-08,10740.401329047607,10847.765419360197,10673.792341576092,10754.2783203125,155894,0.0,0.0,ULTRACEMCO
2024-11-11,10726.670776013085,10819.13554997907,10610.834227319518,10683.287109375,107472,0.0,0.0,ULTRACEMCO
2024-11-12,10683.334822638964,10784.855961626257,10556.25080692825,10606.8896484375,166347,0.0,0.0,ULTRACEMCO
2024-11-13,10520.511170338632,10588.873795860201,10468.60654853517,10499.9638671875,216900,0.0,0.0,ULTRACEMCO
2024-11-14,10445.235362075895,10548.947609517727,10266.53867282166,10447.669921875,297442,0.0,0.0,ULTRACEMCO
2024-11-18,10353.792827893738,10485.015599953593,10303.446892474785,10352.625,424186,0.0,0.0,ULTRACEMCO
2024-11-19,10404.382591458274,10585.465327907033,10378.917668192067,10487.64453125,220357,0.0,0.0,ULTRACEMCO
2024-11-21,10278.710666633624,10717.75876601121,10278.710666633624,10668.09375,256924,0.0,0.0,ULTRACEMCO
2024-11-22,10711.089311090445,11111.233940779173,10645.502650386501,11077.5390625,328426,0.0,0.0,ULTRACEMCO
2024-11-25,11150.282908168461,11384.000628514352,11137.866654275087,11157.5380859375,465057,0.0,0.0,ULTRACEMCO
2024-11-26,11157.539083649248,11196.345586535172,10815.28847611358,10829.9443359375,243711,0.0,0.0,ULTRACEMCO
2024-11-27,10732.122834135924,10896.066651307454,10673.109488713239,10848.30078125,330284,0.0,0.0,ULTRACEMCO
2024-11-28,10881.508869449828,10897.090052724501,10670.772985259893,10709.9208984375,326140,0.0,0.0,ULTRACEMCO
2024-11-29,10629.287959325611,10938.963962171745,10629.287959325611,10908.921875,367574,0.0,0.0,ULTRACEMCO
2024-12-02,10913.35204974358,11471.645078874575,10913.35204974358,11343.6357421875,633694,0.0,0.0,ULTRACEMCO
2024-12-03,11369.150814637724,11622.58848992066,11320.65457360201,11542.1015625,501811,0.0,0.0,ULTRACEMCO
2024-12-04,11555.589492861744,11608.321487087867,11440.531817278023,11458.791015625,306770,0.0,0.0,ULTRACEMCO
2024-12-05,11437.562340686005,11687.786595887212,11415.99175970312,11620.4462890625,436371,0.0,0.0,ULTRACEMCO
2024-12-06,11626.482618448537,11643.378081371338,11508.649935909609,11538.3515625,193324,0.0,0.0,ULTRACEMCO
2024-12-09,11547.993471427619,11578.765925615508,11411.268218365225,11505.5341796875,268177,0.0,0.0,ULTRACEMCO
2024-12-10,11437.561951375737,11498.0360364658,11388.870755329013,11438.3408203125,232758,0.0,0.0,ULTRACEMCO
2024-12-11,11540.786336316027,11749.184638229084,11506.020635002526,11587.04296875,527029,0.0,0.0,ULTRACEMCO
2024-12-12,11631.352231850435,11631.352231850435,11482.260178668977,11546.5810546875,247809,0.0,0.0,ULTRACEMCO
2024-12-13,11491.122792674978,11801.285725680655,11422.955115091312,11767.591796875,408880,0.0,0.0,ULTRACEMCO
2024-12-16,11734.577667894337,11827.431393771045,11560.263194653417,11629.8916015625,214946,0.0,0.0,ULTRACEMCO
2024-12-17,11618.352105435442,11660.713443672592,11377.37919921748,11466.7275390625,244639,0.0,0.0,ULTRACEMCO
2024-12-18,11466.776188675596,11544.68209908698,11393.739397664924,11456.015625,222900,0.0,0.0,ULTRACEMCO
2024-12-19,11333.362477416971,11452.16899247496,11269.138601413104,11365.3037109375,162249,0.0,0.0,ULTRACEMCO
2024-12-20,11359.508795379003,11440.482629185206,11099.303822563099,11123.794921875,299802,0.0,0.0,ULTRACEMCO
2024-12-23,11218.450646079116,11279.266135137388,11077.246189162322,11172.291015625,149350,0.0,0.0,ULTRACEMCO
2024-12-24,11170.733611443624,11283.74568134373,11062.639161886458,11092.1943359375,108000,0.0,0.0,ULTRACEMCO
2024-12-26,11092.194692384752,11490.14821000117,11037.807007903913,11160.6552734375,144283,0.0,0.0,ULTRACEMCO
2024-12-27,11190.794234775825,11252.535049806482,11086.984988493881,11107.970703125,118410,0.0,0.0,ULTRACEMCO
2024-12-30,11120.533137250264,11206.424592434963,10945.488297329577,10992.8642578125,164726,0.0,0.0,ULTRACEMCO
2024-12-31,10974.995935244931,11164.891605819266,10901.033815916117,11127.2529296875,241737,0.0,0.0,ULTRACEMCO
2025-01-01,11112.304643905745,11219.328272081124,11009.079309381688,11147.3623046875,107951,0.0,0.0,ULTRACEMCO
2025-01-02,11198.975237245408,11519.509765414019,11155.201661226796,11488.8828125,267609,0.0,0.0,ULTRACEMCO
2025-01-03,11490.148969364474,11551.159421205319,11406.40010832834,11477.4892578125,237651,0.0,0.0,ULTRACEMCO
2025-01-06,11493.021405960744,11544.439118750703,11150.478842007851,11202.48046875,139820,0.0,0.0,ULTRACEMCO
2025-01-07,11213.53409586589,11330.587922899824,11184.514332840823,11314.421875,197212,0.0,0.0,ULTRACEMCO
2025-01-08,11314.421951861039,11325.523925180914,11072.378201689013,11105.0498046875,159583,0.0,0.0,ULTRACEMCO
2025-01-09,11105.049689978176,11133.193581963325,10890.273012354255,10965.0625,196555,0.0,0.0,ULTRACEMCO
2025-01-10,10909.992982698579,10991.79419311044,10553.865380026955,10580.7919921875,228618,0.0,0.0,ULTRACEMCO
2025-01-13,10419.91568654545,10546.512793017499,10316.10643963833,10337.287109375,225902,0.0,0.0,ULTRACEMCO
2025-01-14,10293.318482100274,10452.051775627458,10188.14550233993,10209.326171875,344404,0.0,0.0,ULTRACEMCO
2025-01-15,10264.103662741538,10364.797432015064,10192.771063757116,10246.234375,371459,0.0,0.0,ULTRACEMCO
2025-01-16,10312.79430534118,10524.6979892323,10273.8413523465,10357.78515625,375910,0.0,0.0,ULTRACEMCO
2025-01-17,10357.786714578982,10443.23976806747,10225.248701474347,10303.0576171875,297759,0.0,0.0,ULTRACEMCO
2025-01-20,10310.263763918803,10373.951277766602,10209.813446045047,10346.34375,332061,0.0,0.0,ULTRACEMCO
2025-01-21,10398.004875946865,10680.949224890534,10363.482627881995,10388.55859375,593842,0.0,0.0,ULTRACEMCO
2025-01-22,10419.916477936878,10515.156271993168,10329.107392743645,10413.830078125,249552,0.0,0.0,ULTRACEMCO
2025-01-23,10410.177072222818,11268.554304547282,10410.12857122975,11121.9453125,1510866,0.0,0.0,ULTRACEMCO
2025-01-24,10956.492306201331,11305.80311681144,10928.641324059518,10990.4296875,545939,0.0,0.0,ULTRACEMCO
2025-01-27,10965.257335666067,11062.639727634682,10858.13670450059,10945.2939453125,414994,0.0,0.0,ULTRACEMCO
2025-01-28,10921.435079276682,11112.888478331539,10776.335317634932,11000.6552734375,436707,0.0,0.0,ULTRACEMCO
2025-01-29,11000.655153216137,11271.963060404038,10966.084405014872,11242.650390625,377755,0.0,0.0,ULTRACEMCO
2025-01-30,11242.651055830134,11308.530626489059,11150.284234514509,11178.9150390625,274820,0.0,0.0,ULTRACEMCO
2025-01-31,11187.922685167176,11295.383775551938,11093.948675826648,11186.75390625,361656,0.0,0.0,ULTRACEMCO
2025-02-01,11242.69986548891,11478.462250062232,10515.59387390638,10964.4296875,513602,0.0,0.0,ULTRACEMCO
2025-02-03,10829.165201114374,10987.460085525228,10664.73541634645,10882.1416015625,450593,0.0,0.0,ULTRACEMCO
2025-02-04,10906.92474553248,11245.5720087304,10821.277693828433,11217.6240234375,314752,0.0,0.0,ULTRACEMCO
2025-02-05,11217.574398904777,11328.346866471333,11133.728542315896,11282.431640625,236897,0.0,0.0,ULTRACEMCO
2025-02-06,11274.15387601764,11315.394936431912,11031.184820925606,11176.9169921875,308664,0.0,0.0,ULTRACEMCO
2025-02-07,11200.046092151057,11425.876243354222,11174.678168813212,11335.89453125,310549,0.0,0.0,ULTRACEMCO
2025-02-10,11218.450867658983,11309.698353544689,11189.236151857787,11230.4287109375,262455,0.0,0.0,ULTRACEMCO
2025-02-11,11196.052637514631,11214.165380456243,10946.023367732785,11004.404296875,301338,0.0,0.0,ULTRACEMCO
2025-02-12,11004.20955141678,11295.382883794975,10784.709274300965,11178.037109375,347198,0.0,0.0,ULTRACEMCO
2025-02-13,11198.97467472797,11344.951255453292,11123.2113666937,11244.208984375,336128,0.0,0.0,ULTRACEMCO
2025-02-14,11285.645078081827,11285.645078081827,10889.298754259296,10969.005859375,279199,0.0,0.0,ULTRACEMCO
2025-02-17,10925.330696722433,11208.616459034925,10754.327594606633,11189.333984375,166053,0.0,0.0,ULTRACEMCO
2025-02-18,11150.283118402489,11160.605270845783,10956.492171628506,11012.876953125,268795,0.0,0.0,ULTRACEMCO
2025-02-19,10994.472208415673,11160.022277098637,10937.01659634335,10995.9814453125,157580,0.0,0.0,ULTRACEMCO
2025-02-20,10995.543149427676,11033.42528123454,10950.845201015403,10992.134765625,142187,0.0,0.0,ULTRACEMCO
2025-02-21,10970.126796232551,10994.472394981402,10702.325209995182,10865.197265625,320240,0.0,0.0,ULTRACEMCO
2025-02-24,10720.48666767265,10877.612770760812,10687.765614610986,10753.5966796875,175294,0.0,0.0,ULTRACEMCO
2025-02-25,10753.596541000592,10764.892517495316,10557.224577168667,10677.1513671875,296499,0.0,0.0,ULTRACEMCO
2025-02-27,10517.298353379021,10517.298353379021,9995.71864136512,10174.171875,1722295,0.0,0.0,ULTRACEMCO
2025-02-28,10215.41299921622,10215.41299921622,9784.83636928303,9863.3271484375,1230856,0.0,0.0,ULTRACEMCO
2025-03-03,10049.132448864993,10343.762684558764,10013.97778588448,10070.1181640625,835344,0.0,0.0,ULTRACEMCO
2025-03-04,9981.694525897115,10181.133461443847,9971.956287335264,10098.650390625,352922,0.0,0.0,ULTRACEMCO
2025-03-05,10115.986483166109,10231.77358356978,10025.761311189257,10190.2890625,310832,0.0,0.0,ULTRACEMCO
2025-03-06,10263.908165418989,10264.103120384047,10047.135362270772,10218.8203125,365920,0.0,0.0,ULTRACEMCO
2025-03-07,10226.123915481723,10331.88080174414,10173.245472350513,10305.3935546875,302339,0.0,0.0,ULTRACEMCO
2025-03-10,10311.821457659826,10366.939510964981,10202.753178950043,10244.724609375,165649,0.0,0.0,ULTRACEMCO
2025-03-11,10138.480685592385,10233.477017424826,10085.163826737695,10165.9912109375,180753,0.0,0.0,ULTRACEMCO
2025-03-12,10205.673738430449,10273.646451564684,10090.762526490105,10245.0166015625,299765,0.0,0.0,ULTRACEMCO
2025-03-13,10244.626926221275,10244.626926221275,10108.388588884227,10178.50390625,219474,0.0,0.0,ULTRACEMCO
2025-03-17,10270.434640697467,10300.47673018469,10174.512978334722,10271.0185546875,212061,0.0,0.0,ULTRACEMCO
2025-03-18,10271.0185546875,10271.0185546875,10271.0185546875,10271.0185546875,0,0.0,0.0,ULTRACEMCO
2025-03-19,10429.654353191525,10658.59998011511,10419.916113832804,10647.060546875,269175,0.0,0.0,ULTRACEMCO
2025-03-20,10645.015306508512,10945.780432018608,10532.87910611328,10661.5703125,549251,0.0,0.0,ULTRACEMCO
2025-03-21,10730.565936240235,10774.38801330084,10600.706894950616,10689.421875,656565,0.0,0.0,ULTRACEMCO
2025-03-24,10730.517030852627,10787.972640833479,10569.738134696101,10761.9228515625,294688,0.0,0.0,ULTRACEMCO
2025-03-25,10945.780230347056,11178.377679841984,10911.40443815101,11122.2373046875,754457,0.0,0.0,ULTRACEMCO
2025-03-26,11083.089415583581,11186.314745348265,11004.209682461513,11103.63671875,401569,0.0,0.0,ULTRACEMCO
2025-03-27,11102.07980773683,11325.5239005626,11052.901698856456,11295.9677734375,406112,0.0,0.0,ULTRACEMCO
2025-03-28,11282.23652772549,11392.765537772259,11158.707349319868,11208.2744140625,280960,0.0,0.0,ULTRACEMCO
2025-04-01,11052.901322532312,11262.90682806039,11040.38806575214,11080.8017578125,263144,0.0,0.0,ULTRACEMCO
2025-04-02,11062.6396433704,11062.6396433704,10885.50069332879,10956.4443359375,376468,0.0,0.0,ULTRACEMCO
2025-04-03,10896.114755058366,11345.096038432417,10863.004745077853,11302.783203125,361884,0.0,0.0,ULTRACEMCO
2025-04-04,11295.383985705525,11309.504432967593,11122.043322764272,11197.6611328125,222191,0.0,0.0,ULTRACEMCO
2025-04-07,10906.827962309202,11004.258855826096,10726.719037142335,10898.6474609375,484513,0.0,0.0,ULTRACEMCO
2025-04-08,11021.495273305703,11240.605647407781,10946.559335162816,10975.43359375,602120,0.0,0.0,ULTRACEMCO
2025-04-09,10993.351788129974,11123.99064750772,10887.351434748867,11098.7197265625,230611,0.0,0.0,ULTRACEMCO
2025-04-11,11532.363881598394,11532.363881598394,11154.22822520257,11201.556640625,351037,0.0,0.0,ULTRACEMCO
2025-04-15,11441.45690425271,11441.45690425271,11277.854490437538,11412.2421875,345260,0.0,0.0,ULTRACEMCO
2025-04-16,11361.603577326297,11517.415403191748,11361.603577326297,11421.0068359375,268150,0.0,0.0,ULTRACEMCO
2025-04-17,11361.603717485663,11609.92881802212,11296.357514599613,11589.478515625,290473,0.0,0.0,ULTRACEMCO
2025-04-21,11506.703039241873,11793.007261782252,11472.61920322516,11621.6142578125,230595,0.0,0.0,ULTRACEMCO
2025-04-22,11621.614363561177,11702.441746850567,11539.813156376735,11645.9599609375,334667,0.0,0.0,ULTRACEMCO
2025-04-23,11724.839653815172,11724.839653815172,11516.441341031414,11636.2216796875,267716,0.0,0.0,ULTRACEMCO
2025-04-24,11566.106273998426,11868.965502020108,11559.289506808227,11840.724609375,339743,0.0,0.0,ULTRACEMCO
2025-04-25,11830.987086742563,11981.929797948844,11549.551967138597,11916.68359375,412558,0.0,0.0,ULTRACEMCO
2025-04-28,11911.813560240218,12016.012714176262,11686.860246602588,11796.90234375,516745,0.0,0.0,ULTRACEMCO
2025-04-29,11881.625956075175,11902.076258925563,11491.122554027299,11558.31640625,516495,0.0,0.0,ULTRACEMCO
2025-04-30,11558.316032017088,11612.85017118576,11198.975007852096,11336.2841796875,630392,0.0,0.0,ULTRACEMCO
2025-05-02,11336.283669920698,11442.430471743683,11180.471850730997,11309.0166015625,189474,0.0,0.0,ULTRACEMCO
2025-05-05,11395.687756734684,11421.007179198801,11346.996559688305,11364.525390625,145699,0.0,0.0,ULTRACEMCO
2025-05-06,11392.765794956786,11421.98051192821,11241.823090604423,11386.9228515625,273048,0.0,0.0,ULTRACEMCO
2025-05-07,11346.023075959105,11393.740450495368,11250.58832688658,11352.83984375,217460,0.0,0.0,ULTRACEMCO
2025-05-08,11297.331181134334,11432.692704639003,11236.95409870779,11326.5458984375,388912,0.0,0.0,ULTRACEMCO
2025-05-09,11179.498732290565,11255.456998938533,11016.870135749405,11066.53515625,200270,0.0,0.0,ULTRACEMCO
2025-05-12,11286.61955518144,11458.98639394478,11262.273956486053,11428.7978515625,182795,0.0,0.0,ULTRACEMCO
2025-05-13,11393.739875104515,11440.483423310072,11263.247469697335,11355.7607421875,307678,0.0,0.0,ULTRACEMCO
2025-05-14,11370.36795188271,11433.66650591426,11319.72910865747,11366.47265625,179337,0.0,0.0,ULTRACEMCO
2025-05-15,11366.4722332426,11619.666439946086,11338.231340956443,11582.6611328125,371371,0.0,0.0,ULTRACEMCO
2025-05-16,11637.195120550714,11676.148074929126,11546.629501620906,11593.373046875,209706,0.0,0.0,ULTRACEMCO
2025-05-19,11592.400494593008,11677.123179659338,11569.028719402297,11616.74609375,128237,0.0,0.0,ULTRACEMCO
2025-05-20,11655.698464850764,11666.410527939857,11363.551289693673,11390.818359375,158934,0.0,0.0,ULTRACEMCO
2025-05-21,11390.81842441778,11598.24291996373,11329.467517284469,11360.6298828125,173017,0.0,0.0,ULTRACEMCO
2025-05-22,11360.630136651862,11393.740150765198,11215.530368919895,11374.263671875,175370,0.0,0.0,ULTRACEMCO
2025-05-23,11420.032502753598,11564.158435251895,11355.760127450303,11438.53515625,181463,0.0,0.0,ULTRACEMCO
2025-05-26,11491.122780365087,11572.923993377855,11340.18006587724,11383.0283203125,198003,0.0,0.0,ULTRACEMCO
2025-05-27,11370.368067868401,11415.163968101524,11077.247068516877,11122.04296875,478345,0.0,0.0,ULTRACEMCO
2025-05-28,11155.152794491207,11169.760153017385,10906.827699546182,10943.8330078125,201200,0.0,0.0,ULTRACEMCO
2025-05-29,10954.545006454377,11040.241509305119,10859.110264643325,10974.021484375,350206,0.0,0.0,ULTRACEMCO
2025-05-30,10970.12574178677,11013.947815322535,10877.612475433485,10916.5654296875,394181,0.0,0.0,ULTRACEMCO
2025-06-02,10887.350650053037,10925.329780227641,10730.565010101467,10901.9580078125,314936,0.0,0.0,ULTRACEMCO
2025-06-03,10984.734332521522,10996.420220109312,10712.063622139782,10746.1474609375,349615,0.0,0.0,ULTRACEMCO
2025-06-04,10751.015986132512,10765.623344809323,10634.157116718028,10744.19921875,345047,0.0,0.0,ULTRACEMCO
2025-06-05,10749.068670222747,10887.351669966507,10714.984832257735,10866.9013671875,191183,0.0,0.0,ULTRACEMCO
2025-06-06,10887.351284449147,11014.922216315232,10828.921850006664,10958.4404296875,143723,0.0,0.0,ULTRACEMCO
2025-06-09,10965.2568359375,11021.738620705206,10873.717391658804,10965.2568359375,209231,0.0,0.0,ULTRACEMCO
2025-06-10,11111.330779233605,11183.393748353963,11038.293986206216,11092.828125,279918,0.0,0.0,ULTRACEMCO
2025-06-11,11082.115786033997,11216.50348185761,11043.162830722806,11163.9169921875,237747,0.0,0.0,ULTRACEMCO
2025-06-12,11174.628646649795,11203.843362065872,10984.73299644529,11026.607421875,262530,0.0,0.0,ULTRACEMCO
2025-06-13,10820.157120414402,10955.518639605978,10729.591499660326,10930.19921875,181355,0.0,0.0,ULTRACEMCO
2025-06-16,10974.995096373425,11216.503417926273,10903.90595333569,11194.10546875,401104,0.0,0.0,ULTRACEMCO
2025-06-17,11198.97450213586,11207.738916963619,11062.639160370729,11085.037109375,121415,0.0,0.0,ULTRACEMCO
2025-06-18,11085.036622292406,11178.523709680623,11046.083669213982,11107.4345703125,156816,0.0,0.0,ULTRACEMCO
2025-06-19,11101.592857240586,11184.367891702468,11055.823132302841,11121.0693359375,157757,0.0,0.0,ULTRACEMCO
2025-06-20,11121.068910641037,11223.32041988949,11072.377715760822,11158.07421875,629895,0.0,0.0,ULTRACEMCO
2025-06-23,11102.56699667411,11189.237329338262,11024.661079672625,11149.310546875,304907,0.0,0.0,ULTRACEMCO
2025-06-24,11256.43074806425,11514.494088166077,11212.608671443184,11275.9072265625,735700,0.0,0.0,ULTRACEMCO
2025-06-25,11330.441233043952,11462.881285273774,11329.467409130497,11425.8759765625,253134,0.0,0.0,ULTRACEMCO
2025-06-26,11384.001873208832,11672.25375981874,11375.237457737585,11638.169921875,506580,0.0,0.0,ULTRACEMCO
2025-06-27,11666.409592365717,11925.446733565155,11605.05869050269,11893.310546875,501287,0.0,0.0,ULTRACEMCO
2025-06-30,11895.258661470607,11949.792798600558,11703.415357638458,11776.4521484375,333104,0.0,0.0,ULTRACEMCO
2025-07-01,11788.138140404253,11904.997006727965,11744.316065532863,11890.3896484375,207437,0.0,0.0,ULTRACEMCO
2025-07-02,11890.389438456146,12199.091604876343,11851.43648370281,12110.4736328125,445829,0.0,0.0,ULTRACEMCO
2025-07-03,12110.474058315858,12245.835580839652,12052.044624132925,12073.46875,275755,0.0,0.0,ULTRACEMCO
2025-07-04,12075.41626894091,12213.699261698135,12017.960659274175,12178.6416015625,191516,0.0,0.0,ULTRACEMCO
2025-07-07,12149.42639352977,12172.798166008506,11983.876338472053,12021.85546875,149939,0.0,0.0,ULTRACEMCO
2025-07-08,12021.855892489453,12167.929475630273,11982.902936985234,12119.23828125,219226,0.0,0.0,ULTRACEMCO
2025-07-09,12085.154549061654,12250.704611377567,12052.04453659847,12233.17578125,379924,0.0,0.0,ULTRACEMCO
2025-07-10,12190.327530604576,12335.427291114249,12155.269870347205,12188.3798828125,269323,0.0,0.0,ULTRACEMCO
2025-07-11,12188.3799894958,12306.21268194778,12126.055259603841,12167.9296875,240034,0.0,0.0,ULTRACEMCO
2025-07-14,12167.9295809957,12249.7307882629,12104.631027753227,12188.3798828125,278918,0.0,0.0,ULTRACEMCO
2025-07-15,12216.621500325573,12216.621500325573,12099.762625870486,12174.7470703125,154124,0.0,0.0,ULTRACEMCO
2025-07-16,12176.693336319562,12187.405398595594,12073.468008932336,12127.0283203125,156311,0.0,0.0,ULTRACEMCO
2025-07-17,12138.714970363146,12219.542354441777,12106.578781512606,12167.9296875,166142,0.0,0.0,ULTRACEMCO
2025-07-18,12192.274710828731,12229.280017459043,12115.342625992032,12170.8505859375,98339,0.0,0.0,ULTRACEMCO
2025-07-21,12231.228196807664,12381.1970775647,12050.096951217996,12247.783203125,512521,0.0,0.0,ULTRACEMCO
2025-07-22,12317.89897966002,12366.590176512182,11973.165305946712,12126.0556640625,533617,0.0,0.0,ULTRACEMCO
2025-07-23,12133.844934630617,12187.405245337253,12034.514903865584,12048.1484375,189617,0.0,0.0,ULTRACEMCO
2025-07-24,12048.14873307207,12074.441977154913,11909.865745673409,11981.9287109375,180080,0.0,0.0,ULTRACEMCO
2025-07-25,12000.059001116071,12098.058666294643,11949.099175223215,12004.958984375,290381,77.5,0.0,ULTRACEMCO
2025-07-28,12028.479066297743,12120.598752808415,11965.759279737285,11995.1591796875,214107,0.0,0.0,ULTRACEMCO
2025-07-29,11955.959132845102,12016.718925159561,11879.519394126914,11976.5390625,208446,0.0,0.0,ULTRACEMCO
2025-07-30,11960.859816793436,12133.339237338758,11956.939829962861,12022.599609375,185681,0.0,0.0,ULTRACEMCO
2025-07-31,11956.939650924947,12082.379227625086,11911.859803048335,12003.9794921875,150379,0.0,0.0,ULTRACEMCO
2025-08-01,11937.339971856813,12043.1796169566,11833.460320184797,11870.7001953125,212570,0.0,0.0,ULTRACEMCO
2025-08-04,11914.799664381833,12044.159226456055,11889.31975063994,12011.8193359375,207875,0.0,0.0,ULTRACEMCO
2025-08-05,12083.358916814472,12130.39875687993,12016.719143388407,12051.9990234375,267535,0.0,0.0,ULTRACEMCO
2025-08-06,12051.99921434085,12142.158909227774,11963.799512821037,11981.439453125,192086,0.0,0.0,ULTRACEMCO
2025-08-07,11959.879253811721,12062.778903242255,11882.45951757351,12027.4990234375,202031,0.0,0.0,ULTRACEMCO
2025-08-08,12039.258907789108,12068.658807441829,11892.259409525504,11913.8193359375,201770,0.0,0.0,ULTRACEMCO
2025-08-11,11917.73921671894,12176.458331365251,11917.73921671894,12156.8583984375,218605,0.0,0.0,ULTRACEMCO
2025-08-12,12198.018522289693,12279.358245704976,12149.018688906992,12199.978515625,334100,0.0,0.0,ULTRACEMCO
2025-08-13,12235.25819529738,12266.618088148763,12140.198520091626,12152.9384765625,207359,0.0,0.0,ULTRACEMCO
2025-08-14,12164.698822162713,12179.39877240298,11980.459445818025,12070.619140625,235741,0.0,0.0,ULTRACEMCO
2025-08-18,12375.397685627204,12645.876760796124,12304.837926887485,12509.6572265625,808480,0.0,0.0,ULTRACEMCO
2025-08-19,12531.217518117614,12622.357209146388,12376.378043036471,12605.697265625,351252,0.0,0.0,ULTRACEMCO
2025-08-20,12592.957618219134,12671.357354363689,12509.657898565543,12616.4775390625,290957,0.0,0.0,ULTRACEMCO
2025-08-21,12632.157551324543,12647.837498634177,12534.157880639325,12612.5576171875,155457,0.0,0.0,ULTRACEMCO
2025-08-22,12606.676811104933,12606.676811104933,12311.697821665988,12337.177734375,226948,0.0,0.0,ULTRACEMCO
2025-08-25,12394.997750327226,12476.337473072099,12304.83805764616,12353.837890625,199190,0.0,0.0,ULTRACEMCO
2025-08-26,12329.337909521213,12514.557277210546,12230.35824742268,12357.7578125,290322,0.0,0.0,ULTRACEMCO
2025-08-28,12318.55792190994,12394.997660804847,12222.518249965058,12270.5380859375,283677,0.0,0.0,ULTRACEMCO
2025-08-29,12270.538596624061,12474.377908827382,12270.538596624061,12387.158203125,177858,0.0,0.0,ULTRACEMCO
2025-09-01,12386.178119639795,12594.917413846873,12383.238129580539,12569.4375,214241,0.0,0.0,ULTRACEMCO
2025-09-02,12532.19722788197,12590.997027199528,12433.217565697418,12475.357421875,214101,0.0,0.0,ULTRACEMCO
2025-09-03,12445.957960798221,12514.557729086086,12403.818103135676,12478.2978515625,140022,0.0,0.0,ULTRACEMCO
2025-09-04,12739.957331065727,12835.017012689832,12381.278532360338,12397.9384765625,305040,0.0,0.0,ULTRACEMCO
2025-09-05,12426.358216237799,12483.198025113335,12279.358710525206,12348.9384765625,153774,0.0,0.0,ULTRACEMCO
2025-09-08,12348.937944635138,12488.097470715464,12348.937944635138,12410.677734375,126448,0.0,0.0,ULTRACEMCO
2025-09-09,12444.97813601468,12453.798106344953,12282.298683256318,12320.5185546875,240234,0.0,0.0,ULTRACEMCO
2025-09-10,12372.45794786324,12373.437944532378,12171.558630690015,12228.3984375,175576,0.0,0.0,ULTRACEMCO
2025-09-11,12228.39885706252,12266.618728470232,12112.75924613662,12144.119140625,132660,0.0,0.0,ULTRACEMCO
2025-09-12,12148.038506719888,12229.378228892987,12096.098684127426,12122.55859375,153086,0.0,0.0,ULTRACEMCO
2025-09-15,12122.559004479543,12231.338636613515,12077.479156928528,12186.2587890625,179530,0.0,0.0,ULTRACEMCO
2025-09-16,12247.018705154833,12346.978368108006,12197.038873678248,12326.3984375,189043,0.0,0.0,ULTRACEMCO
2025-09-17,12424.398227616983,12543.95782564264,12361.678438488769,12466.5380859375,264319,0.0,0.0,ULTRACEMCO
2025-09-18,12475.358134535136,12493.978072049367,12310.718687040877,12373.4384765625,190079,0.0,0.0,ULTRACEMCO
2025-09-19,12349.918518710525,12391.078380461506,12234.27890712444,12257.798828125,571670,0.0,0.0,ULTRACEMCO
2025-09-22,12296.018349725173,12451.837821918232,12291.118366322875,12396.9580078125,499548,0.0,0.0,ULTRACEMCO
2025-09-23,12396.957642812324,12443.997482089399,12113.73861049827,12152.9384765625,403638,0.0,0.0,ULTRACEMCO
2025-09-24,12178.418984490134,12198.998915179302,11955.959733707221,11969.6796875,166517,0.0,0.0,ULTRACEMCO
2025-09-25,11965.759419110605,12029.459203078026,11877.559718232642,11898.1396484375,272540,0.0,0.0,ULTRACEMCO
2025-09-26,11897.15933584041,11954.979138213936,11750.159838280602,11828.5595703125,181541,0.0,0.0,ULTRACEMCO
2025-09-29,11857.95945071786,11903.039296563564,11722.719913180747,11800.1396484375,214806,0.0,0.0,ULTRACEMCO
2025-09-30,11800.140130566295,12015.73940211555,11800.140130566295,11977.51953125,279155,0.0,0.0,ULTRACEMCO
2025-10-01,12028.478971973182,12028.478971973182,11829.539650536766,11853.0595703125,129528,0.0,0.0,ULTRACEMCO
2025-10-03,11853.059825686152,11896.179679537347,11742.32020102286,11778.580078125,258411,0.0,0.0,ULTRACEMCO
2025-10-06,11778.580469965134,11857.960203559207,11751.14056205607,11813.8603515625,106362,0.0,0.0,ULTRACEMCO
2025-10-07,11817.779714462871,11965.759210016722,11784.459828046773,11940.279296875,225472,0.0,0.0,ULTRACEMCO
2025-10-08,11906.960102889667,11938.319997810859,11701.160792469353,11751.140625,173973,0.0,0.0,ULTRACEMCO
2025-10-09,11751.139814241666,11966.739076949792,11733.499874565545,11948.119140625,171737,0.0,0.0,ULTRACEMCO
2025-10-10,11936.359205467286,12077.478723167393,11868.739436569318,12035.3388671875,198464,0.0,0.0,ULTRACEMCO
2025-10-13,11980.459355038716,12003.979275244927,11906.959604394306,11928.51953125,87745,0.0,0.0,ULTRACEMCO
2025-10-14,11928.51922865317,12005.938964034667,11785.439717694957,11828.5595703125,129196,0.0,0.0,ULTRACEMCO
2025-10-15,11843.260005739912,12078.459211480715,11843.260005739912,12064.7392578125,142328,0.0,0.0,ULTRACEMCO
2025-10-16,12059.839001368042,12156.858671539943,12022.599127968724,12110.798828125,129372,0.0,0.0,ULTRACEMCO
2025-10-17,12053.958828061845,12142.15852680376,12013.778965301637,12122.55859375,182242,0.0,0.0,ULTRACEMCO
2025-10-20,12171.558817127005,12198.998724283168,11931.45962951057,12099.0390625,393365,0.0,0.0,ULTRACEMCO
2025-10-21,12123.539044617717,12168.618892330305,12025.53937567731,12095.119140625,14465,0.0,0.0,ULTRACEMCO
2025-10-23,12142.158754728025,12166.65867150512,11869.719680166734,11902.0595703125,370812,0.0,0.0,ULTRACEMCO
2025-10-24,11905.979821996534,11930.47973931894,11638.440724835857,11679.6005859375,318840,0.0,0.0,ULTRACEMCO
2025-10-27,11683.520464653559,11807.980043500313,11681.560471285893,11774.66015625,408073,0.0,0.0,ULTRACEMCO
2025-10-28,11784.460511630024,11807.000436101333,11628.64103376315,11692.3408203125,513095,0.0,0.0,ULTRACEMCO
2025-10-29,11701.160663128177,11818.760267782733,11660.980798204539,11758.98046875,394272,0.0,0.0,ULTRACEMCO
2025-10-30,11799.16043334647,11842.280288750726,11710.960729110491,11811.900390625,159943,0.0,0.0,ULTRACEMCO
2025-10-31,11811.900157417263,11859.91999544211,11678.620606980961,11708.0205078125,175191,0.0,0.0,ULTRACEMCO
2025-11-03,11688.420038000131,11744.279847018828,11647.260178723196,11710.9599609375,98394,0.0,0.0,ULTRACEMCO
2025-11-04,11720.76059007213,11720.76059007213,11549.261166722412,11582.5810546875,199364,0.0,0.0,ULTRACEMCO
2025-11-06,11563.961104770151,11745.260494972057,11562.001111362564,11671.7607421875,189652,0.0,0.0,ULTRACEMCO
2025-11-07,11633.540395352456,11711.940128452296,11597.280518793781,11611.98046875,148161,0.0,0.0,ULTRACEMCO
2025-11-10,11613.940962017316,11652.16083354872,11466.941456127297,11493.4013671875,197085,0.0,0.0,ULTRACEMCO
2025-11-11,11514.9611852537,11611.980858218816,11485.561284355179,11588.4609375,125847,0.0,0.0,ULTRACEMCO
2025-11-12,11623.740240191286,11709.9799452024,11594.340340755678,11682.5400390625,184542,0.0,0.0,ULTRACEMCO
2025-11-13,11682.540316712622,11775.640000471343,11668.820363316601,11695.2802734375,174415,0.0,0.0,ULTRACEMCO
2025-11-14,11702.140245691742,11702.140245691742,11550.24076172204,11636.48046875,161315,0.0,0.0,ULTRACEMCO
2025-11-17,11573.761262224858,11617.861114621142,11510.061475430224,11542.4013671875,194379,0.0,0.0,ULTRACEMCO
2025-11-18,11650.200690559066,11650.200690559066,11454.201351888827,11472.8212890625,318116,0.0,0.0,ULTRACEMCO
2025-11-19,11472.821466611707,11518.88131191202,11405.201693724017,11432.6416015625,271396,0.0,0.0,ULTRACEMCO
2025-11-20,11485.56147566047,11537.501301446306,11427.741669596991,11517.9013671875,185397,0.0,0.0,ULTRACEMCO
2025-11-21,11522.800762599647,11552.200662487212,11457.140986184084,11494.380859375,192051,0.0,0.0,ULTRACEMCO
2025-11-24,11503.200734849792,11503.200734849792,11329.741326938018,11352.28125,407297,0.0,0.0,ULTRACEMCO
2025-11-25,11367.961261334198,11414.02110437581,11307.201468385687,11348.361328125,200149,0.0,0.0,ULTRACEMCO
2025-11-26,11357.181810209202,11537.501203865126,11353.261823390594,11523.78125,187481,0.0,0.0,ULTRACEMCO
2025-11-27,11540.440561246449,11551.22052440658,11366.981154033421,11384.62109375,275290,0.0,0.0,ULTRACEMCO
2025-11-28,11387.56184839709,11407.16178273168,11325.82205524313,11367.9619140625,159990,0.0,0.0,ULTRACEMCO
2025-12-01,11387.561817695829,11780.540500044885,11324.842027994235,11428.7216796875,228729,0.0,0.0,ULTRACEMCO
2025-12-02,11467.921483069122,11478.701446862811,11358.161851715187,11432.6416015625,190930,0.0,0.0,ULTRACEMCO
2025-12-03,11465.961240469438,11467.921233843877,11289.561836769908,11359.1416015625,206293,0.0,0.0,ULTRACEMCO
2025-12-04,11348.36185005761,11398.34168203973,11293.482034547833,11375.8017578125,159687,0.0,0.0,ULTRACEMCO
2025-12-05,11397.361374776343,11431.661258535343,11329.741603937171,11365.021484375,226572,0.0,0.0,ULTRACEMCO
2025-12-08,11377.761879535854,11399.321807300694,11260.162273545819,11309.162109375,148186,0.0,0.0,ULTRACEMCO
2025-12-09,11269.961351602198,11294.461267583943,11151.381758250558,11185.681640625,274482,0.0,0.0,ULTRACEMCO
2025-12-10,11196.461708343228,11268.981460327246,11071.022137343847,11090.6220703125,272923,0.0,0.0,ULTRACEMCO
2025-12-11,11113.161927546418,11254.28144408669,11040.642175991,11242.521484375,196507,0.0,0.0,ULTRACEMCO
2025-12-12,11261.14174884242,11503.200926630609,11251.341782130348,11488.5009765625,389481,0.0,0.0,ULTRACEMCO
2025-12-15,11424.801597772159,11567.881116838442,11424.801597772159,11493.4013671875,178073,0.0,0.0,ULTRACEMCO
2025-12-16,11465.96079077843,11465.96079077843,11279.761427509378,11297.4013671875,179690,0.0,0.0,ULTRACEMCO
2025-12-17,11274.862224294573,11359.141941920765,11265.062257128737,11309.162109375,205337,0.0,0.0,ULTRACEMCO
2025-12-18,11314.061910364497,11333.661844379852,11183.722349162377,11231.7421875,103462,0.0,0.0,ULTRACEMCO
2025-12-19,11272.90196904426,11298.381883083654,11213.122170721066,11266.0419921875,152956,0.0,0.0,ULTRACEMCO
2025-12-22,11266.0414099083,11317.001235353257,11202.341628102102,11301.3212890625,170807,0.0,0.0,ULTRACEMCO
2025-12-23,11318.961790633297,11514.96112899924,11299.361856796702,11444.4013671875,161830,0.0,0.0,ULTRACEMCO
2025-12-24,11480.660827906511,11554.160577124863,11437.540975031745,11528.6806640625,182050,0.0,0.0,ULTRACEMCO
2025-12-26,11530.64114714712,11617.860853257616,11508.101223096093,11558.0810546875,193121,0.0,0.0,ULTRACEMCO
2025-12-29,11542.400539108186,11583.560398391814,11496.34069657651,11562.98046875,197600,0.0,0.0,ULTRACEMCO
2025-12-30,11573.760981217962,11574.740977914085,11417.941506534335,11470.861328125,236323,0.0,0.0,ULTRACEMCO
2025-12-31,11447.34158870078,11558.081217116429,11446.361591989138,11548.28125,172267,0.0,0.0,ULTRACEMCO
2026-01-01,11556.120792107806,11676.660383138103,11548.280818707462,11662.9404296875,71887,0.0,0.0,ULTRACEMCO
2026-01-02,11664.900455461067,11730.56023287146,11584.54072788417,11660.98046875,206244,0.0,0.0,ULTRACEMCO
2026-01-05,11692.340246348738,11871.679636599498,11622.760482918115,11845.2197265625,302803,0.0,0.0,ULTRACEMCO
2026-01-06,11857.960224682993,11980.459813780959,11824.640336448347,11959.8798828125,225766,0.0,0.0,ULTRACEMCO
2026-01-07,11985.359143202662,12004.959076388603,11836.399650989515,11940.279296875,246825,0.0,0.0,ULTRACEMCO
2026-01-08,11921.659350003109,11944.19927314738,11793.2797877466,11822.6796875,229175,0.0,0.0,ULTRACEMCO
2026-01-09,11816.800304790253,11823.660281746093,11614.92098294693,11698.220703125,263833,0.0,0.0,ULTRACEMCO
2026-01-12,11632.56075384361,11881.479914035377,11550.241031575468,11856.0,275484,0.0,0.0,ULTRACEMCO
2026-01-13,11808.960058236986,11954.979564351284,11697.240436109267,11803.080078125,290750,0.0,0.0,ULTRACEMCO
2026-01-14,11832.479975010201,12076.499149581803,11703.120412586699,12009.859375,408660,0.0,0.0,ULTRACEMCO
2026-01-15,12009.859375,12009.859375,12009.859375,12009.859375,0,0.0,0.0,ULTRACEMCO
2026-01-16,11563.960378292131,12156.858346840161,11563.960378292131,12130.3984375,454481,0.0,0.0,ULTRACEMCO
2026-01-19,12102.959356829919,12147.059208737395,11988.299741870476,12051.01953125,257602,0.0,0.0,ULTRACEMCO
2026-01-20,11980.459726575456,12150.979153358618,11755.060484275878,11817.7802734375,298026,0.0,0.0,ULTRACEMCO
2026-01-21,11817.780408452394,12034.35968287548,11744.280654688904,11986.33984375,209393,0.0,0.0,ULTRACEMCO
2026-01-22,12047.09894803904,12151.958590717002,11921.659375489704,12116.6787109375,286236,0.0,0.0,ULTRACEMCO
2026-01-23,12127.459081723335,12302.87848985493,12037.299385923858,12121.5791015625,356421,0.0,0.0,ULTRACEMCO
2026-01-27,12293.077885455557,12568.456942041415,12249.958033178767,12337.177734375,926373,0.0,0.0,ULTRACEMCO
2026-01-28,12387.15761337824,12534.157110372444,12309.737878294625,12511.6171875,456847,0.0,0.0,ULTRACEMCO
2026-01-29,12502.798029182148,12502.798029182148,12302.878700294144,12462.6181640625,285262,0.0,0.0,ULTRACEMCO
2026-01-30,12395.978273446117,12470.45802273712,12285.238646210808,12440.078125,296876,0.0,0.0,ULTRACEMCO
2026-02-02,12132.359298651276,12347.95857536398,11947.139920020816,12284.2587890625,259656,0.0,0.0,ULTRACEMCO
2026-02-03,12543.957505957109,12692.917001340349,12323.458252922706,12338.158203125,296810,0.0,0.0,ULTRACEMCO
2026-02-04,12347.958568005231,12582.177782112632,12333.258617329035,12549.837890625,159977,0.0,0.0,ULTRACEMCO
2026-02-05,12506.718083004678,12577.277846519513,12477.318181540162,12517.498046875,172331,0.0,0.0,ULTRACEMCO
2026-02-06,12470.457568121414,12519.457401394975,12369.517911577877,12467.517578125,124704,0.0,0.0,ULTRACEMCO
2026-02-09,12552.777856654875,12809.536994639384,12467.518142896659,12786.9970703125,235298,0.0,0.0,ULTRACEMCO
2026-02-10,12798.756948343796,12847.756783521221,12708.597251617331,12762.4970703125,167157,0.0,0.0,ULTRACEMCO
2026-02-11,12825.216758547425,12825.216758547425,12648.817353294997,12709.5771484375,92473,0.0,0.0,ULTRACEMCO
2026-02-12,12709.577151360667,12809.536814360034,12641.957379331683,12768.376953125,179716,0.0,0.0,ULTRACEMCO
2026-02-13,12751.717104089523,12764.457061233174,12615.497562322813,12703.697265625,178236,0.0,0.0,ULTRACEMCO
2026-02-16,12639.017192871432,12737.016860956037,12603.737312360974,12721.3369140625,81768,0.0,0.0,ULTRACEMCO
2026-02-17,12695.85743902351,12747.797264902958,12581.197823402841,12724.27734375,136174,0.0,0.0,ULTRACEMCO
2026-02-18,12726.237209664947,12833.056850497649,12726.237209664947,12790.9169921875,161603,0.0,0.0,ULTRACEMCO
2026-02-19,12778.177087002114,12797.777021179585,12384.21841003495,12434.1982421875,195303,0.0,0.0,ULTRACEMCO
2026-02-20,12396.958079719812,12581.197456714857,12326.398318317455,12510.6376953125,120589,0.0,0.0,ULTRACEMCO
2026-02-23,12573.35701261584,12736.036456426767,12503.777250503934,12716.4365234375,134369,0.0,0.0,ULTRACEMCO
2026-02-24,12712.516795970776,12749.756669409482,12641.957035771124,12700.7568359375,332450,0.0,0.0,ULTRACEMCO
2026-02-25,12701.73698425878,12799.736652372805,12608.637299550455,12780.13671875,201537,0.0,0.0,ULTRACEMCO
2026-02-26,12827.176289270841,12827.176289270841,12573.357154201613,12678.216796875,209041,0.0,0.0,ULTRACEMCO
2026-02-27,12637.05724595971,12639.017239328607,12387.158091425415,12423.41796875,272915,0.0,0.0,ULTRACEMCO
2026-03-02,12127.458574672675,12369.517747839878,12078.458742047735,12270.5380859375,237506,0.0,0.0,ULTRACEMCO
2026-03-04,11931.459107544319,12249.958015959259,11650.200071497893,11864.8193359375,394665,0.0,0.0,ULTRACEMCO
2026-03-05,11864.819819450378,12083.359079360962,11789.360074996948,12042.19921875,284992,0.0,0.0,ULTRACEMCO
2026-03-06,11916.760135980647,11963.799978622676,11709.000830978352,11747.220703125,296585,0.0,0.0,ULTRACEMCO
2026-03-09,11530.641059638117,11571.800920636315,11102.38250591877,11150.40234375,590742,0.0,0.0,ULTRACEMCO
2026-03-10,11373.841020585744,11523.7805067265,11300.34127247753,11420.880859375,460885,0.0,0.0,ULTRACEMCO
2026-03-11,11416.961051156812,11429.701007694584,11201.361786671447,11232.7216796875,231139,0.0,0.0,ULTRACEMCO
2026-03-12,11172.94256942409,11176.862556291708,10837.783692242876,10867.18359375,535730,0.0,0.0,ULTRACEMCO
2026-03-13,10779.963248280896,10779.963248280896,10361.50467491581,10403.64453125,723904,0.0,0.0,ULTRACEMCO
2026-03-16,10456.564813165882,10927.943226955273,10438.924872525115,10876.9833984375,728077,0.0,0.0,ULTRACEMCO
2026-03-17,10868.163639932023,10936.763410427537,10771.14396451694,10893.6435546875,332933,0.0,0.0,ULTRACEMCO
2026-03-18,10901.48287147406,11061.222327429676,10893.642898175625,11022.0224609375,211865,0.0,0.0,ULTRACEMCO
2026-03-19,10858.363698822128,10909.32352845559,10562.404688258564,10597.6845703125,283817,0.0,0.0,ULTRACEMCO
2026-03-20,10701.564225552176,10754.484048645567,10635.904445047414,10715.2841796875,365914,0.0,0.0,ULTRACEMCO
2026-03-23,10659.423875530032,10659.423875530032,10118.465708821142,10154.7255859375,644386,0.0,0.0,ULTRACEMCO
2026-03-24,10436.964945543305,10649.624231288177,10262.525531429997,10548.6845703125,369647,0.0,0.0,ULTRACEMCO
2026-03-25,10584.94415010822,11011.242706287932,10584.94415010822,10979.8828125,456437,0.0,0.0,ULTRACEMCO
2026-03-27,10950.482984355202,10950.482984355202,10750.563660137512,10827.9833984375,418469,0.0,0.0,ULTRACEMCO
2026-03-30,10765.263659151058,10770.163642609934,10473.224645002036,10530.064453125,632265,0.0,0.0,ULTRACEMCO
2026-04-01,10585.924279308907,10889.723254182612,10430.10480509949,10499.6845703125,431636,0.0,0.0,ULTRACEMCO
2026-04-02,10426.184389528895,10449.704309196975,10157.66530665166,10407.564453125,333524,0.0,0.0,ULTRACEMCO
2026-04-06,10398.744434262324,10756.44321086262,10329.164672238703,10735.86328125,374420,0.0,0.0,ULTRACEMCO
2026-04-07,10703.524186531296,10734.88408160262,10549.664701337613,10717.244140625,263658,0.0,0.0,ULTRACEMCO
2026-04-08,11171.962043086918,11540.440791174697,11121.98221289416,11370.9013671875,612764,0.0,0.0,ULTRACEMCO
2026-04-09,11196.462029564389,11330.721574251507,11162.162145885199,11219.001953125,330553,0.0,0.0,ULTRACEMCO
2026-04-10,11269.961935213349,11410.101461886,11246.442014652903,11357.181640625,420339,0.0,0.0,ULTRACEMCO
2026-04-13,11138.642325791167,11291.521808707183,11056.322604221006,11271.921875,220442,0.0,0.0,ULTRACEMCO
2026-04-15,11603.160558973272,11710.960192544813,11476.740988693917,11549.2607421875,274811,0.0,0.0,ULTRACEMCO
2026-04-16,11603.160382842889,11621.780319268059,11475.760817828566,11589.4404296875,308549,0.0,0.0,ULTRACEMCO
2026-04-17,11583.56045518362,11691.360087169254,11502.220732867187,11648.240234375,165109,0.0,0.0,ULTRACEMCO
2026-04-20,11730.559939811561,11820.719631913706,11579.640455205797,11678.6201171875,335624,0.0,0.0,ULTRACEMCO
2026-04-21,11563.960487789684,11823.659600439198,11563.960487789684,11798.1796875,320111,0.0,0.0,ULTRACEMCO
2026-04-22,11772.700205644376,11977.519513309378,11760.940245395666,11949.099609375,312307,0.0,0.0,ULTRACEMCO
2026-04-23,11862.859348834194,11968.698986147212,11697.239916372155,11923.619140625,227223,0.0,0.0,ULTRACEMCO
2026-04-24,11958.899316552759,12001.039173195533,11714.880146691115,11758.0,349586,0.0,0.0,ULTRACEMCO
2026-04-27,11904.999303314946,11995.158995108244,11631.580237985274,11769.759765625,567601,0.0,0.0,ULTRACEMCO
2026-04-28,12036.319562785606,12036.319562785606,11554.161182644708,11580.62109375,509322,0.0,0.0,ULTRACEMCO
2026-04-29,11632.560658618904,11818.76002889166,11580.620834279664,11596.30078125,361932,0.0,0.0,ULTRACEMCO
2026-04-30,11541.420571483768,11541.420571483768,11254.28155242588,11354.2412109375,719688,0.0,0.0,ULTRACEMCO
2026-05-01,11354.2412109375,11354.2412109375,11354.2412109375,11354.2412109375,0,0.0,0.0,ULTRACEMCO
2026-05-04,11436.561074773559,11562.0006478302,11358.161341613157,11522.80078125,461238,0.0,0.0,ULTRACEMCO
2026-05-05,11437.541166888923,11747.220115456905,11391.4813232728,11723.7001953125,350047,0.0,0.0,ULTRACEMCO
2026-05-06,11781.51984651503,11898.13944905498,11703.120113715062,11851.099609375,355092,0.0,0.0,ULTRACEMCO
2026-05-07,12024.559631096401,12029.459614646155,11877.56012460378,11903.0400390625,227651,0.0,0.0,ULTRACEMCO
2026-05-08,11848.159491860617,11867.759424849635,11639.42020552759,11710.9599609375,258727,0.0,0.0,ULTRACEMCO
2026-05-11,11564.940840689786,11698.220389400387,11537.500933602309,11628.640625,198930,0.0,0.0,ULTRACEMCO
2026-05-12,11628.640434538089,11628.640434538089,11272.901644909121,11285.6416015625,343980,0.0,0.0,ULTRACEMCO
2026-05-13,11269.962193116522,11418.921693408149,11202.342419957822,11341.501953125,453482,0.0,0.0,ULTRACEMCO
2026-05-14,11367.961399888813,11533.580837525124,11318.961566268601,11458.12109375,220410,0.0,0.0,ULTRACEMCO
2026-05-15,11451.261019165007,11495.360869046259,11233.701759750833,11257.2216796875,284388,0.0,0.0,ULTRACEMCO
2026-05-18,11218.021593426309,11366.98108344123,11027.902244328317,11329.7412109375,233668,0.0,0.0,ULTRACEMCO
2026-05-19,11309.161972271399,11324.841919546645,11120.02260826374,11140.6025390625,347784,0.0,0.0,ULTRACEMCO
2026-05-20,11073.96258744467,11201.362157034742,10986.74288210993,11180.7822265625,168245,0.0,0.0,ULTRACEMCO
2026-05-21,11254.281411710715,11286.621300824827,11145.501784690523,11244.4814453125,244967,0.0,0.0,ULTRACEMCO
2026-05-22,11300.342155963675,11416.961765412958,11280.74222160245,11337.58203125,340427,0.0,0.0,ULTRACEMCO
2026-05-25,11456.161524736695,11560.041175859202,11381.681774875276,11491.44140625,229618,0.0,0.0,ULTRACEMCO
2026-05-26,11456.160751614525,11513.98055352601,11348.361120932095,11390.5009765625,210716,0.0,0.0,ULTRACEMCO
2026-05-27,11407.161801426555,11514.961440443472,11368.941929411465,11455.181640625,243628,0.0,0.0,ULTRACEMCO
2026-05-28,11455.181640625,11455.181640625,11455.181640625,11455.181640625,0,0.0,0.0,ULTRACEMCO
2026-05-29,11367.961877830518,11543.381289566005,11111.202738865724,11252.322265625,1776975,0.0,0.0,ULTRACEMCO
2026-06-01,11276.821341750969,11338.561130099826,10986.74233617538,11007.322265625,497866,0.0,0.0,ULTRACEMCO
2026-06-02,10919.1231619808,10976.942966913206,10852.483386804468,10941.6630859375,413041,0.0,0.0,ULTRACEMCO
2026-06-03,10956.363098622873,11014.18290388394,10799.563626728448,10878.943359375,412934,0.0,0.0,ULTRACEMCO
2026-06-04,10838.763228039466,10926.96292881013,10741.743557191734,10777.0234375,541327,0.0,0.0,ULTRACEMCO
2026-06-05,10877.963006251719,10898.542936263546,10629.043852775329,10693.7236328125,424664,0.0,0.0,ULTRACEMCO
2026-06-08,10542.804574962367,10677.06412383482,10534.96460130558,10579.064453125,285585,0.0,0.0,ULTRACEMCO
2026-06-09,10594.744469278423,10763.303903994534,10556.524597453257,10692.744140625,257371,0.0,0.0,ULTRACEMCO
2026-06-10,10705.483360151504,10737.82324946723,10597.68372909908,10648.6435546875,470400,0.0,0.0,ULTRACEMCO
2026-06-11,10582.004363421918,10719.203901380713,10491.844667048996,10613.3642578125,236130,0.0,0.0,ULTRACEMCO
2026-06-12,10730.96360198626,10930.882923886278,10626.103957656349,10894.623046875,192524,0.0,0.0,ULTRACEMCO
2026-06-15,11017.122351715125,11333.66127002183,11017.122351715125,11236.6416015625,404414,0.0,0.0,ULTRACEMCO
2026-06-16,11255.262269314864,11280.742183899294,11140.602653684926,11163.142578125,234423,0.0,0.0,ULTRACEMCO
2026-06-17,11152.361929707422,11191.561795892685,11087.682150501736,11145.501953125,177587,0.0,0.0,ULTRACEMCO
2026-06-18,11162.162436604603,11230.762205749672,11010.262947783382,11201.3623046875,321556,0.0,0.0,ULTRACEMCO
2026-06-19,11084.742257174688,11246.441706598598,11073.962293879762,11139.6220703125,403613,0.0,0.0,ULTRACEMCO
2026-06-22,11143.541978655061,11189.601821500615,11088.662165902912,11173.921875,226862,0.0,0.0,ULTRACEMCO
2026-06-23,11130.802095424848,11194.501878503084,11040.642402452573,11080.822265625,324599,0.0,0.0,ULTRACEMCO
2026-06-24,11080.822710332595,11249.382143089048,11049.462815866278,11201.3623046875,233046,0.0,0.0,ULTRACEMCO
2026-06-25,11257.221647302584,11440.481022948581,11221.941767499076,11259.181640625,402451,0.0,0.0,ULTRACEMCO
2026-06-26,11259.181640625,11259.181640625,11259.181640625,11259.181640625,0,0.0,0.0,ULTRACEMCO
2026-06-29,11227.821783890922,11308.181510370721,11086.70226421908,11109.2421875,230886,0.0,0.0,ULTRACEMCO
2026-06-30,11090.622129584888,11149.421928805097,10994.582457525215,11027.90234375,331714,0.0,0.0,ULTRACEMCO
2026-07-01,11073.962317099118,11255.261700166671,11072.002323768658,11226.841796875,119013,0.0,0.0,ULTRACEMCO
2026-07-02,11300.342203888913,11336.602082610958,11214.10249233378,11305.2421875,137631,0.0,0.0,ULTRACEMCO
2026-07-03,11345.421462566243,11509.080906657853,11345.421462566243,11488.5009765625,157877,0.0,0.0,ULTRACEMCO
2026-07-06,11488.501004701167,11515.940911562178,11395.401320708452,11427.7412109375,158010,0.0,0.0,ULTRACEMCO
2026-07-07,11421.861425454304,11514.961111032868,11375.801581010173,11415.9814453125,152287,0.0,0.0,ULTRACEMCO
2026-07-08,11324.841670428521,11367.96152448692,11062.202559345547,11125.90234375,213785,0.0,0.0,ULTRACEMCO
2026-07-09,11130.802000682,11377.761157590952,11130.802000682,11293.4814453125,161622,0.0,0.0,ULTRACEMCO
2026-07-10,11352.281631585689,11490.461164566834,11352.281631585689,11476.7412109375,135130,0.0,0.0,ULTRACEMCO
2026-07-13,11367.961896929824,11406.181768824674,11304.262110438407,11339.5419921875,121301,0.0,0.0,ULTRACEMCO
2026-07-14,11232.722104597522,11312.101836797174,11127.862458358477,11266.0419921875,404659,0.0,0.0,ULTRACEMCO
2026-07-15,11273.881727798002,11617.860560070003,11273.881727798002,11575.720703125,379635,0.0,0.0,ULTRACEMCO
2026-07-16,11622.7607208659,11638.440667875499,11471.8412308985,11535.541015625,260149,0.0,0.0,ULTRACEMCO
2026-07-17,11534.56075506177,11565.920648363552,11429.701111833936,11492.4208984375,247044,0.0,0.0,ULTRACEMCO
2026-07-20,11532.6008398618,11760.94006451236,11418.921225872678,11664.900390625,456048,0.0,0.0,ULTRACEMCO
2026-07-21,11828.560157348169,11883.439972494109,11687.44063268718,11852.080078125,830840,0.0,0.0,ULTRACEMCO
2026-07-22,11839.33996289506,11928.519661316004,11618.840708557555,11655.1005859375,283753,0.0,0.0,ULTRACEMCO
2026-07-23,11557.101160000106,11728.60058364125,11524.761268684919,11669.80078125,415137,0.0,0.0,ULTRACEMCO
2026-07-24,11514.961331554428,11660.980841205628,11456.16152901032,11609.041015625,229015,0.0,0.0,ULTRACEMCO
2026-07-27,11666.860741168279,11759.960427889066,11516.921245712692,11643.3408203125,250956,0.0,0.0,ULTRACEMCO
2026-07-28,11656.080051987496,11807.979531393756,11585.520293811685,11716.83984375,406573,0.0,0.0,ULTRACEMCO
2026-07-29,11808.959826637774,11848.159693282214,11740.360060010002,11758.0,282068,0.0,0.0,ULTRACEMCO
2026-07-30,11800.0,11861.0,11730.0,11847.0,291418,240.0,0.0,ULTRACEMCO
2026-07-31,11850.0,12009.0,11799.0,11903.0,390471,0.0,0.0,ULTRACEMCO
2026-08-03,11940.0,12054.0,11905.0,12054.0,159579,0.0,0.0,ULTRACEMCO
2026-08-04,11920.0,12050.0,11905.0,12050.0,126569,0.0,0.0,ULTRACEMCO
2026-08-05,12049.0,12239.0,11970.0,12190.0,215254,0.0,0.0,ULTRACEMCO
2026-08-06,12190.0,12204.0,12011.0,12075.0,208304,0.0,0.0,ULTRACEMCO
2026-08-07,12051.0,12105.0,11970.0,12105.0,171352,0.0,0.0,ULTRACEMCO
2026-08-10,12040.0,12124.0,11921.0,12038.0,138801,0.0,0.0,ULTRACEMCO
2026-08-11,12036.0,12061.0,11720.0,11780.0,184916,0.0,0.0,ULTRACEMCO
2026-08-12,11790.0,11891.0,11650.0,11891.0,328113,0.0,0.0,ULTRACEMCO
2026-08-13,11875.0,11905.0,11570.0,11706.0,309798,0.0,0.0,ULTRACEMCO
2026-08-14,11657.0,11698.0,11587.0,11619.0,198920,0.0,0.0,ULTRACEMCO
2026-08-17,11610.0,11709.0,11541.0,11681.0,194270,0.0,0.0,ULTRACEMCO
2026-08-18,11626.0,11674.0,11499.0,11499.0,210406,0.0,0.0,ULTRACEMCO
2026-08-19,11499.0,11499.0,11396.0,11450.0,251888,0.0,0.0,ULTRACEMCO
2026-08-20,11500.0,11643.0,11422.0,11575.0,209955,0.0,0.0,ULTRACEMCO
2026-08-21,11549.0,11620.0,11526.0,11570.0,133753,0.0,0.0,ULTRACEMCO
2026-08-24,11566.0,11606.0,11484.0,11504.0,297744,0.0,0.0,ULTRACEMCO
2026-08-25,11505.0,11554.0,11445.0,11540.0,225470,0.0,0.0,ULTRACEMCO
2026-08-26,11580.0,11820.0,11580.0,11717.0,207929,0.0,0.0,ULTRACEMCO
2026-08-27,11674.0,11815.0,11674.0,11717.0,319993,0.0,0.0,ULTRACEMCO
2026-08-28,11705.0,11746.0,11523.0,11589.0,235738,0.0,0.0,ULTRACEMCO
2026-08-31,11550.0,11560.0,11415.0,11450.0,381057,0.0,0.0,ULTRACEMCO
2026-09-01,11450.0,11550.0,11390.0,11400.0,168152,0.0,0.0,ULTRACEMCO
2026-09-02,11350.0,11398.0,11180.0,11393.0,228820,0.0,0.0,ULTRACEMCO
2026-09-03,11450.0,11450.0,11275.0,11275.0,247711,0.0,0.0,ULTRACEMCO
2026-09-04,11357.0,11434.0,11292.0,11408.0,280870,0.0,0.0,ULTRACEMCO
2026-09-07,11370.0,11370.0,11175.0,11175.0,214788,0.0,0.0,ULTRACEMCO
2026-09-08,11175.0,11215.0,10995.0,11009.0,338272,0.0,0.0,ULTRACEMCO
2026-09-09,10975.0,10998.0,10860.0,10900.0,325637,0.0,0.0,ULTRACEMCO
2026-09-10,10896.0,10979.0,10858.0,10979.0,270894,0.0,0.0,ULTRACEMCO
2026-09-11,10859.0,11060.0,10790.0,11000.0,223277,0.0,0.0,ULTRACEMCO
2026-09-14,11000.0,11000.0,11000.0,11000.0,0,0.0,0.0,ULTRACEMCO
2026-09-15,11045.0,11045.0,10697.0,10697.0,335172,0.0,0.0,ULTRACEMCO
2026-09-16,10777.0,10880.0,10639.0,10700.0,236781,0.0,0.0,ULTRACEMCO
2026-09-17,10740.0,10841.0,10703.0,10764.0,180788,0.0,0.0,ULTRACEMCO
2026-09-18,10890.0,11060.0,10819.0,11014.0,458848,0.0,0.0,ULTRACEMCO
2026-09-21,11014.0,11146.0,10983.0,11100.0,152231,0.0,0.0,ULTRACEMCO
2026-09-22,11100.0,11142.0,11000.0,11000.0,320797,0.0,0.0,ULTRACEMCO
2026-09-23,11050.0,11198.0,11044.0,11155.0,218031,0.0,0.0,ULTRACEMCO
2026-09-24,11098.0,11192.0,11056.0,11056.0,304695,0.0,0.0,ULTRACEMCO
2026-09-25,11100.0,11184.0,11027.0,11155.0,191155,0.0,0.0,ULTRACEMCO
2026-09-28,11155.0,11155.0,10978.0,11025.0,331811,0.0,0.0,ULTRACEMCO
2026-09-29,11010.0,11027.0,10826.0,10829.0,514924,0.0,0.0,ULTRACEMCO
2026-09-30,10829.0,10971.0,10800.0,10956.0,257558,0.0,0.0,ULTRACEMCO
2026-10-01,10810.0,10879.0,10612.0,10710.0,570605,0.0,0.0,ULTRACEMCO
