Date,Open,High,Low,Close,Volume,Dividends,Stock Splits,Symbol
2021-10-04,146.83740997490227,152.90254099002996,145.84353723684674,152.0360870361328,8623041,0.0,0.0,VEDL
2021-10-05,152.74964262431692,156.979939980082,152.49480505941418,154.4315643310547,12193085,0.0,0.0,VEDL
2021-10-06,155.04317316886582,156.52122786261538,147.2961053509338,148.28997802734375,9850825,0.0,0.0,VEDL
2021-10-07,150.30320277769727,150.30320277769727,147.8567682117125,148.21353149414062,7738137,0.0,0.0,VEDL
2021-10-08,150.30319156757997,153.66705051045986,149.15642253391982,149.86996459960938,7025380,0.0,0.0,VEDL
2021-10-11,149.8189935130853,153.81993038176327,149.1818996736081,151.75575256347656,6922845,0.0,0.0,VEDL
2021-10-12,154.7118728234008,159.75766883621972,151.83221157379447,159.12057495117188,21173375,0.0,0.0,VEDL
2021-10-13,160.67509298570522,164.62507544609923,159.12058998097717,162.81573486328125,16291520,0.0,0.0,VEDL
2021-10-14,165.13473313301517,174.53824499137622,165.13473313301517,169.16116333007812,26405427,0.0,0.0,VEDL
2021-10-18,175.96531786164735,192.83556578410239,175.96531786164735,191.000732421875,48802954,0.0,0.0,VEDL
2021-10-19,193.1159127874955,196.68363886637684,184.37498700504648,189.11495971679688,28838312,0.0,0.0,VEDL
2021-10-20,185.41981861390565,185.7256268234002,177.4688984913575,181.57177734375,15654936,0.0,0.0,VEDL
2021-10-21,181.95400764002008,184.68077248997312,171.78598334439917,178.59014892578125,17004410,0.0,0.0,VEDL
2021-10-22,176.34760552688076,176.6024431071219,163.68217467808495,165.0583038330078,23046439,0.0,0.0,VEDL
2021-10-25,166.1541096847383,169.3395795790009,160.34381570841373,165.87379455566406,17295947,0.0,0.0,VEDL
2021-10-26,166.68922080054995,169.51792669305553,163.32537787504893,168.47308349609375,14570005,0.0,0.0,VEDL
2021-10-27,167.68308969109745,168.60049854985508,160.19086031306753,160.7260284423828,16987345,0.0,0.0,VEDL
2021-10-28,156.47026866727808,158.68735864682657,150.35416696041378,153.3357696533203,25364271,0.0,0.0,VEDL
2021-10-29,154.22772671431028,158.58544368108915,151.06773408706528,154.94126892089844,19418592,0.0,0.0,VEDL
2021-11-01,159.01863991287212,159.01863991287212,152.90253837776166,153.9983367919922,20031854,0.0,0.0,VEDL
2021-11-02,155.96056930740158,160.47119672661162,155.55283547854413,156.97991943359375,16357465,0.0,0.0,VEDL
2021-11-03,157.59154684507047,161.69442517072997,157.234768054122,158.33056640625,15956363,0.0,0.0,VEDL
2021-11-04,159.12057495117188,160.1654027010304,158.05025411348151,159.12057495117188,2988176,0.0,0.0,VEDL
2021-11-08,160.80251816770863,166.7657239537104,158.55995050217064,165.5170135498047,19796688,0.0,0.0,VEDL
2021-11-09,164.49765610444945,165.10927251143121,160.64961490983887,162.38250732421875,19869811,0.0,0.0,VEDL
2021-11-10,161.54154620625928,166.10312949999198,161.26121553925978,164.70152282714844,24331479,0.0,0.0,VEDL
2021-11-11,164.29379109228432,166.61280685085825,161.61799649975217,165.0583038330078,15963978,0.0,0.0,VEDL
2021-11-12,166.10314359821004,169.03377598107863,165.00734503542623,167.27540588378906,15039279,0.0,0.0,VEDL
2021-11-15,167.68311483166576,169.03375079168828,165.1347392263213,165.41505432128906,8320124,0.0,0.0,VEDL
2021-11-16,165.46604919031114,172.93278769727803,165.1347634238824,169.59442138671875,20023683,0.0,0.0,VEDL
2021-11-17,168.57506041478638,173.51891572491326,167.68312887820022,172.3721466064453,13264427,0.0,0.0,VEDL
2021-11-18,174.84402767542062,174.84402767542062,147.9586675586188,157.76991271972656,69494735,0.0,0.0,VEDL
2021-11-22,157.79541379133937,169.41599982913834,157.79541379133937,167.35182189941406,58648584,0.0,0.0,VEDL
2021-11-23,175.78693461293514,183.99270663459538,172.0663126948525,180.7307891845703,333341211,0.0,0.0,VEDL
2021-11-24,175.7869894163563,180.0427808356677,173.51894390174357,176.14376831054688,29083799,0.0,0.0,VEDL
2021-11-25,175.83793580632528,190.21078199820224,174.4872997000726,187.35659790039062,40281820,0.0,0.0,VEDL
2021-11-26,183.3556415374513,186.9488452472803,178.02952981460373,180.37403869628906,24405163,0.0,0.0,VEDL
2021-11-29,179.76245200407945,181.39340333652962,174.86956689862296,176.75535583496094,11884679,0.0,0.0,VEDL
2021-11-30,176.8317864375117,180.42498975767592,171.2508377360992,172.7034149169922,17562378,0.0,0.0,VEDL
2021-12-01,175.32823608486322,178.2588679380259,170.74116014078248,176.98468017578125,10966477,0.0,0.0,VEDL
2021-12-02,176.85723846891167,176.95917969829387,170.23146296431267,172.2191925048828,14527577,0.0,0.0,VEDL
2021-12-03,174.66567988021768,177.08663683930243,171.07246074535595,171.91342163085938,12609066,0.0,0.0,VEDL
2021-12-06,171.63311413464714,175.12439217291805,170.28247803994358,171.09796142578125,8612257,0.0,0.0,VEDL
2021-12-07,173.2895449160853,177.62178353898744,172.29567218685807,175.40469360351562,20032367,0.0,0.0,VEDL
2021-12-08,176.34758129881317,177.87660657019018,171.78598301758538,174.20693969726562,20455793,0.0,0.0,VEDL
2021-12-09,176.09275042235905,178.87048599217545,174.9969520471833,177.59629821777344,14212623,0.0,0.0,VEDL
2021-12-10,176.85726937063276,179.6604825739137,176.3475942427635,178.2333984375,8770813,0.0,0.0,VEDL
2021-12-13,182.2088316450196,183.6868861895122,180.78174771669188,181.52076721191406,16823625,0.0,0.0,VEDL
2021-12-14,182.20883556825063,184.32398397522618,180.6798103746709,183.4320526123047,11846524,0.0,0.0,VEDL
2021-12-15,183.4575572187003,184.09465108936664,179.40563397964252,179.88983154296875,7353408,0.0,0.0,VEDL
2021-12-16,179.99177233786222,183.71241018728358,179.60951598337687,182.2088623046875,13849801,0.0,0.0,VEDL
2021-12-17,183.08284516719056,184.1421991287128,175.16418400348695,176.14407348632812,12501229,13.5,0.0,VEDL
2021-12-20,173.2043397750726,173.68104573422298,167.19250395365833,171.1915740966797,10352390,0.0,0.0,VEDL
2021-12-21,174.26367970685732,180.30199242733477,172.72762010950535,178.42164611816406,8777083,0.0,0.0,VEDL
2021-12-22,180.09015178122718,181.9440209907398,179.26915902565426,181.14950561523438,4817620,0.0,0.0,VEDL
2021-12-23,182.7385392299918,186.6846387892918,181.414346916731,182.2088623046875,7557268,0.0,0.0,VEDL
2021-12-24,183.34769792984721,185.5723478880001,179.85182635180405,183.1623077392578,6096013,0.0,0.0,VEDL
2021-12-27,184.3275649670748,184.64537434646107,178.26275787234678,180.30201721191406,7521417,0.0,0.0,VEDL
2021-12-28,182.02345843285178,183.48006986768604,180.75223714079667,182.63258361816406,4120120,0.0,0.0,VEDL
2021-12-29,181.44081356475226,183.1622634701653,178.76595171596978,179.798828125,4510924,0.0,0.0,VEDL
2021-12-30,179.93123510553664,181.41432384196636,176.14403263975356,176.54129028320312,5044789,0.0,0.0,VEDL
2021-12-31,176.5413234074007,182.44723441303248,176.5413234074007,180.7257843017578,6299731,0.0,0.0,VEDL
2022-01-03,180.61984528501677,188.0353228040497,180.32852941969517,187.3997039794922,9043533,0.0,0.0,VEDL
2022-01-04,189.1476484728959,189.30654509748504,174.8198767923052,177.57420349121094,28238896,0.0,0.0,VEDL
2022-01-05,178.26279034016804,179.2691895856007,176.1970532445999,176.83267211914062,9231180,0.0,0.0,VEDL
2022-01-06,176.91211550578873,180.27556764126066,175.85276152072413,179.24269104003906,9683833,0.0,0.0,VEDL
2022-01-07,180.03719037541765,180.80522841146265,176.64726116025628,179.13674926757812,6418949,0.0,0.0,VEDL
2022-01-10,179.53399312747808,180.7787209206659,177.9714397944526,179.66641235351562,4237835,0.0,0.0,VEDL
2022-01-11,179.95775994377135,179.98423732786904,174.47559978544012,175.3495635986328,8957542,0.0,0.0,VEDL
2022-01-12,175.85270426663547,178.31569824711778,174.97874074639384,176.19699096679688,6781225,0.0,0.0,VEDL
2022-01-13,177.65363866306134,182.20886348302847,176.83264588931308,179.93125915527344,10653446,0.0,0.0,VEDL
2022-01-14,180.09014304047653,181.78511555840456,176.93855907148583,178.07737731933594,6325976,0.0,0.0,VEDL
2022-01-17,176.91206693934532,176.91206693934532,169.36417186783135,172.56871032714844,13870740,0.0,0.0,VEDL
2022-01-18,172.0919947688208,173.70751876083008,169.57602988575485,170.79429626464844,10477124,0.0,0.0,VEDL
2022-01-19,169.23175035230128,175.03171821513374,168.43723509243134,171.93310546875,37369055,0.0,0.0,VEDL
2022-01-20,172.11851871213292,174.42260034364395,171.7477384086139,173.28379821777344,7463125,0.0,0.0,VEDL
2022-01-21,172.1185018438743,173.8399516360848,168.75505055543357,171.24452209472656,10563621,0.0,0.0,VEDL
2022-01-24,170.55596240226626,172.5422507842802,164.33225880528914,165.31216430664062,10949389,0.0,0.0,VEDL
2022-01-25,164.49115314897742,168.96692937404086,162.71674848366752,168.46372985839844,7732802,0.0,0.0,VEDL
2022-01-27,166.8482388884684,175.85274701895713,165.2856854235711,173.83998107910156,13373574,0.0,0.0,VEDL
2022-01-28,175.27007965309474,177.91846410286786,171.16508375594637,173.5486297607422,15967353,0.0,0.0,VEDL
2022-01-31,174.79337252103366,175.13765926432032,167.11305766783673,170.4235382080078,14273583,0.0,0.0,VEDL
2022-02-01,171.56236336269225,179.56048865669317,170.55598037597406,179.11026000976562,12026843,0.0,0.0,VEDL
2022-02-02,179.56050299903555,182.20888799902133,178.0509203161518,181.81163024902344,8070763,0.0,0.0,VEDL
2022-02-03,177.44176471679987,186.3403303323374,174.34315156273462,182.89743041992188,15147036,0.0,0.0,VEDL
2022-02-04,182.73853017377849,192.14029513199463,181.9969857479935,188.7503662109375,20184671,0.0,0.0,VEDL
2022-02-07,189.70379091809133,196.5101427614536,188.5385113604983,193.51747131347656,15757583,0.0,0.0,VEDL
2022-02-08,195.05351395919988,198.52289110898514,190.312899346955,195.6891326904297,14209893,0.0,0.0,VEDL
2022-02-09,196.77497472668074,200.72107422534032,192.9083396971612,199.5028076171875,17184515,0.0,0.0,VEDL
2022-02-10,200.21787476068428,204.37584179482263,198.8936824672935,201.01239013671875,11642228,0.0,0.0,VEDL
2022-02-11,200.21786161091163,203.63428396926102,197.17221953614248,200.2443389892578,9277013,0.0,0.0,VEDL
2022-02-14,196.00689488190534,198.54935324013383,190.47178197800108,191.47816467285156,11817623,0.0,0.0,VEDL
2022-02-15,195.45075253169946,198.2580332974029,188.2736378679296,197.0133056640625,12010968,0.0,0.0,VEDL
2022-02-16,198.62879456898514,198.62879456898514,191.7694737307551,194.44435119628906,9223294,0.0,0.0,VEDL
2022-02-17,195.90103772251,197.75490718503175,193.64991051801934,195.42433166503906,7177358,0.0,0.0,VEDL
2022-02-18,194.9211217859289,196.8279620797698,192.00789849836747,192.8024139404297,4497068,0.0,0.0,VEDL
2022-02-21,192.5375490570375,193.64987375628291,187.0289126470313,187.47914123535156,5793689,0.0,0.0,VEDL
2022-02-22,183.26823207340743,186.68465500414302,179.74588344708476,185.43991088867188,9895715,0.0,0.0,VEDL
2022-02-23,186.5522155761719,188.5120104592936,184.38053699588536,186.55221557617188,9341304,0.0,0.0,VEDL
2022-02-24,181.1495272912288,186.1549812216383,177.81256878059486,179.0572967529297,13040748,0.0,0.0,VEDL
2022-02-25,183.21522657431544,193.62337386386324,183.0033590586581,192.0608367919922,12293768,0.0,0.0,VEDL
2022-02-28,191.16039766843244,202.01877455531837,188.96224167788102,201.43612670898438,13822663,0.0,0.0,VEDL
2022-03-02,203.39597792018088,209.75210223018652,202.33662386851327,205.14390563964844,15610682,0.0,0.0,VEDL
2022-03-03,211.87077102837955,212.40044795595048,203.02515987216188,209.7255859375,59451460,0.0,0.0,VEDL
2022-03-04,208.37492726279163,211.20870242794555,196.24532727160835,197.78138732910156,19180902,0.0,0.0,VEDL
2022-03-07,198.09914132482683,206.15023588723264,197.8078255239545,205.19680786132812,17901437,0.0,0.0,VEDL
2022-03-08,209.96392539847034,209.96392539847034,197.30465039147887,201.99229431152344,19093725,0.0,0.0,VEDL
2022-03-09,202.8697207021417,205.63898568201546,200.40205287395753,203.5825958251953,10587981,13.0,0.0,VEDL
2022-03-10,203.71967165909768,208.1066363247041,199.3052951583081,207.42117309570312,12346925,0.0,0.0,VEDL
2022-03-11,207.174406681856,211.12268170909405,206.29702710686328,207.39376831054688,9045446,0.0,0.0,VEDL
2022-03-14,207.39375472369255,208.38081504836606,203.80191747597286,206.07765197753906,5116985,0.0,0.0,VEDL
2022-03-15,203.39064216674012,203.66482745322398,194.0135020220037,196.15216064453125,8197001,0.0,0.0,VEDL
2022-03-16,198.5101666814752,205.91317013506614,197.02955929677964,204.7341766357422,9118574,0.0,0.0,VEDL
2022-03-17,205.5841427817666,209.75176285475828,204.81642725817574,207.53086853027344,10989483,0.0,0.0,VEDL
2022-03-21,210.0259439089872,223.4336120352744,208.68242921872536,219.3756561279297,26819133,0.0,0.0,VEDL
2022-03-22,221.92554600655416,228.12212590568967,220.44493897617127,221.569091796875,22136086,0.0,0.0,VEDL
2022-03-23,223.543273682352,225.79159650884577,218.25150069343198,224.09164428710938,12118980,0.0,0.0,VEDL
2022-03-24,223.62552532246252,228.91731503204164,223.18683553381786,225.4625701904297,11816201,0.0,0.0,VEDL
2022-03-25,226.97057441013797,227.73828985720613,222.7755429181748,225.13352966308594,8213490,0.0,0.0,VEDL
2022-03-28,223.73516795113878,229.13662081851578,222.63842693177045,226.6963653564453,8658384,0.0,0.0,VEDL
2022-03-29,227.51894412343657,227.95765061650164,223.4884171227784,225.02386474609375,6273174,0.0,0.0,VEDL
2022-03-30,224.83191030235747,224.99641476226125,217.4563202094383,218.6353302001953,8216568,0.0,0.0,VEDL
2022-03-31,218.93693443460919,225.29803593924655,218.93693443460919,221.1852569580078,9571444,0.0,0.0,VEDL
2022-04-01,222.25456230199867,225.3254405228516,221.1029976122513,222.52874755859375,8522750,0.0,0.0,VEDL
2022-04-04,222.63844697718494,232.34461256647225,222.63844697718494,231.11077880859375,11316771,0.0,0.0,VEDL
2022-04-05,233.1671465834526,233.1671465834526,228.8898465821455,229.71240234375,6544847,0.0,0.0,VEDL
2022-04-06,228.91731681640937,238.37670979667516,227.1899360146674,237.22512817382812,9864785,0.0,0.0,VEDL
2022-04-07,237.9927679436187,239.82981224132308,232.67356804906052,233.3316192626953,7125701,0.0,0.0,VEDL
2022-04-08,234.15423572365242,238.26701503964165,232.89299009405914,235.96385192871094,5251094,0.0,0.0,VEDL
2022-04-11,236.3202815062485,241.6943058904956,236.04609624715548,240.0491943359375,6488235,0.0,0.0,VEDL
2022-04-12,237.44444567636904,238.43150596210967,227.10765756956664,228.67051696777344,10163306,0.0,0.0,VEDL
2022-04-13,231.4123989239579,234.45584913526022,231.08337320883098,233.49620056152344,4532025,0.0,0.0,VEDL
2022-04-18,233.57849264830102,236.78644766704272,229.6302171460801,232.59141540527344,5410588,0.0,0.0,VEDL
2022-04-19,234.12677114608852,239.9120727199896,231.43974254367413,234.45578002929688,6170452,0.0,0.0,VEDL
2022-04-20,234.67516503420444,235.2235355408997,228.94468654526327,231.35751342773438,4326156,0.0,0.0,VEDL
2022-04-21,231.41239038771363,233.66071316737896,228.75278966304646,233.03009033203125,8243160,0.0,0.0,VEDL
2022-04-22,230.26080442646574,233.03008591124131,227.4641111065204,228.01248168945312,4288543,0.0,0.0,VEDL
2022-04-25,221.9804228031702,224.77711634392236,217.73055044990218,220.4998321533203,6329044,0.0,0.0,VEDL
2022-04-26,222.58360126235235,226.23026204606657,220.49979988164162,225.70932006835938,5690783,0.0,0.0,VEDL
2022-04-27,225.81900737339532,229.21891180223813,222.3368674361241,226.28512573242188,7572088,0.0,0.0,VEDL
2022-04-28,229.19148471854,229.19148471854,222.11749103027122,225.7367401123047,6480515,0.0,0.0,VEDL
2022-04-29,227.02539890513378,230.15111761302123,222.69327507494663,223.92710876464844,18580213,0.0,0.0,VEDL
2022-05-02,223.73517581634053,224.4754793774268,219.07402632016678,223.65292358398438,9271760,0.0,0.0,VEDL
2022-05-04,225.9286359739532,225.9286359739532,215.23541169848696,216.7160186767578,16352730,0.0,0.0,VEDL
2022-05-05,220.71917594784114,224.5577703121514,219.7046869474276,222.1997833251953,11573563,0.0,0.0,VEDL
2022-05-06,217.02677684664164,221.18893421082382,211.70515410135374,214.29164123535156,17372415,31.5,0.0,VEDL
2022-05-09,211.91323284224822,212.8645865789764,206.4132400325959,208.197021484375,7155146,0.0,0.0,VEDL
2022-05-10,205.13489997929776,209.83218826275393,195.02680345857874,196.42410278320312,10077453,0.0,0.0,VEDL
2022-05-11,197.01869654735881,202.39976419756792,188.21869575451123,193.7781524658203,12430816,0.0,0.0,VEDL
2022-05-12,191.37005257571536,193.71868762076375,180.87547374744926,186.85113525390625,16664763,0.0,0.0,VEDL
2022-05-13,189.05112716428303,191.3700396151626,172.75924070121707,174.1565399169922,20305913,0.0,0.0,VEDL
2022-05-16,175.10790931895156,179.83493823791045,166.21872296286992,170.73764038085938,18365763,0.0,0.0,VEDL
2022-05-17,175.4051700485087,195.59163670723163,174.84029868334778,190.86460876464844,27785998,0.0,0.0,VEDL
2022-05-18,193.21329616580198,193.6592415933468,188.04032194805598,190.151123046875,12682808,0.0,0.0,VEDL
2022-05-19,183.13493344443185,185.33493827975087,177.01062312318578,180.48898315429688,15575272,0.0,0.0,VEDL
2022-05-20,187.89170744008666,190.15115742322712,184.08630939952786,186.9403533935547,11619010,0.0,0.0,VEDL
2022-05-23,182.54031520420418,185.21598757690424,174.03763025584982,181.73760986328125,18449758,0.0,0.0,VEDL
2022-05-24,182.9268414956257,188.42683602643615,180.2511684806368,181.64846801757812,11923967,0.0,0.0,VEDL
2022-05-25,182.5700586471273,184.591692522246,178.43764172778367,181.261962890625,10971726,0.0,0.0,VEDL
2022-05-26,182.42140702612573,186.88086141704048,174.8106121238578,186.1376190185547,11117630,0.0,0.0,VEDL
2022-05-27,187.89166711027934,189.70517119599737,180.4295211335877,183.0457305908203,11035458,0.0,0.0,VEDL
2022-05-30,183.8781536047475,187.1484198774269,182.65924343406562,186.226806640625,7700826,0.0,0.0,VEDL
2022-05-31,184.32409126515384,194.67002050060128,183.8484234491468,190.80516052246094,52366423,0.0,0.0,VEDL
2022-06-01,190.5673676649422,193.24304053387274,186.25656137610963,187.92141723632812,9150761,0.0,0.0,VEDL
2022-06-02,188.0403111123631,192.05381972899062,187.68355116177213,191.31057739257812,6242334,0.0,0.0,VEDL
2022-06-03,192.35115811755557,193.36197517114582,187.5646836977419,188.4268341064453,10358738,0.0,0.0,VEDL
2022-06-06,184.5619362039662,192.29165662223306,184.32410228174794,190.68626403808594,11751642,0.0,0.0,VEDL
2022-06-07,188.48626064493172,190.6862652671523,185.66193970466855,187.23760986328125,11390344,0.0,0.0,VEDL
2022-06-08,188.42679476957392,188.75383228714097,185.24571391915143,186.25653076171875,4734993,0.0,0.0,VEDL
2022-06-09,185.15652587838332,187.8916612857059,177.9916770654296,180.10247802734375,11747620,0.0,0.0,VEDL
2022-06-10,178.28898466880204,180.3403227378972,175.22682971077364,179.09169006347656,6147803,0.0,0.0,VEDL
2022-06-13,175.5240958339907,176.9808397468246,170.38084498224123,172.2538299560547,7487440,0.0,0.0,VEDL
2022-06-14,171.83763930098132,176.11872269404185,171.39169387026942,173.1160125732422,7645723,0.0,0.0,VEDL
2022-06-15,173.5917148410726,175.97009069423711,172.78900936151604,173.23495483398438,6160021,0.0,0.0,VEDL
2022-06-16,175.8808781497275,176.26737872268927,158.07280074102894,159.02415466308594,14390002,0.0,0.0,VEDL
2022-06-17,159.02413267731487,161.72952744061413,156.25925675425,156.94305419921875,13852870,0.0,0.0,VEDL
2022-06-20,156.25926079265034,156.25926079265034,131.85118984125495,137.02415466308594,49070694,0.0,0.0,VEDL
2022-06-21,140.59173103439983,144.8728054580013,134.97282028637395,140.35389709472656,51220904,0.0,0.0,VEDL
2022-06-22,139.64039939303757,139.64039939303757,131.40526916681793,132.059326171875,22944315,0.0,0.0,VEDL
2022-06-23,131.43499654229566,134.37823482682194,128.49175825776936,130.483642578125,20938353,0.0,0.0,VEDL
2022-06-24,131.07821193830853,133.72415274657018,129.32416190178327,131.6728057861328,21355402,0.0,0.0,VEDL
2022-06-27,135.29985310165029,137.44038584577862,133.6647197637487,135.44850158691406,15977006,0.0,0.0,VEDL
2022-06-28,134.9133592422372,140.17551915787084,131.99985261101727,139.61065673828125,23261360,0.0,0.0,VEDL
2022-06-29,137.767398159496,139.93767123331347,137.2322673044629,137.9755096435547,14692258,0.0,0.0,VEDL
2022-06-30,138.27284189875263,139.34311295498472,132.1782531614359,132.59446716308594,13598410,0.0,0.0,VEDL
2022-07-01,131.46469972602213,132.95118430423233,122.48632924451982,127.21334838867188,26130465,0.0,0.0,VEDL
2022-07-04,126.58905746789314,129.23500799470528,124.50797849260181,128.7890625,10536164,0.0,0.0,VEDL
2022-07-05,130.63228034136367,132.83227599597822,128.55120165430986,129.05661010742188,13760066,0.0,0.0,VEDL
2022-07-06,126.94581866837623,127.83770966604632,122.63501217963747,127.51068115234375,21776088,0.0,0.0,VEDL
2022-07-07,129.62147869261193,136.10254899812912,128.4620223262026,135.3890380859375,18550009,0.0,0.0,VEDL
2022-07-08,138.1836265512455,138.54038654054912,131.43499084798322,133.1890411376953,20385518,0.0,0.0,VEDL
2022-07-11,132.59443667668955,138.12416163516184,131.58362888429374,136.4295654296875,16001815,0.0,0.0,VEDL
2022-07-12,135.80526094737777,140.7998558062957,133.9025620323165,137.2025604248047,17927232,0.0,0.0,VEDL
2022-07-13,137.0538868468184,138.89713147040052,135.56740217385942,137.91604614257812,13199027,0.0,0.0,VEDL
2022-07-14,140.29440107198627,140.29440107198627,134.6754916456956,135.50791931152344,15126859,0.0,0.0,VEDL
2022-07-15,136.90524745958078,137.17281290390284,133.6647124721625,135.4782257080078,12239038,0.0,0.0,VEDL
2022-07-18,137.38092759862033,141.54308505583066,136.251193702279,141.1863250732422,15984360,0.0,0.0,VEDL
2022-07-19,141.15661452472287,143.11877657477962,136.45932546885226,141.95932006835938,20854834,0.0,0.0,VEDL
2022-07-20,147.45927647907658,154.47547673074232,145.67549490876516,150.55116271972656,58620970,0.0,0.0,VEDL
2022-07-21,152.21604384997448,152.24576628781236,149.30253726477184,151.50253295898438,19890154,0.0,0.0,VEDL
2022-07-22,152.81065204610698,154.5647115359919,151.6809271192377,153.6133575439453,15511814,0.0,0.0,VEDL
2022-07-25,154.83224940561155,155.4565838938976,150.78901810532747,153.4052276611328,23018426,0.0,0.0,VEDL
2022-07-26,154.3700351255563,157.5217527502034,153.63034929974603,155.27052307128906,18479077,19.5,0.0,VEDL
2022-07-27,154.3700408150676,157.07151456641472,151.73288202531037,156.55694580078125,10992106,0.0,0.0,VEDL
2022-07-28,156.4283028359633,159.25842608127158,154.788119223223,157.90768432617188,11285482,0.0,0.0,VEDL
2022-07-29,157.9720198470565,164.98298894052823,157.74689293436472,163.56793212890625,20997947,0.0,0.0,VEDL
2022-08-01,165.14378708575885,165.56186869685155,162.89255727154205,164.27545166015625,10114375,0.0,0.0,VEDL
2022-08-02,164.01816852975713,164.01816852975713,159.0011402353421,162.47447204589844,11012297,0.0,0.0,VEDL
2022-08-03,161.76690439684867,163.69652949899796,158.39006046808743,160.0945587158203,9843948,0.0,0.0,VEDL
2022-08-04,160.73779425011216,163.1819884221867,158.06848300015415,160.96292114257812,9463532,0.0,0.0,VEDL
2022-08-05,160.89861246501624,165.2081175376252,160.89861246501624,162.89256286621094,13811834,0.0,0.0,VEDL
2022-08-08,162.89253875227263,165.9477788670734,162.8282139819177,165.14376831054688,7700478,0.0,0.0,VEDL
2022-08-10,165.78697777115613,167.1377194402263,162.08852918848243,164.88648986816406,11891569,0.0,0.0,VEDL
2022-08-11,165.947796917433,167.5236656312999,164.3397756294734,165.01513671875,6782061,0.0,0.0,VEDL
2022-08-12,165.01512810765564,170.41809505658622,164.2111273202146,168.81007385253906,14399499,0.0,0.0,VEDL
2022-08-16,169.80702148437499,171.54369205576677,163.69654154459633,168.8422088623047,18353026,0.0,0.0,VEDL
2022-08-17,170.77186376003627,172.8622914708465,168.9065629593004,171.2864227294922,14443487,0.0,0.0,VEDL
2022-08-18,171.70448004469108,172.54064306341772,169.13164659733349,170.77182006835938,9656896,0.0,0.0,VEDL
2022-08-19,171.5758547746498,172.3798653406041,167.45932460279658,168.52061462402344,11007005,0.0,0.0,VEDL
2022-08-22,167.2342175648411,169.93570123870896,164.05033730873478,165.20811462402344,9077185,0.0,0.0,VEDL
2022-08-23,163.08552983788786,169.4211281675107,163.08552983788786,168.6814422607422,6629601,0.0,0.0,VEDL
2022-08-24,168.6814307268172,171.89747325735712,168.35982647376323,171.54371643066406,7607934,0.0,0.0,VEDL
2022-08-25,172.66932577376687,174.50245425399956,170.19296917890762,170.7397003173828,6531499,0.0,0.0,VEDL
2022-08-26,172.7014937765536,176.88234930559494,172.7014937765536,173.40902709960938,11188255,0.0,0.0,VEDL
2022-08-29,167.94174011400443,171.86531581596864,165.9799424484397,171.1256103515625,7471816,0.0,0.0,VEDL
2022-08-30,173.02306163410253,174.9526868567877,172.4763305618425,173.8270721435547,5956473,0.0,0.0,VEDL
2022-09-01,169.48543516186027,172.95875704200085,168.6492719861623,169.29248046875,8676894,0.0,0.0,VEDL
2022-09-02,170.7075071352325,170.9647865719637,164.66135204081633,165.46536254882812,10204135,0.0,0.0,VEDL
2022-09-05,166.20506862549163,169.0673542358783,165.65833748731873,167.49148559570312,6625211,0.0,0.0,VEDL
2022-09-06,167.8774079941595,170.28943971821352,166.14073730117485,169.71055603027344,6046145,0.0,0.0,VEDL
2022-09-07,167.234215148974,169.4211201904735,167.234215148974,168.4884796142578,4912037,0.0,0.0,VEDL
2022-09-08,169.61410251003758,170.4502657734859,167.87743157313142,168.6814422607422,3584327,0.0,0.0,VEDL
2022-09-09,170.45026075276846,173.56982605464302,169.6784026637308,171.5115509033203,9391783,0.0,0.0,VEDL
2022-09-12,172.34773713676756,174.85624653137415,171.99396066023095,173.8914337158203,5914506,0.0,0.0,VEDL
2022-09-13,177.17179974541477,179.7767864741426,175.3386514852297,178.52252197265625,15735934,0.0,0.0,VEDL
2022-09-14,177.52553934775267,202.51419256220953,175.82104081245689,196.56451416015625,61991651,0.0,0.0,VEDL
2022-09-15,203.86493845720207,206.40560021146456,195.92130969155713,202.0961151123047,72693576,0.0,0.0,VEDL
2022-09-16,190.48616943857215,192.89820101080417,184.6008163281586,187.01284790039062,45232346,0.0,0.0,VEDL
2022-09-19,187.81686397177972,189.61783974724085,180.35564216213655,181.15965270996094,17630437,0.0,0.0,VEDL
2022-09-20,183.5716861127658,184.98675254216408,179.90540975704758,180.16268920898438,14832173,0.0,0.0,VEDL
2022-09-21,180.74160055531232,182.2209723523189,178.16876638370644,178.74765014648438,8891248,0.0,0.0,VEDL
2022-09-22,177.20392935710615,182.1244701121512,177.20392935710615,180.51644897460938,8750415,0.0,0.0,VEDL
2022-09-23,181.3526455563077,184.56868807634032,178.97276623981722,179.80892944335938,11611515,0.0,0.0,VEDL
2022-09-26,177.52553142502433,178.29738941332047,167.23419626995044,169.99998474121094,13655836,0.0,0.0,VEDL
2022-09-27,170.77184148318682,172.57281727051532,167.26634761990783,168.64926147460938,8506360,0.0,0.0,VEDL
2022-09-28,166.91260462788162,168.39197631626985,164.14680613355893,165.17593383789062,7527753,0.0,0.0,VEDL
2022-09-29,167.23422115412984,169.80705532573182,165.04731603410153,167.00909423828125,7865169,0.0,0.0,VEDL
2022-09-30,169.09948903370923,174.7918874543762,167.42714322238857,173.69842529296875,11747174,0.0,0.0,VEDL
2022-10-03,174.3095096455901,175.59592669094502,170.83618754896514,172.60501098632812,6570803,0.0,0.0,VEDL
2022-10-04,179.45517365065348,180.67726588946633,175.46727305119484,179.55165100097656,11559416,0.0,0.0,VEDL
2022-10-06,181.38480809045643,188.846031072493,181.38480809045643,188.0741729736328,16940276,0.0,0.0,VEDL
2022-10-07,187.81688825453773,188.13849251524758,184.7616477777944,187.7525634765625,8499499,0.0,0.0,VEDL
2022-10-10,184.40788640577517,191.64398209371979,184.2792368529898,191.06507873535156,11439140,0.0,0.0,VEDL
2022-10-11,192.96254269847307,196.50018931461173,183.31441556354943,183.98977661132812,21039535,0.0,0.0,VEDL
2022-10-12,185.244034826965,186.5304517354856,180.29132187749502,184.98675537109375,10044150,0.0,0.0,VEDL
2022-10-13,188.33144870963352,189.6821905411319,184.82597401766932,188.46009826660156,10965277,0.0,0.0,VEDL
2022-10-14,192.5444653830922,192.5444653830922,184.24707978896987,185.14756774902344,10076381,0.0,0.0,VEDL
2022-10-17,183.79683537168899,183.82898794615923,178.5868424116976,180.1305389404297,9189148,0.0,0.0,VEDL
2022-10-18,181.70638656942938,182.92847869486,179.45515700131259,179.90541076660156,6076753,0.0,0.0,VEDL
2022-10-19,180.7415912377071,181.99585568337181,177.7185033902499,178.32955932617188,5047001,0.0,0.0,VEDL
2022-10-20,177.1396224876614,182.5747423334965,176.04617978112725,181.93153381347656,5655577,0.0,0.0,VEDL
2022-10-21,182.67119821640503,183.2179293199982,178.6511454387553,180.16268920898438,5352956,0.0,0.0,VEDL
2022-10-24,181.83505496409157,181.83505496409157,180.41998838003272,181.2239990234375,1607171,0.0,0.0,VEDL
2022-10-25,181.38477499825615,181.64205444121532,179.26219505738865,180.09835815429688,5339921,0.0,0.0,VEDL
2022-10-27,182.7355410865269,188.0741638523676,182.67121630988038,185.46917724609375,14336599,0.0,0.0,VEDL
2022-10-28,186.36965894183234,186.36965894183234,179.8089245286246,183.2179412841797,9449012,0.0,0.0,VEDL
2022-10-31,176.23912055900206,183.2822611483361,176.1104710134975,180.61293029785156,12599029,0.0,0.0,VEDL
2022-11-01,181.09535986388332,185.75862186330698,180.74160301214565,184.53652954101562,9070975,0.0,0.0,VEDL
2022-11-02,183.63602575201062,192.60879212991344,183.4752236278845,191.1937255859375,20332664,0.0,0.0,VEDL
2022-11-03,188.13847114587614,195.72832298488174,188.13847114587614,194.8278350830078,19690261,0.0,0.0,VEDL
2022-11-04,195.21377406262837,208.78547694306258,195.21377406262837,207.0809783935547,52129584,0.0,0.0,VEDL
2022-11-07,208.68899990295907,208.68899990295907,192.029884510527,197.17555236816406,38854124,0.0,0.0,VEDL
2022-11-09,198.01176955569974,202.48205750575283,194.34547271884395,197.85096740722656,20764922,0.0,0.0,VEDL
2022-11-10,195.79265436839586,199.23382360918978,195.53537490619433,197.5614776611328,8723702,0.0,0.0,VEDL
2022-11-11,200.1343133796172,202.61066993802606,198.75141908206368,200.93832397460938,15276115,0.0,0.0,VEDL
2022-11-14,202.61070754435255,206.46995911662592,201.35644293169628,202.4499053955078,19802445,0.0,0.0,VEDL
2022-11-15,203.38252505724972,205.4407803735456,200.8739963333558,204.9583740234375,10006142,0.0,0.0,VEDL
2022-11-16,205.82674703467373,206.24482868875427,199.13738168188047,200.64892578125,9748748,0.0,0.0,VEDL
2022-11-17,200.35944246477965,200.35944246477965,195.278099374652,197.657958984375,10016310,0.0,0.0,VEDL
2022-11-18,200.93833351698447,204.1222234760194,198.36549949082806,199.65191650390625,18774925,0.0,0.0,VEDL
2022-11-21,201.90311954686362,201.90311954686362,197.14338115444858,198.0438690185547,11979024,0.0,0.0,VEDL
2022-11-22,199.04087227066046,200.61672127140196,197.17555197267635,199.45895385742188,9990931,0.0,0.0,VEDL
2022-11-23,201.64585798605398,201.64585798605398,195.95345902616492,198.01173400878906,19347161,0.0,0.0,VEDL
2022-11-24,198.7192963209205,200.29514554600814,197.9474381822713,199.97354125976562,9754111,0.0,0.0,VEDL
2022-11-25,201.00264901843394,204.12221405703303,199.13734836137587,203.60763549804688,11546335,0.0,0.0,VEDL
2022-11-28,204.2187048881782,204.44383179577795,199.16951408558214,199.74839782714844,16890293,0.0,0.0,VEDL
2022-11-29,201.75918380923466,206.49644323610912,201.07756494501425,205.7466583251953,14184054,17.5,0.0,VEDL
2022-11-30,205.16725647930735,209.35920789162026,204.92868574173488,207.45068359375,10300275,0.0,0.0,VEDL
2022-12-01,208.57536420430225,213.0058866465505,207.68926803639502,211.4722442626953,14208907,0.0,0.0,VEDL
2022-12-02,211.40408828722857,215.289324165246,210.21125526519688,213.92608642578125,14526593,0.0,0.0,VEDL
2022-12-05,215.05075598995296,219.61761079269144,214.7781125990486,217.60682678222656,17018137,0.0,0.0,VEDL
2022-12-06,217.0956313814442,217.36827479590573,213.41489328281557,214.3350830078125,7693396,0.0,0.0,VEDL
2022-12-07,214.70993768035387,215.05074710524332,212.0857009484338,213.27853393554688,5552148,0.0,0.0,VEDL
2022-12-08,213.14222888586042,215.73237227030063,212.05163453401718,213.92608642578125,5763591,0.0,0.0,VEDL
2022-12-09,215.39159204920517,216.4140204924767,208.5754024273949,210.5180206298828,7643243,0.0,0.0,VEDL
2022-12-12,210.41575169625727,211.02920451375763,204.17892244782547,210.55206298828125,8476131,0.0,0.0,VEDL
2022-12-13,211.4722384198141,215.49378528831625,211.23366767309034,213.4489288330078,8177297,0.0,0.0,VEDL
2022-12-14,214.36912776789762,216.75479373669776,214.02831834378333,215.42562866210938,7878753,0.0,0.0,VEDL
2022-12-15,214.70991912032434,216.0731567020407,211.50630248274908,211.94937133789062,5846776,0.0,0.0,VEDL
2022-12-16,211.3018617904638,214.57362423312765,209.2570050634593,209.8022918701172,7609735,0.0,0.0,VEDL
2022-12-19,210.55204540062434,214.70992428514745,210.2794020379936,214.26687622070312,5148697,0.0,0.0,VEDL
2022-12-20,213.9601361042258,214.30094550254452,209.32513660763306,212.7332305908203,7495069,0.0,0.0,VEDL
2022-12-21,213.78974396202213,214.6417675078626,204.51972362300648,206.66683959960938,10996743,0.0,0.0,VEDL
2022-12-22,208.37089052864735,209.5637235147912,203.42915387176555,205.88296508789062,9075631,0.0,0.0,VEDL
2022-12-23,203.80403692327184,205.06503596082763,193.54568151239226,194.397705078125,11859798,0.0,0.0,VEDL
2022-12-26,194.772602228989,202.7475517431602,192.0801992319645,201.82736206054688,7669940,0.0,0.0,VEDL
2022-12-27,203.87216515996553,210.6201863888524,203.80399912707725,209.6999969482422,11251874,0.0,0.0,VEDL
2022-12-28,209.22290786235828,209.22290786235828,207.28029003962035,207.82557678222656,5313187,0.0,0.0,VEDL
2022-12-29,206.56459581599483,210.2794270784423,205.20135803914917,209.32516479492188,6837877,0.0,0.0,VEDL
2022-12-30,210.9610581742829,213.92610467076832,209.52965426549417,210.21127319335938,6318160,0.0,0.0,VEDL
2023-01-02,211.26775018151542,216.7547730659449,210.75653609409576,215.45970153808594,13487019,0.0,0.0,VEDL
2023-01-03,215.4596918228027,219.2085949615054,214.1986929704229,217.81126403808594,10680716,0.0,0.0,VEDL
2023-01-04,216.75476130659982,217.027404644828,208.71166842142455,210.14305114746094,16035314,0.0,0.0,VEDL
2023-01-05,211.3018714278335,212.6651093080131,209.56375145114825,212.22206115722656,6589413,0.0,0.0,VEDL
2023-01-06,212.83547602741447,214.36911836868487,210.34757150073582,211.06326293945312,4971988,0.0,0.0,VEDL
2023-01-09,212.80141681075546,216.00501297793622,212.80141681075546,215.05075073242188,6356082,0.0,0.0,VEDL
2023-01-10,216.41398431258347,217.91355409922897,213.3466994955547,215.42562866210938,8269189,0.0,0.0,VEDL
2023-01-11,216.1754063210663,218.15209675450754,215.73235824481574,216.85702514648438,6183545,0.0,0.0,VEDL
2023-01-12,218.11803709321904,218.11803709321904,214.43729937754236,215.800537109375,4051242,0.0,0.0,VEDL
2023-01-13,216.07318405598102,219.48127844172205,215.59604252143436,217.57275390625,8446441,0.0,0.0,VEDL
2023-01-16,218.6633194350642,218.79965152602804,214.369128987339,216.14134216308594,5228181,0.0,0.0,VEDL
2023-01-17,216.1413382098246,217.09560042504808,213.68750622685266,216.72071838378906,4146953,0.0,0.0,VEDL
2023-01-18,217.0955894778891,222.07139843580413,216.92518477657205,220.9467315673828,12239219,0.0,0.0,VEDL
2023-01-19,220.5718642030365,227.660696088639,219.1745330785648,225.47950744628906,14218085,0.0,0.0,VEDL
2023-01-20,230.11452297441843,232.2616181454996,224.96828828671258,225.54766845703125,19053763,0.0,0.0,VEDL
2023-01-23,225.58175422366267,227.96742006642114,223.8777071931209,224.35482788085938,4686210,0.0,0.0,VEDL
2023-01-24,225.75218521492656,226.19523333418806,223.09385489664197,224.69566345214844,5123504,0.0,0.0,VEDL
2023-01-25,224.93421392331177,226.77459308504487,221.25347640120148,222.37814331054688,7049679,0.0,0.0,VEDL
2023-01-27,223.5709718133063,224.59340003806227,213.65342635371553,217.94761657714844,11670027,0.0,0.0,VEDL
2023-01-30,218.11802955607112,221.4238851018016,215.63012494171846,219.41310119628906,9562174,0.0,0.0,VEDL
2023-01-31,220.3332757953644,229.36472484188747,219.583490959533,226.57008361816406,12559707,0.0,0.0,VEDL
2023-02-01,229.7055692440126,230.55759286880493,219.0382376218842,223.5709991455078,11727712,0.0,0.0,VEDL
2023-02-02,224.2526117934371,228.171920358216,219.82208906803484,222.92344665527344,11308985,0.0,0.0,VEDL
2023-02-03,227.1402158242436,228.80567883061124,218.2813930541873,222.74623107910156,11362212,12.5,0.0,VEDL
2023-02-06,222.7462416975778,223.1714695364085,216.15528589365434,217.04116821289062,7244255,0.0,0.0,VEDL
2023-02-07,216.8639972690159,218.9546882468237,212.00935771043564,218.38771057128906,10473033,0.0,0.0,VEDL
2023-02-08,219.34447130993084,223.59670661803935,219.30904466689148,222.60452270507812,7819410,0.0,0.0,VEDL
2023-02-09,223.2069424593473,223.73847190959688,218.99013350283826,219.76971435546875,5202003,0.0,0.0,VEDL
2023-02-10,219.69882825077022,220.90363692785658,217.9270635068124,220.19493103027344,4235865,0.0,0.0,VEDL
2023-02-13,220.40753074985764,223.10060446795362,218.28141308989117,218.8129425048828,5188595,0.0,0.0,VEDL
2023-02-14,219.69881132969417,223.06516408393946,219.06098039659224,222.67538452148438,6566932,0.0,0.0,VEDL
2023-02-15,222.46276686647192,223.80930368539492,220.47839909416294,221.82493591308594,5810417,0.0,0.0,VEDL
2023-02-16,223.88017987514695,224.48258418988846,222.60451796109527,223.13604736328125,4366228,0.0,0.0,VEDL
2023-02-17,223.13606525170707,225.29760967602266,221.82495496227483,222.53366088867188,4291109,0.0,0.0,VEDL
2023-02-20,222.0730191908047,223.73848253964576,219.8051514441288,220.30125427246094,5264100,0.0,0.0,VEDL
2023-02-21,220.86820981498323,222.46279823730413,217.57273140111798,218.31686401367188,6336180,0.0,0.0,VEDL
2023-02-22,217.46641520984159,218.17512112766542,213.42678282705043,214.91506958007812,6166923,0.0,0.0,VEDL
2023-02-23,214.4189713030171,217.39554487177227,213.78114028913774,214.66702270507812,4584146,0.0,0.0,VEDL
2023-02-24,215.37572476413595,216.0490040393367,206.94212864166573,208.678466796875,10491706,0.0,0.0,VEDL
2023-02-27,208.3241000509941,208.3241000509941,198.96917387478712,203.64663696289062,10621491,0.0,0.0,VEDL
2023-02-28,199.92593456015234,200.45746397410454,185.6455152975673,190.1812286376953,51008515,0.0,0.0,VEDL
2023-03-01,189.25991371574597,198.36678942278994,188.6220826916705,197.4454803466797,18728209,0.0,0.0,VEDL
2023-03-02,198.43766204484652,199.89050056219364,193.97282330003299,194.82325744628906,11979398,0.0,0.0,VEDL
2023-03-03,196.24065722691745,206.1625397178355,195.992605839047,204.99317932128906,16106822,0.0,0.0,VEDL
2023-03-06,207.29651479062892,208.78480178651895,202.83167543095053,203.3632049560547,10687170,0.0,0.0,VEDL
2023-03-08,201.20160932687853,202.37096978651007,196.55959413367904,202.01661682128906,9159693,0.0,0.0,VEDL
2023-03-09,203.39858431573924,206.09165796558918,201.69769455646627,202.3355255126953,6175922,0.0,0.0,VEDL
2023-03-10,199.07546181036074,201.94573337686583,193.15776384918072,198.33132934570312,12081164,0.0,0.0,VEDL
2023-03-13,196.9848364556445,203.68209501240693,195.35479971936044,197.58721923828125,11122038,0.0,0.0,VEDL
2023-03-14,199.67786842849432,199.67786842849432,195.2838836131238,198.0124053955078,8027650,0.0,0.0,VEDL
2023-03-15,200.59918128068193,201.91029142282736,198.22503399634834,198.7211151123047,6345240,0.0,0.0,VEDL
2023-03-16,196.24064505698348,197.55175520185762,190.5001233604982,194.92953491210938,11692502,0.0,0.0,VEDL
2023-03-17,198.4376544650703,203.2568459937411,196.66588969306073,201.6268310546875,14420400,0.0,0.0,VEDL
2023-03-20,199.18176764415912,200.77635578386574,194.8941059641423,198.36676025390625,8043963,0.0,0.0,VEDL
2023-03-21,199.85505162171285,201.55594135247057,199.2880955874557,201.0598602294922,4662762,0.0,0.0,VEDL
2023-03-22,201.981196637687,203.9655646552124,198.50854179302286,202.229248046875,9306264,0.0,0.0,VEDL
2023-03-23,201.98117107619888,201.98117107619888,189.40164200040053,192.23646545410156,31634089,0.0,0.0,VEDL
2023-03-24,197.72892991738587,198.08328283838478,190.11034211590953,191.17340087890625,21108973,0.0,0.0,VEDL
2023-03-27,192.41364767352556,194.32716221318645,191.03166254732747,193.29953002929688,9242191,0.0,0.0,VEDL
2023-03-28,194.7523742013644,195.46108010694138,191.35059450578993,194.3625946044922,10805861,0.0,0.0,VEDL
2023-03-29,196.3115489455378,200.17400503988577,193.40585021316483,199.6779022216797,24728158,0.0,0.0,VEDL
2023-03-31,201.94576092864386,201.98118757351406,193.47671651778714,194.5043487548828,41562626,0.0,0.0,VEDL
2023-04-03,196.98480638254128,200.56376239601033,196.02804912678627,200.13853454589844,13738062,0.0,0.0,VEDL
2023-04-05,201.27249228131822,203.5757866472136,198.721146504267,202.86708068847656,16288540,0.0,0.0,VEDL
2023-04-06,203.40147403936143,209.54663939148935,203.05794563984034,208.55426025390625,23000052,20.5,0.0,VEDL
2023-04-10,208.4015182241053,208.4015182241053,205.4243583373211,206.03504943847656,9479279,0.0,0.0,VEDL
2023-04-11,208.401552530738,209.0504264927646,206.22592726811993,208.21070861816406,8814894,0.0,0.0,VEDL
2023-04-12,208.4396851275285,211.14968231459451,208.40152566848275,210.3863067626953,7011009,0.0,0.0,VEDL
2023-04-13,209.92828950587207,212.82910746049433,209.01222946947848,210.46266174316406,6795496,0.0,0.0,VEDL
2023-04-17,209.9282938092413,213.5543279750373,208.7832303884636,212.98179626464844,8147387,0.0,0.0,VEDL
2023-04-18,212.98177409723473,213.97415297340402,211.45502302843735,213.43980407714844,4609166,0.0,0.0,VEDL
2023-04-19,214.50852801319775,216.7986546467906,213.7451524686668,214.92837524414062,9731032,0.0,0.0,VEDL
2023-04-20,214.1649968570037,215.92077456394418,212.82908967180597,213.43980407714844,4378157,0.0,0.0,VEDL
2023-04-21,213.43983114079185,213.63067504859006,210.69167420922255,211.2642059326172,4599260,0.0,0.0,VEDL
2023-04-24,210.30998453110809,211.26420406164848,208.85957550396168,210.119140625,4484853,0.0,0.0,VEDL
2023-04-25,210.61531156173177,214.81387712612297,210.27180653883278,212.75277709960938,5696665,0.0,0.0,VEDL
2023-04-26,211.9130815845619,212.18026771690563,210.08098471422358,210.8443603515625,3570055,0.0,0.0,VEDL
2023-04-27,210.9969781791479,212.06569919271666,209.92825716557914,210.76797485351562,3689315,0.0,0.0,VEDL
2023-04-28,211.45504034907697,213.7451671398612,210.8825086513809,213.2489776611328,4837041,0.0,0.0,VEDL
2023-05-02,215.2719027128726,215.9207765824519,213.82149384323063,214.58486938476562,4879314,0.0,0.0,VEDL
2023-05-03,213.17264687811485,213.9360225159953,211.0733638739436,212.40927124023438,4587957,0.0,0.0,VEDL
2023-05-04,212.6382465565649,214.43218372815863,211.76036934810872,212.33290100097656,3969851,0.0,0.0,VEDL
2023-05-05,212.3329115412592,212.371094297836,209.20306702427388,209.69927978515625,5353349,0.0,0.0,VEDL
2023-05-08,211.14969697408293,213.74516937146146,209.73744744574657,213.05813598632812,4388448,0.0,0.0,VEDL
2023-05-09,214.12683290994116,219.8521492979075,213.59246072851548,216.60780334472656,11933072,0.0,0.0,VEDL
2023-05-10,218.32542669371227,219.47049012042757,216.72233323703588,218.24908447265625,5747802,0.0,0.0,VEDL
2023-05-11,219.08879118517495,219.08879118517495,214.50853771092045,214.85206604003906,5313663,0.0,0.0,VEDL
2023-05-12,215.4245946050835,215.4245946050835,209.2412478450968,210.00462341308594,9987592,0.0,0.0,VEDL
2023-05-15,207.6381398051962,211.9893895534862,204.9663255062323,211.56951904296875,9215600,0.0,0.0,VEDL
2023-05-16,212.21839636864274,215.34824068659142,211.53136305406187,213.63064575195312,5374740,0.0,0.0,VEDL
2023-05-17,213.47797852258634,216.03529140163317,210.3099744916959,213.3253173828125,8194381,0.0,0.0,VEDL
2023-05-18,215.2719149745506,216.95135058013574,212.21841263448604,212.6382598876953,7505208,0.0,0.0,VEDL
2023-05-19,214.508518078593,215.50089692197375,211.60770046227105,215.23373413085938,6918149,0.0,0.0,VEDL
2023-05-22,216.79862962805709,219.73762979461287,215.65356644340184,219.47044372558594,8718882,0.0,0.0,VEDL
2023-05-23,223.66904605344274,223.66904605344274,219.85216813444202,220.11935424804688,19814977,0.0,0.0,VEDL
2023-05-24,221.37889277180153,223.63085979268385,217.25666977256637,222.40945434570312,12159427,0.0,0.0,VEDL
2023-05-25,222.48583792396286,226.34087555843146,221.87512343872862,225.80650329589844,13711792,0.0,0.0,VEDL
2023-05-26,227.48595140461344,227.63863585833508,225.57751221497745,227.21876525878906,14274998,0.0,0.0,VEDL
2023-05-29,228.93633311864113,229.73789146014283,226.8752330184383,229.2798614501953,13277968,0.0,0.0,VEDL
2023-05-30,230.37804727597594,234.64882656999197,230.2153409917208,232.3303985595703,14960466,18.5,0.0,VEDL
2023-05-31,227.77492742342807,230.41874354530714,225.98525734918806,226.39199829101562,13042404,0.0,0.0,VEDL
2023-06-01,226.14795593134522,228.18166057101558,225.82256815409718,226.22930908203125,5137986,0.0,0.0,VEDL
2023-06-02,227.49017022442683,228.79174601127855,226.67668846083117,227.8562469482422,4851414,0.0,0.0,VEDL
2023-06-05,227.81559158741203,227.81559158741203,224.76503452370542,226.39199829101562,6297485,0.0,0.0,VEDL
2023-06-06,226.961426946538,227.6122024699502,225.37512747316532,225.65985107421875,3892263,0.0,0.0,VEDL
2023-06-07,226.10726668554707,226.88005946759444,225.09041447851638,226.51400756835938,4434944,0.0,0.0,VEDL
2023-06-08,227.6529141299173,228.3850428730484,225.41583891032374,225.78189086914062,5236354,0.0,0.0,VEDL
2023-06-09,226.88008453989738,226.88008453989738,224.6023452746351,225.131103515625,3951837,0.0,0.0,VEDL
2023-06-12,226.79868688082925,227.36813399814093,225.09039517987662,226.02589416503906,3615243,0.0,0.0,VEDL
2023-06-13,227.2054963300755,227.2054963300755,225.45651512095546,226.14797973632812,4423326,0.0,0.0,VEDL
2023-06-14,227.04278365357737,230.21535782457673,226.96143050550143,228.58839416503906,8520513,0.0,0.0,VEDL
2023-06-15,229.32053733109407,230.05266605902972,228.26302081579777,228.8324432373047,3650454,0.0,0.0,VEDL
2023-06-16,229.56460349009075,230.09336176316958,227.04280461983296,227.8155975341797,4363955,0.0,0.0,VEDL
2023-06-19,229.32052600706228,229.32052600706228,227.49019186485808,228.22232055664062,3070098,0.0,0.0,VEDL
2023-06-20,226.96141477832512,231.31354723110854,226.96141477832512,229.9306182861328,5600444,0.0,0.0,VEDL
2023-06-21,229.93063289568656,230.33737380822996,228.01894564163354,228.79176330566406,3186136,0.0,0.0,VEDL
2023-06-22,229.40187057045202,230.09333507450444,226.96142513885147,228.3036651611328,3205576,0.0,0.0,VEDL
2023-06-23,228.46637074488487,228.46637074488487,224.4396258650344,224.68368530273438,5178936,0.0,0.0,VEDL
2023-06-26,224.68372844163122,228.30370828701177,223.13809284925588,227.61224365234375,4184383,0.0,0.0,VEDL
2023-06-27,227.77493604462916,228.2223411673748,226.71741948604966,227.4088592529297,5026622,0.0,0.0,VEDL
2023-06-28,228.99512451869,229.03578867810492,226.96142003806222,227.73423767089844,6885093,0.0,0.0,VEDL
2023-06-30,227.73424820566242,228.0189469857249,225.6598546441662,226.10728454589844,5227979,0.0,0.0,VEDL
2023-07-03,227.20547241377537,228.0596432577346,225.98524962997314,226.22930908203125,3717787,0.0,0.0,VEDL
2023-07-04,227.69357829462004,227.69357829462004,225.33448575542087,225.78189086914062,3459962,0.0,0.0,VEDL
2023-07-05,226.7173832363318,226.7173832363318,225.33445427269174,225.70053100585938,2945805,0.0,0.0,VEDL
2023-07-06,226.96145095825196,228.1410096479114,225.13111667633055,227.77493286132812,9098372,0.0,0.0,VEDL
2023-07-07,228.1816563947899,230.25602515908975,226.96143363332044,228.22232055664062,8454807,0.0,0.0,VEDL
2023-07-10,230.21538182166532,230.94751057967352,227.40885928621972,229.6052703857422,8227148,0.0,0.0,VEDL
2023-07-11,224.68371016719263,227.61222513971717,223.70752195935285,225.78189086914062,13640445,0.0,0.0,VEDL
2023-07-12,225.78186706851668,226.22929696056832,224.5616443500945,225.86322021484375,5782947,0.0,0.0,VEDL
2023-07-13,226.55469064690243,228.91378299913197,225.74120881334085,226.18861389160156,5632082,0.0,0.0,VEDL
2023-07-14,227.4495417268079,232.98120865633584,226.75807715424259,231.72032165527344,10425854,0.0,0.0,VEDL
2023-07-17,231.84234432406924,232.45245575650102,229.72728639320627,230.90684509277344,4852437,0.0,0.0,VEDL
2023-07-18,231.35422424299242,231.76096515228934,227.9376155001952,228.9544677734375,3886657,0.0,0.0,VEDL
2023-07-19,231.02884898322617,232.08636547442973,229.4425494209245,230.74412536621094,5190259,0.0,0.0,VEDL
2023-07-20,231.02883251343928,231.19153880456207,228.9544638418439,229.5645751953125,3435623,0.0,0.0,VEDL
2023-07-21,229.40187521057953,229.40187521057953,225.98524160703238,226.351318359375,7273251,0.0,0.0,VEDL
2023-07-24,221.67378940372947,223.54478760427884,219.88411952238238,220.69760131835938,16254554,0.0,0.0,VEDL
2023-07-25,223.62613399138968,225.94456200496415,221.34839496168104,225.2530975341797,7486014,0.0,0.0,VEDL
2023-07-26,225.49719826527533,227.61223139791872,224.35830371631587,226.92079162597656,4427527,0.0,0.0,VEDL
2023-07-27,227.3681384034687,228.30363740675674,225.13106369645783,225.45645141601562,4048684,0.0,0.0,VEDL
2023-07-28,226.02594368715708,227.2461664983253,224.6837035599714,226.79873657226562,3466932,0.0,0.0,VEDL
2023-07-31,228.18164900074834,229.27985441558354,224.27694622077306,224.52098083496094,9590319,0.0,0.0,VEDL
2023-08-01,226.9614142192079,226.9614142192079,224.19558116156358,225.2530975341797,5615483,0.0,0.0,VEDL
2023-08-02,225.53784632518003,225.65986363942713,219.92482644034695,221.3890838623047,10728356,0.0,0.0,VEDL
2023-08-03,212.2373972184365,212.31875036375138,201.41809917990673,206.66505432128906,226675327,0.0,0.0,VEDL
2023-08-04,207.03110927658395,207.11246241821564,199.62842024697872,200.97067260742188,31876311,0.0,0.0,VEDL
2023-08-07,201.7434877930648,202.15022869587338,192.79518793127562,193.5679931640625,34406950,0.0,0.0,VEDL
2023-08-08,193.60866600046262,198.3268628645359,192.9578780859789,195.27630615234375,24176083,0.0,0.0,VEDL
2023-08-09,197.5947313685938,198.89630726055125,195.43900948608362,198.53024291992188,10427414,0.0,0.0,VEDL
2023-08-10,199.22168439712576,199.22168439712576,196.69989830854325,198.36753845214844,8194222,0.0,0.0,VEDL
2023-08-11,198.36755754370333,198.40822170671345,193.4459897829066,193.77137756347656,12825769,0.0,0.0,VEDL
2023-08-14,193.77138838346085,194.340823237629,189.17522055933722,190.35476684570312,8996918,0.0,0.0,VEDL
2023-08-16,190.35476871675974,192.7138613126798,188.7684814600032,192.3884735107422,7462518,0.0,0.0,VEDL
2023-08-17,192.71385941843496,193.0799362079527,189.94802589090463,190.35476684570312,6139153,0.0,0.0,VEDL
2023-08-18,190.35476229180924,191.98172607208113,189.2565567750263,189.8260040283203,5574667,0.0,0.0,VEDL
2023-08-21,190.31408039621047,191.12756226361273,190.07003335344015,190.6394805908203,3857957,0.0,0.0,VEDL
2023-08-22,190.63946993027002,192.7138386459486,190.63946993027002,191.16822814941406,4862624,0.0,0.0,VEDL
2023-08-23,191.9817245868074,194.4221702383346,191.57498364488617,193.6086883544922,5524962,0.0,0.0,VEDL
2023-08-24,194.13745265731586,195.88644620967162,192.95790637157523,193.2426300048828,5052952,0.0,0.0,VEDL
2023-08-25,194.2594587948318,194.2594587948318,188.72778000188234,189.78530883789062,6099075,0.0,0.0,VEDL
2023-08-28,192.99857227506178,195.3983412918227,192.02239652060373,193.77137756347656,8338095,0.0,0.0,VEDL
2023-08-29,194.4221294419172,195.07291729498326,192.2257312989719,192.795166015625,4115948,0.0,0.0,VEDL
2023-08-30,194.21880782532642,194.58487220569347,192.18510303134394,192.3884735107422,3960361,0.0,0.0,VEDL
2023-08-31,192.8358709818736,193.0799180143063,188.4023974748795,188.97183227539062,11631767,0.0,0.0,VEDL
2023-09-01,188.97183164923933,192.63249988535688,188.97183164923933,192.10372924804688,6220159,0.0,0.0,VEDL
2023-09-04,193.60869545180125,198.89632789061096,192.10374894642507,196.6185760498047,14056203,0.0,0.0,VEDL
2023-09-05,197.67608763121515,198.44889289866416,194.2594663769289,196.37451171875,5648932,0.0,0.0,VEDL
2023-09-06,199.3437273712998,200.5639501312799,195.398335482265,196.33384704589844,10891500,0.0,0.0,VEDL
2023-09-07,196.33385903198462,196.82194071812512,193.24262536876714,194.50352478027344,6429626,0.0,0.0,VEDL
2023-09-08,194.4628481526862,195.19497688808093,192.55116074740766,193.4053192138672,6836165,0.0,0.0,VEDL
2023-09-11,193.60869037650662,194.25947837292694,192.38846753799922,193.8527374267578,7148576,0.0,0.0,VEDL
2023-09-12,194.91025486232613,194.91025486232613,187.1415007665941,188.56509399414062,10667079,0.0,0.0,VEDL
2023-09-13,188.5650861223612,190.59879064824358,187.91429819152938,189.78530883789062,6192848,0.0,0.0,VEDL
2023-09-14,191.12755687410834,193.5680024074983,190.35475160441774,192.1444091796875,8069630,0.0,0.0,VEDL
2023-09-15,192.14441589058188,195.68306700268852,191.53430448592547,192.22576904296875,20035443,0.0,0.0,VEDL
2023-09-18,193.52734323027278,194.09679050278706,192.02240913037514,192.3884735107422,4974748,0.0,0.0,VEDL
2023-09-20,191.16823341339042,191.94103868293752,188.1176764972193,188.56509399414062,8778511,0.0,0.0,VEDL
2023-09-21,188.56508770541268,188.56508770541268,182.7486852649106,184.25363159179688,11856688,0.0,0.0,VEDL
2023-09-22,185.8805911460242,186.08396159585573,181.04037692258308,183.07408142089844,7322963,0.0,0.0,VEDL
2023-09-25,183.39947180443767,184.25363018852335,182.0572317814083,182.66734313964844,4962618,0.0,0.0,VEDL
2023-09-26,183.03342206137523,184.8230797056479,181.93521656390763,182.21994018554688,4392920,0.0,0.0,VEDL
2023-09-27,176.93231153716312,179.33208063638182,169.2855867162886,170.01771545410156,35505658,0.0,0.0,VEDL
2023-09-28,170.01771088729765,173.39365568383607,169.2042290170235,169.48895263671875,17396618,0.0,0.0,VEDL
2023-09-29,170.83117581395234,182.83003221040852,170.83117581395234,181.04037475585938,27711678,0.0,0.0,VEDL
2023-10-03,187.10084131970308,190.15139851513302,183.11478488277422,187.71095275878906,46754460,0.0,0.0,VEDL
2023-10-04,187.30418200457328,188.93114558333178,179.73879888079682,181.73182678222656,15548752,0.0,0.0,VEDL
2023-10-05,183.11477051724194,183.5215114447234,179.00668466712983,180.5929718017578,10155103,0.0,0.0,VEDL
2023-10-06,181.12173797370227,182.30129664524972,179.65748050084773,181.16241455078125,5523734,0.0,0.0,VEDL
2023-10-09,178.92531343780723,179.94216565376743,176.81026827625809,178.11183166503906,5142409,0.0,0.0,VEDL
2023-10-10,178.31521219622053,182.21992740896206,177.86779471333654,180.71498107910156,5621177,0.0,0.0,VEDL
2023-10-11,180.91835310469926,187.06014337244204,180.71498264823592,185.1891326904297,12216514,0.0,0.0,VEDL
2023-10-12,183.846888640452,185.18912865879,183.2367772843443,184.00958251953125,7239091,0.0,0.0,VEDL
2023-10-13,183.0334068323084,186.61272182304128,182.87071295322914,184.00958251953125,7221397,0.0,0.0,VEDL
2023-10-16,184.49769850836057,189.29723678202774,182.4639937461713,186.97882080078125,10185425,0.0,0.0,VEDL
2023-10-17,187.30419718562763,188.36172608008306,186.28734486648742,187.06015014648438,5064750,0.0,0.0,VEDL
2023-10-18,187.1821501164974,189.13450129378646,185.71788052715758,187.50753784179688,5784720,0.0,0.0,VEDL
2023-10-19,186.28734077354102,187.8736278739976,184.2536361799434,184.7823944091797,4657398,0.0,0.0,VEDL
2023-10-20,184.41629893905625,186.8974206070306,180.83698442354108,181.2030487060547,5244069,0.0,0.0,VEDL
2023-10-23,181.2030618226806,183.19608964974103,174.49183731072947,174.9392547607422,7384814,0.0,0.0,VEDL
2023-10-25,174.89859943603008,178.88465557435666,174.32916461809032,176.3628692626953,6955789,0.0,0.0,VEDL
2023-10-26,175.34600673948202,175.50870061903595,171.80735589863426,172.66151428222656,7706350,0.0,0.0,VEDL
2023-10-27,173.96310551210362,176.76961552376562,173.47501141757613,175.5493927001953,4623399,0.0,0.0,VEDL
2023-10-30,175.50869024883352,176.52554245189745,174.45116147509773,176.078125,2745365,0.0,0.0,VEDL
2023-10-31,177.25768121642656,177.5017282416766,174.4511714579193,176.20016479492188,3233237,0.0,0.0,VEDL
2023-11-01,176.52555354454,184.57901853377717,175.95611875759096,182.0165557861328,11714180,0.0,0.0,VEDL
2023-11-02,182.34196842887198,187.42623045747928,182.34196842887198,186.4093780517578,7719938,0.0,0.0,VEDL
2023-11-03,188.07699134129587,191.6969829007711,188.07699134129587,189.337890625,9794909,0.0,0.0,VEDL
2023-11-06,189.33792649492597,192.3478072692234,187.42623892074738,189.62265014648438,7768055,0.0,0.0,VEDL
2023-11-07,189.62263339308026,194.34081842162138,189.62263339308026,193.4053192138672,8362338,0.0,0.0,VEDL
2023-11-08,194.34082971738556,195.07297090808342,192.06309022476808,192.917236328125,5322427,0.0,0.0,VEDL
2023-11-09,192.7951870846286,193.85271590983635,190.55811212900528,191.33091735839844,3824543,0.0,0.0,VEDL
2023-11-10,190.35472400910265,200.11650472751816,190.27337087135075,199.5063934326172,17676902,0.0,0.0,VEDL
2023-11-13,198.89629569950623,199.05898957335725,196.37449721020104,196.82191467285156,4210127,0.0,0.0,VEDL
2023-11-15,197.67607835022562,199.9131533109792,193.24260500146343,195.31698608398438,6420011,0.0,0.0,VEDL
2023-11-16,196.04910256532318,196.61853731014205,190.63945387042426,194.2594451904297,6844037,0.0,0.0,VEDL
2023-11-17,193.60866525924777,198.44887940817958,193.60866525924777,194.82888793945312,9273728,0.0,0.0,VEDL
2023-11-20,194.58485951219924,196.3338529685802,193.649360333093,194.8695831298828,4219360,0.0,0.0,VEDL
2023-11-21,196.4965428617308,197.3100247097092,194.869579165774,195.4796905517578,4018369,0.0,0.0,VEDL
2023-11-22,195.23565289732343,195.35767021528486,190.31408499798704,192.26644897460938,5432510,0.0,0.0,VEDL
2023-11-23,192.42912465608924,193.07991258669972,189.7446322002881,190.4767608642578,3977608,0.0,0.0,VEDL
2023-11-24,190.96485349492318,191.5749648479421,187.99564987532997,188.89047241210938,3866099,0.0,0.0,VEDL
2023-11-28,191.1682240526694,191.1682240526694,188.6464254936842,190.6801300048828,7469037,0.0,0.0,VEDL
2023-11-29,191.49360509580634,192.55113388710328,188.44304843595762,189.90731811523438,7774049,0.0,0.0,VEDL
2023-11-30,190.27340913769623,191.08689102783217,187.71094614886746,189.8260040283203,19036194,0.0,0.0,VEDL
2023-12-01,191.0055343992332,196.86260103849,189.98868212114184,194.74754333496094,9817732,0.0,0.0,VEDL
2023-12-04,198.89630772619563,198.89630772619563,194.8288985702407,196.78125,12552937,0.0,0.0,VEDL
2023-12-05,197.02530964593436,200.76733127408505,194.42217010201358,197.18800354003906,10005319,0.0,0.0,VEDL
2023-12-06,198.48956129375205,205.16010964156638,195.88642198884247,202.92303466796875,17430210,0.0,0.0,VEDL
2023-12-07,204.14327150961915,204.38731855163346,199.6691212527675,202.43496704101562,6937185,0.0,0.0,VEDL
2023-12-08,203.16709840167303,206.6243963724723,196.4558729289451,199.14036560058594,13224817,0.0,0.0,VEDL
2023-12-11,201.05203592170193,203.16709371425688,198.7336200777166,202.19091796875,5346227,0.0,0.0,VEDL
2023-12-12,202.55696610600023,204.4686532813364,199.8317971390737,200.64527893066406,5675356,0.0,0.0,VEDL
2023-12-13,201.09270612319048,208.08865483428212,198.2048431408417,206.0956268310547,15557190,0.0,0.0,VEDL
2023-12-14,208.0886640605164,209.8783216853613,202.39429099153372,207.1531524658203,18271383,0.0,0.0,VEDL
2023-12-15,210.3257350243747,211.38327638821286,207.96664248273171,209.22755432128906,17235864,0.0,0.0,VEDL
2023-12-18,211.50525986296006,214.35244605342297,208.9834614148799,212.07470703125,12388584,0.0,0.0,VEDL
2023-12-19,216.58953715745008,216.71155446680592,210.89516434955468,213.21359252929688,17762921,0.0,0.0,VEDL
2023-12-20,214.6778493220503,214.7592024699031,204.02124482895746,204.5500030517578,15309407,0.0,0.0,VEDL
2023-12-21,204.18394540483305,208.98348337952874,202.6383348469475,208.21067810058594,10812029,0.0,0.0,VEDL
2023-12-22,211.0985399380226,212.60348632464525,209.6342825391711,211.30191040039062,9677532,0.0,0.0,VEDL
2023-12-26,213.13223346447612,213.86436212578187,211.13919310684327,212.88819885253906,12322864,0.0,0.0,VEDL
2023-12-27,213.90719956521428,216.03013728601786,212.97311474249085,214.331787109375,10673963,11.0,0.0,VEDL
2023-12-28,214.8412960853369,220.23356304750723,214.8412960853369,218.7050323486328,15441735,0.0,0.0,VEDL
2023-12-29,217.38882831143772,220.36094119850816,215.77540078426733,219.55421447753906,9136816,0.0,0.0,VEDL
2024-01-01,219.55421166072372,221.04026808519328,217.38882552240364,218.36537170410156,6352734,0.0,0.0,VEDL
2024-01-02,218.66256474272137,220.2759920763167,214.92619988735208,219.2145233154297,5803881,0.0,0.0,VEDL
2024-01-03,219.51174238489213,226.9420238002415,217.2614337677679,224.01235961914062,22285124,0.0,0.0,VEDL
2024-01-04,229.2772791781134,229.82923781540345,225.328620108555,226.00794982910156,10745140,0.0,0.0,VEDL
2024-01-05,226.00794650847334,230.33874467893867,223.4179728328291,225.75320434570312,12327980,0.0,0.0,VEDL
2024-01-08,225.75320512119805,227.23926154358634,218.91733002935146,219.4693145751953,7890414,0.0,0.0,VEDL
2024-01-09,222.3989610575021,224.52189887957596,217.09161650231752,221.1251983642578,10284498,0.0,0.0,VEDL
2024-01-10,217.09159591177144,227.74875831664033,213.9496508245839,226.77218627929688,19849401,0.0,0.0,VEDL
2024-01-11,228.08840650309918,234.37229621876546,226.34758223232606,233.18345642089844,24108269,0.0,0.0,VEDL
2024-01-12,233.18346655836817,233.523131384702,229.44710163916596,231.44264221191406,10048702,0.0,0.0,VEDL
2024-01-15,232.67395835569053,233.52313338618575,229.0225160904672,231.8247833251953,9881531,0.0,0.0,VEDL
2024-01-16,235.2214991301597,236.113122605721,228.72531489670257,231.99464416503906,12507371,0.0,0.0,VEDL
2024-01-17,229.6594077863446,231.357757924414,223.8425533805035,224.90402221679688,10649774,0.0,0.0,VEDL
2024-01-18,225.45597883354066,228.34316885975517,219.0871658721412,227.19677734375,9930238,0.0,0.0,VEDL
2024-01-19,227.70627730317634,229.02251413808239,225.79563350085007,226.2626953125,4537034,0.0,0.0,VEDL
2024-01-23,226.60237563876606,226.7297467180138,212.84572895513713,214.11949157714844,8740319,0.0,0.0,VEDL
2024-01-24,216.3698035896589,223.58777849916987,214.9262086077567,222.95089721679688,6563186,0.0,0.0,VEDL
2024-01-25,224.47944113453516,226.55990456460947,221.33748292289022,223.84255981445312,5195068,0.0,0.0,VEDL
2024-01-29,223.96993924403466,228.5554797365987,221.2101200874731,227.40908813476562,11648515,0.0,0.0,VEDL
2024-01-30,227.70630782653222,230.38120432539796,225.2437051119379,226.09288024902344,6620878,0.0,0.0,VEDL
2024-01-31,226.5599004917871,235.1365739643308,225.66827702560767,232.54660034179688,9537630,0.0,0.0,VEDL
2024-02-01,233.9052867074072,234.79691017761797,225.07384512261999,228.00350952148438,7974578,0.0,0.0,VEDL
2024-02-02,229.44710163916596,235.05163606058673,228.21578748959513,231.44264221191406,9665486,0.0,0.0,VEDL
2024-02-05,231.69742350576928,237.64164900791224,230.59348036365418,232.3343048095703,10619393,0.0,0.0,VEDL
2024-02-06,232.41922583445816,241.59030617757736,229.1498966487503,240.31654357910156,11559491,0.0,0.0,VEDL
2024-02-07,242.0148899410469,242.73669391856114,235.73099973605716,239.72210693359375,7603119,0.0,0.0,VEDL
2024-02-08,241.16572523335924,242.43948786663404,234.88183475882371,236.58018493652344,6966850,0.0,0.0,VEDL
2024-02-09,236.91986591398503,238.151180242528,227.9186041765931,232.97120666503906,4627489,0.0,0.0,VEDL
2024-02-12,235.17902376894403,238.660620494986,225.07382065946112,227.70626831054688,6191878,0.0,0.0,VEDL
2024-02-13,227.1967746751808,230.1264389689203,221.37994630390463,228.85267639160156,4469509,0.0,0.0,VEDL
2024-02-14,228.42809249800106,239.97687856561163,224.64925309262944,237.4718017578125,11916664,0.0,0.0,VEDL
2024-02-15,239.9344036943423,241.1657179016481,226.72974183007057,227.53646850585938,108103036,0.0,0.0,VEDL
2024-02-16,228.64036456611618,230.97559577338384,225.11629356355596,226.55987548828125,16394886,0.0,0.0,VEDL
2024-02-19,228.34317895332788,231.9946474281311,226.81467414093322,229.40464782714844,10944899,0.0,0.0,VEDL
2024-02-20,230.04152915144078,231.14547232907464,227.66384923998967,229.40464782714844,9025475,0.0,0.0,VEDL
2024-02-21,231.82479265001083,234.71198268687456,228.0035048590766,229.2772674560547,12329064,0.0,0.0,VEDL
2024-02-22,230.8906749453941,231.78232423509394,226.81464535316783,230.55101013183594,6661898,0.0,0.0,VEDL
2024-02-23,230.97562835674873,231.1454737435063,227.57892793973772,227.8761444091797,5955886,0.0,0.0,VEDL
2024-02-26,228.38564092407492,228.38564092407492,224.22466243158158,225.24368286132812,4923166,0.0,0.0,VEDL
2024-02-27,226.47501114359073,227.57892841552015,222.99338802592214,224.09730529785156,5033046,0.0,0.0,VEDL
2024-02-28,228.00349951127777,231.23035431536346,222.101722584465,223.29058837890625,17579831,0.0,0.0,VEDL
2024-02-29,223.41796733728384,229.1923474793568,221.46484911660718,227.62136840820312,9404521,0.0,0.0,VEDL
2024-03-01,225.11631352256111,231.73986862270118,223.84255093293677,230.80577087402344,12244554,0.0,0.0,VEDL
2024-03-04,231.86723199357357,236.91983379708788,231.6124898500205,234.66952514648438,10443351,0.0,0.0,VEDL
2024-03-05,235.64609806556803,244.90210177960427,233.18349537684549,242.60934448242188,19847512,0.0,0.0,VEDL
2024-03-06,243.2886356628111,245.62386689517663,233.52312323655516,239.8494873046875,13944430,0.0,0.0,VEDL
2024-03-07,240.9109824734776,244.05291474554795,238.66064776180824,240.18917846679688,9134995,0.0,0.0,VEDL
2024-03-11,240.18915556074023,240.18915556074023,232.673951576856,233.82034301757812,6214148,0.0,0.0,VEDL
2024-03-12,234.37233682465882,235.05166656548957,227.15434819056608,229.5320281982422,7220451,0.0,0.0,VEDL
2024-03-13,228.00350746202656,229.70185761071951,211.86918104944368,213.90719604492188,15451474,0.0,0.0,VEDL
2024-03-14,213.8222835678749,222.05927909185127,213.6524511466618,220.9128875732422,10335603,0.0,0.0,VEDL
2024-03-15,220.9128907584391,225.88057013419328,216.6670153799768,225.11631774902344,17681404,0.0,0.0,VEDL
2024-03-18,225.0314005683104,231.78235295126666,222.6961690529789,230.1688995361328,7234156,0.0,0.0,VEDL
2024-03-19,229.27725183165558,233.31083311387914,225.5408869847593,226.43251037597656,5908875,0.0,0.0,VEDL
2024-03-20,227.5789089495237,229.19233633001875,222.31401337657633,227.2816925048828,4421057,0.0,0.0,VEDL
2024-03-21,230.12644424106833,232.84381483417576,229.4046402477648,232.16445922851562,5477627,0.0,0.0,VEDL
2024-03-22,231.82479218272724,233.01363208789053,229.19234430465875,230.21136474609375,9338889,0.0,0.0,VEDL
2024-03-26,230.80577850812574,231.6549535959625,227.02696491611238,228.04595947265625,10405333,0.0,0.0,VEDL
2024-03-27,229.19234781552785,232.88626457885687,227.36662658519208,230.63595581054688,5949040,0.0,0.0,VEDL
2024-03-28,230.97562222326826,233.52314746837783,229.91415337113926,230.67840576171875,6625066,0.0,0.0,VEDL
2024-04-01,232.24936714504076,244.77469864555027,232.1219960754462,244.1378173828125,17331916,0.0,0.0,VEDL
2024-04-02,243.67080345226225,256.40842985510363,242.73670566643375,255.8564453125,27928247,0.0,0.0,VEDL
2024-04-03,255.77151542387773,261.5458949463992,252.88429974785313,253.7334747314453,19966252,0.0,0.0,VEDL
2024-04-04,259.8899792387223,265.3671679511388,256.19608899265245,263.2017822265625,24723528,0.0,0.0,VEDL
2024-04-05,264.1358872842929,273.7740292244547,259.80511528819676,270.8443908691406,22256365,0.0,0.0,VEDL
2024-04-08,275.04780980367934,276.27912406501895,269.2734294875576,274.5382995605469,16694867,0.0,0.0,VEDL
2024-04-09,275.21765068137586,288.2949418288011,272.2455378790171,287.02117919921875,32086038,0.0,0.0,VEDL
2024-04-10,294.6637266434661,313.8975353177884,293.55980950321486,307.23150634765625,75804480,0.0,0.0,VEDL
2024-04-12,310.4159133204309,318.35570481570016,306.38233203877286,316.6998291015625,39995547,0.0,0.0,VEDL
2024-04-15,317.5914992873604,326.0408022145224,305.9153412253251,314.6618347167969,44715399,0.0,0.0,VEDL
2024-04-16,314.2796968085654,323.9602873687409,309.14217211532576,321.15802001953125,28859435,0.0,0.0,VEDL
2024-04-18,326.97484617791065,335.2118546180283,325.27649605951655,329.9045104980469,35907412,0.0,0.0,VEDL
2024-04-19,329.6497796911359,336.91021633123296,324.5547291606069,327.7391357421875,33307212,0.0,0.0,VEDL
2024-04-22,333.0040025279815,333.85317760820834,317.08196977372927,323.53570556640625,19626373,0.0,0.0,VEDL
2024-04-23,325.4038740427752,325.4038740427752,315.1288512437207,320.1814270019531,14434838,0.0,0.0,VEDL
2024-04-24,319.28984591190215,328.29110738918064,319.28984591190215,325.6162109375,11074253,0.0,0.0,VEDL
2024-04-25,322.68653204493967,329.22519056017813,320.2239294833396,323.5781555175781,10150138,0.0,0.0,VEDL
2024-04-26,328.54585215284743,342.1751285190762,327.7815997198739,336.7403869628906,24602811,0.0,0.0,VEDL
2024-04-29,340.64658979732155,346.63328986471873,337.20744097172894,345.01983642578125,11228541,0.0,0.0,VEDL
2024-04-30,347.3975814038356,348.1193855107392,336.27338104001234,337.8443603515625,11863519,0.0,0.0,VEDL
2024-05-02,339.6700446486742,351.473573517262,337.37726148138853,348.84112548828125,12788526,0.0,0.0,VEDL
2024-05-03,352.40766661191884,356.65354211326724,343.4064053661067,352.9596252441406,14324148,0.0,0.0,VEDL
2024-05-06,354.95517774389083,355.5496106562585,343.44886596044404,348.58636474609375,8108475,0.0,0.0,VEDL
2024-05-07,348.58635349466346,349.4355285336273,332.8766152738321,336.2733154296875,8797213,0.0,0.0,VEDL
2024-05-08,333.72578397987354,348.1193109830795,333.59841290939914,343.78851318359375,8831897,0.0,0.0,VEDL
2024-05-09,345.44445702095743,346.8031425082846,333.7258497616474,335.1269836425781,6134997,0.0,0.0,VEDL
2024-05-10,337.12248679540767,349.73274116957435,335.63643049341283,348.7561950683594,11076423,0.0,0.0,VEDL
2024-05-13,350.3271286396216,352.83220520372447,338.05656569222526,351.60089111328125,10884162,0.0,0.0,VEDL
2024-05-14,357.5027071784147,372.36327101599727,352.45010510772994,367.3106689453125,22195946,0.0,0.0,VEDL
2024-05-15,371.9386789237467,381.2796046501422,369.17885995912985,371.4291687011719,20115791,0.0,0.0,VEDL
2024-05-16,377.8829126363566,379.6237111938308,362.6402095023091,367.7352600097656,16155897,0.0,0.0,VEDL
2024-05-17,370.2403202260224,377.88289564353204,367.3531302512497,375.8873291015625,13366917,0.0,0.0,VEDL
2024-05-21,399.9614636297136,419.40756782493526,393.16806297358255,417.5393981933594,34592201,0.0,0.0,VEDL
2024-05-22,422.8892050239829,430.3194872407698,404.88668231568937,413.54827880859375,33932802,0.0,0.0,VEDL
2024-05-23,407.6040583535848,407.68898104869544,392.14906077510415,401.40509033203125,25849836,0.0,0.0,VEDL
2024-05-24,403.3177551363961,408.6211412117519,399.57931701052485,400.6225891113281,12873214,11.0,0.0,VEDL
2024-05-27,401.57890787082334,407.31699680352114,397.1884151029974,399.6662292480469,11775106,0.0,0.0,VEDL
2024-05-28,402.44832690242924,410.2729866342931,394.1020178820041,395.53656005859375,17930755,0.0,0.0,VEDL
2024-05-29,394.5366739278796,401.9266294558575,392.2327519226522,394.92791748046875,11526945,0.0,0.0,VEDL
2024-05-30,394.71061428812556,398.18824084573015,380.1045933590601,383.23443603515625,13122990,0.0,0.0,VEDL
2024-05-31,388.45088975062384,396.31903603763834,382.53893500434026,391.2330017089844,35126841,0.0,0.0,VEDL
2024-06-03,410.3599607780639,410.5338527302514,393.31958421897815,398.057861328125,14471274,0.0,0.0,VEDL
2024-06-04,398.1882585071445,398.1882585071445,318.46365552504477,363.2815856933594,30797125,0.0,0.0,VEDL
2024-06-05,364.28138702007874,387.75536661325805,349.19717630839494,383.14752197265625,16642007,0.0,0.0,VEDL
2024-06-06,392.1024097762612,398.1882564911921,388.01618779764743,391.14605712890625,13579110,0.0,0.0,VEDL
2024-06-07,395.05836556962396,402.4918081416423,392.84138928607626,400.4921569824219,11283521,0.0,0.0,VEDL
2024-06-10,396.01471526536517,396.01471526536517,383.62567093488997,386.1034851074219,13920775,0.0,0.0,VEDL
2024-06-11,386.01654599471834,396.2755336762986,384.53854410213484,385.7991943359375,10546091,0.0,0.0,VEDL
2024-06-12,388.84213727393984,394.4063347144075,384.799401522079,386.2339172363281,11163309,0.0,0.0,VEDL
2024-06-13,390.3636034224653,391.18955039002,381.66953653109636,382.36505126953125,11641274,0.0,0.0,VEDL
2024-06-14,383.49531016756174,392.8848921470697,382.5389574674556,389.1464538574219,9634670,0.0,0.0,VEDL
2024-06-18,391.1894902830915,395.40609085176834,389.1463795711099,393.2325744628906,8601634,0.0,0.0,VEDL
2024-06-19,393.4499523842661,396.10165847514065,387.79880939568716,389.8854064941406,6416994,0.0,0.0,VEDL
2024-06-20,391.2329938941468,416.4457868339918,390.4939929325763,408.5776672363281,28530186,0.0,0.0,VEDL
2024-06-21,411.0119870483463,412.62039463091116,403.4046789855795,408.8384704589844,17801714,0.0,0.0,VEDL
2024-06-24,399.97054158107466,409.92525890543885,397.49275371269795,402.839599609375,7716484,0.0,0.0,VEDL
2024-06-25,404.44799498744385,407.3604861169289,392.10240961507054,394.75408935546875,8309097,0.0,0.0,VEDL
2024-06-26,379.62640820584346,388.4943666438069,370.4106924145096,384.36468505859375,162210828,0.0,0.0,VEDL
2024-06-27,384.27771051931927,387.8422828237858,376.9312142641648,385.4079284667969,20922873,0.0,0.0,VEDL
2024-06-28,386.53821484685056,398.7533680757278,385.8861598375044,394.71063232421875,15248617,0.0,0.0,VEDL
2024-07-01,397.3188254079511,407.62129916314996,396.6667704428396,404.2740783691406,15408362,0.0,0.0,VEDL
2024-07-02,406.01292729524545,411.31631345072134,395.5800469364811,398.057861328125,11050920,0.0,0.0,VEDL
2024-07-03,400.05747400999275,404.49145333471483,398.4056066429512,403.3177490234375,7347763,0.0,0.0,VEDL
2024-07-04,406.9692469384501,411.6205776940032,402.926511433973,407.8386535644531,12818706,0.0,0.0,VEDL
2024-07-05,408.96891996153073,416.9674724801569,406.01294238975595,411.9683837890625,12860621,0.0,0.0,VEDL
2024-07-08,413.75062107890466,415.1416770308903,404.1002019189746,404.8392028808594,8576939,0.0,0.0,VEDL
2024-07-09,406.3606645244281,406.8823138229459,402.1875232006567,404.8392028808594,5474279,0.0,0.0,VEDL
2024-07-10,405.14348486810616,405.9694317698742,387.0163515369911,397.0580139160156,11556309,0.0,0.0,VEDL
2024-07-11,397.31883915416756,398.1882458043955,383.97344176673164,389.2333679199219,13978497,0.0,0.0,VEDL
2024-07-12,392.8848466151118,395.05836316701243,386.9728922068161,390.97216796875,11038603,0.0,0.0,VEDL
2024-07-15,393.0587090496736,402.10053192047593,387.97267539354027,399.4488525390625,10391508,0.0,0.0,VEDL
2024-07-16,405.92597076697757,406.4910797986164,394.36287261614154,396.0147399902344,23302200,0.0,0.0,VEDL
2024-07-18,399.0142010604126,400.36177078350875,389.49418742890754,392.4501647949219,16469541,0.0,0.0,VEDL
2024-07-19,393.8412301790129,394.927988540434,380.80012984195946,382.36505126953125,14552716,0.0,0.0,VEDL
2024-07-22,384.27771519737985,392.1023745566025,379.93068222003393,390.1462097167969,17818304,0.0,0.0,VEDL
2024-07-23,390.71131629024126,390.71131629024126,356.9348649579235,378.1484069824219,33154992,0.0,0.0,VEDL
2024-07-24,379.75680671202593,383.4083251837931,374.58385316457134,376.1922607421875,36773405,0.0,0.0,VEDL
2024-07-25,372.8450463203204,377.62678288456516,368.62841877086754,374.6273193359375,18871603,0.0,0.0,VEDL
2024-07-26,381.6694966199293,389.6245616872337,377.84411289418455,386.45123291015625,28749214,0.0,0.0,VEDL
2024-07-29,388.6247454149541,396.0147014239633,380.8000861112973,390.3200988769531,45433689,0.0,0.0,VEDL
2024-07-30,388.4508916414819,389.6245959587593,382.7128288142345,388.7986755371094,16607270,0.0,0.0,VEDL
2024-07-31,393.8412358796537,395.0583999556258,387.3206856167455,391.88507080078125,14227543,0.0,0.0,VEDL
2024-08-01,398.1882672342759,401.88324569660267,385.6253298494901,389.5811462402344,19749880,0.0,0.0,VEDL
2024-08-02,385.9844195889953,387.69504306609167,379.22968153772456,380.8964538574219,13093052,4.0,0.0,VEDL
2024-08-05,371.94864273763613,375.8523597201153,354.62320477992785,362.5183410644531,20763297,0.0,0.0,VEDL
2024-08-06,366.29047323367814,370.1503392903999,360.80773937033626,363.08856201171875,17994697,0.0,0.0,VEDL
2024-08-07,373.26447234237634,381.11575691092,367.12381122276025,379.22967529296875,15297435,0.0,0.0,VEDL
2024-08-08,377.2559261494147,378.52793106423604,369.36078969616295,370.45733642578125,9305734,0.0,0.0,VEDL
2024-08-09,377.29982437649284,379.18587949865633,371.55390314152,376.2032775878906,8363641,0.0,0.0,VEDL
2024-08-12,373.8346572711575,382.47544973523304,372.60653044734,379.0542297363281,8178539,0.0,0.0,VEDL
2024-08-13,380.0192205318936,380.7209996845999,369.5362237722067,370.5011901855469,8522806,0.0,0.0,VEDL
2024-08-14,372.82587136688676,375.89620207226113,355.4565826563755,368.6151428222656,18914429,0.0,0.0,VEDL
2024-08-16,373.7030989870625,377.9577053508887,369.79938219763096,376.378662109375,9815524,0.0,0.0,VEDL
2024-08-19,377.65069266458744,389.84428691090767,376.55414593791903,388.3968505859375,10922980,0.0,0.0,VEDL
2024-08-20,389.93199926454446,392.87074972009515,386.1160114653165,391.81805419921875,8887888,0.0,0.0,VEDL
2024-08-21,394.4059215686312,402.5642182907588,392.6952980118175,399.4061584472656,13609457,0.0,0.0,VEDL
2024-08-22,403.5291974637106,404.9327826352078,398.8798500274842,403.1344299316406,8864437,0.0,0.0,VEDL
2024-08-23,403.48532990889095,403.70463924642786,393.30937129294597,394.1427307128906,6908675,0.0,0.0,VEDL
2024-08-26,397.3885240200882,408.74875853883935,396.5112866602205,406.2486267089844,11143399,0.0,0.0,VEDL
2024-08-27,406.1609006599862,410.98570617538564,404.27484567638027,406.9504089355469,10906758,0.0,0.0,VEDL
2024-08-28,410.459350750718,411.6436265275651,406.68724085381456,408.8364562988281,9277650,0.0,0.0,VEDL
2024-08-29,412.4770097860214,413.1349377939078,402.6957919851835,406.51177978515625,12608981,0.0,0.0,VEDL
2024-08-30,408.48558327117075,415.1087415954837,407.4767656319116,410.9418640136719,14026797,0.0,0.0,VEDL
2024-09-02,414.6700913605099,415.50345075078593,404.40640402071807,406.38018798828125,11933834,0.0,0.0,VEDL
2024-09-03,414.9332656653949,415.15257500242734,405.37138392501197,407.5205993652344,23319237,0.0,0.0,VEDL
2024-09-04,403.9239202290769,406.1170134504941,399.1429662979245,402.9589538574219,15530065,0.0,0.0,VEDL
2024-09-05,406.5995373582358,411.81911062825685,405.4152615068437,409.4067077636719,12242972,0.0,0.0,VEDL
2024-09-06,410.4593261953035,412.6085682828997,401.0729031736211,403.35369873046875,17832425,0.0,0.0,VEDL
2024-09-09,404.3625509498933,404.7572916788431,396.11649877416545,403.74847412109375,14042464,0.0,0.0,VEDL
2024-09-10,403.3357970492491,407.18758267489346,400.7221153611402,403.51922607421875,13192375,20.0,0.0,VEDL
2024-09-11,403.51922872660276,403.93193004182734,389.3501900684259,390.4965515136719,13394230,0.0,0.0,VEDL
2024-09-12,394.3941966075866,406.77490072416384,393.2478351153109,405.07830810546875,13025897,0.0,0.0,VEDL
2024-09-13,408.0129670654217,418.55949254445795,407.64613699405373,416.4043273925781,15909513,0.0,0.0,VEDL
2024-09-16,420.0267978943076,431.9489559131416,407.5543808309829,409.2968444824219,34590598,0.0,0.0,VEDL
2024-09-17,413.3320859642255,416.5877412113376,409.98468821844557,412.5066833496094,11644008,0.0,0.0,VEDL
2024-09-18,413.42376528704585,413.60719430650755,408.7007619029648,411.13104248046875,5180919,0.0,0.0,VEDL
2024-09-19,413.6072073868078,415.7165012406294,400.76795926393567,412.4608459472656,7777695,0.0,0.0,VEDL
2024-09-20,414.5242780739668,420.4395140334533,411.45202395537564,412.6442565917969,17249829,0.0,0.0,VEDL
2024-09-23,415.44136654628244,418.42190615174695,412.73594247869465,415.5330810546875,5177341,0.0,0.0,VEDL
2024-09-24,418.46777038228663,434.24171504890404,418.19265483062355,431.21533203125,28418267,0.0,0.0,VEDL
2024-09-25,438.3686260094221,445.7053394154375,434.51684027632774,440.06524658203125,24495683,0.0,0.0,VEDL
2024-09-26,444.37553072548144,463.03830028555484,437.45151892691985,460.14947509765625,42980530,0.0,0.0,VEDL
2024-09-27,464.0471117640564,473.126316775399,464.0471117640564,470.46673583984375,24451210,0.0,0.0,VEDL
2024-09-30,475.96924537857984,480.2337321056575,466.33980977843515,470.145751953125,19027211,0.0,0.0,VEDL
2024-10-01,467.9905856665457,478.12440965742076,464.18467126210277,473.3555908203125,14071685,0.0,0.0,VEDL
2024-10-03,470.4667349751542,477.34490361514185,466.7983783671608,469.32037353515625,13155901,0.0,0.0,VEDL
2024-10-04,471.38381561744075,473.1721506264893,459.59921462953685,466.52325439453125,12088199,0.0,0.0,VEDL
2024-10-07,470.37502802918766,471.20037464534715,450.6117408692133,458.8196716308594,15751180,0.0,0.0,VEDL
2024-10-08,458.81970594524927,461.9378315497463,444.4214225995347,456.2060241699219,13145961,0.0,0.0,VEDL
2024-10-09,457.62746379093204,460.8372756612091,448.5941305013988,455.10546875,11444008,0.0,0.0,VEDL
2024-10-10,447.5394808851523,457.99429102967383,447.1267795951385,451.6663818359375,9613583,0.0,0.0,VEDL
2024-10-11,454.96794233314847,461.7543965862025,453.4088795509302,456.2518615722656,8286066,0.0,0.0,VEDL
2024-10-14,458.5445765436078,465.01004387793665,453.27131391335627,457.7650451660156,7263419,0.0,0.0,VEDL
2024-10-15,458.54453239451624,459.4157782010007,446.072115515918,449.236083984375,7413480,0.0,0.0,VEDL
2024-10-16,449.4195162296881,455.3347523034908,445.5677586823641,446.3472900390625,7989101,0.0,0.0,VEDL
2024-10-17,448.594146962373,451.7581156883963,432.08654245235124,433.0036315917969,12114419,0.0,0.0,VEDL
2024-10-18,433.4621879788563,443.55016878778383,425.5293723038496,440.9823303222656,10334732,0.0,0.0,VEDL
2024-10-21,444.3296868896484,448.91513257478414,434.70025095086345,435.6173400878906,5567492,0.0,0.0,VEDL
2024-10-22,436.5344377373847,438.96471840042943,420.531220789261,422.548828125,7805984,0.0,0.0,VEDL
2024-10-23,421.8610067346956,431.7655583065743,416.4501863762185,424.6122741699219,9830637,0.0,0.0,VEDL
2024-10-24,424.612236374768,433.14115346986625,418.42188519651813,430.1606140136719,7269166,0.0,0.0,VEDL
2024-10-25,432.59096501803333,433.09535285765895,411.81887329576125,417.64239501953125,11660475,0.0,0.0,VEDL
2024-10-28,420.02684167878357,432.6368178208868,417.64240422899053,430.25238037109375,6637174,0.0,0.0,VEDL
2024-10-29,431.03188056390127,434.60852248600634,420.89805712004704,433.14117431640625,6379918,0.0,0.0,VEDL
2024-10-30,431.8114150158242,435.1129414243912,428.32645958948285,429.65625,5903663,0.0,0.0,VEDL
2024-10-31,429.1977393119422,430.848488652821,421.8610258194304,425.5752258300781,6616282,0.0,0.0,VEDL
2024-11-01,426.44642805253324,430.1147844228776,426.44642805253324,428.6015930175781,995005,0.0,0.0,VEDL
2024-11-04,429.9313897042815,430.0231042183236,415.16627652572924,420.760498046875,5030700,0.0,0.0,VEDL
2024-11-05,420.9439283984065,432.22411397754536,419.38486561680963,430.8484802246094,5654407,0.0,0.0,VEDL
2024-11-06,433.4163371373463,436.94713595620345,423.0532129678781,434.70025634765625,8641368,0.0,0.0,VEDL
2024-11-07,434.7002290717824,435.61731816265115,413.9740100206813,419.9350891113281,16220004,0.0,0.0,VEDL
2024-11-08,422.7780708904888,429.014265513461,415.76234494281056,419.9350891113281,13143777,0.0,0.0,VEDL
2024-11-11,422.31950933461917,423.60342841265333,415.5330559330069,418.37603759765625,7271375,0.0,0.0,VEDL
2024-11-12,418.3760786205656,420.8063592543075,406.3163339890301,407.8753967285156,8421968,0.0,0.0,VEDL
2024-11-13,407.1875727227394,408.47149190412705,396.4576187330829,398.7044982910156,7960930,0.0,0.0,VEDL
2024-11-14,398.93377889655227,403.4275101188386,394.57760544883126,397.4664306640625,7028180,0.0,0.0,VEDL
2024-11-18,407.508574640164,421.3107553302118,402.64798529025734,410.39739990234375,13385897,0.0,0.0,VEDL
2024-11-19,411.7730187723533,414.0657415940256,404.5738635148343,406.7748718261719,5930593,0.0,0.0,VEDL
2024-11-21,405.35340652130617,408.79249085265207,400.81380400899354,406.0870666503906,6484933,0.0,0.0,VEDL
2024-11-22,406.95831093995713,410.6266675456131,404.71143132405695,408.4256591796875,6859041,0.0,0.0,VEDL
2024-11-25,414.5243236381685,416.1750730240918,406.04124843097145,407.0041809082031,12634711,0.0,0.0,VEDL
2024-11-26,408.1046504529213,415.62479228541605,406.31631550881025,411.2227478027344,6483177,0.0,0.0,VEDL
2024-11-27,413.974022532648,414.11158030296826,407.37099767122584,408.83831787109375,6120311,0.0,0.0,VEDL
2024-11-28,414.5243070463422,418.5136505545439,411.6813250067421,414.3867492675781,10793434,0.0,0.0,VEDL
2024-11-29,414.89109874721265,419.8433742360874,411.8188446980327,415.89990234375,6826623,0.0,0.0,VEDL
2024-12-02,415.8999198014856,422.9615172863252,415.44137523720616,422.3653869628906,5709168,0.0,0.0,VEDL
2024-12-03,425.9879084645993,430.3899251719887,422.77809645248715,429.5187072753906,5333303,0.0,0.0,VEDL
2024-12-04,430.9860190089726,432.77432590044594,425.6210423598781,429.56451416015625,4980949,0.0,0.0,VEDL
2024-12-05,430.9401781344993,435.06707923429474,428.32646850716105,433.3246154785156,7267698,0.0,0.0,VEDL
2024-12-06,435.6173434064471,463.63440556112596,433.5997360946814,459.8284912109375,25827648,0.0,0.0,VEDL
2024-12-09,458.498722718258,460.10362869918777,448.2731565070344,455.8391418457031,11524481,0.0,0.0,VEDL
2024-12-10,457.1231154082106,463.0383238584094,452.4917982320624,458.77386474609375,10316327,0.0,0.0,VEDL
2024-12-11,457.6274771540896,481.471794600996,457.1689325878029,471.70477294921875,32419915,0.0,0.0,VEDL
2024-12-12,475.96928300528685,482.939138362698,473.2180154734644,478.7205505371094,20273326,0.0,0.0,VEDL
2024-12-13,477.34488452547896,477.9868581011404,464.6890659289609,476.42779541015625,10678273,0.0,0.0,VEDL
2024-12-16,478.7205569420728,483.260159625253,467.71548666754234,470.87945556640625,13821306,0.0,0.0,VEDL
2024-12-17,470.879442496364,472.30091950576565,457.94847968524294,461.4792785644531,12711460,0.0,0.0,VEDL
2024-12-18,461.2958329483439,465.7437208316954,454.1883921822412,455.56402587890625,6546985,0.0,0.0,VEDL
2024-12-19,442.2662664491486,452.58351994329666,437.038846817177,451.4830017089844,9500042,0.0,0.0,VEDL
2024-12-20,451.43712304636347,453.5005735833961,435.6173355957799,437.6807861328125,13786961,0.0,0.0,VEDL
2024-12-23,440.61547937920034,444.3296791243132,429.6562531883194,433.9665832519531,9725884,0.0,0.0,VEDL
2024-12-24,434.9004596732709,435.9276872348217,427.24276376456015,431.5385437011719,8942361,8.5,0.0,VEDL
2024-12-26,432.1922075426527,434.0599353686784,423.88082441669104,429.9976501464844,5351568,0.0,0.0,VEDL
2024-12-27,430.6046609665707,432.47238881418167,420.4255498969437,421.2660217285156,4487792,0.0,0.0,VEDL
2024-12-30,421.3127079414177,422.94696982520855,408.33200496430385,410.5732727050781,18171489,0.0,0.0,VEDL
2024-12-31,409.966277201636,416.97025688047944,409.0790950426093,415.05584716796875,7109627,0.0,0.0,VEDL
2025-01-01,415.33599495541597,417.8574390395061,409.7794930104937,415.05584716796875,5403126,0.0,0.0,VEDL
2025-01-02,415.14920613569745,421.9664300466583,413.001330457839,420.00531005859375,7704338,0.0,0.0,VEDL
2025-01-03,420.7057302987972,434.7136902421534,419.3983264039375,427.94317626953125,8814796,0.0,0.0,VEDL
2025-01-06,429.39062289813353,429.39062289813353,411.8339924431216,413.0480041503906,7485474,0.0,0.0,VEDL
2025-01-07,413.7017368842155,424.4411724918193,413.7017368842155,418.6045227050781,5869461,0.0,0.0,VEDL
2025-01-08,418.6045462236376,419.7251944453602,411.83403209062845,416.87689208984375,4953341,0.0,0.0,VEDL
2025-01-09,417.437198209552,418.41774398684754,408.19195052624076,409.8728942871094,4870742,0.0,0.0,VEDL
2025-01-10,409.87288716250777,410.66667722994595,398.1995876392006,403.5693054199219,6250604,0.0,0.0,VEDL
2025-01-13,399.88056623684975,400.4408618234761,384.75195841406565,386.33953857421875,8467239,0.0,0.0,VEDL
2025-01-14,386.3395602951957,404.8767384761422,385.31230416318095,402.1218566894531,8727736,0.0,0.0,VEDL
2025-01-15,406.2775102392019,413.23480824093105,401.98175876085645,406.46429443359375,4794795,0.0,0.0,VEDL
2025-01-16,409.9662943072184,422.8536060542987,409.0324303110744,420.0987243652344,6641373,0.0,0.0,VEDL
2025-01-17,422.10652527067924,427.9431752329397,418.41775109482364,424.02093505859375,5594080,0.0,0.0,VEDL
2025-01-20,426.44896752055064,433.68641314073705,421.68625567063924,430.464599609375,4806736,0.0,0.0,VEDL
2025-01-21,434.2467241003147,436.86153168443843,423.04035702675816,423.8808288574219,7353985,0.0,0.0,VEDL
2025-01-22,425.32836152683296,425.70190141936257,409.87289554242494,421.63958740234375,6538867,0.0,0.0,VEDL
2025-01-23,421.1726638776858,422.33999387734684,413.2348198799911,416.97027587890625,5671143,0.0,0.0,VEDL
2025-01-24,416.5033392582544,423.5073191785165,411.32040551696736,412.76788330078125,4758741,0.0,0.0,VEDL
2025-01-27,410.4332443987213,410.6667104080493,393.71708383068625,395.8649597167969,6314851,0.0,0.0,VEDL
2025-01-28,396.84551527838454,404.2230351242224,387.08662515051617,397.21905517578125,8080097,0.0,0.0,VEDL
2025-01-29,400.160736528201,403.7561187406185,396.2384962056968,402.1218566894531,4671527,0.0,0.0,VEDL
2025-01-30,403.42923711631795,408.6588810750866,399.6937812170928,403.8494873046875,4765643,0.0,0.0,VEDL
2025-01-31,406.09075245407655,414.44881787366177,398.66652250384425,412.2075500488281,11277319,0.0,0.0,VEDL
2025-02-01,415.52279293512197,417.11034461544745,402.915629094852,410.8067626953125,6736515,0.0,0.0,VEDL
2025-02-03,407.16469895716295,407.16469895716295,382.8842352578826,393.8104553222656,18277593,0.0,0.0,VEDL
2025-02-04,400.3474828333157,413.70172578747133,400.3474828333157,408.75225830078125,9934297,0.0,0.0,VEDL
2025-02-05,409.9195954034836,418.2309789225245,408.7522654570096,415.05584716796875,7176758,0.0,0.0,VEDL
2025-02-06,415.66285216634753,420.47224583585495,413.04801599218393,414.4021301269531,5475073,0.0,0.0,VEDL
2025-02-07,414.40213255810556,426.68243794138266,412.4877228383888,425.6551818847656,8580933,0.0,0.0,VEDL
2025-02-10,423.97424086646953,423.97424086646953,404.92342164633175,406.9779052734375,10212102,0.0,0.0,VEDL
2025-02-11,394.8843997552366,406.7444555053942,392.5030294456932,393.5769958496094,7728184,0.0,0.0,VEDL
2025-02-12,393.5769707074557,398.47975641481287,384.98541102057106,393.9971923828125,8868601,0.0,0.0,VEDL
2025-02-13,396.8921740003022,403.24243738460075,393.20340004224016,396.471923828125,5255713,0.0,0.0,VEDL
2025-02-14,401.3747094883076,403.4292215533318,381.4367371947488,386.0126647949219,10205699,0.0,0.0,VEDL
2025-02-17,386.0126598470718,388.3940014607331,374.8529745219774,387.693603515625,9351334,0.0,0.0,VEDL
2025-02-18,391.19561884433494,392.2228749309122,378.21491511195103,390.54193115234375,9347116,0.0,0.0,VEDL
2025-02-19,388.58077633247404,399.1334270528081,386.6196564333216,395.4913635253906,9389191,0.0,0.0,VEDL
2025-02-20,394.93105364800135,406.6977449656908,394.13726360091323,404.83001708984375,10218019,0.0,0.0,VEDL
2025-02-21,406.46429762075724,413.0013454859963,403.9895637716273,409.2192077636719,11856575,0.0,0.0,VEDL
2025-02-24,406.23080995751354,406.8845261088755,391.33566885936517,394.8843688964844,6486110,0.0,0.0,VEDL
2025-02-25,394.9310756537087,395.67818394523607,379.475638019598,382.183837890625,16517618,0.0,0.0,VEDL
2025-02-27,381.9503840213562,385.2189080899986,374.1526137577414,377.794677734375,9800701,0.0,0.0,VEDL
2025-02-28,373.54557745210576,374.3860493015198,366.4015239831874,368.6427917480469,13633752,0.0,0.0,VEDL
2025-03-03,373.49889247527955,384.05154354876737,363.45985516670993,382.0904235839844,10995655,0.0,0.0,VEDL
2025-03-04,374.6195079298563,382.2304932211091,368.68946630441764,379.8491516113281,7083802,0.0,0.0,VEDL
2025-03-05,374.3860615587668,401.9350487978022,374.3860615587668,400.5809631347656,14319490,0.0,0.0,VEDL
2025-03-06,405.2969359236288,417.29709283688874,402.72881017756896,413.655029296875,13001883,0.0,0.0,VEDL
2025-03-07,413.56166356167313,420.33217732366523,412.39433360270897,415.9897155761719,7860045,0.0,0.0,VEDL
2025-03-10,415.9896981361344,421.9197112796479,407.3047465059908,408.4720764160156,6433534,0.0,0.0,VEDL
2025-03-11,400.16071228879423,413.8885240867396,397.826052357121,412.3476257324219,6287024,0.0,0.0,VEDL
2025-03-12,415.4760863314752,418.6979285190178,408.93903835615646,415.5227966308594,5120030,0.0,0.0,VEDL
2025-03-13,418.27763854022385,420.2387584461589,412.76784718489387,413.655029296875,5054710,0.0,0.0,VEDL
2025-03-17,414.63559288357,421.21932231681217,413.84180282797126,417.3905029296875,4865003,0.0,0.0,VEDL
2025-03-18,417.3905029296875,417.3905029296875,417.3905029296875,417.3905029296875,0,0.0,0.0,VEDL
2025-03-19,433.96659215595935,434.5735980280699,428.9237039894627,430.0910339355469,5728903,0.0,0.0,VEDL
2025-03-20,434.246767502925,443.77219186721254,429.76423162518273,439.6164855957031,10370120,0.0,0.0,VEDL
2025-03-21,440.22350157388354,441.8577636394946,431.4451853213123,436.3946533203125,12194708,0.0,0.0,VEDL
2025-03-24,437.9821846488924,444.5659139779169,434.8537347729758,441.0172424316406,7110186,0.0,0.0,VEDL
2025-03-25,442.60483163742106,442.60483163742106,429.6708101968941,431.25836181640625,6983464,0.0,0.0,VEDL
2025-03-26,433.6864384134624,442.09121446217006,432.4724266061339,433.4529724121094,9260792,0.0,0.0,VEDL
2025-03-27,433.03273900957026,443.3519245908619,431.16501104920854,441.11065673828125,7585534,0.0,0.0,VEDL
2025-03-28,441.62427130387357,443.9589312584291,431.4451596018648,432.7525634765625,6966128,0.0,0.0,VEDL
2025-04-01,427.709677081452,434.90044069409953,424.53454544052573,427.14935302734375,4385769,0.0,0.0,VEDL
2025-04-02,423.97421493004094,429.06378463672644,420.00529331450645,427.3828125,4104869,0.0,0.0,VEDL
2025-04-03,427.2427477527397,427.3828216423138,409.1257932200176,410.4331970214844,13020114,0.0,0.0,VEDL
2025-04-04,407.8183924834759,408.05185846760907,371.67784673995953,374.8996887207031,32283095,0.0,0.0,VEDL
2025-04-07,345.4829787110999,355.9889481184608,338.9926128775127,349.3117980957031,26557078,0.0,0.0,VEDL
2025-04-08,361.82561946102135,364.9540410725129,343.802027098631,351.22625732421875,17126260,0.0,0.0,VEDL
2025-04-09,351.1328438331759,352.48695795511134,344.2222563299294,346.04327392578125,13982904,0.0,0.0,VEDL
2025-04-11,359.53763841385654,363.0863101984941,353.0472722427826,355.0083923339844,12949202,0.0,0.0,VEDL
2025-04-15,364.1602705647341,371.39771641299404,358.65045028083875,369.62335205078125,10517215,0.0,0.0,VEDL
2025-04-16,371.6778268484566,375.41328239467225,365.23417173108743,372.33154296875,9739439,0.0,0.0,VEDL
2025-04-17,371.91131096059013,377.0475625871645,367.1485992070044,373.5922546386719,8212290,0.0,0.0,VEDL
2025-04-21,377.28103151263025,385.59241487332764,373.5922575523425,384.70526123046875,7998005,0.0,0.0,VEDL
2025-04-22,386.61969562658453,390.6352994229991,385.03211542841086,385.7325134277344,7329286,0.0,0.0,VEDL
2025-04-23,388.4874189791892,391.9427271342399,383.44455914421667,390.54193115234375,8692823,0.0,0.0,VEDL
2025-04-24,390.54191962665016,402.49536691968603,388.9543394943138,392.4563293457031,13580010,0.0,0.0,VEDL
2025-04-25,394.88439104051685,397.6392726917074,382.41730116353716,385.9659729003906,11205671,0.0,0.0,VEDL
2025-04-28,386.6196904750467,390.02828832648294,381.9036887421473,388.580810546875,6864935,0.0,0.0,VEDL
2025-04-29,390.35512770833435,393.53025941089345,386.9932118176917,388.7675476074219,7054453,0.0,0.0,VEDL
2025-04-30,390.6352991625051,395.25793735466476,386.2928372694485,391.4757995605469,13507492,0.0,0.0,VEDL
2025-05-02,393.1567077222643,394.93104345868755,385.68579641162745,387.27337646484375,13939534,0.0,0.0,VEDL
2025-05-05,388.16056880101127,392.6431331340716,387.5535628963284,391.7559509277344,7450806,0.0,0.0,VEDL
2025-05-06,392.22284997560524,396.51862974661975,382.2304945408063,383.7713928222656,7943490,0.0,0.0,VEDL
2025-05-07,376.1137286699735,390.3551547710712,375.4133306650015,388.4874267578125,8806194,0.0,0.0,VEDL
2025-05-08,387.55354500533105,390.2617448006957,378.26158716513515,380.176025390625,10344459,0.0,0.0,VEDL
2025-05-09,374.47947021363876,381.7169163337278,372.23820227630347,380.9231262207031,7120988,0.0,0.0,VEDL
2025-05-12,392.1761779228776,409.2658768395756,390.2150579244206,407.21136474609375,16818909,0.0,0.0,VEDL
2025-05-13,407.1646636439265,411.18026704621343,403.9428217635519,406.6043395996094,7806161,0.0,0.0,VEDL
2025-05-14,409.4993601786909,417.5305962035996,406.8845524027984,413.4216003417969,11385432,0.0,0.0,VEDL
2025-05-15,415.28932240106707,418.7446020199801,411.2270083970628,414.4488220214844,7108289,0.0,0.0,VEDL
2025-05-16,414.448805919669,415.28930626659724,410.61998655817706,412.0207824707031,5525659,0.0,0.0,VEDL
2025-05-19,412.76786288028234,417.34379050195264,411.50714085715225,412.8145446777344,4707043,0.0,0.0,VEDL
2025-05-20,417.9041195680587,419.8652395720302,405.2969561844413,406.55767822265625,6201064,0.0,0.0,VEDL
2025-05-21,407.44483604795727,410.1063540449131,403.14908461345055,408.7989501953125,5310912,0.0,0.0,VEDL
2025-05-22,409.96628253048584,410.4332145151447,402.9623027606028,406.32421875,5505100,0.0,0.0,VEDL
2025-05-23,406.60437651491344,413.3282086586404,404.50318253240715,410.94683837890625,4707367,0.0,0.0,VEDL
2025-05-26,414.68227293166245,417.81072284390183,413.0013292321762,416.08306884765625,4402485,0.0,0.0,VEDL
2025-05-27,416.50333527156283,422.43337724714365,414.5422152128075,418.3710632324219,7017265,0.0,0.0,VEDL
2025-05-28,419.02477317854573,419.72517115343794,414.6356011361813,417.297119140625,5398706,0.0,0.0,VEDL
2025-05-29,420.2387932106851,427.24277309752983,415.56947328612193,421.7796630859375,8539002,0.0,0.0,VEDL
2025-05-30,422.9469915819766,423.04038367999334,406.2308320105896,406.74444580078125,13752148,0.0,0.0,VEDL
2025-06-02,405.11019933461813,406.184165754006,397.73267929726296,403.80279541015625,9008143,0.0,0.0,VEDL
2025-06-03,407.16469450919857,411.1802982158899,402.9623066071541,405.2969665527344,6553349,0.0,0.0,VEDL
2025-06-04,405.29694766240664,409.35926147823085,401.9350317976119,407.9584655761719,4747404,0.0,0.0,VEDL
2025-06-05,409.03241590188566,413.0947298418604,404.8300280672772,410.1063537597656,5877012,0.0,0.0,VEDL
2025-06-06,411.64724110548616,419.7718693309536,409.5927573985326,418.4177551269531,10475617,0.0,0.0,VEDL
2025-06-09,422.57344279540223,430.88482635716014,421.2660389484852,427.6163024902344,8982580,0.0,0.0,VEDL
2025-06-10,429.48400209037817,436.7681576129936,428.73692236977047,431.0248718261719,8036246,0.0,0.0,VEDL
2025-06-11,433.7798238616124,441.8110598848455,431.58523778269586,438.2623596191406,15635681,0.0,0.0,VEDL
2025-06-12,439.3830125707239,440.643734672215,427.7097125555612,430.04437255859375,7559224,0.0,0.0,VEDL
2025-06-13,420.61230644067354,432.9860034563529,417.0636349226754,427.8030700683594,6666190,0.0,0.0,VEDL
2025-06-16,433.3128745170983,436.11446637820023,426.49567905479006,433.219482421875,8258945,0.0,0.0,VEDL
2025-06-17,433.3128951010561,435.04054919732545,427.52292691336083,428.5968933105469,5621986,0.0,0.0,VEDL
2025-06-18,433.3128786452629,436.8148685050037,423.36723314345227,426.30889892578125,15852801,0.0,0.0,VEDL
2025-06-19,426.30888382322553,427.10267386316565,407.9117530120899,410.4331970214844,12549420,0.0,0.0,VEDL
2025-06-20,409.4526611288331,419.7718463980897,408.7522631648763,417.53057861328125,11493281,0.0,0.0,VEDL
2025-06-23,414.63561428793844,421.59291245891825,412.81456809575064,420.0987243652344,7310603,0.0,0.0,VEDL
2025-06-24,425.93273762672356,428.63632538156384,421.66392399794796,422.8971252441406,6350436,7.0,0.0,VEDL
2025-06-25,424.9367164224813,424.9367164224813,416.92082102537125,419.2449645996094,6329973,0.0,0.0,VEDL
2025-06-26,420.2409998938752,433.52175384085996,418.4860373323601,432.09881591796875,10412097,0.0,0.0,VEDL
2025-06-27,435.845910537267,446.8025212948534,435.41901756759603,439.92498779296875,23776172,0.0,0.0,VEDL
2025-06-30,442.10678410225376,443.8617465964448,433.4268688955464,437.1739501953125,6466543,0.0,0.0,VEDL
2025-07-01,438.26490555107483,446.0910645787726,432.9051781887223,441.96453857421875,11455315,0.0,0.0,VEDL
2025-07-02,443.1502977866497,450.5970120922284,439.07122062550275,445.3321533203125,11881474,0.0,0.0,VEDL
2025-07-03,443.9566204235118,448.083146082782,433.56916227601226,434.75494384765625,17268863,0.0,0.0,VEDL
2025-07-04,437.31626157165033,439.83011281676585,431.71937811371953,435.4664306640625,4456947,0.0,0.0,VEDL
2025-07-07,435.41899021085885,436.0355908340625,429.7272387048346,430.8656005859375,4498429,0.0,0.0,VEDL
2025-07-08,430.5810016887638,434.66010769522376,428.9683561092527,432.8576965332031,4116967,0.0,0.0,VEDL
2025-07-09,437.3162600841295,437.7905727306416,399.0392237206561,418.1065979003906,38812827,0.0,0.0,VEDL
2025-07-10,416.0670799922714,420.00386936406284,410.94450894525664,416.6362609863281,13276890,0.0,0.0,VEDL
2025-07-11,415.49787510807806,423.32403371456587,414.122356864009,420.00384521484375,8741844,0.0,0.0,VEDL
2025-07-14,417.9643007828468,427.3082655053426,416.7310705589576,425.1738586425781,5611380,0.0,0.0,VEDL
2025-07-15,426.8813781738281,428.06715977986653,422.2331200681068,426.8813781738281,5408813,0.0,0.0,VEDL
2025-07-16,426.8813852804405,427.3082782456196,421.7588144470245,424.46240234375,3554230,0.0,0.0,VEDL
2025-07-17,424.4623810371563,426.6916272219228,420.6678800251348,421.5216369628906,2713654,0.0,0.0,VEDL
2025-07-18,421.52163600027114,425.7430009966577,420.7627184297528,422.8971252441406,3419720,0.0,0.0,VEDL
2025-07-21,428.39919292029316,433.04745111825054,425.60073669461383,430.5335998535156,6402589,0.0,0.0,VEDL
2025-07-22,430.4861450820121,433.2371815831921,426.9762488783715,427.4505615234375,2871620,0.0,0.0,VEDL
2025-07-23,427.6877294485038,433.6166376726714,427.35570479800094,432.2411193847656,3049686,0.0,0.0,VEDL
2025-07-24,431.62449423884794,433.853769394646,425.1264054037645,428.1620178222656,4846149,0.0,0.0,VEDL
2025-07-25,426.88137038550195,427.7351273363238,419.8141005625548,420.7627258300781,2481198,0.0,0.0,VEDL
2025-07-28,420.71529800611063,420.90503463584236,412.41482707588864,415.450439453125,3837524,0.0,0.0,VEDL
2025-07-29,414.59666338935494,418.818057428041,411.13418693782654,416.9208068847656,3034968,0.0,0.0,VEDL
2025-07-30,417.86943585245194,418.059172488356,411.32392721020614,412.2725524902344,2945839,0.0,0.0,VEDL
2025-07-31,406.96024914217037,412.0828199148498,402.2171226952919,403.7823486328125,7762131,0.0,0.0,VEDL
2025-08-01,403.2606130944099,408.85749646723724,400.6518935693869,402.6440124511719,4291007,0.0,0.0,VEDL
2025-08-04,402.5965676403141,411.08677557318356,400.5096093703255,409.2843933105469,3635372,0.0,0.0,VEDL
2025-08-05,410.1855737377643,416.5413748246835,408.57292809836827,415.9247741699219,5703172,0.0,0.0,VEDL
2025-08-06,417.30026945360584,419.8141207434369,414.9761548062986,417.9168701171875,4042034,0.0,0.0,VEDL
2025-08-07,415.02355998223874,417.0630985442022,407.9088703825432,415.3081359863281,4103120,0.0,0.0,VEDL
2025-08-08,415.30814074755034,417.30025964825256,408.28831938532255,409.2843933105469,2396484,0.0,0.0,VEDL
2025-08-11,409.8061359701769,412.4148555857278,404.7309847463376,408.0037536621094,5148588,0.0,0.0,VEDL
2025-08-12,407.9088503160163,414.7389635756242,407.00764476449,410.99188232421875,4915393,0.0,0.0,VEDL
2025-08-13,413.4108943696205,422.42283472418785,412.746874029132,416.2093505859375,5925324,0.0,0.0,VEDL
2025-08-14,416.8259373996867,417.11054235022806,406.1064834401156,408.0986022949219,5618967,0.0,0.0,VEDL
2025-08-18,417.3951360469695,417.3951360469695,410.84962720345504,415.6876220703125,4699393,0.0,0.0,VEDL
2025-08-19,419.2923672027827,427.82999458926474,417.53740467227897,427.07110595703125,12000341,0.0,0.0,VEDL
2025-08-20,427.83001859688466,429.53753259009966,415.3081528141501,422.6125793457031,19775631,0.0,0.0,VEDL
2025-08-21,422.75483124624986,425.93273158140533,420.3832681528122,423.94061279296875,8103807,0.0,0.0,VEDL
2025-08-22,428.44660974022463,428.77863438423253,420.90505599645616,421.4267883300781,16717742,0.0,0.0,VEDL
2025-08-25,423.94063440826926,428.30431651263297,421.23704655395454,427.16595458984375,13543057,0.0,0.0,VEDL
2025-08-26,427.8544557444529,428.2478791257895,419.0022945911193,421.1661682128906,10665952,16.0,0.0,VEDL
2025-08-28,421.16618094549847,422.7398745184205,414.18280315460385,417.5269470214844,6955858,0.0,0.0,VEDL
2025-08-29,417.5269371951643,421.51039773433047,413.10085658885515,413.74017333984375,7712901,0.0,0.0,VEDL
2025-09-01,415.8548515466346,427.75609654940126,415.8548515466346,423.920166015625,7817717,0.0,0.0,VEDL
2025-09-02,424.90373832548863,428.19871544770393,416.4450004944567,424.51031494140625,6420682,0.0,0.0,VEDL
2025-09-03,426.1332166033398,434.44442464054634,425.4938998350042,432.23138427734375,10052593,0.0,0.0,VEDL
2025-09-04,438.67379462574047,438.67379462574047,427.8053191196649,428.5429992675781,7605728,0.0,0.0,VEDL
2025-09-05,428.8380583175505,439.46064041615136,428.4446349095064,438.1820068359375,8277809,0.0,0.0,VEDL
2025-09-08,433.75590370074116,434.6903105111438,426.23157259898437,427.2643127441406,11885826,0.0,0.0,VEDL
2025-09-09,427.8544558979381,430.70681293400173,424.8545688458554,425.6905822753906,6379983,0.0,0.0,VEDL
2025-09-10,427.8544697168107,430.3134034508153,424.90374923600507,426.5758361816406,5516735,0.0,0.0,VEDL
2025-09-11,426.92006455725715,432.57561216753635,425.83815772309816,430.5101318359375,6964582,0.0,0.0,VEDL
2025-09-12,432.7723409622316,447.525943495035,431.88713081351966,443.4932861328125,15838929,0.0,0.0,VEDL
2025-09-15,447.5751077853932,455.19780238683757,445.3129007488963,446.935791015625,14003502,0.0,0.0,VEDL
2025-09-16,449.49308859200903,455.787952976037,447.5259415959827,453.7224426269531,9675778,0.0,0.0,VEDL
2025-09-17,457.36167488552815,463.26311585179303,436.70663150360105,448.65704345703125,27609041,0.0,0.0,VEDL
2025-09-18,448.6570394283196,451.4110631976154,445.1653655611454,448.1652526855469,7741800,0.0,0.0,VEDL
2025-09-19,450.4766592442505,450.96844599015037,444.7227483139663,448.1160888671875,10444975,0.0,0.0,VEDL
2025-09-22,447.52594043996703,455.00110500881385,447.18168371329546,450.9192810058594,6873708,0.0,0.0,VEDL
2025-09-23,450.9192862194935,452.34544979464954,444.8211184705434,449.6898193359375,6504267,0.0,0.0,VEDL
2025-09-24,449.44393205039216,451.4602457602378,439.6573635181401,441.08355712890625,8390096,0.0,0.0,VEDL
2025-09-25,443.5916593967204,456.37811521081653,442.1162991104785,454.06671142578125,12571562,0.0,0.0,VEDL
2025-09-26,454.6568555613524,456.1813824972305,437.7885758471892,440.5917663574219,10271939,0.0,0.0,VEDL
2025-09-29,443.5916391080621,450.0340333901482,440.2966619495688,444.82110595703125,11707970,0.0,0.0,VEDL
2025-09-30,449.8865175701648,460.50912949028117,446.5423736386821,458.1485290527344,16517105,0.0,0.0,VEDL
2025-10-01,460.85334574110203,462.1320092851185,450.96844419438946,457.2141418457031,7779725,0.0,0.0,VEDL
2025-10-03,457.21415429749254,472.01692368675975,456.8698975641018,463.2139587402344,21404838,0.0,0.0,VEDL
2025-10-06,467.1482296288711,470.1481166933101,459.42717191841325,463.0663757324219,9042871,0.0,0.0,VEDL
2025-10-07,467.19740206386393,468.6727622809077,462.5254280432253,464.0991516113281,5931853,0.0,0.0,VEDL
2025-10-08,464.1483343621825,470.0989721202263,457.95183324239235,464.9352111816406,10158945,0.0,0.0,VEDL
2025-10-09,465.2302720123311,477.0331541775488,459.6730876627974,476.2463073730469,16201074,0.0,0.0,VEDL
2025-10-10,475.0659910649698,477.03313802590134,465.9679363706614,474.2791442871094,13091981,0.0,0.0,VEDL
2025-10-13,471.623484515369,472.75458801616435,466.8531471254611,471.4267578125,8312537,0.0,0.0,VEDL
2025-10-14,475.902056637708,481.065817650069,467.0006982161546,472.1644592285156,14181566,0.0,0.0,VEDL
2025-10-15,472.1644528015163,476.54136693988124,468.3777187903546,475.11517333984375,7569516,0.0,0.0,VEDL
2025-10-16,477.0331496949293,477.0331496949293,467.197414649673,471.2300720214844,5099739,0.0,0.0,VEDL
2025-10-17,470.14812777662974,473.19721159601045,459.86977280931035,466.26300048828125,5816016,0.0,0.0,VEDL
2025-10-20,468.18098888159415,470.63992264672856,464.29586152616923,466.115478515625,4010765,0.0,0.0,VEDL
2025-10-21,469.6563479418423,470.0989680249492,466.7056274312129,467.83673095703125,841526,0.0,0.0,VEDL
2025-10-23,469.2629186804823,476.8856132376999,466.85315162039797,475.3118896484375,11194491,0.0,0.0,VEDL
2025-10-24,481.9510276621891,492.81950311622165,479.2462004661258,487.45904541015625,25748299,0.0,0.0,VEDL
2025-10-27,492.770313200651,497.63901393040317,489.0819126527419,496.95050048828125,13611047,0.0,0.0,VEDL
2025-10-28,497.6390098352665,501.37657701987854,491.442478956003,494.1965026855469,10881126,0.0,0.0,VEDL
2025-10-29,495.77020030170803,515.7859566277068,495.77020030170803,507.72064208984375,25108474,0.0,0.0,VEDL
2025-10-30,504.5731966757482,506.4420103060903,494.9341885508329,498.6225891113281,7439433,0.0,0.0,VEDL
2025-10-31,498.6225968760508,499.065186940434,483.1313142807352,485.44268798828125,13235197,0.0,0.0,VEDL
2025-11-03,493.75390303762333,506.0485719379626,492.18017941512363,504.5732116699219,16492217,0.0,0.0,VEDL
2025-11-04,502.6060468586412,509.09760779525885,496.8029693463083,499.8028564453125,9015840,0.0,0.0,VEDL
2025-11-06,501.62249076857637,505.95023823136967,494.34405278813176,496.65545654296875,7236023,0.0,0.0,VEDL
2025-11-07,492.77031269127184,508.75338171568933,489.32780551678195,506.5895080566406,9229050,0.0,0.0,VEDL
2025-11-10,512.4417851914795,517.9497726891504,509.7369581103345,511.06475830078125,9368684,0.0,0.0,VEDL
2025-11-11,511.5565335993426,516.277734243232,507.0812863535256,515.2449340820312,6857737,0.0,0.0,VEDL
2025-11-12,516.3760872547192,520.1628212148956,509.4910727579896,512.04833984375,8017904,0.0,0.0,VEDL
2025-11-13,518.3432455538031,526.7036204820902,515.5892517015859,520.9005126953125,14483739,0.0,0.0,VEDL
2025-11-14,519.3268308166037,522.5726115026944,512.9336027857174,516.7203369140625,6780850,0.0,0.0,VEDL
2025-11-17,518.2940570647095,519.3267972117434,510.81886260045843,512.2450561523438,4575270,0.0,0.0,VEDL
2025-11-18,513.0811466027371,513.2286466100152,499.9012375275014,502.3110046386719,7919977,0.0,0.0,VEDL
2025-11-19,500.6389199782334,506.3436343683293,499.2127263725686,503.3929138183594,4009545,0.0,0.0,VEDL
2025-11-20,507.5239212313021,510.4746417035771,500.78643681635134,501.3765869140625,5736356,0.0,0.0,VEDL
2025-11-21,501.6224857502151,502.6060592516861,486.4262631459755,488.2458801269531,8023391,0.0,0.0,VEDL
2025-11-24,489.9671389929918,495.2292632853777,485.6885882125927,487.01641845703125,10371411,0.0,0.0,VEDL
2025-11-25,487.45902355916365,498.5242252288649,487.45902355916365,496.3603515625,7658295,0.0,0.0,VEDL
2025-11-26,499.55695859528856,508.50748316095206,497.78653835868704,507.8189697265625,7777469,0.0,0.0,VEDL
2025-11-27,510.1795741583172,515.1466082070713,508.85171394578873,510.5729675292969,5978457,0.0,0.0,VEDL
2025-11-28,510.8681188481984,522.0808211442564,510.13043869585647,517.3596801757812,9990143,0.0,0.0,VEDL
2025-12-01,526.2118208379499,528.8183146177421,521.2939533534831,524.5397338867188,10279499,0.0,0.0,VEDL
2025-12-02,522.1299416683062,531.0313294125715,521.392261581161,529.5559692382812,9490883,0.0,0.0,VEDL
2025-12-03,532.1132887216124,532.1624553924304,520.0645127755131,524.0479736328125,9182829,0.0,0.0,VEDL
2025-12-04,525.9167409970632,534.0803887074421,519.5726801744131,520.94970703125,14735849,0.0,0.0,VEDL
2025-12-05,520.1627978616038,522.7201248651123,509.29432318623117,515.88427734375,14808276,0.0,0.0,VEDL
2025-12-08,515.6875815847064,518.6383021278566,500.8356455305423,502.8519592285156,7598744,0.0,0.0,VEDL
2025-12-09,501.5241139742478,509.0976117986171,494.0981461693654,507.6714782714844,7594795,0.0,0.0,VEDL
2025-12-10,510.72053263593506,522.0316277256092,507.6714788421779,515.5892333984375,14712797,0.0,0.0,VEDL
2025-12-11,519.3268179172596,525.7200457893471,516.4744306997644,520.3595581054688,11125398,0.0,0.0,VEDL
2025-12-12,526.2118241136484,537.5720860669727,526.2118241136484,534.6705322265625,18629112,0.0,0.0,VEDL
2025-12-15,532.0640970902275,542.7358455573917,530.4903434699249,540.3753051757812,13889922,0.0,0.0,VEDL
2025-12-16,538.9982513615288,563.4892543141548,536.2442577041496,560.1450805664062,34011443,0.0,0.0,VEDL
2025-12-17,570.472647562241,570.9152676573798,556.8009514783272,560.440185546875,30344596,0.0,0.0,VEDL
2025-12-18,560.3418154222043,573.4233305096517,554.7354346611382,569.6365966796875,14766995,0.0,0.0,VEDL
2025-12-19,572.4397790980607,573.8168060161327,562.1122573102091,572.0463256835938,16753034,0.0,0.0,VEDL
2025-12-22,580.3083669175189,584.734447682144,571.9479921398936,576.0298461914062,16201067,0.0,0.0,VEDL
2025-12-23,576.3740636818145,581.095204415358,574.9970367862736,576.7675170898438,7941430,0.0,0.0,VEDL
2025-12-24,580.259209070009,589.9473842112772,577.5543818949525,588.3245239257812,15686960,0.0,0.0,VEDL
2025-12-26,593.7833182644564,597.9143388617973,587.1441973149101,591.0784912109375,12119491,0.0,0.0,VEDL
2025-12-29,598.9962646194692,605.8812791553253,580.7018214372199,583.357421875,25560591,0.0,0.0,VEDL
2025-12-30,583.9967502848156,597.0290988174872,581.4394832650137,595.6029052734375,14079178,0.0,0.0,VEDL
2025-12-31,599.9798505224444,600.0290171922039,589.5047684634122,594.4718627929688,8925223,0.0,0.0,VEDL
2026-01-01,593.0948370731566,596.9307978433717,587.8819093840015,592.7506103515625,4250535,0.0,0.0,VEDL
2026-01-02,594.2751118891906,608.2910340562349,593.6849317784098,606.815673828125,9255218,0.0,0.0,VEDL
2026-01-05,610.3073557943493,614.2416497881887,599.6847740174951,605.5370483398438,8336113,0.0,0.0,VEDL
2026-01-06,608.045130391646,617.585805045094,607.8484036913827,611.5368041992188,10820314,0.0,0.0,VEDL
2026-01-07,615.6678317016797,619.5529589534925,608.1434705680099,611.9794311523438,10182854,0.0,0.0,VEDL
2026-01-08,608.8319981787555,608.9303315160017,585.2262341136664,593.5866088867188,18002061,0.0,0.0,VEDL
2026-01-09,593.0948209238352,605.1927629759681,592.4554741353534,599.832275390625,10839255,0.0,0.0,VEDL
2026-01-12,609.6679986910622,618.3726600246767,604.7009646144,617.0447998046875,13566302,0.0,0.0,VEDL
2026-01-13,620.7331979908578,631.94595965377,618.7660510347372,626.7330322265625,17754332,0.0,0.0,VEDL
2026-01-14,636.3720426739387,668.28901416232,631.6017353006129,664.6497802734375,45759805,0.0,0.0,VEDL
2026-01-15,664.6497802734375,664.6497802734375,664.6497802734375,664.6497802734375,0,0.0,0.0,VEDL
2026-01-16,664.6498087410174,674.7314373604705,653.4370465561124,671.4856567382812,27743749,0.0,0.0,VEDL
2026-01-19,673.6986882138269,676.698575415187,662.4367595089076,663.7153930664062,16748844,0.0,0.0,VEDL
2026-01-20,664.8956690386308,675.2231905251776,658.158214748527,660.7646484375,18175860,0.0,0.0,VEDL
2026-01-21,660.7646666751751,666.7645010572584,648.1749378553619,665.5350341796875,16508847,0.0,0.0,VEDL
2026-01-22,668.8299975123667,682.6000268729155,653.879667914401,667.502197265625,19313521,0.0,0.0,VEDL
2026-01-23,673.7478176241226,687.5178460135207,670.2561438604657,672.9118041992188,21435331,0.0,0.0,VEDL
2026-01-27,685.6490637214309,695.7306921094357,683.140963299708,693.8619384765625,18667388,0.0,0.0,VEDL
2026-01-28,699.419093339591,729.7623718993171,698.435519837478,724.9920043945312,26645434,0.0,0.0,VEDL
2026-01-29,733.0081585891485,757.1548762617551,730.7951181908585,753.7615356445312,30290476,0.0,0.0,VEDL
2026-01-30,742.5979761814675,742.5979761814675,664.0104312453977,670.3544921875,54628339,0.0,0.0,VEDL
2026-02-02,642.6177170441912,663.4694870830185,628.5526281138119,649.7978515625,35747809,0.0,0.0,VEDL
2026-02-03,683.5835756582068,688.5014431089852,642.814442484741,664.5514526367188,21124257,0.0,0.0,VEDL
2026-02-04,668.8299698773129,682.5508320011612,666.4693695000155,676.5018310546875,13319058,0.0,0.0,VEDL
2026-02-05,649.207685456234,654.3714464011313,633.6180692832362,644.4373779296875,18234038,0.0,0.0,VEDL
2026-02-06,632.437753189486,662.2891845564005,629.7329260957518,660.0269775390625,16866400,0.0,0.0,VEDL
2026-02-09,670.7971468859186,674.8297743424417,659.8795047252877,668.5841064453125,10904101,0.0,0.0,VEDL
2026-02-10,674.7314393082488,681.3705606133956,666.8628510947416,678.8132934570312,10605218,0.0,0.0,VEDL
2026-02-11,683.5835674544871,693.419302238005,678.1739133235524,689.632568359375,11146383,0.0,0.0,VEDL
2026-02-12,689.6326051917376,697.3536333961447,686.5343245564301,691.206298828125,8735305,0.0,0.0,VEDL
2026-02-13,673.7478243796685,673.7478243796685,651.6665880558958,662.5842895507812,15868021,0.0,0.0,VEDL
2026-02-16,658.0106581678338,670.2561600012361,654.3222576175656,668.6332397460938,6387272,0.0,0.0,VEDL
2026-02-17,668.6332443523744,668.8299710562562,649.4535613588495,657.2238159179688,10070194,0.0,0.0,VEDL
2026-02-18,658.9942657560725,667.6988674922129,657.322178746895,666.8628540039062,7902530,0.0,0.0,VEDL
2026-02-19,672.2233487703563,677.4854432029907,662.6826734137676,665.0432739257812,8113467,0.0,0.0,VEDL
2026-02-20,664.6006249785198,672.2233195923026,661.5023444450542,671.23974609375,6871777,0.0,0.0,VEDL
2026-02-23,683.5835838947821,684.3212640212873,659.2893063886997,670.0594482421875,10762317,0.0,0.0,VEDL
2026-02-24,667.3545894206779,687.4195119218106,664.8956557824293,683.681884765625,10730605,0.0,0.0,VEDL
2026-02-25,694.7963505318281,720.3200350555555,694.7963505318281,715.8447875976562,23666523,0.0,0.0,VEDL
2026-02-26,721.0085562136088,726.2214838586433,713.2875281012294,725.3363037109375,13822953,0.0,0.0,VEDL
2026-02-27,722.7298129269254,722.7298129269254,703.2550691717587,706.5992431640625,12543859,0.0,0.0,VEDL
2026-03-02,683.5835510438206,718.9921954144357,683.5835510438206,711.4678344726562,13268756,0.0,0.0,VEDL
2026-03-04,698.4355415207959,706.9434765912326,680.5345512526416,689.4850463867188,14669674,0.0,0.0,VEDL
2026-03-05,694.845509607155,725.7789081230314,694.4028895265817,699.566650390625,22092809,0.0,0.0,VEDL
2026-03-06,700.4026659696923,717.3201421914873,690.173537579989,709.156494140625,13468762,0.0,0.0,VEDL
2026-03-09,697.4027835652984,701.5338043037785,686.5343083127058,697.7470703125,10105473,0.0,0.0,VEDL
2026-03-10,708.1729286595395,712.0580560385592,691.5505122932557,710.1400756835938,14950497,0.0,0.0,VEDL
2026-03-11,715.6480564141492,731.2868991171028,703.2550542955327,709.6974487304688,15906006,0.0,0.0,VEDL
2026-03-12,718.2545619667163,718.3037286361342,692.9767105318646,707.7794799804688,10180516,0.0,0.0,VEDL
2026-03-13,702.7632539143093,703.7468273977443,673.2068827435997,678.2230834960938,15416801,0.0,0.0,VEDL
2026-03-16,676.6985520174273,686.0425000467378,666.125137142155,674.3379516601562,11112301,0.0,0.0,VEDL
2026-03-17,678.3706730730898,690.8128421608333,667.2563042327819,687.8621215820312,9586258,0.0,0.0,VEDL
2026-03-18,688.5014170223905,688.5014170223905,663.4202939737177,667.8463745117188,11227748,0.0,0.0,VEDL
2026-03-19,656.0435135225877,677.3870701219638,649.5519525442343,654.4205932617188,13840558,0.0,0.0,VEDL
2026-03-20,658.9942683068011,676.8461519761977,653.4862805250237,661.1581420898438,25993024,0.0,0.0,VEDL
2026-03-23,649.15850029036,650.0437404401442,623.8314830441832,635.142578125,21999651,0.0,0.0,VEDL
2026-03-24,653.0928200884729,653.0928200884729,632.9787295114643,640.896484375,14286858,0.0,0.0,VEDL
2026-03-25,650.1420895469062,662.7318184574896,648.1749425286099,658.6500244140625,12926445,0.0,0.0,VEDL
2026-03-27,655.4500122070312,666.7000122070312,648.0499877929688,649.4000244140625,17226044,11.0,0.0,VEDL
2026-03-30,652.9500122070312,678.5999755859375,650.25,654.7999877929688,24457507,0.0,0.0,VEDL
2026-04-01,664.0,689.5,663.1500244140625,677.2000122070312,16756679,0.0,0.0,VEDL
2026-04-02,669.9000244140625,689.5999755859375,652.7999877929688,687.6500244140625,16016248,0.0,0.0,VEDL
2026-04-06,687.75,708.4000244140625,686.7999877929688,690.0,13013026,0.0,0.0,VEDL
2026-04-07,700.0499877929688,718.9500122070312,693.0,713.25,20950898,0.0,0.0,VEDL
2026-04-08,734.0,735.0,717.2999877929688,721.4000244140625,16394216,0.0,0.0,VEDL
2026-04-09,725.0,739.0,722.2999877929688,737.0,15515507,0.0,0.0,VEDL
2026-04-10,740.0,746.5,731.75,745.1500244140625,15333995,0.0,0.0,VEDL
2026-04-13,735.0,754.5999755859375,734.0,752.5499877929688,12586088,0.0,0.0,VEDL
2026-04-15,752.0,768.0,741.0999755859375,766.0499877929688,23115401,0.0,0.0,VEDL
2026-04-16,772.0,787.8499755859375,770.2999877929688,782.8499755859375,15151305,0.0,0.0,VEDL
2026-04-17,782.8499755859375,791.1500244140625,772.4000244140625,787.5,9934013,0.0,0.0,VEDL
2026-04-20,782.9500122070312,782.9500122070312,768.1500244140625,771.0,10554185,0.0,0.0,VEDL
2026-04-21,791.7000122070312,795.0,763.1500244140625,766.7999877929688,30562626,0.0,0.0,VEDL
2026-04-22,769.7000122070312,773.8499755859375,755.5,757.0,14257215,0.0,0.0,VEDL
2026-04-23,758.7999877929688,758.7999877929688,733.0499877929688,735.5999755859375,17456241,0.0,0.0,VEDL
2026-04-24,734.9500122070312,734.9500122070312,707.5999755859375,720.9500122070312,19062006,0.0,0.0,VEDL
2026-04-27,724.25,746.5999755859375,720.5499877929688,742.5,22351684,0.0,0.0,VEDL
2026-04-28,747.0,757.9500122070312,728.7000122070312,739.2999877929688,37978285,0.0,0.0,VEDL
2026-04-29,745.0,780.0,732.2000122070312,773.5999755859375,54738724,0.0,0.0,VEDL
2026-04-30,289.5,292.0,268.70001220703125,271.54998779296875,73870853,0.0,0.0,VEDL
2026-05-01,271.54998779296875,271.54998779296875,271.54998779296875,271.54998779296875,0,0.0,0.0,VEDL
2026-05-04,277.0,296.0,274.95001220703125,294.6499938964844,86297119,0.0,0.0,VEDL
2026-05-05,296.95001220703125,305.8999938964844,292.0,303.8999938964844,69612545,0.0,0.0,VEDL
2026-05-06,310.0,318.0,308.6000061035156,316.3999938964844,75050951,0.0,0.0,VEDL
2026-05-07,319.8999938964844,322.75,303.6000061035156,305.3999938964844,64690914,0.0,0.0,VEDL
2026-05-08,305.6499938964844,306.3999938964844,295.8999938964844,296.45001220703125,32681575,0.0,0.0,VEDL
2026-05-11,296.6000061035156,301.54998779296875,294.20001220703125,298.3999938964844,25738983,0.0,0.0,VEDL
2026-05-12,298.1000061035156,309.8999938964844,298.1000061035156,305.04998779296875,47596105,0.0,0.0,VEDL
2026-05-13,311.95001220703125,325.5,308.79998779296875,323.3500061035156,72680545,0.0,0.0,VEDL
2026-05-14,329.0,340.6499938964844,325.1000061035156,338.8999938964844,77635934,0.0,0.0,VEDL
2026-05-15,338.8999938964844,338.8999938964844,325.0,331.04998779296875,56392805,0.0,0.0,VEDL
2026-05-18,323.8999938964844,329.3500061035156,320.6499938964844,327.0,21115770,0.0,0.0,VEDL
2026-05-19,325.3999938964844,339.0,325.3999938964844,337.6499938964844,35074019,0.0,0.0,VEDL
2026-05-20,332.54998779296875,339.45001220703125,331.45001220703125,333.75,21015658,0.0,0.0,VEDL
2026-05-21,338.0,338.25,328.8999938964844,329.75,14507403,0.0,0.0,VEDL
2026-05-22,331.0,333.6000061035156,327.0,329.95001220703125,14086715,0.0,0.0,VEDL
2026-05-25,333.0,335.3999938964844,330.5,332.5,11129217,0.0,0.0,VEDL
2026-05-26,332.5,348.5,332.1499938964844,344.8999938964844,39844071,0.0,0.0,VEDL
2026-05-27,347.3999938964844,357.95001220703125,345.8999938964844,354.70001220703125,26959207,0.0,0.0,VEDL
2026-05-28,354.70001220703125,354.70001220703125,354.70001220703125,354.70001220703125,0,0.0,0.0,VEDL
2026-05-29,359.95001220703125,360.0,350.0,352.6000061035156,32684449,0.0,0.0,VEDL
2026-06-01,355.1000061035156,356.6499938964844,335.04998779296875,337.1499938964844,21598323,0.0,0.0,VEDL
2026-06-02,336.45001220703125,343.5,328.20001220703125,333.54998779296875,30249461,0.0,0.0,VEDL
2026-06-03,333.54998779296875,334.0,325.0,328.20001220703125,20194365,0.0,0.0,VEDL
2026-06-04,328.20001220703125,330.79998779296875,325.0,327.5,13730888,0.0,0.0,VEDL
2026-06-05,329.6000061035156,329.70001220703125,312.3500061035156,315.6000061035156,20824974,0.0,0.0,VEDL
2026-06-08,311.0,314.79998779296875,301.6499938964844,304.25,14491919,0.0,0.0,VEDL
2026-06-09,305.0,309.79998779296875,303.25,306.25,12416474,0.0,0.0,VEDL
2026-06-10,306.29998779296875,306.3999938964844,296.3999938964844,299.29998779296875,13610674,0.0,0.0,VEDL
2026-06-11,295.04998779296875,310.0,292.79998779296875,304.8999938964844,21784565,0.0,0.0,VEDL
2026-06-12,314.0,314.0,303.70001220703125,309.6499938964844,18636477,0.0,0.0,VEDL
2026-06-15,313.1499938964844,318.45001220703125,300.3999938964844,302.5,28394765,0.0,0.0,VEDL
2026-06-16,302.5,304.29998779296875,295.6000061035156,299.95001220703125,21934302,0.0,0.0,VEDL
2026-06-17,299.0,308.20001220703125,297.29998779296875,306.5,17292581,0.0,0.0,VEDL
2026-06-18,307.0,309.0,302.75,306.0,12373677,0.0,0.0,VEDL
2026-06-19,302.3999938964844,304.8999938964844,299.5,300.79998779296875,15040336,0.0,0.0,VEDL
2026-06-22,300.79998779296875,306.79998779296875,300.79998779296875,305.8500061035156,13551008,0.0,0.0,VEDL
2026-06-23,294.5,294.5,279.0,281.70001220703125,174644055,0.0,0.0,VEDL
2026-06-24,280.95001220703125,284.3500061035156,278.1499938964844,282.54998779296875,21011503,0.0,0.0,VEDL
2026-06-25,279.0,279.0,271.3999938964844,273.45001220703125,39094966,0.0,0.0,VEDL
2026-06-26,273.45001220703125,273.45001220703125,273.45001220703125,273.45001220703125,0,0.0,0.0,VEDL
2026-06-29,270.5,287.3999938964844,270.5,284.54998779296875,57647547,0.0,0.0,VEDL
2026-06-30,283.8999938964844,283.8999938964844,278.04998779296875,280.75,17134140,0.0,0.0,VEDL
2026-07-01,280.75,281.0,274.6499938964844,275.54998779296875,15467108,0.0,0.0,VEDL
2026-07-02,277.0,279.75,275.25,276.1000061035156,11185934,0.0,0.0,VEDL
2026-07-03,279.0,282.79998779296875,278.79998779296875,280.3999938964844,12313780,0.0,0.0,VEDL
2026-07-06,281.95001220703125,282.8500061035156,278.54998779296875,282.0,9188601,0.0,0.0,VEDL
2026-07-07,282.0,282.3500061035156,274.1000061035156,275.04998779296875,13028080,0.0,0.0,VEDL
2026-07-08,273.6000061035156,278.79998779296875,270.6499938964844,272.29998779296875,20776930,0.0,0.0,VEDL
2026-07-09,273.25,274.70001220703125,270.79998779296875,271.3500061035156,10018324,0.0,0.0,VEDL
2026-07-10,273.79998779296875,276.75,272.20001220703125,272.54998779296875,11889321,0.0,0.0,VEDL
2026-07-13,271.0,271.25,268.1000061035156,269.6499938964844,9688301,0.0,0.0,VEDL
2026-07-14,269.6499938964844,270.95001220703125,266.20001220703125,267.70001220703125,11000576,0.0,0.0,VEDL
2026-07-15,268.0,271.29998779296875,260.1000061035156,260.54998779296875,21696090,0.0,0.0,VEDL
2026-07-16,261.0,262.3999938964844,256.1000061035156,257.8999938964844,15712716,0.0,0.0,VEDL
2026-07-17,258.0,258.3999938964844,249.6999969482422,253.0500030517578,24108053,0.0,0.0,VEDL
2026-07-20,253.0500030517578,262.95001220703125,252.8000030517578,261.8500061035156,13725150,0.0,0.0,VEDL
2026-07-21,261.8500061035156,266.29998779296875,259.54998779296875,264.8500061035156,11178039,0.0,0.0,VEDL
2026-07-22,264.8500061035156,266.1499938964844,260.95001220703125,262.29998779296875,6972972,0.0,0.0,VEDL
2026-07-23,261.0,268.29998779296875,261.0,264.6000061035156,9488717,0.0,0.0,VEDL
2026-07-24,262.0,266.04998779296875,260.1000061035156,264.6499938964844,6744189,0.0,0.0,VEDL
2026-07-27,267.04998779296875,268.1000061035156,264.0,264.6499938964844,7084059,0.0,0.0,VEDL
2026-07-28,264.6499938964844,266.0,259.0,259.3500061035156,5991534,0.0,0.0,VEDL
2026-07-29,260.1499938964844,265.5,260.1000061035156,264.5,4780075,0.0,0.0,VEDL
2026-07-30,265.3999938964844,269.70001220703125,263.25,267.5,9414948,0.0,0.0,VEDL
2026-07-31,268.79998779296875,269.0,263.0,264.25,15446979,0.0,0.0,VEDL
2026-08-03,267.8999938964844,268.79998779296875,264.5,267.25,6725800,0.0,0.0,VEDL
2026-08-04,268.0,271.8999938964844,266.04998779296875,269.0,14077888,0.0,0.0,VEDL
2026-08-05,270.0,277.20001220703125,267.6000061035156,277.0,17363666,0.0,0.0,VEDL
2026-08-06,280.95001220703125,282.3500061035156,273.6000061035156,275.0,18499108,0.0,0.0,VEDL
2026-08-07,273.95001220703125,278.8500061035156,271.8500061035156,278.8500061035156,10287563,0.0,0.0,VEDL
2026-08-10,280.0,285.79998779296875,277.20001220703125,283.6499938964844,26401833,0.0,0.0,VEDL
2026-08-11,284.8999938964844,286.3999938964844,275.0,275.0,13475283,0.0,0.0,VEDL
2026-08-12,276.25,281.0,273.0,275.79998779296875,10568708,0.0,0.0,VEDL
2026-08-13,276.20001220703125,276.8999938964844,268.75,271.1000061035156,8900356,0.0,0.0,VEDL
2026-08-14,270.0,271.1000061035156,266.54998779296875,267.5,10612499,0.0,0.0,VEDL
2026-08-17,268.0,270.6499938964844,267.04998779296875,269.70001220703125,6638615,0.0,0.0,VEDL
2026-08-18,268.8999938964844,270.5,264.0,264.0,9772133,0.0,0.0,VEDL
2026-08-19,264.0,264.70001220703125,261.3500061035156,262.6000061035156,8301777,0.0,0.0,VEDL
2026-08-20,265.20001220703125,271.95001220703125,265.20001220703125,268.0,9569566,0.0,0.0,VEDL
2026-08-21,270.29998779296875,279.70001220703125,269.0,279.0,23088301,0.0,0.0,VEDL
2026-08-24,280.04998779296875,281.45001220703125,272.3999938964844,277.0,18926670,0.0,0.0,VEDL
2026-08-25,276.0,276.79998779296875,273.0,275.0,7970246,0.0,0.0,VEDL
2026-08-26,275.5,287.0,273.25,286.5,24161109,0.0,0.0,VEDL
2026-08-27,289.0,291.0,279.20001220703125,281.0,13441814,0.0,0.0,VEDL
2026-08-28,283.70001220703125,289.5,282.3999938964844,287.95001220703125,19438996,0.0,0.0,VEDL
2026-08-31,284.0,284.0,276.5,278.20001220703125,16664814,0.0,0.0,VEDL
2026-09-01,280.0,281.95001220703125,272.75,274.0,6769011,0.0,0.0,VEDL
2026-09-02,272.0,272.0,267.75,270.70001220703125,7580567,0.0,0.0,VEDL
2026-09-03,272.0,274.75,268.0,270.5,5945928,0.0,0.0,VEDL
2026-09-04,272.0,274.5,268.8500061035156,272.1000061035156,5992724,0.0,0.0,VEDL
2026-09-07,272.1000061035156,272.5,267.0,268.0,4892640,0.0,0.0,VEDL
2026-09-08,269.29998779296875,272.79998779296875,269.1499938964844,272.0,5812809,0.0,0.0,VEDL
2026-09-09,271.5,275.75,268.54998779296875,272.5,8634652,0.0,0.0,VEDL
2026-09-10,273.75,275.1000061035156,268.79998779296875,269.04998779296875,4834991,0.0,0.0,VEDL
2026-09-11,264.0,264.8500061035156,256.5,263.70001220703125,11843976,0.0,0.0,VEDL
2026-09-14,263.70001220703125,263.70001220703125,263.70001220703125,263.70001220703125,0,0.0,0.0,VEDL
2026-09-15,263.70001220703125,264.3999938964844,253.5500030517578,257.0,9234199,0.0,0.0,VEDL
2026-09-16,256.0,257.70001220703125,252.5,256.0,5794228,0.0,0.0,VEDL
2026-09-17,254.0,257.70001220703125,253.9499969482422,257.45001220703125,3297466,0.0,0.0,VEDL
2026-09-18,258.0,267.6000061035156,258.0,267.6000061035156,8484152,0.0,0.0,VEDL
2026-09-21,264.5,264.5,259.0,260.5,6600043,0.0,0.0,VEDL
2026-09-22,261.0,263.8500061035156,260.20001220703125,263.0,5419840,0.0,0.0,VEDL
2026-09-23,262.79998779296875,271.3500061035156,262.20001220703125,271.0,11735115,0.0,0.0,VEDL
2026-09-24,267.8999938964844,269.3999938964844,264.20001220703125,267.5,5685750,0.0,0.0,VEDL
2026-09-25,266.25,267.25,264.29998779296875,266.3500061035156,3768892,0.0,0.0,VEDL
2026-09-28,264.0,264.3999938964844,258.20001220703125,259.0,7437078,0.0,0.0,VEDL
2026-09-29,259.0,260.5,256.1000061035156,260.0,9517563,0.0,0.0,VEDL
2026-09-30,260.0,260.5,255.14999389648438,259.0,8639213,0.0,0.0,VEDL
2026-10-01,256.3500061035156,257.20001220703125,247.25,252.0500030517578,10127008,0.0,0.0,VEDL
