Date,Open,High,Low,Close,Volume,Dividends,Stock Splits,Symbol
2021-10-04,292.26374420871406,293.95363566304206,290.4596415157127,292.7889709472656,10494244,0.0,0.0,WIPRO
2021-10-05,290.68791759924153,296.648281655295,289.59174651631247,295.43792724609375,10912148,0.0,0.0,WIPRO
2021-10-06,297.05941099680246,297.0822420911735,289.75167668324565,290.3682556152344,9673198,0.0,0.0,WIPRO
2021-10-07,291.8526054877245,296.2144033277149,290.89347662040603,293.6567077636719,7448686,0.0,0.0,WIPRO
2021-10-08,295.11826847405814,304.892345544655,294.5930139651091,301.9692687988281,22091966,0.0,0.0,WIPRO
2021-10-11,296.39713571450636,304.32144879202565,290.0256994196144,298.1555480957031,20422932,0.0,0.0,WIPRO
2021-10-12,297.7901631438024,302.5402014366907,293.47402713637484,301.032958984375,18680432,0.0,0.0,WIPRO
2021-10-13,303.7277202615129,308.15803995196467,299.6171195361691,307.1988830566406,18925882,0.0,0.0,WIPRO
2021-10-14,318.3431943280092,337.91421026044037,317.42972748632195,323.4814453125,118377606,0.0,0.0,WIPRO
2021-10-18,328.3913184230115,329.21343297722336,320.8095550454652,324.1665344238281,21198892,0.0,0.0,WIPRO
2021-10-19,327.52348151764454,333.3925219235251,323.3672190896665,324.9886169433594,21865148,0.0,0.0,WIPRO
2021-10-20,325.92490007028334,330.1040212793967,317.7722211070775,320.6039733886719,16108782,0.0,0.0,WIPRO
2021-10-21,323.8011568086102,323.82398790376624,311.35517137789424,318.0234680175781,15916912,0.0,0.0,WIPRO
2021-10-22,320.5126453632155,322.22539551656365,309.77941106890046,311.67486572265625,10758302,0.0,0.0,WIPRO
2021-10-25,311.8347081021357,312.4969770634307,301.8094050638085,304.96087646484375,17621916,0.0,0.0,WIPRO
2021-10-26,306.49095305063514,310.030637022547,303.7277214608243,305.16644287109375,12193966,0.0,0.0,WIPRO
2021-10-27,305.16642224383696,308.08949918085443,303.01976975964396,306.5137634277344,12631178,0.0,0.0,WIPRO
2021-10-28,306.46809721583435,306.7421260924338,299.1603631540559,300.0281677246094,10357542,0.0,0.0,WIPRO
2021-10-29,300.64476821834535,301.17002279246043,294.25050045525103,295.392333984375,13522634,0.0,0.0,WIPRO
2021-11-01,297.3790987910614,300.0510058460571,295.734869739367,299.36590576171875,8802466,0.0,0.0,WIPRO
2021-11-02,300.0738572081653,301.900790889798,297.3791188770388,298.6123046875,8079378,0.0,0.0,WIPRO
2021-11-03,301.1699955762289,302.2889700322144,296.9680429934171,298.0185241699219,6871182,0.0,0.0,WIPRO
2021-11-04,299.1603371209614,300.370691620335,295.6891748943963,298.56658935546875,1565810,0.0,0.0,WIPRO
2021-11-08,298.22405572932075,301.90075373576707,295.7348533190759,300.6903991699219,9504460,0.0,0.0,WIPRO
2021-11-09,302.8599080978578,304.2986294666921,299.936831047444,300.7361145019531,8284130,0.0,0.0,WIPRO
2021-11-10,299.5714208505745,300.9872831105447,297.5846140159548,298.0641784667969,8091390,0.0,0.0,WIPRO
2021-11-11,296.7625055740467,296.7625055740467,290.8478028887476,293.1314697265625,12067796,0.0,0.0,WIPRO
2021-11-12,295.96325628968196,302.58589088258384,294.9584371898826,301.4668884277344,12126506,0.0,0.0,WIPRO
2021-11-15,302.15194654219744,304.1844155548215,300.14233649884125,300.9416198730469,9435996,0.0,0.0,WIPRO
2021-11-16,300.7132311466244,305.4404098910447,299.0004811846186,302.10626220703125,11327094,0.0,0.0,WIPRO
2021-11-17,302.10629826734385,305.09789631604224,300.530562538856,302.2661437988281,8854994,0.0,0.0,WIPRO
2021-11-18,302.996971582193,304.16163626474787,294.7072485957323,297.53900146484375,7842498,0.0,0.0,WIPRO
2021-11-22,300.53055468027026,301.6495570017787,291.39588736476054,294.15911865234375,11582434,0.0,0.0,WIPRO
2021-11-23,293.54253361587627,296.3971170922311,285.93791208415035,293.58819580078125,9134924,0.0,0.0,WIPRO
2021-11-24,294.27329956034004,295.780514079577,289.1578803305973,290.7107849121094,7985552,0.0,0.0,WIPRO
2021-11-25,290.93916898244606,293.1314836757149,289.1122354252565,290.8021545410156,6661362,0.0,0.0,WIPRO
2021-11-26,288.6554758242545,289.75164700974665,283.01483012935466,283.8369445800781,8277074,0.0,0.0,WIPRO
2021-11-29,281.59892412919356,289.0436717031085,275.8440954221893,288.0160217285156,10376060,0.0,0.0,WIPRO
2021-11-30,288.0160566163606,294.821395089833,287.9703944293412,291.0533447265625,26850200,0.0,0.0,WIPRO
2021-12-01,293.4968716334161,295.02694524920156,289.22642549494674,289.9343566894531,9453644,0.0,0.0,WIPRO
2021-12-02,290.89348709349434,296.00887840575075,287.2852824116927,295.4151306152344,10210456,0.0,0.0,WIPRO
2021-12-03,294.47881933622324,298.6807716163402,292.26367380019167,292.6518859863281,13405010,0.0,0.0,WIPRO
2021-12-06,291.0533930318083,294.22769610669087,284.6134624928475,285.23004150390625,9409906,0.0,0.0,WIPRO
2021-12-07,286.8285275066445,289.82012520384785,284.54486088636867,288.8381652832031,8557090,0.0,0.0,WIPRO
2021-12-08,291.8526297287146,298.2468970467146,291.5100796938217,293.0858154296875,15360658,0.0,0.0,WIPRO
2021-12-09,293.1086051407884,295.7804838850063,291.32733406011704,293.7708740234375,6865604,0.0,0.0,WIPRO
2021-12-10,293.2913727826562,295.0041230841741,290.07137991436616,291.5101013183594,8525212,0.0,0.0,WIPRO
2021-12-13,293.9079217700308,299.86828663616245,292.4007072337481,294.7757263183594,13123680,0.0,0.0,WIPRO
2021-12-14,295.0497747388622,297.74451293440853,291.9668243062193,295.4608459472656,8609412,0.0,0.0,WIPRO
2021-12-15,295.36944778463874,295.36944778463874,290.18550780346146,290.66510009765625,7123544,0.0,0.0,WIPRO
2021-12-16,294.13627048568844,296.83100833805935,292.0353082757927,294.2732849121094,12437240,0.0,0.0,WIPRO
2021-12-17,301.4440847260429,309.11720130734614,296.92241230443295,306.3768005371094,104600018,0.0,0.0,WIPRO
2021-12-20,304.89235281084615,309.43685537660645,302.8142215714983,304.1615905761719,26298202,0.0,0.0,WIPRO
2021-12-21,308.75176512031607,318.38882829509976,306.46809821853856,315.51141357421875,27362096,0.0,0.0,WIPRO
2021-12-22,317.8407886557051,317.8407886557051,311.1268020064515,313.1592712402344,12327754,0.0,0.0,WIPRO
2021-12-23,315.19171289321474,320.6268515850467,314.73497948639846,317.22418212890625,12944908,0.0,0.0,WIPRO
2021-12-24,318.6856827032688,320.80950384978604,315.21452052751437,319.0054016113281,13182426,0.0,0.0,WIPRO
2021-12-27,319.6448535141134,320.1701080660806,315.67129530174697,319.5306701660156,10188656,0.0,0.0,WIPRO
2021-12-28,321.08354289068274,323.1388429518606,320.4212739622783,322.2025451660156,10158044,0.0,0.0,WIPRO
2021-12-29,322.1111597993516,324.2806429741788,319.736141064183,321.4032287597656,7898416,0.0,0.0,WIPRO
2021-12-30,322.0426894469163,328.8023656539596,321.54029388843276,326.1532897949219,18087350,0.0,0.0,WIPRO
2021-12-31,326.92974824310363,328.29994838484066,323.8696290178655,326.7242126464844,8549558,0.0,0.0,WIPRO
2022-01-03,327.93452304469884,331.95377067657404,327.02105640669134,328.2542419433594,9280810,0.0,0.0,WIPRO
2022-01-04,330.10402825898126,330.2638737805451,324.9886091706509,329.5331115722656,10228800,0.0,0.0,WIPRO
2022-01-05,328.84800868846355,329.23622088133766,321.0835418166526,325.8792419433594,14711264,0.0,0.0,WIPRO
2022-01-06,322.3624307041974,325.308366732947,319.69055144370043,322.339599609375,12883220,0.0,0.0,WIPRO
2022-01-07,323.36722301448305,329.5331234533185,323.18451851743026,324.9657897949219,13120326,0.0,0.0,WIPRO
2022-01-10,323.8239657643379,323.8239657643379,315.14603156190856,316.7445983886719,27537820,0.0,0.0,WIPRO
2022-01-11,317.429655039491,319.0053905571313,314.68925513986954,317.04144287109375,15487458,0.0,0.0,WIPRO
2022-01-12,319.7133276560822,320.5126109752224,312.0402133676942,315.7625732421875,23460682,0.0,0.0,WIPRO
2022-01-13,302.90555056411574,304.184398315007,295.9631983605473,296.7624816894531,61505934,0.0,0.0,WIPRO
2022-01-14,296.5341536924028,296.5341536924028,290.7108029652898,292.218017578125,26514548,0.0,0.0,WIPRO
2022-01-17,292.0809641959188,297.6302852996926,289.13502864548076,295.34661865234375,20457876,0.0,0.0,WIPRO
2022-01-18,296.37432561352546,296.876721221798,288.26730745708403,289.249267578125,14329980,0.0,0.0,WIPRO
2022-01-19,288.198732829042,288.4956206459053,282.71793283863235,283.6999206542969,17382766,0.0,0.0,WIPRO
2022-01-20,283.4715939459671,284.27087739056816,278.83573881656287,280.9823913574219,16827124,0.0,0.0,WIPRO
2022-01-21,279.06096444325055,279.5184414341411,274.8521705426213,276.79644775390625,19646694,0.5,0.0,WIPRO
2022-01-24,277.00233063183725,277.00233063183725,260.0528129298827,262.01995849609375,26150716,0.0,0.0,WIPRO
2022-01-25,257.33077075892174,261.67680155396135,251.93254861899194,257.4222717285156,34712370,0.0,0.0,WIPRO
2022-01-27,253.89969453290823,254.76891186324255,245.75661081520687,249.21055603027344,31351744,0.0,0.0,WIPRO
2022-01-28,251.65809703872236,258.4516475256847,250.07982366056814,252.595947265625,29899780,0.0,0.0,WIPRO
2022-01-31,260.3043880719008,262.77477480419583,257.35365612004216,261.9512939453125,26252174,0.0,0.0,WIPRO
2022-02-01,265.2908771387845,266.4345694390514,259.13780697891343,263.8040771484375,20920202,0.0,0.0,WIPRO
2022-02-02,266.2515981246014,269.91141390638285,263.04925931554266,268.9964599609375,16368826,0.0,0.0,WIPRO
2022-02-03,267.4868039730445,269.3624484795502,263.5753812588271,264.53607177734375,14082780,0.0,0.0,WIPRO
2022-02-04,263.9641928862525,264.3301688517461,259.8697687119871,261.56243896484375,13633558,0.0,0.0,WIPRO
2022-02-07,261.63106895469906,262.50025837343935,254.17417261466935,254.8146514892578,15091358,0.0,0.0,WIPRO
2022-02-08,256.8275928606563,258.8404748594752,253.64812220183867,256.3014831542969,13953814,0.0,0.0,WIPRO
2022-02-09,258.20004032671613,261.10500822437854,257.6967988532202,260.28155517578125,10207476,0.0,0.0,WIPRO
2022-02-10,261.859824938504,262.9348846332922,259.0234621818606,262.4316711425781,11603824,0.0,0.0,WIPRO
2022-02-11,258.9319786054633,258.9319786054633,254.86042218996838,256.8504638671875,15442458,0.0,0.0,WIPRO
2022-02-14,251.6123303181569,254.8833017811641,247.03756067600858,247.81527709960938,16241546,0.0,0.0,WIPRO
2022-02-15,249.59938938970456,258.5888217847034,248.52432982669632,257.7196044921875,13676992,0.0,0.0,WIPRO
2022-02-16,258.543159775347,260.8991497730299,255.0663175254274,257.9713134765625,14607822,0.0,0.0,WIPRO
2022-02-17,261.6768475478217,261.8598495191749,256.71323319939694,258.42877197265625,14228840,0.0,0.0,WIPRO
2022-02-18,255.72962126300067,258.7947224869033,254.05981918606167,257.30792236328125,13411838,0.0,0.0,WIPRO
2022-02-21,254.24284531725718,261.9970861299929,254.08273953451257,261.12786865234375,17534002,0.0,0.0,WIPRO
2022-02-22,254.4715833431966,260.3044151411755,254.40295062376,258.0856628417969,21490124,0.0,0.0,WIPRO
2022-02-23,260.3958990623162,261.17361550218476,257.39943046846633,259.4351806640625,14408512,0.0,0.0,WIPRO
2022-02-24,250.6973785847571,254.7689347707896,242.98890283911533,245.7337646484375,26953888,0.0,0.0,WIPRO
2022-02-25,250.6973909380628,255.61526858876385,250.46865244268136,254.01409912109375,15922624,0.0,0.0,WIPRO
2022-02-28,252.06981736233897,256.23284673429725,248.91321501415672,254.2657012939453,18316874,0.0,0.0,WIPRO
2022-03-02,253.8997099620872,255.40937832877762,251.7953271384796,253.9912109375,16354110,0.0,0.0,WIPRO
2022-03-03,257.55956138703,263.4838943603864,256.3472361192664,260.5560302734375,25911326,0.0,0.0,WIPRO
2022-03-04,256.6445778914385,265.3366402442679,253.46510739373102,263.1864929199219,26948372,0.0,0.0,WIPRO
2022-03-07,257.55955498821135,265.1765583250298,257.2164472328985,261.60821533203125,21112334,0.0,0.0,WIPRO
2022-03-08,261.67681799720947,270.2545108948453,261.67681799720947,268.7448425292969,22039998,0.0,0.0,WIPRO
2022-03-09,268.9964757018574,272.83929366647027,266.32024642369566,267.852783203125,23527232,0.0,0.0,WIPRO
2022-03-10,272.1988095317148,272.88502501792925,267.4410376584231,269.11083984375,16161966,0.0,0.0,WIPRO
2022-03-11,268.53898014025174,269.91141104386463,266.4345972569166,268.1730041503906,9927188,0.0,0.0,WIPRO
2022-03-14,268.2645375558752,274.8521899362171,268.0815355777345,273.639892578125,15006442,0.0,0.0,WIPRO
2022-03-15,276.1788539745439,276.1788539745439,267.3037895362206,268.8592224121094,13853244,0.0,0.0,WIPRO
2022-03-16,272.3131769469628,274.2345858798695,271.0551152307022,273.68560791015625,11150296,0.0,0.0,WIPRO
2022-03-17,276.773532417718,279.51839389624087,274.0286709391952,275.0351257324219,16881290,0.0,0.0,WIPRO
2022-03-21,276.81932763728,281.80583821614584,273.5712520345052,274.4862060546875,15592952,0.0,0.0,WIPRO
2022-03-22,276.0415963761215,279.5184099463545,272.7248885657924,279.08380126953125,15580500,0.0,0.0,WIPRO
2022-03-23,280.8680472696901,281.3483925994475,278.0088156375819,279.6099853515625,11393836,0.0,0.0,WIPRO
2022-03-24,277.6885537011917,280.7993918814475,277.1395756876921,279.3125915527344,7751490,0.0,0.0,WIPRO
2022-03-25,279.5184480246702,280.8908790297013,273.2281392516109,276.01873779296875,11986194,0.0,0.0,WIPRO
2022-03-28,278.1459818133136,278.6034587570855,273.15947195732923,274.5776672363281,11476810,0.0,0.0,WIPRO
2022-03-29,275.8586518473645,276.93371170973757,274.09737643313235,275.6299133300781,9402006,0.0,0.0,WIPRO
2022-03-30,276.8192876084858,278.740696357464,274.2574278912993,274.8521423339844,15488764,0.0,0.0,WIPRO
2022-03-31,274.48613020214094,275.9957983338181,270.0028623266072,270.78057861328125,14476178,0.0,0.0,WIPRO
2022-04-01,270.6891251801796,276.0416112433548,269.5911692977208,275.30963134765625,8567994,0.0,0.0,WIPRO
2022-04-04,276.7735596619684,277.45977509914684,274.0286979132547,277.04803466796875,8855948,0.0,0.0,WIPRO
2022-04-05,279.2852735310903,281.1534739204729,275.8717500346014,276.3791809082031,12862488,2.5,0.0,WIPRO
2022-04-06,275.84871599941715,275.84871599941715,272.6197176515979,273.7959899902344,8235902,0.0,0.0,WIPRO
2022-04-07,273.08102791676816,273.08102791676816,266.39238787488785,267.93768310546875,15721530,0.0,0.0,WIPRO
2022-04-08,270.31328816812135,270.774573642811,267.7762180573284,269.2292785644531,8636632,0.0,0.0,WIPRO
2022-04-11,269.3907496305936,269.5060710131409,262.0562984387288,263.4401550292969,17164216,0.0,0.0,WIPRO
2022-04-12,262.01010231773,262.01010231773,256.5669403300826,257.72015380859375,16338532,0.0,0.0,WIPRO
2022-04-13,258.3198589206011,260.8569289635713,255.82890616201468,257.9508361816406,11204576,0.0,0.0,WIPRO
2022-04-18,253.6378106643314,253.6378106643314,247.2490180093382,248.44834899902344,18930062,0.0,0.0,WIPRO
2022-04-19,250.93930117422917,251.6542880374574,242.65922117551352,244.6888885498047,13286008,0.0,0.0,WIPRO
2022-04-20,247.24901729416646,249.34786059736047,245.10402855019103,247.4796600341797,8660976,0.0,0.0,WIPRO
2022-04-21,249.55543637928415,250.2473645762692,247.87173317143495,248.72512817382812,13388782,0.0,0.0,WIPRO
2022-04-22,246.78771154152417,249.48622011615464,244.78113113009425,248.03318786621094,9782424,0.0,0.0,WIPRO
2022-04-25,244.4582457002459,245.01179390704382,241.3906859971046,244.18145751953125,9473768,0.0,0.0,WIPRO
2022-04-26,247.71029252244662,248.05625661814838,243.14355519733158,244.1353302001953,8718740,0.0,0.0,WIPRO
2022-04-27,243.09746753798925,243.09746753798925,237.33139857361567,239.38412475585938,16275078,0.0,0.0,WIPRO
2022-04-28,241.71359309201856,242.93601088382127,238.02330922801826,241.0447235107422,13241338,0.0,0.0,WIPRO
2022-04-29,243.78937102058387,243.78937102058387,233.87173341047497,234.70204162597656,24151260,0.0,0.0,WIPRO
2022-05-02,237.79268746424202,239.40718679717094,227.2292517871135,228.33633422851562,43822854,0.0,0.0,WIPRO
2022-05-04,230.64273277635678,232.41868463419777,225.6839140216651,226.83712768554688,17267854,0.0,0.0,WIPRO
2022-05-05,231.10401251199406,232.34948886903257,228.93596524672404,231.17320251464844,10869532,0.0,0.0,WIPRO
2022-05-06,226.02988835322532,226.44504247555378,221.87831897530893,223.76959228515625,18441782,0.0,0.0,WIPRO
2022-05-09,222.3395959375333,225.73004694830937,218.92608628424586,222.8700714111328,16675250,0.0,0.0,WIPRO
2022-05-10,222.80087252865277,223.14683661643016,219.64106437815613,220.33299255371094,14969534,0.0,0.0,WIPRO
2022-05-11,221.44010770834626,222.31656145607545,213.3676111279124,217.68063354492188,21029342,0.0,0.0,WIPRO
2022-05-12,215.9277338489295,219.5718862891049,213.1830796393895,218.5570526123047,14573000,0.0,0.0,WIPRO
2022-05-13,221.18637703499635,221.18637703499635,215.42030881197766,216.18142700195312,16775318,0.0,0.0,WIPRO
2022-05-16,218.64930451221954,218.81075723607762,214.49773543920273,215.881591796875,7314066,0.0,0.0,WIPRO
2022-05-17,217.2654585033362,225.56859704486496,216.01998209118065,224.4845733642578,11321450,0.0,0.0,WIPRO
2022-05-18,226.44503914818844,228.4516338001598,221.69380433864697,221.99363708496094,15390968,0.0,0.0,WIPRO
2022-05-19,215.02821439616716,218.55704535023966,207.57845703149968,208.1089324951172,22945978,0.0,0.0,WIPRO
2022-05-20,213.11388773555257,213.20615046073655,209.88488943652905,212.00680541992188,12731912,0.0,0.0,WIPRO
2022-05-23,213.9441964810998,215.7893383708111,211.03810363573066,214.9590301513672,14111568,0.0,0.0,WIPRO
2022-05-24,216.08920072327285,216.6196762392349,211.26876155895954,212.16827392578125,13779460,0.0,0.0,WIPRO
2022-05-25,212.26049683140852,212.58340227707484,204.4417169065826,205.2028350830078,15481506,0.0,0.0,WIPRO
2022-05-26,205.73334314796404,209.7465328268444,204.81077210245746,209.12379455566406,11583082,0.0,0.0,WIPRO
2022-05-27,212.1913378573896,215.85856334911253,210.4615171683348,215.39727783203125,11414472,0.0,0.0,WIPRO
2022-05-30,218.257222278028,222.10895885557642,218.257222278028,219.6872100830078,12291148,0.0,0.0,WIPRO
2022-05-31,219.52575612777386,221.7629935111603,216.98868599920104,220.51751708984375,31587004,0.0,0.0,WIPRO
2022-06-01,220.93270869388687,220.93270869388687,216.1122693078542,217.15016174316406,10514566,0.0,0.0,WIPRO
2022-06-02,217.63446699101206,219.77945556887053,215.9277192934814,218.71849060058594,10535040,0.0,0.0,WIPRO
2022-06-03,221.25557950100267,225.10731610640116,218.87996207476917,219.34124755859375,23269778,0.0,0.0,WIPRO
2022-06-06,217.72675572485116,219.34125497281087,214.1287344603246,218.28030395507812,13791156,0.0,0.0,WIPRO
2022-06-07,216.8041621761484,217.15012626472736,214.56692492120817,215.7201385498047,4701342,0.0,0.0,WIPRO
2022-06-08,217.28852599249262,217.72675284206304,214.17484891265377,216.9886932373047,5627652,0.0,0.0,WIPRO
2022-06-09,215.44336806028068,219.64106855391512,214.15177440561547,219.13365173339844,7402238,0.0,0.0,WIPRO
2022-06-10,215.51258136212,215.51258136212,210.48455838051146,212.62954711914062,17453098,0.0,0.0,WIPRO
2022-06-13,207.60150321564876,208.96230087212138,205.27201741301104,205.77943420410156,14130822,0.0,0.0,WIPRO
2022-06-14,202.96561327979379,209.28523005147733,202.04304231034016,205.68719482421875,13056384,0.0,0.0,WIPRO
2022-06-15,206.8634704199446,207.87828998679188,202.64269719395045,203.01173400878906,11391596,0.0,0.0,WIPRO
2022-06-16,205.7332970995798,206.07926116420916,193.62455483755298,194.8008270263672,17944686,0.0,0.0,WIPRO
2022-06-17,191.89478093696795,193.16331614748876,185.45984214721724,186.91290283203125,41550546,0.0,0.0,WIPRO
2022-06-20,188.6657733782941,192.77121159722398,186.42853584184124,191.27203369140625,20750838,0.0,0.0,WIPRO
2022-06-21,193.7399068214307,196.85358389534656,192.19459760632037,196.1155242919922,12187804,0.0,0.0,WIPRO
2022-06-22,194.9853835851022,194.9853835851022,189.265432208199,189.7036590576172,16202862,0.0,0.0,WIPRO
2022-06-23,190.280267149889,194.10893113676636,189.7267189236174,193.3016815185547,19655010,0.0,0.0,WIPRO
2022-06-24,194.20119191639458,196.50761937383396,191.77944308608326,193.16329956054688,15362102,0.0,0.0,WIPRO
2022-06-27,196.9689006913176,198.69872124774017,195.58504424617954,196.0001983642578,12447870,0.0,0.0,WIPRO
2022-06-28,194.66246458603808,197.937594175342,191.75637181200668,197.08421325683594,12091828,0.0,0.0,WIPRO
2022-06-29,193.7399123356729,195.95407713143973,192.54056720575068,194.08587646484375,16684176,0.0,0.0,WIPRO
2022-06-30,194.61633900518757,195.12375584293727,191.4334720444893,191.91781616210938,12123284,0.0,0.0,WIPRO
2022-07-01,191.43347717574423,195.21602380146842,189.77284660646737,194.6624755859375,8907248,0.0,0.0,WIPRO
2022-07-04,194.1781274619955,194.54715021321644,191.8947587165336,193.87828063964844,6372716,0.0,0.0,WIPRO
2022-07-05,194.24733052414737,195.1468288196998,190.53397373281584,190.78768920898438,11513210,0.0,0.0,WIPRO
2022-07-06,193.09410256925398,193.09410256925398,190.557032457821,191.91781616210938,10522910,0.0,0.0,WIPRO
2022-07-07,193.73990972656452,195.56199307991943,192.44831595931393,194.1089324951172,10706024,0.0,0.0,WIPRO
2022-07-08,195.58504890640248,195.90795438222156,192.1484663548329,193.3247528076172,9535432,0.0,0.0,WIPRO
2022-07-11,191.31816091965968,191.4334822945359,187.07432869328804,189.68060302734375,16689574,0.0,0.0,WIPRO
2022-07-12,188.66574957296646,191.36427227840952,188.2044641216878,188.7349395751953,9777472,0.0,0.0,WIPRO
2022-07-13,190.049620064793,190.049620064793,186.98207440105503,187.6048126220703,11956780,0.0,0.0,WIPRO
2022-07-14,189.4038345825394,189.4038345825394,184.7448480825961,185.18307495117188,13161242,0.0,0.0,WIPRO
2022-07-15,184.95242164327504,186.40546811185948,180.36262541670615,181.6772918701172,22328354,0.0,0.0,WIPRO
2022-07-18,184.0529153693083,187.14353386483225,182.96889162372506,186.70530700683594,13632394,0.0,0.0,WIPRO
2022-07-19,185.89803401041758,188.11219851162576,185.06772584179316,187.1204376220703,12897178,0.0,0.0,WIPRO
2022-07-20,189.4960693316784,192.58668767499378,187.78932150406186,190.0957489013672,25237412,0.0,0.0,WIPRO
2022-07-21,188.59655082035036,192.58666697331674,185.71351688362407,190.97216796875,45382342,0.0,0.0,WIPRO
2022-07-22,191.77943046556743,192.54054866097198,188.688812245058,189.51913452148438,15468542,0.0,0.0,WIPRO
2022-07-25,189.35771015083247,191.73332781594587,188.45819773599786,191.3412322998047,12535662,0.0,0.0,WIPRO
2022-07-26,191.34123266872288,191.6180068028454,186.49773459218883,186.91290283203125,15186298,0.0,0.0,WIPRO
2022-07-27,186.7975796429029,187.92772073677523,185.4137230629895,187.58175659179688,14084158,0.0,0.0,WIPRO
2022-07-28,189.9573403756143,192.35603031745322,189.5421862911115,191.89474487304688,15898464,0.0,0.0,WIPRO
2022-07-29,194.01668267736275,195.72343056832213,192.72507484054668,195.44667053222656,15919784,0.0,0.0,WIPRO
2022-08-01,196.59987056396665,198.76790380032108,194.93924007661496,197.89146423339844,10365748,0.0,0.0,WIPRO
2022-08-02,197.86842589981237,199.11388833517083,195.88488975286006,198.1682586669922,16912426,0.0,0.0,WIPRO
2022-08-03,197.89147364219366,199.73661558757541,197.1995454126755,199.43678283691406,12034938,0.0,0.0,WIPRO
2022-08-04,201.60480311075196,203.10398084421598,197.01502126545873,200.8898162841797,17789134,0.0,0.0,WIPRO
2022-08-05,201.18965481545735,203.88817762895064,201.18965481545735,202.96560668945312,12967586,0.0,0.0,WIPRO
2022-08-08,204.25721051761593,204.25721051761593,200.75145203527518,201.05128479003906,9557496,0.0,0.0,WIPRO
2022-08-10,200.65918874251471,201.12047423387682,196.64599933673802,198.4219512939453,11329742,0.0,0.0,WIPRO
2022-08-11,202.04305675524617,203.88819882607032,201.25886574421918,202.25064086914062,9154644,0.0,0.0,WIPRO
2022-08-12,201.6278809270961,202.27367776698944,200.65917862859843,201.16659545898438,7092398,0.0,0.0,WIPRO
2022-08-16,202.27366545292213,202.87333089403464,201.397225932329,201.62786865234375,4774208,0.0,0.0,WIPRO
2022-08-17,201.69707789962462,205.22590903712228,201.42030379373315,204.37252807617188,10401476,0.0,0.0,WIPRO
2022-08-18,203.77285396112632,203.77285396112632,200.2209502532321,200.68223571777344,16888260,0.0,0.0,WIPRO
2022-08-19,202.48125026856158,204.11880795569846,198.81402537605882,199.48289489746094,17253908,0.0,0.0,WIPRO
2022-08-22,198.76790752243915,198.76790752243915,193.3016718513155,193.73989868164062,12900580,0.0,0.0,WIPRO
2022-08-23,191.43347709885168,193.04797630329983,189.12704966392576,192.19459533691406,17028776,0.0,0.0,WIPRO
2022-08-24,192.7250616833796,193.50925260495748,191.13363527521068,191.9639434814453,7429170,0.0,0.0,WIPRO
2022-08-25,193.41700082921545,193.78603766856503,191.41042020434844,191.52574157714844,8753902,0.0,0.0,WIPRO
2022-08-26,193.047966081129,194.89310793136679,192.03313243257216,192.4713592529297,7904194,0.0,0.0,WIPRO
2022-08-29,186.82059992719857,187.44333807575208,184.05288733568452,186.52076721191406,23519514,0.0,0.0,WIPRO
2022-08-30,188.73494938547014,191.8716990635993,187.39722432269127,190.7646026611328,19750992,0.0,0.0,WIPRO
2022-09-01,189.0809250296679,189.88817466062417,186.75143886840632,189.3346405029297,11778706,0.0,0.0,WIPRO
2022-09-02,190.30329357217423,190.39555628670323,187.7892964903674,188.06607055664062,9815080,0.0,0.0,WIPRO
2022-09-05,187.74318246335784,188.20446792395578,186.35932608156403,187.05125427246094,18018508,0.0,0.0,WIPRO
2022-09-06,187.7431820812437,187.90463480758737,185.090790688204,186.56690979003906,18226162,0.0,0.0,WIPRO
2022-09-07,185.482895003967,188.59657200539056,184.97547815864226,187.95077514648438,12248532,0.0,0.0,WIPRO
2022-09-08,189.12703127090782,191.13362575961085,188.94251990952108,190.4186248779297,14064948,0.0,0.0,WIPRO
2022-09-09,192.35604192821935,193.48619696615785,189.74978182547036,192.42523193359375,14671342,0.0,0.0,WIPRO
2022-09-12,193.67071460398418,195.76955793968344,192.8403922806878,194.6624755859375,11678424,0.0,0.0,WIPRO
2022-09-13,196.00020315021254,196.5076200079498,194.43183528955595,194.96231079101562,9408334,0.0,0.0,WIPRO
2022-09-14,188.66574868352166,194.98536496717185,188.66574868352166,192.0331268310547,17583964,0.0,0.0,WIPRO
2022-09-15,193.60153182604586,194.15506598493153,190.62623469176327,191.45654296875,10640314,0.0,0.0,WIPRO
2022-09-16,190.39558608795036,190.39558608795036,184.60645881662654,185.2753143310547,20192486,0.0,0.0,WIPRO
2022-09-19,186.8206266857934,187.37417491430742,183.1303427018765,185.41371154785156,13584188,0.0,0.0,WIPRO
2022-09-20,187.28189190596788,188.8502596138554,186.56690509242517,186.77447509765625,8989822,0.0,0.0,WIPRO
2022-09-21,187.23578602223844,187.23578602223844,184.283561568519,184.86016845703125,19290112,0.0,0.0,WIPRO
2022-09-22,183.59160112104072,184.6756246968916,182.20774483118362,183.56854248046875,16500324,0.0,0.0,WIPRO
2022-09-23,183.63774898459198,184.23741446650146,181.5850230058823,181.90792846679688,13966710,0.0,0.0,WIPRO
2022-09-26,180.82391526934856,184.14517648685492,177.41040539860472,182.11550903320312,18994144,0.0,0.0,WIPRO
2022-09-27,183.03807869854973,185.1599947900099,180.82391395452285,183.77613830566406,12454694,0.0,0.0,WIPRO
2022-09-28,182.66904024763056,184.7448247958991,182.36920751723252,183.6146697998047,8921590,0.0,0.0,WIPRO
2022-09-29,184.975478721214,185.3906328405366,180.61632527503713,181.19293212890625,11883068,0.0,0.0,WIPRO
2022-09-30,181.03147772226197,182.9919408548602,178.7481091486629,181.86178588867188,13570530,0.0,0.0,WIPRO
2022-10-03,181.7003377282187,183.5916109072996,180.1781013591595,181.97711181640625,8140834,0.0,0.0,WIPRO
2022-10-04,184.49112559706845,187.2818970027599,184.0528987785744,187.05125427246094,12591696,0.0,0.0,WIPRO
2022-10-06,188.82723574944794,190.51092512943836,187.95079605220937,189.19625854492188,11203878,0.0,0.0,WIPRO
2022-10-07,189.03478723428682,189.93429956625556,187.39722938382835,188.2506103515625,7580186,0.0,0.0,WIPRO
2022-10-10,184.65257473314475,190.74154878976617,184.3988733463338,189.72671508789062,18714926,0.0,0.0,WIPRO
2022-10-11,191.38732020955973,192.7711764859518,185.57512103325024,186.5438232421875,22723292,0.0,0.0,WIPRO
2022-10-12,186.47466500609752,188.94254526814737,185.2522612358684,188.18142700195312,12610118,0.0,0.0,WIPRO
2022-10-13,178.5174738690726,180.98535390727343,174.41203607100914,174.87332153320312,84896212,0.0,0.0,WIPRO
2022-10-14,178.51748953319023,178.7481322845251,173.5586703794905,174.0430145263672,27864794,0.0,0.0,WIPRO
2022-10-17,174.04301792146745,174.80415027757323,171.78272172975684,173.0281982421875,16909538,0.0,0.0,WIPRO
2022-10-18,176.99524353689736,177.24894491886732,174.5504220571443,174.965576171875,22328480,0.0,0.0,WIPRO
2022-10-19,175.842022246761,175.842022246761,173.92767633392336,174.3889617919922,10198278,0.0,0.0,WIPRO
2022-10-20,173.90462308911165,176.48782454993022,173.44333761672672,175.98040771484375,11868814,0.0,0.0,WIPRO
2022-10-21,176.44169355452456,176.8107163022745,175.38074259675687,176.46475219726562,8931540,0.0,0.0,WIPRO
2022-10-24,178.24070457039346,178.24070457039346,177.13362224681396,177.45652770996094,3472470,0.0,0.0,WIPRO
2022-10-25,178.263794058461,178.263794058461,176.97218616169673,177.4334716796875,5783256,0.0,0.0,WIPRO
2022-10-27,178.05620402474742,178.494430883196,175.79590787720224,176.51089477539062,11723118,0.0,0.0,WIPRO
2022-10-28,176.5800745962631,177.9870037445671,176.21105184635925,176.78765869140625,7609676,0.0,0.0,WIPRO
2022-10-31,178.3098907470703,179.1632716722198,177.47958254154472,178.3098907470703,6638382,0.0,0.0,WIPRO
2022-11-01,178.9787846055459,181.28521224221532,178.3329876827419,181.00843811035156,11540196,0.0,0.0,WIPRO
2022-11-02,181.21600234958493,182.1385733030487,180.20116866984856,181.72341918945312,6716614,0.0,0.0,WIPRO
2022-11-03,179.78603378747573,181.63117589177313,177.84862894703667,179.2094268798828,10312476,0.0,0.0,WIPRO
2022-11-04,179.20939974254432,181.0084102063501,177.89473337684643,180.155029296875,9023630,0.0,0.0,WIPRO
2022-11-07,181.28520524182082,182.1385862498983,178.7942663058698,180.59327697753906,8252598,0.0,0.0,WIPRO
2022-11-09,181.7695428580261,181.93099559601472,179.50924675813374,180.33956909179688,6862546,0.0,0.0,WIPRO
2022-11-10,179.34777427996977,180.40873924332107,178.51746611501179,179.39390563964844,5494908,0.0,0.0,WIPRO
2022-11-11,183.8222605187148,187.2127115520262,183.2456536789447,184.3758087158203,28417046,0.0,0.0,WIPRO
2022-11-14,185.73661987821018,185.73661987821018,182.46148972852322,182.9227752685547,17623428,0.0,0.0,WIPRO
2022-11-15,183.61469333196743,184.3066216034015,181.74649263002206,183.1995391845703,12462712,0.0,0.0,WIPRO
2022-11-16,184.0529190896819,185.29839560166656,182.76132528840026,183.7069549560547,11039528,0.0,0.0,WIPRO
2022-11-17,183.5454901363032,183.59162149988185,182.2077650564154,183.0150146484375,6057616,0.0,0.0,WIPRO
2022-11-18,183.5224338181142,184.00677794853704,181.19293366237844,181.6772918701172,9546202,0.0,0.0,WIPRO
2022-11-21,181.6773005068456,181.95407462766582,178.79426607604415,179.2786102294922,7904612,0.0,0.0,WIPRO
2022-11-22,179.44007157502574,179.62458297197878,177.36428668534035,179.34780883789062,8410828,0.0,0.0,WIPRO
2022-11-23,180.247293208573,180.8008413906194,178.97875819558882,179.32472229003906,6717760,0.0,0.0,WIPRO
2022-11-24,179.8552181195416,184.39888322330913,179.5092539859144,183.7069549560547,13370266,0.0,0.0,WIPRO
2022-11-25,184.052906935779,186.54384571794293,182.6229191290855,185.8057861328125,13648550,0.0,0.0,WIPRO
2022-11-28,185.80577129065284,188.87333075639847,185.436748566223,187.1204376220703,13679200,0.0,0.0,WIPRO
2022-11-29,185.8980552811455,188.619636897838,185.8519239159847,186.8898162841797,9102602,0.0,0.0,WIPRO
2022-11-30,187.6970672607422,188.20448412654662,185.736603884424,187.6970672607422,13892346,0.0,0.0,WIPRO
2022-12-01,190.44170581134932,192.05620492842718,189.88815762599657,190.83380126953125,15852984,0.0,0.0,WIPRO
2022-12-02,190.8799124111717,190.92604377135237,188.688806537078,190.23411560058594,11726622,0.0,0.0,WIPRO
2022-12-05,190.62621366300854,191.41040456490148,189.42686866841956,190.2110595703125,9947062,0.0,0.0,WIPRO
2022-12-06,189.35769090067248,190.32639323109646,188.11221446479658,189.74978637695312,8832518,0.0,0.0,WIPRO
2022-12-07,188.66576453408152,188.8964072780107,186.9590025980791,187.4202880859375,6568616,0.0,0.0,WIPRO
2022-12-08,187.85850503029758,188.20446912795927,186.0364218183533,186.220947265625,8940712,0.0,0.0,WIPRO
2022-12-09,187.28189816940994,187.28189816940994,180.477937583206,181.76953125,15423336,0.0,0.0,WIPRO
2022-12-12,181.23906481190468,183.3609808650515,178.97876874374836,182.83050537109375,10365880,0.0,0.0,WIPRO
2022-12-13,183.75306192741718,184.2143473776794,182.669038303838,183.47628784179688,6813842,0.0,0.0,WIPRO
2022-12-14,184.8832108067169,186.58997267721213,184.16822395890466,184.53724670410156,9995152,0.0,0.0,WIPRO
2022-12-15,184.39886150981388,184.39886150981388,181.76952877293184,182.30001831054688,7766926,0.0,0.0,WIPRO
2022-12-16,180.54711362379862,182.1154812628414,179.00180462522,179.78599548339844,18012634,0.0,0.0,WIPRO
2022-12-19,179.18632899607212,180.13195848652262,177.91779407715293,179.4630889892578,8838046,0.0,0.0,WIPRO
2022-12-20,179.34778810399052,179.85520494493824,176.67233796417983,179.4169921875,8778558,0.0,0.0,WIPRO
2022-12-21,180.31649694995494,181.40052067728496,178.9095818229266,179.6707000732422,10215214,0.0,0.0,WIPRO
2022-12-22,179.9474604755125,180.8008413906194,178.05618727705485,179.32472229003906,9093800,0.0,0.0,WIPRO
2022-12-23,177.13363353935628,177.98701453723572,173.90463501129508,174.2044677734375,12120710,0.0,0.0,WIPRO
2022-12-26,174.36592075984518,176.0265513920689,173.58172977100395,175.51913452148438,7261148,0.0,0.0,WIPRO
2022-12-27,176.4417039275554,178.67894142027004,175.40381155151096,178.33297729492188,7685840,0.0,0.0,WIPRO
2022-12-28,177.5949114022269,179.693754724236,176.78766180494404,178.88650512695312,7676002,0.0,0.0,WIPRO
2022-12-29,178.1714843925725,180.87000677747602,177.5026149367431,180.2472686767578,9485398,0.0,0.0,WIPRO
2022-12-30,181.2851974710699,182.8074339563128,180.6163278800085,181.1698760986328,8256556,0.0,0.0,WIPRO
2023-01-02,181.2851994128326,181.70035354258962,180.13198567610976,181.30825805664062,5559512,0.0,0.0,WIPRO
2023-01-03,181.30823955716556,183.476286791918,180.6855154647267,183.15338134765625,5994422,0.0,0.0,WIPRO
2023-01-04,183.36097577544953,183.36097577544953,179.25553787543714,179.76295471191406,8926522,0.0,0.0,WIPRO
2023-01-05,179.90133175431748,180.91616541052434,177.01829759158804,178.47134399414062,9568980,0.0,0.0,WIPRO
2023-01-06,178.5174715930879,179.3477797835251,175.93427022227272,176.21104431152344,8484754,0.0,0.0,WIPRO
2023-01-09,178.0562085825901,181.28520718382876,177.64105443503703,180.73165893554688,7347432,0.0,0.0,WIPRO
2023-01-10,180.8239139181435,181.70035354258962,178.6789391833022,181.30825805664062,7879496,0.0,0.0,WIPRO
2023-01-11,181.28519639070464,182.6690528517024,180.59326816020578,181.6772918701172,7656600,0.0,0.0,WIPRO
2023-01-12,182.55371863458245,183.54547954638252,180.13196999824245,181.97711181640625,9510500,0.0,0.0,WIPRO
2023-01-13,182.6690502246207,182.94582432830296,178.28683816115125,181.70034790039062,13621860,0.0,0.0,WIPRO
2023-01-16,179.90133504832014,184.97547526763174,179.44004957383726,183.86839294433594,23867444,0.0,0.0,WIPRO
2023-01-17,184.53725322458018,185.45982419748609,181.63116029085288,182.83050537109375,14310032,0.0,0.0,WIPRO
2023-01-18,183.8222482069031,186.29012813129182,183.59160548644275,185.99029541015625,16080426,0.0,0.0,WIPRO
2023-01-19,185.48289979684802,186.3593394192476,183.9375905777846,186.0825653076172,9447456,0.0,0.0,WIPRO
2023-01-20,186.1517354834173,187.00511637114275,185.11384323336833,185.96722412109375,9265614,0.0,0.0,WIPRO
2023-01-23,186.91287113703484,188.08914341094746,185.6673947833387,187.74317932128906,8815290,0.0,0.0,WIPRO
2023-01-24,188.85301379061772,189.6853812928348,187.35014331071494,188.02066040039062,9552640,0.5,0.0,WIPRO
2023-01-25,187.28076989722595,187.69694656348867,184.96866162688983,185.68540954589844,6355554,0.0,0.0,WIPRO
2023-01-27,185.6854007614966,186.6333735746811,182.28661305448344,184.06692504882812,7410134,0.0,0.0,WIPRO
2023-01-30,184.06693291408286,187.18827906474843,182.67966795823148,186.0091094970703,7261256,0.0,0.0,WIPRO
2023-01-31,186.03223597515074,186.14784139499906,183.90510753953308,184.4368896484375,9566846,0.0,0.0,WIPRO
2023-02-01,185.66231449896682,186.77212376821882,184.20568895107414,186.0784912109375,7029896,0.0,0.0,WIPRO
2023-02-02,186.07846571323114,189.59287301095384,186.07846571323114,189.3385467529297,10835460,0.0,0.0,WIPRO
2023-02-03,190.77205358923322,190.98014898473872,187.81255773487,188.62179565429688,8850236,0.0,0.0,WIPRO
2023-02-06,187.46572796934512,187.83567374446463,185.7085314014897,187.11891174316406,5958022,0.0,0.0,WIPRO
2023-02-07,187.51198317852806,187.51198317852806,184.5293578259605,185.1998748779297,6683580,0.0,0.0,WIPRO
2023-02-08,185.4310870320063,188.48307283298578,185.4310870320063,188.0900115966797,8300976,0.0,0.0,WIPRO
2023-02-09,188.08999954892582,189.10733278808536,186.6102446759644,188.80674743652344,5277374,0.0,0.0,WIPRO
2023-02-10,188.20560741338022,188.20560741338022,186.2634308812723,187.65069580078125,5160140,0.0,0.0,WIPRO
2023-02-13,187.5813480618691,187.5813480618691,184.5987367504272,185.24612426757812,4825356,0.0,0.0,WIPRO
2023-02-14,186.35592283203724,187.95128315120127,185.66229036492047,187.32701110839844,4638822,0.0,0.0,WIPRO
2023-02-15,186.21719083188907,188.59865933731257,185.13049720941783,188.39056396484375,5227672,0.0,0.0,WIPRO
2023-02-16,189.03797944157085,191.09576158742928,188.92237402016286,189.54664611816406,11189362,0.0,0.0,WIPRO
2023-02-17,188.1362526081438,188.66803468743854,186.81834807285583,187.8819122314453,5616244,0.0,0.0,WIPRO
2023-02-20,187.41949135082913,188.5755454897116,185.9859955082061,188.22872924804688,6497188,0.0,0.0,WIPRO
2023-02-21,188.39058385161576,188.6680396735335,185.93975466731902,186.24032592773438,5761172,0.0,0.0,WIPRO
2023-02-22,184.73744330808543,185.13050452050032,182.40221969454328,182.7259063720703,6883372,0.0,0.0,WIPRO
2023-02-23,183.02648929817178,184.36752341579404,181.9166801249579,182.1710205078125,6078322,0.0,0.0,WIPRO
2023-02-24,183.09586634023344,183.35019261457515,181.523621368701,181.8704376220703,5106634,0.0,0.0,WIPRO
2023-02-27,181.61609571394362,181.87042196639254,178.24042344986105,180.50628662109375,5554710,0.0,0.0,WIPRO
2023-02-28,181.19994882429958,181.82422095154027,178.35605814685925,178.98031616210938,10061602,0.0,0.0,WIPRO
2023-03-01,179.46584789661338,181.1536841221952,179.09590210383539,180.78375244140625,4542612,0.0,0.0,WIPRO
2023-03-02,179.7433038727549,180.50629678505257,179.09590226281597,179.44271850585938,4438972,0.0,0.0,WIPRO
2023-03-03,180.62189643473937,181.0149576533749,179.92826397079028,180.5525360107422,4393936,0.0,0.0,WIPRO
2023-03-06,181.47739444649173,183.41955704049576,181.3155440356606,182.0785369873047,6727722,0.0,0.0,WIPRO
2023-03-08,181.1074466924262,181.73171877780132,179.81267164363976,181.5467529296875,4908842,0.0,0.0,WIPRO
2023-03-09,181.63921600599036,182.12476719908304,180.15947521329934,180.39068603515625,4157054,0.0,0.0,WIPRO
2023-03-10,179.3733568029019,180.2982001111014,178.77221429736778,179.9282684326172,4567396,0.0,0.0,WIPRO
2023-03-13,179.88202397132133,181.54674475335088,177.45431028019166,178.2404327392578,5982520,0.0,0.0,WIPRO
2023-03-14,178.7490944988607,179.02655032885454,174.4948235162508,175.46591186523438,8094852,0.0,0.0,WIPRO
2023-03-15,177.43120179741246,177.43120179741246,173.3618826027154,173.75494384765625,7687926,0.0,0.0,WIPRO
2023-03-16,173.5699793639285,174.19425145056263,171.09602056844628,172.41392517089844,7686620,0.0,0.0,WIPRO
2023-03-17,174.4254463948161,174.95722845275387,172.87633109491958,174.10174560546875,9044282,0.0,0.0,WIPRO
2023-03-20,173.40811947962436,173.84742569376832,168.8532633855618,169.77810668945312,8184754,0.0,0.0,WIPRO
2023-03-21,170.63358878478985,171.21161584706894,168.99199757271273,169.43128967285156,7211152,0.0,0.0,WIPRO
2023-03-22,170.10180670989084,171.09601043461313,169.17696341024427,169.43128967285156,5374846,0.0,0.0,WIPRO
2023-03-23,168.7376512639356,168.7376512639356,166.63363847602932,167.16542053222656,9485192,0.0,0.0,WIPRO
2023-03-24,168.02091385920755,169.6393896776439,166.93422013014535,167.28103637695312,7906696,0.0,0.0,WIPRO
2023-03-27,167.28103076974415,168.32147947529197,166.10186121491878,167.04981994628906,6227714,0.0,0.0,WIPRO
2023-03-28,167.8590612272384,168.34459832152984,164.34465381716288,164.714599609375,7813096,0.0,0.0,WIPRO
2023-03-29,165.54694887954884,166.81860840306493,164.15968394480402,166.03248596191406,8823840,0.0,0.0,WIPRO
2023-03-31,168.02092249269617,169.13073171710903,167.0729495688513,168.89952087402344,7914212,0.0,0.0,WIPRO
2023-04-03,170.14804077148438,170.35612203334995,168.85325176792873,170.14804077148438,4053500,0.0,0.0,WIPRO
2023-04-05,170.9572922767841,171.97461145522325,169.80123813401977,170.98040771484375,6443110,0.0,0.0,WIPRO
2023-04-06,170.63356857074774,171.30408552835448,169.17694336876073,169.546875,6429614,0.0,0.0,WIPRO
2023-04-10,170.17117999289422,173.13067595298136,169.98621414138688,172.62200927734375,5624940,0.0,0.0,WIPRO
2023-04-11,172.71447918754748,173.33875121182783,170.44861601792644,171.21160888671875,6784354,0.0,0.0,WIPRO
2023-04-12,171.37347726123,172.691381870327,170.79545016180057,172.09022521972656,5578210,0.0,0.0,WIPRO
2023-04-13,171.04976822118408,171.04976822118408,169.24632658002426,170.3098907470703,6724634,0.0,0.0,WIPRO
2023-04-17,166.44868183560402,167.3735251537916,162.77242400101278,167.0960693359375,13603290,0.0,0.0,WIPRO
2023-04-18,168.06714073845933,170.58733005984965,166.12496432081133,170.12490844726562,8024898,0.0,0.0,WIPRO
2023-04-19,170.12491701820719,170.12491701820719,166.6567547491,166.8417205810547,7475944,0.0,0.0,WIPRO
2023-04-20,166.70300963786903,168.18276460538644,166.00937714284322,167.78970336914062,4423266,0.0,0.0,WIPRO
2023-04-21,168.36774812511214,170.49489082224932,168.15965270996094,170.19430541992188,5299988,0.0,0.0,WIPRO
2023-04-24,173.4081282450411,175.0728490985914,171.35034614507077,174.77227783203125,17779044,0.0,0.0,WIPRO
2023-04-25,174.8878628005926,175.21154946827306,172.99193133108034,173.70867919921875,7528552,0.0,0.0,WIPRO
2023-04-26,174.63352205209782,174.63352205209782,172.66823016618068,173.20001220703125,7008146,0.0,0.0,WIPRO
2023-04-27,174.05550430044914,174.1479942742153,172.0439673229388,173.1306610107422,8491700,0.0,0.0,WIPRO
2023-04-28,175.72022514838676,179.41959830940542,175.72022514838676,178.03233337402344,27709406,0.0,0.0,WIPRO
2023-05-02,179.882037951812,181.33866345730144,179.16528997494916,179.5814666748047,9746608,0.0,0.0,WIPRO
2023-05-03,179.58145314749203,179.58145314749203,176.66818824397032,178.07858276367188,4828488,0.0,0.0,WIPRO
2023-05-04,177.91673522251745,178.5641227297142,177.13061274892829,177.4311981201172,6253358,0.0,0.0,WIPRO
2023-05-05,176.9918795711516,177.75487244122266,175.25779845190453,175.44276428222656,7902194,0.0,0.0,WIPRO
2023-05-08,176.18266661766953,177.10751001198798,175.53527906404463,175.88209533691406,9613544,0.0,0.0,WIPRO
2023-05-09,176.8762881962666,177.31559442612496,175.74334946367776,176.78379821777344,5716698,0.0,0.0,WIPRO
2023-05-10,177.56992060260586,177.82424687533987,176.64507726613397,177.45431518554688,3670402,0.0,0.0,WIPRO
2023-05-11,178.35604989461058,178.88783201099218,177.15375068888483,177.87049865722656,4049964,0.0,0.0,WIPRO
2023-05-12,177.8473708096853,178.14794206214899,176.43697629891096,177.2230987548828,4580358,0.0,0.0,WIPRO
2023-05-15,177.22309627273373,178.95717744957065,176.87628003736634,178.379150390625,5089694,0.0,0.0,WIPRO
2023-05-16,179.18839304036774,179.7895355528688,178.72597138090873,178.93406677246094,4059352,0.0,0.0,WIPRO
2023-05-17,178.58725401446415,179.11903611082627,176.34450609990444,176.78379821777344,5376102,0.0,0.0,WIPRO
2023-05-18,178.12483027441112,178.19419070147964,176.76068072344367,176.9225311279297,4237016,0.0,0.0,WIPRO
2023-05-19,177.9398633492981,179.51210840858863,177.33872078803307,178.58726501464844,7281582,0.0,0.0,WIPRO
2023-05-22,178.72595692946047,183.39641813474952,178.21729032278756,183.00335693359375,12197390,0.0,0.0,WIPRO
2023-05-23,183.58140200511198,185.93975533185764,183.14209577617302,183.88197326660156,12725634,0.0,0.0,WIPRO
2023-05-24,182.42534254968746,185.1767570364872,181.89356046984915,184.82994079589844,8256974,0.0,0.0,WIPRO
2023-05-25,184.506234924638,184.506234924638,181.56985467925418,182.24037170410156,13605054,0.0,0.0,WIPRO
2023-05-26,182.7259208414192,186.147838391316,182.65656041302734,185.75479125976562,7926180,0.0,0.0,WIPRO
2023-05-29,186.81833613395858,187.74317938214648,184.6680784043193,184.87615966796875,7959308,0.0,0.0,WIPRO
2023-05-30,184.96865598311336,186.74898211934854,184.714329725932,186.1247100830078,7378972,0.0,0.0,WIPRO
2023-05-31,185.77789583771678,187.1882762098598,185.19986878159446,186.656494140625,11783582,0.0,0.0,WIPRO
2023-06-01,187.28079005562424,188.66805516714737,186.84148379217905,188.27499389648438,7065484,0.0,0.0,WIPRO
2023-06-02,188.9917257652649,189.5003782685114,186.8183384601657,187.2576446533203,6320754,0.0,0.0,WIPRO
2023-06-05,189.08420082059473,189.4772620266963,186.67961682277524,186.91082763671875,7252860,0.0,0.0,WIPRO
2023-06-06,186.5177567538962,186.5177567538962,182.91085977631403,184.94552612304688,13707400,0.0,0.0,WIPRO
2023-06-07,186.07847714759973,186.63338879628216,185.4310896321298,186.26344299316406,8215860,0.0,0.0,WIPRO
2023-06-08,186.86460142629602,187.16517269222408,184.390642646138,184.7605743408203,10615052,0.0,0.0,WIPRO
2023-06-09,184.71434116810272,185.13051784744718,183.1420962052624,183.72012329101562,12018232,0.0,0.0,WIPRO
2023-06-12,184.87616818073485,184.87616818073485,182.47158409191817,182.9340057373047,11973622,0.0,0.0,WIPRO
2023-06-13,184.02071198614124,184.27503826366663,182.42535155587575,182.910888671875,13016186,0.0,0.0,WIPRO
2023-06-14,183.25769760519356,183.65075883728727,181.592990924308,183.3270721435547,18512564,0.0,0.0,WIPRO
2023-06-15,183.62765108823533,183.78950149787337,179.53521641705206,179.85891723632812,28702320,0.0,0.0,WIPRO
2023-06-16,178.28664189389391,179.72015167354706,175.32714648195702,176.32135009765625,41110648,0.0,0.0,WIPRO
2023-06-19,176.64507947695847,176.64507947695847,174.37921609664147,175.7895965576172,10629440,0.0,0.0,WIPRO
2023-06-20,176.55259616822732,178.0092357860306,175.99769860562665,176.8762969970703,11802658,0.0,0.0,WIPRO
2023-06-21,177.68552273009382,179.07278770911864,177.1537406438655,178.2635498046875,8829264,0.0,0.0,WIPRO
2023-06-22,178.49476403597097,178.49476403597097,176.4601115170262,176.78379821777344,9356174,0.0,0.0,WIPRO
2023-06-23,176.7837772809759,177.10747805537613,174.8416149705378,175.6970977783203,6470406,0.0,0.0,WIPRO
2023-06-26,175.72023688819726,176.5988352502403,175.2809306511809,176.13641357421875,4100400,0.0,0.0,WIPRO
2023-06-27,177.6855240496618,177.6855240496618,176.41386447611185,176.9225311279297,5880750,0.0,0.0,WIPRO
2023-06-28,177.45429104358283,177.45429104358283,176.0901416630782,176.50633239746094,7140112,0.0,0.0,WIPRO
2023-06-30,178.03233843857433,180.2288413154139,177.1074951220103,179.95138549804688,9070810,0.0,0.0,WIPRO
2023-07-03,182.14789956172152,182.14789956172152,180.11324696271782,181.08433532714844,9036924,0.0,0.0,WIPRO
2023-07-04,182.07853762460027,183.7432585052803,181.7317213624582,183.0958709716797,12617234,0.0,0.0,WIPRO
2023-07-05,182.24037815994865,182.8415206702883,181.1999294299068,182.14788818359375,12366958,0.0,0.0,WIPRO
2023-07-06,182.42534907271084,183.5582878106071,181.80107699493107,183.2114715576172,9037242,0.0,0.0,WIPRO
2023-07-07,182.65656033865145,183.78949907921861,181.82420697430908,183.04962158203125,9065220,0.0,0.0,WIPRO
2023-07-10,183.04961985399981,183.04961985399981,180.18259987146016,180.3213348388672,5630400,0.0,0.0,WIPRO
2023-07-11,180.34443024796886,181.63920512803097,179.3502265959225,181.29238891601562,9634838,0.0,0.0,WIPRO
2023-07-12,182.14789470069002,182.17102425160084,180.5063034015738,181.19993591308594,6848220,0.0,0.0,WIPRO
2023-07-13,181.19993062274366,184.321276833417,180.92247480384154,182.33285522460938,13595726,0.0,0.0,WIPRO
2023-07-14,182.54094155866662,187.5119741660274,181.43113245011864,187.3038787841797,31366784,0.0,0.0,WIPRO
2023-07-17,188.2056205698986,196.50609523000074,187.65070891850849,192.02059936523438,45759860,0.0,0.0,WIPRO
2023-07-18,193.29224917909033,194.35581332642857,190.63332469875596,192.9223175048828,17769026,0.0,0.0,WIPRO
2023-07-19,194.21709326046013,194.67951491108028,191.5119237819345,193.26913452148438,10830990,0.0,0.0,WIPRO
2023-07-20,193.52346284092974,194.21709532423054,191.7431366447265,193.13040161132812,8255710,0.0,0.0,WIPRO
2023-07-21,187.28078018521688,191.60442571065627,185.4310934673382,187.14205932617188,23514212,0.0,0.0,WIPRO
2023-07-24,187.88190988937353,188.66803233556723,186.58713492010142,186.84146118164062,6808460,0.0,0.0,WIPRO
2023-07-25,187.5119787212296,187.5119787212296,184.968659651028,185.15362548828125,6458200,0.0,0.0,WIPRO
2023-07-26,186.58714217713427,186.63338716611878,185.61605385641673,186.24032592773438,5329662,0.0,0.0,WIPRO
2023-07-27,186.81832797403118,188.02062696655858,184.5062199545506,184.94552612304688,8948358,0.0,0.0,WIPRO
2023-07-28,185.45418910442103,186.28655650578324,183.37329176899783,184.390625,6760060,0.0,0.0,WIPRO
2023-07-31,184.85304974813675,187.7431849849744,184.4831180826169,187.3038787841797,6762180,0.0,0.0,WIPRO
2023-08-01,187.51196287901752,188.6680169041656,186.8414458996366,188.18247985839844,7181804,0.0,0.0,WIPRO
2023-08-02,187.6969529922692,187.6969529922692,184.5062462923187,186.26344299316406,5399618,0.0,0.0,WIPRO
2023-08-03,185.89348681642895,185.89348681642895,183.60449420710327,184.80679321289062,6821698,0.0,0.0,WIPRO
2023-08-04,185.3617079966217,189.59286296976896,185.1073676400793,189.0610809326172,12481540,0.0,0.0,WIPRO
2023-08-07,189.56976677710585,190.98014720732797,188.69115432602797,190.12466430664062,8822866,0.0,0.0,WIPRO
2023-08-08,190.7026951044518,193.06104845892278,189.56977047290454,192.52926635742188,15724284,0.0,0.0,WIPRO
2023-08-09,192.136188695494,193.5234535958225,190.77203923204235,193.1997528076172,9309388,0.0,0.0,WIPRO
2023-08-10,192.87607130759088,194.5870229300529,192.15930928932585,193.5928192138672,9901644,0.0,0.0,WIPRO
2023-08-11,193.59282955840476,195.21130540537192,190.6795786786596,191.00326538085938,7571468,0.0,0.0,WIPRO
2023-08-14,191.0957364520586,192.4598858900385,189.3616553590272,191.97433471679688,5792180,0.0,0.0,WIPRO
2023-08-16,191.5119218075297,194.30958123213222,191.4425613830495,193.5928192138672,8131780,0.0,0.0,WIPRO
2023-08-17,193.5928188535688,194.40205673230506,191.67377184924908,193.0841522216797,6340960,0.0,0.0,WIPRO
2023-08-18,191.92809903130976,192.529255639881,188.66803206324767,190.37899780273438,10602392,0.0,0.0,WIPRO
2023-08-21,190.42524256446782,192.99169136085405,190.35588213472545,191.72003173828125,7334260,0.0,0.0,WIPRO
2023-08-22,191.90497985261862,193.33848975343346,190.86453116667067,192.87606811523438,6350240,0.0,0.0,WIPRO
2023-08-23,192.9454427095582,193.26914352486733,191.72002810072703,192.02059936523438,6134234,0.0,0.0,WIPRO
2023-08-24,193.63906066682864,194.2170877135953,190.51771461428874,190.84141540527344,5776956,0.0,0.0,WIPRO
2023-08-25,189.59288345294803,190.19402597519823,188.25186344116653,189.45416259765625,6598510,0.0,0.0,WIPRO
2023-08-28,190.26339173528606,190.7258133809064,188.50618101473555,188.69114685058594,3401974,0.0,0.0,WIPRO
2023-08-29,189.43102709125938,190.4714758092033,188.25185752238517,188.7142791748047,3998562,0.0,0.0,WIPRO
2023-08-30,189.59288600201003,189.68537598144096,188.04377057447374,188.29811096191406,4018182,0.0,0.0,WIPRO
2023-08-31,188.66804623457992,189.5928895984749,187.9512982723572,188.85301208496094,22061952,0.0,0.0,WIPRO
2023-09-01,188.64492712699354,193.17665387716167,188.43683172936775,192.52926635742188,8476130,0.0,0.0,WIPRO
2023-09-04,193.29226686268404,201.84706814727653,192.36742348056595,200.7372589111328,27634648,0.0,0.0,WIPRO
2023-09-05,201.52334965492793,202.3094721056196,198.9800305770287,199.69679260253906,17973426,0.0,0.0,WIPRO
2023-09-06,200.5753906292763,201.40774395423918,196.94537785543227,198.51760864257812,13531912,0.0,0.0,WIPRO
2023-09-07,198.81820542462654,200.55228671122816,197.33845041526396,200.1592254638672,9322650,0.0,0.0,WIPRO
2023-09-08,200.4366843049891,200.4366843049891,198.51762302937854,198.84132385253906,5748410,0.0,0.0,WIPRO
2023-09-11,200.2285777798208,202.30947523942632,198.88755779491726,201.0840606689453,8253314,0.0,0.0,WIPRO
2023-09-12,202.12451545667523,204.15916798909504,197.40780876207475,201.15342712402344,14545328,0.0,0.0,WIPRO
2023-09-13,201.13031082301998,202.51757583172136,199.5349504182176,201.4771270751953,7445670,0.0,0.0,WIPRO
2023-09-14,202.7256425567118,204.96839031544314,201.292132661606,201.8239288330078,14895010,0.0,0.0,WIPRO
2023-09-15,203.37303799537693,205.19960917536736,202.656290075729,203.95106506347656,19835876,0.0,0.0,WIPRO
2023-09-18,203.95105749496022,203.95105749496022,201.24590220623205,201.66207885742188,6025196,0.0,0.0,WIPRO
2023-09-20,200.80660504223326,202.00890417576474,198.40200677517024,198.88755798339844,9102700,0.0,0.0,WIPRO
2023-09-21,198.79509661460423,199.41936876531128,195.6275049781947,198.35580444335938,8893070,0.0,0.0,WIPRO
2023-09-22,196.2517375619036,197.33843121819172,192.6448544814455,193.52345275878906,19818260,0.0,0.0,WIPRO
2023-09-25,193.52345240101704,194.10147943925188,190.517711802196,191.48880004882812,9301132,0.0,0.0,WIPRO
2023-09-26,192.7373559645631,192.7373559645631,190.3790166202595,190.9339141845703,6480566,0.0,0.0,WIPRO
2023-09-27,190.63333553352606,192.62174309138433,189.73160762241034,192.20556640625,7773994,0.0,0.0,WIPRO
2023-09-28,192.59862575662476,192.59862575662476,186.8183548755736,187.442626953125,16876116,0.0,0.0,WIPRO
2023-09-29,187.28078976082423,189.24608199905512,185.66231379992823,187.76632690429688,12780272,0.0,0.0,WIPRO
2023-10-03,187.95129802411017,188.7142909759178,186.6333934099025,187.48887634277344,5728104,0.0,0.0,WIPRO
2023-10-04,186.2171932257009,187.48885268894276,185.26922043136418,187.23451232910156,6905870,0.0,0.0,WIPRO
2023-10-05,188.64490956730944,189.7778340934004,187.2807601142744,188.1131134033203,8125304,0.0,0.0,WIPRO
2023-10-06,188.66802375170687,189.50037703522796,188.18248668831757,188.59866333007812,6365004,0.0,0.0,WIPRO
2023-10-09,186.91085524558088,190.05531713489,186.54090942143318,187.55824279785156,6030450,0.0,0.0,WIPRO
2023-10-10,187.9281723529162,189.01486614889194,187.8356964819334,188.5524444580078,5128014,0.0,0.0,WIPRO
2023-10-11,189.13045074641076,196.04365990870946,189.13045074641076,194.74887084960938,19092228,0.0,0.0,WIPRO
2023-10-12,195.02632591046242,195.0956863337946,191.76625900595428,192.87606811523438,10234398,0.0,0.0,WIPRO
2023-10-13,190.47147614463876,191.62753027772348,189.1535716105244,190.0784149169922,10914054,0.0,0.0,WIPRO
2023-10-16,190.0552954394598,190.47147209612658,188.7373909333578,189.68536376953125,5277652,0.0,0.0,WIPRO
2023-10-17,190.37899985543137,191.37320358526307,190.07841449191042,190.24026489257812,5979388,0.0,0.0,WIPRO
2023-10-18,189.13045947809513,191.280717380815,188.20561615546384,188.41371154785156,4881066,0.0,0.0,WIPRO
2023-10-19,181.24615645783803,183.46577455051613,180.39067365328938,182.79525756835938,25629102,0.0,0.0,WIPRO
2023-10-20,182.67967680378476,183.14209847812617,180.8068746674978,181.19993591308594,8429336,0.0,0.0,WIPRO
2023-10-23,180.7375016545418,181.73170536275458,176.73755727239035,177.17684936523438,8837826,0.0,0.0,WIPRO
2023-10-25,177.7548683416364,179.28086815857245,176.22888263668833,176.57569885253906,6678294,0.0,0.0,WIPRO
2023-10-26,175.1653217553664,175.9745596723418,173.43124050470482,174.91099548339844,10995582,0.0,0.0,WIPRO
2023-10-27,175.2809305448529,177.7317738934743,175.2809305448529,176.8069305419922,6202812,0.0,0.0,WIPRO
2023-10-30,177.56990858147904,177.73175897680255,175.90518786613,176.6450653076172,4688744,0.0,0.0,WIPRO
2023-10-31,177.1999833920611,177.61616005810941,175.32716722686038,176.55258178710938,6153536,0.0,0.0,WIPRO
2023-11-01,177.5005505826663,178.28665890899262,175.78958485785785,176.15953063964844,4241952,0.0,0.0,WIPRO
2023-11-02,177.47742622201554,178.1016982810475,176.69131787270666,177.40806579589844,4742730,0.0,0.0,WIPRO
2023-11-03,178.49477043826442,178.81847126261164,176.94565497087115,177.36183166503906,5291528,0.0,0.0,WIPRO
2023-11-06,178.4947707555832,178.70286615903206,177.10750569789732,177.87049865722656,4939936,0.0,0.0,WIPRO
2023-11-07,177.98607797283336,178.9571661931784,177.03811930058453,177.24620056152344,5692178,0.0,0.0,WIPRO
2023-11-08,177.84738860305958,178.42541572793172,176.41387851097858,176.73757934570312,7102052,0.0,0.0,WIPRO
2023-11-09,177.1074849357272,177.56990656741317,175.5814991959588,176.11328125,9231126,0.0,0.0,WIPRO
2023-11-10,175.85895181178415,176.55258430240966,174.33296597720377,175.3965301513672,10710700,0.0,0.0,WIPRO
2023-11-13,176.92253682972742,177.0612576883351,175.7202376444987,176.4832305908203,3585902,0.0,0.0,WIPRO
2023-11-15,178.286662234964,181.38489294731085,177.68551973232425,181.10743713378906,10792518,0.0,0.0,WIPRO
2023-11-16,181.10745118624453,184.73746425750718,180.02075739762589,183.62765502929688,13843576,0.0,0.0,WIPRO
2023-11-17,184.04382135963453,184.50624302134216,182.42534554365784,182.84152221679688,7886928,0.0,0.0,WIPRO
2023-11-20,181.82420554972,185.47733390547293,181.82420554972,185.0611572265625,8610496,0.0,0.0,WIPRO
2023-11-21,186.17096924437809,186.17096924437809,184.99178550551008,185.2692413330078,5440248,0.0,0.0,WIPRO
2023-11-22,186.12470770984197,186.1709526956458,184.5524769764298,185.08425903320312,5318582,0.0,0.0,WIPRO
2023-11-23,185.19986680309225,187.2807641829023,185.19986680309225,186.1247100830078,9677360,0.0,0.0,WIPRO
2023-11-24,186.124713493116,186.58713514154607,182.91087739173125,183.1189727783203,6250566,0.0,0.0,WIPRO
2023-11-28,183.58141487595222,184.3906528508462,181.77797306858653,183.51205444335938,8145314,0.0,0.0,WIPRO
2023-11-29,184.04381655649038,188.92235931539076,184.04381655649038,187.85879516601562,15544086,0.0,0.0,WIPRO
2023-11-30,188.18250448002243,191.67378244797013,186.8414703458009,191.00326538085938,19825958,0.0,0.0,WIPRO
2023-12-01,191.32695465221826,191.32695465221826,187.97439774290447,188.5061798095703,9830426,0.0,0.0,WIPRO
2023-12-04,190.84142526975864,190.98014612335766,188.09001074013494,188.41371154785156,10662472,0.0,0.0,WIPRO
2023-12-05,188.3905590836805,189.1304364741922,185.93973022159722,186.9801788330078,11165368,0.0,0.0,WIPRO
2023-12-06,188.09000872711638,194.40206151412272,187.7200770468187,193.63906860351562,22082070,0.0,0.0,WIPRO
2023-12-07,194.21709004805177,194.9107225125091,192.66797472169935,193.40785217285156,11250552,0.0,0.0,WIPRO
2023-12-08,193.6621771188103,196.29798611067483,191.9049805322263,195.4193878173828,15479122,0.0,0.0,WIPRO
2023-12-11,194.21709679448617,195.2344300891577,192.94543723214133,194.4945526123047,10084242,0.0,0.0,WIPRO
2023-12-12,194.54078832090212,197.87021563994145,194.28644795337186,195.2344207763672,11903364,0.0,0.0,WIPRO
2023-12-13,195.8586937758538,196.2055100302877,191.9049941201029,194.0552520751953,9696816,0.0,0.0,WIPRO
2023-12-14,195.83556815701436,201.61583876377392,195.71996274487915,200.87596130371094,24681376,0.0,0.0,WIPRO
2023-12-15,201.63894247942105,207.85851893552388,200.45977298898688,206.49436950683594,41567234,0.0,0.0,WIPRO
2023-12-18,206.24005048131755,209.7082127651962,204.3903639299156,205.8932342529297,20182072,0.0,0.0,WIPRO
2023-12-19,206.05508638852584,206.8643242615975,201.15341416352274,202.8643798828125,16064694,0.0,0.0,WIPRO
2023-12-20,204.3903584238051,207.8585206142543,198.54072768497844,199.74302673339844,26449942,0.0,0.0,WIPRO
2023-12-21,198.33264104688803,201.84704837711178,197.54653271627805,200.6909942626953,10663008,0.0,0.0,WIPRO
2023-12-22,201.2921416872002,215.6272130570414,200.6909991777767,213.9393768310547,46080814,0.0,0.0,WIPRO
2023-12-26,209.939438220796,220.02022498395914,207.32675860718618,217.38442993164062,54628644,0.0,0.0,WIPRO
2023-12-27,216.64454239510007,219.83524894842526,214.60988996341365,217.77748107910156,25262992,0.0,0.0,WIPRO
2023-12-28,218.51734285683665,220.76009065909454,216.25147961710763,217.08384704589844,16839956,0.0,0.0,WIPRO
2023-12-29,217.77749475708464,219.81214731656178,215.5347467978471,217.9393310546875,15961140,0.0,0.0,WIPRO
2024-01-01,218.72543846593828,223.5808657468946,216.55205108585756,220.6444854736328,20347278,0.0,0.0,WIPRO
2024-01-02,221.03753583961648,221.03753583961648,214.70235395841385,216.96823120117188,14282514,0.0,0.0,WIPRO
2024-01-03,214.51739681617082,214.51739681617082,210.40184702640371,210.81802368164062,19534364,0.0,0.0,WIPRO
2024-01-04,211.3266968842861,212.64460142685942,208.73713278715744,209.19955444335938,15170336,0.0,0.0,WIPRO
2024-01-05,210.4249768306556,214.10123477889024,209.7082288816992,211.14173889160156,16889130,0.0,0.0,WIPRO
2024-01-08,211.55789879413044,212.71395288590165,207.6504303191484,208.2515869140625,10082886,0.0,0.0,WIPRO
2024-01-09,211.78912634487227,213.87002387446162,208.06663752006935,208.4365692138672,14465048,0.0,0.0,WIPRO
2024-01-10,208.76025187778183,210.86426466328905,207.62731323205435,209.75445556640625,8874676,0.0,0.0,WIPRO
2024-01-11,210.37874682094682,211.28046062058127,206.56376799975052,207.2574005126953,8638818,0.0,0.0,WIPRO
2024-01-12,210.4018644341617,216.87576795521284,210.4018644341617,215.2341766357422,36086734,0.0,0.0,WIPRO
2024-01-15,236.73677915784592,244.6210629717815,226.19355663440157,228.71376037597656,127844264,0.0,0.0,WIPRO
2024-01-16,228.89872222585777,228.89872222585777,222.19360814045385,224.27450561523438,25912492,0.0,0.0,WIPRO
2024-01-17,219.71964757545996,227.28024449236472,218.26302217781515,223.07220458984375,28668932,0.0,0.0,WIPRO
2024-01-18,223.0721997639931,226.1241854575977,216.5982967038574,223.18780517578125,26144924,0.0,0.0,WIPRO
2024-01-19,225.66178758708097,228.13574648241115,223.6271349476283,224.29763793945312,15498620,0.0,0.0,WIPRO
2024-01-23,221.06066478854174,224.73692256166075,215.97402662356586,217.29193115234375,19972336,0.0,0.0,WIPRO
2024-01-24,218.26510002526695,221.97236287070672,216.89804119417684,221.53211975097656,11708750,0.5,0.0,WIPRO
2024-01-25,221.53213995778935,222.13457871037537,217.12976492727176,217.8017120361328,12852980,0.0,0.0,WIPRO
2024-01-29,217.80168626071534,221.0455411624707,217.80168626071534,219.19190979003906,10051300,0.0,0.0,WIPRO
2024-01-30,219.84067714843485,223.77964380063395,218.49679723668982,218.960205078125,11828014,0.0,0.0,WIPRO
2024-01-31,218.96019409026755,222.3894091163861,217.33826672663596,221.5784454345703,10584480,0.0,0.0,WIPRO
2024-02-01,221.3004120409784,221.36993453181054,218.07973598429714,218.4272918701172,7828120,0.0,0.0,WIPRO
2024-02-02,220.11872152853306,225.44791162869754,220.11872152853306,223.89549255371094,16296222,0.0,0.0,WIPRO
2024-02-05,223.82599254886466,226.83814358730694,222.04186948998563,223.5247802734375,11566604,0.0,0.0,WIPRO
2024-02-06,224.61379381518307,232.53805685164417,223.87233841599362,231.54173278808594,29024038,0.0,0.0,WIPRO
2024-02-07,232.14416356674724,232.49171944743878,228.25152638933383,229.4795684814453,9103534,0.0,0.0,WIPRO
2024-02-08,229.80396137590307,231.75028009919873,224.79916200469418,226.5369415283203,11303840,0.0,0.0,WIPRO
2024-02-09,227.48690639092166,229.27102940775677,223.710135313986,227.27838134765625,7893788,0.0,0.0,WIPRO
2024-02-12,227.5332521093309,236.70872179213993,227.5332521093309,232.37586975097656,48873500,0.0,0.0,WIPRO
2024-02-13,233.14050090081696,237.7282359593343,227.8576540412489,237.0794677734375,22373576,0.0,0.0,WIPRO
2024-02-14,233.5343926621943,239.58185947370018,230.3368671698635,238.42333984375,22594656,0.0,0.0,WIPRO
2024-02-15,239.55870100653217,242.2927904342559,237.75139902284945,240.2769775390625,14570776,0.0,0.0,WIPRO
2024-02-16,242.13060171784176,252.55727834683975,241.41232520690048,251.63046264648438,34942644,0.0,0.0,WIPRO
2024-02-19,252.97434743464711,252.97434743464711,246.23174083486188,248.36343383789062,18602758,0.0,0.0,WIPRO
2024-02-20,248.29393567896744,249.38296116410152,243.86839609549412,246.50982666015625,10374126,0.0,0.0,WIPRO
2024-02-21,248.34029439199458,248.52564057363023,240.74039384062357,241.62088012695312,13115574,0.0,0.0,WIPRO
2024-02-22,242.26962800464415,246.99639392036732,241.64403869581284,246.09274291992188,14596482,0.0,0.0,WIPRO
2024-02-23,247.9232006383675,250.8194997112456,247.1354016337105,248.4561309814453,19860994,0.0,0.0,WIPRO
2024-02-26,248.50246298863343,248.61831495273069,243.77569719663083,246.95005798339844,8820636,0.0,0.0,WIPRO
2024-02-27,247.45979104604115,249.03538904427214,244.47080476702172,246.27810668945312,10399260,0.0,0.0,WIPRO
2024-02-28,245.60616090762588,246.04640402269067,238.6550431460893,239.90625,12789056,0.0,0.0,WIPRO
2024-02-29,239.72086344511138,242.94155350221297,237.82090266653472,240.3232879638672,14462764,0.0,0.0,WIPRO
2024-03-01,242.08427649432707,243.38181284075827,239.83673141102545,240.5550079345703,9420630,0.0,0.0,WIPRO
2024-03-04,242.33913599468383,243.93789870222167,240.30013018156743,241.2037811279297,5662370,0.0,0.0,WIPRO
2024-03-05,239.9294037749169,241.20377530631433,236.6392053563466,237.8672332763672,10521548,0.0,0.0,WIPRO
2024-03-06,238.05261340650839,238.5855154527713,231.70392033256218,237.79774475097656,11091922,0.0,0.0,WIPRO
2024-03-07,238.07577031428784,241.1574436670601,236.5696948816427,238.88673400878906,9707982,0.0,0.0,WIPRO
2024-03-11,239.767232023702,240.48550853173177,237.40383502687354,238.44650268554688,11131512,0.0,0.0,WIPRO
2024-03-12,237.61235984749393,242.13058609520348,235.29532074610444,236.7318878173828,11652760,0.0,0.0,WIPRO
2024-03-13,238.0989354001332,240.36964506175556,230.22100235620866,233.74290466308594,13580480,0.0,0.0,WIPRO
2024-03-14,232.23683458309856,240.46233782835492,229.45638756230818,240.0220947265625,12825472,0.0,0.0,WIPRO
2024-03-15,238.53919571926332,240.16112322779642,234.66973726334578,239.5818634033203,13649086,0.0,0.0,WIPRO
2024-03-18,240.04525472008586,240.30012336845675,235.8745842712813,236.43067932128906,6393960,0.0,0.0,WIPRO
2024-03-19,235.87460121632452,235.87460121632452,228.5295837920749,229.3173828125,9617386,0.0,0.0,WIPRO
2024-03-20,229.87345681378002,232.28318327466044,226.699124375964,228.6917724609375,8385344,0.0,0.0,WIPRO
2024-03-21,231.54172556807137,234.1599770485509,230.98564464258328,231.91246032714844,11644580,0.0,0.0,WIPRO
2024-03-22,226.72229146003394,227.4174032376324,222.2272296413964,225.72596740722656,28646502,0.0,0.0,WIPRO
2024-03-26,225.21621212530746,227.5100866093437,221.99552195351276,222.3662567138672,18273346,0.0,0.0,WIPRO
2024-03-27,222.29675261732075,222.87601243324863,218.38095060481407,218.86752319335938,14320668,0.0,0.0,WIPRO
2024-03-28,220.90653280161894,223.84916140271739,220.25775048311996,222.48211669921875,15455150,0.0,0.0,WIPRO
2024-04-01,224.15038495706256,225.40157767939994,223.15404675586996,224.72964477539062,6041008,0.0,0.0,WIPRO
2024-04-02,223.33942295914633,223.68697885286295,222.2504116637504,222.9918670654297,6932654,0.0,0.0,WIPRO
2024-04-03,222.4357599312546,226.00400590365237,220.55896386366854,223.91867065429688,13794516,0.0,0.0,WIPRO
2024-04-04,225.1235348230681,227.97350450221916,222.2504145496217,225.864990234375,16004046,0.0,0.0,WIPRO
2024-04-05,225.44793279815843,225.74914509064314,223.61746602199668,224.77598571777344,6414344,0.0,0.0,WIPRO
2024-04-08,227.0698571473358,227.8113125705198,221.60164991776495,222.38943481445312,26640770,0.0,0.0,WIPRO
2024-04-09,224.2662415844654,224.86866615122017,220.2114227718468,220.4894561767578,15801250,0.0,0.0,WIPRO
2024-04-10,221.27725754317441,222.18090854494946,219.23826574710998,221.1845703125,10771534,0.0,0.0,WIPRO
2024-04-12,220.11874498234616,222.43578440321295,217.80170556147934,218.14926147460938,13170046,0.0,0.0,WIPRO
2024-04-15,216.15659253400318,217.0370646012162,212.3334778556097,212.86639404296875,12176472,0.0,0.0,WIPRO
2024-04-16,209.94692939752656,212.47250794045794,206.12381447820536,207.7689208984375,21439424,0.0,0.0,WIPRO
2024-04-18,209.69205439305802,211.05911322217844,205.2201714206066,205.915283203125,21986258,0.0,0.0,WIPRO
2024-04-19,203.89945693202995,210.34082331123835,202.50923336203883,209.8079071044922,20470106,0.0,0.0,WIPRO
2024-04-22,209.8079138338824,216.017576483928,208.53354218718295,214.0944366455078,18881740,0.0,0.0,WIPRO
2024-04-23,216.31878607162753,216.31878607162753,213.26030547139757,214.14077758789062,10322712,0.0,0.0,WIPRO
2024-04-24,214.97489294632175,215.32244882437965,212.51883706487996,213.1212615966797,5915168,0.0,0.0,WIPRO
2024-04-25,212.6578678701269,214.3493037604931,211.22130065041426,213.6310272216797,11805090,0.0,0.0,WIPRO
2024-04-26,214.04807906037277,220.48944522579464,213.90906236482175,215.29928588867188,21478294,0.0,0.0,WIPRO
2024-04-29,216.712676359762,216.87487193428376,213.90906454821484,214.53466796875,7249940,0.0,0.0,WIPRO
2024-04-30,214.55784797084831,216.2956275170485,213.86273615236826,214.27980041503906,8902956,0.0,0.0,WIPRO
2024-05-02,214.279792606396,214.55784015207283,211.0591164500558,211.96275329589844,14937276,0.0,0.0,WIPRO
2024-05-03,213.35296342875745,214.0944187897797,210.01643551728446,211.9395751953125,9730626,0.0,0.0,WIPRO
2024-05-06,212.61151579533023,214.37247410952259,211.31397947294448,212.54200744628906,6918126,0.0,0.0,WIPRO
2024-05-07,214.0017399762872,215.64684633290605,210.3871643946234,214.9748992919922,9278528,0.0,0.0,WIPRO
2024-05-08,215.48464113318775,216.13340926732235,213.77002650389628,214.6505126953125,8205680,0.0,0.0,WIPRO
2024-05-09,213.97856249720948,215.20659040104513,210.41031659949098,211.2676239013672,9233484,0.0,0.0,WIPRO
2024-05-10,211.33714309638256,212.00909013177636,208.67254797450778,209.39083862304688,6654714,0.0,0.0,WIPRO
2024-05-13,209.3908359528754,210.0396041023808,206.2164894110523,209.4371795654297,7111608,0.0,0.0,WIPRO
2024-05-14,209.78474515936597,213.12127328648089,209.55304122795164,211.47618103027344,4909420,0.0,0.0,WIPRO
2024-05-15,211.4761697196206,213.0517535405519,210.6883707381125,212.3798065185547,4793424,0.0,0.0,WIPRO
2024-05-16,214.0944272124406,216.64317039354108,211.3603237193135,215.2297821044922,14621472,0.0,0.0,WIPRO
2024-05-17,215.20661114500592,215.20661114500592,213.1907840900935,213.6310272216797,6876820,0.0,0.0,WIPRO
2024-05-21,214.5578303147151,215.39195877141563,213.0285900967358,213.5846710205078,8467448,0.0,0.0,WIPRO
2024-05-22,214.51149017582657,214.7663729776738,212.63469404681666,213.77003479003906,7765884,0.0,0.0,WIPRO
2024-05-23,214.32612175360902,216.87486482311138,213.97856588049504,215.85536193847656,13171332,0.0,0.0,WIPRO
2024-05-24,216.41145837824197,218.03338579649431,214.09441920931005,214.85903930664062,8205526,0.0,0.0,WIPRO
2024-05-27,214.094423522324,214.16393187037528,209.2749847822731,209.66888427734375,40983758,0.0,0.0,WIPRO
2024-05-28,210.3871625149242,211.89323801750902,209.970098281087,211.33714294433594,15778126,0.0,0.0,WIPRO
2024-05-29,210.38716186109573,211.08227362935926,208.30182655630512,208.9042510986328,9756036,0.0,0.0,WIPRO
2024-05-30,208.07011206470636,208.30181597569154,201.62874616773476,202.48605346679688,20724568,0.0,0.0,WIPRO
2024-05-31,202.76409646374063,204.89577537433027,201.81411604047597,203.06532287597656,21438004,0.0,0.0,WIPRO
2024-06-03,208.62621385158351,208.78839528084802,204.61772474830082,205.79942321777344,8964424,0.0,0.0,WIPRO
2024-06-04,206.63357110843538,206.63357110843538,193.24108618898305,203.0421600341797,17730732,0.0,0.0,WIPRO
2024-06-05,203.76044575410666,210.8505804963814,203.45921932544314,209.22865295410156,12267428,0.0,0.0,WIPRO
2024-06-06,210.82741527614706,214.0944350898395,209.7384039575543,213.6310272216797,15425568,0.0,0.0,WIPRO
2024-06-07,217.8016872558767,225.40157308915408,217.0138882621597,224.5442657470703,72672440,0.0,0.0,WIPRO
2024-06-10,226.32839924101177,226.32839924101177,219.3541165048385,220.23458862304688,18311752,0.0,0.0,WIPRO
2024-06-11,222.06504694162768,222.06504694162768,219.81751604511538,220.6053009033203,9371714,0.0,0.0,WIPRO
2024-06-12,221.5089427255634,224.47475000895318,220.37358788530352,220.9991912841797,13875116,0.0,0.0,WIPRO
2024-06-13,222.43574661861,224.91498120621338,221.57843935010067,223.64060974121094,12995932,0.0,0.0,WIPRO
2024-06-14,224.7527956338453,225.03084315789172,220.67481242144646,221.27723693847656,11322596,0.0,0.0,WIPRO
2024-06-18,222.8991765248753,228.4600707417121,222.45893340920824,227.92715454101562,31870984,0.0,0.0,WIPRO
2024-06-19,228.11250859970886,230.38320418091823,225.56376548686293,229.73443603515625,20880284,0.0,0.0,WIPRO
2024-06-20,230.5454017588804,230.5454017588804,226.2588792136148,227.2552032470703,12571126,0.0,0.0,WIPRO
2024-06-21,230.753951801255,232.14417539485527,226.652789371717,227.32472229003906,95171176,0.0,0.0,WIPRO
2024-06-24,227.11619723625043,229.3405493291766,226.81498495272086,227.32472229003906,9934518,0.0,0.0,WIPRO
2024-06-25,227.32470854606578,230.77710258494355,226.74544875042085,230.2441864013672,9258210,0.0,0.0,WIPRO
2024-06-26,230.24418859054973,231.65757684852807,228.8307861904864,229.4795684814453,12812090,0.0,0.0,WIPRO
2024-06-27,228.06615666870982,237.24164002553033,226.69911207966092,236.70870971679688,42137138,0.0,0.0,WIPRO
2024-06-28,237.26480925045718,239.2574572650627,234.4148539208852,238.58551025390625,16405832,0.0,0.0,WIPRO
2024-07-01,239.99893133799173,248.29391469271746,238.2379589209427,244.37811279296875,30757528,0.0,0.0,WIPRO
2024-07-02,245.28175645031476,252.55726496957485,244.8183486246825,249.40609741210938,36276968,0.0,0.0,WIPRO
2024-07-03,251.12071899648802,252.7658111663269,248.154897516424,249.77682495117188,16049384,0.0,0.0,WIPRO
2024-07-04,250.88904258213887,254.31824399247492,245.18910291637758,245.93057250976562,19524632,0.0,0.0,WIPRO
2024-07-05,246.23174876791202,248.6183104992336,245.351290827047,247.9695281982422,10376090,0.0,0.0,WIPRO
2024-07-08,248.36343455251375,251.6304541288444,247.923191452913,250.79632568359375,12176360,0.0,0.0,WIPRO
2024-07-09,252.0938673319085,252.53411044088466,249.12804581433562,250.70364379882812,8681444,0.0,0.0,WIPRO
2024-07-10,250.70363311049317,251.7926301846438,246.4171107329108,248.1780548095703,9233748,0.0,0.0,WIPRO
2024-07-11,248.7109961422744,250.03169718724894,245.60615792301732,247.50611877441406,8807618,0.0,0.0,WIPRO
2024-07-12,252.55730102038703,261.73277162080683,250.9585381369096,259.57794189453125,54186042,0.0,0.0,WIPRO
2024-07-15,262.7058961025877,262.7058961025877,257.7242621962887,259.3693542480469,16099478,0.0,0.0,WIPRO
2024-07-16,260.36566405880603,260.71321991273385,257.84011414759794,259.3693542480469,11239032,0.0,0.0,WIPRO
2024-07-18,257.90964437970473,266.1814918293242,257.8169571488747,265.6253967285156,25019786,0.0,0.0,WIPRO
2024-07-19,268.7302092397649,268.7302092397649,257.05232638386633,258.2108459472656,26523490,0.0,0.0,WIPRO
2024-07-22,241.43548262241694,244.10007768014995,232.4221945529035,234.3916778564453,76014568,0.0,0.0,WIPRO
2024-07-23,235.41119552211305,235.41119552211305,225.37841806892834,231.95880126953125,25847632,0.0,0.0,WIPRO
2024-07-24,232.86243536677875,234.64655834676205,231.63440744152015,231.75025939941406,12240276,0.0,0.0,WIPRO
2024-07-25,229.85027258094533,235.17946236860837,228.59906584352998,234.8782501220703,21887890,0.0,0.0,WIPRO
2024-07-26,236.33799608365493,244.93420577456962,235.6428843304677,243.19642639160156,26153996,0.0,0.0,WIPRO
2024-07-29,244.67935012226818,245.86103450863808,242.29278832918743,243.01109313964844,12011554,0.0,0.0,WIPRO
2024-07-30,243.0110999561439,244.1927843756602,240.8562420326591,241.66720581054688,10816526,0.0,0.0,WIPRO
2024-07-31,241.80622329071372,243.24280467236565,240.7172260991569,241.89891052246094,7758508,0.0,0.0,WIPRO
2024-08-01,242.36231571987372,244.12325996693139,239.81357243792476,241.69036865234375,10759752,0.0,0.0,WIPRO
2024-08-02,238.6550502353436,240.62453365961585,232.16734013185854,232.70025634765625,15652228,0.0,0.0,WIPRO
2024-08-05,227.06984687097292,229.78078562631896,222.55162032609132,224.7528076171875,21938080,0.0,0.0,WIPRO
2024-08-06,226.95400199071867,231.4027203252326,225.49427004369778,226.83815002441406,11271584,0.0,0.0,WIPRO
2024-08-07,231.10149262492598,231.75026076453656,228.29786674212758,230.49905395507812,7079826,0.0,0.0,WIPRO
2024-08-08,228.92347220783566,228.92347220783566,225.37840507190054,225.81863403320312,13160570,0.0,0.0,WIPRO
2024-08-09,229.54908201187524,230.05883347681558,226.90765160214778,227.67227172851562,6065948,0.0,0.0,WIPRO
2024-08-12,227.7881124668826,228.92346730366378,225.86497280681735,226.6295928955078,7338468,0.0,0.0,WIPRO
2024-08-13,226.6295971685525,228.3210470883193,225.74912510612347,227.30154418945312,6289418,0.0,0.0,WIPRO
2024-08-14,228.46008154045512,230.2442046811051,227.27839712035615,229.45640563964844,11121756,0.0,0.0,WIPRO
2024-08-16,232.16734391551907,239.79040906818236,230.7539555624885,239.23431396484375,25931140,0.0,0.0,WIPRO
2024-08-19,239.11843709133746,242.45497907967828,238.0526047533843,240.85621643066406,11466562,0.0,0.0,WIPRO
2024-08-20,240.9257657170064,244.49398372999516,240.80991374816466,243.126953125,9543812,0.0,0.0,WIPRO
2024-08-21,242.54767287913188,244.72566708281957,241.45864749311832,243.91470336914062,6454402,0.0,0.0,WIPRO
2024-08-22,244.58665029398796,245.86102184356122,240.06842389095553,240.5086669921875,11496506,0.0,0.0,WIPRO
2024-08-23,240.92575421178032,241.64403072746413,236.96360858134955,237.4501953125,11277706,0.0,0.0,WIPRO
2024-08-26,239.11842991755557,243.19641298799812,239.0952651838933,240.97206115722656,17351380,0.0,0.0,WIPRO
2024-08-27,240.97208351341547,242.47815903537432,239.1184521017738,239.65138244628906,7965796,0.0,0.0,WIPRO
2024-08-28,240.9720950814978,249.35976630816572,239.97575683624203,247.7378387451172,34375566,0.0,0.0,WIPRO
2024-08-29,247.92318750686178,251.14387756214924,247.4829444142681,249.63780212402344,25685318,0.0,0.0,WIPRO
2024-08-30,251.0280347842286,251.16705148061263,248.24758771986757,249.49879455566406,19434804,0.0,0.0,WIPRO
2024-09-02,249.49879848570532,251.1670554369318,246.4634544319631,246.74151611328125,15735982,0.0,0.0,WIPRO
2024-09-03,246.99637130872793,250.63411142990742,245.3744439173948,248.40975952148438,15056686,0.0,0.0,WIPRO
2024-09-04,244.67933401318686,244.79518597057947,239.4659959305195,240.57818603515625,20402128,0.0,0.0,WIPRO
2024-09-05,241.52816761764348,243.752519553695,240.74036864666266,243.21958923339844,12069118,0.0,0.0,WIPRO
2024-09-06,243.2195747205834,245.55980675912647,240.25378174420553,241.25009155273438,14579954,0.0,0.0,WIPRO
2024-09-09,239.62817787268267,241.78303559848834,237.93675626161362,238.58551025390625,11919540,0.0,0.0,WIPRO
2024-09-10,239.48918212921532,244.6793559424037,238.1916457469612,243.63668823242188,10287272,0.0,0.0,WIPRO
2024-09-11,243.2891258094412,243.86838563279701,237.84408346989656,238.35382080078125,8261524,0.0,0.0,WIPRO
2024-09-12,241.1806293001536,246.5329844908173,239.92942240624186,245.62933349609375,15779474,0.0,0.0,WIPRO
2024-09-13,247.36709774488403,256.03282995400747,246.00003896883865,255.15234375,35919706,0.0,0.0,WIPRO
2024-09-16,256.2645438454469,258.04865277374057,254.41091242522668,255.7548065185547,11088578,0.0,0.0,WIPRO
2024-09-17,254.41091242522668,257.14503008371986,253.50726145103516,255.7548065185547,8728238,0.0,0.0,WIPRO
2024-09-18,254.43407850538557,254.43407850538557,246.83420661283307,249.38294982910156,16665520,0.0,0.0,WIPRO
2024-09-19,252.18656155730392,255.54626852216686,245.2122789629399,247.1585693359375,20969182,0.0,0.0,WIPRO
2024-09-20,249.26708386433057,250.58778487036793,246.06955851348195,249.82315063476562,16664232,0.0,0.0,WIPRO
2024-09-23,249.82316722516657,250.42562007342826,246.5329827168619,247.8768768310547,8544290,0.0,0.0,WIPRO
2024-09-24,246.62565622057346,251.12071789106443,245.3049269161621,250.0316925048828,12355694,0.0,0.0,WIPRO
2024-09-25,249.68414291470768,249.96220459408693,245.95371539410874,248.4792938232422,8065196,0.0,0.0,WIPRO
2024-09-26,249.63781674858512,251.67679433684205,248.24759318579459,251.1207275390625,11403400,0.0,0.0,WIPRO
2024-09-27,254.36458409403835,258.9986626653696,250.56463400871257,251.07437133789062,26462384,0.0,0.0,WIPRO
2024-09-30,249.31342293197125,252.32557395252482,247.45979153470753,250.9121856689453,8199446,0.0,0.0,WIPRO
2024-10-01,250.33292461531923,254.68894140677511,250.33292461531923,253.3682403564453,9411274,0.0,0.0,WIPRO
2024-10-03,250.28657530329045,251.3524360147212,243.86838771926432,245.67568969726562,14035368,0.0,0.0,WIPRO
2024-10-04,244.70252316255883,251.143903949932,244.70252316255883,247.2512664794922,11922754,0.0,0.0,WIPRO
2024-10-07,249.31342243964446,251.0280371355616,243.72936352324857,246.27810668945312,9878074,0.0,0.0,WIPRO
2024-10-08,246.32445979329486,247.36712755223152,241.11112099861145,244.1927947998047,11502804,0.0,0.0,WIPRO
2024-10-09,245.51348153204614,249.63782284945395,244.91105696361515,246.13909912109375,8841688,0.0,0.0,WIPRO
2024-10-10,247.9231865292504,249.1280355613324,242.57083180400411,243.2891082763672,12620244,0.0,0.0,WIPRO
2024-10-11,241.13427637178629,247.64517964096237,241.13427637178629,244.81837463378906,8436982,0.0,0.0,WIPRO
2024-10-14,249.6378077603173,255.73160385397136,248.52561763646122,254.665771484375,33136266,0.0,0.0,WIPRO
2024-10-15,256.19500429756636,256.19500429756636,246.00003216507628,246.97320556640625,21601252,0.0,0.0,WIPRO
2024-10-16,246.99639391949256,249.6841539000561,245.14276244542506,246.60250854492188,12553622,0.0,0.0,WIPRO
2024-10-17,247.90002014077933,249.3134083416445,243.3122713873678,245.02688598632812,23755278,0.0,0.0,WIPRO
2024-10-18,246.53299613909405,258.766975682222,243.1964536924071,254.24874877929688,74653054,0.0,0.0,WIPRO
2024-10-21,255.6157475946704,260.3888708687714,253.48408289133604,253.9938201904297,23966964,0.0,0.0,WIPRO
2024-10-22,254.7816208648628,257.42305116915696,252.02433860234663,252.76580810546875,18478300,0.0,0.0,WIPRO
2024-10-23,253.7157836581496,256.9596384263817,251.2597278476077,253.57676696777344,12698576,0.0,0.0,WIPRO
2024-10-24,253.57677609479387,255.1060163123116,252.62679567816693,253.43775939941406,9576604,0.0,0.0,WIPRO
2024-10-25,254.75848378264095,255.8011515198141,250.4719608631513,251.83901977539062,10124540,0.0,0.0,WIPRO
2024-10-28,251.83900703597095,259.4157142291548,251.4914511411612,258.859619140625,11185858,0.0,0.0,WIPRO
2024-10-29,259.4157029377561,261.0839881307313,256.38038724536796,260.52789306640625,12055630,0.0,0.0,WIPRO
2024-10-30,260.66691260694245,268.19729008225414,260.018130310786,261.9412841796875,20755492,0.0,0.0,WIPRO
2024-10-31,261.7327680880042,262.42787991629257,254.0865379768324,255.70846557617188,15680094,0.0,0.0,WIPRO
2024-11-01,255.662118166324,257.1450289528126,254.87431915936094,255.49990844726562,1962810,0.0,0.0,WIPRO
2024-11-04,255.3376965909359,256.0096435545876,247.55245124463377,250.61093139648438,9855560,0.0,0.0,WIPRO
2024-11-05,251.6304733362139,252.71947051672586,250.4256241882359,251.95486450195312,6862260,0.0,0.0,WIPRO
2024-11-06,253.69260974184857,262.21929642494956,250.70362372818175,261.315673828125,19554884,0.0,0.0,WIPRO
2024-11-07,262.28883342689744,264.0034480654973,256.93647861362416,261.083984375,11997142,0.0,0.0,WIPRO
2024-11-08,261.8254153715915,268.2204375592321,261.8254153715915,263.6790466308594,20852658,0.0,0.0,WIPRO
2024-11-11,263.67906895365627,270.2594661379806,262.31201012737876,265.764404296875,16139444,0.0,0.0,WIPRO
2024-11-12,266.45953860782305,268.63756136284337,263.702255986264,264.4437255859375,11260890,0.0,0.0,WIPRO
2024-11-13,264.1424544456764,265.8107112653501,262.08028401290716,263.6790466308594,11391200,0.0,0.0,WIPRO
2024-11-14,263.6559184603556,266.2509912695441,261.45473103471767,262.6132507324219,9783520,0.0,0.0,WIPRO
2024-11-18,262.6132540178774,262.6132540178774,250.37927454339743,256.1950378417969,15289764,0.0,0.0,WIPRO
2024-11-19,257.6547640871747,264.04978674761225,257.05233954020787,260.4352111816406,12919778,0.0,0.0,WIPRO
2024-11-21,260.4352305445039,263.0303033786093,257.33039206801067,258.1877136230469,11672608,0.0,0.0,WIPRO
2024-11-22,260.41201276313393,265.8106965360957,258.5352168739569,264.9070739746094,14733232,0.0,0.0,WIPRO
2024-11-25,266.6912056824468,272.27526436700913,265.9497644694561,269.9118957519531,23297474,0.0,0.0,WIPRO
2024-11-26,271.09357331928453,273.5727938299901,268.45214310190397,272.94720458984375,15771340,0.0,0.0,WIPRO
2024-11-27,274.1057181949678,276.1910533291645,269.657014555682,270.12042236328125,13659676,0.0,0.0,WIPRO
2024-11-28,271.441158249266,271.5570102160817,264.39735301003503,265.1619873046875,11896556,0.0,0.0,WIPRO
2024-11-29,266.4595113553808,269.12410646893466,264.8839133658722,267.78021240234375,8540112,0.0,0.0,WIPRO
2024-12-02,269.9119255657187,271.34847868112956,267.94244207423833,270.88507080078125,11194000,0.0,0.0,WIPRO
2024-12-03,273.7350463509507,274.52284542099,268.1277939099902,270.3058166503906,15445286,0.0,2.0,WIPRO
2024-12-04,273.0862502536109,275.2642728844467,270.44481975596625,272.48382568359375,14036431,0.0,0.0,WIPRO
2024-12-05,273.41063875648973,278.87884587478527,272.3911358025974,277.39593505859375,13487264,0.0,0.0,WIPRO
2024-12-06,277.25687980552044,277.25687980552044,274.52279076862004,275.588623046875,7894350,0.0,0.0,WIPRO
2024-12-09,273.4106264467593,283.32756556714025,272.2521068431713,281.520263671875,9285213,0.0,0.0,WIPRO
2024-12-10,283.605591858255,288.2396701565925,281.2422232397706,285.5519104003906,17028502,0.0,0.0,WIPRO
2024-12-11,285.59827880590586,287.2202064314447,283.1885521054135,286.3860778808594,8608406,0.0,0.0,WIPRO
2024-12-12,285.4592263542335,290.8347459264571,284.9494890494117,286.4787292480469,12958440,0.0,0.0,WIPRO
2024-12-13,286.4787415172861,288.28601518064926,281.9373501967142,287.26654052734375,7382211,0.0,0.0,WIPRO
2024-12-16,287.3128829378517,288.6104193329947,284.6251229155901,286.5714416503906,7221189,0.0,0.0,WIPRO
2024-12-17,288.23968792923836,289.3982075752562,284.8104584633571,286.2470397949219,10568517,0.0,0.0,WIPRO
2024-12-18,286.38605301799413,290.32501976662354,285.96897463682393,289.72259521484375,10965226,0.0,0.0,WIPRO
2024-12-19,283.9299881113001,290.4640273160065,279.1105352805333,289.8616027832031,12405595,0.0,0.0,WIPRO
2024-12-20,292.4103567676726,296.5810274664192,282.12269672059705,282.8641662597656,22214824,0.0,0.0,WIPRO
2024-12-23,284.1617279306133,287.915320580443,282.6788170042482,285.3665771484375,6693583,0.0,0.0,WIPRO
2024-12-24,284.9958234498559,286.5714214297508,280.63977841191365,282.9568176269531,8837902,0.0,0.0,WIPRO
2024-12-26,283.0494887847751,284.48606998705253,281.7519525548431,282.72509765625,6516148,0.0,0.0,WIPRO
2024-12-27,282.8641537919538,288.14698614034535,282.4007459569632,286.4787292480469,8063921,0.0,0.0,WIPRO
2024-12-30,286.4787370862806,286.7567704812143,280.5007645376725,281.47393798828125,13709891,0.0,0.0,WIPRO
2024-12-31,278.92517943837373,280.8251401953347,273.6423189527148,279.7593078613281,9337030,0.0,0.0,WIPRO
2025-01-01,278.0447204994192,281.149558868497,277.07157529133985,278.32275390625,7878201,0.0,0.0,WIPRO
2025-01-02,276.1910997157385,282.16907275144285,275.40330065367453,281.5666198730469,8800435,0.0,0.0,WIPRO
2025-01-03,281.1032061996995,281.566614075587,272.4838310218605,272.9009094238281,12535720,0.0,0.0,WIPRO
2025-01-06,273.410653694224,276.0057265512119,269.28631218076066,272.7618713378906,9173687,0.0,0.0,WIPRO
2025-01-07,272.7618552973702,275.7276769173768,269.9814081351781,272.5301513671875,7381943,0.0,0.0,WIPRO
2025-01-08,271.55701695097434,276.60817414308286,268.12778733451154,275.7740173339844,7937785,0.0,0.0,WIPRO
2025-01-09,275.2642790010447,276.191094755257,270.0277756465798,270.9082336425781,7964702,0.0,0.0,WIPRO
2025-01-10,272.7618453167647,281.0568570274507,272.7618453167647,278.554443359375,19505556,0.0,0.0,WIPRO
2025-01-13,277.07157785615635,277.34961126556084,269.0082695733635,270.4911804199219,9541248,0.0,0.0,WIPRO
2025-01-14,270.4447953470321,272.99353838444443,265.5790131846994,271.41796875,7670070,0.0,0.0,WIPRO
2025-01-15,271.55699612755757,273.1325941081773,268.4985156759664,271.23260498046875,4662694,0.0,0.0,WIPRO
2025-01-16,274.24477818377613,274.8008732975365,265.7180901480828,266.9692687988281,10345666,0.0,0.0,WIPRO
2025-01-17,266.73752254574396,266.73752254574396,259.97177987340103,261.315673828125,9358955,0.0,0.0,WIPRO
2025-01-20,279.8983557809898,283.04952366606057,275.2179475691818,278.27642822265625,39380165,0.0,0.0,WIPRO
2025-01-21,280.2690337877108,283.46655894424714,276.0056763403848,276.51544189453125,15619474,0.0,0.0,WIPRO
2025-01-22,277.44227646572944,287.3128576941961,277.44227646572944,286.4787292480469,30859317,0.0,0.0,WIPRO
2025-01-23,288.33238180897615,300.8443942745946,287.91530341312017,294.4493713378906,39904371,0.0,0.0,WIPRO
2025-01-24,295.6542031456272,298.89805803907456,293.4298511612402,296.6737060546875,17479586,0.0,0.0,WIPRO
2025-01-27,294.5420147442498,295.79322158163194,284.3007126912093,285.41290283203125,12372895,0.0,0.0,WIPRO
2025-01-28,287.3506518910394,290.75349432741086,285.0348209540939,286.9725646972656,12077491,6.0,0.0,WIPRO
2025-01-29,288.34308782643825,297.46460216342535,288.34308782643825,295.33782958984375,16338112,0.0,0.0,WIPRO
2025-01-30,293.9672161213403,296.5193546164998,289.19380501862076,292.0767517089844,9984186,0.0,0.0,WIPRO
2025-01-31,294.62893348519896,298.4098628653301,292.596660866417,294.8179626464844,15597644,0.0,0.0,WIPRO
2025-02-01,295.4323310131383,296.0940051329207,286.73621153802355,288.1067810058594,6046117,0.0,0.0,WIPRO
2025-02-03,286.40539721264355,296.80295288702996,283.8532583722681,296.42486572265625,14877076,0.0,0.0,WIPRO
2025-02-04,300.58387455996785,301.3873277926545,296.18855008800097,298.9297180175781,15366864,0.0,0.0,WIPRO
2025-02-05,300.39479956868666,303.8449203817731,297.6536317941544,299.733154296875,9628027,0.0,0.0,WIPRO
2025-02-06,302.4743664831293,305.87720887530514,297.3228383904821,300.5366516113281,15062390,0.0,0.0,WIPRO
2025-02-07,301.5290945760859,301.5290945760859,296.802933219094,300.5838623046875,8589587,0.0,0.0,WIPRO
2025-02-10,301.34004690452537,303.41956951130743,298.5516289161138,301.57635498046875,12304840,0.0,0.0,WIPRO
2025-02-11,302.0017373569476,302.85244070702254,294.5344075233089,295.85772705078125,10627890,0.0,0.0,WIPRO
2025-02-12,296.2830952628925,298.4571181559513,292.40763681134194,293.2110900878906,9668342,0.0,0.0,WIPRO
2025-02-13,293.3055848247693,296.47211894662615,290.1390795491144,291.65142822265625,8832731,0.0,0.0,WIPRO
2025-02-14,293.0692598759002,295.29056152588134,287.87048228267616,291.22607421875,7371341,0.0,0.0,WIPRO
2025-02-17,291.2260672007686,293.3055608802263,285.4601446034459,288.6266784667969,7507772,0.0,0.0,WIPRO
2025-02-18,288.626685037522,295.6213982025714,288.626685037522,295.1015319824219,10368789,0.0,0.0,WIPRO
2025-02-19,294.20354320637045,299.1660126098514,291.41509647926796,296.8974609375,7835672,0.0,0.0,WIPRO
2025-02-20,294.15630113072905,297.08649816217485,293.2583189138664,296.1412658691406,7697134,0.0,0.0,WIPRO
2025-02-21,295.66866114961744,295.66866114961744,288.3431105954846,289.5719299316406,8722925,0.0,0.0,WIPRO
2025-02-24,286.3581358083803,286.68894403524723,277.2838999913071,278.8907775878906,12600963,0.0,0.0,WIPRO
2025-02-25,278.22913674738044,280.0723224476686,274.2118994222332,275.3461608886719,10810040,0.0,0.0,WIPRO
2025-02-27,277.8983249631924,279.59973174081216,275.393464878173,278.3709411621094,15555649,0.0,0.0,WIPRO
2025-02-28,277.898310789088,277.898310789088,261.82936084550124,262.4437561035156,17458839,0.0,0.0,WIPRO
2025-03-03,264.1451701244187,270.66726703631304,264.0033622065647,268.0205993652344,11471554,0.0,0.0,WIPRO
2025-03-04,263.7198067801339,267.5952649070748,261.1676680792655,264.6650390625,9331785,0.0,0.0,WIPRO
2025-03-05,265.9883469420238,271.2344031891443,263.38895827835654,269.4857177734375,10285712,0.0,0.0,WIPRO
2025-03-06,272.6522725505603,276.0078357272572,267.9733610571144,270.2419128417969,9782051,0.0,0.0,WIPRO
2025-03-07,271.6597581952849,271.94334519399126,267.4062128304959,269.2021484375,8097300,0.0,0.0,WIPRO
2025-03-10,268.87133904012046,270.00560049141563,262.727329095453,265.5157470703125,8165123,0.0,0.0,WIPRO
2025-03-11,261.8293448241309,264.00336755675363,258.2374736538323,262.53826904296875,8602609,0.0,0.0,WIPRO
2025-03-12,262.4910315290578,262.4910315290578,247.8399303052409,253.84213256835938,18584311,0.0,0.0,WIPRO
2025-03-13,253.8421471605543,256.25250706623774,248.92695603321772,249.54135131835938,8683943,0.0,0.0,WIPRO
2025-03-17,249.54133014827772,250.67562046015934,244.7206395920822,245.61862182617188,12697926,0.0,0.0,WIPRO
2025-03-18,245.61862182617188,245.61862182617188,245.61862182617188,245.61862182617188,0,0.0,0.0,WIPRO
2025-03-19,247.65086801084897,251.9044134537834,242.2157821670994,251.1482391357422,14044300,0.0,0.0,WIPRO
2025-03-20,254.45655596478662,258.9464095532894,252.84964945778918,253.322265625,17038774,0.0,0.0,WIPRO
2025-03-21,249.54131673829772,254.78734424488448,245.94944568736258,249.8248748779297,22659168,0.0,0.0,WIPRO
2025-03-24,252.42425210882004,256.77232607793826,250.86462471940754,254.6455535888672,9269617,0.0,0.0,WIPRO
2025-03-25,257.10319130535055,259.65533011046506,254.59833142400558,256.157958984375,12563930,0.0,0.0,WIPRO
2025-03-26,257.10320157248844,257.33950966216906,252.14073168919592,252.755126953125,7308412,0.0,0.0,WIPRO
2025-03-27,255.21271378840623,258.56827682010726,254.83462664833004,257.292236328125,14783522,0.0,0.0,WIPRO
2025-03-28,256.15795933347977,256.96141257664425,247.27278127344067,247.88717651367188,14283389,0.0,0.0,WIPRO
2025-04-01,246.0912448189095,248.5961047438563,244.3425592254253,248.218017578125,8388635,0.0,0.0,WIPRO
2025-04-02,248.4070505947742,251.0064395630636,246.8001729039166,249.1632537841797,7136992,0.0,0.0,WIPRO
2025-04-03,245.6658812875092,246.23302646511456,241.3178211439052,242.31031799316406,12262561,0.0,0.0,WIPRO
2025-04-04,239.14378382155778,240.0417516667023,231.44014596176382,232.81072998046875,14639785,0.0,0.0,WIPRO
2025-04-07,218.39591502100495,230.49489074849754,215.5129537636693,229.59690856933594,13011904,0.0,0.0,WIPRO
2025-04-08,231.34561362425646,235.83546720838402,230.4949102933463,233.7086944580078,13806651,0.0,0.0,WIPRO
2025-04-09,227.51740252926174,229.02977991737248,221.18434925986006,223.689208984375,19063559,0.0,0.0,WIPRO
2025-04-11,231.58191541685676,231.58191541685676,225.29612633906794,226.61944580078125,11205821,0.0,0.0,WIPRO
2025-04-15,231.6291697378524,231.6291697378524,228.13181323721645,230.6366729736328,10694621,0.0,0.0,WIPRO
2025-04-16,230.636684557415,234.84296546902647,227.9900311942672,234.08677673339844,16203319,0.0,0.0,WIPRO
2025-04-17,222.12958628391345,224.77623955829924,219.4356685108047,223.92552185058594,54875421,0.0,0.0,WIPRO
2025-04-21,224.39815864544556,227.61195735410809,224.39815864544556,225.39065551757812,16298364,0.0,0.0,WIPRO
2025-04-22,225.39064320699882,225.91052386620643,220.7117461203314,221.32614135742188,18367713,0.0,0.0,WIPRO
2025-04-23,224.2090954124215,231.91274719916893,223.16934855141332,230.2585906982422,31898042,0.0,0.0,WIPRO
2025-04-24,231.39286824571684,231.72369089445633,228.27359879372906,229.45513916015625,23000820,0.0,0.0,WIPRO
2025-04-25,230.58941276645146,232.66892090635434,225.01254806083466,227.70645141601562,16620430,0.0,0.0,WIPRO
2025-04-28,227.328369140625,228.6989530969775,225.6742126084167,227.328369140625,14218414,0.0,0.0,WIPRO
2025-04-29,228.36813515163854,230.25859979884382,226.7139785853339,228.1790771484375,16647246,0.0,0.0,WIPRO
2025-04-30,228.32086984731362,230.06954098596407,226.09956812542453,228.2736053466797,14206640,0.0,0.0,WIPRO
2025-05-02,228.78400977633075,232.33809230334896,227.56466650756312,228.4437255859375,10822257,0.0,0.0,WIPRO
2025-05-05,230.6366828369607,233.34949494182297,229.4078779536191,230.23023986816406,12170446,0.0,0.0,WIPRO
2025-05-06,231.10929209569554,232.43261151636958,227.43233910921563,227.98057556152344,8869045,0.0,0.0,WIPRO
2025-05-07,223.08427003425385,231.06203295765368,223.08427003425385,230.6744842529297,9130056,0.0,0.0,WIPRO
2025-05-08,229.795418812506,232.36645175279133,226.20353328506914,228.3397674560547,11434833,0.0,0.0,WIPRO
2025-05-09,223.64196529010107,229.64418166987357,223.54743629198492,228.7556610107422,10582438,0.0,0.0,WIPRO
2025-05-12,231.66699222533316,243.81323364097437,231.46850150960478,243.1893768310547,19791711,0.0,0.0,WIPRO
2025-05-13,242.87743785388216,242.87743785388216,236.89410156544565,237.79208374023438,11714159,0.0,0.0,WIPRO
2025-05-14,237.79208780407996,239.79597559027687,237.01699042377373,239.08705139160156,8839105,0.0,0.0,WIPRO
2025-05-15,239.33280696626414,243.01922145905942,236.89410598819643,242.51824951171875,12083645,0.0,0.0,WIPRO
2025-05-16,242.9246961862327,242.9246961862327,239.64473901773013,240.38201904296875,6640387,0.0,0.0,WIPRO
2025-05-19,240.38202690759667,240.78848430168534,237.5179741566736,237.9622344970703,6788784,0.0,0.0,WIPRO
2025-05-20,239.1437740127632,240.6561514753647,235.65586448725253,236.03396606445312,9366429,0.0,0.0,WIPRO
2025-05-21,236.03395039958096,238.30250201982577,234.51212590721104,237.17767333984375,5313593,0.0,0.0,WIPRO
2025-05-22,235.36285237478472,236.20410857944125,231.5819230193665,232.47044372558594,11469037,0.0,0.0,WIPRO
2025-05-23,232.62168031276735,236.77124963119516,232.14906415156557,233.8126678466797,7437642,0.0,0.0,WIPRO
2025-05-26,234.88077090313956,237.1115196271823,234.60664546914248,236.53492736816406,3690751,0.0,0.0,WIPRO
2025-05-27,237.24385706570808,237.24385706570808,234.40816020280448,234.65391540527344,6861143,0.0,0.0,WIPRO
2025-05-28,235.92051987121295,236.44040050667638,233.43456879761493,233.87881469726562,6205160,0.0,0.0,WIPRO
2025-05-29,235.97723016583672,237.95277656942864,234.51213168749553,236.44039916992188,11785042,0.0,0.0,WIPRO
2025-05-30,236.3080679067761,237.3572763052062,234.90912818323596,235.9961395263672,13858429,0.0,0.0,WIPRO
2025-06-02,234.0395216723142,234.81460465307967,232.7161878073705,234.11512756347656,5846259,0.0,0.0,WIPRO
2025-06-03,234.41760446060843,235.8354528746847,232.27192315550505,232.73509216308594,8573438,0.0,0.0,WIPRO
2025-06-04,233.00922028290134,236.1284899074843,233.00922028290134,233.34005737304688,6698150,0.0,0.0,WIPRO
2025-06-05,233.3778512011228,235.8260138417121,233.35895693958497,234.36090087890625,6468060,0.0,0.0,WIPRO
2025-06-06,233.5669091121543,236.28916835190694,233.5669091121543,234.9752960205078,4445411,0.0,0.0,WIPRO
2025-06-09,235.92998956076121,239.5218607883377,235.5707966687634,237.5274200439453,9193904,0.0,0.0,WIPRO
2025-06-10,239.0492528321261,241.79043526986945,238.03786172911973,240.91136169433594,10739851,0.0,0.0,WIPRO
2025-06-11,241.99836620570386,247.27277866210773,240.1835363199957,244.73956298828125,17268454,0.0,0.0,WIPRO
2025-06-12,245.76039332776924,248.59609017385887,242.28194545298726,245.39173889160156,14528657,0.0,0.0,WIPRO
2025-06-13,241.03424053378612,247.8871748234722,240.08900821796735,245.95889282226562,8692116,0.0,0.0,WIPRO
2025-06-16,245.7603913456337,250.77957241503506,243.86992679682112,248.49212646484375,10935361,0.0,0.0,WIPRO
2025-06-17,248.4921531003998,250.91194567455838,247.3295068936256,248.51104736328125,7528454,0.0,0.0,WIPRO
2025-06-18,248.5015729633475,251.0537117843613,246.73399312750377,247.26332092285156,5016660,0.0,0.0,WIPRO
2025-06-19,248.4543242342835,251.84770484460353,247.47127453207165,251.0347900390625,14184486,0.0,0.0,WIPRO
2025-06-20,251.43179669573433,252.5660870163008,248.47321492373445,251.94223022460938,12904674,0.0,0.0,WIPRO
2025-06-23,249.5413227777721,250.6756130561511,247.4712617697605,248.82293701171875,6214062,0.0,0.0,WIPRO
2025-06-24,250.95917814689415,253.93665415227815,250.21243654552836,250.4582061767578,6319428,0.0,0.0,WIPRO
2025-06-25,251.33725479872163,255.17489550684334,251.29000472370618,254.655029296875,5331739,0.0,0.0,WIPRO
2025-06-26,254.3620326583965,256.4415265329722,252.5566353976761,253.81378173828125,8564099,0.0,0.0,WIPRO
2025-06-27,254.26749265816466,255.21272497287902,250.01394724195,250.5338134765625,8906108,0.0,0.0,WIPRO
2025-06-30,251.52632609502723,252.1312597797396,248.50157113286198,251.41290283203125,7119563,0.0,0.0,WIPRO
2025-07-01,250.95916994721514,253.6530877102388,249.25776338435804,250.06118774414062,3886095,0.0,0.0,WIPRO
2025-07-02,250.486549634612,253.98392054534864,249.9666834285671,252.37701416015625,8750887,0.0,0.0,WIPRO
2025-07-03,253.70035532211992,256.0161861030516,251.8571695593189,252.42428588867188,9357962,0.0,0.0,WIPRO
2025-07-04,253.6058378300009,256.5360639982065,252.84966345907185,255.25999450683594,7141779,0.0,0.0,WIPRO
2025-07-07,255.2599601585324,255.73257628831766,252.66057144471353,253.0859375,4849218,0.0,0.0,WIPRO
2025-07-08,253.13318105070033,255.49626163872477,252.70784385257508,254.88186645507812,5519016,0.0,0.0,WIPRO
2025-07-09,253.3222519648968,254.64557139248834,250.34477604126582,253.13319396972656,11564433,0.0,0.0,WIPRO
2025-07-10,252.89689426334843,252.89689426334843,248.7378778478454,250.5338134765625,6911031,0.0,0.0,WIPRO
2025-07-11,246.70562687219976,247.6981092349297,243.63362193988308,244.1534881591797,13109857,0.0,0.0,WIPRO
2025-07-14,244.15348123884672,245.33502156394024,237.86769247858902,240.32530212402344,10388421,0.0,0.0,WIPRO
2025-07-15,240.08901126482797,245.6186261517818,238.95473535607098,243.30279541015625,8750149,0.0,0.0,WIPRO
2025-07-16,243.30279467156922,249.5413337854456,242.02672526365336,248.40704345703125,12179338,0.0,0.0,WIPRO
2025-07-17,249.3995501661673,249.87216632003677,243.86993539665417,246.32754516601562,7484171,0.0,0.0,WIPRO
2025-07-18,253.88940046833872,257.0086555065787,251.05370358041134,252.32977294921875,30319126,0.0,0.0,WIPRO
2025-07-21,252.32978682431863,252.51881598618783,245.00423612768913,246.09124755859375,12190000,0.0,0.0,WIPRO
2025-07-22,247.36730173748478,247.792638960103,244.57885494456423,245.47683715820312,6724044,0.0,0.0,WIPRO
2025-07-23,245.9966983750615,247.41454678068146,244.01170483795366,247.08370971679688,6510321,0.0,0.0,WIPRO
2025-07-24,247.6508733201784,248.97419282822142,245.99671672357414,247.50909423828125,8139900,0.0,0.0,WIPRO
2025-07-25,247.46180761756264,247.69811569544274,242.0267218263203,245.0042266845703,8427780,0.0,0.0,WIPRO
2025-07-28,244.81145305592867,244.81145305592867,239.99232996427654,241.0043487548828,8998911,5.0,0.0,WIPRO
2025-07-29,240.18509016724929,243.55847630641514,238.3056351167876,242.6910400390625,12923128,0.0,0.0,WIPRO
2025-07-30,242.35369126518586,243.36571003043403,240.18508592828098,241.14891052246094,6057152,0.0,0.0,WIPRO
2025-07-31,239.1248954869482,241.10072420393195,237.14905206316777,239.31765747070312,7338764,0.0,0.0,WIPRO
2025-08-01,237.58275644320048,237.96828038838186,233.43830785191935,233.96841430664062,7436999,0.0,0.0,WIPRO
2025-08-04,233.96842370230374,237.50565825051578,232.37811898107256,237.1490478515625,5234393,0.0,0.0,WIPRO
2025-08-05,237.1490492375832,238.01648550754334,235.68403170626723,237.0141143798828,7383968,0.0,0.0,WIPRO
2025-08-06,237.10085203381732,237.10085203381732,230.6528630949322,231.27935791015625,7700190,0.0,0.0,WIPRO
2025-08-07,230.46011719596964,234.38287595131794,229.97820486146313,233.5540008544922,6190830,0.0,0.0,WIPRO
2025-08-08,233.63108642890066,234.45034325413127,229.77578787590363,230.40228271484375,8922847,0.0,0.0,WIPRO
2025-08-11,230.40228132073725,235.89607878415703,229.98782908126344,232.87930297851562,3047287,0.0,0.0,WIPRO
2025-08-12,233.9202214560127,237.38034815129546,232.37811095979444,232.97567749023438,8101435,0.0,0.0,WIPRO
2025-08-13,234.10336623188985,234.10336623188985,231.43356786106628,232.90821838378906,5820844,0.0,0.0,WIPRO
2025-08-14,234.30578003705884,239.44295251771263,233.64073867053446,237.88156127929688,12857225,0.0,0.0,WIPRO
2025-08-18,239.64535848548027,240.00196889697452,235.9057141669896,236.33944702148438,5789317,0.0,0.0,WIPRO
2025-08-19,236.58040135331547,238.54659713751897,235.92499295404977,238.02613830566406,4090961,0.0,0.0,WIPRO
2025-08-20,236.4261804455338,243.74160572656993,236.4261804455338,241.76576232910156,10099384,0.0,0.0,WIPRO
2025-08-21,243.59704073359595,243.59704073359595,240.58026495468013,240.86941528320312,7607486,0.0,0.0,WIPRO
2025-08-22,242.8838065671094,243.84763119634394,238.65261703304154,239.64535522460938,13572686,0.0,0.0,WIPRO
2025-08-25,241.53445941620683,247.98244857751075,241.53445941620683,244.65724182128906,16391069,0.0,0.0,WIPRO
2025-08-26,243.8476307919132,245.60179867347316,242.21876481812083,242.9127197265625,15797327,0.0,0.0,WIPRO
2025-08-28,242.90307602481874,243.221139902678,240.06942939188718,241.58262634277344,5851451,0.0,0.0,WIPRO
2025-08-29,241.4380775577911,243.94402755887427,239.66464371134924,240.38751220703125,10117017,0.0,0.0,WIPRO
2025-09-01,240.39714881418757,243.8380099652114,240.37786820277304,241.3031463623047,3198345,0.0,0.0,WIPRO
2025-09-02,241.30312092650578,243.99218501688193,240.5706195447378,241.8524932861328,5046939,0.0,0.0,WIPRO
2025-09-03,242.78742009478904,243.26933241312472,240.1079887813865,240.53207397460938,3862765,0.0,0.0,WIPRO
2025-09-04,240.47424823197494,241.28385740180204,235.5972978954681,236.10812377929688,5021036,0.0,0.0,WIPRO
2025-09-05,237.19724983867712,238.37311707627845,232.54197506164175,234.8551483154297,6233782,0.0,0.0,WIPRO
2025-09-08,235.52018364088656,238.05504708592366,233.4383189416955,233.7467498779297,6596932,0.0,0.0,WIPRO
2025-09-09,236.1370204995084,240.81157556354356,236.1370204995084,240.1368865966797,12836972,0.0,0.0,WIPRO
2025-09-10,240.28147277531497,247.86678228493443,240.2332786045466,246.49813842773438,15261331,0.0,0.0,WIPRO
2025-09-11,246.44995580925047,246.44995580925047,243.0476560300271,244.72471618652344,5865301,0.0,0.0,WIPRO
2025-09-12,245.65963564141035,246.64272621209707,241.74650984950006,242.82598876953125,5345794,0.0,0.0,WIPRO
2025-09-15,242.40189244691152,242.68139511631705,240.57063154772504,242.18984985351562,3700703,0.0,0.0,WIPRO
2025-09-16,242.88379333468254,245.29335477649488,241.14890615521847,244.82107543945312,7316998,0.0,0.0,WIPRO
2025-09-17,244.13676684961214,246.25717796509528,243.70304873388994,244.9560089111328,7339871,0.0,0.0,WIPRO
2025-09-18,247.702927053092,250.4016242205289,246.73910243420838,247.6354522705078,10498239,0.0,0.0,WIPRO
2025-09-19,247.7029224504322,248.33905021670643,245.4861229268317,246.62344360351562,10741757,0.0,0.0,WIPRO
2025-09-22,239.5586090738771,242.67175843739852,238.26708762979038,241.2742156982422,15784007,0.0,0.0,WIPRO
2025-09-23,241.16820134485926,242.88380801860566,239.75137795487365,240.59954833984375,8674114,0.0,0.0,WIPRO
2025-09-24,239.34657654249048,240.1079915432284,235.41417021482334,235.7418670654297,7888797,0.0,0.0,WIPRO
2025-09-25,236.57075171358017,236.75388074576497,232.5516047845229,233.2455596923828,7957740,0.0,0.0,WIPRO
2025-09-26,232.71544644179085,232.81183478439056,226.50841367235438,227.22164916992188,16999628,0.0,0.0,WIPRO
2025-09-29,228.3107813425008,232.07932444027642,227.74211363791463,230.97093200683594,8894412,0.0,0.0,WIPRO
2025-09-30,231.2504327906244,232.76364449525963,230.3540829580416,230.710693359375,5590909,0.0,0.0,WIPRO
2025-10-01,231.317898033036,234.75875882553942,229.23603342110766,232.3491973876953,9479378,0.0,0.0,WIPRO
2025-10-03,232.262451171875,232.6672557446049,229.44808506613637,232.262451171875,10968346,0.0,0.0,WIPRO
2025-10-06,231.31791367809595,234.17084108444976,230.66251998193718,233.37086486816406,6064946,0.0,0.0,WIPRO
2025-10-07,234.11300061064694,236.1370382497925,233.38049917419653,234.72021484375,6587728,0.0,0.0,WIPRO
2025-10-08,234.45033594384577,237.43819811197406,233.7949422695343,235.43344116210938,7360563,0.0,0.0,WIPRO
2025-10-09,235.16356780872852,237.8719125627567,234.36359163149092,237.4863739013672,4629760,0.0,0.0,WIPRO
2025-10-10,239.02851172567705,242.16094181885626,237.34181859858052,239.70318603515625,7070200,0.0,0.0,WIPRO
2025-10-13,237.15867892104916,238.7393506780979,235.66474784844178,236.2623291015625,6717589,0.0,0.0,WIPRO
2025-10-14,236.908088103363,241.10071626242086,236.2430467805369,239.4333038330078,7888607,0.0,0.0,WIPRO
2025-10-15,240.9561596908066,243.00911087754727,239.5489692472217,241.1585693359375,13278925,0.0,0.0,WIPRO
2025-10-16,241.34168090575858,244.87893023158037,239.79957032543737,244.62832641601562,10661302,0.0,0.0,WIPRO
2025-10-17,240.95615856523548,240.95615856523548,230.4601088864057,232.1853485107422,43802251,0.0,0.0,WIPRO
2025-10-20,232.18534996856562,233.18773583029687,230.6143258054781,232.5130615234375,9871824,0.0,0.0,WIPRO
2025-10-21,232.28173043872368,233.3997705132051,231.66488327811263,232.6287078857422,2082336,0.0,0.0,WIPRO
2025-10-23,235.94426887525432,238.83574272248345,234.5659920272076,235.4623565673828,18964626,0.0,0.0,WIPRO
2025-10-24,236.13702377747413,236.98519412007408,233.39976548046016,234.19009399414062,6803979,0.0,0.0,WIPRO
2025-10-27,234.48889027997774,236.84062475552142,234.26721473060016,235.0864715576172,9550336,0.0,0.0,WIPRO
2025-10-28,234.8455107449142,235.84788188003014,232.6672576885254,233.61181640625,8780789,0.0,0.0,WIPRO
2025-10-29,234.78768218729533,234.78768218729533,232.8985794701761,233.5154266357422,8776917,0.0,0.0,WIPRO
2025-10-30,234.10335279619028,235.9153477216527,231.7998126269634,233.16844177246094,8344622,0.0,0.0,WIPRO
2025-10-31,233.3515786248974,234.3925109761388,231.7998204031574,231.9636688232422,5659566,0.0,0.0,WIPRO
2025-11-03,231.96368363562567,232.56125023018706,230.83601052647072,231.79983520507812,4902693,0.0,0.0,WIPRO
2025-11-04,231.79982545899986,232.1275223063169,228.92763215541518,229.3131561279297,6848284,0.0,0.0,WIPRO
2025-11-06,231.31790995337695,231.91547651458157,229.74687110876866,231.36610412597656,7141517,0.0,0.0,WIPRO
2025-11-07,230.06493493145234,230.59504141629742,227.46261138660896,227.9348907470703,5520619,0.0,0.0,WIPRO
2025-11-10,228.85052305418253,232.81184288134213,228.44571847341837,231.1636962890625,8566758,0.0,0.0,WIPRO
2025-11-11,232.37812434127608,233.29375479906906,230.1709577011974,232.94677734375,8831094,0.0,0.0,WIPRO
2025-11-12,233.96842732113487,237.39000767542942,233.34194719866818,236.3490753173828,13152546,0.0,0.0,WIPRO
2025-11-13,237.10085410780368,237.10085410780368,235.17320488741504,236.45509338378906,6211124,0.0,0.0,WIPRO
2025-11-14,235.09609753988767,237.00446615330358,233.39012385913895,235.52981567382812,6841554,0.0,0.0,WIPRO
2025-11-17,235.14429729370875,235.92499289469308,233.91060293789207,235.22140502929688,6559062,0.0,0.0,WIPRO
2025-11-18,234.14191134174817,235.17321075966981,231.6070625542637,232.1853485107422,4730012,0.0,0.0,WIPRO
2025-11-19,232.47448403171438,237.92010169243312,231.83835628399785,237.16831970214844,13298452,0.0,0.0,WIPRO
2025-11-20,238.54658822676524,238.83573854779328,236.8213486657317,237.3514404296875,6705862,0.0,0.0,WIPRO
2025-11-21,236.13703782780354,238.30564327724255,234.7973221606442,235.64549255371094,5516450,0.0,0.0,WIPRO
2025-11-24,236.15631523428277,240.3585912142264,236.15631523428277,238.32492065429688,19711070,0.0,0.0,WIPRO
2025-11-25,239.02851779723068,239.02851779723068,235.1732191230818,236.75389099121094,8188793,0.0,0.0,WIPRO
2025-11-26,237.10085474589258,241.4862596754381,236.7345966868582,241.1392822265625,8202096,0.0,0.0,WIPRO
2025-11-27,241.34168313978205,242.80670070542558,238.72972661020898,240.53207397460938,5268129,0.0,0.0,WIPRO
2025-11-28,241.91998195093092,242.87417362837147,239.60680872336184,240.50315856933594,7049965,0.0,0.0,WIPRO
2025-12-01,241.05254706736605,241.67902719732234,239.85739922566225,241.2260284423828,3865446,0.0,0.0,WIPRO
2025-12-02,240.95616195066575,242.3537047486202,239.8670353924737,241.12001037597656,8535708,0.0,0.0,WIPRO
2025-12-03,241.53446219198148,247.8282359543822,241.48626801831776,245.47650146484375,17215454,0.0,0.0,WIPRO
2025-12-04,246.73910243420838,249.43779960164528,246.25719012476657,247.6354522705078,10687381,0.0,0.0,WIPRO
2025-12-05,248.8595280516743,251.65461356024184,248.37761574283184,250.50765991210938,7886562,0.0,0.0,WIPRO
2025-12-08,250.60404922775925,253.55335021621693,250.31488419317733,251.9244842529297,9684253,0.0,0.0,WIPRO
2025-12-09,251.92448366960394,252.34856885513423,247.75110659690662,248.0980987548828,8560580,0.0,0.0,WIPRO
2025-12-10,248.67640501776216,250.95101705182338,247.94388887830812,248.64749145507812,7944200,0.0,0.0,WIPRO
2025-12-11,248.96552354276986,250.5751235245322,248.39687057331622,249.87152099609375,6473376,0.0,0.0,WIPRO
2025-12-12,250.11248602204785,251.3847415651217,248.04988724037423,251.17269897460938,4008271,0.0,0.0,WIPRO
2025-12-15,250.584745567307,253.0039546988724,249.1872175609352,252.2714385986328,4023911,0.0,0.0,WIPRO
2025-12-16,252.27144831941544,252.28109597802998,249.43780156451172,249.84262084960938,2982041,0.0,0.0,WIPRO
2025-12-17,249.63057745696057,252.6473532343335,248.9655361137368,251.69317626953125,4923276,0.0,0.0,WIPRO
2025-12-18,251.73172045075162,255.40389009327302,251.5582390692769,254.30514526367188,9008412,0.0,0.0,WIPRO
2025-12-19,257.3411791797771,257.3411791797771,253.77501624218536,254.88343811035156,12750745,0.0,0.0,WIPRO
2025-12-22,257.8327523758314,263.22052886625846,257.148415667767,262.80609130859375,14651313,0.0,0.0,WIPRO
2025-12-23,262.1603013976354,262.62294781252496,260.43504706071974,261.5820007324219,7572420,0.0,0.0,WIPRO
2025-12-24,261.1386430787878,261.1772042991256,257.53394843742046,258.3628234863281,4694861,0.0,0.0,WIPRO
2025-12-26,257.5339390398559,259.1531572718402,256.1267339780104,256.6664733886719,2899112,0.0,0.0,WIPRO
2025-12-29,256.3677081449363,257.71708618004163,254.0641825363549,254.68101501464844,3755074,0.0,0.0,WIPRO
2025-12-30,254.44971023637032,255.1436651681042,253.50515148068982,254.11236572265625,5117699,0.0,0.0,WIPRO
2025-12-31,254.4497074877141,255.0280081601777,251.80883736022957,253.75575256347656,5705044,0.0,0.0,WIPRO
2026-01-01,254.93162167792454,258.35318744351383,254.20875318545407,257.67852783203125,3639755,0.0,0.0,WIPRO
2026-01-02,257.6784942347598,262.5457963506695,256.52189303217216,259.268798828125,8286204,0.0,0.0,WIPRO
2026-01-05,259.70255406352106,259.89530133820665,252.23291330341655,253.77500915527344,7006599,0.0,0.0,WIPRO
2026-01-06,253.7750070466501,256.4737335921618,253.4376919653548,255.9918212890625,4083654,0.0,0.0,WIPRO
2026-01-07,255.41352165429623,262.6422062294178,254.93160934928812,261.0036926269531,10242615,0.0,0.0,WIPRO
2026-01-08,261.1000850822397,261.1000850822397,251.8955716770777,252.71482849121094,9269522,0.0,0.0,WIPRO
2026-01-09,251.89557628471195,254.40152623877253,251.02813998888934,252.473876953125,4735387,0.0,0.0,WIPRO
2026-01-12,251.26908695640975,254.9316086997018,249.67875282306102,253.58226013183594,3802164,0.0,0.0,WIPRO
2026-01-13,253.9196028628292,255.2689514213191,251.84735644009945,254.64247131347656,6931244,0.0,0.0,WIPRO
2026-01-14,254.4497075731208,254.4497075731208,250.2088849962876,250.7871856689453,5625861,0.0,0.0,WIPRO
2026-01-15,250.7871856689453,250.7871856689453,250.7871856689453,250.7871856689453,0,0.0,0.0,WIPRO
2026-01-16,253.72682723776734,260.0398666343716,253.4858710865444,257.77490234375,12028289,0.0,0.0,WIPRO
2026-01-19,242.88379986846235,242.88379986846235,232.81183571210164,237.0526580810547,65833247,0.0,0.0,WIPRO
2026-01-20,237.05265351593278,237.10084768649656,230.73959954877458,231.2215118408203,16796201,0.0,0.0,WIPRO
2026-01-21,231.22153085790316,233.82386921441923,229.0047458976076,230.8842010498047,14397792,0.0,0.0,WIPRO
2026-01-22,233.24555079315903,234.11298704148953,230.54683899964755,231.9443817138672,8537915,0.0,0.0,WIPRO
2026-01-23,233.53469674981093,234.73947746487724,229.24568034553408,229.77577209472656,13546802,0.0,0.0,WIPRO
2026-01-27,232.54415887455278,233.73060566282555,229.133118700835,232.148681640625,15677537,6.0,0.0,WIPRO
2026-01-28,232.8407751991807,235.41142248862946,232.29698268566392,234.66989135742188,10155128,0.0,0.0,WIPRO
2026-01-29,233.53286864540675,238.179794065089,232.79133751184608,237.09222412109375,12201949,0.0,0.0,WIPRO
2026-01-30,235.31254535287096,235.31254535287096,232.64303630103964,234.22496032714844,11362317,0.0,0.0,WIPRO
2026-02-02,241.24479625234574,241.32389471723346,236.58797408007496,239.56399536132812,12335721,0.0,0.0,WIPRO
2026-02-03,256.28304914464417,256.9553936654125,239.54422622894785,239.94960021972656,25915412,0.0,0.0,WIPRO
2026-02-04,233.2461570142917,233.25603866523716,223.70511375338745,230.70516967773438,25995324,0.0,0.0,WIPRO
2026-02-05,230.70516972657904,232.90999989357695,229.0836888682677,230.75460815429688,10102736,0.0,0.0,WIPRO
2026-02-06,230.29979806673384,230.29979806673384,226.01870475724127,228.11476135253906,12279085,0.0,0.0,WIPRO
2026-02-09,229.23199706912882,230.29978862509608,227.0172853196085,227.4819793701172,9112474,0.0,0.0,WIPRO
2026-02-10,227.38311204673963,230.23059654595468,224.63450440404904,228.85629272460938,12435622,0.0,0.0,WIPRO
2026-02-11,228.85628607253213,230.36900839714787,226.90852973023792,227.21502685546875,7874912,0.0,0.0,WIPRO
2026-02-12,223.64579895262358,223.70511903267632,216.03274858721431,216.606201171875,40899346,0.0,0.0,WIPRO
2026-02-13,208.27137256697807,214.035543080168,206.64989175146505,211.6725311279297,23721186,0.0,0.0,WIPRO
2026-02-16,212.19654190349303,214.4606920536062,207.73747350293795,210.85189819335938,20754327,0.0,0.0,WIPRO
2026-02-17,210.85190209079795,216.91268809220367,209.8631939058503,213.2544708251953,26941553,0.0,0.0,WIPRO
2026-02-18,213.75871154399292,213.95645016828723,207.8857823748628,209.55670166015625,22679760,0.0,0.0,WIPRO
2026-02-19,211.5835471232585,213.00728929344024,208.02419169780424,208.82505798339844,14151588,0.0,0.0,WIPRO
2026-02-20,207.33211373068798,209.56660399572445,205.89848980814543,207.4903106689453,17690420,0.0,0.0,WIPRO
2026-02-23,207.98465123840498,209.34907334064056,201.97330375460703,203.56512451171875,20946229,0.0,0.0,WIPRO
2026-02-24,200.70775660195747,200.9944753304764,197.10885950083022,197.8800506591797,25036686,0.0,0.0,WIPRO
2026-02-25,199.0368410208734,203.1597523152721,199.0368410208734,199.63995361328125,13979068,0.0,0.0,WIPRO
2026-02-26,201.40975565647489,202.31936539730586,196.87157351677192,198.8094482421875,14378069,0.0,0.0,WIPRO
2026-02-27,201.69647751747044,201.69647751747044,197.7910830534253,198.69081115722656,13288519,0.0,0.0,WIPRO
2026-03-02,192.79809388477366,198.0975702996301,192.50147841534536,196.32778930664062,10486866,0.0,0.0,WIPRO
2026-03-04,193.79668574400895,194.8941524318745,192.31362346778468,193.34188842773438,19562075,0.0,0.0,WIPRO
2026-03-05,194.18228431846163,194.74585523360835,191.03819948603214,193.4704132080078,13149281,0.0,0.0,WIPRO
2026-03-06,193.39132670391479,196.68371167846257,192.79809575929033,193.19357299804688,9022914,0.0,0.0,WIPRO
2026-03-09,191.8093886657331,197.24728370522553,190.85034051548527,196.50575256347656,25862728,0.0,0.0,WIPRO
2026-03-10,198.23599552495915,199.03684675887746,195.1907724366907,198.6611328125,12982340,0.0,0.0,WIPRO
2026-03-11,200.40126932343745,203.62445265408158,199.30380260783787,199.9464569091797,29199002,0.0,0.0,WIPRO
2026-03-12,198.78967321086512,201.49873917722337,197.44502942203997,200.22329711914062,19042475,0.0,0.0,WIPRO
2026-03-13,198.33487150232247,199.78827376725542,193.82634942522014,195.34896850585938,12629652,0.0,0.0,WIPRO
2026-03-16,194.02410546172283,196.05094523243446,190.59328675018614,192.9068603515625,12631649,0.0,0.0,WIPRO
2026-03-17,192.79809150296356,192.90685000419404,186.12431141247635,189.15965270996094,21778468,0.0,0.0,WIPRO
2026-03-18,190.8206791535338,195.76422006424713,190.5141820309079,192.1060028076172,24529164,0.0,0.0,WIPRO
2026-03-19,189.81219692550877,190.61304815752558,185.560748627745,186.2825164794922,13685195,0.0,0.0,WIPRO
2026-03-20,189.0311185851019,190.12858526393205,186.28251106271452,188.744384765625,24395304,0.0,0.0,WIPRO
2026-03-23,187.27122739211956,188.4675558887426,184.88843696343739,185.42233276367188,12014988,0.0,0.0,WIPRO
2026-03-24,189.33762442635032,189.33762442635032,185.67940702392252,186.60879516601562,11843191,0.0,0.0,WIPRO
2026-03-25,186.8658447771559,188.46754719042633,185.7782597517936,186.915283203125,13862888,0.0,0.0,WIPRO
2026-03-27,186.91528404898315,190.11868889002054,185.7782605925063,189.43649291992188,26269256,0.0,0.0,WIPRO
2026-03-30,187.84468006738422,189.46616094402066,184.3940829499458,185.52120971679688,27946986,0.0,0.0,WIPRO
2026-04-01,189.34750048944647,192.29386176497866,188.25993052973445,189.02122497558594,11769673,0.0,0.0,WIPRO
2026-04-02,188.3489148575087,193.1342589948106,186.4505968960953,192.70912170410156,16623045,0.0,0.0,WIPRO
2026-04-06,194.7755218511451,198.90831502251189,193.89557212745996,195.06224060058594,23282287,0.0,0.0,WIPRO
2026-04-07,194.785393724234,202.95213297211242,194.785393724234,202.40834045410156,24771466,0.0,0.0,WIPRO
2026-04-08,205.35468616494666,206.64000981747287,200.51002211291274,201.12301635742188,22084158,0.0,0.0,WIPRO
2026-04-09,201.40974996967785,201.8546656333442,199.35323514506428,200.5792236328125,14540807,0.0,0.0,WIPRO
2026-04-10,206.34340110912888,206.34340110912888,198.35463693487117,202.56654357910156,51219565,0.0,0.0,WIPRO
2026-04-13,200.71764227509874,201.10323786200135,198.04813320527367,200.6781005859375,21930624,0.0,0.0,WIPRO
2026-04-15,204.1682443539207,208.11319552342096,202.78405890137145,207.3815460205078,27890080,0.0,0.0,WIPRO
2026-04-16,210.57506011256086,210.57506011256086,205.85893304222714,207.88577270507812,36305074,0.0,0.0,WIPRO
2026-04-17,202.6851774819952,204.11880132981383,200.2134070248977,202.0128631591797,80542603,0.0,0.0,WIPRO
2026-04-20,202.19082884058898,202.8829215699336,199.71905831686541,200.19363403320312,27927164,0.0,0.0,WIPRO
2026-04-21,200.70777025254299,203.37727945042653,200.1936377498463,202.695068359375,21530723,0.0,0.0,WIPRO
2026-04-22,201.20211806951784,203.06089430736998,199.91679439624752,201.69647216796875,21790433,0.0,0.0,WIPRO
2026-04-23,201.69647787313727,202.58630924092267,200.01567690815918,200.47047424316406,20307250,0.0,0.0,WIPRO
2026-04-24,200.46059172429597,200.46059172429597,195.64558751770736,197.10887145996094,39363394,0.0,0.0,WIPRO
2026-04-27,197.1088670767416,202.9323577630474,197.1088670767416,202.734619140625,42632215,0.0,0.0,WIPRO
2026-04-28,202.25014872750128,203.35749709340243,198.7501283072838,199.30380249023438,23455983,0.0,0.0,WIPRO
2026-04-29,199.30380212644286,201.30099692828904,198.03825682872588,198.41395568847656,15667662,0.0,0.0,WIPRO
2026-04-30,198.6215879996505,199.8673548898837,197.74163831261896,198.38429260253906,15300274,0.0,0.0,WIPRO
2026-05-01,198.38429260253906,198.38429260253906,198.38429260253906,198.38429260253906,0,0.0,0.0,WIPRO
2026-05-04,200.11453203796404,201.0735801911796,197.80095848930563,198.48316955566406,8446995,0.0,0.0,WIPRO
2026-05-05,197.74164115770049,200.015673048312,197.34616390998104,197.5241241455078,8899200,0.0,0.0,WIPRO
2026-05-06,198.2458705308143,198.85887985748613,196.01139548878703,196.87156677246094,13166683,0.0,0.0,WIPRO
2026-05-07,197.2472894503983,198.01848065336037,194.96337588112686,195.13145446777344,19303572,0.0,0.0,WIPRO
2026-05-08,195.76422731131214,196.69361545076993,194.47890360964692,195.6752471923828,15970687,0.0,0.0,WIPRO
2026-05-11,195.64558361432836,196.00151917009842,193.93510756456368,194.45912170410156,9199527,0.0,0.0,WIPRO
2026-05-12,193.88567590965667,193.92521759794002,186.964718800399,187.42941284179688,27435195,0.0,0.0,WIPRO
2026-05-13,188.51698520689447,189.13987618247523,185.19492514794618,185.6793975830078,17242394,0.0,0.0,WIPRO
2026-05-14,186.12431340514985,188.03251293586302,184.88842818997622,186.1737518310547,18280387,0.0,0.0,WIPRO
2026-05-15,187.75567637057486,189.73309272028703,186.66810643012684,187.85455322265625,17902610,0.0,0.0,WIPRO
2026-05-18,188.83337738613744,190.57349832099325,187.0635813268366,190.0000457763672,16327369,0.0,0.0,WIPRO
2026-05-19,190.22744541611505,195.76421718940094,190.22744541611505,192.96617126464844,20534622,0.0,0.0,WIPRO
2026-05-20,192.41249770295815,195.70489772176057,191.81926676594372,194.89414978027344,16201692,0.0,0.0,WIPRO
2026-05-21,196.25856981438196,197.7811737431486,195.269861654108,197.4845733642578,18980608,0.0,0.0,WIPRO
2026-05-22,197.74164513500358,203.08066351905256,196.58485832134264,200.8165283203125,40014399,0.0,0.0,WIPRO
2026-05-25,204.6625914594157,207.18380031353246,201.7557870219509,204.50439453125,72041558,0.0,0.0,WIPRO
2026-05-26,204.65271807734212,206.33351901916558,200.64844680449008,201.4295196533203,46458415,0.0,0.0,WIPRO
2026-05-27,201.54817434786398,203.66400931070504,197.9393803347562,199.30380249023438,39465643,0.0,0.0,WIPRO
2026-05-28,199.30380249023438,199.30380249023438,199.30380249023438,199.30380249023438,0,0.0,0.0,WIPRO
2026-05-29,208.6174296235513,208.6174296235513,201.35041833903546,201.9436492919922,82734524,0.0,0.0,WIPRO
2026-06-01,202.78406404150158,205.40413481684354,202.78406404150158,204.0792694091797,26491139,0.0,0.0,WIPRO
2026-06-02,205.65130059655002,207.80667717859504,204.1781199832558,207.47052001953125,42476874,0.0,0.0,WIPRO
2026-06-03,205.6513050563035,206.046782300662,199.71905587198705,201.79534912109375,62282204,0.0,0.0,WIPRO
2026-06-04,200.7077611163172,202.7741575976932,199.81792978635795,202.0128631591797,40659957,0.0,0.0,WIPRO
2026-06-05,189.3573934689589,196.7529263768986,186.0254366679845,196.13003540039062,43539069,0.0,0.0,WIPRO
2026-06-08,191.20627694364634,191.70063104041222,178.95618302924748,179.7075958251953,75164049,0.0,0.0,WIPRO
2026-06-09,181.8926537660442,182.26836772005944,178.5607118680362,179.61862182617188,28381665,0.0,0.0,WIPRO
2026-06-10,180.04376407844163,180.2316059583898,176.4844086261751,176.9095458984375,16935979,0.0,0.0,WIPRO
2026-06-11,174.9716949876097,176.18780187459916,173.844568219707,175.36717224121094,14468882,0.0,0.0,WIPRO
2026-06-12,176.63271533495106,178.4123931267533,175.5649237463597,178.10589599609375,13850153,0.0,0.0,WIPRO
2026-06-15,180.93359633950593,180.93359633950593,178.86719987092152,179.33189392089844,13870660,0.0,0.0,WIPRO
2026-06-16,180.33049322515495,181.30931980268286,179.57908040249603,180.60733032226562,11706020,0.0,0.0,WIPRO
2026-06-17,181.92231459128,183.15819988062296,181.50705894443965,182.3870086669922,16131548,0.0,0.0,WIPRO
2026-06-18,182.38700509722617,182.6737238406862,179.65817586290345,180.77540588378906,18165845,0.0,0.0,WIPRO
2026-06-19,174.7640487007675,179.43075241675308,172.91516927167407,178.75843811035156,37469436,0.0,0.0,WIPRO
2026-06-22,178.7979825340377,180.34036487136882,177.96747128878084,178.1454315185547,10368112,0.0,0.0,WIPRO
2026-06-23,177.47312174316596,177.47312174316596,172.03522664797148,172.5196990966797,23954730,0.0,0.0,WIPRO
2026-06-24,169.56345003957682,173.50840104306232,169.553568389078,172.50979614257812,56627728,0.0,0.0,WIPRO
2026-06-25,174.01264927455358,174.39824488255462,170.74002743214902,173.02394104003906,21544904,0.0,0.0,WIPRO
2026-06-26,173.02394104003906,173.02394104003906,173.02394104003906,173.02394104003906,0,0.0,0.0,WIPRO
2026-06-29,174.2894741882829,174.6948481568508,172.62845171194016,173.49850463867188,24484011,0.0,0.0,WIPRO
2026-06-30,173.02393352580475,173.41941076783928,168.12983099480138,168.4659881591797,26845383,0.0,0.0,WIPRO
2026-07-01,169.0690946075389,170.2061029518828,167.33885533523951,168.20892333984375,34638511,0.0,0.0,WIPRO
2026-07-02,167.57616384420143,172.99428073688537,167.0916913788894,172.0352325439453,43447174,0.0,0.0,WIPRO
2026-07-03,174.21037599219633,176.1284722498395,172.61855524001209,174.09173583984375,29538753,0.0,0.0,WIPRO
2026-07-06,174.09174456499278,174.30926157953363,171.61009237280982,172.35162353515625,8304046,0.0,0.0,WIPRO
2026-07-07,171.93635542159686,174.210387371323,170.81912537882604,171.04652404785156,18837725,0.0,0.0,WIPRO
2026-07-08,171.04652093074372,173.4194146084817,170.29510811964104,170.76968383789062,16482564,0.0,0.0,WIPRO
2026-07-09,171.0465147541525,172.32194166541998,169.71175267956764,170.80921936035156,10270117,0.0,0.0,WIPRO
2026-07-10,173.25133076236907,175.21886547857812,173.0239321043918,173.47874450683594,16249590,0.0,0.0,WIPRO
2026-07-13,172.62845263285115,177.91803229401972,172.39115724075515,176.41519165039062,22417855,0.0,0.0,WIPRO
2026-07-14,176.48441426759663,178.46183067395626,174.71463322196033,175.1397705078125,14461463,0.0,0.0,WIPRO
2026-07-15,173.14258103959983,174.60588008759453,172.51970511124802,172.67788696289062,10398720,0.0,0.0,WIPRO
2026-07-16,173.61716675469336,175.98017876012347,173.42930978198925,175.73300170898438,11184572,0.0,0.0,WIPRO
2026-07-17,171.59031737522906,174.26970824635646,171.59031737522906,174.0126495361328,22960032,0.0,0.0,WIPRO
2026-07-20,175.0013456767054,175.79231522813527,173.8643373184864,174.3883514404297,10183661,0.0,0.0,WIPRO
2026-07-21,174.12140471814374,175.49570853646264,172.52958388514213,172.99427795410156,11350578,0.0,0.0,WIPRO
2026-07-22,172.79653613611436,172.984393107733,171.46177403307956,172.4702606201172,5057035,0.0,0.0,WIPRO
2026-07-23,171.84737282841516,173.5776122086231,171.3530187197843,172.84597778320312,9055905,0.0,0.0,WIPRO
2026-07-24,172.0352302981391,175.89118632194962,170.84878345131204,175.1199951171875,13282944,0.0,0.0,WIPRO
2026-07-27,177.5,178.77999877929688,175.61000061035156,178.52999877929688,12504426,2.0,0.0,WIPRO
2026-07-28,178.5500030517578,181.6999969482422,178.5500030517578,181.1199951171875,26873060,0.0,0.0,WIPRO
2026-07-29,183.0,185.75999450683594,181.4499969482422,183.61000061035156,26147867,0.0,0.0,WIPRO
2026-07-30,183.39999389648438,191.33999633789062,183.39999389648438,186.3300018310547,54015268,0.0,0.0,WIPRO
2026-07-31,184.85000610351562,185.24000549316406,180.8300018310547,183.64999389648438,18762810,0.0,0.0,WIPRO
2026-08-03,184.02000427246094,189.80999755859375,184.02000427246094,188.66000366210938,15840516,0.0,0.0,WIPRO
2026-08-04,189.0,189.39999389648438,186.3000030517578,186.3000030517578,11903457,0.0,0.0,WIPRO
2026-08-05,187.0,188.5399932861328,186.07000732421875,186.99000549316406,8829250,0.0,0.0,WIPRO
2026-08-06,186.0,188.24000549316406,185.41000366210938,186.1199951171875,6629768,0.0,0.0,WIPRO
2026-08-07,185.8699951171875,188.3699951171875,185.64999389648438,187.52999877929688,7823102,0.0,0.0,WIPRO
2026-08-10,187.52999877929688,187.88999938964844,185.0,185.5,5337618,0.0,0.0,WIPRO
2026-08-11,185.5,187.47999572753906,183.30999755859375,184.60000610351562,9182421,0.0,0.0,WIPRO
2026-08-12,184.50999450683594,185.0,181.91000366210938,183.94000244140625,8624548,0.0,0.0,WIPRO
2026-08-13,183.49000549316406,183.75,181.72000122070312,183.10000610351562,5434084,0.0,0.0,WIPRO
2026-08-14,183.5500030517578,185.83999633789062,183.10000610351562,184.0,7366162,0.0,0.0,WIPRO
2026-08-17,183.5,183.7100067138672,181.0,181.89999389648438,4436515,0.0,0.0,WIPRO
2026-08-18,181.89999389648438,181.99000549316406,178.05999755859375,178.05999755859375,7074731,0.0,0.0,WIPRO
2026-08-19,179.05999755859375,179.9499969482422,178.22000122070312,179.5500030517578,5964187,0.0,0.0,WIPRO
2026-08-20,181.55999755859375,182.4600067138672,180.50999450683594,181.0,5364164,0.0,0.0,WIPRO
2026-08-21,180.60000610351562,181.75999450683594,180.0,180.7899932861328,4637869,0.0,0.0,WIPRO
2026-08-24,181.0,183.9199981689453,180.55999755859375,181.30999755859375,9441129,0.0,0.0,WIPRO
2026-08-25,181.2899932861328,181.2899932861328,178.38999938964844,180.08999633789062,8352475,0.0,0.0,WIPRO
2026-08-26,180.08999633789062,180.9499969482422,176.66000366210938,177.35000610351562,9355776,0.0,0.0,WIPRO
2026-08-27,177.35000610351562,178.6999969482422,176.39999389648438,176.39999389648438,4695019,0.0,0.0,WIPRO
2026-08-28,178.25,181.85000610351562,178.25,180.9499969482422,14686269,0.0,0.0,WIPRO
2026-08-31,180.1699981689453,184.5,176.1699981689453,184.5,16666567,0.0,0.0,WIPRO
2026-09-01,181.0,182.10000610351562,178.5,181.6999969482422,6813425,0.0,0.0,WIPRO
2026-09-02,180.0,180.38999938964844,176.8000030517578,177.08999633789062,12056634,0.0,0.0,WIPRO
2026-09-03,177.5,178.0399932861328,175.72000122070312,175.72000122070312,6496396,0.0,0.0,WIPRO
2026-09-04,176.74000549316406,178.75,176.39999389648438,176.39999389648438,6882678,0.0,0.0,WIPRO
2026-09-07,175.88999938964844,176.47000122070312,172.64999389648438,172.8000030517578,10720636,0.0,0.0,WIPRO
2026-09-08,172.8000030517578,172.89999389648438,171.1300048828125,171.5,6948945,0.0,0.0,WIPRO
2026-09-09,168.6999969482422,169.14999389648438,166.3699951171875,167.0,12001620,0.0,0.0,WIPRO
2026-09-10,167.89999389648438,169.19000244140625,166.0,166.3000030517578,9586645,0.0,0.0,WIPRO
2026-09-11,165.1999969482422,167.75,165.16000366210938,167.39999389648438,8484897,0.0,0.0,WIPRO
2026-09-14,167.39999389648438,167.39999389648438,167.39999389648438,167.39999389648438,0,0.0,0.0,WIPRO
2026-09-15,172.1999969482422,173.35000610351562,169.00999450683594,170.0,11722173,0.0,0.0,WIPRO
2026-09-16,170.02000427246094,170.88999938964844,166.11000061035156,166.88999938964844,11030339,0.0,0.0,WIPRO
2026-09-17,165.75,167.60000610351562,165.02000427246094,166.39999389648438,9129514,0.0,0.0,WIPRO
2026-09-18,166.89999389648438,166.89999389648438,163.3000030517578,166.8300018310547,23606474,0.0,0.0,WIPRO
2026-09-21,165.24000549316406,165.5,163.33999633789062,164.5500030517578,9282035,0.0,0.0,WIPRO
2026-09-22,164.80999755859375,166.0,163.2100067138672,166.0,14726893,0.0,0.0,WIPRO
2026-09-23,164.6999969482422,165.6999969482422,164.10000610351562,164.89999389648438,10856986,0.0,0.0,WIPRO
2026-09-24,164.16000366210938,165.6699981689453,163.36000061035156,163.63999938964844,7033397,0.0,0.0,WIPRO
2026-09-25,163.0500030517578,164.5,161.66000366210938,164.02000427246094,9700283,0.0,0.0,WIPRO
2026-09-28,164.02000427246094,164.4499969482422,160.97000122070312,161.55999755859375,10309220,0.0,0.0,WIPRO
2026-09-29,161.0,162.42999267578125,156.7899932861328,156.7899932861328,164453787,0.0,0.0,WIPRO
2026-09-30,157.00999450683594,161.72999572753906,157.00999450683594,158.5,15966068,0.0,0.0,WIPRO
2026-10-01,158.61000061035156,160.9499969482422,157.25,159.35000610351562,18519625,0.0,0.0,WIPRO
