Date,Open,High,Low,Close,Volume,Dividends,Stock Splits,Symbol
2021-10-04,277.38888445968945,287.6677733630004,274.00952176221983,282.7864685058594,21838276,0.0,0.0,ZEEL
2021-10-05,281.5192041909351,284.6169652696544,276.12162013944425,281.0968017578125,18671616,0.0,0.0,ZEEL
2021-10-06,282.03552372854745,287.99631127149917,274.5727653149669,276.637939453125,20947344,0.0,0.0,ZEEL
2021-10-07,277.10727364123795,279.2662957291866,273.63403430271563,274.760498046875,9513397,0.0,0.0,ZEEL
2021-10-08,276.919527221442,280.76824502412194,274.3380740015811,276.5909729003906,11723263,0.0,0.0,ZEEL
2021-10-11,276.9195501833546,296.06923538185504,267.8610011356035,287.48004150390625,26910318,0.0,0.0,ZEEL
2021-10-12,289.9676229096621,294.3795730367183,278.7969754153815,287.38616943359375,35716451,0.0,0.0,ZEEL
2021-10-13,284.33534594859094,302.03004094554046,280.25195038819254,297.5711669921875,45042091,0.0,0.0,ZEEL
2021-10-14,301.3260015771629,301.7953567198065,292.22050035101216,300.2464904785156,26317075,0.0,0.0,ZEEL
2021-10-18,299.871041186826,303.2034515640344,290.1084303549561,291.7981262207031,20938494,0.0,0.0,ZEEL
2021-10-19,292.8776144493028,301.32600717380194,282.64567787906464,290.2492370605469,28366351,0.0,0.0,ZEEL
2021-10-20,291.9388877965726,305.0808312986691,287.90244517979403,300.4342041015625,37524512,0.0,0.0,ZEEL
2021-10-21,304.42373322349005,311.6048898039413,297.14872853249943,301.3729248046875,39983507,0.0,0.0,ZEEL
2021-10-22,302.35862508249267,309.44587713221165,285.3679611404221,289.122802734375,31263670,0.0,0.0,ZEEL
2021-10-25,290.06148129159135,292.26745621531313,275.04211656451866,285.743408203125,15469404,0.0,0.0,ZEEL
2021-10-26,287.1045284200929,305.0808235228531,281.613067867249,298.0404968261719,32370105,0.0,0.0,ZEEL
2021-10-27,297.9466360589838,297.9466360589838,283.06807244566187,284.7108154296875,17194768,0.0,0.0,ZEEL
2021-10-28,284.8985673880093,286.77598793092864,277.0134068371809,279.07855224609375,14925459,0.0,0.0,ZEEL
2021-10-29,278.7969655824198,290.6716454240897,278.7969655824198,282.5048828125,14679306,0.0,0.0,ZEEL
2021-11-01,285.2740620573524,293.5816541635972,282.9272862446938,292.0797119140625,10772688,0.0,0.0,ZEEL
2021-11-02,293.7693937718171,297.47728219187815,291.7042196956371,294.6142272949219,9143980,0.0,0.0,ZEEL
2021-11-03,294.7550159072313,296.1630812698455,286.4474245383752,288.0432434082031,8651729,0.0,0.0,ZEEL
2021-11-04,290.06151050945124,292.22053294758007,290.01458644881836,291.1410217285156,1383317,0.0,0.0,ZEEL
2021-11-08,291.938914364089,301.27909366193506,290.0614936929373,297.3834228515625,14261936,0.0,0.0,ZEEL
2021-11-09,296.6324686153604,307.7561919178696,293.3939064706616,304.70538330078125,17183572,0.0,0.0,ZEEL
2021-11-10,302.1708086864808,304.65838499557645,293.95709440832223,297.8996887207031,8233847,0.0,0.0,ZEEL
2021-11-11,298.5099196465966,302.82799339607556,291.09411290682255,294.802001953125,10061766,0.0,0.0,ZEEL
2021-11-12,302.7340786961158,302.7340786961158,289.592134194579,293.53472900390625,13094002,0.0,0.0,ZEEL
2021-11-15,294.75503955502637,307.66230641452194,292.9245429779045,305.1277770996094,16644723,0.0,0.0,ZEEL
2021-11-16,307.42761886462955,316.1106890157679,303.20342257488653,304.7522888183594,32373100,0.0,0.0,ZEEL
2021-11-17,304.6114854645029,306.4889060220653,298.603745409736,300.5750427246094,9040258,0.0,0.0,ZEEL
2021-11-18,300.8566374805653,302.68713394126263,287.85549468683985,294.4734191894531,14285918,0.0,0.0,ZEEL
2021-11-22,294.75501924562224,295.69372949799686,274.94822719108566,280.62744140625,15365142,0.0,0.0,ZEEL
2021-11-23,280.5804936452206,294.7081003804863,278.1867939183874,293.2530822753906,14920287,0.0,0.0,ZEEL
2021-11-24,297.9935724733519,317.09630264002817,295.0366123459962,313.9046936035156,40329091,0.0,0.0,ZEEL
2021-11-25,316.345366600282,322.6816610351541,310.5253513642003,320.05328369140625,30805171,0.0,0.0,ZEEL
2021-11-26,313.52924458055725,329.5811966642643,306.0195620756337,321.5552062988281,46362355,0.0,0.0,ZEEL
2021-11-29,322.91630015199587,324.7467964518382,308.3662924416588,309.68048095703125,18714952,0.0,0.0,ZEEL
2021-11-30,313.5292378735674,315.78213684741763,301.7953592106345,304.4237365722656,16291378,0.0,0.0,ZEEL
2021-12-01,307.8969567893533,318.03501585891803,304.70534772279865,316.39227294921875,14940941,0.0,0.0,ZEEL
2021-12-02,316.8616750880051,322.35313650192734,310.99473525414953,321.17974853515625,13740751,0.0,0.0,ZEEL
2021-12-03,326.6711398427142,334.18082121840877,324.32436441280964,328.1261291503906,34508192,0.0,0.0,ZEEL
2021-12-06,330.42600618855334,341.6905291267995,329.9566510661264,334.18084716796875,38258224,0.0,0.0,ZEEL
2021-12-07,338.8274540553122,339.67228749567295,327.4690550431066,329.1587219238281,17428900,0.0,0.0,ZEEL
2021-12-08,331.2708894722759,338.6866957918464,329.5812222364331,334.9318542480469,16944434,0.0,0.0,ZEEL
2021-12-09,336.01136497209063,348.26152298758575,332.8666797224193,345.3984680175781,28325189,0.0,0.0,ZEEL
2021-12-10,346.3371909091355,350.6083114911925,343.9434623572413,348.26153564453125,14812417,0.0,0.0,ZEEL
2021-12-13,351.0307418812065,352.01637627591265,332.8197384307998,336.105224609375,20506495,0.0,0.0,ZEEL
2021-12-14,333.52379369449466,349.81042486555737,331.45864800258886,347.5575256347656,19401301,0.0,0.0,ZEEL
2021-12-15,348.7308823680943,355.48960810165835,341.502801476565,344.7413635253906,25662380,0.0,0.0,ZEEL
2021-12-16,347.65133893810963,348.730849971712,338.1234358459732,345.63311767578125,16079499,0.0,0.0,ZEEL
2021-12-17,343.0986314557914,343.286384983854,317.8942529367877,321.36749267578125,29550773,0.0,0.0,ZEEL
2021-12-20,317.8473134622467,329.3465146427752,302.7809959517042,311.1824645996094,31648004,0.0,0.0,ZEEL
2021-12-21,314.9842278479165,334.3216656432702,308.8356868780551,326.4834289550781,46828469,0.0,0.0,ZEEL
2021-12-22,321.0389191658266,337.6071500541622,312.3089249280779,327.3752136230469,70617043,0.0,0.0,ZEEL
2021-12-23,333.2421391852479,335.3073131968105,314.7026117235334,317.42486572265625,31445496,0.0,0.0,ZEEL
2021-12-24,321.0389377822163,321.0389377822163,309.8213377078601,311.4640808105469,15973004,0.0,0.0,ZEEL
2021-12-27,311.6517880641385,313.24760687152445,296.1630696814328,298.4629211425781,22394765,0.0,0.0,ZEEL
2021-12-28,298.46293915109493,305.4563134121035,297.5711529436601,301.79534912109375,14889633,0.0,0.0,ZEEL
2021-12-29,302.2646860140138,304.94001582773177,297.28953338631254,298.4629211425781,10749681,0.0,0.0,ZEEL
2021-12-30,300.1995501279749,301.79536913749035,294.75504170815543,298.603759765625,13792892,0.0,0.0,ZEEL
2021-12-31,299.5424543504054,303.2034186918651,298.8384216444646,301.13824462890625,7867316,0.0,0.0,ZEEL
2022-01-03,299.12002277820807,304.6114836049881,299.12002277820807,303.156494140625,5400666,0.0,0.0,ZEEL
2022-01-04,304.7053598294246,309.2111576733315,301.4667979341912,302.59326171875,8071486,0.0,0.0,ZEEL
2022-01-05,302.7340451072874,303.0156467136385,297.9466172691815,299.4954833984375,5910270,0.0,0.0,ZEEL
2022-01-06,296.8671029710422,305.6440491361402,295.9283927640191,304.65838623046875,8785346,0.0,0.0,ZEEL
2022-01-07,307.42761492751026,307.7561692530488,299.44857759351385,301.13824462890625,7530603,0.0,0.0,ZEEL
2022-01-10,302.6871563724699,310.2437630452659,300.9035838335996,308.1785888671875,10038793,0.0,0.0,ZEEL
2022-01-11,309.30502252398315,311.83955161809797,303.39115950059914,304.7992248535156,8086625,0.0,0.0,ZEEL
2022-01-12,306.2073199835338,308.3663422757611,303.67279064294894,305.9256896972656,4997507,0.0,0.0,ZEEL
2022-01-13,305.92566780929155,308.4601969685392,303.4380913513121,305.5032653808594,4034933,0.0,0.0,ZEEL
2022-01-14,305.0808268802207,306.6766457412285,300.95050756881335,302.7809753417969,4719499,0.0,0.0,ZEEL
2022-01-17,304.23598718877815,305.08082065500565,300.7627479255331,303.7666320800781,5322246,0.0,0.0,ZEEL
2022-01-18,304.89308577547644,304.89308577547644,295.9284141106107,297.1956787109375,8259952,0.0,0.0,ZEEL
2022-01-19,297.05487448870423,298.97921907095474,289.685993187193,298.0874328613281,7401104,0.0,0.0,ZEEL
2022-01-20,297.99358903010386,297.99358903010386,288.3718086864113,289.5451965332031,10663352,0.0,0.0,ZEEL
2022-01-21,289.592142148313,289.592142148313,268.5650360977715,271.6158447265625,14111047,0.0,0.0,ZEEL
2022-01-24,272.6484413943908,272.8831189894463,246.41147480831467,251.6682586669922,28800291,0.0,0.0,ZEEL
2022-01-25,250.541768388067,271.9913040485035,248.0541918716723,271.0995178222656,19734730,0.0,0.0,ZEEL
2022-01-27,266.59373023281074,268.98743008413356,261.4777475423642,265.8427734375,10806939,0.0,0.0,ZEEL
2022-01-28,267.9079237742131,274.76052640531793,266.5937350351631,268.0018005371094,9119101,0.0,0.0,ZEEL
2022-01-31,272.2259894472729,276.49710989180375,271.0056775051685,271.8035583496094,8827496,0.0,0.0,ZEEL
2022-02-01,275.13601114925393,275.37068873831896,267.5324515341142,271.85052490234375,7873540,0.0,0.0,ZEEL
2022-02-02,275.13599780059974,277.85825197224614,272.78922202380716,274.61968994140625,6392749,0.0,0.0,ZEEL
2022-02-03,266.87532700495876,274.1034077785326,261.5246954797727,269.87921142578125,12970686,0.0,0.0,ZEEL
2022-02-04,270.06697250010023,271.05260688445014,259.6472821423817,261.2430725097656,10466445,0.0,0.0,ZEEL
2022-02-07,259.08404020389065,263.4490373257189,257.0658188085469,258.61468505859375,5716433,0.0,0.0,ZEEL
2022-02-08,259.130972716732,260.96146930199717,250.91725740596772,254.20274353027344,6048793,0.0,0.0,ZEEL
2022-02-09,256.26793380064726,259.3656665965134,250.72954828677004,251.6682586669922,8165778,0.0,0.0,ZEEL
2022-02-10,253.35789806337706,254.01500671622188,246.88080288072993,247.6317596435547,12375550,0.0,0.0,ZEEL
2022-02-11,247.35014767641673,251.1049886278614,244.72177046927067,245.84820556640625,11096932,0.0,0.0,ZEEL
2022-02-14,241.24855694756178,244.1116120205633,232.847102284338,234.0674285888672,11162019,0.0,0.0,ZEEL
2022-02-15,236.55499791378608,252.41919640952364,236.17951951954646,251.1519317626953,20413908,0.0,0.0,ZEEL
2022-02-16,252.51308379193318,255.79857001227433,249.6969527459265,251.24581909179688,11455108,0.0,0.0,ZEEL
2022-02-17,251.62130479676784,252.51309111272428,245.80131765458904,246.88082885742188,5741013,0.0,0.0,ZEEL
2022-02-18,246.4114628299042,251.4804929072576,244.15856375632112,245.37887573242188,7291926,0.0,0.0,ZEEL
2022-02-21,242.187242464822,245.80128262638473,237.3059520705574,238.76095581054688,9746915,0.0,0.0,ZEEL
2022-02-22,229.98402538981304,235.569348855992,222.56821968830923,225.712890625,14021583,0.0,0.0,ZEEL
2022-02-23,229.74934516480286,230.92273303592034,224.53950015232476,225.47821044921875,10738414,0.0,0.0,ZEEL
2022-02-24,215.9033689571797,219.56433339702065,205.43675484368853,207.64271545410156,21321440,0.0,0.0,ZEEL
2022-02-25,216.79513108218714,224.39868989657296,213.22802923934464,217.17062377929688,16615490,0.0,0.0,ZEEL
2022-02-28,212.8995034014532,218.7195045196633,206.0469152020004,215.1993408203125,27664374,0.0,0.0,ZEEL
2022-03-02,215.19933312325367,226.46385655827677,213.27497417172077,223.27224731445312,17541419,0.0,0.0,ZEEL
2022-03-03,226.69852604585537,229.04530167780004,221.16014128389864,223.4130401611328,10838206,0.0,0.0,ZEEL
2022-03-04,221.53563395351935,223.97628649769456,207.54885601385308,210.4119110107422,13748778,0.0,0.0,ZEEL
2022-03-07,205.95302373003176,225.10272148084934,202.1512586651468,223.4130401611328,19826821,0.0,0.0,ZEEL
2022-03-08,221.7703169779784,225.3843575026083,214.729989454868,222.19273376464844,13268000,0.0,0.0,ZEEL
2022-03-09,223.41304384094764,236.8366035414857,221.16014492660616,235.2407989501953,18640774,0.0,0.0,ZEEL
2022-03-10,242.18724265091163,242.18724265091163,229.98400949408273,231.67369079589844,12616988,0.0,0.0,ZEEL
2022-03-11,231.9553128521374,237.9630528353121,226.2291744903756,227.59030151367188,15568427,0.0,0.0,ZEEL
2022-03-14,229.890131836315,246.6930393875148,229.13917510386705,243.31370544433594,27764946,0.0,0.0,ZEEL
2022-03-15,244.06468308615337,247.77260030729,237.11823245082672,238.38548278808594,15453515,0.0,0.0,ZEEL
2022-03-16,243.12597780231886,243.12597780231886,237.49371576828833,238.57322692871094,8512767,0.0,0.0,ZEEL
2022-03-17,243.87692747460815,245.7074240409426,240.1221005521019,242.93821716308594,9120713,0.0,0.0,ZEEL
2022-03-21,243.07904105687754,247.16240790068804,240.40371100091696,241.060791015625,8909916,0.0,0.0,ZEEL
2022-03-22,241.2485355583805,242.84435445090057,228.15353036457776,233.31643676757812,14965332,0.0,0.0,ZEEL
2022-03-23,235.61629009447398,244.90951652414563,229.2330570598673,240.3567657470703,18175302,0.0,0.0,ZEEL
2022-03-24,264.3877237994646,288.41871080331475,264.3877237994646,280.5804748535156,86772872,0.0,0.0,ZEEL
2022-03-25,284.42923370890327,285.1332664656085,275.0421302861672,277.013427734375,30465535,0.0,0.0,ZEEL
2022-03-28,277.3888940119963,279.3132386706416,270.67712108767034,272.1321105957031,14722885,0.0,0.0,ZEEL
2022-03-29,276.91952824778514,277.8582385130319,264.10613885660007,267.2508239746094,18848071,0.0,0.0,ZEEL
2022-03-30,269.2690321055469,280.2050004297373,266.5937022514084,275.9808044433594,19227857,0.0,0.0,ZEEL
2022-03-31,277.3888657462603,277.3888657462603,269.3629049474922,270.6770935058594,7805589,0.0,0.0,ZEEL
2022-04-01,270.34852460024314,283.3965900233922,267.67319492945444,281.42529296875,13698030,0.0,0.0,ZEEL
2022-04-04,281.4253426559214,289.7798874269614,279.36019713890875,284.1945495605469,12108609,0.0,0.0,ZEEL
2022-04-05,285.83730200812073,288.18407788667673,280.11116313501077,281.75390625,9511869,0.0,0.0,ZEEL
2022-04-06,281.42534756854076,286.3066527797171,269.50374347716036,273.0708312988281,21387631,0.0,0.0,ZEEL
2022-04-07,267.53243758659596,278.70308451428747,265.84277049228353,267.2977600097656,67870863,0.0,0.0,ZEEL
2022-04-08,269.2220871090706,271.24033705581473,265.6549996329354,268.47113037109375,9961914,0.0,0.0,ZEEL
2022-04-11,269.7853195965692,274.478870837453,267.20386641408305,272.9769287109375,9139147,0.0,0.0,ZEEL
2022-04-12,272.976931477477,272.976931477477,262.22871621522114,264.9978942871094,12633268,0.0,0.0,ZEEL
2022-04-13,266.8753139691073,268.00177773368347,261.0083748768638,262.1817626953125,11132353,0.0,0.0,ZEEL
2022-04-18,256.3617777950114,260.49209721053853,251.01111785290243,257.347412109375,16517544,0.0,0.0,ZEEL
2022-04-19,260.0227665812844,263.3082528016255,245.42583211834958,251.24581909179688,10774664,0.0,0.0,ZEEL
2022-04-20,252.4661233188588,255.32917801047904,247.4440179484114,249.3683624267578,7317765,0.0,0.0,ZEEL
2022-04-21,250.9641929730285,253.73337104326262,249.6969283964708,250.58871459960938,7922326,0.0,0.0,ZEEL
2022-04-22,248.8521095184001,259.5064772923627,247.81952244544436,253.12322998046875,12008805,0.0,0.0,ZEEL
2022-04-25,251.57434679211985,251.57434679211985,240.87305568039517,243.5483856201172,11936505,0.0,0.0,ZEEL
2022-04-26,245.94209774791966,247.8664423973867,243.4075684878347,245.00338745117188,6874717,0.0,0.0,ZEEL
2022-04-27,244.0646756211749,245.23806348473823,236.8366092463412,238.2446746826172,9546533,0.0,0.0,ZEEL
2022-04-28,240.63838940940622,241.06079185307928,232.4246743432866,239.93435668945312,13389263,0.0,0.0,ZEEL
2022-04-29,242.65662143530636,243.45453094895623,231.86145259002194,232.9409637451172,10858160,0.0,0.0,ZEEL
2022-05-02,230.12483166647817,241.81178673366227,228.34128776893917,239.74661254882812,9807698,0.0,0.0,ZEEL
2022-05-04,241.8117794935415,242.75048979542083,227.77804902157993,228.85757446289062,10533122,0.0,0.0,ZEEL
2022-05-05,231.25127609306207,236.97740003075043,227.49643508857855,229.3738555908203,6845453,0.0,0.0,ZEEL
2022-05-06,225.2904757128021,234.39596290814467,223.1783775029946,233.0348358154297,9042587,0.0,0.0,ZEEL
2022-05-09,230.59417532160106,233.17562860021022,217.96852487821081,220.45611572265625,13981930,0.0,0.0,ZEEL
2022-05-10,221.8172466216646,224.35176156542784,217.1236951244799,218.3909454345703,16954377,0.0,0.0,ZEEL
2022-05-11,219.6112737942922,226.65160110757523,215.29321496962817,224.86805725097656,14030026,0.0,0.0,ZEEL
2022-05-12,220.59692156756367,225.80676662249286,218.76643933842166,221.7703094482422,9306586,0.0,0.0,ZEEL
2022-05-13,224.3987018432801,232.33080107590246,222.990636382214,224.58644104003906,9029271,0.0,0.0,ZEEL
2022-05-16,226.229176320116,227.02708578345798,221.11320818506218,225.00885009765625,5814197,0.0,0.0,ZEEL
2022-05-17,227.12094767876127,231.76756066521335,224.5864328064767,230.96966552734375,6091306,0.0,0.0,ZEEL
2022-05-18,231.86143609594515,232.98788555234265,226.2291744903756,227.59030151367188,7269946,0.0,0.0,ZEEL
2022-05-19,220.59692018324597,224.2109605624896,213.22803860939393,216.13804626464844,9742143,0.0,0.0,ZEEL
2022-05-20,222.28658568411225,224.72722369186556,219.00109987385935,224.07012939453125,5651099,0.0,0.0,ZEEL
2022-05-23,226.22917566490543,229.04530648231088,219.4235261895089,223.3191680908203,7727997,0.0,0.0,ZEEL
2022-05-24,223.3191705857321,225.8067614297141,219.6582062116377,222.42739868164062,8267637,0.0,0.0,ZEEL
2022-05-25,223.97628045103494,224.72723722258525,210.45884370939578,215.05853271484375,7610418,0.0,0.0,ZEEL
2022-05-26,215.90337640875705,217.54611949012804,208.72224809676854,215.71563720703125,9419028,0.0,0.0,ZEEL
2022-05-27,215.01158574173218,224.3048114922491,213.60352036598223,222.8498077392578,11730633,0.0,0.0,ZEEL
2022-05-30,222.8498197734975,230.64111813810584,221.62950784081417,229.70240783691406,8134439,0.0,0.0,ZEEL
2022-05-31,224.91499378853317,241.24854729210662,224.44563863815944,237.3529052734375,13992839,0.0,0.0,ZEEL
2022-06-01,237.49370541030925,240.68531469429544,235.5693464345606,237.63450622558594,7109536,0.0,0.0,ZEEL
2022-06-02,237.49371348629643,241.71790997123057,235.14693766133303,239.74661254882812,6971401,0.0,0.0,ZEEL
2022-06-03,241.38933960723858,243.50143770954273,235.05304530032618,236.08563232421875,6538215,0.0,0.0,ZEEL
2022-06-06,235.42854246256093,237.91611898964433,229.27998722796457,233.73886108398438,4606156,0.0,0.0,ZEEL
2022-06-07,233.45723700113967,233.45723700113967,222.66206909419418,223.4130401611328,6638940,0.0,0.0,ZEEL
2022-06-08,223.4130456382835,228.52901377662863,223.4130456382835,224.1640167236328,6425645,0.0,0.0,ZEEL
2022-06-09,223.41305066076845,226.36998236655154,221.7233692616428,225.47821044921875,4658413,0.0,0.0,ZEEL
2022-06-10,223.4130572075052,224.68032187488006,220.78466543446504,221.6764373779297,4042028,0.0,0.0,ZEEL
2022-06-13,218.43787998399384,218.5317567417244,206.14078387114657,212.8056182861328,19324289,0.0,0.0,ZEEL
2022-06-14,212.8525634800196,216.37272715388983,206.61014562778948,209.28546142578125,13094527,0.0,0.0,ZEEL
2022-06-15,213.5566038243911,215.43402451735278,206.750953812405,207.45498657226562,10716437,0.0,0.0,ZEEL
2022-06-16,210.31805208268847,211.02208482945696,199.00658975322492,200.4615936279297,12144356,0.0,0.0,ZEEL
2022-06-17,199.94528267936377,204.45109473122068,197.03527518323614,201.6349639892578,10180352,0.0,0.0,ZEEL
2022-06-20,202.385940555351,202.76141893505715,188.2114097059211,195.8618927001953,9248842,0.0,0.0,ZEEL
2022-06-21,199.94530652258643,208.95693170092508,198.16176256942393,207.97128295898438,9602280,0.0,0.0,ZEEL
2022-06-22,206.09384720355055,207.83045264732803,197.12916106196838,198.3494873046875,7112101,0.0,0.0,ZEEL
2022-06-23,197.5985243134504,205.1082069476908,197.50464755108925,201.58804321289062,8689798,0.0,0.0,ZEEL
2022-06-24,202.76142221722534,208.72223827572947,202.3390054523226,207.4080352783203,6246679,0.0,0.0,ZEEL
2022-06-27,210.27112332302752,211.77306564762543,207.45499220709414,208.48757934570312,6191126,0.0,0.0,ZEEL
2022-06-28,208.018194458845,208.018194458845,202.0573787184387,203.93479919433594,6991281,0.0,0.0,ZEEL
2022-06-29,201.82272260954113,203.23078811611933,199.38207000203906,199.85142517089844,6359417,0.0,0.0,ZEEL
2022-06-30,199.9452877282992,202.99609610913006,199.00657745727432,200.97787475585938,6263209,0.0,0.0,ZEEL
2022-07-01,199.94528785141725,202.62061785491832,197.6923889290031,202.1043243408203,4131369,0.0,0.0,ZEEL
2022-07-04,203.13689767331198,206.51626039096053,200.03916522631323,205.76528930664062,4711613,0.0,0.0,ZEEL
2022-07-05,206.9386897316639,207.68966086164295,200.8840109577021,202.15127563476562,4722722,0.0,0.0,ZEEL
2022-07-06,202.19817606964597,211.06899912554576,200.41463237745245,209.94253540039062,7153218,0.0,0.0,ZEEL
2022-07-07,211.02207650709985,212.24240275142085,205.90610828039732,209.37933349609375,5442187,0.0,0.0,ZEEL
2022-07-08,211.20980585585752,215.43400197297467,208.90996861236565,210.1302947998047,9254189,0.0,0.0,ZEEL
2022-07-11,207.92433440976498,211.9607916219397,206.8917473356333,210.4119110107422,4438442,0.0,0.0,ZEEL
2022-07-12,209.52014148010883,211.86691729042275,206.5162713076236,207.26724243164062,3381170,0.0,0.0,ZEEL
2022-07-13,208.86303763291937,211.5383676646166,206.98561706992683,209.42626953125,4251873,0.0,0.0,ZEEL
2022-07-14,209.33238729745213,213.27496751188062,208.53447784962106,210.64657592773438,4711666,0.0,0.0,ZEEL
2022-07-15,211.20981371097952,212.99335751955047,208.86303800307977,210.83433532714844,2461734,0.0,0.0,ZEEL
2022-07-18,212.1485302936874,218.0624081179182,211.4914359406801,216.6543426513672,5029013,0.0,0.0,ZEEL
2022-07-19,215.90336894599858,219.32965581070863,214.58918025576028,216.41966247558594,4528575,0.0,0.0,ZEEL
2022-07-20,218.71949984529422,221.06627559470726,215.48095217582073,216.41966247558594,5406856,0.0,0.0,ZEEL
2022-07-21,216.84206987505848,222.38045467490213,216.18497555833528,220.5499725341797,7089613,0.0,0.0,ZEEL
2022-07-22,221.48869063463147,223.64772717194168,217.12369350425524,221.25401306152344,5037214,0.0,0.0,ZEEL
2022-07-25,221.5356183919968,222.6151294471014,216.60738959302228,219.1888427734375,3995511,0.0,0.0,ZEEL
2022-07-26,219.1888481151665,225.5720808179263,215.9972389255776,220.78465270996094,7249321,0.0,0.0,ZEEL
2022-07-27,222.66207930427817,225.75982614520746,221.1132130456047,225.19659423828125,5622615,0.0,0.0,ZEEL
2022-07-28,226.46387364086513,233.87967973221038,221.62952103143647,232.84710693359375,11831628,0.0,0.0,ZEEL
2022-07-29,234.67758116934465,237.49371214337677,229.51467438361905,231.8614501953125,12094606,0.0,0.0,ZEEL
2022-08-01,233.6449851541637,243.50144318661754,231.25128537657645,237.6814422607422,14510639,0.0,0.0,ZEEL
2022-08-02,236.60192967882261,236.60192967882261,230.6411136527439,232.04917907714844,7244357,0.0,0.0,ZEEL
2022-08-03,231.86145373888482,233.4572584505087,224.44564779002982,226.13531494140625,6947723,0.0,0.0,ZEEL
2022-08-04,227.1678744786135,229.74932759768865,221.91109148851882,227.7780303955078,5878522,0.0,0.0,ZEEL
2022-08-05,229.51466645858562,231.9083805685757,226.55773476738648,228.90451049804688,5339729,0.0,0.0,ZEEL
2022-08-08,228.85757840255468,237.21209450366612,227.91886808451596,235.85096740722656,5304079,0.0,0.0,ZEEL
2022-08-10,236.55497639863992,238.71401277810568,231.95530203143224,234.58367919921875,5653826,0.0,0.0,ZEEL
2022-08-11,237.49372033632696,237.49372033632696,231.48597978057256,232.84710693359375,4886239,0.0,0.0,ZEEL
2022-08-12,232.28385566207845,233.45724351076905,225.712883709411,226.9801483154297,8137318,0.0,0.0,ZEEL
2022-08-16,222.47434017769365,230.68805526864227,222.47434017769365,223.22531127929688,18463769,0.0,0.0,ZEEL
2022-08-17,225.29046946207114,240.68531247921308,222.99063211769564,236.83660888671875,30869267,0.0,0.0,ZEEL
2022-08-18,236.0856476383869,239.69968813286096,233.5511326159319,237.21209716796875,9844645,0.0,0.0,ZEEL
2022-08-19,237.30597312318199,247.25629397816098,235.8509692541117,244.2993621826172,26465937,0.0,0.0,ZEEL
2022-08-22,242.5158126252871,249.41533908506472,238.52629383563206,243.2667694091797,16102139,0.0,0.0,ZEEL
2022-08-23,240.2628991323158,245.37886741776074,236.695797117028,241.0138702392578,11492610,0.0,0.0,ZEEL
2022-08-24,242.0933552458812,248.57044990702528,240.30981159240125,247.72561645507812,11576824,0.0,0.0,ZEEL
2022-08-25,249.93160613994147,252.51305934889862,245.14417809571552,246.31756591796875,11150822,0.0,0.0,ZEEL
2022-08-26,247.9133862307391,250.3070859429388,240.96693601276684,242.3280487060547,9243882,0.0,0.0,ZEEL
2022-08-29,235.522408383954,239.1364487659838,233.2225710151998,235.94483947753906,6292622,0.0,0.0,ZEEL
2022-08-30,238.38547785513035,242.1403333792617,236.9304740252012,241.29547119140625,6875275,0.0,0.0,ZEEL
2022-09-01,230.92274707330503,240.30985061287026,226.79242724532963,229.74935913085938,28737633,0.0,0.0,ZEEL
2022-09-02,231.67369873665422,236.97740606101576,227.7780425012224,233.50418090820312,15309256,0.0,0.0,ZEEL
2022-09-05,233.5041739171245,238.80788108269385,233.03481879367297,235.61627197265625,9926148,0.0,0.0,ZEEL
2022-09-06,236.55499737605305,238.9017731436726,232.04918503750696,233.36338806152344,6687442,0.0,0.0,ZEEL
2022-09-07,231.39209012222136,245.942099845931,230.92273496984362,244.67483520507812,16106949,0.0,0.0,ZEEL
2022-09-08,250.63564867300767,250.63564867300767,238.24467564827208,241.34242248535156,19901846,0.0,0.0,ZEEL
2022-09-09,242.1403131607383,248.28885365437287,237.8691644634525,247.3501434326172,18419094,0.0,0.0,ZEEL
2022-09-12,248.00727187669315,256.40871184486497,246.7400072465635,253.78033447265625,19608773,0.0,0.0,ZEEL
2022-09-13,255.14146821807964,257.86375122066676,250.11939063444595,254.8129425048828,12425181,0.0,0.0,ZEEL
2022-09-14,250.9642141085712,263.3082492999746,250.9642141085712,261.4777526855469,18713458,0.0,0.0,ZEEL
2022-09-15,264.27710300950696,264.5617705314603,258.10905572203194,259.7696838378906,10318297,3.0,0.0,ZEEL
2022-09-16,258.77332556345357,261.620116696345,246.81679701349822,247.86062622070312,16065411,0.0,0.0,ZEEL
2022-09-19,248.90441517556312,258.34628358821277,244.68169256213497,253.12716674804688,13948567,0.0,0.0,ZEEL
2022-09-20,255.16737475580013,261.8098874513497,253.41184775159346,256.8280029296875,10298995,0.0,0.0,ZEEL
2022-09-21,257.1601584238293,262.61650864868915,254.78783223910762,257.5871887207031,13406862,0.0,0.0,ZEEL
2022-09-22,257.11269897121207,264.0398791865536,256.6856687150503,259.43756103515625,11060209,0.0,0.0,ZEEL
2022-09-23,260.6237107859166,261.3354085373577,245.3933904886995,247.62338256835938,18790529,0.0,0.0,ZEEL
2022-09-26,244.7766004889536,246.72189616354345,235.7617474957573,244.68170166015625,12171889,0.0,0.0,ZEEL
2022-09-27,246.721903869861,251.22932326748344,241.21810465685832,249.56869506835938,9541087,0.0,0.0,ZEEL
2022-09-28,246.72189771924326,254.5031383847806,241.21809864344678,243.73277282714844,9227792,0.0,0.0,ZEEL
2022-09-29,246.72188715545428,251.2293062477174,235.14493996175776,238.2764129638672,18822028,0.0,0.0,ZEEL
2022-09-30,239.13043874029015,247.19634639621265,238.37129159441548,244.9663543701172,11165327,0.0,0.0,ZEEL
2022-10-03,245.77294994203535,250.18547008547716,236.99534458696266,239.32022094726562,8645406,0.0,0.0,ZEEL
2022-10-04,244.30212692561145,257.63458658127814,242.21446859989408,254.5031280517578,16090506,0.0,0.0,ZEEL
2022-10-06,259.53246352879773,272.34302388579505,258.25140170128645,265.653076171875,53214447,0.0,0.0,ZEEL
2022-10-07,266.55453778627407,269.9706929439848,263.09094769321536,267.4085693359375,14658804,0.0,0.0,ZEEL
2022-10-10,262.85371487972884,269.02176234080554,262.0945821604499,264.37200927734375,10302781,0.0,0.0,ZEEL
2022-10-11,266.17496982100795,266.55453617867397,255.1199367592908,258.7258605957031,11457350,0.0,0.0,ZEEL
2022-10-12,260.0069167099649,260.0069167099649,249.33145023920906,254.26589965820312,17886711,0.0,0.0,ZEEL
2022-10-13,255.64182859677976,261.28797572090735,252.41547122258794,259.2003173828125,14644033,0.0,0.0,ZEEL
2022-10-14,263.0909268065431,263.56539195858375,253.03225979147027,253.74395751953125,10357588,0.0,0.0,ZEEL
2022-10-17,255.9265226781559,258.1090508628593,248.52484869709642,250.23294067382812,13737845,0.0,0.0,ZEEL
2022-10-18,264.75158860478706,265.7479539675258,256.25864971645814,256.92291259765625,34222972,0.0,0.0,ZEEL
2022-10-19,257.16014739809526,259.81714102744104,252.98485928381243,257.3499450683594,10359408,0.0,0.0,ZEEL
2022-10-20,257.91925843140433,259.3426539612886,255.59439644136043,257.1601257324219,7712560,0.0,0.0,ZEEL
2022-10-21,257.1601271941046,258.3462901424169,252.03590904920677,253.3169708251953,9405211,0.0,0.0,ZEEL
2022-10-24,255.07244505106746,256.49584045639494,252.88991701318673,253.79141235351562,1646783,0.0,0.0,ZEEL
2022-10-25,254.5980098688583,256.0214054416452,249.09422523770516,249.52125549316406,8693812,0.0,0.0,ZEEL
2022-10-27,251.46655559140234,253.22208262036136,249.90082622575795,252.32058715820312,7378389,0.0,0.0,ZEEL
2022-10-28,252.8899252484622,254.69288702877913,247.57590977037964,249.61610412597656,5951654,0.0,0.0,ZEEL
2022-10-31,250.89718026552248,251.60887803232657,248.4774194420111,249.04678344726562,5845813,0.0,0.0,ZEEL
2022-11-01,249.56867292131696,250.99206839425224,247.7182472228791,249.09420776367188,5961641,0.0,0.0,ZEEL
2022-11-02,249.56868735373274,254.26590426967854,249.09422216864962,251.4191131591797,5384989,0.0,0.0,ZEEL
2022-11-03,250.51760027746573,255.64181812769388,249.90080137162383,253.74395751953125,5604967,0.0,0.0,ZEEL
2022-11-04,253.79145470126502,255.11995150943352,250.56506807692352,251.56146240234375,4227965,0.0,0.0,ZEEL
2022-11-07,252.41546532555526,253.93375963060274,247.33868231760994,250.8971710205078,5165695,0.0,0.0,ZEEL
2022-11-09,252.08334321019595,252.79504097700004,248.28762178724082,249.04678344726562,7936805,0.0,0.0,ZEEL
2022-11-10,248.61973525156768,250.09056561313656,246.34230835405117,248.33506774902344,4541879,0.0,0.0,ZEEL
2022-11-11,249.85332751114586,253.6490485760113,247.765698300902,252.2731170654297,8369362,0.0,0.0,ZEEL
2022-11-14,250.70740091655315,251.84609991961943,242.973595678668,246.34231567382812,10385896,0.0,0.0,ZEEL
2022-11-15,244.91894677962395,248.57233468225726,244.91894677962395,246.86424255371094,3182967,0.0,0.0,ZEEL
2022-11-16,246.62700654747252,247.9080683864485,241.0283229479729,241.74002075195312,6533638,0.0,0.0,ZEEL
2022-11-17,241.8823326135692,243.16339433651896,239.60490563891136,240.03192138671875,3559267,0.0,0.0,ZEEL
2022-11-18,241.02830938704136,242.2619217404397,236.42599138843033,238.0391845703125,4831143,0.0,0.0,ZEEL
2022-11-21,237.1376910548992,237.8019538901932,234.0536673864246,234.48069763183594,5124252,0.0,0.0,ZEEL
2022-11-22,235.33472600058906,239.51001373459474,234.1011136538739,239.1304473876953,4614912,0.0,0.0,ZEEL
2022-11-23,241.0282994019673,244.20722174100896,239.32022194337068,240.83851623535156,8480358,0.0,0.0,ZEEL
2022-11-24,241.78745795567784,241.9772411312477,237.94428711239357,239.84214782714844,7607420,0.0,0.0,ZEEL
2022-11-25,240.9334248687552,247.67083655930654,239.79471127473315,246.1525421142578,6214720,0.0,0.0,ZEEL
2022-11-28,245.63062085046104,249.52124098162102,245.39338826879342,247.19635009765625,4169247,0.0,0.0,ZEEL
2022-11-29,245.77294921345862,249.28400292870137,245.20358523814159,248.52484130859375,5505725,0.0,0.0,ZEEL
2022-11-30,247.19635489105306,252.27313802899528,246.67445478488628,251.08697509765625,7637573,0.0,0.0,ZEEL
2022-12-01,251.84609375014477,255.11991484175348,249.80589941378983,252.74758911132812,6798614,0.0,0.0,ZEEL
2022-12-02,252.41546354632627,258.0141466076105,251.60886698754393,257.2075500488281,6436957,0.0,0.0,ZEEL
2022-12-05,257.1601214126202,257.2075563458637,252.93736982794195,254.5031280517578,5574546,0.0,0.0,ZEEL
2022-12-06,252.510374835732,254.07610413945798,249.71101868736096,250.84974670410156,4060189,0.0,0.0,ZEEL
2022-12-07,252.32057081227455,252.4154696377841,246.24742244738712,247.90805053710938,8540348,0.0,0.0,ZEEL
2022-12-08,249.14165817759886,250.47018386880436,246.2474321197372,249.23655700683594,2885273,0.0,0.0,ZEEL
2022-12-09,250.51762820250187,251.37165977956246,245.01384340894884,247.38616943359375,4957696,0.0,0.0,ZEEL
2022-12-12,248.61976246617843,250.84975467705675,246.76933661992553,249.14166259765625,4921307,0.0,0.0,ZEEL
2022-12-13,250.47017153835336,251.22930421676483,246.34231882173424,247.33868408203125,5463466,0.0,0.0,ZEEL
2022-12-14,248.61974701345832,250.5176076776832,247.4810190313012,248.9993133544922,3285704,0.0,0.0,ZEEL
2022-12-15,248.38252498176388,249.85335547539708,244.34957089896542,245.10870361328125,4590361,0.0,0.0,ZEEL
2022-12-16,243.30573518514714,244.68169577195437,236.8055709957494,237.75450134277344,6558107,0.0,0.0,ZEEL
2022-12-19,237.61215842629545,240.45894953114495,236.80557630097175,239.1779022216797,3187837,0.0,0.0,ZEEL
2022-12-20,238.18151436421408,239.41512669706577,235.19238959727113,238.4187469482422,3363026,0.0,0.0,ZEEL
2022-12-21,239.0830014143243,242.16702508572038,232.86750465760497,234.62303161621094,5395384,0.0,0.0,ZEEL
2022-12-22,235.90409099659172,237.37492145668372,229.64114488960934,232.67771911621094,8753085,0.0,0.0,ZEEL
2022-12-23,230.77985809948157,232.7251682118368,221.85991860610923,223.04608154296875,6879193,0.0,0.0,ZEEL
2022-12-26,223.04609058201524,229.35647187002778,218.87078818734685,226.84181213378906,5052693,0.0,0.0,ZEEL
2022-12-27,227.74329310642963,230.4951854396542,224.37458733332463,226.84181213378906,3651255,0.0,0.0,ZEEL
2022-12-28,227.60095934004954,228.4549908973872,224.94395135790214,226.84181213378906,3917229,0.0,0.0,ZEEL
2022-12-29,225.8454227587023,227.93306662779312,223.9950114765429,227.03158569335938,3877085,0.0,0.0,ZEEL
2022-12-30,228.69222193328378,230.30540068587013,226.65202740494348,227.79074096679688,4121398,0.0,0.0,ZEEL
2023-01-02,228.8345413297261,231.72878170736786,226.50966493702384,230.68496704101562,3713958,0.0,0.0,ZEEL
2023-01-03,229.59369298417064,230.49517391172475,226.84180078857852,227.8381805419922,5316536,0.0,0.0,ZEEL
2023-01-04,227.74328527947026,227.88561904095866,222.2394863226441,224.8490447998047,4968528,0.0,0.0,ZEEL
2023-01-05,225.41839868833657,227.98050763684094,223.5679874743905,227.50604248046875,4488552,0.0,0.0,ZEEL
2023-01-06,226.6520040835708,227.98050068911593,223.99499639295354,225.65562438964844,1836104,0.0,0.0,ZEEL
2023-01-09,226.50967292163415,227.93306845463084,223.6154324419686,224.8490447998047,6043426,0.0,0.0,ZEEL
2023-01-10,225.84541521834504,225.84541521834504,218.72843784801904,219.6773681640625,6131689,0.0,0.0,ZEEL
2023-01-11,220.62631425701204,220.76864802278578,216.16634434858244,217.0678253173828,4748624,0.0,0.0,ZEEL
2023-01-12,217.96929646159438,218.44376163215924,213.12976040954948,215.73931884765625,6422397,0.0,0.0,ZEEL
2023-01-13,216.73568401546353,219.10800986711934,215.50208615622483,218.4912109375,3503797,0.0,0.0,ZEEL
2023-01-16,218.63354222988835,219.86715455473578,217.30504555976202,217.92184448242188,4003236,0.0,0.0,ZEEL
2023-01-17,218.2065428938914,218.2065428938914,215.8342168905233,216.68826293945312,3503736,0.0,0.0,ZEEL
2023-01-18,217.11525922399153,218.82333668891172,214.93271660101175,218.30142211914062,4989562,0.0,0.0,ZEEL
2023-01-19,217.30505747273375,217.39995630274288,212.27572355234994,212.93997192382812,11476415,0.0,0.0,ZEEL
2023-01-20,213.27209777489523,214.79039213818515,210.8997718819598,211.37423706054688,3242461,0.0,0.0,ZEEL
2023-01-23,212.0859136602729,213.65164280152462,210.42528570096428,212.4180450439453,3102920,0.0,0.0,ZEEL
2023-01-24,213.41443700796816,213.41443700796816,210.9472267037803,211.42169189453125,2458629,0.0,0.0,ZEEL
2023-01-25,211.18445426614488,211.42168685586657,207.8157485961914,208.76467895507812,6143830,0.0,0.0,ZEEL
2023-01-27,209.6187094755793,209.6187094755793,203.59301041341868,204.35215759277344,6687632,0.0,0.0,ZEEL
2023-01-30,204.11491903688483,208.81212125749772,202.83385730420508,208.1478729248047,3325048,0.0,0.0,ZEEL
2023-01-31,208.6697790949235,215.9765544058214,206.8668172137707,215.2174072265625,5794541,0.0,0.0,ZEEL
2023-02-01,216.2612226875563,216.3561215151198,204.82662346303326,209.998291015625,3985166,0.0,0.0,ZEEL
2023-02-02,208.76468130158946,212.75018595780506,207.34128574726046,210.70999145507812,3508465,0.0,0.0,ZEEL
2023-02-03,210.70997619164194,212.41805362901252,205.53830894811142,209.3340301513672,3616152,0.0,0.0,ZEEL
2023-02-06,208.43255098530335,213.98379946842417,208.0529846272816,212.37062072753906,7808545,0.0,0.0,ZEEL
2023-02-07,212.56040008503,212.56040008503,208.85957748250368,209.998291015625,1657540,0.0,0.0,ZEEL
2023-02-08,210.66253534001288,212.56039601875173,209.71360500064344,211.75379943847656,1795544,0.0,0.0,ZEEL
2023-02-09,210.66252533842567,213.46186681075608,209.1442310757072,213.03485107421875,2573936,0.0,0.0,ZEEL
2023-02-10,212.5603828051552,217.11525104688536,210.89975481448994,214.79037475585938,2374095,0.0,0.0,ZEEL
2023-02-13,215.35973627140277,215.8816508506836,206.29744869143553,207.19894409179688,3390867,0.0,0.0,ZEEL
2023-02-14,202.9761998606792,206.6295875681618,199.6075086389426,205.20619201660156,8849241,0.0,0.0,ZEEL
2023-02-15,205.9178886502495,206.86681901269304,202.3593997910862,203.54556274414062,3280676,0.0,0.0,ZEEL
2023-02-16,204.87404706315166,205.15872905056474,201.74258864019006,203.0236358642578,5644841,0.0,0.0,ZEEL
2023-02-17,203.3083176208567,205.82297713450794,202.59661989289572,204.2572479248047,2805579,0.0,0.0,ZEEL
2023-02-20,204.92151032521943,205.06385856831113,201.97983486852573,203.9725799560547,2142690,0.0,0.0,ZEEL
2023-02-21,204.77915034209894,204.77915034209894,199.27535200973432,199.89215087890625,3065064,0.0,0.0,ZEEL
2023-02-22,199.8921717441758,200.22430315733803,189.78606934344836,195.81178283691406,5867677,0.0,0.0,ZEEL
2023-02-23,186.65459362913077,191.63647787801963,167.53365320853985,188.5050048828125,76578247,0.0,0.0,ZEEL
2023-02-24,178.39889727842666,194.38837870396895,178.39889727842666,185.56332397460938,37357144,0.0,0.0,ZEEL
2023-02-27,185.0414255904451,185.0414255904451,167.62854718537895,173.6068115234375,23279131,0.0,0.0,ZEEL
2023-02-28,180.7237789090344,188.3626709807329,178.68358448619273,185.61077880859375,19361371,0.0,0.0,ZEEL
2023-03-01,184.7567353700282,189.97585227019582,182.76399033222643,189.07437133789062,7245746,0.0,0.0,ZEEL
2023-03-02,187.88821276089143,189.78607349584993,184.61440588899367,186.0852508544922,3304473,0.0,0.0,ZEEL
2023-03-03,186.46481552124024,192.0160639125388,186.18013351766857,189.78607177734375,8617953,0.0,0.0,ZEEL
2023-03-06,189.88097434855325,191.39925426498803,184.75674162182364,185.42098999023438,6571348,0.0,0.0,ZEEL
2023-03-08,187.98310780556795,191.20946519824324,185.37354934752742,186.60714721679688,9528342,0.0,0.0,ZEEL
2023-03-09,186.512268497722,187.745880883744,182.57419874540287,183.9027099609375,4136612,0.0,0.0,ZEEL
2023-03-10,182.19462679414903,185.42098418515087,180.6763324457199,183.71292114257812,2891305,0.0,0.0,ZEEL
2023-03-13,183.80779632241993,184.51949404783937,176.880602232432,178.68357849121094,4321616,0.0,0.0,ZEEL
2023-03-14,177.63977356857916,183.99760455254537,177.54488921331355,182.6216583251953,6511040,0.0,0.0,ZEEL
2023-03-15,183.14355077867444,184.09248109358984,177.92443404663967,179.39527893066406,4079054,0.0,0.0,ZEEL
2023-03-16,179.4427397254025,197.33006860853786,177.8769959187514,196.14390563964844,22589250,0.0,0.0,ZEEL
2023-03-17,195.3373205475352,198.46877915431287,188.07799460025407,196.6658172607422,20518280,0.0,0.0,ZEEL
2023-03-20,194.53071736665595,197.6147409346639,191.49414321098442,196.33367919921875,9491163,0.0,0.0,ZEEL
2023-03-21,196.33368361562665,204.35215665644023,195.9541172674525,202.8338623046875,11141992,0.0,0.0,ZEEL
2023-03-22,203.07109756291885,206.10767182683256,200.7462210708378,203.54556274414062,5994903,0.0,0.0,ZEEL
2023-03-23,202.64407198473538,207.81573931376138,201.50535850083946,204.9689483642578,5696592,0.0,0.0,ZEEL
2023-03-24,205.44342386905532,206.62958682441936,199.9396248602604,200.93600463867188,6462530,0.0,0.0,ZEEL
2023-03-27,200.36661600273894,204.87403467914962,199.27535200973432,199.89215087890625,5556669,0.0,0.0,ZEEL
2023-03-28,200.08196780605022,202.3119454153857,195.95411503884452,198.13665771484375,5241239,0.0,0.0,ZEEL
2023-03-29,198.3264413940678,208.43254374027973,197.8045268102831,205.0164031982422,15652099,0.0,0.0,ZEEL
2023-03-31,206.81937704945162,206.81937704945162,200.88856207051845,201.4104766845703,6250236,0.0,0.0,ZEEL
2023-04-03,202.1221495703784,203.92511130994657,201.0308855405651,202.97618103027344,2691398,0.0,0.0,ZEEL
2023-04-05,203.07109611853625,203.7827938853068,201.93238258760894,203.11854553222656,1650303,0.0,0.0,ZEEL
2023-04-06,203.16599401155187,203.40322659938437,200.27175354408993,201.60025024414062,2050933,0.0,0.0,ZEEL
2023-04-10,201.60025176964328,202.92876295927485,199.6075067044882,200.6513214111328,1862218,0.0,0.0,ZEEL
2023-04-11,201.64769914469346,205.1587385397778,200.98345079635772,202.6915283203125,2490760,0.0,0.0,ZEEL
2023-04-12,202.738966315325,203.64046174402964,200.46153923535007,200.79367065429688,3651067,0.0,0.0,ZEEL
2023-04-13,201.60027076533416,201.60027076533416,192.53798209176367,197.51986694335938,7245647,0.0,0.0,ZEEL
2023-04-17,194.95773296185098,203.07109016091454,191.3517948200974,193.439453125,17026157,0.0,0.0,ZEEL
2023-04-18,195.00519229330834,196.76071928094757,192.82264953231942,193.3920135498047,5445958,0.0,0.0,ZEEL
2023-04-19,193.5817862220957,193.81901880325023,187.41373911207796,187.93565368652344,13033724,0.0,0.0,ZEEL
2023-04-20,188.83714034170228,189.78607069517815,183.90270539953326,186.74949645996094,21002757,0.0,0.0,ZEEL
2023-04-21,186.7494828861778,188.64734345518463,184.75672349690979,185.94288635253906,5468727,0.0,0.0,ZEEL
2023-04-24,185.94290054014408,186.74949713532683,181.86249710953567,182.9063262939453,8324707,0.0,0.0,ZEEL
2023-04-25,182.85887765413764,183.61802483878245,177.11784607464216,177.6872100830078,12370487,0.0,0.0,ZEEL
2023-04-26,177.68720728139127,181.8150600781373,174.17616789723732,179.72740173339844,11439942,0.0,0.0,ZEEL
2023-04-27,180.81868925716273,181.67272081893367,175.78935527904937,176.6433868408203,17670756,0.0,0.0,ZEEL
2023-04-28,178.49380009852615,187.7933057089806,178.49380009852615,186.70204162597656,25665162,0.0,0.0,ZEEL
2023-05-02,187.88820852729648,189.21670522002174,185.65821642215627,186.32247924804688,7601216,0.0,0.0,ZEEL
2023-05-03,185.04141064598318,187.3188376005843,184.47204666756917,185.84800720214844,5281432,0.0,0.0,ZEEL
2023-05-04,184.80419059830248,186.6071525196453,183.8552602229582,185.13632202148438,5880935,0.0,0.0,ZEEL
2023-05-05,184.09248924007986,184.99397018323646,180.86613181840517,182.9063262939453,5937611,0.0,0.0,ZEEL
2023-05-08,182.95378591974506,183.61803431075154,181.29315770246436,181.62527465820312,5736049,0.0,0.0,ZEEL
2023-05-09,182.14718250382103,183.00122852865584,179.34784079472962,179.7748565673828,4401972,0.0,0.0,ZEEL
2023-05-10,180.2493183986983,184.94652076948546,179.82230263399552,182.9063262939453,6722726,0.0,0.0,ZEEL
2023-05-11,183.42823375176548,183.95014832367062,181.62525745605032,182.28952026367188,4525123,0.0,0.0,ZEEL
2023-05-12,175.50466349098932,178.39890392395912,170.1432128616815,176.69082641601562,27560297,0.0,0.0,ZEEL
2023-05-15,178.39889796563114,181.4354720563747,175.74189020640776,180.48654174804688,6676725,0.0,0.0,ZEEL
2023-05-16,180.9610136266754,181.81505962362303,178.92081917976844,179.44273376464844,3757570,0.0,0.0,ZEEL
2023-05-17,180.2967683500593,180.2967683500593,174.93531760935565,177.5448760986328,4403485,0.0,0.0,ZEEL
2023-05-18,179.15804710065595,179.15804710065595,175.03019442171217,175.69444274902344,3634991,0.0,0.0,ZEEL
2023-05-19,177.8295538547332,179.91721234989538,174.27106480097365,176.26382446289062,9067017,0.0,0.0,ZEEL
2023-05-22,177.2601790585401,177.2601790585401,174.88785336043205,176.31124877929688,2713133,0.0,0.0,ZEEL
2023-05-23,175.64701753051835,176.50104907293087,173.84404113721763,174.12872314453125,4536859,0.0,0.0,ZEEL
2023-05-24,174.1287290669546,175.45722584023153,170.99725583905456,171.56661987304688,6669607,0.0,0.0,ZEEL
2023-05-25,171.70894686347728,172.7527760580812,168.67237258762265,169.71620178222656,8412284,0.0,0.0,ZEEL
2023-05-26,166.58472080304585,183.0486531901734,166.58472080304585,181.055908203125,46839577,0.0,0.0,ZEEL
2023-05-29,182.19464252767693,184.75675179231652,180.6289131102664,182.6216583251953,9569139,0.0,0.0,ZEEL
2023-05-30,182.62164783910492,186.55971758450082,181.48293428459743,185.13632202148438,8735276,0.0,0.0,ZEEL
2023-05-31,184.51950318715276,186.74949529573016,183.14355707909624,185.0888671875,9334255,0.0,0.0,ZEEL
2023-06-01,185.04141711153932,186.70204521382237,181.8150597332006,182.3369598388672,5210400,0.0,0.0,ZEEL
2023-06-02,183.3333294911464,185.04140691239704,182.62163177225256,183.61801147460938,2544046,0.0,0.0,ZEEL
2023-06-05,184.09249359331824,192.15840181776775,183.85526099848147,190.92478942871094,15642875,0.0,0.0,ZEEL
2023-06-06,191.06713091642527,191.06713091642527,186.70204553398472,187.69842529296875,9164050,0.0,0.0,ZEEL
2023-06-07,188.8371452730048,191.6364869929552,187.74588112982144,190.78245544433594,5766845,0.0,0.0,ZEEL
2023-06-08,191.01969063175963,191.11457498315613,185.94290724736587,186.1326904296875,5052298,0.0,0.0,ZEEL
2023-06-09,187.46119459826986,188.31522612628714,183.6180237631358,184.1399383544922,3658281,0.0,0.0,ZEEL
2023-06-12,184.99397797990252,186.3699241595029,182.81143517112494,184.8990936279297,3190269,0.0,0.0,ZEEL
2023-06-13,175.55211995682066,184.75674172892124,172.70532882238572,184.0450439453125,47047273,0.0,0.0,ZEEL
2023-06-14,186.55972182250608,189.07438158248164,184.47206336570133,184.8990936279297,9931784,0.0,0.0,ZEEL
2023-06-15,185.42097931099934,185.8954444724702,175.07764458274573,177.07040405273438,13503602,0.0,0.0,ZEEL
2023-06-16,178.49379578651295,180.77122272190715,176.54848576945312,177.59230041503906,7779992,0.0,0.0,ZEEL
2023-06-19,176.50103487949139,179.11059319088173,175.03019002625686,175.78933715820312,6624041,0.0,0.0,ZEEL
2023-06-20,176.02657798372496,176.31125998149102,161.41305654669858,164.4496307373047,34115277,0.0,0.0,ZEEL
2023-06-21,167.24896203422082,178.7784591571095,167.24896203422082,171.09213256835938,54185787,0.0,0.0,ZEEL
2023-06-22,175.45722062880998,176.26381723975348,169.6687540262848,170.28555297851562,18643830,0.0,0.0,ZEEL
2023-06-23,171.56660966761217,171.66149401461425,166.82195793166895,167.6285400390625,8603527,0.0,0.0,ZEEL
2023-06-26,167.72344374513216,170.949801227626,165.68324923113286,168.76727294921875,9626417,0.0,0.0,ZEEL
2023-06-27,170.0008695299019,172.75277628311133,168.482589629761,169.85853576660156,7980906,0.0,0.0,ZEEL
2023-06-28,170.42789438803692,170.7125619056333,167.48620455029985,168.4351348876953,7919670,0.0,0.0,ZEEL
2023-06-30,168.7198319561761,170.6176928004986,167.91323530552737,168.29281616210938,5205768,0.0,0.0,ZEEL
2023-07-03,168.43513698654408,175.55211460569384,167.29642346338574,171.6140594482422,15827828,0.0,0.0,ZEEL
2023-07-04,174.27105300173832,176.21636311532308,170.095765253165,173.13233947753906,10187047,0.0,0.0,ZEEL
2023-07-05,173.93892867385784,175.64700612732096,172.32575004318113,173.7491455078125,6480844,0.0,0.0,ZEEL
2023-07-06,173.84404675676439,183.23846642462053,173.3695815557473,179.6799774169922,16082769,0.0,0.0,ZEEL
2023-07-07,181.3405890942912,197.61473821424124,176.59593751651832,195.62197875976562,49451353,0.0,0.0,ZEEL
2023-07-10,197.04537301008858,198.70600105200202,184.51949581841848,191.20945739746094,39408934,0.0,0.0,ZEEL
2023-07-11,193.58180554078356,194.10372016731404,188.55247142249465,191.68394470214844,10820565,0.0,0.0,ZEEL
2023-07-12,191.7788381147553,193.67669889974238,190.3079931104846,191.63648986816406,5488223,0.0,0.0,ZEEL
2023-07-13,190.9722253015126,192.4905195926151,187.55607038629566,188.7422332763672,5586963,0.0,0.0,ZEEL
2023-07-14,189.97584646763343,206.29744501554845,186.08524085769506,204.9689483642578,34984044,0.0,0.0,ZEEL
2023-07-17,204.5893849301722,222.38182861683393,202.69152427026162,217.92184448242188,54031974,0.0,0.0,ZEEL
2023-07-18,221.1007831437247,221.76503152764988,210.9472307622148,212.56040954589844,17213357,0.0,0.0,ZEEL
2023-07-19,213.03486664112143,217.49483645440628,209.38147894922852,211.80125427246094,12411055,0.0,0.0,ZEEL
2023-07-20,212.8450846912077,214.36336459409472,209.99829358382513,212.0859375,8522583,0.0,0.0,ZEEL
2023-07-21,209.7136011310245,214.83781907725657,208.76467080916464,209.3814697265625,9706163,0.0,0.0,ZEEL
2023-07-24,210.4727576416471,212.9399679004537,204.82662487146996,210.42530822753906,9940786,0.0,0.0,ZEEL
2023-07-25,210.66253916357874,228.69221593884,208.00553126921358,223.6154327392578,17049675,0.0,0.0,ZEEL
2023-07-26,223.09354067281,231.06455016385854,220.4365326826176,224.3745880126953,22644911,0.0,0.0,ZEEL
2023-07-27,226.22498500841627,230.1156051554326,223.1409614341682,224.5169219970703,12805957,0.0,0.0,ZEEL
2023-07-28,223.90010815434607,234.57557435191052,223.42564299000986,232.63026428222656,15516473,0.0,0.0,ZEEL
2023-07-31,232.48794155887086,234.24346854204512,228.2177548771773,229.97328186035156,8152261,0.0,0.0,ZEEL
2023-08-01,231.06453698474874,233.38941341374104,223.23586170703138,224.94393920898438,9055794,0.0,0.0,ZEEL
2023-08-02,223.94755794773292,226.22498494861063,213.50932431457588,215.16995239257812,14083361,0.0,0.0,ZEEL
2023-08-03,215.40718554635333,224.18479112478403,215.1699529631525,222.04969787597656,13110605,0.0,0.0,ZEEL
2023-08-04,222.90373605253384,224.89649560285142,213.50933126852982,222.3818359375,14618518,0.0,0.0,ZEEL
2023-08-07,222.09714869373585,226.50966897737828,220.5314049469872,223.8526611328125,7673126,0.0,0.0,ZEEL
2023-08-08,225.6081872763917,230.11560637024178,223.7103266052969,226.17755126953125,10386819,0.0,0.0,ZEEL
2023-08-09,226.79434862323836,232.10836425726757,218.7284408270144,229.8783721923828,14981099,0.0,0.0,ZEEL
2023-08-10,232.53537721585317,275.854054900532,226.8417953104474,267.93048095703125,113998476,0.0,0.0,ZEEL
2023-08-11,272.3430322306863,274.6679233577424,251.9410280740321,257.06524658203125,50706584,0.0,0.0,ZEEL
2023-08-14,258.1090368128134,265.1785790003153,252.13078761731464,257.5396728515625,21945155,0.0,0.0,ZEEL
2023-08-16,260.95585477524907,265.41583914957613,256.30610170015603,261.90478515625,15777738,0.0,0.0,ZEEL
2023-08-17,261.999656118433,262.47412125846677,257.6820059686938,259.86456298828125,8705149,0.0,0.0,ZEEL
2023-08-18,259.8170988645843,264.08728512103767,258.9156324747654,259.72222900390625,11166758,0.0,0.0,ZEEL
2023-08-21,260.95582718563435,261.24049468621524,254.7877803612466,257.2550048828125,8749088,0.0,0.0,ZEEL
2023-08-22,258.0616066274195,260.38646848661557,257.25501008073735,258.53607177734375,5591264,0.0,0.0,ZEEL
2023-08-23,259.05798629661547,261.38287724443836,257.7294895945979,259.9120178222656,9742229,0.0,0.0,ZEEL
2023-08-24,262.28431783800954,266.36473532779837,256.685635100819,258.298828125,16846419,0.0,0.0,ZEEL
2023-08-25,257.16012220122514,258.3937200598965,248.1452839690789,252.17823791503906,16867933,0.0,0.0,ZEEL
2023-08-28,252.4154815742079,257.16013348349753,248.38252745131172,249.52125549316406,11038103,0.0,0.0,ZEEL
2023-08-29,249.94825370998794,255.21483463984484,249.66358618256072,251.4191131591797,7051558,0.0,0.0,ZEEL
2023-08-30,252.415481786171,256.68566850811754,250.04315582953407,252.5578155517578,15712205,0.0,0.0,ZEEL
2023-08-31,254.45565778507714,254.55055660824254,246.816780344668,248.80953979492188,12108313,0.0,0.0,ZEEL
2023-09-01,249.42635909041834,252.1308164968428,248.19273220656396,249.14166259765625,5493285,0.0,0.0,ZEEL
2023-09-04,250.5176142088652,253.69653669612987,249.28401632858044,252.08334350585938,5999687,0.0,0.0,ZEEL
2023-09-05,253.1746198602736,269.4013355384818,251.46655671901283,260.8609619140625,29199932,0.0,0.0,ZEEL
2023-09-06,260.00694887180174,267.5983926344821,255.6418629164486,263.0909729003906,19205621,0.0,0.0,ZEEL
2023-09-07,262.8537412654407,270.0656186587593,260.48141508073456,268.87945556640625,11106623,0.0,0.0,ZEEL
2023-09-08,269.02174604595575,271.1568392685427,261.9047686373326,262.99603271484375,11541409,0.0,0.0,ZEEL
2023-09-11,263.85005315989224,267.9304707453484,260.95582738524115,265.51068115234375,5817565,0.0,0.0,ZEEL
2023-09-12,266.03261070406785,267.503441059501,255.64181251873688,257.6820068359375,10076044,0.0,0.0,ZEEL
2023-09-13,258.10905294739086,263.70773617171795,256.21119226395416,261.80987548828125,4676896,0.0,0.0,ZEEL
2023-09-14,262.0471079567126,265.8902932143895,254.8352315710619,258.9156494140625,14090766,0.0,0.0,ZEEL
2023-09-15,259.01056237833234,261.9996873247635,253.88631508838472,260.1492614746094,10766194,0.0,0.0,ZEEL
2023-09-18,260.4813868660489,260.57628569496995,251.79867976232532,254.45567321777344,6098515,0.0,0.0,ZEEL
2023-09-20,254.31333247908722,255.78416293032524,249.75847840636774,251.08697509765625,5002324,0.0,0.0,ZEEL
2023-09-21,250.51761512292447,254.74036680994482,248.0503903942965,253.6016387939453,5993698,0.0,0.0,ZEEL
2023-09-22,253.45930388291663,253.98120399510134,247.95549044260673,251.94100952148438,4749755,0.0,0.0,ZEEL
2023-09-25,252.8425098044473,256.21120104943753,248.14529286825154,249.23655700683594,6572902,0.0,0.0,ZEEL
2023-09-26,249.56867734557076,252.55780209991383,248.24018067242446,248.9993133544922,4935004,0.0,0.0,ZEEL
2023-09-27,249.56867487027696,250.4227063688965,243.1159602595345,248.42994689941406,9762971,0.0,0.0,ZEEL
2023-09-28,248.80953523011976,249.09420273533837,240.03191551134728,241.07574462890625,11808134,0.0,0.0,ZEEL
2023-09-29,242.68891500689716,253.222046728626,241.5502015860546,251.03948974609375,14122312,0.0,0.0,ZEEL
2023-10-03,251.0395215964815,252.9848462598357,247.4335977195699,249.94825744628906,5254494,0.0,0.0,ZEEL
2023-10-04,248.61976589173454,249.09423109381802,242.0721518947943,244.49191284179688,5890144,0.0,0.0,ZEEL
2023-10-05,245.96276411570753,249.42635418324073,244.49190466301755,245.10870361328125,4062672,0.0,0.0,ZEEL
2023-10-06,247.14891539195608,248.33507830138367,245.29848966962686,247.33868408203125,2683516,0.0,0.0,ZEEL
2023-10-09,244.39700649426686,245.91530088605734,242.4042613945113,243.59043884277344,2847215,0.0,0.0,ZEEL
2023-10-10,245.29849488627403,248.61975110330286,244.58679712548212,245.86785888671875,3367342,0.0,0.0,ZEEL
2023-10-11,248.61974732408493,250.18547658221559,245.53572374086633,246.38975524902344,6393152,0.0,0.0,ZEEL
2023-10-12,245.77297086324774,252.88994878399814,245.29850566853105,248.85699462890625,6831071,0.0,0.0,ZEEL
2023-10-13,248.05038908841613,250.09058356053941,244.82403167214486,245.20359802246094,2511931,0.0,0.0,ZEEL
2023-10-16,245.01382970219498,245.01382970219498,241.88234214941306,242.5940399169922,3396777,0.0,0.0,ZEEL
2023-10-17,244.06489934542282,244.82403204721803,240.64874426923177,242.5940399169922,3695361,0.0,0.0,ZEEL
2023-10-18,246.24742157665872,250.1380417363477,242.92616540895813,243.6378631591797,12964782,0.0,0.0,ZEEL
2023-10-19,243.4955441806903,248.42996483963694,241.3130013849622,246.2474365234375,6736073,0.0,0.0,ZEEL
2023-10-20,246.24743343083398,251.84611687694905,245.48830071100912,248.14529418945312,7221547,0.0,0.0,ZEEL
2023-10-23,248.09783665617738,248.24017040829798,235.66684402768462,236.94789123535156,5388772,0.0,0.0,ZEEL
2023-10-25,237.23258650611584,239.46257861108452,228.45498080538954,231.01708984375,7600215,0.0,0.0,ZEEL
2023-10-26,229.45135848893446,229.45135848893446,224.89648997331616,226.46221923828125,5686883,0.0,0.0,ZEEL
2023-10-27,227.74327311842865,238.65597162202002,227.74327311842865,236.4259796142578,7945658,0.0,0.0,ZEEL
2023-10-30,236.8530204090062,245.10869705268158,234.48069454144616,237.75450134277344,11390994,0.0,0.0,ZEEL
2023-10-31,239.3676759140497,251.7986690377698,235.00259060111023,245.96275329589844,14610294,0.0,0.0,ZEEL
2023-11-01,245.96274835703974,258.3937122720943,242.11956321952215,254.02865600585938,16792204,0.0,0.0,ZEEL
2023-11-02,255.26225946093052,259.6273447825568,254.8352292276525,255.59439086914062,7952540,0.0,0.0,ZEEL
2023-11-03,258.77331333519606,262.6639045323867,255.59439092854163,261.2405090332031,9131995,0.0,0.0,ZEEL
2023-11-06,260.7660609673542,261.14565629260744,253.50674923727715,254.64547729492188,5791400,0.0,0.0,ZEEL
2023-11-07,255.64182567927926,255.64182567927926,246.91168399927815,248.9993133544922,6970383,0.0,0.0,ZEEL
2023-11-08,250.51761429402399,252.88994018695982,245.29849732956515,246.43722534179688,5882001,0.0,0.0,ZEEL
2023-11-09,247.19633861054635,252.55778891527908,243.02105115903123,249.42633056640625,9494598,0.0,0.0,ZEEL
2023-11-10,250.42271179027966,252.3680363693634,233.29453067834788,236.2362060546875,26360902,0.0,0.0,ZEEL
2023-11-13,239.13045822487447,241.50278419932758,236.61579848376562,239.22535705566406,5655814,0.0,0.0,ZEEL
2023-11-15,241.40787078044514,241.50276960550008,234.76535845337835,235.52450561523438,9853038,0.0,0.0,ZEEL
2023-11-16,236.14131580933255,240.5538360033824,233.53175743059765,237.280029296875,9713921,0.0,0.0,ZEEL
2023-11-17,237.13769260499282,239.5100185193266,231.53900923897643,233.53176879882812,5410902,0.0,0.0,ZEEL
2023-11-20,234.71792789995445,234.90771107407764,230.684973911842,231.15943908691406,4294860,0.0,0.0,ZEEL
2023-11-21,230.92220973311865,240.5063977160703,229.783481713377,238.89321899414062,12911518,0.0,0.0,ZEEL
2023-11-22,238.845755806516,243.73275558409128,235.4296153828748,236.56832885742188,10638003,0.0,0.0,ZEEL
2023-11-23,238.08662102957877,239.9844817455723,236.6157905583063,237.0902557373047,3355581,0.0,0.0,ZEEL
2023-11-24,238.18151531569612,241.78745350323373,237.0902512166186,239.93704223632812,6668378,0.0,0.0,ZEEL
2023-11-28,240.69618019695795,243.87510269707744,240.07938125432136,242.73638916015625,7019135,0.0,0.0,ZEEL
2023-11-29,243.40062012281706,246.0101784282274,231.63389028295958,236.94789123535156,32090406,0.0,0.0,ZEEL
2023-11-30,239.60490664406606,243.87509309910882,235.99896851945775,240.1742706298828,25439157,0.0,0.0,ZEEL
2023-12-01,242.02467858007515,256.1162850027681,241.0282988581811,252.93736267089844,34690283,0.0,0.0,ZEEL
2023-12-04,253.3644008805377,254.88269521695133,241.45532221290645,242.83126831054688,44096256,0.0,0.0,ZEEL
2023-12-05,243.87511344821903,245.8678730853273,236.33111964407288,238.8457794189453,13066339,0.0,0.0,ZEEL
2023-12-06,240.8385355472915,246.05763820559827,239.88960515859415,244.87147521972656,14387456,0.0,0.0,ZEEL
2023-12-07,248.61975491778514,258.63095865623364,243.92253804086852,257.7294921875,34243388,0.0,0.0,ZEEL
2023-12-08,265.7004973615616,269.35388499209427,257.8243870591091,264.7041320800781,42790651,0.0,0.0,ZEEL
2023-12-11,265.795379726084,273.2919232169606,263.3281551830089,271.2991638183594,28275741,0.0,0.0,ZEEL
2023-12-12,271.2991748209477,284.39443071494014,268.07281749949055,274.2882995605469,61712266,0.0,0.0,ZEEL
2023-12-13,277.08767034021605,277.4672366995556,268.1677305799794,270.01812744140625,14187798,0.0,0.0,ZEEL
2023-12-14,272.2955700240169,273.29193528779814,245.86785451774335,263.7077331542969,35557081,0.0,0.0,ZEEL
2023-12-15,268.4523843468339,271.91597425670557,259.0579798792863,263.4230651855469,27948051,0.0,0.0,ZEEL
2023-12-18,257.0178148603522,267.59838344961565,252.41549644538213,266.17498779296875,26259529,0.0,0.0,ZEEL
2023-12-19,259.9120313648264,262.8537214033907,253.50675115012285,257.82440185546875,31847804,0.0,0.0,ZEEL
2023-12-20,258.58349713038467,262.5215519370734,235.47703939316162,239.08297729492188,26075974,0.0,0.0,ZEEL
2023-12-21,244.82402089441408,253.17459606998142,242.9735951993808,248.80953979492188,31817471,0.0,0.0,ZEEL
2023-12-22,252.60528912307257,258.7258729502276,250.28039801288412,253.88632202148438,18959049,0.0,0.0,ZEEL
2023-12-26,254.12352831932418,256.4484191888395,248.5248452185759,250.8971710205078,8985988,0.0,0.0,ZEEL
2023-12-27,253.7439432010577,254.88267108532008,248.0029267689465,252.51034545898438,8129694,0.0,0.0,ZEEL
2023-12-28,253.36440475871763,258.9630880608256,247.81315639073225,257.4447937011719,21342905,0.0,0.0,ZEEL
2023-12-29,260.00694072124577,264.03989509374685,255.9739863487447,260.67120361328125,20300780,0.0,0.0,ZEEL
2024-01-01,261.05074463734417,272.95980892617337,260.1492492227394,270.4925842285156,17805173,0.0,0.0,ZEEL
2024-01-02,271.3940700646226,276.3759542179067,264.32452763491165,273.00726318359375,28467964,0.0,0.0,ZEEL
2024-01-03,273.2919428143415,276.1387338853242,267.93049208913527,271.06195068359375,12136773,0.0,0.0,ZEEL
2024-01-04,271.7736363676447,277.70445083516074,269.97067456133084,275.7591552734375,12952680,0.0,0.0,ZEEL
2024-01-05,277.0876648601582,278.22639287471293,266.269864558114,268.5947265625,20893253,0.0,0.0,ZEEL
2024-01-08,271.48898483699236,271.96345002232124,262.23691372307934,263.9449768066406,11033896,0.0,0.0,ZEEL
2024-01-09,243.0684969315525,255.26225739834,228.02795996958994,243.21083068847656,157297159,0.0,0.0,ZEEL
2024-01-10,246.57955312554023,254.1235319067478,243.30573188903608,246.53208923339844,59317188,0.0,0.0,ZEEL
2024-01-11,247.6708223147842,248.9518840840857,237.23258842412278,238.3238525390625,19043312,0.0,0.0,ZEEL
2024-01-12,240.64873930619876,244.06489431193654,235.76173938189257,237.1851348876953,15288111,0.0,0.0,ZEEL
2024-01-15,239.0829904203302,239.84213756967085,229.68858607588112,230.40028381347656,17638995,0.0,0.0,ZEEL
2024-01-16,231.4441055114454,241.92978872674823,230.82730657858616,240.3640594482422,28921018,0.0,0.0,ZEEL
2024-01-17,235.9040835285277,244.30212265891456,232.48792858204177,233.29452514648438,19673798,0.0,0.0,ZEEL
2024-01-18,233.29452802172148,250.51760776366214,221.67013144935459,235.52450561523438,55813937,0.0,0.0,ZEEL
2024-01-19,238.65597709493434,240.07937258456616,217.3524941626837,222.99862670898438,73034564,0.0,0.0,ZEEL
2024-01-23,197.66217718386196,197.66217718386196,144.7118654772606,147.9856719970703,228434365,0.0,0.0,ZEEL
2024-01-24,149.93099431897923,161.69772479017652,149.93099431897923,157.8545684814453,146400155,0.0,0.0,ZEEL
2024-01-25,158.47137102372733,159.42030138913887,150.0258965633759,154.8654327392578,38211764,0.0,0.0,ZEEL
2024-01-29,155.6245800177502,159.32540265319025,152.82523833406827,153.48948669433594,29686724,0.0,0.0,ZEEL
2024-01-30,154.58073788355927,167.29641241074734,153.0624581128311,162.17218017578125,60085292,0.0,0.0,ZEEL
2024-01-31,163.2160279513503,165.49345510769717,158.94584117355333,164.25985717773438,16230285,0.0,0.0,ZEEL
2024-02-01,168.10300419775237,168.15045361073092,160.65390970501147,161.84007263183594,12092548,0.0,0.0,ZEEL
2024-02-02,164.16495192819386,169.85853407599248,161.03347885099896,164.07005310058594,31839130,0.0,0.0,ZEEL
2024-02-05,169.09939011289435,172.32576207911828,166.3474978142146,168.90960693359375,26473589,0.0,0.0,ZEEL
2024-02-06,168.90960434863328,171.946178609557,165.63579749733228,166.82196044921875,18508957,0.0,0.0,ZEEL
2024-02-07,169.0519262461223,174.74550801557274,169.0519262461223,173.03744506835938,28616071,0.0,0.0,ZEEL
2024-02-08,175.55211318437503,185.04141659974667,175.21998177302586,183.42823791503906,45808076,0.0,0.0,ZEEL
2024-02-09,185.04141156523872,195.85921137262628,175.78934098697678,192.87008666992188,69898250,0.0,0.0,ZEEL
2024-02-12,195.4796453919024,198.99068467051165,176.07402329623312,178.3040008544922,30673450,0.0,0.0,ZEEL
2024-02-13,178.5886855405607,181.05591019493724,170.80745971606763,179.0157012939453,17661292,0.0,0.0,ZEEL
2024-02-14,173.65424688614374,192.49051934839164,171.09213794274547,189.97584533691406,36486252,0.0,0.0,ZEEL
2024-02-15,193.0124207747567,193.0124207747567,176.92805479011489,178.3040008544922,22513855,0.0,0.0,ZEEL
2024-02-16,178.39890551923892,181.15079773809683,173.1797886024527,174.36595153808594,16202833,0.0,0.0,ZEEL
2024-02-19,174.60319625897233,175.93169304739203,168.62493175202565,169.3840789794922,17690102,0.0,0.0,ZEEL
2024-02-20,176.50105065062718,194.76796046258724,174.603189890943,182.81143188476562,85302095,0.0,0.0,ZEEL
2024-02-21,164.54449851355952,167.24895550070056,155.3873274510055,156.1939239501953,106831188,0.0,0.0,ZEEL
2024-02-22,157.33265962767715,161.2232654912282,155.05521803190064,159.56263732910156,29874674,0.0,0.0,ZEEL
2024-02-23,161.88753694608963,168.1504690884907,160.46414130288085,164.59197998046875,27251454,0.0,0.0,ZEEL
2024-02-26,165.6358022533892,167.91322939459383,161.69773245233165,162.59922790527344,11795993,0.0,0.0,ZEEL
2024-02-27,162.40941087364348,167.7234262087002,162.0298445552224,164.21238708496094,17653282,0.0,0.0,ZEEL
2024-02-28,165.01899672230925,165.82559338322392,151.2120704877587,153.7267303466797,31725213,0.0,0.0,ZEEL
2024-02-29,154.3909594734266,156.3837189282714,146.60973378034302,152.73033142089844,75726897,0.0,0.0,ZEEL
2024-03-01,151.82885082259412,153.67926204608898,146.60973407556745,147.36888122558594,33783224,0.0,0.0,ZEEL
2024-03-04,150.87992376712623,151.7814046924708,145.94548890461007,146.9893035888672,13717476,0.0,0.0,ZEEL
2024-03-05,148.2229169365538,148.88716528189482,145.47102472891473,147.13165283203125,12693564,0.0,0.0,ZEEL
2024-03-06,147.55865471465867,148.31780181488378,142.33953830996012,146.18270874023438,16147540,0.0,0.0,ZEEL
2024-03-07,146.41994496381517,154.6756354962365,144.66441815563607,152.39820861816406,26002110,0.0,0.0,ZEEL
2024-03-11,152.8726985050336,156.00415734942777,147.08421707355305,148.08059692382812,16333389,0.0,0.0,ZEEL
2024-03-12,148.88716499750979,152.96756836756504,145.755706449808,148.36526489257812,19572653,0.0,0.0,ZEEL
2024-03-13,149.45651870176016,151.3069298469242,134.4634174218052,137.83212280273438,23856313,0.0,0.0,ZEEL
2024-03-14,137.97446219163345,144.75932264057164,137.73722961256976,139.39785766601562,16457230,0.0,0.0,ZEEL
2024-03-15,139.4453089083564,141.4855178028043,133.79917634842417,134.4634246826172,19414252,0.0,0.0,ZEEL
2024-03-18,134.74810103058473,138.11680645225476,134.74810103058473,135.6495819091797,10919077,0.0,0.0,ZEEL
2024-03-19,135.9817205237115,137.40511603272552,132.75534868222965,133.51449584960938,10707225,0.0,0.0,ZEEL
2024-03-20,134.6532192860229,136.26641256543405,131.28452791667698,133.46705627441406,15709638,0.0,0.0,ZEEL
2024-03-21,135.88682743653231,136.31384321136403,133.2298194782605,133.70428466796875,10714726,0.0,0.0,ZEEL
2024-03-22,133.70428018735907,137.40511723078038,133.32471384012365,135.1751251220703,15330156,0.0,0.0,ZEEL
2024-03-26,135.41235658078315,135.8868217506384,131.37940263701353,132.1385498046875,17706163,0.0,0.0,ZEEL
2024-03-27,133.51450369414204,138.1642713178311,132.28089128461113,134.13131713867188,72718298,0.0,0.0,ZEEL
2024-03-28,135.69702565403816,137.26275477362032,130.95237440739348,131.4742889404297,29308668,0.0,0.0,ZEEL
2024-04-01,134.6532122877058,140.72637527922052,131.85387062170463,139.58766174316406,22815634,0.0,0.0,ZEEL
2024-04-02,139.72999733033393,146.8469751230504,139.54021415176715,145.5184783935547,37622953,0.0,0.0,ZEEL
2024-04-03,147.22653451724602,149.21929399677234,144.0950760201728,145.04400634765625,24627449,0.0,0.0,ZEEL
2024-04-04,146.04037728803138,146.5148424702271,143.95273338227588,145.23379516601562,7924622,0.0,0.0,ZEEL
2024-04-05,145.18634851733853,145.75571253862972,143.47827093299355,144.56954956054688,6817653,0.0,0.0,ZEEL
2024-04-08,145.89804142175223,146.98930553325818,141.20083908164045,142.05487060546875,7297445,0.0,0.0,ZEEL
2024-04-09,143.28848183277117,143.9052807640812,138.63872894259177,139.01829528808594,8403197,0.0,0.0,ZEEL
2024-04-10,139.96722913695663,144.5695472088645,138.35405040891092,142.62423706054688,13758998,0.0,0.0,ZEEL
2024-04-12,142.6242390480213,143.00380540831134,138.73361869717016,139.0657501220703,6936935,0.0,0.0,ZEEL
2024-04-15,136.93065035259846,137.59489869175655,133.98896051979116,134.60577392578125,8739745,0.0,0.0,ZEEL
2024-04-16,134.1313137696581,141.24829155412115,133.8466317623739,140.15701293945312,11804053,0.0,0.0,ZEEL
2024-04-18,142.10232329811552,142.10232329811552,136.64597365561693,137.40512084960938,10568960,0.0,0.0,ZEEL
2024-04-19,135.83938556358527,136.93066424822013,134.6532225234578,135.55471801757812,5270773,0.0,0.0,ZEEL
2024-04-22,136.93066159235212,137.59490998603408,133.79918833124694,134.843017578125,6108928,0.0,0.0,ZEEL
2024-04-23,134.93788665895138,137.49999559003686,134.93788665895138,136.2189483642578,5996412,0.0,0.0,ZEEL
2024-04-24,137.12043230184216,137.35766488367923,132.3757806651002,132.9451446533203,19718041,0.0,0.0,ZEEL
2024-04-25,134.0364074500959,137.59489614346128,133.60939170279758,135.412353515625,24465317,0.0,0.0,ZEEL
2024-04-26,136.31383559856064,141.39061863672387,135.79193550265126,138.4489288330078,21769724,0.0,0.0,ZEEL
2024-04-29,139.49276546383192,143.62061839691998,139.06574968995037,141.67530822753906,26874062,0.0,0.0,ZEEL
2024-04-30,142.76658435825442,144.8542284677267,138.59129613930986,139.44532775878906,10862244,0.0,0.0,ZEEL
2024-05-02,139.967221449412,140.91615176432327,136.26639901306905,136.50363159179688,8301541,0.0,0.0,ZEEL
2024-05-03,137.5949083843577,138.30660618634576,133.60940358913035,135.7919464111328,11690357,0.0,0.0,ZEEL
2024-05-06,137.59490430255363,137.78468748154802,128.95963210278887,129.43409729003906,20391420,0.0,0.0,ZEEL
2024-05-07,129.67132026090002,133.98895604037546,125.73326529077353,126.87197875976562,26162581,0.0,0.0,ZEEL
2024-05-08,127.25157208841468,129.8136812655949,126.68220805813962,127.53623962402344,10570363,0.0,0.0,ZEEL
2024-05-09,128.05816172859622,130.62027105563328,123.83542410891093,125.40115356445312,15330548,0.0,0.0,ZEEL
2024-05-10,126.20773193359375,127.0617634255439,123.50327474320574,124.54710388183594,8401582,0.0,0.0,ZEEL
2024-05-13,125.06901846774625,125.82816561598463,122.64924326752971,123.17115783691406,7114440,0.0,0.0,ZEEL
2024-05-14,123.74051632758228,126.87198949184689,123.36094996565325,124.97412872314453,8313748,0.0,0.0,ZEEL
2024-05-15,126.1128393726634,126.72965279594776,123.36094711348164,124.1200942993164,7856069,0.0,0.0,ZEEL
2024-05-16,124.26241341155956,127.72601751372564,123.59816513209087,126.25517272949219,8765244,0.0,0.0,ZEEL
2024-05-17,126.68220509689925,129.05453103504342,126.44497250308484,128.0581512451172,8292602,0.0,0.0,ZEEL
2024-05-21,133.751737898217,141.10594854847912,131.9487759177062,140.0621337890625,30397454,0.0,0.0,ZEEL
2024-05-22,141.67529982941855,144.04762563205608,138.16426053742055,143.5257110595703,19707535,0.0,0.0,ZEEL
2024-05-23,144.7118798118983,144.7118798118983,140.58402695660013,140.96360778808594,9677633,0.0,0.0,ZEEL
2024-05-24,141.86507909516635,145.13888571684168,140.6314668158247,143.9052734375,17134600,0.0,0.0,ZEEL
2024-05-27,144.42719374742714,144.99655773888344,140.34679042073097,141.34317016601562,27031081,0.0,0.0,ZEEL
2024-05-28,141.2482731664177,144.99654474904582,138.40148242322778,143.28846740722656,15404551,0.0,0.0,ZEEL
2024-05-29,142.3395620934675,146.60974895627152,141.67531369960378,143.2410430908203,14704453,0.0,0.0,ZEEL
2024-05-30,143.19359309125713,148.0331439745442,142.43446034680574,144.3323211669922,29864192,0.0,0.0,ZEEL
2024-05-31,146.1352656351356,146.3724982092186,140.34678503569918,141.29571533203125,10833108,0.0,0.0,ZEEL
2024-06-03,151.82886492281716,152.01864810806492,143.81040588998667,148.3178253173828,30185715,0.0,0.0,ZEEL
2024-06-04,150.1207813651569,150.2156801937957,119.09076121847882,131.7589874267578,31735462,0.0,0.0,ZEEL
2024-06-05,136.4087462897311,142.1497781599178,130.95239643814188,138.82852172851562,16668349,0.0,0.0,ZEEL
2024-06-06,143.2884917728248,149.50398884828027,142.57679396600614,145.70826721191406,30871486,0.0,0.0,ZEEL
2024-06-07,145.708261377351,149.55143227618635,143.6680523917824,148.27037048339844,14939089,0.0,0.0,ZEEL
2024-06-10,148.9820640321551,157.04797195746286,146.13527299969354,156.01364135742188,36227048,0.0,0.0,ZEEL
2024-06-11,156.60198012475573,159.98966854606033,155.1596018867009,156.79176330566406,25093283,0.0,0.0,ZEEL
2024-06-12,157.33265534085666,159.51519804751854,155.71947663750765,158.28158569335938,15657290,0.0,0.0,ZEEL
2024-06-13,159.65753063059705,160.08454639016705,155.19756090264644,156.62095642089844,22155969,0.0,0.0,ZEEL
2024-06-14,156.5735038072066,157.04796897025875,154.29607681636742,155.6055908203125,11681310,0.0,0.0,ZEEL
2024-06-18,156.28882942837717,156.65891169440835,151.4397946465422,152.70187377929688,11578858,0.0,0.0,ZEEL
2024-06-19,153.11941180385276,153.33766174426532,146.15426605739106,146.45791625976562,14055999,0.0,0.0,ZEEL
2024-06-20,146.9703258398413,148.79227023295584,146.5148288819175,147.64405822753906,9058904,0.0,0.0,ZEEL
2024-06-21,147.43528792542878,149.50396339439996,145.7746599922497,146.36300659179688,9367367,0.0,0.0,ZEEL
2024-06-24,146.23017430384263,146.46740689390109,143.19358556747184,143.41184997558594,11607091,0.0,0.0,ZEEL
2024-06-25,145.18635154474083,145.94549876244918,140.53659836551165,141.13441467285156,15834071,0.0,0.0,ZEEL
2024-06-26,142.24464193863437,149.35213488642773,141.4949933949694,147.6630401611328,43164207,0.0,0.0,ZEEL
2024-06-27,149.93099306043504,152.0660863160425,142.43444919922442,143.48776245117188,71011255,0.0,0.0,ZEEL
2024-06-28,145.044010049475,146.9893056868418,143.05125051908936,144.0381317138672,16504456,0.0,0.0,ZEEL
2024-07-01,144.23740533723392,146.51483226127408,143.28847503896264,145.11990356445312,9014587,0.0,0.0,ZEEL
2024-07-02,145.92651050011972,148.30832050574153,144.91116253802838,145.37612915039062,9846565,0.0,0.0,ZEEL
2024-07-03,146.60974799021463,146.9798302700379,142.8140263594,143.11769104003906,8479126,0.0,0.0,ZEEL
2024-07-04,143.28848345928802,144.51259724500082,140.8212587469857,142.35853576660156,11253890,0.0,0.0,ZEEL
2024-07-05,144.2374085709756,145.37612205852514,141.87456686267637,143.3833770751953,15595180,0.0,0.0,ZEEL
2024-07-08,143.38337409636773,144.8542044774849,140.9161495249946,142.97532653808594,8987253,0.0,0.0,ZEEL
2024-07-09,143.38338026244912,145.3476585382185,142.57678368109433,143.00379943847656,7637628,0.0,0.0,ZEEL
2024-07-10,143.57316689183276,144.14251642220935,138.44893424127372,138.96136474609375,9702233,0.0,0.0,ZEEL
2024-07-11,139.72999103320606,140.71687220499507,138.92339446123725,139.66355895996094,5574864,0.0,0.0,ZEEL
2024-07-12,141.390622743073,151.25000854174777,140.91615756608283,147.5586700439453,45356138,0.0,0.0,ZEEL
2024-07-15,148.79229159516882,153.29021248410257,147.13166337307885,151.9617156982422,28769035,0.0,0.0,ZEEL
2024-07-16,153.517957903777,155.65305128917575,146.88492924050777,147.58714294433594,20651457,0.0,0.0,ZEEL
2024-07-18,141.39061536247874,141.39061536247874,134.7481032313556,135.1466522216797,49068184,0.0,0.0,ZEEL
2024-07-19,135.69705246406912,136.6459829008808,129.86113606948908,130.49691772460938,17598440,0.0,0.0,ZEEL
2024-07-22,130.49691007449889,132.3283387600076,127.06177224853847,127.59318542480469,14443434,0.0,0.0,ZEEL
2024-07-23,128.20049532008218,129.3392088374551,123.1426948468935,127.83989715576172,15815164,0.0,0.0,ZEEL
2024-07-24,128.10559497108545,131.56918489515922,128.10559497108545,129.70928955078125,9127957,0.0,0.0,ZEEL
2024-07-25,129.71878387719423,135.93428094547608,128.7698534691979,132.8597412109375,14302327,0.0,0.0,ZEEL
2024-07-26,133.3246983120539,137.12041926043977,132.87869994225645,135.33642578125,14753283,0.0,0.0,ZEEL
2024-07-29,136.36129044677588,140.38476040382477,135.88682526465104,136.65545654296875,19007931,0.0,0.0,ZEEL
2024-07-30,137.110953015085,139.4737803460699,136.190489406945,137.74673461914062,16747925,0.0,0.0,ZEEL
2024-07-31,138.069361496595,145.6133546412251,137.9270277404714,141.0774688720703,56167370,0.0,0.0,ZEEL
2024-08-01,141.8650890928345,142.52933745020633,133.79918101732216,134.5298614501953,23849671,0.0,0.0,ZEEL
2024-08-02,132.8502467440038,138.04089682872106,132.18599840618936,135.37440490722656,13396158,0.0,0.0,ZEEL
2024-08-05,132.37577741021332,132.85024256222124,126.82452933990956,127.32746124267578,16478131,0.0,0.0,ZEEL
2024-08-06,129.05453159324819,131.5691913067464,126.8719888248096,127.44135284423828,10774872,0.0,0.0,ZEEL
2024-08-07,129.14943440611728,130.93341372825873,128.1150892562705,129.96551513671875,7612052,0.0,0.0,ZEEL
2024-08-08,130.00345803341855,134.0838614369424,129.57644227155018,131.1896209716797,14952608,0.0,0.0,ZEEL
2024-08-09,132.09110542274726,132.66046944007007,130.1552938270009,130.5063934326172,5924140,0.0,0.0,ZEEL
2024-08-12,130.5158706790816,131.10421732733465,128.6085259362757,129.12095642089844,6081288,0.0,0.0,ZEEL
2024-08-13,129.67133491649042,130.57283039087753,128.15305494607915,128.73190307617188,5287671,0.0,0.0,ZEEL
2024-08-14,129.05452712340553,129.6808246271794,126.59680100106858,127.0712661743164,4781650,0.0,0.0,ZEEL
2024-08-16,127.86836343162788,129.5005247762788,127.23258184079134,127.54573059082031,6258945,0.0,0.0,ZEEL
2024-08-19,128.58006758012303,129.51951387691807,127.53623836146188,128.1815185546875,9562094,0.0,0.0,ZEEL
2024-08-20,128.2953599773755,129.22530751789984,128.12455949176984,128.3902587890625,6500142,0.0,0.0,ZEEL
2024-08-21,128.48516747430878,135.41236213419288,128.4377325390002,132.18600463867188,17685721,0.0,0.0,ZEEL
2024-08-22,132.85024632482487,134.26415773048336,131.7305154845461,132.31884765625,8447493,0.0,0.0,ZEEL
2024-08-23,132.3188424343412,132.82177433150355,128.58005476145357,129.66183471679688,6998221,0.0,0.0,ZEEL
2024-08-26,130.47792232621597,131.42685267040665,128.0106976395091,128.29537963867188,6103947,0.0,0.0,ZEEL
2024-08-27,128.29536703336487,146.9892900812955,127.91580072479302,143.1271514892578,101988877,0.0,0.0,ZEEL
2024-08-28,145.2337857660453,146.93236463737637,137.08247793858692,138.22119140625,52019960,0.0,0.0,ZEEL
2024-08-29,138.73361294801734,140.6789230428288,134.22619382860125,135.05177307128906,16449010,0.0,0.0,ZEEL
2024-08-30,136.36128310201477,137.4051122382775,132.8597279298114,133.5904083251953,15141363,0.0,0.0,ZEEL
2024-09-02,134.15976054225325,135.74447228870858,132.89768159889098,134.7480926513672,9964647,0.0,0.0,ZEEL
2024-09-03,133.98897305762364,135.57368512916224,129.728284718068,129.9085693359375,19722509,0.0,0.0,ZEEL
2024-09-04,129.0545366717728,130.71516490100518,128.32385619664242,128.71292114257812,12648718,0.0,0.0,ZEEL
2024-09-05,129.4815547146849,131.40788233572525,128.16254199171348,128.6749725341797,12071667,0.0,0.0,ZEEL
2024-09-06,128.959619056745,129.90854933524798,126.77709099980969,127.55520629882812,11910991,0.0,0.0,ZEEL
2024-09-09,127.67859198897425,128.53262358240048,125.79971379571901,126.23621368408203,9478885,0.0,0.0,ZEEL
2024-09-10,127.06177499353828,134.74811703898186,126.56834160992389,131.80642700195312,37384945,0.0,0.0,ZEEL
2024-09-11,132.13855243891163,132.4706838562426,128.1150825056999,128.5610809326172,11068235,0.0,0.0,ZEEL
2024-09-12,129.05451837640499,129.59541558742026,127.18512456214933,127.84937286376953,9861135,0.0,0.0,ZEEL
2024-09-13,130.52536749497673,132.66046069997788,128.6749562798812,128.99758911132812,22857222,0.0,0.0,ZEEL
2024-09-16,129.5764424137478,129.88959116733574,127.63113229695915,127.97274780273438,8515777,0.0,0.0,ZEEL
2024-09-17,128.01068797708848,128.91218331964586,125.97049368288637,126.1887435913086,8390941,0.0,0.0,ZEEL
2024-09-18,126.29313445210214,127.58368028322538,124.20549061692485,124.5091552734375,12337244,0.0,0.0,ZEEL
2024-09-19,124.50915856698235,125.54348918147436,119.37544185829827,119.68858337402344,15571976,0.0,0.0,ZEEL
2024-09-20,120.51415884856152,123.24708298975757,119.18565486212059,121.61492156982422,14064662,0.0,0.0,ZEEL
2024-09-23,122.5163947271868,123.54124121478702,120.56160057621011,120.84627532958984,9781685,0.0,0.0,ZEEL
2024-09-24,120.94116876002124,122.03244733714021,120.51415300355202,120.80831909179688,8295717,0.0,0.0,ZEEL
2024-09-25,121.13095829301577,129.8706057794578,120.80831821555107,127.72602844238281,59580920,0.0,0.0,ZEEL
2024-09-26,127.77345578963595,131.71152512022624,127.29899065194027,129.5574493408203,28395330,0.0,0.0,ZEEL
2024-09-27,129.0545238403545,131.71153163885558,128.15304293002225,128.81729125976562,17542580,0.0,0.0,ZEEL
2024-09-30,129.7662283929392,131.42685654421996,126.17927274453504,130.66770935058594,17555649,0.0,0.0,ZEEL
2024-10-01,130.38302792901237,134.7386293612457,130.24069416435995,132.9546356201172,28757338,0.0,0.0,ZEEL
2024-10-03,131.33195783211522,136.2189579408093,127.93479983874141,128.8267822265625,33386637,0.0,0.0,ZEEL
2024-10-04,128.76984723400307,131.13268904813265,124.0346939942818,125.04055786132812,15023314,0.0,0.0,ZEEL
2024-10-07,125.82817209965312,126.46395370619912,118.9958691327444,119.51777648925781,17655490,0.0,0.0,ZEEL
2024-10-08,119.61267393674241,123.4558447637499,118.83455133657901,120.31488037109375,15608611,0.0,0.0,ZEEL
2024-10-09,120.77985182047428,124.7843389905484,120.37181148703631,122.3550796508789,19076402,0.0,0.0,ZEEL
2024-10-10,124.30987133391449,126.25518137664842,122.41201070286236,122.7156753540039,13128442,0.0,0.0,ZEEL
2024-10-11,122.98138052494366,125.73327277885834,122.28865093644889,123.50328063964844,10132329,0.0,0.0,ZEEL
2024-10-14,123.97774674516882,125.23982587172242,122.55435119365355,124.55659484863281,7970454,0.0,0.0,ZEEL
2024-10-15,124.30987980016062,124.5945618101125,122.17478644481434,122.69670104980469,7416454,0.0,0.0,ZEEL
2024-10-16,123.45584378229132,123.64562695554864,121.46308426426945,122.3171157836914,6779608,0.0,0.0,ZEEL
2024-10-17,122.12733665309493,123.39889988349108,119.09076234187707,119.33748626708984,8192849,0.0,0.0,ZEEL
2024-10-18,118.61630776950636,127.26106485892917,118.54039159499031,125.6953353881836,41149717,0.0,0.0,ZEEL
2024-10-21,127.63113726943841,129.43409921600565,119.37544578434701,119.7645034790039,24206987,0.0,0.0,ZEEL
2024-10-22,120.03968819301313,121.14993495496248,115.34248589875733,117.2782974243164,17585312,0.0,0.0,ZEEL
2024-10-23,116.71843310993002,118.9768847377746,115.48482075839101,117.25932312011719,12689291,0.0,0.0,ZEEL
2024-10-24,116.62354782075113,119.96377964934958,116.62354782075113,117.89511108398438,8264160,0.0,0.0,ZEEL
2024-10-25,117.66737013310218,118.48345085998066,112.74241901806465,113.45411682128906,12774732,0.0,0.0,ZEEL
2024-10-28,114.16580212714665,115.7694966515856,113.18840507607331,114.4694595336914,9252028,0.0,0.0,ZEEL
2024-10-29,114.43150766855894,115.75052751837535,111.00587575854262,113.12198638916016,12173164,0.0,0.0,ZEEL
2024-10-30,112.92270780080013,116.71842907141526,112.73292463317487,115.95928192138672,8282891,0.0,0.0,ZEEL
2024-10-31,115.38992016884185,116.71842400383001,114.67822246150142,115.91183471679688,5920918,0.0,0.0,ZEEL
2024-11-01,116.71843595866912,117.19290114549297,116.52865277984525,116.89873504638672,1346411,0.0,0.0,ZEEL
2024-11-04,116.71843562000662,116.97464363465185,113.87164450732352,114.29866027832031,4256608,0.0,0.0,ZEEL
2024-11-05,113.87164373241231,116.98413416940265,113.45411205533561,115.23810577392578,8181498,0.0,0.0,ZEEL
2024-11-06,115.38992396630495,117.47757498706586,115.36145721543664,117.06004333496094,5868263,0.0,0.0,ZEEL
2024-11-07,116.91771303340052,120.3433523366044,116.7848633573564,118.53089904785156,9101617,0.0,0.0,ZEEL
2024-11-08,119.28658956950643,119.57356905451385,117.0768723488003,117.28732299804688,4224942,1.0,0.0,ZEEL
2024-11-11,116.50291956661124,117.80388056938047,115.10630116914838,115.4793701171875,5348290,0.0,0.0,ZEEL
2024-11-12,115.76634746844297,116.98121905967056,113.69055198835443,113.88187408447266,3947990,0.0,0.0,ZEEL
2024-11-13,113.27921392411055,115.6515567306169,109.39546676077107,109.91202545166016,8135008,0.0,0.0,ZEEL
2024-11-14,109.72070043376776,111.69127774969621,109.60591448209605,110.52423858642578,4648289,0.0,0.0,ZEEL
2024-11-18,110.58163461441286,111.56691965047621,109.63461399602662,110.39031982421875,4208969,0.0,0.0,ZEEL
2024-11-19,114.55147691728382,120.71190941009384,114.52278042898176,117.2203598022461,54141979,0.0,0.0,ZEEL
2024-11-21,117.66039599742217,117.66039599742217,112.39915877802524,113.40357971191406,13623299,0.0,0.0,ZEEL
2024-11-22,113.1165982406487,114.3123339514378,111.77737278492658,112.08348083496094,8245943,0.0,0.0,ZEEL
2024-11-25,113.83403935925193,115.70895207291545,113.05920495617748,113.33661651611328,7928140,0.0,0.0,ZEEL
2024-11-26,113.49923512562877,117.12470667645688,113.45140277792146,115.34545135498047,7326817,0.0,0.0,ZEEL
2024-11-27,114.98194713094193,118.8083015419309,114.63757465009758,116.923828125,9792089,0.0,0.0,ZEEL
2024-11-28,117.3734125606539,119.37268643194048,116.77076439947507,117.76561737060547,6700108,0.0,0.0,ZEEL
2024-11-29,123.39992084710141,126.92973487186995,121.96503804655372,123.552978515625,46663653,0.0,0.0,ZEEL
2024-12-02,124.35651306899963,125.79139591210347,123.8877794188878,124.84436798095703,12878159,0.0,0.0,ZEEL
2024-12-03,125.40877070267601,132.96581476821538,124.96873352635802,132.17184448242188,35419356,0.0,0.0,ZEEL
2024-12-04,132.9179809362547,135.59643189292245,130.81348896900985,134.9746551513672,26851436,0.0,0.0,ZEEL
2024-12-05,135.06073915222007,137.2704563581743,132.11444467882015,136.6678009033203,20579823,0.0,0.0,ZEEL
2024-12-06,136.6008535603924,138.01660058649222,134.72593350173304,137.35655212402344,15720705,0.0,0.0,ZEEL
2024-12-09,137.25131855061383,137.25131855061383,134.49635350266442,135.15638732910156,9742089,0.0,0.0,ZEEL
2024-12-10,134.4963549052892,136.46692496728954,132.75535675178892,133.60671997070312,8876327,0.0,0.0,ZEEL
2024-12-11,133.60672139675157,134.30502695319723,131.6361513137184,132.0570526123047,6259630,0.0,0.0,ZEEL
2024-12-12,132.1240037712892,133.70238361172466,128.18286367829165,128.8237762451172,7787100,0.0,0.0,ZEEL
2024-12-13,128.66116824870414,129.03423722333946,124.94959976518493,126.96800231933594,8463206,0.0,0.0,ZEEL
2024-12-16,126.99668753861985,132.67882572213014,126.99668753861985,129.79949951171875,12776479,0.0,0.0,ZEEL
2024-12-17,130.287360340354,132.20053748073036,129.1394569754048,129.91429138183594,9606240,0.0,0.0,ZEEL
2024-12-18,129.09162464553526,129.88559491046763,125.31310271204416,125.98271179199219,7861423,0.0,0.0,ZEEL
2024-12-19,124.35651111842103,127.05409782740747,123.78255215162902,124.77741241455078,8321591,0.0,0.0,ZEEL
2024-12-20,124.89219783311687,126.45144182898017,118.61697932673655,119.69792175292969,9710844,0.0,0.0,ZEEL
2024-12-23,122.53899931360505,124.06953223852379,119.71705870712262,120.16665649414062,9513807,0.0,0.0,ZEEL
2024-12-24,120.29100881233177,122.01287110228186,120.2623123238645,120.66407775878906,4459275,0.0,0.0,ZEEL
2024-12-26,120.92235966979399,121.36238951813621,118.99961467957951,119.4300765991211,3910967,0.0,0.0,ZEEL
2024-12-27,119.10483542800146,120.21447428595015,118.71263064234107,119.29615020751953,2498981,0.0,0.0,ZEEL
2024-12-30,118.58828459390993,119.40138340782386,116.3307350152508,116.7994613647461,4421171,0.0,0.0,ZEEL
2024-12-31,115.93853091981468,117.06730571611634,114.80975612351303,116.02462768554688,4445600,0.0,0.0,ZEEL
2025-01-01,115.74721039219378,120.62581036230917,115.74721039219378,117.72734832763672,9718803,0.0,0.0,ZEEL
2025-01-02,117.7369241017223,119.90837696571177,117.7369241017223,118.58828735351562,5188330,0.0,0.0,ZEEL
2025-01-03,118.61698111957396,127.03496334411066,118.61698111957396,120.06143188476562,29628714,0.0,0.0,ZEEL
2025-01-06,120.06142720769734,120.82669364490373,116.56030972081138,117.23948669433594,10879559,0.0,0.0,ZEEL
2025-01-07,117.19166033746428,125.11220472989312,117.19166033746428,123.87821197509766,12933885,0.0,0.0,ZEEL
2025-01-08,125.31309814776307,130.55519923520143,123.71559704507888,127.96285247802734,33626381,0.0,0.0,ZEEL
2025-01-09,127.25496619154079,130.37343942734284,126.07836643088528,126.9775619506836,9825159,0.0,0.0,ZEEL
2025-01-10,126.26969008448032,126.26969008448032,119.28659066810744,119.76488494873047,9149763,0.0,0.0,ZEEL
2025-01-13,118.42565876938772,121.1041021802979,113.35573681937149,114.01578521728516,9177966,0.0,0.0,ZEEL
2025-01-14,114.98193924618869,119.91793960101606,114.80019238690026,119.13353729248047,6980366,0.0,0.0,ZEEL
2025-01-15,118.71263156971729,120.00402458703016,115.59415101151228,117.17252349853516,6127348,0.0,0.0,ZEEL
2025-01-16,118.5691467579024,119.86054712702584,116.90468473977202,117.40211486816406,5194387,0.0,0.0,ZEEL
2025-01-17,117.42124538740575,118.52132368774072,115.88113722657509,116.12985229492188,6462601,0.0,0.0,ZEEL
2025-01-20,116.51248505059695,118.18651496627685,115.52719274117328,115.69937896728516,7653484,0.0,0.0,ZEEL
2025-01-21,116.01505875624973,118.71263818880729,114.90541982776219,115.36457824707031,8758744,0.0,0.0,ZEEL
2025-01-22,115.74720994475675,116.12984680917103,111.22254307207578,112.83917999267578,9029927,0.0,0.0,ZEEL
2025-01-23,112.83918141234544,118.04302531819238,112.82961348361214,115.50806427001953,21550115,0.0,0.0,ZEEL
2025-01-24,116.70380198496765,116.99078146650233,110.10333959339268,111.26081085205078,12107334,0.0,0.0,ZEEL
2025-01-27,111.19384595133025,111.68170813313553,102.93848976763871,103.82811737060547,17052739,0.0,0.0,ZEEL
2025-01-28,104.26815252664989,105.17690873489913,98.88256158771406,99.15997314453125,21437621,0.0,0.0,ZEEL
2025-01-29,100.39396642760526,102.34540796530001,99.30345605333343,101.55144500732422,17513410,0.0,0.0,ZEEL
2025-01-30,102.35496926034907,103.93334174129173,99.341714032766,99.9061050415039,10248249,0.0,0.0,ZEEL
2025-01-31,100.44179607759945,101.82884653272787,100.05915920433223,101.00617980957031,9399765,0.0,0.0,ZEEL
2025-02-01,101.39838857117431,106.74571518231464,99.9061127351708,104.31598663330078,10073225,0.0,0.0,ZEEL
2025-02-03,103.08198268849416,103.53158046814937,101.21663066427729,101.9627685546875,5886880,0.0,0.0,ZEEL
2025-02-04,102.33584458123391,104.17249281499663,102.1636583531817,103.12024688720703,6947979,0.0,0.0,ZEEL
2025-02-05,103.31156335865842,106.51613354023776,103.12980919880988,105.10994720458984,7329396,0.0,0.0,ZEEL
2025-02-06,105.22473943567233,105.88478786391734,103.33069091462603,103.78028869628906,5388634,0.0,0.0,ZEEL
2025-02-07,103.83769149081851,106.13349820474524,102.64195578640185,104.70818328857422,6128410,0.0,0.0,ZEEL
2025-02-10,104.1724903802185,104.70817761133108,100.10698920563203,100.36526489257812,5518115,0.0,0.0,ZEEL
2025-02-11,100.36527012363406,100.72877844785614,95.47710199038613,95.88843536376953,9959673,0.0,0.0,ZEEL
2025-02-12,96.16584548283917,97.35201323788016,92.11948001514791,95.42927551269531,14004698,0.0,0.0,ZEEL
2025-02-13,95.75451369288545,97.8016126337694,95.37187680806223,95.6014633178711,6352262,0.0,0.0,ZEEL
2025-02-14,95.87887965901774,96.47195992679255,91.52639856117618,92.37776184082031,11911862,0.0,0.0,ZEEL
2025-02-17,92.50210966992623,94.63530534311518,90.25412804182277,92.54994201660156,10404182,0.0,0.0,ZEEL
2025-02-18,92.77952212944554,95.33361912407344,92.05252008059219,94.07091522216797,16116331,0.0,0.0,ZEEL
2025-02-19,93.36303585620787,96.59630964720957,93.26737846613722,94.72138977050781,9701829,0.0,0.0,ZEEL
2025-02-20,94.37702953077859,96.58674673847372,94.06135355876744,96.19454193115234,6552011,0.0,0.0,ZEEL
2025-02-21,96.19454460512672,97.47637708853496,93.17172850825985,93.57349395751953,9230204,0.0,0.0,ZEEL
2025-02-24,92.65516421966862,93.0856261324809,91.4498606463266,92.10990905761719,9069755,0.0,0.0,ZEEL
2025-02-25,92.28209735023736,95.89800085309741,92.27252942137191,95.43883514404297,11193664,0.0,0.0,ZEEL
2025-02-27,95.90757001323047,96.43368933652341,92.28209853496094,92.93257904052734,7941905,0.0,0.0,ZEEL
2025-02-28,91.83249655042187,92.50210558515892,88.11136784697361,89.04882049560547,11503831,0.0,0.0,ZEEL
2025-03-03,89.4410262259279,90.62719394200816,85.68163306696393,86.25558471679688,15382681,0.0,0.0,ZEEL
2025-03-04,85.61467501739368,88.86707753914526,85.44248878688356,88.522705078125,11282143,0.0,0.0,ZEEL
2025-03-05,88.48444401322418,94.6066124099937,88.47487608389123,94.13788604736328,17336446,0.0,0.0,ZEEL
2025-03-06,94.70226423923755,96.59631273522646,93.08562729205562,93.91786193847656,12124681,0.0,0.0,ZEEL
2025-03-07,94.02308920945043,100.2026503505104,94.02308920945043,99.45651245117188,22039380,0.0,0.0,ZEEL
2025-03-10,100.15481705319971,103.65593460694535,99.96350226479244,102.82369995117188,29620844,0.0,0.0,ZEEL
2025-03-11,101.5705703214203,102.25931523014837,100.01133364618795,101.39838409423828,16835658,0.0,0.0,ZEEL
2025-03-12,101.5897025234014,103.37852576447737,98.76776918038142,100.10699462890625,9201595,0.0,0.0,ZEEL
2025-03-13,100.25048281853445,100.92009188331781,95.30491447535205,95.8119125366211,10232062,0.0,0.0,ZEEL
2025-03-17,96.1275786454856,97.3615787161017,94.22396952795748,94.88401794433594,8377060,0.0,0.0,ZEEL
2025-03-18,94.88401794433594,94.88401794433594,94.88401794433594,94.88401794433594,0,0.0,0.0,ZEEL
2025-03-19,98.5286180647842,99.88697201857745,95.46753770437809,95.93626403808594,16531892,0.0,0.0,ZEEL
2025-03-20,98.52862010229023,102.20191661073889,97.95466843511906,98.69123840332031,28096891,0.0,0.0,ZEEL
2025-03-21,99.00691714336632,103.30199778560905,98.7390735110756,101.72362518310547,21328294,0.0,0.0,ZEEL
2025-03-24,102.54628802510483,103.6176698115741,100.48962851356069,100.81486511230469,12007318,0.0,0.0,ZEEL
2025-03-25,101.39838489620371,102.0010330470115,98.05032501755548,98.31816864013672,11609317,0.0,0.0,ZEEL
2025-03-26,98.48078562865966,99.39911703412788,95.70668474755249,96.12757873535156,11145340,0.0,0.0,ZEEL
2025-03-27,95.88842749989348,98.49034934156664,95.65884830744906,97.23722076416016,16357199,0.0,0.0,ZEEL
2025-03-28,97.55290428509163,98.64341465656315,93.31521668430615,94.07091522216797,13242194,0.0,0.0,ZEEL
2025-04-01,93.99438993888823,97.5624610284717,93.88916461792228,97.18939208984375,8847214,0.0,0.0,ZEEL
2025-04-02,97.18939846369416,97.94510431919599,95.32405364822185,97.68682861328125,5899071,0.0,0.0,ZEEL
2025-04-03,96.32846294225537,106.08567041737304,95.37187440341197,102.72804260253906,16326392,0.0,0.0,ZEEL
2025-04-04,103.31156721691755,105.59781335202919,97.76335050265826,100.17395782470703,17150258,0.0,0.0,ZEEL
2025-04-07,91.1150593827085,94.10917891670212,91.01940198735183,92.83692169189453,18208006,0.0,0.0,ZEEL
2025-04-08,95.64928326822198,105.12907892496011,94.01351778853905,103.24459838867188,22942156,0.0,0.0,ZEEL
2025-04-09,101.96276669615011,102.82369782254277,98.57644976265766,99.4947738647461,13592505,0.0,0.0,ZEEL
2025-04-11,101.39838744644639,101.39838744644639,98.96865162619196,99.34172058105469,7450888,0.0,0.0,ZEEL
2025-04-15,100.4417995561876,104.01943875402864,99.95393734342106,103.26373291015625,9064491,0.0,0.0,ZEEL
2025-04-16,103.44549031062984,109.42416904274128,102.71848093331138,107.73101043701172,24822782,0.0,0.0,ZEEL
2025-04-17,107.75970182850473,109.86419372335602,107.13791781014683,109.32850646972656,14946889,0.0,0.0,ZEEL
2025-04-21,109.95984748355555,114.59930764532501,108.41973938209642,113.59488677978516,19011210,0.0,0.0,ZEEL
2025-04-22,114.07318181283873,114.64713346923992,110.0172485029869,110.5146713256836,12658688,0.0,0.0,ZEEL
2025-04-23,111.15557892943536,111.70083407342653,106.96572399656588,109.61547088623047,12122418,0.0,0.0,ZEEL
2025-04-24,109.05109772896454,111.14602904707387,108.57280344067959,109.00326538085938,7331138,0.0,0.0,ZEEL
2025-04-25,109.05109861374547,109.33807810832148,101.94364514023772,103.53158569335938,13925734,0.0,0.0,ZEEL
2025-04-28,102.9289214175272,105.97087314764617,102.7280387077692,104.79427337646484,8458140,0.0,0.0,ZEEL
2025-04-29,105.08124699789099,106.31524705901951,101.31229320852022,101.60883331298828,8234001,0.0,0.0,ZEEL
2025-04-30,102.06799698201112,104.5551330899491,100.31744545441595,101.73319244384766,9536409,0.0,0.0,ZEEL
2025-05-02,102.35496791136724,103.02457693169792,100.87225284010376,101.45577239990234,5376483,0.0,0.0,ZEEL
2025-05-05,102.25931665603851,104.84210280159151,101.5418752491414,103.97161102294922,6240209,0.0,0.0,ZEEL
2025-05-06,103.97160815901006,104.21075528805503,100.73833430347977,101.51317596435547,8108413,0.0,0.0,ZEEL
2025-05-07,99.96350070465064,105.12908019113208,99.96350070465064,104.86123657226562,8938619,0.0,0.0,ZEEL
2025-05-08,104.83253767473231,110.86861650220122,104.07683912834345,106.33438873291016,23759671,0.0,0.0,ZEEL
2025-05-09,104.98559320978634,111.34690851767137,104.26815179832994,110.77295684814453,30390201,0.0,0.0,ZEEL
2025-05-12,113.11659289761593,114.7906228136483,111.53822037429,112.05477905273438,16333436,0.0,0.0,ZEEL
2025-05-13,112.48524888609506,118.24391628954768,110.8877476910669,117.80388641357422,22647523,0.0,0.0,ZEEL
2025-05-14,120.05186371861272,120.23361787958409,117.85170712162449,118.53089141845703,16535450,0.0,0.0,ZEEL
2025-05-15,118.80829460174424,122.82596357931378,118.47349006997868,121.41978454589844,18031199,0.0,0.0,ZEEL
2025-05-16,121.91720482230852,124.34694785437318,120.41536112714878,124.04083251953125,10505732,0.0,0.0,ZEEL
2025-05-19,124.35651134668402,125.98270896040253,121.68762841969144,122.95032501220703,12184781,0.0,0.0,ZEEL
2025-05-20,123.39036283313023,124.06953253248462,117.11513695622314,117.57430267333984,16011404,0.0,0.0,ZEEL
2025-05-21,118.48305602436687,119.90837089195325,117.2107915266692,118.66481018066406,7143410,0.0,0.0,ZEEL
2025-05-22,118.6648152277214,122.10853262588559,118.6648152277214,121.76416015625,9779862,0.0,0.0,ZEEL
2025-05-23,121.76415976157936,123.68690482778061,120.53015963241687,122.53900146484375,7624052,0.0,0.0,ZEEL
2025-05-26,122.5390040612322,123.10338782548018,120.9319276419629,122.0224380493164,5515941,0.0,0.0,ZEEL
2025-05-27,122.02243346917278,123.87821759716941,120.81713714724954,121.21890258789062,5932949,0.0,0.0,ZEEL
2025-05-28,121.71632268531404,123.15121278052838,120.77887001157946,122.78770446777344,4769860,0.0,0.0,ZEEL
2025-05-29,122.78770823636847,123.63907147154352,121.3910898135174,122.5485610961914,4377355,0.0,0.0,ZEEL
2025-05-30,122.4433278481094,125.69572290552196,120.66407265646129,124.75827026367188,7653423,0.0,0.0,ZEEL
2025-06-02,125.11220812046417,125.58094175750009,121.96503826145921,122.39550018310547,7971944,0.0,0.0,ZEEL
2025-06-03,123.16077144170146,125.98270464477854,122.53899474482058,124.92089080810547,9978203,0.0,0.0,ZEEL
2025-06-04,125.7913988697741,125.7913988697741,121.91721218302528,122.41464233398438,5140919,0.0,0.0,ZEEL
2025-06-05,122.7972663787822,124.44259983756827,121.64936304847123,122.19461822509766,5904099,0.0,0.0,ZEEL
2025-06-06,122.44332912819625,123.1703311401973,120.6162415732297,121.09453582763672,5354896,0.0,0.0,ZEEL
2025-06-09,121.78328633304159,123.34253034509531,121.05628428754282,121.88851165771484,5819841,0.0,0.0,ZEEL
2025-06-10,123.49559417401582,129.675148359817,123.49559417401582,125.3609390258789,34541089,0.0,0.0,ZEEL
2025-06-11,125.83922596949864,128.4602692401862,125.15048104963172,126.79581451416016,12129308,0.0,0.0,ZEEL
2025-06-12,128.3263481635561,132.39184950167737,127.51325665376162,128.6994171142578,29831396,0.0,0.0,ZEEL
2025-06-13,126.55667835901576,132.20054542367043,125.56181801227176,131.34918212890625,22960756,0.0,0.0,ZEEL
2025-06-16,132.4875099440478,134.83114889742774,130.1055992759156,131.92312622070312,21038993,0.0,0.0,ZEEL
2025-06-17,134.7833243605805,137.07914569809762,130.34475395704064,131.25352478027344,49586411,0.0,0.0,ZEEL
2025-06-18,131.90399837669023,132.30576382770184,127.19758432663258,127.98197937011719,10524157,0.0,0.0,ZEEL
2025-06-19,127.32194456708076,128.98639933799984,120.6258172756533,122.05113220214844,15756740,0.0,0.0,ZEEL
2025-06-20,121.82154756369262,129.0246653089804,121.77372251621425,127.30280303955078,14756339,0.0,0.0,ZEEL
2025-06-23,126.74797779757544,144.8657665442123,126.27924417215469,143.1630401611328,163874057,0.0,0.0,ZEEL
2025-06-24,143.29696677312077,144.11005827747914,136.85912996066622,137.34698486328125,35166588,0.0,0.0,ZEEL
2025-06-25,138.21748985260743,140.89592621255616,136.91652879361087,140.05413818359375,21359854,0.0,0.0,ZEEL
2025-06-26,140.61852465970736,140.9533365093554,136.7826096158652,137.52874755859375,9391938,0.0,0.0,ZEEL
2025-06-27,137.74875325943344,139.9297740183305,136.94522236855204,138.07398986816406,14912207,0.0,0.0,ZEEL
2025-06-30,138.40880144837703,141.46032129827984,137.7487530048077,139.9010772705078,15384747,0.0,0.0,ZEEL
2025-07-01,140.14022857770445,140.4176328466782,135.1659708239159,135.82601928710938,10751105,0.0,0.0,ZEEL
2025-07-02,136.79215085089854,137.2417485983288,133.7310706742107,134.88853454589844,11566844,0.0,0.0,ZEEL
2025-07-03,135.53903620094297,138.55228434415548,133.97979216810728,137.6913604736328,13134714,0.0,0.0,ZEEL
2025-07-04,138.60967503348172,145.11448009168058,137.75831180797812,140.98202514648438,43378886,0.0,0.0,ZEEL
2025-07-07,140.71417662497709,141.02983799062636,137.5669922315105,138.63836669921875,13048922,0.0,0.0,ZEEL
2025-07-08,138.657502162976,140.84809803366178,135.07029523604638,139.5088653564453,15124630,0.0,0.0,ZEEL
2025-07-09,139.37495420943208,140.0732597909688,135.07030556784534,135.6346893310547,16496692,0.0,0.0,ZEEL
2025-07-10,135.93122805363004,136.98346661766294,132.6788184827731,135.73989868164062,15954687,0.0,0.0,ZEEL
2025-07-11,128.95769946389612,133.06147249744376,127.32194122531334,131.39700317382812,30004805,0.0,0.0,ZEEL
2025-07-14,130.96654257277063,138.70534047985987,130.28735827628833,136.75390625,31345967,0.0,0.0,ZEEL
2025-07-15,137.86353308395286,140.60895206691913,136.67737265866606,137.0026092529297,15545390,0.0,0.0,ZEEL
2025-07-16,137.03131060356682,139.20277071198578,136.4860481205558,137.9018096923828,13221980,0.0,0.0,ZEEL
2025-07-17,137.8922353392958,139.42278287666667,135.73991107533357,136.1608123779297,8549330,0.0,0.0,ZEEL
2025-07-18,136.6008465606629,137.79658223679547,134.98420959111039,135.43380737304688,7607686,0.0,0.0,ZEEL
2025-07-21,135.8451286706561,137.46176558345806,134.6876647507658,135.68251037597656,9054901,0.0,0.0,ZEEL
2025-07-22,136.0268857636475,137.6530833419868,127.17844187956136,127.972412109375,19964817,0.0,0.0,ZEEL
2025-07-23,127.80023660668887,129.6464455089767,122.36680603181665,123.03641510009766,21441971,0.0,0.0,ZEEL
2025-07-24,123.87821368625345,125.50441125552237,121.70676095098814,123.763427734375,11741850,0.0,0.0,ZEEL
2025-07-25,124.2130302268355,124.24172671589535,117.86127548063027,118.33000183105469,12586942,0.0,0.0,ZEEL
2025-07-28,118.13868611917849,118.13868611917849,113.12616415243326,113.45140075683594,12247300,0.0,0.0,ZEEL
2025-07-29,113.82446899125372,115.0010761134819,111.63388034616601,113.55662536621094,12255861,0.0,0.0,ZEEL
2025-07-30,113.83403281437407,114.17840526220563,111.05992467270488,111.59561920166016,11722373,0.0,0.0,ZEEL
2025-07-31,110.96427282234015,114.54191198880817,110.1224775179334,113.0592041015625,12407153,0.0,0.0,ZEEL
2025-08-01,113.25051608855593,113.79577126164452,110.96427007348342,111.27037811279297,5230949,0.0,0.0,ZEEL
2025-08-04,111.81563525834986,116.39769529816878,110.82078228849645,114.02535247802734,8606492,0.0,0.0,ZEEL
2025-08-05,114.02535062001209,114.43668398259322,111.44256449099937,111.65301513671875,6186004,0.0,0.0,ZEEL
2025-08-06,112.06435473245362,113.06876837262911,107.13792203632362,107.45359802246094,13765201,0.0,0.0,ZEEL
2025-08-07,107.52055614131352,109.99811702097105,107.23357665260181,109.69200897216797,9419721,0.0,0.0,ZEEL
2025-08-08,110.00768317023493,110.0937726365406,107.13791752231576,107.89362335205078,7303584,0.0,0.0,ZEEL
2025-08-11,108.51540354622512,109.02239429178785,106.7552768824432,108.22842407226562,9336592,0.0,0.0,ZEEL
2025-08-12,108.0945068358783,110.7633897830958,107.90319204394096,108.36235046386719,5990433,0.0,0.0,ZEEL
2025-08-13,108.90760787227454,113.21225646246873,108.28582383849705,111.78694152832031,10856652,0.0,0.0,ZEEL
2025-08-14,111.97824927905715,112.13130694465532,110.50510208953513,111.20341491699219,4820467,0.0,0.0,ZEEL
2025-08-18,112.30350160041493,113.5948947335368,110.82078637093208,111.09819793701172,8938937,0.0,0.0,ZEEL
2025-08-19,111.50952777579349,113.32704749337697,111.15558738242363,112.86788177490234,6379189,0.0,0.0,ZEEL
2025-08-20,112.87744889132765,114.01579160116145,112.16957540787564,112.49481201171875,4447063,0.0,0.0,ZEEL
2025-08-21,112.50437917159582,113.73837926834797,111.83477011050151,112.02608489990234,8729215,0.0,0.0,ZEEL
2025-08-22,112.01652042674704,118.75090485573374,111.9686953770171,118.21521759033203,42581254,0.0,0.0,ZEEL
2025-08-25,118.21521853324197,118.22477916434924,114.83846201168807,115.13500213623047,6866543,0.0,0.0,ZEEL
2025-08-26,114.88628915181857,115.54633761981202,112.30350285668287,113.09747314453125,7159088,0.0,0.0,ZEEL
2025-08-28,113.10702748228283,114.74279301794334,112.14087830682982,113.07833099365234,4935382,0.0,0.0,ZEEL
2025-08-29,114.26986576565649,116.98499471727138,113.00996635151218,113.33226776123047,9971109,2.43,0.0,ZEEL
2025-09-01,113.89873024595605,114.64099064111842,111.15429519743437,111.30079650878906,11949988,0.0,0.0,ZEEL
2025-09-02,111.63287092434075,114.01592970503059,111.49613834886537,112.62906646728516,5066937,0.0,0.0,ZEEL
2025-09-03,113.04903411523036,114.57262994435469,112.68766518977826,113.56666564941406,5610270,0.0,0.0,ZEEL
2025-09-04,114.66052716493857,115.1488598977949,111.66216448325538,112.03329467773438,5811631,0.0,0.0,ZEEL
2025-09-05,112.69743225748498,113.97686168722751,111.8867980983408,113.1955337524414,5174953,0.0,0.0,ZEEL
2025-09-08,113.8596673528322,114.17220001909939,112.93183064418179,113.38109588623047,2529138,0.0,0.0,ZEEL
2025-09-09,113.52759528421475,113.96709922868195,112.0723657800761,112.37512969970703,3455424,0.0,0.0,ZEEL
2025-09-10,112.9904373426638,114.44566689330904,110.46086974989794,111.68170166015625,10643164,0.0,0.0,ZEEL
2025-09-11,111.90633277340581,116.41852253369056,111.82819774647773,113.95732879638672,10440347,0.0,0.0,ZEEL
2025-09-12,114.2600910053485,114.66052742385067,112.79509280347145,113.58619689941406,6964514,0.0,0.0,ZEEL
2025-09-15,113.78153253895314,114.55309919024823,112.26769800960501,112.4630355834961,5869814,0.0,0.0,ZEEL
2025-09-16,112.95136740889727,114.24056558047151,112.41419839933863,112.79509735107422,5121518,0.0,0.0,ZEEL
2025-09-17,113.33226536240169,113.95733068545536,112.9122988999094,113.410400390625,4348578,0.0,0.0,ZEEL
2025-09-18,113.84989619117032,114.23079513723135,112.51186178361847,112.94159698486328,3902720,0.0,0.0,ZEEL
2025-09-19,113.38109635079108,116.1743603269719,112.83416604542418,113.73269653320312,16560382,0.0,0.0,ZEEL
2025-09-22,113.73269224439814,118.95785852711808,113.73269224439814,117.1119613647461,14790652,0.0,0.0,ZEEL
2025-09-23,117.19986107708142,117.57099128800024,114.85586236526649,115.38326263427734,4470978,0.0,0.0,ZEEL
2025-09-24,115.17816430579171,115.61766080632269,113.09786944451633,113.38109588623047,4115775,0.0,0.0,ZEEL
2025-09-25,113.39086560395666,113.96710213659661,111.83797100076916,112.13096618652344,4032040,0.0,0.0,ZEEL
2025-09-26,112.12119815617228,112.67789717214296,109.60139947278245,109.96276092529297,7956971,0.0,0.0,ZEEL
2025-09-29,110.35343384911577,111.91609717428453,109.19120695955998,110.04090118408203,9346752,0.0,0.0,ZEEL
2025-09-30,110.12880085497915,110.71479864868212,109.3181667238175,109.7479019165039,6368511,0.0,0.0,ZEEL
2025-10-01,109.94323680176535,112.29700427120416,109.94323680176535,111.54496765136719,7496868,0.0,0.0,ZEEL
2025-10-03,111.81843183137306,112.38489961386904,110.00183339189728,111.24220275878906,6353842,0.0,0.0,ZEEL
2025-10-06,111.42776079910794,111.99422856462878,109.88463500703448,110.2166976928711,4576360,0.0,0.0,ZEEL
2025-10-07,110.45109602485613,110.93942876692665,109.22050287982213,109.7674331665039,6424767,0.0,0.0,ZEEL
2025-10-08,109.9823043950305,110.841767366948,106.26121116208132,106.60304260253906,8005179,0.0,0.0,ZEEL
2025-10-09,107.43320633418249,108.20477298292833,106.8081410025293,107.28670501708984,6584549,0.0,0.0,ZEEL
2025-10-10,107.52110145440332,110.70503307481492,106.84720732547973,108.820068359375,15127545,0.0,0.0,ZEEL
2025-10-13,108.98610063376215,109.20096823808127,107.53087111091882,107.97037506103516,3382586,0.0,0.0,ZEEL
2025-10-14,108.40986914847964,108.69310303411261,106.11470674236618,106.61280822753906,5028241,0.0,0.0,ZEEL
2025-10-15,107.0425393535716,107.9117710690592,105.6849748787599,107.35507202148438,6169897,0.0,0.0,ZEEL
2025-10-16,107.82386946984816,108.96656628239077,105.49940088039962,106.7593002319336,7326792,0.0,0.0,ZEEL
2025-10-17,105.47987485679046,105.47987485679046,102.11038183496736,102.91124725341797,15091842,0.0,0.0,ZEEL
2025-10-20,103.06751254127838,103.40934398767446,101.12395021631205,101.51461791992188,8468234,0.0,0.0,ZEEL
2025-10-21,102.24711203608466,103.02843995347118,101.51461292214125,102.0713119506836,1635887,0.0,0.0,ZEEL
2025-10-23,102.54011005626056,104.21997592973787,102.16897984405583,103.26284790039062,7211771,0.0,0.0,ZEEL
2025-10-24,103.26284652545085,103.97580816721512,101.98340965436607,102.32524108886719,7128570,0.0,0.0,ZEEL
2025-10-27,102.32523840691957,102.91124365226673,100.59654379697082,100.7332763671875,5677296,0.0,0.0,ZEEL
2025-10-28,100.9090798212737,101.30951625554599,100.21564820590687,100.44027709960938,6881885,0.0,0.0,ZEEL
2025-10-29,100.59654663174325,102.64754269415599,99.71754619031881,101.40718078613281,9480407,0.0,0.0,ZEEL
2025-10-30,101.40718152615382,102.13968065745854,99.42455173630768,99.522216796875,8749059,0.0,0.0,ZEEL
2025-10-31,99.61011143670001,99.80544900590807,97.66654919411961,98.23301696777344,6432833,0.0,0.0,ZEEL
2025-11-03,98.34044747039091,99.21944042257003,97.96930982702398,98.2427749633789,5363997,0.0,0.0,ZEEL
2025-11-04,98.44788555596683,100.47934413654812,98.44788555596683,99.571044921875,5199636,0.0,0.0,ZEEL
2025-11-06,99.5222146629457,99.61987972141893,97.1782160027567,97.4809799194336,3954189,0.0,0.0,ZEEL
2025-11-07,97.30517929941165,97.52004689769288,95.76205350072757,96.49455261230469,5748337,0.0,0.0,ZEEL
2025-11-10,96.68988755751951,97.43215544737404,95.1369929400699,95.30302429199219,4302033,0.0,0.0,ZEEL
2025-11-11,94.95141798732911,96.96334646689036,93.77941495495692,96.47501373291016,6435893,0.0,0.0,ZEEL
2025-11-12,96.54338648976761,102.11038450116662,96.43595268498045,100.99698638916016,14723732,0.0,0.0,ZEEL
2025-11-13,100.69421271027448,100.79187777111714,97.66655111595324,97.80328369140625,6888427,0.0,0.0,ZEEL
2025-11-14,97.86188048820065,99.13154862353139,97.47122024782178,98.1353530883789,6003220,0.0,0.0,ZEEL
2025-11-17,98.1744144070204,99.492918814946,97.56888655586827,97.75444793701172,5042357,0.0,0.0,ZEEL
2025-11-18,97.75444552653806,97.85211803684007,96.96334886238317,97.31494903564453,3144486,0.0,0.0,ZEEL
2025-11-19,97.27588269612126,97.35401772475957,96.20155213212715,96.69965362548828,4328277,0.0,0.0,ZEEL
2025-11-20,96.7680165504342,97.17821425948301,95.90854616800863,96.0745849609375,3311415,0.0,0.0,ZEEL
2025-11-21,96.15271137152297,96.27968264995307,95.61554984037576,95.77181243896484,3435709,0.0,0.0,ZEEL
2025-11-24,95.77181337884706,97.12937778284959,94.7365503675155,95.95738220214844,6259026,0.0,0.0,ZEEL
2025-11-25,95.95738577044418,95.95738577044418,94.58028383311321,94.74632263183594,3433086,0.0,0.0,ZEEL
2025-11-26,95.07838508582951,95.81088421199364,95.02955628157177,95.54718780517578,4334251,0.0,0.0,ZEEL
2025-11-27,95.66438436714938,96.8852162628576,95.37138918299934,95.80111694335938,3858340,0.0,0.0,ZEEL
2025-11-28,95.90854879843243,102.15920946778377,95.0783846164844,99.10224914550781,26499011,0.0,0.0,ZEEL
2025-12-01,99.4245507777647,99.50267835464545,97.37354726879182,97.78375244140625,6839288,0.0,0.0,ZEEL
2025-12-02,97.23681618996139,97.95955403530945,94.63888979741706,95.56671905517578,5994154,0.0,0.0,ZEEL
2025-12-03,95.0979204956904,97.65677928510478,94.63888652774823,97.41261291503906,7467753,0.0,0.0,ZEEL
2025-12-04,97.1782140541188,97.63724801624126,95.22488311835761,95.55694580078125,3815282,0.0,0.0,ZEEL
2025-12-05,95.55694671881695,96.00621939556052,94.69748378131682,95.22488403320312,4089223,0.0,0.0,ZEEL
2025-12-08,95.30301850001725,96.09411514751763,91.1521902460238,91.4842529296875,7345939,0.0,0.0,ZEEL
2025-12-09,91.65028444716984,91.88468952576945,89.50162338623704,90.56619262695312,7585367,0.0,0.0,ZEEL
2025-12-10,90.81035784441288,92.99808639071931,90.56619147915741,91.18148803710938,5453197,0.0,0.0,ZEEL
2025-12-11,91.70889188841436,92.43162227162307,90.79082393449625,91.52332305908203,4094140,0.0,0.0,ZEEL
2025-12-12,91.80655624015134,93.21295693294834,91.51355361202985,91.97258758544922,5382146,0.0,0.0,ZEEL
2025-12-15,92.0507221371349,92.85158753831048,91.30845428073405,91.62098693847656,4780282,0.0,0.0,ZEEL
2025-12-16,91.61122438543613,92.0507208679195,90.34155628947006,90.56619262695312,4981500,0.0,0.0,ZEEL
2025-12-17,90.73222234703967,92.00188296894119,90.2536583600119,90.42945098876953,6563617,0.0,0.0,ZEEL
2025-12-18,90.68339059675982,91.00569200155219,87.72409531053246,88.36869812011719,9312385,0.0,0.0,ZEEL
2025-12-19,88.85703018955684,90.19505715148041,88.15382983954652,88.41752624511719,9262270,0.0,0.0,ZEEL
2025-12-22,89.05236267803404,90.99592498226512,88.99376513109607,89.77509307861328,7192902,0.0,0.0,ZEEL
2025-12-23,89.9508893283244,90.42945332773024,89.26722647203032,89.71649169921875,5468149,0.0,0.0,ZEEL
2025-12-24,89.8532247717248,91.44518683247108,89.5211620829199,89.66765594482422,8806313,0.0,0.0,ZEEL
2025-12-26,89.6676552065595,90.478289342132,88.92539480780115,89.08165740966797,5028083,0.0,0.0,ZEEL
2025-12-29,89.36489514038499,89.73602535574379,88.19289949613969,88.62262725830078,4260529,0.0,0.0,ZEEL
2025-12-30,88.68123226248262,89.07189250967983,87.4310941368052,87.58736419677734,6796925,0.0,0.0,ZEEL
2025-12-31,87.88036206708107,88.58355494471617,87.71432327452465,87.86082458496094,5220393,0.0,0.0,ZEEL
2026-01-01,87.8998953993859,91.38659095217353,87.8998953993859,88.36869812011719,12575298,0.0,0.0,ZEEL
2026-01-02,88.58355400015257,89.1695592356492,88.1147587533946,88.99375915527344,7753613,0.0,0.0,ZEEL
2026-01-05,89.36489319642594,91.20102165283328,88.60309529910127,89.05236053466797,7224118,0.0,0.0,ZEEL
2026-01-06,89.16956237052133,89.95089029304194,88.78866342487719,89.50162506103516,6793472,0.0,0.0,ZEEL
2026-01-07,89.52116323133883,90.43922373363726,88.77889536558072,89.97042846679688,6725227,0.0,0.0,ZEEL
2026-01-08,90.09738822713379,90.61501972608465,88.11475854562791,88.47611999511719,5866176,0.0,0.0,ZEEL
2026-01-09,88.48589321737822,89.26722860152438,87.58736274156666,88.8863296508789,6671342,0.0,0.0,ZEEL
2026-01-12,88.97422454358265,88.98399328485368,86.64976336262143,87.83152770996094,7319819,0.0,0.0,ZEEL
2026-01-13,87.89989545854563,88.57379704149841,86.92322995345067,87.0501937866211,4630511,0.0,0.0,ZEEL
2026-01-14,87.09902906236736,88.74959613184261,87.09902906236736,88.1831283569336,3977563,0.0,0.0,ZEEL
2026-01-15,88.1831283569336,88.1831283569336,88.1831283569336,88.1831283569336,0,0.0,0.0,ZEEL
2026-01-16,88.18312667841455,88.55425687661841,87.21622994403724,87.41156005859375,3476581,0.0,0.0,ZEEL
2026-01-19,87.24553083946316,87.35296464049382,85.82936139467995,86.06376647949219,5135585,0.0,0.0,ZEEL
2026-01-20,85.94656074814662,86.09306205787692,81.37576608303145,81.88362884521484,9097728,0.0,0.0,ZEEL
2026-01-21,82.03990050828023,82.03990050828023,79.10990406155594,79.6666030883789,13061674,0.0,0.0,ZEEL
2026-01-22,80.80929810881412,84.33506101704161,80.80929810881412,83.08493041992188,13538686,0.0,0.0,ZEEL
2026-01-23,83.26073610674966,83.26073610674966,79.10013887884496,79.49080657958984,10783093,0.0,0.0,ZEEL
2026-01-27,79.75451172319237,80.05727565672497,76.57057997041599,77.43981170654297,9940017,0.0,0.0,ZEEL
2026-01-28,77.82070776535974,83.016567955835,77.51794384313456,82.10826873779297,9330106,0.0,0.0,ZEEL
2026-01-29,82.02037313278049,82.44033960179607,79.87170453146291,80.62374114990234,5355226,0.0,0.0,ZEEL
2026-01-30,80.22330495898159,82.9677326769281,79.35407324508323,82.4110336303711,8612867,0.0,0.0,ZEEL
2026-02-02,79.46150443280342,80.77023260567033,77.64490603511777,79.26617431640625,7768187,0.0,0.0,ZEEL
2026-02-03,82.03989857175776,82.52823130135155,80.14516519649668,80.61396789550781,6995042,0.0,0.0,ZEEL
2026-02-04,80.56513754836354,83.40723781961418,79.8424071419627,82.83100128173828,9963281,0.0,0.0,ZEEL
2026-02-05,82.830995821022,84.9210593230106,82.43056685450804,83.95416259765625,7481859,0.0,0.0,ZEEL
2026-02-06,83.99323385327097,87.89989589295799,83.55373735435278,87.28459930419922,13133948,0.0,0.0,ZEEL
2026-02-09,87.56782857047345,90.85918639616936,87.49945483507894,90.5466537475586,11068236,0.0,0.0,ZEEL
2026-02-10,90.54665376425142,92.29488582914735,89.95088723845133,91.4647216796875,7560819,0.0,0.0,ZEEL
2026-02-11,91.4940218879679,91.80655454154405,89.950888650963,90.68338775634766,4330895,0.0,0.0,ZEEL
2026-02-12,90.68338704599992,92.43161912465422,89.43325644148798,91.53308868408203,9877993,0.0,0.0,ZEEL
2026-02-13,90.8298889233084,96.78754681402636,90.1950548760443,93.95521545410156,31429607,0.0,0.0,ZEEL
2026-02-16,93.95521560808241,96.51408183217725,92.00188466029387,92.51952362060547,6532538,0.0,0.0,ZEEL
2026-02-17,92.03119540808385,94.67795807829317,91.45495887544693,92.64649200439453,9892587,0.0,0.0,ZEEL
2026-02-18,92.64648744971988,93.31062027002264,91.72841951982207,92.51952362060547,3535326,0.0,0.0,ZEEL
2026-02-19,92.78322173457377,92.83205798971746,89.66765643083873,90.5368881225586,3474831,0.0,0.0,ZEEL
2026-02-20,89.60905887587975,91.11312462746993,87.9975593240784,88.58355712890625,8588086,0.0,0.0,ZEEL
2026-02-23,88.58356113860334,89.07189390662512,87.99756330725056,88.64216613769531,3432505,0.0,0.0,ZEEL
2026-02-24,88.827726657597,88.92539917134356,85.42893479802872,85.98563385009766,4923322,0.0,0.0,ZEEL
2026-02-25,86.4055993888224,87.5287662224448,85.99540166044896,86.31769561767578,3416912,0.0,0.0,ZEEL
2026-02-26,86.31769319151591,86.37629818775528,85.04803252728016,85.36056518554688,3560107,0.0,0.0,ZEEL
2026-02-27,85.54612588174179,85.94656230550278,84.20809894199644,85.40939331054688,8404473,0.0,0.0,ZEEL
2026-03-02,83.2314357775254,84.17880251243058,81.56133865313886,82.22547149658203,6769406,0.0,0.0,ZEEL
2026-03-04,80.58467201116484,81.55156876402035,79.50057271651586,79.96936798095703,5303716,0.0,0.0,ZEEL
2026-03-05,80.0963380619922,81.6394638565988,78.91457372593437,80.46746826171875,6453805,0.0,0.0,ZEEL
2026-03-06,80.3795724293948,80.76047137259353,79.60800580176073,79.9010009765625,6607087,0.0,0.0,ZEEL
2026-03-09,77.1565737548457,79.69590254004835,76.66824100956185,78.18207550048828,7446207,0.0,0.0,ZEEL
2026-03-10,79.10990835332332,79.97914008356533,77.693746307792,78.52391052246094,6037958,0.0,0.0,ZEEL
2026-03-11,78.52390812309685,81.92269990906577,78.34810803407318,78.60204315185547,11058224,0.0,0.0,ZEEL
2026-03-12,78.60204365895478,80.96557240890286,76.78544521111263,80.1061019897461,12516183,0.0,0.0,ZEEL
2026-03-13,80.08656675280605,80.08656675280605,75.78923729043106,76.2385025024414,8864905,0.0,0.0,ZEEL
2026-03-16,76.23850877143974,76.61940773145123,72.88854571057878,73.63081359863281,10377798,0.0,0.0,ZEEL
2026-03-17,74.08007689997925,74.50004336425418,72.8983125357094,73.54291534423828,7587081,0.0,0.0,ZEEL
2026-03-18,73.73824854381073,75.68181088924503,73.10341445018005,75.08604431152344,10632904,0.0,0.0,ZEEL
2026-03-19,74.11914785349539,74.1777454019474,71.79468653137471,72.21465301513672,6387905,0.0,0.0,ZEEL
2026-03-20,72.76157659480346,73.7773095649217,69.93901401830895,71.08171081542969,26483328,0.0,0.0,ZEEL
2026-03-23,70.31014552940654,70.31014552940654,66.41325236662951,66.79415130615234,15662966,0.0,0.0,ZEEL
2026-03-24,67.66338695233632,71.10125380219222,67.38992179524097,69.84135437011719,15346374,0.0,0.0,ZEEL
2026-03-25,70.32968203347896,75.47670574170188,70.04644815522033,74.18750762939453,27827877,0.0,0.0,ZEEL
2026-03-27,73.24991127166649,74.71490949709981,71.15007899160545,71.9704818725586,18597045,0.0,0.0,ZEEL
2026-03-30,70.31991720404157,74.90048086190879,69.49952174665036,70.45664978027344,18130263,0.0,0.0,ZEEL
2026-04-01,72.27324746327896,75.05674266584816,72.07791734257344,74.2949447631836,7477556,0.0,0.0,ZEEL
2026-04-02,72.50764131572448,72.9080777290567,70.69104297274129,72.40020751953125,9198767,0.0,0.0,ZEEL
2026-04-06,72.71274491655826,72.90808249119851,70.41758243694312,72.00955200195312,9489319,0.0,0.0,ZEEL
2026-04-07,71.97048165394006,72.99597593780855,71.38447640445374,71.85327911376953,7438911,0.0,0.0,ZEEL
2026-04-08,74.82234592366927,78.31881026613723,73.46478144987509,76.95147705078125,35920241,0.0,0.0,ZEEL
2026-04-09,77.15657570026188,80.28190236833348,76.27757524631471,77.3519058227539,19845981,0.0,0.0,ZEEL
2026-04-10,77.84024080811703,82.03990562418761,77.54724561599355,80.0279769897461,22740187,0.0,0.0,ZEEL
2026-04-13,77.95743632850191,79.41266577022728,76.53150565821116,78.02580261230469,14374718,0.0,0.0,ZEEL
2026-04-15,79.69590398197256,81.84457257091672,79.40290880032096,80.7897720336914,17756007,0.0,0.0,ZEEL
2026-04-16,81.60040278176363,82.46963445163978,77.31284197598971,78.32856750488281,32966412,0.0,0.0,ZEEL
2026-04-17,78.37740493265204,79.94983695482452,78.09417104870032,79.14897155761719,17454192,0.0,0.0,ZEEL
2026-04-20,79.40290500718714,87.10879490296217,78.4750683478643,85.55589294433594,71633339,0.0,0.0,ZEEL
2026-04-21,85.41916704634009,87.01112919054624,84.05183380307446,84.73550415039062,21715130,0.0,0.0,ZEEL
2026-04-22,84.38390369464389,86.62046866343762,84.13973731095068,85.53636932373047,14807336,0.0,0.0,ZEEL
2026-04-23,85.4582282084954,91.02521837981664,84.81362542478126,89.06212615966797,52256845,0.0,0.0,ZEEL
2026-04-24,88.8765589923241,89.98995704732744,84.6182968884507,86.04422760009766,14798633,0.0,0.0,ZEEL
2026-04-27,86.04422625069918,90.24389074414216,86.04422625069918,89.29652404785156,18890355,0.0,0.0,ZEEL
2026-04-28,89.28675911099185,92.14838935254912,88.52496120562277,90.79082489013672,16800160,0.0,0.0,ZEEL
2026-04-29,91.22055816281815,91.61122584869118,87.90966275121946,88.34915924072266,10022575,0.0,0.0,ZEEL
2026-04-30,87.5580616303756,88.68122842082863,85.94656210071396,87.64595794677734,9543093,0.0,0.0,ZEEL
2026-05-01,87.64595794677734,87.64595794677734,87.64595794677734,87.64595794677734,0,0.0,0.0,ZEEL
2026-05-04,87.98779079830796,90.2243556742531,87.49945805119417,88.70075988769531,7508796,0.0,0.0,ZEEL
2026-05-05,88.3589281993482,91.16195339079718,87.8998942261707,88.46636199951172,9289913,0.0,0.0,ZEEL
2026-05-06,88.91562773452439,93.85755276454479,87.8217596954727,92.32418823242188,29977350,0.0,0.0,ZEEL
2026-05-07,93.02738807788145,94.73655268823623,91.98235629989061,92.3730239868164,16080681,0.0,0.0,ZEEL
2026-05-08,92.001886343419,94.00405358207732,91.7479586805447,92.89065551757812,15670286,0.0,0.0,ZEEL
2026-05-11,92.00188406406325,92.15815411552938,87.87059330902895,88.26126098632812,14605509,0.0,0.0,ZEEL
2026-05-12,88.26126385804407,88.6323940653022,83.40723513409485,84.11043548583984,15146708,0.0,0.0,ZEEL
2026-05-13,84.48156713017096,88.06592778540053,83.41700529443514,86.31769561767578,21773849,0.0,0.0,ZEEL
2026-05-14,86.92323130358498,89.20862504434912,86.45442857525649,88.50543212890625,10555948,0.0,0.0,ZEEL
2026-05-15,88.77889420028889,88.79842423141488,85.45823005639568,86.27862548828125,7489723,0.0,0.0,ZEEL
2026-05-18,85.63403378132661,85.63403378132661,80.50653976003125,82.59660339355469,18114915,0.0,0.0,ZEEL
2026-05-19,82.7333354127305,86.39583111749799,82.7333354127305,85.634033203125,8880197,0.0,0.0,ZEEL
2026-05-20,81.0632329208708,83.29002897033398,79.91076738370016,81.01439666748047,32621116,0.0,0.0,ZEEL
2026-05-21,81.31717184251818,82.8993651880436,80.77023409406802,81.47343444824219,10403040,0.0,0.0,ZEEL
2026-05-22,81.89339727644575,82.1375636412839,79.95960383969255,80.21353149414062,7469610,0.0,0.0,ZEEL
2026-05-25,80.99486827344977,82.77239914282812,80.45769928076692,80.75070190429688,8871000,0.0,0.0,ZEEL
2026-05-26,81.14136840295221,82.6161278861641,80.58466938744961,80.8483657836914,6639254,0.0,0.0,ZEEL
2026-05-27,81.74690194690277,90.82012562214209,81.23903914949126,89.3258285522461,122229243,0.0,0.0,ZEEL
2026-05-28,89.3258285522461,89.3258285522461,89.3258285522461,89.3258285522461,0,0.0,0.0,ZEEL
2026-05-29,90.04855534986564,93.2324869390372,88.48589205349401,90.93732452392578,42532141,0.0,0.0,ZEEL
2026-06-01,91.90421964604059,97.47121732065405,90.38062389049213,93.5547866821289,92286105,0.0,0.0,ZEEL
2026-06-02,92.18745350437077,95.11744992667653,90.53688646870134,92.11908721923828,29387604,0.0,0.0,ZEEL
2026-06-03,92.00188872177233,92.97855423878208,89.1890947152762,92.29489135742188,21003654,0.0,0.0,ZEEL
2026-06-04,91.80655370993014,104.99153748742012,91.32798971846303,101.98340606689453,80466080,0.0,0.0,ZEEL
2026-06-05,104.50320659513505,111.04686234531195,103.6437436532931,109.65023040771484,230280587,0.0,0.0,ZEEL
2026-06-08,110.36319923070099,114.46519126580884,106.8472049932705,108.49776458740234,135948580,0.0,0.0,ZEEL
2026-06-09,108.51730220296807,109.28886882721409,104.17114379254598,105.1087417602539,42715992,0.0,0.0,ZEEL
2026-06-10,105.72404328853068,107.91177198243726,99.86405012704168,100.52818298339844,49980653,0.0,0.0,ZEEL
2026-06-11,100.59654487336847,110.25576591607096,100.54770861861158,108.849365234375,147507343,0.0,0.0,ZEEL
2026-06-12,110.54877070133658,112.26769662213542,106.45653985813256,109.9725341796875,86798974,0.0,0.0,ZEEL
2026-06-15,110.36319842734189,111.34963264126084,104.78643947177024,105.95843505859375,41711971,0.0,0.0,ZEEL
2026-06-16,106.944869065897,111.09569731731308,105.7435672580625,108.5954360961914,52031423,0.0,0.0,ZEEL
2026-06-17,109.19120745497797,110.16787296906054,106.99371004829219,107.4039077758789,23844626,0.0,0.0,ZEEL
2026-06-18,108.05827092625046,111.73053531310372,107.18903922251432,109.17166900634766,46243980,0.0,0.0,ZEEL
2026-06-19,109.3865323419428,115.04142629199823,108.0778041923646,110.71479797363281,75042015,0.0,0.0,ZEEL
2026-06-22,111.33986945595133,114.90470009985819,110.85153669517962,113.04903411865234,38133230,0.0,0.0,ZEEL
2026-06-23,113.77176405201854,115.58836251075492,110.91990252912554,112.17980194091797,30899988,0.0,0.0,ZEEL
2026-06-24,112.41419407869242,113.29319449174645,109.3083975868123,112.78533172607422,23013188,0.0,0.0,ZEEL
2026-06-25,113.39085920627349,114.25032958593992,107.43320134901067,108.76146697998047,24635497,0.0,0.0,ZEEL
2026-06-26,108.76146697998047,108.76146697998047,108.76146697998047,108.76146697998047,0,0.0,0.0,ZEEL
2026-06-29,109.37676864725418,109.46467241808074,104.01487707056273,104.81574249267578,19277445,0.0,0.0,ZEEL
2026-06-30,104.9915436149502,105.2161799636114,100.70398256948155,101.09465026855469,26871047,0.0,0.0,ZEEL
2026-07-01,102.54987811001206,109.63070302713193,102.15921041741491,105.78263854980469,65730657,0.0,0.0,ZEEL
2026-07-02,105.47987266686204,105.91936915576076,101.10440800356139,104.65947723388672,51620794,0.0,0.0,ZEEL
2026-07-03,105.05013653167619,106.65186732104873,101.58297855221515,102.63777160644531,18164311,0.0,0.0,ZEEL
2026-07-06,102.91124782217055,103.23354177853119,98.63344810490656,99.47338104248047,20921812,0.0,0.0,ZEEL
2026-07-07,99.9714782071497,102.14943803470331,97.95954972133734,99.98124694824219,26972652,0.0,0.0,ZEEL
2026-07-08,99.32688001476171,99.9812515736396,96.29921840488305,97.23681640625,23255860,0.0,0.0,ZEEL
2026-07-09,97.47121741056866,99.02411193956151,96.14295176811837,97.4614486694336,16333504,0.0,0.0,ZEEL
2026-07-10,98.25254748046684,99.58081315212493,94.53145432237407,95.19558715820312,21186362,0.0,0.0,ZEEL
2026-07-13,94.7853880635558,99.32687659639366,94.05288895163146,98.96551513671875,26171393,0.0,0.0,ZEEL
2026-07-14,99.03387933044141,103.321440112225,97.37354357433291,100.7137451171875,36573941,0.0,0.0,ZEEL
2026-07-15,101.18254569080958,101.4267120691423,98.70181439278507,99.47338104248047,11579584,0.0,0.0,ZEEL
2026-07-16,99.55151783668596,104.00511027198921,97.80328564266765,103.35074615478516,39701486,0.0,0.0,ZEEL
2026-07-17,103.23353931815875,106.4565384158834,101.13371447563577,104.89387512207031,26326566,0.0,0.0,ZEEL
2026-07-20,104.50321104125673,107.04253991273357,103.57538177424081,104.83527374267578,19249362,0.0,0.0,ZEEL
2026-07-21,104.99154422970847,107.28670672957294,104.02464744365008,105.0696792602539,13385815,0.0,0.0,ZEEL
2026-07-22,104.50321058591346,105.12827592228064,102.54987954692443,102.93077850341797,11839197,0.0,0.0,ZEEL
2026-07-23,102.93077661509095,102.94054535648932,100.40121654266241,101.00674438476562,10518662,0.0,0.0,ZEEL
2026-07-24,100.40121908260605,104.40554625009968,98.83854827945734,102.9991455078125,13489797,0.0,0.0,ZEEL
2026-07-27,103.5265449804177,106.94487429580884,103.33121485722769,106.31980895996094,15284220,0.0,0.0,ZEEL
2026-07-28,106.60303926169853,107.62853355093368,103.77070786270211,105.05990600585938,13030601,0.0,0.0,ZEEL
2026-07-29,105.48963932429187,106.04633834320425,103.78047475465627,105.6068344116211,10287458,0.0,0.0,ZEEL
2026-07-30,105.47987572946184,111.04686619019238,104.03440748716052,109.59163665771484,27156787,0.0,0.0,ZEEL
2026-07-31,110.46086758932003,114.58239722995498,109.77720471349426,111.87703704833984,61736966,0.0,0.0,ZEEL
2026-08-03,100.59654767951815,104.2102070913426,93.32039259975011,95.8499526977539,107649848,0.0,0.0,ZEEL
2026-08-04,96.68988179075487,98.44788262204236,95.76205257229917,97.22705078125,27006787,0.0,0.0,ZEEL
2026-08-05,98.037681381991,99.13154943758737,91.8944544192317,92.3437271118164,33657854,0.0,0.0,ZEEL
2026-08-06,92.78322489241417,93.75989041759746,89.85322831686425,90.40992736816406,30094304,0.0,0.0,ZEEL
2026-08-07,90.82989212737873,93.36922095464506,90.40992566142329,91.99212646484375,21179751,0.0,0.0,ZEEL
2026-08-10,93.55478546355563,93.55478546355563,91.1814880937438,92.21675109863281,15355393,0.0,0.0,ZEEL
2026-08-11,87.89989660820241,91.74796113304325,87.89989660820241,89.42349243164062,25485672,0.0,0.0,ZEEL
2026-08-12,90.34155780318805,96.54338217291743,88.15382919249883,95.24441528320312,45453756,0.0,0.0,ZEEL
2026-08-13,95.2737212343796,96.9340495816805,93.10552266108964,94.49238586425781,27199751,0.0,0.0,ZEEL
2026-08-14,94.73655591463074,102.29594499092069,93.23249011213137,99.89334869384766,111249116,0.0,0.0,ZEEL
2026-08-17,100.04961515939134,104.69853752584824,98.65298321092489,102.42291259765625,56021626,0.0,0.0,ZEEL
2026-08-18,102.42291499885712,104.45437360222496,101.08488056397249,102.86241149902344,24564113,0.0,0.0,ZEEL
2026-08-19,102.85264009386954,103.40933912363403,98.88738059945456,99.83474731445312,15207062,0.0,0.0,ZEEL
2026-08-20,100.79187447907341,106.93510123778204,100.35237799395298,105.50917053222656,45642965,0.0,0.0,ZEEL
2026-08-21,105.96820975742668,106.87650899625929,104.03440873394328,105.0696792602539,23307195,0.0,0.0,ZEEL
2026-08-24,105.46034633651254,108.04850400853155,101.20208406479205,102.12991333007812,36707649,0.0,0.0,ZEEL
2026-08-25,102.54987693033982,104.89387560759229,101.87597535464606,102.37407684326172,18052110,0.0,0.0,ZEEL
2026-08-26,103.38980672093062,104.99153748742012,101.57320835992272,101.98340606689453,13145288,0.0,0.0,ZEEL
2026-08-27,102.55964467736243,104.82550830475367,101.03604145366799,101.55368041992188,24740990,0.0,0.0,ZEEL
2026-08-28,102.74520998598152,103.76094302354085,98.49671645339934,99.14131927490234,20423986,0.0,0.0,ZEEL
2026-08-31,98.64321876632089,98.81901886019672,84.8722362506029,91.3963623046875,109254600,0.0,0.0,ZEEL
2026-09-01,91.8065605112813,93.93569168076782,89.8532294365732,91.23033142089844,34196527,0.0,0.0,ZEEL
2026-09-02,90.68339258113872,91.16195660240271,88.09522744747022,88.45659637451172,18542223,0.0,0.0,ZEEL
2026-09-03,88.9546947701341,90.65409063926693,88.48589205552865,89.50162506103516,13920936,0.0,0.0,ZEEL
2026-09-04,89.85322713975741,90.78105639598003,88.3882288711744,89.47232818603516,13036739,0.0,0.0,ZEEL
2026-09-07,85.94656690989817,86.92323244296519,83.42676804625724,83.98346710205078,42609965,0.0,0.0,ZEEL
2026-09-08,83.79790357548204,85.4777619902653,83.5049009425056,84.2959976196289,16984775,0.0,0.0,ZEEL
2026-09-09,84.48156572339363,85.14569856123913,82.8309986444762,83.70999908447266,12868445,0.0,0.0,ZEEL
2026-09-10,84.4000015258789,85.0999984741211,80.26000213623047,80.94999694824219,22803793,2.0,0.0,ZEEL
2026-09-11,81.0,81.9000015258789,79.19999694824219,79.36000061035156,21161135,0.0,0.0,ZEEL
2026-09-14,79.36000061035156,79.36000061035156,79.36000061035156,79.36000061035156,0,0.0,0.0,ZEEL
2026-09-15,80.0,80.29000091552734,77.11000061035156,77.41000366210938,13904557,0.0,0.0,ZEEL
2026-09-16,77.88999938964844,83.66000366210938,77.37999725341797,79.5999984741211,35791324,0.0,0.0,ZEEL
2026-09-17,80.0,80.19000244140625,77.81999969482422,78.30999755859375,13155417,0.0,0.0,ZEEL
2026-09-18,78.30999755859375,79.97000122070312,76.76000213623047,78.62000274658203,21977996,0.0,0.0,ZEEL
2026-09-21,78.62000274658203,79.0,77.25,77.68000030517578,9517177,0.0,0.0,ZEEL
2026-09-22,78.22000122070312,79.19999694824219,77.7699966430664,78.20999908447266,8389460,0.0,0.0,ZEEL
2026-09-23,78.30000305175781,79.04000091552734,76.80000305175781,77.27999877929688,13400743,0.0,0.0,ZEEL
2026-09-24,77.18000030517578,79.44999694824219,76.8499984741211,78.16999816894531,14869768,0.0,0.0,ZEEL
2026-09-25,78.37000274658203,78.37000274658203,76.63999938964844,76.87000274658203,8793820,0.0,0.0,ZEEL
2026-09-28,77.0,77.62999725341797,76.06999969482422,76.5,11131489,0.0,0.0,ZEEL
2026-09-29,76.5,76.8499984741211,73.30999755859375,74.13999938964844,15872606,0.0,0.0,ZEEL
2026-09-30,74.08999633789062,76.38999938964844,73.94999694824219,74.47000122070312,13100562,0.0,0.0,ZEEL
2026-10-01,74.69999694824219,74.69999694824219,71.63999938964844,71.91999816894531,13786971,0.0,0.0,ZEEL
